{"type": "FeatureCollection", "features": [{"type": "Feature", "geometry": {"type": "MultiPolygon", "coordinates": [[[[-18.08305, 27.6432894], [-18.1692965, 27.6583993], [-18.2072002, 27.6821897], [-18.2210166, 27.7261069], [-18.1991972, 27.7914415], [-18.1337237, 27.8275822], [-18.0746193, 27.8076122], [-18.0501951, 27.8618819], [-17.9743088, 27.8989933], [-17.912553, 27.9024009], [-17.8609164, 27.8780516], [-17.8289516, 27.8323875], [-17.8278425, 27.7899117], [-17.883339, 27.6989941], [-17.9075702, 27.6835938], [-17.9320908, 27.6126301], [-17.9592253, 27.5961129], [-18.0141147, 27.5939129], [-18.08305, 27.6432894]]], [[[-15.8734054, 28.0374344], [-15.7703606, 28.1077064], [-15.7628554, 28.1912637], [-15.7262314, 28.220744], [-15.6198436, 28.2223264], [-15.5728953, 28.1948913], [-15.5354571, 28.2076515], [-15.4888119, 28.2008655], [-15.429027, 28.2354825], [-15.3746877, 28.2277699], [-15.3405483, 28.1912602], [-15.3553468, 28.0685972], [-15.3206356, 28.0234906], [-15.3196823, 27.9702742], [-15.2991012, 27.9356644], [-15.3284306, 27.8860997], [-15.3305145, 27.8445477], [-15.4020073, 27.7618432], [-15.5084999, 27.726902], [-15.5511595, 27.6891783], [-15.6061063, 27.6833598], [-15.713189, 27.710692], [-15.8259136, 27.798873], [-15.8917723, 27.9081826], [-15.8939749, 27.9653189], [-15.8734054, 28.0374344]]], [[[-17.240881, 27.9731369], [-17.3477997, 28.0159231], [-17.4078856, 28.0918829], [-17.4066865, 28.1640059], [-17.3635496, 28.2375958], [-17.2740435, 28.2693538], [-17.1671248, 28.2399777], [-17.0689345, 28.1824952], [-17.0438675, 28.1350623], [-17.0464399, 28.0823074], [-17.0808556, 28.0440128], [-17.1545625, 27.9942069], [-17.240881, 27.9731369]]], [[[-16.3803954, 28.1192347], [-16.5139222, 27.9838992], [-16.5799784, 27.9848382], [-16.6627255, 27.9585818], [-16.7218713, 27.9638878], [-16.8841481, 28.170172], [-16.8992192, 28.2481959], [-16.9784838, 28.3303838], [-16.9740981, 28.3859578], [-16.8496966, 28.4409642], [-16.7691492, 28.4201412], [-16.6821551, 28.4536427], [-16.6049404, 28.4494434], [-16.5401554, 28.4716654], [-16.4466726, 28.5683355], [-16.3571729, 28.6214899], [-16.2169769, 28.6243786], [-16.1630511, 28.6574963], [-16.1210714, 28.6486093], [-16.0690792, 28.5821005], [-16.0817046, 28.5169766], [-16.1881407, 28.4496838], [-16.2493279, 28.3828495], [-16.3097113, 28.3521359], [-16.3028028, 28.3062222], [-16.3679582, 28.1912877], [-16.3803954, 28.1192347]]], [[[-17.9386463, 28.5337054], [-18.0620104, 28.745397], [-18.0617463, 28.7917058], [-18.0144896, 28.8570415], [-17.9392899, 28.905228], [-17.7480269, 28.8798539], [-17.6714615, 28.7496904], [-17.6781555, 28.7122769], [-17.7091617, 28.6760297], [-17.6934341, 28.6310287], [-17.7063062, 28.5525882], [-17.7851487, 28.4333362], [-17.8177763, 28.4121131], [-17.8761224, 28.4141587], [-17.9175496, 28.4506673], [-17.9386463, 28.5337054]]], [[[-13.8472404, 28.8079447], [-13.9111386, 28.8194093], [-13.9447886, 28.8782608], [-13.9289484, 28.9201672], [-13.8926186, 28.9454055], [-13.8732067, 29.054963], [-13.847719, 29.0823703], [-13.6837183, 29.1709426], [-13.5914577, 29.1873506], [-13.6083323, 29.2219103], [-13.5889739, 29.2649659], [-13.5998919, 29.3079798], [-13.5715313, 29.3511303], [-13.5926822, 29.4007447], [-13.5631045, 29.4477637], [-13.504231, 29.464876], [-13.4450988, 29.4382237], [-13.4364008, 29.3842964], [-13.4780165, 29.3420345], [-13.3924958, 29.2494227], [-13.3963331, 29.291762], [-13.3756502, 29.3182285], [-13.3270765, 29.3302745], [-13.2885436, 29.3128676], [-13.2745266, 29.2828946], [-13.2865903, 29.2465278], [-13.3359276, 29.2228561], [-13.3736334, 29.2311262], [-13.3701395, 29.1479908], [-13.394037, 29.1153704], [-13.4085916, 29.0057657], [-13.4414288, 28.9618532], [-13.5005781, 28.9208371], [-13.6155055, 28.8770222], [-13.6916365, 28.8681252], [-13.7623188, 28.791399], [-13.7533192, 28.7477716], [-13.7740854, 28.706817], [-13.7649922, 28.5884178], [-13.8023529, 28.4690956], [-13.7948612, 28.3956056], [-13.880882, 28.215134], [-13.9173719, 28.1868387], [-14.0089534, 28.1572477], [-14.1849974, 28.1223362], [-14.214935, 28.0783036], [-14.313824, 27.9973069], [-14.4722952, 28.0287835], [-14.5167429, 28.0160581], [-14.5583656, 28.0361061], [-14.5694669, 28.0822526], [-14.5274981, 28.1505062], [-14.3920587, 28.1670067], [-14.2745163, 28.2420894], [-14.2601331, 28.3379011], [-14.2258636, 28.3767626], [-14.1986766, 28.4623469], [-14.1485058, 28.5045368], [-14.0956673, 28.601936], [-14.0590678, 28.7442209], [-13.9512524, 28.7987779], [-13.8472404, 28.8079447]]], [[[1.3207841, 38.8185334], [1.171431, 38.8251364], [1.1399014, 38.849751], [1.1650652, 38.9206941], [1.1402849, 38.9418762], [1.1377258, 38.9680754], [1.1831247, 39.0293696], [1.238336, 39.031512], [1.2559943, 39.0604369], [1.3311702, 39.1098587], [1.5464408, 39.1583756], [1.6430481, 39.1189736], [1.7015733, 39.0445588], [1.6838888, 39.0003968], [1.6329965, 38.9855714], [1.6180609, 38.9606715], [1.5815303, 38.9488932], [1.5695765, 38.9195957], [1.4590528, 38.862181], [1.4576126, 38.8404963], [1.5037854, 38.838044], [1.5330273, 38.8096168], [1.5307819, 38.7753568], [1.5101141, 38.7540098], [1.5288519, 38.7243197], [1.5938043, 38.7281589], [1.6333541, 38.6880274], [1.6365056, 38.6542801], [1.5950198, 38.613581], [1.5143124, 38.6123595], [1.4685471, 38.6375589], [1.4039973, 38.6004308], [1.3547275, 38.6072269], [1.3315686, 38.6369282], [1.327062, 38.7236221], [1.3672992, 38.7696344], [1.364735, 38.7917754], [1.3207841, 38.8185334]]], [[[2.8888603, 39.192953], [2.9623371, 39.2442746], [3.0092273, 39.2381533], [3.0296821, 39.2075501], [3.0044655, 39.1072385], [2.9650556, 39.0860561], [2.887405, 39.0995636], [2.8646633, 39.1402264], [2.8888603, 39.192953]]], [[[2.2742838, 39.6126852], [2.502638, 39.737684], [2.5499788, 39.7482039], [2.6290301, 39.8194163], [2.7556701, 39.8925817], [2.8152373, 39.9023869], [2.931231, 39.956962], [3.0998106, 39.976719], [3.1757783, 40.0028525], [3.2417155, 39.9970306], [3.2671657, 39.9683359], [3.2426145, 39.9175735], [3.257209, 39.8926716], [3.2484245, 39.851225], [3.1902126, 39.7996014], [3.2526881, 39.7754662], [3.3085301, 39.8196172], [3.3616896, 39.8288175], [3.4932845, 39.780644], [3.5305128, 39.7187671], [3.5052707, 39.6411428], [3.4534035, 39.5950031], [3.4466332, 39.555382], [3.3500569, 39.4845837], [3.3209356, 39.3955395], [3.2724221, 39.3345942], [3.0595608, 39.2231104], [3.0176278, 39.232608], [2.9317727, 39.3145416], [2.7554698, 39.330056], [2.691591, 39.3928568], [2.6909465, 39.4348895], [2.6686098, 39.4761948], [2.6793835, 39.5013249], [2.6634353, 39.5126811], [2.5933416, 39.492037], [2.5706356, 39.4403756], [2.544213, 39.4204463], [2.483965, 39.4222209], [2.4462476, 39.4350132], [2.3983529, 39.481045], [2.3312059, 39.4987893], [2.3100725, 39.5314913], [2.2631642, 39.5460591], [2.2515991, 39.5817567], [2.2742838, 39.6126852]]], [[[-0.7126413, 37.8483576], [-0.6918763, 37.7757192], [-0.6558044, 37.7310722], [-0.6843098, 37.6914288], [-0.6388985, 37.6300932], [-0.6880669, 37.5765885], [-0.9150899, 37.5151483], [-1.0588972, 37.5408528], [-1.0674959, 37.5121132], [-1.1046351, 37.4952651], [-1.1862716, 37.5061575], [-1.2182913, 37.5327121], [-1.2546383, 37.5164418], [-1.3090597, 37.5218291], [-1.4181465, 37.4617533], [-1.4478193, 37.397569], [-1.5718716, 37.3616466], [-1.6482458, 37.3152769], [-1.7586336, 37.2012736], [-1.8564901, 36.9239219], [-1.949164, 36.8629004], [-1.9630454, 36.814012], [-2.0123967, 36.7879437], [-2.0224142, 36.7532598], [-2.1017004, 36.6975015], [-2.2157712, 36.6861704], [-2.31428, 36.7831701], [-2.3599463, 36.8008089], [-2.4189606, 36.7720707], [-2.4763035, 36.7909715], [-2.5370705, 36.7787376], [-2.6125356, 36.6739829], [-2.6992849, 36.6437039], [-2.869191, 36.6593714], [-2.9348325, 36.7101064], [-2.9846953, 36.699143], [-3.2498393, 36.7131419], [-3.413497, 36.6547018], [-3.4833277, 36.6560881], [-3.6219548, 36.7027006], [-3.7399505, 36.6803156], [-3.8294182, 36.7126582], [-3.9500583, 36.68684], [-4.0599813, 36.7063468], [-4.1802854, 36.675108], [-4.3790714, 36.6802254], [-4.4728641, 36.5681266], [-4.5624441, 36.5372121], [-4.6190448, 36.4706322], [-4.7404857, 36.4423999], [-4.8984724, 36.4665702], [-4.9834559, 36.4241562], [-5.1544332, 36.3740247], [-5.2726041, 36.2101608], [-5.3056725, 36.0848755], [-5.334194, 36.070106], [-5.3746839, 36.0771049], [-5.4210466, 36.0240062], [-5.5889762, 35.9638205], [-5.6351113, 35.9652901], [-5.6773946, 36.017464], [-5.8219516, 36.0435658], [-5.928114, 36.1421889], [-6.0627766, 36.1484453], [-6.1387422, 36.2552613], [-6.1807089, 36.2705732], [-6.2201315, 36.340848], [-6.2617377, 36.373559], [-6.3248619, 36.488521], [-6.3586569, 36.5053295], [-6.364468, 36.5426164], [-6.318637, 36.5768308], [-6.3750486, 36.5780664], [-6.4410313, 36.6211591], [-6.4926209, 36.7403286], [-6.4416302, 36.7908612], [-6.4851946, 36.8758573], [-6.5341658, 36.930923], [-6.7865773, 37.071931], [-7.0488841, 37.1661762], [-7.2661567, 37.1624117], [-7.3953517, 37.1294354], [-7.413186, 37.2244573], [-7.4335324, 37.2497362], [-7.4216912, 37.2737849], [-7.4421779, 37.3112999], [-7.4404766, 37.3910153], [-7.4627068, 37.4089891], [-7.4455717, 37.4187109], [-7.4634781, 37.4859197], [-7.4921647, 37.5221692], [-7.5117213, 37.5248842], [-7.5230471, 37.5535571], [-7.5066519, 37.5575885], [-7.5038744, 37.6046702], [-7.4887417, 37.6041922], [-7.4438076, 37.6643918], [-7.4525751, 37.6777908], [-7.4213721, 37.7589418], [-7.3251349, 37.815323], [-7.2834694, 37.8689712], [-7.2482602, 37.9547708], [-7.2624418, 37.9798598], [-7.2022728, 38.0034277], [-7.1734541, 37.9928329], [-7.120668, 38.0046315], [-7.1283766, 38.0295541], [-7.0987092, 38.0438808], [-7.0467842, 38.0142553], [-7.0020206, 38.0223973], [-6.9878028, 38.1019838], [-6.9521754, 38.1527783], [-6.9691449, 38.1663128], [-6.9315141, 38.2083059], [-6.9372489, 38.2205292], [-6.972144, 38.202104], [-7.0112032, 38.2045009], [-7.0285989, 38.1825147], [-7.0666195, 38.1864742], [-7.0853933, 38.1692702], [-7.139937, 38.2354644], [-7.1505718, 38.2758471], [-7.1694895, 38.2791004], [-7.2797481, 38.4196767], [-7.335668, 38.4360623], [-7.2961026, 38.4761225], [-7.3213424, 38.4798237], [-7.3028962, 38.5441198], [-7.2475023, 38.6099436], [-7.0661, 38.5728954], [-6.9946919, 38.4602127], [-6.9665592, 38.4658806], [-6.9734982, 38.488541], [-6.9526765, 38.5593125], [-6.9678864, 38.5801259], [-6.9565267, 38.5865998], [-7.0188459, 38.6187897], [-7.0223235, 38.6901305], [-7.0524719, 38.7331131], [-7.1587185, 38.7848791], [-7.0391638, 38.8646624], [-7.0519213, 38.90709], [-6.9511401, 39.0235985], [-6.9678167, 39.0394906], [-6.959428, 39.0544699], [-6.9809164, 39.0878208], [-7.0325878, 39.1173225], [-7.1053445, 39.0991994], [-7.1440362, 39.1086285], [-7.1345675, 39.1712083], [-7.241471, 39.208254], [-7.2480284, 39.2533747], [-7.2314815, 39.2782586], [-7.3074959, 39.3361081], [-7.3228271, 39.3812924], [-7.2954762, 39.4587399], [-7.3818647, 39.4912973], [-7.3906854, 39.529717], [-7.4302837, 39.534589], [-7.461271, 39.5728657], [-7.4993375, 39.5896487], [-7.5413318, 39.6637497], [-7.3336527, 39.6409508], [-7.2498615, 39.6669945], [-7.1486394, 39.6532005], [-7.0153571, 39.670625], [-6.9768326, 39.772321], [-6.9872041, 39.8100272], [-6.9035409, 39.8708194], [-6.9066385, 39.9238209], [-6.8849971, 39.940707], [-6.8867566, 39.9793145], [-6.8636245, 40.0119646], [-6.9407815, 40.1124715], [-7.012906, 40.1261309], [-7.0164865, 40.1764639], [-7.0299059, 40.1863736], [-6.998525, 40.2352165], [-6.9659511, 40.2369041], [-6.9514249, 40.2575704], [-6.8679974, 40.2643391], [-6.8613835, 40.2996092], [-6.7941145, 40.3283999], [-6.7809693, 40.3645539], [-6.8344721, 40.4077029], [-6.8496983, 40.4515144], [-6.7952733, 40.5113646], [-6.8008685, 40.5503499], [-6.8453631, 40.5659516], [-6.7940204, 40.6612934], [-6.8311181, 40.7528052], [-6.8168647, 40.7971661], [-6.826916, 40.8402829], [-6.8019302, 40.8456543], [-6.801883, 40.8607155], [-6.809034, 40.8823955], [-6.8491062, 40.9027884], [-6.8589414, 40.9494797], [-6.9215794, 41.0024809], [-6.9311988, 41.0294262], [-6.808931, 41.0364965], [-6.7547575, 41.1016379], [-6.7686936, 41.1337188], [-6.709187, 41.1726836], [-6.6483486, 41.2477378], [-6.5997629, 41.2434684], [-6.5916086, 41.2552372], [-6.5713298, 41.239042], [-6.5218752, 41.2758172], [-6.4963055, 41.2662259], [-6.4785246, 41.2758368], [-6.4868777, 41.2913469], [-6.4372168, 41.3055686], [-6.4152687, 41.3479585], [-6.3769614, 41.3593582], [-6.3934822, 41.3698629], [-6.3896475, 41.3847093], [-6.3176604, 41.3857421], [-6.3332695, 41.410327], [-6.3001233, 41.4287384], [-6.3054152, 41.4496721], [-6.2510996, 41.5001945], [-6.2577506, 41.5141109], [-6.1891702, 41.5748269], [-6.3022914, 41.6618092], [-6.4442651, 41.6848362], [-6.4573567, 41.6665931], [-6.4995609, 41.6570956], [-6.5482692, 41.6855933], [-6.5488071, 41.7255254], [-6.5689737, 41.7437828], [-6.5435434, 41.7784927], [-6.5155141, 41.8716584], [-6.5711703, 41.8834939], [-6.5465031, 41.939455], [-6.5882967, 41.9675656], [-6.6213767, 41.9397372], [-6.699995, 41.9333153], [-6.7505725, 41.9436447], [-6.7686761, 41.9840906], [-6.8113367, 41.9925231], [-6.8215964, 41.9460061], [-6.8932435, 41.9398575], [-6.9442964, 41.9446597], [-6.957796, 41.9689402], [-6.9793549, 41.9737831], [-7.0065028, 41.9504946], [-7.0719295, 41.949654], [-7.0875007, 41.9734801], [-7.1414489, 41.9907597], [-7.1870746, 41.9695116], [-7.1734323, 41.9190494], [-7.1967303, 41.8799815], [-7.3150076, 41.8428273], [-7.3564365, 41.8405328], [-7.3657801, 41.8527909], [-7.428244, 41.8072331], [-7.4258439, 41.8302246], [-7.4524915, 41.865086], [-7.5022173, 41.8693882], [-7.5212776, 41.8417521], [-7.6114315, 41.8291889], [-7.6115758, 41.8467318], [-7.5840752, 41.875684], [-7.5858607, 41.8818635], [-7.6538646, 41.8812041], [-7.7008444, 41.9076711], [-7.8451817, 41.8812849], [-7.841513, 41.8664819], [-7.872804, 41.8448632], [-7.8922068, 41.8595177], [-7.8846835, 41.9243243], [-7.9063382, 41.9271019], [-7.9212496, 41.8777973], [-7.9876874, 41.8692231], [-8.0140524, 41.8290006], [-8.0939138, 41.8080444], [-8.1650088, 41.818121], [-8.1692981, 41.8765152], [-8.1997482, 41.8738756], [-8.216833, 41.9134526], [-8.162873, 41.982707], [-8.0860288, 42.0165009], [-8.0844505, 42.047345], [-8.1186944, 42.0823158], [-8.1821972, 42.0650839], [-8.1986736, 42.154295], [-8.3171159, 42.1045048], [-8.3320317, 42.0837195], [-8.5236452, 42.0780007], [-8.5460498, 42.0541852], [-8.633912, 42.048471], [-8.6576624, 42.0301966], [-8.6628919, 42.0025363], [-8.7451223, 41.9643798], [-8.754512, 41.933763], [-8.8731767, 41.8634248], [-8.9313101, 41.8645222], [-8.9497643, 42.1121803], [-8.9144981, 42.155643], [-8.9586333, 42.1841682], [-8.9669392, 42.2444571], [-8.9572566, 42.2709251], [-8.9121982, 42.2871576], [-8.9070564, 42.3135287], [-8.9503212, 42.3076295], [-8.9825705, 42.3272965], [-8.9996159, 42.3722998], [-8.9643687, 42.4256962], [-9.0466687, 42.4363017], [-9.1005983, 42.4918316], [-9.0939757, 42.5334672], [-9.1399024, 42.5661048], [-9.1393977, 42.5892171], [-9.0905266, 42.6480144], [-9.0823712, 42.7023818], [-9.1541016, 42.7314922], [-9.1994621, 42.7895128], [-9.1904935, 42.8318936], [-9.2294725, 42.8600078], [-9.2905618, 42.846428], [-9.3281806, 42.8792935], [-9.346479, 42.9281937], [-9.3135776, 42.9857335], [-9.3489033, 43.0386779], [-9.3451156, 43.0700489], [-9.2593655, 43.1363397], [-9.2632769, 43.1714395], [-9.2471408, 43.1918139], [-9.1710676, 43.2318354], [-9.0803675, 43.2266264], [-9.0384961, 43.264106], [-9.0158425, 43.3106719], [-8.8987414, 43.3579571], [-8.8793839, 43.3907236], [-8.813665, 43.3951095], [-8.7353777, 43.3314953], [-8.6183611, 43.3575591], [-8.5579956, 43.3506666], [-8.5316179, 43.3832648], [-8.4756058, 43.4131436], [-8.3728575, 43.431677], [-8.3976089, 43.4667348], [-8.3749821, 43.5639872], [-8.3497183, 43.5948587], [-8.2709727, 43.5977732], [-8.2204607, 43.6473885], [-8.1391708, 43.6766749], [-8.0816672, 43.7394025], [-8.0055947, 43.7460221], [-7.9203751, 43.801803], [-7.8489005, 43.8046825], [-7.8111205, 43.7687547], [-7.6823258, 43.825652], [-7.5914905, 43.7844168], [-7.578913, 43.7613431], [-7.5141714, 43.7717842], [-7.409959, 43.7478639], [-7.3890255, 43.7224757], [-7.3180095, 43.6932247], [-7.2545864, 43.620875], [-7.1478069, 43.5920533], [-7.0075099, 43.5940958], [-6.9484379, 43.6105116], [-6.804505, 43.5973804], [-6.6214745, 43.6086483], [-6.5157809, 43.5862549], [-6.4666672, 43.6064936], [-6.3601835, 43.5910063], [-6.2469269, 43.6323082], [-6.1027551, 43.598276], [-6.0476462, 43.6269139], [-5.9884769, 43.6156628], [-5.8804322, 43.687073], [-5.8430997, 43.6944843], [-5.7500265, 43.6565555], [-5.709899, 43.608223], [-5.6414254, 43.5893702], [-5.3987135, 43.5889046], [-5.3456856, 43.5697812], [-5.2804605, 43.569187], [-5.1933758, 43.5141477], [-5.1207122, 43.5206947], [-5.029851, 43.4967217], [-4.9100427, 43.4962749], [-4.6088347, 43.4335158], [-4.2053816, 43.437121], [-4.1004659, 43.4715184], [-3.9948121, 43.4810529], [-3.961678, 43.5050336], [-3.8069586, 43.5305716], [-3.7223678, 43.511965], [-3.5907768, 43.5491068], [-3.5291572, 43.5409588], [-3.4675929, 43.5044315], [-3.406213, 43.4931652], [-3.3772396, 43.4522842], [-3.3190865, 43.4552133], [-3.2136119, 43.4306394], [-3.1454822, 43.3892533], [-3.1003545, 43.4124083], [-3.0320237, 43.416872], [-2.965824, 43.4683467], [-2.825123, 43.4696467], [-2.7513052, 43.4931419], [-2.7001136, 43.462737], [-2.4923272, 43.4112158], [-2.429766, 43.3698755], [-2.2901171, 43.3316223], [-2.1917296, 43.3471119], [-2.1404327, 43.3290609], [-1.9328885, 43.3713658], [-1.876349, 43.4078432], [-1.771886, 43.428436], [-1.7874399, 43.3520705], [-1.7374659, 43.3302993], [-1.7304241, 43.2960094], [-1.6954347, 43.3122593], [-1.6255023, 43.3066865], [-1.6177933, 43.2579716], [-1.5762077, 43.2498419], [-1.5650322, 43.2879944], [-1.5353209, 43.2946667], [-1.4384564, 43.2665771], [-1.3562108, 43.3035699], [-1.2901212, 43.291701], [-1.2596514, 43.3462786], [-1.2860872, 43.4010566], [-1.260338, 43.4343484], [-1.2230875, 43.4393344], [-1.1563112, 43.3601338], [-1.1722757, 43.3480263], [-1.1707309, 43.321931], [-1.0818103, 43.2677066], [-1.1381153, 43.2311965], [-1.1058429, 43.1861541], [-1.0993198, 43.1425814], [-1.0419849, 43.1130145], [-1.0327152, 43.0869436], [-1.0862554, 43.002573], [-1.0181221, 42.9957233], [-0.9450456, 42.953406], [-0.9083537, 42.9644982], [-0.8105056, 42.9513016], [-0.7519447, 42.9675655], [-0.7307204, 42.9468365], [-0.7319717, 42.8961099], [-0.6786982, 42.8845453], [-0.6032128, 42.8324312], [-0.5990968, 42.8046364], [-0.5661424, 42.8037139], [-0.5675315, 42.7807402], [-0.5296557, 42.7916587], [-0.5056698, 42.8272877], [-0.4418148, 42.7953591], [-0.4118999, 42.8086788], [-0.3854593, 42.8007473], [-0.3132524, 42.8494025], [-0.1886813, 42.7868594], [-0.1608163, 42.7983434], [-0.1065494, 42.7210197], [-0.0685592, 42.7180629], [-0.0616488, 42.6945218], [-0.0162466, 42.6850746], [0.0146847, 42.7018434], [0.0586615, 42.6974397], [0.0843206, 42.7161868], [0.131566, 42.7146373], [0.1757896, 42.7370723], [0.2600044, 42.7163144], [0.2638234, 42.6931599], [0.2952017, 42.6732252], [0.3602058, 42.7241752], [0.4221719, 42.690488], [0.5876473, 42.6946603], [0.5971201, 42.7055588], [0.6687632, 42.6891606], [0.6801739, 42.7232511], [0.6608976, 42.7518728], [0.6473148, 42.7514457], [0.6392796, 42.7548651], [0.6672227, 42.7751124], [0.6448223, 42.782984], [0.6708178, 42.8045488], [0.6593046, 42.8387094], [0.7090865, 42.8614161], [0.8555322, 42.826861], [0.9262707, 42.7893557], [0.9600577, 42.8059375], [0.9840281, 42.7866987], [1.0788701, 42.7883263], [1.1704707, 42.7079267], [1.229242, 42.7278237], [1.2531239, 42.7144686], [1.3573776, 42.719699], [1.3511528, 42.7026379], [1.3872742, 42.6891648], [1.38747, 42.6686185], [1.4137001, 42.6555785], [1.4430218, 42.6027612], [1.4264817, 42.5828017], [1.4449472, 42.5680126], [1.4136385, 42.5353528], [1.4505452, 42.5398921], [1.468366, 42.5100159], [1.4189729, 42.4827991], [1.441192, 42.4753568], [1.4472306, 42.4394407], [1.5116265, 42.4290947], [1.5522715, 42.4326881], [1.5610737, 42.4586459], [1.5791946, 42.4497194], [1.5973704, 42.4663227], [1.6570209, 42.4682161], [1.6699779, 42.5041893], [1.7113736, 42.4922559], [1.746869, 42.5624373], [1.8741987, 42.5802622], [1.8987463, 42.616402], [1.9334219, 42.6049052], [1.9722174, 42.6174126], [1.9969366, 42.6616103], [2.0273207, 42.6531521], [2.1237942, 42.672087], [2.1936606, 42.6517633], [2.2693627, 42.7096874], [2.2652428, 42.7389443], [2.2882458, 42.7717154], [2.2350308, 42.7729755], [2.2669598, 42.7986758], [2.2652432, 42.8319192], [2.2456738, 42.8417377], [2.2851559, 42.8424929], [2.2971722, 42.8638865], [2.346954, 42.8636349], [2.3761364, 42.8467722], [2.4139019, 42.8955858], [2.4568173, 42.8885429], [2.5179287, 42.9104235], [2.5831601, 42.910172], [2.6147458, 42.8852727], [2.6683041, 42.8968433], [2.683067, 42.874958], [2.7640911, 42.8734483], [2.8646847, 42.9184695], [2.9196164, 42.8835118], [3.0963354, 42.833569], [3.0881291, 42.6609283], [3.0998158, 42.5690574], [3.1915856, 42.5297721], [3.2307119, 42.4398015], [3.2188009, 42.3897435], [3.3295142, 42.362788], [3.3737941, 42.3294162], [3.370524, 42.3025924], [3.3053102, 42.2120417], [3.2285654, 42.1935083], [3.1655771, 42.202926], [3.1685258, 42.1568024], [3.2228948, 42.1315511], [3.2786609, 42.0528057], [3.2502882, 42.0111715], [3.285307, 41.972839], [3.2859201, 41.9426311], [3.2474492, 41.8697086], [3.2020342, 41.8307868], [3.1251832, 41.8019839], [3.092569, 41.7573638], [3.0105172, 41.7244231], [2.9629549, 41.6812945], [2.8525935, 41.6544791], [2.7983321, 41.6116875], [2.5600561, 41.5364024], [2.4084432, 41.4615854], [2.3002388, 41.4277396], [2.2137342, 41.3166353], [2.1457656, 41.2572273], [2.0426952, 41.2285578], [1.9451605, 41.2234665], [1.7451613, 41.1673784], [1.5329736, 41.1404248], [1.4020633, 41.0922098], [1.3154768, 41.0886626], [1.2327079, 41.0552385], [1.18699, 41.0164318], [1.1188599, 41.0316717], [1.0568423, 41.0208685], [0.9975834, 40.9949266], [0.8046029, 40.8220969], [0.8580079, 40.7720246], [0.9031697, 40.7678733], [0.9257456, 40.7487277], [0.9406519, 40.7225593], [0.921187, 40.679278], [0.7933664, 40.611257], [0.7021443, 40.5272411], [0.6301195, 40.5135242], [0.5744683, 40.5285567], [0.520911, 40.434794], [0.4622853, 40.3756987], [0.4554077, 40.3380155], [0.3244337, 40.2199474], [0.3073313, 40.184692], [0.2338727, 40.1469973], [0.1848428, 40.0535894], [0.0937683, 40.0105905], [0.0404766, 39.8956951], [-0.0727709, 39.7946843], [-0.1382804, 39.7081798], [-0.1612011, 39.6237748], [-0.2144572, 39.5926361], [-0.2684758, 39.5007335], [-0.2488946, 39.4394693], [-0.2738952, 39.3986988], [-0.1642498, 39.1968249], [-0.1850844, 39.1497972], [-0.137548, 39.0547548], [-0.0807176, 38.9831951], [0.0100774, 38.9088177], [0.116236, 38.8920511], [0.2296686, 38.8373098], [0.2821356, 38.7687138], [0.283452, 38.7235415], [0.2642614, 38.7002948], [0.2083205, 38.6808504], [0.1843083, 38.6478615], [0.1355511, 38.6366571], [0.1083517, 38.5949022], [0.0088089, 38.5879074], [-0.0075107, 38.5373419], [-0.0995662, 38.4665873], [-0.187235, 38.4724967], [-0.3381309, 38.4097772], [-0.3663232, 38.3223097], [-0.4357784, 38.3121115], [-0.4665842, 38.2922765], [-0.4545594, 38.2053069], [-0.4222209, 38.187697], [-0.4164919, 38.148211], [-0.4762728, 38.1207524], [-0.5291844, 38.1475252], [-0.5720713, 38.1445877], [-0.5931924, 38.0853926], [-0.6001246, 37.9812767], [-0.7009432, 37.8715612], [-0.7126413, 37.8483576]]], [[[4.194861, 39.7852661], [4.0114839, 39.879611], [3.9495988, 39.8928829], [3.7957121, 39.8873031], [3.7687977, 39.9164875], [3.7733427, 39.962076], [3.744235, 39.9900029], [3.7430293, 40.0353763], [3.8011113, 40.0885494], [4.0040204, 40.0999028], [4.0609009, 40.1336223], [4.2068464, 40.0920608], [4.2553274, 40.0417984], [4.3115857, 40.0210782], [4.3336749, 39.9394224], [4.37964, 39.8826091], [4.3458049, 39.7862337], [4.3247763, 39.7656014], [4.282694, 39.7584446], [4.194861, 39.7852661]]], [[[14.4752537, 35.9868048], [14.6235687, 35.8857024], [14.6249322, 35.8324055], [14.5925705, 35.7843036], [14.5051026, 35.7642411], [14.3947306, 35.788855], [14.3378329, 35.820618], [14.2887435, 35.8607482], [14.2669828, 35.9688517], [14.1501439, 36.0047122], [14.1334803, 36.0312941], [14.1325155, 36.0820055], [14.166799, 36.1145512], [14.2652224, 36.1216927], [14.3400209, 36.0947036], [14.4257997, 36.0037705], [14.4752537, 35.9868048]]], [[[15.6114004, 38.2380454], [15.5955327, 38.145796], [15.538151, 38.051573], [15.2632162, 37.7395134], [15.2709435, 37.702762], [15.2289189, 37.6170736], [15.2256972, 37.5617176], [15.153636, 37.4925616], [15.1395022, 37.4597851], [15.1457363, 37.3504364], [15.2388819, 37.3265149], [15.307418, 37.2565434], [15.3031922, 37.217632], [15.267817, 37.1912966], [15.2968067, 37.1512696], [15.3437107, 37.125333], [15.35138, 37.0673836], [15.3895318, 37.002998], [15.3676762, 36.9675125], [15.3126238, 36.9609869], [15.1957217, 36.8854229], [15.1603446, 36.830208], [15.1508704, 36.7840818], [15.1918264, 36.6961165], [15.1857012, 36.6571414], [15.1562919, 36.6289737], [15.0866861, 36.6064133], [15.0208898, 36.6302172], [15.0026648, 36.655769], [14.9467792, 36.6523569], [14.8850607, 36.6862809], [14.8611422, 36.668893], [14.7658065, 36.6628181], [14.6699148, 36.6816675], [14.6076239, 36.7243622], [14.4710127, 36.7481063], [14.4149776, 36.7933236], [14.3959443, 36.850237], [14.3311485, 36.9413997], [14.2307814, 37.0217587], [14.068769, 37.0678192], [13.9915688, 37.0669685], [13.969561, 37.0477869], [13.9250248, 37.04464], [13.8451624, 37.0695036], [13.8068992, 37.102511], [13.7325971, 37.1094359], [13.6256526, 37.1624262], [13.5710409, 37.2166166], [13.4190627, 37.2582033], [13.3486377, 37.3079622], [13.2428973, 37.3538857], [13.1439132, 37.4520033], [12.9894118, 37.4607399], [12.9258589, 37.5320414], [12.7862867, 37.538841], [12.6801161, 37.5175945], [12.6353561, 37.5290767], [12.5676906, 37.6073771], [12.4964131, 37.6231429], [12.4222871, 37.6872979], [12.4179155, 37.7343395], [12.3709244, 37.8013326], [12.3933395, 37.8367642], [12.3848497, 37.8670477], [12.2610434, 37.8796577], [12.2220262, 37.9286815], [12.2380894, 37.972384], [12.2700541, 37.9862112], [12.2701955, 38.0158663], [12.297178, 38.0514296], [12.3392537, 38.0625395], [12.3884581, 38.0292985], [12.4428747, 38.035383], [12.5393343, 38.1035721], [12.6045019, 38.1106878], [12.6270401, 38.1442959], [12.66717, 38.1558404], [12.6766451, 38.2072819], [12.7265568, 38.2314456], [12.808972, 38.2065914], [12.852001, 38.1110432], [12.9161774, 38.0684056], [13.0131178, 38.1079457], [13.006705, 38.1577974], [13.0774023, 38.2262706], [13.1915606, 38.2191074], [13.2197261, 38.242294], [13.3270096, 38.2656481], [13.3993022, 38.2189503], [13.4293163, 38.1406871], [13.5059284, 38.1614408], [13.563751, 38.1492094], [13.5892124, 38.1246538], [13.6006697, 38.0722645], [13.7615731, 38.0140729], [14.0153033, 38.0832825], [14.0824089, 38.0619368], [14.1438951, 38.0719621], [14.2959326, 38.0499065], [14.4163093, 38.0815207], [14.5073842, 38.082379], [14.6369756, 38.1264057], [14.7276172, 38.204051], [14.7952525, 38.197261], [14.9135257, 38.2334863], [14.9954838, 38.1930826], [15.0585288, 38.1923114], [15.1021733, 38.1721643], [15.1678966, 38.2098729], [15.1843039, 38.239356], [15.1759881, 38.2866122], [15.2222994, 38.3121914], [15.2730939, 38.3006358], [15.3053036, 38.2527832], [15.4080776, 38.2806858], [15.4885962, 38.3312679], [15.5418041, 38.3433905], [15.6929765, 38.295487], [15.6804083, 38.2620413], [15.6114004, 38.2380454]]], [[[12.0344004, 38.0348643], [12.1012803, 38.0171099], [12.1432729, 37.9596829], [12.1329567, 37.9212367], [12.070954, 37.9048277], [11.9982085, 37.9382626], [11.9757715, 37.996577], [11.9960308, 38.025491], [12.0344004, 38.0348643]]], [[[14.8465592, 38.4749463], [14.8463947, 38.4938283], [14.7739624, 38.5204285], [14.7459069, 38.5486163], [14.7495781, 38.5857771], [14.7865602, 38.6215596], [14.8886666, 38.6211682], [14.9161918, 38.604205], [14.9272271, 38.5638868], [14.9990589, 38.5519513], [15.0322233, 38.4928642], [15.0145613, 38.447152], [15.0487169, 38.4062143], [15.0549532, 38.3603361], [14.9993326, 38.3253165], [14.9191139, 38.3501118], [14.8872469, 38.3916055], [14.8902204, 38.4276888], [14.8465592, 38.4749463]]], [[[14.4195425, 38.5513208], [14.405781, 38.51101], [14.358807, 38.489143], [14.3107861, 38.4996596], [14.2857777, 38.5401027], [14.3052345, 38.5804774], [14.3502144, 38.5959466], [14.3985477, 38.5852077], [14.4195425, 38.5513208]]], [[[14.5149993, 38.6193623], [14.5582837, 38.6272538], [14.6117099, 38.611862], [14.6455981, 38.5675386], [14.637336, 38.5324078], [14.5867588, 38.5120347], [14.5144624, 38.5314228], [14.4866638, 38.578962], [14.5149993, 38.6193623]]], [[[15.0008397, 38.6344023], [15.023428, 38.6732388], [15.0564392, 38.687936], [15.1055768, 38.6793077], [15.1296944, 38.6450724], [15.1183342, 38.6074102], [15.0640147, 38.582033], [15.0145921, 38.5976068], [15.0008397, 38.6344023]]], [[[13.1875065, 38.7619239], [13.2450344, 38.7333179], [13.2516619, 38.6982352], [13.1854155, 38.6504051], [13.1247027, 38.65856], [13.1022028, 38.6834064], [13.113137, 38.7304932], [13.1875065, 38.7619239]]], [[[15.2589195, 38.8450249], [15.2960916, 38.8021482], [15.2554511, 38.742969], [15.2006642, 38.7315505], [15.1405062, 38.7702215], [15.1366357, 38.8033579], [15.1567627, 38.8285084], [15.2096376, 38.8527245], [15.2589195, 38.8450249]]], [[[8.2371971, 39.9066584], [8.3029904, 39.9144679], [8.3251751, 39.873409], [8.2992846, 39.8473318], [8.2557504, 39.8460539], [8.2266034, 39.8724503], [8.2371971, 39.9066584]]], [[[8.7955523, 40.9790566], [8.8266721, 41.0422459], [8.8978889, 41.0739871], [8.9800978, 41.1559564], [9.0318036, 41.1765495], [9.0726738, 41.1728811], [9.1018293, 41.1925564], [9.0860407, 41.2418962], [9.1175327, 41.2813548], [9.2698333, 41.2918053], [9.3284458, 41.3424326], [9.409734, 41.3412802], [9.4373537, 41.305937], [9.5233112, 41.2635573], [9.5402738, 41.2301133], [9.5323602, 41.1960025], [9.5648407, 41.1837768], [9.6571869, 41.1004624], [9.6624327, 41.0734159], [9.6462917, 41.0447811], [9.6941288, 41.0324245], [9.7172332, 41.0029111], [9.7143478, 40.9804873], [9.6791251, 40.9496448], [9.7609646, 40.9637104], [9.8241455, 40.8906336], [9.8238422, 40.8579393], [9.7367721, 40.7896158], [9.7648819, 40.7691069], [9.7703313, 40.725907], [9.8125138, 40.7020924], [9.7965686, 40.6381429], [9.8750811, 40.5480832], [9.8803029, 40.5211676], [9.8098486, 40.3684343], [9.7310384, 40.3183041], [9.6768872, 40.2460572], [9.6806962, 40.2028581], [9.7054484, 40.1618123], [9.7793122, 40.1074639], [9.7886813, 40.0767119], [9.7417716, 39.9726314], [9.7688942, 39.925887], [9.7374267, 39.8863159], [9.7496262, 39.8493671], [9.7272526, 39.8054683], [9.7299153, 39.7063522], [9.7035019, 39.6440259], [9.7103745, 39.5752881], [9.6873542, 39.5149353], [9.6940208, 39.4291948], [9.6518808, 39.3516755], [9.6862, 39.293705], [9.6707598, 39.2674322], [9.63514, 39.2549371], [9.6212887, 39.2216201], [9.6555481, 39.1546332], [9.6506732, 39.116878], [9.6194108, 39.0966595], [9.5854558, 39.1003249], [9.5865527, 39.0703318], [9.5611888, 39.0462741], [9.5180656, 39.0427715], [9.4596852, 39.0841663], [9.4255847, 39.0818001], [9.3634498, 39.1099994], [9.2724655, 39.1725184], [9.2209684, 39.1805439], [9.170862, 39.141192], [9.0851925, 39.1517613], [9.0659218, 39.121528], [9.0981292, 39.0484219], [9.0486215, 38.9499894], [8.8719114, 38.8371012], [8.7875524, 38.8439743], [8.7330015, 38.8828005], [8.6838034, 38.8323935], [8.6303181, 38.8242565], [8.5556462, 38.8814085], [8.5586164, 38.9213669], [8.5267962, 38.957891], [8.5137073, 39.0133449], [8.4924247, 38.9142425], [8.456734, 38.8962556], [8.4262267, 38.9002449], [8.3598435, 38.939043], [8.3048303, 39.0535175], [8.2188664, 39.0737659], [8.1683718, 39.1392301], [8.1939253, 39.1945441], [8.3144493, 39.2278724], [8.3778372, 39.2959814], [8.3208272, 39.3664223], [8.3483647, 39.4225561], [8.3284037, 39.464272], [8.41021, 39.5859442], [8.3894464, 39.6832997], [8.3921469, 39.763578], [8.4095078, 39.7945688], [8.4509754, 39.813415], [8.3997661, 39.8277505], [8.3580767, 39.8754113], [8.342159, 39.9602745], [8.2800894, 39.9456452], [8.2475797, 39.9791178], [8.260065, 40.0159872], [8.3236747, 40.0335262], [8.347856, 40.0723988], [8.433026, 40.0925385], [8.4051958, 40.1708811], [8.4257931, 40.2680578], [8.4003498, 40.2956225], [8.3365175, 40.3185504], [8.3266352, 40.3656239], [8.3460359, 40.4179308], [8.327986, 40.4603607], [8.2913574, 40.4802539], [8.2686234, 40.5342956], [8.1681681, 40.5198989], [8.1151458, 40.5407079], [8.0916462, 40.6274541], [8.137845, 40.6664325], [8.0916143, 40.7074927], [8.0820101, 40.7398961], [8.1642461, 40.878608], [8.1298404, 40.9135865], [8.1236537, 40.9422491], [8.155715, 40.9918223], [8.1723824, 41.0576606], [8.218417, 41.0902262], [8.2321547, 41.1274851], [8.2890507, 41.1547026], [8.3452071, 41.1554085], [8.4033486, 41.0931431], [8.3805984, 41.0329346], [8.3553925, 41.0138245], [8.3152813, 41.0118936], [8.2903783, 40.9564977], [8.2883045, 40.9196735], [8.3275431, 40.8867495], [8.407211, 40.8881702], [8.4706723, 40.8592316], [8.5294389, 40.8658408], [8.6669677, 40.9462943], [8.7617975, 40.9573921], [8.7955523, 40.9790566]]]]}, "properties": {"id": "lca:place/spain", "title": "Spain", "occurrences": 5, "first_year": 1445, "last_year": 1555, "variants": "Ispania; Hispania; Spayne", "volumes": ["II-9", "IV-13", "IV-14", "IV-17", "IV-2", "IV-20", "IV-24"], "match": "wd:Q29", "has_outline": true}}, {"type": "Feature", "geometry": {"type": "MultiPolygon", "coordinates": [[[[6.4326552, 46.9286841], [6.4965027, 46.9741095], [6.6087913, 46.9831217], [6.6895579, 47.008587], [6.7230319, 47.0471423], [6.6915129, 47.0666703], [6.7025631, 47.0819842], [6.743472, 47.0921627], [6.7405487, 47.1096216], [6.858623, 47.1655028], [6.8888562, 47.1311191], [6.869201, 47.0874235], [7.0278161, 47.1271482], [7.0407771, 47.1243447], [7.0288467, 47.1043097], [7.088499, 47.0826892], [7.0771693, 47.0764351], [7.0884126, 47.0597155], [7.0333092, 47.0326951], [7.0381158, 46.9802528], [7.0017236, 46.9877477], [6.7792504, 46.8536179], [6.7380517, 46.8705198], [6.7414849, 46.8949244], [6.7188256, 46.9038386], [6.7222588, 46.9343236], [6.6542809, 46.9136895], [6.6295617, 46.8892935], [6.4601921, 46.8512939], [6.4645461, 46.8902782], [6.4326552, 46.9286841]]], [[[6.5748417, 51.3475386], [6.5941181, 51.3224487], [6.5486521, 51.3086397], [6.5093991, 51.3668509], [6.5748417, 51.3475386]]], [[[8.0356836, 51.6401009], [8.1958865, 51.6340548], [8.2051134, 51.6090359], [8.2309913, 51.6007999], [8.2262706, 51.5550346], [8.2472133, 51.5454811], [8.2470846, 51.5296786], [8.222537, 51.5195055], [8.1959724, 51.5329356], [8.0530643, 51.5215082], [8.0181312, 51.5382745], [7.9854291, 51.531441], [7.9968452, 51.5655466], [7.9763746, 51.5879897], [7.9383945, 51.5891762], [7.9317424, 51.6296596], [7.9113577, 51.6136731], [7.9183101, 51.5809633], [7.8397858, 51.5565222], [7.8340351, 51.5168416], [7.8492163, 51.480207], [7.660303, 51.4722416], [7.5488948, 51.4189877], [7.5225877, 51.3852808], [7.5545597, 51.3587851], [7.5420283, 51.3278229], [7.5627135, 51.3174707], [7.6290607, 51.3363497], [7.6933478, 51.3916547], [7.7554034, 51.4171946], [7.7923093, 51.4167671], [7.8489375, 51.3881331], [7.8354406, 51.3582492], [7.7709389, 51.3321401], [7.7771616, 51.3061502], [7.8120088, 51.2871783], [7.7911305, 51.2676211], [7.858529, 51.2455037], [7.930541, 51.245544], [7.9505396, 51.2286298], [7.9267215, 51.2094645], [7.9495525, 51.1757379], [7.90874, 51.182652], [7.9000711, 51.1659703], [7.8301835, 51.1647727], [7.7957868, 51.1470078], [7.8386592, 51.1262329], [7.8253555, 51.1238357], [7.8246259, 51.0816626], [7.8105497, 51.0712819], [7.7137327, 51.0730346], [7.689271, 51.0862321], [7.6263141, 51.0686256], [7.5822616, 51.1066342], [7.4985121, 51.1034681], [7.5043702, 51.127997], [7.4694156, 51.1458097], [7.4794364, 51.1650217], [7.4561118, 51.1587846], [7.4205779, 51.1883815], [7.4299335, 51.2251092], [7.4038409, 51.2219377], [7.3899364, 51.246444], [7.3065948, 51.2401037], [7.2750735, 51.2595046], [7.2375868, 51.2546099], [7.231922, 51.2974569], [7.1687936, 51.2975642], [7.1807456, 51.3056136], [7.1453833, 51.3395535], [7.1595454, 51.3651225], [7.1172952, 51.3807811], [7.0783067, 51.4488721], [7.1137333, 51.4652507], [7.0977044, 51.4998471], [7.0229243, 51.521348], [7.3162077, 51.5963748], [7.4078749, 51.5673606], [7.4253844, 51.508048], [7.4590301, 51.4867279], [7.5376507, 51.5066058], [7.4758529, 51.6205746], [7.5359343, 51.6102353], [7.6507758, 51.658341], [7.8953932, 51.7048001], [7.9733275, 51.6912877], [8.0356836, 51.6401009]]], [[[10.4683613, 51.5440265], [10.5122208, 51.547069], [10.5035949, 51.5623252], [10.5312967, 51.5667737], [10.5336134, 51.5974281], [10.5160618, 51.6077433], [10.5267477, 51.6228526], [10.5842113, 51.6164977], [10.5645541, 51.6106006], [10.5827737, 51.5862965], [10.5652964, 51.5758227], [10.5740619, 51.5630722], [10.5908203, 51.5835766], [10.6571128, 51.5582267], [10.666117, 51.5778925], [10.6384771, 51.5841837], [10.631428, 51.6025044], [10.6589572, 51.625911], [10.6927442, 51.5807499], [10.7429981, 51.563359], [10.7411098, 51.5486302], [10.7726526, 51.5337899], [10.7794761, 51.5121746], [10.7558725, 51.5088227], [10.7526538, 51.4920724], [10.7859993, 51.4781757], [10.7686614, 51.4366746], [10.8069419, 51.4189075], [10.7692623, 51.3917618], [10.693817, 51.3955643], [10.6818007, 51.3841025], [10.7174205, 51.3651895], [10.7006835, 51.3323278], [10.6330488, 51.3617061], [10.6447218, 51.3689942], [10.6266974, 51.3822812], [10.6049823, 51.3650823], [10.5683326, 51.3880126], [10.5715082, 51.3674938], [10.5600069, 51.3853344], [10.5288505, 51.3658325], [10.4727169, 51.4353906], [10.4845617, 51.4514397], [10.5345152, 51.4485512], [10.5070494, 51.472509], [10.5324553, 51.4755028], [10.531082, 51.4889727], [10.4862784, 51.4918585], [10.4737469, 51.5098111], [10.4683613, 51.5440265]], [[10.7160043, 51.4130192], [10.7460879, 51.4277919], [10.7250593, 51.4341063], [10.7160043, 51.4130192]], [[10.5492781, 51.4491931], [10.5721949, 51.4640076], [10.54018, 51.4641145], [10.5492781, 51.4491931]], [[10.5310818, 51.5016906], [10.5657574, 51.51558], [10.5274769, 51.5168619], [10.5310818, 51.5016906]]], [[[11.3596914, 51.5525264], [11.4518734, 51.6109816], [11.5116116, 51.6088495], [11.5540123, 51.6693081], [11.6045665, 51.6610032], [11.6106605, 51.6913941], [11.6344356, 51.69448], [11.6153812, 51.7034703], [11.6235351, 51.7322912], [11.7079067, 51.7150646], [11.7232704, 51.7324772], [11.704688, 51.7328759], [11.6939592, 51.7427355], [11.7750692, 51.7526461], [11.8127059, 51.6870842], [11.9240283, 51.6459332], [11.9280195, 51.6646767], [11.9487047, 51.6667263], [11.9492197, 51.6459598], [11.9330835, 51.6399411], [11.9454002, 51.6308849], [11.9150161, 51.6255302], [11.9679308, 51.6266491], [11.9518804, 51.6196153], [11.9532108, 51.6009332], [11.982994, 51.6011997], [11.9918775, 51.5846966], [11.9801616, 51.5749092], [12.0197725, 51.5802165], [12.0226049, 51.592429], [12.1640967, 51.5810167], [12.1693647, 51.5497511], [12.0780086, 51.5340568], [12.1276187, 51.517289], [12.0710562, 51.512375], [12.054405, 51.4939961], [12.0877073, 51.4853383], [12.0389554, 51.4881177], [12.0384405, 51.476572], [12.0766353, 51.4536861], [12.1508786, 51.4589275], [12.1702337, 51.4231626], [12.1657061, 51.406394], [12.092514, 51.4262934], [12.085197, 51.4155887], [12.0887804, 51.3918153], [12.0858192, 51.3887223], [12.0647263, 51.3871154], [12.0446044, 51.3927023], [12.0504999, 51.4227143], [12.0142364, 51.3986702], [11.9553564, 51.406702], [11.9423102, 51.4153747], [11.9527815, 51.4332502], [11.9259166, 51.44593], [11.9533824, 51.4683386], [11.9431685, 51.481383], [11.8530462, 51.4604782], [11.8357085, 51.4240456], [11.8097018, 51.4646225], [11.7824934, 51.4671624], [11.7591476, 51.4274173], [11.7833518, 51.4319124], [11.8110751, 51.4129657], [11.7140005, 51.3897802], [11.6935727, 51.4231895], [11.5162467, 51.4860331], [11.5353009, 51.4957062], [11.5222546, 51.5187846], [11.5809628, 51.5269021], [11.5797613, 51.5488972], [11.5389059, 51.5596773], [11.443119, 51.5218287], [11.4131641, 51.5259941], [11.4056967, 51.5420648], [11.3603781, 51.541104], [11.3796042, 51.5528466], [11.3596914, 51.5525264]], [[12.0634603, 51.3924044], [12.06007, 51.3921233], [12.0626664, 51.3909048], [12.0634603, 51.3924044]], [[12.0463478, 51.3953031], [12.0492768, 51.3960729], [12.04844, 51.3968428], [12.0463478, 51.3953031]]], [[[6.2398907, 51.6033057], [6.1592099, 51.5666138], [6.0919183, 51.6043721], [6.1171957, 51.6568237], [6.0277173, 51.657436], [5.9919259, 51.6384964], [5.9698244, 51.6485962], [5.9757899, 51.6669659], [5.9189698, 51.6594061], [5.8949372, 51.6882816], [5.9339043, 51.7161815], [5.8871268, 51.7253269], [5.8674073, 51.7744258], [5.8936391, 51.7778049], [5.9352565, 51.7411145], [5.9908102, 51.7662465], [5.9782789, 51.7978938], [5.9237586, 51.8187835], [5.9755324, 51.836308], [5.9800815, 51.8858425], [6.0232114, 51.8609892], [6.0063243, 51.8342925], [6.0414934, 51.8526532], [6.0420083, 51.8736826], [6.0920476, 51.8815776], [6.1219596, 51.862765], [6.1127757, 51.84983], [6.1655616, 51.8511024], [6.2014818, 51.876597], [6.211009, 51.8670316], [6.1972332, 51.8581268], [6.2709188, 51.8321709], [6.3196706, 51.8517386], [6.4017463, 51.8273175], [6.4056521, 51.8495248], [6.461628, 51.8365071], [6.5839648, 51.7824644], [6.6304958, 51.7350885], [6.72683, 51.7530313], [6.7279672, 51.7689022], [6.7589199, 51.7757568], [6.7725563, 51.7458976], [6.8480229, 51.7452864], [6.8836391, 51.6702407], [6.9608688, 51.6644238], [6.8675035, 51.6310221], [6.8508982, 51.6081431], [6.8661117, 51.5965347], [6.8331526, 51.5798433], [6.8684935, 51.5672939], [6.8597173, 51.5574894], [6.8796086, 51.5378474], [6.8570137, 51.5049495], [6.8692445, 51.4903354], [6.8125532, 51.482452], [6.8503186, 51.472616], [6.8159865, 51.4417039], [6.825256, 51.4017761], [6.7666339, 51.3744059], [6.6151421, 51.3756385], [6.6137688, 51.3983493], [6.5780633, 51.4000629], [6.5691369, 51.4159103], [6.5389245, 51.4082014], [6.534118, 51.436889], [6.5087121, 51.436889], [6.5581506, 51.4779622], [6.5677636, 51.5172894], [6.6130822, 51.5207075], [6.6295617, 51.540784], [6.5739434, 51.5497514], [6.5480231, 51.5893896], [6.5540307, 51.6284611], [6.5148922, 51.6256902], [6.4695733, 51.5783501], [6.4242552, 51.577283], [6.4055441, 51.5594638], [6.2398907, 51.6033057]]], [[[10.7565593, 51.6414059], [10.694661, 51.6420767], [10.6630181, 51.6911155], [10.7055759, 51.6943736], [10.7072925, 51.6819224], [10.7631682, 51.6686161], [10.7809352, 51.6826142], [10.7847118, 51.663399], [10.7565593, 51.6414059]]], [[[11.8726587, 51.7316001], [11.8843317, 51.7507864], [11.9099092, 51.7334606], [11.8726587, 51.7316001]]], [[[10.9416023, 51.8145913], [10.9540685, 51.8193565], [10.9786349, 51.8068486], [10.9416023, 51.8145913]]], [[[6.1337184, 51.8968604], [6.1422157, 51.8730466], [6.0767268, 51.9068431], [5.9624003, 51.925108], [5.9299563, 51.9034011], [5.9103869, 51.9347405], [5.9236048, 51.9428893], [5.9026621, 51.9556917], [5.9479806, 51.9662696], [5.9744166, 51.9389738], [5.9911534, 51.949344], [5.9864329, 51.9700769], [6.063938, 51.9851445], [6.0722635, 51.9684376], [6.093721, 51.9692309], [6.0992574, 51.9271193], [6.1615275, 51.9139911], [6.1337184, 51.8968604]]], [[[6.258516, 51.9510898], [6.2030693, 51.9373336], [6.1315724, 51.9785895], [6.2144849, 51.9819729], [6.258516, 51.9510898]]], [[[8.4106457, 52.1156572], [8.4108227, 52.136626], [8.5173306, 52.1851504], [8.442269, 52.2136944], [8.4682272, 52.247878], [8.4581208, 52.302066], [8.4707808, 52.3155494], [8.4419525, 52.3614789], [8.3120153, 52.4068306], [8.3218644, 52.4260953], [8.3036978, 52.4340304], [8.3015817, 52.4584774], [8.4181452, 52.4445406], [8.6522483, 52.5314698], [8.6911573, 52.5110646], [8.683834, 52.4952973], [8.7094545, 52.4770824], [8.7033602, 52.4436906], [8.7182521, 52.4289083], [8.7057206, 52.3953229], [8.8534355, 52.3894563], [8.8923597, 52.4058488], [8.9370346, 52.4021047], [8.9871597, 52.4322838], [8.9785112, 52.4506666], [9.0169429, 52.4601934], [9.0529489, 52.5003398], [9.1347456, 52.48312], [9.0947055, 52.4431411], [9.1255617, 52.4135715], [9.0848779, 52.3555262], [9.0594291, 52.3393248], [9.0269422, 52.3451716], [8.9898205, 52.3148411], [8.9880824, 52.2872988], [8.9638136, 52.2788714], [8.9785763, 52.2616439], [9.0768126, 52.2336692], [9.0371132, 52.2243032], [9.0457391, 52.1831686], [8.9914711, 52.1964758], [8.985898, 52.1810457], [8.9270917, 52.185051], [8.89781, 52.1558999], [8.8913725, 52.111355], [8.8657951, 52.1027885], [8.8083958, 52.126757], [8.7483144, 52.1216851], [8.7159562, 52.090305], [8.6668074, 52.0869561], [8.6532891, 52.0636522], [8.6606812, 52.0393594], [8.642292, 52.0276767], [8.6621833, 52.0124846], [8.6410636, 51.9671006], [8.6496895, 51.9593049], [8.6204588, 51.9330667], [8.5059902, 51.9148729], [8.4851789, 51.941831], [8.3872327, 51.94258], [8.4069389, 51.9588553], [8.3806801, 51.974895], [8.3138609, 51.9677798], [8.2515478, 52.0103186], [8.148036, 52.0142213], [8.0909479, 51.997086], [8.0756029, 52.0107083], [8.0964799, 52.057177], [8.1518447, 52.0764465], [8.1942236, 52.0728724], [8.2678984, 52.1320129], [8.3800471, 52.1086402], [8.4106457, 52.1156572]]], [[[7.6194262, 52.5900006], [7.6121199, 52.4710896], [7.6845073, 52.4566894], [7.6925753, 52.4111109], [7.7117155, 52.4009527], [7.8066443, 52.3714072], [7.8919172, 52.3806553], [7.9369354, 52.3649578], [7.9488229, 52.3346573], [7.99088, 52.3094363], [7.9323434, 52.3017872], [7.9312706, 52.2863013], [7.9573846, 52.272635], [7.9243612, 52.2624317], [7.9260348, 52.225381], [7.8997707, 52.2080275], [7.9358195, 52.1768267], [8.0162428, 52.1722474], [8.0234526, 52.1597175], [7.9995917, 52.1535039], [8.0077457, 52.1155716], [7.8817462, 52.085308], [7.7176379, 52.109141], [7.7045057, 52.1296947], [7.7233886, 52.142865], [7.715578, 52.1787215], [7.6463126, 52.2146542], [7.6784133, 52.2567579], [7.6193618, 52.2961447], [7.6008224, 52.3375418], [7.670946, 52.3709355], [7.6707744, 52.3959774], [7.616701, 52.421005], [7.5600099, 52.3702019], [7.4337101, 52.3616853], [7.4187326, 52.3949561], [7.3691225, 52.4226538], [7.3547458, 52.4551203], [7.2974538, 52.472168], [7.2860598, 52.4948662], [7.3033976, 52.509796], [7.2665119, 52.5365471], [7.2770449, 52.5514611], [7.2609839, 52.5536954], [7.2478866, 52.5840754], [7.4646091, 52.6176931], [7.6075387, 52.6164684], [7.6194262, 52.5900006]]], [[[10.8333778, 52.3875967], [10.8462953, 52.4071578], [10.9068059, 52.4138071], [10.8732462, 52.3936729], [10.8817863, 52.3760184], [10.8612728, 52.3639391], [10.8333778, 52.3875967]]], [[[10.7955908, 52.4157376], [10.7965994, 52.4591148], [10.8171558, 52.4601934], [10.8174562, 52.4177857], [10.7955908, 52.4157376]]], [[[12.4130916, 51.5526331], [12.4487113, 51.5372068], [12.4356651, 51.5308533], [12.4130916, 51.5526331]]], [[[12.0820427, 51.6877227], [12.0964193, 51.7014489], [12.102642, 51.6888135], [12.0820427, 51.6877227]]], [[[12.05904, 51.7107038], [12.0683527, 51.7200631], [12.0895099, 51.7144531], [12.0765066, 51.7098263], [12.05904, 51.7107038]]], [[[13.8920401, 51.8138152], [13.904743, 51.8230471], [13.9193342, 51.8192273], [13.9009665, 51.8077658], [13.8920401, 51.8138152]]], [[[13.8898085, 51.8389597], [13.8827704, 51.8612278], [13.9056013, 51.863242], [13.9110945, 51.8399143], [13.8898085, 51.8389597]]], [[[13.8250921, 51.8777628], [13.8400267, 51.8358837], [13.8070677, 51.8397021], [13.7924765, 51.8669522], [13.8250921, 51.8777628]]], [[[13.305602, 51.8593725], [13.3039282, 51.8189089], [13.2359072, 51.8286173], [13.2205867, 51.8578353], [13.2295986, 51.8948744], [13.2698318, 51.8946625], [13.2741448, 51.8717219], [13.305602, 51.8593725]]], [[[13.737373, 51.9072139], [13.7281033, 51.8906898], [13.704414, 51.9031894], [13.7147137, 51.9055194], [13.737373, 51.9072139]]], [[[13.8350485, 51.898211], [13.785095, 51.9010709], [13.7859534, 51.9161089], [13.8182257, 51.9289189], [13.8350485, 51.898211]]], [[[12.9339861, 51.9617913], [12.9695318, 51.9753643], [12.9648549, 51.9571347], [12.9339861, 51.9617913]]], [[[12.7303646, 51.9886068], [12.6723861, 51.9829243], [12.6519584, 51.9981462], [12.655456, 52.0124384], [12.7115248, 51.9993617], [12.7303646, 51.9886068]]], [[[13.0409217, 53.1959427], [13.0693745, 53.2035778], [13.0771422, 53.191334], [13.0556631, 53.1791381], [13.0409217, 53.1959427]]], [[[12.8522014, 53.2097594], [12.8147149, 53.2093868], [12.8157019, 53.2135631], [12.8522014, 53.2097594]]], [[[13.2053947, 53.2640322], [13.2114458, 53.2554836], [13.2211446, 53.2541999], [13.203206, 53.2514783], [13.2053947, 53.2640322]]], [[[12.1253013, 53.3646383], [12.1157741, 53.3673527], [12.1344423, 53.3677624], [12.1253013, 53.3646383]]], [[[13.557558, 53.4072807], [13.5513782, 53.4060015], [13.5541247, 53.4094296], [13.557558, 53.4072807]]], [[[14.2395686, 51.6149789], [14.321365, 51.6060777], [14.3316647, 51.5809101], [14.3007656, 51.576643], [14.3093487, 51.5450542], [14.2684933, 51.5384349], [14.2657467, 51.5770698], [14.2279815, 51.590616], [14.2395686, 51.6149789]]], [[[14.3114519, 51.6186027], [14.279029, 51.6187095], [14.2739865, 51.6266626], [14.3008518, 51.6384696], [14.3114519, 51.6186027]]], [[[14.0556335, 51.6926178], [14.0467929, 51.6788357], [14.0323733, 51.6987892], [14.1080758, 51.7209672], [14.1050719, 51.6994807], [14.0556335, 51.6926178]]], [[[14.0294122, 51.7372346], [14.0341755, 51.7233599], [14.014692, 51.7172983], [13.9976975, 51.7364109], [14.0294122, 51.7372346]]], [[[14.0874767, 51.8778554], [14.1743361, 51.8570409], [14.2153631, 51.8693378], [14.2234955, 51.9042094], [14.3192194, 51.9349521], [14.4281384, 51.9408259], [14.4679212, 51.9683318], [14.53974, 51.9597512], [14.5252548, 51.9313807], [14.5523354, 51.8960396], [14.5936203, 51.8787959], [14.5453834, 51.8463305], [14.5422075, 51.823949], [14.5640516, 51.8127406], [14.5558546, 51.7932224], [14.5055573, 51.7830555], [14.5720766, 51.743081], [14.5106206, 51.7397336], [14.5120798, 51.7216059], [14.5366284, 51.7108901], [14.5328521, 51.6915803], [14.588685, 51.6760681], [14.5592879, 51.6509327], [14.4621276, 51.6412994], [14.4285675, 51.6595658], [14.4010156, 51.6427912], [14.3278455, 51.6377038], [14.2693512, 51.6511527], [14.2651459, 51.6694148], [14.2271338, 51.6820954], [14.1811173, 51.6680842], [14.1842073, 51.6472118], [14.2399979, 51.6404937], [14.1879415, 51.5899961], [14.1571712, 51.5917358], [14.1229677, 51.5674139], [14.0836137, 51.5718956], [14.0686791, 51.6124742], [14.0988919, 51.6286207], [14.1074749, 51.6638251], [14.1269588, 51.6405004], [14.1642079, 51.6386369], [14.1640376, 51.7095072], [14.1389744, 51.7398394], [14.1112511, 51.7396002], [14.1009521, 51.7543995], [14.1236114, 51.79938], [14.1042136, 51.8242672], [14.0726266, 51.8268144], [14.0874767, 51.8778554]], [[14.2933844, 51.6824546], [14.3151854, 51.6738327], [14.3196486, 51.6808581], [14.2933844, 51.6824546]], [[14.1923615, 51.6836255], [14.2203423, 51.691075], [14.2218444, 51.7063693], [14.192104, 51.7155169], [14.1923615, 51.6836255]], [[14.3328665, 51.7173513], [14.2983626, 51.725008], [14.2834281, 51.72001], [14.3254851, 51.6984168], [14.3328665, 51.7173513]], [[14.1811394, 51.767561], [14.1827059, 51.7444627], [14.2082404, 51.7526993], [14.2001724, 51.7632982], [14.1811394, 51.767561]], [[14.2379379, 51.7681586], [14.2818832, 51.7815418], [14.2384958, 51.796487], [14.2379379, 51.7681586]]], [[[13.9857672, 51.8217739], [13.9722059, 51.8359898], [14.0012167, 51.8290946], [13.9857672, 51.8217739]]], [[[14.62924, 51.8924112], [14.6191978, 51.9121115], [14.6617698, 51.9189146], [14.6679496, 51.8985817], [14.62924, 51.8924112]]], [[[14.7628782, 51.969125], [14.7366141, 51.9630964], [14.7350691, 51.9700769], [14.7628782, 51.969125]]], [[[14.6820257, 51.9812856], [14.6871756, 51.9970365], [14.7151564, 51.9972479], [14.7019385, 51.9789595], [14.6820257, 51.9812856]]], [[[14.3726062, 52.1115658], [14.3825626, 52.1233714], [14.4315718, 52.1014442], [14.4010161, 52.095117], [14.3726062, 52.1115658]]], [[[18.0619311, 54.8288509], [18.0381774, 54.7831918], [17.9640197, 54.7762617], [18.0896758, 54.6638542], [18.051052, 54.6250155], [18.0558583, 54.6105037], [18.0075356, 54.5996163], [18.022041, 54.5537482], [18.0514809, 54.5322888], [18.0066773, 54.5237219], [17.9782673, 54.4697885], [17.9446217, 54.4686911], [17.9590412, 54.4999541], [17.8547144, 54.4686036], [17.8096532, 54.4917291], [17.7991819, 54.4696635], [17.8474065, 54.4543529], [17.8812773, 54.4099845], [17.7988812, 54.4115382], [17.8004264, 54.3831567], [17.7412033, 54.3500035], [17.7545499, 54.3387464], [17.7407312, 54.3212542], [17.6433134, 54.2484278], [17.5820732, 54.2513614], [17.5743484, 54.228188], [17.6199245, 54.2014621], [17.6118564, 54.1805714], [17.6526689, 54.176201], [17.6873445, 54.1206276], [17.6512527, 54.0280914], [17.5325488, 54.0343425], [17.4095534, 54.0787286], [17.3544501, 54.083512], [17.3498153, 54.0532918], [17.2118854, 54.0418023], [17.2048472, 54.0045909], [17.117214, 54.0129135], [17.0983313, 53.9890007], [17.1067427, 53.9780992], [17.0152473, 53.9690376], [17.004776, 53.9576322], [17.0195388, 53.9397193], [16.9842195, 53.9232455], [16.9848203, 53.9049197], [16.8674039, 53.9476507], [16.7782687, 53.9273899], [16.7605017, 53.9062597], [16.7304609, 53.9145513], [16.7465114, 53.878997], [16.7692565, 53.8676619], [16.8179225, 53.8927064], [16.823759, 53.868421], [16.7906283, 53.8487293], [16.7889975, 53.8100785], [16.876974, 53.7193648], [16.8931961, 53.6285186], [16.9409608, 53.5837673], [16.9493722, 53.516277], [16.9090249, 53.4547634], [16.8632411, 53.4392472], [16.8522548, 53.4618394], [16.8177508, 53.46746], [16.8030309, 53.4430815], [16.7759943, 53.4450241], [16.76239, 53.4100436], [16.7383575, 53.3971999], [16.6983604, 53.4154664], [16.7248821, 53.4372723], [16.6517972, 53.4537904], [16.6520118, 53.4831428], [16.5936468, 53.5166343], [16.5026664, 53.5453184], [16.4731405, 53.5181653], [16.4956283, 53.4913649], [16.4896201, 53.4800271], [16.3957213, 53.4691461], [16.3691138, 53.5115306], [16.3468837, 53.5184204], [16.352291, 53.5368389], [16.3108348, 53.5469376], [16.2486075, 53.5138783], [16.286373, 53.4755831], [16.3244819, 53.4721092], [16.3634489, 53.4214001], [16.0548877, 53.3620774], [16.0221004, 53.4030337], [15.9560965, 53.3648945], [15.9154127, 53.3601823], [15.917301, 53.3268748], [15.9693144, 53.3145701], [15.9696577, 53.2994663], [16.0482358, 53.3199282], [16.0690497, 53.311442], [16.0699081, 53.2911043], [16.1432504, 53.2872306], [16.1184881, 53.2631595], [16.0611532, 53.2447763], [16.0618399, 53.2037707], [16.0170363, 53.1827902], [16.0319708, 53.1505797], [15.9822321, 53.1172502], [15.9976385, 53.0861891], [15.9880256, 53.0548862], [15.9521483, 53.0337814], [15.946226, 52.9718003], [15.9609889, 52.9708699], [15.9806439, 52.9335345], [15.9671688, 52.9000885], [15.9899139, 52.8653474], [15.9646582, 52.8578983], [15.9748506, 52.8402357], [15.9533286, 52.8368267], [15.9584999, 52.8119968], [15.925455, 52.7840252], [15.9485006, 52.7560485], [15.9449386, 52.7293273], [15.7803154, 52.7002882], [15.7387304, 52.7130813], [15.6338882, 52.7012244], [15.6035899, 52.7141992], [15.5683994, 52.6966472], [15.5137682, 52.696153], [15.5074167, 52.6523067], [15.4622268, 52.6362144], [15.3980684, 52.6582422], [15.3484153, 52.6041423], [15.357449, 52.535738], [15.2788067, 52.5315741], [15.2747726, 52.50849], [15.2907371, 52.4974659], [15.265932, 52.4850279], [15.3037833, 52.4732137], [15.2986335, 52.4620238], [15.2244115, 52.4393478], [15.2478218, 52.429013], [15.2312994, 52.4162414], [15.2738712, 52.4120795], [15.3215718, 52.4314595], [15.3225159, 52.4557348], [15.350604, 52.4415061], [15.3952359, 52.4549111], [15.4153632, 52.4384322], [15.4157065, 52.4097496], [15.4557037, 52.3903992], [15.4421424, 52.3683677], [15.4972458, 52.3623011], [15.4811095, 52.3459844], [15.3775977, 52.3477671], [15.3590583, 52.3332412], [15.3982829, 52.3145657], [15.3314209, 52.2975094], [15.2740846, 52.2381034], [15.314598, 52.2025965], [15.2914881, 52.1451431], [15.3060149, 52.1313543], [15.412488, 52.1149655], [15.5542156, 52.1651275], [15.5754157, 52.1522928], [15.6628987, 52.1766427], [15.6713959, 52.1609813], [15.7255554, 52.1690493], [15.7665181, 52.1281402], [15.7364344, 52.1103797], [15.7412624, 52.0994538], [15.7880401, 52.0936536], [15.7890698, 52.074231], [15.8101844, 52.0648923], [15.7716894, 52.0180378], [15.6616115, 51.9993352], [15.60992, 52.006693], [15.5877971, 52.032667], [15.5402684, 52.0249437], [15.4982757, 52.0386994], [15.4059213, 51.9967197], [15.3204124, 52.0093747], [15.3302836, 52.0491124], [15.2670476, 52.0666864], [15.2778193, 52.0216429], [15.258336, 52.0039587], [15.2765536, 51.9740953], [15.2933118, 51.9620651], [15.3125378, 51.9745713], [15.352535, 51.9662696], [15.3760313, 51.9360501], [15.3026676, 51.9260475], [15.2792355, 51.9049105], [15.2002715, 51.8984758], [15.2112149, 51.8612278], [15.1940917, 51.8561389], [15.1729342, 51.8584583], [15.1801443, 51.869496], [15.161004, 51.8831935], [15.1046559, 51.862394], [15.0650879, 51.8656802], [15.0507545, 51.8368648], [14.9997708, 51.832065], [14.9870249, 51.8102203], [15.0263571, 51.7989952], [14.9710607, 51.7792054], [14.992561, 51.7596064], [14.9887844, 51.7439314], [14.9373718, 51.7414868], [14.9560829, 51.7553959], [14.9456545, 51.774572], [14.9205923, 51.7775857], [14.9226519, 51.790807], [14.9655675, 51.8061736], [14.9475859, 51.830792], [14.9089621, 51.8387476], [14.9143266, 51.8500155], [14.8899072, 51.8706623], [14.9643656, 51.871139], [14.9720046, 51.8854718], [14.9324795, 51.8960926], [14.9640652, 51.9290249], [14.9434658, 51.9311419], [14.9365997, 51.9630435], [14.9193477, 51.9625939], [14.906516, 52.0299739], [14.8855733, 52.0317165], [14.8726558, 52.045127], [14.8808956, 52.0553142], [14.8452757, 52.0769741], [14.8045492, 52.0747452], [14.7900222, 52.0833698], [14.8062013, 52.0906545], [14.7885416, 52.097358], [14.7545099, 52.0896985], [14.6866604, 52.1062945], [14.6804809, 52.1441818], [14.7054576, 52.1730895], [14.6854591, 52.1944555], [14.7087192, 52.2124454], [14.7133755, 52.2296789], [14.6911186, 52.2560355], [14.6776913, 52.2410459], [14.6908235, 52.2250919], [14.7027111, 52.2368675], [14.7035694, 52.2142202], [14.6666836, 52.2450664], [14.6170091, 52.2596474], [14.5472287, 52.2388254], [14.5583437, 52.2250656], [14.5385169, 52.2207015], [14.4223879, 52.2349489], [14.4256496, 52.2221475], [14.3961664, 52.2109993], [14.3622204, 52.1682467], [14.3714901, 52.1509762], [14.3134686, 52.1412849], [14.279823, 52.1518188], [14.2418, 52.1254267], [14.2111584, 52.1321711], [14.2000004, 52.1040276], [14.2239471, 52.095908], [14.1942715, 52.0577815], [14.0443896, 52.1146229], [13.9510059, 52.1159669], [13.9825058, 52.0947083], [13.8624286, 52.0395046], [13.8584803, 51.9886332], [13.7841504, 52.0199662], [13.7269878, 52.024244], [13.7665987, 52.0343831], [13.7631654, 52.0572405], [13.7753098, 52.0514088], [13.7634652, 52.0854139], [13.7364719, 52.0987552], [13.6910247, 52.0567655], [13.7018823, 52.0278615], [13.6538599, 52.028997], [13.6296987, 52.0711182], [13.5408209, 52.0972394], [13.5496616, 52.1417193], [13.4926915, 52.1085216], [13.2675361, 52.086943], [13.3271881, 52.077449], [13.3217811, 52.0543971], [13.3607268, 52.0431341], [13.3560273, 51.9981992], [13.3161162, 51.9814441], [13.3757684, 51.956591], [13.390617, 51.9344759], [13.3780428, 51.9298717], [13.3525943, 51.9467516], [13.2457348, 51.9413021], [13.2457348, 51.9899547], [13.2126044, 51.9885803], [13.1940649, 52.0261981], [13.1599041, 51.9967195], [13.1035992, 52.0194378], [13.0320166, 51.999256], [12.9415505, 52.0341195], [12.8761455, 52.019605], [12.8273534, 52.0420915], [12.8453134, 52.0533219], [12.8399275, 52.0850971], [12.779331, 52.0993352], [12.8322027, 52.1402313], [12.8193269, 52.1523461], [12.8232763, 52.1853], [12.8548621, 52.1880363], [12.839068, 52.2478787], [12.9107796, 52.2740669], [12.89739, 52.2966179], [12.8538751, 52.3036504], [12.7882562, 52.2894785], [12.7815614, 52.2687885], [12.836151, 52.2474576], [12.783793, 52.2035047], [12.6232908, 52.2398897], [12.5712769, 52.2683679], [12.5683592, 52.2516614], [12.5357008, 52.2474181], [12.5199508, 52.2217006], [12.5421807, 52.1986645], [12.4985254, 52.2019981], [12.5055956, 52.1793399], [12.4930857, 52.1704313], [12.4434755, 52.1785636], [12.4221896, 52.152556], [12.3579024, 52.1370179], [12.2993658, 52.1561369], [12.2572231, 52.1343574], [12.2731018, 52.1015496], [12.2118185, 52.1024986], [12.1780012, 52.0767631], [12.0386123, 52.0632565], [12.0307159, 52.0479116], [12.0522165, 52.0435169], [12.014451, 52.0378151], [11.9939803, 52.0068648], [11.9641971, 51.9990446], [11.9610213, 51.9803868], [11.9870083, 51.9777511], [11.97999, 51.9610602], [11.9988298, 51.9587595], [11.9550132, 51.9300567], [12.0156094, 51.8870876], [12.0261669, 51.8625794], [12.1418237, 51.8693635], [12.1322107, 51.8100476], [12.1047663, 51.8039976], [12.1074485, 51.8264687], [12.0529139, 51.8339146], [12.0303726, 51.8180865], [12.0021933, 51.822858], [11.9731664, 51.8016888], [11.9883585, 51.7909927], [11.9278907, 51.7918686], [11.9272041, 51.8103129], [11.9557857, 51.81286], [11.96424, 51.84527], [11.9591331, 51.869549], [11.9373321, 51.8814981], [11.9096946, 51.8718808], [11.923449, 51.8582593], [11.877476, 51.8350682], [11.866039, 51.8105451], [11.8473816, 51.8212432], [11.8616617, 51.8349289], [11.8156242, 51.8769414], [11.7253303, 51.8672171], [11.7246866, 51.8330726], [11.7004394, 51.8477622], [11.6645621, 51.8268401], [11.6669387, 51.8566822], [11.5694618, 51.8513145], [11.5257739, 51.8824253], [11.4756488, 51.8537533], [11.49024, 51.8241611], [11.4829444, 51.7969914], [11.5237998, 51.7941248], [11.5110969, 51.7651309], [11.5602779, 51.7358526], [11.4946174, 51.7464821], [11.4940166, 51.7300585], [11.4456936, 51.712459], [11.400375, 51.7274537], [11.3915345, 51.6978318], [11.3457867, 51.6819226], [11.3494777, 51.6505133], [11.2595271, 51.6079965], [11.2426185, 51.6115011], [11.2354945, 51.6526434], [11.2044238, 51.6673918], [11.2056254, 51.6875099], [11.2473392, 51.6916601], [11.3068198, 51.7321317], [11.2982368, 51.7585968], [11.3557433, 51.7424432], [11.4037227, 51.7616249], [11.4246225, 51.7853914], [11.4000963, 51.8132316], [11.3213038, 51.8305134], [11.3168834, 51.8212168], [11.3675666, 51.8102997], [11.3450145, 51.7971771], [11.2665224, 51.8069696], [11.2355583, 51.778471], [11.2160107, 51.813497], [11.234207, 51.8485045], [11.1226269, 51.8429901], [11.0968777, 51.8264424], [11.0963627, 51.8093579], [11.1198803, 51.7657154], [11.1102673, 51.7514773], [11.127262, 51.7344174], [11.1215972, 51.7203822], [11.0350799, 51.6722891], [10.9787106, 51.6966213], [10.9674239, 51.7239844], [11.0019493, 51.7327961], [11.0098886, 51.7636435], [11.0346507, 51.7635373], [11.0379123, 51.787648], [11.0119056, 51.7835065], [11.0222911, 51.7924261], [11.009159, 51.8052714], [11.0561942, 51.830951], [10.9725952, 51.8416377], [10.927019, 51.8304206], [10.9205817, 51.8456943], [10.8937167, 51.8389596], [10.8841037, 51.8660511], [10.8356952, 51.8211372], [10.8278846, 51.7887098], [10.7409381, 51.7785682], [10.7295441, 51.7715977], [10.7454014, 51.7723678], [10.7413459, 51.7599647], [10.6871223, 51.7730981], [10.702089, 51.7522211], [10.5840611, 51.7821591], [10.5984592, 51.791424], [10.5739975, 51.8108436], [10.5879879, 51.8344251], [10.5789214, 51.8475728], [10.6502709, 51.8917421], [10.6451507, 51.9103909], [10.6114439, 51.9205953], [10.6129925, 51.9385247], [10.6511892, 51.9573669], [10.5870068, 51.9741815], [10.5582261, 52.0059665], [10.57271, 52.0592459], [10.6002187, 52.0608951], [10.6242084, 52.0387126], [10.7219266, 52.0497722], [10.73493, 52.0971207], [10.7593059, 52.0864156], [10.7437706, 52.0464731], [10.7635974, 52.0455229], [10.7717943, 52.0266205], [10.7099532, 52.0142214], [10.7261323, 52.0017659], [10.8117914, 51.9987011], [10.8221339, 52.0266205], [10.8037662, 52.0475817], [10.8807993, 52.0589029], [10.9562766, 52.0578804], [10.9469318, 52.0177474], [10.9743976, 52.0183284], [10.989933, 52.0512105], [10.9647631, 52.0563961], [10.9698701, 52.0868243], [10.9399366, 52.0953674], [11.0343504, 52.1296682], [11.0602283, 52.1724315], [11.0387277, 52.1662724], [11.0141372, 52.1818792], [11.0134935, 52.1995586], [11.0860633, 52.2286406], [11.0759353, 52.2530012], [11.0597133, 52.2425175], [11.0118198, 52.2879551], [11.0359811, 52.3102629], [10.9834957, 52.3416846], [11.0579108, 52.3503885], [11.0738539, 52.3744465], [11.0257244, 52.3907397], [10.933628, 52.4603765], [10.9497213, 52.4959244], [11.0088157, 52.4965253], [10.9374046, 52.5672993], [10.9768008, 52.6243106], [10.9201526, 52.6101885], [10.8285712, 52.7171109], [10.7964706, 52.7143032], [10.7917499, 52.7478013], [10.7556581, 52.7834022], [10.7647776, 52.8419725], [10.9395504, 52.8527804], [10.9851694, 52.8815625], [11.0008764, 52.9115678], [11.0916423, 52.9134829], [11.0971784, 52.8976939], [11.1548566, 52.9064174], [11.2203455, 52.8975386], [11.2390995, 52.8793611], [11.2907695, 52.8890464], [11.2952327, 52.8747767], [11.3139009, 52.8782734], [11.5052604, 52.9408282], [11.4927291, 52.9597037], [11.5119713, 53.0064141], [11.5549671, 52.9964871], [11.5677452, 53.012821], [11.5689039, 53.0398584], [11.5524717, 53.0504661], [11.507635, 53.0480415], [11.4535683, 53.0778942], [11.3362424, 53.0559464], [11.2707883, 53.0993239], [11.2662113, 53.1220407], [11.3951826, 53.11054], [11.3953971, 53.1400262], [11.4148807, 53.1373488], [11.4463803, 53.1696209], [11.5157318, 53.1797811], [11.5282201, 53.1983208], [11.6290927, 53.2420861], [11.700096, 53.2438004], [11.7407369, 53.2183429], [11.8281553, 53.2286459], [11.795883, 53.2535067], [11.8621443, 53.2486795], [11.8925284, 53.2792769], [11.9542407, 53.2736826], [11.9908905, 53.29744], [11.9735527, 53.310083], [11.9907188, 53.3279], [12.0047307, 53.2999279], [12.0236777, 53.3041595], [12.0161246, 53.3329233], [11.9823503, 53.345607], [12.0020055, 53.3539583], [12.0108461, 53.3658419], [11.9963836, 53.3798214], [12.0214033, 53.3960995], [12.0774078, 53.3692476], [12.0818709, 53.3464012], [12.1520805, 53.3615652], [12.1687316, 53.3394322], [12.2301864, 53.3580821], [12.2600555, 53.324004], [12.3106097, 53.3271823], [12.3929214, 53.3023643], [12.3916339, 53.2851782], [12.4289703, 53.2743499], [12.4456214, 53.2497579], [12.5292205, 53.264751], [12.6014899, 53.2447249], [12.660284, 53.2547391], [12.6752186, 53.2469076], [12.6708412, 53.2296734], [12.7573156, 53.2243811], [12.7389049, 53.1998633], [12.7641391, 53.1891677], [12.8459357, 53.2012], [12.8796672, 53.1793439], [12.9660129, 53.2002746], [12.9795312, 53.1905819], [12.9420232, 53.1746112], [12.9800462, 53.1626228], [13.0260515, 53.1851689], [13.0548692, 53.157914], [13.09654, 53.1650413], [13.099072, 53.1511973], [13.1297564, 53.1424846], [13.1061744, 53.0992295], [13.1503343, 53.1033521], [13.1598186, 53.082039], [13.2033346, 53.0791776], [13.2482242, 53.0533643], [13.3050441, 53.0604832], [13.3670139, 53.0818328], [13.2871055, 53.1388162], [13.2267665, 53.1110037], [13.1967687, 53.1297534], [13.1876707, 53.1789066], [13.1133842, 53.1861076], [13.1040931, 53.2357229], [13.1809329, 53.2510418], [13.2029056, 53.2214777], [13.2296419, 53.2163642], [13.2511425, 53.2470874], [13.2286119, 53.2526594], [13.247838, 53.265521], [13.2760334, 53.265444], [13.2986068, 53.2808677], [13.3605765, 53.2779426], [13.3852958, 53.2452385], [13.4057557, 53.2468082], [13.4422015, 53.2864096], [13.4369659, 53.2989276], [13.4833145, 53.2912839], [13.5025405, 53.3274642], [13.5236978, 53.3200819], [13.5162305, 53.3521396], [13.5556697, 53.376775], [13.5501765, 53.399554], [13.7094783, 53.4783414], [13.6871623, 53.4910075], [13.6936854, 53.5088254], [13.6685371, 53.5112243], [13.6787509, 53.5358187], [13.724842, 53.5429086], [13.725872, 53.571919], [13.7701606, 53.6070719], [13.8210153, 53.5873084], [13.7918329, 53.5593027], [13.8683509, 53.5813724], [13.9023828, 53.5689628], [13.8790583, 53.5021636], [13.893156, 53.4986154], [13.8942717, 53.5135722], [13.9743518, 53.499126], [13.9527225, 53.4910075], [14.0237044, 53.4664892], [14.0388965, 53.4959605], [14.1049002, 53.5203086], [14.1660976, 53.5139294], [14.1796614, 53.4719065], [14.2650603, 53.4912118], [14.304714, 53.4857986], [14.2859171, 53.4490114], [14.2287859, 53.4357171], [14.2441174, 53.3941804], [14.2272946, 53.3638702], [14.1074749, 53.2810218], [14.0930554, 53.2220689], [14.1212078, 53.1642696], [14.2276379, 53.1302943], [14.26373, 53.1208689], [14.2962598, 53.1864933], [14.3708035, 53.1364736], [14.3941491, 53.162829], [14.374923, 53.1657106], [14.3817898, 53.1992464], [14.4597241, 53.2598738], [14.4551096, 53.274864], [14.5184319, 53.3398938], [14.5616906, 53.3407137], [14.5987695, 53.3689919], [14.6427148, 53.3501419], [14.7271715, 53.3587488], [14.7409044, 53.3947952], [14.7972093, 53.4471719], [14.7635644, 53.4712922], [14.6729272, 53.4753791], [14.6743005, 53.4876374], [14.7676842, 53.5170429], [14.8480211, 53.5174516], [14.9180589, 53.5949508], [14.894713, 53.6405681], [14.8239892, 53.6442312], [14.7505181, 53.6336468], [14.700393, 53.5969879], [14.5980828, 53.5929128], [14.5816033, 53.6332396], [14.5184319, 53.6796289], [14.5452111, 53.7763123], [14.5925896, 53.7763123], [14.5991133, 53.8217332], [14.6193693, 53.832473], [14.6437453, 53.8970561], [14.7110363, 53.9421445], [14.7563549, 53.9441653], [14.7560116, 54.0019174], [14.7733497, 54.022394], [14.7294044, 54.0208309], [14.689407, 54.0694624], [15.2518937, 54.1955155], [15.4694238, 54.2168835], [15.8130484, 54.2895935], [16.0608481, 54.3177838], [16.2101368, 54.3905313], [16.3705105, 54.5276133], [16.4791745, 54.5864158], [16.8582349, 54.6419945], [17.0147582, 54.7179058], [17.2355557, 54.7815479], [17.955034, 54.8818028], [18.0595846, 54.8848894], [18.0619311, 54.8288509]], [[11.9111752, 52.0017395], [11.9065618, 51.981801], [11.9541763, 52.0009205], [11.9111752, 52.0017395]], [[10.7046962, 52.021273], [10.7096529, 52.0167569], [10.7110047, 52.0216295], [10.7046962, 52.021273]], [[11.7223694, 51.9462751], [11.8536472, 51.9131704], [11.8828296, 51.9156588], [11.866908, 51.9337878], [11.9291782, 51.949119], [11.8832587, 51.9858317], [11.8854904, 52.0152778], [11.8993949, 52.0166381], [11.8857231, 52.0241652], [11.9291782, 52.0258283], [11.939907, 52.0428306], [11.8860053, 52.0607763], [11.9040297, 52.068322], [11.9112395, 52.1034476], [11.9280623, 52.101866], [11.9145869, 52.1538198], [11.9278907, 52.1816687], [11.8929576, 52.171563], [11.9106387, 52.1397572], [11.9017981, 52.1172582], [11.7514443, 52.0935745], [11.7667865, 52.0777917], [11.7329263, 52.0450742], [11.691513, 52.0677547], [11.7318534, 52.0275711], [11.788845, 52.0323766], [11.8247652, 52.009929], [11.8006038, 51.989056], [11.7421746, 52.0102658], [11.7372608, 51.9953982], [11.7669368, 51.9918308], [11.7657837, 51.9757108], [11.6800543, 51.9563205], [11.695143, 51.9542159], [11.691169, 51.9314409], [11.7117768, 51.9290607], [11.7223694, 51.9462751]], [[11.9887662, 52.0731889], [11.9998598, 52.0653737], [12.0325183, 52.0682955], [11.9887662, 52.0731889]], [[12.4753185, 52.2284306], [12.5187921, 52.2576773], [12.5404043, 52.2543423], [12.519736, 52.2624713], [12.4560928, 52.2628783], [12.4540325, 52.2446725], [12.4753185, 52.2284306]], [[11.8950175, 52.326947], [11.9665145, 52.3323496], [11.9262599, 52.3561552], [11.8950175, 52.326947]], [[11.2861346, 52.3591431], [11.3318181, 52.3643715], [11.356945, 52.3386168], [11.3953972, 52.3526297], [11.4036369, 52.3752062], [11.4397716, 52.372167], [11.4423895, 52.3574264], [11.4659071, 52.373739], [11.3754844, 52.400298], [11.3824367, 52.4306877], [11.3547778, 52.4248129], [11.3281488, 52.4433765], [11.2899971, 52.4361299], [11.2743115, 52.4469209], [11.2381982, 52.4534204], [11.2606001, 52.4386807], [11.2325656, 52.4363785], [11.2306022, 52.4029426], [11.3056612, 52.3278387], [11.2861346, 52.3591431]], [[11.0233211, 52.5149412], [11.0350799, 52.4982236], [11.0839605, 52.5356205], [11.0838747, 52.5699078], [11.0433196, 52.5565249], [11.0233211, 52.5149412]], [[11.1743831, 52.5463479], [11.1158466, 52.546374], [11.1730527, 52.5268225], [11.1743831, 52.5463479]], [[11.1506509, 52.6548841], [11.1051178, 52.6074261], [11.155157, 52.5738984], [11.2086294, 52.5720727], [11.227684, 52.5437903], [11.2845897, 52.566282], [11.2249374, 52.5993464], [11.2564372, 52.6269677], [11.2314605, 52.6370217], [11.2285852, 52.6638125], [11.1969432, 52.6732888], [11.1854124, 52.6507186], [11.1506509, 52.6548841]], [[11.2992239, 52.6967252], [11.2466526, 52.6607932], [11.2751483, 52.6434801], [11.294546, 52.6550924], [11.2992239, 52.6967252]], [[13.1399914, 52.1911935], [13.1138989, 52.2336875], [13.0823132, 52.1958235], [13.1399914, 52.1911935]], [[12.6344488, 53.0118916], [12.5305938, 53.0065465], [12.4983644, 52.9867355], [12.5407218, 52.9596003], [12.6317024, 52.9802505], [12.6554775, 53.0006584], [12.6344488, 53.0118916]], [[12.5429105, 53.0391746], [12.6084422, 53.0265032], [12.6272391, 53.0703084], [12.5643252, 53.0985595], [12.5429105, 53.0391746]], [[13.3575725, 53.2596683], [13.3560275, 53.2531986], [13.3729362, 53.2586414], [13.3575725, 53.2596683]], [[13.2418084, 53.2562795], [13.2399201, 53.2589174], [13.2376456, 53.2572422], [13.2418084, 53.2562795]], [[14.281969, 53.4679709], [14.2569923, 53.4827852], [14.2367362, 53.4584667], [14.281969, 53.4679709]], [[16.1577129, 53.6068682], [16.1296462, 53.6390916], [16.104927, 53.6282005], [16.099863, 53.6076321], [16.0717105, 53.6015717], [16.0747146, 53.5764039], [16.0527419, 53.5768626], [16.0729121, 53.5543826], [16.0576343, 53.5430106], [16.119089, 53.5530059], [16.1007213, 53.5423986], [16.1445808, 53.5205637], [16.2084388, 53.5284215], [16.1884402, 53.5366349], [16.1874103, 53.5802769], [16.1678409, 53.577627], [16.1678409, 53.5981082], [16.1276721, 53.5935237], [16.1577129, 53.6068682]], [[16.1290669, 53.7269951], [16.2038898, 53.6938607], [16.2485217, 53.6938607], [16.2683486, 53.7228691], [16.245346, 53.7506902], [16.1852645, 53.7641626], [16.1290669, 53.7269951]]], [[[16.2527273, 53.3284127], [16.27573, 53.2942595], [16.2525557, 53.2781478], [16.2134169, 53.2911813], [16.1984823, 53.3213381], [16.22097, 53.3327183], [16.209812, 53.3510638], [16.2307547, 53.3602847], [16.2750433, 53.353113], [16.2997626, 53.3185695], [16.2527273, 53.3284127]]], [[[19.5031356, 54.0960846], [19.4812274, 54.1071566], [19.4960331, 54.1220109], [19.5053458, 54.1193699], [19.5031356, 54.0960846]]], [[[23.7545007, 54.1925752], [23.7668603, 54.2074365], [23.7393945, 54.2295179], [23.819732, 54.2628183], [23.9893334, 54.2419585], [24.0174859, 54.1921734], [23.9749139, 54.1608262], [23.8114922, 54.1564036], [23.7545007, 54.1925752]]], [[[19.8066964, 54.6813757], [19.874685, 54.7917665], [19.8418995, 54.8584373], [19.8451218, 54.9194077], [19.9098473, 55.0013082], [19.9856868, 55.0181329], [20.1347663, 54.9990079], [20.2721041, 55.0131831], [20.3430528, 54.9938789], [20.4238428, 55.0075622], [20.5471212, 55.0535299], [20.8029044, 55.2438692], [20.8852742, 55.3195493], [20.9692117, 55.4329073], [21.0101136, 55.565271], [21.0167689, 55.6373864], [20.9595856, 55.8975803], [21.2295341, 55.8718679], [21.290388, 55.8520472], [21.3645457, 55.7824137], [21.3671207, 55.7500139], [21.3479804, 55.7397717], [21.4089201, 55.6891977], [21.4580154, 55.6090933], [21.496725, 55.5802854], [21.5156936, 55.5016596], [21.5710544, 55.4664967], [21.5592956, 55.4471754], [21.6024684, 55.4270653], [21.5881347, 55.4021205], [21.606674, 55.3727707], [21.6686438, 55.3555016], [21.706066, 55.3217223], [21.7143058, 55.2928014], [21.7574786, 55.2877186], [21.76795, 55.2940721], [21.7591952, 55.312931], [21.8478583, 55.3232849], [21.866226, 55.3141033], [21.8623636, 55.2820975], [22.0562553, 55.2286805], [22.1359061, 55.2227082], [22.1601104, 55.2253028], [22.1686934, 55.2633705], [22.2054277, 55.3039431], [22.3479073, 55.2931927], [22.3949426, 55.2207992], [22.3283379, 55.2051291], [22.2128963, 55.2057655], [22.1870184, 55.1981487], [22.1978759, 55.1827394], [22.1568489, 55.1750447], [22.1865462, 55.1741134], [22.1920394, 55.1528345], [22.5382804, 55.1356168], [22.6096487, 55.0928101], [22.5890922, 55.0728147], [22.596302, 55.0256853], [22.6421356, 54.9715052], [22.6641082, 54.9647553], [22.6593875, 54.9821452], [22.6780128, 54.9877103], [22.7650451, 54.9368074], [22.7532863, 54.918806], [22.7842712, 54.9245772], [22.7950858, 54.9030173], [22.8204917, 54.9119979], [22.8550815, 54.8878148], [22.8397178, 54.8645064], [22.8696727, 54.8524518], [22.8586004, 54.8387626], [22.8870105, 54.8138925], [22.8733634, 54.8061268], [22.8785991, 54.791729], [22.8484725, 54.7858398], [22.8594646, 54.7777154], [22.8434944, 54.7665577], [22.8124237, 54.7665577], [22.8059005, 54.7481086], [22.7781343, 54.752121], [22.7430296, 54.7311379], [22.7487372, 54.7064744], [22.7242755, 54.6867824], [22.7568912, 54.6533038], [22.7416509, 54.6425335], [22.7494239, 54.6316733], [22.6842784, 54.5872836], [22.7123451, 54.563727], [22.6804159, 54.5331354], [22.699127, 54.5064329], [22.7014445, 54.4537241], [22.7360342, 54.4428947], [22.8029822, 54.3409481], [22.7275371, 54.2843185], [22.6942348, 54.2752485], [22.644453, 54.287976], [22.6107215, 54.2599102], [22.5422286, 54.2689334], [22.5269508, 54.2329792], [22.5705527, 54.2037213], [22.59377, 54.1411715], [22.6366853, 54.1065653], [22.6354837, 54.0929765], [22.6037263, 54.0818756], [22.5997781, 54.0528131], [22.6706743, 54.0289484], [22.6965737, 53.9735308], [22.781589, 53.9197832], [22.785301, 53.8838035], [22.7271078, 53.8335873], [22.7262495, 53.8048074], [22.6967238, 53.7620064], [22.6284025, 53.7563233], [22.6066015, 53.7168252], [22.5841139, 53.7345989], [22.5150203, 53.6982818], [22.4229884, 53.6815349], [22.1745299, 53.5576458], [22.0586584, 53.529697], [22.0303773, 53.496854], [21.9896936, 53.5221456], [21.934719, 53.5111988], [21.9015455, 53.4928968], [21.8919752, 53.4670002], [21.8589305, 53.4588755], [21.6864108, 53.4927436], [21.4327383, 53.4628102], [21.2505626, 53.4199167], [21.1143493, 53.3545987], [20.8754825, 53.2719375], [20.8249282, 53.3042621], [20.7209872, 53.3258495], [20.6551981, 53.3175696], [20.5389403, 53.3486044], [20.5130195, 53.3342046], [20.463581, 53.2508877], [20.3762483, 53.1774663], [20.2678871, 53.1402321], [20.1574229, 53.1573222], [20.1200866, 53.1857219], [20.027046, 53.2145654], [19.9827574, 53.1950301], [19.9188995, 53.2281321], [19.9298857, 53.2559715], [19.906969, 53.2875385], [19.9102306, 53.3092882], [19.8693751, 53.3511149], [19.950056, 53.3359985], [19.95409, 53.3694525], [19.986534, 53.3829701], [19.9859332, 53.4022661], [19.918642, 53.4760428], [19.848014, 53.5068794], [19.8879254, 53.5515207], [19.813156, 53.582519], [19.8097227, 53.6007568], [19.7384834, 53.6170266], [19.6864694, 53.5635599], [19.6847531, 53.5284727], [19.6116253, 53.5031593], [19.6133419, 53.5258196], [19.5691824, 53.5186245], [19.4555841, 53.5478563], [19.4624516, 53.5637636], [19.3882071, 53.5749268], [19.3778227, 53.5480596], [19.4016836, 53.5305133], [19.3539618, 53.5134701], [19.3436609, 53.4867185], [19.2270092, 53.4850126], [19.2264988, 53.4568096], [19.1775674, 53.4409964], [19.1119945, 53.4623695], [19.1574093, 53.5107141], [19.2350863, 53.5325539], [19.2338845, 53.56045], [19.0853115, 53.5982102], [18.7580608, 53.604271], [18.7375688, 53.6446379], [18.7889922, 53.7020864], [18.8492768, 53.7297249], [18.8576887, 53.7449549], [18.8362311, 53.7625137], [18.8398355, 53.7824491], [18.9648054, 53.7668769], [19.0001677, 53.7883818], [19.0939807, 53.7936549], [19.1726017, 53.8415641], [19.262638, 53.8231011], [19.3223762, 53.8280659], [19.3323325, 53.8491344], [19.3071841, 53.8642708], [19.3530177, 53.8696356], [19.3400573, 53.9019109], [19.3688106, 53.9078271], [19.3774794, 53.9850644], [19.4185921, 54.0023715], [19.4654989, 54.0826183], [19.581778, 54.0871747], [19.5857477, 54.1261606], [19.5536041, 54.1394243], [19.6141575, 54.1346223], [19.6424818, 54.1475816], [19.6441123, 54.1646578], [19.5811768, 54.1741665], [19.5715853, 54.2035081], [19.6108743, 54.2014623], [19.617891, 54.228301], [19.597871, 54.2348229], [19.6032142, 54.2449423], [19.6469878, 54.2098456], [19.9138355, 54.2475878], [19.9233627, 54.2310477], [19.9124622, 54.2183528], [19.9352073, 54.2184783], [19.9237489, 54.2034703], [19.9549913, 54.1901141], [19.9499702, 54.1392483], [19.9724577, 54.1401157], [19.9963188, 54.1119241], [20.0327109, 54.1119493], [20.0588035, 54.073441], [20.0957107, 54.0765129], [20.0928783, 54.0606977], [20.156393, 54.0365604], [20.1448917, 54.0048936], [20.2088355, 53.9586612], [20.1719281, 53.8630562], [20.1252362, 53.8373355], [20.1492688, 53.7970011], [20.1826787, 53.7804075], [20.1726147, 53.7600784], [20.2574154, 53.6883719], [20.3034207, 53.6893884], [20.3718495, 53.638252], [20.3249645, 53.6328067], [20.3242778, 53.6129788], [20.3729868, 53.5888113], [20.3559494, 53.5791812], [20.3769779, 53.5869517], [20.4821634, 53.5385222], [20.5545401, 53.5799583], [20.5927991, 53.5770409], [20.5660629, 53.5849264], [20.7100868, 53.67382], [20.8374595, 53.7180188], [20.8537244, 53.7320602], [20.8384037, 53.7409701], [21.0712194, 53.8764418], [21.2316799, 54.0518683], [21.2129473, 54.0507346], [21.1742162, 54.0920452], [21.1049509, 54.0938322], [21.0572719, 54.1283233], [20.9785652, 54.1273677], [20.9442758, 54.1499694], [20.8587455, 54.1396632], [20.8654403, 54.1260349], [20.8388328, 54.114968], [20.7986211, 54.1228409], [20.7946729, 54.1459477], [20.7323598, 54.2139865], [20.6928348, 54.1986505], [20.6762694, 54.2106487], [20.4913044, 54.1854937], [20.4084348, 54.2085907], [20.3791236, 54.2422591], [20.3085708, 54.2715398], [20.1722717, 54.27377], [20.0624084, 54.3411482], [20.0132274, 54.3251337], [19.9892806, 54.3332919], [19.9546908, 54.3097639], [19.9195003, 54.3535552], [19.8921203, 54.3589571], [19.9089431, 54.3907786], [19.8451924, 54.3945391], [19.7723651, 54.4314071], [19.7030964, 54.4449456], [19.9551194, 54.5991442], [19.8066964, 54.6813757]], [[19.3963621, 53.6048312], [19.357395, 53.5839457], [19.3543051, 53.5785443], [19.3929289, 53.5794616], [19.3963621, 53.6048312]], [[19.5681309, 53.9805788], [19.5388412, 54.0026866], [19.4947457, 53.9881428], [19.5150232, 53.96414], [19.5681309, 53.9805788]], [[19.5530891, 54.0506716], [19.604051, 54.0262386], [19.6285771, 54.0424575], [19.5711565, 54.0632668], [19.5530891, 54.0506716]]]]}, "properties": {"id": "lca:place/prussia", "title": "Prussia", "occurrences": 12, "first_year": 1431, "last_year": 1440, "variants": "Sprucie; Prucie; Pruciam", "volumes": ["II-4", "II-5", "II-6", "II-7"], "match": "wd:Q27306", "has_outline": true}}, {"type": "Feature", "geometry": {"type": "MultiPolygon", "coordinates": [[[[-9.5681358, 39.3928135], [-9.6037051, 39.4803829], [-9.5640092, 39.5129099], [-9.5306262, 39.517232], [-9.4913788, 39.4962066], [-9.4920843, 39.4586006], [-9.4523371, 39.4371325], [-9.4437276, 39.4109445], [-9.458061, 39.3870647], [-9.5151976, 39.3702099], [-9.5681358, 39.3928135]]], [[[-6.9306589, 41.0277802], [-6.9215794, 41.0024809], [-6.8589414, 40.9494797], [-6.8491062, 40.9027884], [-6.809034, 40.8823955], [-6.801883, 40.8607155], [-6.8019302, 40.8456543], [-6.826916, 40.8402829], [-6.8168647, 40.7971661], [-6.8311181, 40.7528052], [-6.7940204, 40.6612934], [-6.8453631, 40.5659516], [-6.8008685, 40.5503499], [-6.7952733, 40.5113646], [-6.8496983, 40.4515144], [-6.8344721, 40.4077029], [-6.7809693, 40.3645539], [-6.7941145, 40.3283999], [-6.8613835, 40.2996092], [-6.8679974, 40.2643391], [-6.9514249, 40.2575704], [-6.9659511, 40.2369041], [-6.998525, 40.2352165], [-7.0299059, 40.1863736], [-7.0164865, 40.1764639], [-7.012906, 40.1261309], [-6.9407815, 40.1124715], [-6.8637514, 40.0124931], [-6.8867566, 39.9793145], [-6.8849971, 39.940707], [-6.9066385, 39.9238209], [-6.9035409, 39.8708194], [-6.9872041, 39.8100272], [-6.9768326, 39.772321], [-7.0161158, 39.6702958], [-7.1486394, 39.6532005], [-7.2498615, 39.6669945], [-7.3336527, 39.6409508], [-7.5413318, 39.6637497], [-7.4993375, 39.5896487], [-7.461271, 39.5728657], [-7.4302837, 39.534589], [-7.3906854, 39.529717], [-7.3818647, 39.4912973], [-7.2954762, 39.4587399], [-7.3228271, 39.3812924], [-7.3074959, 39.3361081], [-7.2314815, 39.2782586], [-7.2480284, 39.2533747], [-7.241471, 39.208254], [-7.1345675, 39.1712083], [-7.1440362, 39.1086285], [-7.1053445, 39.0991994], [-7.0387869, 39.1183881], [-6.9960391, 39.0992925], [-6.9511401, 39.0235985], [-7.0519213, 38.90709], [-7.0391638, 38.8646624], [-7.1587185, 38.7848791], [-7.0524719, 38.7331131], [-7.0223235, 38.6901305], [-7.0188459, 38.6187897], [-6.9565267, 38.5865998], [-6.9678864, 38.5801259], [-6.9526765, 38.5593125], [-6.9734982, 38.488541], [-6.9665592, 38.4658806], [-6.9946919, 38.4602127], [-7.0661, 38.5728954], [-7.2475023, 38.6099436], [-7.3028962, 38.5441198], [-7.3213424, 38.4798237], [-7.2961026, 38.4761225], [-7.335668, 38.4360623], [-7.2797481, 38.4196767], [-7.1694895, 38.2791004], [-7.1505718, 38.2758471], [-7.139937, 38.2354644], [-7.0853933, 38.1692702], [-7.0666195, 38.1864742], [-7.0285989, 38.1825147], [-7.0112032, 38.2045009], [-6.972144, 38.202104], [-6.9372489, 38.2205292], [-6.9315141, 38.2083059], [-6.9691449, 38.1663128], [-6.9521754, 38.1527783], [-6.9878028, 38.1019838], [-7.0020206, 38.0223973], [-7.0467842, 38.0142553], [-7.0987092, 38.0438808], [-7.1283766, 38.0295541], [-7.120668, 38.0046315], [-7.1734541, 37.9928329], [-7.2022728, 38.0034277], [-7.2624418, 37.9798598], [-7.2482602, 37.9547708], [-7.2834694, 37.8689712], [-7.3251349, 37.815323], [-7.4213721, 37.7589418], [-7.4525751, 37.6777908], [-7.4438076, 37.6643918], [-7.4887417, 37.6041922], [-7.5038744, 37.6046702], [-7.5066519, 37.5575885], [-7.5230471, 37.5535571], [-7.5117213, 37.5248842], [-7.4921647, 37.5221692], [-7.4634781, 37.4859197], [-7.4455717, 37.4187109], [-7.4627068, 37.4089891], [-7.4404766, 37.3910153], [-7.4421779, 37.3112999], [-7.4216912, 37.2737849], [-7.4335324, 37.2497362], [-7.413186, 37.2244573], [-7.3953517, 37.1294354], [-7.4569451, 37.1369591], [-7.5353046, 37.1128147], [-7.8775565, 36.9210796], [-7.9549018, 36.9348582], [-8.1114078, 37.0256525], [-8.1876962, 37.0494309], [-8.3051143, 37.0333674], [-8.3664679, 37.0598713], [-8.438704, 37.0459857], [-8.603572, 37.0828438], [-8.652619, 37.0421361], [-8.8128371, 37.0258092], [-8.9327899, 36.9560631], [-8.9803316, 36.9625502], [-9.0312447, 36.9937802], [-9.0466687, 37.0279122], [-8.9588802, 37.1661787], [-8.959385, 37.2181436], [-8.9127313, 37.2669441], [-8.9266548, 37.3250535], [-8.8569044, 37.4248033], [-8.8394719, 37.5240131], [-8.86837, 37.5961649], [-8.8430806, 37.6940139], [-8.8610433, 37.7505516], [-8.8461647, 37.8842307], [-8.9165562, 37.9086708], [-8.9397597, 37.9473497], [-8.8759396, 38.0541358], [-8.8353133, 38.1640008], [-8.8245693, 38.241928], [-8.8403146, 38.3424897], [-8.8688329, 38.3999855], [-8.930126, 38.4467187], [-9.0537496, 38.3975579], [-9.1486866, 38.3913804], [-9.1937677, 38.3708206], [-9.2489473, 38.3808701], [-9.2713544, 38.4117781], [-9.2321008, 38.5187847], [-9.264592, 38.6014414], [-9.2800312, 38.6196835], [-9.3933621, 38.6578079], [-9.430684, 38.651244], [-9.5118292, 38.6741355], [-9.5354932, 38.7052706], [-9.5256935, 38.7362271], [-9.5493929, 38.7808712], [-9.4668422, 38.9494537], [-9.4701263, 39.0830334], [-9.3905957, 39.2300121], [-9.3957386, 39.2961724], [-9.4533133, 39.341985], [-9.4576868, 39.3684234], [-9.4284563, 39.401397], [-9.3085898, 39.4293345], [-9.1331401, 39.5919527], [-9.0971908, 39.7330477], [-8.917584, 40.1181865], [-8.9583758, 40.1919707], [-8.8251162, 40.545293], [-8.8055303, 40.656978], [-8.6973239, 40.9916556], [-8.7192994, 41.130263], [-8.7642001, 41.1947418], [-8.7903969, 41.315559], [-8.8354303, 41.388773], [-8.8257423, 41.4687062], [-8.8564207, 41.5975388], [-8.9270833, 41.7372244], [-8.9313101, 41.8645222], [-8.8731767, 41.8634248], [-8.754512, 41.933763], [-8.7451223, 41.9643798], [-8.6628919, 42.0025363], [-8.6576624, 42.0301966], [-8.633912, 42.048471], [-8.5460498, 42.0541852], [-8.5236452, 42.0780007], [-8.3320317, 42.0837195], [-8.3171159, 42.1045048], [-8.1986736, 42.154295], [-8.1821972, 42.0650839], [-8.1186944, 42.0823158], [-8.0844505, 42.047345], [-8.0860288, 42.0165009], [-8.162873, 41.982707], [-8.216833, 41.9134526], [-8.1997482, 41.8738756], [-8.1692981, 41.8765152], [-8.1650088, 41.818121], [-8.1308992, 41.8088683], [-8.0140524, 41.8290006], [-7.9876874, 41.8692231], [-7.9212496, 41.8777973], [-7.9063382, 41.9271019], [-7.8846835, 41.9243243], [-7.8922068, 41.8595177], [-7.872804, 41.8448632], [-7.841513, 41.8664819], [-7.8451817, 41.8812849], [-7.7008444, 41.9076711], [-7.6538646, 41.8812041], [-7.5858607, 41.8818635], [-7.6114315, 41.8291889], [-7.5212776, 41.8417521], [-7.5022173, 41.8693882], [-7.4524915, 41.865086], [-7.4258439, 41.8302246], [-7.428244, 41.8072331], [-7.3657801, 41.8527909], [-7.3564365, 41.8405328], [-7.3150076, 41.8428273], [-7.1967303, 41.8799815], [-7.1734323, 41.9190494], [-7.1870746, 41.9695116], [-7.1414489, 41.9907597], [-7.0875007, 41.9734801], [-7.0719295, 41.949654], [-7.0065028, 41.9504946], [-6.9793549, 41.9737831], [-6.957796, 41.9689402], [-6.9442964, 41.9446597], [-6.8932435, 41.9398575], [-6.8215964, 41.9460061], [-6.8113367, 41.9925231], [-6.7686761, 41.9840906], [-6.7505725, 41.9436447], [-6.699995, 41.9333153], [-6.6213767, 41.9397372], [-6.5847528, 41.966335], [-6.5465031, 41.939455], [-6.5711703, 41.8834939], [-6.5155141, 41.8716584], [-6.5435434, 41.7784927], [-6.5689737, 41.7437828], [-6.5488071, 41.7255254], [-6.5482692, 41.6855933], [-6.4995609, 41.6570956], [-6.4573567, 41.6665931], [-6.4442651, 41.6848362], [-6.3022914, 41.6618092], [-6.1891702, 41.5748269], [-6.2577506, 41.5141109], [-6.2510996, 41.5001945], [-6.3054152, 41.4496721], [-6.3001233, 41.4287384], [-6.3332695, 41.410327], [-6.3176604, 41.3857421], [-6.3896475, 41.3847093], [-6.3934822, 41.3698629], [-6.3769614, 41.3593582], [-6.4152687, 41.3479585], [-6.4372168, 41.3055686], [-6.4868777, 41.2913469], [-6.4785246, 41.2758368], [-6.4963055, 41.2662259], [-6.5218752, 41.2758172], [-6.5713298, 41.239042], [-6.5916086, 41.2552372], [-6.5997629, 41.2434684], [-6.6483486, 41.2477378], [-6.709187, 41.1726836], [-6.7686936, 41.1337188], [-6.7547575, 41.1016379], [-6.808931, 41.0364965], [-6.9306589, 41.0277802]]]]}, "properties": {"id": "lca:place/portugal", "title": "Portugal", "occurrences": 16, "first_year": 1431, "last_year": 1547, "variants": "Portugalia; Portugalie; Portugaliam; Portingalia; de Portyngal; Portingal; Portyngale; Portygal; Portingalle; Portugalis; Portygale", "volumes": ["II-4", "II-5", "II-6", "II-7", "II-8", "II-9", "III-5", "IV-13", "IV-19", "IV-20"], "match": "ohm:r2905980", "has_outline": true}}, {"type": "Feature", "geometry": {"type": "MultiPolygon", "coordinates": [[[[-1.7399894, 48.842601], [-1.9030685, 48.8513067], [-1.927452, 48.8877961], [-1.9138461, 48.9163916], [-1.8774331, 48.9372708], [-1.7847858, 48.9397473], [-1.7037854, 48.8861683], [-1.7083736, 48.8593208], [-1.7399894, 48.842601]]], [[[-2.1452814, 48.9060456], [-2.2121116, 48.9168543], [-2.2471449, 48.9429046], [-2.2512214, 49.0067604], [-2.2283019, 49.0374086], [-2.176259, 49.054], [-2.0977471, 49.048166], [-2.0080638, 49.0113198], [-1.9809098, 48.9798517], [-1.9851023, 48.9464454], [-2.0229372, 48.9158053], [-2.1452814, 48.9060456]]], [[[-2.249332, 49.3409662], [-2.1622815, 49.3421991], [-2.1144746, 49.2969357], [-2.0941585, 49.3309812], [-2.0519333, 49.3508562], [-1.8970402, 49.3396762], [-1.8532685, 49.3213314], [-1.8381174, 49.2849118], [-1.8795629, 49.2435844], [-1.9433514, 49.2340158], [-1.9523913, 49.1567504], [-1.989437, 49.1153926], [-2.0636718, 49.0989521], [-2.1086553, 49.1175452], [-2.2671769, 49.1304916], [-2.3176756, 49.1567807], [-2.3257128, 49.1851428], [-2.3115964, 49.2101257], [-2.3283527, 49.2603617], [-2.249332, 49.3409662]]], [[[-1.5717323, 48.6261017], [-1.5808741, 48.6773877], [-1.644894, 48.7258723], [-1.6468571, 48.7857231], [-1.687247, 48.829979], [-1.6388306, 48.9376065], [-1.6388023, 48.9648358], [-1.684488, 49.0446272], [-1.6767604, 49.1658398], [-1.7797098, 49.2963222], [-1.8912531, 49.3680363], [-1.9254165, 49.479171], [-1.9673983, 49.5266021], [-1.9569396, 49.5628076], [-1.9226189, 49.5889962], [-1.9266, 49.6137082], [-1.9978396, 49.6419607], [-2.0209567, 49.6721282], [-2.0185293, 49.7380913], [-1.9744342, 49.7723224], [-1.8379501, 49.7689003], [-1.7589648, 49.7339614], [-1.5523689, 49.708494], [-1.5171235, 49.7365752], [-1.4373836, 49.7553272], [-1.2482471, 49.743452], [-1.1991924, 49.7147687], [-1.1553684, 49.6251081], [-1.1767643, 49.571165], [-1.2218802, 49.546389], [-1.2080136, 49.5297348], [-1.1441831, 49.5492486], [-1.0836682, 49.5314196], [-1.0660034, 49.4949782], [-1.1131256, 49.4510533], [-1.0974082, 49.4401765], [-0.9332693, 49.4456025], [-0.8469641, 49.4158671], [-0.6125479, 49.3898805], [-0.391188, 49.3864484], [-0.1961797, 49.3406425], [-0.04627, 49.3712688], [0.0591104, 49.4324999], [-0.0038112, 49.4935746], [-0.0069413, 49.5338384], [0.0892471, 49.7015402], [0.1496631, 49.7501627], [0.2907227, 49.7911226], [0.5356006, 49.8935509], [1.0237714, 49.9694794], [1.1659761, 50.0212016], [1.2830192, 50.0867256], [1.4467607, 50.0421487], [1.5566247, 49.9693314], [1.631469, 49.9582889], [1.7227922, 49.8683092], [1.7344652, 49.821152], [1.7935167, 49.7493316], [1.7440782, 49.7284749], [1.7330919, 49.6542946], [1.7344652, 49.6116007], [1.7990099, 49.4971214], [1.7797838, 49.4359858], [1.7427035, 49.4342006], [1.6424534, 49.4699108], [1.5476962, 49.4672334], [1.4749119, 49.4841876], [1.4172336, 49.4449163], [1.3993822, 49.4127611], [1.2290941, 49.3009502], [1.1556237, 49.2924418], [1.1727898, 49.2642204], [1.1645494, 49.1718289], [1.1961351, 49.1296121], [1.2730394, 49.1026464], [1.3005052, 49.0459707], [1.4048753, 49.0009439], [1.3952623, 48.9612866], [1.4419542, 48.9044497], [1.4199815, 48.8502591], [1.3650499, 48.8403178], [1.3623033, 48.7869626], [1.2558733, 48.741249], [1.2160478, 48.7503045], [1.0368333, 48.7122604], [0.8390794, 48.7027449], [0.808867, 48.6619438], [0.7058702, 48.6347246], [0.6166063, 48.5847847], [0.5603014, 48.6192939], [0.49713, 48.6238329], [0.4092393, 48.5811508], [0.4174791, 48.5429789], [0.3275285, 48.472467], [0.225905, 48.4742878], [0.159987, 48.4387686], [0.117415, 48.4387686], [0.0597375, 48.400033], [-0.0569923, 48.3790581], [-0.1414503, 48.4729222], [-0.1428236, 48.5229726], [-0.1950087, 48.5429789], [-0.2073683, 48.5638861], [-0.2650465, 48.5657037], [-0.281526, 48.4974985], [-0.3240981, 48.4865772], [-0.4696669, 48.4984086], [-0.5905165, 48.4592635], [-0.682527, 48.4701907], [-0.7649245, 48.4456011], [-0.876161, 48.5175149], [-0.9310927, 48.5320673], [-1.0677352, 48.5093274], [-1.0773475, 48.5275197], [-1.1638648, 48.527065], [-1.1927039, 48.5452514], [-1.2572486, 48.5420692], [-1.2648017, 48.5079622], [-1.2929542, 48.4797497], [-1.3856513, 48.4619951], [-1.4865882, 48.4674587], [-1.5334518, 48.5507628], [-1.5444376, 48.6046523], [-1.5717323, 48.6261017]]], [[[-2.6788359, 49.3747929], [-2.7455281, 49.410697], [-2.7453967, 49.4821896], [-2.7170176, 49.5040632], [-2.5527955, 49.5572257], [-2.3655328, 49.5504019], [-2.3381357, 49.527129], [-2.3358107, 49.4969921], [-2.2816724, 49.4743453], [-2.2606337, 49.4335562], [-2.3056041, 49.3722981], [-2.3553051, 49.3518194], [-2.4109127, 49.3595777], [-2.4598125, 49.4023492], [-2.5252499, 49.3690371], [-2.6788359, 49.3747929]]], [[[-2.1164715, 49.7716195], [-2.0832959, 49.7416577], [-2.0879931, 49.7047796], [-2.1892439, 49.6498501], [-2.266494, 49.6583304], [-2.3083893, 49.6909923], [-2.3541594, 49.6733462], [-2.4155472, 49.6746171], [-2.4618954, 49.7161562], [-2.4488515, 49.7480152], [-2.4026084, 49.7700429], [-2.3356712, 49.7672161], [-2.2432788, 49.787519], [-2.1164715, 49.7716195]]]]}, "properties": {"id": "lca:place/normandy", "title": "Normandy", "occurrences": 2, "first_year": 1434, "last_year": 1446, "variants": "Normannie; Normandiam", "volumes": ["II-5", "II-6", "II-8", "II-9"], "match": "wd:Q18677875", "has_outline": true}}, {"type": "Feature", "geometry": {"type": "Polygon", "coordinates": [[[-7.0236764, 43.5956012], [-7.0473255, 43.4774442], [-7.0902249, 43.4552716], [-7.1026864, 43.4270059], [-7.1728393, 43.4302284], [-7.1687624, 43.4047758], [-7.1824889, 43.392459], [-7.1275329, 43.3725994], [-7.1312075, 43.3313483], [-7.1009328, 43.30381], [-7.0597847, 43.3053346], [-7.0715075, 43.2712181], [-7.0615906, 43.2440479], [-7.0200533, 43.21324], [-7.009583, 43.2228817], [-7.0014446, 43.2072758], [-6.9710188, 43.20425], [-6.9649013, 43.1875447], [-6.9807729, 43.1665455], [-6.9570779, 43.1348962], [-6.8858785, 43.156827], [-6.8674252, 43.1900932], [-6.8221249, 43.1433323], [-6.8716511, 43.0910202], [-6.9155493, 43.0732589], [-6.9386889, 43.0865119], [-6.9688537, 43.0568789], [-6.9650738, 43.034773], [-6.9821742, 43.041413], [-6.996904, 43.0195696], [-6.9622122, 42.990512], [-6.9567751, 43.0365567], [-6.910002, 42.9898964], [-6.8645583, 42.9837796], [-6.8357808, 42.9577051], [-6.8418288, 42.9284464], [-6.8241894, 42.915061], [-6.8419769, 42.9063571], [-6.814053, 42.8716924], [-6.8712792, 42.8738409], [-6.8403212, 42.8233647], [-6.8674305, 42.7871737], [-6.935603, 42.740863], [-6.9594828, 42.7550302], [-6.9728844, 42.7250054], [-7.0108876, 42.7236607], [-7.0451918, 42.6947654], [-7.0043571, 42.6428722], [-7.0470048, 42.6327004], [-7.0501686, 42.5979371], [-7.0335622, 42.5840901], [-7.0695188, 42.5540152], [-7.0594327, 42.530583], [-7.0770689, 42.5080004], [-6.9785416, 42.4932532], [-6.9600885, 42.5177631], [-6.9321956, 42.520544], [-6.8605616, 42.4890875], [-6.826694, 42.4929581], [-6.8083913, 42.4690595], [-6.8227684, 42.4529126], [-6.8142729, 42.4273539], [-6.8423073, 42.4036172], [-6.7339533, 42.3591114], [-6.7411458, 42.2986635], [-6.7669968, 42.2574577], [-6.8030803, 42.2390438], [-6.7869914, 42.2159114], [-6.8436449, 42.2283052], [-6.8865608, 42.214542], [-6.9008485, 42.1894676], [-6.9438467, 42.1718606], [-6.9486549, 42.135592], [-6.9861585, 42.1240284], [-7.0021209, 42.0845998], [-7.0335847, 42.074235], [-7.0118319, 42.0524159], [-6.9747916, 42.0551566], [-6.9610983, 42.0279063], [-7.0062442, 41.9505726], [-7.0734334, 41.9500042], [-7.0875007, 41.9734801], [-7.1414489, 41.9907597], [-7.178168, 41.9800621], [-7.1895632, 41.9418647], [-7.1734323, 41.9190494], [-7.1967303, 41.8799815], [-7.3150076, 41.8428273], [-7.3564365, 41.8405328], [-7.3657801, 41.8527909], [-7.428244, 41.8072331], [-7.4258439, 41.8302246], [-7.4524915, 41.865086], [-7.5022173, 41.8693882], [-7.5212776, 41.8417521], [-7.6114315, 41.8291889], [-7.6115758, 41.8467318], [-7.5840752, 41.875684], [-7.5858607, 41.8818635], [-7.6538646, 41.8812041], [-7.7008444, 41.9076711], [-7.8451817, 41.8812849], [-7.841513, 41.8664819], [-7.872804, 41.8448632], [-7.8922068, 41.8595177], [-7.8846835, 41.9243243], [-7.9063382, 41.9271019], [-7.9212496, 41.8777973], [-7.9876874, 41.8692231], [-8.0140524, 41.8290006], [-8.1308992, 41.8088683], [-8.1650088, 41.818121], [-8.1692981, 41.8765152], [-8.1997482, 41.8738756], [-8.216833, 41.9134526], [-8.162873, 41.982707], [-8.0860288, 42.0165009], [-8.0844505, 42.047345], [-8.1186944, 42.0823158], [-8.1821972, 42.0650839], [-8.1986736, 42.154295], [-8.3171159, 42.1045048], [-8.3320317, 42.0837195], [-8.5236452, 42.0780007], [-8.5460498, 42.0541852], [-8.633912, 42.048471], [-8.6576624, 42.0301966], [-8.6628919, 42.0025363], [-8.7451223, 41.9643798], [-8.754512, 41.933763], [-8.8731767, 41.8634248], [-8.9313101, 41.8645222], [-8.9497643, 42.1121803], [-8.9144981, 42.155643], [-8.9586333, 42.1841682], [-8.9669392, 42.2444571], [-8.9572566, 42.2709251], [-8.9121982, 42.2871576], [-8.9070564, 42.3135287], [-8.9503212, 42.3076295], [-8.9825705, 42.3272965], [-8.9996159, 42.3722998], [-8.9643687, 42.4256962], [-9.0466687, 42.4363017], [-9.1005983, 42.4918316], [-9.0939757, 42.5334672], [-9.1399024, 42.5661048], [-9.1393977, 42.5892171], [-9.0905266, 42.6480144], [-9.0823712, 42.7023818], [-9.1541016, 42.7314922], [-9.1994621, 42.7895128], [-9.1904935, 42.8318936], [-9.2294725, 42.8600078], [-9.270373, 42.8440901], [-9.3055612, 42.8529246], [-9.3465637, 42.9170005], [-9.3135776, 42.9857335], [-9.3489033, 43.0386779], [-9.3477712, 43.062417], [-9.2593655, 43.1363397], [-9.257529, 43.1826046], [-9.1710676, 43.2318354], [-9.0803675, 43.2266264], [-9.0384961, 43.264106], [-9.0158425, 43.3106719], [-8.8987414, 43.3579571], [-8.8653166, 43.3962012], [-8.813665, 43.3951095], [-8.7567848, 43.337591], [-8.7068284, 43.329743], [-8.6183611, 43.3575591], [-8.5579956, 43.3506666], [-8.5316179, 43.3832648], [-8.4756058, 43.4131436], [-8.3829009, 43.4235538], [-8.3728575, 43.431677], [-8.3976089, 43.4667348], [-8.3558425, 43.5909276], [-8.326047, 43.603704], [-8.2709727, 43.5977732], [-8.2204607, 43.6473885], [-8.1391708, 43.6766749], [-8.0816672, 43.7394025], [-8.0055947, 43.7460221], [-7.9190867, 43.8020895], [-7.8489005, 43.8046825], [-7.8111205, 43.7687547], [-7.7601084, 43.7813753], [-7.7116048, 43.8217206], [-7.66781, 43.8227485], [-7.5914905, 43.7844168], [-7.578913, 43.7613431], [-7.5141714, 43.7717842], [-7.409959, 43.7478639], [-7.3890255, 43.7224757], [-7.321834, 43.696338], [-7.2545864, 43.620875], [-7.2122084, 43.6009102], [-7.0236764, 43.5956012]]]}, "properties": {"id": "lca:place/galicia", "title": "Galicia", "occurrences": 2, "first_year": 1533, "last_year": 1535, "variants": "", "volumes": ["IV-17"], "match": "osm:r349036", "has_outline": true}}, {"type": "Feature", "geometry": {"type": "MultiPolygon", "coordinates": [[[[4.6428502, 53.0709091], [4.7935624, 53.2569861], [4.9434138, 53.3291518], [5.0462794, 53.3570186], [5.0834894, 53.4063976], [5.1507689, 53.440125], [5.4627298, 53.4929389], [5.5591665, 53.4884549], [5.5728136, 53.4054394], [5.494536, 53.3226718], [5.3901659, 53.2561776], [5.3421007, 53.1846426], [5.1141344, 53.2274135], [4.9246202, 53.1780586], [4.9822984, 53.1204061], [4.9768053, 53.0535973], [4.8779283, 52.9759359], [5.0372301, 53.0065214], [5.116881, 52.958567], [5.1127611, 52.8956495], [5.0468431, 52.8276622], [5.1979051, 52.816044], [5.386046, 52.7670474], [5.3819261, 52.735461], [5.3146349, 52.6405643], [5.2336107, 52.5897016], [5.1237474, 52.5788544], [5.1882921, 52.5212356], [5.1553331, 52.4643779], [5.1718126, 52.4258736], [5.1182542, 52.3848211], [5.3640733, 52.3496029], [5.2617638, 52.2824424], [5.1992791, 52.1768797], [5.0468438, 52.1655094], [5.0351708, 52.1823533], [5.0440972, 52.2042407], [5.147094, 52.2076071], [5.1361077, 52.261434], [5.0159447, 52.3034409], [4.9328606, 52.2774013], [4.9074548, 52.2505057], [4.8054879, 52.2807621], [4.7725289, 52.2530279], [4.7189706, 52.2433588], [4.7272103, 52.2101317], [4.801368, 52.2366313], [4.8418801, 52.2105524], [4.822654, 52.1932983], [4.8810189, 52.1674046], [4.8724358, 52.1387566], [4.8271172, 52.1440242], [4.7910683, 52.1240042], [4.823684, 52.1079817], [4.9146645, 52.1248473], [4.9390405, 52.0904768], [4.7993081, 52.0554465], [4.8078912, 52.0334858], [4.9462502, 52.0643122], [4.9562066, 52.0508019], [4.9287411, 52.0294724], [4.7660058, 52.0007359], [4.792785, 51.976845], [4.9201577, 51.9937602], [5.0482171, 52.0379211], [5.0911324, 52.0167969], [5.1031491, 52.0031663], [5.083923, 51.9991504], [5.0053021, 51.9008592], [4.995689, 51.8253814], [5.0715634, 51.7790993], [5.0938794, 51.787595], [5.1393693, 51.7723019], [5.1431458, 51.7545593], [5.1776501, 51.7597657], [5.1841724, 51.7420094], [5.1443475, 51.7070344], [4.9774926, 51.6878827], [4.922561, 51.6337888], [4.7357934, 51.6529633], [4.5641323, 51.6288871], [4.5170539, 51.607104], [4.4449994, 51.61354], [4.3623112, 51.662528], [4.2428456, 51.6470125], [4.1562646, 51.6827743], [4.0443406, 51.698524], [4.0106957, 51.7584909], [3.9276116, 51.7712396], [3.8809191, 51.7474395], [3.7484823, 51.7903298], [3.7738477, 51.7954497], [3.7837479, 51.8296769], [3.8194609, 51.8570833], [3.9472812, 51.8916495], [4.0129774, 51.9626896], [4.037565, 52.0150888], [4.2695535, 52.1828769], [4.4230093, 52.3502095], [4.5043424, 52.5073424], [4.5424755, 52.6173528], [4.5566868, 52.7466909], [4.6283647, 52.8992833], [4.6428502, 53.0709091]]], [[[5.5762478, 52.6209761], [5.5120455, 52.6628503], [5.6215664, 52.7069714], [5.6713472, 52.7044758], [5.6911198, 52.6776441], [5.6620431, 52.6417883], [5.5762478, 52.6209761]]], [[[5.7781216, 52.6919917], [5.8378587, 52.6830436], [5.8598314, 52.639731], [5.7067101, 52.6408764], [5.7362352, 52.6772156], [5.7781216, 52.6919917]]]]}, "properties": {"id": "lca:place/holland", "title": "Holland", "occurrences": 32, "first_year": 1431, "last_year": 1485, "variants": "Holandie; Hollandie; Holandia; Housdowne in Holandia; Holand", "volumes": ["II-4", "II-5", "II-6", "II-7", "II-9", "III-2", "III-5", "III-6"], "match": "ohm:r2840501", "has_outline": true}}, {"type": "Feature", "geometry": {"type": "MultiPolygon", "coordinates": [[[[-3.0383097, 42.9824707], [-3.0603671, 43.0032107], [-3.0891534, 43.0015033], [-3.0500444, 43.0467118], [-3.0183435, 43.0373508], [-3.0327237, 43.0201977], [-2.9857913, 43.0116294], [-2.9857092, 42.9921658], [-2.9555771, 42.9988992], [-3.0043303, 42.9825588], [-3.0383097, 42.9824707]]], [[[-2.6336245, 43.0199099], [-2.8940792, 43.0465265], [-2.9726905, 43.0950595], [-2.9354567, 43.1362547], [-2.9539226, 43.1594506], [-2.946324, 43.1704271], [-2.9729471, 43.1862347], [-3.0238026, 43.1338152], [-3.1116113, 43.1432595], [-3.1579733, 43.1780314], [-3.2240928, 43.1701325], [-3.2532735, 43.1987473], [-3.4176081, 43.1333161], [-3.4503291, 43.2360018], [-3.3385841, 43.2780609], [-3.3324053, 43.301878], [-3.2094491, 43.2836068], [-3.1570075, 43.3014686], [-3.1449476, 43.3897873], [-3.1003545, 43.4124083], [-3.0320237, 43.416872], [-2.9507998, 43.4711213], [-2.8384923, 43.468148], [-2.7351043, 43.4908459], [-2.7001136, 43.462737], [-2.4923272, 43.4112158], [-2.3861172, 43.356597], [-2.4374276, 43.2988822], [-2.4180612, 43.2676021], [-2.4365806, 43.2437065], [-2.4977689, 43.2203367], [-2.4841128, 43.1709026], [-2.5097169, 43.1614433], [-2.501815, 43.0949958], [-2.6612395, 43.0739063], [-2.6336965, 43.0448183], [-2.6336245, 43.0199099]], [[-3.3033088, 43.2566371], [-3.2968148, 43.2060193], [-3.2693904, 43.2028124], [-3.2707691, 43.230208], [-3.2491764, 43.2596499], [-3.3033088, 43.2566371]]]]}, "properties": {"id": "lca:place/biscay", "title": "Biscay", "occurrences": 8, "first_year": 1495, "last_year": 1545, "variants": "Byscoy; Biskaya; Byskay; Byscay; Biske; Biscoy", "volumes": ["IV-11", "IV-15", "IV-18", "IV-19", "IV-4", "IV-6"], "match": "wd:Q93366", "has_outline": true}}, {"type": "Feature", "geometry": {"type": "Polygon", "coordinates": [[[3.4390956, 51.4450344], [3.3515393, 51.5081908], [3.3451224, 51.5325416], [3.3621476, 51.5632512], [3.5353367, 51.6414451], [3.6259693, 51.6428257], [3.5981597, 51.6858979], [3.6079666, 51.7357984], [3.6687193, 51.775117], [3.7484823, 51.7903298], [3.8809191, 51.7474395], [3.9276116, 51.7712396], [4.0106957, 51.7584909], [4.0443406, 51.698524], [4.1562646, 51.6827743], [4.2428456, 51.6470125], [4.1844164, 51.6022401], [4.2331682, 51.5642669], [4.2208086, 51.5040421], [4.2826073, 51.445021], [4.2317956, 51.4287555], [4.2160886, 51.3951362], [4.1377251, 51.380353], [4.1068261, 51.3792815], [3.9959328, 51.430682], [3.9526742, 51.427043], [3.9169686, 51.3818529], [3.8390343, 51.3679228], [3.731918, 51.385281], [3.6670297, 51.4148398], [3.4390956, 51.4450344]]]}, "properties": {"id": "lca:place/zealand", "title": "Zealand", "occurrences": 17, "first_year": 1434, "last_year": 1548, "variants": "Selandia; Zelandie; Zelandiam; Zelandia; Sealand", "volumes": ["II-5", "II-6", "II-7", "IV-21"], "match": "tgn:7003635", "has_outline": true}}, {"type": "Feature", "geometry": {"type": "MultiPolygon", "coordinates": [[[[-2.1307655, 48.9067577], [-2.2055477, 48.9147754], [-2.244125, 48.9385577], [-2.2512214, 49.0067604], [-2.2332876, 49.0339357], [-2.1845332, 49.0532972], [-2.1047483, 49.0494474], [-1.9863533, 48.9907107], [-1.980191, 48.9561756], [-2.0114447, 48.9216572], [-2.1307655, 48.9067577]]], [[[-2.2606999, 49.3350622], [-2.2132084, 49.3489271], [-2.1622815, 49.3421991], [-2.1144746, 49.2969357], [-2.0941585, 49.3309812], [-2.0519333, 49.3508562], [-1.9042117, 49.3405126], [-1.8579513, 49.3249544], [-1.8375707, 49.2896504], [-1.8795629, 49.2435844], [-1.9433514, 49.2340158], [-1.9523913, 49.1567504], [-1.9849814, 49.1191509], [-2.0564835, 49.0981756], [-2.1086553, 49.1175452], [-2.2671769, 49.1304916], [-2.3176756, 49.1567807], [-2.3257128, 49.1851428], [-2.3115964, 49.2101257], [-2.3283527, 49.2603617], [-2.2606999, 49.3350622]]]]}, "properties": {"id": "lca:place/jersey", "title": "Jersey", "occurrences": 3, "first_year": 1519, "last_year": 1531, "variants": "Jerssey", "volumes": ["IV-13", "IV-15"], "match": "ohm:w2957449", "has_outline": true}}, {"type": "Feature", "geometry": {"type": "MultiPolygon", "coordinates": [[[[-2.6643126, 49.3736941], [-2.742512, 49.4063963], [-2.7453967, 49.4821896], [-2.7170176, 49.5040632], [-2.5527955, 49.5572257], [-2.3655328, 49.5504019], [-2.3381357, 49.527129], [-2.3358107, 49.4969921], [-2.2816724, 49.4743453], [-2.2606337, 49.4335562], [-2.3056041, 49.3722981], [-2.3481936, 49.3528422], [-2.4109127, 49.3595777], [-2.4598125, 49.4023492], [-2.5252499, 49.3690371], [-2.6643126, 49.3736941]]], [[[-2.1290479, 49.7763126], [-2.0854814, 49.7461329], [-2.0849918, 49.709821], [-2.1892439, 49.6498501], [-2.266494, 49.6583304], [-2.3083893, 49.6909923], [-2.3541594, 49.6733462], [-2.4155472, 49.6746171], [-2.4618954, 49.7161562], [-2.4488515, 49.7480152], [-2.4026084, 49.7700429], [-2.3356712, 49.7672161], [-2.251613, 49.7874108], [-2.1290479, 49.7763126]]]]}, "properties": {"id": "lca:place/guernsey", "title": "Guernsey", "occurrences": 2, "first_year": 1519, "last_year": 1520, "variants": "Garnesey; Gernsey", "volumes": ["IV-13"], "match": "ohm:r2828270", "has_outline": true}}, {"type": "Feature", "geometry": {"type": "Point", "coordinates": [-4.565, 48.59609]}, "properties": {"id": "lca:place/abbaragh", "title": "Abbaragh", "occurrences": 1, "first_year": 1519, "last_year": 1520, "variants": "Abarragh", "volumes": ["IV-13"], "match": "gn:3011078", "has_outline": false}}, {"type": "Feature", "geometry": {"type": "Point", "coordinates": [-2.092603, 57.148249]}, "properties": {"id": "lca:place/aberdeen", "title": "Aberdeen", "occurrences": 4, "first_year": 1439, "last_year": 1440, "variants": "Aburden in Scocia; Aburdyn in Scocia; Aburden; Abirden", "volumes": ["II-7"], "match": "ohm:n2095901903", "has_outline": false}}, {"type": "Feature", "geometry": {"type": "Point", "coordinates": [1.594249, 52.147453]}, "properties": {"id": "lca:place/aldeburgh", "title": "Aldeburgh", "occurrences": 52, "first_year": 1487, "last_year": 1548, "variants": "Alborowgh; Alburgh; Aldburgh; Alborowe; Alborough; Albury; Alborow", "volumes": ["IV-1", "IV-10", "IV-12", "IV-13", "IV-14", "IV-15", "IV-17", "IV-19", "IV-20", "IV-21", "IV-3", "IV-4"], "match": "iv:IV:IV1680-004-36", "has_outline": false}}, {"type": "Feature", "geometry": {"type": "Point", "coordinates": [-7.935278, 37.014444]}, "properties": {"id": "lca:place/algarve", "title": "Algarve", "occurrences": 2, "first_year": 1531, "last_year": 1533, "variants": "Algir; Algare", "volumes": ["IV-16"], "match": "wd:Q26831", "has_outline": false}}, {"type": "Feature", "geometry": {"type": "Point", "coordinates": [4.74861, 52.63167]}, "properties": {"id": "lca:place/alkmaar", "title": "Alkmaar", "occurrences": 1, "first_year": 1465, "last_year": 1472, "variants": "Alkemer", "volumes": ["III-2"], "match": "gn:2759899", "has_outline": false}}, {"type": "Feature", "geometry": {"type": "Point", "coordinates": [-1.58333, 55.33333]}, "properties": {"id": "lca:place/amble", "title": "Amble", "occurrences": 1, "first_year": 1525, "last_year": 1531, "variants": "", "volumes": ["IV-15"], "match": "gn:2657362", "has_outline": false}}, {"type": "Feature", "geometry": {"type": "Point", "coordinates": [4.897314, 52.374372]}, "properties": {"id": "lca:place/amsterdam", "title": "Amsterdam", "occurrences": 2, "first_year": 1450, "last_year": 1559, "variants": "Hansterdam", "volumes": ["II-11", "II-12", "IV-25"], "match": "ohm:n2093449857", "has_outline": false}}, {"type": "Feature", "geometry": {"type": "Point", "coordinates": [4.400278, 51.220556]}, "properties": {"id": "lca:place/antwerp", "title": "Antwerp", "occurrences": 91, "first_year": 1428, "last_year": 1559, "variants": "Andewarp; Andewarpe; Andwarpe; Andwarp; Andewerp; Andwarpia; Andwerp; Anwarpe; Handewarpe; Andwarpp; Andward; And(e)warp; Andewerpe; Andwarp(e); Andwerpe; Andworp; Antwarpe; Anwarp", "volumes": ["II-10", "II-11", "II-12", "II-3", "II-4", "II-6", "II-7", "II-8", "II-9", "III-1", "III-2", "III-5", "III-6", "IV-10", "IV-12", "IV-14", "IV-15", "IV-16", "IV-17", "IV-18", "IV-19", "IV-20", "IV-21", "IV-25"], "match": "wd:Q31467408", "has_outline": false}}, {"type": "Feature", "geometry": {"type": "Point", "coordinates": [0.0, 44.6]}, "properties": {"id": "lca:place/aquitaine", "title": "Aquitaine", "occurrences": 1, "first_year": 1434, "last_year": 1438, "variants": "Aquitaniam", "volumes": ["II-5"], "match": "wd:Q1179", "has_outline": false}}, {"type": "Feature", "geometry": {"type": "Point", "coordinates": [3.675, 51.50167]}, "properties": {"id": "lca:place/arnemuiden", "title": "Arnemuiden", "occurrences": 102, "first_year": 1434, "last_year": 1535, "variants": "Ermothe; Ermoth; Ermuth; Arnemouth; Arnemowth; Ernemouth; Arnemoth; Ernemoth; Ernemeuth; Ermouth; Ernemouthe; Armewth; Armewe; Armew; Armewthe; Armuthe; Arramew; Arnemo(u)th", "volumes": ["II-10", "II-11", "II-5", "II-6", "II-7", "II-8", "II-9", "III-2", "III-5", "III-6", "IV-10", "IV-12", "IV-17"], "match": "gn:2759664", "has_outline": false}}, {"type": "Feature", "geometry": {"type": "Point", "coordinates": [-0.556522, 50.855383]}, "properties": {"id": "lca:place/arundel", "title": "Arundel", "occurrences": 1, "first_year": 1553, "last_year": 1555, "variants": "Arundell", "volumes": ["IV-24"], "match": "gn:2656997", "has_outline": false}}, {"type": "Feature", "geometry": {"type": "Point", "coordinates": [1.2761, 51.2774]}, "properties": {"id": "lca:place/ash", "title": "Ash", "occurrences": 2, "first_year": 1445, "last_year": 1472, "variants": "Asshe", "volumes": ["II-9", "III-2"], "match": "wd:Q4804328", "has_outline": false}}, {"type": "Feature", "geometry": {"type": "Point", "coordinates": [-4.53838, 48.0164]}, "properties": {"id": "lca:place/audierne", "title": "Audierne", "occurrences": 4, "first_year": 1519, "last_year": 1533, "variants": "Odierne; Oldierne", "volumes": ["IV-13", "IV-16"], "match": "gn:3036247", "has_outline": false}}, {"type": "Feature", "geometry": {"type": "Point", "coordinates": [-2.617881, 51.599111]}, "properties": {"id": "lca:place/awst", "title": "Awst", "occurrences": 1, "first_year": 1531, "last_year": 1533, "variants": "", "volumes": ["IV-16"], "match": "wd:Q660017", "has_outline": false}}, {"type": "Feature", "geometry": {"type": "Point", "coordinates": [0.477543, 51.303891]}, "properties": {"id": "lca:place/aylesford", "title": "Aylesford", "occurrences": 36, "first_year": 1507, "last_year": 1555, "variants": "Aylesforth; Ailesford; Alisforth; Aylesforde; Ayllesford; Alesford; Ailesforth", "volumes": ["IV-10", "IV-12", "IV-14", "IV-15", "IV-18", "IV-19", "IV-21", "IV-24", "IV-8", "IV-9"], "match": "iv:IV:IV1680-018-34", "has_outline": false}}, {"type": "Feature", "geometry": {"type": "Point", "coordinates": [0.074856, 51.536543]}, "properties": {"id": "lca:place/barking", "title": "Barking", "occurrences": 32, "first_year": 1490, "last_year": 1548, "variants": "Berkyng; Barkyng", "volumes": ["IV-10", "IV-11", "IV-12", "IV-14", "IV-16", "IV-18", "IV-19", "IV-2", "IV-20", "IV-21", "IV-3", "IV-4", "IV-8", "IV-9"], "match": "iv:IV:IV1680-022-07", "has_outline": false}}, {"type": "Feature", "geometry": {"type": "Point", "coordinates": [0.783316, 51.566837]}, "properties": {"id": "lca:place/barling", "title": "Barling", "occurrences": 1, "first_year": 1493, "last_year": 1495, "variants": "Berlyng", "volumes": ["IV-3"], "match": "gn:2656319", "has_outline": false}}, {"type": "Feature", "geometry": {"type": "Point", "coordinates": [-2.1792, 47.0673]}, "properties": {"id": "lca:place/bay-of-bourgneuf", "title": "Bay of Bourgneuf", "occurrences": 6, "first_year": 1434, "last_year": 1514, "variants": "le Baye; le Bay; de Baye; Bay; Baye of Bourgneuf; Bayeof Bourgneuf; Bourgneuf", "volumes": ["II-5", "II-6", "II-7", "IV-11"], "match": "gn:3030972", "has_outline": false}}, {"type": "Feature", "geometry": {"type": "Point", "coordinates": [-1.476389, 43.4925]}, "properties": {"id": "lca:place/bayonne", "title": "Bayonne", "occurrences": 26, "first_year": 1431, "last_year": 1450, "variants": "Bayon; Bayona; Bajona; Bajonna; Bajonam; Bajone", "volumes": ["II-10", "II-4", "II-5", "II-6", "II-7", "II-9"], "match": "wd:Q134674", "has_outline": false}}, {"type": "Feature", "geometry": {"type": "Point", "coordinates": [1.07031, 51.99001]}, "properties": {"id": "lca:place/bentley", "title": "Bentley", "occurrences": 2, "first_year": 1456, "last_year": 1465, "variants": "", "volumes": ["II-12", "III-1"], "match": "gn:2655884", "has_outline": false}}, {"type": "Feature", "geometry": {"type": "Point", "coordinates": [4.287098, 51.4945]}, "properties": {"id": "lca:place/bergen-op-zoom", "title": "Bergen-op-Zoom", "occurrences": 38, "first_year": 1438, "last_year": 1485, "variants": "Barowe; Barowgh; Barough; Borough; Barow; Berwe up Sond; Bergh", "volumes": ["II-10", "II-11", "II-12", "II-6", "II-7", "II-9", "III-2", "III-5", "III-6"], "match": "gn:2759145", "has_outline": false}}, {"type": "Feature", "geometry": {"type": "Point", "coordinates": [-2.722795, 43.420339]}, "properties": {"id": "lca:place/bermeo", "title": "Bermeo", "occurrences": 4, "first_year": 1516, "last_year": 1545, "variants": "Barmeo; Avermew; Vermew; Vermeo; Barmewe", "volumes": ["IV-12", "IV-13", "IV-14", "IV-19"], "match": "ohm:n2124121941", "has_outline": false}}, {"type": "Feature", "geometry": {"type": "Point", "coordinates": [3.688412, 51.329304]}, "properties": {"id": "lca:place/biervliet", "title": "Biervliet", "occurrences": 1, "first_year": 1487, "last_year": 1490, "variants": "Bereflete", "volumes": ["IV-1"], "match": "ohm:n2153012575", "has_outline": false}}, {"type": "Feature", "geometry": {"type": "Point", "coordinates": [-2.935, 43.263056]}, "properties": {"id": "lca:place/bilbao", "title": "Bilbao", "occurrences": 72, "first_year": 1480, "last_year": 1547, "variants": "Bilbowe; Bylbow; Bilbow; Bylbowe; Bilbaw; Bylbo", "volumes": ["III-5", "IV-1", "IV-10", "IV-11", "IV-12", "IV-13", "IV-14", "IV-15", "IV-16", "IV-17", "IV-19", "IV-2", "IV-20", "IV-3", "IV-8", "IV-9"], "match": "wd:Q8692", "has_outline": false}}, {"type": "Feature", "geometry": {"type": "Point", "coordinates": [1.005082, 52.946347]}, "properties": {"id": "lca:place/blakeney", "title": "Blakeney", "occurrences": 1, "first_year": 1438, "last_year": 1439, "variants": "", "volumes": ["II-6"], "match": "wd:Q327300", "has_outline": false}}, {"type": "Feature", "geometry": {"type": "Point", "coordinates": [-0.57944, 44.83778]}, "properties": {"id": "lca:place/bordeaux", "title": "Bordeaux", "occurrences": 28, "first_year": 1390, "last_year": 1535, "variants": "Burdegalam; Burdeux; Burdegale; Birdux; Burdeos", "volumes": ["I-5", "II-10", "II-2", "II-4", "II-5", "II-6", "II-7", "II-8", "III-2", "IV-13", "IV-15", "IV-16", "IV-17"], "match": "gn:6455058", "has_outline": false}}, {"type": "Feature", "geometry": {"type": "Point", "coordinates": [-0.020648, 52.976855]}, "properties": {"id": "lca:place/boston", "title": "Boston", "occurrences": 5, "first_year": 1445, "last_year": 1540, "variants": "Botston", "volumes": ["II-9", "III-4", "III-5", "IV-1", "IV-16", "IV-18"], "match": "wd:Q311975", "has_outline": false}}, {"type": "Feature", "geometry": {"type": "Point", "coordinates": [1.61389, 50.72556]}, "properties": {"id": "lca:place/boulogne", "title": "Boulogne", "occurrences": 10, "first_year": 1456, "last_year": 1548, "variants": "Boleyn; Bollene; Bullene; Bolloniam; Bologne; Bullon", "volumes": ["II-12", "IV-11", "IV-20", "IV-21"], "match": "gn:6439391", "has_outline": false}}, {"type": "Feature", "geometry": {"type": "Point", "coordinates": [0.889883, 51.7338]}, "properties": {"id": "lca:place/bradwell-on-sea", "title": "Bradwell-on-Sea", "occurrences": 2, "first_year": 1477, "last_year": 1479, "variants": "Bradwelle; Bradwell on Sea or Bradwell Waterside", "volumes": ["III-4"], "match": "wd:Q4955149", "has_outline": false}}, {"type": "Feature", "geometry": {"type": "Point", "coordinates": [4.163474, 51.902536]}, "properties": {"id": "lca:place/brielle", "title": "Brielle", "occurrences": 1, "first_year": 1533, "last_year": 1535, "variants": "", "volumes": ["IV-17"], "match": "ohm:n2146288733", "has_outline": false}}, {"type": "Feature", "geometry": {"type": "Point", "coordinates": [1.016111, 51.812914]}, "properties": {"id": "lca:place/brightlingsea", "title": "Brightlingsea", "occurrences": 216, "first_year": 1461, "last_year": 1555, "variants": "Brikelsey; Brykilsey; Brykelsay; Brykylsay; Brekelsey; Bryklessey; Brykesley; Briklessey; Brykklylsey; Brykkelsey; Brikkelsey; Brekilsey; Brekylsey; Brykelsey; Brykylsey; Brikilsey; Brykelsee; Brykelseye; Brickelsey; Briklesse; Brikylsey; Brekylzee; Brykylzee; Brekylsee; Brykylsee; Brykkylsey", "volumes": ["III-1", "III-4", "III-5", "III-6", "IV-1", "IV-10", "IV-12", "IV-13", "IV-14", "IV-15", "IV-16", "IV-17", "IV-18", "IV-19", "IV-2", "IV-20", "IV-21", "IV-23", "IV-24", "IV-3", "IV-4", "IV-8", "IV-9"], "match": "iv:IV:IV1680-052-60", "has_outline": false}}, {"type": "Feature", "geometry": {"type": "Point", "coordinates": [-2.591457, 51.454486]}, "properties": {"id": "lca:place/bristol", "title": "Bristol", "occurrences": 19, "first_year": 1438, "last_year": 1548, "variants": "Bristall; Bristollia; Bristollie; Bristowe; Bristolliam", "volumes": ["II-6", "II-7", "II-9", "III-4", "III-5", "IV-21", "IV-3"], "match": "iv:IV:IV1680-054-54", "has_outline": false}}, {"type": "Feature", "geometry": {"type": "Point", "coordinates": [-3.5166, 50.395784]}, "properties": {"id": "lca:place/brixham", "title": "Brixham", "occurrences": 2, "first_year": 1519, "last_year": 1520, "variants": "", "volumes": ["IV-13"], "match": "iv:IV:IV1680-055-08", "has_outline": false}}, {"type": "Feature", "geometry": {"type": "Point", "coordinates": [3.224167, 51.208889]}, "properties": {"id": "lca:place/bruges", "title": "Bruges", "occurrences": 5, "first_year": 1439, "last_year": 1559, "variants": "Brugges; Brugg'; Bruggez; Bryudges", "volumes": ["II-7", "III-2", "IV-25"], "match": "wd:Q12994", "has_outline": false}}, {"type": "Feature", "geometry": {"type": "Point", "coordinates": [0.816024, 51.629012]}, "properties": {"id": "lca:place/burnham-on-crouch", "title": "Burnham on Crouch", "occurrences": 3, "first_year": 1477, "last_year": 1533, "variants": "Burneham; Burnham", "volumes": ["III-4", "IV-15", "IV-16"], "match": "iv:IV:IV1680-063-54", "has_outline": false}}, {"type": "Feature", "geometry": {"type": "Point", "coordinates": [-6.2975, 36.535]}, "properties": {"id": "lca:place/cadiz", "title": "Cadiz", "occurrences": 3, "first_year": 1480, "last_year": 1514, "variants": "Kadys; Kadis; Cadez", "volumes": ["III-5", "IV-11"], "match": "wd:Q15682", "has_outline": false}}, {"type": "Feature", "geometry": {"type": "Point", "coordinates": [-0.35912, 49.18585]}, "properties": {"id": "lca:place/caen", "title": "Caen", "occurrences": 26, "first_year": 1434, "last_year": 1524, "variants": "Cane; Kane", "volumes": ["II-5", "II-6", "II-8", "II-9", "III-5", "IV-14"], "match": "gn:3029241", "has_outline": false}}, {"type": "Feature", "geometry": {"type": "Point", "coordinates": [1.841583, 50.95694]}, "properties": {"id": "lca:place/calais", "title": "Calais", "occurrences": 1970, "first_year": 1390, "last_year": 1555, "variants": "Calesiam; Calesia; Calisiam; de Calesia; Calesie; Calisia; Caleys; Calecia; Calecium; Calicia; Cales; Calys; Caleis; Calsiam; Caleciam; Callis; Callesiam; Caliciam; Calis; Calleys", "volumes": ["I-6", "II-10", "II-11", "II-12", "II-2", "II-3", "II-4", "II-5", "II-6", "II-7", "II-8", "II-9", "III-1", "III-2", "III-3", "III-4", "III-5", "III-6", "IV-1", "IV-10", "IV-12", "IV-14", "IV-15", "IV-16", "IV-17", "IV-18", "IV-19", "IV-2", "IV-20", "IV-21", "IV-23", "IV-24", "IV-3", "IV-4", "IV-6", "IV-8", "IV-9"], "match": "wd:Q5018343", "has_outline": false}}, {"type": "Feature", "geometry": {"type": "Point", "coordinates": [1.841583, 50.95694]}, "properties": {"id": "lca:place/calais-castle", "title": "Calais Castle", "occurrences": 1, "first_year": "", "last_year": "", "variants": "le Castelle de Calesia", "volumes": [], "match": "", "has_outline": false}}, {"type": "Feature", "geometry": {"type": "Point", "coordinates": [-8.83824, 41.87787]}, "properties": {"id": "lca:place/caminha", "title": "Caminha", "occurrences": 5, "first_year": 1513, "last_year": 1533, "variants": "Camena; Cameno; Camyna", "volumes": ["IV-11", "IV-13", "IV-14", "IV-16"], "match": "wd:Q986217", "has_outline": false}}, {"type": "Feature", "geometry": {"type": "Point", "coordinates": [-8.994444, 37.025]}, "properties": {"id": "lca:place/cape-st-vincent", "title": "Cape St Vincent", "occurrences": 1, "first_year": "", "last_year": "", "variants": "Seynt Vincent", "volumes": [], "match": "wd:Q4103", "has_outline": false}}, {"type": "Feature", "geometry": {"type": "Point", "coordinates": [-3.215, 43.384444]}, "properties": {"id": "lca:place/castrourdiales", "title": "Castrourdiales", "occurrences": 7, "first_year": 1525, "last_year": 1535, "variants": "Castro", "volumes": ["IV-15", "IV-16", "IV-17"], "match": "wd:Q501090", "has_outline": false}}, {"type": "Feature", "geometry": {"type": "Point", "coordinates": [0.72561, 49.52577]}, "properties": {"id": "lca:place/caudebec-en-caux", "title": "Caudebec-en-Caux", "occurrences": 3, "first_year": "", "last_year": "", "variants": "Caudebek; Cawldebek", "volumes": [], "match": "gn:3028215", "has_outline": false}}, {"type": "Feature", "geometry": {"type": "Point", "coordinates": [-1.61636, 49.63984]}, "properties": {"id": "lca:place/cherbourg", "title": "Cherbourg", "occurrences": 1, "first_year": "", "last_year": "", "variants": "Chereborgh", "volumes": [], "match": "gn:3025466", "has_outline": false}}, {"type": "Feature", "geometry": {"type": "Point", "coordinates": [0.89033, 51.888024]}, "properties": {"id": "lca:place/colchester", "title": "Colchester", "occurrences": 99, "first_year": 1428, "last_year": 1559, "variants": "Colcestriam; de Colcestria; Colcestria; Colchestre; Colchestur; Colcestre; Colcester; Colc(h)estre; Essex", "volumes": ["II-10", "II-11", "II-12", "II-3", "II-4", "II-5", "II-7", "II-9", "III-2", "III-3", "III-4", "III-5", "III-6", "IV-1", "IV-12", "IV-14", "IV-15", "IV-16", "IV-17", "IV-18", "IV-19", "IV-2", "IV-21", "IV-23", "IV-24", "IV-25", "IV-3", "IV-4", "IV-9"], "match": "iv:IV:IV1680-090-29", "has_outline": false}}, {"type": "Feature", "geometry": {"type": "Point", "coordinates": [6.95427, 50.93835]}, "properties": {"id": "lca:place/cologne", "title": "Cologne", "occurrences": 9, "first_year": 1438, "last_year": 1477, "variants": "Colonia; Coleyn; Colayn", "volumes": ["II-6", "II-7", "II-9", "III-3"], "match": "gn:6553049", "has_outline": false}}, {"type": "Feature", "geometry": {"type": "Point", "coordinates": [-8.395932, 43.370707]}, "properties": {"id": "lca:place/corunna", "title": "Corunna", "occurrences": 1, "first_year": 1513, "last_year": 1514, "variants": "Groyne", "volumes": ["IV-11"], "match": "ohm:n2095948458", "has_outline": false}}, {"type": "Feature", "geometry": {"type": "Point", "coordinates": [1.700398, 52.369042]}, "properties": {"id": "lca:place/covehithe", "title": "Covehithe", "occurrences": 5, "first_year": 1477, "last_year": 1524, "variants": "Covehythe; Cohithe; Suffolk", "volumes": ["III-4", "IV-1", "IV-14"], "match": "wd:Q2690061", "has_outline": false}}, {"type": "Feature", "geometry": {"type": "Point", "coordinates": [-4.488889, 48.245278]}, "properties": {"id": "lca:place/crozon", "title": "Crozon", "occurrences": 5, "first_year": 1519, "last_year": 1535, "variants": "Croydon; Crowdon", "volumes": ["IV-13", "IV-17"], "match": "wd:Q218058", "has_outline": false}}, {"type": "Feature", "geometry": {"type": "Point", "coordinates": [18.654023, 54.348291]}, "properties": {"id": "lca:place/danzig", "title": "Danzig", "occurrences": 47, "first_year": 1434, "last_year": 1548, "variants": "Dansske; Dansk in Prucia; Dansk; Danske; Gdansk; Gdańsk", "volumes": ["II-11", "II-5", "II-6", "II-7", "II-9", "III-5", "III-6", "IV-13", "IV-21"], "match": "wd:Q1792", "has_outline": false}}, {"type": "Feature", "geometry": {"type": "Point", "coordinates": [0.236003, 51.440953]}, "properties": {"id": "lca:place/dartford", "title": "Dartford", "occurrences": 8, "first_year": 1445, "last_year": 1540, "variants": "Derteforth; Dertford; Dertforde", "volumes": ["II-10", "II-9", "IV-14", "IV-18"], "match": "iv:IV:IV1680-105-26", "has_outline": false}}, {"type": "Feature", "geometry": {"type": "Point", "coordinates": [-3.589573, 50.348041]}, "properties": {"id": "lca:place/dartmouth", "title": "Dartmouth", "occurrences": 9, "first_year": 1438, "last_year": 1559, "variants": "Dertemouth; Dertmouth; Dartmowth", "volumes": ["II-6", "II-9", "III-2", "III-5", "IV-13", "IV-25"], "match": "iv:IV:IV1680-105-28", "has_outline": false}}, {"type": "Feature", "geometry": {"type": "Point", "coordinates": [1.3924, 51.217977]}, "properties": {"id": "lca:place/deal", "title": "Deal", "occurrences": 5, "first_year": 1445, "last_year": 1490, "variants": "Dele", "volumes": ["II-9", "IV-1"], "match": "iv:IV:IV1680-105-60", "has_outline": false}}, {"type": "Feature", "geometry": {"type": "Point", "coordinates": [-0.028724, 51.47538]}, "properties": {"id": "lca:place/deptford", "title": "Deptford", "occurrences": 9, "first_year": 1483, "last_year": 1553, "variants": "Depford; Detford", "volumes": ["III-6", "IV-1", "IV-16", "IV-2", "IV-23"], "match": "iv:IV:IV1680-107-58", "has_outline": false}}, {"type": "Feature", "geometry": {"type": "Point", "coordinates": [-2.35382, 43.29457]}, "properties": {"id": "lca:place/deva", "title": "Deva", "occurrences": 8, "first_year": 1431, "last_year": 1524, "variants": "Deve; Debe; la Dewe; Deva in Biskaia", "volumes": ["II-4", "IV-1", "IV-10", "IV-11", "IV-13", "IV-14"], "match": "gn:6358119", "has_outline": false}}, {"type": "Feature", "geometry": {"type": "Point", "coordinates": [-2.94854, 43.27152]}, "properties": {"id": "lca:place/dewesto", "title": "Dewesto", "occurrences": 2, "first_year": 1525, "last_year": 1531, "variants": "Dewsto", "volumes": ["IV-15"], "match": "gn:3123912", "has_outline": false}}, {"type": "Feature", "geometry": {"type": "Point", "coordinates": [1.075, 49.925]}, "properties": {"id": "lca:place/dieppe", "title": "Dieppe", "occurrences": 14, "first_year": 1428, "last_year": 1559, "variants": "Depe; Dipe", "volumes": ["II-3", "II-4", "II-5", "III-5", "IV-15", "IV-16", "IV-18", "IV-20", "IV-25", "IV-3", "IV-8", "IV-9"], "match": "wd:Q183557", "has_outline": false}}, {"type": "Feature", "geometry": {"type": "Point", "coordinates": [-1.1325, 53.522778]}, "properties": {"id": "lca:place/doncaster", "title": "Doncaster", "occurrences": 2, "first_year": "", "last_year": "", "variants": "Doncastre; Dancastre", "volumes": [], "match": "wd:Q58900", "has_outline": false}}, {"type": "Feature", "geometry": {"type": "Point", "coordinates": [4.668944, 51.814359]}, "properties": {"id": "lca:place/dordrecht", "title": "Dordrecht", "occurrences": 21, "first_year": 1428, "last_year": 1559, "variants": "Dordright; Dordryght; Durdraught in Holandia; Durdraught; Durdreight; Durdreght; Durdreyght; Durdraight; Durdraugh; Dordryth; Durdright; Derdroit; Dordrighte", "volumes": ["II-11", "II-12", "II-3", "II-5", "II-6", "II-7", "III-2", "III-5", "IV-14", "IV-17", "IV-25"], "match": "wd:Q26421", "has_outline": false}}, {"type": "Feature", "geometry": {"type": "Point", "coordinates": [3.07917, 50.37083]}, "properties": {"id": "lca:place/douai", "title": "Douai", "occurrences": 1, "first_year": 1509, "last_year": 1510, "variants": "Dowet", "volumes": ["IV-9"], "match": "gn:6454407", "has_outline": false}}, {"type": "Feature", "geometry": {"type": "Point", "coordinates": [1.314161, 51.125771]}, "properties": {"id": "lca:place/dover", "title": "Dover", "occurrences": 74, "first_year": 1390, "last_year": 1559, "variants": "Dovorriam; Doveriam; Doverriam; Dovorrie; Dovorria; Dovyr; Doverre; Dovir", "volumes": ["I-5", "II-10", "II-12", "II-4", "II-5", "II-7", "II-9", "IV-1", "IV-10", "IV-12", "IV-13", "IV-14", "IV-15", "IV-17", "IV-2", "IV-21", "IV-24", "IV-25", "IV-3", "IV-4", "IV-5", "IV-8", "IV-9"], "match": "iv:IV:IV1680-111-09", "has_outline": false}}, {"type": "Feature", "geometry": {"type": "Point", "coordinates": [2.376389, 51.037778]}, "properties": {"id": "lca:place/dunkirk", "title": "Dunkirk", "occurrences": 34, "first_year": 1434, "last_year": 1531, "variants": "Dunkerk; Donkyrk; Dunkyrk; Dunkyrke", "volumes": ["II-5", "II-7", "II-9", "III-2", "IV-10", "IV-15", "IV-2"], "match": "wd:Q45797", "has_outline": false}}, {"type": "Feature", "geometry": {"type": "Point", "coordinates": [1.619039, 52.272622]}, "properties": {"id": "lca:place/dunwich", "title": "Dunwich", "occurrences": 30, "first_year": 1445, "last_year": 1548, "variants": "Dounwhich; Dounwych; Dunwych; Donwyche; Dunwyche; Estende; Dunwiche; Donwic", "volumes": ["II-10", "II-12", "II-9", "IV-1", "IV-10", "IV-12", "IV-14", "IV-19", "IV-20", "IV-21", "IV-4", "IV-8"], "match": "iv:IV:IV1680-114-12", "has_outline": false}}, {"type": "Feature", "geometry": {"type": "Point", "coordinates": [-1.270962, 54.770731]}, "properties": {"id": "lca:place/durham", "title": "Durham", "occurrences": 1, "first_year": 1445, "last_year": 1508, "variants": "", "volumes": ["II-9", "IV-8"], "match": "ohm:n2126308544", "has_outline": false}}, {"type": "Feature", "geometry": {"type": "Point", "coordinates": [4.621897, 52.617628]}, "properties": {"id": "lca:place/egmond", "title": "Egmond", "occurrences": 4, "first_year": 1438, "last_year": 1440, "variants": "Egmond in Holandia", "volumes": ["II-6", "II-7"], "match": "wd:Q486490", "has_outline": false}}, {"type": "Feature", "geometry": {"type": "Point", "coordinates": [5.29167, 52.70333]}, "properties": {"id": "lca:place/enkhuizen", "title": "Enkhuizen", "occurrences": 1, "first_year": 1438, "last_year": 1439, "variants": "Inkhous in Holandia", "volumes": ["II-6"], "match": "gn:2756077", "has_outline": false}}, {"type": "Feature", "geometry": {"type": "Point", "coordinates": [0.158327, 51.472086]}, "properties": {"id": "lca:place/erith", "title": "Erith", "occurrences": 75, "first_year": 1477, "last_year": 1547, "variants": "Eryth; Eyreth; Earythe; Erythe", "volumes": ["III-4", "IV-1", "IV-12", "IV-14", "IV-15", "IV-16", "IV-17", "IV-18", "IV-2", "IV-20", "IV-3", "IV-4", "IV-8", "IV-9"], "match": "iv:IV:IV1680-122-17", "has_outline": false}}, {"type": "Feature", "geometry": {"type": "Point", "coordinates": [1.682754, 52.333614]}, "properties": {"id": "lca:place/eston", "title": "Eston", "occurrences": 8, "first_year": 1487, "last_year": 1524, "variants": "Eston Bavent", "volumes": ["IV-1", "IV-10", "IV-14", "IV-3", "IV-4", "IV-9"], "match": "wd:Q2538658", "has_outline": false}}, {"type": "Feature", "geometry": {"type": "Point", "coordinates": [-3.533108, 50.721539]}, "properties": {"id": "lca:place/exeter", "title": "Exeter", "occurrences": 2, "first_year": 1445, "last_year": 1545, "variants": "Exetur; Exceter", "volumes": ["II-9", "IV-16", "IV-19"], "match": "wd:Q60576119", "has_outline": false}}, {"type": "Feature", "geometry": {"type": "Point", "coordinates": [-5.066703, 50.147528]}, "properties": {"id": "lca:place/falmouth", "title": "Falmouth", "occurrences": 1, "first_year": 1493, "last_year": 1495, "variants": "", "volumes": ["IV-3"], "match": "gn:2649715", "has_outline": false}}, {"type": "Feature", "geometry": {"type": "Point", "coordinates": [0.882705, 51.312601]}, "properties": {"id": "lca:place/faversham", "title": "Faversham", "occurrences": 28, "first_year": 1431, "last_year": 1545, "variants": "Feveresham; Feversham; Faveresham; Fevirsham; Feveressham", "volumes": ["II-10", "II-4", "II-5", "II-6", "II-7", "II-9", "III-1", "III-2", "III-5", "IV-12", "IV-19"], "match": "iv:IV:IV1680-129-03", "has_outline": false}}, {"type": "Feature", "geometry": {"type": "Point", "coordinates": [11.615167, 44.830872]}, "properties": {"id": "lca:place/ferrara", "title": "Ferrara", "occurrences": 2, "first_year": 1541, "last_year": 1545, "variants": "", "volumes": ["IV-19"], "match": "gn:9031239", "has_outline": false}}, {"type": "Feature", "geometry": {"type": "Point", "coordinates": [4.5, 51.0]}, "properties": {"id": "lca:place/flanders", "title": "Flanders", "occurrences": 6, "first_year": 1439, "last_year": 1450, "variants": "de Flandria; Flandria; Flaundres; Flandrie", "volumes": ["II-10", "II-7", "II-9"], "match": "wd:Q234", "has_outline": false}}, {"type": "Feature", "geometry": {"type": "Point", "coordinates": [0.474128, 51.53395]}, "properties": {"id": "lca:place/fobbing", "title": "Fobbing", "occurrences": 1, "first_year": 1434, "last_year": 1438, "variants": "Fobbyng", "volumes": ["II-5"], "match": "wd:Q4405293", "has_outline": false}}, {"type": "Feature", "geometry": {"type": "Point", "coordinates": [-4.634508, 50.335196]}, "properties": {"id": "lca:place/fowey", "title": "Fowey", "occurrences": 16, "first_year": 1438, "last_year": 1520, "variants": "Fowy; Fowye", "volumes": ["II-6", "II-7", "II-9", "III-3", "III-5", "IV-12", "IV-13", "IV-9"], "match": "osm:r5828035", "has_outline": false}}, {"type": "Feature", "geometry": {"type": "Point", "coordinates": [-1.791478, 43.362437]}, "properties": {"id": "lca:place/fuenterrabia", "title": "Fuenterrabia", "occurrences": 31, "first_year": 1445, "last_year": 1547, "variants": "Fount Raby; Fonte Raby; Fonte Ravea; Fonteraby; Founteraby; Fonteravea; Fountrabi; Fountraby; Fonte Rabia; Fonte Revea; Fo(u)nteraby; Gadalopo", "volumes": ["II-9", "IV-1", "IV-10", "IV-11", "IV-12", "IV-13", "IV-14", "IV-16", "IV-17", "IV-20", "IV-3", "IV-9"], "match": "wd:Q492312", "has_outline": false}}, {"type": "Feature", "geometry": {"type": "Point", "coordinates": [0.37457, 49.75787]}, "properties": {"id": "lca:place/fecamp", "title": "Fécamp", "occurrences": 2, "first_year": 1507, "last_year": 1510, "variants": "Feckham in Normandia; Fekham", "volumes": ["IV-8", "IV-9"], "match": "gn:3018794", "has_outline": false}}, {"type": "Feature", "geometry": {"type": "Point", "coordinates": [8.933983, 44.407186]}, "properties": {"id": "lca:place/genoa", "title": "Genoa", "occurrences": 13, "first_year": 1431, "last_year": 1553, "variants": "Janua; Januensibus; Genesia; Genua", "volumes": ["II-10", "II-4", "II-5", "II-6", "II-7", "IV-23"], "match": "wd:Q1449", "has_outline": false}}, {"type": "Feature", "geometry": {"type": "Point", "coordinates": [0.556558, 51.383135]}, "properties": {"id": "lca:place/gillingham", "title": "Gillingham", "occurrences": 11, "first_year": 1495, "last_year": 1555, "variants": "Jellyngham; Gyllingham; Jyllyngham; Gyllyngham; Gillingam; Jellingham; Gelyngham", "volumes": ["IV-14", "IV-15", "IV-20", "IV-21", "IV-23", "IV-24", "IV-4"], "match": "iv:IV:IV1680-139-45", "has_outline": false}}, {"type": "Feature", "geometry": {"type": "Point", "coordinates": [3.89033, 51.50436]}, "properties": {"id": "lca:place/goes", "title": "Goes", "occurrences": 4, "first_year": 1461, "last_year": 1472, "variants": "Goos; þe Goos", "volumes": ["III-1", "III-2"], "match": "wd:Q10072", "has_outline": false}}, {"type": "Feature", "geometry": {"type": "Point", "coordinates": [18.55, 57.5]}, "properties": {"id": "lca:place/gotland", "title": "Gotland", "occurrences": 1, "first_year": 1461, "last_year": 1465, "variants": "", "volumes": ["III-1"], "match": "gn:2711511", "has_outline": false}}, {"type": "Feature", "geometry": {"type": "Point", "coordinates": [4.710238, 52.011303]}, "properties": {"id": "lca:place/gouda", "title": "Gouda", "occurrences": 11, "first_year": 1434, "last_year": 1559, "variants": "Gowe; der Gowe; Tregowe; Tergowe; Gowe Gouda; Tergoo", "volumes": ["II-10", "II-12", "II-5", "II-6", "II-7", "II-9", "III-5", "III-6", "IV-25"], "match": "wd:Q33439340", "has_outline": false}}, {"type": "Feature", "geometry": {"type": "Point", "coordinates": [0.37271, 51.440963]}, "properties": {"id": "lca:place/gravesend", "title": "Gravesend", "occurrences": 52, "first_year": 1390, "last_year": 1559, "variants": "Gravisende; Gravesende; Gravishend; Gravishende; Haddley; Gravysende", "volumes": ["I-6", "II-10", "II-12", "II-4", "II-5", "II-6", "II-7", "II-9", "III-1", "III-2", "III-3", "III-4", "III-5", "IV-10", "IV-11", "IV-14", "IV-15", "IV-2", "IV-21", "IV-23", "IV-24", "IV-25", "IV-8"], "match": "iv:IV:IV1680-144-46", "has_outline": false}}, {"type": "Feature", "geometry": {"type": "Point", "coordinates": [0.286904, 51.451662]}, "properties": {"id": "lca:place/greenhithe", "title": "Greenhithe", "occurrences": 11, "first_year": 1439, "last_year": 1502, "variants": "Grenehyth; Grenehithe; Grenehythe", "volumes": ["II-7", "III-5", "IV-1", "IV-2", "IV-3", "IV-4"], "match": "iv:IV:IV1680-145-21", "has_outline": false}}, {"type": "Feature", "geometry": {"type": "Point", "coordinates": [-0.080877, 53.564902]}, "properties": {"id": "lca:place/grimsby", "title": "Grimsby", "occurrences": 8, "first_year": 1445, "last_year": 1533, "variants": "Grymesby; Grymmysby; Grymsby; Grymmesby; Gremysby", "volumes": ["II-10", "II-9", "IV-12", "IV-15", "IV-16", "IV-4", "IV-9"], "match": "iv:IV:IV1680-146-21", "has_outline": false}}, {"type": "Feature", "geometry": {"type": "Point", "coordinates": [-2.203737, 43.304456]}, "properties": {"id": "lca:place/guetaria", "title": "Guetaria", "occurrences": 2, "first_year": 1445, "last_year": 1485, "variants": "Gatare; Gettary", "volumes": ["II-9", "III-4", "III-6"], "match": "wd:Q849330", "has_outline": false}}, {"type": "Feature", "geometry": {"type": "Point", "coordinates": [-2.429167, 47.328056]}, "properties": {"id": "lca:place/guerande", "title": "Guérande", "occurrences": 5, "first_year": 1439, "last_year": 1481, "variants": "Gerrond; Geronn'; Gerrand", "volumes": ["II-7", "III-5"], "match": "wd:Q501971", "has_outline": false}}, {"type": "Feature", "geometry": {"type": "Point", "coordinates": [4.63683, 52.38084]}, "properties": {"id": "lca:place/haarlem", "title": "Haarlem", "occurrences": 7, "first_year": 1438, "last_year": 1559, "variants": "Herlam in Holandia; Harlam; Harlow", "volumes": ["II-6", "III-2", "IV-25"], "match": "gn:2755003", "has_outline": false}}, {"type": "Feature", "geometry": {"type": "Point", "coordinates": [0.609344, 51.552849]}, "properties": {"id": "lca:place/hadleigh", "title": "Hadleigh", "occurrences": 1, "first_year": 1550, "last_year": 1553, "variants": "Hadley", "volumes": ["IV-23"], "match": "wd:Q2346831", "has_outline": false}}, {"type": "Feature", "geometry": {"type": "Point", "coordinates": [10.0, 53.55]}, "properties": {"id": "lca:place/hamburg", "title": "Hamburg", "occurrences": 11, "first_year": 1438, "last_year": 1485, "variants": "Hamburgh", "volumes": ["II-6", "III-5", "III-6"], "match": "gn:7602585", "has_outline": false}}, {"type": "Feature", "geometry": {"type": "Point", "coordinates": [0.19827, 49.5066]}, "properties": {"id": "lca:place/harfleur", "title": "Harfleur", "occurrences": 6, "first_year": 1431, "last_year": 1481, "variants": "Hareflewe; Harflewe; Harflete; Hareflete; Harflew", "volumes": ["II-11", "II-4", "II-9", "III-5"], "match": "gn:3013922", "has_outline": false}}, {"type": "Feature", "geometry": {"type": "Point", "coordinates": [1.279152, 51.938085]}, "properties": {"id": "lca:place/harwich", "title": "Harwich", "occurrences": 7, "first_year": 1438, "last_year": 1548, "variants": "Harwych; Herwych; Herwiche; Herwyche; Harwiche; Harewyche; Herwych(e)", "volumes": ["II-6", "III-2", "IV-13", "IV-21", "IV-3"], "match": "iv:IV:IV1680-158-50", "has_outline": false}}, {"type": "Feature", "geometry": {"type": "Point", "coordinates": [0.570528, 50.861179]}, "properties": {"id": "lca:place/hastings", "title": "Hastings", "occurrences": 47, "first_year": 1439, "last_year": 1553, "variants": "Hastyng; Hastynges; Hastyngs; Hastinges; Herslough", "volumes": ["II-7", "IV-10", "IV-12", "IV-14", "IV-15", "IV-17", "IV-18", "IV-19", "IV-20", "IV-21", "IV-23", "IV-4", "IV-9"], "match": "iv:IV:IV1680-159-52", "has_outline": false}}, {"type": "Feature", "geometry": {"type": "Point", "coordinates": [0.591722, 51.775375]}, "properties": {"id": "lca:place/hatfield-peverel", "title": "Hatfield Peverel", "occurrences": 1, "first_year": 1465, "last_year": 1472, "variants": "Hatfelde", "volumes": ["III-2"], "match": "gn:2647343", "has_outline": false}}, {"type": "Feature", "geometry": {"type": "Point", "coordinates": [0.23294, 49.41985]}, "properties": {"id": "lca:place/honfleur", "title": "Honfleur", "occurrences": 6, "first_year": 1439, "last_year": 1524, "variants": "Hounflewe; Houndfflete; Hunteflete; Hunflett; Humflete; Houndflete", "volumes": ["II-7", "IV-14"], "match": "gn:3013173", "has_outline": false}}, {"type": "Feature", "geometry": {"type": "Point", "coordinates": [0.61295, 51.615723]}, "properties": {"id": "lca:place/hullbridge", "title": "Hullbridge", "occurrences": 21, "first_year": 1487, "last_year": 1545, "variants": "Hulbrege; Hulbridge; Hulbrige; Hulbrydge; Hulbryge; Hulle Brudge; Hulbrigge", "volumes": ["IV-1", "IV-12", "IV-14", "IV-15", "IV-16", "IV-18", "IV-19", "IV-3", "IV-9"], "match": "wd:Q2433284", "has_outline": false}}, {"type": "Feature", "geometry": {"type": "Point", "coordinates": [1.081687, 51.06917]}, "properties": {"id": "lca:place/hythe", "title": "Hythe", "occurrences": 11, "first_year": 1495, "last_year": 1531, "variants": "Hithe; Hyde; Hith", "volumes": ["IV-12", "IV-14", "IV-15", "IV-4"], "match": "iv:IV:IV1680-172-50", "has_outline": false}}, {"type": "Feature", "geometry": {"type": "Point", "coordinates": [1.520609, 52.140682]}, "properties": {"id": "lca:place/iken", "title": "Iken", "occurrences": 1, "first_year": 1507, "last_year": 1508, "variants": "Ikyn", "volumes": ["IV-8"], "match": "gn:13275252", "has_outline": false}}, {"type": "Feature", "geometry": {"type": "Point", "coordinates": [1.156517, 52.056563]}, "properties": {"id": "lca:place/ipswich", "title": "Ipswich", "occurrences": 16, "first_year": 1434, "last_year": 1559, "variants": "Yppewych; de Gipwico; de Gippewico; Gippewici; Ippeswiche; Ipswiche; Gippewico; Jippeswich; Ipsewyche; Jenighowe; Ipiswiche; Yppewich", "volumes": ["II-10", "II-5", "II-6", "II-9", "IV-10", "IV-13", "IV-14", "IV-16", "IV-18", "IV-20", "IV-21", "IV-23", "IV-25"], "match": "iv:IV:IV1680-187-50", "has_outline": false}}, {"type": "Feature", "geometry": {"type": "Point", "coordinates": [-1.2934, 50.698502]}, "properties": {"id": "lca:place/isle-of-wight", "title": "Isle of Wight", "occurrences": 2, "first_year": 1493, "last_year": 1495, "variants": "Wyght", "volumes": ["IV-3"], "match": "wd:Q650377", "has_outline": false}}, {"type": "Feature", "geometry": {"type": "Point", "coordinates": [12.692035, 42.492486]}, "properties": {"id": "lca:place/italy", "title": "Italy", "occurrences": 2, "first_year": 1461, "last_year": 1465, "variants": "Italie", "volumes": ["III-1"], "match": "wd:Q38", "has_outline": false}}, {"type": "Feature", "geometry": {"type": "Point", "coordinates": [-1.49369, 54.97934]}, "properties": {"id": "lca:place/jarrow", "title": "Jarrow", "occurrences": 1, "first_year": 1531, "last_year": 1533, "variants": "Jarowe", "volumes": ["IV-16"], "match": "wd:Q6161119", "has_outline": false}}, {"type": "Feature", "geometry": {"type": "Point", "coordinates": [0.023668, 51.357581]}, "properties": {"id": "lca:place/keston", "title": "Keston", "occurrences": 2, "first_year": 1495, "last_year": 1502, "variants": "", "volumes": ["IV-4"], "match": "wd:Q122322", "has_outline": false, "doubt": "doubtful: a ship's home port, but Keston is inland, on high ground; its fleet's other home ports are all on the Thames, the Medway or the coast"}}, {"type": "Feature", "geometry": {"type": "Point", "coordinates": [0.398953, 52.75333]}, "properties": {"id": "lca:place/king-s-lynn", "title": "King's Lynn", "occurrences": 19, "first_year": 1434, "last_year": 1553, "variants": "Lynne; Lyn; Lyne; Lynn", "volumes": ["II-10", "II-12", "II-5", "II-7", "II-9", "III-5", "IV-13", "IV-14", "IV-17", "IV-23", "IV-6", "IV-9"], "match": "iv:IV:IV1680-229-11", "has_outline": false}}, {"type": "Feature", "geometry": {"type": "Point", "coordinates": [-0.348641, 53.745987]}, "properties": {"id": "lca:place/kingston-upon-hull", "title": "Kingston upon Hull", "occurrences": 17, "first_year": 1434, "last_year": 1559, "variants": "Hull'; Hull; Kyngesdon; Hulle; Hull’", "volumes": ["II-10", "II-11", "II-5", "II-6", "II-7", "II-9", "IV-17", "IV-18", "IV-19", "IV-2", "IV-20", "IV-21", "IV-24", "IV-25"], "match": "iv:IV:IV1680-181-47", "has_outline": false}}, {"type": "Feature", "geometry": {"type": "Point", "coordinates": [-3.571309, 50.34829]}, "properties": {"id": "lca:place/kingswear", "title": "Kingswear", "occurrences": 1, "first_year": 1519, "last_year": 1520, "variants": "Kyngsware", "volumes": ["IV-13"], "match": "wd:Q1018137", "has_outline": false}}, {"type": "Feature", "geometry": {"type": "Point", "coordinates": [1.72261, 52.458293]}, "properties": {"id": "lca:place/kirkley", "title": "Kirkley", "occurrences": 16, "first_year": 1456, "last_year": 1531, "variants": "Kyrkeley; Kerteley; Kyrkley; Leura; Kirkeley; Kyrteley; Kyrtley", "volumes": ["II-12", "IV-1", "IV-10", "IV-15", "IV-3", "IV-4"], "match": "iv:IV:IV1680-198-56", "has_outline": false}}, {"type": "Feature", "geometry": {"type": "Point", "coordinates": [-4.24944, 48.45083]}, "properties": {"id": "lca:place/landerneau", "title": "Landerneau", "occurrences": 1, "first_year": 1519, "last_year": 1520, "variants": "Landernew", "volumes": ["IV-13"], "match": "gn:6453924", "has_outline": false}}, {"type": "Feature", "geometry": {"type": "Point", "coordinates": [-3.411661, 43.413085]}, "properties": {"id": "lca:place/laredo", "title": "Laredo", "occurrences": 2, "first_year": 1545, "last_year": 1547, "variants": "Alarada", "volumes": ["IV-20"], "match": "ohm:n2124119571", "has_outline": false}}, {"type": "Feature", "geometry": {"type": "Point", "coordinates": [-4.770833, 48.360278]}, "properties": {"id": "lca:place/le-conquet", "title": "Le Conquet", "occurrences": 2, "first_year": 1480, "last_year": 1533, "variants": "Conquet; Conquyt", "volumes": ["III-5", "IV-16"], "match": "wd:Q326149", "has_outline": false}}, {"type": "Feature", "geometry": {"type": "Point", "coordinates": [0.108056, 49.494167]}, "properties": {"id": "lca:place/le-havre", "title": "Le Havre", "occurrences": 1, "first_year": 1545, "last_year": 1559, "variants": "Newe Haven; Newhaven", "volumes": ["IV-20", "IV-25"], "match": "wd:Q42810", "has_outline": false}}, {"type": "Feature", "geometry": {"type": "Point", "coordinates": [0.013219, 51.44679]}, "properties": {"id": "lca:place/lee", "title": "Lee", "occurrences": 80, "first_year": 1434, "last_year": 1559, "variants": "Lye; Leghe; Legh; Lygh; Ligh; Lyghe; Leighe; Leigh", "volumes": ["II-11", "II-5", "III-4", "III-5", "III-6", "IV-1", "IV-12", "IV-14", "IV-15", "IV-16", "IV-17", "IV-18", "IV-19", "IV-2", "IV-20", "IV-21", "IV-23", "IV-24", "IV-25", "IV-3", "IV-4", "IV-8", "IV-9"], "match": "wd:Q6512849", "has_outline": false}}, {"type": "Feature", "geometry": {"type": "Point", "coordinates": [-2.504883, 43.363878]}, "properties": {"id": "lca:place/lequeitio", "title": "Lequeitio", "occurrences": 2, "first_year": 1509, "last_year": 1531, "variants": "Lequeto; Lequet", "volumes": ["IV-15", "IV-9"], "match": "wd:Q1227965", "has_outline": false}}, {"type": "Feature", "geometry": {"type": "Point", "coordinates": [-9.139016, 38.708042]}, "properties": {"id": "lca:place/lisbon", "title": "Lisbon", "occurrences": 3, "first_year": 1438, "last_year": 1461, "variants": "Lushebourn; Lusshebon; Lussborne", "volumes": ["II-12", "II-6", "II-8"], "match": "wd:Q597", "has_outline": false}}, {"type": "Feature", "geometry": {"type": "Point", "coordinates": [-4.16837, 47.83216]}, "properties": {"id": "lca:place/loctudy", "title": "Loctudy", "occurrences": 8, "first_year": 1519, "last_year": 1533, "variants": "Lotyd; Latud; Lotidero; Lotys; Lotydew", "volumes": ["IV-13", "IV-16"], "match": "gn:2997943", "has_outline": false}}, {"type": "Feature", "geometry": {"type": "Point", "coordinates": [0.671077, 51.375183]}, "properties": {"id": "lca:place/lower-halstow", "title": "Lower Halstow", "occurrences": 1, "first_year": 1512, "last_year": 1513, "variants": "Halstowe", "volumes": ["IV-10"], "match": "wd:Q2197099", "has_outline": false}}, {"type": "Feature", "geometry": {"type": "Point", "coordinates": [1.7508, 52.478089]}, "properties": {"id": "lca:place/lowestoft", "title": "Lowestoft", "occurrences": 6, "first_year": 1465, "last_year": 1535, "variants": "Lewystofte; Leystoft; Leystofte; Leystof", "volumes": ["III-2", "IV-17", "IV-3", "IV-4"], "match": "iv:IV:IV1680-206-34", "has_outline": false}}, {"type": "Feature", "geometry": {"type": "Point", "coordinates": [10.6849, 53.86664]}, "properties": {"id": "lca:place/lubeck", "title": "Lübeck", "occurrences": 1, "first_year": 1438, "last_year": 1439, "variants": "Lubik", "volumes": ["II-6"], "match": "ohm:n2113911756", "has_outline": false}}, {"type": "Feature", "geometry": {"type": "Point", "coordinates": [0.51906, 51.276024]}, "properties": {"id": "lca:place/maidstone", "title": "Maidstone", "occurrences": 46, "first_year": 1434, "last_year": 1559, "variants": "Maydestone; Maydeston; Maydstone; Maidestone", "volumes": ["II-12", "II-5", "II-7", "III-2", "III-4", "IV-1", "IV-12", "IV-14", "IV-15", "IV-16", "IV-17", "IV-18", "IV-24", "IV-25", "IV-4", "IV-6", "IV-8", "IV-9"], "match": "wd:Q213180", "has_outline": false}}, {"type": "Feature", "geometry": {"type": "Point", "coordinates": [0.677539, 51.731182]}, "properties": {"id": "lca:place/maldon", "title": "Maldon", "occurrences": 48, "first_year": 1434, "last_year": 1555, "variants": "de Maldon; Malden; Maulden", "volumes": ["II-12", "II-5", "III-2", "III-4", "IV-10", "IV-14", "IV-15", "IV-18", "IV-19", "IV-2", "IV-20", "IV-21", "IV-23", "IV-24", "IV-3", "IV-8", "IV-9"], "match": "wd:Q26272025", "has_outline": false}}, {"type": "Feature", "geometry": {"type": "Point", "coordinates": [0.442193, 51.286647]}, "properties": {"id": "lca:place/malling", "title": "Malling", "occurrences": 8, "first_year": 1465, "last_year": 1481, "variants": "Mallyng; Mellyng; Mallynge; East or West Malling", "volumes": ["III-2", "III-4", "III-5"], "match": "gn:2650381", "has_outline": false}}, {"type": "Feature", "geometry": {"type": "Point", "coordinates": [1.061342, 51.944854]}, "properties": {"id": "lca:place/manningtree", "title": "Manningtree", "occurrences": 1, "first_year": 1512, "last_year": 1559, "variants": "Manytre; Manytree", "volumes": ["IV-10", "IV-25"], "match": "ohm:n2128964115", "has_outline": false}}, {"type": "Feature", "geometry": {"type": "Point", "coordinates": [1.375656, 51.380375]}, "properties": {"id": "lca:place/margate", "title": "Margate", "occurrences": 7, "first_year": 1438, "last_year": 1508, "variants": "Mergate", "volumes": ["II-11", "II-12", "II-6", "II-7", "IV-4", "IV-8"], "match": "iv:IV:IV1680-377-52", "has_outline": false}}, {"type": "Feature", "geometry": {"type": "Point", "coordinates": [0.541705, 51.374465]}, "properties": {"id": "lca:place/medway", "title": "Medway", "occurrences": 1, "first_year": 1512, "last_year": 1513, "variants": "Medwey", "volumes": ["IV-10"], "match": "ohm:w174989939", "has_outline": false}}, {"type": "Feature", "geometry": {"type": "Point", "coordinates": [3.616266, 51.499968]}, "properties": {"id": "lca:place/middelburg", "title": "Middelburg", "occurrences": 85, "first_year": 1438, "last_year": 1533, "variants": "Midelborough; Middelborowgh; Middelborough; Mydylborgh; Middelburgh; Midelburgh; Middilburgh; Midilburgh; Medylburgh; Medilburgh; Myddelburgh; Myddilburgh; Midelbrough; Midelbourgh; Middelborgh; Mid(d)elburgh; Walcheren", "volumes": ["II-10", "II-11", "II-12", "II-6", "II-7", "II-8", "II-9", "III-2", "III-5", "III-6", "IV-12", "IV-16"], "match": "wd:Q52101", "has_outline": false}}, {"type": "Feature", "geometry": {"type": "Point", "coordinates": [0.46563, 51.302696]}, "properties": {"id": "lca:place/millhall", "title": "Millhall", "occurrences": 30, "first_year": 1465, "last_year": 1502, "variants": "Melhale; Melhalle; Milhawe; Mylhale; Milhall; Milhalle; Milhall(e)", "volumes": ["III-2", "III-4", "III-6", "IV-1", "IV-2", "IV-3", "IV-4"], "match": "iv:IV:IV1680-242-20", "has_outline": false}}, {"type": "Feature", "geometry": {"type": "Point", "coordinates": [0.72401, 51.346982]}, "properties": {"id": "lca:place/milton-regis", "title": "Milton Regis", "occurrences": 24, "first_year": 1446, "last_year": 1559, "variants": "Mylton; Milton; Meltin; Milton Shore; Melton Shore; Mylton Shore; Melton", "volumes": ["II-10", "II-12", "III-2", "III-4", "III-6", "IV-1", "IV-10", "IV-14", "IV-15", "IV-16", "IV-17", "IV-23", "IV-25", "IV-3", "IV-4"], "match": "gn:2642458", "has_outline": false}}, {"type": "Feature", "geometry": {"type": "Point", "coordinates": [-2.475228, 56.703801]}, "properties": {"id": "lca:place/montrose", "title": "Montrose", "occurrences": 7, "first_year": 1439, "last_year": 1440, "variants": "Scociam; Mounterose de Scocia; Scocia", "volumes": ["II-7"], "match": "ohm:n2095901893", "has_outline": false}}, {"type": "Feature", "geometry": {"type": "Point", "coordinates": [-2.8325, 47.5977]}, "properties": {"id": "lca:place/morbihan", "title": "Morbihan", "occurrences": 2, "first_year": 1531, "last_year": 1533, "variants": "Morbyan; Morbian", "volumes": ["IV-16"], "match": "wd:Q1144680", "has_outline": false}}, {"type": "Feature", "geometry": {"type": "Point", "coordinates": [-3.82778, 48.5775]}, "properties": {"id": "lca:place/morlaix", "title": "Morlaix", "occurrences": 3, "first_year": 1531, "last_year": 1533, "variants": "Morles; Moreles", "volumes": ["IV-16"], "match": "gn:6430976", "has_outline": false}}, {"type": "Feature", "geometry": {"type": "Point", "coordinates": [-2.385, 43.307222]}, "properties": {"id": "lca:place/motrico", "title": "Motrico", "occurrences": 7, "first_year": 1512, "last_year": 1535, "variants": "Muttreco; Montrego; Motryga; Marrotyk; Montryga", "volumes": ["IV-10", "IV-11", "IV-13", "IV-14", "IV-17"], "match": "wd:Q1618305", "has_outline": false}}, {"type": "Feature", "geometry": {"type": "Point", "coordinates": [-1.55336, 47.21725]}, "properties": {"id": "lca:place/nantes", "title": "Nantes", "occurrences": 3, "first_year": 1445, "last_year": 1533, "variants": "Naunte; Nauntt; Nauntes", "volumes": ["II-9", "IV-16"], "match": "gn:2990969", "has_outline": false}}, {"type": "Feature", "geometry": {"type": "Point", "coordinates": [0.459248, 51.310572]}, "properties": {"id": "lca:place/new-hythe", "title": "New Hythe", "occurrences": 116, "first_year": 1439, "last_year": 1559, "variants": "Newhight; Neuwythe; Newhyth; Newehith; Newhith; Newhithe; Newehithe; Newhythe; Newhyve; Newhide; Newhith(e)", "volumes": ["II-10", "II-12", "II-7", "II-9", "III-2", "III-4", "IV-1", "IV-10", "IV-12", "IV-14", "IV-15", "IV-2", "IV-21", "IV-25", "IV-3", "IV-4", "IV-8", "IV-9"], "match": "iv:IV:IV1680-172-49", "has_outline": false}}, {"type": "Feature", "geometry": {"type": "Point", "coordinates": [-1.60784, 54.975379]}, "properties": {"id": "lca:place/newcastle-upon-tyne", "title": "Newcastle upon Tyne", "occurrences": 11, "first_year": 1438, "last_year": 1548, "variants": "Newcastell; Novo Castro; Newcastelle; Newcastle; Newcastle on Tyne", "volumes": ["II-12", "II-6", "II-7", "II-9", "IV-1", "IV-18", "IV-19", "IV-20", "IV-21", "IV-4"], "match": "iv:IV:IV1680-253-14", "has_outline": false}}, {"type": "Feature", "geometry": {"type": "Point", "coordinates": [2.75135, 51.13008]}, "properties": {"id": "lca:place/nieuwpoort", "title": "Nieuwpoort", "occurrences": 22, "first_year": 1439, "last_year": 1559, "variants": "Newport in Flandria; Newport; Newporte; Neuport; Neweport", "volumes": ["II-7", "III-2", "IV-25", "IV-4"], "match": "gn:2790150", "has_outline": false}}, {"type": "Feature", "geometry": {"type": "Point", "coordinates": [0.329584, 51.441828]}, "properties": {"id": "lca:place/northflete", "title": "Northflete", "occurrences": 7, "first_year": 1465, "last_year": 1502, "variants": "Northeflete", "volumes": ["III-2", "IV-4"], "match": "wd:Q2087380", "has_outline": false}}, {"type": "Feature", "geometry": {"type": "Point", "coordinates": [-2.420622, 43.321007]}, "properties": {"id": "lca:place/ondarroa", "title": "Ondárroa", "occurrences": 5, "first_year": 1513, "last_year": 1535, "variants": "Undarra; Dondara; Andarro; Andarowe", "volumes": ["IV-11", "IV-12", "IV-17"], "match": "ohm:n2132123927", "has_outline": false}}, {"type": "Feature", "geometry": {"type": "Point", "coordinates": [2.919444, 51.225833]}, "properties": {"id": "lca:place/oostende", "title": "Oostende", "occurrences": 15, "first_year": 1465, "last_year": 1548, "variants": "Ostende; Ostend; Ustende in Flandria", "volumes": ["III-2", "III-5", "III-6", "IV-2", "IV-21"], "match": "wd:Q12996", "has_outline": false}}, {"type": "Feature", "geometry": {"type": "Point", "coordinates": [1.530932, 52.086405]}, "properties": {"id": "lca:place/orford", "title": "Orford", "occurrences": 1, "first_year": 1519, "last_year": 1520, "variants": "Ortfforde", "volumes": ["IV-13"], "match": "wd:Q2486348", "has_outline": false}}, {"type": "Feature", "geometry": {"type": "Point", "coordinates": [1.287889, 51.966428]}, "properties": {"id": "lca:place/orwell", "title": "Orwell", "occurrences": 14, "first_year": 1431, "last_year": 1520, "variants": "Orewell; Orewell'; Orewelle; Orwelle", "volumes": ["II-4", "II-5", "II-6", "II-7", "II-8", "IV-13"], "match": "tgn:1128169", "has_outline": false}}, {"type": "Feature", "geometry": {"type": "Point", "coordinates": [1.706416, 52.440812]}, "properties": {"id": "lca:place/pakefield", "title": "Pakefield", "occurrences": 3, "first_year": 1493, "last_year": 1518, "variants": "Pakefeld; Pacfeld", "volumes": ["IV-10", "IV-12", "IV-3"], "match": "gn:2640675", "has_outline": false}}, {"type": "Feature", "geometry": {"type": "Point", "coordinates": [2.348794, 48.853402]}, "properties": {"id": "lca:place/paris", "title": "Paris", "occurrences": 1, "first_year": 1550, "last_year": 1553, "variants": "", "volumes": ["IV-23"], "match": "ohm:r2796780", "has_outline": false}}, {"type": "Feature", "geometry": {"type": "Point", "coordinates": [-1.919167, 43.326389]}, "properties": {"id": "lca:place/pasajes", "title": "Pasajes", "occurrences": 19, "first_year": 1487, "last_year": 1548, "variants": "Passage; Passagio; Passagy; la Passage de Hispania; the Pasage", "volumes": ["IV-1", "IV-10", "IV-11", "IV-13", "IV-15", "IV-16", "IV-17", "IV-19", "IV-2", "IV-20", "IV-21"], "match": "wd:Q847127", "has_outline": false}}, {"type": "Feature", "geometry": {"type": "Point", "coordinates": [-4.3383, 47.81183]}, "properties": {"id": "lca:place/penmarc-h", "title": "Penmarc'h", "occurrences": 32, "first_year": 1519, "last_year": 1547, "variants": "Pennerke; Penmark; Penmarke; Pesmarke", "volumes": ["IV-13", "IV-14", "IV-16", "IV-20"], "match": "gn:2988088", "has_outline": false}}, {"type": "Feature", "geometry": {"type": "Point", "coordinates": [4.6583, 52.7678]}, "properties": {"id": "lca:place/petten", "title": "Petten", "occurrences": 12, "first_year": 1438, "last_year": 1440, "variants": "Pute in Holandia; Pette in Holandia; Pette; Pytte in Holandia; Pitte in Holandia; Pitte", "volumes": ["II-6", "II-7"], "match": "wd:Q446232", "has_outline": false}}, {"type": "Feature", "geometry": {"type": "Point", "coordinates": [0.338056, 50.820556]}, "properties": {"id": "lca:place/pevensey", "title": "Pevensey", "occurrences": 1, "first_year": 1477, "last_year": 1479, "variants": "Pemsey", "volumes": ["III-4"], "match": "wd:Q734453", "has_outline": false}}, {"type": "Feature", "geometry": {"type": "Point", "coordinates": [10.400134, 43.719427]}, "properties": {"id": "lca:place/pisa", "title": "Pisa", "occurrences": 1, "first_year": 1490, "last_year": 1492, "variants": "Portum Pisanum", "volumes": ["IV-2"], "match": "ohm:n2102492349", "has_outline": false}}, {"type": "Feature", "geometry": {"type": "Point", "coordinates": [0.494564, 51.56434]}, "properties": {"id": "lca:place/pitsea", "title": "Pitsea", "occurrences": 1, "first_year": 1495, "last_year": 1502, "variants": "Pytsey", "volumes": ["IV-4"], "match": "iv:IV:IV1680-282-20", "has_outline": false}}, {"type": "Feature", "geometry": {"type": "Point", "coordinates": [-2.946111, 43.411111]}, "properties": {"id": "lca:place/plentzia", "title": "Plentzia", "occurrences": 8, "first_year": 1519, "last_year": 1547, "variants": "Placencia; Plasencia; Plesaunce; Placentia; Applesencia; Placente", "volumes": ["IV-13", "IV-15", "IV-16", "IV-20"], "match": "wd:Q11699718", "has_outline": false}}, {"type": "Feature", "geometry": {"type": "Point", "coordinates": [-4.152629, 50.365961]}, "properties": {"id": "lca:place/plymouth", "title": "Plymouth", "occurrences": 16, "first_year": 1438, "last_year": 1553, "variants": "Plymmouth; Plimmouth; Plumouth; Plymmouthiam; Plymmouthe; Plymmoth; Plymmothe; Plymmowthe; Plymowthe", "volumes": ["II-6", "II-9", "III-3", "III-4", "III-5", "IV-13", "IV-17", "IV-18", "IV-19", "IV-23"], "match": "iv:IV:IV1680-283-22", "has_outline": false}}, {"type": "Feature", "geometry": {"type": "Point", "coordinates": [12.127222, 54.808611]}, "properties": {"id": "lca:place/polmaneke", "title": "Polmaneke", "occurrences": 1, "first_year": 1519, "last_year": 1520, "variants": "", "volumes": ["IV-13"], "match": "wd:Q23741596", "has_outline": false}}, {"type": "Feature", "geometry": {"type": "Point", "coordinates": [-1.98458, 50.71429]}, "properties": {"id": "lca:place/poole", "title": "Poole", "occurrences": 1, "first_year": 1445, "last_year": 1481, "variants": "Pole", "volumes": ["II-9", "III-5"], "match": "gn:2640101", "has_outline": false}}, {"type": "Feature", "geometry": {"type": "Point", "coordinates": [-8.610833, 41.15]}, "properties": {"id": "lca:place/porto", "title": "Porto", "occurrences": 14, "first_year": 1465, "last_year": 1547, "variants": "de Port; de Porte; Porte; Poorto; le Port de Portyngale; Oporto; Port(e)", "volumes": ["III-2", "III-5", "III-6", "IV-10", "IV-11", "IV-13", "IV-16", "IV-20", "IV-3"], "match": "wd:Q36433", "has_outline": false}}, {"type": "Feature", "geometry": {"type": "Point", "coordinates": [-1.078922, 50.804919]}, "properties": {"id": "lca:place/portsmouth", "title": "Portsmouth", "occurrences": 2, "first_year": 1525, "last_year": 1531, "variants": "Portismouth", "volumes": ["IV-15"], "match": "gn:2639996", "has_outline": false}}, {"type": "Feature", "geometry": {"type": "Point", "coordinates": [-3.020556, 43.317778]}, "properties": {"id": "lca:place/portugalete", "title": "Portugalete", "occurrences": 8, "first_year": 1512, "last_year": 1545, "variants": "Portogalette; Portegalett; Portagaletta; Portu Galetto; Portigalett; Portygalet; Portogalett; Portugaleta", "volumes": ["IV-10", "IV-11", "IV-12", "IV-13", "IV-17", "IV-19"], "match": "wd:Q3043733", "has_outline": false}}, {"type": "Feature", "geometry": {"type": "Point", "coordinates": [-4.333333, 48.066667]}, "properties": {"id": "lca:place/pouldavid", "title": "Pouldavid", "occurrences": 3, "first_year": 1519, "last_year": 1535, "variants": "Paldavy; Poldavid; Poldavy", "volumes": ["IV-13", "IV-17"], "match": "tgn:7618650", "has_outline": false}}, {"type": "Feature", "geometry": {"type": "Point", "coordinates": [4.964167, 52.505]}, "properties": {"id": "lca:place/purmerend", "title": "Purmerend", "occurrences": 11, "first_year": 1465, "last_year": 1481, "variants": "Primerende; Premerende", "volumes": ["III-2", "III-5"], "match": "wd:Q110423208", "has_outline": false}}, {"type": "Feature", "geometry": {"type": "Point", "coordinates": [0.745303, 51.414838]}, "properties": {"id": "lca:place/queenborough", "title": "Queenborough", "occurrences": 27, "first_year": 1439, "last_year": 1531, "variants": "Queneborowe; Queneborough; Quenburgh; Quenesburgh; Queneburgh; Quynborgh; Quynburgh; Qynburgh; Quinibrough", "volumes": ["II-10", "II-7", "III-5", "IV-12", "IV-14", "IV-15", "IV-3", "IV-4", "IV-8", "IV-9"], "match": "iv:IV:IV1680-289-59", "has_outline": false}}, {"type": "Feature", "geometry": {"type": "Point", "coordinates": [18.108333, 42.640278]}, "properties": {"id": "lca:place/ragusa", "title": "Ragusa", "occurrences": 22, "first_year": 1525, "last_year": 1535, "variants": "Aragosa; Arogustia; Aragusa", "volumes": ["IV-15", "IV-16", "IV-17"], "match": "wd:Q1722", "has_outline": false}}, {"type": "Feature", "geometry": {"type": "Point", "coordinates": [0.608387, 51.363288]}, "properties": {"id": "lca:place/rainham", "title": "Rainham", "occurrences": 44, "first_year": 1450, "last_year": 1531, "variants": "Raynam; Rengham; Regham; Reynham; Reynhame; Raynham; Reyneham; Rayneham; Reynham(e); Ryneham", "volumes": ["II-11", "II-12", "III-2", "III-3", "III-4", "III-6", "IV-1", "IV-10", "IV-12", "IV-14", "IV-15", "IV-3", "IV-4", "IV-9"], "match": "iv:IV:IV1680-290-50", "has_outline": false}}, {"type": "Feature", "geometry": {"type": "Point", "coordinates": [-0.041574, 51.511566]}, "properties": {"id": "lca:place/ratcliff", "title": "Ratcliff", "occurrences": 5, "first_year": 1439, "last_year": 1531, "variants": "Redecliff; Ratclyffe; Redclyf; Ratclyff; Rateclyffe", "volumes": ["II-7", "II-9", "III-5", "IV-14", "IV-15"], "match": "iv:IV:IV1680-291-44", "has_outline": false}}, {"type": "Feature", "geometry": {"type": "Point", "coordinates": [4.192134, 51.498767]}, "properties": {"id": "lca:place/reimerswaal", "title": "Reimerswaal", "occurrences": 3, "first_year": 1480, "last_year": 1481, "variants": "Remersale; Romerswale; Romersale; Romeswale", "volumes": ["III-5"], "match": "ohm:n2153114644", "has_outline": false}}, {"type": "Feature", "geometry": {"type": "Point", "coordinates": [-1.898613, 43.312527]}, "properties": {"id": "lca:place/rentaria", "title": "Rentária", "occurrences": 52, "first_year": 1512, "last_year": 1548, "variants": "la Renterea; Renteria; Arenterea; la Renteria; Rentorea; Renterea; Rentire; Arentria; Rentria; Rendre; Byscoye Renteria; Renterian; Renderie; Renterea in Spain; the Rentery; the Renterye", "volumes": ["IV-10", "IV-11", "IV-12", "IV-13", "IV-14", "IV-15", "IV-16", "IV-17", "IV-19", "IV-20", "IV-21"], "match": "wd:Q681893", "has_outline": false}}, {"type": "Feature", "geometry": {"type": "Point", "coordinates": [-7.04095, 43.53704]}, "properties": {"id": "lca:place/ribadeo", "title": "Ribadeo", "occurrences": 2, "first_year": 1513, "last_year": 1520, "variants": "Rebydavy; Rebadow", "volumes": ["IV-11", "IV-13"], "match": "wd:Q23992983", "has_outline": false}}, {"type": "Feature", "geometry": {"type": "Point", "coordinates": [0.506559, 51.388712]}, "properties": {"id": "lca:place/rochester", "title": "Rochester", "occurrences": 27, "first_year": 1434, "last_year": 1559, "variants": "Rouchestre; Rowchester; Rouchester; Rochestre; Rowcestre; Rochestyr", "volumes": ["II-10", "II-11", "II-12", "II-5", "II-9", "III-1", "III-5", "IV-1", "IV-17", "IV-2", "IV-21", "IV-23", "IV-24", "IV-25"], "match": "iv:IV:IV1680-297-16", "has_outline": false}}, {"type": "Feature", "geometry": {"type": "Point", "coordinates": [-0.05674, 51.493833]}, "properties": {"id": "lca:place/rotherhithe", "title": "Rotherhithe", "occurrences": 3, "first_year": 1477, "last_year": 1495, "variants": "Rederithe; Redereth; Rotherhythe", "volumes": ["III-4", "III-5", "IV-3"], "match": "gn:2639091", "has_outline": false}}, {"type": "Feature", "geometry": {"type": "Point", "coordinates": [4.48, 51.92]}, "properties": {"id": "lca:place/rotterdam", "title": "Rotterdam", "occurrences": 1, "first_year": 1456, "last_year": 1472, "variants": "Rotyrdam", "volumes": ["II-12", "III-2"], "match": "wd:Q34370", "has_outline": false}}, {"type": "Feature", "geometry": {"type": "Point", "coordinates": [1.090758, 49.442466]}, "properties": {"id": "lca:place/rouen", "title": "Rouen", "occurrences": 41, "first_year": 1431, "last_year": 1548, "variants": "Roane; Roan; Rothomago; Roen; Roone; Roon; Rone; Rothemago; Roand", "volumes": ["II-4", "II-5", "II-7", "II-9", "III-4", "III-5", "IV-12", "IV-13", "IV-14", "IV-15", "IV-17", "IV-19", "IV-20", "IV-21", "IV-3", "IV-4", "IV-8", "IV-9"], "match": "gn:2982652", "has_outline": false}}, {"type": "Feature", "geometry": {"type": "Point", "coordinates": [0.731902, 50.947456]}, "properties": {"id": "lca:place/rye", "title": "Rye", "occurrences": 12, "first_year": 1439, "last_year": 1547, "variants": "Rya", "volumes": ["II-7", "IV-16", "IV-17", "IV-18", "IV-19", "IV-20", "IV-4", "IV-9"], "match": "iv:IV:IV1680-303-04", "has_outline": false}}, {"type": "Feature", "geometry": {"type": "Point", "coordinates": [-3.98639, 48.68528]}, "properties": {"id": "lca:place/saint-pol-de-leon", "title": "Saint-Pol-de-Léon", "occurrences": 2, "first_year": 1490, "last_year": 1533, "variants": "Saint Poulle de Lyon; Seynt Pole de Lyons; Lyon; Lyons; St Pol de Léon", "volumes": ["IV-16", "IV-2"], "match": "gn:6431050", "has_outline": false}}, {"type": "Feature", "geometry": {"type": "Point", "coordinates": [0.811046, 51.782024]}, "properties": {"id": "lca:place/salcott", "title": "Salcott", "occurrences": 10, "first_year": 1536, "last_year": 1559, "variants": "Salcote; Salcot; Saltcot; Sallcote", "volumes": ["IV-18", "IV-19", "IV-21", "IV-23", "IV-24", "IV-25"], "match": "iv:IV:IV1680-303-40", "has_outline": false}}, {"type": "Feature", "geometry": {"type": "Point", "coordinates": [-4.224558, 50.400584]}, "properties": {"id": "lca:place/saltash", "title": "Saltash", "occurrences": 3, "first_year": 1480, "last_year": 1533, "variants": "Saltasshe", "volumes": ["III-5", "IV-16", "IV-3"], "match": "wd:Q1994597", "has_outline": false}}, {"type": "Feature", "geometry": {"type": "Point", "coordinates": [0.187982, 53.390368]}, "properties": {"id": "lca:place/saltfleet-haven", "title": "Saltfleet Haven", "occurrences": 1, "first_year": 1439, "last_year": 1440, "variants": "Saltflete Haven", "volumes": ["II-7"], "match": "osm:w563011782", "has_outline": false}}, {"type": "Feature", "geometry": {"type": "Point", "coordinates": [-1.9806, 43.3183]}, "properties": {"id": "lca:place/san-sebastian", "title": "San Sebastian", "occurrences": 35, "first_year": 1445, "last_year": 1548, "variants": "Sabastian; Sancto Sebastiano; Sisto; Sent Sebastian; Seint Sebastian; Sent Sabastian; Sancto Sabestiano; Saint Sebastiano; Sancto Sebestiano; Sainct Sebastian", "volumes": ["II-9", "IV-10", "IV-11", "IV-12", "IV-13", "IV-14", "IV-15", "IV-16", "IV-17", "IV-21", "IV-4", "IV-9"], "match": "gn:6480362", "has_outline": false}}, {"type": "Feature", "geometry": {"type": "Point", "coordinates": [1.339128, 51.273481]}, "properties": {"id": "lca:place/sandwich", "title": "Sandwich", "occurrences": 271, "first_year": 1412, "last_year": 1545, "variants": "Sandewicum; Sandewych; Sandewich; Sandewhich; Sandwych; Sandewico; Sandewiche; Sandwicum; de Sandewico; Sandwico; Sandiwicum; Sandewici; Sandewyche; Saundewych; Sondwyche; Sandwyche; Sandwiche; Sandewych(e)", "volumes": ["II-10", "II-11", "II-12", "II-2", "II-3", "II-4", "II-5", "II-6", "II-7", "II-8", "II-9", "III-1", "III-2", "III-3", "III-4", "III-5", "IV-1", "IV-11", "IV-12", "IV-14", "IV-15", "IV-18", "IV-19", "IV-3", "IV-4", "IV-8", "IV-9"], "match": "iv:IV:IV1680-305-22", "has_outline": false}}, {"type": "Feature", "geometry": {"type": "Point", "coordinates": [-0.394642, 54.287733]}, "properties": {"id": "lca:place/scarborough", "title": "Scarborough", "occurrences": 1, "first_year": 1520, "last_year": 1524, "variants": "Scarburgh", "volumes": ["IV-14"], "match": "ohm:n2125778802", "has_outline": false}}, {"type": "Feature", "geometry": {"type": "Point", "coordinates": [4.272574, 52.106874]}, "properties": {"id": "lca:place/scheveningen", "title": "Scheveningen", "occurrences": 1, "first_year": 1438, "last_year": 1439, "variants": "Skevenyng in Holandia", "volumes": ["II-6"], "match": "ohm:n2139908150", "has_outline": false}}, {"type": "Feature", "geometry": {"type": "Point", "coordinates": [-0.2682, 50.8329]}, "properties": {"id": "lca:place/shoreham-by-sea", "title": "Shoreham-by-Sea", "occurrences": 1, "first_year": 1541, "last_year": 1559, "variants": "Shoreham; Shoram", "volumes": ["IV-19", "IV-25"], "match": "wd:Q770599", "has_outline": false}}, {"type": "Feature", "geometry": {"type": "Point", "coordinates": [1.59465, 52.206807]}, "properties": {"id": "lca:place/sizewell", "title": "Sizewell", "occurrences": 6, "first_year": 1477, "last_year": 1524, "variants": "Syswelle; Cesewell; Sysewelle; Siswelle; Sisewelle", "volumes": ["III-4", "III-6", "IV-1", "IV-12", "IV-14"], "match": "iv:IV:IV1680-317-24", "has_outline": false}}, {"type": "Feature", "geometry": {"type": "Point", "coordinates": [3.3883, 51.3089]}, "properties": {"id": "lca:place/sluis", "title": "Sluis", "occurrences": 53, "first_year": 1434, "last_year": 1559, "variants": "Skleuse; Sklewse; Scluse; Scleuse; lEscluse; der Scluse; le Scluse; Lescluse; Scluce; Slewis; Sluys", "volumes": ["II-10", "II-12", "II-5", "II-7", "II-9", "III-2", "III-5", "III-6", "IV-25"], "match": "wd:Q2065987", "has_outline": false}}, {"type": "Feature", "geometry": {"type": "Point", "coordinates": [-1.032305, 53.690537]}, "properties": {"id": "lca:place/snaith", "title": "Snaith", "occurrences": 4, "first_year": 1439, "last_year": 1446, "variants": "Snayth; Snayth in comitatu Eborum; Sneyth; Sneythe", "volumes": ["II-7", "II-9"], "match": "wd:Q681806", "has_outline": false}}, {"type": "Feature", "geometry": {"type": "Point", "coordinates": [0.444436, 51.32887]}, "properties": {"id": "lca:place/snodland", "title": "Snodland", "occurrences": 49, "first_year": 1487, "last_year": 1531, "variants": "Snodlond", "volumes": ["IV-1", "IV-10", "IV-12", "IV-14", "IV-15", "IV-2", "IV-3", "IV-4", "IV-8", "IV-9"], "match": "iv:IV:IV1680-320-57", "has_outline": false}}, {"type": "Feature", "geometry": {"type": "Point", "coordinates": [0.562834, 51.54668]}, "properties": {"id": "lca:place/south-beneflete", "title": "South Beneflete", "occurrences": 4, "first_year": 1477, "last_year": 1524, "variants": "Benflete; Beneflete; Benflet; Southbeaneflete", "volumes": ["III-4", "III-5", "IV-14"], "match": "wd:Q2347600", "has_outline": false}}, {"type": "Feature", "geometry": {"type": "Point", "coordinates": [-1.404123, 50.899656]}, "properties": {"id": "lca:place/southampton", "title": "Southampton", "occurrences": 276, "first_year": 1400, "last_year": 1550, "variants": "de Southamptonia; Hamtun; Hampton; Suthamptonia; Hamton; Southamton; Southamptoniam; Southamptonie; Southamptonia; Suthampton; Soutamton", "volumes": ["II-1", "II-12", "II-4", "II-9", "III-1", "III-2", "III-3", "III-4", "III-5", "IV-12", "IV-15", "IV-17", "IV-19", "IV-21", "IV-22", "IV-8"], "match": "iv:IV:IV1680-322-17", "has_outline": false}}, {"type": "Feature", "geometry": {"type": "Point", "coordinates": [1.667365, 52.325099]}, "properties": {"id": "lca:place/southwold", "title": "Southwold", "occurrences": 23, "first_year": 1445, "last_year": 1531, "variants": "Southwald; Suthwolde; Southwolde; Southold", "volumes": ["II-10", "II-9", "IV-1", "IV-10", "IV-14", "IV-15", "IV-3", "IV-4", "IV-9"], "match": "iv:IV:IV1680-322-58", "has_outline": false}}, {"type": "Feature", "geometry": {"type": "Point", "coordinates": [-1.66267, 43.38871]}, "properties": {"id": "lca:place/st-jean-de-luz", "title": "St Jean de Luz", "occurrences": 2, "first_year": 1531, "last_year": 1533, "variants": "Luke; Luce", "volumes": ["IV-16"], "match": "gn:2979309", "has_outline": false}}, {"type": "Feature", "geometry": {"type": "Point", "coordinates": [-2.026111, 48.649444]}, "properties": {"id": "lca:place/st-malo", "title": "St Malo", "occurrences": 1, "first_year": 1531, "last_year": 1533, "variants": "Seynt Malos", "volumes": ["IV-16"], "match": "wd:Q163108", "has_outline": false}}, {"type": "Feature", "geometry": {"type": "Point", "coordinates": [2.257656, 50.748345]}, "properties": {"id": "lca:place/st-omer", "title": "St Omer", "occurrences": 2, "first_year": 1456, "last_year": 1461, "variants": "Seynt Omers", "volumes": ["II-12"], "match": "tgn:7011062", "has_outline": false}}, {"type": "Feature", "geometry": {"type": "Point", "coordinates": [1.076091, 51.798767]}, "properties": {"id": "lca:place/st-osyth", "title": "St Osyth", "occurrences": 16, "first_year": 1450, "last_year": 1547, "variants": "Seintose; Seynt Osy; Seint Osies; Sent Osys; Sent Osiis; Seint Osys; Seint Tosez; Sancta Ositha; Sancto Ositho; Saynt Osy", "volumes": ["II-11", "III-2", "III-5", "III-6", "IV-1", "IV-13", "IV-14", "IV-18", "IV-2", "IV-20", "IV-4"], "match": "iv:IV:IV1680-264-58", "has_outline": false}}, {"type": "Feature", "geometry": {"type": "Point", "coordinates": [-0.090556, 51.5114]}, "properties": {"id": "lca:place/steelyard", "title": "Steelyard", "occurrences": 9, "first_year": 1480, "last_year": 1485, "variants": "Styleyerd; Steleyerd; Steleerd; Stileyerd", "volumes": ["III-5", "III-6"], "match": "wd:Q445923", "has_outline": false}}, {"type": "Feature", "geometry": {"type": "Point", "coordinates": [-5.516111, 35.973889]}, "properties": {"id": "lca:place/strait-of-gibraltar", "title": "Strait of Gibraltar", "occurrences": 52, "first_year": 1450, "last_year": 1559, "variants": "strictus de Marrok; Maroke; Marok; Marrok; Strictus de Marrok; strictus de Marrocke; Straits of Gibraltar; Strictus de Marock", "volumes": ["II-11", "III-2", "III-3", "III-4", "IV-12", "IV-14", "IV-15", "IV-16", "IV-17", "IV-18", "IV-19", "IV-2", "IV-23", "IV-25", "IV-4", "IV-6", "IV-8", "IV-9"], "match": "wd:Q36124", "has_outline": false}}, {"type": "Feature", "geometry": {"type": "Point", "coordinates": [0.475166, 51.392977]}, "properties": {"id": "lca:place/strood", "title": "Strood", "occurrences": 2, "first_year": 1525, "last_year": 1531, "variants": "Strode", "volumes": ["IV-15"], "match": "ohm:n2153337565", "has_outline": false}}, {"type": "Feature", "geometry": {"type": "Point", "coordinates": [4.833333, 53.083333]}, "properties": {"id": "lca:place/texel", "title": "Texel", "occurrences": 3, "first_year": 1438, "last_year": 1440, "variants": "Tasselle in Holandia; Tesselle in Holandia; Tesselle", "volumes": ["II-6", "II-7"], "match": "wd:Q47009672", "has_outline": false}}, {"type": "Feature", "geometry": {"type": "Point", "coordinates": [1.61471, 52.181758]}, "properties": {"id": "lca:place/thorpeness", "title": "Thorpeness", "occurrences": 11, "first_year": 1446, "last_year": 1524, "variants": "Thorpehight; Thorp; Thorphith; Thorpe; Thorphithe", "volumes": ["II-10", "II-11", "III-2", "IV-1", "IV-14"], "match": "iv:IV:IV1680-350-21", "has_outline": false}}, {"type": "Feature", "geometry": {"type": "Point", "coordinates": [5.4333, 51.8833]}, "properties": {"id": "lca:place/tiel", "title": "Tiel", "occurrences": 3, "first_year": 1465, "last_year": 1472, "variants": "Tele", "volumes": ["III-2"], "match": "wd:Q73221", "has_outline": false}}, {"type": "Feature", "geometry": {"type": "Point", "coordinates": [4.22083, 51.53167]}, "properties": {"id": "lca:place/tolen", "title": "Tolen", "occurrences": 4, "first_year": 1438, "last_year": 1440, "variants": "de Tolle in Zelandia; Tolle; Tolle in Zelandia; Tolne", "volumes": ["II-6", "II-7"], "match": "gn:2746351", "has_outline": false}}, {"type": "Feature", "geometry": {"type": "Point", "coordinates": [-3.466427, 50.68422]}, "properties": {"id": "lca:place/topsham", "title": "Topsham", "occurrences": 2, "first_year": 1490, "last_year": 1548, "variants": "", "volumes": ["IV-2", "IV-21"], "match": "wd:Q127095", "has_outline": false}}, {"type": "Feature", "geometry": {"type": "Point", "coordinates": [-0.076443, 51.507394]}, "properties": {"id": "lca:place/tower-of-london", "title": "Tower of London", "occurrences": 13, "first_year": 1439, "last_year": 1533, "variants": "la Tourr de London'; Towr; Tour; Turre London'; Torre; Toure; la Tour de London'; Turre; Towre; Tower; Turre London’", "volumes": ["II-10", "II-7", "IV-12", "IV-13", "IV-15", "IV-16", "IV-9"], "match": "wd:Q62378", "has_outline": false}}, {"type": "Feature", "geometry": {"type": "Point", "coordinates": [1.320848, 51.978669]}, "properties": {"id": "lca:place/trymley", "title": "Trymley", "occurrences": 1, "first_year": 1541, "last_year": 1545, "variants": "", "volumes": ["IV-19"], "match": "", "has_outline": false}}, {"type": "Feature", "geometry": {"type": "Point", "coordinates": [-1.421442, 55.017862]}, "properties": {"id": "lca:place/tynemouth", "title": "Tynemouth", "occurrences": 1, "first_year": 1519, "last_year": 1520, "variants": "Tynmouthe", "volumes": ["IV-13"], "match": "", "has_outline": false}}, {"type": "Feature", "geometry": {"type": "Point", "coordinates": [3.668409, 51.548726]}, "properties": {"id": "lca:place/veere", "title": "Veere", "occurrences": 4, "first_year": 1438, "last_year": 1481, "variants": "Camfer; Veer; la Veer", "volumes": ["II-6", "II-7", "III-2", "III-3", "III-5"], "match": "ohm:n2153114618", "has_outline": false}}, {"type": "Feature", "geometry": {"type": "Point", "coordinates": [12.331944, 45.439722]}, "properties": {"id": "lca:place/venice", "title": "Venice", "occurrences": 65, "first_year": 1390, "last_year": 1559, "variants": "Venicie; Venisiam; Venicia; Venesia; Venisie; Venisia; Venecia; Venesie; Seniore de Venecia; Venetia; Venyce", "volumes": ["I-6", "II-11", "II-12", "II-3", "II-5", "II-6", "II-7", "II-8", "III-5", "IV-14", "IV-17", "IV-19", "IV-2", "IV-20", "IV-24", "IV-25"], "match": "wd:Q641", "has_outline": false}}, {"type": "Feature", "geometry": {"type": "Point", "coordinates": [-8.83287, 41.69323]}, "properties": {"id": "lca:place/viana-do-castelo", "title": "Viana do Castelo", "occurrences": 21, "first_year": 1480, "last_year": 1547, "variants": "Viana; Lawe de Viana; Vyana; Viano; Viana do Castello", "volumes": ["III-5", "IV-11", "IV-13", "IV-16", "IV-20"], "match": "gn:2732773", "has_outline": false}}, {"type": "Feature", "geometry": {"type": "Point", "coordinates": [-8.74516, 41.35326]}, "properties": {"id": "lca:place/vila-do-conde", "title": "Vila do Conde", "occurrences": 2, "first_year": 1541, "last_year": 1547, "variants": "Villa Cunda; Villa Decondo", "volumes": ["IV-19", "IV-20"], "match": "gn:2732649", "has_outline": false}}, {"type": "Feature", "geometry": {"type": "Point", "coordinates": [3.583333, 51.45]}, "properties": {"id": "lca:place/vlissingen", "title": "Vlissingen", "occurrences": 57, "first_year": 1438, "last_year": 1559, "variants": "Flysshing; Flissing in Selandia; Flisshing; Flysshing in Zelandia; Flissyng; Flissing; Flisschyng; Flyshing; Flyshyng; Flyssyng; Vlissyng; Flysshingge; Flisshynge; Flisshyng; Flysshyng; Flusshyng; Flushing; Flusyng; Flushinge; Flushyne; Flushyng; Flusing; Flusshynge; Flussyng", "volumes": ["II-10", "II-11", "II-6", "II-7", "II-9", "III-1", "III-2", "III-5", "III-6", "IV-14", "IV-16", "IV-17", "IV-20", "IV-21", "IV-25"], "match": "wd:Q10084", "has_outline": false}}, {"type": "Feature", "geometry": {"type": "Point", "coordinates": [0.82076, 51.54314]}, "properties": {"id": "lca:place/wakeryng", "title": "Wakeryng", "occurrences": 1, "first_year": 1520, "last_year": 1524, "variants": "", "volumes": ["IV-14"], "match": "gn:7293537", "has_outline": false}}, {"type": "Feature", "geometry": {"type": "Point", "coordinates": [1.651244, 52.307609]}, "properties": {"id": "lca:place/walberswick", "title": "Walberswick", "occurrences": 37, "first_year": 1456, "last_year": 1524, "variants": "Walbourswyke; Walbourswyk; Walberswik; Walbersewek; Walberswyke; Walberswyk; Westende; Walbreswyke", "volumes": ["II-12", "III-4", "III-6", "IV-1", "IV-10", "IV-12", "IV-14", "IV-3", "IV-4", "IV-9"], "match": "iv:IV:IV1680-368-45", "has_outline": false}}, {"type": "Feature", "geometry": {"type": "Point", "coordinates": [1.3985, 51.2043]}, "properties": {"id": "lca:place/walmer", "title": "Walmer", "occurrences": 1, "first_year": "", "last_year": "", "variants": "Walmere", "volumes": [], "match": "wd:Q2551894", "has_outline": false}}, {"type": "Feature", "geometry": {"type": "Point", "coordinates": [2.857261, 51.206252]}, "properties": {"id": "lca:place/walravonshire", "title": "Walravonshire", "occurrences": 1, "first_year": 1465, "last_year": 1472, "variants": "", "volumes": ["III-2"], "match": "", "has_outline": false}}, {"type": "Feature", "geometry": {"type": "Point", "coordinates": [1.268, 51.848]}, "properties": {"id": "lca:place/walton-on-the-naze", "title": "Walton-on-the-Naze", "occurrences": 3, "first_year": 1477, "last_year": 1479, "variants": "Walton; Walton possibly West Walton", "volumes": ["III-4"], "match": "wd:Q1818988", "has_outline": false}}, {"type": "Feature", "geometry": {"type": "Point", "coordinates": [0.292253, 51.472242]}, "properties": {"id": "lca:place/west-thurrock", "title": "West Thurrock", "occurrences": 1, "first_year": 1507, "last_year": 1508, "variants": "West Thurrok", "volumes": ["IV-8"], "match": "gn:2634251", "has_outline": false}}, {"type": "Feature", "geometry": {"type": "Point", "coordinates": [3.70972, 51.67583]}, "properties": {"id": "lca:place/westenschouwen", "title": "Westenschouwen", "occurrences": 5, "first_year": 1438, "last_year": 1446, "variants": "Westenscowe in Zelandia; Westenscowe; Westonscowe; Westscowe", "volumes": ["II-6", "II-9"], "match": "gn:2744774", "has_outline": false}}, {"type": "Feature", "geometry": {"type": "Point", "coordinates": [3.44011, 51.527559]}, "properties": {"id": "lca:place/westkapelle", "title": "Westkapelle", "occurrences": 1, "first_year": 1439, "last_year": 1440, "variants": "Westcable in Zelandia", "volumes": ["II-7"], "match": "ohm:n2153114619", "has_outline": false}}, {"type": "Feature", "geometry": {"type": "Point", "coordinates": [-2.460714, 50.614299]}, "properties": {"id": "lca:place/weymouth", "title": "Weymouth", "occurrences": 2, "first_year": 1480, "last_year": 1481, "variants": "Weymothe; Weymoth", "volumes": ["III-5"], "match": "wd:Q661619", "has_outline": false}}, {"type": "Feature", "geometry": {"type": "Point", "coordinates": [-0.627687, 54.486546]}, "properties": {"id": "lca:place/whitby", "title": "Whitby", "occurrences": 1, "first_year": 1438, "last_year": 1439, "variants": "Whytby", "volumes": ["II-6"], "match": "ohm:n2126225269", "has_outline": false}}, {"type": "Feature", "geometry": {"type": "Point", "coordinates": [4.594722, 52.491944]}, "properties": {"id": "lca:place/wijk-aan-zee", "title": "Wijk aan Zee", "occurrences": 12, "first_year": 1438, "last_year": 1472, "variants": "der Wyke in Holandia; der Wike in Holandia; Wyke; Wyke in Holandia; der Wyk; de Wyke; de Wyk in Holandia; de Wyk; Wike; Wike aan Zee; Wike in Holandia; Wyk in Holandia", "volumes": ["II-6", "II-7", "III-2"], "match": "wd:Q913649", "has_outline": false}}, {"type": "Feature", "geometry": {"type": "Point", "coordinates": [0.701902, 50.921171]}, "properties": {"id": "lca:place/winchelsea", "title": "Winchelsea", "occurrences": 38, "first_year": 1431, "last_year": 1524, "variants": "Winchelse; Wynchelse; Winchelsey; de Wynchelse; Wynchelseye; de Winchelsee; Wynchelsse; Wynchylse; Wynchelsey; Winchelsie; Wynchelsie; Winchelsei", "volumes": ["II-10", "II-11", "II-4", "II-5", "II-6", "II-7", "II-9", "III-5", "IV-14", "IV-2", "IV-3", "IV-5"], "match": "iv:IV:IV1680-390-18", "has_outline": false}}, {"type": "Feature", "geometry": {"type": "Point", "coordinates": [0.959367, 51.854829]}, "properties": {"id": "lca:place/wivenhoe", "title": "Wivenhoe", "occurrences": 1, "first_year": 1487, "last_year": 1490, "variants": "Wyvenho", "volumes": ["IV-1"], "match": "gn:2633717", "has_outline": false}}, {"type": "Feature", "geometry": {"type": "Point", "coordinates": [1.039137, 52.943682]}, "properties": {"id": "lca:place/wiveton", "title": "Wiveton", "occurrences": 1, "first_year": 1520, "last_year": 1524, "variants": "Wyfeton", "volumes": ["IV-14"], "match": "gn:2633716", "has_outline": false}}, {"type": "Feature", "geometry": {"type": "Point", "coordinates": [1.297822, 52.093164]}, "properties": {"id": "lca:place/woodbridge", "title": "Woodbridge", "occurrences": 3, "first_year": 1465, "last_year": 1472, "variants": "Wodbryg; Wodbrygge; Wodbruge; Wodbryg(ge)", "volumes": ["III-2"], "match": "wd:Q1021350", "has_outline": false}}, {"type": "Feature", "geometry": {"type": "Point", "coordinates": [0.058299, 51.489173]}, "properties": {"id": "lca:place/woolwich", "title": "Woolwich", "occurrences": 6, "first_year": 1507, "last_year": 1547, "variants": "Wolwych; Wolwich; Wolwyche; Wollwich", "volumes": ["IV-20", "IV-8", "IV-9"], "match": "iv:IV:IV1680-396-11", "has_outline": false}}, {"type": "Feature", "geometry": {"type": "Point", "coordinates": [1.734783, 52.601826]}, "properties": {"id": "lca:place/yarmouth", "title": "Yarmouth", "occurrences": 10, "first_year": 1445, "last_year": 1533, "variants": "Yermoth; Yermouth; Yermouthe; Wight", "volumes": ["II-9", "III-5", "IV-12", "IV-14", "IV-16", "IV-3", "IV-4", "IV-8"], "match": "iv:IV:IV1680-403-17", "has_outline": false}}, {"type": "Feature", "geometry": {"type": "Point", "coordinates": [-1.087028, 53.960614]}, "properties": {"id": "lca:place/york", "title": "York", "occurrences": 8, "first_year": 1439, "last_year": 1456, "variants": "Yorke; Eborum; York(e); the Netherlands", "volumes": ["II-10", "II-11", "II-7", "II-9"], "match": "iv:IV:IV1680-404-39", "has_outline": false}}, {"type": "Feature", "geometry": {"type": "Point", "coordinates": [3.9164, 51.6497]}, "properties": {"id": "lca:place/zierikzee", "title": "Zierikzee", "occurrences": 8, "first_year": 1438, "last_year": 1461, "variants": "Selice; Serykese; Seryse; Serisee; Zerikcee", "volumes": ["II-11", "II-12", "II-6"], "match": "wd:Q81076", "has_outline": false}}, {"type": "Feature", "geometry": {"type": "Point", "coordinates": [-2.25609, 43.298002]}, "properties": {"id": "lca:place/zumaya", "title": "Zumaya", "occurrences": 3, "first_year": 1512, "last_year": 1524, "variants": "Summaya; Summaya in Spain", "volumes": ["IV-10", "IV-14"], "match": "tgn:7031470", "has_outline": false}}]}