{"type": "FeatureCollection", "features": [{"type": "Feature", "geometry": {"type": "LineString", "coordinates": [[-1.54209, 55.134], [-1.54214, 55.12638], [-1.5424, 55.11883], [-1.54287, 55.11135], [-1.54353, 55.10395], [-1.5444, 55.09662], [-1.54548, 55.08935], [-1.54676, 55.08217], [-1.54824, 55.07505], [-1.54992, 55.06801], [-1.55181, 55.06103], [-1.55391, 55.05413], [-1.5562, 55.0473], [-1.55871, 55.04055], [-1.56141, 55.03386], [-1.56432, 55.02725], [-1.56743, 55.02071], [-1.57075, 55.01424], [-1.57427, 55.00784], [-1.57799, 55.00152], [-1.58192, 54.99526], [-1.58605, 54.98908], [-1.59038, 54.98297], [-1.59492, 54.97694], [-1.59967, 54.97097]]}, "properties": {"member": "Blyth", "head": "Newcastle", "rank": "creek", "source": "TNA E 159/350", "secondary": false}}, {"type": "Feature", "geometry": {"type": "LineString", "coordinates": [[-1.36161, 54.90716], [-1.37245, 54.9064], [-1.3832, 54.90594], [-1.39388, 54.90577], [-1.40448, 54.9059], [-1.41499, 54.90632], [-1.42543, 54.90705], [-1.43579, 54.90807], [-1.44607, 54.90939], [-1.45626, 54.91101], [-1.46638, 54.91292], [-1.47642, 54.91513], [-1.48638, 54.91764], [-1.49626, 54.92045], [-1.50606, 54.92356], [-1.51578, 54.92696], [-1.52542, 54.93066], [-1.53498, 54.93466], [-1.54446, 54.93895], [-1.55386, 54.94354], [-1.56318, 54.94843], [-1.57242, 54.95362], [-1.58158, 54.95911], [-1.59066, 54.96489], [-1.59967, 54.97097]]}, "properties": {"member": "Sunderland", "head": "Newcastle", "rank": "creek", "source": "TNA E 159/350", "secondary": false}}, {"type": "Feature", "geometry": {"type": "LineString", "coordinates": [[-1.20721, 54.6999], [-1.22746, 54.70556], [-1.24737, 54.7117], [-1.26694, 54.71833], [-1.28617, 54.72546], [-1.30506, 54.73307], [-1.32362, 54.74118], [-1.34184, 54.74977], [-1.35971, 54.75886], [-1.37725, 54.76844], [-1.39445, 54.77851], [-1.41131, 54.78907], [-1.42783, 54.80012], [-1.44402, 54.81166], [-1.45986, 54.82369], [-1.47537, 54.83621], [-1.49053, 54.84922], [-1.50536, 54.86272], [-1.51985, 54.87671], [-1.534, 54.8912], [-1.54781, 54.90617], [-1.56128, 54.92163], [-1.57442, 54.93759], [-1.58721, 54.95404], [-1.59967, 54.97097]]}, "properties": {"member": "Hartlepool", "head": "Newcastle", "rank": "member", "source": "TNA E 159/350", "secondary": false}}, {"type": "Feature", "geometry": {"type": "LineString", "coordinates": [[-0.61479, 54.48831], [-0.66277, 54.49426], [-0.71014, 54.50144], [-0.75691, 54.50986], [-0.80307, 54.51951], [-0.84863, 54.53038], [-0.89359, 54.54249], [-0.93795, 54.55583], [-0.9817, 54.5704], [-1.02485, 54.58621], [-1.06739, 54.60324], [-1.10933, 54.6215], [-1.15067, 54.641], [-1.1914, 54.66173], [-1.23154, 54.68368], [-1.27106, 54.70687], [-1.30999, 54.73129], [-1.34831, 54.75694], [-1.38603, 54.78383], [-1.42314, 54.81194], [-1.45965, 54.84128], [-1.49556, 54.87186], [-1.53087, 54.90367], [-1.56557, 54.9367], [-1.59967, 54.97097]]}, "properties": {"member": "Whitby", "head": "Newcastle", "rank": "member", "source": "TNA E 159/350", "secondary": false}}, {"type": "Feature", "geometry": {"type": "LineString", "coordinates": [[-0.38966, 54.28406], [-0.37767, 54.26302], [-0.36634, 54.24185], [-0.35569, 54.22056], [-0.34572, 54.19914], [-0.33642, 54.17759], [-0.3278, 54.15591], [-0.31985, 54.13411], [-0.31258, 54.11218], [-0.30598, 54.09012], [-0.30006, 54.06793], [-0.29481, 54.04562], [-0.29024, 54.02318], [-0.28634, 54.00062], [-0.28312, 53.97792], [-0.28057, 53.9551], [-0.2787, 53.93216], [-0.2775, 53.90908], [-0.27698, 53.88588], [-0.27713, 53.86255], [-0.27796, 53.8391], [-0.27946, 53.81551], [-0.28164, 53.7918], [-0.28449, 53.76797], [-0.28802, 53.744]]}, "properties": {"member": "Scarborough", "head": "Hull", "rank": "member", "source": "TNA E 159/350", "secondary": false}}, {"type": "Feature", "geometry": {"type": "LineString", "coordinates": [[-0.18922, 54.08145], [-0.18849, 54.06597], [-0.18818, 54.05062], [-0.18829, 54.03538], [-0.18882, 54.02027], [-0.18977, 54.00529], [-0.19114, 53.99042], [-0.19294, 53.97568], [-0.19516, 53.96107], [-0.1978, 53.94657], [-0.20086, 53.9322], [-0.20435, 53.91796], [-0.20825, 53.90384], [-0.21258, 53.88984], [-0.21733, 53.87596], [-0.2225, 53.86221], [-0.22809, 53.84858], [-0.23411, 53.83508], [-0.24055, 53.8217], [-0.2474, 53.80844], [-0.25468, 53.79531], [-0.26239, 53.7823], [-0.27051, 53.76941], [-0.27906, 53.75664], [-0.28802, 53.744]]}, "properties": {"member": "Bridlington", "head": "Hull", "rank": "member", "source": "TNA E 159/350", "secondary": false}}, {"type": "Feature", "geometry": {"type": "LineString", "coordinates": [[-0.07509, 53.57813], [-0.08635, 53.58198], [-0.0974, 53.58609], [-0.10824, 53.59048], [-0.11888, 53.59513], [-0.1293, 53.60004], [-0.13952, 53.60522], [-0.14954, 53.61067], [-0.15934, 53.61638], [-0.16894, 53.62236], [-0.17833, 53.62861], [-0.18751, 53.63512], [-0.19649, 53.6419], [-0.20526, 53.64895], [-0.21382, 53.65626], [-0.22217, 53.66383], [-0.23032, 53.67168], [-0.23826, 53.67979], [-0.24599, 53.68816], [-0.25351, 53.6968], [-0.26083, 53.70571], [-0.26794, 53.71489], [-0.27484, 53.72433], [-0.28154, 53.73403], [-0.28802, 53.744]]}, "properties": {"member": "Grimsby", "head": "Hull", "rank": "member", "source": "TNA E 159/350", "secondary": false}}, {"type": "Feature", "geometry": {"type": "LineString", "coordinates": [[0.31977, 53.09633], [0.30737, 53.0861], [0.29481, 53.07629], [0.28209, 53.06692], [0.26921, 53.05796], [0.25617, 53.04944], [0.24297, 53.04134], [0.22961, 53.03367], [0.21609, 53.02643], [0.20241, 53.01962], [0.18858, 53.01323], [0.17458, 53.00727], [0.16042, 53.00173], [0.14611, 52.99662], [0.13163, 52.99194], [0.117, 52.98769], [0.1022, 52.98387], [0.08725, 52.98047], [0.07213, 52.9775], [0.05686, 52.97495], [0.04142, 52.97283], [0.02583, 52.97114], [0.01008, 52.96988], [-0.00583, 52.96904], [-0.02191, 52.96863]]}, "properties": {"member": "Wainfleet Haven", "head": "Boston", "rank": "member", "source": "TNA E 159/350", "secondary": false}}, {"type": "Feature", "geometry": {"type": "LineString", "coordinates": [[0.84908, 52.95825], [0.83289, 52.9434], [0.81645, 52.92913], [0.79977, 52.91543], [0.78283, 52.9023], [0.76565, 52.88974], [0.74822, 52.87775], [0.73055, 52.86633], [0.71262, 52.85549], [0.69445, 52.84521], [0.67602, 52.83551], [0.65735, 52.82638], [0.63844, 52.81782], [0.61927, 52.80983], [0.59985, 52.80241], [0.58019, 52.79556], [0.56028, 52.78929], [0.54012, 52.78358], [0.51971, 52.77845], [0.49905, 52.77389], [0.47815, 52.7699], [0.45699, 52.76648], [0.43559, 52.76363], [0.41394, 52.76136], [0.39205, 52.75965]]}, "properties": {"member": "Wells Next The Sea", "head": "Kings Lynn", "rank": "creek", "source": "TNA E 159/350", "secondary": false}}, {"type": "Feature", "geometry": {"type": "LineString", "coordinates": [[1.0136, 52.95574], [1.0485, 52.95084], [1.08295, 52.94505], [1.11694, 52.93836], [1.15048, 52.93079], [1.18356, 52.92233], [1.21619, 52.91297], [1.24837, 52.90273], [1.28009, 52.89159], [1.31136, 52.87957], [1.34217, 52.86665], [1.37253, 52.85285], [1.40244, 52.83815], [1.43189, 52.82256], [1.46089, 52.80609], [1.48943, 52.78872], [1.51752, 52.77046], [1.54515, 52.75131], [1.57233, 52.73127], [1.59906, 52.71035], [1.62533, 52.68853], [1.65114, 52.66582], [1.67651, 52.64222], [1.70142, 52.61773], [1.72587, 52.59235]]}, "properties": {"member": "Blakeney", "head": "Yarmouth,  Great", "rank": "creek", "source": "TNA E 159/350", "secondary": false}}, {"type": "Feature", "geometry": {"type": "LineString", "coordinates": [[1.68625, 52.33053], [1.68414, 52.34201], [1.68235, 52.35344], [1.68089, 52.36482], [1.67976, 52.37615], [1.67896, 52.38743], [1.67848, 52.39866], [1.67833, 52.40984], [1.67851, 52.42097], [1.67902, 52.43205], [1.67985, 52.44309], [1.68101, 52.45407], [1.6825, 52.465], [1.68431, 52.47589], [1.68645, 52.48672], [1.68892, 52.49751], [1.69172, 52.50824], [1.69484, 52.51893], [1.69829, 52.52957], [1.70207, 52.54016], [1.70617, 52.55069], [1.71061, 52.56118], [1.71537, 52.57162], [1.72045, 52.58201], [1.72587, 52.59235]]}, "properties": {"member": "Southwold", "head": "Yarmouth,  Great", "rank": "creek", "source": "TNA E 159/350", "secondary": false}}, {"type": "Feature", "geometry": {"type": "LineString", "coordinates": [[1.66719, 52.31551], [1.66565, 52.32789], [1.66447, 52.3402], [1.66362, 52.35243], [1.66313, 52.36459], [1.66298, 52.37667], [1.66317, 52.38868], [1.66371, 52.40062], [1.6646, 52.41249], [1.66584, 52.42428], [1.66742, 52.43599], [1.66934, 52.44764], [1.67161, 52.45921], [1.67423, 52.47071], [1.6772, 52.48213], [1.68051, 52.49349], [1.68416, 52.50476], [1.68816, 52.51597], [1.69251, 52.5271], [1.69721, 52.53816], [1.70225, 52.54914], [1.70763, 52.56005], [1.71337, 52.57089], [1.71944, 52.58166], [1.72587, 52.59235]]}, "properties": {"member": "Walberswick", "head": "Yarmouth,  Great", "rank": "creek", "source": "TNA E 159/350", "secondary": false}}, {"type": "Feature", "geometry": {"type": "LineString", "coordinates": [[1.60416, 52.15469], [1.60294, 52.17467], [1.60226, 52.19451], [1.60214, 52.21419], [1.60256, 52.23372], [1.60353, 52.25309], [1.60504, 52.27232], [1.60711, 52.29139], [1.60971, 52.31031], [1.61287, 52.32908], [1.61657, 52.3477], [1.62083, 52.36616], [1.62562, 52.38447], [1.63097, 52.40263], [1.63686, 52.42064], [1.6433, 52.43849], [1.65029, 52.4562], [1.65782, 52.47375], [1.6659, 52.49115], [1.67453, 52.5084], [1.6837, 52.52549], [1.69342, 52.54243], [1.70369, 52.55922], [1.71451, 52.57586], [1.72587, 52.59235]]}, "properties": {"member": "Aldeburgh", "head": "Yarmouth,  Great", "rank": "member", "source": "TNA E 159/350", "secondary": false}}, {"type": "Feature", "geometry": {"type": "LineString", "coordinates": [[1.53764, 52.09172], [1.53829, 52.11528], [1.53956, 52.13861], [1.54146, 52.16171], [1.54398, 52.18457], [1.54713, 52.20719], [1.55091, 52.22958], [1.55531, 52.25173], [1.56033, 52.27365], [1.56599, 52.29534], [1.57226, 52.31678], [1.57917, 52.338], [1.5867, 52.35897], [1.59485, 52.37972], [1.60364, 52.40022], [1.61304, 52.42049], [1.62308, 52.44053], [1.63374, 52.46033], [1.64502, 52.4799], [1.65693, 52.49923], [1.66947, 52.51832], [1.68263, 52.53718], [1.69642, 52.55581], [1.71083, 52.57419], [1.72587, 52.59235]]}, "properties": {"member": "Orford", "head": "Yarmouth,  Great", "rank": "member", "source": "TNA E 159/350", "secondary": false}}, {"type": "Feature", "geometry": {"type": "LineString", "coordinates": [[1.32197, 52.09102], [1.33159, 52.11771], [1.34184, 52.1439], [1.35272, 52.16959], [1.36422, 52.19477], [1.37635, 52.21944], [1.3891, 52.24361], [1.40249, 52.26728], [1.4165, 52.29044], [1.43113, 52.3131], [1.44639, 52.33525], [1.46228, 52.35689], [1.4788, 52.37803], [1.49594, 52.39867], [1.51371, 52.4188], [1.53211, 52.43843], [1.55113, 52.45755], [1.57078, 52.47617], [1.59105, 52.49428], [1.61196, 52.51189], [1.63349, 52.52899], [1.65564, 52.54559], [1.67842, 52.56168], [1.70183, 52.57727], [1.72587, 52.59235]]}, "properties": {"member": "Woodbridge", "head": "Yarmouth,  Great", "rank": "member", "source": "TNA E 159/350", "secondary": false}}, {"type": "Feature", "geometry": {"type": "LineString", "coordinates": [[1.27448, 51.94183], [1.26782, 51.9447], [1.2613, 51.94772], [1.25492, 51.95089], [1.24868, 51.95421], [1.24257, 51.95768], [1.2366, 51.96131], [1.23078, 51.96509], [1.22509, 51.96902], [1.21953, 51.9731], [1.21412, 51.97733], [1.20885, 51.98172], [1.20371, 51.98626], [1.19871, 51.99095], [1.19385, 51.99579], [1.18913, 52.00078], [1.18455, 52.00593], [1.1801, 52.01123], [1.1758, 52.01668], [1.17163, 52.02228], [1.1676, 52.02803], [1.16371, 52.03394], [1.15996, 52.04], [1.15635, 52.04621], [1.15287, 52.05257]]}, "properties": {"member": "Harwich Haven", "head": "Ipswich", "rank": "creek", "source": "TNA E 159/350", "secondary": false}}, {"type": "Feature", "geometry": {"type": "LineString", "coordinates": [[1.02104, 51.80583], [1.02299, 51.818], [1.02524, 51.83001], [1.0278, 51.84186], [1.03067, 51.85354], [1.03385, 51.86506], [1.03734, 51.87641], [1.04114, 51.8876], [1.04524, 51.89862], [1.04966, 51.90948], [1.05438, 51.92017], [1.05941, 51.9307], [1.06475, 51.94106], [1.0704, 51.95126], [1.07635, 51.9613], [1.08261, 51.97116], [1.08919, 51.98087], [1.09607, 51.99041], [1.10326, 51.99978], [1.11076, 52.00899], [1.11856, 52.01804], [1.12668, 52.02692], [1.1351, 52.03563], [1.14383, 52.04419], [1.15287, 52.05257]]}, "properties": {"member": "Brightlingsea", "head": "Ipswich", "rank": "creek", "source": "TNA E 159/350", "secondary": false}}, {"type": "Feature", "geometry": {"type": "LineString", "coordinates": [[0.95896, 51.8545], [0.96419, 51.86554], [0.96967, 51.87634], [0.9754, 51.88689], [0.98137, 51.89721], [0.9876, 51.90728], [0.99407, 51.91711], [1.00079, 51.92669], [1.00775, 51.93604], [1.01496, 51.94514], [1.02242, 51.954], [1.03013, 51.96261], [1.03809, 51.97099], [1.04629, 51.97912], [1.05474, 51.98701], [1.06344, 51.99466], [1.07239, 52.00206], [1.08158, 52.00922], [1.09102, 52.01614], [1.10071, 52.02282], [1.11065, 52.02925], [1.12083, 52.03545], [1.13126, 52.0414], [1.14194, 52.04711], [1.15287, 52.05257]]}, "properties": {"member": "Wivenhoe", "head": "Ipswich", "rank": "creek", "source": "TNA E 159/350", "secondary": false}}, {"type": "Feature", "geometry": {"type": "LineString", "coordinates": [[0.68505, 51.73213], [0.69994, 51.75221], [0.71522, 51.7717], [0.73091, 51.79061], [0.747, 51.80893], [0.76349, 51.82667], [0.78038, 51.84382], [0.79767, 51.86039], [0.81536, 51.87637], [0.83345, 51.89177], [0.85194, 51.90658], [0.87083, 51.92081], [0.89012, 51.93445], [0.90981, 51.94751], [0.92991, 51.95999], [0.9504, 51.97188], [0.9713, 51.98318], [0.99259, 51.9939], [1.01429, 52.00404], [1.03638, 52.01359], [1.05888, 52.02256], [1.08178, 52.03094], [1.10507, 52.03873], [1.12877, 52.04594], [1.15287, 52.05257]]}, "properties": {"member": "Maldon", "head": "Ipswich", "rank": "creek", "source": "TNA E 159/350", "secondary": false}}, {"type": "Feature", "geometry": {"type": "LineString", "coordinates": [[0.81782, 51.62464], [0.82563, 51.64728], [0.83397, 51.66951], [0.84285, 51.69132], [0.85227, 51.71271], [0.86222, 51.73368], [0.8727, 51.75424], [0.88372, 51.77437], [0.89527, 51.79408], [0.90736, 51.81338], [0.91998, 51.83226], [0.93314, 51.85072], [0.94683, 51.86876], [0.96106, 51.88638], [0.97582, 51.90358], [0.99112, 51.92037], [1.00695, 51.93673], [1.02332, 51.95268], [1.04022, 51.9682], [1.05766, 51.98331], [1.07563, 51.998], [1.09414, 52.01227], [1.11318, 52.02612], [1.13276, 52.03956], [1.15287, 52.05257]]}, "properties": {"member": "Burnham on Crouch", "head": "Ipswich", "rank": "creek", "source": "TNA E 159/350", "secondary": false}}, {"type": "Feature", "geometry": {"type": "LineString", "coordinates": [[0.72359, 51.57809], [0.73465, 51.60403], [0.74631, 51.62944], [0.75856, 51.65431], [0.77141, 51.67864], [0.78485, 51.70243], [0.79888, 51.72569], [0.8135, 51.74841], [0.82872, 51.7706], [0.84453, 51.79224], [0.86094, 51.81336], [0.87793, 51.83393], [0.89553, 51.85397], [0.91371, 51.87347], [0.93248, 51.89243], [0.95185, 51.91086], [0.97182, 51.92875], [0.99237, 51.94611], [1.01352, 51.96293], [1.03526, 51.97921], [1.0576, 51.99496], [1.08053, 52.01016], [1.10405, 52.02484], [1.12816, 52.03897], [1.15287, 52.05257]]}, "properties": {"member": "Rochford", "head": "Ipswich", "rank": "creek", "source": "TNA E 159/350", "secondary": false}}, {"type": "Feature", "geometry": {"type": "LineString", "coordinates": [[0.65505, 51.53927], [0.66841, 51.56782], [0.68242, 51.59574], [0.69707, 51.62304], [0.71235, 51.64971], [0.72829, 51.67577], [0.74486, 51.7012], [0.76207, 51.72601], [0.77993, 51.7502], [0.79842, 51.77376], [0.81756, 51.79671], [0.83734, 51.81903], [0.85776, 51.84073], [0.87883, 51.8618], [0.90053, 51.88226], [0.92288, 51.90209], [0.94587, 51.9213], [0.9695, 51.93989], [0.99377, 51.95785], [1.01868, 51.97519], [1.04424, 51.99191], [1.07043, 52.00801], [1.09727, 52.02349], [1.12475, 52.03834], [1.15287, 52.05257]]}, "properties": {"member": "Leigh on Sea", "head": "Ipswich", "rank": "creek", "source": "TNA E 159/350", "secondary": false}}, {"type": "Feature", "geometry": {"type": "LineString", "coordinates": [[0.74087, 51.41633], [0.76791, 51.41911], [0.79478, 51.42115], [0.82147, 51.42244], [0.84798, 51.42297], [0.87432, 51.42275], [0.90049, 51.42179], [0.92647, 51.42007], [0.95229, 51.4176], [0.97793, 51.41438], [1.00339, 51.41041], [1.02867, 51.40569], [1.05379, 51.40022], [1.07872, 51.394], [1.10348, 51.38703], [1.12807, 51.3793], [1.15248, 51.37083], [1.17671, 51.3616], [1.20077, 51.35163], [1.22466, 51.3409], [1.24836, 51.32942], [1.2719, 51.3172], [1.29526, 51.30422], [1.31844, 51.29049], [1.34144, 51.27601]]}, "properties": {"member": "Queenborough", "head": "Sandwich", "rank": "creek", "source": "TNA E 159/350", "secondary": false}}, {"type": "Feature", "geometry": {"type": "LineString", "coordinates": [[0.50652, 51.39137], [0.54296, 51.39857], [0.57927, 51.40472], [0.61542, 51.40983], [0.65144, 51.41389], [0.68731, 51.41691], [0.72304, 51.41889], [0.75862, 51.41982], [0.79405, 51.41971], [0.82935, 51.41856], [0.8645, 51.41636], [0.8995, 51.41312], [0.93436, 51.40884], [0.96908, 51.40351], [1.00365, 51.39713], [1.03808, 51.38972], [1.07236, 51.38126], [1.1065, 51.37176], [1.1405, 51.36121], [1.17435, 51.34962], [1.20806, 51.33698], [1.24162, 51.32331], [1.27504, 51.30858], [1.30831, 51.29282], [1.34144, 51.27601]]}, "properties": {"member": "Rochester", "head": "Sandwich", "rank": "member", "source": "TNA E 159/350", "secondary": false}}, {"type": "Feature", "geometry": {"type": "LineString", "coordinates": [[0.89412, 51.33604], [0.91362, 51.33997], [0.93305, 51.34334], [0.9524, 51.34615], [0.97168, 51.3484], [0.99088, 51.35009], [1.01, 51.35122], [1.02906, 51.3518], [1.04803, 51.35181], [1.06693, 51.35127], [1.08576, 51.35017], [1.10451, 51.3485], [1.12319, 51.34628], [1.14179, 51.3435], [1.16031, 51.34016], [1.17876, 51.33626], [1.19714, 51.3318], [1.21544, 51.32679], [1.23367, 51.32121], [1.25182, 51.31507], [1.26989, 51.30838], [1.28789, 51.30113], [1.30582, 51.29331], [1.32367, 51.28494], [1.34144, 51.27601]]}, "properties": {"member": "Faversham", "head": "Sandwich", "rank": "member", "source": "TNA E 159/350", "secondary": false}}, {"type": "Feature", "geometry": {"type": "LineString", "coordinates": [[1.02464, 51.36404], [1.03911, 51.36492], [1.05346, 51.36541], [1.06771, 51.36551], [1.08184, 51.36521], [1.09587, 51.36451], [1.10978, 51.36341], [1.12359, 51.36193], [1.13728, 51.36004], [1.15087, 51.35776], [1.16435, 51.35508], [1.17771, 51.35201], [1.19097, 51.34854], [1.20411, 51.34467], [1.21715, 51.34041], [1.23007, 51.33575], [1.24289, 51.3307], [1.25559, 51.32525], [1.26819, 51.3194], [1.28067, 51.31316], [1.29305, 51.30652], [1.30531, 51.29949], [1.31747, 51.29206], [1.32951, 51.28423], [1.34144, 51.27601]]}, "properties": {"member": "Whitstable", "head": "Sandwich", "rank": "creek", "source": "TNA E 159/350", "secondary": false}}, {"type": "Feature", "geometry": {"type": "LineString", "coordinates": [[1.37944, 51.39136], [1.37951, 51.38601], [1.37944, 51.38071], [1.37923, 51.37545], [1.37887, 51.37024], [1.37837, 51.36508], [1.37773, 51.35996], [1.37694, 51.35489], [1.376, 51.34987], [1.37492, 51.3449], [1.3737, 51.33998], [1.37233, 51.3351], [1.37082, 51.33027], [1.36917, 51.32548], [1.36737, 51.32075], [1.36542, 51.31606], [1.36334, 51.31142], [1.36111, 51.30683], [1.35873, 51.30228], [1.35621, 51.29779], [1.35354, 51.29334], [1.35074, 51.28893], [1.34778, 51.28458], [1.34469, 51.28027], [1.34144, 51.27601]]}, "properties": {"member": "Margate", "head": "Sandwich", "rank": "member", "source": "TNA E 159/350", "secondary": false}}, {"type": "Feature", "geometry": {"type": "LineString", "coordinates": [[1.44308, 51.3597], [1.44005, 51.35475], [1.43691, 51.34993], [1.43367, 51.34524], [1.43032, 51.34067], [1.42687, 51.33623], [1.42332, 51.33192], [1.41966, 51.32773], [1.4159, 51.32367], [1.41203, 51.31974], [1.40805, 51.31594], [1.40398, 51.31226], [1.39979, 51.30871], [1.39551, 51.30529], [1.39112, 51.30199], [1.38662, 51.29882], [1.38202, 51.29578], [1.37731, 51.29286], [1.3725, 51.29007], [1.36759, 51.28741], [1.36257, 51.28488], [1.35744, 51.28247], [1.35222, 51.28019], [1.34688, 51.27804], [1.34144, 51.27601]]}, "properties": {"member": "Broadstairs", "head": "Sandwich", "rank": "creek", "source": "TNA E 159/350", "secondary": false}}, {"type": "Feature", "geometry": {"type": "LineString", "coordinates": [[1.41918, 51.33175], [1.41674, 51.32831], [1.41423, 51.32497], [1.41166, 51.32172], [1.40901, 51.31858], [1.40629, 51.31552], [1.40351, 51.31257], [1.40065, 51.30971], [1.39773, 51.30695], [1.39473, 51.30429], [1.39167, 51.30172], [1.38853, 51.29926], [1.38533, 51.29689], [1.38206, 51.29461], [1.37871, 51.29243], [1.3753, 51.29035], [1.37182, 51.28837], [1.36826, 51.28649], [1.36464, 51.2847], [1.36095, 51.28301], [1.35719, 51.28141], [1.35336, 51.27992], [1.34946, 51.27852], [1.34548, 51.27721], [1.34144, 51.27601]]}, "properties": {"member": "Ramsgate", "head": "Sandwich", "rank": "creek", "source": "TNA E 159/350", "secondary": false}}, {"type": "Feature", "geometry": {"type": "LineString", "coordinates": [[1.32516, 51.12957], [1.32373, 51.13591], [1.32249, 51.14222], [1.32143, 51.14852], [1.32055, 51.15479], [1.31985, 51.16105], [1.31934, 51.16728], [1.31902, 51.1735], [1.31887, 51.17969], [1.31891, 51.18586], [1.31913, 51.19201], [1.31953, 51.19815], [1.32012, 51.20426], [1.32089, 51.21035], [1.32184, 51.21642], [1.32298, 51.22247], [1.3243, 51.2285], [1.3258, 51.23451], [1.32749, 51.2405], [1.32936, 51.24647], [1.33141, 51.25242], [1.33364, 51.25835], [1.33606, 51.26425], [1.33866, 51.27014], [1.34144, 51.27601]]}, "properties": {"member": "Dover", "head": "Sandwich", "rank": "member", "source": "TNA E 159/350", "secondary": false}}, {"type": "Feature", "geometry": {"type": "LineString", "coordinates": [[-0.25344, 50.83049], [-0.27675, 50.82192], [-0.30008, 50.81406], [-0.32342, 50.8069], [-0.34677, 50.80044], [-0.37014, 50.79469], [-0.39352, 50.78964], [-0.41692, 50.7853], [-0.44033, 50.78166], [-0.46375, 50.77872], [-0.48719, 50.77649], [-0.51065, 50.77496], [-0.53411, 50.77414], [-0.55759, 50.77402], [-0.58109, 50.77461], [-0.6046, 50.7759], [-0.62812, 50.77789], [-0.65166, 50.78059], [-0.67521, 50.78399], [-0.69878, 50.7881], [-0.72236, 50.79291], [-0.74595, 50.79842], [-0.76956, 50.80464], [-0.79318, 50.81157], [-0.81682, 50.81919]]}, "properties": {"member": "Shoreham", "head": "Chichester", "rank": "member", "source": "Dallaway, 1815", "secondary": true}}, {"type": "Feature", "geometry": {"type": "LineString", "coordinates": [[-1.11041, 50.7927], [-1.12408, 50.7928], [-1.13762, 50.79328], [-1.15103, 50.79412], [-1.1643, 50.79533], [-1.17745, 50.7969], [-1.19047, 50.79883], [-1.20337, 50.80114], [-1.21613, 50.8038], [-1.22876, 50.80684], [-1.24126, 50.81023], [-1.25364, 50.814], [-1.26588, 50.81813], [-1.278, 50.82262], [-1.28998, 50.82748], [-1.30184, 50.8327], [-1.31356, 50.8383], [-1.32516, 50.84425], [-1.33663, 50.85057], [-1.34797, 50.85726], [-1.35918, 50.86431], [-1.37026, 50.87173], [-1.38121, 50.87951], [-1.39203, 50.88766], [-1.40272, 50.89617]]}, "properties": {"member": "Portsmouth", "head": "Southampton", "rank": "member", "source": "TNA E 159/350", "secondary": false}}, {"type": "Feature", "geometry": {"type": "LineString", "coordinates": [[-1.31409, 50.85331], [-1.3184, 50.85382], [-1.32265, 50.85444], [-1.32685, 50.85518], [-1.331, 50.85602], [-1.3351, 50.85698], [-1.33914, 50.85804], [-1.34313, 50.85922], [-1.34706, 50.86051], [-1.35094, 50.8619], [-1.35477, 50.86341], [-1.35854, 50.86503], [-1.36226, 50.86676], [-1.36593, 50.8686], [-1.36954, 50.87056], [-1.3731, 50.87262], [-1.37661, 50.87479], [-1.38006, 50.87708], [-1.38346, 50.87947], [-1.3868, 50.88198], [-1.39009, 50.8846], [-1.39333, 50.88732], [-1.39652, 50.89016], [-1.39965, 50.89311], [-1.40272, 50.89617]]}, "properties": {"member": "Hamble", "head": "Southampton", "rank": "creek", "source": "TNA E 159/350", "secondary": false}}, {"type": "Feature", "geometry": {"type": "LineString", "coordinates": [[-1.53084, 50.75727], [-1.5275, 50.7649], [-1.52398, 50.77237], [-1.5203, 50.77968], [-1.51643, 50.78682], [-1.5124, 50.79381], [-1.50819, 50.80064], [-1.5038, 50.80731], [-1.49925, 50.81382], [-1.49452, 50.82017], [-1.48961, 50.82635], [-1.48453, 50.83238], [-1.47928, 50.83825], [-1.47386, 50.84396], [-1.46826, 50.84951], [-1.46249, 50.85489], [-1.45654, 50.86012], [-1.45042, 50.86519], [-1.44413, 50.87009], [-1.43766, 50.87484], [-1.43102, 50.87943], [-1.42421, 50.88385], [-1.41722, 50.88812], [-1.41006, 50.89223], [-1.40272, 50.89617]]}, "properties": {"member": "Lymington", "head": "Southampton", "rank": "creek", "source": "TNA E 159/350", "secondary": false}}, {"type": "Feature", "geometry": {"type": "LineString", "coordinates": [[-1.50469, 50.70643], [-1.50317, 50.71581], [-1.50141, 50.72505], [-1.49942, 50.73417], [-1.49718, 50.74316], [-1.49471, 50.75202], [-1.49201, 50.76075], [-1.48906, 50.76936], [-1.48588, 50.77784], [-1.48246, 50.78619], [-1.47881, 50.79441], [-1.47491, 50.80251], [-1.47078, 50.81048], [-1.46642, 50.81832], [-1.46181, 50.82604], [-1.45697, 50.83362], [-1.45189, 50.84108], [-1.44658, 50.84842], [-1.44102, 50.85562], [-1.43523, 50.8627], [-1.4292, 50.86965], [-1.42294, 50.87647], [-1.41644, 50.88316], [-1.4097, 50.88973], [-1.40272, 50.89617]]}, "properties": {"member": "Yarmouth,  Isle of Wight", "head": "Southampton", "rank": "creek", "source": "TNA E 159/350", "secondary": false}}, {"type": "Feature", "geometry": {"type": "LineString", "coordinates": [[-1.29193, 50.70542], [-1.29929, 50.71178], [-1.30641, 50.71827], [-1.31329, 50.7249], [-1.31993, 50.73167], [-1.32634, 50.73858], [-1.3325, 50.74563], [-1.33843, 50.75282], [-1.34412, 50.76014], [-1.34957, 50.76761], [-1.35478, 50.77521], [-1.35976, 50.78295], [-1.36449, 50.79083], [-1.36899, 50.79884], [-1.37325, 50.807], [-1.37727, 50.81529], [-1.38105, 50.82373], [-1.3846, 50.8323], [-1.3879, 50.84101], [-1.39097, 50.84985], [-1.3938, 50.85884], [-1.39638, 50.86797], [-1.39874, 50.87723], [-1.40085, 50.88663], [-1.40272, 50.89617]]}, "properties": {"member": "Newport,  Isle of Wight", "head": "Southampton", "rank": "creek", "source": "TNA E 159/350", "secondary": false}}, {"type": "Feature", "geometry": {"type": "LineString", "coordinates": [[-1.77465, 50.73104], [-1.76153, 50.74327], [-1.7482, 50.75503], [-1.73466, 50.76632], [-1.72092, 50.77716], [-1.70697, 50.78752], [-1.69282, 50.79743], [-1.67845, 50.80686], [-1.66389, 50.81584], [-1.64911, 50.82434], [-1.63413, 50.83239], [-1.61894, 50.83997], [-1.60355, 50.84708], [-1.58795, 50.85373], [-1.57214, 50.85991], [-1.55613, 50.86563], [-1.53991, 50.87088], [-1.52348, 50.87567], [-1.50685, 50.87999], [-1.49001, 50.88385], [-1.47297, 50.88725], [-1.45572, 50.89018], [-1.43826, 50.89264], [-1.42059, 50.89464], [-1.40272, 50.89617]]}, "properties": {"member": "Christchurch", "head": "Southampton", "rank": "creek", "source": "TNA E 159/350", "secondary": false}}, {"type": "Feature", "geometry": {"type": "LineString", "coordinates": [[-1.95139, 50.60745], [-1.95444, 50.61128], [-1.95735, 50.61515], [-1.96013, 50.61908], [-1.96279, 50.62304], [-1.96531, 50.62706], [-1.9677, 50.63112], [-1.96996, 50.63523], [-1.97209, 50.63938], [-1.97409, 50.64358], [-1.97596, 50.64783], [-1.97769, 50.65212], [-1.9793, 50.65646], [-1.98077, 50.66084], [-1.98212, 50.66528], [-1.98333, 50.66975], [-1.98441, 50.67428], [-1.98537, 50.67885], [-1.98619, 50.68346], [-1.98688, 50.68812], [-1.98744, 50.69283], [-1.98787, 50.69759], [-1.98816, 50.70239], [-1.98833, 50.70724], [-1.98836, 50.71213]]}, "properties": {"member": "Swanage", "head": "Poole", "rank": "creek", "source": "TNA E 159/350", "secondary": false}}, {"type": "Feature", "geometry": {"type": "LineString", "coordinates": [[-2.45978, 50.60705], [-2.44165, 50.6182], [-2.42339, 50.62877], [-2.40499, 50.63875], [-2.38647, 50.64813], [-2.36781, 50.65693], [-2.34902, 50.66514], [-2.3301, 50.67276], [-2.31105, 50.67979], [-2.29187, 50.68623], [-2.27255, 50.69208], [-2.25311, 50.69734], [-2.23353, 50.70202], [-2.21382, 50.7061], [-2.19398, 50.7096], [-2.17401, 50.7125], [-2.15391, 50.71482], [-2.13368, 50.71654], [-2.11331, 50.71768], [-2.09282, 50.71823], [-2.07219, 50.71819], [-2.05143, 50.71756], [-2.03054, 50.71634], [-2.00952, 50.71453], [-1.98836, 50.71213]]}, "properties": {"member": "Weymouth", "head": "Poole", "rank": "member", "source": "TNA E 159/350", "secondary": false}}, {"type": "Feature", "geometry": {"type": "LineString", "coordinates": [[-2.76085, 50.7318], [-2.72838, 50.74209], [-2.69593, 50.75141], [-2.66351, 50.75976], [-2.63112, 50.76715], [-2.59874, 50.77357], [-2.5664, 50.77903], [-2.53408, 50.78352], [-2.50178, 50.78704], [-2.46951, 50.7896], [-2.43726, 50.7912], [-2.40503, 50.79183], [-2.37284, 50.79149], [-2.34066, 50.79019], [-2.30851, 50.78792], [-2.27639, 50.78468], [-2.24428, 50.78049], [-2.21221, 50.77532], [-2.18016, 50.76919], [-2.14813, 50.76209], [-2.11613, 50.75403], [-2.08415, 50.74501], [-2.0522, 50.73501], [-2.02027, 50.72405], [-1.98836, 50.71213]]}, "properties": {"member": "Bridport", "head": "Poole", "rank": "creek", "source": "TNA E 159/350", "secondary": false}}, {"type": "Feature", "geometry": {"type": "LineString", "coordinates": [[-2.93944, 50.7201], [-2.8997, 50.73344], [-2.85997, 50.74559], [-2.82024, 50.75655], [-2.78053, 50.76632], [-2.74083, 50.77491], [-2.70114, 50.7823], [-2.66145, 50.78851], [-2.62178, 50.79353], [-2.58212, 50.79736], [-2.54246, 50.8], [-2.50282, 50.80145], [-2.46319, 50.80171], [-2.42356, 50.80078], [-2.38395, 50.79867], [-2.34435, 50.79536], [-2.30475, 50.79087], [-2.26517, 50.78519], [-2.2256, 50.77832], [-2.18603, 50.77026], [-2.14648, 50.76101], [-2.10694, 50.75057], [-2.0674, 50.73895], [-2.02788, 50.72613], [-1.98836, 50.71213]]}, "properties": {"member": "Lyme Regis", "head": "Poole", "rank": "member", "source": "TNA E 159/350", "secondary": false}}, {"type": "Feature", "geometry": {"type": "LineString", "coordinates": [[-3.42324, 50.61704], [-3.4292, 50.61971], [-3.43503, 50.62251], [-3.44074, 50.62545], [-3.44632, 50.62852], [-3.45177, 50.63173], [-3.4571, 50.63507], [-3.4623, 50.63855], [-3.46737, 50.64216], [-3.47232, 50.64591], [-3.47714, 50.64979], [-3.48183, 50.65381], [-3.4864, 50.65797], [-3.49084, 50.66226], [-3.49515, 50.66668], [-3.49933, 50.67124], [-3.50339, 50.67593], [-3.50733, 50.68076], [-3.51113, 50.68573], [-3.51481, 50.69082], [-3.51837, 50.69606], [-3.52179, 50.70143], [-3.52509, 50.70693], [-3.52827, 50.71257], [-3.53131, 50.71835]]}, "properties": {"member": "Exmouth", "head": "Exeter", "rank": "creek", "source": "TNA E 159/350", "secondary": false}}, {"type": "Feature", "geometry": {"type": "LineString", "coordinates": [[-3.46592, 50.68129], [-3.46917, 50.68189], [-3.47238, 50.68258], [-3.47555, 50.68334], [-3.47867, 50.68419], [-3.48174, 50.68512], [-3.48477, 50.68614], [-3.48775, 50.68723], [-3.49068, 50.68841], [-3.49357, 50.68967], [-3.49641, 50.69101], [-3.4992, 50.69243], [-3.50195, 50.69393], [-3.50465, 50.69552], [-3.50731, 50.69718], [-3.50992, 50.69893], [-3.51248, 50.70076], [-3.515, 50.70267], [-3.51747, 50.70467], [-3.51989, 50.70674], [-3.52227, 50.7089], [-3.5246, 50.71114], [-3.52688, 50.71346], [-3.52912, 50.71586], [-3.53131, 50.71835]]}, "properties": {"member": "Topsham", "head": "Exeter", "rank": "creek", "source": "TNA E 159/350", "secondary": false}}, {"type": "Feature", "geometry": {"type": "LineString", "coordinates": [[-3.49515, 50.54509], [-3.49915, 50.55178], [-3.50293, 50.55853], [-3.50649, 50.56532], [-3.50984, 50.57215], [-3.51297, 50.57903], [-3.51589, 50.58596], [-3.51858, 50.59293], [-3.52107, 50.59995], [-3.52333, 50.60701], [-3.52538, 50.61411], [-3.52721, 50.62127], [-3.52883, 50.62846], [-3.53022, 50.6357], [-3.53141, 50.64299], [-3.53237, 50.65032], [-3.53312, 50.6577], [-3.53365, 50.66512], [-3.53397, 50.67259], [-3.53407, 50.6801], [-3.53395, 50.68766], [-3.53361, 50.69527], [-3.53306, 50.70291], [-3.5323, 50.71061], [-3.53131, 50.71835]]}, "properties": {"member": "Teignmouth", "head": "Exeter", "rank": "creek", "source": "TNA E 159/350", "secondary": false}}, {"type": "Feature", "geometry": {"type": "LineString", "coordinates": [[-3.43391, 50.64812], [-3.43898, 50.64965], [-3.44396, 50.6513], [-3.44885, 50.65307], [-3.45365, 50.65496], [-3.45837, 50.65697], [-3.463, 50.65911], [-3.46754, 50.66136], [-3.47199, 50.66374], [-3.47636, 50.66624], [-3.48064, 50.66886], [-3.48483, 50.6716], [-3.48893, 50.67447], [-3.49295, 50.67746], [-3.49687, 50.68056], [-3.50071, 50.68379], [-3.50446, 50.68715], [-3.50813, 50.69062], [-3.5117, 50.69422], [-3.51519, 50.69793], [-3.51859, 50.70177], [-3.5219, 50.70573], [-3.52513, 50.70982], [-3.52826, 50.71402], [-3.53131, 50.71835]]}, "properties": {"member": "Lympstone", "head": "Exeter", "rank": "creek", "source": "TNA E 159/350", "secondary": false}}, {"type": "Feature", "geometry": {"type": "LineString", "coordinates": [[-3.52751, 50.46056], [-3.52798, 50.4552], [-3.5286, 50.44989], [-3.52935, 50.44465], [-3.53024, 50.43947], [-3.53127, 50.43435], [-3.53244, 50.4293], [-3.53375, 50.4243], [-3.5352, 50.41937], [-3.53679, 50.4145], [-3.53852, 50.4097], [-3.54038, 50.40495], [-3.54239, 50.40027], [-3.54454, 50.39565], [-3.54682, 50.3911], [-3.54925, 50.3866], [-3.55182, 50.38217], [-3.55452, 50.3778], [-3.55737, 50.37349], [-3.56035, 50.36925], [-3.56347, 50.36507], [-3.56674, 50.36095], [-3.57014, 50.35689], [-3.57368, 50.35289], [-3.57736, 50.34896]]}, "properties": {"member": "Torquay", "head": "Dartmouth", "rank": "creek", "source": "TNA E 159/350", "secondary": false}}, {"type": "Feature", "geometry": {"type": "LineString", "coordinates": [[-3.76759, 50.24069], [-3.76122, 50.24794], [-3.75472, 50.25495], [-3.74808, 50.26172], [-3.7413, 50.26825], [-3.73439, 50.27454], [-3.72734, 50.2806], [-3.72016, 50.28642], [-3.71284, 50.292], [-3.70539, 50.29734], [-3.6978, 50.30245], [-3.69008, 50.30732], [-3.68222, 50.31195], [-3.67423, 50.31634], [-3.6661, 50.32049], [-3.65783, 50.32441], [-3.64943, 50.32809], [-3.6409, 50.33153], [-3.63223, 50.33473], [-3.62342, 50.3377], [-3.61448, 50.34042], [-3.6054, 50.34291], [-3.59619, 50.34517], [-3.58684, 50.34718], [-3.57736, 50.34896]]}, "properties": {"member": "Salcombe", "head": "Dartmouth", "rank": "creek", "source": "TNA E 159/350", "secondary": false}}, {"type": "Feature", "geometry": {"type": "LineString", "coordinates": [[-4.45504, 50.35616], [-4.46228, 50.35293], [-4.46954, 50.34993], [-4.47682, 50.34715], [-4.48411, 50.3446], [-4.49143, 50.34227], [-4.49876, 50.34016], [-4.50612, 50.33828], [-4.51349, 50.33662], [-4.52088, 50.33518], [-4.5283, 50.33397], [-4.53573, 50.33298], [-4.54318, 50.33222], [-4.55066, 50.33168], [-4.55815, 50.33136], [-4.56566, 50.33127], [-4.57319, 50.3314], [-4.58074, 50.33176], [-4.58831, 50.33234], [-4.5959, 50.33314], [-4.60351, 50.33417], [-4.61114, 50.33542], [-4.61878, 50.33689], [-4.62645, 50.33859], [-4.63414, 50.34051]]}, "properties": {"member": "Looe", "head": "Fowey", "rank": "creek", "source": "TNA E 159/350", "secondary": false}}, {"type": "Feature", "geometry": {"type": "LineString", "coordinates": [[-5.04796, 50.26272], [-5.03183, 50.27191], [-5.01561, 50.28058], [-4.99929, 50.28874], [-4.98288, 50.29638], [-4.96636, 50.3035], [-4.94975, 50.3101], [-4.93305, 50.31619], [-4.91624, 50.32176], [-4.89934, 50.32681], [-4.88234, 50.33134], [-4.86524, 50.33536], [-4.84805, 50.33886], [-4.83076, 50.34184], [-4.81337, 50.34431], [-4.79588, 50.34626], [-4.7783, 50.34769], [-4.76062, 50.3486], [-4.74284, 50.349], [-4.72497, 50.34888], [-4.707, 50.34824], [-4.68893, 50.34708], [-4.67076, 50.34541], [-4.6525, 50.34322], [-4.63414, 50.34051]]}, "properties": {"member": "Truro", "head": "Fowey", "rank": "creek", "source": "TNA E 159/350", "secondary": false}}, {"type": "Feature", "geometry": {"type": "LineString", "coordinates": [[-5.09868, 50.16759], [-5.08181, 50.18147], [-5.06473, 50.19477], [-5.04742, 50.20749], [-5.02991, 50.21964], [-5.01217, 50.2312], [-4.99422, 50.24218], [-4.97605, 50.25257], [-4.95767, 50.26239], [-4.93907, 50.27163], [-4.92025, 50.28029], [-4.90122, 50.28836], [-4.88197, 50.29586], [-4.86251, 50.30277], [-4.84283, 50.30911], [-4.82293, 50.31486], [-4.80282, 50.32004], [-4.78249, 50.32463], [-4.76195, 50.32864], [-4.74119, 50.33207], [-4.72021, 50.33492], [-4.69902, 50.33719], [-4.67761, 50.33888], [-4.65598, 50.33999], [-4.63414, 50.34051]]}, "properties": {"member": "Penryn", "head": "Fowey", "rank": "creek", "source": "TNA E 159/350", "secondary": false}}, {"type": "Feature", "geometry": {"type": "LineString", "coordinates": [[-5.1352, 50.09365], [-5.11787, 50.11114], [-5.10023, 50.128], [-5.08228, 50.14424], [-5.06403, 50.15985], [-5.04547, 50.17483], [-5.02659, 50.18919], [-5.00741, 50.20292], [-4.98793, 50.21602], [-4.96813, 50.2285], [-4.94802, 50.24035], [-4.92761, 50.25158], [-4.90688, 50.26218], [-4.88585, 50.27215], [-4.86451, 50.2815], [-4.84286, 50.29022], [-4.82091, 50.29831], [-4.79864, 50.30578], [-4.77607, 50.31262], [-4.75318, 50.31883], [-4.72999, 50.32442], [-4.70649, 50.32938], [-4.68268, 50.33372], [-4.65856, 50.33743], [-4.63414, 50.34051]]}, "properties": {"member": "Helford", "head": "Fowey", "rank": "creek", "source": "TNA E 159/350", "secondary": false}}, {"type": "Feature", "geometry": {"type": "LineString", "coordinates": [[-4.93903, 50.54043], [-4.92345, 50.53648], [-4.90812, 50.53216], [-4.89304, 50.52745], [-4.87822, 50.52236], [-4.86364, 50.51688], [-4.84931, 50.51103], [-4.83523, 50.5048], [-4.8214, 50.49818], [-4.80782, 50.49119], [-4.7945, 50.48381], [-4.78142, 50.47605], [-4.76859, 50.46791], [-4.75601, 50.45939], [-4.74368, 50.45049], [-4.7316, 50.44121], [-4.71977, 50.43154], [-4.70819, 50.4215], [-4.69687, 50.41107], [-4.68579, 50.40027], [-4.67496, 50.38908], [-4.66438, 50.37751], [-4.65405, 50.36556], [-4.64397, 50.35323], [-4.63414, 50.34051]]}, "properties": {"member": "Padstow", "head": "Fowey", "rank": "creek", "source": "TNA E 159/350", "secondary": false}}, {"type": "Feature", "geometry": {"type": "LineString", "coordinates": [[-5.53276, 50.12124], [-5.49847, 50.14329], [-5.46391, 50.16422], [-5.42907, 50.18403], [-5.39396, 50.20271], [-5.35857, 50.22028], [-5.32291, 50.23671], [-5.28697, 50.25203], [-5.25076, 50.26622], [-5.21428, 50.27929], [-5.17752, 50.29123], [-5.14049, 50.30205], [-5.10318, 50.31175], [-5.06561, 50.32033], [-5.02775, 50.32778], [-4.98962, 50.33411], [-4.95122, 50.33931], [-4.91255, 50.34339], [-4.8736, 50.34635], [-4.83437, 50.34819], [-4.79487, 50.3489], [-4.7551, 50.34849], [-4.71505, 50.34695], [-4.67473, 50.34429], [-4.63414, 50.34051]]}, "properties": {"member": "Penzance", "head": "Fowey", "rank": "creek", "source": "TNA E 159/350", "secondary": false}}, {"type": "Feature", "geometry": {"type": "LineString", "coordinates": [[-5.47897, 50.21565], [-5.44557, 50.233], [-5.41201, 50.24929], [-5.37829, 50.26452], [-5.34441, 50.2787], [-5.31038, 50.29182], [-5.27619, 50.30389], [-5.24185, 50.3149], [-5.20735, 50.32486], [-5.1727, 50.33376], [-5.13789, 50.3416], [-5.10292, 50.34839], [-5.06779, 50.35412], [-5.03251, 50.35879], [-4.99708, 50.36241], [-4.96149, 50.36497], [-4.92574, 50.36648], [-4.88984, 50.36693], [-4.85378, 50.36632], [-4.81756, 50.36466], [-4.78119, 50.36194], [-4.74466, 50.35817], [-4.70797, 50.35334], [-4.67113, 50.34746], [-4.63414, 50.34051]]}, "properties": {"member": "St Ives", "head": "Fowey", "rank": "creek", "source": "TNA E 159/350", "secondary": false}}, {"type": "Feature", "geometry": {"type": "LineString", "coordinates": [[-4.20529, 51.01939], [-4.17288, 51.01653], [-4.14084, 51.01283], [-4.10919, 51.00829], [-4.0779, 51.00291], [-4.047, 50.99669], [-4.01647, 50.98962], [-3.98632, 50.98171], [-3.95654, 50.97296], [-3.92715, 50.96336], [-3.89812, 50.95293], [-3.86948, 50.94165], [-3.84121, 50.92952], [-3.81331, 50.91656], [-3.78579, 50.90275], [-3.75865, 50.8881], [-3.73189, 50.87261], [-3.7055, 50.85628], [-3.67949, 50.8391], [-3.65385, 50.82108], [-3.62859, 50.80222], [-3.60371, 50.78251], [-3.5792, 50.76197], [-3.55507, 50.74058], [-3.53131, 50.71835]]}, "properties": {"member": "Bideford", "head": "Exeter", "rank": "member", "source": "TNA E 159/350", "secondary": false}}, {"type": "Feature", "geometry": {"type": "LineString", "coordinates": [[-4.19191, 51.05364], [-4.15957, 51.04917], [-4.12764, 51.04387], [-4.09614, 51.03774], [-4.06505, 51.03079], [-4.03438, 51.02301], [-4.00413, 51.01441], [-3.9743, 51.00498], [-3.94489, 50.99473], [-3.9159, 50.98364], [-3.88732, 50.97174], [-3.85917, 50.95901], [-3.83144, 50.94545], [-3.80412, 50.93107], [-3.77722, 50.91586], [-3.75075, 50.89982], [-3.72469, 50.88296], [-3.69905, 50.86527], [-3.67383, 50.84676], [-3.64903, 50.82742], [-3.62465, 50.80726], [-3.60069, 50.78627], [-3.57714, 50.76445], [-3.55402, 50.74181], [-3.53131, 50.71835]]}, "properties": {"member": "Appledore", "head": "Exeter", "rank": "member", "source": "TNA E 159/350", "secondary": false}}, {"type": "Feature", "geometry": {"type": "LineString", "coordinates": [[-4.11596, 51.20914], [-4.08455, 51.1971], [-4.05375, 51.18432], [-4.02356, 51.17081], [-3.99398, 51.15657], [-3.96502, 51.14161], [-3.93667, 51.12591], [-3.90894, 51.10948], [-3.88182, 51.09232], [-3.85531, 51.07442], [-3.82941, 51.0558], [-3.80413, 51.03645], [-3.77947, 51.01636], [-3.75541, 50.99555], [-3.73197, 50.974], [-3.70915, 50.95172], [-3.68693, 50.92872], [-3.66533, 50.90498], [-3.64435, 50.88051], [-3.62397, 50.85531], [-3.60422, 50.82938], [-3.58507, 50.80272], [-3.56654, 50.77532], [-3.54862, 50.7472], [-3.53131, 50.71835]]}, "properties": {"member": "Ilfracombe", "head": "Exeter", "rank": "member", "source": "TNA E 159/350", "secondary": false}}, {"type": "Feature", "geometry": {"type": "LineString", "coordinates": [[-3.62913, 51.21987], [-3.6017, 51.22515], [-3.57438, 51.22965], [-3.54717, 51.23335], [-3.52008, 51.23628], [-3.49309, 51.23842], [-3.46622, 51.23978], [-3.43946, 51.24035], [-3.41282, 51.24014], [-3.38628, 51.23914], [-3.35986, 51.23736], [-3.33355, 51.2348], [-3.30735, 51.23145], [-3.28127, 51.22731], [-3.2553, 51.2224], [-3.22944, 51.2167], [-3.20369, 51.21021], [-3.17805, 51.20294], [-3.15253, 51.19489], [-3.12712, 51.18605], [-3.10182, 51.17642], [-3.07663, 51.16602], [-3.05155, 51.15483], [-3.02659, 51.14285], [-3.00174, 51.13009]]}, "properties": {"member": "Porlock Weir", "head": "Bridgwater", "rank": "creek", "source": "TNA E 159/350", "secondary": false}}, {"type": "Feature", "geometry": {"type": "LineString", "coordinates": [[-3.47706, 51.21457], [-3.45604, 51.21788], [-3.43513, 51.2206], [-3.41432, 51.22272], [-3.39362, 51.22425], [-3.37302, 51.22519], [-3.35253, 51.22553], [-3.33214, 51.22528], [-3.31186, 51.22443], [-3.29169, 51.22299], [-3.27162, 51.22096], [-3.25166, 51.21833], [-3.2318, 51.21511], [-3.21205, 51.21129], [-3.1924, 51.20688], [-3.17286, 51.20187], [-3.15342, 51.19627], [-3.13409, 51.19008], [-3.11487, 51.18329], [-3.09575, 51.17591], [-3.07674, 51.16794], [-3.05783, 51.15937], [-3.03903, 51.1502], [-3.02033, 51.14044], [-3.00174, 51.13009]]}, "properties": {"member": "Minehead", "head": "Bridgwater", "rank": "member", "source": "TNA E 159/350", "secondary": false}}, {"type": "Feature", "geometry": {"type": "LineString", "coordinates": [[-3.32905, 51.1824], [-3.31466, 51.18493], [-3.30034, 51.18705], [-3.28608, 51.18875], [-3.27188, 51.19005], [-3.25775, 51.19094], [-3.24369, 51.19142], [-3.22969, 51.19149], [-3.21576, 51.19115], [-3.20189, 51.1904], [-3.18809, 51.18925], [-3.17436, 51.18768], [-3.16069, 51.18571], [-3.14708, 51.18332], [-3.13354, 51.18053], [-3.12007, 51.17733], [-3.10666, 51.17371], [-3.09331, 51.16969], [-3.08004, 51.16526], [-3.06682, 51.16042], [-3.05368, 51.15518], [-3.04059, 51.14952], [-3.02758, 51.14345], [-3.01463, 51.13698], [-3.00174, 51.13009]]}, "properties": {"member": "Watchet", "head": "Bridgwater", "rank": "creek", "source": "TNA E 159/350", "secondary": false}}, {"type": "Feature", "geometry": {"type": "LineString", "coordinates": [[-2.25202, 51.86297], [-2.26107, 51.84052], [-2.27063, 51.81852], [-2.28071, 51.79696], [-2.29131, 51.77586], [-2.30243, 51.75521], [-2.31406, 51.73501], [-2.32622, 51.71526], [-2.33889, 51.69596], [-2.35208, 51.67711], [-2.36579, 51.65871], [-2.38001, 51.64076], [-2.39476, 51.62326], [-2.41002, 51.60621], [-2.4258, 51.58961], [-2.4421, 51.57346], [-2.45892, 51.55776], [-2.47625, 51.54251], [-2.49411, 51.52771], [-2.51248, 51.51336], [-2.53137, 51.49946], [-2.55078, 51.48601], [-2.57071, 51.47301], [-2.59115, 51.46047], [-2.61212, 51.44837]]}, "properties": {"member": "Gloucester", "head": "Bristol", "rank": "creek", "source": "TNA E 159/350", "secondary": false}}, {"type": "Feature", "geometry": {"type": "LineString", "coordinates": [[-3.59289, 54.54992], [-3.57152, 54.57383], [-3.54971, 54.59695], [-3.52745, 54.61927], [-3.50475, 54.6408], [-3.48161, 54.66153], [-3.45803, 54.68147], [-3.434, 54.70062], [-3.40952, 54.71897], [-3.38461, 54.73653], [-3.35925, 54.75329], [-3.33345, 54.76926], [-3.3072, 54.78443], [-3.28051, 54.79882], [-3.25338, 54.8124], [-3.2258, 54.8252], [-3.19779, 54.8372], [-3.16932, 54.8484], [-3.14042, 54.85881], [-3.11107, 54.86843], [-3.08128, 54.87725], [-3.05104, 54.88528], [-3.02036, 54.89252], [-2.98924, 54.89896], [-2.95767, 54.90461]]}, "properties": {"member": "Whitehaven", "head": "Carlisle", "rank": "member", "source": "TNA E 159/350", "secondary": false}}, {"type": "Feature", "geometry": {"type": "LineString", "coordinates": [[-3.56481, 54.6486], [-3.54319, 54.668], [-3.52126, 54.68663], [-3.499, 54.70451], [-3.47642, 54.72163], [-3.45352, 54.73799], [-3.43031, 54.75359], [-3.40677, 54.76843], [-3.38291, 54.78251], [-3.35873, 54.79583], [-3.33424, 54.8084], [-3.30942, 54.8202], [-3.28428, 54.83125], [-3.25882, 54.84154], [-3.23305, 54.85106], [-3.20695, 54.85983], [-3.18053, 54.86784], [-3.15379, 54.8751], [-3.12674, 54.88159], [-3.09936, 54.88732], [-3.07166, 54.8923], [-3.04365, 54.89651], [-3.01531, 54.89997], [-2.98665, 54.90267], [-2.95767, 54.90461]]}, "properties": {"member": "Workington", "head": "Carlisle", "rank": "member", "source": "TNA E 159/350", "secondary": false}}, {"type": "Feature", "geometry": {"type": "LineString", "coordinates": [[-3.50091, 54.71343], [-3.48102, 54.7292], [-3.4609, 54.7443], [-3.44053, 54.75872], [-3.41993, 54.77245], [-3.39909, 54.78551], [-3.37801, 54.79789], [-3.35669, 54.80959], [-3.33513, 54.82061], [-3.31333, 54.83096], [-3.29129, 54.84062], [-3.26901, 54.8496], [-3.2465, 54.85791], [-3.22374, 54.86554], [-3.20075, 54.87248], [-3.17752, 54.87875], [-3.15405, 54.88434], [-3.13034, 54.88925], [-3.10639, 54.89348], [-3.0822, 54.89703], [-3.05777, 54.89991], [-3.03311, 54.9021], [-3.0082, 54.90362], [-2.98306, 54.90445], [-2.95767, 54.90461]]}, "properties": {"member": "Maryport", "head": "Carlisle", "rank": "member", "source": "TNA E 159/350", "secondary": false}}, {"type": "Feature", "geometry": {"type": "LineString", "coordinates": [[-1.31133, 54.56109], [-1.32923, 54.57403], [-1.34663, 54.58732], [-1.36351, 54.60097], [-1.37988, 54.61499], [-1.39574, 54.62936], [-1.41108, 54.6441], [-1.42591, 54.65919], [-1.44023, 54.67465], [-1.45404, 54.69047], [-1.46733, 54.70665], [-1.48012, 54.72318], [-1.49239, 54.74008], [-1.50414, 54.75734], [-1.51539, 54.77496], [-1.52612, 54.79294], [-1.53634, 54.81128], [-1.54605, 54.82998], [-1.55525, 54.84904], [-1.56393, 54.86846], [-1.5721, 54.88824], [-1.57976, 54.90838], [-1.58691, 54.92889], [-1.59354, 54.94975], [-1.59967, 54.97097]]}, "properties": {"member": "Stockton on Tees", "head": "Newcastle", "rank": "creek", "source": "TNA E 159/350", "secondary": false}}, {"type": "Feature", "geometry": {"type": "LineString", "coordinates": [[-1.09188, 53.90849], [-1.05602, 53.91319], [-1.02037, 53.91689], [-0.98492, 53.91958], [-0.94968, 53.92127], [-0.91465, 53.92195], [-0.87981, 53.92163], [-0.84519, 53.9203], [-0.81077, 53.91797], [-0.77656, 53.91463], [-0.74255, 53.91029], [-0.70875, 53.90494], [-0.67515, 53.89859], [-0.64176, 53.89124], [-0.60857, 53.88288], [-0.57559, 53.87351], [-0.54282, 53.86314], [-0.51025, 53.85177], [-0.47789, 53.83939], [-0.44573, 53.826], [-0.41378, 53.81161], [-0.38203, 53.79622], [-0.35049, 53.77982], [-0.31915, 53.76241], [-0.28802, 53.744]]}, "properties": {"member": "York", "head": "Hull", "rank": "creek", "source": "TNA E 159/350", "secondary": false}}, {"type": "Feature", "geometry": {"type": "LineString", "coordinates": [[0.19415, 53.41831], [0.19161, 53.39646], [0.18851, 53.37489], [0.18485, 53.35359], [0.18063, 53.33256], [0.17584, 53.3118], [0.17049, 53.2913], [0.16458, 53.27108], [0.15811, 53.25113], [0.15107, 53.23145], [0.14347, 53.21204], [0.13532, 53.1929], [0.12659, 53.17402], [0.11731, 53.15542], [0.10746, 53.13709], [0.09706, 53.11903], [0.08609, 53.10124], [0.07456, 53.08372], [0.06246, 53.06647], [0.04981, 53.04949], [0.03659, 53.03278], [0.02281, 53.01634], [0.00846, 53.00016], [-0.00644, 52.98426], [-0.02191, 52.96863]]}, "properties": {"member": "Saltfleet", "head": "Boston", "rank": "member", "source": "TNA E 159/350", "secondary": false}}, {"type": "Feature", "geometry": {"type": "LineString", "coordinates": [[-0.55237, 50.85414], [-0.56289, 50.84888], [-0.57345, 50.84395], [-0.58405, 50.83936], [-0.5947, 50.83509], [-0.60539, 50.83116], [-0.61613, 50.82755], [-0.6269, 50.82428], [-0.63773, 50.82133], [-0.64859, 50.81872], [-0.6595, 50.81644], [-0.67045, 50.81449], [-0.68145, 50.81287], [-0.69249, 50.81157], [-0.70358, 50.81061], [-0.7147, 50.80998], [-0.72587, 50.80969], [-0.73709, 50.80972], [-0.74835, 50.81008], [-0.75965, 50.81077], [-0.771, 50.8118], [-0.78239, 50.81315], [-0.79382, 50.81483], [-0.8053, 50.81685], [-0.81682, 50.81919]]}, "properties": {"member": "Arundel", "head": "Chichester", "rank": "member", "source": "Dallaway, 1815", "secondary": true}}, {"type": "Feature", "geometry": {"type": "LineString", "coordinates": [[-4.06524, 51.08042], [-4.03779, 51.07301], [-4.01079, 51.06493], [-3.98424, 51.05619], [-3.95815, 51.04677], [-3.93251, 51.03669], [-3.90732, 51.02594], [-3.88258, 51.01453], [-3.8583, 51.00244], [-3.83447, 50.98969], [-3.81109, 50.97628], [-3.78816, 50.96219], [-3.76569, 50.94744], [-3.74367, 50.93202], [-3.7221, 50.91593], [-3.70099, 50.89918], [-3.68032, 50.88175], [-3.66011, 50.86366], [-3.64035, 50.84491], [-3.62105, 50.82548], [-3.6022, 50.80539], [-3.5838, 50.78463], [-3.56585, 50.7632], [-3.54836, 50.74111], [-3.53131, 50.71835]]}, "properties": {"member": "Barnstaple", "head": "Exeter", "rank": "member", "source": "TNA E 159/350", "secondary": false}}, {"type": "Feature", "geometry": {"type": "LineString", "coordinates": [[0.94044, 51.87076], [0.94668, 51.88139], [0.95314, 51.89175], [0.95984, 51.90185], [0.96676, 51.91168], [0.9739, 51.92125], [0.98128, 51.93055], [0.98888, 51.93959], [0.99671, 51.94836], [1.00476, 51.95686], [1.01305, 51.9651], [1.02156, 51.97308], [1.03029, 51.98078], [1.03926, 51.98823], [1.04845, 51.9954], [1.05787, 52.00232], [1.06752, 52.00896], [1.07739, 52.01534], [1.08749, 52.02146], [1.09782, 52.02731], [1.10838, 52.03289], [1.11916, 52.03821], [1.13017, 52.04326], [1.14141, 52.04805], [1.15287, 52.05257]]}, "properties": {"member": "Colchester", "head": "Ipswich", "rank": "member", "source": "TNA E 159/350", "secondary": false}}, {"type": "Feature", "geometry": {"type": "LineString", "coordinates": [[1.0405, 52.95473], [1.07426, 52.94949], [1.10758, 52.94338], [1.14044, 52.93642], [1.17284, 52.92861], [1.2048, 52.91993], [1.2363, 52.9104], [1.26735, 52.90001], [1.29794, 52.88877], [1.32809, 52.87667], [1.35778, 52.86371], [1.38701, 52.8499], [1.4158, 52.83522], [1.44413, 52.8197], [1.47201, 52.80331], [1.49943, 52.78607], [1.5264, 52.76797], [1.55292, 52.74902], [1.57899, 52.72921], [1.6046, 52.70854], [1.62976, 52.68701], [1.65447, 52.66463], [1.67872, 52.64139], [1.70252, 52.6173], [1.72587, 52.59235]]}, "properties": {"member": "Cley", "head": "Yarmouth,  Great", "rank": "member", "source": "TNA E 159/350", "secondary": false}}, {"type": "Feature", "geometry": {"type": "LineString", "coordinates": [[1.11417, 51.94126], [1.11418, 51.94646], [1.11434, 51.9516], [1.11463, 51.9567], [1.11506, 51.96175], [1.11563, 51.96675], [1.11633, 51.9717], [1.11718, 51.9766], [1.11817, 51.98146], [1.11929, 51.98627], [1.12056, 51.99103], [1.12196, 51.99574], [1.1235, 52.0004], [1.12519, 52.00501], [1.12701, 52.00958], [1.12897, 52.0141], [1.13107, 52.01856], [1.13331, 52.02298], [1.13568, 52.02736], [1.1382, 52.03168], [1.14086, 52.03595], [1.14365, 52.04018], [1.14658, 52.04436], [1.14966, 52.04849], [1.15287, 52.05257]]}, "properties": {"member": "Bradwell", "head": "Ipswich", "rank": "creek", "source": "TNA E 159/350", "secondary": false}}, {"type": "Feature", "geometry": {"type": "LineString", "coordinates": [[1.29907, 52.9332], [1.32175, 52.92513], [1.34401, 52.91653], [1.36584, 52.9074], [1.38725, 52.89773], [1.40823, 52.88753], [1.42878, 52.87679], [1.44891, 52.86553], [1.46861, 52.85372], [1.48788, 52.84139], [1.50673, 52.82852], [1.52515, 52.81512], [1.54315, 52.80118], [1.56072, 52.78672], [1.57786, 52.77171], [1.59458, 52.75618], [1.61087, 52.74011], [1.62674, 52.72351], [1.64218, 52.70637], [1.65719, 52.6887], [1.67178, 52.6705], [1.68594, 52.65176], [1.69968, 52.63249], [1.71299, 52.61269], [1.72587, 52.59235]]}, "properties": {"member": "Cromer", "head": "Yarmouth,  Great", "rank": "creek", "source": "TNA E 159/350", "secondary": false}}, {"type": "Feature", "geometry": {"type": "LineString", "coordinates": [[1.63244, 52.27869], [1.63182, 52.2931], [1.6316, 52.3074], [1.63177, 52.32157], [1.63233, 52.33564], [1.63328, 52.34958], [1.63462, 52.36341], [1.63636, 52.37712], [1.63849, 52.39072], [1.64101, 52.40419], [1.64392, 52.41755], [1.64723, 52.4308], [1.65092, 52.44393], [1.65501, 52.45694], [1.65949, 52.46983], [1.66437, 52.48261], [1.66963, 52.49527], [1.67529, 52.50781], [1.68134, 52.52024], [1.68778, 52.53255], [1.69461, 52.54474], [1.70184, 52.55682], [1.70946, 52.56878], [1.71747, 52.58062], [1.72587, 52.59235]]}, "properties": {"member": "Dunwich", "head": "Yarmouth,  Great", "rank": "member", "source": "TNA E 159/350", "secondary": false}}, {"type": "Feature", "geometry": {"type": "LineString", "coordinates": [[0.47014, 52.90792], [0.46901, 52.90062], [0.46771, 52.89341], [0.46621, 52.88631], [0.46454, 52.8793], [0.46267, 52.87239], [0.46062, 52.86558], [0.45839, 52.85886], [0.45597, 52.85225], [0.45336, 52.84573], [0.45057, 52.83931], [0.4476, 52.83298], [0.44444, 52.82676], [0.44109, 52.82063], [0.43756, 52.8146], [0.43384, 52.80866], [0.42994, 52.80283], [0.42585, 52.79709], [0.42158, 52.79145], [0.41712, 52.7859], [0.41247, 52.78046], [0.40765, 52.77511], [0.40263, 52.76986], [0.39743, 52.76471], [0.39205, 52.75965]]}, "properties": {"member": "Heacham", "head": "Kings Lynn", "rank": "creek", "source": "TNA E 159/350", "secondary": false}}, {"type": "Feature", "geometry": {"type": "LineString", "coordinates": [[1.08039, 51.06489], [1.00487, 51.02738], [0.92905, 50.99224], [0.85291, 50.95948], [0.77647, 50.92908], [0.69973, 50.90106], [0.62267, 50.87541], [0.54531, 50.85213], [0.46764, 50.83122], [0.38967, 50.81268], [0.31139, 50.79651], [0.2328, 50.78272], [0.1539, 50.77129], [0.07469, 50.76224], [-0.00482, 50.75556], [-0.08463, 50.75125], [-0.16476, 50.74932], [-0.24519, 50.74975], [-0.32593, 50.75256], [-0.40698, 50.75773], [-0.48833, 50.76528], [-0.56999, 50.7752], [-0.65196, 50.7875], [-0.73424, 50.80216], [-0.81682, 50.81919]]}, "properties": {"member": "Hythe", "head": "Chichester", "rank": "member", "source": "Dallaway, 1815", "secondary": true}}, {"type": "Feature", "geometry": {"type": "LineString", "coordinates": [[-1.38104, 50.90713], [-1.38179, 50.90637], [-1.38254, 50.90562], [-1.38332, 50.90491], [-1.38411, 50.90422], [-1.38491, 50.90356], [-1.38572, 50.90293], [-1.38655, 50.90232], [-1.38739, 50.90175], [-1.38825, 50.90119], [-1.38912, 50.90067], [-1.39, 50.90017], [-1.39089, 50.8997], [-1.3918, 50.89926], [-1.39273, 50.89884], [-1.39367, 50.89845], [-1.39462, 50.89809], [-1.39558, 50.89776], [-1.39656, 50.89745], [-1.39755, 50.89717], [-1.39856, 50.89692], [-1.39958, 50.89669], [-1.40061, 50.89649], [-1.40166, 50.89632], [-1.40272, 50.89617]]}, "properties": {"member": "Itchen", "head": "Southampton", "rank": "creek", "source": "TNA E 159/350", "secondary": false}}, {"type": "Feature", "geometry": {"type": "LineString", "coordinates": [[0.04793, 50.7974], [0.01158, 50.78588], [-0.02473, 50.77544], [-0.06102, 50.76608], [-0.09729, 50.7578], [-0.13352, 50.7506], [-0.16973, 50.74448], [-0.20591, 50.73944], [-0.24206, 50.73549], [-0.27819, 50.73261], [-0.31429, 50.73082], [-0.35036, 50.7301], [-0.38641, 50.73047], [-0.42242, 50.73192], [-0.45841, 50.73445], [-0.49438, 50.73806], [-0.53031, 50.74275], [-0.56622, 50.74852], [-0.6021, 50.75538], [-0.63796, 50.76331], [-0.67378, 50.77233], [-0.70958, 50.78242], [-0.74536, 50.7936], [-0.7811, 50.80586], [-0.81682, 50.81919]]}, "properties": {"member": "Meeching", "head": "Chichester", "rank": "member", "source": "Dallaway, 1815", "secondary": true}}, {"type": "Feature", "geometry": {"type": "LineString", "coordinates": [[1.43392, 52.8796], [1.45022, 52.87182], [1.46615, 52.86369], [1.48173, 52.85518], [1.49694, 52.84632], [1.5118, 52.83709], [1.5263, 52.82749], [1.54044, 52.81753], [1.55422, 52.8072], [1.56764, 52.79651], [1.5807, 52.78545], [1.5934, 52.77403], [1.60575, 52.76225], [1.61773, 52.7501], [1.62936, 52.73758], [1.64063, 52.7247], [1.65153, 52.71145], [1.66208, 52.69784], [1.67227, 52.68387], [1.6821, 52.66953], [1.69157, 52.65482], [1.70069, 52.63975], [1.70944, 52.62431], [1.71783, 52.60851], [1.72587, 52.59235]]}, "properties": {"member": "Mundsley", "head": "Yarmouth,  Great", "rank": "creek", "source": "TNA E 159/350", "secondary": false}}, {"type": "Feature", "geometry": {"type": "LineString", "coordinates": [[0.3274, 50.79091], [0.27932, 50.77564], [0.23127, 50.7618], [0.18326, 50.74939], [0.13529, 50.73841], [0.08734, 50.72887], [0.03944, 50.72075], [-0.00843, 50.71406], [-0.05627, 50.7088], [-0.10407, 50.70497], [-0.15183, 50.70258], [-0.19956, 50.70161], [-0.24725, 50.70207], [-0.29491, 50.70397], [-0.34253, 50.70729], [-0.39012, 50.71204], [-0.43767, 50.71823], [-0.48519, 50.72584], [-0.53267, 50.73489], [-0.58012, 50.74536], [-0.62753, 50.75727], [-0.6749, 50.77061], [-0.72224, 50.78537], [-0.76955, 50.80157], [-0.81682, 50.81919]]}, "properties": {"member": "Pevensey", "head": "Chichester", "rank": "member", "source": "Dallaway, 1815", "secondary": true}}, {"type": "Feature", "geometry": {"type": "LineString", "coordinates": [[-3.45244, 50.64834], [-3.45674, 50.65012], [-3.46094, 50.652], [-3.46506, 50.65398], [-3.46909, 50.65606], [-3.47303, 50.65824], [-3.47689, 50.66052], [-3.48065, 50.66289], [-3.48433, 50.66536], [-3.48793, 50.66794], [-3.49143, 50.67061], [-3.49485, 50.67338], [-3.49818, 50.67624], [-3.50142, 50.67921], [-3.50458, 50.68228], [-3.50764, 50.68544], [-3.51062, 50.6887], [-3.51352, 50.69206], [-3.51632, 50.69552], [-3.51904, 50.69908], [-3.52167, 50.70274], [-3.52421, 50.70649], [-3.52667, 50.71034], [-3.52903, 50.7143], [-3.53131, 50.71835]]}, "properties": {"member": "Powderham", "head": "Exeter", "rank": "creek", "source": "TNA E 159/350", "secondary": false}}, {"type": "Feature", "geometry": {"type": "LineString", "coordinates": [[-3.41207, 54.35316], [-3.40106, 54.38267], [-3.38937, 54.41161], [-3.37698, 54.43999], [-3.36391, 54.46779], [-3.35015, 54.49503], [-3.33569, 54.5217], [-3.32055, 54.5478], [-3.30472, 54.57333], [-3.2882, 54.5983], [-3.27099, 54.62269], [-3.25309, 54.64652], [-3.2345, 54.66978], [-3.21522, 54.69247], [-3.19526, 54.7146], [-3.1746, 54.73616], [-3.15325, 54.75715], [-3.13122, 54.77757], [-3.10849, 54.79742], [-3.08508, 54.8167], [-3.06098, 54.83542], [-3.03619, 54.85357], [-3.0107, 54.87115], [-2.98453, 54.88816], [-2.95767, 54.90461]]}, "properties": {"member": "Ravenglass", "head": "Carlisle", "rank": "member", "source": "TNA E 159/350", "secondary": false}}, {"type": "Feature", "geometry": {"type": "LineString", "coordinates": [[-4.20649, 50.40689], [-4.20298, 50.40637], [-4.19951, 50.40575], [-4.1961, 50.40505], [-4.19272, 50.40426], [-4.1894, 50.40338], [-4.18612, 50.40241], [-4.18289, 50.40135], [-4.17971, 50.40021], [-4.17657, 50.39897], [-4.17347, 50.39764], [-4.17043, 50.39623], [-4.16743, 50.39472], [-4.16448, 50.39313], [-4.16157, 50.39144], [-4.15871, 50.38967], [-4.1559, 50.38781], [-4.15313, 50.38586], [-4.15041, 50.38382], [-4.14774, 50.38169], [-4.14511, 50.37947], [-4.14253, 50.37716], [-4.14, 50.37476], [-4.13751, 50.37227], [-4.13507, 50.3697]]}, "properties": {"member": "Saltash", "head": "Plymouth", "rank": "creek", "source": "TNA E 159/350", "secondary": false}}, {"type": "Feature", "geometry": {"type": "LineString", "coordinates": [[0.72411, 50.90954], [0.66121, 50.88363], [0.59819, 50.85964], [0.53505, 50.83758], [0.47181, 50.81744], [0.40845, 50.79923], [0.34498, 50.78294], [0.28139, 50.76859], [0.2177, 50.75615], [0.15389, 50.74565], [0.08996, 50.73707], [0.02593, 50.73041], [-0.03822, 50.72569], [-0.10248, 50.72288], [-0.16686, 50.72201], [-0.23135, 50.72306], [-0.29595, 50.72604], [-0.36066, 50.73094], [-0.42549, 50.73777], [-0.49043, 50.74652], [-0.55548, 50.75721], [-0.62064, 50.76981], [-0.68592, 50.78435], [-0.75131, 50.80081], [-0.81682, 50.81919]]}, "properties": {"member": "Winchelsea", "head": "Chichester", "rank": "member", "source": "Dallaway, 1815", "secondary": true}}, {"type": "Feature", "geometry": {"type": "LineString", "coordinates": [[-4.16963, 50.36482], [-4.16826, 50.36552], [-4.16688, 50.36618], [-4.1655, 50.36679], [-4.16411, 50.36736], [-4.16272, 50.36789], [-4.16132, 50.36837], [-4.15991, 50.36882], [-4.1585, 50.36921], [-4.15708, 50.36957], [-4.15565, 50.36988], [-4.15422, 50.37015], [-4.15279, 50.37037], [-4.15134, 50.37055], [-4.14989, 50.37069], [-4.14844, 50.37079], [-4.14698, 50.37084], [-4.14551, 50.37085], [-4.14404, 50.37081], [-4.14256, 50.37073], [-4.14107, 50.37061], [-4.13958, 50.37045], [-4.13808, 50.37024], [-4.13658, 50.36999], [-4.13507, 50.3697]]}, "properties": {"member": "Plymouth,  Stonehouse", "head": "Plymouth", "rank": "creek", "source": "TNA E 159/350", "secondary": false}}, {"type": "Feature", "geometry": {"type": "LineString", "coordinates": [[0.75246, 51.35203], [0.77809, 51.35733], [0.80363, 51.36189], [0.82908, 51.36572], [0.85443, 51.36881], [0.87968, 51.37116], [0.90484, 51.37278], [0.9299, 51.37366], [0.95487, 51.37381], [0.97974, 51.37322], [1.00452, 51.37189], [1.02921, 51.36983], [1.05379, 51.36703], [1.07829, 51.36349], [1.10269, 51.35922], [1.12699, 51.35421], [1.1512, 51.34847], [1.17531, 51.34199], [1.19933, 51.33477], [1.22325, 51.32682], [1.24708, 51.31813], [1.27081, 51.3087], [1.29445, 51.29854], [1.318, 51.28764], [1.34144, 51.27601]]}, "properties": {"member": "Milton", "head": "Sandwich", "rank": "member", "source": "TNA E 159/350", "secondary": false}}, {"type": "Feature", "geometry": {"type": "LineString", "coordinates": [[-2.90162, 50.7335], [-2.86326, 50.74574], [-2.82492, 50.75683], [-2.78662, 50.76679], [-2.74834, 50.7756], [-2.71009, 50.78327], [-2.67186, 50.7898], [-2.63366, 50.79519], [-2.59549, 50.79944], [-2.55734, 50.80254], [-2.51922, 50.8045], [-2.48113, 50.80533], [-2.44307, 50.80501], [-2.40503, 50.80355], [-2.36702, 50.80094], [-2.32903, 50.7972], [-2.29107, 50.79231], [-2.25314, 50.78629], [-2.21524, 50.77912], [-2.17736, 50.77081], [-2.1395, 50.76135], [-2.10168, 50.75076], [-2.06388, 50.73902], [-2.02611, 50.72615], [-1.98836, 50.71213]]}, "properties": {"member": "Charmouth", "head": "Poole", "rank": "creek", "source": "TNA E 159/350", "secondary": false}}, {"type": "Feature", "geometry": {"type": "LineString", "coordinates": [[-2.24707, 50.61812], [-2.23765, 50.62576], [-2.2281, 50.63307], [-2.21844, 50.64006], [-2.20866, 50.64673], [-2.19876, 50.65307], [-2.18874, 50.65909], [-2.17861, 50.66478], [-2.16836, 50.67015], [-2.15799, 50.6752], [-2.1475, 50.67993], [-2.1369, 50.68433], [-2.12618, 50.68841], [-2.11534, 50.69216], [-2.10439, 50.6956], [-2.09331, 50.69871], [-2.08212, 50.70149], [-2.07081, 50.70395], [-2.05939, 50.70609], [-2.04784, 50.70791], [-2.03618, 50.7094], [-2.0244, 50.71057], [-2.01251, 50.71141], [-2.0005, 50.71193], [-1.98836, 50.71213]]}, "properties": {"member": "Lulworth", "head": "Poole", "rank": "member", "source": "TNA E 159/350", "secondary": false}}, {"type": "Feature", "geometry": {"type": "LineString", "coordinates": [[-0.7968, 50.72413], [-0.799, 50.72781], [-0.80108, 50.73151], [-0.80304, 50.73523], [-0.80489, 50.73898], [-0.80661, 50.74275], [-0.80822, 50.74655], [-0.80971, 50.75037], [-0.81108, 50.75422], [-0.81233, 50.75809], [-0.81346, 50.76199], [-0.81447, 50.76591], [-0.81536, 50.76986], [-0.81614, 50.77384], [-0.81679, 50.77783], [-0.81733, 50.78186], [-0.81775, 50.78591], [-0.81805, 50.78998], [-0.81823, 50.79408], [-0.81829, 50.7982], [-0.81823, 50.80235], [-0.81806, 50.80652], [-0.81776, 50.81072], [-0.81735, 50.81495], [-0.81682, 50.81919]]}, "properties": {"member": "Selsey", "head": "Chichester", "rank": "creek", "source": "Dallaway, 1815", "secondary": true}}, {"type": "Feature", "geometry": {"type": "LineString", "coordinates": [[-2.07565, 50.69375], [-2.07228, 50.69577], [-2.06888, 50.69768], [-2.06546, 50.69948], [-2.06202, 50.70118], [-2.05856, 50.70276], [-2.05507, 50.70424], [-2.05156, 50.7056], [-2.04803, 50.70686], [-2.04447, 50.70801], [-2.04089, 50.70904], [-2.03729, 50.70997], [-2.03366, 50.71079], [-2.03001, 50.71151], [-2.02634, 50.71211], [-2.02265, 50.7126], [-2.01893, 50.71299], [-2.01519, 50.71326], [-2.01143, 50.71343], [-2.00764, 50.71348], [-2.00383, 50.71343], [-2.0, 50.71327], [-1.99614, 50.713], [-1.99227, 50.71262], [-1.98836, 50.71213]]}, "properties": {"member": "Wareham", "head": "Poole", "rank": "creek", "source": "TNA E 159/350", "secondary": false}}, {"type": "Feature", "geometry": {"type": "LineString", "coordinates": [[-2.63142, 51.59751], [-2.62847, 51.59158], [-2.62571, 51.58561], [-2.62314, 51.57963], [-2.62075, 51.57362], [-2.61854, 51.56759], [-2.61653, 51.56153], [-2.6147, 51.55545], [-2.61305, 51.54934], [-2.6116, 51.54321], [-2.61033, 51.53706], [-2.60924, 51.53088], [-2.60835, 51.52468], [-2.60763, 51.51845], [-2.60711, 51.5122], [-2.60677, 51.50593], [-2.60662, 51.49963], [-2.60665, 51.4933], [-2.60688, 51.48696], [-2.60728, 51.48059], [-2.60788, 51.47419], [-2.60866, 51.46777], [-2.60962, 51.46133], [-2.61078, 51.45486], [-2.61212, 51.44837]]}, "properties": {"member": "Aust", "head": "Bristol", "rank": "creek", "source": "TNA E 159/350", "secondary": false}}, {"type": "Feature", "geometry": {"type": "LineString", "coordinates": [[0.84914, 51.76002], [0.85759, 51.77658], [0.8664, 51.79275], [0.87559, 51.80855], [0.88513, 51.82396], [0.89505, 51.839], [0.90532, 51.85366], [0.91597, 51.86794], [0.92698, 51.88184], [0.93835, 51.89535], [0.9501, 51.90849], [0.9622, 51.92125], [0.97467, 51.93363], [0.98751, 51.94563], [1.00072, 51.95725], [1.01429, 51.96849], [1.02822, 51.97935], [1.04252, 51.98983], [1.05719, 51.99994], [1.07222, 52.00966], [1.08762, 52.019], [1.10338, 52.02796], [1.11951, 52.03654], [1.13601, 52.04475], [1.15287, 52.05257]]}, "properties": {"member": "Tollesbury", "head": "Ipswich", "rank": "creek", "source": "TNA E 159/350", "secondary": false}}, {"type": "Feature", "geometry": {"type": "LineString", "coordinates": [[0.61288, 51.63063], [0.62932, 51.65597], [0.64628, 51.68064], [0.66377, 51.70463], [0.68178, 51.72795], [0.70033, 51.75059], [0.7194, 51.77256], [0.739, 51.79385], [0.75912, 51.81447], [0.77978, 51.83442], [0.80096, 51.85369], [0.82266, 51.87228], [0.8449, 51.8902], [0.86766, 51.90744], [0.89095, 51.92401], [0.91477, 51.9399], [0.93912, 51.95512], [0.96399, 51.96967], [0.98939, 51.98353], [1.01532, 51.99673], [1.04178, 52.00925], [1.06876, 52.02109], [1.09627, 52.03226], [1.12431, 52.04275], [1.15287, 52.05257]]}, "properties": {"member": "Hullbridge", "head": "Ipswich", "rank": "creek", "source": "TNA E 159/350", "secondary": false}}, {"type": "Feature", "geometry": {"type": "LineString", "coordinates": [[1.06593, 51.79719], [1.06588, 51.80908], [1.06615, 51.82086], [1.06674, 51.83253], [1.06765, 51.8441], [1.06888, 51.85555], [1.07043, 51.8669], [1.07229, 51.87814], [1.07448, 51.88927], [1.07698, 51.90029], [1.07981, 51.91121], [1.08295, 51.92201], [1.08642, 51.9327], [1.0902, 51.94329], [1.0943, 51.95377], [1.09872, 51.96414], [1.10346, 51.9744], [1.10852, 51.98455], [1.1139, 51.99459], [1.11959, 52.00453], [1.12561, 52.01435], [1.13195, 52.02407], [1.1386, 52.03368], [1.14558, 52.04318], [1.15287, 52.05257]]}, "properties": {"member": "Saint Osyth", "head": "Ipswich", "rank": "creek", "source": "TNA E 159/350", "secondary": false}}, {"type": "Feature", "geometry": {"type": "LineString", "coordinates": [[-2.15945, 51.99567], [-2.17044, 51.96636], [-2.18212, 51.93761], [-2.19448, 51.90943], [-2.20753, 51.88182], [-2.22126, 51.85477], [-2.23567, 51.82829], [-2.25077, 51.80237], [-2.26655, 51.77702], [-2.28302, 51.75224], [-2.30017, 51.72802], [-2.31801, 51.70436], [-2.33653, 51.68128], [-2.35573, 51.65876], [-2.37562, 51.6368], [-2.39619, 51.61541], [-2.41744, 51.59459], [-2.43938, 51.57433], [-2.46201, 51.55464], [-2.48531, 51.53551], [-2.50931, 51.51695], [-2.53398, 51.49896], [-2.55934, 51.48153], [-2.58539, 51.46466], [-2.61212, 51.44837]]}, "properties": {"member": "Tewkesbury", "head": "Bristol", "rank": "creek", "source": "TNA E 159/350", "secondary": false}}, {"type": "Feature", "geometry": {"type": "LineString", "coordinates": [[0.94875, 51.85788], [0.95445, 51.86893], [0.9604, 51.87972], [0.9666, 51.89026], [0.97303, 51.90054], [0.97971, 51.91056], [0.98664, 51.92033], [0.9938, 51.92985], [1.00121, 51.93911], [1.00887, 51.94812], [1.01676, 51.95686], [1.0249, 51.96536], [1.03329, 51.9736], [1.04191, 51.98158], [1.05078, 51.98931], [1.0599, 51.99679], [1.06925, 52.00401], [1.07885, 52.01097], [1.0887, 52.01768], [1.09879, 52.02413], [1.10912, 52.03033], [1.11969, 52.03627], [1.13051, 52.04196], [1.14157, 52.04739], [1.15287, 52.05257]]}, "properties": {"member": "Rowhedge", "head": "Ipswich", "rank": "creek", "source": "TNA E 159/350", "secondary": false}}, {"type": "Feature", "geometry": {"type": "LineString", "coordinates": [[-2.48523, 51.69739], [-2.48694, 51.68519], [-2.48896, 51.67315], [-2.49129, 51.66127], [-2.49393, 51.64954], [-2.49688, 51.63798], [-2.50015, 51.62657], [-2.50372, 51.61532], [-2.50761, 51.60423], [-2.5118, 51.5933], [-2.51631, 51.58253], [-2.52113, 51.57191], [-2.52626, 51.56146], [-2.53171, 51.55116], [-2.53746, 51.54102], [-2.54352, 51.53104], [-2.5499, 51.52122], [-2.55659, 51.51156], [-2.56359, 51.50206], [-2.5709, 51.49271], [-2.57852, 51.48353], [-2.58645, 51.4745], [-2.59469, 51.46563], [-2.60325, 51.45692], [-2.61212, 51.44837]]}, "properties": {"member": "Berkeley", "head": "Bristol", "rank": "creek", "source": "TNA E 159/350", "secondary": false}}, {"type": "Feature", "geometry": {"type": "LineString", "coordinates": [[-2.34735, 51.79777], [-2.35336, 51.77941], [-2.35981, 51.76138], [-2.36669, 51.74367], [-2.37401, 51.7263], [-2.38176, 51.70926], [-2.38996, 51.69255], [-2.39859, 51.67617], [-2.40765, 51.66012], [-2.41716, 51.64441], [-2.4271, 51.62902], [-2.43747, 51.61397], [-2.44829, 51.59924], [-2.45954, 51.58485], [-2.47122, 51.57079], [-2.48335, 51.55706], [-2.49591, 51.54366], [-2.50891, 51.53059], [-2.52234, 51.51785], [-2.53621, 51.50544], [-2.55052, 51.49336], [-2.56526, 51.48162], [-2.58044, 51.4702], [-2.59606, 51.45912], [-2.61212, 51.44837]]}, "properties": {"member": "Epney", "head": "Bristol", "rank": "creek", "source": "TNA E 159/350", "secondary": false}}, {"type": "Feature", "geometry": {"type": "LineString", "coordinates": [[-2.37314, 51.79272], [-2.37815, 51.77493], [-2.38359, 51.75745], [-2.38946, 51.74026], [-2.39575, 51.72338], [-2.40248, 51.70679], [-2.40964, 51.6905], [-2.41723, 51.67451], [-2.42525, 51.65881], [-2.4337, 51.64342], [-2.44258, 51.62833], [-2.4519, 51.61353], [-2.46164, 51.59903], [-2.47181, 51.58484], [-2.48241, 51.57094], [-2.49345, 51.55733], [-2.50491, 51.54403], [-2.5168, 51.53103], [-2.52913, 51.51832], [-2.54188, 51.50592], [-2.55507, 51.49381], [-2.56869, 51.482], [-2.58273, 51.47049], [-2.59721, 51.45928], [-2.61212, 51.44837]]}, "properties": {"member": "Framilode", "head": "Bristol", "rank": "creek", "source": "TNA E 159/350", "secondary": false}}, {"type": "Feature", "geometry": {"type": "LineString", "coordinates": [[-2.36818, 51.77552], [-2.37364, 51.75838], [-2.37951, 51.74155], [-2.38579, 51.72502], [-2.39248, 51.7088], [-2.39957, 51.69288], [-2.40708, 51.67727], [-2.41499, 51.66196], [-2.42332, 51.64695], [-2.43205, 51.63226], [-2.44119, 51.61786], [-2.45074, 51.60377], [-2.4607, 51.58999], [-2.47107, 51.57651], [-2.48185, 51.56334], [-2.49303, 51.55047], [-2.50463, 51.5379], [-2.51663, 51.52564], [-2.52905, 51.51369], [-2.54187, 51.50204], [-2.5551, 51.4907], [-2.56874, 51.47966], [-2.58279, 51.46892], [-2.59725, 51.45849], [-2.61212, 51.44837]]}, "properties": {"member": "Frampton", "head": "Bristol", "rank": "creek", "source": "TNA E 159/350", "secondary": false}}, {"type": "Feature", "geometry": {"type": "LineString", "coordinates": [[-2.22832, 52.07636], [-2.23529, 52.04467], [-2.24304, 52.01347], [-2.25157, 51.98275], [-2.26089, 51.9525], [-2.27099, 51.92274], [-2.28188, 51.89345], [-2.29356, 51.86465], [-2.30602, 51.83632], [-2.31926, 51.80848], [-2.33329, 51.78111], [-2.3481, 51.75423], [-2.3637, 51.72782], [-2.38008, 51.7019], [-2.39725, 51.67645], [-2.41521, 51.65148], [-2.43395, 51.62699], [-2.45347, 51.60299], [-2.47378, 51.57946], [-2.49487, 51.55641], [-2.51675, 51.53384], [-2.53941, 51.51175], [-2.56286, 51.49015], [-2.5871, 51.46902], [-2.61212, 51.44837]]}, "properties": {"member": "Hanley", "head": "Bristol", "rank": "creek", "source": "TNA E 159/350", "secondary": false}}, {"type": "Feature", "geometry": {"type": "LineString", "coordinates": [[-2.58083, 51.6335], [-2.57947, 51.62534], [-2.57834, 51.61722], [-2.57745, 51.60913], [-2.57679, 51.60108], [-2.57635, 51.59308], [-2.57615, 51.58511], [-2.57618, 51.57718], [-2.57645, 51.56929], [-2.57694, 51.56144], [-2.57767, 51.55363], [-2.57862, 51.54585], [-2.57981, 51.53812], [-2.58123, 51.53043], [-2.58288, 51.52277], [-2.58476, 51.51515], [-2.58688, 51.50758], [-2.58922, 51.50004], [-2.5918, 51.49254], [-2.59461, 51.48508], [-2.59764, 51.47766], [-2.60092, 51.47028], [-2.60442, 51.46293], [-2.60815, 51.45563], [-2.61212, 51.44837]]}, "properties": {"member": "Oldbury", "head": "Bristol", "rank": "creek", "source": "TNA E 159/350", "secondary": false}}, {"type": "Feature", "geometry": {"type": "LineString", "coordinates": [[-2.22792, 52.19179], [-2.23324, 52.15529], [-2.23949, 52.11927], [-2.24667, 52.08373], [-2.25478, 52.04868], [-2.26382, 52.0141], [-2.27379, 51.98], [-2.28469, 51.94638], [-2.29651, 51.91325], [-2.30927, 51.88059], [-2.32295, 51.84841], [-2.33757, 51.81672], [-2.35311, 51.7855], [-2.36958, 51.75476], [-2.38699, 51.72451], [-2.40532, 51.69473], [-2.42458, 51.66544], [-2.44477, 51.63662], [-2.46589, 51.60829], [-2.48793, 51.58044], [-2.51091, 51.55306], [-2.53482, 51.52617], [-2.55966, 51.49975], [-2.58542, 51.47382], [-2.61212, 51.44837]]}, "properties": {"member": "Worcester", "head": "Bristol", "rank": "creek", "source": "TNA E 159/350", "secondary": false}}, {"type": "Feature", "geometry": {"type": "LineString", "coordinates": [[-2.99309, 51.32079], [-2.9907, 51.31272], [-2.98856, 51.30466], [-2.98666, 51.29661], [-2.98499, 51.28858], [-2.98357, 51.28055], [-2.98238, 51.27253], [-2.98143, 51.26453], [-2.98071, 51.25653], [-2.98024, 51.24855], [-2.98, 51.24058], [-2.98001, 51.23261], [-2.98025, 51.22466], [-2.98073, 51.21672], [-2.98145, 51.20879], [-2.9824, 51.20087], [-2.9836, 51.19297], [-2.98503, 51.18507], [-2.9867, 51.17718], [-2.98861, 51.16931], [-2.99076, 51.16144], [-2.99315, 51.15359], [-2.99577, 51.14574], [-2.99864, 51.13791], [-3.00174, 51.13009]]}, "properties": {"member": "Axwater", "head": "Bridgwater", "rank": "member", "source": "TNA E 159/350", "secondary": false}}, {"type": "Feature", "geometry": {"type": "LineString", "coordinates": [[0.71474, 51.53192], [0.72552, 51.55991], [0.73694, 51.58735], [0.74901, 51.61425], [0.76173, 51.6406], [0.77511, 51.6664], [0.78913, 51.69165], [0.80381, 51.71636], [0.81913, 51.74052], [0.83511, 51.76413], [0.85174, 51.78719], [0.86902, 51.80971], [0.88695, 51.83168], [0.90553, 51.8531], [0.92476, 51.87397], [0.94464, 51.89429], [0.96518, 51.91407], [0.98636, 51.9333], [1.0082, 51.95198], [1.03068, 51.97012], [1.05382, 51.9877], [1.0776, 52.00474], [1.10204, 52.02123], [1.12713, 52.03718], [1.15287, 52.05257]]}, "properties": {"member": "Southend", "head": "Ipswich", "rank": "creek", "source": "TNA E 159/350", "secondary": false}}, {"type": "Feature", "geometry": {"type": "LineString", "coordinates": [[-2.45151, 51.7872], [-2.45333, 51.77077], [-2.45558, 51.75454], [-2.45825, 51.73852], [-2.46134, 51.7227], [-2.46485, 51.70707], [-2.46879, 51.69165], [-2.47315, 51.67643], [-2.47794, 51.66141], [-2.48315, 51.64658], [-2.48878, 51.63197], [-2.49484, 51.61755], [-2.50132, 51.60333], [-2.50822, 51.58931], [-2.51555, 51.57549], [-2.5233, 51.56188], [-2.53148, 51.54846], [-2.54007, 51.53525], [-2.54909, 51.52223], [-2.55854, 51.50942], [-2.56841, 51.49681], [-2.5787, 51.4844], [-2.58941, 51.47219], [-2.60055, 51.46018], [-2.61212, 51.44837]]}, "properties": {"member": "Bullo Pill", "head": "Bristol", "rank": "creek", "source": "TNA E 159/350", "secondary": false}}, {"type": "Feature", "geometry": {"type": "LineString", "coordinates": [[-3.42607, 51.19157], [-3.40751, 51.1951], [-3.38902, 51.19811], [-3.37061, 51.20059], [-3.35228, 51.20254], [-3.33402, 51.20395], [-3.31584, 51.20484], [-3.29774, 51.2052], [-3.27971, 51.20502], [-3.26176, 51.20432], [-3.24389, 51.20308], [-3.22609, 51.20131], [-3.20837, 51.19902], [-3.19073, 51.19619], [-3.17317, 51.19283], [-3.15568, 51.18895], [-3.13827, 51.18453], [-3.12093, 51.17958], [-3.10367, 51.1741], [-3.08649, 51.16809], [-3.06939, 51.16155], [-3.05236, 51.15448], [-3.03541, 51.14688], [-3.01854, 51.13875], [-3.00174, 51.13009]]}, "properties": {"member": "Dunster Haven", "head": "Bridgwater", "rank": "creek", "source": "TNA E 159/350", "secondary": false}}, {"type": "Feature", "geometry": {"type": "LineString", "coordinates": [[1.03986, 52.94364], [1.07349, 52.93886], [1.10669, 52.93323], [1.13944, 52.92674], [1.17176, 52.91939], [1.20364, 52.91118], [1.23507, 52.90212], [1.26607, 52.8922], [1.29663, 52.88142], [1.32675, 52.86979], [1.35644, 52.85729], [1.38568, 52.84394], [1.41448, 52.82973], [1.44285, 52.81467], [1.47077, 52.79874], [1.49826, 52.78196], [1.5253, 52.76433], [1.55191, 52.74583], [1.57808, 52.72648], [1.60381, 52.70627], [1.6291, 52.6852], [1.65395, 52.66327], [1.67836, 52.64049], [1.70234, 52.61685], [1.72587, 52.59235]]}, "properties": {"member": "Wiveton", "head": "Yarmouth,  Great", "rank": "creek", "source": "TNA E 159/350", "secondary": false}}, {"type": "Feature", "geometry": {"type": "LineString", "coordinates": [[1.72787, 52.41136], [1.72518, 52.41887], [1.72272, 52.42639], [1.72049, 52.43391], [1.71849, 52.44143], [1.71671, 52.44895], [1.71515, 52.45647], [1.71382, 52.464], [1.71272, 52.47153], [1.71185, 52.47906], [1.7112, 52.4866], [1.71078, 52.49414], [1.71058, 52.50167], [1.71061, 52.50922], [1.71087, 52.51676], [1.71135, 52.52431], [1.71206, 52.53186], [1.71299, 52.53941], [1.71415, 52.54697], [1.71554, 52.55452], [1.71715, 52.56208], [1.71899, 52.56965], [1.72106, 52.57721], [1.72335, 52.58478], [1.72587, 52.59235]]}, "properties": {"member": "Kessingland", "head": "Yarmouth,  Great", "rank": "creek", "source": "TNA E 159/350", "secondary": false}}, {"type": "Feature", "geometry": {"type": "LineString", "coordinates": [[1.70923, 52.40459], [1.70722, 52.41265], [1.70545, 52.42069], [1.70392, 52.42871], [1.70261, 52.43671], [1.70155, 52.44469], [1.70071, 52.45265], [1.70012, 52.46059], [1.69975, 52.46851], [1.69963, 52.4764], [1.69973, 52.48428], [1.70007, 52.49213], [1.70065, 52.49997], [1.70146, 52.50778], [1.70251, 52.51557], [1.70379, 52.52334], [1.7053, 52.53109], [1.70705, 52.53882], [1.70904, 52.54653], [1.71125, 52.55422], [1.71371, 52.56189], [1.7164, 52.56953], [1.71932, 52.57716], [1.72248, 52.58476], [1.72587, 52.59235]]}, "properties": {"member": "Kessingland Haven", "head": "Yarmouth,  Great", "rank": "creek", "source": "TNA E 159/350", "secondary": false}}, {"type": "Feature", "geometry": {"type": "LineString", "coordinates": [[1.60485, 52.242], [1.60485, 52.25834], [1.6053, 52.27453], [1.60618, 52.29056], [1.6075, 52.30645], [1.60926, 52.32218], [1.61145, 52.33776], [1.61409, 52.35319], [1.61716, 52.36847], [1.62067, 52.38359], [1.62462, 52.39857], [1.629, 52.4134], [1.63383, 52.42807], [1.63909, 52.44259], [1.64479, 52.45696], [1.65093, 52.47118], [1.6575, 52.48525], [1.66451, 52.49917], [1.67197, 52.51293], [1.67985, 52.52655], [1.68818, 52.54001], [1.69695, 52.55332], [1.70615, 52.56648], [1.71579, 52.57949], [1.72587, 52.59235]]}, "properties": {"member": "Minsmere Haven", "head": "Yarmouth,  Great", "rank": "creek", "source": "TNA E 159/350", "secondary": false}}, {"type": "Feature", "geometry": {"type": "LineString", "coordinates": [[1.61827, 52.17986], [1.61683, 52.19859], [1.6159, 52.21719], [1.61548, 52.23566], [1.61558, 52.25399], [1.6162, 52.27218], [1.61733, 52.29024], [1.61898, 52.30817], [1.62114, 52.32596], [1.62382, 52.34362], [1.62701, 52.36114], [1.63072, 52.37853], [1.63495, 52.39579], [1.63969, 52.41291], [1.64494, 52.42989], [1.65072, 52.44674], [1.657, 52.46346], [1.66381, 52.48004], [1.67113, 52.49649], [1.67896, 52.5128], [1.68731, 52.52898], [1.69618, 52.54502], [1.70556, 52.56093], [1.71546, 52.57671], [1.72587, 52.59235]]}, "properties": {"member": "Thorpe Haven", "head": "Yarmouth,  Great", "rank": "creek", "source": "TNA E 159/350", "secondary": false}}, {"type": "Feature", "geometry": {"type": "LineString", "coordinates": [[1.69828, 52.35036], [1.69595, 52.36084], [1.69392, 52.37128], [1.6922, 52.3817], [1.69078, 52.39207], [1.68966, 52.40241], [1.68884, 52.41272], [1.68833, 52.42299], [1.68812, 52.43323], [1.68821, 52.44343], [1.6886, 52.4536], [1.6893, 52.46374], [1.6903, 52.47384], [1.6916, 52.4839], [1.6932, 52.49393], [1.69511, 52.50393], [1.69731, 52.51389], [1.69982, 52.52382], [1.70264, 52.53371], [1.70575, 52.54357], [1.70917, 52.5534], [1.71289, 52.56319], [1.71692, 52.57294], [1.72124, 52.58266], [1.72587, 52.59235]]}, "properties": {"member": "Easton Quay", "head": "Yarmouth,  Great", "rank": "creek", "source": "TNA E 159/350", "secondary": false}}, {"type": "Feature", "geometry": {"type": "LineString", "coordinates": [[1.70882, 52.36567], [1.70627, 52.37536], [1.70401, 52.38503], [1.70203, 52.39468], [1.70033, 52.4043], [1.69891, 52.41391], [1.69778, 52.42349], [1.69693, 52.43305], [1.69637, 52.4426], [1.69609, 52.45211], [1.69609, 52.46161], [1.69638, 52.47109], [1.69694, 52.48054], [1.6978, 52.48998], [1.69893, 52.49939], [1.70035, 52.50878], [1.70205, 52.51815], [1.70404, 52.5275], [1.70631, 52.53683], [1.70886, 52.54614], [1.71169, 52.55542], [1.71481, 52.56468], [1.71821, 52.57393], [1.7219, 52.58315], [1.72587, 52.59235]]}, "properties": {"member": "Covehithe", "head": "Yarmouth,  Great", "rank": "creek", "source": "TNA E 159/350", "secondary": false}}, {"type": "Feature", "geometry": {"type": "LineString", "coordinates": [[1.59743, 52.14258], [1.59632, 52.16317], [1.59577, 52.18359], [1.59578, 52.20386], [1.59635, 52.22396], [1.59749, 52.24391], [1.59918, 52.26369], [1.60144, 52.28332], [1.60426, 52.30278], [1.60765, 52.32208], [1.61159, 52.34122], [1.6161, 52.3602], [1.62117, 52.37902], [1.62681, 52.39768], [1.633, 52.41618], [1.63976, 52.43452], [1.64708, 52.4527], [1.65496, 52.47072], [1.6634, 52.48858], [1.67241, 52.50627], [1.68198, 52.52381], [1.69211, 52.54118], [1.7028, 52.5584], [1.71405, 52.57545], [1.72587, 52.59235]]}, "properties": {"member": "Slaughden", "head": "Yarmouth,  Great", "rank": "creek", "source": "TNA E 159/350", "secondary": false}}, {"type": "Feature", "geometry": {"type": "LineString", "coordinates": [[1.48951, 52.8493], [1.50305, 52.84199], [1.51627, 52.83439], [1.52917, 52.82649], [1.54175, 52.81829], [1.55401, 52.8098], [1.56594, 52.80101], [1.57756, 52.79193], [1.58885, 52.78256], [1.59983, 52.77288], [1.61048, 52.76292], [1.62081, 52.75265], [1.63082, 52.7421], [1.6405, 52.73124], [1.64987, 52.72009], [1.65892, 52.70865], [1.66764, 52.69691], [1.67604, 52.68487], [1.68412, 52.67254], [1.69188, 52.65991], [1.69932, 52.64699], [1.70644, 52.63377], [1.71324, 52.62026], [1.71971, 52.60645], [1.72587, 52.59235]]}, "properties": {"member": "Broomholm Hithe", "head": "Yarmouth,  Great", "rank": "creek", "source": "TNA E 159/350", "secondary": false}}, {"type": "Feature", "geometry": {"type": "LineString", "coordinates": [[1.53668, 52.82482], [1.5479, 52.81785], [1.55884, 52.81065], [1.56948, 52.80321], [1.57983, 52.79553], [1.5899, 52.78762], [1.59967, 52.77947], [1.60915, 52.77109], [1.61834, 52.76246], [1.62724, 52.7536], [1.63585, 52.74451], [1.64417, 52.73518], [1.6522, 52.72561], [1.65993, 52.71581], [1.66738, 52.70576], [1.67454, 52.69549], [1.6814, 52.68497], [1.68798, 52.67422], [1.69426, 52.66324], [1.70026, 52.65201], [1.70596, 52.64055], [1.71137, 52.62886], [1.7165, 52.61692], [1.72133, 52.60475], [1.72587, 52.59235]]}, "properties": {"member": "Happisburgh Hithe", "head": "Yarmouth,  Great", "rank": "creek", "source": "TNA E 159/350", "secondary": false}}, {"type": "Feature", "geometry": {"type": "LineString", "coordinates": [[1.61934, 52.78026], [1.62648, 52.77396], [1.63339, 52.76753], [1.64006, 52.76097], [1.64649, 52.75427], [1.65269, 52.74744], [1.65866, 52.74047], [1.66439, 52.73338], [1.66988, 52.72615], [1.67514, 52.71878], [1.68017, 52.71129], [1.68496, 52.70366], [1.68952, 52.69589], [1.69384, 52.688], [1.69793, 52.67997], [1.70178, 52.6718], [1.70539, 52.66351], [1.70877, 52.65508], [1.71192, 52.64652], [1.71483, 52.63782], [1.71751, 52.62899], [1.71995, 52.62003], [1.72216, 52.61094], [1.72413, 52.60171], [1.72587, 52.59235]]}, "properties": {"member": "Waxham Hithe", "head": "Yarmouth,  Great", "rank": "creek", "source": "TNA E 159/350", "secondary": false}}, {"type": "Feature", "geometry": {"type": "LineString", "coordinates": [[1.69899, 52.71715], [1.7019, 52.71234], [1.70466, 52.70749], [1.70726, 52.70261], [1.70971, 52.69769], [1.712, 52.69275], [1.71413, 52.68776], [1.71611, 52.68275], [1.71793, 52.6777], [1.7196, 52.67262], [1.72111, 52.6675], [1.72246, 52.66235], [1.72366, 52.65717], [1.7247, 52.65195], [1.72559, 52.6467], [1.72632, 52.64142], [1.72689, 52.6361], [1.72731, 52.63075], [1.72757, 52.62536], [1.72768, 52.61994], [1.72763, 52.61449], [1.72742, 52.60901], [1.72706, 52.60349], [1.72654, 52.59793], [1.72587, 52.59235]]}, "properties": {"member": "Winterton Hithe", "head": "Yarmouth,  Great", "rank": "creek", "source": "TNA E 159/350", "secondary": false}}, {"type": "Feature", "geometry": {"type": "LineString", "coordinates": [[1.74244, 52.462], [1.73987, 52.46719], [1.73747, 52.4724], [1.73524, 52.47764], [1.73316, 52.48289], [1.73125, 52.48817], [1.7295, 52.49347], [1.72791, 52.49878], [1.72649, 52.50412], [1.72523, 52.50948], [1.72413, 52.51486], [1.72319, 52.52026], [1.72242, 52.52568], [1.72181, 52.53112], [1.72137, 52.53659], [1.72108, 52.54207], [1.72096, 52.54757], [1.72101, 52.5531], [1.72121, 52.55864], [1.72158, 52.56421], [1.72211, 52.56979], [1.72281, 52.5754], [1.72367, 52.58103], [1.72469, 52.58668], [1.72587, 52.59235]]}, "properties": {"member": "Kirkley Rode", "head": "Yarmouth,  Great", "rank": "creek", "source": "TNA E 159/350", "secondary": false}}, {"type": "Feature", "geometry": {"type": "LineString", "coordinates": [[1.73858, 52.45395], [1.73606, 52.45953], [1.73372, 52.46513], [1.73154, 52.47075], [1.72954, 52.47638], [1.72772, 52.48203], [1.72606, 52.48769], [1.72458, 52.49337], [1.72327, 52.49906], [1.72214, 52.50477], [1.72118, 52.5105], [1.72039, 52.51624], [1.71977, 52.522], [1.71933, 52.52778], [1.71906, 52.53357], [1.71896, 52.53937], [1.71904, 52.5452], [1.71928, 52.55104], [1.71971, 52.55689], [1.7203, 52.56276], [1.72107, 52.56865], [1.72201, 52.57455], [1.72312, 52.58046], [1.72441, 52.5864], [1.72587, 52.59235]]}, "properties": {"member": "Pakefield Rode", "head": "Yarmouth,  Great", "rank": "creek", "source": "TNA E 159/350", "secondary": false}}, {"type": "Feature", "geometry": {"type": "LineString", "coordinates": [[0.08835, 53.45136], [0.0907, 53.42966], [0.09244, 53.4081], [0.09358, 53.38668], [0.09411, 53.3654], [0.09404, 53.34425], [0.09337, 53.32324], [0.09209, 53.30237], [0.09022, 53.28163], [0.08773, 53.26104], [0.08465, 53.24058], [0.08096, 53.22026], [0.07667, 53.20008], [0.07177, 53.18003], [0.06627, 53.16012], [0.06017, 53.14035], [0.05346, 53.12072], [0.04615, 53.10123], [0.03824, 53.08187], [0.02973, 53.06266], [0.02061, 53.04358], [0.01088, 53.02463], [0.00056, 53.00583], [-0.01037, 52.98716], [-0.02191, 52.96863]]}, "properties": {"member": "Northolle", "head": "Boston", "rank": "creek", "source": "TNA E 159/350", "secondary": false}}, {"type": "Feature", "geometry": {"type": "LineString", "coordinates": [[0.11857, 53.44646], [0.11959, 53.42453], [0.12001, 53.40278], [0.11983, 53.3812], [0.11905, 53.3598], [0.11768, 53.33857], [0.11571, 53.31752], [0.11314, 53.29664], [0.10997, 53.27594], [0.10621, 53.25542], [0.10185, 53.23507], [0.09689, 53.2149], [0.09134, 53.1949], [0.08519, 53.17508], [0.07844, 53.15543], [0.07109, 53.13596], [0.06315, 53.11667], [0.0546, 53.09755], [0.04547, 53.07861], [0.03573, 53.05984], [0.0254, 53.04125], [0.01447, 53.02283], [0.00294, 53.00459], [-0.00918, 52.98652], [-0.02191, 52.96863]]}, "properties": {"member": "Southolle", "head": "Boston", "rank": "creek", "source": "TNA E 159/350", "secondary": false}}, {"type": "Feature", "geometry": {"type": "LineString", "coordinates": [[0.24857, 53.3588], [0.24291, 53.33865], [0.23676, 53.31885], [0.23012, 53.29938], [0.223, 53.28025], [0.21539, 53.26145], [0.20729, 53.243], [0.1987, 53.22488], [0.18962, 53.2071], [0.18006, 53.18966], [0.17001, 53.17256], [0.15947, 53.1558], [0.14845, 53.13937], [0.13693, 53.12328], [0.12493, 53.10754], [0.11244, 53.09212], [0.09946, 53.07705], [0.086, 53.06231], [0.07205, 53.04792], [0.05761, 53.03386], [0.04268, 53.02014], [0.02727, 53.00675], [0.01136, 52.99371], [-0.00503, 52.981], [-0.02191, 52.96863]]}, "properties": {"member": "Wilgrip", "head": "Boston", "rank": "creek", "source": "TNA E 159/350", "secondary": false}}, {"type": "Feature", "geometry": {"type": "LineString", "coordinates": [[0.11287, 52.8621], [0.10572, 52.8646], [0.09871, 52.86727], [0.09183, 52.87011], [0.08508, 52.87311], [0.07846, 52.87629], [0.07198, 52.87963], [0.06563, 52.88315], [0.05942, 52.88683], [0.05334, 52.89068], [0.04739, 52.89469], [0.04157, 52.89888], [0.03589, 52.90323], [0.03034, 52.90776], [0.02493, 52.91245], [0.01964, 52.91731], [0.0145, 52.92234], [0.00948, 52.92754], [0.0046, 52.9329], [-0.00015, 52.93844], [-0.00477, 52.94414], [-0.00925, 52.95001], [-0.01361, 52.95605], [-0.01782, 52.96226], [-0.02191, 52.96863]]}, "properties": {"member": "Fleet Haven", "head": "Boston", "rank": "creek", "source": "TNA E 159/350", "secondary": false}}, {"type": "Feature", "geometry": {"type": "LineString", "coordinates": [[-1.87567, 50.71605], [-1.88031, 50.71427], [-1.88496, 50.71262], [-1.88961, 50.71112], [-1.89426, 50.70976], [-1.89892, 50.70854], [-1.90358, 50.70746], [-1.90825, 50.70652], [-1.91292, 50.70573], [-1.9176, 50.70507], [-1.92229, 50.70456], [-1.92697, 50.70418], [-1.93167, 50.70395], [-1.93636, 50.70385], [-1.94107, 50.7039], [-1.94577, 50.70409], [-1.95049, 50.70442], [-1.9552, 50.70489], [-1.95993, 50.7055], [-1.96465, 50.70626], [-1.96939, 50.70715], [-1.97412, 50.70818], [-1.97887, 50.70936], [-1.98361, 50.71067], [-1.98836, 50.71213]]}, "properties": {"member": "Bournemouth", "head": "Poole", "rank": "creek", "source": "TNA E 159/350", "secondary": false}}, {"type": "Feature", "geometry": {"type": "LineString", "coordinates": [[-1.94467, 50.64308], [-1.94749, 50.64532], [-1.95021, 50.64763], [-1.95285, 50.64999], [-1.95541, 50.6524], [-1.95788, 50.65487], [-1.96026, 50.65739], [-1.96255, 50.65997], [-1.96476, 50.6626], [-1.96688, 50.66528], [-1.96892, 50.66803], [-1.97087, 50.67082], [-1.97273, 50.67367], [-1.97451, 50.67657], [-1.9762, 50.67953], [-1.97781, 50.68255], [-1.97933, 50.68562], [-1.98076, 50.68874], [-1.9821, 50.69192], [-1.98336, 50.69515], [-1.98454, 50.69844], [-1.98562, 50.70178], [-1.98662, 50.70517], [-1.98754, 50.70862], [-1.98836, 50.71213]]}, "properties": {"member": "Studland", "head": "Poole", "rank": "creek", "source": "TNA E 159/350", "secondary": false}}, {"type": "Feature", "geometry": {"type": "LineString", "coordinates": [[-2.06367, 50.59283], [-2.06225, 50.59888], [-2.06067, 50.60484], [-2.05895, 50.61071], [-2.05708, 50.61648], [-2.05506, 50.62215], [-2.0529, 50.62774], [-2.05058, 50.63323], [-2.04811, 50.63862], [-2.0455, 50.64392], [-2.04273, 50.64913], [-2.03982, 50.65424], [-2.03675, 50.65926], [-2.03354, 50.66418], [-2.03018, 50.66901], [-2.02667, 50.67375], [-2.02301, 50.67839], [-2.0192, 50.68293], [-2.01524, 50.68739], [-2.01114, 50.69175], [-2.00688, 50.69601], [-2.00248, 50.70018], [-1.99792, 50.70426], [-1.99322, 50.70824], [-1.98836, 50.71213]]}, "properties": {"member": "Chapman's Pool", "head": "Poole", "rank": "creek", "source": "TNA E 159/350", "secondary": false}}, {"type": "Feature", "geometry": {"type": "LineString", "coordinates": [[-2.08075, 50.59477], [-2.07859, 50.60099], [-2.07628, 50.60709], [-2.07383, 50.61308], [-2.07122, 50.61895], [-2.06847, 50.6247], [-2.06558, 50.63034], [-2.06254, 50.63587], [-2.05935, 50.64128], [-2.05601, 50.64657], [-2.05253, 50.65175], [-2.0489, 50.65682], [-2.04512, 50.66176], [-2.0412, 50.6666], [-2.03713, 50.67131], [-2.03291, 50.67591], [-2.02855, 50.6804], [-2.02404, 50.68477], [-2.01938, 50.68903], [-2.01458, 50.69316], [-2.00963, 50.69719], [-2.00453, 50.7011], [-1.99929, 50.70489], [-1.9939, 50.70857], [-1.98836, 50.71213]]}, "properties": {"member": "Encombe", "head": "Poole", "rank": "creek", "source": "TNA E 159/350", "secondary": false}}, {"type": "Feature", "geometry": {"type": "LineString", "coordinates": [[-2.13126, 50.61145], [-2.12676, 50.6177], [-2.12212, 50.62377], [-2.11736, 50.62966], [-2.11248, 50.63537], [-2.10747, 50.64091], [-2.10233, 50.64626], [-2.09707, 50.65144], [-2.09168, 50.65644], [-2.08617, 50.66126], [-2.08053, 50.6659], [-2.07477, 50.67036], [-2.06888, 50.67465], [-2.06286, 50.67875], [-2.05672, 50.68268], [-2.05045, 50.68643], [-2.04405, 50.69], [-2.03753, 50.69339], [-2.03089, 50.6966], [-2.02411, 50.69964], [-2.01722, 50.70249], [-2.01019, 50.70517], [-2.00304, 50.70767], [-1.99577, 50.70999], [-1.98836, 50.71213]]}, "properties": {"member": "Kimmeridge", "head": "Poole", "rank": "creek", "source": "TNA E 159/350", "secondary": false}}, {"type": "Feature", "geometry": {"type": "LineString", "coordinates": [[-2.19372, 50.62209], [-2.18646, 50.62879], [-2.17909, 50.63524], [-2.1716, 50.64143], [-2.164, 50.64736], [-2.15629, 50.65304], [-2.14846, 50.65846], [-2.14052, 50.66362], [-2.13247, 50.66853], [-2.12431, 50.67318], [-2.11604, 50.67757], [-2.10765, 50.68171], [-2.09915, 50.68559], [-2.09053, 50.68921], [-2.08181, 50.69258], [-2.07297, 50.69569], [-2.06402, 50.69854], [-2.05496, 50.70114], [-2.04578, 50.70348], [-2.03649, 50.70556], [-2.02709, 50.70739], [-2.01758, 50.70896], [-2.00795, 50.71027], [-1.99822, 50.71133], [-1.98836, 50.71213]]}, "properties": {"member": "Flower's Barrow", "head": "Poole", "rank": "creek", "source": "TNA E 159/350", "secondary": false}}, {"type": "Feature", "geometry": {"type": "LineString", "coordinates": [[-2.42145, 50.63602], [-2.4045, 50.64541], [-2.38745, 50.65427], [-2.37031, 50.66258], [-2.35307, 50.67036], [-2.33574, 50.67759], [-2.31831, 50.68428], [-2.30079, 50.69043], [-2.28318, 50.69603], [-2.26546, 50.7011], [-2.24766, 50.70563], [-2.22975, 50.70961], [-2.21176, 50.71305], [-2.19366, 50.71595], [-2.17548, 50.71831], [-2.15719, 50.72013], [-2.13881, 50.72141], [-2.12034, 50.72214], [-2.10177, 50.72233], [-2.08311, 50.72199], [-2.06435, 50.7211], [-2.0455, 50.71967], [-2.02655, 50.7177], [-2.0075, 50.71518], [-1.98836, 50.71213]]}, "properties": {"member": "Bowleaze Cove", "head": "Poole", "rank": "creek", "source": "TNA E 159/350", "secondary": false}}, {"type": "Feature", "geometry": {"type": "LineString", "coordinates": [[-2.74687, 50.73351], [-2.71496, 50.74352], [-2.68308, 50.75259], [-2.65122, 50.7607], [-2.61939, 50.76787], [-2.58758, 50.77409], [-2.5558, 50.77936], [-2.52405, 50.78369], [-2.49233, 50.78706], [-2.46063, 50.78949], [-2.42896, 50.79097], [-2.39731, 50.7915], [-2.36569, 50.79109], [-2.3341, 50.78972], [-2.30254, 50.78741], [-2.271, 50.78415], [-2.23949, 50.77994], [-2.20801, 50.77478], [-2.17655, 50.76867], [-2.14512, 50.76162], [-2.11371, 50.75362], [-2.08234, 50.74467], [-2.05099, 50.73477], [-2.01966, 50.72392], [-1.98836, 50.71213]]}, "properties": {"member": "Walditch Hive", "head": "Poole", "rank": "creek", "source": "TNA E 159/350", "secondary": false}}, {"type": "Feature", "geometry": {"type": "LineString", "coordinates": [[-2.82307, 50.72183], [-2.78815, 50.73342], [-2.75324, 50.74397], [-2.71835, 50.75348], [-2.68347, 50.76195], [-2.6486, 50.76937], [-2.61374, 50.77575], [-2.57889, 50.78108], [-2.54406, 50.78537], [-2.50924, 50.78862], [-2.47443, 50.79082], [-2.43963, 50.79198], [-2.40484, 50.7921], [-2.37007, 50.79118], [-2.33531, 50.78921], [-2.30056, 50.78619], [-2.26582, 50.78214], [-2.2311, 50.77704], [-2.19639, 50.7709], [-2.16169, 50.76371], [-2.127, 50.75548], [-2.09232, 50.74621], [-2.05766, 50.73589], [-2.023, 50.72453], [-1.98836, 50.71213]]}, "properties": {"member": "Chideock", "head": "Poole", "rank": "creek", "source": "TNA E 159/350", "secondary": false}}, {"type": "Feature", "geometry": {"type": "LineString", "coordinates": [[-2.73994, 50.70252], [-2.70876, 50.71372], [-2.67757, 50.72399], [-2.64637, 50.73331], [-2.61516, 50.7417], [-2.58393, 50.74915], [-2.5527, 50.75565], [-2.52145, 50.76122], [-2.49018, 50.76585], [-2.45891, 50.76954], [-2.42762, 50.77229], [-2.39633, 50.7741], [-2.36502, 50.77497], [-2.3337, 50.7749], [-2.30236, 50.77389], [-2.27102, 50.77194], [-2.23966, 50.76905], [-2.20829, 50.76522], [-2.17691, 50.76046], [-2.14551, 50.75475], [-2.11411, 50.74811], [-2.08269, 50.74052], [-2.05126, 50.732], [-2.01982, 50.72253], [-1.98836, 50.71213]]}, "properties": {"member": "Burton Bradstock", "head": "Poole", "rank": "creek", "source": "TNA E 159/350", "secondary": false}}, {"type": "Feature", "geometry": {"type": "LineString", "coordinates": [[-1.97661, 50.66085], [-1.97784, 50.66281], [-1.979, 50.6648], [-1.9801, 50.66679], [-1.98113, 50.66881], [-1.9821, 50.67083], [-1.98301, 50.67287], [-1.98385, 50.67493], [-1.98463, 50.677], [-1.98534, 50.67909], [-1.98599, 50.68119], [-1.98658, 50.6833], [-1.9871, 50.68543], [-1.98756, 50.68757], [-1.98795, 50.68973], [-1.98828, 50.69191], [-1.98855, 50.69409], [-1.98875, 50.6963], [-1.98889, 50.69852], [-1.98896, 50.70075], [-1.98897, 50.70299], [-1.98891, 50.70526], [-1.9888, 50.70753], [-1.98861, 50.70982], [-1.98836, 50.71213]]}, "properties": {"member": "Godlingstone", "head": "Poole", "rank": "creek", "source": "TNA E 159/350", "secondary": false}}, {"type": "Feature", "geometry": {"type": "LineString", "coordinates": [[-2.33913, 50.63203], [-2.32567, 50.64041], [-2.31211, 50.64835], [-2.29844, 50.65585], [-2.28468, 50.66292], [-2.27081, 50.66954], [-2.25685, 50.67573], [-2.24278, 50.68148], [-2.22862, 50.68679], [-2.21435, 50.69166], [-2.19999, 50.6961], [-2.18552, 50.70009], [-2.17096, 50.70365], [-2.15629, 50.70677], [-2.14153, 50.70945], [-2.12666, 50.71169], [-2.1117, 50.71349], [-2.09663, 50.71485], [-2.08146, 50.71578], [-2.0662, 50.71627], [-2.05083, 50.71632], [-2.03536, 50.71593], [-2.0198, 50.7151], [-2.00413, 50.71383], [-1.98836, 50.71213]]}, "properties": {"member": "Ringstead", "head": "Poole", "rank": "creek", "source": "TNA E 159/350", "secondary": false}}, {"type": "Feature", "geometry": {"type": "LineString", "coordinates": [[-0.15947, 53.91367], [-0.16238, 53.90475], [-0.16551, 53.896], [-0.16886, 53.8874], [-0.17241, 53.87897], [-0.17618, 53.87069], [-0.18015, 53.86258], [-0.18434, 53.85462], [-0.18875, 53.84683], [-0.19336, 53.8392], [-0.19819, 53.83173], [-0.20322, 53.82442], [-0.20847, 53.81727], [-0.21394, 53.81028], [-0.21961, 53.80345], [-0.2255, 53.79678], [-0.2316, 53.79028], [-0.23791, 53.78393], [-0.24443, 53.77774], [-0.25117, 53.77172], [-0.25811, 53.76585], [-0.26527, 53.76015], [-0.27264, 53.75461], [-0.28023, 53.74923], [-0.28802, 53.744]]}, "properties": {"member": "Hornsea", "head": "Hull", "rank": "creek", "source": "TNA E 159/350", "secondary": false}}, {"type": "Feature", "geometry": {"type": "LineString", "coordinates": [[-0.11776, 54.10329], [-0.11969, 54.08587], [-0.12207, 54.06867], [-0.1249, 54.05167], [-0.12818, 54.0349], [-0.1319, 54.01833], [-0.13608, 54.00198], [-0.1407, 53.98583], [-0.14577, 53.96991], [-0.1513, 53.95419], [-0.15727, 53.93869], [-0.16369, 53.9234], [-0.17056, 53.90832], [-0.17788, 53.89346], [-0.18564, 53.87881], [-0.19386, 53.86437], [-0.20253, 53.85015], [-0.21164, 53.83613], [-0.22121, 53.82233], [-0.23122, 53.80875], [-0.24168, 53.79537], [-0.25259, 53.78221], [-0.26395, 53.76926], [-0.27576, 53.75653], [-0.28802, 53.744]]}, "properties": {"member": "Flamborough", "head": "Hull", "rank": "member", "source": "TNA E 159/350", "secondary": false}}, {"type": "Feature", "geometry": {"type": "LineString", "coordinates": [[-0.28409, 54.20957], [-0.27756, 54.19011], [-0.27161, 54.17066], [-0.26625, 54.15122], [-0.26146, 54.13178], [-0.25726, 54.11234], [-0.25364, 54.09291], [-0.25061, 54.07349], [-0.24815, 54.05406], [-0.24628, 54.03465], [-0.24499, 54.01524], [-0.24428, 53.99583], [-0.24415, 53.97643], [-0.24461, 53.95704], [-0.24565, 53.93764], [-0.24726, 53.91826], [-0.24947, 53.89888], [-0.25225, 53.8795], [-0.25561, 53.86013], [-0.25956, 53.84076], [-0.26409, 53.8214], [-0.2692, 53.80205], [-0.27489, 53.78269], [-0.28117, 53.76335], [-0.28802, 53.744]]}, "properties": {"member": "Filey", "head": "Hull", "rank": "member", "source": "TNA E 159/350", "secondary": false}}, {"type": "Feature", "geometry": {"type": "LineString", "coordinates": [[-1.24265, 50.81769], [-1.25045, 50.81866], [-1.25815, 50.81983], [-1.26575, 50.8212], [-1.27326, 50.82277], [-1.28066, 50.82453], [-1.28797, 50.8265], [-1.29518, 50.82867], [-1.30229, 50.83104], [-1.3093, 50.83361], [-1.31622, 50.83638], [-1.32303, 50.83935], [-1.32975, 50.84252], [-1.33637, 50.84589], [-1.3429, 50.84946], [-1.34932, 50.85323], [-1.35565, 50.85721], [-1.36187, 50.86138], [-1.368, 50.86575], [-1.37404, 50.87032], [-1.37997, 50.87509], [-1.3858, 50.88006], [-1.39154, 50.88523], [-1.39718, 50.8906], [-1.40272, 50.89617]]}, "properties": {"member": "Titchfield Creek", "head": "Southampton", "rank": "creek", "source": "TNA E 159/350", "secondary": false}}, {"type": "Feature", "geometry": {"type": "LineString", "coordinates": [[-0.98397, 50.83758], [-1.00226, 50.83401], [-1.02048, 50.83095], [-1.03862, 50.82842], [-1.05669, 50.82641], [-1.07469, 50.82493], [-1.09261, 50.82397], [-1.11046, 50.82353], [-1.12824, 50.82361], [-1.14595, 50.82422], [-1.16358, 50.82535], [-1.18113, 50.82701], [-1.19862, 50.82919], [-1.21603, 50.83189], [-1.23337, 50.83512], [-1.25063, 50.83887], [-1.26783, 50.84314], [-1.28494, 50.84794], [-1.30199, 50.85326], [-1.31896, 50.8591], [-1.33586, 50.86547], [-1.35269, 50.87236], [-1.36944, 50.87977], [-1.38612, 50.88771], [-1.40272, 50.89617]]}, "properties": {"member": "Langstone Haven", "head": "Southampton", "rank": "creek", "source": "TNA E 159/350", "secondary": false}}, {"type": "Feature", "geometry": {"type": "LineString", "coordinates": [[-1.44723, 50.81921], [-1.44648, 50.82305], [-1.44564, 50.82685], [-1.4447, 50.83058], [-1.44366, 50.83426], [-1.44253, 50.83788], [-1.4413, 50.84145], [-1.43997, 50.84497], [-1.43855, 50.84842], [-1.43703, 50.85182], [-1.43542, 50.85517], [-1.43371, 50.85846], [-1.4319, 50.8617], [-1.43, 50.86487], [-1.428, 50.868], [-1.42591, 50.87107], [-1.42372, 50.87408], [-1.42143, 50.87703], [-1.41905, 50.87994], [-1.41657, 50.88278], [-1.41399, 50.88557], [-1.41132, 50.8883], [-1.40855, 50.89098], [-1.40568, 50.89361], [-1.40272, 50.89617]]}, "properties": {"member": "Beaulieu", "head": "Southampton", "rank": "creek", "source": "TNA E 159/350", "secondary": false}}, {"type": "Feature", "geometry": {"type": "LineString", "coordinates": [[-1.56346, 50.71993], [-1.5593, 50.72958], [-1.55491, 50.73904], [-1.55031, 50.74829], [-1.54548, 50.75734], [-1.54044, 50.76619], [-1.53517, 50.77484], [-1.52969, 50.78329], [-1.52398, 50.79154], [-1.51805, 50.79958], [-1.51191, 50.80743], [-1.50554, 50.81507], [-1.49895, 50.82252], [-1.49215, 50.82976], [-1.48512, 50.8368], [-1.47787, 50.84364], [-1.4704, 50.85028], [-1.46271, 50.85672], [-1.4548, 50.86296], [-1.44667, 50.869], [-1.43832, 50.87484], [-1.42975, 50.88047], [-1.42096, 50.88591], [-1.41195, 50.89114], [-1.40272, 50.89617]]}, "properties": {"member": "Keyhaven", "head": "Southampton", "rank": "creek", "source": "TNA E 159/350", "secondary": false}}, {"type": "Feature", "geometry": {"type": "LineString", "coordinates": [[-1.40385, 50.71216], [-1.40645, 50.71984], [-1.40882, 50.72753], [-1.41095, 50.73521], [-1.41286, 50.74288], [-1.41454, 50.75056], [-1.41599, 50.75824], [-1.41721, 50.76591], [-1.4182, 50.77359], [-1.41895, 50.78126], [-1.41948, 50.78893], [-1.41978, 50.7966], [-1.41985, 50.80427], [-1.41969, 50.81193], [-1.41929, 50.8196], [-1.41867, 50.82726], [-1.41782, 50.83492], [-1.41674, 50.84259], [-1.41543, 50.85025], [-1.41388, 50.8579], [-1.41211, 50.86556], [-1.41011, 50.87322], [-1.40788, 50.88087], [-1.40542, 50.88852], [-1.40272, 50.89617]]}, "properties": {"member": "Newtown Haven", "head": "Southampton", "rank": "creek", "source": "TNA E 159/350", "secondary": false}}, {"type": "Feature", "geometry": {"type": "LineString", "coordinates": [[-1.22556, 50.72571], [-1.23539, 50.73026], [-1.24501, 50.73504], [-1.25441, 50.74004], [-1.26361, 50.74526], [-1.27259, 50.7507], [-1.28135, 50.75636], [-1.28991, 50.76225], [-1.29825, 50.76836], [-1.30638, 50.77468], [-1.31429, 50.78123], [-1.32199, 50.788], [-1.32948, 50.79499], [-1.33676, 50.80221], [-1.34382, 50.80964], [-1.35067, 50.8173], [-1.3573, 50.82518], [-1.36373, 50.83328], [-1.36994, 50.8416], [-1.37593, 50.85014], [-1.38172, 50.8589], [-1.38729, 50.86789], [-1.39265, 50.87709], [-1.39779, 50.88652], [-1.40272, 50.89617]]}, "properties": {"member": "Wootton Creek", "head": "Southampton", "rank": "creek", "source": "TNA E 159/350", "secondary": false}}, {"type": "Feature", "geometry": {"type": "LineString", "coordinates": [[-1.10699, 50.69383], [-1.12222, 50.69801], [-1.1372, 50.70256], [-1.15192, 50.70748], [-1.1664, 50.71277], [-1.18062, 50.71843], [-1.19458, 50.72446], [-1.2083, 50.73085], [-1.22176, 50.73762], [-1.23496, 50.74476], [-1.24792, 50.75226], [-1.26062, 50.76014], [-1.27307, 50.76839], [-1.28526, 50.777], [-1.29721, 50.78599], [-1.3089, 50.79534], [-1.32033, 50.80507], [-1.33152, 50.81516], [-1.34245, 50.82563], [-1.35313, 50.83646], [-1.36355, 50.84766], [-1.37372, 50.85924], [-1.38364, 50.87118], [-1.39331, 50.88349], [-1.40272, 50.89617]]}, "properties": {"member": "St Helen's Creek", "head": "Southampton", "rank": "creek", "source": "TNA E 159/350", "secondary": false}}, {"type": "Feature", "geometry": {"type": "LineString", "coordinates": [[0.44678, 52.86297], [0.44599, 52.85788], [0.44506, 52.85286], [0.44401, 52.8479], [0.44283, 52.84302], [0.44151, 52.8382], [0.44007, 52.83345], [0.4385, 52.82877], [0.4368, 52.82415], [0.43497, 52.81961], [0.43302, 52.81513], [0.43093, 52.81073], [0.42871, 52.80639], [0.42637, 52.80212], [0.42389, 52.79791], [0.42129, 52.79378], [0.41856, 52.78971], [0.4157, 52.78572], [0.4127, 52.78179], [0.40958, 52.77793], [0.40634, 52.77414], [0.40296, 52.77041], [0.39945, 52.76676], [0.39581, 52.76317], [0.39205, 52.75965]]}, "properties": {"member": "Dersingham", "head": "Kings Lynn", "rank": "creek", "source": "TNA E 159/350", "secondary": false}}, {"type": "Feature", "geometry": {"type": "LineString", "coordinates": [[0.73197, 52.96188], [0.72071, 52.94856], [0.7092, 52.93568], [0.69744, 52.92321], [0.68542, 52.91118], [0.67316, 52.89956], [0.66064, 52.88837], [0.64786, 52.87761], [0.63484, 52.86727], [0.62156, 52.85736], [0.60803, 52.84787], [0.59424, 52.83881], [0.58021, 52.83017], [0.56592, 52.82196], [0.55137, 52.81417], [0.53658, 52.80681], [0.52153, 52.79987], [0.50623, 52.79335], [0.49068, 52.78726], [0.47487, 52.7816], [0.45881, 52.77636], [0.4425, 52.77155], [0.42593, 52.76716], [0.40912, 52.76319], [0.39205, 52.75965]]}, "properties": {"member": "Burnham Haven", "head": "Kings Lynn", "rank": "creek", "source": "TNA E 159/350", "secondary": false}}, {"type": "Feature", "geometry": {"type": "LineString", "coordinates": [[-3.36029, 54.88981], [-3.34373, 54.89621], [-3.32715, 54.90211], [-3.31055, 54.90751], [-3.29393, 54.91241], [-3.27729, 54.9168], [-3.26064, 54.92068], [-3.24396, 54.92407], [-3.22727, 54.92695], [-3.21056, 54.92933], [-3.19383, 54.9312], [-3.17708, 54.93258], [-3.16031, 54.93344], [-3.14353, 54.93381], [-3.12673, 54.93367], [-3.1099, 54.93303], [-3.09306, 54.93188], [-3.0762, 54.93024], [-3.05933, 54.92808], [-3.04243, 54.92543], [-3.02552, 54.92227], [-3.00858, 54.91861], [-2.99163, 54.91445], [-2.97466, 54.90978], [-2.95767, 54.90461]]}, "properties": {"member": "Skinburness", "head": "Carlisle", "rank": "member", "source": "TNA E 159/350", "secondary": false}}, {"type": "Feature", "geometry": {"type": "LineString", "coordinates": [[-3.10607, 54.92957], [-3.09953, 54.93066], [-3.09302, 54.93157], [-3.08654, 54.93229], [-3.08009, 54.93283], [-3.07367, 54.93318], [-3.06728, 54.93334], [-3.06093, 54.93332], [-3.05461, 54.93312], [-3.04831, 54.93273], [-3.04205, 54.93215], [-3.03582, 54.93139], [-3.02962, 54.93044], [-3.02346, 54.92931], [-3.01732, 54.92799], [-3.01122, 54.92649], [-3.00514, 54.9248], [-2.9991, 54.92292], [-2.99309, 54.92086], [-2.98711, 54.91862], [-2.98116, 54.91619], [-2.97524, 54.91357], [-2.96935, 54.91077], [-2.9635, 54.90778], [-2.95767, 54.90461]]}, "properties": {"member": "Boustead Hill", "head": "Carlisle", "rank": "member", "source": "TNA E 159/350", "secondary": false}}, {"type": "Feature", "geometry": {"type": "LineString", "coordinates": [[1.15053, 52.0339], [1.15036, 52.03471], [1.15021, 52.03552], [1.15009, 52.03632], [1.14999, 52.03713], [1.14991, 52.03793], [1.14985, 52.03872], [1.14982, 52.03952], [1.14982, 52.04031], [1.14983, 52.0411], [1.14987, 52.04188], [1.14993, 52.04266], [1.15002, 52.04344], [1.15013, 52.04422], [1.15026, 52.04499], [1.15042, 52.04577], [1.1506, 52.04653], [1.1508, 52.0473], [1.15102, 52.04806], [1.15127, 52.04882], [1.15155, 52.04958], [1.15184, 52.05033], [1.15216, 52.05108], [1.1525, 52.05183], [1.15287, 52.05257]]}, "properties": {"member": "Bourn Bridge", "head": "Ipswich", "rank": "creek", "source": "TNA E 159/350", "secondary": false}}, {"type": "Feature", "geometry": {"type": "LineString", "coordinates": [[1.1669, 52.01816], [1.16582, 52.01939], [1.16479, 52.02064], [1.16379, 52.02191], [1.16284, 52.0232], [1.16194, 52.0245], [1.16107, 52.02582], [1.16025, 52.02716], [1.15947, 52.02851], [1.15874, 52.02988], [1.15804, 52.03127], [1.1574, 52.03268], [1.15679, 52.0341], [1.15623, 52.03555], [1.15571, 52.03701], [1.15523, 52.03848], [1.15479, 52.03998], [1.1544, 52.04149], [1.15406, 52.04302], [1.15375, 52.04457], [1.15349, 52.04613], [1.15327, 52.04772], [1.15309, 52.04932], [1.15296, 52.05094], [1.15287, 52.05257]]}, "properties": {"member": "Pyn Mill", "head": "Ipswich", "rank": "creek", "source": "TNA E 159/350", "secondary": false}}, {"type": "Feature", "geometry": {"type": "LineString", "coordinates": [[1.18314, 52.017], [1.18137, 52.01805], [1.17964, 52.01913], [1.17796, 52.02026], [1.17632, 52.02142], [1.17472, 52.02262], [1.17317, 52.02385], [1.17167, 52.02513], [1.17021, 52.02644], [1.16879, 52.02779], [1.16742, 52.02917], [1.16609, 52.0306], [1.1648, 52.03206], [1.16357, 52.03356], [1.16237, 52.0351], [1.16122, 52.03668], [1.16012, 52.03829], [1.15905, 52.03995], [1.15804, 52.04164], [1.15707, 52.04336], [1.15614, 52.04513], [1.15525, 52.04693], [1.15442, 52.04877], [1.15362, 52.05065], [1.15287, 52.05257]]}, "properties": {"member": "Downham Bridge", "head": "Ipswich", "rank": "creek", "source": "TNA E 159/350", "secondary": false}}, {"type": "Feature", "geometry": {"type": "LineString", "coordinates": [[1.24577, 51.99169], [1.24103, 51.99289], [1.23636, 51.99421], [1.23176, 51.99565], [1.22725, 51.9972], [1.2228, 51.99886], [1.21844, 52.00064], [1.21415, 52.00254], [1.20994, 52.00455], [1.2058, 52.00668], [1.20174, 52.00893], [1.19775, 52.01129], [1.19384, 52.01377], [1.19001, 52.01637], [1.18625, 52.01908], [1.18257, 52.0219], [1.17897, 52.02485], [1.17544, 52.02791], [1.17199, 52.03108], [1.16861, 52.03437], [1.16531, 52.03778], [1.16209, 52.0413], [1.15894, 52.04494], [1.15587, 52.0487], [1.15287, 52.05257]]}, "properties": {"member": "Shotley to Catwey", "head": "Ipswich", "rank": "creek", "source": "TNA E 159/350", "secondary": false}}, {"type": "Feature", "geometry": {"type": "LineString", "coordinates": [[1.27107, 51.97538], [1.26503, 51.9769], [1.25909, 51.97856], [1.25325, 51.98038], [1.24751, 51.98234], [1.24186, 51.98445], [1.23631, 51.9867], [1.23085, 51.9891], [1.22549, 51.99166], [1.22023, 51.99436], [1.21506, 51.9972], [1.20999, 52.0002], [1.20502, 52.00334], [1.20014, 52.00663], [1.19536, 52.01007], [1.19068, 52.01365], [1.18609, 52.01739], [1.1816, 52.02127], [1.17721, 52.0253], [1.17291, 52.02947], [1.16871, 52.0338], [1.16461, 52.03827], [1.1606, 52.04289], [1.15669, 52.04766], [1.15287, 52.05257]]}, "properties": {"member": "Shotley Creek", "head": "Ipswich", "rank": "creek", "source": "TNA E 159/350", "secondary": false}}, {"type": "Feature", "geometry": {"type": "LineString", "coordinates": [[1.16363, 51.96976], [1.162, 51.97305], [1.16046, 51.97636], [1.15903, 51.97968], [1.1577, 51.98302], [1.15647, 51.98637], [1.15535, 51.98973], [1.15434, 51.99311], [1.15342, 51.9965], [1.15261, 51.9999], [1.1519, 52.00332], [1.1513, 52.00675], [1.1508, 52.01019], [1.1504, 52.01365], [1.15011, 52.01712], [1.14992, 52.02061], [1.14983, 52.0241], [1.14985, 52.02762], [1.14997, 52.03114], [1.1502, 52.03468], [1.15052, 52.03823], [1.15096, 52.0418], [1.15149, 52.04537], [1.15213, 52.04897], [1.15287, 52.05257]]}, "properties": {"member": "Holbrook Creek", "head": "Ipswich", "rank": "creek", "source": "TNA E 159/350", "secondary": false}}, {"type": "Feature", "geometry": {"type": "LineString", "coordinates": [[1.25804, 52.00259], [1.25294, 52.00316], [1.2479, 52.00387], [1.24293, 52.0047], [1.23802, 52.00566], [1.23316, 52.00676], [1.22838, 52.00799], [1.22365, 52.00935], [1.21899, 52.01084], [1.21439, 52.01246], [1.20985, 52.01421], [1.20537, 52.0161], [1.20096, 52.01812], [1.19661, 52.02026], [1.19232, 52.02254], [1.18809, 52.02496], [1.18393, 52.0275], [1.17983, 52.03017], [1.17579, 52.03298], [1.17181, 52.03591], [1.1679, 52.03898], [1.16405, 52.04218], [1.16026, 52.04551], [1.15653, 52.04898], [1.15287, 52.05257]]}, "properties": {"member": "Levington Creek", "head": "Ipswich", "rank": "creek", "source": "TNA E 159/350", "secondary": false}}, {"type": "Feature", "geometry": {"type": "LineString", "coordinates": [[1.31137, 51.95958], [1.30343, 51.96117], [1.29561, 51.96297], [1.2879, 51.96496], [1.2803, 51.96715], [1.27283, 51.96954], [1.26547, 51.97213], [1.25823, 51.97491], [1.2511, 51.9779], [1.24409, 51.98108], [1.23719, 51.98446], [1.23041, 51.98803], [1.22375, 51.99181], [1.21721, 51.99578], [1.21078, 51.99996], [1.20446, 52.00433], [1.19826, 52.00889], [1.19218, 52.01366], [1.18622, 52.01862], [1.18037, 52.02379], [1.17464, 52.02915], [1.16902, 52.03471], [1.16352, 52.04046], [1.15814, 52.04642], [1.15287, 52.05257]]}, "properties": {"member": "Trimley Creek", "head": "Ipswich", "rank": "creek", "source": "TNA E 159/350", "secondary": false}}, {"type": "Feature", "geometry": {"type": "LineString", "coordinates": [[1.33498, 51.95376], [1.32597, 51.95526], [1.31709, 51.95698], [1.30833, 51.95894], [1.29969, 51.96112], [1.29118, 51.96353], [1.28278, 51.96617], [1.27452, 51.96903], [1.26637, 51.97213], [1.25835, 51.97545], [1.25046, 51.97899], [1.24268, 51.98277], [1.23503, 51.98677], [1.22751, 51.991], [1.2201, 51.99546], [1.21283, 52.00015], [1.20567, 52.00506], [1.19864, 52.01021], [1.19173, 52.01557], [1.18494, 52.02117], [1.17828, 52.027], [1.17174, 52.03305], [1.16533, 52.03933], [1.15904, 52.04584], [1.15287, 52.05257]]}, "properties": {"member": "Walton Creek", "head": "Ipswich", "rank": "creek", "source": "TNA E 159/350", "secondary": false}}, {"type": "Feature", "geometry": {"type": "LineString", "coordinates": [[1.23655, 51.88358], [1.23063, 51.88942], [1.22493, 51.89536], [1.21943, 51.90141], [1.21415, 51.90756], [1.20908, 51.91382], [1.20422, 51.92018], [1.19957, 51.92665], [1.19514, 51.93322], [1.19091, 51.93989], [1.1869, 51.94667], [1.18309, 51.95356], [1.1795, 51.96054], [1.17612, 51.96764], [1.17295, 51.97484], [1.16999, 51.98214], [1.16724, 51.98955], [1.16471, 51.99706], [1.16238, 52.00468], [1.16027, 52.0124], [1.15837, 52.02022], [1.15668, 52.02815], [1.1552, 52.03619], [1.15393, 52.04433], [1.15287, 52.05257]]}, "properties": {"member": "Hamford Water", "head": "Ipswich", "rank": "creek", "source": "TNA E 159/350", "secondary": false}}, {"type": "Feature", "geometry": {"type": "LineString", "coordinates": [[1.26827, 51.85482], [1.26062, 51.8614], [1.25321, 51.86812], [1.24606, 51.87499], [1.23915, 51.88201], [1.23249, 51.88916], [1.22607, 51.89647], [1.2199, 51.90391], [1.21398, 51.9115], [1.20831, 51.91924], [1.20288, 51.92712], [1.1977, 51.93514], [1.19277, 51.94331], [1.18809, 51.95162], [1.18365, 51.96008], [1.17946, 51.96868], [1.17552, 51.97742], [1.17182, 51.98631], [1.16837, 51.99534], [1.16517, 52.00452], [1.16222, 52.01384], [1.15951, 52.02331], [1.15705, 52.03292], [1.15484, 52.04267], [1.15287, 52.05257]]}, "properties": {"member": "Walton Mill", "head": "Ipswich", "rank": "creek", "source": "TNA E 159/350", "secondary": false}}, {"type": "Feature", "geometry": {"type": "LineString", "coordinates": [[1.22152, 51.87062], [1.21605, 51.87721], [1.2108, 51.88389], [1.20578, 51.89066], [1.20098, 51.89751], [1.19642, 51.90445], [1.19208, 51.91147], [1.18797, 51.91858], [1.18408, 51.92578], [1.18043, 51.93306], [1.177, 51.94043], [1.1738, 51.94788], [1.17082, 51.95542], [1.16808, 51.96304], [1.16556, 51.97075], [1.16326, 51.97855], [1.1612, 51.98643], [1.15936, 51.9944], [1.15775, 52.00245], [1.15637, 52.01059], [1.15522, 52.01881], [1.15429, 52.02712], [1.15359, 52.03552], [1.15312, 52.044], [1.15287, 52.05257]]}, "properties": {"member": "Birch Mill", "head": "Ipswich", "rank": "creek", "source": "TNA E 159/350", "secondary": false}}, {"type": "Feature", "geometry": {"type": "LineString", "coordinates": [[1.21421, 51.89892], [1.20944, 51.90444], [1.20487, 51.91004], [1.20049, 51.91571], [1.1963, 51.92146], [1.19231, 51.92729], [1.1885, 51.93319], [1.18489, 51.93917], [1.18147, 51.94523], [1.17824, 51.95136], [1.17521, 51.95757], [1.17236, 51.96386], [1.16971, 51.97022], [1.16725, 51.97666], [1.16498, 51.98318], [1.16291, 51.98978], [1.16102, 51.99645], [1.15933, 52.00319], [1.15783, 52.01002], [1.15653, 52.01692], [1.15541, 52.0239], [1.15449, 52.03095], [1.15376, 52.03808], [1.15322, 52.04529], [1.15287, 52.05257]]}, "properties": {"member": "Wrong Oak", "head": "Ipswich", "rank": "creek", "source": "TNA E 159/350", "secondary": false}}, {"type": "Feature", "geometry": {"type": "LineString", "coordinates": [[1.19999, 51.80146], [1.19441, 51.81125], [1.18915, 51.82109], [1.18421, 51.831], [1.17958, 51.84096], [1.17526, 51.85098], [1.17126, 51.86106], [1.16757, 51.8712], [1.16419, 51.8814], [1.16113, 51.89165], [1.15838, 51.90197], [1.15595, 51.91234], [1.15383, 51.92278], [1.15202, 51.93327], [1.15053, 51.94382], [1.14935, 51.95443], [1.14849, 51.9651], [1.14794, 51.97583], [1.1477, 51.98661], [1.14778, 51.99746], [1.14817, 52.00836], [1.14887, 52.01933], [1.14989, 52.03035], [1.15122, 52.04143], [1.15287, 52.05257]]}, "properties": {"member": "Coast of Holland", "head": "Ipswich", "rank": "creek", "source": "TNA E 159/350", "secondary": false}}, {"type": "Feature", "geometry": {"type": "LineString", "coordinates": [[1.00142, 51.81238], [1.00428, 51.82456], [1.00744, 51.83656], [1.01089, 51.84836], [1.01465, 51.85998], [1.01871, 51.87141], [1.02307, 51.88265], [1.02773, 51.8937], [1.03269, 51.90456], [1.03795, 51.91523], [1.04351, 51.92571], [1.04937, 51.936], [1.05553, 51.9461], [1.06199, 51.95602], [1.06875, 51.96574], [1.07581, 51.97528], [1.08317, 51.98462], [1.09083, 51.99378], [1.0988, 52.00275], [1.10706, 52.01152], [1.11562, 52.02011], [1.12448, 52.02851], [1.13364, 52.03672], [1.14311, 52.04474], [1.15287, 52.05257]]}, "properties": {"member": "Dorefleet Mill", "head": "Ipswich", "rank": "creek", "source": "TNA E 159/350", "secondary": false}}, {"type": "Feature", "geometry": {"type": "LineString", "coordinates": [[0.99332, 51.83655], [0.99686, 51.84784], [1.00067, 51.85894], [1.00476, 51.86983], [1.00911, 51.88053], [1.01373, 51.89103], [1.01862, 51.90132], [1.02379, 51.91142], [1.02922, 51.92132], [1.03492, 51.93102], [1.0409, 51.94052], [1.04714, 51.94982], [1.05365, 51.95892], [1.06043, 51.96782], [1.06749, 51.97652], [1.07481, 51.98502], [1.0824, 51.99333], [1.09027, 52.00143], [1.0984, 52.00934], [1.1068, 52.01704], [1.11548, 52.02454], [1.12442, 52.03185], [1.13363, 52.03896], [1.14312, 52.04586], [1.15287, 52.05257]]}, "properties": {"member": "Alresford Creek", "head": "Ipswich", "rank": "creek", "source": "TNA E 159/350", "secondary": false}}, {"type": "Feature", "geometry": {"type": "LineString", "coordinates": [[0.96483, 51.8503], [0.96975, 51.86143], [0.97493, 51.87233], [0.98037, 51.88299], [0.98605, 51.89341], [0.99199, 51.9036], [0.99818, 51.91356], [1.00463, 51.92328], [1.01133, 51.93277], [1.01828, 51.94202], [1.02548, 51.95103], [1.03293, 51.95981], [1.04064, 51.96836], [1.04861, 51.97667], [1.05682, 51.98475], [1.06529, 51.99259], [1.07401, 52.00019], [1.08298, 52.00756], [1.09221, 52.0147], [1.10168, 52.0216], [1.11142, 52.02826], [1.1214, 52.03469], [1.13164, 52.04089], [1.14213, 52.04685], [1.15287, 52.05257]]}, "properties": {"member": "Fingringhoe", "head": "Ipswich", "rank": "creek", "source": "TNA E 159/350", "secondary": false}}, {"type": "Feature", "geometry": {"type": "LineString", "coordinates": [[0.97012, 51.80269], [0.97415, 51.81573], [0.97848, 51.82854], [0.98313, 51.84112], [0.98809, 51.85348], [0.99336, 51.8656], [0.99894, 51.8775], [1.00484, 51.88917], [1.01105, 51.90061], [1.01757, 51.91182], [1.0244, 51.9228], [1.03155, 51.93355], [1.03901, 51.94408], [1.04678, 51.95438], [1.05486, 51.96445], [1.06326, 51.97429], [1.07196, 51.9839], [1.08098, 51.99328], [1.09032, 52.00244], [1.09996, 52.01136], [1.10992, 52.02006], [1.12019, 52.02853], [1.13077, 52.03677], [1.14166, 52.04479], [1.15287, 52.05257]]}, "properties": {"member": "Brestoflete", "head": "Ipswich", "rank": "creek", "source": "TNA E 159/350", "secondary": false}}, {"type": "Feature", "geometry": {"type": "LineString", "coordinates": [[0.9453, 51.8042], [0.95038, 51.81753], [0.95577, 51.8306], [0.96147, 51.84342], [0.96748, 51.85597], [0.9738, 51.86827], [0.98043, 51.8803], [0.98737, 51.89208], [0.99462, 51.90359], [1.00218, 51.91485], [1.01006, 51.92585], [1.01824, 51.93659], [1.02673, 51.94707], [1.03554, 51.95728], [1.04465, 51.96724], [1.05408, 51.97694], [1.06381, 51.98639], [1.07386, 51.99557], [1.08421, 52.00449], [1.09488, 52.01315], [1.10586, 52.02155], [1.11714, 52.0297], [1.12874, 52.03758], [1.14065, 52.04521], [1.15287, 52.05257]]}, "properties": {"member": "Merseyflete", "head": "Ipswich", "rank": "creek", "source": "TNA E 159/350", "secondary": false}}, {"type": "Feature", "geometry": {"type": "LineString", "coordinates": [[0.90464, 51.80373], [0.91141, 51.81766], [0.91849, 51.83129], [0.92587, 51.8446], [0.93357, 51.85761], [0.94158, 51.87031], [0.9499, 51.88269], [0.95854, 51.89477], [0.96748, 51.90653], [0.97673, 51.91799], [0.9863, 51.92913], [0.99617, 51.93996], [1.00636, 51.95049], [1.01686, 51.9607], [1.02767, 51.97061], [1.03879, 51.9802], [1.05022, 51.98948], [1.06196, 51.99845], [1.07402, 52.00711], [1.08638, 52.01547], [1.09906, 52.02351], [1.11204, 52.03124], [1.12534, 52.03866], [1.13895, 52.04577], [1.15287, 52.05257]]}, "properties": {"member": "Thornflete", "head": "Ipswich", "rank": "creek", "source": "TNA E 159/350", "secondary": false}}, {"type": "Feature", "geometry": {"type": "LineString", "coordinates": [[0.85979, 51.786], [0.86817, 51.80132], [0.87688, 51.81628], [0.88593, 51.83086], [0.8953, 51.84508], [0.90502, 51.85894], [0.91506, 51.87243], [0.92544, 51.88555], [0.93616, 51.89831], [0.9472, 51.91069], [0.95858, 51.92272], [0.97029, 51.93437], [0.98234, 51.94566], [0.99472, 51.95659], [1.00743, 51.96715], [1.02047, 51.97734], [1.03385, 51.98716], [1.04756, 51.99662], [1.06161, 52.00571], [1.07598, 52.01444], [1.09069, 52.0228], [1.10574, 52.03079], [1.12112, 52.03842], [1.13683, 52.04568], [1.15287, 52.05257]]}, "properties": {"member": "Wigborough", "head": "Ipswich", "rank": "creek", "source": "TNA E 159/350", "secondary": false}}, {"type": "Feature", "geometry": {"type": "LineString", "coordinates": [[0.83728, 51.78805], [0.84662, 51.80361], [0.8563, 51.81878], [0.86631, 51.83355], [0.87665, 51.84792], [0.88732, 51.8619], [0.89832, 51.87549], [0.90965, 51.88868], [0.92131, 51.90147], [0.93331, 51.91388], [0.94563, 51.92588], [0.95828, 51.9375], [0.97127, 51.94872], [0.98458, 51.95954], [0.99823, 51.96997], [1.0122, 51.98001], [1.02651, 51.98965], [1.04115, 51.99889], [1.05612, 52.00774], [1.07142, 52.0162], [1.08705, 52.02426], [1.10301, 52.03193], [1.1193, 52.03921], [1.13592, 52.04609], [1.15287, 52.05257]]}, "properties": {"member": "Strowde Mill", "head": "Ipswich", "rank": "creek", "source": "TNA E 159/350", "secondary": false}}, {"type": "Feature", "geometry": {"type": "LineString", "coordinates": [[0.83213, 51.78782], [0.84169, 51.80346], [0.85158, 51.8187], [0.8618, 51.83354], [0.87235, 51.84798], [0.88323, 51.86202], [0.89444, 51.87566], [0.90599, 51.8889], [0.91786, 51.90173], [0.93007, 51.91417], [0.94261, 51.9262], [0.95547, 51.93783], [0.96867, 51.94906], [0.9822, 51.95989], [0.99606, 51.97032], [1.01025, 51.98035], [1.02478, 51.98998], [1.03963, 51.99921], [1.05481, 52.00803], [1.07033, 52.01646], [1.08618, 52.02448], [1.10235, 52.03211], [1.11886, 52.03933], [1.1357, 52.04615], [1.15287, 52.05257]]}, "properties": {"member": "Salcott", "head": "Ipswich", "rank": "creek", "source": "TNA E 159/350", "secondary": false}}, {"type": "Feature", "geometry": {"type": "LineString", "coordinates": [[0.84261, 51.77251], [0.85152, 51.78864], [0.86077, 51.80438], [0.87037, 51.81974], [0.88032, 51.8347], [0.89062, 51.84928], [0.90127, 51.86347], [0.91228, 51.87727], [0.92363, 51.89069], [0.93533, 51.90371], [0.94738, 51.91635], [0.95978, 51.9286], [0.97254, 51.94047], [0.98564, 51.95194], [0.99909, 51.96303], [1.01289, 51.97373], [1.02705, 51.98404], [1.04155, 51.99396], [1.0564, 52.0035], [1.07161, 52.01265], [1.08716, 52.02141], [1.10306, 52.02978], [1.11931, 52.03777], [1.13592, 52.04536], [1.15287, 52.05257]]}, "properties": {"member": "Old Hall", "head": "Ipswich", "rank": "creek", "source": "TNA E 159/350", "secondary": false}}, {"type": "Feature", "geometry": {"type": "LineString", "coordinates": [[0.79238, 51.74501], [0.80298, 51.76301], [0.81396, 51.78055], [0.82533, 51.79765], [0.83708, 51.81429], [0.84922, 51.83049], [0.86174, 51.84623], [0.87465, 51.86153], [0.88794, 51.87637], [0.90161, 51.89076], [0.91567, 51.9047], [0.93012, 51.91819], [0.94495, 51.93123], [0.96016, 51.94382], [0.97575, 51.95596], [0.99174, 51.96765], [1.0081, 51.97889], [1.02485, 51.98968], [1.04199, 52.00001], [1.05951, 52.0099], [1.07741, 52.01934], [1.0957, 52.02832], [1.11437, 52.03685], [1.13343, 52.04494], [1.15287, 52.05257]]}, "properties": {"member": "Skinners Wick Flete", "head": "Ipswich", "rank": "creek", "source": "TNA E 159/350", "secondary": false}}, {"type": "Feature", "geometry": {"type": "LineString", "coordinates": [[0.76017, 51.74206], [0.77207, 51.76064], [0.78435, 51.77874], [0.79703, 51.79634], [0.81009, 51.81345], [0.82354, 51.83007], [0.83738, 51.8462], [0.85161, 51.86183], [0.86623, 51.87698], [0.88123, 51.89164], [0.89662, 51.9058], [0.9124, 51.91948], [0.92857, 51.93266], [0.94513, 51.94535], [0.96207, 51.95755], [0.97941, 51.96926], [0.99713, 51.98048], [1.01524, 51.99121], [1.03374, 52.00145], [1.05262, 52.0112], [1.07189, 52.02045], [1.09156, 52.02922], [1.11161, 52.03749], [1.13204, 52.04528], [1.15287, 52.05257]]}, "properties": {"member": "Goldhanger", "head": "Ipswich", "rank": "creek", "source": "TNA E 159/350", "secondary": false}}, {"type": "Feature", "geometry": {"type": "LineString", "coordinates": [[0.70953, 51.72913], [0.72335, 51.74898], [0.73758, 51.76828], [0.75221, 51.78702], [0.76725, 51.8052], [0.78269, 51.82284], [0.79853, 51.83992], [0.81478, 51.85644], [0.83143, 51.87241], [0.84849, 51.88783], [0.86595, 51.90269], [0.88382, 51.917], [0.90209, 51.93075], [0.92076, 51.94395], [0.93984, 51.9566], [0.95933, 51.96869], [0.97921, 51.98022], [0.99951, 51.99121], [1.0202, 52.00164], [1.0413, 52.01151], [1.06281, 52.02083], [1.08472, 52.0296], [1.10703, 52.03781], [1.12975, 52.04547], [1.15287, 52.05257]]}, "properties": {"member": "Heybridge", "head": "Ipswich", "rank": "creek", "source": "TNA E 159/350", "secondary": false}}, {"type": "Feature", "geometry": {"type": "LineString", "coordinates": [[0.88818, 51.74348], [0.89476, 51.76016], [0.90173, 51.77651], [0.90909, 51.79254], [0.91684, 51.80823], [0.92497, 51.82359], [0.93349, 51.83862], [0.94239, 51.85332], [0.95168, 51.86768], [0.96136, 51.88172], [0.97142, 51.89543], [0.98187, 51.9088], [0.99271, 51.92185], [1.00393, 51.93456], [1.01554, 51.94694], [1.02753, 51.95899], [1.03991, 51.97071], [1.05268, 51.9821], [1.06583, 51.99316], [1.07937, 52.00389], [1.0933, 52.01429], [1.10761, 52.02436], [1.12231, 52.03409], [1.1374, 52.0435], [1.15287, 52.05257]]}, "properties": {"member": "Bradwell Water", "head": "Ipswich", "rank": "creek", "source": "TNA E 159/350", "secondary": false}}, {"type": "Feature", "geometry": {"type": "LineString", "coordinates": [[0.87858, 51.72912], [0.88535, 51.74654], [0.89254, 51.76361], [0.90013, 51.78035], [0.90812, 51.79674], [0.91652, 51.81279], [0.92532, 51.8285], [0.93452, 51.84386], [0.94413, 51.85888], [0.95414, 51.87356], [0.96456, 51.88789], [0.97539, 51.90188], [0.98661, 51.91553], [0.99824, 51.92884], [1.01028, 51.9418], [1.02272, 51.95442], [1.03556, 51.9667], [1.04881, 51.97863], [1.06246, 51.99022], [1.07652, 52.00147], [1.09098, 52.01238], [1.10585, 52.02294], [1.12112, 52.03316], [1.13679, 52.04304], [1.15287, 52.05257]]}, "properties": {"member": "Stanesgate", "head": "Ipswich", "rank": "creek", "source": "TNA E 159/350", "secondary": false}}, {"type": "Feature", "geometry": {"type": "LineString", "coordinates": [[0.78918, 51.62733], [0.79822, 51.65027], [0.80779, 51.67276], [0.8179, 51.6948], [0.82853, 51.71638], [0.8397, 51.73751], [0.8514, 51.75819], [0.86363, 51.7784], [0.87639, 51.79817], [0.88968, 51.81748], [0.90351, 51.83633], [0.91786, 51.85473], [0.93275, 51.87268], [0.94817, 51.89017], [0.96412, 51.90721], [0.98061, 51.92379], [0.99762, 51.93992], [1.01517, 51.95559], [1.03324, 51.97081], [1.05185, 51.98557], [1.07099, 51.99988], [1.09067, 52.01374], [1.11087, 52.02714], [1.1316, 52.04008], [1.15287, 52.05257]]}, "properties": {"member": "Creeksea Ferry", "head": "Ipswich", "rank": "creek", "source": "TNA E 159/350", "secondary": false}}, {"type": "Feature", "geometry": {"type": "LineString", "coordinates": [[0.76008, 51.62804], [0.77034, 51.65137], [0.78113, 51.67422], [0.79246, 51.69657], [0.80431, 51.71843], [0.8167, 51.73981], [0.82962, 51.76069], [0.84307, 51.78108], [0.85704, 51.80097], [0.87155, 51.82038], [0.88659, 51.8393], [0.90216, 51.85772], [0.91827, 51.87566], [0.9349, 51.8931], [0.95206, 51.91005], [0.96975, 51.92651], [0.98798, 51.94248], [1.00673, 51.95796], [1.02602, 51.97295], [1.04583, 51.98745], [1.06618, 52.00146], [1.08706, 52.01497], [1.10846, 52.028], [1.1304, 52.04053], [1.15287, 52.05257]]}, "properties": {"member": "Canewdon Creek", "head": "Ipswich", "rank": "creek", "source": "TNA E 159/350", "secondary": false}}, {"type": "Feature", "geometry": {"type": "LineString", "coordinates": [[0.7481, 51.64299], [0.75908, 51.66588], [0.77057, 51.68826], [0.78257, 51.71013], [0.79508, 51.73149], [0.80811, 51.75235], [0.82164, 51.77271], [0.83569, 51.79256], [0.85026, 51.8119], [0.86533, 51.83074], [0.88092, 51.84907], [0.89701, 51.86689], [0.91362, 51.88421], [0.93074, 51.90102], [0.94838, 51.91733], [0.96652, 51.93313], [0.98518, 51.94843], [1.00435, 51.96322], [1.02403, 51.9775], [1.04422, 51.99128], [1.06493, 52.00455], [1.08615, 52.01731], [1.10788, 52.02957], [1.13012, 52.04132], [1.15287, 52.05257]]}, "properties": {"member": "Althorne Creek", "head": "Ipswich", "rank": "creek", "source": "TNA E 159/350", "secondary": false}}, {"type": "Feature", "geometry": {"type": "LineString", "coordinates": [[0.67567, 51.63663], [0.68957, 51.66082], [0.704, 51.68441], [0.71894, 51.70741], [0.7344, 51.72981], [0.75039, 51.75162], [0.76689, 51.77282], [0.78392, 51.79344], [0.80146, 51.81345], [0.81952, 51.83287], [0.83811, 51.85169], [0.85721, 51.86992], [0.87683, 51.88755], [0.89698, 51.90458], [0.91764, 51.92102], [0.93882, 51.93686], [0.96053, 51.9521], [0.98275, 51.96675], [1.00549, 51.9808], [1.02876, 51.99425], [1.05254, 52.00711], [1.07684, 52.01937], [1.10167, 52.03103], [1.12701, 52.0421], [1.15287, 52.05257]]}, "properties": {"member": "Fambridge Ferry", "head": "Ipswich", "rank": "creek", "source": "TNA E 159/350", "secondary": false}}, {"type": "Feature", "geometry": {"type": "LineString", "coordinates": [[0.65576, 51.63538], [0.67047, 51.65991], [0.68571, 51.68381], [0.70147, 51.7071], [0.71775, 51.72977], [0.73455, 51.75181], [0.75188, 51.77323], [0.76972, 51.79403], [0.78809, 51.81421], [0.80697, 51.83377], [0.82638, 51.85271], [0.84631, 51.87102], [0.86677, 51.88871], [0.88774, 51.90579], [0.90924, 51.92224], [0.93125, 51.93807], [0.95379, 51.95328], [0.97685, 51.96786], [1.00043, 51.98183], [1.02453, 51.99517], [1.04916, 52.00789], [1.0743, 52.02], [1.09997, 52.03148], [1.12616, 52.04233], [1.15287, 52.05257]]}, "properties": {"member": "Bawdewynes", "head": "Ipswich", "rank": "creek", "source": "TNA E 159/350", "secondary": false}}, {"type": "Feature", "geometry": {"type": "LineString", "coordinates": [[0.63537, 51.63911], [0.65099, 51.66378], [0.66712, 51.6878], [0.68378, 51.71117], [0.70095, 51.73389], [0.71863, 51.75597], [0.73684, 51.77741], [0.75556, 51.79819], [0.77479, 51.81833], [0.79455, 51.83782], [0.81482, 51.85667], [0.8356, 51.87486], [0.85691, 51.89242], [0.87873, 51.90932], [0.90107, 51.92558], [0.92392, 51.94119], [0.94729, 51.95615], [0.97118, 51.97047], [0.99559, 51.98414], [1.02051, 51.99716], [1.04595, 52.00954], [1.0719, 52.02127], [1.09838, 52.03235], [1.12536, 52.04278], [1.15287, 52.05257]]}, "properties": {"member": "Clements Green", "head": "Ipswich", "rank": "creek", "source": "TNA E 159/350", "secondary": false}}, {"type": "Feature", "geometry": {"type": "LineString", "coordinates": [[0.60684, 51.63057], [0.62353, 51.656], [0.64074, 51.68075], [0.65848, 51.70482], [0.67675, 51.72821], [0.69554, 51.75091], [0.71486, 51.77293], [0.73471, 51.79426], [0.75509, 51.81492], [0.776, 51.83489], [0.79743, 51.85418], [0.81939, 51.87279], [0.84188, 51.89071], [0.86489, 51.90796], [0.88843, 51.92451], [0.9125, 51.94039], [0.9371, 51.95559], [0.96223, 51.9701], [0.98788, 51.98393], [1.01406, 51.99707], [1.04077, 52.00954], [1.068, 52.02132], [1.09576, 52.03242], [1.12405, 52.04284], [1.15287, 52.05257]]}, "properties": {"member": "Eyotts", "head": "Ipswich", "rank": "creek", "source": "TNA E 159/350", "secondary": false}}, {"type": "Feature", "geometry": {"type": "LineString", "coordinates": [[0.57124, 51.62284], [0.5893, 51.64911], [0.60789, 51.67465], [0.62702, 51.69946], [0.64669, 51.72354], [0.6669, 51.7469], [0.68764, 51.76953], [0.70892, 51.79144], [0.73074, 51.81261], [0.75309, 51.83306], [0.77599, 51.85279], [0.79941, 51.87178], [0.82338, 51.89005], [0.84788, 51.90759], [0.87292, 51.92441], [0.8985, 51.9405], [0.92462, 51.95586], [0.95127, 51.97049], [0.97846, 51.9844], [1.00618, 51.99758], [1.03445, 52.01003], [1.06325, 52.02176], [1.09258, 52.03276], [1.12246, 52.04303], [1.15287, 52.05257]]}, "properties": {"member": "Battlesbridge (north)", "head": "Ipswich", "rank": "creek", "source": "TNA E 159/350", "secondary": false}}, {"type": "Feature", "geometry": {"type": "LineString", "coordinates": [[0.57186, 51.62253], [0.58989, 51.6488], [0.60845, 51.67434], [0.62755, 51.69916], [0.64719, 51.72325], [0.66737, 51.74662], [0.68808, 51.76926], [0.70934, 51.79117], [0.73113, 51.81236], [0.75345, 51.83282], [0.77632, 51.85255], [0.79972, 51.87156], [0.82366, 51.88984], [0.84814, 51.9074], [0.87315, 51.92423], [0.89871, 51.94033], [0.9248, 51.95571], [0.95142, 51.97036], [0.97859, 51.98428], [1.00629, 51.99748], [1.03453, 52.00995], [1.06331, 52.02169], [1.09263, 52.03271], [1.12248, 52.043], [1.15287, 52.05257]]}, "properties": {"member": "Battlesbridge (south)", "head": "Ipswich", "rank": "creek", "source": "TNA E 159/350", "secondary": false}}, {"type": "Feature", "geometry": {"type": "LineString", "coordinates": [[0.87095, 51.60443], [0.87625, 51.62716], [0.88212, 51.64953], [0.88854, 51.67155], [0.89553, 51.69322], [0.90307, 51.71453], [0.91118, 51.7355], [0.91985, 51.75611], [0.92907, 51.77636], [0.93886, 51.79627], [0.9492, 51.81582], [0.96011, 51.83503], [0.97158, 51.85387], [0.9836, 51.87237], [0.99619, 51.89051], [1.00934, 51.90831], [1.02305, 51.92574], [1.03731, 51.94283], [1.05214, 51.95957], [1.06753, 51.97595], [1.08348, 51.99198], [1.09999, 52.00765], [1.11705, 52.02298], [1.13468, 52.03795], [1.15287, 52.05257]]}, "properties": {"member": "Foulness Quay", "head": "Ipswich", "rank": "creek", "source": "TNA E 159/350", "secondary": false}}, {"type": "Feature", "geometry": {"type": "LineString", "coordinates": [[0.79349, 51.61365], [0.80216, 51.63711], [0.81137, 51.66011], [0.82113, 51.68267], [0.83144, 51.70477], [0.8423, 51.72643], [0.85371, 51.74764], [0.86567, 51.7684], [0.87817, 51.78871], [0.89122, 51.80857], [0.90483, 51.82798], [0.91898, 51.84694], [0.93368, 51.86546], [0.94893, 51.88352], [0.96472, 51.90113], [0.98107, 51.9183], [0.99796, 51.93501], [1.01541, 51.95128], [1.0334, 51.9671], [1.05194, 51.98247], [1.07103, 51.99739], [1.09067, 52.01186], [1.11085, 52.02588], [1.13159, 52.03945], [1.15287, 52.05257]]}, "properties": {"member": "Paglesham Pool", "head": "Ipswich", "rank": "creek", "source": "TNA E 159/350", "secondary": false}}, {"type": "Feature", "geometry": {"type": "LineString", "coordinates": [[0.7824, 51.58347], [0.79109, 51.60834], [0.80037, 51.63275], [0.81023, 51.6567], [0.82069, 51.68018], [0.83172, 51.7032], [0.84335, 51.72575], [0.85556, 51.74785], [0.86836, 51.76948], [0.88174, 51.79064], [0.89571, 51.81135], [0.91027, 51.83159], [0.92541, 51.85136], [0.94114, 51.87068], [0.95746, 51.88953], [0.97436, 51.90792], [0.99185, 51.92584], [1.00993, 51.9433], [1.02859, 51.9603], [1.04784, 51.97684], [1.06767, 51.99291], [1.08809, 52.00852], [1.1091, 52.02367], [1.13069, 52.03835], [1.15287, 52.05257]]}, "properties": {"member": "Barling Shore", "head": "Ipswich", "rank": "creek", "source": "TNA E 159/350", "secondary": false}}, {"type": "Feature", "geometry": {"type": "LineString", "coordinates": [[0.80689, 51.60917], [0.81494, 51.63261], [0.82353, 51.65563], [0.83268, 51.67821], [0.84239, 51.70037], [0.85265, 51.72208], [0.86346, 51.74337], [0.87483, 51.76422], [0.88675, 51.78465], [0.89922, 51.80463], [0.91225, 51.82419], [0.92584, 51.84331], [0.93998, 51.86201], [0.95467, 51.88027], [0.96992, 51.89809], [0.98572, 51.91549], [1.00207, 51.93245], [1.01898, 51.94898], [1.03645, 51.96507], [1.05447, 51.98074], [1.07304, 51.99597], [1.09216, 52.01077], [1.11185, 52.02514], [1.13208, 52.03907], [1.15287, 52.05257]]}, "properties": {"member": "Wakering Haven", "head": "Ipswich", "rank": "creek", "source": "TNA E 159/350", "secondary": false}}, {"type": "Feature", "geometry": {"type": "LineString", "coordinates": [[0.79334, 51.52572], [0.80074, 51.55284], [0.80881, 51.57951], [0.81753, 51.60573], [0.82692, 51.63151], [0.83696, 51.65683], [0.84766, 51.6817], [0.85902, 51.70613], [0.87103, 51.7301], [0.88371, 51.75363], [0.89704, 51.7767], [0.91104, 51.79933], [0.92569, 51.8215], [0.941, 51.84323], [0.95696, 51.86451], [0.97359, 51.88534], [0.99088, 51.90572], [1.00882, 51.92565], [1.02742, 51.94513], [1.04669, 51.96416], [1.06661, 51.98274], [1.08718, 52.00087], [1.10842, 52.01855], [1.13032, 52.03579], [1.15287, 52.05257]]}, "properties": {"member": "Shoeburyness", "head": "Ipswich", "rank": "creek", "source": "TNA E 159/350", "secondary": false}}, {"type": "Feature", "geometry": {"type": "LineString", "coordinates": [[0.67822, 51.53677], [0.69058, 51.56509], [0.70359, 51.59281], [0.71724, 51.61994], [0.73153, 51.64647], [0.74648, 51.67241], [0.76206, 51.69776], [0.77829, 51.72252], [0.79517, 51.74668], [0.81269, 51.77025], [0.83086, 51.79322], [0.84967, 51.8156], [0.86912, 51.83739], [0.88922, 51.85859], [0.90997, 51.87919], [0.93135, 51.8992], [0.95339, 51.91861], [0.97607, 51.93743], [0.99939, 51.95566], [1.02336, 51.9733], [1.04797, 51.99034], [1.07323, 52.00679], [1.09913, 52.02264], [1.12568, 52.0379], [1.15287, 52.05257]]}, "properties": {"member": "Mylton Shore", "head": "Ipswich", "rank": "creek", "source": "TNA E 159/350", "secondary": false}}, {"type": "Feature", "geometry": {"type": "LineString", "coordinates": [[0.63029, 51.53861], [0.64468, 51.56754], [0.65971, 51.59581], [0.67538, 51.62344], [0.69169, 51.6504], [0.70865, 51.67672], [0.72624, 51.70238], [0.74448, 51.72738], [0.76337, 51.75174], [0.78289, 51.77544], [0.80306, 51.79849], [0.82387, 51.82088], [0.84533, 51.84262], [0.86742, 51.86371], [0.89016, 51.88415], [0.91354, 51.90393], [0.93756, 51.92306], [0.96223, 51.94153], [0.98753, 51.95936], [1.01348, 51.97652], [1.04008, 51.99304], [1.06731, 52.0089], [1.09519, 52.02411], [1.12371, 52.03867], [1.15287, 52.05257]]}, "properties": {"member": "Hadleigh Mill", "head": "Ipswich", "rank": "creek", "source": "TNA E 159/350", "secondary": false}}, {"type": "Feature", "geometry": {"type": "LineString", "coordinates": [[0.56094, 51.54418], [0.57829, 51.57387], [0.59628, 51.60283], [0.61491, 51.63104], [0.63417, 51.65851], [0.65407, 51.68524], [0.6746, 51.71124], [0.69577, 51.73649], [0.71758, 51.761], [0.74002, 51.78477], [0.76309, 51.80781], [0.7868, 51.8301], [0.81115, 51.85165], [0.83613, 51.87246], [0.86175, 51.89254], [0.888, 51.91187], [0.91489, 51.93046], [0.94241, 51.94832], [0.97057, 51.96543], [0.99937, 51.9818], [1.0288, 51.99744], [1.05886, 52.01233], [1.08956, 52.02648], [1.1209, 52.0399], [1.15287, 52.05257]]}, "properties": {"member": "South Benfleet", "head": "Ipswich", "rank": "creek", "source": "TNA E 159/350", "secondary": false}}, {"type": "Feature", "geometry": {"type": "LineString", "coordinates": [[0.50414, 51.55877], [0.52407, 51.58867], [0.54462, 51.61776], [0.56579, 51.64604], [0.58757, 51.67351], [0.60997, 51.70017], [0.63299, 51.72601], [0.65663, 51.75105], [0.68088, 51.77527], [0.70575, 51.79869], [0.73124, 51.82129], [0.75734, 51.84308], [0.78406, 51.86406], [0.8114, 51.88423], [0.83936, 51.90359], [0.86793, 51.92213], [0.89712, 51.93987], [0.92693, 51.9568], [0.95736, 51.97291], [0.9884, 51.98822], [1.02006, 52.00271], [1.05234, 52.01639], [1.08523, 52.02926], [1.11874, 52.04132], [1.15287, 52.05257]]}, "properties": {"member": "Pitsea", "head": "Ipswich", "rank": "creek", "source": "TNA E 159/350", "secondary": false}}, {"type": "Feature", "geometry": {"type": "LineString", "coordinates": [[0.49725, 51.55545], [0.51742, 51.58559], [0.53821, 51.61491], [0.55963, 51.64341], [0.58166, 51.67109], [0.60432, 51.69795], [0.6276, 51.72399], [0.6515, 51.74921], [0.67602, 51.77361], [0.70116, 51.79719], [0.72693, 51.81995], [0.75331, 51.8419], [0.78032, 51.86302], [0.80795, 51.88332], [0.8362, 51.90281], [0.86507, 51.92147], [0.89456, 51.93931], [0.92468, 51.95634], [0.95541, 51.97255], [0.98677, 51.98793], [1.01874, 52.0025], [1.05134, 52.01625], [1.08456, 52.02917], [1.11841, 52.04128], [1.15287, 52.05257]]}, "properties": {"member": "Byegoodes Hythe", "head": "Ipswich", "rank": "creek", "source": "TNA E 159/350", "secondary": false}}, {"type": "Feature", "geometry": {"type": "LineString", "coordinates": [[0.48931, 51.55535], [0.50981, 51.5856], [0.53093, 51.61503], [0.55268, 51.64363], [0.57504, 51.6714], [0.59803, 51.69833], [0.62164, 51.72444], [0.64587, 51.74972], [0.67072, 51.77417], [0.69619, 51.79779], [0.72229, 51.82059], [0.749, 51.84255], [0.77634, 51.86368], [0.8043, 51.88398], [0.83288, 51.90346], [0.86208, 51.9221], [0.89191, 51.93991], [0.92235, 51.9569], [0.95342, 51.97306], [0.98511, 51.98838], [1.01742, 52.00288], [1.05035, 52.01655], [1.0839, 52.02938], [1.11807, 52.04139], [1.15287, 52.05257]]}, "properties": {"member": "Vange Hythe", "head": "Ipswich", "rank": "creek", "source": "TNA E 159/350", "secondary": false}}, {"type": "Feature", "geometry": {"type": "LineString", "coordinates": [[0.47788, 51.52624], [0.49844, 51.55788], [0.51965, 51.58867], [0.54153, 51.61861], [0.56406, 51.64771], [0.58725, 51.67597], [0.6111, 51.70339], [0.6356, 51.72996], [0.66077, 51.75569], [0.68659, 51.78057], [0.71307, 51.80461], [0.74021, 51.8278], [0.768, 51.85016], [0.79646, 51.87167], [0.82557, 51.89233], [0.85534, 51.91215], [0.88577, 51.93113], [0.91685, 51.94926], [0.9486, 51.96655], [0.981, 51.983], [1.01406, 51.9986], [1.04777, 52.01336], [1.08215, 52.02727], [1.11718, 52.04034], [1.15287, 52.05257]]}, "properties": {"member": "Fobbing", "head": "Ipswich", "rank": "creek", "source": "TNA E 159/350", "secondary": false}}, {"type": "Feature", "geometry": {"type": "LineString", "coordinates": [[0.43281, 51.502], [0.4549, 51.53529], [0.47767, 51.56768], [0.50114, 51.59917], [0.52529, 51.62977], [0.55013, 51.65946], [0.57566, 51.68825], [0.60188, 51.71614], [0.62878, 51.74313], [0.65638, 51.76922], [0.68466, 51.79441], [0.71363, 51.8187], [0.74329, 51.84209], [0.77363, 51.86458], [0.80467, 51.88617], [0.83639, 51.90686], [0.8688, 51.92665], [0.9019, 51.94554], [0.93569, 51.96353], [0.97017, 51.98062], [1.00533, 51.99681], [1.04118, 52.0121], [1.07772, 52.02649], [1.11495, 52.03998], [1.15287, 52.05257]]}, "properties": {"member": "Mucking", "head": "Ipswich", "rank": "creek", "source": "TNA E 159/350", "secondary": false}}, {"type": "Feature", "geometry": {"type": "LineString", "coordinates": [[1.02832, 51.80046], [1.02989, 51.81275], [1.03177, 51.82489], [1.03397, 51.83688], [1.03648, 51.84871], [1.0393, 51.86038], [1.04244, 51.87189], [1.0459, 51.88326], [1.04967, 51.89446], [1.05376, 51.90551], [1.05816, 51.9164], [1.06288, 51.92714], [1.06791, 51.93772], [1.07325, 51.94815], [1.07892, 51.95842], [1.08489, 51.96854], [1.09119, 51.9785], [1.09779, 51.9883], [1.10472, 51.99795], [1.11195, 52.00744], [1.11951, 52.01678], [1.12738, 52.02596], [1.13556, 52.03499], [1.14406, 52.04386], [1.15287, 52.05257]]}, "properties": {"member": "New Haven", "head": "Ipswich", "rank": "creek", "source": "TNA E 159/350", "secondary": false}}, {"type": "Feature", "geometry": {"type": "LineString", "coordinates": [[-3.46558, 50.57987], [-3.47031, 50.58469], [-3.47486, 50.5896], [-3.47925, 50.59459], [-3.48346, 50.59966], [-3.4875, 50.60481], [-3.49136, 50.61005], [-3.49505, 50.61537], [-3.49857, 50.62077], [-3.50191, 50.62625], [-3.50508, 50.63181], [-3.50808, 50.63746], [-3.51091, 50.64319], [-3.51356, 50.649], [-3.51604, 50.65489], [-3.51835, 50.66087], [-3.52048, 50.66693], [-3.52244, 50.67307], [-3.52423, 50.67929], [-3.52584, 50.68559], [-3.52728, 50.69198], [-3.52855, 50.69845], [-3.52964, 50.705], [-3.53056, 50.71163], [-3.53131, 50.71835]]}, "properties": {"member": "Dawlish", "head": "Exeter", "rank": "creek", "source": "TNA E 159/350", "secondary": false}}, {"type": "Feature", "geometry": {"type": "LineString", "coordinates": [[-3.44963, 50.63336], [-3.45426, 50.63572], [-3.45878, 50.63819], [-3.46319, 50.64076], [-3.4675, 50.64344], [-3.4717, 50.64621], [-3.47579, 50.64909], [-3.47978, 50.65207], [-3.48366, 50.65515], [-3.48743, 50.65834], [-3.4911, 50.66162], [-3.49467, 50.66501], [-3.49812, 50.6685], [-3.50147, 50.67209], [-3.50472, 50.67579], [-3.50785, 50.67958], [-3.51089, 50.68348], [-3.51381, 50.68748], [-3.51663, 50.69159], [-3.51934, 50.69579], [-3.52195, 50.7001], [-3.52445, 50.70451], [-3.52684, 50.70902], [-3.52913, 50.71363], [-3.53131, 50.71835]]}, "properties": {"member": "Kenton", "head": "Exeter", "rank": "creek", "source": "TNA E 159/350", "secondary": false}}, {"type": "Feature", "geometry": {"type": "LineString", "coordinates": [[-3.07077, 50.70324], [-3.09017, 50.69725], [-3.10956, 50.69184], [-3.12893, 50.687], [-3.14828, 50.68273], [-3.16761, 50.67904], [-3.18692, 50.67593], [-3.20622, 50.6734], [-3.22549, 50.67143], [-3.24475, 50.67005], [-3.26398, 50.66924], [-3.2832, 50.669], [-3.3024, 50.66935], [-3.32158, 50.67026], [-3.34074, 50.67176], [-3.35988, 50.67382], [-3.37901, 50.67647], [-3.39811, 50.67969], [-3.4172, 50.68348], [-3.43626, 50.68786], [-3.45531, 50.6928], [-3.47434, 50.69833], [-3.49335, 50.70442], [-3.51234, 50.7111], [-3.53131, 50.71835]]}, "properties": {"member": "Seaton", "head": "Exeter", "rank": "creek", "source": "TNA E 159/350", "secondary": false}}, {"type": "Feature", "geometry": {"type": "LineString", "coordinates": [[-4.05209, 50.31272], [-4.05636, 50.3139], [-4.06057, 50.31518], [-4.0647, 50.31657], [-4.06877, 50.31807], [-4.07276, 50.31966], [-4.07668, 50.32136], [-4.08053, 50.32317], [-4.0843, 50.32507], [-4.08801, 50.32708], [-4.09165, 50.3292], [-4.09521, 50.33142], [-4.0987, 50.33374], [-4.10213, 50.33617], [-4.10548, 50.3387], [-4.10876, 50.34133], [-4.11197, 50.34407], [-4.1151, 50.34691], [-4.11817, 50.34985], [-4.12116, 50.3529], [-4.12409, 50.35605], [-4.12694, 50.35931], [-4.12972, 50.36267], [-4.13243, 50.36613], [-4.13507, 50.3697]]}, "properties": {"member": "Yealm", "head": "Plymouth", "rank": "creek", "source": "TNA E 159/350", "secondary": false}}, {"type": "Feature", "geometry": {"type": "LineString", "coordinates": [[-2.66781, 51.48267], [-2.66499, 51.48204], [-2.66222, 51.48135], [-2.65949, 51.48058], [-2.65681, 51.47974], [-2.65417, 51.47883], [-2.65157, 51.47786], [-2.64901, 51.47681], [-2.6465, 51.47569], [-2.64403, 51.47451], [-2.6416, 51.47325], [-2.63922, 51.47193], [-2.63687, 51.47053], [-2.63457, 51.46907], [-2.63232, 51.46753], [-2.63011, 51.46593], [-2.62794, 51.46426], [-2.62581, 51.46251], [-2.62372, 51.4607], [-2.62168, 51.45882], [-2.61968, 51.45687], [-2.61773, 51.45485], [-2.61581, 51.45276], [-2.61394, 51.4506], [-2.61212, 51.44837]]}, "properties": {"member": "St Katherine's Pill", "head": "Bristol", "rank": "creek", "source": "TNA E 159/350", "secondary": false}}, {"type": "Feature", "geometry": {"type": "LineString", "coordinates": [[-2.68394, 51.48215], [-2.68046, 51.48178], [-2.67703, 51.48131], [-2.67363, 51.48076], [-2.67028, 51.48011], [-2.66697, 51.47938], [-2.6637, 51.47856], [-2.66048, 51.47764], [-2.6573, 51.47664], [-2.65416, 51.47554], [-2.65106, 51.47436], [-2.648, 51.47309], [-2.64499, 51.47173], [-2.64202, 51.47027], [-2.63909, 51.46873], [-2.6362, 51.4671], [-2.63335, 51.46538], [-2.63055, 51.46356], [-2.62779, 51.46166], [-2.62507, 51.45967], [-2.6224, 51.45759], [-2.61976, 51.45542], [-2.61717, 51.45316], [-2.61462, 51.45081], [-2.61212, 51.44837]]}, "properties": {"member": "Crockern Pill", "head": "Bristol", "rank": "creek", "source": "TNA E 159/350", "secondary": false}}, {"type": "Feature", "geometry": {"type": "LineString", "coordinates": [[-2.6509, 51.48029], [-2.64883, 51.47952], [-2.64679, 51.4787], [-2.6448, 51.47783], [-2.64284, 51.47691], [-2.64093, 51.47594], [-2.63905, 51.47493], [-2.63721, 51.47386], [-2.63542, 51.47275], [-2.63366, 51.47159], [-2.63195, 51.47038], [-2.63027, 51.46913], [-2.62864, 51.46782], [-2.62704, 51.46646], [-2.62548, 51.46506], [-2.62397, 51.46361], [-2.62249, 51.46211], [-2.62105, 51.46056], [-2.61966, 51.45897], [-2.6183, 51.45732], [-2.61698, 51.45563], [-2.61571, 51.45388], [-2.61447, 51.45209], [-2.61327, 51.45025], [-2.61212, 51.44837]]}, "properties": {"member": "Seamill Pill", "head": "Bristol", "rank": "creek", "source": "TNA E 159/350", "secondary": false}}, {"type": "Feature", "geometry": {"type": "LineString", "coordinates": [[-2.66744, 51.48502], [-2.66461, 51.48429], [-2.66182, 51.48349], [-2.65908, 51.48262], [-2.65639, 51.48168], [-2.65374, 51.48067], [-2.65113, 51.47959], [-2.64858, 51.47845], [-2.64607, 51.47723], [-2.6436, 51.47595], [-2.64118, 51.47459], [-2.63881, 51.47317], [-2.63648, 51.47167], [-2.6342, 51.47011], [-2.63196, 51.46848], [-2.62977, 51.46678], [-2.62762, 51.46501], [-2.62553, 51.46317], [-2.62347, 51.46127], [-2.62147, 51.45929], [-2.6195, 51.45724], [-2.61759, 51.45513], [-2.61572, 51.45294], [-2.61389, 51.45069], [-2.61212, 51.44837]]}, "properties": {"member": "Brode Pill", "head": "Bristol", "rank": "creek", "source": "TNA E 159/350", "secondary": false}}, {"type": "Feature", "geometry": {"type": "LineString", "coordinates": [[-2.6997, 51.51287], [-2.69512, 51.51144], [-2.69062, 51.50991], [-2.68621, 51.50826], [-2.68187, 51.5065], [-2.67762, 51.50463], [-2.67345, 51.50266], [-2.66935, 51.50057], [-2.66534, 51.49838], [-2.66141, 51.49607], [-2.65756, 51.49366], [-2.65379, 51.49113], [-2.6501, 51.4885], [-2.64649, 51.48576], [-2.64296, 51.48291], [-2.63952, 51.47995], [-2.63615, 51.47688], [-2.63286, 51.47369], [-2.62966, 51.47041], [-2.62653, 51.46701], [-2.62349, 51.4635], [-2.62052, 51.45988], [-2.61764, 51.45615], [-2.61484, 51.45231], [-2.61212, 51.44837]]}, "properties": {"member": "Skeys Pill", "head": "Bristol", "rank": "creek", "source": "TNA E 159/350", "secondary": false}}, {"type": "Feature", "geometry": {"type": "LineString", "coordinates": [[-2.69138, 51.52161], [-2.68703, 51.5197], [-2.68276, 51.51769], [-2.67859, 51.51558], [-2.67451, 51.51337], [-2.67052, 51.51106], [-2.66662, 51.50865], [-2.66281, 51.50615], [-2.6591, 51.50354], [-2.65548, 51.50083], [-2.65194, 51.49803], [-2.6485, 51.49513], [-2.64516, 51.49212], [-2.6419, 51.48902], [-2.63873, 51.48582], [-2.63566, 51.48252], [-2.63268, 51.47912], [-2.62979, 51.47563], [-2.62699, 51.47203], [-2.62428, 51.46833], [-2.62166, 51.46454], [-2.61914, 51.46064], [-2.61671, 51.45665], [-2.61437, 51.45256], [-2.61212, 51.44837]]}, "properties": {"member": "Mere Pill", "head": "Bristol", "rank": "creek", "source": "TNA E 159/350", "secondary": false}}, {"type": "Feature", "geometry": {"type": "LineString", "coordinates": [[-2.68526, 51.52759], [-2.68108, 51.52535], [-2.67699, 51.523], [-2.673, 51.52057], [-2.66911, 51.51805], [-2.66532, 51.51543], [-2.66163, 51.51273], [-2.65804, 51.50993], [-2.65454, 51.50704], [-2.65115, 51.50406], [-2.64785, 51.50098], [-2.64466, 51.49782], [-2.64156, 51.49456], [-2.63856, 51.49122], [-2.63566, 51.48778], [-2.63286, 51.48425], [-2.63016, 51.48063], [-2.62756, 51.47692], [-2.62506, 51.47311], [-2.62265, 51.46922], [-2.62035, 51.46523], [-2.61814, 51.46115], [-2.61603, 51.45698], [-2.61402, 51.45272], [-2.61212, 51.44837]]}, "properties": {"member": "Battens Pill", "head": "Bristol", "rank": "creek", "source": "TNA E 159/350", "secondary": false}}, {"type": "Feature", "geometry": {"type": "LineString", "coordinates": [[-2.67907, 51.53403], [-2.67505, 51.53142], [-2.67114, 51.52873], [-2.66733, 51.52596], [-2.66363, 51.5231], [-2.66004, 51.52016], [-2.65655, 51.51713], [-2.65317, 51.51402], [-2.6499, 51.51083], [-2.64674, 51.50756], [-2.64368, 51.5042], [-2.64073, 51.50075], [-2.63788, 51.49722], [-2.63515, 51.49361], [-2.63252, 51.48992], [-2.63, 51.48614], [-2.62758, 51.48228], [-2.62527, 51.47833], [-2.62307, 51.4743], [-2.62098, 51.47019], [-2.61899, 51.46599], [-2.61711, 51.46171], [-2.61534, 51.45735], [-2.61367, 51.4529], [-2.61212, 51.44837]]}, "properties": {"member": "Step Pill", "head": "Bristol", "rank": "creek", "source": "TNA E 159/350", "secondary": false}}, {"type": "Feature", "geometry": {"type": "LineString", "coordinates": [[-2.67079, 51.54463], [-2.66696, 51.54146], [-2.66326, 51.53822], [-2.65967, 51.53491], [-2.6562, 51.53152], [-2.65285, 51.52806], [-2.64963, 51.52452], [-2.64652, 51.52092], [-2.64353, 51.51724], [-2.64067, 51.51348], [-2.63792, 51.50965], [-2.6353, 51.50575], [-2.63279, 51.50178], [-2.63041, 51.49773], [-2.62814, 51.49361], [-2.626, 51.48942], [-2.62397, 51.48515], [-2.62207, 51.48081], [-2.62029, 51.47639], [-2.61862, 51.47191], [-2.61708, 51.46734], [-2.61566, 51.46271], [-2.61436, 51.458], [-2.61318, 51.45322], [-2.61212, 51.44837]]}, "properties": {"member": "New Pill", "head": "Bristol", "rank": "creek", "source": "TNA E 159/350", "secondary": false}}, {"type": "Feature", "geometry": {"type": "LineString", "coordinates": [[-2.65717, 51.57543], [-2.65347, 51.57078], [-2.64992, 51.56608], [-2.64654, 51.56132], [-2.64331, 51.5565], [-2.64024, 51.55163], [-2.63733, 51.5467], [-2.63458, 51.54172], [-2.63199, 51.53668], [-2.62955, 51.53158], [-2.62728, 51.52643], [-2.62516, 51.52122], [-2.62321, 51.51595], [-2.62141, 51.51063], [-2.61977, 51.50525], [-2.61829, 51.49982], [-2.61697, 51.49433], [-2.61581, 51.48878], [-2.6148, 51.48317], [-2.61396, 51.47751], [-2.61327, 51.4718], [-2.61274, 51.46602], [-2.61238, 51.46019], [-2.61217, 51.45431], [-2.61212, 51.44837]]}, "properties": {"member": "Chestle Pill", "head": "Bristol", "rank": "creek", "source": "TNA E 159/350", "secondary": false}}, {"type": "Feature", "geometry": {"type": "LineString", "coordinates": [[-2.59673, 51.61688], [-2.59495, 51.60964], [-2.59338, 51.60241], [-2.59202, 51.59521], [-2.59087, 51.58802], [-2.58993, 51.58086], [-2.58921, 51.57371], [-2.58869, 51.56658], [-2.58838, 51.55948], [-2.58828, 51.55239], [-2.5884, 51.54532], [-2.58872, 51.53827], [-2.58926, 51.53124], [-2.59001, 51.52423], [-2.59096, 51.51723], [-2.59213, 51.51026], [-2.59351, 51.50331], [-2.5951, 51.49637], [-2.5969, 51.48946], [-2.59891, 51.48256], [-2.60113, 51.47568], [-2.60356, 51.46883], [-2.6062, 51.46199], [-2.60905, 51.45517], [-2.61212, 51.44837]]}, "properties": {"member": "Littleton Pill", "head": "Bristol", "rank": "creek", "source": "TNA E 159/350", "secondary": false}}, {"type": "Feature", "geometry": {"type": "LineString", "coordinates": [[-2.58508, 51.62609], [-2.58366, 51.6183], [-2.58245, 51.61054], [-2.58147, 51.60281], [-2.5807, 51.59512], [-2.58016, 51.58746], [-2.57985, 51.57983], [-2.57975, 51.57224], [-2.57988, 51.56469], [-2.58023, 51.55716], [-2.5808, 51.54967], [-2.58159, 51.54222], [-2.5826, 51.5348], [-2.58384, 51.52741], [-2.5853, 51.52005], [-2.58698, 51.51273], [-2.58889, 51.50545], [-2.59101, 51.49819], [-2.59336, 51.49097], [-2.59593, 51.48379], [-2.59872, 51.47664], [-2.60174, 51.46952], [-2.60498, 51.46243], [-2.60843, 51.45538], [-2.61212, 51.44837]]}, "properties": {"member": "Cowhill Pill", "head": "Bristol", "rank": "creek", "source": "TNA E 159/350", "secondary": false}}, {"type": "Feature", "geometry": {"type": "LineString", "coordinates": [[-2.5642, 51.65954], [-2.56316, 51.65005], [-2.56239, 51.64063], [-2.56188, 51.63126], [-2.56163, 51.62195], [-2.56165, 51.6127], [-2.56193, 51.60351], [-2.56247, 51.59439], [-2.56328, 51.58532], [-2.56435, 51.57631], [-2.56569, 51.56736], [-2.56729, 51.55847], [-2.56915, 51.54964], [-2.57128, 51.54087], [-2.57367, 51.53216], [-2.57633, 51.52352], [-2.57925, 51.51493], [-2.58243, 51.5064], [-2.58588, 51.49793], [-2.5896, 51.48952], [-2.59357, 51.48117], [-2.59781, 51.47288], [-2.60232, 51.46465], [-2.60708, 51.45648], [-2.61212, 51.44837]]}, "properties": {"member": "Sheperdine Pill", "head": "Bristol", "rank": "creek", "source": "TNA E 159/350", "secondary": false}}, {"type": "Feature", "geometry": {"type": "LineString", "coordinates": [[-2.54093, 51.6729], [-2.54066, 51.66252], [-2.54068, 51.65223], [-2.54098, 51.64203], [-2.54156, 51.63192], [-2.54243, 51.6219], [-2.54357, 51.61196], [-2.54499, 51.60212], [-2.54669, 51.59236], [-2.54868, 51.5827], [-2.55094, 51.57312], [-2.55349, 51.56363], [-2.55631, 51.55423], [-2.55942, 51.54492], [-2.56281, 51.53569], [-2.56647, 51.52656], [-2.57042, 51.51752], [-2.57465, 51.50856], [-2.57916, 51.4997], [-2.58395, 51.49092], [-2.58902, 51.48223], [-2.59438, 51.47363], [-2.60001, 51.46512], [-2.60592, 51.4567], [-2.61212, 51.44837]]}, "properties": {"member": "Hill Pill", "head": "Bristol", "rank": "creek", "source": "TNA E 159/350", "secondary": false}}, {"type": "Feature", "geometry": {"type": "LineString", "coordinates": [[-2.51737, 51.68253], [-2.51795, 51.67141], [-2.51883, 51.66041], [-2.51999, 51.64953], [-2.52145, 51.63877], [-2.52321, 51.62812], [-2.52525, 51.61759], [-2.52759, 51.60719], [-2.53022, 51.5969], [-2.53314, 51.58673], [-2.53636, 51.57667], [-2.53987, 51.56674], [-2.54367, 51.55692], [-2.54776, 51.54722], [-2.55215, 51.53765], [-2.55683, 51.52818], [-2.5618, 51.51884], [-2.56707, 51.50962], [-2.57262, 51.50051], [-2.57847, 51.49153], [-2.58462, 51.48266], [-2.59105, 51.47391], [-2.59778, 51.46528], [-2.6048, 51.45676], [-2.61212, 51.44837]]}, "properties": {"member": "Clapton Pill", "head": "Bristol", "rank": "creek", "source": "TNA E 159/350", "secondary": false}}, {"type": "Feature", "geometry": {"type": "LineString", "coordinates": [[-2.49682, 51.69287], [-2.49811, 51.68102], [-2.4997, 51.66932], [-2.5016, 51.65776], [-2.50381, 51.64635], [-2.50632, 51.63508], [-2.50914, 51.62396], [-2.51226, 51.61298], [-2.51569, 51.60214], [-2.51943, 51.59145], [-2.52347, 51.5809], [-2.52781, 51.5705], [-2.53246, 51.56024], [-2.53742, 51.55012], [-2.54268, 51.54015], [-2.54825, 51.53033], [-2.55412, 51.52064], [-2.5603, 51.5111], [-2.56679, 51.50171], [-2.57358, 51.49246], [-2.58067, 51.48335], [-2.58808, 51.47439], [-2.59578, 51.46557], [-2.6038, 51.4569], [-2.61212, 51.44837]]}, "properties": {"member": "Conygore Pill", "head": "Bristol", "rank": "creek", "source": "TNA E 159/350", "secondary": false}}, {"type": "Feature", "geometry": {"type": "LineString", "coordinates": [[-2.48483, 51.70792], [-2.4864, 51.69528], [-2.4883, 51.68279], [-2.49052, 51.67047], [-2.49306, 51.6583], [-2.49593, 51.64629], [-2.49913, 51.63444], [-2.50265, 51.62275], [-2.50649, 51.61122], [-2.51066, 51.59985], [-2.51515, 51.58864], [-2.51997, 51.57758], [-2.52511, 51.56669], [-2.53058, 51.55595], [-2.53637, 51.54538], [-2.54248, 51.53496], [-2.54892, 51.5247], [-2.55569, 51.5146], [-2.56277, 51.50466], [-2.57019, 51.49488], [-2.57792, 51.48526], [-2.58598, 51.4758], [-2.59437, 51.4665], [-2.60308, 51.45735], [-2.61212, 51.44837]]}, "properties": {"member": "Hallow Hasyll Pill", "head": "Bristol", "rank": "creek", "source": "TNA E 159/350", "secondary": false}}, {"type": "Feature", "geometry": {"type": "LineString", "coordinates": [[-2.48431, 51.71062], [-2.48587, 51.69786], [-2.48775, 51.68525], [-2.48996, 51.67281], [-2.4925, 51.66052], [-2.49537, 51.6484], [-2.49856, 51.63643], [-2.50208, 51.62463], [-2.50593, 51.61298], [-2.51011, 51.60149], [-2.51462, 51.59017], [-2.51945, 51.579], [-2.52461, 51.56799], [-2.5301, 51.55715], [-2.53592, 51.54646], [-2.54206, 51.53593], [-2.54853, 51.52556], [-2.55533, 51.51535], [-2.56246, 51.5053], [-2.56992, 51.49542], [-2.5777, 51.48569], [-2.58581, 51.47612], [-2.59425, 51.46671], [-2.60302, 51.45746], [-2.61212, 51.44837]]}, "properties": {"member": "Dynmore Pill", "head": "Bristol", "rank": "creek", "source": "TNA E 159/350", "secondary": false}}, {"type": "Feature", "geometry": {"type": "LineString", "coordinates": [[-2.37943, 51.76389], [-2.38459, 51.7474], [-2.39014, 51.7312], [-2.39609, 51.71529], [-2.40243, 51.69967], [-2.40917, 51.68434], [-2.4163, 51.66931], [-2.42383, 51.65456], [-2.43175, 51.6401], [-2.44006, 51.62594], [-2.44877, 51.61206], [-2.45788, 51.59848], [-2.46737, 51.58519], [-2.47727, 51.57219], [-2.48755, 51.55948], [-2.49824, 51.54706], [-2.50931, 51.53493], [-2.52078, 51.52309], [-2.53265, 51.51154], [-2.5449, 51.50029], [-2.55756, 51.48932], [-2.57061, 51.47865], [-2.58405, 51.46826], [-2.59788, 51.45817], [-2.61212, 51.44837]]}, "properties": {"member": "Church Pill", "head": "Bristol", "rank": "creek", "source": "TNA E 159/350", "secondary": false}}, {"type": "Feature", "geometry": {"type": "LineString", "coordinates": [[-2.37941, 51.76726], [-2.38452, 51.75062], [-2.39003, 51.73428], [-2.39594, 51.71823], [-2.40225, 51.70247], [-2.40895, 51.687], [-2.41606, 51.67183], [-2.42356, 51.65694], [-2.43147, 51.64234], [-2.43977, 51.62804], [-2.44847, 51.61402], [-2.45756, 51.6003], [-2.46706, 51.58687], [-2.47696, 51.57373], [-2.48725, 51.56088], [-2.49794, 51.54832], [-2.50904, 51.53605], [-2.52053, 51.52407], [-2.53241, 51.51238], [-2.5447, 51.50099], [-2.55739, 51.48988], [-2.57047, 51.47907], [-2.58395, 51.46854], [-2.59784, 51.45831], [-2.61212, 51.44837]]}, "properties": {"member": "Bible Gutters Pill", "head": "Bristol", "rank": "creek", "source": "TNA E 159/350", "secondary": false}}, {"type": "Feature", "geometry": {"type": "LineString", "coordinates": [[-2.38485, 51.77482], [-2.38963, 51.75795], [-2.39481, 51.74137], [-2.4004, 51.72507], [-2.4064, 51.70905], [-2.41281, 51.69332], [-2.41963, 51.67787], [-2.42686, 51.6627], [-2.43449, 51.64782], [-2.44253, 51.63323], [-2.45098, 51.61891], [-2.45984, 51.60489], [-2.4691, 51.59114], [-2.47878, 51.57768], [-2.48886, 51.5645], [-2.49935, 51.55161], [-2.51024, 51.539], [-2.52155, 51.52668], [-2.53326, 51.51464], [-2.54539, 51.50288], [-2.55792, 51.49141], [-2.57085, 51.48023], [-2.5842, 51.46932], [-2.59795, 51.4587], [-2.61212, 51.44837]]}, "properties": {"member": "Hock Pill", "head": "Bristol", "rank": "creek", "source": "TNA E 159/350", "secondary": false}}, {"type": "Feature", "geometry": {"type": "LineString", "coordinates": [[-2.41329, 51.78576], [-2.41673, 51.76885], [-2.42058, 51.75218], [-2.42486, 51.73576], [-2.42956, 51.71959], [-2.43468, 51.70367], [-2.44022, 51.68799], [-2.44619, 51.67257], [-2.45258, 51.65739], [-2.45938, 51.64246], [-2.46661, 51.62778], [-2.47427, 51.61335], [-2.48234, 51.59917], [-2.49083, 51.58524], [-2.49975, 51.57155], [-2.50909, 51.55811], [-2.51885, 51.54493], [-2.52903, 51.53199], [-2.53964, 51.5193], [-2.55066, 51.50685], [-2.56211, 51.49466], [-2.57398, 51.48271], [-2.58627, 51.47102], [-2.59898, 51.45957], [-2.61212, 51.44837]]}, "properties": {"member": "Longmarsh Pill", "head": "Bristol", "rank": "creek", "source": "TNA E 159/350", "secondary": false}}, {"type": "Feature", "geometry": {"type": "LineString", "coordinates": [[-2.62537, 51.65729], [-2.62182, 51.64877], [-2.61852, 51.64024], [-2.61549, 51.63169], [-2.61272, 51.62313], [-2.61021, 51.61455], [-2.60796, 51.60595], [-2.60597, 51.59734], [-2.60424, 51.58871], [-2.60277, 51.58006], [-2.60157, 51.5714], [-2.60062, 51.56272], [-2.59994, 51.55402], [-2.59952, 51.54531], [-2.59936, 51.53658], [-2.59946, 51.52783], [-2.59982, 51.51907], [-2.60044, 51.51029], [-2.60133, 51.50149], [-2.60247, 51.49268], [-2.60388, 51.48385], [-2.60555, 51.475], [-2.60748, 51.46614], [-2.60966, 51.45726], [-2.61212, 51.44837]]}, "properties": {"member": "Innar Pill", "head": "Bristol", "rank": "creek", "source": "TNA E 159/350", "secondary": false}}, {"type": "Feature", "geometry": {"type": "LineString", "coordinates": [[-2.61182, 51.67006], [-2.60865, 51.66082], [-2.60575, 51.65158], [-2.60313, 51.64234], [-2.60078, 51.6331], [-2.59872, 51.62386], [-2.59693, 51.61462], [-2.59542, 51.60538], [-2.59418, 51.59614], [-2.59323, 51.5869], [-2.59255, 51.57766], [-2.59214, 51.56842], [-2.59202, 51.55919], [-2.59217, 51.54995], [-2.59259, 51.54071], [-2.5933, 51.53148], [-2.59428, 51.52224], [-2.59554, 51.51301], [-2.59708, 51.50377], [-2.59889, 51.49454], [-2.60098, 51.4853], [-2.60335, 51.47607], [-2.60599, 51.46683], [-2.60892, 51.4576], [-2.61212, 51.44837]]}, "properties": {"member": "Walden's Pill", "head": "Bristol", "rank": "creek", "source": "TNA E 159/350", "secondary": false}}, {"type": "Feature", "geometry": {"type": "LineString", "coordinates": [[-2.60961, 51.67238], [-2.6065, 51.66301], [-2.60366, 51.65364], [-2.60111, 51.64428], [-2.59883, 51.63492], [-2.59683, 51.62556], [-2.59512, 51.61621], [-2.59368, 51.60686], [-2.59253, 51.59751], [-2.59165, 51.58816], [-2.59105, 51.57882], [-2.59074, 51.56948], [-2.5907, 51.56015], [-2.59095, 51.55082], [-2.59147, 51.54149], [-2.59228, 51.53216], [-2.59336, 51.52284], [-2.59472, 51.51352], [-2.59637, 51.5042], [-2.59829, 51.49489], [-2.6005, 51.48558], [-2.60298, 51.47627], [-2.60575, 51.46697], [-2.60879, 51.45767], [-2.61212, 51.44837]]}, "properties": {"member": "Horse Pill", "head": "Bristol", "rank": "creek", "source": "TNA E 159/350", "secondary": false}}, {"type": "Feature", "geometry": {"type": "LineString", "coordinates": [[-2.5909, 51.68056], [-2.58845, 51.67058], [-2.58628, 51.66063], [-2.58441, 51.6507], [-2.58283, 51.6408], [-2.58153, 51.63093], [-2.58053, 51.62108], [-2.57982, 51.61126], [-2.5794, 51.60146], [-2.57926, 51.5917], [-2.57942, 51.58196], [-2.57987, 51.57224], [-2.58061, 51.56255], [-2.58164, 51.55289], [-2.58296, 51.54326], [-2.58457, 51.53365], [-2.58647, 51.52407], [-2.58866, 51.51451], [-2.59114, 51.50498], [-2.59391, 51.49548], [-2.59697, 51.486], [-2.60032, 51.47656], [-2.60396, 51.46713], [-2.60789, 51.45774], [-2.61212, 51.44837]]}, "properties": {"member": "Grange Pill", "head": "Bristol", "rank": "creek", "source": "TNA E 159/350", "secondary": false}}, {"type": "Feature", "geometry": {"type": "LineString", "coordinates": [[-2.58296, 51.68317], [-2.5808, 51.67297], [-2.57894, 51.66281], [-2.57736, 51.65268], [-2.57608, 51.64258], [-2.5751, 51.63253], [-2.5744, 51.62251], [-2.574, 51.61252], [-2.5739, 51.60257], [-2.57408, 51.59266], [-2.57456, 51.58279], [-2.57534, 51.57295], [-2.57641, 51.56315], [-2.57777, 51.55338], [-2.57942, 51.54365], [-2.58137, 51.53396], [-2.58361, 51.5243], [-2.58615, 51.51468], [-2.58898, 51.5051], [-2.5921, 51.49555], [-2.59552, 51.48604], [-2.59923, 51.47657], [-2.60323, 51.46713], [-2.60753, 51.45773], [-2.61212, 51.44837]]}, "properties": {"member": "Ley Pill", "head": "Bristol", "rank": "creek", "source": "TNA E 159/350", "secondary": false}}, {"type": "Feature", "geometry": {"type": "LineString", "coordinates": [[-2.57153, 51.68849], [-2.56977, 51.6779], [-2.5683, 51.66736], [-2.56714, 51.65688], [-2.56628, 51.64644], [-2.56572, 51.63605], [-2.56546, 51.62572], [-2.56551, 51.61543], [-2.56585, 51.6052], [-2.56649, 51.59502], [-2.56743, 51.58489], [-2.56867, 51.57481], [-2.57021, 51.56478], [-2.57205, 51.5548], [-2.57419, 51.54487], [-2.57663, 51.53499], [-2.57938, 51.52516], [-2.58242, 51.51538], [-2.58576, 51.50566], [-2.5894, 51.49598], [-2.59334, 51.48636], [-2.59759, 51.47678], [-2.60213, 51.46726], [-2.60697, 51.45779], [-2.61212, 51.44837]]}, "properties": {"member": "Cone Pill", "head": "Bristol", "rank": "creek", "source": "TNA E 159/350", "secondary": false}}, {"type": "Feature", "geometry": {"type": "LineString", "coordinates": [[-2.56306, 51.69059], [-2.56162, 51.67979], [-2.56049, 51.66905], [-2.55966, 51.65838], [-2.55913, 51.64776], [-2.5589, 51.63721], [-2.55898, 51.62672], [-2.55935, 51.61629], [-2.56004, 51.60592], [-2.56102, 51.59561], [-2.56231, 51.58537], [-2.5639, 51.57518], [-2.56579, 51.56506], [-2.56798, 51.555], [-2.57048, 51.545], [-2.57328, 51.53506], [-2.57639, 51.52518], [-2.57979, 51.51537], [-2.5835, 51.50561], [-2.58751, 51.49592], [-2.59183, 51.48628], [-2.59645, 51.47671], [-2.60137, 51.4672], [-2.60659, 51.45775], [-2.61212, 51.44837]]}, "properties": {"member": "Elberton Pill", "head": "Bristol", "rank": "creek", "source": "TNA E 159/350", "secondary": false}}, {"type": "Feature", "geometry": {"type": "LineString", "coordinates": [[-2.54132, 51.69895], [-2.54067, 51.68749], [-2.54033, 51.67612], [-2.5403, 51.66484], [-2.54059, 51.65365], [-2.54119, 51.64254], [-2.5421, 51.63153], [-2.54333, 51.6206], [-2.54487, 51.60976], [-2.54672, 51.59901], [-2.54889, 51.58835], [-2.55137, 51.57777], [-2.55416, 51.56729], [-2.55727, 51.55689], [-2.56069, 51.54658], [-2.56442, 51.53636], [-2.56847, 51.52623], [-2.57283, 51.51619], [-2.5775, 51.50623], [-2.58249, 51.49637], [-2.58779, 51.48659], [-2.5934, 51.4769], [-2.59932, 51.4673], [-2.60556, 51.45779], [-2.61212, 51.44837]]}, "properties": {"member": "Lydney Pill", "head": "Bristol", "rank": "creek", "source": "TNA E 159/350", "secondary": false}}, {"type": "Feature", "geometry": {"type": "LineString", "coordinates": [[-2.47705, 51.7395], [-2.47849, 51.72543], [-2.4803, 51.71152], [-2.48247, 51.69779], [-2.48501, 51.68422], [-2.4879, 51.67083], [-2.49117, 51.6576], [-2.49479, 51.64454], [-2.49878, 51.63165], [-2.50314, 51.61893], [-2.50785, 51.60638], [-2.51294, 51.59399], [-2.51838, 51.58178], [-2.52419, 51.56973], [-2.53036, 51.55785], [-2.5369, 51.54615], [-2.5438, 51.53461], [-2.55107, 51.52324], [-2.5587, 51.51203], [-2.56669, 51.501], [-2.57505, 51.49014], [-2.58377, 51.47944], [-2.59285, 51.46891], [-2.6023, 51.45856], [-2.61212, 51.44837]]}, "properties": {"member": "Pirton Pill", "head": "Bristol", "rank": "creek", "source": "TNA E 159/350", "secondary": false}}, {"type": "Feature", "geometry": {"type": "LineString", "coordinates": [[-2.46547, 51.74638], [-2.4673, 51.73185], [-2.4695, 51.71751], [-2.47207, 51.70335], [-2.47501, 51.68938], [-2.47833, 51.67558], [-2.48202, 51.66198], [-2.48608, 51.64855], [-2.49051, 51.63531], [-2.49532, 51.62225], [-2.5005, 51.60937], [-2.50605, 51.59668], [-2.51197, 51.58417], [-2.51827, 51.57185], [-2.52494, 51.55971], [-2.53198, 51.54775], [-2.53939, 51.53597], [-2.54718, 51.52438], [-2.55534, 51.51297], [-2.56387, 51.50175], [-2.57278, 51.4907], [-2.58205, 51.47984], [-2.5917, 51.46917], [-2.60172, 51.45868], [-2.61212, 51.44837]]}, "properties": {"member": "Gatcombe Creek", "head": "Bristol", "rank": "creek", "source": "TNA E 159/350", "secondary": false}}, {"type": "Feature", "geometry": {"type": "LineString", "coordinates": [[-2.43716, 51.75848], [-2.43999, 51.74305], [-2.44321, 51.72783], [-2.44682, 51.71283], [-2.45081, 51.69805], [-2.4552, 51.68349], [-2.45997, 51.66914], [-2.46512, 51.65502], [-2.47067, 51.64111], [-2.4766, 51.62743], [-2.48292, 51.61396], [-2.48963, 51.60071], [-2.49673, 51.58768], [-2.50421, 51.57487], [-2.51208, 51.56227], [-2.52034, 51.5499], [-2.52899, 51.53774], [-2.53802, 51.5258], [-2.54744, 51.51409], [-2.55725, 51.50259], [-2.56745, 51.49131], [-2.57804, 51.48024], [-2.58901, 51.4694], [-2.60037, 51.45877], [-2.61212, 51.44837]]}, "properties": {"member": "Brims Pill", "head": "Bristol", "rank": "creek", "source": "TNA E 159/350", "secondary": false}}, {"type": "Feature", "geometry": {"type": "LineString", "coordinates": [[-2.43228, 51.7608], [-2.43528, 51.7452], [-2.43867, 51.72982], [-2.44246, 51.71467], [-2.44663, 51.69974], [-2.4512, 51.68504], [-2.45615, 51.67056], [-2.46149, 51.6563], [-2.46723, 51.64227], [-2.47336, 51.62847], [-2.47987, 51.61489], [-2.48678, 51.60153], [-2.49408, 51.5884], [-2.50177, 51.57549], [-2.50985, 51.56281], [-2.51832, 51.55036], [-2.52718, 51.53813], [-2.53643, 51.52612], [-2.54607, 51.51434], [-2.5561, 51.50278], [-2.56652, 51.49145], [-2.57733, 51.48034], [-2.58854, 51.46946], [-2.60013, 51.4588], [-2.61212, 51.44837]]}, "properties": {"member": "Oldland Pill", "head": "Bristol", "rank": "creek", "source": "TNA E 159/350", "secondary": false}}, {"type": "Feature", "geometry": {"type": "LineString", "coordinates": [[-2.4289, 51.76255], [-2.43202, 51.74682], [-2.43553, 51.73133], [-2.43943, 51.71606], [-2.44373, 51.70102], [-2.44841, 51.68621], [-2.4535, 51.67164], [-2.45897, 51.65728], [-2.46484, 51.64316], [-2.4711, 51.62927], [-2.47775, 51.61561], [-2.48479, 51.60217], [-2.49223, 51.58897], [-2.50006, 51.57599], [-2.50828, 51.56324], [-2.5169, 51.55073], [-2.52591, 51.53844], [-2.53531, 51.52638], [-2.5451, 51.51455], [-2.55529, 51.50294], [-2.56587, 51.49157], [-2.57684, 51.48043], [-2.58821, 51.46951], [-2.59997, 51.45882], [-2.61212, 51.44837]]}, "properties": {"member": "Throughpill", "head": "Bristol", "rank": "creek", "source": "TNA E 159/350", "secondary": false}}, {"type": "Feature", "geometry": {"type": "LineString", "coordinates": [[-2.44106, 51.78202], [-2.4434, 51.76566], [-2.44614, 51.74951], [-2.44931, 51.73358], [-2.45289, 51.71786], [-2.45689, 51.70235], [-2.46131, 51.68706], [-2.46614, 51.67198], [-2.47139, 51.65712], [-2.47706, 51.64247], [-2.48314, 51.62803], [-2.48964, 51.61381], [-2.49656, 51.5998], [-2.5039, 51.586], [-2.51165, 51.57242], [-2.51982, 51.55905], [-2.52841, 51.5459], [-2.53741, 51.53296], [-2.54683, 51.52023], [-2.55667, 51.50772], [-2.56692, 51.49542], [-2.5776, 51.48334], [-2.58869, 51.47147], [-2.60019, 51.45981], [-2.61212, 51.44837]]}, "properties": {"member": "Stockwell Pill", "head": "Bristol", "rank": "creek", "source": "TNA E 159/350", "secondary": false}}, {"type": "Feature", "geometry": {"type": "LineString", "coordinates": [[-2.4426, 51.78253], [-2.44486, 51.76617], [-2.44754, 51.75002], [-2.45063, 51.73409], [-2.45414, 51.71836], [-2.45807, 51.70285], [-2.46242, 51.68755], [-2.46719, 51.67246], [-2.47237, 51.65758], [-2.47797, 51.64292], [-2.48399, 51.62846], [-2.49043, 51.61422], [-2.49728, 51.60019], [-2.50456, 51.58638], [-2.51224, 51.57277], [-2.52035, 51.55938], [-2.52888, 51.54619], [-2.53782, 51.53322], [-2.54718, 51.52047], [-2.55696, 51.50792], [-2.56715, 51.49559], [-2.57777, 51.48346], [-2.5888, 51.47155], [-2.60025, 51.45985], [-2.61212, 51.44837]]}, "properties": {"member": "Fulmede Pill", "head": "Bristol", "rank": "creek", "source": "TNA E 159/350", "secondary": false}}, {"type": "Feature", "geometry": {"type": "LineString", "coordinates": [[-2.44682, 51.78415], [-2.44888, 51.76778], [-2.45136, 51.75162], [-2.45426, 51.73567], [-2.45758, 51.71992], [-2.46132, 51.70438], [-2.46548, 51.68905], [-2.47006, 51.67392], [-2.47506, 51.659], [-2.48048, 51.64429], [-2.48631, 51.62978], [-2.49257, 51.61548], [-2.49925, 51.60138], [-2.50635, 51.5875], [-2.51386, 51.57381], [-2.5218, 51.56034], [-2.53016, 51.54707], [-2.53893, 51.53401], [-2.54813, 51.52116], [-2.55774, 51.50851], [-2.56778, 51.49607], [-2.57823, 51.48383], [-2.58911, 51.4718], [-2.6004, 51.45998], [-2.61212, 51.44837]]}, "properties": {"member": "Perry Pill", "head": "Bristol", "rank": "creek", "source": "TNA E 159/350", "secondary": false}}, {"type": "Feature", "geometry": {"type": "LineString", "coordinates": [[-2.45205, 51.79834], [-2.45369, 51.78146], [-2.45577, 51.76478], [-2.45828, 51.74829], [-2.46123, 51.73201], [-2.46462, 51.71593], [-2.46844, 51.70004], [-2.47271, 51.68436], [-2.47741, 51.66888], [-2.48255, 51.6536], [-2.48812, 51.63851], [-2.49414, 51.62363], [-2.50059, 51.60895], [-2.50747, 51.59447], [-2.5148, 51.58018], [-2.52256, 51.5661], [-2.53076, 51.55222], [-2.5394, 51.53854], [-2.54848, 51.52506], [-2.55799, 51.51177], [-2.56794, 51.49869], [-2.57833, 51.48581], [-2.58915, 51.47313], [-2.60042, 51.46065], [-2.61212, 51.44837]]}, "properties": {"member": "Collow Pill", "head": "Bristol", "rank": "creek", "source": "TNA E 159/350", "secondary": false}}, {"type": "Feature", "geometry": {"type": "LineString", "coordinates": [[-2.45168, 51.79887], [-2.45333, 51.78196], [-2.45541, 51.76525], [-2.45794, 51.74874], [-2.4609, 51.73243], [-2.4643, 51.71632], [-2.46813, 51.70041], [-2.47241, 51.68471], [-2.47712, 51.6692], [-2.48227, 51.65389], [-2.48786, 51.63879], [-2.49389, 51.62388], [-2.50035, 51.60918], [-2.50726, 51.59468], [-2.5146, 51.58037], [-2.52238, 51.56627], [-2.5306, 51.55237], [-2.53925, 51.53866], [-2.54835, 51.52516], [-2.55788, 51.51186], [-2.56785, 51.49876], [-2.57826, 51.48586], [-2.58911, 51.47316], [-2.60039, 51.46067], [-2.61212, 51.44837]]}, "properties": {"member": "Caporne Pill", "head": "Bristol", "rank": "creek", "source": "TNA E 159/350", "secondary": false}}, {"type": "Feature", "geometry": {"type": "LineString", "coordinates": [[-2.44584, 51.80512], [-2.44764, 51.78787], [-2.44989, 51.77082], [-2.45258, 51.75398], [-2.45572, 51.73735], [-2.4593, 51.72093], [-2.46333, 51.70471], [-2.4678, 51.6887], [-2.47273, 51.6729], [-2.47809, 51.65731], [-2.48391, 51.64193], [-2.49017, 51.62675], [-2.49687, 51.61178], [-2.50402, 51.59702], [-2.51162, 51.58247], [-2.51966, 51.56812], [-2.52815, 51.55398], [-2.53709, 51.54005], [-2.54647, 51.52633], [-2.55629, 51.51282], [-2.56657, 51.49951], [-2.57728, 51.48641], [-2.58845, 51.47352], [-2.60006, 51.46084], [-2.61212, 51.44837]]}, "properties": {"member": "Newnham Creek", "head": "Bristol", "rank": "creek", "source": "TNA E 159/350", "secondary": false}}, {"type": "Feature", "geometry": {"type": "LineString", "coordinates": [[-2.44134, 51.81181], [-2.44323, 51.79422], [-2.44558, 51.77683], [-2.44838, 51.75966], [-2.45163, 51.7427], [-2.45534, 51.72596], [-2.4595, 51.70943], [-2.46412, 51.69311], [-2.46919, 51.677], [-2.47472, 51.66111], [-2.48069, 51.64544], [-2.48713, 51.62997], [-2.49402, 51.61472], [-2.50136, 51.59968], [-2.50916, 51.58486], [-2.51741, 51.57025], [-2.52611, 51.55585], [-2.53527, 51.54167], [-2.54489, 51.5277], [-2.55496, 51.51395], [-2.56548, 51.5004], [-2.57646, 51.48707], [-2.58789, 51.47396], [-2.59978, 51.46106], [-2.61212, 51.44837]]}, "properties": {"member": "Hawkins Pill", "head": "Bristol", "rank": "creek", "source": "TNA E 159/350", "secondary": false}}, {"type": "Feature", "geometry": {"type": "LineString", "coordinates": [[-2.43509, 51.81543], [-2.43719, 51.79759], [-2.43975, 51.77997], [-2.44276, 51.76258], [-2.44624, 51.7454], [-2.45017, 51.72845], [-2.45457, 51.71171], [-2.45942, 51.6952], [-2.46473, 51.67891], [-2.4705, 51.66284], [-2.47673, 51.647], [-2.48342, 51.63137], [-2.49057, 51.61597], [-2.49817, 51.60078], [-2.50624, 51.58582], [-2.51476, 51.57108], [-2.52374, 51.55656], [-2.53318, 51.54226], [-2.54308, 51.52818], [-2.55344, 51.51433], [-2.56426, 51.50069], [-2.57553, 51.48728], [-2.58727, 51.47409], [-2.59946, 51.46112], [-2.61212, 51.44837]]}, "properties": {"member": "Broadoak Pill", "head": "Bristol", "rank": "creek", "source": "TNA E 159/350", "secondary": false}}, {"type": "Feature", "geometry": {"type": "LineString", "coordinates": [[-2.41685, 51.81805], [-2.41968, 51.79984], [-2.42296, 51.78188], [-2.42671, 51.76415], [-2.43091, 51.74667], [-2.43558, 51.72944], [-2.44072, 51.71245], [-2.44631, 51.6957], [-2.45237, 51.6792], [-2.45889, 51.66295], [-2.46587, 51.64693], [-2.47331, 51.63116], [-2.48121, 51.61564], [-2.48958, 51.60035], [-2.49841, 51.58532], [-2.5077, 51.57052], [-2.51745, 51.55597], [-2.52767, 51.54167], [-2.53835, 51.52761], [-2.54949, 51.51379], [-2.56109, 51.50022], [-2.57315, 51.48689], [-2.58568, 51.4738], [-2.59867, 51.46096], [-2.61212, 51.44837]]}, "properties": {"member": "Garden Pill", "head": "Bristol", "rank": "creek", "source": "TNA E 159/350", "secondary": false}}, {"type": "Feature", "geometry": {"type": "LineString", "coordinates": [[1.40358, 51.1857], [1.39969, 51.18857], [1.39592, 51.19152], [1.39226, 51.19454], [1.38871, 51.19764], [1.38527, 51.20082], [1.38195, 51.20408], [1.37874, 51.20742], [1.37564, 51.21083], [1.37266, 51.21432], [1.36979, 51.21789], [1.36703, 51.22154], [1.36439, 51.22526], [1.36185, 51.22906], [1.35943, 51.23294], [1.35713, 51.2369], [1.35493, 51.24093], [1.35285, 51.24505], [1.35088, 51.24924], [1.34903, 51.25351], [1.34729, 51.25785], [1.34566, 51.26227], [1.34414, 51.26677], [1.34274, 51.27135], [1.34144, 51.27601]]}, "properties": {"member": "Kingsdown", "head": "Sandwich", "rank": "creek", "source": "TNA E 159/350", "secondary": false}}, {"type": "Feature", "geometry": {"type": "LineString", "coordinates": [[1.19965, 51.37979], [1.20705, 51.3775], [1.21432, 51.37504], [1.22146, 51.3724], [1.22847, 51.36958], [1.23535, 51.36658], [1.2421, 51.36341], [1.24873, 51.36006], [1.25522, 51.35654], [1.26158, 51.35283], [1.26781, 51.34895], [1.27391, 51.34489], [1.27989, 51.34066], [1.28573, 51.33625], [1.29144, 51.33166], [1.29703, 51.32689], [1.30248, 51.32194], [1.30781, 51.31682], [1.313, 51.31152], [1.31807, 51.30605], [1.323, 51.3004], [1.32781, 51.29456], [1.33248, 51.28856], [1.33703, 51.28237], [1.34144, 51.27601]]}, "properties": {"member": "Reculver", "head": "Sandwich", "rank": "creek", "source": "TNA E 159/350", "secondary": false}}, {"type": "Feature", "geometry": {"type": "LineString", "coordinates": [[0.81409, 51.34736], [0.83709, 51.35197], [0.86, 51.35591], [0.88282, 51.3592], [0.90555, 51.36183], [0.9282, 51.3638], [0.95075, 51.36512], [0.97321, 51.36577], [0.99559, 51.36576], [1.01787, 51.3651], [1.04007, 51.36377], [1.06217, 51.36179], [1.08419, 51.35914], [1.10612, 51.35584], [1.12796, 51.35188], [1.14971, 51.34726], [1.17137, 51.34198], [1.19294, 51.33604], [1.21442, 51.32944], [1.23582, 51.32218], [1.25712, 51.31427], [1.27834, 51.30569], [1.29946, 51.29646], [1.3205, 51.28656], [1.34144, 51.27601]]}, "properties": {"member": "Conyer", "head": "Sandwich", "rank": "creek", "source": "TNA E 159/350", "secondary": false}}, {"type": "Feature", "geometry": {"type": "LineString", "coordinates": [[0.67162, 51.3764], [0.70097, 51.38184], [0.7302, 51.38645], [0.7593, 51.39022], [0.78828, 51.39316], [0.81713, 51.39525], [0.84585, 51.39651], [0.87445, 51.39693], [0.90293, 51.39652], [0.93127, 51.39527], [0.9595, 51.39318], [0.98759, 51.39025], [1.01557, 51.38649], [1.04341, 51.38189], [1.07113, 51.37645], [1.09873, 51.37017], [1.1262, 51.36306], [1.15355, 51.35511], [1.18076, 51.34632], [1.20786, 51.33669], [1.23483, 51.32623], [1.26167, 51.31493], [1.28839, 51.30279], [1.31498, 51.28982], [1.34144, 51.27601]]}, "properties": {"member": "Halstow", "head": "Sandwich", "rank": "creek", "source": "TNA E 159/350", "secondary": false}}, {"type": "Feature", "geometry": {"type": "LineString", "coordinates": [[-4.1096, 50.36131], [-4.11078, 50.3613], [-4.11195, 50.36131], [-4.11311, 50.36136], [-4.11426, 50.36144], [-4.1154, 50.36155], [-4.11653, 50.36169], [-4.11765, 50.36186], [-4.11876, 50.36207], [-4.11986, 50.36231], [-4.12094, 50.36258], [-4.12202, 50.36288], [-4.12309, 50.36321], [-4.12414, 50.36358], [-4.12519, 50.36398], [-4.12622, 50.3644], [-4.12725, 50.36487], [-4.12826, 50.36536], [-4.12927, 50.36588], [-4.13026, 50.36644], [-4.13124, 50.36703], [-4.13221, 50.36765], [-4.13317, 50.3683], [-4.13413, 50.36898], [-4.13507, 50.3697]]}, "properties": {"member": "Oreston", "head": "Plymouth", "rank": "creek", "source": "TNA E 159/350", "secondary": false}}, {"type": "Feature", "geometry": {"type": "LineString", "coordinates": [[-4.19267, 50.50559], [-4.18832, 50.50075], [-4.18414, 50.49585], [-4.18012, 50.49087], [-4.17628, 50.48582], [-4.1726, 50.4807], [-4.1691, 50.4755], [-4.16577, 50.47024], [-4.1626, 50.4649], [-4.15961, 50.45949], [-4.15678, 50.45401], [-4.15413, 50.44845], [-4.15164, 50.44283], [-4.14933, 50.43713], [-4.14718, 50.43136], [-4.1452, 50.42552], [-4.1434, 50.4196], [-4.14176, 50.41362], [-4.1403, 50.40756], [-4.139, 50.40143], [-4.13787, 50.39523], [-4.13692, 50.38895], [-4.13613, 50.38261], [-4.13551, 50.37619], [-4.13507, 50.3697]]}, "properties": {"member": "Morewellham", "head": "Plymouth", "rank": "creek", "source": "TNA E 159/350", "secondary": false}}, {"type": "Feature", "geometry": {"type": "LineString", "coordinates": [[0.73011, 50.9492], [0.66752, 50.92155], [0.60478, 50.89583], [0.54186, 50.87204], [0.47879, 50.85019], [0.41555, 50.83027], [0.35215, 50.81228], [0.28859, 50.79623], [0.22487, 50.78211], [0.16098, 50.76993], [0.09693, 50.75968], [0.03272, 50.75136], [-0.03165, 50.74497], [-0.09619, 50.74052], [-0.16089, 50.73801], [-0.22575, 50.73742], [-0.29077, 50.73878], [-0.35596, 50.74206], [-0.42131, 50.74728], [-0.48682, 50.75443], [-0.5525, 50.76352], [-0.61833, 50.77454], [-0.68433, 50.78749], [-0.75049, 50.80237], [-0.81682, 50.81919]]}, "properties": {"member": "Rye Common Quay", "head": "Chichester", "rank": "member", "source": "Dallaway, 1815", "secondary": true}}, {"type": "Feature", "geometry": {"type": "LineString", "coordinates": [[0.96918, 50.98107], [0.89709, 50.94865], [0.8248, 50.91847], [0.7523, 50.89051], [0.67961, 50.86479], [0.60671, 50.8413], [0.53361, 50.82005], [0.4603, 50.80102], [0.3868, 50.78423], [0.31309, 50.76967], [0.23918, 50.75735], [0.16506, 50.74726], [0.09075, 50.73939], [0.01623, 50.73377], [-0.05849, 50.73037], [-0.13341, 50.72921], [-0.20854, 50.73027], [-0.28386, 50.73358], [-0.35939, 50.73911], [-0.43512, 50.74688], [-0.51106, 50.75687], [-0.58719, 50.76911], [-0.66353, 50.78357], [-0.74008, 50.80027], [-0.81682, 50.81919]]}, "properties": {"member": "New Romney", "head": "Chichester", "rank": "member", "source": "Dallaway, 1815", "secondary": true}}]}