{
"type": "FeatureCollection",
"name": "gadd-ogilby-lea",
"crs": { "type": "name", "properties": { "name": "urn:ogc:def:crs:OGC:1.3:CRS84" } },
"features": [
{ "type": "Feature", "properties": { "linetype": 2 }, "geometry": { "type": "LineString", "coordinates": [ [ -1.5741, 54.8556 ], [ -1.5742, 54.8586 ], [ -1.5745, 54.8624 ], [ -1.5743, 54.8642 ], [ -1.5752, 54.8655 ], [ -1.5758, 54.8749 ], [ -1.5771, 54.8921 ], [ -1.5779, 54.8961 ], [ -1.5788, 54.9065 ], [ -1.5801, 54.9074 ], [ -1.5792, 54.9118 ], [ -1.579, 54.915 ], [ -1.5774, 54.9172 ], [ -1.5765, 54.9199 ], [ -1.5769, 54.9219 ], [ -1.5753, 54.9247 ], [ -1.5755, 54.9266 ], [ -1.5798, 54.9314 ], [ -1.5862, 54.9389 ], [ -1.5913, 54.944 ], [ -1.593, 54.9481 ], [ -1.5957, 54.9512 ], [ -1.599, 54.9573 ], [ -1.601, 54.9631 ], [ -1.6026, 54.9649 ], [ -1.6054, 54.9664 ], [ -1.607, 54.9669 ], [ -1.6075, 54.9674 ], [ -1.6095, 54.969 ], [ -1.6117, 54.9694 ], [ -1.6126, 54.9702 ], [ -1.6139, 54.9711 ], [ -1.6165, 54.9719 ], [ -1.6181, 54.9733 ], [ -1.6173, 54.9746 ], [ -1.6146, 54.9772 ], [ -1.6127, 54.9793 ], [ -1.6122, 54.9815 ], [ -1.6133, 54.9851 ], [ -1.6177, 54.9993 ], [ -1.6201, 55.0024 ], [ -1.6207, 55.0046 ], [ -1.6199, 55.0071 ], [ -1.6224, 55.0167 ], [ -1.6222, 55.0244 ], [ -1.6233, 55.0289 ], [ -1.624, 55.0327 ], [ -1.6234, 55.0365 ], [ -1.622, 55.0412 ], [ -1.6213, 55.0427 ], [ -1.6248, 55.0497 ], [ -1.6266, 55.0552 ], [ -1.6272, 55.0585 ], [ -1.6286, 55.0603 ], [ -1.6359, 55.0666 ], [ -1.6415, 55.0709 ], [ -1.6456, 55.0772 ], [ -1.6495, 55.0824 ], [ -1.6519, 55.0865 ], [ -1.6557, 55.0887 ], [ -1.6586, 55.0911 ], [ -1.6608, 55.0964 ], [ -1.6617, 55.0991 ], [ -1.663, 55.1011 ], [ -1.6678, 55.1059 ], [ -1.6678, 55.1066 ], [ -1.6657, 55.1075 ], [ -1.6658, 55.1093 ], [ -1.6674, 55.1102 ], [ -1.6686, 55.116 ], [ -1.6683, 55.1182 ], [ -1.6723, 55.1256 ], [ -1.6736, 55.1269 ], [ -1.674, 55.1291 ], [ -1.6763, 55.1309 ], [ -1.6777, 55.1342 ], [ -1.6786, 55.1351 ], [ -1.6815, 55.138 ], [ -1.6838, 55.1407 ], [ -1.6844, 55.1425 ], [ -1.686, 55.1444 ], [ -1.6849, 55.1475 ], [ -1.6862, 55.1503 ], [ -1.6882, 55.1524 ], [ -1.6908, 55.1577 ], [ -1.6916, 55.16 ], [ -1.69, 55.1618 ], [ -1.6886, 55.1622 ], [ -1.6857, 55.163 ], [ -1.6846, 55.164 ], [ -1.6857, 55.165 ], [ -1.6866, 55.1658 ], [ -1.6865, 55.1666 ], [ -1.6865, 55.167 ], [ -1.6904, 55.1672 ], [ -1.6907, 55.1676 ], [ -1.6913, 55.1676 ], [ -1.6914, 55.1687 ], [ -1.6927, 55.1697 ], [ -1.6954, 55.1711 ], [ -1.6958, 55.1724 ], [ -1.6971, 55.1732 ], [ -1.6998, 55.1734 ], [ -1.7022, 55.1751 ], [ -1.7079, 55.1767 ], [ -1.7175, 55.1819 ], [ -1.7158, 55.1918 ], [ -1.7142, 55.199 ], [ -1.711, 55.2056 ], [ -1.7105, 55.2124 ], [ -1.7103, 55.2186 ], [ -1.7076, 55.2199 ], [ -1.7054, 55.2267 ], [ -1.7043, 55.2285 ], [ -1.7045, 55.2371 ], [ -1.704, 55.2435 ], [ -1.705, 55.2453 ], [ -1.7027, 55.2479 ], [ -1.7027, 55.2562 ], [ -1.7031, 55.2614 ], [ -1.7066, 55.2644 ], [ -1.7132, 55.2656 ], [ -1.7185, 55.2678 ], [ -1.7211, 55.2697 ], [ -1.7213, 55.2716 ], [ -1.7231, 55.2725 ], [ -1.7257, 55.2731 ], [ -1.7264, 55.2753 ], [ -1.7274, 55.2819 ], [ -1.7246, 55.2839 ], [ -1.7192, 55.286 ], [ -1.7161, 55.2886 ], [ -1.7144, 55.2928 ], [ -1.712, 55.2943 ], [ -1.7102, 55.2956 ], [ -1.7101, 55.2964 ], [ -1.7105, 55.2969 ], [ -1.7099, 55.2973 ], [ -1.712, 55.3002 ], [ -1.712, 55.303 ], [ -1.7151, 55.3063 ], [ -1.721, 55.3124 ], [ -1.7216, 55.3144 ], [ -1.7241, 55.3159 ], [ -1.7271, 55.3223 ], [ -1.7267, 55.3268 ], [ -1.7257, 55.3308 ], [ -1.7262, 55.3345 ], [ -1.7273, 55.3377 ], [ -1.7297, 55.3407 ], [ -1.7294, 55.3421 ], [ -1.7289, 55.3438 ], [ -1.7287, 55.3498 ], [ -1.7247, 55.3556 ], [ -1.7249, 55.3645 ], [ -1.724, 55.37 ], [ -1.721, 55.3761 ], [ -1.7142, 55.3846 ], [ -1.7106, 55.3899 ], [ -1.7058, 55.3922 ], [ -1.7057, 55.3923 ], [ -1.696, 55.3977 ], [ -1.6918, 55.4003 ], [ -1.6915, 55.403 ], [ -1.6943, 55.4089 ], [ -1.6996, 55.4109 ], [ -1.7035, 55.4122 ], [ -1.707, 55.4134 ], [ -1.7075, 55.4136 ], [ -1.7085, 55.4141 ], [ -1.7091, 55.4143 ], [ -1.7088, 55.4152 ], [ -1.7087, 55.4155 ], [ -1.7077, 55.4154 ], [ -1.7075, 55.418 ], [ -1.7073, 55.4194 ], [ -1.7054, 55.422 ], [ -1.6999, 55.4268 ], [ -1.7058, 55.4311 ], [ -1.7083, 55.4357 ], [ -1.7078, 55.4384 ], [ -1.7096, 55.4405 ], [ -1.711, 55.4527 ], [ -1.7159, 55.4581 ], [ -1.7161, 55.4616 ], [ -1.7196, 55.4661 ], [ -1.7203, 55.4717 ], [ -1.7212, 55.4787 ], [ -1.7236, 55.483 ], [ -1.7262, 55.4851 ], [ -1.7295, 55.4891 ], [ -1.7308, 55.4911 ], [ -1.7329, 55.494 ], [ -1.7321, 55.4961 ], [ -1.7328, 55.4994 ], [ -1.7346, 55.5013 ], [ -1.7389, 55.5048 ], [ -1.7398, 55.5101 ], [ -1.7452, 55.5179 ], [ -1.7568, 55.5271 ], [ -1.767, 55.5301 ], [ -1.7728, 55.5329 ], [ -1.7798, 55.5383 ], [ -1.7858, 55.5442 ], [ -1.7864, 55.547 ], [ -1.7846, 55.5507 ], [ -1.7932, 55.5594 ], [ -1.7911, 55.5639 ], [ -1.7945, 55.5692 ], [ -1.8002, 55.5763 ], [ -1.8064, 55.5807 ], [ -1.8106, 55.5866 ], [ -1.8212, 55.5932 ], [ -1.8264, 55.5962 ], [ -1.8292, 55.5973 ], [ -1.8295, 55.5986 ], [ -1.8293, 55.6004 ], [ -1.8322, 55.6048 ], [ -1.8362, 55.6097 ], [ -1.8418, 55.6139 ], [ -1.849, 55.6219 ], [ -1.8613, 55.6339 ], [ -1.8707, 55.6403 ], [ -1.8906, 55.6546 ], [ -1.9169, 55.6716 ], [ -1.922, 55.6741 ], [ -1.93, 55.6781 ], [ -1.9357, 55.6831 ], [ -1.9388, 55.6865 ], [ -1.9533, 55.6848 ], [ -1.9543, 55.6913 ], [ -1.9575, 55.6935 ], [ -1.9604, 55.6953 ], [ -1.9678, 55.7043 ], [ -1.9784, 55.7158 ], [ -1.9833, 55.7233 ], [ -1.9954, 55.742 ], [ -2.0075, 55.7549 ], [ -2.0093, 55.7572 ], [ -2.0109, 55.761 ], [ -2.0119, 55.765 ], [ -2.0107, 55.7654 ], [ -2.0111, 55.7664 ], [ -2.0109, 55.7675 ], [ -2.007, 55.7681 ], [ -2.0059, 55.7689 ], [ -2.0052, 55.7704 ] ] } },
{ "type": "Feature", "properties": { "linetype": 1 }, "geometry": { "type": "LineString", "coordinates": [ [ -1.5798, 54.778 ], [ -2.1001, 54.9663 ] ] } },
{ "type": "Feature", "properties": { "linetype": 1 }, "geometry": { "type": "LineString", "coordinates": [ [ -2.1014, 54.9714 ], [ -2.1011, 54.9713 ], [ -2.1008, 54.9701 ], [ -2.1011, 54.9698 ], [ -2.1009, 54.9676 ], [ -2.1001, 54.9663 ], [ -1.8836, 54.7301 ] ] } },
{ "type": "Feature", "properties": { "linetype": 1 }, "geometry": { "type": "LineString", "coordinates": [ [ -1.5756, 54.7769 ], [ -1.5779, 54.7761 ], [ -1.5791, 54.7762 ], [ -1.6525, 54.7338 ] ] } },
{ "type": "Feature", "properties": { "linetype": 1 }, "geometry": { "type": "LineString", "coordinates": [ [ -1.6525, 54.7338 ], [ -1.6734, 54.6658 ], [ -1.6764, 54.5367 ], [ -1.7318, 54.4067 ] ] } },
{ "type": "Feature", "properties": { "linetype": 1 }, "geometry": { "type": "LineString", "coordinates": [ [ -0.4052, 54.2808 ], [ -0.4033, 54.272 ], [ -0.3182, 54.2009 ], [ -0.3224, 54.1813 ], [ -0.2722, 54.1629 ], [ -0.1258, 54.1127 ] ] } },
{ "type": "Feature", "properties": { "linetype": 1 }, "geometry": { "type": "LineString", "coordinates": [ [ -0.4392, 53.6829 ], [ -0.2879, 53.562 ], [ -0.0935, 53.552 ] ] } },
{ "type": "Feature", "properties": { "linetype": 1 }, "geometry": { "type": "LineString", "coordinates": [ [ -0.4404, 53.6831 ], [ -0.6009, 53.6904 ], [ -0.6846, 53.6495 ], [ -0.8334, 53.607 ], [ -0.9613, 53.6112 ] ] } },
{ "type": "Feature", "properties": { "linetype": 1 }, "geometry": { "type": "LineString", "coordinates": [ [ -0.9613, 53.6112 ], [ -0.9897, 53.6854 ], [ -1.0297, 53.6918 ] ] } },
{ "type": "Feature", "properties": { "linetype": 1 }, "geometry": { "type": "LineString", "coordinates": [ [ -0.9613, 53.6112 ], [ -1.0001, 53.5787 ], [ -1.1328, 53.5246 ] ] } },
{ "type": "Feature", "properties": { "linetype": 1 }, "geometry": { "type": "LineString", "coordinates": [ [ -1.0821, 53.9596 ], [ -0.9268, 53.9511 ], [ -0.7786, 53.9305 ], [ -0.7927, 54.1303 ], [ -0.7906, 54.1323 ] ] } },
{ "type": "Feature", "properties": { "linetype": 1 }, "geometry": { "type": "LineString", "coordinates": [ [ -2.5913, 53.3859 ], [ -2.5328, 53.3728 ], [ -2.3735, 53.3053 ], [ -2.3719, 53.2483 ] ] } },
{ "type": "Feature", "properties": { "linetype": 1 }, "geometry": { "type": "LineString", "coordinates": [ [ -2.2866, 53.1 ], [ -2.2845, 53.0939 ], [ -2.2828, 53.09 ], [ -2.2798, 53.0866 ], [ -2.2758, 53.084 ], [ -2.2704, 53.082 ], [ -2.2689, 53.0802 ], [ -2.2685, 53.0788 ], [ -2.2631, 53.0774 ], [ -2.2614, 53.076 ] ] } },
{ "type": "Feature", "properties": { "linetype": 1 }, "geometry": { "type": "LineString", "coordinates": [ [ -2.8711, 53.1919 ], [ -2.7633, 53.1977 ], [ -2.5159, 53.2605 ], [ -2.5141, 53.261 ] ] } },
{ "type": "Feature", "properties": { "linetype": 1 }, "geometry": { "type": "LineString", "coordinates": [ [ -3.1486, 52.5603 ], [ -3.258, 52.5012 ], [ -3.3176, 52.474 ], [ -3.481, 52.3413 ], [ -3.5102, 52.3005 ] ] } },
{ "type": "Feature", "properties": { "linetype": 1 }, "geometry": { "type": "LineString", "coordinates": [ [ -4.0867, 52.4136 ], [ -4.0323, 52.4619 ], [ -3.9954, 52.4712 ] ] } },
{ "type": "Feature", "properties": { "linetype": 1 }, "geometry": { "type": "LineString", "coordinates": [ [ -4.0867, 52.4136 ], [ -4.085, 52.4114 ], [ -4.0949, 52.3757 ], [ -4.1245, 52.3268 ] ] } },
{ "type": "Feature", "properties": { "linetype": 1 }, "geometry": { "type": "LineString", "coordinates": [ [ -3.8398, 52.2756 ], [ -3.6175, 52.3351 ] ] } },
{ "type": "Feature", "properties": { "linetype": 1 }, "geometry": { "type": "LineString", "coordinates": [ [ -2.5664, 52.6924 ], [ -2.3586, 52.6954 ] ] } },
{ "type": "Feature", "properties": { "linetype": 1 }, "geometry": { "type": "LineString", "coordinates": [ [ -2.9363, 54.9002 ], [ -2.9035, 54.9207 ], [ -2.7478, 54.9714 ], [ -2.6722, 54.9735 ], [ -2.5867, 54.9945 ], [ -2.5754, 54.9906 ] ] } },
{ "type": "Feature", "properties": { "linetype": 1 }, "geometry": { "type": "LineString", "coordinates": [ [ -1.476, 52.9197 ], [ -1.6029, 52.8398 ], [ -1.6299, 52.8015 ], [ -1.7301, 52.7396 ], [ -1.8276, 52.6837 ], [ -1.8298, 52.6827 ] ] } },
{ "type": "Feature", "properties": { "linetype": 1 }, "geometry": { "type": "LineString", "coordinates": [ [ -1.8421, 52.6894 ], [ -2.1165, 52.7276 ], [ -2.3586, 52.6954 ] ] } },
{ "type": "Feature", "properties": { "linetype": 1 }, "geometry": { "type": "LineString", "coordinates": [ [ -1.8298, 52.6827 ], [ -1.979, 52.5832 ], [ -2.0186, 52.5522 ], [ -2.0642, 52.513 ] ] } },
{ "type": "Feature", "properties": { "linetype": 1 }, "geometry": { "type": "LineString", "coordinates": [ [ -1.4127, 52.3351 ], [ -1.4112, 52.3344 ], [ -1.4116, 52.3325 ], [ -1.4087, 52.3263 ], [ -1.4061, 52.3223 ], [ -1.4057, 52.3193 ], [ -1.4045, 52.3187 ] ] } },
{ "type": "Feature", "properties": { "linetype": 1 }, "geometry": { "type": "LineString", "coordinates": [ [ -0.5389, 53.2344 ], [ -0.5821, 53.3104 ], [ -0.6773, 53.3276 ], [ -0.744, 53.3333 ], [ -0.7758, 53.3994 ] ] } },
{ "type": "Feature", "properties": { "linetype": 1 }, "geometry": { "type": "LineString", "coordinates": [ [ -0.7758, 53.3994 ], [ -0.7846, 53.4143 ], [ -0.8176, 53.4263 ], [ -0.8429, 53.4216 ], [ -0.8952, 53.4079 ], [ -0.9613, 53.4143 ], [ -1.0143, 53.4269 ], [ -1.0213, 53.4292 ] ] } },
{ "type": "Feature", "properties": { "linetype": 1 }, "geometry": { "type": "LineString", "coordinates": [ [ 1.3006, 52.9316 ], [ 1.3, 52.9317 ], [ 1.2997, 52.9324 ], [ 1.1887, 52.9308 ], [ 1.1414, 52.9431 ], [ 1.0372, 52.9482 ], [ 0.8689, 52.9499 ], [ 0.8587, 52.9503 ] ] } },
{ "type": "Feature", "properties": { "linetype": 1 }, "geometry": { "type": "LineString", "coordinates": [ [ 0.8738, 52.8945 ], [ 0.9018, 52.8526 ], [ 0.9305, 52.8144 ], [ 0.9385, 52.7469 ] ] } },
{ "type": "Feature", "properties": { "linetype": 1 }, "geometry": { "type": "LineString", "coordinates": [ [ 1.111, 52.7625 ], [ 1.1386, 52.8303 ], [ 1.2983, 52.9313 ], [ 1.3002, 52.9311 ] ] } },
{ "type": "Feature", "properties": { "linetype": 1 }, "geometry": { "type": "LineString", "coordinates": [ [ 1.3868, 52.8212 ], [ 1.4538, 52.7688 ], [ 1.5341, 52.74 ], [ 1.7266, 52.6083 ] ] } },
{ "type": "Feature", "properties": { "linetype": 1 }, "geometry": { "type": "LineString", "coordinates": [ [ 0.9385, 52.7465 ], [ 0.9404, 52.6818 ], [ 0.8257, 52.5714 ], [ 0.8184, 52.5472 ], [ 0.788, 52.5054 ] ] } },
{ "type": "Feature", "properties": { "linetype": 9 }, "geometry": { "type": "LineString", "coordinates": [ [ 0.788, 52.5054 ], [ 0.7497, 52.4715 ] ] } },
{ "type": "Feature", "properties": { "linetype": 1 }, "geometry": { "type": "LineString", "coordinates": [ [ 1.1487, 52.3609 ], [ 1.0045, 52.3424 ], [ 0.837, 52.3025 ], [ 0.8339, 52.2996 ] ] } },
{ "type": "Feature", "properties": { "linetype": 1 }, "geometry": { "type": "LineString", "coordinates": [ [ 1.5501, 52.4702 ], [ 1.4376, 52.4561 ], [ 1.2996, 52.4017 ], [ 1.2368, 52.3702 ], [ 1.1581, 52.3672 ] ] } },
{ "type": "Feature", "properties": { "linetype": 1 }, "geometry": { "type": "LineString", "coordinates": [ [ -5.1195, 50.2307 ], [ -5.0804, 50.2558 ], [ -5.0532, 50.2631 ], [ -5.0509, 50.2634 ] ] } },
{ "type": "Feature", "properties": { "linetype": 1 }, "geometry": { "type": "LineString", "coordinates": [ [ -5.6942, 50.0648 ], [ -5.6938, 50.0692 ] ] } },
{ "type": "Feature", "properties": { "linetype": 1 }, "geometry": { "type": "LineString", "coordinates": [ [ -5.0556, 50.3673 ], [ -5.0004, 50.3784 ], [ -4.9649, 50.3743 ] ] } },
{ "type": "Feature", "properties": { "linetype": 2 }, "geometry": { "type": "LineString", "coordinates": [ [ -3.6005, 50.6048 ], [ -3.5555, 50.6159 ], [ -3.5352, 50.6671 ], [ -3.5337, 50.6994 ] ] } },
{ "type": "Feature", "properties": { "linetype": 1 }, "geometry": { "type": "LineString", "coordinates": [ [ -3.6005, 50.6048 ], [ -3.612, 50.5496 ] ] } },
{ "type": "Feature", "properties": { "linetype": 1 }, "geometry": { "type": "LineString", "coordinates": [ [ -3.7574, 50.5147 ], [ -4.1436, 50.5489 ], [ -4.1438, 50.5502 ] ] } },
{ "type": "Feature", "properties": { "linetype": 1 }, "geometry": { "type": "LineString", "coordinates": [ [ -4.212, 50.5285 ], [ -4.5603, 50.4822 ], [ -4.721, 50.4712 ] ] } },
{ "type": "Feature", "properties": { "linetype": 1 }, "geometry": { "type": "LineString", "coordinates": [ [ -4.5603, 50.4822 ], [ -4.3747, 50.5368 ], [ -4.316, 50.5465 ], [ -4.2597, 50.5516 ], [ -4.1438, 50.5502 ] ] } },
{ "type": "Feature", "properties": { "linetype": 1 }, "geometry": { "type": "LineString", "coordinates": [ [ -4.721, 50.4712 ], [ -4.9649, 50.3743 ] ] } },
{ "type": "Feature", "properties": { "linetype": 1 }, "geometry": { "type": "LineString", "coordinates": [ [ -3.7624, 50.6612 ], [ -3.6005, 50.6048 ] ] } },
{ "type": "Feature", "properties": { "linetype": 2 }, "geometry": { "type": "LineString", "coordinates": [ [ -3.5371, 50.7184 ], [ -3.6811, 50.7351 ], [ -3.7392, 50.7235 ], [ -3.8559, 50.7179 ], [ -3.9098, 50.7255 ], [ -3.9234, 50.7299 ], [ -4.0014, 50.7396 ], [ -4.0033, 50.739 ] ] } },
{ "type": "Feature", "properties": { "linetype": 2 }, "geometry": { "type": "LineString", "coordinates": [ [ -4.0033, 50.739 ], [ -4.0043, 50.7387 ], [ -4.2836, 50.6424 ], [ -4.3269, 50.6406 ], [ -4.3602, 50.6371 ] ] } },
{ "type": "Feature", "properties": { "linetype": 2 }, "geometry": { "type": "LineString", "coordinates": [ [ -4.0724, 50.8218 ], [ -4.1542, 50.8179 ], [ -4.3533, 50.81 ], [ -4.514, 50.8302 ] ] } },
{ "type": "Feature", "properties": { "linetype": 2 }, "geometry": { "type": "LineString", "coordinates": [ [ -4.0724, 50.8218 ], [ -3.9081, 50.799 ], [ -3.8965, 50.7997 ], [ -3.8186, 50.8015 ], [ -3.6576, 50.7912 ] ] } },
{ "type": "Feature", "properties": { "linetype": 1 }, "geometry": { "type": "LineString", "coordinates": [ [ -3.8965, 50.7997 ], [ -3.8783, 50.7553 ], [ -3.8559, 50.7179 ], [ -3.8149, 50.6846 ], [ -3.7624, 50.6612 ] ] } },
{ "type": "Feature", "properties": { "linetype": 1 }, "geometry": { "type": "LineString", "coordinates": [ [ -3.9081, 50.799 ], [ -4.0594, 50.9158 ], [ -4.1429, 50.9521 ] ] } },
{ "type": "Feature", "properties": { "linetype": 1 }, "geometry": { "type": "LineString", "coordinates": [ [ -4.4824, 50.9927 ], [ -4.354, 50.9814 ], [ -4.2068, 51.0168 ] ] } },
{ "type": "Feature", "properties": { "linetype": 1 }, "geometry": { "type": "LineString", "coordinates": [ [ -4.0754, 51.0695 ], [ -4.198, 51.0195 ] ] } },
{ "type": "Feature", "properties": { "linetype": 1 }, "geometry": { "type": "LineString", "coordinates": [ [ -3.8186, 50.8015 ], [ -3.874, 50.8873 ], [ -3.8688, 50.912 ] ] } },
{ "type": "Feature", "properties": { "linetype": 1 }, "geometry": { "type": "LineString", "coordinates": [ [ -3.898, 50.9482 ], [ -3.8762, 50.9588 ], [ -3.8349, 51.0177 ] ] } },
{ "type": "Feature", "properties": { "linetype": 1 }, "geometry": { "type": "LineString", "coordinates": [ [ -2.9315, 50.7262 ], [ -2.933, 50.726 ], [ -2.9588, 50.7566 ], [ -2.9687, 50.7627 ], [ -2.9983, 50.7828 ] ] } },
{ "type": "Feature", "properties": { "linetype": 1 }, "geometry": { "type": "LineString", "coordinates": [ [ -2.9297, 50.7344 ], [ -2.9171, 50.7617 ], [ -2.7778, 50.804 ], [ -2.7389, 50.8089 ], [ -2.6779, 50.8257 ], [ -2.6056, 50.8385 ] ] } },
{ "type": "Feature", "properties": { "linetype": 1 }, "geometry": { "type": "LineString", "coordinates": [ [ -2.6056, 50.8385 ], [ -2.4752, 50.8092 ], [ -2.2759, 50.8156 ], [ -2.1668, 50.851 ] ] } },
{ "type": "Feature", "properties": { "linetype": 1 }, "geometry": { "type": "LineString", "coordinates": [ [ -2.4752, 50.8092 ], [ -2.4452, 50.8461 ], [ -2.3079, 50.9212 ], [ -2.305, 50.9258 ], [ -2.1968, 51.0057 ] ] } },
{ "type": "Feature", "properties": { "linetype": 1 }, "geometry": { "type": "LineString", "coordinates": [ [ -3.0034, 50.7848 ], [ -3.1154, 50.9415 ], [ -3.2276, 50.9784 ] ] } },
{ "type": "Feature", "properties": { "linetype": 1 }, "geometry": { "type": "LineString", "coordinates": [ [ -2.9983, 50.7828 ], [ -3.1154, 50.9415 ], [ -3.2276, 50.9784 ] ] } },
{ "type": "Feature", "properties": { "linetype": 1 }, "geometry": { "type": "LineString", "coordinates": [ [ -2.728, 51.0536 ], [ -2.5209, 50.9505 ], [ -2.5194, 50.95 ], [ -2.5168, 50.9501 ] ] } },
{ "type": "Feature", "properties": { "linetype": 1 }, "geometry": { "type": "LineString", "coordinates": [ [ -2.5152, 50.9467 ], [ -2.5168, 50.9501 ], [ -2.517, 50.9515 ], [ -2.4785, 51.0061 ], [ -2.4111, 51.0561 ] ] } },
{ "type": "Feature", "properties": { "linetype": 1 }, "geometry": { "type": "LineString", "coordinates": [ [ -2.4111, 51.0561 ], [ -2.4257, 51.0992 ] ] } },
{ "type": "Feature", "properties": { "linetype": 1 }, "geometry": { "type": "LineString", "coordinates": [ [ -2.7208, 51.0581 ], [ -2.6977, 51.0594 ], [ -2.6827, 51.0692 ] ] } },
{ "type": "Feature", "properties": { "linetype": 1 }, "geometry": { "type": "LineString", "coordinates": [ [ -3.2276, 50.9784 ], [ -3.3127, 51.0423 ], [ -3.3586, 51.0556 ], [ -3.3699, 51.0682 ], [ -3.388, 51.0996 ], [ -3.4145, 51.118 ] ] } },
{ "type": "Feature", "properties": { "linetype": 1 }, "geometry": { "type": "LineString", "coordinates": [ [ -1.7952, 51.0694 ], [ -1.7857, 51.068 ], [ -1.677, 51.0639 ], [ -1.5341, 51.1162 ], [ -1.5205, 51.1163 ] ] } },
{ "type": "Feature", "properties": { "linetype": 1 }, "geometry": { "type": "LineString", "coordinates": [ [ -1.4985, 51.1146 ], [ -1.498, 51.1146 ], [ -1.4907, 51.1137 ], [ -1.4872, 51.1136 ], [ -1.322, 51.0666 ], [ -1.3202, 51.0647 ], [ -1.3195, 51.0636 ] ] } },
{ "type": "Feature", "properties": { "linetype": 1 }, "geometry": { "type": "LineString", "coordinates": [ [ -1.7198, 50.9905 ], [ -1.6653, 51.0034 ], [ -1.6575, 51.01 ] ] } },
{ "type": "Feature", "properties": { "linetype": 1 }, "geometry": { "type": "LineString", "coordinates": [ [ -1.9213, 50.9193 ], [ -1.7925, 50.9265 ], [ -1.607, 50.973 ], [ -1.5143, 50.9783 ], [ -1.505, 50.9834 ] ] } },
{ "type": "Feature", "properties": { "linetype": 1 }, "geometry": { "type": "LineString", "coordinates": [ [ -1.5417, 50.7581 ], [ -1.4513, 50.8192 ], [ -1.4501, 50.8212 ], [ -1.3975, 50.8709 ], [ -1.4037, 50.8996 ] ] } },
{ "type": "Feature", "properties": { "linetype": 1 }, "geometry": { "type": "LineString", "coordinates": [ [ -1.4162, 50.9087 ], [ -1.4744, 50.9218 ], [ -1.475, 50.9216 ], [ -1.4845, 50.9163 ], [ -1.4794, 50.9105 ], [ -1.5727, 50.8177 ], [ -1.5417, 50.7581 ] ] } },
{ "type": "Feature", "properties": { "linetype": 1 }, "geometry": { "type": "LineString", "coordinates": [ [ -1.4744, 50.9218 ], [ -1.496, 50.9882 ] ] } },
{ "type": "Feature", "properties": { "linetype": 1 }, "geometry": { "type": "LineString", "coordinates": [ [ -1.3135, 51.0622 ], [ -1.2756, 51.0277 ], [ -1.2128, 50.9541 ], [ -1.1873, 50.9001 ], [ -1.1846, 50.9 ], [ -1.1774, 50.8523 ] ] } },
{ "type": "Feature", "properties": { "linetype": 1 }, "geometry": { "type": "LineString", "coordinates": [ [ -1.1774, 50.8523 ], [ -1.1672, 50.8527 ], [ -1.1235, 50.8467 ], [ -1.0672, 50.8448 ] ] } },
{ "type": "Feature", "properties": { "linetype": 1 }, "geometry": { "type": "LineString", "coordinates": [ [ -0.9345, 51.0038 ], [ -0.9363, 51.0014 ], [ -0.9385, 50.9995 ], [ -0.9404, 50.9981 ], [ -0.942, 50.997 ], [ -0.9425, 50.9968 ], [ -0.945, 50.9959 ], [ -0.9471, 50.9939 ], [ -0.9493, 50.9921 ], [ -0.9517, 50.9908 ], [ -0.9543, 50.9896 ], [ -0.9557, 50.9879 ], [ -0.9566, 50.9862 ], [ -0.957, 50.9854 ], [ -0.9577, 50.9848 ], [ -0.9595, 50.984 ], [ -0.9627, 50.9829 ], [ -0.9666, 50.9814 ], [ -0.9677, 50.9792 ], [ -0.9717, 50.9741 ], [ -0.973, 50.9711 ], [ -0.9766, 50.9683 ], [ -0.9801, 50.9659 ], [ -0.981, 50.9641 ], [ -0.9792, 50.9617 ], [ -0.979, 50.9594 ], [ -0.9812, 50.9568 ], [ -0.9829, 50.9548 ], [ -0.9823, 50.9518 ], [ -0.9836, 50.9472 ], [ -0.9846, 50.9445 ], [ -0.9865, 50.9421 ], [ -0.9901, 50.9395 ], [ -0.9936, 50.9364 ], [ -0.9952, 50.9334 ], [ -0.9975, 50.9276 ], [ -0.9985, 50.9222 ], [ -0.9984, 50.9199 ], [ -0.9968, 50.9152 ], [ -0.9962, 50.9139 ], [ -0.9961, 50.9136 ], [ -0.9964, 50.9136 ], [ -0.9981, 50.9132 ], [ -1.0001, 50.9129 ], [ -1.0012, 50.9119 ], [ -1.0083, 50.9083 ], [ -1.0118, 50.9041 ], [ -1.0159, 50.8981 ], [ -1.0175, 50.895 ], [ -1.0201, 50.8923 ], [ -1.0233, 50.8897 ], [ -1.0267, 50.8855 ], [ -1.0289, 50.8826 ], [ -1.0299, 50.8814 ], [ -1.0321, 50.8792 ], [ -1.0332, 50.8786 ], [ -1.0356, 50.8771 ], [ -1.0389, 50.875 ], [ -1.0412, 50.8735 ], [ -1.0438, 50.8727 ], [ -1.0443, 50.8714 ], [ -1.0441, 50.8686 ], [ -1.0444, 50.8679 ], [ -1.0445, 50.8676 ], [ -1.0463, 50.8657 ], [ -1.0475, 50.8612 ], [ -1.0483, 50.8595 ], [ -1.0499, 50.8576 ], [ -1.0508, 50.8559 ], [ -1.0538, 50.8533 ], [ -1.0548, 50.8521 ], [ -1.0599, 50.851 ], [ -1.0631, 50.8501 ], [ -1.0642, 50.8498 ], [ -1.0661, 50.8483 ], [ -1.0666, 50.8468 ], [ -1.0672, 50.8448 ], [ -1.0685, 50.8411 ], [ -1.0685, 50.8398 ], [ -1.0706, 50.8386 ], [ -1.0716, 50.8379 ], [ -1.0716, 50.8366 ], [ -1.0722, 50.8348 ], [ -1.0714, 50.8324 ], [ -1.07, 50.8296 ], [ -1.0715, 50.8272 ], [ -1.0728, 50.8252 ], [ -1.0741, 50.8229 ], [ -1.0774, 50.8195 ], [ -1.0791, 50.8172 ], [ -1.0794, 50.8154 ], [ -1.0799, 50.8129 ], [ -1.0814, 50.8132 ], [ -1.0828, 50.8133 ], [ -1.0852, 50.8126 ], [ -1.0863, 50.8091 ], [ -1.0868, 50.8078 ], [ -1.0864, 50.8059 ], [ -1.087, 50.8036 ], [ -1.0881, 50.802 ], [ -1.0904, 50.8 ], [ -1.0912, 50.7975 ], [ -1.093, 50.796 ], [ -1.0956, 50.7948 ], [ -1.0982, 50.7942 ], [ -1.0995, 50.7923 ], [ -1.1036, 50.7902 ] ] } },
{ "type": "Feature", "properties": { "linetype": 9 }, "geometry": { "type": "LineString", "coordinates": [ [ -1.0666, 50.8468 ], [ -0.9814, 50.8514 ] ] } },
{ "type": "Feature", "properties": { "linetype": 1 }, "geometry": { "type": "LineString", "coordinates": [ [ -0.9814, 50.8514 ], [ -0.7792, 50.8365 ] ] } },
{ "type": "Feature", "properties": { "linetype": 1 }, "geometry": { "type": "LineString", "coordinates": [ [ -0.9595, 50.984 ], [ -0.9596, 50.9388 ], [ -0.9814, 50.8514 ] ] } },
{ "type": "Feature", "properties": { "linetype": 1 }, "geometry": { "type": "LineString", "coordinates": [ [ -1.188, 51.0809 ], [ -1.2945, 51.0909 ] ] } },
{ "type": "Feature", "properties": { "linetype": 1 }, "geometry": { "type": "LineString", "coordinates": [ [ -2.1853, 50.8283 ], [ -2.1709, 50.7781 ], [ -2.1126, 50.6899 ], [ -2.1101, 50.6859 ] ] } },
{ "type": "Feature", "properties": { "linetype": 1 }, "geometry": { "type": "LineString", "coordinates": [ [ -2.1126, 50.6899 ], [ -2.0574, 50.7374 ], [ -1.9961, 50.7982 ], [ -1.9916, 50.7996 ], [ -1.9898, 50.7999 ], [ -1.9897, 50.8002 ], [ -1.9884, 50.8003 ] ] } },
{ "type": "Feature", "properties": { "linetype": 1 }, "geometry": { "type": "LineString", "coordinates": [ [ -1.4991, 50.7055 ], [ -1.3133, 50.6914 ], [ -1.2937, 50.6996 ], [ -1.2456, 50.6785 ], [ -1.2064, 50.6669 ] ] } },
{ "type": "Feature", "properties": { "linetype": 1 }, "geometry": { "type": "LineString", "coordinates": [ [ -0.2743, 50.8329 ], [ -0.3067, 50.8826 ], [ -0.3153, 50.8829 ], [ -0.3282, 50.8879 ], [ -0.2737, 50.9901 ] ] } },
{ "type": "Feature", "properties": { "linetype": 1 }, "geometry": { "type": "LineString", "coordinates": [ [ -0.3283, 51.0624 ], [ -0.4492, 50.9542 ], [ -0.5443, 50.8472 ] ] } },
{ "type": "Feature", "properties": { "linetype": 1 }, "geometry": { "type": "LineString", "coordinates": [ [ -0.5753, 50.8876 ], [ -0.5662, 50.9093 ], [ -0.6101, 50.9863 ] ] } },
{ "type": "Feature", "properties": { "linetype": 1 }, "geometry": { "type": "LineString", "coordinates": [ [ -0.6101, 50.9864 ], [ -0.702, 50.8699 ], [ -0.7415, 50.8511 ] ] } },
{ "type": "Feature", "properties": { "linetype": 1 }, "geometry": { "type": "LineString", "coordinates": [ [ -0.6275, 51.1114 ], [ -0.6101, 50.9864 ] ] } },
{ "type": "Feature", "properties": { "linetype": 1 }, "geometry": { "type": "LineString", "coordinates": [ [ -4.1701, 52.2885 ], [ -4.1685, 52.2858 ], [ -4.1623, 52.2862 ], [ -4.1284, 52.2869 ], [ -3.9338, 52.2196 ] ] } },
{ "type": "Feature", "properties": { "linetype": 1 }, "geometry": { "type": "LineString", "coordinates": [ [ -3.1662, 51.5399 ], [ -3.1895, 51.5292 ], [ -3.2028, 51.5255 ], [ -3.2285, 51.5005 ], [ -3.2182, 51.4947 ] ] } },
{ "type": "Feature", "properties": { "linetype": 1 }, "geometry": { "type": "LineString", "coordinates": [ [ -3.1662, 51.5399 ], [ -3.1185, 51.585 ], [ -3.026, 51.6065 ], [ -3.0087, 51.6053 ], [ -2.9944, 51.6115 ], [ -2.9536, 51.6096 ] ] } },
{ "type": "Feature", "properties": { "linetype": 1 }, "geometry": { "type": "LineString", "coordinates": [ [ -4.0745, 52.1384 ], [ -3.9434, 52.2135 ], [ -3.9338, 52.2196 ] ] } },
{ "type": "Feature", "properties": { "linetype": 1 }, "geometry": { "type": "LineString", "coordinates": [ [ -3.9338, 52.2196 ], [ -3.8398, 52.2756 ] ] } },
{ "type": "Feature", "properties": { "linetype": 1 }, "geometry": { "type": "LineString", "coordinates": [ [ -2.4225, 52.0364 ], [ -2.3287, 52.1119 ] ] } },
{ "type": "Feature", "properties": { "linetype": 1 }, "geometry": { "type": "LineString", "coordinates": [ [ -2.4225, 52.0364 ], [ -2.4073, 51.9353 ], [ -2.4046, 51.9305 ], [ -2.4836, 51.8872 ], [ -2.4895, 51.8646 ], [ -2.4881, 51.8622 ] ] } },
{ "type": "Feature", "properties": { "linetype": 1 }, "geometry": { "type": "LineString", "coordinates": [ [ -2.4881, 51.8622 ], [ -2.4726, 51.8408 ], [ -2.477, 51.8198 ], [ -2.5362, 51.7243 ], [ -2.5759, 51.7036 ], [ -2.6395, 51.6584 ], [ -2.6548, 51.6384 ] ] } },
{ "type": "Feature", "properties": { "linetype": 1 }, "geometry": { "type": "LineString", "coordinates": [ [ -2.5914, 51.4536 ], [ -2.5489, 51.4338 ], [ -2.4935, 51.4122 ], [ -2.4246, 51.3822 ], [ -2.3599, 51.3775 ] ] } },
{ "type": "Feature", "properties": { "linetype": 1 }, "geometry": { "type": "LineString", "coordinates": [ [ -2.3599, 51.3775 ], [ -2.3436, 51.3449 ], [ -2.3014, 51.3383 ], [ -2.2511, 51.3478 ] ] } },
{ "type": "Feature", "properties": { "linetype": 1 }, "geometry": { "type": "LineString", "coordinates": [ [ -2.2511, 51.3478 ], [ -2.251, 51.3469 ], [ -2.2572, 51.3143 ], [ -2.2856, 51.2635 ], [ -2.3201, 51.232 ], [ -2.3204, 51.2318 ], [ -2.3215, 51.2311 ] ] } },
{ "type": "Feature", "properties": { "linetype": 1 }, "geometry": { "type": "LineString", "coordinates": [ [ -2.5445, 51.152 ], [ -2.5464, 51.1906 ] ] } },
{ "type": "Feature", "properties": { "linetype": 1 }, "geometry": { "type": "LineString", "coordinates": [ [ -3.4791, 51.2055 ], [ -3.4443, 51.1848 ], [ -3.4292, 51.1816 ], [ -3.373, 51.1683 ], [ -3.2902, 51.1277 ] ] } },
{ "type": "Feature", "properties": { "linetype": 9 }, "geometry": { "type": "LineString", "coordinates": [ [ -3.2902, 51.1277 ], [ -3.2652, 51.0979 ] ] } },
{ "type": "Feature", "properties": { "linetype": 1 }, "geometry": { "type": "LineString", "coordinates": [ [ -3.4292, 51.1816 ], [ -3.3308, 51.1826 ], [ -3.3057, 51.1777 ], [ -3.2694, 51.1694 ], [ -3.1875, 51.1586 ], [ -3.1566, 51.151 ], [ -3.0608, 51.151 ], [ -3.0036, 51.1283 ] ] } },
{ "type": "Feature", "properties": { "linetype": 1 }, "geometry": { "type": "LineString", "coordinates": [ [ -3.5016, 51.1377 ], [ -3.4145, 51.118 ] ] } },
{ "type": "Feature", "properties": { "linetype": 1 }, "geometry": { "type": "LineString", "coordinates": [ [ -2.9876, 51.2057 ], [ -3.0053, 51.1817 ], [ -2.9732, 51.1692 ], [ -2.9345, 51.1683 ], [ -2.8333, 51.1399 ], [ -2.8264, 51.1319 ] ] } },
{ "type": "Feature", "properties": { "linetype": 1 }, "geometry": { "type": "LineString", "coordinates": [ [ 0.7308, 52.0386 ], [ 0.7333, 52.0384 ], [ 0.7333, 52.038 ], [ 0.7366, 52.0368 ], [ 0.8228, 52.0139 ], [ 0.8911, 51.9896 ], [ 0.9564, 51.9805 ], [ 0.9729, 51.9703 ] ] } },
{ "type": "Feature", "properties": { "linetype": 1 }, "geometry": { "type": "LineString", "coordinates": [ [ 1.0645, 51.9454 ], [ 0.9707, 51.9613 ] ] } },
{ "type": "Feature", "properties": { "linetype": 1 }, "geometry": { "type": "LineString", "coordinates": [ [ 0.6745, 51.7311 ], [ 0.6633, 51.6726 ], [ 0.6497, 51.6648 ], [ 0.6133, 51.6303 ], [ 0.6016, 51.5911 ] ] } },
{ "type": "Feature", "properties": { "linetype": 1 }, "geometry": { "type": "LineString", "coordinates": [ [ 0.7064, 51.5823 ], [ 0.6745, 51.643 ], [ 0.6633, 51.6726 ] ] } },
{ "type": "Feature", "properties": { "linetype": 1 }, "geometry": { "type": "LineString", "coordinates": [ [ 0.7064, 51.5823 ], [ 0.7031, 51.5512 ], [ 0.7055, 51.5491 ], [ 0.7139, 51.5353 ] ] } },
{ "type": "Feature", "properties": { "linetype": 1 }, "geometry": { "type": "LineString", "coordinates": [ [ -2.2335, 52.1886 ], [ -2.2469, 52.1617 ], [ -2.3287, 52.1119 ] ] } },
{ "type": "Feature", "properties": { "linetype": 1 }, "geometry": { "type": "LineString", "coordinates": [ [ -2.1446, 52.2689 ], [ -1.9881, 52.253 ], [ -1.884, 52.241 ] ] } },
{ "type": "Feature", "properties": { "linetype": 1 }, "geometry": { "type": "LineString", "coordinates": [ [ -2.2265, 51.4722 ], [ -2.229, 51.4935 ], [ -2.203, 51.5189 ], [ -2.1655, 51.5579 ], [ -2.1729, 51.5732 ], [ -2.1588, 51.6369 ] ] } },
{ "type": "Feature", "properties": { "linetype": 1 }, "geometry": { "type": "LineString", "coordinates": [ [ -2.3201, 51.232 ], [ -2.238, 51.1988 ], [ -2.1863, 51.2048 ] ] } },
{ "type": "Feature", "properties": { "linetype": 1 }, "geometry": { "type": "LineString", "coordinates": [ [ -1.4658, 51.4136 ], [ -1.4812, 51.4141 ], [ -1.4936, 51.4157 ], [ -1.4997, 51.4159 ], [ -1.5085, 51.4185 ], [ -1.51, 51.4189 ], [ -1.5115, 51.4182 ], [ -1.513, 51.4185 ], [ -1.5186, 51.4192 ], [ -1.524, 51.4188 ], [ -1.5282, 51.4185 ], [ -1.5328, 51.4178 ], [ -1.535, 51.4164 ], [ -1.5483, 51.4126 ], [ -1.5534, 51.4119 ], [ -1.5552, 51.4113 ], [ -1.5605, 51.4095 ], [ -1.5626, 51.4094 ], [ -1.5667, 51.4102 ], [ -1.5711, 51.4102 ], [ -1.5726, 51.4106 ], [ -1.5739, 51.4096 ], [ -1.5756, 51.4089 ], [ -1.5802, 51.4097 ], [ -1.5864, 51.4098 ], [ -1.5999, 51.409 ], [ -1.6074, 51.4088 ], [ -1.6116, 51.4088 ], [ -1.6165, 51.4099 ], [ -1.6249, 51.4102 ], [ -1.6281, 51.4097 ], [ -1.6353, 51.4078 ], [ -1.6436, 51.4085 ], [ -1.649, 51.4085 ], [ -1.657, 51.4081 ], [ -1.6614, 51.4087 ], [ -1.6682, 51.4096 ], [ -1.6818, 51.4106 ], [ -1.6894, 51.4114 ], [ -1.6971, 51.4134 ], [ -1.7015, 51.4141 ], [ -1.7051, 51.4169 ], [ -1.7126, 51.4187 ], [ -1.716, 51.4195 ], [ -1.7191, 51.4202 ], [ -1.7214, 51.4199 ], [ -1.7246, 51.4194 ], [ -1.7253, 51.4201 ], [ -1.7264, 51.4208 ], [ -1.7301, 51.4214 ] ] } },
{ "type": "Feature", "properties": { "linetype": 1 }, "geometry": { "type": "LineString", "coordinates": [ [ -1.4853, 51.7837 ], [ -1.6533, 51.7364 ], [ -1.6581, 51.7341 ], [ -1.6601, 51.734 ] ] } },
{ "type": "Feature", "properties": { "linetype": 1 }, "geometry": { "type": "LineString", "coordinates": [ [ -1.4853, 51.7837 ], [ -1.3849, 51.8251 ], [ -1.356, 51.8475 ] ] } },
{ "type": "Feature", "properties": { "linetype": 1 }, "geometry": { "type": "LineString", "coordinates": [ [ -1.356, 51.8475 ], [ -1.5453, 51.9418 ] ] } },
{ "type": "Feature", "properties": { "linetype": 1 }, "geometry": { "type": "LineString", "coordinates": [ [ -1.356, 51.8475 ], [ -1.3602, 51.8784 ] ] } },
{ "type": "Feature", "properties": { "linetype": 1 }, "geometry": { "type": "LineString", "coordinates": [ [ -1.356, 51.8475 ], [ -1.2911, 51.8004 ], [ -1.2649, 51.7643 ], [ -1.2619, 51.7597 ], [ -1.2601, 51.7564 ] ] } },
{ "type": "Feature", "properties": { "linetype": 1 }, "geometry": { "type": "LineString", "coordinates": [ [ -1.3094, 52.0169 ], [ -1.3103, 52.0186 ] ] } },
{ "type": "Feature", "properties": { "linetype": 1 }, "geometry": { "type": "LineString", "coordinates": [ [ -1.3403, 52.0601 ], [ -1.3442, 52.0586 ], [ -1.3484, 52.0589 ], [ -1.3491, 52.0586 ], [ -1.3521, 52.0569 ], [ -1.3565, 52.0542 ], [ -1.3648, 52.053 ], [ -1.3693, 52.0522 ], [ -1.378, 52.049 ], [ -1.383, 52.0507 ], [ -1.385, 52.0505 ], [ -1.3881, 52.052 ], [ -1.3897, 52.0548 ], [ -1.3921, 52.0552 ], [ -1.3971, 52.0555 ], [ -1.4058, 52.0549 ], [ -1.4161, 52.0559 ], [ -1.4194, 52.0561 ], [ -1.4236, 52.0574 ], [ -1.4312, 52.0586 ], [ -1.4388, 52.0586 ], [ -1.4436, 52.0579 ], [ -1.445, 52.0582 ], [ -1.4464, 52.0584 ], [ -1.4707, 52.0569 ], [ -1.4792, 52.0565 ], [ -1.4863, 52.0554 ], [ -1.4884, 52.055 ], [ -1.49, 52.054 ], [ -1.4977, 52.0522 ], [ -1.5002, 52.0519 ], [ -1.5014, 52.0506 ], [ -1.5029, 52.0497 ], [ -1.5092, 52.0485 ], [ -1.5147, 52.0468 ], [ -1.522, 52.0466 ], [ -1.5284, 52.0473 ], [ -1.5365, 52.0483 ], [ -1.5409, 52.0493 ], [ -1.5425, 52.0505 ], [ -1.5445, 52.051 ], [ -1.5471, 52.0505 ], [ -1.5497, 52.0509 ], [ -1.5527, 52.0519 ], [ -1.557, 52.0527 ], [ -1.557, 52.0531 ], [ -1.5569, 52.0547 ], [ -1.5574, 52.057 ], [ -1.5581, 52.0586 ], [ -1.5596, 52.0595 ], [ -1.5631, 52.0596 ], [ -1.5715, 52.0611 ], [ -1.5784, 52.0626 ], [ -1.5855, 52.0627 ], [ -1.5916, 52.0635 ], [ -1.5951, 52.0618 ], [ -1.6003, 52.0605 ], [ -1.6035, 52.0597 ], [ -1.6091, 52.0592 ], [ -1.6168, 52.0598 ], [ -1.62, 52.0608 ], [ -1.622, 52.0619 ], [ -1.6234, 52.0621 ], [ -1.6237, 52.0625 ], [ -1.6246, 52.0625 ], [ -1.6249, 52.0632 ], [ -1.6282, 52.0626 ], [ -1.6278, 52.0622 ], [ -1.6297, 52.0616 ], [ -1.6311, 52.0608 ], [ -1.6326, 52.0616 ], [ -1.634, 52.0618 ], [ -1.6367, 52.0612 ], [ -1.6393, 52.0611 ], [ -1.6407, 52.0612 ], [ -1.6433, 52.0598 ], [ -1.6451, 52.06 ], [ -1.6475, 52.059 ], [ -1.6502, 52.0584 ], [ -1.6526, 52.058 ], [ -1.6541, 52.0571 ], [ -1.6578, 52.0565 ], [ -1.6598, 52.0563 ], [ -1.6629, 52.0568 ], [ -1.6693, 52.0562 ], [ -1.677, 52.0553 ], [ -1.6812, 52.0553 ], [ -1.6846, 52.0553 ], [ -1.6916, 52.0543 ], [ -1.6951, 52.0544 ], [ -1.6983, 52.0517 ], [ -1.7039, 52.0504 ], [ -1.709, 52.0496 ], [ -1.7202, 52.0495 ], [ -1.7297, 52.0494 ], [ -1.734, 52.0482 ], [ -1.7393, 52.0477 ], [ -1.7449, 52.0477 ], [ -1.7493, 52.0508 ], [ -1.754, 52.0522 ], [ -1.7576, 52.0524 ], [ -1.7626, 52.0528 ], [ -1.7662, 52.0526 ], [ -1.7708, 52.0525 ], [ -1.775, 52.0536 ], [ -1.7764, 52.0535 ], [ -1.7772, 52.0523 ], [ -1.779, 52.0521 ], [ -1.7803, 52.0508 ], [ -1.7834, 52.0496 ] ] } },
{ "type": "Feature", "properties": { "linetype": 9 }, "geometry": { "type": "LineString", "coordinates": [ [ -0.2525, 52.2941 ], [ -0.1845, 52.3305 ] ] } },
{ "type": "Feature", "properties": { "linetype": 1 }, "geometry": { "type": "LineString", "coordinates": [ [ 0.1147, 52.2106 ], [ 0.1108, 52.2138 ], [ 0.0243, 52.257 ], [ 0.0017, 52.2669 ], [ -0.0668, 52.2971 ], [ -0.073, 52.2984 ], [ -0.0737, 52.2991 ], [ -0.0778, 52.2997 ], [ -0.0917, 52.3026 ] ] } },
{ "type": "Feature", "properties": { "linetype": 1 }, "geometry": { "type": "LineString", "coordinates": [ [ -0.5199, 51.8851 ], [ -0.424, 51.9066 ], [ -0.2787, 51.9474 ], [ -0.1875, 51.9884 ] ] } },
{ "type": "Feature", "properties": { "linetype": 1 }, "geometry": { "type": "LineString", "coordinates": [ [ -0.5199, 51.8851 ], [ -0.6298, 51.8361 ], [ -0.6623, 51.7936 ] ] } },
{ "type": "Feature", "properties": { "linetype": 1 }, "geometry": { "type": "LineString", "coordinates": [ [ -0.8125, 51.8162 ], [ -0.8104, 51.8172 ], [ -0.7262, 51.7993 ], [ -0.694, 51.7983 ], [ -0.6623, 51.7936 ] ] } },
{ "type": "Feature", "properties": { "linetype": 1 }, "geometry": { "type": "LineString", "coordinates": [ [ -1.2655, 51.1243 ], [ -1.1592, 51.2098 ], [ -1.1175, 51.2204 ], [ -1.0974, 51.2581 ] ] } },
{ "type": "Feature", "properties": { "linetype": 1 }, "geometry": { "type": "LineString", "coordinates": [ [ -0.799, 51.215 ], [ -0.5782, 51.2347 ] ] } },
{ "type": "Feature", "properties": { "linetype": 2 }, "geometry": { "type": "LineString", "coordinates": [ [ -0.1014, 51.4927 ], [ -0.1109, 51.489 ] ] } },
{ "type": "Feature", "properties": { "linetype": 1 }, "geometry": { "type": "LineString", "coordinates": [ [ -0.2063, 51.2377 ], [ -0.2277, 51.2412 ], [ -0.251, 51.2436 ], [ -0.2674, 51.2337 ], [ -0.3536, 51.1601 ] ] } },
{ "type": "Feature", "properties": { "linetype": 1 }, "geometry": { "type": "LineString", "coordinates": [ [ -0.3283, 51.0624 ], [ -0.2885, 51.1655 ], [ -0.258, 51.2107 ], [ -0.2277, 51.2412 ], [ -0.2468, 51.2818 ] ] } },
{ "type": "Feature", "properties": { "linetype": 1 }, "geometry": { "type": "LineString", "coordinates": [ [ -0.2468, 51.2818 ], [ -0.2007, 51.322 ], [ -0.1948, 51.3626 ], [ -0.1749, 51.403 ] ] } },
{ "type": "Feature", "properties": { "linetype": 1 }, "geometry": { "type": "LineString", "coordinates": [ [ -0.1749, 51.403 ], [ -0.1316, 51.4295 ] ] } },
{ "type": "Feature", "properties": { "linetype": 1 }, "geometry": { "type": "LineString", "coordinates": [ [ -0.1042, 51.3459 ], [ -0.152, 51.2687 ], [ -0.2063, 51.2377 ] ] } },
{ "type": "Feature", "properties": { "linetype": 1 }, "geometry": { "type": "LineString", "coordinates": [ [ -0.2063, 51.2377 ], [ -0.1696, 51.1744 ], [ -0.2737, 50.9901 ] ] } },
{ "type": "Feature", "properties": { "linetype": 1 }, "geometry": { "type": "LineString", "coordinates": [ [ 0.1935, 51.2657 ], [ 0.0713, 51.2674 ], [ 0.0666, 51.1961 ], [ 0.0656, 51.1946 ], [ -0.0073, 51.1239 ] ] } },
{ "type": "Feature", "properties": { "linetype": 2 }, "geometry": { "type": "LineString", "coordinates": [ [ -0.0842, 51.5134 ], [ -0.078, 51.513 ], [ -0.0714, 51.5152 ], [ -0.065, 51.5177 ], [ -0.0592, 51.5191 ], [ -0.0461, 51.5217 ], [ -0.0406, 51.5228 ], [ -0.0361, 51.5245 ], [ -0.0313, 51.526 ], [ -0.0235, 51.5274 ], [ -0.0185, 51.5283 ], [ -0.018, 51.5284 ], [ -0.0176, 51.5286 ], [ -0.0138, 51.5299 ], [ -0.0083, 51.5329 ], [ 0.0017, 51.5409 ], [ 0.0096, 51.5428 ], [ 0.0151, 51.5443 ], [ 0.0202, 51.5455 ], [ 0.0261, 51.5464 ], [ 0.0385, 51.5479 ], [ 0.066, 51.5567 ], [ 0.0701, 51.5582 ], [ 0.0923, 51.5629 ], [ 0.0992, 51.5646 ], [ 0.1108, 51.5669 ], [ 0.1303, 51.5708 ], [ 0.1422, 51.5724 ], [ 0.1617, 51.5747 ], [ 0.1676, 51.574 ], [ 0.175, 51.575 ], [ 0.1774, 51.5762 ], [ 0.179, 51.5778 ], [ 0.1823, 51.5795 ], [ 0.1913, 51.5837 ], [ 0.1952, 51.5858 ], [ 0.199, 51.5864 ], [ 0.1999, 51.5865 ], [ 0.2075, 51.589 ], [ 0.2082, 51.5896 ], [ 0.2123, 51.5926 ], [ 0.258, 51.6067 ], [ 0.2822, 51.6148 ], [ 0.2963, 51.6192 ], [ 0.3023, 51.6205 ], [ 0.3056, 51.6212 ], [ 0.3141, 51.6256 ], [ 0.3166, 51.6284 ], [ 0.3199, 51.6305 ], [ 0.324, 51.6317 ], [ 0.3245, 51.634 ], [ 0.3247, 51.6349 ], [ 0.3264, 51.6372 ], [ 0.3346, 51.6424 ], [ 0.338, 51.6437 ], [ 0.3407, 51.6439 ], [ 0.3438, 51.645 ], [ 0.3454, 51.6465 ], [ 0.3456, 51.6469 ], [ 0.3463, 51.6482 ], [ 0.3472, 51.65 ], [ 0.3526, 51.6536 ], [ 0.3847, 51.6706 ], [ 0.3908, 51.6739 ], [ 0.3965, 51.6781 ], [ 0.4017, 51.6829 ], [ 0.4045, 51.6857 ], [ 0.407, 51.6868 ], [ 0.4167, 51.6895 ], [ 0.4215, 51.6919 ], [ 0.4292, 51.6966 ], [ 0.4406, 51.7067 ], [ 0.4436, 51.7113 ], [ 0.4457, 51.7132 ], [ 0.4505, 51.7165 ], [ 0.4512, 51.7177 ], [ 0.4513, 51.7189 ], [ 0.4544, 51.7197 ], [ 0.4579, 51.7218 ], [ 0.4617, 51.7236 ], [ 0.4636, 51.725 ], [ 0.4659, 51.726 ], [ 0.4678, 51.7274 ], [ 0.4737, 51.7309 ], [ 0.4748, 51.7316 ], [ 0.4746, 51.7325 ], [ 0.4725, 51.7345 ] ] } },
{ "type": "Feature", "properties": { "linetype": 1 }, "geometry": { "type": "LineString", "coordinates": [ [ 0.4204, 51.6021 ], [ 0.4818, 51.6213 ] ] } },
{ "type": "Feature", "properties": { "linetype": 9 }, "geometry": { "type": "LineString", "coordinates": [ [ 0.4818, 51.6213 ], [ 0.5314, 51.6389 ] ] } },
{ "type": "Feature", "properties": { "linetype": 2 }, "geometry": { "type": "LineString", "coordinates": [ [ 0.1191, 52.2053 ], [ 0.1691, 52.2216 ], [ 0.2612, 52.2209 ], [ 0.4063, 52.2443 ] ] } },
{ "type": "Feature", "properties": { "linetype": 2 }, "geometry": { "type": "LineString", "coordinates": [ [ 0.4252, 52.2561 ], [ 0.4583, 52.2649 ], [ 0.4998, 52.2728 ], [ 0.5038, 52.2728 ], [ 0.5093, 52.2727 ], [ 0.5212, 52.2712 ], [ 0.5257, 52.2706 ], [ 0.5353, 52.2683 ], [ 0.5412, 52.2672 ], [ 0.5834, 52.2652 ], [ 0.6173, 52.2636 ], [ 0.6252, 52.2624 ], [ 0.6319, 52.2607 ], [ 0.6404, 52.2587 ], [ 0.6732, 52.2569 ], [ 0.6832, 52.2523 ], [ 0.6915, 52.2489 ], [ 0.6986, 52.2476 ], [ 0.7024, 52.2472 ], [ 0.706, 52.2473 ], [ 0.7072, 52.2474 ], [ 0.7119, 52.2465 ], [ 0.7118, 52.2459 ], [ 0.7125, 52.2454 ] ] } },
{ "type": "Feature", "properties": { "linetype": 1 }, "geometry": { "type": "LineString", "coordinates": [ [ 0.7125, 52.2454 ], [ 0.7197, 52.2462 ], [ 0.8292, 52.2959 ], [ 0.8297, 52.2964 ], [ 0.8306, 52.2966 ] ] } },
{ "type": "Feature", "properties": { "linetype": 2 }, "geometry": { "type": "LineString", "coordinates": [ [ 0.1191, 52.2053 ], [ 0.1173, 52.2038 ], [ 0.1177, 52.2024 ], [ 0.1184, 52.2012 ], [ 0.1208, 52.1994 ], [ 0.1222, 52.1978 ], [ 0.1226, 52.1945 ], [ 0.1245, 52.192 ], [ 0.1214, 52.1875 ], [ 0.1189, 52.1831 ], [ 0.1135, 52.1773 ], [ 0.1131, 52.1717 ], [ 0.1081, 52.1663 ], [ 0.1078, 52.1656 ], [ 0.1065, 52.1629 ], [ 0.1037, 52.161 ], [ 0.1013, 52.1594 ], [ 0.0956, 52.1566 ], [ 0.0918, 52.1552 ], [ 0.0909, 52.1537 ], [ 0.0919, 52.1513 ], [ 0.0902, 52.1457 ], [ 0.0978, 52.14 ], [ 0.1011, 52.133 ], [ 0.0992, 52.1248 ], [ 0.101, 52.1232 ], [ 0.1011, 52.1215 ], [ 0.0986, 52.118 ], [ 0.0981, 52.1175 ], [ 0.0947, 52.1139 ], [ 0.089, 52.1093 ], [ 0.0853, 52.1055 ], [ 0.0841, 52.1031 ], [ 0.084, 52.1025 ], [ 0.0836, 52.1003 ], [ 0.0801, 52.0966 ], [ 0.0783, 52.0944 ], [ 0.0753, 52.0937 ], [ 0.0739, 52.0933 ], [ 0.0723, 52.0925 ], [ 0.0728, 52.0907 ], [ 0.0742, 52.089 ], [ 0.0744, 52.0876 ], [ 0.0718, 52.0866 ], [ 0.0697, 52.0842 ], [ 0.0691, 52.0816 ], [ 0.0681, 52.0792 ], [ 0.0621, 52.0737 ], [ 0.0562, 52.0692 ], [ 0.0528, 52.0668 ] ] } },
{ "type": "Feature", "properties": { "linetype": 1 }, "geometry": { "type": "LineString", "coordinates": [ [ -0.1875, 51.9884 ], [ 0.013, 51.8908 ] ] } },
{ "type": "Feature", "properties": { "linetype": 1 }, "geometry": { "type": "LineString", "coordinates": [ [ 0.013, 51.8908 ], [ 0.1588, 51.871 ] ] } },
{ "type": "Feature", "properties": { "linetype": 1 }, "geometry": { "type": "LineString", "coordinates": [ [ 0.1588, 51.871 ], [ 0.1618, 51.881 ], [ 0.1975, 51.9032 ], [ 0.204, 51.9538 ], [ 0.2131, 51.9846 ], [ 0.2109, 52.0345 ], [ 0.1997, 52.0627 ] ] } },
{ "type": "Feature", "properties": { "linetype": 1 }, "geometry": { "type": "LineString", "coordinates": [ [ 0.2109, 52.0345 ], [ 0.2125, 52.0344 ], [ 0.2149, 52.033 ], [ 0.2205, 52.034 ], [ 0.2258, 52.0311 ], [ 0.2308, 52.0284 ], [ 0.2358, 52.0258 ], [ 0.2382, 52.0238 ], [ 0.2402, 52.0244 ], [ 0.2412, 52.0239 ] ] } },
{ "type": "Feature", "properties": { "linetype": 1 }, "geometry": { "type": "LineString", "coordinates": [ [ 0.5813, 52.0783 ], [ 0.5527, 52.1433 ], [ 0.5166, 52.1952 ], [ 0.4063, 52.2443 ] ] } },
{ "type": "Feature", "properties": { "linetype": 1 }, "geometry": { "type": "LineString", "coordinates": [ [ 0.5813, 52.0783 ], [ 0.605, 52.1422 ], [ 0.6393, 52.1714 ], [ 0.7129, 52.2446 ] ] } },
{ "type": "Feature", "properties": { "linetype": 1 }, "geometry": { "type": "LineString", "coordinates": [ [ 0.1587, 51.8711 ], [ 0.0552, 51.8081 ], [ -0.0117, 51.7607 ] ] } },
{ "type": "Feature", "properties": { "linetype": 1 }, "geometry": { "type": "LineString", "coordinates": [ [ -0.6616, 51.7936 ], [ -0.5892, 51.7697 ], [ -0.5651, 51.7606 ], [ -0.4479, 51.7109 ], [ -0.396, 51.6553 ], [ -0.2785, 51.6098 ], [ -0.1728, 51.5199 ], [ -0.1601, 51.5131 ] ] } },
{ "type": "Feature", "properties": { "linetype": 1 }, "geometry": { "type": "LineString", "coordinates": [ [ -0.1728, 51.5199 ], [ -0.2499, 51.549 ], [ -0.3374, 51.5742 ], [ -0.396, 51.6553 ] ] } },
{ "type": "Feature", "properties": { "linetype": 1 }, "geometry": { "type": "LineString", "coordinates": [ [ -0.2125, 51.762 ], [ -0.3234, 51.7515 ], [ -0.3361, 51.7545 ] ] } },
{ "type": "Feature", "properties": { "linetype": 1 }, "geometry": { "type": "LineString", "coordinates": [ [ -0.2125, 51.762 ], [ -0.0774, 51.7962 ] ] } },
{ "type": "Feature", "properties": { "linetype": 1 }, "geometry": { "type": "LineString", "coordinates": [ [ -0.0774, 51.7962 ], [ -0.0314, 51.811 ] ] } },
{ "type": "Feature", "properties": { "linetype": 1 }, "geometry": { "type": "LineString", "coordinates": [ [ -0.1875, 51.9884 ], [ -0.023, 52.0457 ] ] } },
{ "type": "Feature", "properties": { "linetype": 1 }, "geometry": { "type": "LineString", "coordinates": [ [ -1.7821, 51.1721 ], [ -1.779, 51.1709 ], [ -1.774, 51.1664 ], [ -1.7775, 51.1501 ], [ -1.7758, 51.1414 ] ] } },
{ "type": "Feature", "properties": { "linetype": 1 }, "geometry": { "type": "LineString", "coordinates": [ [ -1.1149, 51.7423 ], [ -0.9778, 51.7471 ], [ -0.9227, 51.7544 ], [ -0.8324, 51.7244 ], [ -0.7057, 51.7022 ] ] } },
{ "type": "Feature", "properties": { "linetype": 1 }, "geometry": { "type": "LineString", "coordinates": [ [ -1.1149, 51.7423 ], [ -1.1173, 51.7423 ], [ -1.1204, 51.7437 ], [ -1.1234, 51.7452 ], [ -1.1266, 51.7469 ], [ -1.1309, 51.747 ], [ -1.1328, 51.7468 ], [ -1.1367, 51.7474 ], [ -1.1393, 51.7481 ], [ -1.1416, 51.7486 ], [ -1.1439, 51.7476 ], [ -1.1478, 51.7477 ], [ -1.1539, 51.7469 ], [ -1.1571, 51.7467 ], [ -1.1597, 51.7472 ], [ -1.1644, 51.7483 ], [ -1.1682, 51.7486 ], [ -1.1731, 51.7487 ], [ -1.1768, 51.7506 ], [ -1.1804, 51.7517 ], [ -1.1858, 51.7521 ], [ -1.1908, 51.7523 ], [ -1.1929, 51.7524 ], [ -1.1956, 51.7535 ], [ -1.2004, 51.7536 ], [ -1.2069, 51.7533 ], [ -1.2136, 51.7536 ], [ -1.2176, 51.7539 ], [ -1.2232, 51.7525 ], [ -1.2299, 51.7528 ], [ -1.2334, 51.7536 ], [ -1.2379, 51.7519 ], [ -1.2429, 51.7502 ], [ -1.2445, 51.7501 ] ] } },
{ "type": "Feature", "properties": { "linetype": 1 }, "geometry": { "type": "LineString", "coordinates": [ [ -1.1149, 51.7423 ], [ -1.1091, 51.7403 ], [ -1.1015, 51.7371 ], [ -1.0922, 51.7355 ], [ -1.0817, 51.7329 ], [ -1.0745, 51.7317 ], [ -1.0674, 51.7295 ], [ -1.0626, 51.7281 ], [ -1.0556, 51.7252 ], [ -1.042, 51.7226 ], [ -1.0313, 51.721 ], [ -1.0237, 51.7188 ], [ -1.0147, 51.7147 ], [ -1.0088, 51.7122 ], [ -1.0054, 51.7094 ], [ -0.9987, 51.7041 ], [ -0.9916, 51.7003 ], [ -0.9845, 51.6959 ], [ -0.9804, 51.6944 ], [ -0.9747, 51.6901 ], [ -0.9696, 51.6887 ], [ -0.9622, 51.6829 ], [ -0.9551, 51.6777 ], [ -0.9469, 51.6728 ], [ -0.9434, 51.6699 ], [ -0.9425, 51.6688 ], [ -0.9409, 51.6687 ], [ -0.9388, 51.6698 ], [ -0.9361, 51.6709 ], [ -0.9327, 51.6704 ], [ -0.9317, 51.6704 ], [ -0.9302, 51.6709 ], [ -0.9272, 51.6708 ], [ -0.9256, 51.6705 ], [ -0.9231, 51.6675 ], [ -0.921, 51.6647 ], [ -0.917, 51.6628 ], [ -0.9124, 51.662 ], [ -0.9064, 51.6613 ], [ -0.8999, 51.6597 ], [ -0.8973, 51.6585 ], [ -0.8903, 51.6567 ], [ -0.8832, 51.6573 ], [ -0.8764, 51.6543 ], [ -0.8667, 51.6518 ], [ -0.8575, 51.6492 ], [ -0.8536, 51.6479 ], [ -0.8485, 51.6469 ], [ -0.8374, 51.6429 ], [ -0.8294, 51.6403 ], [ -0.8241, 51.6398 ], [ -0.8152, 51.6408 ], [ -0.8047, 51.6446 ], [ -0.7955, 51.6445 ], [ -0.7794, 51.6396 ], [ -0.7567, 51.6329 ], [ -0.755, 51.6314 ], [ -0.7532, 51.631 ], [ -0.7531, 51.63 ], [ -0.7514, 51.6295 ], [ -0.7483, 51.6285 ], [ -0.7446, 51.6277 ], [ -0.7424, 51.6268 ], [ -0.7373, 51.6259 ], [ -0.7335, 51.6245 ], [ -0.7267, 51.6229 ], [ -0.7209, 51.6209 ], [ -0.7191, 51.6206 ], [ -0.7184, 51.62 ], [ -0.7171, 51.6188 ], [ -0.7139, 51.6169 ], [ -0.7113, 51.616 ], [ -0.7081, 51.6149 ], [ -0.7047, 51.613 ], [ -0.7017, 51.6112 ], [ -0.6987, 51.6091 ], [ -0.6928, 51.6065 ], [ -0.6895, 51.6038 ], [ -0.6844, 51.6019 ], [ -0.6727, 51.5997 ], [ -0.6622, 51.5993 ], [ -0.6565, 51.5992 ], [ -0.6512, 51.5987 ], [ -0.6371, 51.6016 ], [ -0.6321, 51.6024 ], [ -0.6256, 51.6009 ], [ -0.6204, 51.599 ], [ -0.6126, 51.5983 ], [ -0.6043, 51.5974 ], [ -0.5987, 51.5965 ], [ -0.5939, 51.5941 ], [ -0.5872, 51.5916 ], [ -0.5805, 51.5919 ], [ -0.5737, 51.5907 ], [ -0.5647, 51.5885 ], [ -0.559, 51.5837 ], [ -0.5532, 51.579 ], [ -0.547, 51.5768 ], [ -0.5372, 51.5749 ], [ -0.5301, 51.5736 ] ] } },
{ "type": "Feature", "properties": { "linetype": 1 }, "geometry": { "type": "LineString", "coordinates": [ [ -0.5301, 51.5736 ], [ -0.5192, 51.5714 ], [ -0.5098, 51.5709 ], [ -0.5053, 51.569 ], [ -0.4962, 51.5609 ], [ -0.4879, 51.5526 ], [ -0.4854, 51.5507 ], [ -0.4828, 51.5494 ], [ -0.4794, 51.546 ] ] } },
{ "type": "Feature", "properties": { "linetype": 1 }, "geometry": { "type": "LineString", "coordinates": [ [ -0.4794, 51.546 ], [ -0.4767, 51.5449 ], [ -0.4734, 51.5437 ], [ -0.4718, 51.5422 ], [ -0.4722, 51.5403 ], [ -0.4723, 51.5388 ], [ -0.4704, 51.5368 ], [ -0.468, 51.5355 ], [ -0.4627, 51.5352 ], [ -0.4604, 51.5352 ], [ -0.4587, 51.5354 ], [ -0.4516, 51.5326 ], [ -0.4446, 51.5292 ], [ -0.4366, 51.5261 ], [ -0.4328, 51.5252 ], [ -0.4281, 51.5244 ], [ -0.4254, 51.525 ], [ -0.4151, 51.5207 ], [ -0.4071, 51.518 ], [ -0.4025, 51.5176 ], [ -0.3927, 51.5135 ], [ -0.3809, 51.5118 ], [ -0.3747, 51.5116 ], [ -0.3707, 51.5109 ], [ -0.3664, 51.5112 ], [ -0.3603, 51.5104 ], [ -0.3485, 51.5088 ], [ -0.3407, 51.5084 ], [ -0.3315, 51.5093 ], [ -0.3166, 51.5113 ], [ -0.3056, 51.513 ], [ -0.3009, 51.5141 ], [ -0.2952, 51.5122 ], [ -0.2865, 51.5095 ], [ -0.2824, 51.5086 ], [ -0.2744, 51.5084 ], [ -0.2674, 51.5067 ], [ -0.2555, 51.5066 ], [ -0.2444, 51.5069 ], [ -0.2385, 51.5065 ], [ -0.233, 51.5064 ], [ -0.2191, 51.5043 ], [ -0.2081, 51.5067 ], [ -0.2008, 51.5085 ], [ -0.196, 51.5091 ], [ -0.1885, 51.5101 ], [ -0.1769, 51.5113 ], [ -0.1601, 51.5131 ], [ -0.1371, 51.5157 ], [ -0.1184, 51.5178 ], [ -0.1139, 51.5181 ], [ -0.1064, 51.5175 ], [ -0.1023, 51.5162 ], [ -0.0967, 51.5144 ], [ -0.0905, 51.5132 ] ] } },
{ "type": "Feature", "properties": { "linetype": 1 }, "geometry": { "type": "LineString", "coordinates": [ [ -1.1309, 51.747 ], [ -1.1378, 51.7494 ], [ -1.1406, 51.7521 ], [ -1.1429, 51.7546 ], [ -1.1442, 51.7561 ], [ -1.1452, 51.7598 ], [ -1.1465, 51.7617 ], [ -1.148, 51.7633 ], [ -1.1488, 51.7648 ], [ -1.1509, 51.7663 ], [ -1.152, 51.7672 ], [ -1.1537, 51.7669 ], [ -1.1587, 51.771 ], [ -1.1601, 51.7724 ], [ -1.1615, 51.7751 ], [ -1.1665, 51.7787 ], [ -1.1701, 51.7809 ], [ -1.1759, 51.7834 ], [ -1.1792, 51.785 ], [ -1.1842, 51.7875 ], [ -1.1888, 51.7879 ], [ -1.1924, 51.7877 ], [ -1.1968, 51.7896 ], [ -1.2017, 51.7924 ], [ -1.2072, 51.7961 ], [ -1.2122, 51.8013 ], [ -1.2152, 51.8052 ], [ -1.2184, 51.8078 ], [ -1.2207, 51.8113 ], [ -1.2254, 51.814 ], [ -1.2297, 51.816 ], [ -1.2338, 51.8179 ], [ -1.2348, 51.819 ], [ -1.2351, 51.8201 ], [ -1.2356, 51.8214 ], [ -1.2359, 51.822 ], [ -1.2366, 51.822 ], [ -1.2366, 51.8229 ] ] } },
{ "type": "Feature", "properties": { "linetype": 1 }, "geometry": { "type": "LineString", "coordinates": [ [ -1.3522, 51.8735 ], [ -1.3506, 51.8755 ], [ -1.3395, 51.8739 ], [ -1.3393, 51.8734 ], [ -1.3326, 51.8704 ], [ -1.329, 51.8699 ], [ -1.3238, 51.8627 ] ] } },
{ "type": "Feature", "properties": { "linetype": 1 }, "geometry": { "type": "LineString", "coordinates": [ [ -1.6297, 51.9701 ], [ -1.6269, 51.9677 ], [ -1.6235, 51.9666 ], [ -1.621, 51.9649 ], [ -1.6198, 51.963 ], [ -1.6181, 51.9614 ], [ -1.6144, 51.9594 ], [ -1.6082, 51.9576 ], [ -1.6041, 51.9572 ], [ -1.5993, 51.9549 ], [ -1.5926, 51.9525 ], [ -1.5879, 51.9495 ], [ -1.5835, 51.9491 ], [ -1.5814, 51.9481 ], [ -1.5799, 51.9454 ], [ -1.5749, 51.9427 ], [ -1.5705, 51.9408 ], [ -1.5658, 51.9404 ], [ -1.5604, 51.9403 ], [ -1.5541, 51.9415 ], [ -1.5503, 51.9419 ], [ -1.5453, 51.9418 ] ] } },
{ "type": "Feature", "properties": { "linetype": 1 }, "geometry": { "type": "LineString", "coordinates": [ [ -2.5046, 52.1904 ], [ -2.5045, 52.1889 ], [ -2.5028, 52.1871 ], [ -2.5013, 52.1865 ], [ -2.498, 52.1857 ], [ -2.4947, 52.1857 ], [ -2.4927, 52.1855 ], [ -2.4891, 52.1854 ], [ -2.4838, 52.185 ], [ -2.4785, 52.1856 ], [ -2.4733, 52.1861 ], [ -2.4684, 52.1881 ], [ -2.4657, 52.1881 ], [ -2.4576, 52.1882 ], [ -2.4517, 52.1895 ], [ -2.4494, 52.1907 ], [ -2.4477, 52.1916 ], [ -2.444, 52.1929 ], [ -2.4401, 52.195 ], [ -2.4369, 52.1954 ], [ -2.4338, 52.1946 ], [ -2.4303, 52.196 ], [ -2.4286, 52.1981 ], [ -2.4256, 52.1991 ], [ -2.4238, 52.2009 ], [ -2.4183, 52.2022 ], [ -2.4151, 52.2027 ], [ -2.4128, 52.2022 ], [ -2.4101, 52.2011 ], [ -2.4067, 52.2014 ], [ -2.4031, 52.2008 ], [ -2.3999, 52.1999 ], [ -2.3956, 52.2 ], [ -2.3924, 52.2013 ], [ -2.3914, 52.2021 ], [ -2.39, 52.2006 ], [ -2.3887, 52.1996 ], [ -2.3877, 52.1996 ], [ -2.385, 52.2007 ], [ -2.3818, 52.2023 ], [ -2.3796, 52.2041 ], [ -2.3786, 52.2054 ], [ -2.3763, 52.2059 ], [ -2.3724, 52.205 ], [ -2.369, 52.2047 ], [ -2.3666, 52.2042 ], [ -2.364, 52.2025 ], [ -2.3625, 52.2016 ], [ -2.3619, 52.1997 ], [ -2.3618, 52.1967 ], [ -2.3609, 52.1957 ], [ -2.3579, 52.1951 ], [ -2.3537, 52.1945 ], [ -2.3506, 52.1939 ], [ -2.3489, 52.1947 ], [ -2.3441, 52.1976 ], [ -2.3412, 52.1982 ], [ -2.336, 52.1979 ], [ -2.3319, 52.1964 ], [ -2.3268, 52.1945 ], [ -2.325, 52.1933 ], [ -2.3245, 52.1929 ], [ -2.3232, 52.1918 ], [ -2.3207, 52.1923 ], [ -2.3181, 52.1926 ], [ -2.3164, 52.1932 ], [ -2.3144, 52.1938 ], [ -2.3119, 52.1944 ], [ -2.3074, 52.1938 ], [ -2.3039, 52.193 ], [ -2.3007, 52.1914 ], [ -2.2962, 52.1901 ], [ -2.2903, 52.1887 ], [ -2.2872, 52.1889 ], [ -2.2825, 52.1898 ], [ -2.2761, 52.19 ], [ -2.2683, 52.1893 ], [ -2.262, 52.1894 ], [ -2.2581, 52.1887 ], [ -2.2553, 52.1873 ], [ -2.2541, 52.1863 ], [ -2.2483, 52.1865 ], [ -2.2432, 52.1875 ], [ -2.2378, 52.1883 ], [ -2.2346, 52.1885 ], [ -2.2335, 52.1886 ], [ -2.2318, 52.1903 ], [ -2.2278, 52.1919 ], [ -2.2213, 52.1933 ], [ -2.2207, 52.1894 ], [ -2.2166, 52.1871 ], [ -2.2151, 52.1863 ], [ -2.2128, 52.1857 ], [ -2.2086, 52.1854 ], [ -2.2071, 52.1853 ], [ -2.2025, 52.1838 ], [ -2.1989, 52.1823 ], [ -2.1936, 52.1817 ], [ -2.1894, 52.1798 ], [ -2.1867, 52.1774 ], [ -2.1842, 52.1736 ], [ -2.1819, 52.1698 ], [ -2.1815, 52.1692 ], [ -2.1776, 52.1667 ], [ -2.1748, 52.1657 ], [ -2.1746, 52.1656 ], [ -2.1685, 52.1647 ], [ -2.1629, 52.1636 ], [ -2.1605, 52.1612 ], [ -2.1576, 52.1587 ], [ -2.1525, 52.1548 ], [ -2.147, 52.151 ], [ -2.1424, 52.1482 ], [ -2.1407, 52.1457 ], [ -2.1389, 52.1448 ], [ -2.1395, 52.1436 ], [ -2.1377, 52.1405 ], [ -2.1322, 52.1399 ], [ -2.1288, 52.1395 ], [ -2.1263, 52.1392 ], [ -2.121, 52.138 ], [ -2.1175, 52.137 ], [ -2.1152, 52.1354 ], [ -2.1116, 52.1342 ], [ -2.1073, 52.1327 ], [ -2.1065, 52.1306 ], [ -2.1045, 52.1272 ], [ -2.1044, 52.1268 ], [ -2.1034, 52.1232 ], [ -2.1015, 52.1205 ], [ -2.0963, 52.1173 ], [ -2.0901, 52.1154 ], [ -2.0838, 52.1142 ], [ -2.0803, 52.1142 ], [ -2.0761, 52.1128 ], [ -2.0746, 52.1099 ], [ -2.0709, 52.1045 ], [ -2.0699, 52.1029 ], [ -2.0658, 52.1029 ], [ -2.054, 52.1049 ], [ -2.0501, 52.105 ], [ -2.0481, 52.1009 ], [ -2.0487, 52.0969 ], [ -2.0498, 52.0966 ], [ -2.0496, 52.0938 ], [ -2.0412, 52.0926 ], [ -2.0272, 52.0894 ], [ -2.0182, 52.0886 ], [ -2.0125, 52.0889 ], [ -2.0101, 52.0874 ], [ -2.0101, 52.0861 ], [ -2.0053, 52.0813 ], [ -2.0006, 52.0787 ], [ -1.9961, 52.0744 ], [ -1.9946, 52.072 ], [ -1.9926, 52.0713 ], [ -1.9858, 52.0684 ], [ -1.9839, 52.0669 ], [ -1.9782, 52.0657 ], [ -1.9705, 52.0645 ], [ -1.9634, 52.0631 ], [ -1.9576, 52.0608 ], [ -1.9512, 52.0588 ], [ -1.9453, 52.0572 ], [ -1.9352, 52.0555 ], [ -1.9194, 52.0519 ], [ -1.9102, 52.0502 ], [ -1.9076, 52.0504 ], [ -1.9048, 52.0501 ], [ -1.8991, 52.049 ], [ -1.8966, 52.0485 ], [ -1.8965, 52.0489 ], [ -1.8931, 52.0485 ], [ -1.8903, 52.0481 ], [ -1.8885, 52.0469 ], [ -1.8872, 52.0455 ], [ -1.8859, 52.0451 ], [ -1.8844, 52.0454 ], [ -1.8824, 52.0443 ], [ -1.8813, 52.0427 ], [ -1.8791, 52.0419 ], [ -1.8748, 52.0392 ], [ -1.872, 52.0375 ], [ -1.869, 52.0371 ], [ -1.8674, 52.0378 ], [ -1.8667, 52.0372 ], [ -1.864, 52.0365 ], [ -1.8636, 52.0359 ], [ -1.8609, 52.036 ], [ -1.8561, 52.0362 ], [ -1.853, 52.0366 ], [ -1.8482, 52.0363 ], [ -1.8453, 52.0362 ], [ -1.8426, 52.0355 ], [ -1.8415, 52.0339 ], [ -1.8391, 52.0316 ], [ -1.8373, 52.031 ], [ -1.8369, 52.0314 ], [ -1.8368, 52.0325 ], [ -1.8362, 52.0335 ], [ -1.8333, 52.034 ], [ -1.8317, 52.0335 ], [ -1.832, 52.0324 ], [ -1.8318, 52.0314 ], [ -1.8297, 52.0315 ], [ -1.8264, 52.0295 ], [ -1.824, 52.0284 ], [ -1.821, 52.0269 ], [ -1.8159, 52.0241 ], [ -1.8095, 52.0219 ], [ -1.8062, 52.0202 ], [ -1.8016, 52.0167 ], [ -1.7942, 52.0102 ], [ -1.789, 52.0057 ], [ -1.7866, 52.0021 ], [ -1.7839, 51.9978 ], [ -1.7807, 51.9947 ], [ -1.777, 51.9944 ], [ -1.7708, 51.9938 ], [ -1.7614, 51.9925 ], [ -1.7549, 51.992 ], [ -1.7529, 51.9922 ], [ -1.7505, 51.992 ], [ -1.7452, 51.991 ], [ -1.7362, 51.9898 ], [ -1.7309, 51.9895 ], [ -1.7259, 51.9887 ], [ -1.7208, 51.9887 ], [ -1.7145, 51.9885 ], [ -1.7073, 51.9886 ], [ -1.7053, 51.9893 ], [ -1.7036, 51.9892 ], [ -1.7033, 51.9901 ], [ -1.7008, 51.9902 ], [ -1.697, 51.991 ], [ -1.6932, 51.9904 ], [ -1.6851, 51.9891 ], [ -1.6798, 51.989 ], [ -1.675, 51.9883 ], [ -1.6691, 51.9878 ], [ -1.6662, 51.9877 ], [ -1.6607, 51.9853 ], [ -1.6513, 51.9819 ], [ -1.6433, 51.9784 ], [ -1.6337, 51.9721 ], [ -1.6297, 51.9701 ], [ -1.6283, 51.9698 ], [ -1.6261, 51.9697 ], [ -1.6248, 51.9694 ], [ -1.6226, 51.9693 ], [ -1.6192, 51.9693 ], [ -1.6171, 51.9688 ], [ -1.6166, 51.9699 ], [ -1.6139, 51.9707 ], [ -1.6125, 51.9717 ], [ -1.6091, 51.9721 ], [ -1.6074, 51.9719 ], [ -1.5963, 51.9733 ], [ -1.5938, 51.9754 ], [ -1.581, 51.9729 ], [ -1.5768, 51.9743 ], [ -1.5754, 51.9732 ], [ -1.5712, 51.9703 ], [ -1.5671, 51.9678 ], [ -1.5617, 51.9664 ], [ -1.5552, 51.9632 ], [ -1.5496, 51.9601 ], [ -1.5443, 51.9604 ], [ -1.5405, 51.9595 ], [ -1.5349, 51.9594 ], [ -1.5288, 51.9569 ], [ -1.5249, 51.9517 ], [ -1.512, 51.9418 ], [ -1.4993, 51.9344 ], [ -1.4869, 51.9278 ], [ -1.4789, 51.9248 ], [ -1.4672, 51.9211 ], [ -1.4606, 51.9189 ], [ -1.457, 51.9187 ], [ -1.4551, 51.9175 ], [ -1.4539, 51.9155 ], [ -1.4515, 51.9146 ], [ -1.4491, 51.9128 ], [ -1.4448, 51.9106 ], [ -1.4382, 51.9083 ], [ -1.4322, 51.9066 ], [ -1.4289, 51.9048 ], [ -1.4256, 51.9038 ], [ -1.4145, 51.8998 ], [ -1.4112, 51.8979 ], [ -1.4056, 51.8953 ], [ -1.4, 51.8934 ], [ -1.3904, 51.8908 ], [ -1.3889, 51.8904 ], [ -1.3843, 51.8895 ], [ -1.3824, 51.8896 ], [ -1.382, 51.8908 ], [ -1.3802, 51.8905 ], [ -1.3794, 51.8896 ], [ -1.3773, 51.8876 ], [ -1.3733, 51.8852 ], [ -1.3663, 51.8816 ], [ -1.3639, 51.8797 ], [ -1.3602, 51.8784 ], [ -1.3559, 51.8772 ], [ -1.3527, 51.8747 ], [ -1.3522, 51.8735 ], [ -1.3513, 51.8726 ], [ -1.3483, 51.8693 ], [ -1.3452, 51.867 ], [ -1.3427, 51.8657 ], [ -1.3333, 51.8641 ], [ -1.3238, 51.8627 ], [ -1.308, 51.8626 ], [ -1.3064, 51.8617 ], [ -1.3049, 51.8611 ], [ -1.3035, 51.8602 ], [ -1.3003, 51.8595 ], [ -1.298, 51.858 ], [ -1.2955, 51.8576 ], [ -1.2924, 51.8576 ], [ -1.2904, 51.858 ], [ -1.2886, 51.8578 ], [ -1.286, 51.8569 ], [ -1.2803, 51.8564 ], [ -1.28, 51.8564 ], [ -1.2732, 51.8555 ], [ -1.2715, 51.8545 ], [ -1.27, 51.8537 ], [ -1.2699, 51.8535 ], [ -1.2694, 51.8524 ], [ -1.2679, 51.8522 ], [ -1.2636, 51.8519 ], [ -1.2603, 51.8514 ], [ -1.2553, 51.8486 ], [ -1.2513, 51.8455 ], [ -1.2487, 51.8433 ], [ -1.2468, 51.8392 ], [ -1.2461, 51.8354 ], [ -1.2458, 51.8316 ], [ -1.2435, 51.829 ], [ -1.2413, 51.8271 ], [ -1.2385, 51.824 ], [ -1.2371, 51.8241 ], [ -1.2366, 51.8229 ] ] } },
{ "type": "Feature", "properties": { "linetype": 1 }, "geometry": { "type": "LineString", "coordinates": [ [ -2.7378, 52.227 ], [ -2.7379, 52.2262 ], [ -2.7323, 52.2266 ], [ -2.7316, 52.2254 ], [ -2.7306, 52.2239 ], [ -2.7284, 52.2218 ], [ -2.7252, 52.2223 ], [ -2.7228, 52.2227 ], [ -2.7208, 52.223 ], [ -2.7188, 52.2225 ], [ -2.7171, 52.2199 ], [ -2.7158, 52.2184 ], [ -2.7138, 52.2183 ], [ -2.7109, 52.219 ], [ -2.7079, 52.2185 ], [ -2.7048, 52.218 ], [ -2.7015, 52.2182 ], [ -2.6968, 52.2167 ], [ -2.6904, 52.2145 ], [ -2.6842, 52.2137 ], [ -2.6797, 52.2144 ], [ -2.6727, 52.2127 ], [ -2.6681, 52.2117 ], [ -2.6626, 52.2115 ], [ -2.6587, 52.2118 ], [ -2.6545, 52.2114 ], [ -2.6509, 52.2113 ], [ -2.645, 52.2126 ], [ -2.6393, 52.2142 ], [ -2.6343, 52.2136 ], [ -2.6251, 52.213 ], [ -2.6222, 52.2135 ], [ -2.6184, 52.2133 ], [ -2.6067, 52.2128 ], [ -2.5994, 52.2125 ], [ -2.5941, 52.2114 ], [ -2.5902, 52.2108 ], [ -2.587, 52.2092 ], [ -2.5802, 52.2084 ], [ -2.5774, 52.2081 ], [ -2.5752, 52.2062 ], [ -2.5731, 52.2039 ], [ -2.5731, 52.2017 ], [ -2.5731, 52.2001 ], [ -2.5698, 52.1974 ], [ -2.5668, 52.1945 ], [ -2.5651, 52.1938 ], [ -2.5626, 52.1941 ], [ -2.5596, 52.1946 ], [ -2.5538, 52.1944 ], [ -2.5489, 52.1937 ], [ -2.544, 52.192 ], [ -2.5377, 52.1896 ], [ -2.5346, 52.1878 ], [ -2.5318, 52.1872 ], [ -2.5248, 52.1866 ], [ -2.5188, 52.1862 ], [ -2.517, 52.1875 ], [ -2.5116, 52.1888 ], [ -2.5081, 52.1898 ], [ -2.5046, 52.1904 ] ] } },
{ "type": "Feature", "properties": { "linetype": 1 }, "geometry": { "type": "LineString", "coordinates": [ [ -4.0867, 52.4136 ], [ -4.0804, 52.4161 ], [ -4.0779, 52.4161 ], [ -4.0747, 52.4147 ], [ -4.0741, 52.4137 ], [ -4.0738, 52.4131 ], [ -4.0722, 52.4124 ], [ -4.0692, 52.4115 ], [ -4.068, 52.4113 ], [ -4.0662, 52.411 ], [ -4.0648, 52.4101 ], [ -4.0631, 52.409 ], [ -4.0597, 52.4081 ], [ -4.0567, 52.4059 ], [ -4.0539, 52.4058 ], [ -4.0493, 52.405 ], [ -4.0455, 52.4051 ], [ -4.0421, 52.4067 ], [ -4.0407, 52.4072 ], [ -4.0385, 52.408 ], [ -4.0322, 52.4095 ], [ -4.0244, 52.4106 ], [ -4.0135, 52.4111 ], [ -4.0089, 52.4107 ], [ -4.0034, 52.4085 ], [ -3.9984, 52.4062 ], [ -3.9962, 52.4055 ], [ -3.9908, 52.4051 ], [ -3.9866, 52.4046 ], [ -3.9823, 52.4042 ], [ -3.9762, 52.4031 ], [ -3.9657, 52.4033 ], [ -3.9636, 52.4035 ], [ -3.9576, 52.4043 ], [ -3.9451, 52.4068 ], [ -3.9366, 52.409 ], [ -3.9335, 52.4095 ], [ -3.9326, 52.4116 ], [ -3.9274, 52.4121 ], [ -3.9249, 52.4116 ], [ -3.9204, 52.412 ], [ -3.9164, 52.4121 ], [ -3.914, 52.4106 ], [ -3.909, 52.4096 ], [ -3.9057, 52.4079 ], [ -3.9039, 52.4075 ], [ -3.9026, 52.4083 ], [ -3.9038, 52.4094 ], [ -3.9054, 52.411 ], [ -3.9058, 52.4124 ], [ -3.9042, 52.4132 ], [ -3.8993, 52.4119 ], [ -3.896, 52.4119 ], [ -3.8913, 52.412 ], [ -3.8875, 52.4138 ], [ -3.8842, 52.4145 ], [ -3.878, 52.4143 ], [ -3.8747, 52.4124 ], [ -3.8712, 52.4113 ], [ -3.8661, 52.4101 ], [ -3.8611, 52.4096 ], [ -3.8519, 52.4085 ], [ -3.849, 52.407 ], [ -3.8449, 52.4081 ], [ -3.8406, 52.4111 ], [ -3.837, 52.4098 ], [ -3.8374, 52.4077 ], [ -3.8351, 52.4052 ], [ -3.8335, 52.404 ], [ -3.8316, 52.4043 ], [ -3.8298, 52.4035 ], [ -3.83, 52.4008 ], [ -3.8302, 52.3987 ], [ -3.8311, 52.3972 ], [ -3.8337, 52.3954 ], [ -3.8354, 52.3935 ], [ -3.837, 52.392 ], [ -3.8387, 52.3913 ], [ -3.8405, 52.389 ], [ -3.8396, 52.387 ], [ -3.8402, 52.3858 ], [ -3.8416, 52.3853 ], [ -3.8433, 52.3836 ], [ -3.8453, 52.3825 ], [ -3.8461, 52.3791 ], [ -3.8485, 52.378 ], [ -3.8496, 52.3771 ], [ -3.8509, 52.3767 ], [ -3.8487, 52.3751 ], [ -3.8483, 52.3733 ], [ -3.8461, 52.3727 ], [ -3.8459, 52.3718 ], [ -3.8414, 52.3709 ], [ -3.8376, 52.37 ], [ -3.8339, 52.3683 ], [ -3.8274, 52.3664 ], [ -3.8261, 52.3659 ], [ -3.8247, 52.3659 ], [ -3.8234, 52.3656 ], [ -3.8223, 52.3657 ], [ -3.8209, 52.3654 ], [ -3.8189, 52.3646 ], [ -3.8176, 52.3649 ], [ -3.8171, 52.3645 ], [ -3.8155, 52.364 ], [ -3.8145, 52.3641 ], [ -3.813, 52.3631 ], [ -3.8118, 52.3617 ], [ -3.8102, 52.3616 ], [ -3.809, 52.362 ], [ -3.8076, 52.3616 ], [ -3.8061, 52.3604 ], [ -3.8027, 52.3599 ], [ -3.8006, 52.3593 ], [ -3.7993, 52.3595 ], [ -3.7992, 52.3579 ], [ -3.7979, 52.356 ], [ -3.7973, 52.3543 ], [ -3.7941, 52.3517 ], [ -3.7912, 52.3523 ], [ -3.7892, 52.3522 ], [ -3.7877, 52.3524 ], [ -3.7866, 52.3527 ], [ -3.7856, 52.3524 ], [ -3.7827, 52.3518 ], [ -3.7817, 52.3513 ], [ -3.7795, 52.351 ], [ -3.7792, 52.3504 ], [ -3.7778, 52.3492 ], [ -3.7747, 52.3489 ], [ -3.7734, 52.3492 ], [ -3.7714, 52.3499 ], [ -3.7686, 52.3508 ], [ -3.7667, 52.3524 ], [ -3.7653, 52.3534 ], [ -3.763, 52.3545 ], [ -3.7609, 52.3553 ], [ -3.7572, 52.356 ], [ -3.7544, 52.3572 ], [ -3.7518, 52.358 ], [ -3.7503, 52.3582 ], [ -3.7489, 52.3587 ], [ -3.7465, 52.3589 ], [ -3.7448, 52.3588 ], [ -3.742, 52.3591 ], [ -3.7392, 52.3597 ], [ -3.7336, 52.3618 ], [ -3.7321, 52.3619 ], [ -3.7295, 52.3632 ], [ -3.7278, 52.3642 ], [ -3.7258, 52.3652 ], [ -3.7243, 52.3644 ], [ -3.7214, 52.3642 ], [ -3.7201, 52.3634 ], [ -3.7166, 52.3619 ], [ -3.7138, 52.363 ], [ -3.7105, 52.3632 ], [ -3.7085, 52.3634 ], [ -3.7048, 52.3641 ], [ -3.702, 52.3649 ], [ -3.7005, 52.3656 ], [ -3.6974, 52.366 ], [ -3.6944, 52.3665 ], [ -3.6919, 52.3667 ], [ -3.6892, 52.3677 ], [ -3.6856, 52.3683 ], [ -3.6834, 52.3692 ], [ -3.6815, 52.3682 ], [ -3.6792, 52.3678 ], [ -3.6775, 52.3667 ], [ -3.6769, 52.3656 ], [ -3.6769, 52.3644 ], [ -3.6743, 52.3637 ], [ -3.6729, 52.3625 ], [ -3.6696, 52.3607 ], [ -3.662, 52.3569 ], [ -3.6609, 52.3546 ], [ -3.6583, 52.3506 ], [ -3.6552, 52.3491 ], [ -3.6501, 52.3474 ], [ -3.647, 52.3462 ], [ -3.6442, 52.3437 ], [ -3.6409, 52.3419 ], [ -3.6357, 52.3402 ], [ -3.6317, 52.3391 ], [ -3.6298, 52.3389 ], [ -3.6196, 52.3352 ], [ -3.6175, 52.3351 ], [ -3.6137, 52.3337 ], [ -3.6101, 52.3326 ], [ -3.6087, 52.3327 ], [ -3.6085, 52.3319 ], [ -3.6057, 52.3307 ], [ -3.6039, 52.3302 ], [ -3.6016, 52.3307 ], [ -3.5989, 52.3314 ], [ -3.5908, 52.3305 ], [ -3.5891, 52.3297 ], [ -3.5881, 52.3276 ], [ -3.5864, 52.3265 ], [ -3.5857, 52.3255 ], [ -3.585, 52.3237 ], [ -3.5834, 52.3229 ], [ -3.5816, 52.3222 ], [ -3.58, 52.3211 ], [ -3.5772, 52.3192 ], [ -3.5739, 52.3177 ], [ -3.5698, 52.3165 ], [ -3.5637, 52.3149 ], [ -3.5607, 52.3146 ], [ -3.558, 52.314 ], [ -3.5552, 52.3143 ], [ -3.5517, 52.3144 ], [ -3.5485, 52.3139 ], [ -3.5454, 52.3118 ], [ -3.5435, 52.3106 ], [ -3.54, 52.3081 ], [ -3.5376, 52.3076 ], [ -3.532, 52.3052 ], [ -3.5283, 52.3037 ], [ -3.5256, 52.3021 ], [ -3.5227, 52.3012 ], [ -3.5213, 52.2993 ], [ -3.5202, 52.2991 ], [ -3.5187, 52.2984 ], [ -3.5141, 52.2994 ], [ -3.5133, 52.2995 ], [ -3.5102, 52.3005 ], [ -3.5056, 52.3025 ], [ -3.5033, 52.3036 ], [ -3.5006, 52.3029 ], [ -3.4952, 52.3037 ], [ -3.4928, 52.3034 ], [ -3.4874, 52.3038 ], [ -3.4801, 52.3035 ], [ -3.4725, 52.3021 ], [ -3.4717, 52.3008 ], [ -3.4671, 52.299 ], [ -3.4649, 52.2971 ], [ -3.4609, 52.2951 ], [ -3.4553, 52.2943 ], [ -3.4412, 52.2894 ], [ -3.4393, 52.2889 ], [ -3.4354, 52.2877 ], [ -3.4331, 52.2867 ], [ -3.4312, 52.2854 ], [ -3.4283, 52.2859 ], [ -3.4249, 52.2865 ], [ -3.4199, 52.2854 ], [ -3.4175, 52.2853 ], [ -3.4102, 52.283 ], [ -3.4027, 52.2804 ], [ -3.3991, 52.2804 ], [ -3.3931, 52.2817 ], [ -3.3918, 52.282 ], [ -3.3883, 52.2828 ], [ -3.3817, 52.2832 ], [ -3.3723, 52.282 ], [ -3.3626, 52.2805 ], [ -3.3569, 52.2794 ], [ -3.3485, 52.2768 ], [ -3.3462, 52.2762 ], [ -3.344, 52.2758 ], [ -3.3439, 52.2758 ], [ -3.3415, 52.2747 ], [ -3.3375, 52.2749 ], [ -3.3326, 52.2747 ], [ -3.3291, 52.2737 ], [ -3.3265, 52.2741 ], [ -3.3222, 52.2736 ], [ -3.3202, 52.2724 ], [ -3.3148, 52.272 ], [ -3.3107, 52.2717 ], [ -3.306, 52.27 ], [ -3.3007, 52.2684 ], [ -3.2973, 52.2677 ], [ -3.2958, 52.268 ], [ -3.2925, 52.2695 ], [ -3.2867, 52.2722 ], [ -3.2829, 52.2742 ], [ -3.2795, 52.2767 ], [ -3.2759, 52.2794 ], [ -3.2734, 52.2808 ], [ -3.26, 52.2868 ], [ -3.2583, 52.2871 ], [ -3.2571, 52.288 ], [ -3.2551, 52.2885 ], [ -3.2491, 52.2903 ], [ -3.2461, 52.2919 ], [ -3.2441, 52.2919 ], [ -3.237, 52.2954 ], [ -3.2335, 52.2962 ], [ -3.2331, 52.2973 ], [ -3.2277, 52.2975 ], [ -3.2255, 52.2979 ], [ -3.2238, 52.2978 ], [ -3.2216, 52.297 ], [ -3.2182, 52.2971 ], [ -3.2147, 52.2974 ], [ -3.2142, 52.2967 ], [ -3.2148, 52.2961 ], [ -3.2147, 52.2952 ], [ -3.2127, 52.2938 ], [ -3.2102, 52.2934 ], [ -3.208, 52.2936 ], [ -3.2058, 52.2933 ], [ -3.2028, 52.2935 ], [ -3.2008, 52.2938 ], [ -3.1991, 52.2945 ], [ -3.194, 52.2946 ], [ -3.1889, 52.2947 ], [ -3.1866, 52.2943 ], [ -3.184, 52.2944 ], [ -3.1767, 52.2945 ], [ -3.1733, 52.2946 ], [ -3.1723, 52.2943 ], [ -3.1712, 52.2945 ], [ -3.1699, 52.2943 ], [ -3.1672, 52.2939 ], [ -3.1648, 52.2929 ], [ -3.1623, 52.2929 ], [ -3.1595, 52.2926 ], [ -3.1577, 52.2925 ], [ -3.1561, 52.2921 ], [ -3.1519, 52.2922 ], [ -3.149, 52.2926 ], [ -3.1452, 52.292 ], [ -3.1389, 52.2922 ], [ -3.1331, 52.2936 ], [ -3.1279, 52.295 ], [ -3.1252, 52.2948 ], [ -3.1231, 52.2944 ], [ -3.1208, 52.2936 ], [ -3.1194, 52.2928 ], [ -3.1174, 52.2913 ], [ -3.1154, 52.2911 ], [ -3.1137, 52.2915 ], [ -3.113, 52.2906 ], [ -3.1118, 52.2905 ], [ -3.1099, 52.2897 ], [ -3.1083, 52.2886 ], [ -3.1076, 52.2878 ], [ -3.1065, 52.286 ], [ -3.1019, 52.2836 ], [ -3.0982, 52.2817 ], [ -3.0936, 52.2798 ], [ -3.0894, 52.2791 ], [ -3.0845, 52.2795 ], [ -3.08, 52.2803 ], [ -3.0753, 52.2801 ], [ -3.0713, 52.2798 ], [ -3.0712, 52.2798 ], [ -3.0675, 52.2789 ], [ -3.0631, 52.278 ], [ -3.0614, 52.2772 ], [ -3.052, 52.2782 ], [ -3.0451, 52.2802 ], [ -3.0387, 52.2817 ], [ -3.0309, 52.2819 ], [ -3.024, 52.2811 ], [ -3.0187, 52.2781 ], [ -3.0151, 52.2766 ], [ -3.0093, 52.2753 ], [ -3.0068, 52.2733 ], [ -3.0063, 52.2728 ], [ -3.0033, 52.2716 ], [ -3.0021, 52.2705 ], [ -2.9964, 52.2694 ], [ -2.9919, 52.2686 ], [ -2.9893, 52.2674 ], [ -2.9811, 52.2669 ], [ -2.974, 52.267 ], [ -2.9712, 52.2672 ], [ -2.9693, 52.2674 ], [ -2.9669, 52.2668 ], [ -2.9612, 52.2659 ], [ -2.9605, 52.2646 ], [ -2.9547, 52.2627 ], [ -2.9496, 52.2629 ], [ -2.9427, 52.2625 ], [ -2.9327, 52.2618 ], [ -2.926, 52.2614 ], [ -2.9197, 52.2596 ], [ -2.9145, 52.2568 ], [ -2.9115, 52.2561 ], [ -2.9088, 52.2568 ], [ -2.9041, 52.2572 ], [ -2.9032, 52.2596 ], [ -2.9016, 52.2618 ], [ -2.8996, 52.2627 ], [ -2.8942, 52.2632 ], [ -2.8906, 52.2642 ], [ -2.8842, 52.2656 ], [ -2.8809, 52.2653 ], [ -2.8806, 52.2648 ], [ -2.8782, 52.2649 ], [ -2.8737, 52.2644 ], [ -2.8723, 52.2627 ], [ -2.8714, 52.2623 ], [ -2.8709, 52.262 ], [ -2.8691, 52.262 ], [ -2.8661, 52.262 ], [ -2.8587, 52.2627 ], [ -2.855, 52.2636 ], [ -2.8488, 52.2667 ], [ -2.8444, 52.2677 ], [ -2.8439, 52.2659 ], [ -2.8367, 52.2595 ], [ -2.827, 52.2529 ], [ -2.8223, 52.2519 ], [ -2.8154, 52.2489 ], [ -2.8105, 52.2475 ], [ -2.8094, 52.2471 ], [ -2.8056, 52.2456 ], [ -2.8021, 52.2445 ], [ -2.8073, 52.2387 ], [ -2.8016, 52.237 ], [ -2.7966, 52.2347 ], [ -2.7925, 52.2327 ], [ -2.7886, 52.2301 ], [ -2.7799, 52.2286 ], [ -2.7755, 52.2276 ], [ -2.7706, 52.2259 ], [ -2.7684, 52.2242 ], [ -2.7647, 52.2231 ], [ -2.7599, 52.2237 ], [ -2.7543, 52.2255 ], [ -2.7495, 52.2271 ], [ -2.7422, 52.227 ], [ -2.7378, 52.227 ] ] } },
{ "type": "Feature", "properties": { "linetype": 1 }, "geometry": { "type": "LineString", "coordinates": [ [ -0.5538, 50.8544 ], [ -0.5443, 50.8472 ], [ -0.3733, 50.8277 ], [ -0.2743, 50.8329 ] ] } },
{ "type": "Feature", "properties": { "linetype": 2 }, "geometry": { "type": "LineString", "coordinates": [ [ -0.1014, 51.4927 ], [ -0.0931, 51.5013 ], [ -0.0925, 51.5022 ], [ -0.0914, 51.5038 ], [ -0.0905, 51.5045 ], [ -0.0888, 51.5057 ], [ -0.0879, 51.5061 ], [ -0.0868, 51.5067 ], [ -0.0864, 51.5078 ], [ -0.0859, 51.5094 ], [ -0.0842, 51.5134 ] ] } },
{ "type": "Feature", "properties": { "linetype": 1 }, "geometry": { "type": "LineString", "coordinates": [ [ -0.5549, 50.8549 ], [ -0.5608, 50.8529 ], [ -0.5637, 50.853 ], [ -0.566, 50.8538 ], [ -0.5689, 50.8546 ], [ -0.5733, 50.8544 ], [ -0.5771, 50.855 ], [ -0.5785, 50.8558 ], [ -0.5799, 50.8569 ], [ -0.5872, 50.8575 ], [ -0.5929, 50.8575 ], [ -0.5992, 50.8574 ], [ -0.6037, 50.8563 ], [ -0.6095, 50.8554 ], [ -0.6101, 50.8552 ], [ -0.6122, 50.8544 ], [ -0.6154, 50.8527 ], [ -0.6177, 50.8523 ], [ -0.6231, 50.8525 ], [ -0.6357, 50.8536 ], [ -0.6432, 50.854 ], [ -0.6495, 50.8549 ], [ -0.6601, 50.8565 ], [ -0.6657, 50.8571 ], [ -0.6693, 50.8561 ], [ -0.6762, 50.854 ], [ -0.6814, 50.854 ], [ -0.6864, 50.8544 ], [ -0.6912, 50.8556 ], [ -0.6956, 50.8557 ], [ -0.7052, 50.8553 ], [ -0.7134, 50.8551 ], [ -0.7271, 50.8539 ], [ -0.7316, 50.8527 ], [ -0.7344, 50.8523 ], [ -0.7415, 50.8511 ], [ -0.7491, 50.8479 ], [ -0.7564, 50.8467 ], [ -0.7585, 50.8441 ], [ -0.7599, 50.8429 ], [ -0.7742, 50.8363 ], [ -0.7792, 50.8365 ] ] } },
{ "type": "Feature", "properties": { "linetype": 2 }, "geometry": { "type": "LineString", "coordinates": [ [ -0.2891, 52.4895 ], [ -0.2867, 52.4817 ], [ -0.2848, 52.4746 ], [ -0.2834, 52.4699 ], [ -0.2802, 52.4578 ], [ -0.2783, 52.4522 ], [ -0.279, 52.4508 ], [ -0.2781, 52.4489 ], [ -0.2765, 52.4478 ], [ -0.2756, 52.4451 ], [ -0.2727, 52.4414 ], [ -0.2722, 52.436 ], [ -0.2706, 52.4313 ], [ -0.2702, 52.4287 ], [ -0.2682, 52.4234 ], [ -0.2683, 52.4205 ], [ -0.2674, 52.4181 ], [ -0.2664, 52.4157 ], [ -0.263, 52.4032 ], [ -0.2615, 52.3978 ], [ -0.2563, 52.3822 ], [ -0.2556, 52.38 ], [ -0.2541, 52.3782 ], [ -0.2334, 52.3679 ], [ -0.2264, 52.3645 ], [ -0.2136, 52.358 ], [ -0.2097, 52.3554 ], [ -0.2071, 52.3533 ], [ -0.2056, 52.3526 ], [ -0.2022, 52.3483 ], [ -0.1951, 52.3409 ], [ -0.1873, 52.3329 ], [ -0.1845, 52.3305 ], [ -0.1843, 52.3304 ], [ -0.1828, 52.3301 ], [ -0.1814, 52.329 ], [ -0.1777, 52.3273 ], [ -0.1771, 52.3268 ], [ -0.1767, 52.3256 ], [ -0.1759, 52.3225 ], [ -0.176, 52.3215 ], [ -0.1761, 52.3212 ], [ -0.1754, 52.3193 ], [ -0.1753, 52.3172 ], [ -0.1736, 52.3155 ], [ -0.1726, 52.3157 ], [ -0.1712, 52.3161 ], [ -0.17, 52.3145 ], [ -0.1562, 52.3013 ], [ -0.1512, 52.2957 ], [ -0.1371, 52.2754 ], [ -0.1035, 52.2288 ], [ -0.0926, 52.2057 ], [ -0.0805, 52.1787 ], [ -0.0541, 52.119 ], [ -0.023, 52.0457 ], [ -0.0219, 52.0431 ], [ -0.0202, 52.0392 ], [ -0.0199, 52.0374 ], [ -0.0214, 52.0296 ], [ -0.0239, 52.0114 ], [ -0.0268, 51.9845 ], [ -0.0284, 51.9603 ], [ -0.0187, 51.9463 ], [ -0.0184, 51.946 ], [ -0.0178, 51.9455 ], [ -0.0004, 51.9234 ], [ 0.0062, 51.9154 ], [ 0.0093, 51.9109 ], [ 0.0108, 51.9077 ], [ 0.0106, 51.9021 ], [ 0.0111, 51.9006 ], [ 0.0126, 51.8987 ], [ 0.013, 51.8956 ], [ 0.014, 51.8935 ], [ 0.0128, 51.8924 ], [ 0.013, 51.8908 ], [ 0.0127, 51.8906 ], [ 0.0033, 51.8827 ], [ 0.0004, 51.8814 ], [ -0.0051, 51.8765 ], [ -0.0071, 51.8731 ], [ -0.0112, 51.8659 ], [ -0.0136, 51.8601 ], [ -0.0151, 51.8604 ], [ -0.0265, 51.8441 ], [ -0.0276, 51.8418 ], [ -0.0291, 51.8392 ], [ -0.0325, 51.8338 ], [ -0.0365, 51.8194 ], [ -0.0353, 51.8176 ], [ -0.0342, 51.8155 ], [ -0.0342, 51.8143 ], [ -0.0343, 51.8124 ], [ -0.0333, 51.8117 ], [ -0.0314, 51.811 ], [ -0.029, 51.8103 ], [ -0.0292, 51.8097 ], [ -0.0278, 51.8091 ], [ -0.0265, 51.8082 ], [ -0.026, 51.8063 ], [ -0.0249, 51.8039 ], [ -0.0203, 51.8001 ], [ -0.018, 51.7963 ], [ -0.0177, 51.7934 ], [ -0.0162, 51.791 ], [ -0.015, 51.789 ], [ -0.0145, 51.7857 ], [ -0.0132, 51.7819 ], [ -0.0136, 51.7792 ], [ -0.0131, 51.7771 ], [ -0.0141, 51.7742 ], [ -0.0146, 51.7716 ], [ -0.0142, 51.7695 ], [ -0.0125, 51.7678 ], [ -0.0111, 51.7664 ], [ -0.011, 51.7652 ], [ -0.0115, 51.7623 ], [ -0.0117, 51.7607 ], [ -0.0125, 51.7586 ], [ -0.0138, 51.7545 ], [ -0.0152, 51.7526 ], [ -0.018, 51.7508 ], [ -0.0187, 51.7489 ], [ -0.0194, 51.7471 ], [ -0.0196, 51.7453 ], [ -0.0211, 51.7429 ], [ -0.0227, 51.7408 ], [ -0.0226, 51.7393 ], [ -0.0226, 51.7373 ], [ -0.0231, 51.7353 ], [ -0.0233, 51.7339 ], [ -0.0241, 51.7329 ], [ -0.0249, 51.7319 ], [ -0.0246, 51.7304 ], [ -0.0251, 51.7291 ], [ -0.0259, 51.7275 ], [ -0.0258, 51.7254 ], [ -0.0262, 51.724 ], [ -0.0256, 51.7229 ], [ -0.0248, 51.7213 ], [ -0.0257, 51.7201 ], [ -0.0269, 51.7187 ], [ -0.0272, 51.7169 ], [ -0.0282, 51.7154 ], [ -0.0316, 51.7134 ], [ -0.0333, 51.7122 ], [ -0.0349, 51.7101 ], [ -0.0365, 51.7092 ], [ -0.0372, 51.7083 ], [ -0.0372, 51.7072 ], [ -0.034, 51.7051 ], [ -0.0342, 51.7042 ], [ -0.0345, 51.7017 ], [ -0.0339, 51.6997 ], [ -0.0343, 51.6973 ], [ -0.0344, 51.6933 ], [ -0.0342, 51.6919 ], [ -0.0331, 51.6885 ], [ -0.033, 51.6868 ], [ -0.0329, 51.6861 ], [ -0.0328, 51.6839 ], [ -0.0332, 51.6813 ], [ -0.0337, 51.6786 ], [ -0.0349, 51.6768 ], [ -0.0363, 51.6753 ], [ -0.0386, 51.6731 ], [ -0.0393, 51.6724 ], [ -0.0406, 51.6706 ], [ -0.041, 51.6694 ], [ -0.0415, 51.6682 ], [ -0.0428, 51.6667 ], [ -0.0437, 51.6647 ], [ -0.0447, 51.6637 ], [ -0.0469, 51.6592 ], [ -0.0474, 51.6563 ], [ -0.0482, 51.655 ], [ -0.0485, 51.6538 ], [ -0.0476, 51.6527 ], [ -0.0473, 51.6524 ], [ -0.0461, 51.6501 ], [ -0.0461, 51.6487 ], [ -0.0469, 51.6465 ], [ -0.046, 51.6451 ], [ -0.0465, 51.6434 ], [ -0.0478, 51.639 ], [ -0.0503, 51.637 ], [ -0.0525, 51.6348 ], [ -0.0553, 51.6307 ], [ -0.0558, 51.6292 ], [ -0.0563, 51.6275 ], [ -0.0574, 51.6263 ], [ -0.0596, 51.6253 ], [ -0.0597, 51.6252 ], [ -0.0605, 51.6248 ], [ -0.0626, 51.6193 ], [ -0.0646, 51.6135 ], [ -0.0663, 51.6096 ], [ -0.0675, 51.6086 ], [ -0.0681, 51.6064 ], [ -0.0677, 51.6027 ], [ -0.0678, 51.5991 ], [ -0.0686, 51.5963 ], [ -0.0695, 51.594 ], [ -0.0702, 51.5891 ], [ -0.0712, 51.5868 ], [ -0.072, 51.5838 ], [ -0.0729, 51.5776 ], [ -0.0718, 51.5753 ], [ -0.0719, 51.575 ], [ -0.0726, 51.5724 ], [ -0.0747, 51.5574 ], [ -0.0759, 51.5454 ], [ -0.0757, 51.5424 ], [ -0.077, 51.5306 ], [ -0.078, 51.5281 ], [ -0.0779, 51.526 ], [ -0.0777, 51.5257 ], [ -0.0772, 51.5246 ], [ -0.0773, 51.5237 ], [ -0.0783, 51.5219 ], [ -0.0788, 51.5211 ], [ -0.0791, 51.5198 ], [ -0.0799, 51.5181 ], [ -0.0815, 51.5162 ], [ -0.0836, 51.5145 ], [ -0.0842, 51.5134 ] ] } },
{ "type": "Feature", "properties": { "linetype": 2 }, "geometry": { "type": "LineString", "coordinates": [ [ -0.2891, 52.4895 ], [ -0.2932, 52.5033 ], [ -0.2945, 52.5114 ], [ -0.3272, 52.5407 ], [ -0.3298, 52.5421 ], [ -0.331, 52.5442 ], [ -0.3342, 52.547 ], [ -0.3433, 52.555 ], [ -0.352, 52.5575 ], [ -0.3611, 52.5603 ], [ -0.3653, 52.5613 ], [ -0.3687, 52.5612 ], [ -0.3734, 52.5611 ], [ -0.3806, 52.5637 ], [ -0.3835, 52.5647 ], [ -0.3861, 52.5655 ], [ -0.3865, 52.5661 ], [ -0.3875, 52.5674 ], [ -0.3902, 52.5691 ], [ -0.3971, 52.5718 ], [ -0.401, 52.5739 ], [ -0.4103, 52.5779 ], [ -0.4126, 52.5783 ], [ -0.4129, 52.5783 ], [ -0.414, 52.5782 ], [ -0.415, 52.5793 ], [ -0.4165, 52.58 ], [ -0.4166, 52.5802 ], [ -0.4173, 52.5814 ], [ -0.4173, 52.5838 ], [ -0.4161, 52.5868 ], [ -0.416, 52.5886 ], [ -0.4178, 52.5916 ], [ -0.4183, 52.5947 ], [ -0.4191, 52.5965 ], [ -0.4219, 52.5989 ], [ -0.424, 52.6014 ], [ -0.4274, 52.6039 ], [ -0.4331, 52.608 ], [ -0.4368, 52.6108 ], [ -0.4423, 52.6138 ], [ -0.4481, 52.6166 ], [ -0.4525, 52.6194 ], [ -0.455, 52.6209 ], [ -0.4637, 52.6257 ], [ -0.4667, 52.6273 ], [ -0.4688, 52.629 ], [ -0.471, 52.6329 ], [ -0.4719, 52.6369 ], [ -0.4727, 52.6387 ], [ -0.4744, 52.641 ], [ -0.4748, 52.6433 ], [ -0.4762, 52.6455 ], [ -0.4762, 52.6457 ], [ -0.476, 52.6468 ], [ -0.4778, 52.6491 ], [ -0.4782, 52.6504 ], [ -0.4811, 52.6514 ], [ -0.4839, 52.653 ], [ -0.4856, 52.6532 ], [ -0.4948, 52.6565 ], [ -0.4991, 52.6578 ], [ -0.5038, 52.6585 ], [ -0.5074, 52.6598 ], [ -0.519, 52.6666 ], [ -0.5209, 52.6682 ], [ -0.5225, 52.6705 ], [ -0.5256, 52.6717 ], [ -0.5283, 52.6724 ], [ -0.5288, 52.6725 ], [ -0.5333, 52.6747 ], [ -0.538, 52.6768 ], [ -0.5412, 52.6791 ], [ -0.5616, 52.6911 ], [ -0.5913, 52.7087 ], [ -0.5926, 52.7124 ], [ -0.5937, 52.7157 ], [ -0.6106, 52.7626 ], [ -0.6109, 52.7819 ], [ -0.6107, 52.7883 ], [ -0.6217, 52.7966 ], [ -0.623, 52.7984 ], [ -0.6224, 52.8034 ], [ -0.6209, 52.8066 ], [ -0.6206, 52.8091 ], [ -0.6223, 52.8119 ], [ -0.6228, 52.8137 ], [ -0.6221, 52.8161 ], [ -0.624, 52.8188 ], [ -0.6317, 52.8281 ], [ -0.631, 52.83 ], [ -0.6297, 52.8356 ], [ -0.6292, 52.8413 ], [ -0.6282, 52.8468 ], [ -0.6273, 52.8515 ], [ -0.63, 52.8626 ], [ -0.6332, 52.8788 ], [ -0.6332, 52.8841 ], [ -0.6331, 52.8888 ], [ -0.6346, 52.8956 ], [ -0.6352, 52.9011 ], [ -0.6362, 52.9039 ], [ -0.6397, 52.9095 ], [ -0.6431, 52.9124 ], [ -0.6438, 52.9131 ], [ -0.6446, 52.9142 ], [ -0.6459, 52.9161 ], [ -0.6482, 52.92 ], [ -0.6503, 52.9224 ], [ -0.6552, 52.9247 ], [ -0.6593, 52.9272 ], [ -0.6621, 52.9306 ], [ -0.6659, 52.9324 ], [ -0.6671, 52.9345 ], [ -0.6673, 52.9378 ], [ -0.6726, 52.9439 ], [ -0.6935, 52.9647 ], [ -0.6998, 52.9661 ], [ -0.707, 52.969 ], [ -0.7139, 52.9703 ], [ -0.7158, 52.9707 ], [ -0.7221, 52.9719 ], [ -0.7244, 52.9743 ], [ -0.7229, 52.9764 ], [ -0.729, 52.9774 ], [ -0.7349, 52.9773 ], [ -0.7386, 52.9783 ], [ -0.7417, 52.9783 ], [ -0.7475, 52.9804 ], [ -0.7507, 52.9834 ], [ -0.7528, 52.9857 ], [ -0.7559, 52.99 ], [ -0.7582, 52.9925 ], [ -0.7589, 52.9952 ], [ -0.7588, 52.9956 ], [ -0.7583, 52.9979 ], [ -0.7602, 53.0013 ], [ -0.7614, 53.0038 ], [ -0.7633, 53.0075 ], [ -0.7638, 53.0112 ], [ -0.764, 53.0127 ], [ -0.7648, 53.0161 ], [ -0.7657, 53.0171 ], [ -0.7661, 53.0175 ], [ -0.7681, 53.0224 ], [ -0.7688, 53.0261 ], [ -0.7706, 53.0286 ], [ -0.7706, 53.0298 ], [ -0.7701, 53.0308 ], [ -0.769, 53.0332 ], [ -0.7693, 53.0356 ], [ -0.77, 53.0377 ], [ -0.7706, 53.0407 ], [ -0.7718, 53.0433 ], [ -0.7731, 53.0448 ], [ -0.775, 53.0459 ], [ -0.7756, 53.0463 ], [ -0.7774, 53.0483 ], [ -0.7789, 53.0509 ], [ -0.7797, 53.0517 ], [ -0.7796, 53.0535 ], [ -0.7785, 53.0539 ], [ -0.7787, 53.0555 ], [ -0.7785, 53.0556 ], [ -0.7782, 53.0558 ], [ -0.7785, 53.0575 ], [ -0.7885, 53.0631 ], [ -0.7977, 53.0687 ], [ -0.8021, 53.0712 ], [ -0.8047, 53.0725 ], [ -0.8071, 53.075 ], [ -0.8076, 53.0756 ], [ -0.8083, 53.0758 ], [ -0.8092, 53.0762 ], [ -0.8101, 53.0761 ], [ -0.8128, 53.0765 ], [ -0.8112, 53.0776 ], [ -0.811, 53.0777 ], [ -0.8126, 53.0785 ], [ -0.8139, 53.0793 ], [ -0.8256, 53.0972 ], [ -0.8253, 53.0979 ], [ -0.8244, 53.099 ], [ -0.8236, 53.1022 ], [ -0.8236, 53.1028 ], [ -0.8236, 53.1043 ], [ -0.8226, 53.1057 ], [ -0.8225, 53.1058 ], [ -0.8205, 53.1074 ], [ -0.8193, 53.1086 ], [ -0.8201, 53.1116 ], [ -0.8202, 53.1125 ], [ -0.8203, 53.1142 ], [ -0.8201, 53.1161 ], [ -0.8177, 53.1197 ], [ -0.8174, 53.1205 ], [ -0.8164, 53.1228 ], [ -0.8147, 53.1245 ], [ -0.8138, 53.1272 ], [ -0.8108, 53.1309 ], [ -0.8093, 53.1326 ], [ -0.8075, 53.1372 ], [ -0.8061, 53.1406 ], [ -0.8065, 53.1438 ], [ -0.8072, 53.1462 ], [ -0.8077, 53.1479 ], [ -0.8075, 53.1482 ], [ -0.8062, 53.1512 ], [ -0.8052, 53.1544 ], [ -0.8049, 53.1566 ], [ -0.8047, 53.1577 ], [ -0.8058, 53.1584 ], [ -0.8069, 53.1598 ], [ -0.8071, 53.1619 ], [ -0.8071, 53.1637 ], [ -0.8064, 53.1658 ], [ -0.807, 53.166 ], [ -0.8071, 53.1686 ], [ -0.8069, 53.171 ], [ -0.8071, 53.174 ], [ -0.8079, 53.1784 ], [ -0.8094, 53.1803 ], [ -0.8125, 53.1822 ], [ -0.8182, 53.186 ], [ -0.8192, 53.187 ], [ -0.8233, 53.1906 ], [ -0.8277, 53.1942 ], [ -0.8308, 53.1968 ], [ -0.8331, 53.1986 ], [ -0.8344, 53.2 ], [ -0.8376, 53.2006 ], [ -0.8396, 53.2015 ], [ -0.8392, 53.2029 ], [ -0.8415, 53.2032 ], [ -0.8419, 53.2032 ], [ -0.8435, 53.2029 ], [ -0.8464, 53.2026 ], [ -0.8485, 53.2035 ], [ -0.85, 53.2046 ], [ -0.8527, 53.2057 ], [ -0.8535, 53.2067 ], [ -0.8564, 53.2092 ], [ -0.8572, 53.2106 ], [ -0.8598, 53.2118 ], [ -0.8647, 53.2137 ], [ -0.8661, 53.2148 ], [ -0.8662, 53.2152 ], [ -0.8672, 53.2164 ], [ -0.8713, 53.2177 ], [ -0.8715, 53.2178 ], [ -0.8757, 53.2188 ], [ -0.8808, 53.2221 ], [ -0.8843, 53.2233 ], [ -0.89, 53.2261 ], [ -0.8952, 53.2289 ], [ -0.8984, 53.231 ] ] } },
{ "type": "Feature", "properties": { "linetype": 2 }, "geometry": { "type": "LineString", "coordinates": [ [ -1.0213, 53.4292 ], [ -1.0203, 53.4312 ], [ -1.022, 53.4342 ], [ -1.0209, 53.4378 ], [ -1.0257, 53.4485 ], [ -1.0346, 53.4674 ], [ -1.0409, 53.479 ], [ -1.0447, 53.4808 ], [ -1.049, 53.4845 ], [ -1.0539, 53.4897 ], [ -1.0772, 53.5002 ], [ -1.0826, 53.5042 ], [ -1.0894, 53.5104 ], [ -1.0956, 53.5153 ], [ -1.099, 53.5171 ], [ -1.1087, 53.5189 ], [ -1.1198, 53.5197 ], [ -1.1249, 53.5211 ], [ -1.128, 53.5219 ], [ -1.1323, 53.5229 ], [ -1.135, 53.5239 ], [ -1.139, 53.5254 ], [ -1.1443, 53.5286 ], [ -1.1627, 53.5363 ], [ -1.1759, 53.5459 ], [ -1.1777, 53.5504 ], [ -1.1807, 53.5562 ], [ -1.189, 53.5599 ], [ -1.1946, 53.5628 ], [ -1.2012, 53.5714 ], [ -1.207, 53.5773 ], [ -1.211, 53.5806 ], [ -1.2138, 53.5875 ], [ -1.2162, 53.5941 ], [ -1.2172, 53.6012 ], [ -1.22, 53.6028 ], [ -1.2223, 53.6078 ], [ -1.2268, 53.6149 ], [ -1.2302, 53.6173 ], [ -1.2372, 53.6256 ], [ -1.2392, 53.6278 ], [ -1.242, 53.6324 ], [ -1.2454, 53.6356 ], [ -1.2528, 53.6406 ], [ -1.2529, 53.6407 ], [ -1.2592, 53.6443 ], [ -1.2619, 53.6464 ], [ -1.264, 53.6477 ], [ -1.2628, 53.6502 ], [ -1.2638, 53.652 ], [ -1.2654, 53.6549 ], [ -1.2665, 53.6591 ], [ -1.2662, 53.6651 ], [ -1.2655, 53.6662 ], [ -1.2641, 53.6686 ], [ -1.2628, 53.6718 ], [ -1.2613, 53.6734 ], [ -1.2598, 53.676 ], [ -1.2614, 53.6774 ], [ -1.262, 53.6801 ], [ -1.2631, 53.6834 ], [ -1.2663, 53.6866 ], [ -1.2662, 53.6918 ], [ -1.2677, 53.6962 ], [ -1.2679, 53.6965 ], [ -1.2693, 53.6985 ], [ -1.2693, 53.7024 ], [ -1.2699, 53.704 ], [ -1.2692, 53.7068 ], [ -1.2684, 53.709 ], [ -1.2679, 53.7102 ], [ -1.2686, 53.7144 ], [ -1.2704, 53.7154 ], [ -1.2706, 53.7159 ], [ -1.2695, 53.7159 ], [ -1.2683, 53.7164 ], [ -1.2679, 53.7178 ], [ -1.2677, 53.7186 ], [ -1.2668, 53.722 ], [ -1.2642, 53.7248 ], [ -1.265, 53.7269 ], [ -1.2654, 53.7289 ], [ -1.2656, 53.7293 ], [ -1.2669, 53.7324 ], [ -1.2654, 53.7362 ], [ -1.264, 53.7376 ], [ -1.2629, 53.7386 ], [ -1.2626, 53.7423 ], [ -1.2609, 53.7439 ], [ -1.2588, 53.7475 ], [ -1.2561, 53.7503 ], [ -1.2539, 53.7517 ], [ -1.2531, 53.7542 ], [ -1.2521, 53.758 ], [ -1.2518, 53.7609 ], [ -1.252, 53.7648 ], [ -1.2506, 53.769 ], [ -1.2488, 53.7744 ], [ -1.2477, 53.7772 ], [ -1.2471, 53.7796 ], [ -1.248, 53.7816 ], [ -1.2499, 53.7842 ], [ -1.25, 53.7865 ], [ -1.251, 53.7916 ], [ -1.2512, 53.7938 ], [ -1.2509, 53.7948 ], [ -1.2521, 53.7978 ], [ -1.2545, 53.8031 ], [ -1.2569, 53.8102 ], [ -1.2578, 53.8144 ], [ -1.2589, 53.8179 ], [ -1.2588, 53.82 ], [ -1.2611, 53.828 ], [ -1.2641, 53.8313 ], [ -1.2644, 53.8345 ], [ -1.2641, 53.8386 ], [ -1.2643, 53.8428 ], [ -1.2654, 53.8458 ], [ -1.265, 53.8479 ], [ -1.2639, 53.8492 ], [ -1.2637, 53.8506 ], [ -1.2609, 53.857 ], [ -1.26, 53.8642 ], [ -1.26, 53.8676 ], [ -1.2629, 53.8704 ], [ -1.2648, 53.8753 ], [ -1.2657, 53.879 ], [ -1.2654, 53.8825 ], [ -1.2616, 53.884 ], [ -1.2598, 53.885 ], [ -1.2587, 53.8868 ], [ -1.2558, 53.8879 ], [ -1.2506, 53.8888 ], [ -1.2497, 53.889 ], [ -1.2438, 53.8905 ], [ -1.2354, 53.8912 ], [ -1.2241, 53.8912 ], [ -1.2155, 53.8936 ], [ -1.208, 53.8971 ], [ -1.2003, 53.9007 ], [ -1.1963, 53.9032 ], [ -1.1882, 53.9055 ], [ -1.1818, 53.9095 ], [ -1.1765, 53.9145 ], [ -1.1695, 53.9169 ], [ -1.1561, 53.9193 ], [ -1.1448, 53.9206 ], [ -1.1387, 53.921 ], [ -1.1259, 53.9242 ], [ -1.1182, 53.927 ], [ -1.1144, 53.9307 ], [ -1.1078, 53.939 ], [ -1.102, 53.9464 ], [ -1.0991, 53.9506 ], [ -1.0969, 53.9522 ], [ -1.0947, 53.9537 ], [ -1.0912, 53.9559 ], [ -1.0892, 53.9571 ], [ -1.0861, 53.9573 ], [ -1.084, 53.9574 ], [ -1.0809, 53.9583 ], [ -1.0821, 53.9596 ] ] } },
{ "type": "Feature", "properties": { "linetype": 2 }, "geometry": { "type": "LineString", "coordinates": [ [ -0.8984, 53.231 ], [ -0.8999, 53.2327 ], [ -0.901, 53.2354 ], [ -0.9043, 53.2378 ], [ -0.9105, 53.2407 ], [ -0.9145, 53.2432 ], [ -0.9152, 53.2452 ], [ -0.9166, 53.2485 ], [ -0.9175, 53.2506 ], [ -0.9218, 53.255 ], [ -0.9251, 53.2573 ], [ -0.9291, 53.2589 ], [ -0.9324, 53.2599 ], [ -0.9353, 53.2602 ], [ -0.9379, 53.262 ], [ -0.9397, 53.2642 ], [ -0.9418, 53.2663 ], [ -0.9448, 53.2672 ], [ -0.9485, 53.2675 ], [ -0.9498, 53.2677 ], [ -0.9515, 53.268 ], [ -0.9526, 53.2696 ], [ -0.9549, 53.2698 ], [ -0.9563, 53.2712 ], [ -0.9607, 53.2732 ], [ -0.9653, 53.2749 ], [ -0.9676, 53.2772 ], [ -0.9692, 53.2805 ], [ -0.9714, 53.2824 ], [ -0.9755, 53.2864 ], [ -0.9786, 53.2885 ], [ -0.9825, 53.2903 ], [ -0.9863, 53.2948 ], [ -0.988, 53.3019 ], [ -0.9888, 53.3091 ], [ -0.9906, 53.3159 ], [ -0.9922, 53.3194 ], [ -1.0016, 53.3276 ], [ -1.0036, 53.3298 ], [ -1.0062, 53.3454 ], [ -1.0065, 53.35 ], [ -1.0065, 53.3518 ], [ -1.0058, 53.3525 ], [ -1.0074, 53.3543 ], [ -1.0081, 53.3584 ], [ -1.0139, 53.3718 ], [ -1.015, 53.3747 ], [ -1.0154, 53.3794 ], [ -1.0151, 53.3828 ], [ -1.0178, 53.3888 ], [ -1.0186, 53.3967 ], [ -1.0203, 53.4006 ], [ -1.0209, 53.4049 ], [ -1.0203, 53.4075 ], [ -1.0203, 53.4093 ], [ -1.0202, 53.4104 ], [ -1.0204, 53.4106 ], [ -1.0207, 53.4111 ], [ -1.0223, 53.4115 ], [ -1.0227, 53.4137 ], [ -1.0229, 53.4148 ], [ -1.0245, 53.4169 ], [ -1.0252, 53.4173 ], [ -1.0241, 53.4221 ], [ -1.0221, 53.4275 ], [ -1.0213, 53.4292 ] ] } },
{ "type": "Feature", "properties": { "linetype": 2 }, "geometry": { "type": "LineString", "coordinates": [ [ -1.5741, 54.8556 ], [ -1.5733, 54.8498 ], [ -1.5751, 54.8456 ], [ -1.5766, 54.8422 ], [ -1.5819, 54.8411 ], [ -1.5837, 54.8397 ], [ -1.5871, 54.8371 ], [ -1.5919, 54.8332 ], [ -1.5929, 54.8308 ], [ -1.5939, 54.8274 ], [ -1.5938, 54.8245 ], [ -1.5928, 54.8218 ], [ -1.592, 54.8175 ], [ -1.5894, 54.814 ], [ -1.5882, 54.81 ], [ -1.5882, 54.8049 ], [ -1.5883, 54.8032 ], [ -1.59, 54.7972 ], [ -1.5904, 54.7926 ], [ -1.5906, 54.7894 ], [ -1.5893, 54.7876 ], [ -1.5858, 54.7839 ], [ -1.5833, 54.7819 ], [ -1.58, 54.7805 ], [ -1.5798, 54.778 ], [ -1.5789, 54.7775 ], [ -1.5791, 54.7762 ], [ -1.5816, 54.7707 ], [ -1.5797, 54.7685 ], [ -1.5811, 54.767 ], [ -1.5806, 54.7654 ], [ -1.5805, 54.7652 ], [ -1.5798, 54.7639 ], [ -1.5787, 54.763 ], [ -1.5815, 54.7612 ], [ -1.5872, 54.7574 ], [ -1.588, 54.7553 ], [ -1.589, 54.7534 ], [ -1.591, 54.7526 ], [ -1.5905, 54.7482 ], [ -1.5892, 54.7448 ], [ -1.5887, 54.7415 ], [ -1.5874, 54.7397 ], [ -1.5874, 54.7382 ], [ -1.5879, 54.7362 ], [ -1.5897, 54.7342 ], [ -1.5879, 54.7328 ], [ -1.5873, 54.7319 ], [ -1.5867, 54.7304 ], [ -1.5864, 54.7296 ], [ -1.586, 54.7274 ], [ -1.5822, 54.7239 ], [ -1.5814, 54.7235 ], [ -1.5783, 54.7221 ], [ -1.5734, 54.717 ], [ -1.5703, 54.7136 ], [ -1.5673, 54.7085 ], [ -1.5661, 54.7039 ], [ -1.5656, 54.7023 ], [ -1.5622, 54.6966 ], [ -1.5619, 54.694 ], [ -1.5594, 54.6901 ], [ -1.5566, 54.6892 ], [ -1.5579, 54.6881 ], [ -1.5569, 54.6846 ], [ -1.5564, 54.6824 ], [ -1.5555, 54.6783 ], [ -1.5565, 54.676 ], [ -1.5565, 54.671 ], [ -1.5556, 54.6646 ], [ -1.5597, 54.6584 ], [ -1.5625, 54.6548 ], [ -1.5619, 54.6507 ], [ -1.5618, 54.6471 ], [ -1.5595, 54.6389 ], [ -1.5584, 54.6343 ], [ -1.5547, 54.6296 ], [ -1.5532, 54.6255 ], [ -1.5547, 54.6236 ], [ -1.5556, 54.6222 ], [ -1.5559, 54.6183 ], [ -1.5567, 54.6156 ], [ -1.5579, 54.6116 ], [ -1.5591, 54.6099 ], [ -1.5608, 54.6075 ], [ -1.5611, 54.6055 ], [ -1.5612, 54.6029 ], [ -1.5616, 54.6003 ], [ -1.5625, 54.5972 ], [ -1.5637, 54.5967 ], [ -1.5623, 54.5944 ], [ -1.5617, 54.5917 ], [ -1.5632, 54.5895 ], [ -1.5637, 54.587 ], [ -1.5629, 54.5854 ], [ -1.5614, 54.5852 ], [ -1.5597, 54.5839 ], [ -1.5579, 54.5795 ], [ -1.5549, 54.5749 ], [ -1.5546, 54.5747 ], [ -1.5498, 54.571 ], [ -1.5487, 54.5689 ], [ -1.5501, 54.566 ], [ -1.5497, 54.5597 ], [ -1.5486, 54.5536 ], [ -1.5465, 54.5503 ], [ -1.5495, 54.5412 ], [ -1.5529, 54.5371 ], [ -1.5529, 54.5338 ], [ -1.5525, 54.5318 ], [ -1.5524, 54.5307 ], [ -1.5531, 54.528 ], [ -1.5545, 54.5259 ], [ -1.5549, 54.5243 ], [ -1.5544, 54.5243 ], [ -1.5542, 54.5243 ], [ -1.5511, 54.525 ], [ -1.5502, 54.525 ], [ -1.5491, 54.5243 ], [ -1.5444, 54.5232 ], [ -1.5429, 54.521 ], [ -1.542, 54.517 ], [ -1.5384, 54.5105 ], [ -1.5339, 54.5067 ], [ -1.5305, 54.506 ], [ -1.5196, 54.4972 ], [ -1.5168, 54.4937 ], [ -1.5087, 54.4886 ], [ -1.5033, 54.4854 ], [ -1.5013, 54.4856 ], [ -1.4995, 54.4839 ], [ -1.4998, 54.4784 ], [ -1.5, 54.476 ], [ -1.4962, 54.4737 ], [ -1.4912, 54.471 ], [ -1.4888, 54.4668 ], [ -1.4881, 54.457 ], [ -1.4856, 54.4487 ], [ -1.4824, 54.4478 ], [ -1.4788, 54.4448 ], [ -1.4722, 54.4377 ], [ -1.47, 54.4367 ], [ -1.4692, 54.4346 ], [ -1.4629, 54.4335 ], [ -1.4633, 54.4299 ], [ -1.4623, 54.427 ], [ -1.459, 54.4251 ], [ -1.4574, 54.4223 ], [ -1.4575, 54.4178 ], [ -1.4578, 54.4159 ], [ -1.4548, 54.4106 ], [ -1.4547, 54.4045 ], [ -1.4528, 54.3994 ], [ -1.4515, 54.3952 ], [ -1.4454, 54.388 ], [ -1.4453, 54.3852 ], [ -1.4474, 54.3782 ], [ -1.4488, 54.3698 ], [ -1.45, 54.3639 ], [ -1.4501, 54.3635 ], [ -1.4535, 54.3629 ], [ -1.4506, 54.3564 ], [ -1.4479, 54.3518 ], [ -1.4442, 54.3495 ], [ -1.4413, 54.347 ], [ -1.4408, 54.3461 ], [ -1.4398, 54.3459 ], [ -1.4361, 54.3419 ], [ -1.435, 54.3409 ], [ -1.4345, 54.3405 ], [ -1.4344, 54.34 ], [ -1.434, 54.3383 ], [ -1.4338, 54.3375 ], [ -1.4338, 54.3374 ], [ -1.434, 54.3366 ], [ -1.4372, 54.3352 ], [ -1.4403, 54.3336 ], [ -1.4459, 54.3288 ], [ -1.446, 54.3258 ], [ -1.4456, 54.3226 ], [ -1.4462, 54.32 ], [ -1.4485, 54.3168 ], [ -1.4476, 54.3109 ], [ -1.4451, 54.3045 ], [ -1.4427, 54.3 ], [ -1.4413, 54.2974 ], [ -1.4377, 54.295 ], [ -1.4306, 54.2853 ], [ -1.4274, 54.2819 ], [ -1.4246, 54.28 ], [ -1.4217, 54.2779 ], [ -1.4185, 54.2724 ], [ -1.4188, 54.27 ], [ -1.4178, 54.2671 ], [ -1.4198, 54.2633 ], [ -1.419, 54.2575 ], [ -1.4165, 54.2546 ], [ -1.4148, 54.2509 ], [ -1.4163, 54.2479 ], [ -1.4158, 54.2442 ], [ -1.4146, 54.2403 ], [ -1.4162, 54.2374 ], [ -1.4157, 54.234 ], [ -1.4159, 54.2314 ], [ -1.4166, 54.2297 ], [ -1.418, 54.2282 ], [ -1.4162, 54.2266 ], [ -1.416, 54.2263 ], [ -1.415, 54.2234 ], [ -1.4146, 54.2215 ], [ -1.415, 54.2196 ], [ -1.4154, 54.2149 ], [ -1.4165, 54.2123 ], [ -1.4147, 54.2078 ], [ -1.4172, 54.1991 ], [ -1.4221, 54.1944 ], [ -1.4234, 54.1907 ], [ -1.4192, 54.1872 ], [ -1.415, 54.184 ], [ -1.4091, 54.1829 ], [ -1.4037, 54.1821 ], [ -1.3984, 54.1819 ], [ -1.394, 54.1818 ], [ -1.392, 54.1806 ], [ -1.3895, 54.1805 ], [ -1.3878, 54.18 ], [ -1.3875, 54.1777 ], [ -1.3918, 54.178 ], [ -1.3928, 54.1779 ], [ -1.3918, 54.1746 ], [ -1.3922, 54.1734 ], [ -1.3929, 54.1723 ], [ -1.3952, 54.1712 ], [ -1.3955, 54.17 ], [ -1.3951, 54.1695 ], [ -1.399, 54.1665 ], [ -1.4012, 54.1638 ], [ -1.4054, 54.1599 ], [ -1.4108, 54.1567 ], [ -1.4128, 54.155 ], [ -1.4167, 54.1526 ], [ -1.415, 54.1505 ], [ -1.4162, 54.15 ], [ -1.4166, 54.1476 ], [ -1.4146, 54.1465 ], [ -1.41, 54.1423 ], [ -1.4075, 54.1355 ], [ -1.4034, 54.1279 ], [ -1.4018, 54.1251 ], [ -1.4015, 54.1216 ], [ -1.3998, 54.1186 ], [ -1.3986, 54.1174 ], [ -1.3979, 54.1167 ], [ -1.3966, 54.1146 ], [ -1.3951, 54.111 ], [ -1.3952, 54.108 ], [ -1.3952, 54.1046 ], [ -1.3947, 54.1023 ], [ -1.3959, 54.1002 ], [ -1.3965, 54.0992 ], [ -1.3954, 54.0975 ], [ -1.3963, 54.0963 ], [ -1.3944, 54.0956 ], [ -1.395, 54.0943 ], [ -1.3926, 54.0944 ], [ -1.3913, 54.0925 ], [ -1.3872, 54.0905 ], [ -1.3835, 54.0887 ], [ -1.382, 54.0876 ], [ -1.3795, 54.0865 ], [ -1.3783, 54.086 ], [ -1.3757, 54.085 ], [ -1.3737, 54.0834 ], [ -1.3732, 54.083 ], [ -1.3678, 54.0764 ], [ -1.3573, 54.073 ], [ -1.3554, 54.072 ], [ -1.3521, 54.068 ], [ -1.3502, 54.0654 ], [ -1.3373, 54.0501 ], [ -1.3267, 54.0383 ], [ -1.3167, 54.0235 ], [ -1.3127, 54.0187 ], [ -1.3109, 54.0144 ], [ -1.3065, 54.0075 ], [ -1.3017, 54.0054 ], [ -1.2968, 54.0027 ], [ -1.2844, 53.9996 ], [ -1.2806, 53.9991 ], [ -1.267, 53.9982 ], [ -1.2657, 53.9976 ], [ -1.2612, 53.9975 ], [ -1.2582, 53.9974 ], [ -1.2409, 53.9929 ], [ -1.2342, 53.9907 ], [ -1.2306, 53.9895 ], [ -1.2196, 53.9867 ], [ -1.2155, 53.986 ], [ -1.2152, 53.9851 ], [ -1.2055, 53.9823 ], [ -1.1896, 53.9785 ], [ -1.1772, 53.9755 ], [ -1.1655, 53.975 ], [ -1.1644, 53.9752 ], [ -1.1625, 53.9755 ], [ -1.148, 53.9731 ], [ -1.1386, 53.9717 ], [ -1.1334, 53.9697 ], [ -1.1284, 53.9673 ], [ -1.1194, 53.964 ], [ -1.1171, 53.9631 ], [ -1.1122, 53.9597 ], [ -1.1112, 53.9588 ], [ -1.1078, 53.9559 ], [ -1.1061, 53.9549 ], [ -1.1033, 53.9539 ], [ -1.1009, 53.9537 ], [ -1.0947, 53.9537 ] ] } },
{ "type": "Feature", "properties": { "linetype": 2 }, "geometry": { "type": "LineString", "coordinates": [ [ -1.7301, 51.4214 ], [ -1.7279, 51.4226 ], [ -1.7238, 51.424 ], [ -1.7211, 51.425 ], [ -1.7185, 51.4251 ], [ -1.7149, 51.4247 ], [ -1.7144, 51.4247 ], [ -1.7104, 51.4249 ], [ -1.7038, 51.425 ], [ -1.7004, 51.4258 ], [ -1.6991, 51.4258 ], [ -1.6936, 51.4271 ], [ -1.6876, 51.4267 ], [ -1.6844, 51.4258 ], [ -1.681, 51.4241 ], [ -1.6774, 51.4242 ], [ -1.6759, 51.4256 ], [ -1.6729, 51.4277 ], [ -1.6706, 51.4285 ], [ -1.6625, 51.4287 ], [ -1.6569, 51.4299 ], [ -1.6467, 51.4323 ], [ -1.6456, 51.4359 ], [ -1.6456, 51.436 ], [ -1.6438, 51.4374 ], [ -1.6395, 51.4396 ], [ -1.635, 51.4416 ], [ -1.6317, 51.4427 ], [ -1.6289, 51.4426 ], [ -1.6231, 51.4402 ], [ -1.6218, 51.4397 ], [ -1.6183, 51.4402 ], [ -1.6179, 51.4403 ], [ -1.6151, 51.4416 ], [ -1.6128, 51.4422 ], [ -1.6107, 51.4417 ], [ -1.6086, 51.4418 ], [ -1.6045, 51.4423 ], [ -1.6002, 51.4426 ], [ -1.5947, 51.4421 ], [ -1.5865, 51.4407 ], [ -1.5817, 51.4397 ], [ -1.5791, 51.4402 ], [ -1.5764, 51.4404 ], [ -1.5718, 51.4391 ], [ -1.5669, 51.4372 ], [ -1.5607, 51.4362 ], [ -1.5552, 51.4346 ], [ -1.5477, 51.4328 ], [ -1.5396, 51.4318 ], [ -1.5343, 51.431 ], [ -1.5284, 51.4302 ], [ -1.5234, 51.4285 ], [ -1.5207, 51.428 ], [ -1.5131, 51.4261 ], [ -1.5015, 51.4257 ], [ -1.4897, 51.4237 ], [ -1.4727, 51.4246 ], [ -1.4672, 51.4214 ], [ -1.4658, 51.4136 ], [ -1.4494, 51.4132 ], [ -1.4456, 51.4139 ], [ -1.4389, 51.4144 ], [ -1.4317, 51.4137 ], [ -1.426, 51.4132 ], [ -1.4207, 51.4125 ], [ -1.4144, 51.413 ], [ -1.4081, 51.4126 ], [ -1.4054, 51.4121 ], [ -1.403, 51.4117 ], [ -1.3985, 51.4112 ], [ -1.3939, 51.4116 ], [ -1.3883, 51.4116 ], [ -1.3821, 51.4113 ], [ -1.3763, 51.4104 ], [ -1.3672, 51.4091 ], [ -1.3616, 51.4087 ], [ -1.3538, 51.4099 ], [ -1.3467, 51.4106 ], [ -1.3406, 51.4088 ], [ -1.3343, 51.4065 ], [ -1.3296, 51.4059 ], [ -1.3258, 51.4062 ], [ -1.3247, 51.4057 ], [ -1.3178, 51.4067 ], [ -1.314, 51.4056 ], [ -1.3081, 51.404 ], [ -1.3022, 51.4033 ], [ -1.2993, 51.4043 ], [ -1.2918, 51.4042 ], [ -1.2826, 51.4057 ], [ -1.2788, 51.4051 ], [ -1.2757, 51.4054 ], [ -1.2692, 51.405 ], [ -1.2574, 51.4033 ], [ -1.2406, 51.4065 ], [ -1.237, 51.4023 ], [ -1.2251, 51.3983 ], [ -1.2194, 51.3979 ], [ -1.2111, 51.3978 ], [ -1.2024, 51.3964 ], [ -1.1926, 51.3959 ], [ -1.1822, 51.3974 ], [ -1.1777, 51.3975 ], [ -1.1664, 51.3956 ], [ -1.1606, 51.3955 ], [ -1.1545, 51.3989 ], [ -1.148, 51.3996 ], [ -1.141, 51.4018 ], [ -1.1322, 51.405 ], [ -1.1273, 51.4093 ], [ -1.1185, 51.4167 ], [ -1.1109, 51.4202 ], [ -1.1035, 51.423 ], [ -1.1006, 51.4258 ], [ -1.0978, 51.4286 ], [ -1.0935, 51.4314 ], [ -1.0853, 51.4353 ], [ -1.0788, 51.4366 ], [ -1.0748, 51.4376 ], [ -1.0732, 51.4382 ], [ -1.0685, 51.4399 ], [ -1.0621, 51.4406 ], [ -1.059, 51.4406 ], [ -1.0536, 51.4406 ], [ -1.05, 51.4407 ], [ -1.0472, 51.4422 ], [ -1.0452, 51.4423 ], [ -1.0393, 51.4422 ], [ -1.0253, 51.444 ], [ -1.0196, 51.4442 ], [ -1.0151, 51.4449 ], [ -1.0083, 51.4457 ], [ -0.9954, 51.4483 ], [ -0.9824, 51.4512 ], [ -0.9778, 51.452 ], [ -0.9737, 51.4539 ], [ -0.975, 51.4555 ], [ -0.9723, 51.456 ], [ -0.971, 51.4555 ], [ -0.9691, 51.4549 ], [ -0.9686, 51.4541 ], [ -0.9667, 51.4534 ], [ -0.964, 51.4534 ], [ -0.9599, 51.454 ], [ -0.949, 51.4528 ], [ -0.9393, 51.4548 ], [ -0.9256, 51.4575 ], [ -0.9219, 51.4589 ], [ -0.9137, 51.4628 ], [ -0.9045, 51.4679 ], [ -0.9039, 51.4681 ], [ -0.8991, 51.4701 ], [ -0.8956, 51.4713 ], [ -0.8913, 51.4742 ], [ -0.8868, 51.4752 ], [ -0.8843, 51.4763 ], [ -0.8796, 51.4789 ], [ -0.8757, 51.4785 ], [ -0.8712, 51.478 ], [ -0.8661, 51.4775 ], [ -0.8628, 51.4794 ], [ -0.8607, 51.4822 ], [ -0.8546, 51.4868 ], [ -0.8521, 51.491 ], [ -0.8495, 51.4924 ], [ -0.8494, 51.4943 ], [ -0.8441, 51.4947 ], [ -0.8404, 51.495 ], [ -0.8355, 51.4978 ], [ -0.8292, 51.4995 ], [ -0.8219, 51.5021 ], [ -0.8207, 51.5041 ], [ -0.8167, 51.5077 ], [ -0.8074, 51.5139 ], [ -0.8033, 51.5146 ], [ -0.7857, 51.5154 ], [ -0.7757, 51.5161 ], [ -0.762, 51.5192 ], [ -0.7544, 51.519 ], [ -0.75, 51.5187 ], [ -0.7443, 51.5197 ], [ -0.7379, 51.5211 ], [ -0.7316, 51.5224 ], [ -0.7289, 51.5223 ], [ -0.7244, 51.5225 ], [ -0.7181, 51.5229 ], [ -0.7021, 51.5239 ], [ -0.6928, 51.5231 ], [ -0.6892, 51.5221 ], [ -0.681, 51.5218 ], [ -0.668, 51.521 ], [ -0.6595, 51.5204 ], [ -0.6555, 51.52 ], [ -0.6469, 51.5199 ], [ -0.6428, 51.5196 ], [ -0.6373, 51.5204 ], [ -0.6328, 51.5189 ], [ -0.6225, 51.5155 ], [ -0.6124, 51.513 ], [ -0.5955, 51.5099 ], [ -0.5834, 51.5071 ], [ -0.5747, 51.5054 ], [ -0.5676, 51.5024 ], [ -0.5569, 51.4979 ], [ -0.5488, 51.4941 ], [ -0.5459, 51.4935 ], [ -0.5353, 51.4889 ], [ -0.5323, 51.487 ], [ -0.5296, 51.4852 ], [ -0.5279, 51.4841 ], [ -0.5221, 51.4836 ], [ -0.5212, 51.4829 ], [ -0.514, 51.4797 ], [ -0.5071, 51.4782 ], [ -0.5022, 51.4791 ], [ -0.4974, 51.4788 ], [ -0.4925, 51.4791 ], [ -0.4883, 51.4815 ], [ -0.4835, 51.4813 ], [ -0.4766, 51.4815 ], [ -0.4629, 51.4809 ], [ -0.4575, 51.4812 ], [ -0.4508, 51.4813 ], [ -0.4407, 51.481 ], [ -0.4352, 51.4806 ], [ -0.4312, 51.4804 ], [ -0.4234, 51.4807 ], [ -0.4167, 51.4812 ], [ -0.4039, 51.4776 ], [ -0.3951, 51.475 ], [ -0.3892, 51.4738 ], [ -0.3826, 51.4715 ], [ -0.3777, 51.4697 ], [ -0.3706, 51.4686 ], [ -0.366, 51.4681 ], [ -0.3517, 51.4711 ], [ -0.3466, 51.4723 ], [ -0.3443, 51.4738 ], [ -0.3431, 51.4745 ], [ -0.3407, 51.4747 ], [ -0.3347, 51.4752 ], [ -0.3319, 51.476 ], [ -0.3207, 51.4791 ], [ -0.3158, 51.4809 ], [ -0.3137, 51.4818 ], [ -0.3121, 51.4824 ], [ -0.311, 51.4825 ], [ -0.3054, 51.4836 ], [ -0.2955, 51.4869 ], [ -0.2874, 51.4888 ], [ -0.2836, 51.491 ], [ -0.2805, 51.4919 ], [ -0.27, 51.4929 ], [ -0.2622, 51.4922 ], [ -0.2517, 51.4927 ], [ -0.245, 51.4934 ], [ -0.2396, 51.4935 ], [ -0.2329, 51.4928 ], [ -0.2244, 51.493 ], [ -0.2158, 51.4935 ], [ -0.2134, 51.4946 ], [ -0.2113, 51.4955 ], [ -0.2055, 51.4971 ], [ -0.1991, 51.499 ], [ -0.191, 51.5021 ], [ -0.1879, 51.5025 ], [ -0.1801, 51.5016 ], [ -0.1702, 51.5021 ], [ -0.1625, 51.502 ], [ -0.1515, 51.5033 ], [ -0.1175, 51.512 ], [ -0.1159, 51.5124 ], [ -0.1134, 51.513 ], [ -0.1124, 51.5136 ], [ -0.1105, 51.5139 ], [ -0.109, 51.5142 ], [ -0.1059, 51.5142 ], [ -0.1026, 51.514 ], [ -0.1005, 51.5137 ], [ -0.1001, 51.5135 ], [ -0.0992, 51.5133 ], [ -0.0984, 51.5133 ], [ -0.097, 51.5134 ], [ -0.0958, 51.5133 ], [ -0.0949, 51.5132 ], [ -0.0937, 51.513 ], [ -0.0925, 51.5128 ], [ -0.0905, 51.5132 ], [ -0.0884, 51.513 ], [ -0.0842, 51.5134 ] ] } },
{ "type": "Feature", "properties": { "linetype": 2 }, "geometry": { "type": "LineString", "coordinates": [ [ -2.593, 51.4549 ], [ -2.5881, 51.4563 ] ] } },
{ "type": "Feature", "properties": { "linetype": 2 }, "geometry": { "type": "LineString", "coordinates": [ [ -2.5881, 51.4563 ], [ -2.5866, 51.4567 ], [ -2.5854, 51.4566 ], [ -2.5843, 51.4564 ], [ -2.5824, 51.4568 ], [ -2.5808, 51.4571 ], [ -2.5767, 51.4577 ], [ -2.5727, 51.4581 ], [ -2.5692, 51.458 ], [ -2.5685, 51.458 ], [ -2.5654, 51.4577 ], [ -2.56, 51.458 ], [ -2.5551, 51.4591 ], [ -2.554, 51.4592 ], [ -2.5513, 51.4596 ], [ -2.5507, 51.4595 ], [ -2.5492, 51.4592 ], [ -2.5462, 51.4597 ], [ -2.5433, 51.4601 ], [ -2.5414, 51.4608 ], [ -2.5382, 51.4611 ], [ -2.5354, 51.4612 ], [ -2.5319, 51.4608 ], [ -2.5286, 51.461 ], [ -2.5262, 51.4617 ], [ -2.5233, 51.4617 ], [ -2.5148, 51.4631 ], [ -2.5065, 51.4622 ], [ -2.5033, 51.4622 ], [ -2.4933, 51.4612 ], [ -2.4897, 51.461 ], [ -2.4882, 51.4606 ], [ -2.4866, 51.4601 ], [ -2.4821, 51.4604 ], [ -2.477, 51.4603 ], [ -2.4735, 51.4597 ], [ -2.4697, 51.4583 ], [ -2.4672, 51.4574 ], [ -2.4619, 51.4578 ], [ -2.4595, 51.4572 ], [ -2.4556, 51.4566 ], [ -2.4542, 51.4548 ], [ -2.4508, 51.4537 ], [ -2.4477, 51.4526 ], [ -2.4445, 51.4528 ], [ -2.4403, 51.4524 ], [ -2.4368, 51.4528 ], [ -2.4339, 51.4541 ], [ -2.4321, 51.4542 ], [ -2.4285, 51.4531 ], [ -2.4247, 51.4525 ], [ -2.4209, 51.4519 ], [ -2.4193, 51.4518 ], [ -2.4178, 51.4531 ], [ -2.4097, 51.4505 ], [ -2.4043, 51.4494 ], [ -2.4012, 51.4499 ], [ -2.3993, 51.4519 ], [ -2.3939, 51.4527 ], [ -2.3856, 51.4524 ], [ -2.3784, 51.4518 ], [ -2.3737, 51.4523 ], [ -2.3634, 51.4546 ], [ -2.3511, 51.4568 ], [ -2.3467, 51.4588 ], [ -2.3406, 51.4601 ], [ -2.3331, 51.4615 ], [ -2.3297, 51.4619 ], [ -2.3266, 51.4622 ], [ -2.3208, 51.4621 ], [ -2.3174, 51.462 ], [ -2.3171, 51.4626 ], [ -2.3124, 51.4631 ], [ -2.31, 51.4629 ], [ -2.3088, 51.463 ], [ -2.305, 51.4631 ], [ -2.2975, 51.4635 ], [ -2.2899, 51.4647 ], [ -2.2875, 51.4654 ], [ -2.2838, 51.4664 ], [ -2.2776, 51.4667 ], [ -2.2724, 51.4675 ], [ -2.2673, 51.4692 ], [ -2.2625, 51.47 ], [ -2.2556, 51.4707 ], [ -2.2496, 51.4713 ], [ -2.2464, 51.472 ], [ -2.2427, 51.4733 ], [ -2.2382, 51.4736 ], [ -2.2344, 51.4732 ], [ -2.2325, 51.4723 ], [ -2.2288, 51.4725 ], [ -2.2265, 51.4722 ], [ -2.225, 51.4718 ], [ -2.2244, 51.472 ], [ -2.2227, 51.4724 ], [ -2.2206, 51.4727 ], [ -2.2192, 51.472 ], [ -2.218, 51.4712 ], [ -2.2175, 51.4708 ], [ -2.2157, 51.4704 ], [ -2.2147, 51.4708 ], [ -2.2134, 51.4711 ], [ -2.2109, 51.4709 ], [ -2.208, 51.4709 ], [ -2.2048, 51.4712 ], [ -2.2009, 51.4714 ], [ -2.1971, 51.4711 ], [ -2.193, 51.4717 ], [ -2.1891, 51.4724 ], [ -2.1853, 51.4724 ], [ -2.1805, 51.4719 ], [ -2.1759, 51.4713 ], [ -2.1704, 51.4726 ], [ -2.1668, 51.4722 ], [ -2.1638, 51.4711 ], [ -2.1608, 51.4705 ], [ -2.1535, 51.4703 ], [ -2.1501, 51.4701 ], [ -2.1454, 51.4697 ], [ -2.1385, 51.4675 ], [ -2.1354, 51.4656 ], [ -2.1278, 51.4639 ], [ -2.122, 51.4627 ], [ -2.1183, 51.4611 ], [ -2.1171, 51.4592 ], [ -2.1141, 51.4577 ], [ -2.1122, 51.4564 ], [ -2.1107, 51.455 ], [ -2.1059, 51.4523 ], [ -2.1029, 51.4515 ], [ -2.099, 51.4512 ], [ -2.0934, 51.4498 ], [ -2.0904, 51.4476 ], [ -2.0858, 51.4453 ], [ -2.0827, 51.4448 ], [ -2.0791, 51.444 ], [ -2.077, 51.4422 ], [ -2.0744, 51.439 ], [ -2.0728, 51.4384 ], [ -2.0679, 51.4384 ], [ -2.0621, 51.4391 ], [ -2.0584, 51.4388 ], [ -2.0529, 51.4387 ], [ -2.0446, 51.4389 ], [ -2.0379, 51.4386 ], [ -2.0313, 51.4369 ], [ -2.0281, 51.4369 ], [ -2.0242, 51.4378 ], [ -2.0212, 51.4395 ], [ -2.0189, 51.4397 ], [ -2.0141, 51.4401 ], [ -2.0109, 51.4404 ], [ -2.0081, 51.4396 ], [ -2.0056, 51.4387 ], [ -2.0051, 51.4378 ], [ -2.0026, 51.4352 ], [ -1.9984, 51.4304 ], [ -1.9935, 51.4272 ], [ -1.9884, 51.4263 ], [ -1.9775, 51.4258 ], [ -1.9687, 51.4272 ], [ -1.9621, 51.4281 ], [ -1.9485, 51.4291 ], [ -1.9303, 51.4304 ], [ -1.9226, 51.4308 ], [ -1.911, 51.4292 ], [ -1.9001, 51.4272 ], [ -1.8934, 51.4233 ], [ -1.8882, 51.4207 ], [ -1.881, 51.4201 ], [ -1.8751, 51.419 ], [ -1.8723, 51.419 ], [ -1.87, 51.4182 ], [ -1.8692, 51.418 ], [ -1.8666, 51.4172 ], [ -1.8603, 51.4153 ], [ -1.8551, 51.4143 ], [ -1.8478, 51.4142 ], [ -1.8476, 51.4142 ], [ -1.8402, 51.4141 ], [ -1.838, 51.4137 ], [ -1.8357, 51.4121 ], [ -1.8313, 51.4113 ], [ -1.8221, 51.4124 ], [ -1.8195, 51.413 ], [ -1.8133, 51.4142 ], [ -1.8093, 51.4151 ], [ -1.8004, 51.4157 ], [ -1.7916, 51.4166 ], [ -1.7868, 51.4182 ], [ -1.7826, 51.4191 ], [ -1.7787, 51.4187 ], [ -1.7756, 51.4183 ], [ -1.7708, 51.42 ], [ -1.7674, 51.4203 ], [ -1.7618, 51.4186 ], [ -1.7537, 51.4178 ], [ -1.7444, 51.4174 ], [ -1.7388, 51.4173 ], [ -1.736, 51.418 ], [ -1.7344, 51.4175 ], [ -1.7301, 51.4214 ] ] } },
{ "type": "Feature", "properties": { "linetype": 1 }, "geometry": { "type": "LineString", "coordinates": [ [ -2.593, 51.4549 ], [ -2.5914, 51.4536 ], [ -2.5923, 51.4536 ], [ -2.5924, 51.4531 ], [ -2.5928, 51.4495 ], [ -2.5967, 51.4496 ], [ -2.5968, 51.4465 ], [ -2.601, 51.4415 ], [ -2.6004, 51.4409 ], [ -2.6011, 51.4397 ], [ -2.6031, 51.4385 ], [ -2.6069, 51.4356 ], [ -2.6081, 51.4347 ], [ -2.6086, 51.4335 ], [ -2.6114, 51.4323 ], [ -2.6141, 51.4289 ], [ -2.6196, 51.4257 ], [ -2.6288, 51.4216 ], [ -2.6345, 51.4193 ], [ -2.6418, 51.4147 ], [ -2.6431, 51.4137 ], [ -2.6439, 51.4117 ], [ -2.6472, 51.4102 ], [ -2.6524, 51.4087 ], [ -2.6557, 51.4069 ], [ -2.6583, 51.4063 ], [ -2.6632, 51.4065 ], [ -2.664, 51.4064 ], [ -2.6675, 51.4059 ], [ -2.6697, 51.4044 ], [ -2.6709, 51.4033 ], [ -2.6742, 51.4001 ], [ -2.6757, 51.3988 ], [ -2.6832, 51.3961 ], [ -2.6871, 51.3957 ], [ -2.688, 51.3956 ], [ -2.6917, 51.3951 ], [ -2.6952, 51.393 ], [ -2.6975, 51.3917 ], [ -2.698, 51.3911 ], [ -2.7012, 51.387 ], [ -2.7069, 51.3787 ], [ -2.7088, 51.3761 ], [ -2.7096, 51.374 ], [ -2.7155, 51.3694 ], [ -2.7201, 51.3677 ], [ -2.7217, 51.366 ], [ -2.7241, 51.3624 ], [ -2.7288, 51.3593 ], [ -2.7343, 51.3574 ], [ -2.7386, 51.3549 ], [ -2.7454, 51.3539 ], [ -2.7474, 51.3519 ], [ -2.7495, 51.3482 ], [ -2.7519, 51.3454 ], [ -2.7554, 51.3429 ], [ -2.7572, 51.3416 ], [ -2.7612, 51.3407 ], [ -2.7663, 51.3413 ], [ -2.7702, 51.3423 ], [ -2.7705, 51.3423 ], [ -2.7736, 51.3421 ], [ -2.7801, 51.341 ], [ -2.7842, 51.3388 ], [ -2.7938, 51.3347 ], [ -2.7946, 51.3317 ], [ -2.7972, 51.3285 ], [ -2.7978, 51.3263 ], [ -2.7963, 51.3247 ], [ -2.7982, 51.3229 ], [ -2.7989, 51.3197 ], [ -2.7986, 51.3159 ], [ -2.8005, 51.3124 ], [ -2.8, 51.3099 ], [ -2.799, 51.3085 ], [ -2.7968, 51.3057 ], [ -2.7948, 51.3014 ], [ -2.7908, 51.2994 ], [ -2.79, 51.2983 ], [ -2.7905, 51.2951 ], [ -2.7937, 51.293 ], [ -2.7973, 51.2893 ], [ -2.7983, 51.2878 ], [ -2.801, 51.288 ], [ -2.8058, 51.2874 ], [ -2.8124, 51.2869 ], [ -2.8172, 51.2872 ], [ -2.8184, 51.2873 ], [ -2.8217, 51.2877 ], [ -2.8263, 51.2883 ], [ -2.8339, 51.2897 ], [ -2.8377, 51.2889 ], [ -2.841, 51.2887 ], [ -2.8447, 51.289 ], [ -2.8462, 51.2857 ], [ -2.8493, 51.2811 ], [ -2.8506, 51.2799 ], [ -2.8523, 51.2793 ], [ -2.8597, 51.2772 ], [ -2.8636, 51.2767 ], [ -2.869, 51.2759 ], [ -2.8718, 51.2756 ], [ -2.8804, 51.2728 ], [ -2.8827, 51.272 ], [ -2.8855, 51.2702 ], [ -2.8893, 51.2701 ], [ -2.8983, 51.2685 ], [ -2.9005, 51.2682 ], [ -2.9035, 51.2677 ], [ -2.9074, 51.2666 ], [ -2.9118, 51.2651 ], [ -2.9154, 51.2642 ], [ -2.9235, 51.2626 ], [ -2.9269, 51.262 ], [ -2.9312, 51.2625 ], [ -2.9337, 51.2621 ], [ -2.9337, 51.26 ], [ -2.9332, 51.2556 ], [ -2.9338, 51.2529 ], [ -2.9411, 51.2469 ], [ -2.9461, 51.2433 ], [ -2.9618, 51.2292 ], [ -2.9687, 51.226 ], [ -2.9747, 51.2235 ], [ -2.9761, 51.2195 ], [ -2.9784, 51.2189 ], [ -2.9815, 51.2174 ], [ -2.9819, 51.2161 ], [ -2.9839, 51.2145 ], [ -2.9854, 51.2097 ], [ -2.9876, 51.2057 ] ] } },
{ "type": "Feature", "properties": { "linetype": 1 }, "geometry": { "type": "LineString", "coordinates": [ [ -0.7057, 51.7022 ], [ -0.7097, 51.7056 ], [ -0.7117, 51.7072 ], [ -0.7132, 51.7101 ], [ -0.7163, 51.7153 ], [ -0.7197, 51.7197 ], [ -0.7236, 51.724 ], [ -0.7261, 51.7279 ], [ -0.7284, 51.7326 ], [ -0.7332, 51.7382 ], [ -0.7339, 51.7419 ], [ -0.7346, 51.7447 ], [ -0.7343, 51.7455 ], [ -0.7335, 51.7475 ], [ -0.7349, 51.7502 ], [ -0.7361, 51.7532 ], [ -0.7398, 51.7562 ], [ -0.7416, 51.7573 ], [ -0.7424, 51.7578 ], [ -0.744, 51.7602 ], [ -0.745, 51.7616 ], [ -0.7443, 51.7617 ], [ -0.7411, 51.7627 ], [ -0.7436, 51.765 ], [ -0.7467, 51.7697 ], [ -0.7488, 51.7719 ], [ -0.7532, 51.7738 ], [ -0.7599, 51.7765 ], [ -0.7641, 51.7775 ], [ -0.7646, 51.7776 ], [ -0.7711, 51.7817 ], [ -0.7766, 51.7852 ], [ -0.7781, 51.7877 ], [ -0.7783, 51.7888 ], [ -0.7787, 51.7904 ], [ -0.7826, 51.7951 ], [ -0.7876, 51.7992 ], [ -0.7937, 51.8038 ], [ -0.8003, 51.8081 ], [ -0.8055, 51.8105 ], [ -0.8125, 51.8162 ], [ -0.812, 51.8174 ], [ -0.8135, 51.8186 ], [ -0.815, 51.8195 ], [ -0.8154, 51.8203 ], [ -0.8203, 51.8219 ], [ -0.8286, 51.8238 ], [ -0.8369, 51.8255 ], [ -0.8389, 51.8262 ], [ -0.8429, 51.8273 ], [ -0.8467, 51.8297 ], [ -0.852, 51.8322 ], [ -0.8521, 51.8365 ], [ -0.8545, 51.8401 ], [ -0.858, 51.8434 ], [ -0.863, 51.8497 ], [ -0.8709, 51.8582 ], [ -0.8769, 51.862 ], [ -0.8878, 51.8686 ], [ -0.8924, 51.8804 ], [ -0.8977, 51.8939 ], [ -0.9047, 51.895 ], [ -0.9266, 51.8982 ], [ -0.9264, 51.9064 ], [ -0.9294, 51.9109 ], [ -0.9279, 51.9125 ], [ -0.9359, 51.9146 ], [ -0.9294, 51.9244 ], [ -0.9307, 51.9253 ], [ -0.9327, 51.9287 ], [ -0.9351, 51.931 ], [ -0.9376, 51.9339 ], [ -0.9386, 51.9352 ], [ -0.9383, 51.9361 ], [ -0.9382, 51.9363 ], [ -0.9386, 51.9366 ], [ -0.9426, 51.9389 ], [ -0.945, 51.9407 ], [ -0.9469, 51.9442 ], [ -0.9633, 51.9477 ], [ -0.9613, 51.9496 ], [ -0.9602, 51.9533 ], [ -0.9635, 51.9652 ], [ -0.9699, 51.9679 ], [ -0.9698, 51.9732 ], [ -0.9692, 51.9768 ], [ -0.9692, 51.9771 ], [ -0.9667, 51.9794 ], [ -0.9747, 51.9845 ], [ -0.9795, 51.9912 ], [ -0.9824, 51.9946 ], [ -0.9836, 51.9957 ], [ -0.9855, 51.9974 ], [ -0.9877, 51.9999 ], [ -0.9897, 51.9993 ], [ -0.9911, 51.9978 ], [ -0.9942, 51.998 ], [ -1.0065, 51.9958 ], [ -1.0137, 51.9949 ], [ -1.024, 51.9952 ], [ -1.027, 51.9944 ], [ -1.0322, 51.9924 ], [ -1.039, 51.9906 ], [ -1.0424, 51.9907 ], [ -1.047, 51.9904 ], [ -1.0533, 51.9907 ], [ -1.0594, 51.9911 ], [ -1.0673, 51.9892 ], [ -1.0697, 51.9888 ], [ -1.0757, 51.9895 ], [ -1.0871, 51.9908 ], [ -1.0983, 51.9925 ], [ -1.1089, 51.994 ], [ -1.1183, 51.9948 ], [ -1.1259, 51.9956 ], [ -1.1314, 51.9965 ], [ -1.1337, 51.9977 ], [ -1.1368, 51.9979 ], [ -1.1404, 51.9984 ], [ -1.1485, 51.997 ], [ -1.1618, 51.9964 ], [ -1.1728, 51.9962 ], [ -1.1781, 51.9963 ], [ -1.181, 51.9975 ], [ -1.189, 51.9973 ], [ -1.1954, 51.9971 ], [ -1.2003, 51.9974 ], [ -1.2058, 51.998 ], [ -1.2082, 51.9984 ], [ -1.2138, 51.9974 ], [ -1.2149, 51.9972 ], [ -1.2178, 51.9964 ], [ -1.2245, 51.9961 ], [ -1.2258, 51.9961 ], [ -1.2405, 51.9961 ], [ -1.2471, 51.9958 ], [ -1.2519, 51.9949 ], [ -1.2557, 51.996 ], [ -1.2619, 51.9976 ], [ -1.2684, 51.9993 ], [ -1.2709, 52.0003 ], [ -1.2729, 52.0018 ], [ -1.2789, 52.0044 ], [ -1.2845, 52.0067 ], [ -1.2895, 52.0088 ], [ -1.2904, 52.0097 ], [ -1.2932, 52.0126 ], [ -1.296, 52.0157 ], [ -1.3003, 52.0175 ], [ -1.3048, 52.0187 ], [ -1.3103, 52.0186 ], [ -1.3116, 52.0251 ], [ -1.3123, 52.0271 ], [ -1.3157, 52.0318 ], [ -1.3164, 52.0325 ], [ -1.3199, 52.0363 ], [ -1.3238, 52.0395 ], [ -1.3289, 52.0429 ], [ -1.3325, 52.0463 ], [ -1.3334, 52.0485 ], [ -1.3363, 52.05 ], [ -1.3379, 52.0525 ], [ -1.3401, 52.0574 ], [ -1.3403, 52.0601 ] ] } },
{ "type": "Feature", "properties": { "linetype": 1 }, "geometry": { "type": "LineString", "coordinates": [ [ -0.7057, 51.7022 ], [ -0.7042, 51.6997 ], [ -0.7006, 51.6955 ], [ -0.6961, 51.692 ], [ -0.6869, 51.6869 ], [ -0.6821, 51.6855 ], [ -0.6763, 51.6849 ], [ -0.6715, 51.6846 ], [ -0.6662, 51.6836 ], [ -0.6564, 51.6821 ], [ -0.6518, 51.6806 ], [ -0.6493, 51.6794 ], [ -0.6443, 51.6779 ], [ -0.6355, 51.6756 ], [ -0.6338, 51.6738 ], [ -0.6326, 51.6724 ], [ -0.6291, 51.6708 ], [ -0.623, 51.668 ], [ -0.6162, 51.6663 ], [ -0.6125, 51.6653 ], [ -0.6086, 51.6647 ], [ -0.6006, 51.6638 ], [ -0.5967, 51.6619 ], [ -0.5907, 51.659 ], [ -0.5873, 51.6565 ], [ -0.5828, 51.6544 ], [ -0.5791, 51.6501 ], [ -0.5758, 51.6462 ], [ -0.574, 51.6424 ], [ -0.5715, 51.6388 ], [ -0.5692, 51.6372 ], [ -0.5667, 51.634 ], [ -0.5647, 51.6314 ], [ -0.5638, 51.6286 ], [ -0.5608, 51.6255 ], [ -0.5575, 51.6197 ], [ -0.5581, 51.6168 ], [ -0.5568, 51.6136 ], [ -0.5565, 51.6112 ], [ -0.5557, 51.6086 ], [ -0.556, 51.6078 ], [ -0.5566, 51.6076 ], [ -0.5566, 51.6072 ], [ -0.5566, 51.6061 ], [ -0.5551, 51.6048 ], [ -0.5552, 51.6024 ], [ -0.5521, 51.5987 ], [ -0.5497, 51.5932 ], [ -0.5459, 51.5894 ], [ -0.541, 51.5836 ], [ -0.5391, 51.5811 ], [ -0.5343, 51.5776 ], [ -0.5321, 51.5766 ], [ -0.5301, 51.5736 ] ] } },
{ "type": "Feature", "properties": { "linetype": 1 }, "geometry": { "type": "LineString", "coordinates": [ [ -2.4192, 52.5343 ], [ -2.4158, 52.5342 ], [ -2.4123, 52.5339 ], [ -2.4122, 52.5305 ], [ -2.4124, 52.5276 ], [ -2.4102, 52.5238 ], [ -2.4036, 52.5225 ], [ -2.4018, 52.5222 ], [ -2.3982, 52.5218 ], [ -2.3933, 52.5205 ], [ -2.3888, 52.5181 ], [ -2.387, 52.5158 ], [ -2.3871, 52.5122 ], [ -2.387, 52.5105 ], [ -2.3869, 52.5089 ], [ -2.3842, 52.5053 ], [ -2.3801, 52.5017 ], [ -2.3755, 52.5005 ], [ -2.3731, 52.4994 ], [ -2.3709, 52.4984 ], [ -2.3664, 52.4948 ], [ -2.3624, 52.4909 ], [ -2.3567, 52.4859 ], [ -2.3547, 52.483 ], [ -2.3537, 52.4775 ], [ -2.3533, 52.4747 ], [ -2.3499, 52.4713 ], [ -2.3459, 52.4676 ], [ -2.3428, 52.4675 ], [ -2.3413, 52.4665 ], [ -2.3417, 52.4655 ], [ -2.343, 52.4644 ], [ -2.3408, 52.4633 ], [ -2.3382, 52.4617 ], [ -2.3368, 52.4587 ], [ -2.3348, 52.4559 ], [ -2.3312, 52.4538 ], [ -2.3278, 52.452 ], [ -2.3269, 52.4508 ], [ -2.3258, 52.4476 ], [ -2.3242, 52.4447 ], [ -2.3224, 52.4409 ], [ -2.3206, 52.4392 ], [ -2.3176, 52.4385 ], [ -2.315, 52.4381 ] ] } },
{ "type": "Feature", "properties": { "linetype": 1 }, "geometry": { "type": "LineString", "coordinates": [ [ -2.315, 52.4381 ], [ -2.3126, 52.436 ], [ -2.3118, 52.4326 ], [ -2.3103, 52.4291 ], [ -2.3077, 52.4271 ], [ -2.3028, 52.4254 ], [ -2.2991, 52.4242 ], [ -2.2933, 52.4184 ], [ -2.288, 52.4161 ], [ -2.2835, 52.4134 ], [ -2.2791, 52.4115 ], [ -2.2757, 52.4101 ], [ -2.2761, 52.4079 ], [ -2.2776, 52.4053 ], [ -2.2761, 52.4031 ], [ -2.2714, 52.4015 ], [ -2.2674, 52.3977 ], [ -2.2628, 52.3926 ], [ -2.2579, 52.3896 ], [ -2.2532, 52.3888 ], [ -2.2502, 52.3883 ], [ -2.2479, 52.3881 ], [ -2.2469, 52.3865 ], [ -2.2452, 52.3855 ], [ -2.2384, 52.3846 ], [ -2.2333, 52.3835 ], [ -2.2295, 52.382 ], [ -2.2279, 52.3796 ], [ -2.2263, 52.3776 ], [ -2.2238, 52.3757 ], [ -2.2197, 52.3745 ], [ -2.2149, 52.3746 ], [ -2.211, 52.3748 ], [ -2.2101, 52.3749 ], [ -2.209, 52.3742 ], [ -2.2037, 52.3709 ], [ -2.1958, 52.3673 ], [ -2.1926, 52.3642 ], [ -2.1891, 52.3633 ], [ -2.1847, 52.3637 ], [ -2.1754, 52.3623 ], [ -2.1706, 52.3606 ], [ -2.1672, 52.3603 ], [ -2.1631, 52.3595 ], [ -2.1608, 52.3587 ], [ -2.1606, 52.3551 ], [ -2.153, 52.353 ], [ -2.1484, 52.3524 ], [ -2.1447, 52.3521 ], [ -2.14, 52.3504 ], [ -2.1345, 52.3487 ], [ -2.1286, 52.3456 ], [ -2.1232, 52.3458 ], [ -2.1171, 52.3464 ], [ -2.1128, 52.3468 ], [ -2.1077, 52.3456 ], [ -2.1009, 52.3428 ], [ -2.0969, 52.3423 ], [ -2.0932, 52.3415 ], [ -2.0877, 52.3388 ], [ -2.0847, 52.3375 ], [ -2.0814, 52.3377 ], [ -2.0777, 52.3366 ], [ -2.0745, 52.3363 ], [ -2.072, 52.3361 ], [ -2.0669, 52.3347 ], [ -2.0651, 52.3336 ], [ -2.0621, 52.3337 ], [ -2.0587, 52.3367 ], [ -2.0561, 52.3355 ], [ -2.0538, 52.3357 ], [ -2.0505, 52.3349 ], [ -2.0458, 52.3353 ], [ -2.0423, 52.3339 ], [ -2.0343, 52.3307 ], [ -2.0298, 52.3298 ], [ -2.0233, 52.3298 ], [ -2.0177, 52.3296 ], [ -2.0155, 52.3277 ], [ -2.0115, 52.325 ], [ -2.0071, 52.3228 ], [ -2.0019, 52.3219 ], [ -1.9981, 52.3181 ], [ -1.9909, 52.3143 ], [ -1.9843, 52.3097 ], [ -1.9768, 52.3038 ], [ -1.9718, 52.3016 ], [ -1.9646, 52.2986 ], [ -1.952, 52.2947 ], [ -1.9463, 52.2921 ], [ -1.9456, 52.2898 ], [ -1.9439, 52.284 ], [ -1.9379, 52.2778 ], [ -1.9298, 52.2728 ], [ -1.9206, 52.2711 ], [ -1.9084, 52.2689 ], [ -1.8902, 52.2595 ], [ -1.884, 52.241 ], [ -1.8812, 52.2412 ], [ -1.8767, 52.2412 ], [ -1.8726, 52.2404 ], [ -1.8721, 52.2391 ], [ -1.872, 52.2371 ], [ -1.8701, 52.2373 ], [ -1.8688, 52.237 ], [ -1.8674, 52.2371 ], [ -1.8647, 52.2368 ], [ -1.8624, 52.2368 ], [ -1.861, 52.2374 ], [ -1.8538, 52.2353 ], [ -1.8516, 52.2352 ], [ -1.848, 52.2344 ], [ -1.8349, 52.2317 ], [ -1.8331, 52.2305 ], [ -1.8312, 52.2297 ], [ -1.8284, 52.2278 ], [ -1.8247, 52.2264 ], [ -1.8215, 52.2253 ], [ -1.8165, 52.2252 ], [ -1.8114, 52.2244 ], [ -1.8049, 52.2236 ], [ -1.8001, 52.2229 ], [ -1.7988, 52.2231 ], [ -1.7965, 52.2233 ], [ -1.7928, 52.2231 ], [ -1.7874, 52.2212 ], [ -1.7865, 52.2205 ], [ -1.785, 52.2195 ], [ -1.7842, 52.2178 ], [ -1.7689, 52.212 ], [ -1.7602, 52.2068 ], [ -1.7558, 52.2045 ], [ -1.7487, 52.202 ], [ -1.7454, 52.2 ], [ -1.7419, 52.1962 ], [ -1.732, 52.1957 ], [ -1.7239, 52.1948 ], [ -1.7176, 52.194 ], [ -1.7099, 52.1928 ], [ -1.7038, 52.1928 ], [ -1.7022, 52.1924 ], [ -1.6998, 52.1912 ], [ -1.6986, 52.1905 ], [ -1.6928, 52.1878 ], [ -1.6866, 52.184 ], [ -1.6834, 52.1816 ], [ -1.6811, 52.1795 ], [ -1.6734, 52.1747 ], [ -1.6688, 52.1727 ], [ -1.6663, 52.1715 ], [ -1.6625, 52.1696 ], [ -1.659, 52.1675 ], [ -1.6578, 52.1665 ], [ -1.6561, 52.165 ], [ -1.6523, 52.1622 ], [ -1.6474, 52.1604 ], [ -1.6438, 52.1588 ], [ -1.6429, 52.1577 ], [ -1.6398, 52.154 ], [ -1.6376, 52.1526 ], [ -1.6319, 52.1507 ], [ -1.6298, 52.15 ], [ -1.6254, 52.1484 ], [ -1.6219, 52.1463 ], [ -1.6187, 52.1434 ], [ -1.6185, 52.1433 ], [ -1.6182, 52.1431 ], [ -1.6155, 52.1419 ], [ -1.6114, 52.1391 ], [ -1.6083, 52.1381 ], [ -1.605, 52.1369 ], [ -1.6013, 52.1338 ], [ -1.597, 52.1324 ], [ -1.5913, 52.1297 ], [ -1.5849, 52.1281 ], [ -1.58, 52.126 ], [ -1.5711, 52.1262 ], [ -1.5672, 52.1261 ], [ -1.555, 52.1234 ], [ -1.5482, 52.124 ], [ -1.5449, 52.1235 ], [ -1.5368, 52.1232 ], [ -1.5335, 52.1235 ], [ -1.5308, 52.1233 ], [ -1.5262, 52.1222 ], [ -1.5208, 52.1225 ], [ -1.514, 52.122 ], [ -1.5052, 52.1202 ], [ -1.4984, 52.1188 ], [ -1.4853, 52.1133 ], [ -1.4797, 52.1112 ], [ -1.4782, 52.1111 ], [ -1.4772, 52.1117 ], [ -1.4766, 52.1113 ], [ -1.4755, 52.1101 ], [ -1.4753, 52.1097 ], [ -1.4713, 52.1092 ], [ -1.4692, 52.111 ], [ -1.4666, 52.1126 ], [ -1.4618, 52.1122 ], [ -1.4582, 52.1107 ], [ -1.4547, 52.1081 ], [ -1.4532, 52.1053 ], [ -1.4514, 52.102 ], [ -1.448, 52.0956 ], [ -1.4457, 52.0925 ], [ -1.4407, 52.0898 ], [ -1.4385, 52.087 ], [ -1.4343, 52.0835 ], [ -1.4297, 52.0815 ], [ -1.4229, 52.0773 ], [ -1.4129, 52.0747 ], [ -1.4071, 52.0724 ], [ -1.4052, 52.0721 ], [ -1.4038, 52.0724 ], [ -1.4021, 52.0733 ], [ -1.3994, 52.074 ], [ -1.3978, 52.074 ], [ -1.3955, 52.0737 ], [ -1.3929, 52.0735 ], [ -1.392, 52.0748 ], [ -1.3883, 52.0744 ], [ -1.3839, 52.0741 ], [ -1.3811, 52.0737 ], [ -1.3773, 52.0741 ], [ -1.3763, 52.0735 ], [ -1.3754, 52.072 ], [ -1.374, 52.0709 ], [ -1.3707, 52.0706 ], [ -1.3647, 52.0708 ], [ -1.3645, 52.0708 ], [ -1.3625, 52.0703 ], [ -1.3621, 52.0699 ], [ -1.3612, 52.069 ], [ -1.3599, 52.068 ], [ -1.356, 52.0668 ], [ -1.3541, 52.067 ], [ -1.3514, 52.0664 ], [ -1.3459, 52.0647 ], [ -1.3439, 52.0634 ], [ -1.3401, 52.0636 ] ] } },
{ "type": "Feature", "properties": { "linetype": 2 }, "geometry": { "type": "Point", "coordinates": [ -1.2097, 51.657 ] } },
{ "type": "Feature", "properties": { "linetype": 2 }, "geometry": { "type": "Point", "coordinates": [ -1.2097, 51.657 ] } },
{ "type": "Feature", "properties": { "linetype": 2 }, "geometry": { "type": "LineString", "coordinates": [ [ -1.2097, 51.657 ], [ -1.2136, 51.6562 ], [ -1.2191, 51.6543 ], [ -1.2251, 51.6533 ], [ -1.2316, 51.6529 ], [ -1.2399, 51.6535 ], [ -1.2609, 51.6546 ], [ -1.2688, 51.6548 ], [ -1.2771, 51.6583 ], [ -1.2778, 51.6587 ], [ -1.2776, 51.6614 ], [ -1.2781, 51.6636 ], [ -1.2784, 51.666 ], [ -1.2783, 51.6675 ], [ -1.2796, 51.6687 ], [ -1.2807, 51.6692 ], [ -1.2815, 51.6702 ] ] } },
{ "type": "Feature", "properties": { "linetype": 2 }, "geometry": { "type": "LineString", "coordinates": [ [ -1.2097, 51.657 ], [ -1.2071, 51.6577 ], [ -1.204, 51.6597 ], [ -1.2026, 51.6601 ], [ -1.1978, 51.6612 ], [ -1.195, 51.6612 ], [ -1.1936, 51.661 ], [ -1.1915, 51.6608 ], [ -1.1889, 51.6602 ], [ -1.1807, 51.6583 ], [ -1.174, 51.6511 ], [ -1.1723, 51.6503 ], [ -1.1677, 51.6482 ], [ -1.1667, 51.6451 ], [ -1.1664, 51.6443 ], [ -1.1655, 51.6439 ], [ -1.1647, 51.6415 ], [ -1.1637, 51.641 ], [ -1.1588, 51.6392 ], [ -1.1551, 51.638 ], [ -1.1523, 51.6369 ], [ -1.1503, 51.6358 ], [ -1.1476, 51.6341 ], [ -1.1442, 51.6325 ], [ -1.1415, 51.6312 ], [ -1.1381, 51.6301 ], [ -1.1312, 51.627 ], [ -1.1236, 51.6249 ], [ -1.1199, 51.6233 ], [ -1.1181, 51.6234 ], [ -1.1177, 51.6234 ], [ -1.1173, 51.6231 ], [ -1.116, 51.622 ], [ -1.1125, 51.6212 ], [ -1.1108, 51.6208 ], [ -1.1099, 51.6212 ], [ -1.1087, 51.6206 ], [ -1.1051, 51.6215 ], [ -1.1047, 51.6211 ], [ -1.1048, 51.6198 ], [ -1.1029, 51.6175 ], [ -1.0993, 51.6157 ], [ -1.0909, 51.6113 ], [ -1.0841, 51.6086 ], [ -1.0751, 51.6061 ], [ -1.0707, 51.6047 ], [ -1.0637, 51.6016 ], [ -1.0456, 51.5895 ], [ -1.0334, 51.5864 ], [ -1.0218, 51.5827 ], [ -1.0192, 51.582 ], [ -1.0174, 51.5814 ], [ -1.0119, 51.5779 ], [ -0.9982, 51.5765 ], [ -0.994, 51.5754 ], [ -0.9896, 51.5755 ], [ -0.984, 51.5736 ], [ -0.9774, 51.5704 ], [ -0.9714, 51.5672 ], [ -0.9682, 51.5655 ], [ -0.9656, 51.5646 ], [ -0.965, 51.5644 ], [ -0.9548, 51.5615 ], [ -0.949, 51.5595 ], [ -0.945, 51.5576 ], [ -0.9408, 51.5562 ], [ -0.9366, 51.5557 ], [ -0.9317, 51.5551 ], [ -0.9262, 51.5536 ], [ -0.9135, 51.5453 ], [ -0.9091, 51.5434 ], [ -0.9057, 51.5418 ], [ -0.9048, 51.5406 ], [ -0.9053, 51.5389 ], [ -0.9058, 51.5375 ], [ -0.9026, 51.5376 ], [ -0.9003, 51.5375 ], [ -0.8971, 51.5368 ], [ -0.8945, 51.537 ], [ -0.8836, 51.5382 ], [ -0.8772, 51.5389 ], [ -0.8721, 51.5384 ], [ -0.869, 51.5378 ], [ -0.8622, 51.5372 ], [ -0.8513, 51.5375 ], [ -0.8439, 51.5379 ], [ -0.8313, 51.54 ], [ -0.8226, 51.5419 ], [ -0.8176, 51.542 ], [ -0.8114, 51.541 ], [ -0.8032, 51.5418 ], [ -0.8, 51.5403 ], [ -0.799, 51.5391 ], [ -0.7966, 51.5392 ], [ -0.7933, 51.5386 ], [ -0.7888, 51.532 ], [ -0.7847, 51.5304 ], [ -0.782, 51.5288 ], [ -0.7753, 51.527 ], [ -0.7739, 51.5262 ], [ -0.762, 51.5192 ] ] } },
{ "type": "Feature", "properties": { "linetype": 1 }, "geometry": { "type": "LineString", "coordinates": [ [ -1.3744, 51.5349 ], [ -1.4418, 51.6768 ], [ -1.4853, 51.7837 ] ] } },
{ "type": "Feature", "properties": { "linetype": 1 }, "geometry": { "type": "LineString", "coordinates": [ [ -2.4215, 51.8634 ], [ -2.3982, 51.8634 ], [ -2.3782, 51.864 ], [ -2.3661, 51.8652 ] ] } },
{ "type": "Feature", "properties": { "linetype": 2 }, "geometry": { "type": "LineString", "coordinates": [ [ -2.7139, 51.8132 ], [ -2.7098, 51.8113 ], [ -2.7058, 51.81 ], [ -2.6991, 51.8137 ], [ -2.6972, 51.8134 ], [ -2.694, 51.8144 ], [ -2.6928, 51.8155 ], [ -2.6935, 51.8172 ], [ -2.6905, 51.8198 ], [ -2.6878, 51.8202 ], [ -2.6869, 51.8188 ], [ -2.6853, 51.8191 ], [ -2.684, 51.8184 ], [ -2.6828, 51.8154 ], [ -2.6808, 51.8143 ], [ -2.6777, 51.8139 ], [ -2.675, 51.8121 ], [ -2.6726, 51.8091 ], [ -2.6704, 51.8083 ], [ -2.6653, 51.8095 ], [ -2.6614, 51.81 ], [ -2.6584, 51.8107 ], [ -2.6566, 51.8105 ], [ -2.6549, 51.8112 ], [ -2.6519, 51.81 ], [ -2.6443, 51.8117 ], [ -2.6388, 51.8137 ], [ -2.6303, 51.821 ], [ -2.6277, 51.8258 ], [ -2.6271, 51.8283 ], [ -2.6269, 51.8291 ], [ -2.6244, 51.8308 ], [ -2.6221, 51.8332 ], [ -2.6177, 51.835 ], [ -2.6139, 51.8387 ], [ -2.6098, 51.8381 ], [ -2.6076, 51.8384 ], [ -2.6066, 51.8409 ], [ -2.6036, 51.8425 ], [ -2.5994, 51.8442 ], [ -2.5968, 51.8457 ], [ -2.5915, 51.8465 ], [ -2.5849, 51.8469 ], [ -2.5739, 51.8475 ], [ -2.5664, 51.8488 ], [ -2.5603, 51.8515 ], [ -2.5578, 51.8543 ], [ -2.554, 51.8556 ], [ -2.5481, 51.8565 ], [ -2.5408, 51.8557 ], [ -2.5359, 51.8548 ], [ -2.5337, 51.8552 ], [ -2.5265, 51.8557 ], [ -2.519, 51.8548 ], [ -2.5174, 51.8538 ], [ -2.5167, 51.8534 ], [ -2.5154, 51.8511 ], [ -2.5017, 51.8515 ], [ -2.4954, 51.8505 ], [ -2.4933, 51.8516 ], [ -2.4906, 51.8519 ], [ -2.4891, 51.8524 ], [ -2.4894, 51.8603 ], [ -2.4881, 51.8622 ], [ -2.4848, 51.8636 ], [ -2.4822, 51.8655 ], [ -2.4793, 51.8638 ], [ -2.477, 51.8628 ], [ -2.4735, 51.8629 ], [ -2.4708, 51.8638 ], [ -2.4684, 51.8644 ], [ -2.4651, 51.864 ], [ -2.4619, 51.8638 ], [ -2.4595, 51.8646 ], [ -2.4579, 51.8659 ], [ -2.456, 51.8663 ], [ -2.4528, 51.8672 ], [ -2.449, 51.8659 ], [ -2.4453, 51.8634 ], [ -2.4419, 51.8639 ], [ -2.4381, 51.8633 ], [ -2.4338, 51.8634 ], [ -2.4274, 51.8637 ], [ -2.4215, 51.8634 ], [ -2.4175, 51.8665 ], [ -2.4166, 51.8683 ], [ -2.4157, 51.8705 ], [ -2.411, 51.8725 ], [ -2.4006, 51.8717 ], [ -2.3927, 51.8694 ], [ -2.3852, 51.8675 ], [ -2.3796, 51.8677 ], [ -2.3758, 51.8664 ], [ -2.3726, 51.8663 ], [ -2.3686, 51.8664 ], [ -2.3661, 51.8652 ], [ -2.3614, 51.8647 ], [ -2.3529, 51.8654 ], [ -2.3379, 51.8669 ], [ -2.3242, 51.8684 ], [ -2.3171, 51.8683 ], [ -2.3109, 51.8688 ], [ -2.2988, 51.8699 ], [ -2.2926, 51.8706 ], [ -2.2898, 51.8724 ], [ -2.285, 51.8729 ], [ -2.2822, 51.8725 ], [ -2.2796, 51.8728 ], [ -2.275, 51.8735 ], [ -2.2711, 51.8744 ], [ -2.2681, 51.8738 ], [ -2.2568, 51.8696 ], [ -2.2555, 51.8691 ], [ -2.2528, 51.8682 ], [ -2.2474, 51.866 ], [ -2.245, 51.8648 ], [ -2.2437, 51.8665 ], [ -2.2292, 51.8689 ], [ -2.2271, 51.8689 ], [ -2.214, 51.8644 ], [ -2.1845, 51.854 ], [ -2.1493, 51.8424 ], [ -2.1307, 51.8363 ], [ -2.1273, 51.8348 ], [ -2.1271, 51.8344 ], [ -2.1264, 51.8332 ], [ -2.1246, 51.8326 ], [ -2.1218, 51.8325 ], [ -2.1199, 51.8325 ], [ -2.1146, 51.832 ], [ -2.1114, 51.8317 ], [ -2.111, 51.8291 ], [ -2.1108, 51.8286 ], [ -2.1106, 51.828 ], [ -2.1058, 51.8268 ], [ -2.0837, 51.8219 ], [ -2.0816, 51.8222 ], [ -2.0737, 51.8172 ], [ -2.0632, 51.8099 ], [ -2.0607, 51.8058 ], [ -2.0141, 51.763 ] ] } },
{ "type": "Feature", "properties": { "linetype": 2 }, "geometry": { "type": "LineString", "coordinates": [ [ -2.0141, 51.763 ], [ -2.0117, 51.7623 ], [ -2.0104, 51.7614 ], [ -2.0054, 51.7601 ], [ -2.0001, 51.7571 ], [ -1.9936, 51.7547 ], [ -1.9867, 51.7523 ], [ -1.9831, 51.7518 ], [ -1.977, 51.7517 ], [ -1.9738, 51.7528 ], [ -1.9721, 51.7534 ], [ -1.9679, 51.7531 ], [ -1.9655, 51.7525 ], [ -1.9649, 51.7524 ], [ -1.963, 51.7507 ], [ -1.9588, 51.7508 ], [ -1.9548, 51.751 ], [ -1.951, 51.7501 ], [ -1.9455, 51.7491 ], [ -1.9405, 51.749 ], [ -1.9363, 51.7491 ], [ -1.9331, 51.7502 ], [ -1.9312, 51.7513 ], [ -1.9273, 51.7492 ], [ -1.924, 51.7481 ], [ -1.9225, 51.7471 ], [ -1.9187, 51.7461 ], [ -1.9136, 51.7459 ], [ -1.9072, 51.7449 ], [ -1.9028, 51.7444 ], [ -1.9006, 51.7441 ], [ -1.899, 51.7446 ], [ -1.8976, 51.7451 ], [ -1.8949, 51.7448 ], [ -1.8906, 51.7442 ], [ -1.8889, 51.7467 ], [ -1.8871, 51.7471 ], [ -1.8832, 51.7463 ], [ -1.8768, 51.7452 ], [ -1.869, 51.7428 ], [ -1.8617, 51.7419 ], [ -1.8501, 51.739 ], [ -1.8468, 51.7394 ], [ -1.838, 51.7313 ], [ -1.8312, 51.7223 ], [ -1.8244, 51.7216 ], [ -1.8216, 51.7211 ], [ -1.8178, 51.7201 ], [ -1.8166, 51.7186 ], [ -1.8132, 51.7159 ], [ -1.8108, 51.7153 ], [ -1.7968, 51.7109 ], [ -1.7943, 51.7105 ], [ -1.7928, 51.7107 ], [ -1.7921, 51.7099 ], [ -1.7907, 51.7101 ], [ -1.7898, 51.7086 ], [ -1.7874, 51.7064 ], [ -1.783, 51.7082 ], [ -1.7811, 51.7073 ], [ -1.7764, 51.7068 ], [ -1.7762, 51.707 ], [ -1.7757, 51.7074 ], [ -1.7724, 51.7088 ], [ -1.7665, 51.7097 ], [ -1.7623, 51.709 ], [ -1.7588, 51.707 ], [ -1.7508, 51.705 ], [ -1.742, 51.7031 ], [ -1.7386, 51.7018 ], [ -1.7373, 51.701 ], [ -1.7352, 51.6999 ], [ -1.7305, 51.6991 ], [ -1.7267, 51.699 ], [ -1.7214, 51.6986 ], [ -1.7176, 51.6983 ], [ -1.7161, 51.6978 ], [ -1.7128, 51.6967 ], [ -1.7102, 51.6964 ], [ -1.7085, 51.6966 ], [ -1.7062, 51.6968 ], [ -1.7036, 51.6962 ], [ -1.7001, 51.6954 ], [ -1.6994, 51.6951 ], [ -1.6959, 51.6938 ], [ -1.6938, 51.6942 ], [ -1.6904, 51.6938 ], [ -1.6891, 51.6937 ], [ -1.6886, 51.6941 ], [ -1.6885, 51.6946 ], [ -1.6845, 51.6944 ], [ -1.6795, 51.6934 ], [ -1.6786, 51.6925 ], [ -1.6783, 51.6907 ], [ -1.6788, 51.6897 ], [ -1.6791, 51.6889 ], [ -1.678, 51.6875 ], [ -1.6766, 51.6836 ], [ -1.6754, 51.6791 ], [ -1.6729, 51.6777 ], [ -1.6702, 51.6769 ], [ -1.6683, 51.6759 ], [ -1.6664, 51.6762 ], [ -1.6608, 51.677 ], [ -1.6597, 51.6771 ], [ -1.6585, 51.6766 ], [ -1.658, 51.6758 ], [ -1.6534, 51.6745 ], [ -1.6444, 51.6722 ], [ -1.6375, 51.6713 ], [ -1.6301, 51.6711 ], [ -1.6207, 51.671 ], [ -1.6159, 51.6699 ], [ -1.608, 51.6673 ], [ -1.6022, 51.6654 ], [ -1.5953, 51.6617 ], [ -1.5883, 51.658 ], [ -1.5837, 51.6583 ], [ -1.58, 51.6582 ], [ -1.554, 51.6665 ], [ -1.5511, 51.668 ], [ -1.5443, 51.6703 ], [ -1.537, 51.6732 ], [ -1.5281, 51.6742 ], [ -1.5208, 51.6753 ], [ -1.5147, 51.6749 ], [ -1.5048, 51.6744 ], [ -1.4986, 51.6753 ], [ -1.4929, 51.6774 ], [ -1.4869, 51.6785 ], [ -1.4806, 51.6792 ], [ -1.4758, 51.6782 ], [ -1.4694, 51.6758 ], [ -1.4645, 51.6749 ], [ -1.4585, 51.6741 ], [ -1.4508, 51.6751 ], [ -1.4457, 51.6757 ], [ -1.4418, 51.6768 ], [ -1.4371, 51.6783 ], [ -1.4312, 51.6796 ], [ -1.4242, 51.6808 ], [ -1.4197, 51.6809 ], [ -1.4167, 51.6812 ], [ -1.4158, 51.6816 ], [ -1.4144, 51.6821 ], [ -1.4123, 51.6822 ], [ -1.412, 51.6816 ], [ -1.4112, 51.6807 ], [ -1.402, 51.6769 ], [ -1.3992, 51.6765 ], [ -1.3931, 51.6759 ], [ -1.3842, 51.6753 ], [ -1.3812, 51.6738 ], [ -1.3714, 51.6719 ], [ -1.3622, 51.6706 ], [ -1.3626, 51.6699 ], [ -1.3552, 51.6672 ], [ -1.3479, 51.6658 ], [ -1.3434, 51.6664 ], [ -1.3417, 51.667 ], [ -1.3405, 51.6667 ], [ -1.3403, 51.6666 ], [ -1.3392, 51.6664 ], [ -1.338, 51.6668 ], [ -1.3368, 51.6672 ], [ -1.3281, 51.6689 ], [ -1.319, 51.6698 ], [ -1.3141, 51.6698 ], [ -1.3083, 51.6695 ], [ -1.3045, 51.669 ], [ -1.3042, 51.6689 ], [ -1.3035, 51.669 ], [ -1.299, 51.6698 ], [ -1.2969, 51.6694 ], [ -1.2958, 51.6692 ], [ -1.2939, 51.6692 ], [ -1.2888, 51.6696 ], [ -1.2846, 51.6702 ], [ -1.2815, 51.6702 ] ] } },
{ "type": "Feature", "properties": { "linetype": 1 }, "geometry": { "type": "LineString", "coordinates": [ [ -3.1609, 51.4866 ], [ -3.1587, 51.4888 ], [ -3.1569, 51.491 ], [ -3.1557, 51.4917 ], [ -3.1531, 51.4913 ], [ -3.1505, 51.4914 ] ] } },
{ "type": "Feature", "properties": { "linetype": 1 }, "geometry": { "type": "LineString", "coordinates": [ [ -3.2182, 51.4947 ], [ -3.2321, 51.4839 ] ] } },
{ "type": "Feature", "properties": { "linetype": 1 }, "geometry": { "type": "LineString", "coordinates": [ [ -3.2182, 51.4947 ], [ -3.1858, 51.481 ] ] } },
{ "type": "Feature", "properties": { "linetype": 2 }, "geometry": { "type": "LineString", "coordinates": [ [ -2.7139, 51.8132 ], [ -2.7201, 51.8089 ], [ -2.7213, 51.8084 ], [ -2.7195, 51.8071 ], [ -2.719, 51.8068 ], [ -2.7163, 51.8052 ], [ -2.7152, 51.804 ], [ -2.7141, 51.8016 ], [ -2.7161, 51.8012 ], [ -2.7177, 51.8002 ], [ -2.7182, 51.7995 ], [ -2.7184, 51.7978 ], [ -2.718, 51.7961 ], [ -2.7172, 51.7944 ], [ -2.717, 51.7939 ], [ -2.7162, 51.792 ], [ -2.7166, 51.79 ], [ -2.718, 51.7889 ], [ -2.7182, 51.7886 ], [ -2.7191, 51.7878 ], [ -2.7184, 51.7874 ], [ -2.7165, 51.7871 ], [ -2.7187, 51.785 ], [ -2.7189, 51.7848 ], [ -2.7218, 51.7828 ], [ -2.7261, 51.7804 ], [ -2.7276, 51.7785 ], [ -2.7293, 51.7756 ], [ -2.7329, 51.772 ], [ -2.7326, 51.7705 ], [ -2.7308, 51.769 ], [ -2.7286, 51.7669 ], [ -2.7253, 51.7645 ], [ -2.7244, 51.762 ], [ -2.7236, 51.7591 ], [ -2.7234, 51.7587 ], [ -2.7222, 51.7558 ], [ -2.722, 51.7539 ], [ -2.7235, 51.7518 ], [ -2.7246, 51.7487 ], [ -2.7256, 51.7462 ], [ -2.7242, 51.746 ], [ -2.7249, 51.7447 ], [ -2.7248, 51.7432 ], [ -2.7272, 51.7428 ], [ -2.7273, 51.7428 ], [ -2.7294, 51.7412 ], [ -2.7323, 51.7382 ], [ -2.7337, 51.7366 ], [ -2.7366, 51.7355 ], [ -2.7399, 51.7344 ], [ -2.7436, 51.7341 ], [ -2.749, 51.7314 ], [ -2.7533, 51.7287 ], [ -2.7556, 51.7265 ], [ -2.7596, 51.7225 ], [ -2.7641, 51.7195 ], [ -2.7631, 51.7161 ], [ -2.761, 51.7115 ], [ -2.7594, 51.7088 ], [ -2.7587, 51.7076 ], [ -2.7554, 51.7037 ], [ -2.7524, 51.6979 ], [ -2.7496, 51.6921 ], [ -2.7474, 51.687 ], [ -2.7486, 51.6848 ], [ -2.7513, 51.6819 ], [ -2.7596, 51.6818 ], [ -2.7635, 51.6802 ], [ -2.7676, 51.6773 ], [ -2.7702, 51.674 ], [ -2.7719, 51.6724 ], [ -2.7764, 51.6729 ], [ -2.7796, 51.6734 ], [ -2.7857, 51.6744 ], [ -2.7915, 51.6749 ], [ -2.7959, 51.6744 ], [ -2.7994, 51.6724 ], [ -2.8007, 51.67 ], [ -2.7995, 51.6665 ], [ -2.801, 51.6659 ], [ -2.8031, 51.6642 ], [ -2.8079, 51.662 ], [ -2.813, 51.6611 ], [ -2.817, 51.6626 ], [ -2.8229, 51.663 ], [ -2.8278, 51.6622 ], [ -2.8346, 51.6607 ], [ -2.8399, 51.6589 ], [ -2.841, 51.6563 ], [ -2.8432, 51.6538 ], [ -2.845, 51.6522 ], [ -2.8466, 51.652 ], [ -2.8483, 51.6514 ], [ -2.8499, 51.6505 ], [ -2.8521, 51.649 ], [ -2.856, 51.6464 ], [ -2.8592, 51.6458 ], [ -2.8625, 51.6439 ], [ -2.8647, 51.6432 ], [ -2.8695, 51.6419 ], [ -2.8742, 51.6386 ], [ -2.883, 51.6311 ], [ -2.8911, 51.6248 ], [ -2.8962, 51.6202 ], [ -2.8982, 51.6185 ], [ -2.9006, 51.6174 ], [ -2.9019, 51.6163 ], [ -2.904, 51.6153 ], [ -2.9067, 51.6136 ], [ -2.9098, 51.6121 ], [ -2.9123, 51.612 ], [ -2.9171, 51.612 ], [ -2.9173, 51.6121 ], [ -2.9214, 51.6129 ], [ -2.924, 51.6128 ], [ -2.9284, 51.6121 ], [ -2.9307, 51.6109 ], [ -2.9325, 51.6087 ], [ -2.9349, 51.6065 ], [ -2.9377, 51.6054 ], [ -2.939, 51.6039 ], [ -2.9407, 51.6012 ], [ -2.9442, 51.5986 ], [ -2.9463, 51.5976 ], [ -2.9492, 51.5957 ], [ -2.9536, 51.5938 ], [ -2.9586, 51.5929 ], [ -2.9611, 51.5937 ], [ -2.9643, 51.5941 ], [ -2.9684, 51.594 ], [ -2.972, 51.5941 ], [ -2.9741, 51.5941 ], [ -2.9793, 51.5938 ], [ -2.9842, 51.5928 ], [ -2.9898, 51.5915 ], [ -2.9937, 51.5905 ], [ -2.9971, 51.5898 ], [ -2.997, 51.5881 ], [ -2.9972, 51.5851 ], [ -2.9981, 51.5828 ], [ -3.001, 51.5826 ], [ -3.007, 51.5827 ], [ -3.0106, 51.5829 ], [ -3.013, 51.5822 ], [ -3.0145, 51.5812 ], [ -3.0198, 51.5805 ], [ -3.0248, 51.58 ], [ -3.0282, 51.5789 ], [ -3.0313, 51.5774 ], [ -3.0346, 51.5776 ], [ -3.0365, 51.5785 ], [ -3.0372, 51.5789 ], [ -3.0426, 51.5776 ], [ -3.0461, 51.5777 ], [ -3.0496, 51.5772 ], [ -3.0512, 51.576 ], [ -3.0545, 51.573 ], [ -3.0593, 51.5691 ], [ -3.0637, 51.5653 ], [ -3.0675, 51.5617 ], [ -3.0731, 51.5583 ], [ -3.0793, 51.5554 ], [ -3.0846, 51.5534 ], [ -3.0906, 51.5512 ], [ -3.092, 51.5492 ], [ -3.093, 51.5471 ], [ -3.0959, 51.5457 ], [ -3.0978, 51.5435 ], [ -3.1003, 51.542 ], [ -3.1017, 51.5398 ], [ -3.1039, 51.5379 ], [ -3.1067, 51.5364 ], [ -3.1095, 51.5345 ], [ -3.1119, 51.532 ], [ -3.1126, 51.5293 ], [ -3.1121, 51.5269 ], [ -3.112, 51.5256 ], [ -3.1134, 51.5233 ], [ -3.1151, 51.5219 ], [ -3.1154, 51.5214 ], [ -3.1168, 51.5189 ], [ -3.1202, 51.5174 ], [ -3.1215, 51.5166 ], [ -3.1232, 51.5157 ], [ -3.1247, 51.5142 ], [ -3.1257, 51.5132 ], [ -3.1289, 51.5108 ], [ -3.1294, 51.5105 ], [ -3.1323, 51.5091 ], [ -3.1342, 51.5073 ], [ -3.1352, 51.5061 ], [ -3.1362, 51.5049 ], [ -3.1388, 51.5033 ], [ -3.1393, 51.5009 ], [ -3.1419, 51.4974 ], [ -3.145, 51.494 ], [ -3.1478, 51.4926 ], [ -3.1505, 51.4914 ], [ -3.1527, 51.4895 ], [ -3.1609, 51.4866 ], [ -3.173, 51.4829 ], [ -3.1757, 51.4821 ], [ -3.1793, 51.4817 ], [ -3.1805, 51.4813 ], [ -3.1858, 51.481 ], [ -3.2115, 51.4828 ], [ -3.2185, 51.4828 ], [ -3.2283, 51.4854 ], [ -3.2321, 51.4839 ], [ -3.2407, 51.4786 ], [ -3.2553, 51.474 ], [ -3.2624, 51.4699 ], [ -3.2699, 51.4667 ], [ -3.2762, 51.464 ], [ -3.2823, 51.4638 ], [ -3.2885, 51.4623 ], [ -3.2946, 51.4628 ], [ -3.3, 51.4626 ], [ -3.3093, 51.4603 ], [ -3.315, 51.4595 ], [ -3.3247, 51.4586 ], [ -3.3301, 51.4593 ], [ -3.3346, 51.4587 ], [ -3.3383, 51.4579 ], [ -3.3479, 51.4572 ], [ -3.3533, 51.4566 ], [ -3.3596, 51.4564 ], [ -3.3637, 51.4571 ], [ -3.3708, 51.4597 ], [ -3.3759, 51.4598 ], [ -3.3841, 51.4581 ], [ -3.3916, 51.4584 ], [ -3.3963, 51.4571 ], [ -3.4043, 51.4556 ], [ -3.4116, 51.4553 ], [ -3.4205, 51.4554 ], [ -3.4312, 51.4579 ], [ -3.433, 51.4584 ], [ -3.4419, 51.4591 ], [ -3.4464, 51.4615 ], [ -3.4493, 51.4621 ], [ -3.4562, 51.4637 ], [ -3.4612, 51.4648 ], [ -3.4796, 51.4685 ], [ -3.4882, 51.4708 ], [ -3.4916, 51.4721 ], [ -3.4964, 51.4722 ], [ -3.5068, 51.4752 ], [ -3.5211, 51.4785 ], [ -3.5344, 51.4817 ], [ -3.5444, 51.4842 ], [ -3.5542, 51.4848 ], [ -3.5618, 51.4847 ], [ -3.5695, 51.4826 ], [ -3.5731, 51.4817 ], [ -3.5773, 51.4833 ], [ -3.5809, 51.4847 ], [ -3.5818, 51.4857 ], [ -3.5902, 51.489 ], [ -3.5954, 51.491 ], [ -3.5989, 51.4935 ], [ -3.6015, 51.4939 ], [ -3.6035, 51.4959 ], [ -3.6116, 51.499 ], [ -3.6253, 51.502 ], [ -3.6288, 51.5046 ], [ -3.6324, 51.5056 ], [ -3.6401, 51.5045 ], [ -3.6442, 51.505 ], [ -3.6465, 51.5068 ], [ -3.6564, 51.5087 ], [ -3.666, 51.5114 ], [ -3.6742, 51.5166 ], [ -3.68, 51.5207 ], [ -3.6906, 51.5233 ], [ -3.6935, 51.5286 ], [ -3.6939, 51.5319 ], [ -3.694, 51.5363 ], [ -3.6958, 51.5381 ], [ -3.6986, 51.5392 ], [ -3.7019, 51.5424 ], [ -3.7082, 51.5469 ], [ -3.7136, 51.5504 ], [ -3.72, 51.5533 ], [ -3.7244, 51.5556 ], [ -3.7306, 51.5564 ], [ -3.7371, 51.5611 ], [ -3.7435, 51.5655 ], [ -3.7461, 51.5685 ], [ -3.7515, 51.5705 ], [ -3.7559, 51.5711 ], [ -3.7575, 51.5748 ], [ -3.76, 51.5775 ], [ -3.7658, 51.5817 ], [ -3.7703, 51.5853 ], [ -3.7762, 51.5888 ], [ -3.7806, 51.5929 ], [ -3.7823, 51.5949 ], [ -3.7847, 51.5974 ], [ -3.7853, 51.5985 ], [ -3.7872, 51.5994 ], [ -3.7882, 51.5999 ], [ -3.7926, 51.6019 ], [ -3.7973, 51.6057 ], [ -3.8003, 51.6092 ], [ -3.8008, 51.6105 ], [ -3.8012, 51.6118 ], [ -3.8027, 51.6142 ], [ -3.8048, 51.6164 ], [ -3.8067, 51.6183 ], [ -3.8083, 51.6202 ], [ -3.8134, 51.6208 ], [ -3.814, 51.6212 ], [ -3.8173, 51.6236 ], [ -3.8175, 51.6241 ], [ -3.8178, 51.6248 ], [ -3.819, 51.6263 ], [ -3.8196, 51.6279 ], [ -3.8211, 51.6297 ], [ -3.823, 51.6315 ], [ -3.8253, 51.6324 ], [ -3.8281, 51.6327 ], [ -3.8315, 51.6318 ] ] } },
{ "type": "Feature", "properties": { "linetype": 2 }, "geometry": { "type": "LineString", "coordinates": [ [ -3.8315, 51.6318 ], [ -3.8642, 51.6302 ], [ -3.8853, 51.627 ], [ -3.9279, 51.6211 ], [ -3.9428, 51.6196 ], [ -3.9427, 51.6212 ], [ -3.9427, 51.6227 ], [ -3.942, 51.6251 ], [ -3.9425, 51.6291 ], [ -3.9518, 51.6351 ], [ -3.956, 51.6354 ], [ -3.96, 51.6358 ], [ -3.9629, 51.6355 ], [ -3.9666, 51.637 ], [ -3.9718, 51.6385 ], [ -3.9752, 51.6398 ], [ -3.979, 51.6421 ], [ -3.9825, 51.6454 ], [ -3.9856, 51.648 ], [ -3.9998, 51.6519 ], [ -4.0249, 51.658 ], [ -4.0386, 51.661 ], [ -4.0537, 51.663 ], [ -4.0585, 51.6634 ], [ -4.0668, 51.665 ], [ -4.0742, 51.6635 ], [ -4.0786, 51.6626 ], [ -4.0835, 51.6647 ], [ -4.0871, 51.6657 ], [ -4.0905, 51.6669 ], [ -4.0918, 51.6686 ], [ -4.0991, 51.6722 ], [ -4.1031, 51.6738 ], [ -4.1061, 51.6752 ], [ -4.1146, 51.6773 ], [ -4.1205, 51.6795 ], [ -4.1241, 51.6821 ], [ -4.1295, 51.6834 ], [ -4.1337, 51.6829 ], [ -4.141, 51.685 ], [ -4.1458, 51.6862 ], [ -4.1471, 51.6866 ], [ -4.1505, 51.6862 ], [ -4.1551, 51.6846 ], [ -4.1613, 51.6824 ], [ -4.162, 51.6834 ], [ -4.1613, 51.685 ], [ -4.1613, 51.6862 ], [ -4.1672, 51.6904 ], [ -4.1694, 51.6907 ], [ -4.1747, 51.691 ], [ -4.1813, 51.6925 ], [ -4.1838, 51.6935 ], [ -4.1865, 51.6949 ], [ -4.1905, 51.6957 ], [ -4.191, 51.6958 ], [ -4.195, 51.6974 ], [ -4.1956, 51.6979 ], [ -4.198, 51.6999 ], [ -4.2032, 51.7018 ], [ -4.2063, 51.7025 ], [ -4.2076, 51.7028 ], [ -4.2088, 51.7036 ], [ -4.21, 51.7046 ], [ -4.2129, 51.7061 ], [ -4.2171, 51.7077 ], [ -4.22, 51.7088 ], [ -4.2219, 51.7103 ], [ -4.2238, 51.7114 ], [ -4.2265, 51.7138 ], [ -4.2287, 51.7153 ], [ -4.231, 51.7155 ], [ -4.2343, 51.7158 ], [ -4.2374, 51.7166 ], [ -4.2396, 51.7181 ], [ -4.241, 51.7195 ], [ -4.2429, 51.7206 ], [ -4.2458, 51.7216 ], [ -4.2494, 51.7224 ], [ -4.2517, 51.7224 ], [ -4.2531, 51.7233 ], [ -4.2562, 51.7249 ], [ -4.2599, 51.7261 ], [ -4.264, 51.7276 ], [ -4.2653, 51.728 ], [ -4.2677, 51.7286 ], [ -4.2692, 51.7296 ], [ -4.2738, 51.7324 ], [ -4.2783, 51.7324 ], [ -4.2805, 51.732 ], [ -4.2818, 51.7317 ], [ -4.2889, 51.7314 ], [ -4.2931, 51.7331 ], [ -4.2996, 51.7348 ], [ -4.3032, 51.7358 ], [ -4.3037, 51.7367 ], [ -4.3037, 51.7368 ], [ -4.304, 51.7368 ], [ -4.306, 51.7365 ], [ -4.3074, 51.7361 ], [ -4.3087, 51.7377 ], [ -4.308, 51.7385 ], [ -4.3075, 51.7398 ], [ -4.3112, 51.7415 ], [ -4.3128, 51.7415 ], [ -4.3169, 51.7428 ], [ -4.3226, 51.7455 ], [ -4.3286, 51.7486 ], [ -4.33, 51.7518 ], [ -4.3369, 51.7547 ], [ -4.3419, 51.7581 ], [ -4.3525, 51.7609 ], [ -4.3576, 51.7644 ], [ -4.364, 51.7655 ], [ -4.3689, 51.767 ], [ -4.3902, 51.7732 ], [ -4.3929, 51.771 ], [ -4.3944, 51.7704 ], [ -4.3949, 51.7695 ], [ -4.3979, 51.7693 ], [ -4.4015, 51.7698 ], [ -4.4056, 51.7696 ], [ -4.4102, 51.7699 ], [ -4.4128, 51.7697 ], [ -4.416, 51.7683 ], [ -4.4183, 51.7676 ], [ -4.4243, 51.7673 ], [ -4.4303, 51.767 ], [ -4.4352, 51.7677 ], [ -4.4401, 51.7687 ], [ -4.4448, 51.7697 ], [ -4.4458, 51.77 ], [ -4.4497, 51.7702 ], [ -4.4565, 51.7724 ], [ -4.4592, 51.7711 ], [ -4.4603, 51.7712 ], [ -4.4614, 51.7702 ], [ -4.4626, 51.7702 ], [ -4.4641, 51.7693 ], [ -4.4666, 51.7698 ], [ -4.4698, 51.7701 ], [ -4.4718, 51.7699 ], [ -4.4723, 51.7693 ], [ -4.4747, 51.7694 ], [ -4.477, 51.7706 ], [ -4.4799, 51.7714 ], [ -4.4867, 51.7697 ], [ -4.4956, 51.7695 ], [ -4.502, 51.7676 ], [ -4.5105, 51.768 ], [ -4.5213, 51.7676 ], [ -4.534, 51.7679 ], [ -4.5421, 51.7674 ], [ -4.5475, 51.7667 ], [ -4.5516, 51.7643 ], [ -4.5545, 51.7631 ], [ -4.5623, 51.7658 ], [ -4.5669, 51.7665 ], [ -4.5692, 51.7653 ], [ -4.5693, 51.7653 ], [ -4.5742, 51.7639 ], [ -4.577, 51.7645 ], [ -4.5858, 51.7676 ], [ -4.5867, 51.7679 ], [ -4.5948, 51.7706 ], [ -4.5991, 51.7729 ], [ -4.6043, 51.7755 ], [ -4.6088, 51.7774 ], [ -4.6161, 51.7783 ], [ -4.6214, 51.7787 ], [ -4.6268, 51.7816 ], [ -4.635, 51.7836 ], [ -4.6402, 51.7822 ], [ -4.6484, 51.7804 ], [ -4.658, 51.7797 ], [ -4.6612, 51.7794 ], [ -4.6633, 51.7792 ], [ -4.6714, 51.7768 ], [ -4.6769, 51.7775 ], [ -4.6806, 51.7774 ], [ -4.6842, 51.7783 ], [ -4.6879, 51.7805 ], [ -4.6954, 51.7805 ], [ -4.7006, 51.7812 ], [ -4.7052, 51.7818 ], [ -4.7151, 51.7812 ], [ -4.7223, 51.7825 ], [ -4.7325, 51.7843 ], [ -4.7349, 51.7859 ], [ -4.739, 51.7878 ], [ -4.7519, 51.7873 ], [ -4.7552, 51.787 ], [ -4.7589, 51.7888 ], [ -4.7695, 51.7897 ], [ -4.7718, 51.7907 ], [ -4.7865, 51.7913 ], [ -4.7889, 51.7921 ], [ -4.7934, 51.792 ], [ -4.7969, 51.7959 ], [ -4.8022, 51.7989 ], [ -4.8051, 51.8016 ], [ -4.8053, 51.8016 ], [ -4.8102, 51.8026 ], [ -4.8138, 51.8023 ], [ -4.8222, 51.8007 ], [ -4.8279, 51.8004 ], [ -4.8332, 51.8006 ], [ -4.8396, 51.8 ], [ -4.847, 51.7998 ], [ -4.8548, 51.8023 ], [ -4.8667, 51.8044 ], [ -4.8778, 51.8041 ], [ -4.8917, 51.8046 ], [ -4.9064, 51.8051 ], [ -4.9118, 51.8048 ], [ -4.9225, 51.8054 ], [ -4.9324, 51.8062 ], [ -4.9417, 51.8056 ], [ -4.9507, 51.8046 ], [ -4.9573, 51.8044 ], [ -4.9606, 51.8031 ], [ -4.9638, 51.8023 ], [ -4.9659, 51.8026 ], [ -4.9687, 51.8018 ], [ -4.9704, 51.8024 ], [ -4.9728, 51.8026 ], [ -4.9741, 51.8031 ], [ -4.9794, 51.8023 ], [ -4.9857, 51.8054 ], [ -4.9881, 51.8077 ], [ -4.9919, 51.8101 ], [ -4.9992, 51.8126 ], [ -4.9993, 51.8132 ], [ -4.9998, 51.8147 ], [ -5.0007, 51.8153 ], [ -5.0051, 51.816 ], [ -5.0061, 51.8158 ], [ -5.0086, 51.8156 ], [ -5.0109, 51.8165 ], [ -5.0146, 51.8189 ], [ -5.015, 51.8192 ], [ -5.0188, 51.8207 ], [ -5.0209, 51.8213 ], [ -5.0213, 51.8214 ], [ -5.0214, 51.8215 ], [ -5.0239, 51.823 ], [ -5.0285, 51.8245 ], [ -5.032, 51.8262 ], [ -5.0348, 51.8265 ], [ -5.0354, 51.8266 ], [ -5.0379, 51.8268 ], [ -5.0393, 51.8281 ], [ -5.0437, 51.8284 ], [ -5.0493, 51.8294 ], [ -5.0556, 51.8308 ], [ -5.0607, 51.8326 ], [ -5.0666, 51.8333 ], [ -5.0741, 51.8363 ], [ -5.0795, 51.839 ], [ -5.0811, 51.8413 ], [ -5.0843, 51.844 ], [ -5.0876, 51.8462 ], [ -5.0913, 51.8499 ], [ -5.0929, 51.8535 ], [ -5.0928, 51.8575 ], [ -5.0898, 51.8588 ], [ -5.0923, 51.8605 ], [ -5.089, 51.8664 ], [ -5.091, 51.872 ], [ -5.095, 51.8722 ], [ -5.1013, 51.8735 ], [ -5.1051, 51.8766 ], [ -5.1108, 51.8774 ], [ -5.1129, 51.8734 ], [ -5.1154, 51.8702 ], [ -5.1217, 51.8684 ], [ -5.1253, 51.8679 ], [ -5.1363, 51.8686 ], [ -5.1454, 51.8701 ], [ -5.1566, 51.8729 ], [ -5.164, 51.8752 ], [ -5.1699, 51.8764 ], [ -5.1763, 51.8773 ], [ -5.1824, 51.8775 ], [ -5.1872, 51.8758 ], [ -5.1901, 51.874 ], [ -5.2012, 51.8742 ], [ -5.2072, 51.8765 ], [ -5.2164, 51.8794 ], [ -5.2212, 51.8804 ], [ -5.2296, 51.8804 ], [ -5.2379, 51.88 ], [ -5.2432, 51.8797 ], [ -5.2451, 51.8797 ], [ -5.2498, 51.8807 ], [ -5.2554, 51.8811 ], [ -5.2598, 51.8808 ], [ -5.2607, 51.8806 ], [ -5.2656, 51.8811 ] ] } },
{ "type": "Feature", "properties": { "linetype": 2 }, "geometry": { "type": "LineString", "coordinates": [ [ -0.0931, 51.5013 ], [ -0.0918, 51.4992 ], [ -0.089, 51.4968 ], [ -0.0868, 51.4953 ], [ -0.0851, 51.4941 ], [ -0.0812, 51.4907 ], [ -0.0775, 51.4886 ], [ -0.0746, 51.487 ], [ -0.0681, 51.4846 ], [ -0.0638, 51.4828 ], [ -0.061, 51.4811 ], [ -0.0603, 51.4809 ], [ -0.0517, 51.4777 ], [ -0.0472, 51.4759 ], [ -0.0462, 51.4744 ], [ -0.0459, 51.4743 ] ] } },
{ "type": "Feature", "properties": { "linetype": 2 }, "geometry": { "type": "LineString", "coordinates": [ [ -0.0459, 51.4743 ], [ -0.0418, 51.4743 ], [ -0.0387, 51.4752 ], [ -0.0362, 51.4755 ], [ -0.0338, 51.4759 ], [ -0.0291, 51.4754 ], [ -0.0227, 51.4744 ], [ -0.0197, 51.4737 ], [ -0.0173, 51.4731 ], [ -0.0149, 51.4728 ], [ -0.0127, 51.4721 ], [ -0.008, 51.4728 ], [ -0.0, 51.4716 ], [ 0.0018, 51.4717 ], [ 0.0095, 51.4725 ], [ 0.0312, 51.4753 ], [ 0.0556, 51.4709 ], [ 0.112, 51.4618 ], [ 0.1241, 51.4597 ], [ 0.1463, 51.4561 ], [ 0.1531, 51.4548 ], [ 0.1594, 51.454 ], [ 0.1646, 51.4531 ], [ 0.1698, 51.4522 ], [ 0.1783, 51.4517 ], [ 0.1802, 51.4503 ], [ 0.2038, 51.4463 ], [ 0.2209, 51.4437 ], [ 0.2226, 51.4437 ], [ 0.2235, 51.4431 ], [ 0.2343, 51.442 ], [ 0.2379, 51.4427 ], [ 0.2443, 51.4429 ], [ 0.2458, 51.4435 ], [ 0.2474, 51.4442 ], [ 0.2511, 51.4437 ], [ 0.2564, 51.4451 ], [ 0.2649, 51.4466 ], [ 0.2751, 51.4479 ], [ 0.2852, 51.4501 ], [ 0.2937, 51.4509 ], [ 0.2984, 51.4513 ], [ 0.306, 51.453 ], [ 0.3103, 51.4527 ], [ 0.3183, 51.4517 ], [ 0.3212, 51.4489 ], [ 0.3252, 51.4461 ], [ 0.3301, 51.4449 ], [ 0.3342, 51.4441 ], [ 0.3355, 51.4438 ], [ 0.3362, 51.4427 ], [ 0.3366, 51.4422 ], [ 0.3378, 51.4418 ], [ 0.3698, 51.4425 ], [ 0.376, 51.4411 ], [ 0.3788, 51.44 ], [ 0.3814, 51.4394 ], [ 0.3838, 51.4389 ], [ 0.3854, 51.4389 ], [ 0.3876, 51.4384 ], [ 0.3876, 51.4378 ], [ 0.3878, 51.437 ], [ 0.3883, 51.4363 ], [ 0.3912, 51.4344 ], [ 0.3938, 51.4325 ], [ 0.3962, 51.4322 ], [ 0.3976, 51.4322 ], [ 0.3991, 51.4319 ], [ 0.4004, 51.4318 ], [ 0.4029, 51.4317 ], [ 0.4067, 51.4302 ], [ 0.4092, 51.4294 ], [ 0.4122, 51.4289 ], [ 0.414, 51.4284 ], [ 0.4155, 51.4279 ], [ 0.4169, 51.4267 ], [ 0.4176, 51.4257 ], [ 0.4177, 51.4256 ], [ 0.4196, 51.4248 ], [ 0.4227, 51.4234 ], [ 0.4243, 51.4227 ], [ 0.428, 51.4217 ], [ 0.4303, 51.4208 ], [ 0.432, 51.42 ], [ 0.4349, 51.4194 ], [ 0.4362, 51.4191 ], [ 0.4395, 51.4184 ], [ 0.4424, 51.418 ], [ 0.4504, 51.4155 ], [ 0.4512, 51.4151 ], [ 0.4533, 51.4135 ], [ 0.4553, 51.4126 ], [ 0.4581, 51.4113 ], [ 0.4597, 51.4103 ], [ 0.4613, 51.4099 ], [ 0.4626, 51.4096 ], [ 0.4673, 51.4091 ], [ 0.4708, 51.4084 ], [ 0.4739, 51.4069 ], [ 0.4765, 51.4054 ], [ 0.4794, 51.4028 ], [ 0.4807, 51.4013 ], [ 0.4827, 51.3987 ], [ 0.4843, 51.397 ], [ 0.4878, 51.3965 ], [ 0.491, 51.3962 ], [ 0.4932, 51.3959 ], [ 0.4955, 51.3957 ], [ 0.4975, 51.3943 ], [ 0.5003, 51.3925 ], [ 0.5037, 51.3898 ], [ 0.5075, 51.3857 ], [ 0.5095, 51.385 ], [ 0.5116, 51.384 ], [ 0.514, 51.3834 ], [ 0.5169, 51.3831 ], [ 0.518, 51.3832 ], [ 0.5188, 51.3832 ], [ 0.521, 51.3836 ], [ 0.5229, 51.3836 ], [ 0.5238, 51.3832 ], [ 0.5257, 51.3824 ], [ 0.5275, 51.3814 ], [ 0.5292, 51.3807 ], [ 0.5298, 51.3804 ], [ 0.5355, 51.3786 ], [ 0.5385, 51.3775 ], [ 0.5411, 51.3764 ], [ 0.5428, 51.3757 ], [ 0.5442, 51.3752 ], [ 0.5457, 51.3747 ], [ 0.5459, 51.3746 ], [ 0.5475, 51.3744 ], [ 0.5506, 51.3738 ], [ 0.5544, 51.3732 ], [ 0.565, 51.3716 ], [ 0.5741, 51.3701 ], [ 0.5836, 51.3682 ], [ 0.5929, 51.3668 ], [ 0.6003, 51.3655 ], [ 0.6033, 51.3649 ], [ 0.6048, 51.3646 ], [ 0.6063, 51.3639 ], [ 0.6083, 51.3633 ], [ 0.6209, 51.3608 ], [ 0.6336, 51.3584 ], [ 0.6409, 51.357 ], [ 0.6443, 51.3563 ], [ 0.6454, 51.3561 ], [ 0.6584, 51.3537 ], [ 0.6687, 51.3518 ], [ 0.6983, 51.3463 ], [ 0.7404, 51.3392 ], [ 0.7693, 51.3343 ], [ 0.7776, 51.3331 ], [ 0.7837, 51.3317 ], [ 0.7949, 51.3289 ], [ 0.8051, 51.3266 ], [ 0.8149, 51.324 ], [ 0.8232, 51.322 ], [ 0.8251, 51.3215 ], [ 0.8283, 51.3207 ], [ 0.8312, 51.3197 ], [ 0.8333, 51.3197 ], [ 0.845, 51.3172 ], [ 0.8553, 51.3153 ], [ 0.8631, 51.314 ], [ 0.8658, 51.3134 ], [ 0.87, 51.3123 ], [ 0.8729, 51.3116 ], [ 0.8736, 51.3116 ], [ 0.8744, 51.3114 ], [ 0.889, 51.3085 ], [ 0.9021, 51.3061 ], [ 0.9097, 51.3046 ], [ 0.918, 51.303 ], [ 0.9235, 51.3019 ], [ 0.9307, 51.3006 ], [ 0.9376, 51.299 ], [ 0.9414, 51.2984 ], [ 0.9438, 51.2984 ], [ 0.9451, 51.2983 ], [ 0.9462, 51.2978 ], [ 0.9471, 51.2973 ], [ 0.9491, 51.2968 ], [ 0.9539, 51.2957 ], [ 0.9561, 51.2952 ], [ 0.9609, 51.2945 ], [ 0.9743, 51.2918 ], [ 0.9778, 51.2918 ], [ 0.9884, 51.2905 ], [ 1.0, 51.289 ], [ 1.0126, 51.2875 ], [ 1.0192, 51.2869 ], [ 1.0263, 51.2861 ], [ 1.0296, 51.2856 ], [ 1.0339, 51.285 ], [ 1.0348, 51.2847 ], [ 1.036, 51.2837 ], [ 1.0376, 51.2831 ], [ 1.0416, 51.2827 ], [ 1.0439, 51.2825 ], [ 1.0456, 51.2827 ], [ 1.0477, 51.2831 ], [ 1.05, 51.2832 ], [ 1.0514, 51.2831 ], [ 1.0528, 51.2834 ], [ 1.0543, 51.2828 ], [ 1.0561, 51.2821 ], [ 1.0579, 51.2818 ], [ 1.0606, 51.2817 ], [ 1.0632, 51.2817 ], [ 1.0641, 51.2819 ], [ 1.0674, 51.2829 ], [ 1.0704, 51.2839 ], [ 1.0711, 51.2838 ], [ 1.0737, 51.2825 ], [ 1.0756, 51.2816 ], [ 1.0779, 51.2802 ], [ 1.0792, 51.2794 ], [ 1.0812, 51.2791 ], [ 1.0812, 51.2756 ], [ 1.0829, 51.2748 ], [ 1.084, 51.2739 ], [ 1.0856, 51.2728 ], [ 1.0918, 51.2691 ], [ 1.0967, 51.266 ], [ 1.1004, 51.2636 ], [ 1.1132, 51.256 ], [ 1.117, 51.2535 ], [ 1.1218, 51.2493 ], [ 1.1261, 51.2455 ], [ 1.1298, 51.2428 ], [ 1.1348, 51.2382 ], [ 1.1444, 51.2301 ], [ 1.1576, 51.2195 ], [ 1.1637, 51.2151 ], [ 1.1661, 51.2125 ], [ 1.1714, 51.2078 ], [ 1.1806, 51.1986 ], [ 1.1821, 51.197 ], [ 1.1832, 51.1956 ], [ 1.184, 51.1947 ], [ 1.1856, 51.1938 ], [ 1.1868, 51.1928 ], [ 1.1876, 51.1919 ], [ 1.1886, 51.1903 ], [ 1.1902, 51.1876 ], [ 1.1911, 51.1866 ], [ 1.1941, 51.1851 ], [ 1.198, 51.1836 ], [ 1.2017, 51.1814 ], [ 1.2085, 51.1788 ], [ 1.2108, 51.1778 ], [ 1.2142, 51.1757 ], [ 1.2167, 51.1739 ], [ 1.2181, 51.1724 ], [ 1.2191, 51.171 ], [ 1.2207, 51.1703 ], [ 1.2233, 51.1698 ], [ 1.2258, 51.1679 ], [ 1.2276, 51.1662 ], [ 1.2297, 51.1646 ], [ 1.2318, 51.1635 ], [ 1.2359, 51.1631 ], [ 1.2395, 51.1631 ], [ 1.2429, 51.1628 ], [ 1.2455, 51.1628 ], [ 1.2474, 51.1624 ], [ 1.2505, 51.1603 ], [ 1.253, 51.1586 ], [ 1.2592, 51.1557 ], [ 1.2626, 51.1539 ], [ 1.2682, 51.1533 ], [ 1.2703, 51.1522 ], [ 1.2722, 51.1501 ], [ 1.2748, 51.1487 ], [ 1.2773, 51.1467 ], [ 1.2811, 51.1453 ], [ 1.2834, 51.1441 ], [ 1.2857, 51.1427 ], [ 1.2876, 51.1418 ], [ 1.291, 51.1402 ], [ 1.2933, 51.1392 ], [ 1.2941, 51.1384 ], [ 1.2953, 51.1377 ], [ 1.2953, 51.1373 ], [ 1.2954, 51.137 ], [ 1.298, 51.1355 ], [ 1.2994, 51.1348 ], [ 1.302, 51.1331 ], [ 1.3032, 51.1322 ], [ 1.3051, 51.1304 ], [ 1.3057, 51.1299 ], [ 1.3069, 51.129 ], [ 1.308, 51.1284 ], [ 1.309, 51.1277 ], [ 1.31, 51.1273 ], [ 1.311, 51.127 ], [ 1.3116, 51.1266 ], [ 1.3128, 51.1256 ], [ 1.3129, 51.1254 ], [ 1.3134, 51.1251 ] ] } },
{ "type": "Feature", "properties": { "linetype": 1 }, "geometry": { "type": "LineString", "coordinates": [ [ 0.4746, 51.7325 ], [ 0.4772, 51.733 ], [ 0.4796, 51.734 ], [ 0.4804, 51.7347 ], [ 0.4816, 51.7356 ], [ 0.4852, 51.7377 ], [ 0.4913, 51.7409 ], [ 0.5001, 51.7451 ], [ 0.5071, 51.7485 ], [ 0.5112, 51.7503 ], [ 0.5126, 51.7509 ], [ 0.5156, 51.7525 ], [ 0.5184, 51.754 ], [ 0.5239, 51.7567 ], [ 0.529, 51.7587 ], [ 0.5435, 51.7635 ], [ 0.5501, 51.766 ], [ 0.559, 51.7688 ], [ 0.5625, 51.7699 ], [ 0.5696, 51.7713 ], [ 0.5818, 51.7736 ], [ 0.5947, 51.7762 ], [ 0.5991, 51.7774 ], [ 0.6129, 51.7823 ], [ 0.6228, 51.7887 ], [ 0.6275, 51.7914 ], [ 0.6361, 51.7967 ], [ 0.6523, 51.8089 ], [ 0.6556, 51.8118 ], [ 0.6587, 51.8134 ], [ 0.6658, 51.8167 ], [ 0.6729, 51.8203 ], [ 0.6799, 51.8234 ], [ 0.6876, 51.8272 ], [ 0.6973, 51.8324 ], [ 0.6967, 51.8331 ], [ 0.7029, 51.8386 ], [ 0.7064, 51.8404 ], [ 0.7157, 51.8436 ], [ 0.7407, 51.8564 ], [ 0.7581, 51.8649 ], [ 0.7716, 51.8725 ], [ 0.782, 51.8789 ], [ 0.7906, 51.8801 ], [ 0.8005, 51.8804 ], [ 0.8079, 51.8814 ], [ 0.8123, 51.8827 ], [ 0.8184, 51.8838 ], [ 0.8376, 51.8874 ], [ 0.8471, 51.889 ], [ 0.8579, 51.8897 ], [ 0.8675, 51.8901 ], [ 0.8794, 51.8874 ], [ 0.8918, 51.8877 ], [ 0.8965, 51.8877 ], [ 0.8967, 51.8896 ], [ 0.8993, 51.8897 ], [ 0.9046, 51.8896 ], [ 0.9089, 51.8898 ], [ 0.913, 51.8898 ], [ 0.9174, 51.8902 ], [ 0.9207, 51.8904 ], [ 0.9222, 51.8915 ], [ 0.9233, 51.893 ], [ 0.9292, 51.8952 ], [ 0.9347, 51.897 ], [ 0.9372, 51.8973 ], [ 0.9378, 51.8988 ], [ 0.9389, 51.9013 ], [ 0.9411, 51.9039 ], [ 0.9437, 51.9062 ], [ 0.9455, 51.9081 ], [ 0.9463, 51.9091 ], [ 0.9503, 51.9119 ], [ 0.9524, 51.9127 ], [ 0.9555, 51.9127 ], [ 0.958, 51.9127 ], [ 0.9627, 51.9152 ], [ 0.9664, 51.9177 ], [ 0.9678, 51.9186 ], [ 0.9722, 51.9216 ], [ 0.9765, 51.926 ], [ 0.9802, 51.9262 ], [ 0.9827, 51.9264 ], [ 0.9853, 51.9262 ], [ 0.9871, 51.9266 ], [ 0.9921, 51.9266 ], [ 0.9922, 51.9279 ], [ 0.9931, 51.9312 ], [ 0.9946, 51.9321 ], [ 0.9991, 51.9334 ], [ 1.0058, 51.935 ], [ 1.0106, 51.9369 ], [ 1.0156, 51.9371 ], [ 1.0215, 51.9373 ], [ 1.0282, 51.939 ], [ 1.0314, 51.9399 ], [ 1.0361, 51.9399 ], [ 1.0383, 51.9392 ], [ 1.0385, 51.9391 ], [ 1.0405, 51.9385 ], [ 1.0434, 51.9383 ], [ 1.0458, 51.9386 ], [ 1.0473, 51.9383 ], [ 1.0494, 51.9376 ], [ 1.0505, 51.9376 ], [ 1.0509, 51.9408 ], [ 1.0574, 51.9415 ], [ 1.0585, 51.9429 ], [ 1.0587, 51.9438 ], [ 1.0593, 51.9442 ], [ 1.0645, 51.9454 ], [ 1.0659, 51.9454 ], [ 1.0662, 51.9459 ], [ 1.0688, 51.9461 ], [ 1.0716, 51.9465 ], [ 1.0739, 51.9469 ], [ 1.0755, 51.9466 ], [ 1.0763, 51.9461 ], [ 1.0799, 51.9441 ], [ 1.0855, 51.9432 ], [ 1.0865, 51.9411 ], [ 1.0895, 51.941 ], [ 1.0952, 51.9402 ], [ 1.0978, 51.9403 ], [ 1.1002, 51.9409 ], [ 1.1017, 51.9402 ], [ 1.1039, 51.9401 ], [ 1.1077, 51.9389 ], [ 1.1117, 51.9395 ], [ 1.1157, 51.9405 ], [ 1.1192, 51.9399 ], [ 1.1252, 51.9408 ], [ 1.1317, 51.9403 ], [ 1.1372, 51.9408 ], [ 1.1431, 51.9423 ], [ 1.1434, 51.9423 ], [ 1.1457, 51.9421 ], [ 1.1461, 51.9424 ], [ 1.1477, 51.9434 ], [ 1.1509, 51.9426 ], [ 1.151, 51.9425 ], [ 1.1546, 51.9403 ], [ 1.1562, 51.9407 ], [ 1.1571, 51.9426 ], [ 1.1574, 51.9433 ], [ 1.1602, 51.9431 ], [ 1.1628, 51.9428 ], [ 1.1653, 51.9411 ], [ 1.1658, 51.9389 ], [ 1.171, 51.9387 ], [ 1.1721, 51.938 ], [ 1.1745, 51.937 ], [ 1.1743, 51.9333 ], [ 1.1794, 51.9321 ], [ 1.1811, 51.9333 ], [ 1.183, 51.9335 ], [ 1.1873, 51.9351 ], [ 1.1915, 51.9343 ], [ 1.1946, 51.9356 ], [ 1.1972, 51.9366 ], [ 1.1993, 51.9362 ], [ 1.2044, 51.9351 ], [ 1.211, 51.9342 ], [ 1.2126, 51.9317 ], [ 1.216, 51.9318 ], [ 1.218, 51.9311 ], [ 1.2166, 51.9288 ], [ 1.2178, 51.9281 ], [ 1.2198, 51.9272 ], [ 1.2243, 51.9279 ], [ 1.2292, 51.929 ], [ 1.2346, 51.9293 ], [ 1.2387, 51.9295 ], [ 1.2434, 51.9304 ], [ 1.2473, 51.9311 ], [ 1.2527, 51.9324 ], [ 1.2556, 51.9334 ], [ 1.2606, 51.9347 ], [ 1.2662, 51.9352 ], [ 1.2685, 51.9353 ], [ 1.2716, 51.9355 ], [ 1.2756, 51.936 ], [ 1.2806, 51.9372 ], [ 1.2834, 51.9382 ], [ 1.2855, 51.9388 ], [ 1.2867, 51.9415 ], [ 1.2883, 51.9448 ], [ 1.2884, 51.9458 ], [ 1.2873, 51.9464 ] ] } },
{ "type": "Feature", "properties": { "linetype": 2 }, "geometry": { "type": "LineString", "coordinates": [ [ -0.0362, 51.4755 ], [ -0.0274, 51.4695 ], [ -0.026, 51.4685 ], [ -0.0238, 51.4679 ], [ -0.0185, 51.4654 ], [ -0.0156, 51.4643 ], [ -0.0127, 51.4641 ], [ -0.0106, 51.4638 ], [ -0.0093, 51.4626 ] ] } },
{ "type": "Feature", "properties": { "linetype": 2 }, "geometry": { "type": "LineString", "coordinates": [ [ -0.2002, 51.6531 ], [ -0.2012, 51.6535 ], [ -0.2014, 51.6537 ], [ -0.2015, 51.6539 ], [ -0.2019, 51.6562 ], [ -0.2026, 51.6567 ], [ -0.2032, 51.657 ], [ -0.2039, 51.6574 ], [ -0.2046, 51.6582 ], [ -0.2076, 51.6622 ], [ -0.211, 51.6666 ], [ -0.2124, 51.6687 ], [ -0.2127, 51.6695 ], [ -0.2132, 51.6708 ], [ -0.2162, 51.6749 ], [ -0.2185, 51.6771 ], [ -0.2187, 51.6773 ], [ -0.2198, 51.6784 ], [ -0.2203, 51.6792 ], [ -0.2236, 51.6868 ], [ -0.2251, 51.6896 ], [ -0.2261, 51.6911 ], [ -0.2275, 51.6928 ], [ -0.2315, 51.696 ], [ -0.2323, 51.6966 ], [ -0.2342, 51.6974 ], [ -0.245, 51.7021 ], [ -0.2457, 51.7024 ], [ -0.253, 51.7056 ], [ -0.2572, 51.7074 ], [ -0.2615, 51.7095 ], [ -0.2634, 51.7108 ], [ -0.2684, 51.7141 ], [ -0.2713, 51.715 ], [ -0.2784, 51.7169 ], [ -0.2855, 51.7184 ], [ -0.2885, 51.7193 ], [ -0.29, 51.7194 ], [ -0.2909, 51.7196 ], [ -0.3013, 51.7292 ], [ -0.3062, 51.7321 ], [ -0.309, 51.7349 ], [ -0.3101, 51.736 ], [ -0.3359, 51.75 ], [ -0.3404, 51.7512 ], [ -0.3411, 51.7514 ], [ -0.3407, 51.7523 ], [ -0.3467, 51.7534 ], [ -0.3503, 51.7553 ], [ -0.3508, 51.7544 ], [ -0.3523, 51.7543 ], [ -0.3548, 51.7529 ], [ -0.3617, 51.7556 ], [ -0.3668, 51.7594 ], [ -0.3699, 51.7631 ], [ -0.3778, 51.7752 ], [ -0.3942, 51.7971 ], [ -0.4079, 51.8146 ], [ -0.412, 51.818 ], [ -0.4204, 51.8211 ], [ -0.4266, 51.8233 ], [ -0.4344, 51.8245 ], [ -0.4398, 51.8259 ], [ -0.4601, 51.8356 ], [ -0.4649, 51.8402 ], [ -0.4761, 51.8492 ], [ -0.4773, 51.8502 ], [ -0.481, 51.8573 ], [ -0.4853, 51.8627 ], [ -0.4879, 51.8651 ], [ -0.4991, 51.8713 ], [ -0.5111, 51.879 ], [ -0.5199, 51.8851 ], [ -0.5322, 51.894 ], [ -0.5423, 51.9006 ], [ -0.5456, 51.9022 ], [ -0.5485, 51.9045 ], [ -0.551, 51.9068 ], [ -0.5635, 51.9157 ], [ -0.5749, 51.9236 ], [ -0.5864, 51.9308 ], [ -0.6228, 51.9527 ], [ -0.6569, 51.971 ], [ -0.6624, 51.9739 ], [ -0.6689, 51.9773 ], [ -0.6697, 51.9785 ], [ -0.6702, 51.9792 ], [ -0.6709, 51.9817 ], [ -0.6776, 51.9835 ], [ -0.6809, 51.9844 ], [ -0.6841, 51.9862 ], [ -0.6873, 51.9873 ], [ -0.6905, 51.9881 ], [ -0.6944, 51.9896 ], [ -0.7019, 51.993 ], [ -0.7099, 51.9968 ], [ -0.7159, 51.9985 ], [ -0.7462, 52.0112 ], [ -0.7593, 52.0161 ], [ -0.7744, 52.0222 ], [ -0.7866, 52.0274 ], [ -0.7944, 52.0302 ], [ -0.8038, 52.0345 ], [ -0.8199, 52.0408 ], [ -0.8303, 52.0449 ], [ -0.8394, 52.05 ], [ -0.8508, 52.0558 ], [ -0.8617, 52.0616 ], [ -0.8646, 52.0632 ], [ -0.8992, 52.0818 ], [ -0.9143, 52.0908 ], [ -0.9557, 52.1137 ], [ -0.9741, 52.1229 ], [ -0.9849, 52.1288 ], [ -0.9888, 52.1322 ] ] } },
{ "type": "Feature", "properties": { "linetype": 2 }, "geometry": { "type": "LineString", "coordinates": [ [ -0.2002, 51.6531 ], [ -0.1991, 51.6527 ], [ -0.1969, 51.6513 ], [ -0.1956, 51.6505 ], [ -0.1921, 51.6486 ], [ -0.1907, 51.6479 ], [ -0.1875, 51.6468 ], [ -0.1836, 51.6437 ], [ -0.1809, 51.6414 ], [ -0.1797, 51.639 ], [ -0.1793, 51.6385 ], [ -0.1783, 51.6372 ], [ -0.1766, 51.6356 ], [ -0.1755, 51.6325 ], [ -0.1749, 51.6302 ], [ -0.1747, 51.6276 ], [ -0.176, 51.6254 ], [ -0.1765, 51.621 ], [ -0.1768, 51.6165 ], [ -0.1753, 51.6096 ], [ -0.1747, 51.6038 ], [ -0.1713, 51.5964 ], [ -0.1646, 51.5908 ], [ -0.1642, 51.5898 ], [ -0.1639, 51.5857 ], [ -0.1592, 51.5831 ], [ -0.1553, 51.5797 ], [ -0.1541, 51.5785 ], [ -0.1517, 51.5763 ], [ -0.15, 51.574 ], [ -0.1499, 51.5715 ], [ -0.1449, 51.57 ], [ -0.1368, 51.5665 ], [ -0.1347, 51.5656 ], [ -0.1254, 51.5621 ], [ -0.1194, 51.5579 ], [ -0.1123, 51.5529 ], [ -0.1085, 51.5492 ], [ -0.1036, 51.5461 ], [ -0.1036, 51.5426 ], [ -0.1028, 51.5375 ], [ -0.1058, 51.5336 ], [ -0.1064, 51.5316 ], [ -0.1061, 51.5304 ], [ -0.105, 51.5293 ], [ -0.1049, 51.5276 ], [ -0.1045, 51.5264 ], [ -0.1041, 51.5255 ], [ -0.1037, 51.5247 ], [ -0.1021, 51.5224 ], [ -0.1019, 51.5199 ], [ -0.1014, 51.5177 ], [ -0.1023, 51.5162 ] ] } },
{ "type": "Feature", "properties": { "linetype": 2 }, "geometry": { "type": "LineString", "coordinates": [ [ -1.8298, 52.6827 ], [ -1.8286, 52.6814 ], [ -1.8247, 52.6769 ], [ -1.8227, 52.6728 ], [ -1.8225, 52.6711 ], [ -1.8207, 52.67 ], [ -1.8203, 52.6697 ], [ -1.8188, 52.6676 ], [ -1.8157, 52.6626 ], [ -1.8142, 52.6609 ], [ -1.8099, 52.6589 ], [ -1.8129, 52.6566 ], [ -1.8137, 52.6559 ], [ -1.8158, 52.6543 ], [ -1.8123, 52.6525 ], [ -1.8118, 52.6521 ], [ -1.8084, 52.6493 ], [ -1.805, 52.6446 ], [ -1.804, 52.6398 ], [ -1.8016, 52.6334 ], [ -1.8021, 52.6326 ], [ -1.8028, 52.6314 ], [ -1.802, 52.6283 ], [ -1.7982, 52.6243 ], [ -1.7978, 52.622 ], [ -1.7984, 52.6157 ], [ -1.796, 52.612 ], [ -1.7948, 52.6083 ], [ -1.7953, 52.6018 ], [ -1.7944, 52.5981 ], [ -1.7911, 52.5956 ], [ -1.7873, 52.5946 ], [ -1.7812, 52.5909 ], [ -1.7802, 52.5874 ], [ -1.7776, 52.5814 ], [ -1.7706, 52.5764 ], [ -1.764, 52.5716 ], [ -1.761, 52.5662 ], [ -1.7575, 52.5646 ], [ -1.7533, 52.5646 ], [ -1.7515, 52.5648 ], [ -1.7493, 52.5646 ], [ -1.7443, 52.5631 ], [ -1.7411, 52.5607 ], [ -1.7443, 52.5566 ], [ -1.741, 52.5544 ], [ -1.735, 52.5523 ], [ -1.7302, 52.5506 ], [ -1.7294, 52.5488 ], [ -1.7289, 52.5456 ], [ -1.7254, 52.5384 ], [ -1.7246, 52.5367 ], [ -1.7229, 52.5329 ], [ -1.7229, 52.5289 ], [ -1.7243, 52.5265 ], [ -1.7266, 52.524 ], [ -1.726, 52.5202 ], [ -1.7243, 52.5191 ], [ -1.723, 52.518 ], [ -1.7204, 52.5161 ], [ -1.7185, 52.514 ], [ -1.7161, 52.5099 ], [ -1.7111, 52.5049 ], [ -1.708, 52.5032 ], [ -1.7078, 52.5018 ], [ -1.7067, 52.4997 ], [ -1.7065, 52.4993 ], [ -1.7048, 52.4966 ], [ -1.7044, 52.4938 ], [ -1.7046, 52.4921 ], [ -1.7044, 52.4881 ], [ -1.7008, 52.4843 ], [ -1.6957, 52.4789 ], [ -1.6925, 52.4741 ], [ -1.691, 52.4705 ], [ -1.6885, 52.4693 ], [ -1.6858, 52.4666 ], [ -1.6805, 52.4639 ], [ -1.6728, 52.4546 ], [ -1.6627, 52.4432 ], [ -1.6568, 52.4402 ], [ -1.6503, 52.4378 ], [ -1.6462, 52.4361 ], [ -1.6431, 52.4356 ], [ -1.6383, 52.4348 ], [ -1.6343, 52.4355 ], [ -1.6305, 52.4357 ], [ -1.6215, 52.435 ], [ -1.6032, 52.4329 ], [ -1.5976, 52.4331 ], [ -1.5917, 52.4318 ], [ -1.5856, 52.4296 ], [ -1.577, 52.428 ], [ -1.5724, 52.4264 ], [ -1.5654, 52.4242 ], [ -1.5636, 52.4238 ], [ -1.5626, 52.4236 ], [ -1.5616, 52.4236 ], [ -1.5603, 52.4235 ], [ -1.5597, 52.4233 ], [ -1.5587, 52.423 ], [ -1.5545, 52.4209 ], [ -1.5458, 52.4183 ], [ -1.5339, 52.4149 ], [ -1.5211, 52.4106 ], [ -1.5162, 52.4087 ], [ -1.5137, 52.4083 ], [ -1.51, 52.4078 ], [ -1.5083, 52.4071 ], [ -1.5061, 52.4069 ], [ -1.5048, 52.4045 ], [ -1.5047, 52.4042 ], [ -1.5045, 52.4042 ], [ -1.5013, 52.4042 ], [ -1.4977, 52.3999 ], [ -1.4976, 52.3997 ], [ -1.4954, 52.3951 ], [ -1.4928, 52.3927 ], [ -1.4892, 52.3913 ], [ -1.4833, 52.3902 ], [ -1.4831, 52.3901 ], [ -1.4807, 52.3894 ], [ -1.4789, 52.3874 ], [ -1.4777, 52.3861 ], [ -1.4743, 52.3844 ], [ -1.4709, 52.383 ], [ -1.4692, 52.381 ], [ -1.4661, 52.3794 ], [ -1.4641, 52.3774 ], [ -1.4604, 52.3748 ], [ -1.4536, 52.373 ], [ -1.4484, 52.3713 ], [ -1.4458, 52.3702 ], [ -1.4443, 52.3695 ], [ -1.4411, 52.3674 ], [ -1.4386, 52.3668 ], [ -1.436, 52.367 ], [ -1.4351, 52.3671 ], [ -1.4329, 52.3663 ], [ -1.4272, 52.3643 ], [ -1.4233, 52.3636 ], [ -1.4187, 52.3633 ], [ -1.4119, 52.3618 ], [ -1.4067, 52.3593 ], [ -1.3961, 52.3562 ], [ -1.3896, 52.3557 ], [ -1.3861, 52.3544 ], [ -1.3753, 52.3519 ], [ -1.3592, 52.3498 ], [ -1.3446, 52.3462 ], [ -1.3377, 52.3442 ], [ -1.3287, 52.343 ], [ -1.3216, 52.3406 ], [ -1.3178, 52.3406 ], [ -1.3123, 52.3398 ], [ -1.3059, 52.3397 ], [ -1.2983, 52.3397 ], [ -1.2964, 52.3398 ], [ -1.2932, 52.3387 ], [ -1.29, 52.3371 ], [ -1.2872, 52.3361 ], [ -1.2834, 52.3348 ], [ -1.2797, 52.3323 ], [ -1.2753, 52.3284 ], [ -1.271, 52.3259 ], [ -1.2617, 52.3232 ], [ -1.2509, 52.3175 ], [ -1.2471, 52.3137 ], [ -1.2389, 52.3067 ], [ -1.2364, 52.3046 ], [ -1.2337, 52.3023 ], [ -1.2301, 52.2979 ], [ -1.2258, 52.2946 ], [ -1.2208, 52.2923 ], [ -1.2189, 52.2899 ], [ -1.2166, 52.2894 ], [ -1.2159, 52.2886 ], [ -1.2114, 52.2868 ], [ -1.2057, 52.2844 ], [ -1.2018, 52.2817 ], [ -1.1994, 52.2775 ], [ -1.1948, 52.2742 ], [ -1.1882, 52.2702 ], [ -1.1815, 52.267 ], [ -1.1749, 52.2635 ], [ -1.171, 52.2605 ], [ -1.1664, 52.2592 ], [ -1.1644, 52.2575 ], [ -1.1628, 52.2559 ], [ -1.1595, 52.2532 ], [ -1.1555, 52.2481 ], [ -1.1417, 52.2448 ], [ -1.1415, 52.2447 ], [ -1.1335, 52.2409 ], [ -1.1164, 52.2366 ], [ -1.1017, 52.2372 ], [ -1.0944, 52.2363 ], [ -1.0905, 52.2341 ], [ -1.0838, 52.2338 ], [ -1.0759, 52.2331 ], [ -1.0669, 52.2276 ], [ -1.0636, 52.2244 ], [ -1.0559, 52.215 ], [ -1.0498, 52.2093 ], [ -1.0414, 52.2015 ], [ -1.041, 52.1984 ], [ -1.0323, 52.1892 ], [ -1.0252, 52.179 ], [ -0.9948, 52.137 ], [ -0.9888, 52.1322 ] ] } },
{ "type": "Feature", "properties": { "linetype": 2 }, "geometry": { "type": "LineString", "coordinates": [ [ -1.8298, 52.6827 ], [ -1.8317, 52.6838 ], [ -1.8338, 52.6861 ], [ -1.8372, 52.6879 ], [ -1.8421, 52.6894 ], [ -1.8453, 52.6902 ], [ -1.8533, 52.6964 ], [ -1.8546, 52.6997 ], [ -1.8576, 52.7016 ], [ -1.861, 52.703 ], [ -1.8628, 52.705 ], [ -1.8651, 52.7064 ], [ -1.8671, 52.7102 ], [ -1.8679, 52.7121 ], [ -1.8715, 52.716 ], [ -1.8752, 52.7199 ], [ -1.8781, 52.7229 ], [ -1.8803, 52.7239 ], [ -1.8816, 52.7251 ], [ -1.8834, 52.7261 ], [ -1.8823, 52.7286 ], [ -1.8854, 52.729 ], [ -1.8862, 52.7303 ], [ -1.8926, 52.7315 ], [ -1.8989, 52.7327 ], [ -1.9028, 52.7347 ], [ -1.9059, 52.7342 ], [ -1.9078, 52.7341 ], [ -1.9092, 52.7346 ], [ -1.9099, 52.7353 ], [ -1.9101, 52.7357 ], [ -1.9106, 52.7376 ], [ -1.913, 52.7404 ], [ -1.9171, 52.7417 ], [ -1.9195, 52.7427 ], [ -1.9223, 52.7452 ], [ -1.9259, 52.7489 ], [ -1.9303, 52.752 ], [ -1.9328, 52.7545 ], [ -1.935, 52.7565 ], [ -1.9374, 52.7583 ], [ -1.9362, 52.7606 ], [ -1.9347, 52.7624 ], [ -1.937, 52.7641 ], [ -1.9389, 52.7666 ], [ -1.9398, 52.7681 ], [ -1.9417, 52.7692 ], [ -1.9443, 52.7716 ], [ -1.9481, 52.7726 ], [ -1.9506, 52.7739 ], [ -1.9535, 52.7764 ], [ -1.9706, 52.7799 ], [ -1.971, 52.781 ], [ -1.9724, 52.7829 ], [ -1.9759, 52.785 ], [ -1.9817, 52.7873 ], [ -1.9842, 52.7878 ], [ -1.9853, 52.7881 ], [ -1.9892, 52.7885 ], [ -1.9941, 52.7907 ], [ -2.0003, 52.7935 ], [ -2.003, 52.7985 ], [ -2.0055, 52.8021 ], [ -2.0046, 52.8024 ], [ -2.003, 52.8029 ], [ -2.0021, 52.8043 ], [ -2.0001, 52.8076 ], [ -1.9998, 52.8112 ], [ -2.0006, 52.8154 ], [ -2.0054, 52.817 ], [ -2.0081, 52.8199 ], [ -2.0122, 52.8229 ], [ -2.0183, 52.8255 ], [ -2.0214, 52.8285 ], [ -2.0294, 52.8348 ], [ -2.0314, 52.8391 ], [ -2.0342, 52.841 ], [ -2.0347, 52.8426 ], [ -2.0369, 52.8443 ], [ -2.042, 52.8475 ], [ -2.0481, 52.8483 ], [ -2.0562, 52.8502 ], [ -2.0592, 52.8507 ], [ -2.0648, 52.8526 ], [ -2.0712, 52.8554 ], [ -2.0782, 52.861 ], [ -2.0798, 52.8645 ], [ -2.0828, 52.8667 ], [ -2.0871, 52.868 ], [ -2.0915, 52.8698 ], [ -2.0962, 52.8725 ], [ -2.1056, 52.878 ], [ -2.1166, 52.8831 ], [ -2.1227, 52.8875 ], [ -2.1268, 52.891 ], [ -2.1285, 52.8927 ], [ -2.1336, 52.8949 ], [ -2.1354, 52.8962 ], [ -2.1356, 52.8965 ], [ -2.1366, 52.8977 ], [ -2.1397, 52.8995 ], [ -2.1421, 52.9005 ], [ -2.1453, 52.9014 ], [ -2.1484, 52.9033 ], [ -2.1491, 52.9026 ], [ -2.1513, 52.9037 ], [ -2.156, 52.9054 ], [ -2.1597, 52.9078 ], [ -2.1621, 52.9092 ], [ -2.1652, 52.9113 ], [ -2.167, 52.914 ], [ -2.1674, 52.9145 ], [ -2.1727, 52.917 ], [ -2.1777, 52.9186 ], [ -2.1792, 52.9198 ], [ -2.1835, 52.92 ], [ -2.1867, 52.9198 ], [ -2.1879, 52.9196 ], [ -2.1916, 52.92 ], [ -2.1928, 52.9205 ], [ -2.1942, 52.9211 ], [ -2.1974, 52.9222 ], [ -2.2028, 52.9227 ], [ -2.2059, 52.9234 ], [ -2.21, 52.9245 ], [ -2.2137, 52.9244 ], [ -2.2139, 52.9245 ], [ -2.2164, 52.9251 ], [ -2.2195, 52.9258 ], [ -2.2222, 52.926 ], [ -2.2227, 52.9261 ], [ -2.2248, 52.9265 ], [ -2.228, 52.9274 ], [ -2.2358, 52.9283 ], [ -2.2505, 52.9296 ], [ -2.2519, 52.9291 ], [ -2.2567, 52.9292 ], [ -2.2578, 52.9317 ], [ -2.2617, 52.9349 ], [ -2.2641, 52.9376 ], [ -2.2676, 52.9397 ], [ -2.2718, 52.9436 ], [ -2.2737, 52.9462 ], [ -2.2753, 52.9457 ], [ -2.2765, 52.9454 ], [ -2.279, 52.9457 ], [ -2.2796, 52.9458 ], [ -2.2829, 52.9459 ], [ -2.2852, 52.9464 ], [ -2.2876, 52.9465 ], [ -2.2885, 52.947 ], [ -2.2899, 52.9479 ], [ -2.2916, 52.949 ], [ -2.2936, 52.9495 ], [ -2.2948, 52.9495 ], [ -2.2985, 52.9516 ], [ -2.3093, 52.9493 ], [ -2.311, 52.9477 ], [ -2.3146, 52.9462 ], [ -2.3189, 52.9464 ], [ -2.3263, 52.9463 ], [ -2.3343, 52.9462 ], [ -2.3434, 52.9458 ], [ -2.3516, 52.9482 ], [ -2.357, 52.9507 ], [ -2.3656, 52.954 ], [ -2.3748, 52.9567 ], [ -2.3784, 52.9588 ], [ -2.382, 52.9601 ], [ -2.3858, 52.9609 ], [ -2.3899, 52.9623 ], [ -2.3924, 52.964 ], [ -2.3953, 52.9667 ], [ -2.3969, 52.9687 ], [ -2.398, 52.9712 ], [ -2.3995, 52.9726 ], [ -2.4005, 52.9745 ], [ -2.403, 52.9773 ], [ -2.4056, 52.9807 ], [ -2.4089, 52.9846 ], [ -2.4102, 52.9878 ], [ -2.4127, 52.9926 ], [ -2.4157, 52.9974 ], [ -2.4175, 52.9998 ], [ -2.4186, 53.0034 ], [ -2.4173, 53.0061 ], [ -2.4192, 53.0084 ], [ -2.4214, 53.0129 ], [ -2.423, 53.0161 ], [ -2.4283, 53.0211 ], [ -2.4334, 53.0244 ], [ -2.4397, 53.028 ], [ -2.4425, 53.0313 ], [ -2.4462, 53.0337 ], [ -2.452, 53.037 ], [ -2.4553, 53.0385 ], [ -2.4577, 53.0388 ], [ -2.4593, 53.0396 ], [ -2.466, 53.039 ], [ -2.4697, 53.0389 ], [ -2.4721, 53.0399 ], [ -2.4758, 53.0424 ], [ -2.4805, 53.0438 ], [ -2.4848, 53.045 ], [ -2.4894, 53.0477 ], [ -2.4921, 53.0499 ], [ -2.4918, 53.0515 ], [ -2.4933, 53.0529 ], [ -2.4933, 53.0546 ], [ -2.4969, 53.0582 ], [ -2.4995, 53.0605 ], [ -2.5008, 53.0625 ], [ -2.5009, 53.0626 ], [ -2.506, 53.0641 ], [ -2.5125, 53.0655 ], [ -2.5161, 53.0661 ], [ -2.518, 53.0663 ], [ -2.5199, 53.0664 ], [ -2.5221, 53.0667 ], [ -2.5221, 53.0671 ], [ -2.5229, 53.0677 ], [ -2.5245, 53.0676 ], [ -2.5265, 53.0681 ], [ -2.5276, 53.068 ], [ -2.5307, 53.0678 ], [ -2.5328, 53.0684 ], [ -2.5377, 53.0697 ], [ -2.5417, 53.0707 ], [ -2.5496, 53.0711 ], [ -2.5503, 53.0718 ], [ -2.5508, 53.0744 ], [ -2.5526, 53.0768 ], [ -2.5529, 53.0792 ], [ -2.5553, 53.0814 ], [ -2.5589, 53.0827 ], [ -2.561, 53.0863 ], [ -2.5654, 53.0893 ], [ -2.568, 53.0919 ], [ -2.5696, 53.0961 ], [ -2.5697, 53.0963 ], [ -2.571, 53.0983 ], [ -2.575, 53.1021 ], [ -2.5758, 53.1044 ], [ -2.5776, 53.1071 ], [ -2.5845, 53.1106 ], [ -2.5883, 53.1134 ], [ -2.6018, 53.119 ], [ -2.6091, 53.1232 ], [ -2.612, 53.1243 ], [ -2.6136, 53.1262 ], [ -2.6147, 53.1287 ], [ -2.6169, 53.1305 ], [ -2.6259, 53.1318 ], [ -2.6313, 53.1331 ], [ -2.6383, 53.1363 ], [ -2.6459, 53.1387 ], [ -2.652, 53.1406 ], [ -2.6558, 53.1415 ], [ -2.6585, 53.1435 ], [ -2.6605, 53.1458 ], [ -2.6644, 53.1475 ], [ -2.6674, 53.1517 ], [ -2.6684, 53.1551 ], [ -2.6684, 53.1586 ], [ -2.67, 53.1614 ], [ -2.6754, 53.164 ], [ -2.6814, 53.165 ], [ -2.6908, 53.1657 ], [ -2.6973, 53.1656 ], [ -2.7018, 53.1668 ], [ -2.7064, 53.1682 ], [ -2.71, 53.1689 ], [ -2.7125, 53.1712 ], [ -2.7274, 53.1764 ], [ -2.7346, 53.1789 ], [ -2.7424, 53.1807 ], [ -2.7529, 53.1824 ], [ -2.7624, 53.1842 ], [ -2.7704, 53.1852 ], [ -2.7772, 53.1858 ], [ -2.7848, 53.1861 ], [ -2.7964, 53.1838 ], [ -2.803, 53.182 ], [ -2.8073, 53.1816 ], [ -2.8125, 53.1815 ], [ -2.8185, 53.1808 ], [ -2.8233, 53.1804 ], [ -2.8287, 53.1819 ], [ -2.8345, 53.1822 ], [ -2.8425, 53.1836 ], [ -2.8449, 53.1854 ], [ -2.8455, 53.1856 ], [ -2.8479, 53.1861 ], [ -2.8554, 53.1883 ], [ -2.8597, 53.1893 ], [ -2.8623, 53.1894 ], [ -2.8711, 53.1919 ], [ -2.8749, 53.1924 ], [ -2.8791, 53.1924 ], [ -2.8861, 53.1914 ], [ -2.8878, 53.1911 ], [ -2.8916, 53.1904 ] ] } },
{ "type": "Feature", "properties": { "linetype": 1 }, "geometry": { "type": "LineString", "coordinates": [ [ -2.7274, 53.1764 ], [ -2.7331, 53.176 ], [ -2.742, 53.1771 ], [ -2.7474, 53.1774 ], [ -2.7545, 53.1782 ], [ -2.7655, 53.1788 ], [ -2.7727, 53.1788 ], [ -2.7753, 53.1784 ], [ -2.7761, 53.1764 ], [ -2.7791, 53.1739 ], [ -2.788, 53.1717 ], [ -2.7968, 53.1722 ], [ -2.8022, 53.1726 ], [ -2.8077, 53.1736 ], [ -2.8144, 53.1738 ], [ -2.8185, 53.1808 ] ] } },
{ "type": "Feature", "properties": { "linetype": 1 }, "geometry": { "type": "LineString", "coordinates": [ [ -3.942, 53.2677 ], [ -3.9529, 53.2674 ], [ -3.9827, 53.2607 ] ] } },
{ "type": "Feature", "properties": { "linetype": 2 }, "geometry": { "type": "LineString", "coordinates": [ [ -4.6338, 53.3119 ], [ -4.6346, 53.31 ], [ -4.6327, 53.3081 ], [ -4.6207, 53.3052 ], [ -4.6169, 53.3031 ], [ -4.6092, 53.3021 ], [ -4.6019, 53.3018 ], [ -4.5982, 53.2975 ], [ -4.5899, 53.2936 ], [ -4.5662, 53.2897 ], [ -4.5609, 53.293 ], [ -4.5541, 53.2931 ], [ -4.5505, 53.2938 ], [ -4.5454, 53.2959 ], [ -4.5386, 53.2962 ], [ -4.5341, 53.2971 ], [ -4.5304, 53.2984 ], [ -4.5303, 53.2984 ], [ -4.5271, 53.2988 ], [ -4.5234, 53.2984 ], [ -4.5208, 53.2989 ], [ -4.517, 53.2995 ], [ -4.515, 53.2982 ], [ -4.5112, 53.2972 ], [ -4.5019, 53.2947 ], [ -4.5, 53.2943 ], [ -4.499, 53.2945 ], [ -4.4967, 53.295 ], [ -4.4917, 53.2948 ], [ -4.4875, 53.2945 ], [ -4.4857, 53.2935 ], [ -4.4854, 53.2933 ], [ -4.4799, 53.2928 ], [ -4.4757, 53.2914 ], [ -4.4722, 53.2904 ], [ -4.4674, 53.2907 ], [ -4.4621, 53.2906 ], [ -4.4553, 53.2911 ], [ -4.4543, 53.2912 ], [ -4.4441, 53.2921 ], [ -4.4317, 53.2915 ], [ -4.4215, 53.293 ], [ -4.4171, 53.2924 ], [ -4.4136, 53.2882 ], [ -4.4083, 53.2845 ], [ -4.4054, 53.2847 ], [ -4.4002, 53.2827 ], [ -4.3915, 53.28 ], [ -4.3817, 53.2769 ], [ -4.3739, 53.275 ], [ -4.3688, 53.2734 ], [ -4.3666, 53.2689 ], [ -4.3618, 53.2666 ], [ -4.3586, 53.2648 ], [ -4.3444, 53.2619 ], [ -4.3327, 53.2602 ], [ -4.3198, 53.2577 ], [ -4.3139, 53.2562 ], [ -4.3104, 53.2559 ], [ -4.3009, 53.2554 ], [ -4.294, 53.2544 ], [ -4.283, 53.2536 ], [ -4.276, 53.251 ], [ -4.274, 53.2498 ], [ -4.2663, 53.2491 ], [ -4.2655, 53.2517 ], [ -4.261, 53.2563 ], [ -4.2583, 53.2586 ], [ -4.2487, 53.2588 ], [ -4.2367, 53.259 ], [ -4.2263, 53.2612 ], [ -4.2191, 53.2626 ], [ -4.2153, 53.2641 ], [ -4.2101, 53.2652 ], [ -4.2054, 53.2668 ], [ -4.2017, 53.2669 ], [ -4.1975, 53.2661 ], [ -4.1945, 53.2662 ], [ -4.1895, 53.2674 ], [ -4.1826, 53.2667 ], [ -4.1788, 53.2669 ], [ -4.1616, 53.265 ], [ -4.1546, 53.2662 ], [ -4.1479, 53.2654 ], [ -4.1404, 53.2652 ], [ -4.1337, 53.2661 ], [ -4.1279, 53.2663 ], [ -4.1254, 53.2672 ], [ -4.1243, 53.2669 ], [ -4.1238, 53.2668 ], [ -4.1217, 53.2667 ], [ -4.1146, 53.266 ], [ -4.1076, 53.2652 ], [ -4.0959, 53.2648 ], [ -4.0925, 53.263 ], [ -4.0906, 53.264 ], [ -3.9827, 53.2607 ], [ -3.9709, 53.2601 ], [ -3.9687, 53.2607 ], [ -3.9676, 53.262 ], [ -3.9623, 53.2636 ], [ -3.9557, 53.2652 ], [ -3.9501, 53.2665 ], [ -3.9464, 53.2667 ], [ -3.9453, 53.2665 ], [ -3.942, 53.2677 ], [ -3.8818, 53.29 ], [ -3.8543, 53.2886 ], [ -3.8392, 53.2854 ], [ -3.8349, 53.284 ], [ -3.8326, 53.282 ], [ -3.8303, 53.2807 ], [ -3.8286, 53.28 ], [ -3.825, 53.2806 ], [ -3.8155, 53.2844 ], [ -3.8089, 53.2846 ], [ -3.7927, 53.2822 ], [ -3.7903, 53.2789 ], [ -3.7892, 53.2773 ], [ -3.7895, 53.2758 ], [ -3.7828, 53.274 ], [ -3.7808, 53.2734 ], [ -3.7777, 53.2711 ], [ -3.7771, 53.2698 ], [ -3.7769, 53.2692 ], [ -3.7754, 53.2661 ], [ -3.7734, 53.2638 ], [ -3.7685, 53.2618 ], [ -3.7659, 53.2596 ], [ -3.7631, 53.2592 ], [ -3.7588, 53.2595 ], [ -3.7519, 53.2599 ], [ -3.7488, 53.2601 ], [ -3.7452, 53.2609 ], [ -3.7424, 53.2603 ], [ -3.7404, 53.2608 ], [ -3.7388, 53.2606 ], [ -3.7365, 53.2608 ], [ -3.7345, 53.2596 ], [ -3.7305, 53.2587 ], [ -3.7287, 53.2592 ], [ -3.7272, 53.2594 ], [ -3.7259, 53.2602 ], [ -3.7247, 53.2614 ], [ -3.7228, 53.2622 ], [ -3.7218, 53.263 ], [ -3.717, 53.2627 ], [ -3.7125, 53.2607 ], [ -3.7089, 53.26 ], [ -3.7073, 53.2603 ], [ -3.7031, 53.2602 ], [ -3.6984, 53.2596 ], [ -3.6938, 53.2586 ], [ -3.6914, 53.2581 ], [ -3.6887, 53.2581 ], [ -3.6852, 53.2578 ], [ -3.6821, 53.2586 ], [ -3.6794, 53.2582 ], [ -3.6748, 53.256 ], [ -3.673, 53.2557 ], [ -3.6708, 53.2559 ], [ -3.6658, 53.2552 ], [ -3.6605, 53.2542 ], [ -3.6576, 53.2533 ], [ -3.6537, 53.2518 ], [ -3.6493, 53.2503 ], [ -3.6488, 53.2495 ], [ -3.645, 53.2488 ], [ -3.643, 53.2481 ], [ -3.6425, 53.2481 ], [ -3.6412, 53.2481 ], [ -3.6409, 53.2475 ], [ -3.6375, 53.2472 ], [ -3.6345, 53.2472 ], [ -3.6319, 53.2475 ], [ -3.6301, 53.2472 ], [ -3.6293, 53.2463 ], [ -3.6277, 53.2456 ], [ -3.6274, 53.2451 ], [ -3.6272, 53.2446 ], [ -3.6261, 53.2437 ], [ -3.6234, 53.2425 ], [ -3.6209, 53.2421 ], [ -3.6107, 53.239 ], [ -3.6075, 53.2388 ], [ -3.605, 53.2384 ], [ -3.5973, 53.237 ], [ -3.588, 53.2354 ], [ -3.5798, 53.2347 ], [ -3.5779, 53.2345 ], [ -3.5755, 53.2331 ], [ -3.575, 53.234 ], [ -3.5747, 53.2344 ], [ -3.5734, 53.2341 ], [ -3.5729, 53.2336 ], [ -3.5729, 53.2334 ], [ -3.5723, 53.2327 ], [ -3.5715, 53.2333 ], [ -3.5714, 53.2333 ], [ -3.5708, 53.2331 ], [ -3.5697, 53.2324 ], [ -3.5682, 53.2313 ], [ -3.5662, 53.2307 ], [ -3.5655, 53.2296 ], [ -3.5629, 53.2299 ], [ -3.5612, 53.2296 ], [ -3.5605, 53.2293 ], [ -3.5589, 53.2295 ], [ -3.5582, 53.2299 ], [ -3.5565, 53.2298 ], [ -3.5546, 53.2296 ], [ -3.5514, 53.2291 ], [ -3.5481, 53.2281 ], [ -3.5454, 53.2271 ], [ -3.5448, 53.2269 ], [ -3.5446, 53.227 ], [ -3.5419, 53.2271 ], [ -3.5398, 53.2274 ], [ -3.5368, 53.2269 ], [ -3.5335, 53.2253 ], [ -3.5291, 53.2245 ], [ -3.5254, 53.2224 ], [ -3.5204, 53.2221 ], [ -3.5137, 53.2208 ], [ -3.5128, 53.2189 ], [ -3.5086, 53.2166 ], [ -3.5051, 53.2158 ], [ -3.5051, 53.2148 ], [ -3.5051, 53.2139 ], [ -3.5054, 53.2117 ], [ -3.4999, 53.2114 ], [ -3.4964, 53.2109 ], [ -3.4937, 53.209 ], [ -3.4895, 53.2077 ], [ -3.4874, 53.2071 ], [ -3.4867, 53.2063 ], [ -3.4812, 53.2058 ], [ -3.4775, 53.2054 ], [ -3.475, 53.2047 ], [ -3.4721, 53.2047 ], [ -3.4707, 53.2037 ], [ -3.4708, 53.2025 ], [ -3.4711, 53.202 ], [ -3.4711, 53.2019 ], [ -3.4685, 53.2003 ], [ -3.4677, 53.2008 ], [ -3.4635, 53.2011 ], [ -3.4598, 53.201 ], [ -3.4564, 53.2013 ], [ -3.451, 53.2011 ], [ -3.4458, 53.1996 ], [ -3.4409, 53.1975 ], [ -3.4378, 53.1955 ], [ -3.4368, 53.1916 ], [ -3.4353, 53.1898 ], [ -3.432, 53.1874 ], [ -3.4295, 53.1851 ], [ -3.4279, 53.1852 ], [ -3.4254, 53.1847 ], [ -3.4233, 53.1837 ], [ -3.4224, 53.1837 ], [ -3.4205, 53.183 ], [ -3.4192, 53.1836 ], [ -3.4148, 53.1851 ], [ -3.4109, 53.1868 ], [ -3.4094, 53.1903 ], [ -3.4087, 53.1923 ], [ -3.4078, 53.1947 ], [ -3.406, 53.1985 ], [ -3.4001, 53.2035 ], [ -3.3946, 53.2083 ], [ -3.3925, 53.2121 ], [ -3.3889, 53.2136 ], [ -3.384, 53.2146 ], [ -3.3804, 53.2158 ], [ -3.377, 53.2163 ], [ -3.3737, 53.2165 ], [ -3.3716, 53.2162 ], [ -3.3697, 53.2159 ], [ -3.3649, 53.216 ], [ -3.3608, 53.2167 ], [ -3.3573, 53.219 ], [ -3.3541, 53.2202 ], [ -3.3524, 53.2215 ], [ -3.3504, 53.2245 ], [ -3.3493, 53.2269 ], [ -3.3491, 53.2275 ], [ -3.3472, 53.23 ], [ -3.3448, 53.2309 ], [ -3.3434, 53.2315 ], [ -3.3422, 53.2329 ], [ -3.3411, 53.2343 ], [ -3.3394, 53.2347 ], [ -3.3388, 53.2349 ], [ -3.3362, 53.2356 ], [ -3.3338, 53.237 ], [ -3.3292, 53.2373 ], [ -3.3222, 53.2363 ], [ -3.3108, 53.2354 ], [ -3.3033, 53.2338 ], [ -3.2873, 53.2305 ], [ -3.2853, 53.2305 ], [ -3.2803, 53.231 ], [ -3.2765, 53.2321 ], [ -3.2733, 53.2338 ], [ -3.2709, 53.2344 ], [ -3.2692, 53.2339 ], [ -3.2647, 53.2354 ], [ -3.2574, 53.2367 ], [ -3.2514, 53.2378 ], [ -3.2473, 53.2342 ], [ -3.2401, 53.2335 ], [ -3.2295, 53.2322 ], [ -3.2132, 53.2265 ], [ -3.1941, 53.2238 ], [ -3.1873, 53.2214 ], [ -3.1847, 53.2219 ], [ -3.1824, 53.2216 ], [ -3.1783, 53.2209 ], [ -3.1747, 53.219 ], [ -3.1722, 53.2174 ], [ -3.1699, 53.2151 ], [ -3.1676, 53.2141 ], [ -3.1642, 53.2126 ], [ -3.1632, 53.2127 ], [ -3.1614, 53.2131 ], [ -3.16, 53.2128 ], [ -3.1577, 53.2128 ], [ -3.1549, 53.2127 ], [ -3.1532, 53.2121 ], [ -3.1525, 53.2116 ], [ -3.1517, 53.2115 ], [ -3.1507, 53.2119 ], [ -3.1495, 53.212 ], [ -3.1473, 53.212 ], [ -3.1446, 53.2109 ], [ -3.1416, 53.2097 ], [ -3.1392, 53.2088 ], [ -3.1361, 53.2071 ], [ -3.1353, 53.2068 ], [ -3.1328, 53.2072 ], [ -3.1307, 53.2074 ], [ -3.1302, 53.2067 ], [ -3.1267, 53.2068 ], [ -3.1238, 53.2063 ], [ -3.1208, 53.2057 ], [ -3.1186, 53.2061 ], [ -3.1174, 53.2051 ], [ -3.1145, 53.2052 ], [ -3.1073, 53.2031 ], [ -3.099, 53.2025 ], [ -3.0905, 53.2016 ], [ -3.0856, 53.2013 ], [ -3.0795, 53.2001 ], [ -3.0696, 53.1971 ], [ -3.0643, 53.1965 ], [ -3.0595, 53.1948 ], [ -3.0549, 53.1925 ], [ -3.0533, 53.1927 ], [ -3.0502, 53.1915 ], [ -3.0449, 53.1896 ], [ -3.0414, 53.1888 ], [ -3.0365, 53.187 ], [ -3.0323, 53.186 ], [ -3.0287, 53.1853 ], [ -3.0254, 53.1846 ], [ -3.0205, 53.1831 ], [ -3.0174, 53.184 ], [ -3.0136, 53.1832 ], [ -3.0095, 53.1795 ], [ -3.0015, 53.1744 ], [ -2.9955, 53.1709 ], [ -2.9904, 53.1698 ], [ -2.985, 53.1692 ], [ -2.9757, 53.1661 ], [ -2.9725, 53.1668 ], [ -2.9687, 53.1668 ], [ -2.9637, 53.1726 ], [ -2.9162, 53.18 ], [ -2.9131, 53.1789 ], [ -2.9033, 53.1792 ], [ -2.8961, 53.1802 ], [ -2.8915, 53.1811 ], [ -2.8882, 53.1827 ], [ -2.8879, 53.184 ], [ -2.8886, 53.1856 ], [ -2.8916, 53.1904 ] ] } },
{ "type": "Feature", "properties": { "linetype": 2 }, "geometry": { "type": "LineString", "coordinates": [ [ -1.4794, 51.2078 ], [ -1.4672, 51.2093 ], [ -1.4538, 51.2108 ], [ -1.4245, 51.2137 ], [ -1.4159, 51.2161 ], [ -1.4065, 51.2164 ], [ -1.3931, 51.2161 ], [ -1.3915, 51.2156 ], [ -1.3876, 51.2145 ], [ -1.3833, 51.2146 ], [ -1.3762, 51.2156 ], [ -1.3721, 51.215 ], [ -1.3687, 51.2145 ], [ -1.3659, 51.2154 ], [ -1.3641, 51.2186 ], [ -1.3595, 51.2223 ], [ -1.3545, 51.2234 ], [ -1.3489, 51.2236 ], [ -1.347, 51.2263 ], [ -1.3423, 51.2268 ], [ -1.3391, 51.2298 ], [ -1.3378, 51.2303 ], [ -1.3353, 51.231 ], [ -1.3323, 51.2318 ], [ -1.3294, 51.2316 ], [ -1.3254, 51.2311 ], [ -1.3205, 51.232 ], [ -1.3174, 51.2334 ], [ -1.3152, 51.234 ], [ -1.3115, 51.2339 ], [ -1.3088, 51.2346 ], [ -1.3074, 51.2357 ], [ -1.3052, 51.2361 ], [ -1.3018, 51.2353 ], [ -1.2965, 51.2346 ], [ -1.2912, 51.235 ], [ -1.2877, 51.2357 ], [ -1.2856, 51.2368 ], [ -1.2804, 51.2403 ], [ -1.2782, 51.2411 ], [ -1.2748, 51.2424 ], [ -1.2658, 51.244 ], [ -1.263, 51.244 ], [ -1.2553, 51.2436 ], [ -1.2504, 51.2434 ], [ -1.2469, 51.243 ], [ -1.2398, 51.2432 ], [ -1.2357, 51.2439 ], [ -1.2305, 51.2439 ], [ -1.225, 51.2451 ], [ -1.2219, 51.2444 ], [ -1.2182, 51.245 ], [ -1.2162, 51.2463 ], [ -1.2073, 51.2491 ], [ -1.1976, 51.2511 ], [ -1.1923, 51.2543 ], [ -1.1904, 51.2554 ], [ -1.1883, 51.2559 ], [ -1.1818, 51.2561 ], [ -1.1769, 51.2566 ], [ -1.1707, 51.258 ], [ -1.1586, 51.2616 ], [ -1.155, 51.2619 ], [ -1.1494, 51.2618 ], [ -1.1434, 51.2615 ], [ -1.14, 51.2619 ], [ -1.1345, 51.2623 ], [ -1.1303, 51.262 ], [ -1.1295, 51.2619 ], [ -1.124, 51.2614 ], [ -1.1188, 51.2619 ], [ -1.1152, 51.2618 ], [ -1.1101, 51.2621 ], [ -1.1027, 51.2626 ], [ -1.0988, 51.2636 ], [ -1.0943, 51.2639 ], [ -1.0901, 51.2622 ], [ -1.087, 51.2625 ], [ -1.084, 51.2624 ], [ -1.0772, 51.2635 ], [ -1.07, 51.2634 ], [ -1.0645, 51.2631 ], [ -1.0584, 51.2637 ], [ -1.0506, 51.2633 ], [ -1.0424, 51.2632 ], [ -1.0338, 51.264 ], [ -1.0291, 51.2687 ], [ -1.0242, 51.2699 ], [ -1.0173, 51.2702 ], [ -1.0117, 51.2728 ], [ -1.0076, 51.2732 ], [ -0.9954, 51.273 ], [ -0.9835, 51.274 ], [ -0.9783, 51.2754 ], [ -0.9712, 51.2789 ], [ -0.9628, 51.283 ], [ -0.9557, 51.2866 ], [ -0.9442, 51.2881 ], [ -0.9377, 51.2892 ], [ -0.9274, 51.2928 ], [ -0.9213, 51.293 ], [ -0.9155, 51.2941 ], [ -0.9137, 51.2956 ], [ -0.9123, 51.2983 ], [ -0.9067, 51.3045 ], [ -0.9014, 51.3055 ], [ -0.8987, 51.3072 ], [ -0.8895, 51.3143 ], [ -0.8846, 51.3177 ], [ -0.883, 51.3185 ], [ -0.8798, 51.3192 ], [ -0.8677, 51.3202 ], [ -0.8389, 51.3225 ], [ -0.8309, 51.3231 ], [ -0.8079, 51.3248 ], [ -0.7784, 51.331 ], [ -0.7753, 51.3317 ], [ -0.7611, 51.3362 ], [ -0.7437, 51.3407 ], [ -0.7338, 51.3431 ], [ -0.7124, 51.3491 ], [ -0.7024, 51.3537 ], [ -0.6924, 51.3616 ], [ -0.6915, 51.364 ], [ -0.6901, 51.3659 ], [ -0.6884, 51.3689 ], [ -0.6753, 51.375 ], [ -0.6647, 51.379 ], [ -0.6588, 51.3814 ], [ -0.6385, 51.3883 ], [ -0.6345, 51.3905 ], [ -0.6297, 51.3923 ], [ -0.6203, 51.3981 ], [ -0.6167, 51.3989 ], [ -0.614, 51.3994 ], [ -0.6117, 51.3999 ], [ -0.6059, 51.4007 ], [ -0.603, 51.4024 ], [ -0.5922, 51.4089 ], [ -0.5838, 51.414 ], [ -0.5784, 51.4173 ], [ -0.5759, 51.4212 ], [ -0.5738, 51.4231 ], [ -0.5649, 51.4272 ], [ -0.554, 51.4314 ], [ -0.5512, 51.4312 ], [ -0.5453, 51.4326 ], [ -0.5424, 51.4326 ], [ -0.5412, 51.4339 ], [ -0.5387, 51.4346 ], [ -0.5325, 51.4346 ], [ -0.5284, 51.4338 ], [ -0.5234, 51.4331 ], [ -0.5174, 51.4323 ], [ -0.5169, 51.4333 ], [ -0.514, 51.4333 ], [ -0.5095, 51.4344 ], [ -0.5055, 51.4353 ], [ -0.4745, 51.4426 ], [ -0.448, 51.4487 ], [ -0.4417, 51.4505 ], [ -0.4274, 51.4539 ], [ -0.4108, 51.4574 ], [ -0.4013, 51.4591 ], [ -0.3971, 51.4597 ], [ -0.3842, 51.4636 ], [ -0.366, 51.4681 ] ] } },
{ "type": "Feature", "properties": { "linetype": 2 }, "geometry": { "type": "LineString", "coordinates": [ [ -2.7956, 50.8851 ], [ -2.7929, 50.8853 ], [ -2.7901, 50.8853 ], [ -2.7859, 50.8861 ], [ -2.7834, 50.8884 ], [ -2.7803, 50.89 ], [ -2.771, 50.8943 ], [ -2.7682, 50.8956 ], [ -2.7657, 50.8958 ], [ -2.7599, 50.894 ], [ -2.7567, 50.8933 ], [ -2.7528, 50.8937 ], [ -2.752, 50.8944 ], [ -2.7516, 50.8959 ], [ -2.753, 50.8972 ], [ -2.7527, 50.9006 ], [ -2.7504, 50.903 ], [ -2.7493, 50.9048 ], [ -2.7492, 50.9051 ], [ -2.7459, 50.9064 ], [ -2.7419, 50.9093 ], [ -2.7394, 50.9097 ], [ -2.7369, 50.9095 ], [ -2.7362, 50.9094 ], [ -2.7332, 50.9106 ], [ -2.7297, 50.9111 ], [ -2.7251, 50.9111 ], [ -2.7218, 50.9121 ], [ -2.7198, 50.9135 ], [ -2.7187, 50.9156 ], [ -2.7162, 50.9163 ], [ -2.7131, 50.9165 ], [ -2.7076, 50.9176 ], [ -2.7049, 50.9191 ], [ -2.702, 50.9197 ], [ -2.6988, 50.9192 ], [ -2.696, 50.9197 ], [ -2.6923, 50.9194 ], [ -2.6887, 50.9187 ], [ -2.6864, 50.9194 ], [ -2.6849, 50.9208 ], [ -2.6826, 50.9216 ], [ -2.6782, 50.9218 ], [ -2.6744, 50.9223 ], [ -2.6707, 50.9243 ], [ -2.6674, 50.9266 ], [ -2.6619, 50.9273 ], [ -2.6523, 50.9286 ], [ -2.645, 50.9309 ], [ -2.6435, 50.9321 ], [ -2.6374, 50.9375 ], [ -2.6349, 50.9407 ], [ -2.6342, 50.9416 ], [ -2.6335, 50.9411 ], [ -2.6323, 50.9415 ], [ -2.628, 50.9412 ], [ -2.6264, 50.9416 ], [ -2.6248, 50.9428 ], [ -2.623, 50.944 ], [ -2.6197, 50.9452 ], [ -2.6162, 50.9451 ], [ -2.6137, 50.9438 ], [ -2.6088, 50.942 ], [ -2.6031, 50.9402 ], [ -2.6007, 50.9407 ], [ -2.5963, 50.9423 ], [ -2.592, 50.9436 ], [ -2.5902, 50.9438 ], [ -2.5865, 50.9441 ], [ -2.5811, 50.9444 ], [ -2.5745, 50.9452 ], [ -2.5696, 50.9448 ], [ -2.5657, 50.9453 ], [ -2.5574, 50.9451 ], [ -2.5511, 50.9458 ], [ -2.5466, 50.9464 ], [ -2.5415, 50.9468 ], [ -2.537, 50.9482 ], [ -2.533, 50.9487 ], [ -2.5277, 50.9498 ], [ -2.525, 50.9498 ], [ -2.5233, 50.9498 ], [ -2.5209, 50.9505 ], [ -2.5182, 50.9506 ], [ -2.517, 50.9515 ], [ -2.5149, 50.9524 ], [ -2.5115, 50.9529 ], [ -2.5111, 50.953 ], [ -2.511, 50.953 ], [ -2.5081, 50.9546 ], [ -2.5034, 50.9554 ], [ -2.4994, 50.9567 ], [ -2.4953, 50.9588 ], [ -2.4918, 50.96 ], [ -2.4889, 50.9612 ], [ -2.4829, 50.9624 ], [ -2.4775, 50.9635 ], [ -2.474, 50.9632 ], [ -2.467, 50.965 ], [ -2.4657, 50.9657 ], [ -2.4632, 50.966 ], [ -2.4603, 50.9662 ], [ -2.456, 50.9651 ], [ -2.4495, 50.9629 ], [ -2.4445, 50.9615 ], [ -2.4404, 50.9613 ], [ -2.4361, 50.9612 ], [ -2.4298, 50.9625 ], [ -2.4282, 50.9648 ], [ -2.4254, 50.9689 ], [ -2.422, 50.9714 ], [ -2.4175, 50.9733 ], [ -2.4109, 50.9764 ], [ -2.4033, 50.9784 ], [ -2.3933, 50.9812 ], [ -2.3914, 50.9818 ], [ -2.3867, 50.9831 ], [ -2.3829, 50.9848 ], [ -2.375, 50.9874 ], [ -2.3661, 50.9902 ], [ -2.3635, 50.9914 ], [ -2.3603, 50.9917 ], [ -2.3549, 50.9914 ], [ -2.3507, 50.9919 ], [ -2.3461, 50.9924 ], [ -2.343, 50.994 ], [ -2.3391, 50.9958 ], [ -2.3351, 50.997 ], [ -2.331, 50.9978 ], [ -2.3221, 50.9997 ], [ -2.3181, 51.0011 ], [ -2.3133, 51.0009 ], [ -2.3088, 51.0014 ], [ -2.3072, 51.0025 ], [ -2.3032, 51.0031 ], [ -2.3001, 51.0035 ], [ -2.2971, 51.0048 ], [ -2.2927, 51.0069 ], [ -2.2892, 51.0048 ], [ -2.2876, 51.0052 ], [ -2.2818, 51.0061 ], [ -2.2691, 51.0069 ], [ -2.2653, 51.0078 ], [ -2.2563, 51.0099 ], [ -2.2521, 51.011 ], [ -2.2458, 51.0109 ], [ -2.2417, 51.01 ], [ -2.2342, 51.008 ], [ -2.2293, 51.0068 ], [ -2.2243, 51.0067 ], [ -2.2228, 51.0075 ], [ -2.221, 51.008 ], [ -2.2175, 51.0083 ], [ -2.215, 51.0093 ], [ -2.212, 51.0089 ], [ -2.2085, 51.0077 ], [ -2.2037, 51.0069 ], [ -2.1999, 51.0071 ], [ -2.1968, 51.0057 ], [ -2.1947, 51.0062 ], [ -2.1884, 51.0026 ], [ -2.184, 51.0016 ], [ -2.1753, 51.0011 ], [ -2.1677, 51.0001 ], [ -2.1635, 51.0001 ], [ -2.1585, 51.0009 ], [ -2.1546, 51.0007 ], [ -2.1497, 51.0012 ], [ -2.1457, 51.0021 ], [ -2.1414, 51.0027 ], [ -2.1366, 51.0021 ], [ -2.1315, 51.003 ], [ -2.1269, 51.0052 ], [ -2.1194, 51.0095 ], [ -2.1167, 51.0101 ], [ -2.108, 51.0108 ], [ -2.1019, 51.012 ], [ -2.0961, 51.0153 ], [ -2.0889, 51.0155 ], [ -2.0774, 51.0188 ], [ -2.069, 51.0216 ], [ -2.0564, 51.0229 ], [ -2.0502, 51.0261 ], [ -2.0435, 51.0283 ], [ -2.0432, 51.0283 ], [ -2.0339, 51.0298 ], [ -2.0136, 51.0348 ], [ -1.9989, 51.0389 ], [ -1.9849, 51.0458 ], [ -1.9736, 51.0508 ], [ -1.9707, 51.0502 ], [ -1.9669, 51.0492 ], [ -1.9634, 51.049 ], [ -1.9577, 51.0501 ], [ -1.9506, 51.0526 ], [ -1.9348, 51.058 ], [ -1.9051, 51.059 ], [ -1.8866, 51.0577 ], [ -1.8508, 51.0528 ], [ -1.8274, 51.0515 ], [ -1.8102, 51.0542 ], [ -1.7948, 51.0566 ], [ -1.7945, 51.0574 ], [ -1.7955, 51.0584 ], [ -1.7961, 51.0592 ], [ -1.7964, 51.0606 ], [ -1.7964, 51.061 ], [ -1.7961, 51.0622 ], [ -1.7946, 51.062 ], [ -1.7939, 51.0655 ], [ -1.794, 51.0687 ], [ -1.7952, 51.0694 ], [ -1.7894, 51.0694 ], [ -1.7891, 51.0716 ], [ -1.7882, 51.0732 ], [ -1.7838, 51.077 ], [ -1.7805, 51.0813 ], [ -1.7744, 51.0871 ], [ -1.7708, 51.0884 ], [ -1.7665, 51.0881 ], [ -1.7617, 51.089 ], [ -1.7571, 51.0923 ], [ -1.7534, 51.0938 ], [ -1.7243, 51.1004 ], [ -1.7101, 51.1016 ], [ -1.6611, 51.1137 ], [ -1.6532, 51.1157 ], [ -1.6462, 51.1173 ], [ -1.6339, 51.1228 ], [ -1.6247, 51.1269 ], [ -1.613, 51.1313 ], [ -1.5957, 51.1354 ], [ -1.5912, 51.1374 ], [ -1.5849, 51.1401 ], [ -1.581, 51.1423 ], [ -1.5793, 51.1442 ], [ -1.5762, 51.1476 ], [ -1.5727, 51.1512 ], [ -1.5634, 51.1579 ], [ -1.56, 51.1602 ], [ -1.5538, 51.1629 ], [ -1.5451, 51.1668 ], [ -1.5404, 51.1693 ], [ -1.5354, 51.1724 ], [ -1.5321, 51.1753 ], [ -1.5269, 51.1814 ], [ -1.5199, 51.1875 ], [ -1.5192, 51.19 ], [ -1.5181, 51.1911 ], [ -1.5145, 51.1936 ], [ -1.513, 51.1957 ], [ -1.5065, 51.1981 ], [ -1.5048, 51.1993 ], [ -1.4968, 51.2029 ], [ -1.4864, 51.2065 ], [ -1.4826, 51.2058 ], [ -1.4808, 51.2063 ], [ -1.4792, 51.2065 ], [ -1.4794, 51.2078 ] ] } },
{ "type": "Feature", "properties": { "linetype": 2 }, "geometry": { "type": "LineString", "coordinates": [ [ -3.1894, 50.7996 ], [ -3.3927, 50.8574 ], [ -3.4836, 50.9034 ], [ -3.4876, 50.9038 ] ] } },
{ "type": "Feature", "properties": { "linetype": 2 }, "geometry": { "type": "LineString", "coordinates": [ [ -4.1747, 50.36 ], [ -4.165, 50.3644 ], [ -4.1605, 50.3653 ], [ -4.1615, 50.3691 ], [ -4.1596, 50.3704 ], [ -4.1532, 50.3709 ], [ -4.1505, 50.3712 ], [ -4.1489, 50.3716 ], [ -4.1459, 50.3713 ], [ -4.1425, 50.3712 ], [ -4.1403, 50.3714 ], [ -4.1375, 50.3729 ], [ -4.1365, 50.3752 ], [ -4.1343, 50.3779 ], [ -4.1325, 50.3803 ], [ -4.1321, 50.3804 ], [ -4.1282, 50.3817 ], [ -4.1242, 50.382 ], [ -4.1163, 50.3834 ], [ -4.1086, 50.3836 ], [ -4.1045, 50.3848 ], [ -4.0996, 50.3852 ], [ -4.0903, 50.3875 ], [ -4.09, 50.3897 ], [ -4.0857, 50.3917 ], [ -4.0827, 50.3918 ], [ -4.0727, 50.391 ], [ -4.0633, 50.3893 ], [ -4.0592, 50.3895 ], [ -4.0537, 50.3881 ], [ -4.0462, 50.387 ], [ -4.0402, 50.3852 ], [ -4.0396, 50.385 ], [ -4.0334, 50.3834 ], [ -4.0305, 50.3825 ], [ -4.0254, 50.3818 ], [ -4.0243, 50.3811 ], [ -4.021, 50.3807 ], [ -4.015, 50.38 ], [ -4.0055, 50.3801 ], [ -3.9974, 50.3818 ], [ -3.995, 50.3819 ], [ -3.9873, 50.382 ], [ -3.9794, 50.3844 ], [ -3.9707, 50.3849 ], [ -3.9642, 50.385 ], [ -3.9524, 50.385 ], [ -3.9477, 50.3854 ], [ -3.9398, 50.3865 ], [ -3.9308, 50.3869 ], [ -3.9236, 50.3882 ], [ -3.9201, 50.39 ], [ -3.9159, 50.3907 ], [ -3.9121, 50.3909 ], [ -3.9046, 50.3897 ], [ -3.9003, 50.3904 ], [ -3.8954, 50.3905 ], [ -3.8913, 50.3924 ], [ -3.8834, 50.395 ], [ -3.8787, 50.3969 ], [ -3.8765, 50.3967 ], [ -3.8734, 50.3968 ], [ -3.8686, 50.3989 ], [ -3.8604, 50.4024 ], [ -3.8531, 50.406 ], [ -3.8486, 50.4103 ], [ -3.8453, 50.4132 ], [ -3.8401, 50.4159 ], [ -3.837, 50.419 ], [ -3.8349, 50.4213 ], [ -3.8336, 50.4253 ], [ -3.8344, 50.4265 ], [ -3.8316, 50.4291 ], [ -3.824, 50.4366 ], [ -3.8185, 50.4393 ], [ -3.8162, 50.4414 ], [ -3.8137, 50.4425 ], [ -3.8078, 50.4467 ], [ -3.807, 50.4484 ], [ -3.8047, 50.4514 ], [ -3.8025, 50.4545 ], [ -3.8015, 50.4552 ], [ -3.7992, 50.4565 ], [ -3.7985, 50.4581 ], [ -3.7966, 50.462 ], [ -3.7957, 50.4647 ], [ -3.7934, 50.4671 ], [ -3.7909, 50.468 ], [ -3.789, 50.4692 ], [ -3.7885, 50.4705 ], [ -3.7874, 50.4729 ], [ -3.7859, 50.4735 ], [ -3.7838, 50.4762 ], [ -3.7828, 50.4777 ], [ -3.7797, 50.4803 ], [ -3.7771, 50.4816 ], [ -3.776, 50.4815 ], [ -3.7748, 50.4817 ], [ -3.7727, 50.4819 ], [ -3.7707, 50.4827 ], [ -3.7708, 50.4839 ], [ -3.7711, 50.4865 ], [ -3.7702, 50.49 ], [ -3.7692, 50.4938 ], [ -3.7692, 50.4939 ], [ -3.7701, 50.4994 ], [ -3.7709, 50.5004 ], [ -3.7702, 50.5044 ], [ -3.7675, 50.508 ], [ -3.766, 50.5086 ], [ -3.7649, 50.5098 ], [ -3.7633, 50.5108 ], [ -3.7596, 50.5114 ], [ -3.7578, 50.5126 ], [ -3.7574, 50.5147 ], [ -3.7539, 50.5162 ], [ -3.7508, 50.5172 ], [ -3.749, 50.5181 ], [ -3.7474, 50.5193 ], [ -3.7463, 50.5202 ], [ -3.7444, 50.5214 ], [ -3.7413, 50.5223 ], [ -3.7369, 50.5244 ], [ -3.7275, 50.5293 ], [ -3.72, 50.5325 ], [ -3.7168, 50.5341 ], [ -3.7139, 50.5353 ], [ -3.7129, 50.5353 ], [ -3.7098, 50.5356 ], [ -3.7074, 50.5368 ], [ -3.7055, 50.5388 ], [ -3.7046, 50.5398 ], [ -3.7015, 50.5406 ], [ -3.696, 50.5421 ], [ -3.6899, 50.5442 ], [ -3.6886, 50.5474 ], [ -3.6854, 50.5495 ], [ -3.6822, 50.5512 ], [ -3.681, 50.5518 ], [ -3.6795, 50.552 ], [ -3.6788, 50.5524 ], [ -3.6775, 50.5539 ], [ -3.675, 50.5557 ], [ -3.6717, 50.5591 ], [ -3.6629, 50.5619 ], [ -3.6544, 50.5653 ], [ -3.649, 50.5688 ], [ -3.646, 50.5717 ], [ -3.6411, 50.576 ], [ -3.6371, 50.5797 ], [ -3.6356, 50.5816 ], [ -3.6333, 50.5833 ], [ -3.6324, 50.5845 ], [ -3.6318, 50.5851 ], [ -3.6308, 50.5855 ], [ -3.6298, 50.5858 ], [ -3.6262, 50.5877 ], [ -3.6211, 50.5897 ], [ -3.6188, 50.5913 ], [ -3.6169, 50.5942 ], [ -3.6157, 50.5949 ], [ -3.6141, 50.5953 ], [ -3.611, 50.5958 ], [ -3.61, 50.5972 ], [ -3.6074, 50.5982 ], [ -3.6061, 50.5997 ], [ -3.6038, 50.6026 ], [ -3.6005, 50.6048 ], [ -3.5982, 50.6086 ], [ -3.5972, 50.6119 ], [ -3.5959, 50.6132 ], [ -3.5954, 50.6135 ], [ -3.594, 50.6144 ], [ -3.5937, 50.6165 ], [ -3.5931, 50.6176 ], [ -3.5921, 50.6195 ], [ -3.5916, 50.6201 ], [ -3.5901, 50.6221 ], [ -3.5865, 50.6245 ], [ -3.5845, 50.6275 ], [ -3.5842, 50.6297 ], [ -3.5851, 50.6305 ], [ -3.5846, 50.6322 ], [ -3.5834, 50.6359 ], [ -3.5803, 50.6411 ], [ -3.579, 50.6427 ], [ -3.5782, 50.6433 ], [ -3.5754, 50.6454 ], [ -3.5761, 50.647 ], [ -3.5786, 50.6532 ], [ -3.5764, 50.6549 ], [ -3.5744, 50.6563 ], [ -3.5744, 50.6581 ], [ -3.5732, 50.6604 ], [ -3.5693, 50.6638 ], [ -3.5662, 50.6673 ], [ -3.5643, 50.669 ], [ -3.5621, 50.6713 ], [ -3.5619, 50.6715 ], [ -3.5624, 50.6725 ], [ -3.5609, 50.6724 ], [ -3.5599, 50.6724 ], [ -3.5581, 50.6736 ], [ -3.557, 50.6751 ], [ -3.557, 50.6763 ], [ -3.5574, 50.678 ], [ -3.5527, 50.6805 ], [ -3.5513, 50.6813 ], [ -3.5478, 50.6839 ], [ -3.5467, 50.6857 ], [ -3.5441, 50.6862 ], [ -3.5426, 50.6873 ], [ -3.5425, 50.6888 ], [ -3.5433, 50.6899 ], [ -3.5429, 50.6907 ], [ -3.5419, 50.6913 ], [ -3.5404, 50.6921 ], [ -3.5396, 50.6931 ], [ -3.5374, 50.6952 ], [ -3.5349, 50.6968 ], [ -3.5337, 50.6994 ], [ -3.5337, 50.7012 ], [ -3.5346, 50.7027 ], [ -3.5369, 50.7039 ], [ -3.5387, 50.7045 ], [ -3.5378, 50.7084 ], [ -3.5384, 50.7093 ], [ -3.537, 50.7131 ], [ -3.5364, 50.7146 ], [ -3.5361, 50.7155 ], [ -3.5368, 50.717 ], [ -3.5371, 50.7184 ], [ -3.5369, 50.7192 ], [ -3.532, 50.7229 ], [ -3.532, 50.7243 ], [ -3.5267, 50.7255 ], [ -3.5249, 50.725 ], [ -3.522, 50.7248 ], [ -3.5147, 50.7231 ], [ -3.5088, 50.7216 ], [ -3.5048, 50.7212 ], [ -3.4978, 50.7208 ], [ -3.4943, 50.7198 ], [ -3.4923, 50.7197 ], [ -3.4834, 50.7218 ], [ -3.4745, 50.7239 ], [ -3.4704, 50.7261 ], [ -3.4657, 50.728 ], [ -3.4607, 50.7286 ], [ -3.4532, 50.7303 ], [ -3.4465, 50.7311 ], [ -3.4396, 50.7324 ], [ -3.4354, 50.7337 ], [ -3.429, 50.7379 ], [ -3.4212, 50.7416 ], [ -3.4182, 50.7432 ], [ -3.4136, 50.7445 ], [ -3.4092, 50.7465 ], [ -3.406, 50.7487 ], [ -3.4025, 50.7491 ], [ -3.3999, 50.75 ], [ -3.3973, 50.7498 ], [ -3.3751, 50.7525 ], [ -3.3495, 50.7558 ], [ -3.3462, 50.7551 ], [ -3.3395, 50.7543 ], [ -3.3345, 50.7558 ], [ -3.33, 50.7585 ], [ -3.3235, 50.7612 ], [ -3.3115, 50.7647 ], [ -3.2983, 50.7667 ], [ -3.2944, 50.7666 ], [ -3.2785, 50.7737 ], [ -3.2697, 50.7763 ], [ -3.257, 50.7798 ], [ -3.2516, 50.7819 ], [ -3.2383, 50.7861 ], [ -3.2167, 50.792 ], [ -3.1894, 50.7996 ], [ -3.1886, 50.7986 ], [ -3.187, 50.7986 ], [ -3.1848, 50.7978 ], [ -3.178, 50.7977 ], [ -3.1748, 50.7964 ], [ -3.1737, 50.7952 ], [ -3.1719, 50.7951 ], [ -3.169, 50.7962 ], [ -3.1658, 50.7972 ], [ -3.1651, 50.7974 ], [ -3.1608, 50.7987 ], [ -3.1545, 50.7972 ], [ -3.1426, 50.7958 ], [ -3.1328, 50.7949 ], [ -3.129, 50.7936 ], [ -3.1223, 50.7933 ], [ -3.1179, 50.7936 ], [ -3.1143, 50.794 ], [ -3.1098, 50.7936 ], [ -3.1049, 50.7932 ], [ -3.1023, 50.7919 ], [ -3.1004, 50.792 ], [ -3.0984, 50.7931 ], [ -3.0946, 50.7926 ], [ -3.0882, 50.789 ], [ -3.0824, 50.7868 ], [ -3.0791, 50.7837 ], [ -3.0773, 50.7818 ], [ -3.072, 50.7808 ], [ -3.0661, 50.7811 ], [ -3.0623, 50.7823 ], [ -3.0597, 50.7838 ], [ -3.0555, 50.7831 ], [ -3.0471, 50.7815 ], [ -3.0328, 50.779 ], [ -3.0224, 50.7771 ], [ -3.0204, 50.7774 ], [ -3.015, 50.7783 ], [ -3.0099, 50.7792 ], [ -3.0082, 50.779 ], [ -3.0063, 50.7792 ], [ -3.0034, 50.7801 ], [ -2.9983, 50.7828 ] ] } },
{ "type": "Feature", "properties": { "linetype": 2 }, "geometry": { "type": "LineString", "coordinates": [ [ -2.9983, 50.7828 ], [ -2.9932, 50.785 ], [ -2.991, 50.7851 ], [ -2.988, 50.7889 ], [ -2.9845, 50.7959 ], [ -2.9817, 50.7986 ], [ -2.9805, 50.8026 ], [ -2.9796, 50.8057 ], [ -2.9789, 50.8079 ], [ -2.9749, 50.8135 ], [ -2.9711, 50.8194 ], [ -2.9692, 50.8231 ], [ -2.9692, 50.825 ], [ -2.9677, 50.8275 ], [ -2.9639, 50.8304 ], [ -2.9624, 50.8307 ], [ -2.96, 50.8331 ], [ -2.9589, 50.834 ], [ -2.9556, 50.8368 ], [ -2.9507, 50.8409 ], [ -2.9448, 50.8446 ], [ -2.9424, 50.8456 ], [ -2.9389, 50.8469 ], [ -2.9309, 50.8495 ], [ -2.927, 50.8529 ], [ -2.925, 50.855 ], [ -2.9243, 50.8567 ], [ -2.9239, 50.8586 ], [ -2.9226, 50.8603 ], [ -2.9207, 50.8608 ], [ -2.9167, 50.862 ], [ -2.9136, 50.864 ], [ -2.9079, 50.8696 ], [ -2.9054, 50.8725 ], [ -2.905, 50.8737 ], [ -2.9029, 50.8761 ], [ -2.8985, 50.8778 ], [ -2.8937, 50.8796 ], [ -2.8829, 50.8825 ], [ -2.8715, 50.8846 ], [ -2.8632, 50.886 ], [ -2.8556, 50.8861 ], [ -2.8528, 50.886 ], [ -2.852, 50.886 ], [ -2.8484, 50.8868 ], [ -2.8443, 50.886 ], [ -2.8411, 50.8864 ], [ -2.838, 50.8872 ], [ -2.8369, 50.8875 ], [ -2.8297, 50.8876 ], [ -2.8232, 50.8844 ], [ -2.8185, 50.8826 ], [ -2.8161, 50.8832 ], [ -2.8124, 50.884 ], [ -2.8112, 50.8845 ], [ -2.8101, 50.8849 ], [ -2.8062, 50.884 ], [ -2.8041, 50.8833 ], [ -2.7959, 50.8831 ], [ -2.7956, 50.8851 ] ] } },
{ "type": "Feature", "properties": { "linetype": 1 }, "geometry": { "type": "LineString", "coordinates": [ [ -5.6938, 50.0692 ], [ -5.6799, 50.1242 ], [ -5.5784, 50.1193 ], [ -5.4863, 50.1464 ], [ -5.4334, 50.1648 ], [ -5.4131, 50.1958 ], [ -5.2276, 50.2331 ], [ -5.0556, 50.3673 ] ] } },
{ "type": "Feature", "properties": { "linetype": 2 }, "geometry": { "type": "LineString", "coordinates": [ [ -5.6942, 50.0648 ], [ -5.7146, 50.0657 ] ] } },
{ "type": "Feature", "properties": { "linetype": 2 }, "geometry": { "type": "LineString", "coordinates": [ [ -5.6942, 50.0648 ], [ -5.6916, 50.0652 ], [ -5.6902, 50.0636 ], [ -5.6877, 50.0637 ], [ -5.6858, 50.0633 ], [ -5.6854, 50.0624 ], [ -5.6795, 50.0629 ], [ -5.6752, 50.0628 ], [ -5.6739, 50.0635 ], [ -5.6725, 50.0628 ], [ -5.6683, 50.0599 ], [ -5.6664, 50.0607 ], [ -5.6612, 50.0604 ], [ -5.659, 50.0613 ], [ -5.6552, 50.0616 ], [ -5.6524, 50.06 ], [ -5.6515, 50.0606 ], [ -5.6503, 50.06 ], [ -5.6486, 50.0601 ], [ -5.6471, 50.0594 ], [ -5.6454, 50.06 ], [ -5.6425, 50.0614 ], [ -5.6377, 50.064 ], [ -5.6345, 50.0654 ], [ -5.6332, 50.0651 ], [ -5.6322, 50.0667 ], [ -5.6303, 50.0689 ], [ -5.626, 50.0709 ], [ -5.6218, 50.0735 ], [ -5.6205, 50.0752 ], [ -5.6176, 50.0762 ], [ -5.6143, 50.0766 ], [ -5.6114, 50.0761 ], [ -5.6081, 50.0754 ], [ -5.6059, 50.0768 ], [ -5.6047, 50.0768 ], [ -5.6041, 50.0759 ], [ -5.6016, 50.0755 ], [ -5.6006, 50.0767 ], [ -5.5957, 50.0767 ], [ -5.5914, 50.0774 ], [ -5.5832, 50.0775 ], [ -5.5787, 50.0769 ], [ -5.5756, 50.0771 ], [ -5.5691, 50.0786 ], [ -5.5648, 50.0784 ], [ -5.5608, 50.08 ], [ -5.5558, 50.0836 ], [ -5.5545, 50.0855 ], [ -5.5547, 50.0883 ], [ -5.5554, 50.092 ], [ -5.5542, 50.0951 ], [ -5.5523, 50.0963 ], [ -5.5533, 50.0975 ], [ -5.5518, 50.0991 ], [ -5.5519, 50.1009 ], [ -5.551, 50.1046 ], [ -5.5503, 50.1053 ], [ -5.5508, 50.1059 ], [ -5.5494, 50.1073 ], [ -5.5469, 50.1094 ], [ -5.544, 50.1109 ], [ -5.5404, 50.1128 ], [ -5.5356, 50.1145 ], [ -5.5355, 50.1156 ], [ -5.5371, 50.1183 ], [ -5.5368, 50.1187 ], [ -5.5353, 50.1196 ], [ -5.5338, 50.1218 ], [ -5.5307, 50.1242 ], [ -5.5295, 50.1246 ], [ -5.5265, 50.1257 ], [ -5.5262, 50.1258 ], [ -5.5206, 50.1268 ], [ -5.5126, 50.128 ], [ -5.5058, 50.1286 ], [ -5.5045, 50.1287 ], [ -5.4978, 50.1297 ], [ -5.4961, 50.1299 ], [ -5.4913, 50.1296 ], [ -5.4875, 50.1284 ], [ -5.481, 50.1271 ], [ -5.4782, 50.1259 ], [ -5.4769, 50.1245 ], [ -5.4741, 50.1228 ], [ -5.4723, 50.123 ], [ -5.4679, 50.1247 ], [ -5.4635, 50.1245 ], [ -5.4589, 50.1233 ], [ -5.4542, 50.1234 ], [ -5.4506, 50.1236 ], [ -5.4426, 50.1244 ], [ -5.4362, 50.1251 ], [ -5.4291, 50.1266 ], [ -5.4213, 50.1308 ], [ -5.4196, 50.1316 ], [ -5.4102, 50.1359 ], [ -5.4058, 50.1376 ], [ -5.4001, 50.1401 ], [ -5.392, 50.1422 ], [ -5.387, 50.144 ], [ -5.3784, 50.1457 ], [ -5.372, 50.1463 ], [ -5.3692, 50.147 ], [ -5.3643, 50.1501 ], [ -5.3583, 50.1541 ], [ -5.3583, 50.1559 ], [ -5.3585, 50.1576 ], [ -5.3554, 50.1608 ], [ -5.3514, 50.1629 ], [ -5.3463, 50.1651 ], [ -5.3373, 50.1674 ], [ -5.3303, 50.1699 ], [ -5.319, 50.1715 ], [ -5.3125, 50.1736 ], [ -5.3041, 50.174 ], [ -5.3021, 50.1759 ], [ -5.2953, 50.1761 ], [ -5.2825, 50.1757 ], [ -5.2745, 50.1782 ], [ -5.2689, 50.1797 ], [ -5.2666, 50.1792 ], [ -5.2617, 50.185 ], [ -5.2558, 50.1877 ], [ -5.252, 50.1896 ], [ -5.2499, 50.1907 ], [ -5.2483, 50.1939 ], [ -5.2415, 50.2001 ], [ -5.2391, 50.2023 ], [ -5.2342, 50.2002 ], [ -5.2283, 50.1981 ], [ -5.2263, 50.1965 ], [ -5.2183, 50.195 ], [ -5.2102, 50.195 ], [ -5.207, 50.1968 ], [ -5.2055, 50.1991 ], [ -5.2022, 50.2011 ], [ -5.1989, 50.2031 ], [ -5.1957, 50.2046 ], [ -5.1943, 50.2052 ], [ -5.1888, 50.2066 ], [ -5.1832, 50.2086 ], [ -5.1794, 50.2089 ], [ -5.1781, 50.209 ], [ -5.1722, 50.2096 ], [ -5.1696, 50.2106 ], [ -5.1696, 50.2115 ], [ -5.1696, 50.2125 ], [ -5.1661, 50.2125 ], [ -5.1626, 50.2146 ], [ -5.1575, 50.2158 ], [ -5.1569, 50.2158 ], [ -5.1497, 50.216 ], [ -5.142, 50.217 ], [ -5.1358, 50.2179 ], [ -5.1316, 50.2205 ], [ -5.1262, 50.2233 ], [ -5.1231, 50.226 ], [ -5.1213, 50.2287 ], [ -5.1195, 50.2307 ], [ -5.1142, 50.2297 ], [ -5.1102, 50.2282 ], [ -5.1079, 50.2268 ], [ -5.1061, 50.2263 ], [ -5.1036, 50.2264 ], [ -5.1012, 50.2257 ], [ -5.0939, 50.224 ], [ -5.089, 50.223 ], [ -5.0853, 50.2222 ], [ -5.0797, 50.2217 ], [ -5.0744, 50.2217 ], [ -5.0697, 50.2218 ], [ -5.0671, 50.222 ], [ -5.0637, 50.2197 ], [ -5.0583, 50.2181 ], [ -5.0518, 50.2175 ], [ -5.0461, 50.2174 ], [ -5.0418, 50.218 ], [ -5.0375, 50.218 ], [ -5.0342, 50.2171 ], [ -5.0294, 50.2164 ], [ -5.0246, 50.2162 ], [ -5.0242, 50.2153 ], [ -5.0225, 50.2149 ], [ -5.0187, 50.214 ], [ -5.0162, 50.2139 ], [ -5.0139, 50.214 ], [ -5.009, 50.2128 ], [ -5.0066, 50.2124 ], [ -5.0028, 50.2127 ], [ -4.998, 50.2128 ], [ -4.9944, 50.2139 ], [ -4.9927, 50.2148 ], [ -4.99, 50.2161 ], [ -4.9882, 50.2163 ], [ -4.9874, 50.2164 ], [ -4.9851, 50.216 ], [ -4.9842, 50.2154 ], [ -4.9845, 50.213 ], [ -4.9804, 50.2129 ], [ -4.9779, 50.2138 ], [ -4.9766, 50.2149 ], [ -4.975, 50.2156 ], [ -4.9729, 50.2156 ], [ -4.9715, 50.2162 ], [ -4.9689, 50.2172 ], [ -4.9647, 50.2184 ], [ -4.9653, 50.2201 ], [ -4.9649, 50.2214 ], [ -4.964, 50.2231 ], [ -4.9621, 50.225 ], [ -4.9578, 50.2256 ], [ -4.957, 50.2263 ], [ -4.9579, 50.2282 ], [ -4.9574, 50.2302 ], [ -4.9563, 50.2315 ], [ -4.9536, 50.2346 ], [ -4.9529, 50.2365 ], [ -4.9498, 50.2366 ], [ -4.9491, 50.2376 ], [ -4.9496, 50.2389 ], [ -4.9513, 50.2394 ], [ -4.9533, 50.2408 ], [ -4.9538, 50.2416 ], [ -4.9528, 50.2423 ], [ -4.9495, 50.2434 ], [ -4.948, 50.2437 ], [ -4.9457, 50.2448 ], [ -4.9422, 50.2457 ], [ -4.9386, 50.2468 ], [ -4.9383, 50.2489 ], [ -4.9369, 50.2501 ], [ -4.9338, 50.2515 ], [ -4.9326, 50.2535 ], [ -4.933, 50.2548 ], [ -4.9309, 50.2563 ], [ -4.9288, 50.2574 ], [ -4.9275, 50.2587 ], [ -4.927, 50.2592 ], [ -4.9257, 50.2607 ], [ -4.9236, 50.2618 ], [ -4.9221, 50.2634 ], [ -4.9196, 50.2653 ], [ -4.9169, 50.2661 ], [ -4.9137, 50.2672 ] ] } },
{ "type": "Feature", "properties": { "linetype": 2 }, "geometry": { "type": "LineString", "coordinates": [ [ -4.9139, 50.267 ], [ -4.9095, 50.2704 ], [ -4.9018, 50.2716 ], [ -4.8938, 50.2771 ], [ -4.8867, 50.2791 ], [ -4.885, 50.2806 ], [ -4.8815, 50.2814 ], [ -4.8734, 50.2865 ], [ -4.8717, 50.2887 ], [ -4.8719, 50.2905 ], [ -4.8682, 50.2913 ], [ -4.8563, 50.2906 ], [ -4.8468, 50.2911 ], [ -4.8409, 50.2901 ], [ -4.8366, 50.2905 ], [ -4.8343, 50.2917 ], [ -4.8331, 50.2956 ], [ -4.8331, 50.2991 ], [ -4.8311, 50.3016 ], [ -4.8253, 50.3016 ], [ -4.8234, 50.304 ], [ -4.8217, 50.3039 ], [ -4.8217, 50.3051 ], [ -4.8205, 50.3066 ], [ -4.8212, 50.3082 ], [ -4.821, 50.3085 ], [ -4.8185, 50.3113 ], [ -4.8164, 50.3137 ], [ -4.809, 50.3145 ], [ -4.8045, 50.316 ], [ -4.8007, 50.3158 ], [ -4.7995, 50.3191 ], [ -4.7979, 50.3212 ], [ -4.7944, 50.3265 ], [ -4.7889, 50.3271 ], [ -4.7841, 50.3286 ], [ -4.7787, 50.3286 ], [ -4.7728, 50.3291 ], [ -4.7705, 50.3298 ], [ -4.7649, 50.3308 ], [ -4.7593, 50.332 ], [ -4.7556, 50.3344 ], [ -4.7533, 50.3357 ], [ -4.7527, 50.3366 ], [ -4.7461, 50.3367 ], [ -4.7398, 50.3373 ], [ -4.7355, 50.3372 ], [ -4.7308, 50.3381 ], [ -4.7242, 50.339 ], [ -4.7206, 50.3401 ], [ -4.7126, 50.3421 ], [ -4.7091, 50.3443 ], [ -4.7075, 50.3478 ], [ -4.708, 50.35 ], [ -4.7073, 50.3502 ], [ -4.7049, 50.3505 ], [ -4.7046, 50.3512 ], [ -4.7011, 50.3528 ], [ -4.7006, 50.3545 ], [ -4.6965, 50.3563 ], [ -4.6935, 50.3587 ], [ -4.6916, 50.3581 ], [ -4.6887, 50.3599 ], [ -4.6824, 50.3592 ], [ -4.6772, 50.3578 ], [ -4.6708, 50.3593 ], [ -4.6674, 50.3605 ], [ -4.6648, 50.3555 ], [ -4.6628, 50.3493 ], [ -4.6623, 50.3442 ], [ -4.6583, 50.3412 ], [ -4.6565, 50.3398 ], [ -4.6503, 50.3367 ], [ -4.6471, 50.3364 ], [ -4.6424, 50.3371 ], [ -4.6348, 50.3352 ], [ -4.6311, 50.3376 ], [ -4.6292, 50.3394 ], [ -4.6301, 50.3406 ], [ -4.6287, 50.3421 ], [ -4.6257, 50.3429 ], [ -4.6219, 50.3436 ], [ -4.6214, 50.3437 ], [ -4.6182, 50.3453 ], [ -4.6174, 50.3462 ], [ -4.6159, 50.3479 ], [ -4.6125, 50.3508 ], [ -4.6062, 50.3528 ], [ -4.6041, 50.3544 ], [ -4.6018, 50.3558 ], [ -4.5956, 50.3579 ], [ -4.5902, 50.3601 ], [ -4.5891, 50.3605 ], [ -4.5862, 50.3606 ], [ -4.5822, 50.3616 ], [ -4.5801, 50.3625 ], [ -4.5788, 50.3619 ], [ -4.5768, 50.3617 ], [ -4.5756, 50.3598 ], [ -4.5736, 50.3586 ], [ -4.5709, 50.3569 ], [ -4.5699, 50.3562 ], [ -4.5702, 50.3537 ], [ -4.5692, 50.3529 ], [ -4.5681, 50.3519 ], [ -4.566, 50.3514 ], [ -4.5619, 50.3509 ], [ -4.5585, 50.351 ], [ -4.5522, 50.3497 ], [ -4.5522, 50.3491 ], [ -4.5504, 50.349 ], [ -4.5486, 50.3492 ], [ -4.5461, 50.3491 ], [ -4.5424, 50.3482 ], [ -4.5388, 50.3481 ], [ -4.5327, 50.3452 ], [ -4.5275, 50.3448 ], [ -4.5224, 50.3459 ], [ -4.5175, 50.348 ], [ -4.5144, 50.3499 ], [ -4.5094, 50.3516 ], [ -4.5051, 50.3525 ], [ -4.5025, 50.353 ], [ -4.4948, 50.353 ], [ -4.4911, 50.3513 ], [ -4.4861, 50.3502 ], [ -4.4779, 50.3482 ], [ -4.4735, 50.3477 ], [ -4.471, 50.3473 ], [ -4.4679, 50.348 ], [ -4.4663, 50.3494 ], [ -4.4636, 50.3504 ], [ -4.4597, 50.3519 ], [ -4.4563, 50.353 ], [ -4.4573, 50.3561 ], [ -4.4557, 50.3561 ], [ -4.4547, 50.3556 ], [ -4.4528, 50.3526 ], [ -4.4487, 50.3546 ], [ -4.4457, 50.3565 ], [ -4.4434, 50.358 ], [ -4.44, 50.3596 ], [ -4.4375, 50.3607 ], [ -4.4368, 50.3608 ], [ -4.4351, 50.3612 ], [ -4.4324, 50.3623 ], [ -4.427, 50.3639 ], [ -4.4202, 50.3645 ], [ -4.415, 50.3663 ], [ -4.408, 50.3684 ], [ -4.4059, 50.3679 ], [ -4.4026, 50.3676 ], [ -4.3994, 50.3661 ], [ -4.3962, 50.3657 ], [ -4.3944, 50.3651 ], [ -4.3935, 50.3648 ], [ -4.3898, 50.3645 ], [ -4.3881, 50.3655 ], [ -4.387, 50.3656 ], [ -4.3839, 50.3636 ], [ -4.3796, 50.3627 ], [ -4.3735, 50.362 ], [ -4.3693, 50.3615 ], [ -4.364, 50.3611 ], [ -4.3615, 50.3614 ], [ -4.36, 50.3645 ], [ -4.3585, 50.3654 ], [ -4.3581, 50.3656 ], [ -4.3555, 50.3659 ], [ -4.3511, 50.3655 ], [ -4.3499, 50.3669 ], [ -4.3484, 50.3653 ], [ -4.3482, 50.3651 ], [ -4.3452, 50.3635 ], [ -4.3424, 50.3627 ], [ -4.3375, 50.3633 ], [ -4.3341, 50.3645 ], [ -4.3282, 50.3646 ], [ -4.3224, 50.3638 ], [ -4.3149, 50.3637 ], [ -4.3089, 50.3647 ], [ -4.306, 50.365 ], [ -4.3027, 50.3653 ], [ -4.2998, 50.365 ], [ -4.2911, 50.3627 ], [ -4.2886, 50.3605 ], [ -4.2846, 50.3597 ], [ -4.2768, 50.3598 ], [ -4.2752, 50.3599 ], [ -4.2703, 50.36 ], [ -4.2667, 50.3617 ], [ -4.2623, 50.3608 ], [ -4.2559, 50.3607 ], [ -4.2505, 50.3611 ], [ -4.2429, 50.3609 ], [ -4.24, 50.3611 ], [ -4.2371, 50.36 ], [ -4.2351, 50.3575 ], [ -4.2327, 50.3524 ], [ -4.2315, 50.3512 ], [ -4.2307, 50.3507 ], [ -4.227, 50.3486 ], [ -4.2251, 50.3459 ], [ -4.2217, 50.3464 ], [ -4.2179, 50.3476 ], [ -4.2141, 50.3481 ], [ -4.2116, 50.3473 ], [ -4.2064, 50.3471 ], [ -4.2022, 50.3477 ], [ -4.197, 50.3494 ], [ -4.19, 50.3511 ], [ -4.1832, 50.3524 ], [ -4.1839, 50.3547 ], [ -4.1814, 50.3558 ], [ -4.1747, 50.36 ] ] } },
{ "type": "Feature", "properties": { "linetype": 1 }, "geometry": { "type": "LineString", "coordinates": [ [ -0.1109, 51.489 ], [ -0.1104, 51.4813 ], [ -0.1119, 51.4767 ], [ -0.1121, 51.4715 ], [ -0.1118, 51.4685 ], [ -0.1154, 51.4609 ], [ -0.1196, 51.4542 ], [ -0.1218, 51.4509 ], [ -0.1231, 51.4498 ], [ -0.1678, 51.4276 ], [ -0.1743, 51.4229 ], [ -0.1787, 51.4179 ], [ -0.1813, 51.4166 ], [ -0.1891, 51.4161 ], [ -0.1929, 51.4157 ], [ -0.1934, 51.4117 ], [ -0.1918, 51.4044 ], [ -0.1917, 51.404 ], [ -0.1927, 51.4034 ], [ -0.1942, 51.4026 ], [ -0.2005, 51.3979 ], [ -0.2005, 51.396 ], [ -0.2037, 51.3945 ], [ -0.2032, 51.3932 ], [ -0.2031, 51.3931 ], [ -0.2035, 51.393 ], [ -0.204, 51.3928 ], [ -0.2039, 51.3926 ], [ -0.2034, 51.3917 ], [ -0.2074, 51.3892 ], [ -0.2282, 51.3714 ], [ -0.2415, 51.3587 ], [ -0.2406, 51.3578 ], [ -0.2401, 51.3573 ], [ -0.2421, 51.3564 ], [ -0.2449, 51.3551 ], [ -0.2488, 51.3528 ], [ -0.2502, 51.3514 ], [ -0.2494, 51.3496 ], [ -0.2494, 51.3485 ], [ -0.2517, 51.3432 ], [ -0.2552, 51.3399 ], [ -0.2593, 51.3372 ], [ -0.266, 51.3339 ], [ -0.267, 51.3336 ], [ -0.2682, 51.3332 ], [ -0.2708, 51.3328 ], [ -0.2711, 51.3322 ], [ -0.2707, 51.3308 ], [ -0.2706, 51.3305 ], [ -0.2708, 51.3289 ], [ -0.2749, 51.3263 ], [ -0.2777, 51.3255 ], [ -0.2828, 51.3241 ], [ -0.2862, 51.3225 ], [ -0.2892, 51.3201 ], [ -0.291, 51.3171 ], [ -0.2936, 51.3146 ], [ -0.2943, 51.313 ], [ -0.295, 51.3115 ], [ -0.2977, 51.3105 ], [ -0.3003, 51.3095 ], [ -0.3025, 51.3081 ], [ -0.3026, 51.3077 ], [ -0.3035, 51.3056 ], [ -0.3069, 51.3032 ], [ -0.3121, 51.3002 ], [ -0.3161, 51.2987 ], [ -0.319, 51.2984 ], [ -0.3243, 51.2965 ], [ -0.3297, 51.2951 ], [ -0.3282, 51.2929 ], [ -0.3274, 51.2902 ], [ -0.3281, 51.2879 ], [ -0.3284, 51.2869 ], [ -0.3275, 51.2826 ], [ -0.326, 51.2785 ], [ -0.3259, 51.2784 ], [ -0.3244, 51.277 ], [ -0.3216, 51.2756 ], [ -0.32, 51.2741 ], [ -0.3199, 51.2722 ], [ -0.3213, 51.2703 ], [ -0.3235, 51.2697 ], [ -0.3237, 51.2685 ], [ -0.3239, 51.2657 ], [ -0.3246, 51.2635 ], [ -0.3222, 51.2619 ], [ -0.3219, 51.2612 ], [ -0.3231, 51.2578 ], [ -0.323, 51.2564 ], [ -0.3222, 51.255 ], [ -0.3234, 51.2529 ], [ -0.3237, 51.2517 ], [ -0.3243, 51.2492 ], [ -0.3247, 51.2449 ], [ -0.3251, 51.2428 ], [ -0.3259, 51.2411 ], [ -0.3252, 51.239 ], [ -0.3249, 51.2378 ], [ -0.3265, 51.2367 ], [ -0.3271, 51.2357 ], [ -0.3262, 51.2348 ], [ -0.3307, 51.2325 ], [ -0.3339, 51.2312 ], [ -0.3347, 51.2296 ], [ -0.3353, 51.2276 ], [ -0.3365, 51.2269 ], [ -0.3373, 51.2251 ], [ -0.338, 51.2226 ], [ -0.3404, 51.2206 ], [ -0.3412, 51.2197 ], [ -0.3407, 51.2175 ], [ -0.3422, 51.2157 ], [ -0.3428, 51.2135 ], [ -0.3428, 51.211 ], [ -0.3447, 51.2092 ], [ -0.3468, 51.2073 ], [ -0.3486, 51.2051 ], [ -0.3483, 51.2037 ], [ -0.3469, 51.2013 ], [ -0.3451, 51.1985 ], [ -0.3445, 51.1957 ], [ -0.3456, 51.1946 ], [ -0.3464, 51.1931 ], [ -0.3474, 51.1894 ], [ -0.3486, 51.1884 ], [ -0.3497, 51.1861 ], [ -0.3531, 51.1848 ], [ -0.3552, 51.184 ], [ -0.3571, 51.1828 ], [ -0.3571, 51.1816 ], [ -0.3572, 51.1801 ], [ -0.3564, 51.1788 ], [ -0.3544, 51.1773 ], [ -0.3548, 51.1759 ], [ -0.3546, 51.1747 ], [ -0.3553, 51.1725 ], [ -0.3567, 51.1711 ], [ -0.3561, 51.1692 ], [ -0.3572, 51.1674 ], [ -0.3576, 51.1654 ], [ -0.3553, 51.1629 ], [ -0.3536, 51.1601 ], [ -0.3585, 51.1523 ], [ -0.3672, 51.1406 ], [ -0.3741, 51.1307 ], [ -0.3753, 51.1289 ], [ -0.3754, 51.1289 ], [ -0.3786, 51.1281 ], [ -0.3815, 51.1249 ], [ -0.3844, 51.1244 ], [ -0.3854, 51.1221 ], [ -0.3873, 51.1207 ], [ -0.3891, 51.1194 ], [ -0.3898, 51.1176 ], [ -0.392, 51.1165 ], [ -0.3957, 51.1159 ], [ -0.3992, 51.1162 ], [ -0.401, 51.116 ], [ -0.4029, 51.1135 ], [ -0.4026, 51.1117 ], [ -0.4013, 51.1089 ], [ -0.399, 51.1073 ], [ -0.3967, 51.106 ], [ -0.3959, 51.1041 ], [ -0.3982, 51.1024 ], [ -0.399, 51.1013 ], [ -0.3998, 51.1001 ], [ -0.3993, 51.0987 ], [ -0.3983, 51.0975 ], [ -0.3982, 51.0965 ], [ -0.4, 51.0939 ], [ -0.4048, 51.0946 ], [ -0.4097, 51.0937 ], [ -0.4178, 51.0948 ], [ -0.4202, 51.0936 ], [ -0.4208, 51.0905 ], [ -0.4226, 51.0866 ], [ -0.4239, 51.0794 ], [ -0.4207, 51.0747 ], [ -0.4154, 51.0722 ], [ -0.4207, 51.0649 ], [ -0.4224, 51.0635 ], [ -0.4275, 51.0558 ], [ -0.4314, 51.0498 ], [ -0.4416, 51.0362 ], [ -0.4456, 51.0309 ], [ -0.4513, 51.0234 ], [ -0.4525, 51.0207 ], [ -0.4559, 51.0168 ], [ -0.4561, 51.0165 ], [ -0.457, 51.015 ], [ -0.4614, 51.0101 ], [ -0.4636, 51.0073 ], [ -0.4666, 51.004 ], [ -0.4707, 50.9987 ], [ -0.4747, 50.9934 ], [ -0.4771, 50.9903 ], [ -0.4813, 50.9856 ], [ -0.492, 50.9754 ], [ -0.4904, 50.9724 ], [ -0.4898, 50.9695 ], [ -0.4882, 50.9678 ], [ -0.4886, 50.9667 ], [ -0.4898, 50.9657 ], [ -0.4873, 50.9627 ], [ -0.4862, 50.9604 ], [ -0.4859, 50.9591 ], [ -0.4872, 50.9578 ], [ -0.4868, 50.9555 ], [ -0.4853, 50.9551 ], [ -0.4843, 50.9536 ], [ -0.4853, 50.9521 ], [ -0.4855, 50.9495 ], [ -0.4856, 50.9477 ], [ -0.4864, 50.9451 ], [ -0.4862, 50.9431 ], [ -0.4884, 50.9398 ], [ -0.4893, 50.937 ], [ -0.4944, 50.9365 ], [ -0.4981, 50.9356 ], [ -0.4995, 50.9338 ], [ -0.4998, 50.9326 ], [ -0.5001, 50.9316 ], [ -0.5024, 50.9283 ], [ -0.5042, 50.9218 ], [ -0.5059, 50.9208 ], [ -0.507, 50.9169 ], [ -0.5094, 50.9167 ], [ -0.5103, 50.9137 ], [ -0.5166, 50.9129 ], [ -0.5251, 50.9107 ], [ -0.5313, 50.9099 ], [ -0.5341, 50.9095 ], [ -0.5347, 50.9076 ], [ -0.5341, 50.9064 ], [ -0.5385, 50.9044 ], [ -0.5395, 50.9025 ], [ -0.5396, 50.8982 ], [ -0.5454, 50.8968 ], [ -0.5507, 50.8954 ], [ -0.5534, 50.8947 ], [ -0.5558, 50.8935 ], [ -0.558, 50.8918 ], [ -0.5607, 50.891 ], [ -0.5647, 50.8912 ], [ -0.5692, 50.8915 ], [ -0.5721, 50.8905 ], [ -0.5753, 50.8876 ], [ -0.574, 50.8858 ], [ -0.5737, 50.8825 ], [ -0.5746, 50.8759 ], [ -0.5746, 50.8708 ], [ -0.5743, 50.8694 ], [ -0.57, 50.8638 ], [ -0.5684, 50.8618 ], [ -0.5651, 50.8595 ], [ -0.5625, 50.8571 ], [ -0.56, 50.8556 ], [ -0.5558, 50.8554 ], [ -0.5549, 50.8549 ], [ -0.5538, 50.8544 ] ] } },
{ "type": "Feature", "properties": { "linetype": 1 }, "geometry": { "type": "LineString", "coordinates": [ [ -0.2743, 50.8329 ], [ -0.2728, 50.8326 ], [ -0.2728, 50.8328 ], [ -0.2724, 50.8351 ], [ -0.2705, 50.84 ], [ -0.2644, 50.8398 ], [ -0.2579, 50.8418 ], [ -0.2539, 50.8419 ], [ -0.2436, 50.8413 ], [ -0.2321, 50.8403 ], [ -0.2279, 50.8396 ], [ -0.217, 50.8387 ], [ -0.214, 50.8343 ], [ -0.2139, 50.8309 ], [ -0.2091, 50.8303 ], [ -0.1982, 50.8288 ], [ -0.1908, 50.8268 ], [ -0.1754, 50.8253 ], [ -0.1549, 50.8227 ], [ -0.1397, 50.8201 ], [ -0.14, 50.8215 ], [ -0.1339, 50.8198 ], [ -0.1325, 50.8195 ], [ -0.1239, 50.8179 ], [ -0.1085, 50.8147 ], [ -0.1051, 50.8148 ], [ -0.1003, 50.8144 ], [ -0.0886, 50.8117 ], [ -0.0846, 50.8103 ], [ -0.0747, 50.8076 ], [ -0.0659, 50.8048 ], [ -0.0588, 50.8033 ], [ -0.0566, 50.8035 ], [ -0.0545, 50.8026 ], [ -0.0507, 50.8021 ], [ -0.0429, 50.8011 ], [ -0.0319, 50.7984 ], [ -0.0224, 50.7965 ], [ -0.0156, 50.7946 ], [ -0.0041, 50.7922 ], [ 0.0044, 50.791 ], [ 0.0146, 50.7886 ], [ 0.0199, 50.7879 ], [ 0.0228, 50.7885 ], [ 0.027, 50.7909 ], [ 0.0303, 50.7905 ], [ 0.0328, 50.7896 ], [ 0.0347, 50.7903 ], [ 0.0405, 50.7925 ], [ 0.0427, 50.7938 ], [ 0.0469, 50.7936 ] ] } },
{ "type": "Feature", "properties": { "linetype": 1 }, "geometry": { "type": "LineString", "coordinates": [ [ 0.0469, 50.7936 ], [ 0.0462, 50.7951 ], [ 0.0443, 50.7973 ], [ 0.0419, 50.7987 ], [ 0.0398, 50.7992 ], [ 0.0379, 50.7999 ], [ 0.0365, 50.8009 ], [ 0.0357, 50.802 ], [ 0.036, 50.8033 ], [ 0.0365, 50.805 ], [ 0.0365, 50.8063 ], [ 0.0368, 50.8069 ], [ 0.0369, 50.8071 ], [ 0.0364, 50.8073 ], [ 0.0355, 50.8077 ], [ 0.0356, 50.8081 ], [ 0.0356, 50.8087 ], [ 0.0348, 50.8091 ], [ 0.0338, 50.8099 ], [ 0.0326, 50.8107 ], [ 0.0288, 50.8136 ], [ 0.0264, 50.815 ], [ 0.0245, 50.8174 ], [ 0.0217, 50.8189 ], [ 0.0217, 50.8203 ], [ 0.0216, 50.8214 ], [ 0.0215, 50.8224 ], [ 0.0196, 50.8249 ], [ 0.018, 50.8274 ], [ 0.017, 50.8303 ], [ 0.0163, 50.834 ], [ 0.0149, 50.8353 ], [ 0.0125, 50.8358 ], [ 0.0112, 50.8374 ], [ 0.0095, 50.8385 ], [ 0.0079, 50.8399 ], [ 0.0055, 50.8403 ], [ 0.0033, 50.8414 ], [ -0.0003, 50.8431 ], [ -0.0027, 50.8453 ], [ -0.0048, 50.8464 ], [ -0.0061, 50.8474 ], [ -0.0088, 50.85 ], [ -0.0086, 50.851 ], [ -0.0099, 50.8527 ], [ -0.0105, 50.8547 ], [ -0.0098, 50.8571 ], [ -0.0092, 50.8588 ], [ -0.0095, 50.8604 ], [ -0.0096, 50.8614 ], [ -0.0086, 50.8621 ], [ -0.0056, 50.8633 ], [ -0.0026, 50.8659 ], [ 0.0005, 50.8685 ], [ 0.001, 50.8689 ], [ 0.0006, 50.8693 ], [ -0.0005, 50.8695 ], [ -0.0007, 50.8695 ], [ -0.0023, 50.8695 ], [ -0.0032, 50.8697 ], [ -0.0035, 50.8708 ], [ -0.0032, 50.8721 ], [ -0.0036, 50.8725 ], [ -0.0036, 50.8739 ], [ -0.005, 50.876 ], [ -0.0077, 50.8792 ], [ -0.0078, 50.8826 ], [ -0.0087, 50.8848 ], [ -0.0095, 50.888 ], [ -0.0095, 50.8882 ], [ -0.0098, 50.8893 ], [ -0.0098, 50.8908 ], [ -0.0107, 50.8916 ], [ -0.0107, 50.893 ], [ -0.0112, 50.8934 ], [ -0.0118, 50.8939 ], [ -0.0111, 50.8971 ], [ -0.0117, 50.898 ], [ -0.0117, 50.8999 ], [ -0.0099, 50.9026 ], [ -0.006, 50.9081 ], [ -0.0053, 50.9102 ], [ -0.0108, 50.9166 ], [ -0.0152, 50.9213 ], [ -0.0153, 50.9259 ], [ -0.0163, 50.9301 ], [ -0.0166, 50.931 ], [ -0.0176, 50.9343 ], [ -0.0187, 50.9359 ], [ -0.0207, 50.9378 ], [ -0.0226, 50.9391 ], [ -0.0232, 50.9405 ], [ -0.0228, 50.9431 ], [ -0.0215, 50.946 ], [ -0.0202, 50.9479 ], [ -0.0187, 50.9487 ], [ -0.0175, 50.9495 ], [ -0.0158, 50.9535 ], [ -0.0163, 50.9547 ], [ -0.0179, 50.9558 ], [ -0.0184, 50.9572 ], [ -0.0187, 50.9579 ], [ -0.0198, 50.9599 ], [ -0.0208, 50.9631 ], [ -0.0213, 50.9654 ], [ -0.0204, 50.968 ], [ -0.0187, 50.9724 ], [ -0.0147, 50.9788 ], [ -0.0118, 50.9803 ], [ -0.0083, 50.982 ], [ -0.004, 50.9849 ], [ -0.002, 50.9879 ], [ -0.0003, 50.9916 ], [ 0.0026, 50.9949 ], [ 0.0054, 50.9975 ], [ 0.0061, 50.9995 ], [ 0.0081, 51.0007 ], [ 0.0104, 51.003 ], [ 0.011, 51.0041 ], [ 0.0108, 51.0057 ], [ 0.0093, 51.0114 ], [ 0.0084, 51.0145 ], [ 0.0061, 51.0173 ], [ 0.005, 51.0194 ], [ 0.0053, 51.021 ], [ 0.004, 51.0234 ], [ 0.003, 51.0254 ], [ 0.0028, 51.0273 ], [ 0.003, 51.0286 ], [ 0.0021, 51.0293 ], [ -0.0001, 51.0302 ], [ -0.0007, 51.0312 ], [ 0.0019, 51.0353 ], [ 0.003, 51.0371 ], [ 0.003, 51.0385 ], [ 0.003, 51.0388 ], [ 0.0038, 51.0405 ], [ 0.0044, 51.042 ], [ 0.0057, 51.044 ], [ 0.006, 51.0462 ], [ 0.0073, 51.0481 ], [ 0.0081, 51.0485 ], [ 0.0099, 51.0496 ], [ 0.0147, 51.0514 ], [ 0.0199, 51.0591 ], [ 0.024, 51.0654 ], [ 0.025, 51.068 ], [ 0.0247, 51.0706 ], [ 0.0247, 51.0742 ], [ 0.0248, 51.0778 ], [ 0.0235, 51.0788 ], [ 0.0228, 51.0794 ], [ 0.0212, 51.0815 ], [ 0.0223, 51.0831 ], [ 0.0251, 51.0839 ], [ 0.0269, 51.0862 ], [ 0.0278, 51.0873 ], [ 0.0292, 51.089 ], [ 0.0325, 51.0926 ], [ 0.0335, 51.0954 ], [ 0.0333, 51.0981 ], [ 0.0332, 51.0988 ], [ 0.0335, 51.0995 ], [ 0.0341, 51.1001 ], [ 0.0347, 51.1007 ], [ 0.0346, 51.1016 ], [ 0.0336, 51.1024 ], [ 0.0312, 51.1041 ], [ 0.0289, 51.106 ], [ 0.0273, 51.1075 ], [ 0.0269, 51.1083 ], [ 0.0271, 51.1092 ], [ 0.0272, 51.1102 ], [ 0.0264, 51.1105 ], [ 0.0249, 51.1108 ], [ 0.0233, 51.1111 ], [ 0.022, 51.1118 ], [ 0.0211, 51.1126 ], [ 0.0191, 51.1133 ], [ 0.0179, 51.114 ], [ 0.0137, 51.1164 ], [ 0.0118, 51.1178 ], [ 0.0108, 51.119 ], [ 0.0095, 51.1196 ], [ 0.007, 51.1209 ], [ 0.0058, 51.1221 ], [ 0.0031, 51.1232 ], [ 0.0004, 51.1236 ], [ -0.0032, 51.124 ], [ -0.0053, 51.1239 ], [ -0.0073, 51.1239 ], [ -0.0083, 51.124 ], [ -0.009, 51.1256 ], [ -0.0097, 51.1261 ], [ -0.0106, 51.1265 ], [ -0.0116, 51.1269 ], [ -0.0132, 51.1279 ], [ -0.0152, 51.129 ], [ -0.0194, 51.1316 ], [ -0.0231, 51.1336 ], [ -0.028, 51.1349 ], [ -0.0311, 51.1361 ], [ -0.0331, 51.1369 ], [ -0.0387, 51.1395 ], [ -0.0413, 51.1437 ], [ -0.0422, 51.1457 ], [ -0.043, 51.1491 ], [ -0.0481, 51.1515 ], [ -0.0496, 51.1534 ], [ -0.0504, 51.1558 ], [ -0.0506, 51.16 ], [ -0.0503, 51.1644 ], [ -0.0497, 51.1707 ], [ -0.0488, 51.1761 ], [ -0.0468, 51.1788 ], [ -0.0469, 51.1839 ], [ -0.0473, 51.1867 ], [ -0.0496, 51.1905 ], [ -0.0514, 51.1943 ], [ -0.0526, 51.196 ], [ -0.0543, 51.1982 ], [ -0.0545, 51.1994 ], [ -0.0548, 51.2014 ], [ -0.0574, 51.2047 ], [ -0.0542, 51.21 ], [ -0.0494, 51.2186 ], [ -0.0473, 51.2231 ], [ -0.0475, 51.2273 ], [ -0.0485, 51.2303 ], [ -0.0486, 51.233 ], [ -0.0506, 51.2367 ], [ -0.0538, 51.2403 ], [ -0.0563, 51.2407 ], [ -0.0582, 51.2413 ], [ -0.0591, 51.2415 ], [ -0.0622, 51.243 ], [ -0.0657, 51.2455 ], [ -0.067, 51.248 ], [ -0.0668, 51.2524 ], [ -0.0649, 51.2606 ], [ -0.0662, 51.2664 ], [ -0.0669, 51.2694 ], [ -0.0675, 51.2734 ], [ -0.0691, 51.2746 ], [ -0.0733, 51.277 ], [ -0.0736, 51.2772 ], [ -0.0753, 51.2791 ], [ -0.0762, 51.2815 ], [ -0.0785, 51.2839 ], [ -0.0788, 51.2864 ], [ -0.0766, 51.2894 ], [ -0.0765, 51.2896 ], [ -0.0735, 51.2923 ], [ -0.0712, 51.2957 ], [ -0.0712, 51.2981 ], [ -0.0747, 51.3021 ], [ -0.0783, 51.3061 ], [ -0.08, 51.3088 ], [ -0.0803, 51.311 ], [ -0.0831, 51.3147 ], [ -0.0839, 51.3168 ], [ -0.0903, 51.321 ], [ -0.0988, 51.325 ], [ -0.1029, 51.3271 ], [ -0.1049, 51.3314 ], [ -0.1052, 51.3365 ], [ -0.106, 51.3417 ], [ -0.1042, 51.3459 ], [ -0.1003, 51.3503 ], [ -0.098, 51.3536 ], [ -0.0978, 51.3559 ], [ -0.0977, 51.3585 ], [ -0.0986, 51.3636 ], [ -0.0988, 51.368 ], [ -0.1004, 51.3729 ], [ -0.1002, 51.3743 ], [ -0.1025, 51.378 ], [ -0.1042, 51.3796 ], [ -0.1099, 51.3852 ], [ -0.1113, 51.3871 ], [ -0.1125, 51.3903 ], [ -0.1136, 51.3921 ], [ -0.1143, 51.3935 ], [ -0.1148, 51.3949 ], [ -0.1184, 51.4008 ], [ -0.1217, 51.408 ], [ -0.1245, 51.4136 ], [ -0.1244, 51.4146 ], [ -0.125, 51.4155 ], [ -0.1281, 51.4189 ], [ -0.1283, 51.4199 ], [ -0.1303, 51.4234 ], [ -0.1314, 51.4272 ], [ -0.1316, 51.4295 ], [ -0.1231, 51.4498 ] ] } },
{ "type": "Feature", "properties": { "linetype": 2 }, "geometry": { "type": "LineString", "coordinates": [ [ -0.9345, 51.0038 ], [ -0.934, 51.0061 ], [ -0.9339, 51.0075 ], [ -0.9322, 51.0078 ], [ -0.9304, 51.0089 ], [ -0.9266, 51.0109 ], [ -0.925, 51.0113 ], [ -0.9216, 51.0116 ], [ -0.9191, 51.0123 ], [ -0.9184, 51.0137 ], [ -0.9169, 51.015 ], [ -0.9153, 51.015 ], [ -0.9098, 51.0159 ], [ -0.9038, 51.018 ], [ -0.8992, 51.0208 ], [ -0.8955, 51.0243 ], [ -0.8915, 51.0255 ], [ -0.8833, 51.0275 ], [ -0.8772, 51.031 ], [ -0.8669, 51.0369 ], [ -0.8638, 51.0398 ], [ -0.8503, 51.0454 ], [ -0.8428, 51.0457 ], [ -0.8333, 51.0459 ], [ -0.8256, 51.0482 ], [ -0.823, 51.0516 ], [ -0.819, 51.0541 ], [ -0.8166, 51.0555 ], [ -0.8126, 51.0598 ], [ -0.8074, 51.0666 ], [ -0.8052, 51.0692 ], [ -0.803, 51.0711 ], [ -0.8028, 51.0758 ], [ -0.8027, 51.0772 ], [ -0.8007, 51.0787 ], [ -0.8013, 51.0796 ], [ -0.8012, 51.081 ], [ -0.7992, 51.0833 ], [ -0.7972, 51.0846 ], [ -0.7937, 51.0858 ], [ -0.7864, 51.0873 ], [ -0.7777, 51.0897 ], [ -0.7627, 51.0941 ], [ -0.7558, 51.0984 ], [ -0.7485, 51.1033 ], [ -0.7383, 51.1105 ], [ -0.7336, 51.1138 ], [ -0.7283, 51.1142 ], [ -0.7221, 51.1145 ], [ -0.7177, 51.1152 ], [ -0.7177, 51.1161 ], [ -0.7197, 51.117 ], [ -0.7207, 51.1188 ], [ -0.7211, 51.1219 ], [ -0.7195, 51.1248 ], [ -0.7175, 51.1274 ], [ -0.717, 51.1316 ], [ -0.7149, 51.1337 ], [ -0.7065, 51.1405 ], [ -0.7058, 51.144 ], [ -0.704, 51.1485 ], [ -0.703, 51.1499 ], [ -0.6983, 51.1507 ], [ -0.6933, 51.1521 ], [ -0.6849, 51.156 ], [ -0.6725, 51.1616 ], [ -0.6613, 51.1667 ], [ -0.653, 51.1701 ], [ -0.6509, 51.1729 ], [ -0.6489, 51.1731 ], [ -0.6457, 51.1726 ], [ -0.6426, 51.1716 ], [ -0.6354, 51.1734 ], [ -0.6307, 51.1747 ], [ -0.6282, 51.1761 ], [ -0.6272, 51.1781 ], [ -0.6268, 51.1803 ], [ -0.6263, 51.1811 ], [ -0.6248, 51.182 ], [ -0.6222, 51.1838 ], [ -0.6207, 51.185 ], [ -0.6193, 51.1863 ], [ -0.6184, 51.1858 ], [ -0.6169, 51.1853 ], [ -0.6155, 51.1854 ], [ -0.6109, 51.1858 ], [ -0.6088, 51.1869 ], [ -0.6084, 51.1878 ], [ -0.6078, 51.1892 ], [ -0.6061, 51.1902 ], [ -0.599, 51.1933 ], [ -0.595, 51.1952 ], [ -0.5912, 51.1975 ], [ -0.5898, 51.1989 ], [ -0.5884, 51.2019 ], [ -0.5875, 51.2042 ], [ -0.5849, 51.2075 ], [ -0.5828, 51.2105 ], [ -0.5827, 51.2123 ], [ -0.582, 51.215 ], [ -0.5814, 51.2172 ], [ -0.5808, 51.2193 ], [ -0.5798, 51.2208 ], [ -0.5791, 51.2231 ], [ -0.5801, 51.2248 ], [ -0.5799, 51.2265 ], [ -0.5782, 51.2283 ], [ -0.578, 51.2298 ], [ -0.5791, 51.2315 ], [ -0.5791, 51.2336 ], [ -0.5782, 51.2347 ], [ -0.5767, 51.2349 ], [ -0.5732, 51.2356 ], [ -0.5706, 51.2365 ], [ -0.5667, 51.2378 ], [ -0.5647, 51.2396 ], [ -0.5643, 51.241 ], [ -0.5624, 51.2425 ], [ -0.5605, 51.2443 ], [ -0.5567, 51.2463 ], [ -0.5546, 51.2477 ], [ -0.5532, 51.2501 ], [ -0.5515, 51.2529 ], [ -0.5512, 51.2535 ], [ -0.548, 51.256 ], [ -0.5451, 51.2589 ], [ -0.5401, 51.2641 ], [ -0.5388, 51.2652 ], [ -0.5346, 51.2673 ], [ -0.5332, 51.2676 ], [ -0.5326, 51.2676 ], [ -0.5306, 51.2681 ], [ -0.5289, 51.2698 ], [ -0.5279, 51.2715 ], [ -0.5246, 51.2743 ], [ -0.5243, 51.2746 ], [ -0.5217, 51.2774 ], [ -0.5194, 51.2795 ], [ -0.5163, 51.281 ], [ -0.5145, 51.2819 ], [ -0.5095, 51.2842 ], [ -0.5024, 51.2894 ], [ -0.5024, 51.2904 ], [ -0.5025, 51.292 ], [ -0.5027, 51.2934 ], [ -0.5013, 51.2954 ], [ -0.4986, 51.2969 ], [ -0.4953, 51.2985 ], [ -0.4931, 51.2999 ], [ -0.4902, 51.3012 ], [ -0.489, 51.3014 ], [ -0.4854, 51.3019 ], [ -0.4832, 51.3025 ], [ -0.4778, 51.3057 ], [ -0.476, 51.3077 ], [ -0.4672, 51.3114 ], [ -0.461, 51.3147 ], [ -0.4551, 51.3168 ], [ -0.4534, 51.3189 ], [ -0.4531, 51.3192 ], [ -0.4493, 51.3238 ], [ -0.4438, 51.3285 ], [ -0.4295, 51.3345 ], [ -0.424, 51.3334 ], [ -0.4175, 51.3321 ], [ -0.4146, 51.3333 ], [ -0.4116, 51.3344 ], [ -0.4072, 51.3359 ], [ -0.405, 51.3376 ], [ -0.4003, 51.3399 ], [ -0.3918, 51.3441 ], [ -0.3894, 51.3455 ], [ -0.3855, 51.3499 ], [ -0.384, 51.3533 ], [ -0.3812, 51.3569 ], [ -0.377, 51.3602 ], [ -0.372, 51.3627 ], [ -0.3691, 51.3665 ], [ -0.3667, 51.3687 ], [ -0.3634, 51.3706 ], [ -0.358, 51.3745 ], [ -0.3528, 51.3774 ], [ -0.3451, 51.3796 ], [ -0.342, 51.3806 ], [ -0.3392, 51.3815 ], [ -0.3334, 51.3839 ], [ -0.3296, 51.3869 ], [ -0.3256, 51.3893 ], [ -0.3143, 51.3938 ], [ -0.3102, 51.3974 ], [ -0.308, 51.4011 ], [ -0.3079, 51.4075 ], [ -0.3069, 51.4087 ], [ -0.3062, 51.4096 ], [ -0.3059, 51.4111 ], [ -0.3031, 51.4109 ], [ -0.3027, 51.4108 ], [ -0.2973, 51.4108 ], [ -0.2925, 51.4108 ], [ -0.2905, 51.4117 ], [ -0.2879, 51.4138 ], [ -0.2829, 51.4165 ], [ -0.2786, 51.4192 ], [ -0.277, 51.4214 ], [ -0.2757, 51.4234 ], [ -0.273, 51.4274 ], [ -0.2643, 51.4317 ], [ -0.258, 51.435 ], [ -0.2483, 51.4392 ], [ -0.2388, 51.4432 ], [ -0.2316, 51.445 ], [ -0.2263, 51.447 ], [ -0.2175, 51.451 ], [ -0.204, 51.4561 ], [ -0.1972, 51.4572 ], [ -0.1937, 51.457 ], [ -0.1902, 51.4568 ], [ -0.1899, 51.4569 ], [ -0.1852, 51.4576 ], [ -0.1765, 51.4605 ], [ -0.1737, 51.4617 ], [ -0.1676, 51.4639 ], [ -0.1581, 51.4652 ], [ -0.1458, 51.4671 ], [ -0.1406, 51.4694 ], [ -0.1356, 51.4717 ], [ -0.1316, 51.4746 ], [ -0.1291, 51.4778 ], [ -0.127, 51.4824 ], [ -0.1266, 51.4836 ], [ -0.1243, 51.4858 ], [ -0.1221, 51.4863 ], [ -0.1159, 51.487 ], [ -0.1157, 51.487 ], [ -0.1118, 51.4877 ], [ -0.1109, 51.489 ] ] } },
{ "type": "Feature", "properties": { "linetype": 2 }, "geometry": { "type": "LineString", "coordinates": [ [ -0.0093, 51.4626 ], [ -0.0133, 51.4571 ], [ -0.0152, 51.4551 ], [ -0.0154, 51.4547 ], [ -0.0158, 51.4535 ], [ -0.0161, 51.4519 ], [ -0.0165, 51.4493 ], [ -0.0189, 51.4456 ], [ -0.0199, 51.4407 ], [ -0.0189, 51.4388 ], [ -0.0172, 51.4355 ], [ -0.0169, 51.4328 ], [ -0.0143, 51.4295 ], [ -0.0122, 51.428 ], [ -0.0086, 51.4266 ], [ -0.0054, 51.4256 ], [ -0.0047, 51.4223 ], [ -0.0013, 51.4213 ], [ 0.0022, 51.4182 ], [ 0.0065, 51.4154 ], [ 0.0092, 51.4117 ], [ 0.0118, 51.4069 ], [ 0.0152, 51.4056 ], [ 0.015, 51.4034 ], [ 0.0163, 51.4014 ], [ 0.0175, 51.3991 ], [ 0.0221, 51.3978 ], [ 0.0268, 51.3952 ], [ 0.0299, 51.3934 ], [ 0.0324, 51.392 ], [ 0.0363, 51.3889 ], [ 0.0377, 51.387 ], [ 0.0398, 51.3839 ], [ 0.043, 51.3792 ], [ 0.0445, 51.3761 ], [ 0.0462, 51.3719 ], [ 0.0498, 51.3695 ], [ 0.0534, 51.3664 ], [ 0.059, 51.3622 ], [ 0.0644, 51.3604 ], [ 0.067, 51.359 ], [ 0.0712, 51.3593 ], [ 0.0744, 51.3596 ], [ 0.0804, 51.3587 ], [ 0.0854, 51.3577 ], [ 0.0895, 51.3557 ], [ 0.0897, 51.3549 ], [ 0.0899, 51.3538 ], [ 0.0895, 51.3506 ], [ 0.091, 51.3477 ], [ 0.0946, 51.3457 ], [ 0.1004, 51.3448 ], [ 0.1045, 51.3446 ], [ 0.1099, 51.3449 ], [ 0.1148, 51.3445 ], [ 0.1194, 51.3441 ], [ 0.1239, 51.345 ], [ 0.1296, 51.3453 ], [ 0.137, 51.3438 ], [ 0.1416, 51.3411 ], [ 0.1435, 51.3381 ], [ 0.1447, 51.3358 ], [ 0.1486, 51.3318 ], [ 0.1519, 51.328 ], [ 0.1575, 51.3216 ], [ 0.1576, 51.3177 ], [ 0.1556, 51.315 ], [ 0.1558, 51.3124 ], [ 0.1589, 51.3098 ], [ 0.1594, 51.3041 ], [ 0.1612, 51.2996 ], [ 0.1646, 51.2968 ], [ 0.1674, 51.2926 ], [ 0.1682, 51.2899 ], [ 0.168, 51.2869 ], [ 0.1697, 51.2846 ], [ 0.1708, 51.2829 ], [ 0.1725, 51.2799 ], [ 0.1753, 51.2792 ], [ 0.1804, 51.2776 ], [ 0.1853, 51.2758 ], [ 0.1862, 51.2753 ], [ 0.189, 51.2737 ], [ 0.1906, 51.2716 ], [ 0.1917, 51.2704 ], [ 0.1936, 51.2685 ], [ 0.1935, 51.2657 ], [ 0.1957, 51.2603 ], [ 0.1982, 51.2576 ], [ 0.1988, 51.2552 ], [ 0.1987, 51.2531 ], [ 0.2045, 51.2483 ], [ 0.2061, 51.2481 ], [ 0.2066, 51.2474 ], [ 0.2059, 51.2464 ], [ 0.21, 51.2405 ], [ 0.2126, 51.2374 ], [ 0.2164, 51.2352 ], [ 0.2191, 51.2325 ], [ 0.2216, 51.2292 ], [ 0.2229, 51.2271 ], [ 0.2273, 51.2246 ], [ 0.2321, 51.2208 ], [ 0.2368, 51.2177 ], [ 0.2463, 51.2148 ], [ 0.2551, 51.2111 ], [ 0.2626, 51.2059 ], [ 0.2659, 51.2053 ], [ 0.2662, 51.2052 ], [ 0.2699, 51.2032 ], [ 0.2734, 51.2031 ], [ 0.2764, 51.2019 ], [ 0.2771, 51.2012 ], [ 0.2758, 51.1982 ], [ 0.2754, 51.1969 ], [ 0.2753, 51.1966 ], [ 0.275, 51.1955 ], [ 0.2722, 51.1926 ], [ 0.2698, 51.19 ], [ 0.2793, 51.1847 ], [ 0.2862, 51.1805 ], [ 0.2951, 51.1759 ], [ 0.2995, 51.1745 ], [ 0.3055, 51.1671 ], [ 0.3069, 51.1648 ], [ 0.3054, 51.1592 ], [ 0.3042, 51.1572 ], [ 0.3035, 51.1551 ], [ 0.3045, 51.151 ], [ 0.3054, 51.1481 ], [ 0.3124, 51.1451 ], [ 0.3173, 51.1435 ], [ 0.3226, 51.1428 ], [ 0.3334, 51.1402 ], [ 0.3375, 51.1384 ], [ 0.3415, 51.1371 ], [ 0.3465, 51.137 ], [ 0.3497, 51.136 ], [ 0.3546, 51.1335 ], [ 0.3576, 51.1304 ], [ 0.358, 51.1293 ], [ 0.3583, 51.128 ], [ 0.3601, 51.1245 ], [ 0.3621, 51.1226 ], [ 0.3664, 51.1224 ], [ 0.367, 51.1224 ], [ 0.3702, 51.1225 ], [ 0.3734, 51.1194 ], [ 0.3759, 51.1181 ], [ 0.3799, 51.1176 ], [ 0.3833, 51.1172 ], [ 0.3866, 51.1148 ], [ 0.3925, 51.1126 ], [ 0.3948, 51.1115 ], [ 0.3947, 51.1095 ], [ 0.3958, 51.1077 ], [ 0.3955, 51.1055 ], [ 0.3942, 51.1033 ], [ 0.3927, 51.101 ], [ 0.392, 51.1 ], [ 0.3935, 51.0971 ], [ 0.3936, 51.0925 ], [ 0.3971, 51.09 ], [ 0.3997, 51.0884 ], [ 0.4018, 51.0872 ], [ 0.4066, 51.0865 ], [ 0.4122, 51.085 ], [ 0.4165, 51.0813 ], [ 0.4187, 51.077 ], [ 0.4204, 51.0746 ], [ 0.4229, 51.0729 ], [ 0.4255, 51.0722 ], [ 0.4291, 51.0711 ], [ 0.4343, 51.0679 ], [ 0.4379, 51.0658 ], [ 0.4411, 51.0625 ], [ 0.444, 51.0615 ], [ 0.4462, 51.0598 ], [ 0.4473, 51.0574 ], [ 0.4462, 51.0547 ], [ 0.4579, 51.0518 ], [ 0.4647, 51.0511 ], [ 0.4752, 51.0496 ], [ 0.4892, 51.0488 ], [ 0.5007, 51.0491 ], [ 0.5044, 51.0492 ], [ 0.5093, 51.0474 ], [ 0.513, 51.047 ], [ 0.5175, 51.0455 ], [ 0.5221, 51.045 ], [ 0.5258, 51.0449 ], [ 0.5294, 51.0437 ], [ 0.5327, 51.0401 ], [ 0.5406, 51.0392 ], [ 0.5442, 51.0384 ], [ 0.5491, 51.0339 ], [ 0.5516, 51.0318 ], [ 0.5559, 51.0301 ], [ 0.5572, 51.0289 ], [ 0.5643, 51.0267 ], [ 0.5699, 51.0252 ], [ 0.5812, 51.0229 ], [ 0.5935, 51.0211 ], [ 0.598, 51.0207 ], [ 0.6062, 51.02 ], [ 0.6088, 51.0181 ], [ 0.6098, 51.017 ], [ 0.6117, 51.0164 ], [ 0.6123, 51.0163 ], [ 0.6126, 51.016 ], [ 0.6139, 51.0148 ], [ 0.6149, 51.0135 ], [ 0.6157, 51.0119 ], [ 0.6159, 51.01 ], [ 0.6137, 51.008 ], [ 0.6133, 51.0063 ], [ 0.6091, 51.0028 ], [ 0.6048, 51.0 ], [ 0.6008, 50.9973 ], [ 0.6006, 50.9948 ], [ 0.6014, 50.9926 ], [ 0.6043, 50.9917 ], [ 0.6069, 50.9883 ], [ 0.6092, 50.9855 ], [ 0.6106, 50.984 ], [ 0.6156, 50.9828 ], [ 0.6202, 50.9815 ], [ 0.6254, 50.9829 ], [ 0.6301, 50.9831 ], [ 0.6398, 50.9859 ], [ 0.6433, 50.986 ], [ 0.6489, 50.9864 ], [ 0.6516, 50.9871 ], [ 0.6525, 50.9856 ], [ 0.6521, 50.9829 ], [ 0.6571, 50.9826 ], [ 0.6601, 50.9813 ], [ 0.6652, 50.9802 ], [ 0.6711, 50.9794 ], [ 0.6768, 50.978 ], [ 0.6819, 50.9762 ], [ 0.6874, 50.9743 ], [ 0.69, 50.9721 ], [ 0.6932, 50.9706 ], [ 0.6976, 50.9693 ], [ 0.699, 50.9696 ], [ 0.7024, 50.9706 ], [ 0.7067, 50.9713 ], [ 0.7092, 50.9724 ], [ 0.7132, 50.9721 ], [ 0.7188, 50.9719 ], [ 0.7226, 50.9708 ], [ 0.7262, 50.9704 ], [ 0.7294, 50.9686 ], [ 0.7308, 50.967 ], [ 0.7315, 50.964 ], [ 0.7314, 50.9619 ], [ 0.7342, 50.959 ], [ 0.7356, 50.9541 ], [ 0.7357, 50.9521 ], [ 0.7344, 50.9505 ] ] } },
{ "type": "Feature", "properties": { "linetype": 1 }, "geometry": { "type": "LineString", "coordinates": [ [ -0.0093, 51.4626 ], [ -0.0072, 51.4629 ], [ -0.0036, 51.4627 ], [ -0.0013, 51.4625 ], [ 0.001, 51.4629 ], [ 0.0016, 51.463 ], [ 0.0036, 51.4632 ], [ 0.004, 51.4625 ], [ 0.0049, 51.4607 ], [ 0.0062, 51.4586 ], [ 0.0085, 51.4576 ], [ 0.0098, 51.4565 ], [ 0.0115, 51.4563 ], [ 0.0134, 51.4554 ], [ 0.0219, 51.4539 ], [ 0.0316, 51.4525 ], [ 0.0364, 51.4528 ], [ 0.0401, 51.4527 ], [ 0.0449, 51.4517 ], [ 0.0497, 51.4512 ], [ 0.0521, 51.4508 ], [ 0.0556, 51.4506 ], [ 0.0566, 51.4506 ], [ 0.0607, 51.4507 ], [ 0.0641, 51.4505 ], [ 0.0648, 51.4494 ], [ 0.0644, 51.448 ], [ 0.0637, 51.4477 ], [ 0.0632, 51.4459 ], [ 0.064, 51.4438 ], [ 0.0659, 51.4421 ], [ 0.0692, 51.4414 ], [ 0.0731, 51.4367 ], [ 0.0806, 51.4308 ], [ 0.0863, 51.4298 ], [ 0.0891, 51.4285 ], [ 0.0917, 51.428 ], [ 0.0953, 51.4266 ], [ 0.1012, 51.4263 ], [ 0.1039, 51.4257 ], [ 0.1074, 51.4237 ], [ 0.1122, 51.4207 ], [ 0.1179, 51.4186 ], [ 0.1235, 51.4161 ], [ 0.127, 51.4152 ], [ 0.133, 51.4143 ], [ 0.1373, 51.4123 ], [ 0.138, 51.411 ], [ 0.1436, 51.4099 ], [ 0.1585, 51.4049 ], [ 0.1604, 51.4044 ], [ 0.1775, 51.3951 ], [ 0.1826, 51.3935 ], [ 0.1877, 51.3911 ], [ 0.1916, 51.3887 ], [ 0.2114, 51.3841 ], [ 0.2176, 51.3822 ], [ 0.2203, 51.3813 ], [ 0.2234, 51.3793 ], [ 0.2267, 51.3778 ], [ 0.2324, 51.3767 ], [ 0.2376, 51.3724 ], [ 0.2441, 51.368 ], [ 0.2482, 51.365 ], [ 0.2497, 51.3623 ], [ 0.252, 51.3604 ], [ 0.2525, 51.352 ], [ 0.2527, 51.3507 ], [ 0.2571, 51.3457 ], [ 0.2644, 51.3411 ], [ 0.2701, 51.3392 ] ] } },
{ "type": "Feature", "properties": { "linetype": 1 }, "geometry": { "type": "LineString", "coordinates": [ [ 0.2701, 51.3392 ], [ 0.2849, 51.3289 ], [ 0.289, 51.3234 ], [ 0.2929, 51.3204 ], [ 0.2961, 51.3166 ], [ 0.299, 51.3154 ], [ 0.3036, 51.3142 ], [ 0.3045, 51.314 ], [ 0.3078, 51.3126 ], [ 0.3107, 51.3098 ], [ 0.3109, 51.3085 ], [ 0.3132, 51.3078 ], [ 0.3164, 51.3073 ], [ 0.3198, 51.3078 ], [ 0.3249, 51.3072 ], [ 0.3278, 51.3068 ], [ 0.3309, 51.3052 ], [ 0.335, 51.3019 ], [ 0.3382, 51.2997 ], [ 0.3408, 51.2981 ], [ 0.3453, 51.2985 ], [ 0.3511, 51.2977 ], [ 0.3569, 51.2943 ], [ 0.3606, 51.293 ], [ 0.3686, 51.2931 ], [ 0.3731, 51.2916 ], [ 0.3758, 51.2905 ], [ 0.3801, 51.2903 ], [ 0.3853, 51.2892 ], [ 0.3897, 51.2893 ], [ 0.3956, 51.2872 ], [ 0.398, 51.2847 ], [ 0.3999, 51.2832 ], [ 0.4014, 51.2797 ], [ 0.4107, 51.2756 ], [ 0.4178, 51.2715 ], [ 0.4291, 51.2669 ], [ 0.4528, 51.2661 ], [ 0.4712, 51.2685 ], [ 0.4818, 51.2678 ], [ 0.4876, 51.268 ], [ 0.4995, 51.2685 ], [ 0.5064, 51.2703 ], [ 0.51, 51.2704 ], [ 0.5122, 51.2707 ], [ 0.5155, 51.2715 ], [ 0.5184, 51.272 ], [ 0.5228, 51.2737 ], [ 0.5289, 51.2737 ], [ 0.5383, 51.2844 ], [ 0.5424, 51.2856 ] ] } },
{ "type": "Feature", "properties": { "linetype": 1 }, "geometry": { "type": "LineString", "coordinates": [ [ 0.5424, 51.2856 ], [ 0.5486, 51.284 ], [ 0.5526, 51.2829 ], [ 0.5568, 51.2821 ], [ 0.5632, 51.2794 ], [ 0.5657, 51.2776 ], [ 0.5719, 51.276 ], [ 0.578, 51.2752 ], [ 0.583, 51.2732 ], [ 0.5875, 51.2713 ], [ 0.5903, 51.2691 ], [ 0.5908, 51.2674 ], [ 0.5973, 51.2654 ], [ 0.6022, 51.2646 ], [ 0.6054, 51.2642 ], [ 0.6109, 51.2612 ], [ 0.6203, 51.2589 ], [ 0.6298, 51.2554 ], [ 0.6335, 51.2532 ], [ 0.6364, 51.2507 ], [ 0.6371, 51.25 ], [ 0.6377, 51.2488 ], [ 0.6402, 51.2485 ], [ 0.6414, 51.2489 ], [ 0.642, 51.2487 ], [ 0.6428, 51.2491 ], [ 0.6452, 51.2479 ], [ 0.6458, 51.2474 ], [ 0.6469, 51.2466 ], [ 0.649, 51.2463 ], [ 0.6512, 51.246 ], [ 0.6587, 51.245 ], [ 0.6635, 51.2432 ], [ 0.671, 51.2435 ], [ 0.674, 51.2433 ], [ 0.6762, 51.2422 ], [ 0.68, 51.2398 ], [ 0.68, 51.2388 ], [ 0.6814, 51.2379 ], [ 0.6819, 51.2368 ], [ 0.6832, 51.2363 ], [ 0.6869, 51.2359 ], [ 0.6896, 51.2337 ], [ 0.6917, 51.2313 ], [ 0.6925, 51.2304 ], [ 0.6949, 51.2292 ], [ 0.7052, 51.2265 ], [ 0.7092, 51.2253 ], [ 0.7158, 51.2235 ], [ 0.7213, 51.2208 ], [ 0.7237, 51.2192 ], [ 0.7283, 51.2167 ], [ 0.7341, 51.2148 ], [ 0.7398, 51.2145 ], [ 0.744, 51.2147 ], [ 0.7472, 51.2145 ], [ 0.7513, 51.2119 ], [ 0.7584, 51.209 ], [ 0.7614, 51.2096 ], [ 0.7667, 51.2088 ], [ 0.7687, 51.2069 ], [ 0.7778, 51.2044 ], [ 0.7815, 51.2046 ], [ 0.7851, 51.2039 ], [ 0.7823, 51.1951 ], [ 0.7873, 51.1931 ], [ 0.7923, 51.1919 ], [ 0.7929, 51.1925 ], [ 0.7945, 51.1923 ], [ 0.7968, 51.1928 ], [ 0.8, 51.1924 ], [ 0.8058, 51.1947 ], [ 0.8099, 51.1929 ], [ 0.8155, 51.185 ], [ 0.8191, 51.1835 ], [ 0.8191, 51.1777 ], [ 0.8184, 51.1742 ], [ 0.8182, 51.1734 ], [ 0.8166, 51.1719 ], [ 0.8176, 51.17 ], [ 0.8227, 51.1687 ], [ 0.8254, 51.1665 ], [ 0.828, 51.1637 ], [ 0.8319, 51.1636 ], [ 0.834, 51.1641 ], [ 0.8365, 51.1635 ], [ 0.8386, 51.1637 ], [ 0.8412, 51.1626 ], [ 0.8424, 51.1631 ], [ 0.8448, 51.164 ], [ 0.8461, 51.1648 ], [ 0.8479, 51.1671 ], [ 0.8524, 51.1643 ], [ 0.8552, 51.162 ], [ 0.8594, 51.1579 ], [ 0.8633, 51.1539 ], [ 0.8672, 51.1516 ], [ 0.8668, 51.1513 ], [ 0.8688, 51.1501 ], [ 0.8711, 51.1494 ], [ 0.8735, 51.1491 ], [ 0.8765, 51.1488 ], [ 0.88, 51.1487 ], [ 0.8806, 51.1492 ], [ 0.8821, 51.1489 ], [ 0.8833, 51.1479 ], [ 0.8858, 51.1463 ], [ 0.8886, 51.1459 ], [ 0.8923, 51.1451 ], [ 0.899, 51.1424 ], [ 0.9062, 51.1403 ], [ 0.9102, 51.1401 ], [ 0.9144, 51.1396 ], [ 0.9163, 51.1384 ], [ 0.9157, 51.1373 ], [ 0.916, 51.1363 ], [ 0.9237, 51.1328 ], [ 0.9269, 51.1313 ], [ 0.9318, 51.1281 ], [ 0.9366, 51.1251 ], [ 0.9426, 51.1222 ], [ 0.9581, 51.1169 ], [ 0.9733, 51.1119 ], [ 0.9807, 51.1092 ], [ 0.9859, 51.1075 ], [ 0.9882, 51.1077 ], [ 0.9911, 51.1072 ], [ 0.9973, 51.1058 ], [ 1.0028, 51.1045 ], [ 1.0066, 51.1022 ], [ 1.0079, 51.0999 ], [ 1.0083, 51.0992 ], [ 1.0099, 51.0952 ], [ 1.0109, 51.092 ], [ 1.0131, 51.091 ], [ 1.0185, 51.0901 ], [ 1.0236, 51.09 ], [ 1.0278, 51.0885 ], [ 1.0324, 51.0856 ], [ 1.0365, 51.0855 ], [ 1.0403, 51.0831 ], [ 1.047, 51.0809 ], [ 1.0512, 51.0808 ], [ 1.0531, 51.0797 ], [ 1.054, 51.0767 ], [ 1.0624, 51.0766 ], [ 1.0724, 51.073 ], [ 1.0727, 51.0724 ], [ 1.0801, 51.0713 ], [ 1.0846, 51.0715 ] ] } },
{ "type": "Feature", "properties": { "linetype": 1 }, "geometry": { "type": "LineString", "coordinates": [ [ 0.2701, 51.3392 ], [ 0.273, 51.3391 ], [ 0.2789, 51.3358 ], [ 0.2806, 51.3353 ], [ 0.2863, 51.3356 ], [ 0.2882, 51.3361 ], [ 0.295, 51.3354 ], [ 0.2989, 51.3358 ], [ 0.3005, 51.3357 ], [ 0.3013, 51.3352 ], [ 0.3034, 51.3355 ], [ 0.305, 51.3358 ], [ 0.3066, 51.3361 ], [ 0.3077, 51.3367 ], [ 0.3095, 51.3364 ], [ 0.3118, 51.3348 ], [ 0.3134, 51.3342 ], [ 0.3152, 51.3343 ], [ 0.3169, 51.3346 ], [ 0.3196, 51.3342 ], [ 0.3217, 51.3337 ], [ 0.322, 51.3328 ], [ 0.3218, 51.3319 ], [ 0.323, 51.3311 ], [ 0.3242, 51.3302 ], [ 0.327, 51.3292 ], [ 0.3285, 51.3277 ], [ 0.3302, 51.327 ], [ 0.3334, 51.3259 ], [ 0.3384, 51.3247 ], [ 0.3421, 51.3242 ], [ 0.3477, 51.3238 ], [ 0.3482, 51.3217 ], [ 0.3496, 51.3195 ], [ 0.3521, 51.3171 ], [ 0.3536, 51.3153 ], [ 0.3553, 51.3143 ], [ 0.3581, 51.3143 ], [ 0.3605, 51.3131 ], [ 0.3632, 51.3123 ], [ 0.3658, 51.3112 ], [ 0.3675, 51.3105 ], [ 0.3713, 51.3106 ], [ 0.373, 51.3095 ], [ 0.3735, 51.3071 ], [ 0.3758, 51.3054 ], [ 0.3797, 51.3048 ], [ 0.3815, 51.3041 ], [ 0.3812, 51.3024 ], [ 0.3863, 51.3026 ], [ 0.3901, 51.302 ], [ 0.3953, 51.3022 ], [ 0.4014, 51.3011 ], [ 0.4065, 51.2999 ], [ 0.4113, 51.2986 ], [ 0.4167, 51.2988 ], [ 0.4231, 51.2979 ], [ 0.4317, 51.2979 ], [ 0.4416, 51.2988 ], [ 0.4512, 51.3 ], [ 0.4525, 51.2998 ], [ 0.4537, 51.2997 ], [ 0.4578, 51.2986 ], [ 0.463, 51.2975 ], [ 0.4706, 51.2949 ], [ 0.4721, 51.294 ], [ 0.4725, 51.2956 ], [ 0.4762, 51.3009 ], [ 0.4795, 51.3032 ], [ 0.4803, 51.3038 ], [ 0.483, 51.3035 ], [ 0.4852, 51.3029 ], [ 0.4854, 51.3027 ], [ 0.4862, 51.3019 ], [ 0.4887, 51.301 ], [ 0.49, 51.3011 ], [ 0.491, 51.3012 ], [ 0.4932, 51.3016 ], [ 0.4986, 51.3009 ], [ 0.501, 51.3003 ], [ 0.5042, 51.3002 ], [ 0.507, 51.299 ], [ 0.5092, 51.2977 ], [ 0.5103, 51.2969 ], [ 0.5137, 51.296 ], [ 0.516, 51.2947 ], [ 0.5189, 51.2941 ], [ 0.5242, 51.2922 ], [ 0.5263, 51.2902 ], [ 0.5322, 51.2892 ], [ 0.5361, 51.2892 ], [ 0.5401, 51.2865 ], [ 0.5424, 51.2856 ] ] } },
{ "type": "Feature", "properties": { "linetype": 1 }, "geometry": { "type": "LineString", "coordinates": [ [ -1.4864, 51.2065 ], [ -1.4977, 51.2075 ], [ -1.5141, 51.2105 ], [ -1.522, 51.2081 ], [ -1.5335, 51.2046 ], [ -1.5416, 51.2021 ], [ -1.5464, 51.1998 ], [ -1.553, 51.1978 ], [ -1.5684, 51.1928 ], [ -1.6063, 51.1812 ], [ -1.6106, 51.1789 ], [ -1.6144, 51.1778 ], [ -1.6187, 51.1772 ], [ -1.6289, 51.1722 ], [ -1.634, 51.1733 ], [ -1.649, 51.1791 ], [ -1.6561, 51.1779 ], [ -1.6785, 51.1785 ], [ -1.6792, 51.1792 ], [ -1.6815, 51.1786 ], [ -1.6901, 51.1798 ], [ -1.6971, 51.18 ], [ -1.7116, 51.1818 ], [ -1.727, 51.181 ], [ -1.7325, 51.1807 ], [ -1.7366, 51.1805 ], [ -1.7457, 51.1794 ], [ -1.7614, 51.1778 ], [ -1.7717, 51.1764 ], [ -1.7768, 51.1758 ], [ -1.7797, 51.1737 ], [ -1.7817, 51.1722 ], [ -1.7821, 51.1721 ], [ -1.7853, 51.1707 ], [ -1.7869, 51.1702 ], [ -1.7904, 51.1719 ], [ -1.795, 51.1728 ], [ -1.7996, 51.1739 ], [ -1.8039, 51.1766 ], [ -1.8189, 51.1774 ], [ -1.8442, 51.1831 ], [ -1.8606, 51.1851 ], [ -1.8778, 51.1864 ], [ -1.8862, 51.1874 ], [ -1.8919, 51.1876 ], [ -1.8956, 51.1873 ], [ -1.8996, 51.1873 ], [ -1.9026, 51.1885 ], [ -1.9033, 51.1908 ], [ -1.9031, 51.1926 ], [ -1.9041, 51.1942 ], [ -1.9074, 51.1945 ], [ -1.9102, 51.1959 ], [ -1.9174, 51.2004 ], [ -1.9309, 51.2046 ], [ -1.9395, 51.2119 ], [ -1.9563, 51.2201 ], [ -2.0153, 51.2239 ], [ -2.0668, 51.2233 ], [ -2.0864, 51.2196 ], [ -2.1008, 51.2211 ], [ -2.1049, 51.2226 ], [ -2.109, 51.2184 ], [ -2.1106, 51.2157 ], [ -2.1127, 51.2123 ], [ -2.1165, 51.2097 ], [ -2.1202, 51.2074 ], [ -2.1298, 51.2012 ], [ -2.1335, 51.1985 ], [ -2.1407, 51.1947 ], [ -2.1448, 51.1949 ], [ -2.148, 51.1963 ], [ -2.1519, 51.1965 ], [ -2.1584, 51.1976 ], [ -2.1722, 51.2015 ], [ -2.1757, 51.2026 ], [ -2.1803, 51.2047 ], [ -2.1841, 51.2056 ], [ -2.1857, 51.2054 ], [ -2.1863, 51.2048 ], [ -2.1873, 51.201 ], [ -2.1878, 51.1992 ], [ -2.1894, 51.1982 ], [ -2.1894, 51.1959 ], [ -2.1906, 51.1912 ], [ -2.1905, 51.1888 ], [ -2.1914, 51.1856 ], [ -2.1933, 51.1838 ], [ -2.1944, 51.1831 ], [ -2.1956, 51.1824 ], [ -2.1959, 51.1807 ], [ -2.1962, 51.1786 ], [ -2.2011, 51.1787 ], [ -2.2067, 51.1784 ], [ -2.2093, 51.1771 ], [ -2.2135, 51.1768 ], [ -2.2165, 51.1775 ], [ -2.2196, 51.1767 ], [ -2.2221, 51.1746 ], [ -2.2254, 51.1719 ], [ -2.2283, 51.17 ], [ -2.2302, 51.1674 ], [ -2.237, 51.164 ], [ -2.2406, 51.1637 ], [ -2.2491, 51.1624 ], [ -2.2522, 51.161 ], [ -2.2568, 51.1582 ], [ -2.2589, 51.1569 ], [ -2.2621, 51.156 ], [ -2.2647, 51.1553 ], [ -2.2667, 51.1563 ], [ -2.2693, 51.1566 ], [ -2.2743, 51.1555 ], [ -2.2782, 51.1535 ], [ -2.2811, 51.1515 ], [ -2.286, 51.1499 ], [ -2.2883, 51.1498 ], [ -2.2944, 51.1516 ], [ -2.2977, 51.1529 ], [ -2.3022, 51.1526 ], [ -2.3063, 51.1513 ], [ -2.3053, 51.1474 ], [ -2.3038, 51.1465 ], [ -2.305, 51.1447 ], [ -2.3093, 51.1433 ], [ -2.3132, 51.142 ], [ -2.3203, 51.1395 ], [ -2.3223, 51.1367 ], [ -2.3252, 51.1315 ], [ -2.3252, 51.129 ], [ -2.3268, 51.1269 ], [ -2.3287, 51.1247 ], [ -2.3408, 51.12 ], [ -2.346, 51.12 ], [ -2.3572, 51.1167 ], [ -2.3671, 51.1144 ], [ -2.3717, 51.1138 ], [ -2.3752, 51.1138 ], [ -2.38, 51.1128 ], [ -2.3849, 51.1122 ], [ -2.392, 51.1102 ], [ -2.3965, 51.1085 ], [ -2.3975, 51.1069 ], [ -2.4052, 51.1047 ], [ -2.4141, 51.1028 ], [ -2.4198, 51.1008 ], [ -2.4257, 51.0992 ], [ -2.4284, 51.1 ], [ -2.4331, 51.1041 ], [ -2.434, 51.1054 ], [ -2.4401, 51.1065 ], [ -2.4467, 51.1076 ], [ -2.4485, 51.1085 ], [ -2.4494, 51.1098 ], [ -2.4505, 51.1114 ], [ -2.4524, 51.112 ], [ -2.4541, 51.1123 ], [ -2.4587, 51.1103 ], [ -2.4587, 51.1093 ], [ -2.4588, 51.1073 ], [ -2.4619, 51.1057 ], [ -2.4639, 51.1031 ], [ -2.4659, 51.1018 ], [ -2.4686, 51.1004 ], [ -2.4707, 51.1006 ], [ -2.4732, 51.1013 ], [ -2.4749, 51.1014 ], [ -2.4767, 51.1006 ], [ -2.4772, 51.0996 ], [ -2.4803, 51.0997 ], [ -2.4853, 51.1003 ], [ -2.494, 51.0981 ], [ -2.4998, 51.0952 ], [ -2.5118, 51.0932 ], [ -2.5131, 51.0952 ], [ -2.5141, 51.0957 ], [ -2.515, 51.0962 ], [ -2.5181, 51.097 ], [ -2.5216, 51.0968 ], [ -2.5258, 51.096 ], [ -2.5316, 51.0957 ], [ -2.5353, 51.0954 ], [ -2.5396, 51.0942 ], [ -2.5419, 51.0937 ], [ -2.5452, 51.0933 ], [ -2.5496, 51.0918 ], [ -2.553, 51.0906 ], [ -2.5591, 51.0897 ], [ -2.5643, 51.088 ], [ -2.5673, 51.0869 ], [ -2.575, 51.0852 ], [ -2.5758, 51.085 ], [ -2.5806, 51.0841 ], [ -2.5823, 51.0834 ], [ -2.5842, 51.0832 ], [ -2.5874, 51.0824 ], [ -2.5907, 51.0808 ], [ -2.5976, 51.0789 ], [ -2.6027, 51.0774 ], [ -2.61, 51.0751 ], [ -2.6191, 51.0755 ], [ -2.625, 51.0761 ], [ -2.6327, 51.0764 ], [ -2.64, 51.076 ], [ -2.6456, 51.076 ], [ -2.6522, 51.0766 ], [ -2.6582, 51.0761 ], [ -2.6646, 51.0747 ], [ -2.6697, 51.0737 ], [ -2.6827, 51.0692 ], [ -2.6848, 51.0737 ], [ -2.6893, 51.0798 ], [ -2.6944, 51.0826 ], [ -2.6989, 51.0848 ], [ -2.7032, 51.088 ], [ -2.7072, 51.0915 ], [ -2.7112, 51.0947 ], [ -2.7132, 51.0967 ], [ -2.7179, 51.0996 ], [ -2.7207, 51.1018 ], [ -2.7296, 51.1044 ], [ -2.7346, 51.1063 ], [ -2.7379, 51.1069 ], [ -2.7499, 51.1086 ], [ -2.7535, 51.1097 ], [ -2.7594, 51.1107 ], [ -2.765, 51.1127 ], [ -2.7689, 51.1141 ], [ -2.7715, 51.1143 ], [ -2.7799, 51.1161 ], [ -2.785, 51.1171 ], [ -2.794, 51.1194 ], [ -2.7959, 51.1211 ], [ -2.7991, 51.1234 ], [ -2.8014, 51.1249 ], [ -2.8047, 51.1269 ], [ -2.8072, 51.1275 ], [ -2.8101, 51.1289 ], [ -2.814, 51.1295 ], [ -2.8199, 51.1301 ], [ -2.8264, 51.1319 ], [ -2.8328, 51.132 ], [ -2.8414, 51.1315 ], [ -2.8493, 51.1328 ], [ -2.8535, 51.1346 ], [ -2.8646, 51.1376 ], [ -2.8728, 51.1403 ], [ -2.8754, 51.1412 ], [ -2.8856, 51.143 ], [ -2.8971, 51.1465 ], [ -2.9042, 51.1475 ], [ -2.9093, 51.1491 ], [ -2.9301, 51.1556 ], [ -2.9367, 51.156 ], [ -2.9455, 51.155 ], [ -2.9522, 51.1547 ], [ -2.9535, 51.1541 ], [ -2.9551, 51.1548 ], [ -2.9587, 51.1553 ], [ -2.9593, 51.1528 ], [ -2.9612, 51.1507 ], [ -2.9622, 51.1497 ], [ -2.9627, 51.149 ], [ -2.9648, 51.1483 ], [ -2.969, 51.1468 ], [ -2.9708, 51.1451 ], [ -2.9725, 51.1436 ], [ -2.977, 51.141 ], [ -2.9827, 51.1385 ], [ -2.9874, 51.1358 ], [ -2.9891, 51.1343 ], [ -2.9917, 51.1334 ], [ -2.9949, 51.1313 ], [ -2.9969, 51.1292 ], [ -3.0011, 51.1289 ], [ -3.0036, 51.1283 ] ] } },
{ "type": "Feature", "properties": { "linetype": 1 }, "geometry": { "type": "LineString", "coordinates": [ [ -2.6191, 51.0755 ], [ -2.623, 51.0846 ], [ -2.5506, 51.1359 ], [ -2.5445, 51.152 ] ] } },
{ "type": "Feature", "properties": { "linetype": 1 }, "geometry": { "type": "LineString", "coordinates": [ [ -3.0036, 51.1283 ], [ -3.004, 51.1275 ], [ -3.0084, 51.1277 ], [ -3.0103, 51.1265 ], [ -3.0122, 51.1253 ], [ -3.0186, 51.1228 ], [ -3.0235, 51.1225 ], [ -3.0283, 51.1227 ], [ -3.0307, 51.1231 ], [ -3.0322, 51.1233 ], [ -3.0348, 51.124 ], [ -3.0377, 51.1237 ], [ -3.0376, 51.1226 ], [ -3.0373, 51.1219 ], [ -3.0369, 51.1212 ], [ -3.0386, 51.119 ], [ -3.0421, 51.1188 ], [ -3.0479, 51.1189 ], [ -3.0559, 51.1177 ], [ -3.0629, 51.1157 ], [ -3.0678, 51.1135 ], [ -3.0707, 51.1121 ], [ -3.0738, 51.1115 ], [ -3.0756, 51.1099 ], [ -3.0814, 51.1083 ], [ -3.0894, 51.1076 ], [ -3.0946, 51.1074 ], [ -3.0965, 51.1068 ], [ -3.1015, 51.1067 ], [ -3.1054, 51.107 ], [ -3.1087, 51.1061 ], [ -3.1105, 51.1044 ], [ -3.1132, 51.1032 ], [ -3.116, 51.1005 ], [ -3.1191, 51.0986 ], [ -3.1221, 51.0972 ], [ -3.1228, 51.0957 ], [ -3.123, 51.0952 ], [ -3.124, 51.0953 ], [ -3.1262, 51.0955 ], [ -3.1292, 51.0944 ], [ -3.1299, 51.0935 ], [ -3.1332, 51.0932 ], [ -3.137, 51.0932 ], [ -3.141, 51.0932 ], [ -3.1427, 51.0929 ], [ -3.1463, 51.0925 ], [ -3.1505, 51.0926 ], [ -3.1548, 51.0916 ], [ -3.1594, 51.0911 ], [ -3.1693, 51.0894 ], [ -3.1775, 51.0875 ], [ -3.1876, 51.086 ], [ -3.1932, 51.0865 ], [ -3.1964, 51.087 ], [ -3.1954, 51.0884 ], [ -3.2008, 51.0903 ], [ -3.2124, 51.0924 ], [ -3.2212, 51.0942 ], [ -3.2227, 51.094 ], [ -3.2297, 51.0944 ], [ -3.2308, 51.0948 ], [ -3.2318, 51.0957 ], [ -3.232, 51.0958 ], [ -3.2332, 51.0954 ], [ -3.2359, 51.0946 ], [ -3.2381, 51.0946 ], [ -3.2386, 51.0946 ], [ -3.2412, 51.0944 ], [ -3.2422, 51.094 ], [ -3.2436, 51.0933 ], [ -3.246, 51.0928 ], [ -3.249, 51.0927 ], [ -3.252, 51.0923 ], [ -3.2547, 51.0922 ], [ -3.2576, 51.0924 ], [ -3.2589, 51.0931 ], [ -3.2599, 51.0947 ], [ -3.263, 51.0964 ], [ -3.2648, 51.097 ], [ -3.2652, 51.0979 ], [ -3.2664, 51.0988 ], [ -3.2696, 51.099 ], [ -3.2699, 51.099 ], [ -3.2726, 51.099 ], [ -3.2747, 51.0983 ], [ -3.2781, 51.0986 ], [ -3.2784, 51.0993 ], [ -3.2832, 51.1005 ], [ -3.2869, 51.1016 ], [ -3.2885, 51.1026 ], [ -3.2913, 51.1036 ], [ -3.2947, 51.1049 ], [ -3.2991, 51.1051 ], [ -3.3023, 51.1053 ], [ -3.3065, 51.1045 ], [ -3.3737, 51.1009 ], [ -3.388, 51.0996 ], [ -3.4098, 51.0899 ], [ -3.4178, 51.0908 ], [ -3.4364, 51.0854 ], [ -3.4464, 51.0814 ], [ -3.455, 51.0793 ], [ -3.4597, 51.0789 ], [ -3.4671, 51.0761 ], [ -3.474, 51.074 ], [ -3.4816, 51.0725 ], [ -3.4855, 51.0721 ], [ -3.4871, 51.0705 ], [ -3.4877, 51.07 ], [ -3.4924, 51.0692 ], [ -3.4963, 51.0683 ], [ -3.499, 51.0669 ], [ -3.5034, 51.0665 ], [ -3.5077, 51.0659 ], [ -3.5098, 51.0642 ], [ -3.5121, 51.0648 ], [ -3.5158, 51.0601 ], [ -3.5156, 51.0568 ], [ -3.5163, 51.0543 ], [ -3.5168, 51.0523 ], [ -3.5169, 51.052 ], [ -3.5179, 51.0502 ], [ -3.5181, 51.0488 ], [ -3.5175, 51.0477 ], [ -3.5182, 51.047 ], [ -3.5177, 51.046 ], [ -3.5171, 51.0448 ], [ -3.5173, 51.0427 ], [ -3.5172, 51.041 ], [ -3.516, 51.0399 ], [ -3.5138, 51.0394 ], [ -3.5138, 51.0386 ], [ -3.5163, 51.0382 ], [ -3.5187, 51.0381 ], [ -3.5201, 51.0391 ], [ -3.523, 51.0398 ], [ -3.5246, 51.0393 ], [ -3.5319, 51.0392 ], [ -3.5371, 51.0393 ], [ -3.5422, 51.0396 ], [ -3.5453, 51.04 ], [ -3.5484, 51.0405 ], [ -3.5503, 51.0399 ], [ -3.5509, 51.0398 ], [ -3.5532, 51.0394 ], [ -3.5539, 51.0393 ], [ -3.5549, 51.0398 ], [ -3.5546, 51.0384 ], [ -3.5547, 51.0367 ], [ -3.5563, 51.0358 ], [ -3.558, 51.0356 ], [ -3.5587, 51.0357 ], [ -3.5593, 51.0358 ], [ -3.5609, 51.035 ], [ -3.5632, 51.0333 ], [ -3.5652, 51.0324 ], [ -3.5692, 51.031 ], [ -3.5694, 51.0291 ], [ -3.5704, 51.0279 ], [ -3.5708, 51.0274 ], [ -3.5711, 51.0274 ], [ -3.5734, 51.0274 ], [ -3.5755, 51.0273 ], [ -3.5769, 51.0257 ], [ -3.5796, 51.0239 ], [ -3.582, 51.0216 ], [ -3.5839, 51.021 ], [ -3.5863, 51.0183 ], [ -3.5881, 51.016 ], [ -3.593, 51.0147 ], [ -3.5984, 51.0137 ], [ -3.6094, 51.012 ], [ -3.614, 51.0125 ], [ -3.6179, 51.014 ], [ -3.625, 51.0147 ], [ -3.634, 51.0153 ], [ -3.6501, 51.0166 ], [ -3.6538, 51.0172 ], [ -3.6617, 51.0183 ], [ -3.6672, 51.0185 ], [ -3.6717, 51.0189 ], [ -3.6769, 51.0186 ], [ -3.6815, 51.0181 ], [ -3.6864, 51.0174 ], [ -3.6899, 51.0174 ], [ -3.694, 51.0183 ], [ -3.6991, 51.0185 ], [ -3.7052, 51.0195 ], [ -3.7109, 51.0195 ], [ -3.7174, 51.0182 ], [ -3.7242, 51.0179 ], [ -3.7309, 51.017 ], [ -3.7375, 51.0157 ], [ -3.7412, 51.0159 ], [ -3.7462, 51.0164 ], [ -3.7518, 51.0167 ], [ -3.7559, 51.018 ], [ -3.7601, 51.0175 ], [ -3.7716, 51.016 ], [ -3.7781, 51.0154 ], [ -3.7803, 51.0157 ], [ -3.7888, 51.0152 ], [ -3.7927, 51.0141 ], [ -3.7969, 51.0135 ], [ -3.803, 51.0142 ], [ -3.8078, 51.0154 ], [ -3.8124, 51.0166 ], [ -3.8155, 51.0173 ], [ -3.8204, 51.0172 ], [ -3.8233, 51.0174 ], [ -3.8286, 51.0188 ], [ -3.8302, 51.0188 ], [ -3.8349, 51.0177 ], [ -3.8362, 51.0179 ], [ -3.8366, 51.0187 ], [ -3.8368, 51.0193 ], [ -3.8374, 51.0207 ], [ -3.8386, 51.0236 ], [ -3.8407, 51.026 ], [ -3.8467, 51.0282 ], [ -3.8511, 51.0315 ], [ -3.8552, 51.0344 ], [ -3.8633, 51.0345 ], [ -3.8677, 51.0343 ], [ -3.8707, 51.0342 ], [ -3.8768, 51.0341 ], [ -3.8867, 51.0339 ], [ -3.8908, 51.0341 ], [ -3.8937, 51.0348 ], [ -3.8966, 51.035 ], [ -3.8984, 51.0365 ], [ -3.9007, 51.0365 ], [ -3.9084, 51.0353 ], [ -3.9112, 51.0348 ], [ -3.9151, 51.0355 ], [ -3.9197, 51.0366 ], [ -3.9232, 51.0367 ], [ -3.9269, 51.0372 ], [ -3.9283, 51.0389 ], [ -3.9293, 51.0406 ], [ -3.9314, 51.0417 ], [ -3.9347, 51.0429 ], [ -3.9371, 51.0426 ], [ -3.938, 51.0425 ], [ -3.9406, 51.0423 ], [ -3.9425, 51.0439 ], [ -3.9428, 51.0441 ], [ -3.9462, 51.0462 ], [ -3.9503, 51.0482 ], [ -3.9532, 51.0478 ], [ -3.9576, 51.0486 ], [ -3.9599, 51.0484 ], [ -3.9635, 51.0481 ], [ -3.9709, 51.048 ], [ -3.9739, 51.0484 ], [ -3.9808, 51.0492 ], [ -3.9859, 51.0495 ], [ -3.9865, 51.0506 ], [ -3.9877, 51.0511 ], [ -3.9907, 51.053 ], [ -3.9937, 51.0551 ], [ -3.9948, 51.0551 ], [ -4.0011, 51.0564 ], [ -4.0096, 51.0584 ], [ -4.0101, 51.0603 ], [ -4.0123, 51.061 ], [ -4.0127, 51.0619 ], [ -4.0165, 51.0623 ], [ -4.0205, 51.0635 ], [ -4.0235, 51.0645 ], [ -4.0281, 51.065 ], [ -4.0336, 51.0653 ], [ -4.0378, 51.0659 ], [ -4.0397, 51.0672 ], [ -4.0412, 51.0689 ], [ -4.0426, 51.0702 ], [ -4.0463, 51.0713 ], [ -4.0497, 51.0728 ], [ -4.0528, 51.0749 ], [ -4.0556, 51.0763 ], [ -4.0589, 51.0783 ], [ -4.06, 51.0776 ], [ -4.0652, 51.0743 ], [ -4.0711, 51.0743 ], [ -4.0732, 51.0729 ], [ -4.0744, 51.0707 ], [ -4.0754, 51.0695 ], [ -4.0753, 51.0679 ], [ -4.0771, 51.0666 ], [ -4.0789, 51.0653 ], [ -4.0819, 51.0621 ], [ -4.0837, 51.0596 ], [ -4.0863, 51.0577 ], [ -4.0885, 51.0565 ], [ -4.0897, 51.0554 ], [ -4.0891, 51.0517 ], [ -4.092, 51.0496 ], [ -4.092, 51.0475 ], [ -4.0934, 51.0452 ], [ -4.0941, 51.044 ], [ -4.0963, 51.0418 ], [ -4.0994, 51.0384 ], [ -4.0992, 51.0356 ], [ -4.1003, 51.0352 ], [ -4.1001, 51.0328 ], [ -4.1005, 51.0299 ], [ -4.1015, 51.0272 ], [ -4.1014, 51.0259 ], [ -4.101, 51.0221 ], [ -4.1022, 51.02 ], [ -4.1035, 51.0162 ], [ -4.1082, 51.0125 ], [ -4.1105, 51.0105 ], [ -4.1118, 51.0083 ], [ -4.1132, 51.006 ], [ -4.1153, 51.0032 ], [ -4.1165, 51.002 ], [ -4.1203, 50.9999 ], [ -4.1224, 50.998 ], [ -4.1219, 50.9953 ], [ -4.1201, 50.9933 ], [ -4.1198, 50.9929 ], [ -4.1181, 50.99 ], [ -4.1173, 50.9879 ], [ -4.1176, 50.9853 ], [ -4.1166, 50.9824 ], [ -4.1176, 50.9811 ], [ -4.1184, 50.9797 ], [ -4.1209, 50.9787 ], [ -4.1214, 50.9765 ], [ -4.1221, 50.974 ], [ -4.1242, 50.9718 ], [ -4.127, 50.9699 ], [ -4.1286, 50.9675 ], [ -4.1295, 50.9656 ], [ -4.1324, 50.9642 ], [ -4.1334, 50.9628 ], [ -4.1345, 50.9607 ], [ -4.1355, 50.9598 ], [ -4.1381, 50.9582 ], [ -4.1396, 50.9573 ], [ -4.1407, 50.9572 ], [ -4.1404, 50.9564 ], [ -4.1407, 50.9553 ], [ -4.1415, 50.9541 ], [ -4.1414, 50.9533 ], [ -4.1409, 50.9526 ], [ -4.141, 50.9525 ], [ -4.1429, 50.9521 ], [ -4.1431, 50.9514 ], [ -4.1453, 50.9512 ], [ -4.1456, 50.9512 ], [ -4.1465, 50.9507 ], [ -4.1471, 50.9504 ], [ -4.1477, 50.9503 ], [ -4.1488, 50.95 ], [ -4.1508, 50.95 ], [ -4.1527, 50.9495 ], [ -4.154, 50.9489 ], [ -4.1536, 50.9481 ], [ -4.1538, 50.9459 ], [ -4.1537, 50.9431 ], [ -4.1521, 50.9412 ], [ -4.1515, 50.939 ], [ -4.1527, 50.9361 ], [ -4.1511, 50.9342 ], [ -4.15, 50.9321 ], [ -4.1508, 50.9309 ], [ -4.1478, 50.9254 ], [ -4.1441, 50.9223 ], [ -4.1438, 50.9192 ], [ -4.1428, 50.9169 ], [ -4.1397, 50.9133 ], [ -4.133, 50.9117 ], [ -4.1241, 50.9121 ], [ -4.1224, 50.9101 ], [ -4.1173, 50.9076 ], [ -4.1152, 50.9065 ], [ -4.1144, 50.9061 ], [ -4.1119, 50.9061 ], [ -4.1071, 50.9041 ], [ -4.1048, 50.8991 ], [ -4.1039, 50.8966 ], [ -4.1032, 50.8947 ], [ -4.1015, 50.8945 ], [ -4.0986, 50.8941 ], [ -4.0963, 50.8911 ], [ -4.096, 50.8898 ], [ -4.096, 50.8881 ], [ -4.0976, 50.886 ], [ -4.0982, 50.8842 ], [ -4.0955, 50.8819 ], [ -4.0897, 50.8786 ], [ -4.0854, 50.8769 ], [ -4.079, 50.8743 ], [ -4.0767, 50.8744 ], [ -4.0748, 50.8728 ], [ -4.0736, 50.87 ], [ -4.0718, 50.8685 ], [ -4.0703, 50.8662 ], [ -4.0672, 50.8632 ], [ -4.0647, 50.8592 ], [ -4.0644, 50.8554 ], [ -4.0655, 50.8549 ], [ -4.0667, 50.8521 ], [ -4.0664, 50.8514 ], [ -4.066, 50.8507 ], [ -4.0695, 50.8452 ], [ -4.073, 50.8452 ], [ -4.0742, 50.8448 ], [ -4.0776, 50.8436 ], [ -4.0809, 50.8441 ], [ -4.0809, 50.8429 ], [ -4.0779, 50.8403 ], [ -4.0749, 50.8379 ], [ -4.0751, 50.8366 ], [ -4.0767, 50.8353 ], [ -4.0768, 50.8346 ], [ -4.0755, 50.8341 ], [ -4.0747, 50.832 ], [ -4.0739, 50.8302 ], [ -4.074, 50.8274 ], [ -4.073, 50.826 ], [ -4.0709, 50.8228 ], [ -4.0724, 50.8218 ] ] } },
{ "type": "Feature", "properties": { "linetype": 1 }, "geometry": { "type": "LineString", "coordinates": [ [ -4.943, 50.5009 ], [ -4.9462, 50.4956 ], [ -4.9485, 50.4927 ], [ -4.9514, 50.4911 ], [ -4.9497, 50.488 ], [ -4.9494, 50.4854 ], [ -4.9486, 50.4837 ] ] } },
{ "type": "Feature", "properties": { "linetype": 1 }, "geometry": { "type": "LineString", "coordinates": [ [ -4.3664, 50.6431 ], [ -4.3657, 50.6424 ], [ -4.365, 50.6415 ], [ -4.3602, 50.6371 ] ] } },
{ "type": "Feature", "properties": { "linetype": 1 }, "geometry": { "type": "LineString", "coordinates": [ [ -5.0509, 50.2634 ], [ -5.0502, 50.2642 ], [ -5.0489, 50.2657 ], [ -5.0477, 50.2655 ], [ -5.0471, 50.2678 ], [ -5.0458, 50.2703 ], [ -5.0433, 50.2724 ], [ -5.0414, 50.2771 ], [ -5.0415, 50.2803 ], [ -5.0426, 50.2815 ], [ -5.0428, 50.2911 ], [ -5.038, 50.2924 ], [ -5.0376, 50.2926 ], [ -5.035, 50.2947 ], [ -5.0338, 50.3001 ], [ -5.0324, 50.3033 ], [ -5.0321, 50.3051 ], [ -5.0319, 50.306 ], [ -5.0307, 50.3082 ], [ -5.0318, 50.3109 ], [ -5.0329, 50.3147 ], [ -5.0313, 50.3177 ], [ -5.0287, 50.3226 ], [ -5.0264, 50.3269 ], [ -5.0273, 50.3311 ], [ -5.0275, 50.3314 ], [ -5.0286, 50.3334 ], [ -5.0293, 50.3379 ], [ -5.0275, 50.344 ], [ -5.0254, 50.3466 ], [ -5.023, 50.3489 ], [ -5.0145, 50.3506 ], [ -5.0062, 50.3526 ], [ -5.0079, 50.3567 ], [ -5.0067, 50.3599 ], [ -5.0045, 50.3617 ], [ -5.0043, 50.3638 ], [ -5.0033, 50.3653 ], [ -5.0026, 50.3664 ], [ -5.002, 50.3684 ], [ -5.0004, 50.3709 ], [ -5.001, 50.3748 ], [ -5.0004, 50.3784 ], [ -4.9984, 50.382 ], [ -4.9962, 50.3845 ], [ -4.9911, 50.3871 ], [ -4.9903, 50.3874 ], [ -4.9884, 50.3894 ], [ -4.9882, 50.3898 ], [ -4.9877, 50.3911 ], [ -4.9863, 50.3916 ], [ -4.9819, 50.3931 ], [ -4.9787, 50.394 ], [ -4.9754, 50.396 ], [ -4.9698, 50.3991 ], [ -4.9689, 50.4027 ], [ -4.9671, 50.4037 ], [ -4.9651, 50.4076 ], [ -4.9649, 50.4104 ], [ -4.9615, 50.4143 ], [ -4.9593, 50.4162 ], [ -4.9576, 50.4175 ], [ -4.9562, 50.4175 ], [ -4.954, 50.4186 ], [ -4.9527, 50.4204 ], [ -4.9516, 50.4208 ], [ -4.9516, 50.4238 ], [ -4.9498, 50.4245 ], [ -4.9474, 50.4247 ], [ -4.947, 50.4259 ], [ -4.9445, 50.4286 ], [ -4.9425, 50.4312 ], [ -4.9412, 50.4337 ], [ -4.9412, 50.4339 ], [ -4.9405, 50.4351 ], [ -4.9396, 50.4352 ], [ -4.9384, 50.4386 ], [ -4.9377, 50.4402 ], [ -4.9348, 50.4419 ], [ -4.9362, 50.4469 ], [ -4.9335, 50.4473 ], [ -4.93, 50.4505 ], [ -4.9272, 50.4531 ], [ -4.9256, 50.4564 ], [ -4.9214, 50.4595 ], [ -4.9346, 50.47 ], [ -4.939, 50.4731 ], [ -4.9437, 50.4771 ], [ -4.9486, 50.4837 ], [ -4.9414, 50.4855 ], [ -4.9407, 50.491 ], [ -4.9394, 50.492 ], [ -4.9402, 50.4954 ], [ -4.9417, 50.4979 ], [ -4.943, 50.5009 ], [ -4.9461, 50.5038 ], [ -4.9485, 50.5079 ], [ -4.9485, 50.5135 ], [ -4.9511, 50.5194 ], [ -4.953, 50.5257 ], [ -4.9533, 50.5294 ], [ -4.9508, 50.5338 ], [ -4.9469, 50.5358 ], [ -4.9443, 50.5355 ], [ -4.9376, 50.5401 ], [ -4.9388, 50.5414 ], [ -4.9226, 50.5441 ], [ -4.9189, 50.5435 ], [ -4.9075, 50.5454 ], [ -4.9068, 50.547 ], [ -4.9052, 50.5486 ], [ -4.9019, 50.5506 ], [ -4.8995, 50.5518 ], [ -4.8986, 50.5522 ], [ -4.8924, 50.5544 ], [ -4.883, 50.5574 ], [ -4.8824, 50.5576 ], [ -4.8824, 50.5581 ], [ -4.8824, 50.5588 ], [ -4.8806, 50.5599 ], [ -4.8786, 50.5592 ], [ -4.8728, 50.5589 ], [ -4.8707, 50.5697 ], [ -4.8652, 50.5706 ], [ -4.8612, 50.5723 ], [ -4.8569, 50.5721 ], [ -4.8475, 50.5734 ], [ -4.8397, 50.5738 ], [ -4.8315, 50.5728 ], [ -4.8225, 50.5737 ], [ -4.8132, 50.5754 ], [ -4.8055, 50.577 ], [ -4.7962, 50.579 ], [ -4.7899, 50.5814 ], [ -4.7846, 50.5857 ], [ -4.7788, 50.5899 ], [ -4.7711, 50.5942 ], [ -4.7653, 50.5941 ], [ -4.7577, 50.5955 ], [ -4.7535, 50.5964 ], [ -4.7496, 50.5964 ], [ -4.7452, 50.5942 ], [ -4.7424, 50.5935 ], [ -4.7362, 50.5931 ], [ -4.7353, 50.5926 ], [ -4.7337, 50.5926 ], [ -4.7283, 50.5934 ], [ -4.7266, 50.5931 ], [ -4.7208, 50.595 ], [ -4.7182, 50.595 ], [ -4.7119, 50.5973 ], [ -4.7085, 50.598 ], [ -4.7061, 50.5996 ], [ -4.706, 50.5997 ], [ -4.7015, 50.6006 ], [ -4.6989, 50.6011 ], [ -4.6914, 50.6066 ], [ -4.6901, 50.6096 ], [ -4.6872, 50.6116 ], [ -4.6831, 50.617 ], [ -4.68, 50.6203 ], [ -4.6784, 50.6232 ], [ -4.6728, 50.6244 ], [ -4.6686, 50.626 ], [ -4.6653, 50.6302 ], [ -4.6641, 50.6329 ], [ -4.6638, 50.6337 ], [ -4.6599, 50.6358 ], [ -4.6577, 50.637 ], [ -4.6548, 50.6393 ], [ -4.6531, 50.6406 ], [ -4.6524, 50.6409 ], [ -4.6464, 50.6436 ], [ -4.6415, 50.6458 ], [ -4.6424, 50.6471 ], [ -4.6373, 50.6512 ], [ -4.6334, 50.6514 ], [ -4.6283, 50.6526 ], [ -4.6256, 50.6537 ], [ -4.6237, 50.6544 ], [ -4.6194, 50.6552 ], [ -4.616, 50.6557 ], [ -4.6125, 50.6568 ], [ -4.605, 50.6577 ], [ -4.6033, 50.6577 ], [ -4.5963, 50.6576 ], [ -4.5929, 50.6588 ], [ -4.591, 50.6595 ], [ -4.589, 50.6603 ], [ -4.5766, 50.6617 ], [ -4.5719, 50.6617 ], [ -4.5635, 50.6601 ], [ -4.557, 50.6567 ], [ -4.5505, 50.6545 ], [ -4.5423, 50.6564 ], [ -4.5345, 50.6586 ], [ -4.5263, 50.6604 ], [ -4.5225, 50.6612 ], [ -4.515, 50.6614 ], [ -4.5074, 50.6621 ], [ -4.5029, 50.6629 ], [ -4.4943, 50.6623 ], [ -4.4879, 50.6623 ], [ -4.4796, 50.6638 ], [ -4.472, 50.6624 ], [ -4.4631, 50.6597 ], [ -4.4556, 50.6579 ], [ -4.4446, 50.6532 ], [ -4.439, 50.6529 ], [ -4.4363, 50.6521 ], [ -4.4319, 50.6508 ], [ -4.4272, 50.6508 ], [ -4.4241, 50.6508 ], [ -4.4161, 50.6503 ], [ -4.4045, 50.6515 ], [ -4.3994, 50.6511 ], [ -4.3942, 50.6498 ], [ -4.3877, 50.6496 ], [ -4.3817, 50.649 ], [ -4.3765, 50.648 ], [ -4.3748, 50.6465 ], [ -4.3714, 50.647 ], [ -4.3699, 50.6453 ], [ -4.3679, 50.644 ], [ -4.367, 50.6431 ], [ -4.3664, 50.6431 ], [ -4.3632, 50.6445 ], [ -4.3582, 50.6445 ], [ -4.3518, 50.647 ], [ -4.3495, 50.6473 ], [ -4.3492, 50.6499 ], [ -4.3471, 50.6522 ], [ -4.3429, 50.6543 ], [ -4.3379, 50.6569 ], [ -4.3331, 50.6594 ], [ -4.3303, 50.6612 ], [ -4.3292, 50.6623 ], [ -4.3291, 50.6654 ], [ -4.3257, 50.6706 ], [ -4.324, 50.677 ], [ -4.3237, 50.6792 ], [ -4.3236, 50.6807 ], [ -4.3236, 50.6832 ], [ -4.3221, 50.6871 ], [ -4.3175, 50.6889 ], [ -4.3168, 50.6892 ], [ -4.3142, 50.6912 ], [ -4.3114, 50.6916 ], [ -4.3084, 50.6913 ], [ -4.3012, 50.6972 ], [ -4.2961, 50.7026 ], [ -4.2899, 50.7064 ], [ -4.2837, 50.7135 ], [ -4.2818, 50.7148 ], [ -4.2696, 50.7189 ], [ -4.2597, 50.7222 ], [ -4.2523, 50.7277 ], [ -4.2517, 50.7317 ], [ -4.2491, 50.7369 ], [ -4.2415, 50.7419 ], [ -4.2323, 50.7467 ], [ -4.2251, 50.7521 ], [ -4.2197, 50.7544 ], [ -4.2148, 50.7552 ], [ -4.2105, 50.7584 ], [ -4.2098, 50.7604 ], [ -4.2077, 50.7615 ], [ -4.2067, 50.7646 ], [ -4.2054, 50.7692 ], [ -4.2066, 50.773 ], [ -4.2074, 50.775 ], [ -4.2085, 50.778 ], [ -4.2038, 50.7801 ], [ -4.1927, 50.7839 ], [ -4.1823, 50.7876 ], [ -4.1461, 50.7952 ], [ -4.129, 50.8003 ], [ -4.1238, 50.8034 ], [ -4.1187, 50.805 ], [ -4.1084, 50.8101 ], [ -4.103, 50.8116 ], [ -4.0994, 50.8121 ], [ -4.095, 50.8125 ], [ -4.0928, 50.8127 ], [ -4.0857, 50.8138 ], [ -4.0809, 50.815 ], [ -4.0758, 50.8175 ], [ -4.073, 50.8195 ], [ -4.0724, 50.8218 ] ] } },
{ "type": "Feature", "properties": { "linetype": 1 }, "geometry": { "type": "LineString", "coordinates": [ [ -2.5781, 51.2759 ], [ -2.6304, 51.2642 ], [ -2.6529, 51.2681 ] ] } },
{ "type": "Feature", "properties": { "linetype": 1 }, "geometry": { "type": "LineString", "coordinates": [ [ -2.5393, 51.2926 ], [ -2.5407, 51.279 ], [ -2.539, 51.2594 ], [ -2.5426, 51.2455 ], [ -2.5464, 51.1906 ] ] } },
{ "type": "Feature", "properties": { "linetype": 1 }, "geometry": { "type": "LineString", "coordinates": [ [ -2.6058, 51.2491 ], [ -2.619, 51.2371 ], [ -2.6195, 51.2359 ], [ -2.6193, 51.2316 ], [ -2.6199, 51.2274 ], [ -2.6239, 51.2251 ], [ -2.6297, 51.223 ], [ -2.6347, 51.2216 ], [ -2.6376, 51.2212 ], [ -2.6397, 51.2204 ], [ -2.6412, 51.2194 ], [ -2.6427, 51.2186 ], [ -2.6445, 51.2165 ], [ -2.6456, 51.2155 ], [ -2.6463, 51.2141 ], [ -2.6467, 51.2103 ], [ -2.6456, 51.2092 ] ] } },
{ "type": "Feature", "properties": { "linetype": 1 }, "geometry": { "type": "LineString", "coordinates": [ [ -1.8751, 51.419 ], [ -1.8865, 51.4164 ], [ -1.9022, 51.4106 ], [ -1.9202, 51.4053 ], [ -1.9308, 51.4001 ], [ -1.9453, 51.3892 ], [ -1.9554, 51.3797 ], [ -1.9635, 51.3715 ], [ -1.9638, 51.3711 ], [ -1.9653, 51.3683 ], [ -1.9691, 51.3663 ], [ -1.9737, 51.3625 ], [ -1.9764, 51.3605 ], [ -1.9811, 51.358 ], [ -1.9853, 51.3529 ], [ -1.9877, 51.3508 ], [ -1.9901, 51.35 ], [ -1.9935, 51.3499 ], [ -1.9949, 51.3517 ], [ -1.9958, 51.3526 ], [ -1.9986, 51.3539 ], [ -2.0029, 51.3548 ], [ -2.0108, 51.3526 ], [ -2.0182, 51.3511 ], [ -2.027, 51.3507 ], [ -2.0289, 51.3506 ], [ -2.0378, 51.3503 ], [ -2.0445, 51.3503 ], [ -2.0493, 51.3507 ], [ -2.0531, 51.3519 ], [ -2.0557, 51.3522 ], [ -2.059, 51.3515 ], [ -2.0611, 51.3515 ], [ -2.0632, 51.3523 ], [ -2.0686, 51.3507 ], [ -2.0712, 51.3494 ], [ -2.074, 51.3501 ], [ -2.0815, 51.3488 ], [ -2.0838, 51.3479 ], [ -2.0867, 51.3476 ], [ -2.0914, 51.3459 ], [ -2.0965, 51.3435 ], [ -2.1006, 51.3423 ], [ -2.1069, 51.34 ], [ -2.1055, 51.3386 ], [ -2.1066, 51.3372 ], [ -2.1079, 51.3355 ], [ -2.1133, 51.336 ], [ -2.1149, 51.3362 ], [ -2.1196, 51.3362 ], [ -2.123, 51.3374 ], [ -2.1278, 51.3383 ], [ -2.1343, 51.3406 ], [ -2.1346, 51.342 ], [ -2.1396, 51.3428 ], [ -2.1452, 51.3414 ], [ -2.1493, 51.3401 ], [ -2.1594, 51.3372 ], [ -2.1663, 51.3351 ], [ -2.1702, 51.3325 ], [ -2.173, 51.3318 ], [ -2.1776, 51.3305 ], [ -2.1841, 51.33 ], [ -2.1886, 51.3278 ], [ -2.1916, 51.3258 ], [ -2.1964, 51.324 ], [ -2.1992, 51.3233 ], [ -2.2016, 51.3227 ], [ -2.2038, 51.3216 ], [ -2.2056, 51.3211 ], [ -2.2068, 51.3204 ], [ -2.2075, 51.3211 ], [ -2.2089, 51.3214 ], [ -2.2117, 51.3209 ], [ -2.2145, 51.3184 ], [ -2.2176, 51.3182 ], [ -2.2237, 51.3165 ], [ -2.2333, 51.3153 ], [ -2.2425, 51.3145 ], [ -2.2479, 51.3141 ], [ -2.2572, 51.3143 ], [ -2.2638, 51.3158 ], [ -2.2651, 51.3172 ], [ -2.2759, 51.3192 ], [ -2.2829, 51.3183 ], [ -2.2838, 51.3169 ], [ -2.2902, 51.3165 ], [ -2.2947, 51.3155 ], [ -2.3, 51.3148 ], [ -2.3014, 51.3126 ], [ -2.3055, 51.3107 ], [ -2.3065, 51.3094 ], [ -2.3126, 51.3064 ], [ -2.324, 51.3022 ], [ -2.3246, 51.3016 ], [ -2.3247, 51.3015 ], [ -2.3249, 51.3015 ], [ -2.3263, 51.3017 ], [ -2.3279, 51.3008 ], [ -2.3298, 51.2996 ], [ -2.3304, 51.2989 ], [ -2.3356, 51.2974 ], [ -2.3396, 51.2958 ], [ -2.3427, 51.2945 ], [ -2.3455, 51.294 ], [ -2.3479, 51.2947 ], [ -2.3485, 51.2951 ], [ -2.3497, 51.296 ], [ -2.3514, 51.2962 ], [ -2.3556, 51.2949 ], [ -2.3604, 51.2938 ], [ -2.3643, 51.2926 ], [ -2.3698, 51.2917 ], [ -2.375, 51.2898 ], [ -2.3784, 51.2883 ], [ -2.3894, 51.2852 ], [ -2.3953, 51.2846 ], [ -2.4006, 51.2835 ], [ -2.4062, 51.2817 ], [ -2.4101, 51.2789 ], [ -2.4121, 51.2774 ], [ -2.4142, 51.276 ], [ -2.4188, 51.2746 ], [ -2.4232, 51.274 ], [ -2.4271, 51.273 ], [ -2.4318, 51.2719 ], [ -2.433, 51.2716 ], [ -2.436, 51.2709 ], [ -2.4372, 51.2705 ], [ -2.4385, 51.27 ], [ -2.4441, 51.2702 ], [ -2.4456, 51.2702 ], [ -2.4461, 51.2702 ], [ -2.4493, 51.2697 ], [ -2.4511, 51.2691 ], [ -2.453, 51.2671 ], [ -2.4575, 51.2688 ], [ -2.4619, 51.2696 ], [ -2.4666, 51.27 ], [ -2.4697, 51.2703 ], [ -2.4755, 51.2701 ], [ -2.4783, 51.27 ], [ -2.481, 51.2698 ], [ -2.4881, 51.2697 ], [ -2.4921, 51.2699 ], [ -2.4928, 51.2699 ], [ -2.4929, 51.2699 ], [ -2.4958, 51.2688 ], [ -2.5001, 51.2676 ], [ -2.5022, 51.2679 ], [ -2.5044, 51.2674 ], [ -2.5062, 51.266 ], [ -2.5081, 51.2643 ], [ -2.5115, 51.263 ], [ -2.5164, 51.2621 ], [ -2.5188, 51.2603 ], [ -2.5241, 51.26 ], [ -2.5288, 51.2594 ], [ -2.5348, 51.2595 ], [ -2.539, 51.2594 ], [ -2.5432, 51.2593 ], [ -2.5508, 51.2579 ], [ -2.5536, 51.2576 ], [ -2.5549, 51.2572 ], [ -2.5584, 51.2561 ], [ -2.5649, 51.2524 ], [ -2.5696, 51.2485 ], [ -2.5714, 51.2451 ], [ -2.5745, 51.2395 ], [ -2.5792, 51.2361 ], [ -2.5896, 51.2344 ], [ -2.5946, 51.2352 ], [ -2.6077, 51.2351 ], [ -2.619, 51.2371 ] ] } },
{ "type": "Feature", "properties": { "linetype": 1 }, "geometry": { "type": "LineString", "coordinates": [ [ -2.6058, 51.2491 ], [ -2.5966, 51.2574 ], [ -2.5932, 51.2619 ], [ -2.5896, 51.266 ], [ -2.5878, 51.2671 ], [ -2.5867, 51.2692 ], [ -2.5848, 51.2708 ], [ -2.5809, 51.273 ], [ -2.5781, 51.2759 ], [ -2.5768, 51.2765 ], [ -2.5739, 51.2768 ], [ -2.5667, 51.281 ], [ -2.5648, 51.2826 ], [ -2.5641, 51.2832 ], [ -2.5604, 51.2863 ], [ -2.556, 51.2879 ], [ -2.55, 51.2901 ], [ -2.5439, 51.2922 ], [ -2.5393, 51.2926 ], [ -2.5351, 51.2925 ], [ -2.532, 51.2939 ], [ -2.5297, 51.2953 ], [ -2.5288, 51.2959 ], [ -2.5259, 51.2964 ], [ -2.5212, 51.2962 ], [ -2.5204, 51.2978 ], [ -2.5179, 51.2999 ], [ -2.5171, 51.3006 ], [ -2.5135, 51.3033 ], [ -2.5077, 51.3058 ], [ -2.5048, 51.3073 ], [ -2.5025, 51.3074 ], [ -2.5011, 51.3092 ], [ -2.4944, 51.3111 ], [ -2.4919, 51.3118 ], [ -2.4866, 51.3139 ], [ -2.4775, 51.3169 ], [ -2.4729, 51.3177 ], [ -2.4696, 51.3196 ], [ -2.4657, 51.3216 ], [ -2.4636, 51.3224 ], [ -2.4632, 51.3239 ], [ -2.4602, 51.3261 ], [ -2.4561, 51.328 ], [ -2.4534, 51.3293 ], [ -2.4513, 51.3306 ], [ -2.4469, 51.331 ], [ -2.4422, 51.3329 ], [ -2.4364, 51.3346 ], [ -2.4347, 51.3351 ], [ -2.4303, 51.3364 ], [ -2.4258, 51.3374 ], [ -2.425, 51.3376 ], [ -2.4249, 51.3377 ], [ -2.4212, 51.3394 ], [ -2.4196, 51.3398 ], [ -2.4125, 51.3416 ], [ -2.4097, 51.3435 ], [ -2.4059, 51.3447 ], [ -2.4063, 51.3453 ], [ -2.4035, 51.3458 ], [ -2.3959, 51.3475 ], [ -2.3825, 51.3546 ], [ -2.3756, 51.3587 ], [ -2.3726, 51.3601 ], [ -2.3693, 51.3634 ], [ -2.3667, 51.3659 ], [ -2.3664, 51.3686 ], [ -2.3665, 51.3696 ], [ -2.3667, 51.3737 ], [ -2.3656, 51.3756 ], [ -2.3634, 51.3762 ], [ -2.3613, 51.3767 ], [ -2.3599, 51.3775 ], [ -2.3591, 51.3821 ], [ -2.3598, 51.3836 ], [ -2.3589, 51.3893 ], [ -2.3475, 51.3935 ], [ -2.3455, 51.3962 ], [ -2.3447, 51.3986 ], [ -2.3442, 51.4011 ], [ -2.3435, 51.4021 ], [ -2.3409, 51.4024 ], [ -2.3375, 51.4026 ], [ -2.3342, 51.4026 ], [ -2.33, 51.4029 ], [ -2.3266, 51.4032 ], [ -2.3218, 51.4054 ], [ -2.3202, 51.4059 ], [ -2.3188, 51.4058 ], [ -2.3154, 51.4046 ], [ -2.3107, 51.4032 ], [ -2.3084, 51.4017 ], [ -2.3079, 51.4008 ], [ -2.3043, 51.401 ], [ -2.3022, 51.4005 ], [ -2.2984, 51.3998 ], [ -2.2934, 51.3986 ], [ -2.2881, 51.3993 ], [ -2.2854, 51.3995 ], [ -2.2813, 51.4006 ], [ -2.2744, 51.4018 ], [ -2.2701, 51.4026 ], [ -2.26, 51.4023 ], [ -2.2529, 51.4032 ], [ -2.2432, 51.4043 ], [ -2.2395, 51.4032 ], [ -2.237, 51.4041 ], [ -2.236, 51.4066 ], [ -2.234, 51.4082 ], [ -2.2319, 51.4094 ], [ -2.2298, 51.4143 ], [ -2.228, 51.4183 ], [ -2.225, 51.4234 ], [ -2.2218, 51.4268 ], [ -2.2194, 51.4282 ], [ -2.2134, 51.4299 ], [ -2.2072, 51.4329 ], [ -2.1988, 51.4339 ], [ -2.1918, 51.4382 ], [ -2.1859, 51.4407 ], [ -2.1796, 51.4429 ], [ -2.1712, 51.4444 ], [ -2.1624, 51.4451 ], [ -2.1605, 51.4453 ], [ -2.1538, 51.4471 ], [ -2.1496, 51.4475 ], [ -2.1406, 51.4488 ], [ -2.1359, 51.4507 ], [ -2.1312, 51.4518 ], [ -2.1289, 51.4531 ], [ -2.1257, 51.4536 ], [ -2.1233, 51.4557 ], [ -2.1222, 51.4576 ], [ -2.1213, 51.4584 ], [ -2.1191, 51.4586 ], [ -2.1171, 51.4592 ] ] } },
{ "type": "Feature", "properties": { "linetype": 1 }, "geometry": { "type": "LineString", "coordinates": [ [ -0.2932, 52.5033 ], [ -0.2807, 52.5074 ], [ -0.2805, 52.5088 ], [ -0.2724, 52.5126 ], [ -0.27, 52.5129 ], [ -0.2705, 52.5157 ], [ -0.269, 52.5245 ], [ -0.2665, 52.5284 ], [ -0.2619, 52.5317 ], [ -0.2585, 52.5355 ], [ -0.2581, 52.5359 ], [ -0.2546, 52.5397 ], [ -0.2522, 52.5445 ], [ -0.2493, 52.5503 ], [ -0.2492, 52.5537 ], [ -0.2492, 52.5548 ], [ -0.2499, 52.5589 ], [ -0.2453, 52.5615 ], [ -0.2449, 52.5617 ], [ -0.2423, 52.5641 ], [ -0.2417, 52.5684 ], [ -0.2428, 52.5725 ], [ -0.2642, 52.6004 ], [ -0.2769, 52.6123 ], [ -0.2695, 52.6147 ], [ -0.2712, 52.6174 ], [ -0.2726, 52.6183 ], [ -0.2785, 52.6255 ], [ -0.2816, 52.6304 ], [ -0.2834, 52.6383 ], [ -0.2785, 52.6395 ], [ -0.2736, 52.643 ], [ -0.2733, 52.6451 ], [ -0.2677, 52.646 ], [ -0.2619, 52.6499 ], [ -0.252, 52.6526 ], [ -0.2445, 52.656 ], [ -0.2367, 52.6589 ], [ -0.2272, 52.6633 ], [ -0.2198, 52.6659 ], [ -0.2104, 52.6654 ], [ -0.1684, 52.6757 ], [ -0.1671, 52.676 ], [ -0.1666, 52.6781 ], [ -0.1639, 52.6787 ], [ -0.1648, 52.6835 ], [ -0.1654, 52.6854 ], [ -0.1645, 52.6916 ], [ -0.1601, 52.6934 ], [ -0.153, 52.6961 ], [ -0.1529, 52.7082 ], [ -0.153, 52.7083 ], [ -0.1546, 52.7124 ], [ -0.1506, 52.7148 ], [ -0.1498, 52.7151 ], [ -0.1454, 52.7164 ], [ -0.1358, 52.7176 ], [ -0.1297, 52.7267 ], [ -0.1253, 52.7339 ], [ -0.1259, 52.7362 ], [ -0.1356, 52.7451 ], [ -0.1398, 52.7456 ], [ -0.1463, 52.7488 ], [ -0.1605, 52.7557 ], [ -0.161, 52.7656 ], [ -0.161, 52.7705 ], [ -0.1586, 52.7748 ], [ -0.1543, 52.7787 ], [ -0.1521, 52.7814 ], [ -0.1502, 52.7831 ], [ -0.1499, 52.7846 ], [ -0.1496, 52.786 ], [ -0.1504, 52.7862 ], [ -0.151, 52.7868 ], [ -0.1529, 52.788 ], [ -0.1514, 52.7885 ], [ -0.1505, 52.7888 ], [ -0.1513, 52.7908 ], [ -0.1519, 52.7937 ], [ -0.1531, 52.7965 ], [ -0.1541, 52.7987 ], [ -0.1532, 52.8014 ], [ -0.154, 52.8036 ], [ -0.1551, 52.8058 ], [ -0.1574, 52.8095 ], [ -0.1566, 52.811 ], [ -0.1572, 52.812 ], [ -0.1584, 52.8125 ], [ -0.1592, 52.8129 ], [ -0.16, 52.8133 ], [ -0.1599, 52.8145 ], [ -0.1588, 52.8159 ], [ -0.1577, 52.8194 ], [ -0.1542, 52.8227 ], [ -0.1518, 52.8258 ], [ -0.1497, 52.8277 ], [ -0.1448, 52.8301 ], [ -0.1453, 52.8325 ], [ -0.144, 52.8353 ], [ -0.1443, 52.8363 ], [ -0.1452, 52.8395 ], [ -0.1466, 52.8454 ], [ -0.1463, 52.85 ], [ -0.1469, 52.854 ], [ -0.146, 52.8575 ], [ -0.1474, 52.8612 ], [ -0.1529, 52.8649 ], [ -0.1546, 52.8658 ], [ -0.1518, 52.8677 ], [ -0.1497, 52.8706 ], [ -0.1474, 52.8715 ], [ -0.1444, 52.8726 ], [ -0.1419, 52.8741 ], [ -0.1328, 52.8799 ], [ -0.1293, 52.8839 ], [ -0.1237, 52.8871 ], [ -0.1193, 52.8891 ], [ -0.1168, 52.8911 ], [ -0.1165, 52.8918 ], [ -0.1153, 52.8942 ], [ -0.1111, 52.8967 ], [ -0.1072, 52.8984 ], [ -0.1049, 52.9005 ], [ -0.0998, 52.9008 ], [ -0.0957, 52.9019 ], [ -0.0937, 52.9029 ], [ -0.0896, 52.9054 ], [ -0.0878, 52.9072 ], [ -0.0862, 52.9076 ], [ -0.0846, 52.9088 ], [ -0.0848, 52.91 ], [ -0.0852, 52.9126 ], [ -0.0783, 52.917 ], [ -0.0757, 52.9196 ], [ -0.0734, 52.921 ], [ -0.0696, 52.9222 ], [ -0.0682, 52.9226 ], [ -0.0645, 52.924 ], [ -0.061, 52.9268 ], [ -0.0575, 52.9289 ], [ -0.0583, 52.9326 ], [ -0.0585, 52.9352 ], [ -0.0564, 52.9391 ], [ -0.0536, 52.9429 ], [ -0.0498, 52.9467 ], [ -0.0478, 52.9483 ], [ -0.0448, 52.9507 ], [ -0.0418, 52.953 ], [ -0.0395, 52.9561 ], [ -0.0379, 52.9592 ], [ -0.0352, 52.9615 ], [ -0.0314, 52.9631 ], [ -0.0274, 52.9652 ], [ -0.026, 52.9659 ], [ -0.026, 52.9673 ], [ -0.0264, 52.9697 ], [ -0.0249, 52.9719 ], [ -0.025, 52.9737 ], [ -0.0245, 52.9757 ] ] } },
{ "type": "Feature", "properties": { "linetype": 1 }, "geometry": { "type": "Point", "coordinates": [ -2.3719, 53.2483 ] } },
{ "type": "Feature", "properties": { "linetype": 1 }, "geometry": { "type": "LineString", "coordinates": [ [ -2.3719, 53.2483 ], [ -2.3745, 53.2437 ], [ -2.3787, 53.2385 ], [ -2.3829, 53.2372 ], [ -2.3829, 53.2346 ], [ -2.3812, 53.2258 ] ] } },
{ "type": "Feature", "properties": { "linetype": 1 }, "geometry": { "type": "LineString", "coordinates": [ [ -2.3812, 53.2258 ], [ -2.3945, 53.2312 ], [ -2.4061, 53.2351 ], [ -2.4231, 53.2424 ], [ -2.4292, 53.2433 ], [ -2.4348, 53.2444 ], [ -2.4436, 53.2445 ], [ -2.4453, 53.2451 ], [ -2.4479, 53.2518 ], [ -2.4506, 53.2541 ], [ -2.4587, 53.2589 ], [ -2.4593, 53.2605 ], [ -2.4622, 53.262 ], [ -2.4636, 53.2637 ], [ -2.4641, 53.2648 ], [ -2.463, 53.267 ], [ -2.4632, 53.2689 ], [ -2.466, 53.2712 ], [ -2.4697, 53.2731 ], [ -2.4794, 53.2783 ], [ -2.4832, 53.2832 ], [ -2.4915, 53.2857 ], [ -2.4976, 53.287 ], [ -2.5002, 53.2875 ], [ -2.5043, 53.2884 ], [ -2.5093, 53.2926 ], [ -2.5156, 53.2963 ], [ -2.5167, 53.2974 ], [ -2.5268, 53.3012 ], [ -2.5339, 53.3035 ], [ -2.538, 53.3058 ], [ -2.5433, 53.3068 ], [ -2.545, 53.3079 ], [ -2.5454, 53.3088 ], [ -2.5456, 53.3093 ], [ -2.5446, 53.31 ], [ -2.545, 53.3103 ], [ -2.5467, 53.312 ], [ -2.5485, 53.3145 ], [ -2.5533, 53.3184 ], [ -2.5583, 53.3215 ], [ -2.5675, 53.3294 ], [ -2.5696, 53.3335 ], [ -2.5719, 53.3398 ], [ -2.5745, 53.3396 ], [ -2.5771, 53.3433 ], [ -2.5751, 53.3465 ], [ -2.5758, 53.349 ], [ -2.5767, 53.3527 ], [ -2.5785, 53.3576 ], [ -2.5778, 53.3599 ], [ -2.5786, 53.3635 ], [ -2.5792, 53.3671 ], [ -2.5809, 53.3706 ], [ -2.5827, 53.3747 ], [ -2.5833, 53.3761 ], [ -2.5838, 53.3776 ], [ -2.5872, 53.3794 ], [ -2.5892, 53.3809 ], [ -2.5903, 53.3818 ], [ -2.5919, 53.3839 ], [ -2.5913, 53.3859 ], [ -2.5929, 53.3874 ], [ -2.5936, 53.3892 ], [ -2.5941, 53.4003 ], [ -2.5941, 53.4052 ], [ -2.5942, 53.4069 ], [ -2.5951, 53.408 ], [ -2.5957, 53.4089 ], [ -2.5961, 53.4104 ], [ -2.596, 53.4134 ], [ -2.5977, 53.4152 ], [ -2.5982, 53.4183 ], [ -2.5973, 53.4214 ], [ -2.5983, 53.4243 ], [ -2.5973, 53.4264 ], [ -2.5972, 53.4266 ], [ -2.597, 53.4295 ], [ -2.5978, 53.4301 ], [ -2.6013, 53.4328 ], [ -2.6078, 53.4383 ], [ -2.6108, 53.4418 ], [ -2.6113, 53.4463 ], [ -2.6125, 53.45 ], [ -2.6147, 53.4529 ], [ -2.6134, 53.4538 ], [ -2.6151, 53.4562 ], [ -2.6196, 53.4571 ], [ -2.6231, 53.4582 ], [ -2.6264, 53.4608 ], [ -2.6284, 53.4622 ], [ -2.6325, 53.4647 ], [ -2.6348, 53.4705 ], [ -2.6355, 53.4736 ], [ -2.6374, 53.4784 ], [ -2.6385, 53.4824 ], [ -2.6395, 53.4863 ], [ -2.6391, 53.4889 ], [ -2.6431, 53.4897 ], [ -2.6463, 53.4919 ], [ -2.6468, 53.4947 ], [ -2.6468, 53.4977 ], [ -2.6457, 53.4981 ], [ -2.6485, 53.5015 ], [ -2.651, 53.5035 ], [ -2.6515, 53.5063 ], [ -2.651, 53.5106 ], [ -2.6522, 53.5174 ], [ -2.6529, 53.5228 ], [ -2.6548, 53.525 ], [ -2.6549, 53.5291 ], [ -2.6551, 53.5322 ], [ -2.6541, 53.5359 ], [ -2.6516, 53.5389 ], [ -2.6501, 53.5407 ], [ -2.6474, 53.5417 ], [ -2.6446, 53.5423 ], [ -2.6417, 53.542 ], [ -2.6394, 53.5422 ], [ -2.6345, 53.5432 ], [ -2.6328, 53.5446 ], [ -2.6313, 53.5463 ], [ -2.6277, 53.5514 ], [ -2.6287, 53.5562 ], [ -2.6287, 53.5594 ], [ -2.6319, 53.5637 ], [ -2.6367, 53.5675 ], [ -2.6379, 53.5686 ], [ -2.6434, 53.5722 ], [ -2.6446, 53.573 ], [ -2.6473, 53.5764 ], [ -2.6504, 53.5773 ], [ -2.6546, 53.579 ], [ -2.6583, 53.5821 ], [ -2.6599, 53.5841 ], [ -2.6629, 53.5855 ], [ -2.6644, 53.5864 ], [ -2.6694, 53.5902 ], [ -2.6723, 53.5939 ], [ -2.6735, 53.5969 ], [ -2.6739, 53.6025 ], [ -2.6731, 53.6045 ], [ -2.6747, 53.6088 ], [ -2.6745, 53.6116 ], [ -2.6737, 53.6187 ], [ -2.6764, 53.6233 ], [ -2.6801, 53.626 ], [ -2.6851, 53.6292 ], [ -2.6854, 53.6326 ], [ -2.6825, 53.6336 ], [ -2.6805, 53.6343 ], [ -2.6796, 53.6364 ], [ -2.6782, 53.6382 ], [ -2.6791, 53.6417 ], [ -2.6778, 53.6457 ], [ -2.6763, 53.6529 ], [ -2.6743, 53.6587 ], [ -2.6754, 53.6667 ], [ -2.6782, 53.6753 ], [ -2.6765, 53.6806 ], [ -2.6771, 53.6851 ], [ -2.676, 53.6876 ], [ -2.6731, 53.6962 ], [ -2.6737, 53.7015 ], [ -2.6726, 53.7048 ], [ -2.6714, 53.7078 ], [ -2.6703, 53.7118 ], [ -2.6676, 53.7157 ], [ -2.6668, 53.7187 ], [ -2.6631, 53.7218 ], [ -2.6613, 53.7252 ], [ -2.6608, 53.7293 ], [ -2.6631, 53.7331 ], [ -2.663, 53.7359 ], [ -2.6679, 53.7374 ], [ -2.6705, 53.74 ], [ -2.6719, 53.7438 ], [ -2.6734, 53.7461 ], [ -2.6714, 53.7476 ], [ -2.6734, 53.7492 ], [ -2.6765, 53.7509 ], [ -2.6795, 53.7529 ], [ -2.6831, 53.7574 ], [ -2.686, 53.7597 ], [ -2.6879, 53.7606 ], [ -2.6903, 53.7611 ], [ -2.6919, 53.7606 ], [ -2.6946, 53.7592 ], [ -2.6969, 53.7586 ], [ -2.6991, 53.7583 ], [ -2.6995, 53.7591 ], [ -2.6998, 53.7593 ], [ -2.7027, 53.7601 ], [ -2.7047, 53.7609 ], [ -2.7063, 53.7624 ], [ -2.705, 53.7638 ], [ -2.7045, 53.7647 ], [ -2.7048, 53.7664 ], [ -2.7045, 53.7682 ], [ -2.7049, 53.7697 ], [ -2.7054, 53.7713 ], [ -2.7074, 53.7748 ], [ -2.7079, 53.7753 ], [ -2.7095, 53.7766 ], [ -2.7104, 53.7786 ], [ -2.7109, 53.7807 ], [ -2.7133, 53.7908 ], [ -2.7144, 53.7963 ], [ -2.7164, 53.8003 ], [ -2.7183, 53.8026 ], [ -2.7211, 53.8056 ], [ -2.7232, 53.8101 ], [ -2.7268, 53.8138 ], [ -2.7295, 53.8154 ], [ -2.7299, 53.8156 ], [ -2.733, 53.8171 ], [ -2.7343, 53.8215 ], [ -2.7374, 53.8301 ], [ -2.7378, 53.8311 ], [ -2.7395, 53.8375 ], [ -2.7407, 53.841 ], [ -2.7425, 53.8437 ], [ -2.744, 53.8462 ], [ -2.7463, 53.8485 ], [ -2.7471, 53.8503 ], [ -2.7456, 53.8521 ], [ -2.745, 53.8543 ], [ -2.7449, 53.8569 ], [ -2.744, 53.8589 ], [ -2.7442, 53.861 ], [ -2.746, 53.8631 ], [ -2.7486, 53.8653 ], [ -2.751, 53.868 ], [ -2.7534, 53.8701 ], [ -2.7567, 53.8706 ], [ -2.7582, 53.8717 ], [ -2.7597, 53.8749 ], [ -2.7605, 53.8766 ], [ -2.7617, 53.8774 ], [ -2.7628, 53.8788 ], [ -2.7633, 53.8795 ], [ -2.7642, 53.8805 ], [ -2.7647, 53.8819 ], [ -2.7645, 53.8821 ], [ -2.7635, 53.8836 ], [ -2.7649, 53.8862 ], [ -2.7681, 53.8897 ], [ -2.7688, 53.891 ], [ -2.7686, 53.8919 ], [ -2.7677, 53.8925 ], [ -2.7688, 53.8941 ], [ -2.7708, 53.8954 ], [ -2.7715, 53.8966 ], [ -2.7718, 53.8975 ], [ -2.7729, 53.8982 ], [ -2.7743, 53.9001 ] ] } },
{ "type": "Feature", "properties": { "linetype": 1 }, "geometry": { "type": "LineString", "coordinates": [ [ -2.3812, 53.2258 ], [ -2.3806, 53.2232 ], [ -2.3776, 53.2191 ], [ -2.3744, 53.2159 ], [ -2.3729, 53.2137 ], [ -2.3681, 53.2101 ], [ -2.3661, 53.2068 ], [ -2.3622, 53.2059 ], [ -2.3588, 53.2046 ], [ -2.3574, 53.2022 ], [ -2.3549, 53.1967 ], [ -2.3517, 53.1917 ], [ -2.3484, 53.1878 ], [ -2.3444, 53.1855 ], [ -2.3412, 53.1815 ], [ -2.3389, 53.1762 ], [ -2.3357, 53.175 ], [ -2.3347, 53.1718 ], [ -2.3325, 53.1672 ], [ -2.3215, 53.1597 ], [ -2.3196, 53.1577 ], [ -2.3182, 53.1538 ], [ -2.3147, 53.1521 ], [ -2.3108, 53.1469 ], [ -2.3064, 53.1426 ], [ -2.3066, 53.1412 ], [ -2.3037, 53.1362 ], [ -2.2932, 53.1283 ], [ -2.2932, 53.1259 ], [ -2.2916, 53.1242 ], [ -2.2884, 53.1223 ], [ -2.2857, 53.1204 ], [ -2.285, 53.1169 ], [ -2.2859, 53.1155 ], [ -2.286, 53.1114 ], [ -2.2861, 53.1094 ], [ -2.286, 53.1043 ], [ -2.2866, 53.102 ], [ -2.2866, 53.1 ] ] } },
{ "type": "Feature", "properties": { "linetype": 1 }, "geometry": { "type": "LineString", "coordinates": [ [ -2.1727, 52.917 ], [ -2.1725, 52.92 ], [ -2.1766, 52.9272 ], [ -2.1775, 52.9277 ], [ -2.1846, 52.9318 ], [ -2.1883, 52.9353 ], [ -2.1893, 52.9374 ], [ -2.1891, 52.9412 ], [ -2.1902, 52.9435 ], [ -2.1913, 52.949 ], [ -2.1918, 52.9519 ], [ -2.1919, 52.9543 ], [ -2.1947, 52.9576 ], [ -2.1946, 52.9599 ], [ -2.1948, 52.9626 ], [ -2.1953, 52.9644 ], [ -2.1987, 52.9666 ], [ -2.2001, 52.9689 ], [ -2.2025, 52.9729 ], [ -2.2009, 52.9786 ], [ -2.1991, 52.9817 ], [ -2.2041, 52.9872 ], [ -2.2122, 52.9988 ], [ -2.215, 53.0023 ], [ -2.2217, 53.0064 ], [ -2.2247, 53.0075 ], [ -2.225, 53.0075 ], [ -2.225, 53.0079 ], [ -2.2248, 53.0089 ], [ -2.2262, 53.0101 ], [ -2.2287, 53.0114 ], [ -2.2297, 53.0142 ], [ -2.2298, 53.0169 ], [ -2.2306, 53.0208 ], [ -2.2336, 53.0251 ], [ -2.2369, 53.029 ], [ -2.2388, 53.0318 ], [ -2.2445, 53.0349 ], [ -2.2476, 53.0369 ], [ -2.2492, 53.0367 ], [ -2.2502, 53.0375 ], [ -2.2513, 53.039 ], [ -2.2533, 53.0405 ], [ -2.2532, 53.0416 ], [ -2.2518, 53.0439 ], [ -2.2517, 53.0456 ], [ -2.2502, 53.0479 ], [ -2.2493, 53.0494 ], [ -2.2529, 53.0531 ], [ -2.256, 53.0565 ], [ -2.2571, 53.0583 ], [ -2.2563, 53.0612 ], [ -2.255, 53.064 ], [ -2.2555, 53.0666 ], [ -2.2574, 53.0689 ], [ -2.2591, 53.071 ], [ -2.2611, 53.0722 ], [ -2.261, 53.0745 ], [ -2.2614, 53.076 ] ] } },
{ "type": "Feature", "properties": { "linetype": 1 }, "geometry": { "type": "LineString", "coordinates": [ [ -2.9357, 54.8945 ], [ -2.9347, 54.8932 ], [ -2.9331, 54.8922 ], [ -2.9327, 54.8919 ], [ -2.9281, 54.8895 ], [ -2.9189, 54.885 ], [ -2.9121, 54.8806 ], [ -2.9064, 54.8766 ], [ -2.8967, 54.8701 ], [ -2.8903, 54.8655 ], [ -2.8813, 54.8615 ], [ -2.8759, 54.8564 ], [ -2.8631, 54.8474 ], [ -2.8593, 54.8435 ], [ -2.8585, 54.8406 ], [ -2.8585, 54.8364 ], [ -2.8512, 54.8277 ], [ -2.8424, 54.8183 ], [ -2.835, 54.8105 ], [ -2.8347, 54.8091 ], [ -2.8329, 54.8082 ], [ -2.8164, 54.7922 ], [ -2.811, 54.7849 ], [ -2.8062, 54.7784 ], [ -2.8024, 54.7716 ], [ -2.7997, 54.7683 ], [ -2.7992, 54.7649 ], [ -2.7942, 54.7534 ], [ -2.792, 54.7484 ], [ -2.7879, 54.7404 ], [ -2.784, 54.7305 ], [ -2.7824, 54.729 ], [ -2.781, 54.7263 ], [ -2.7791, 54.723 ], [ -2.7794, 54.7209 ], [ -2.776, 54.7122 ], [ -2.7694, 54.6982 ], [ -2.7657, 54.6897 ], [ -2.7652, 54.6878 ], [ -2.7634, 54.6818 ], [ -2.7602, 54.6732 ], [ -2.7605, 54.6701 ], [ -2.7586, 54.668 ], [ -2.7564, 54.6672 ], [ -2.755, 54.6659 ], [ -2.7534, 54.6645 ], [ -2.7515, 54.6634 ], [ -2.749, 54.6613 ], [ -2.7428, 54.6541 ], [ -2.742, 54.6515 ], [ -2.7382, 54.6466 ], [ -2.737, 54.6467 ], [ -2.7342, 54.6445 ], [ -2.7304, 54.6417 ], [ -2.7276, 54.6374 ], [ -2.7232, 54.6328 ], [ -2.7193, 54.6292 ], [ -2.7169, 54.6252 ], [ -2.7154, 54.6202 ], [ -2.7156, 54.619 ], [ -2.7169, 54.6122 ], [ -2.7172, 54.6084 ], [ -2.7129, 54.6033 ], [ -2.7093, 54.6019 ], [ -2.7062, 54.599 ], [ -2.7042, 54.5981 ], [ -2.7019, 54.5971 ], [ -2.6979, 54.5867 ], [ -2.6975, 54.5856 ], [ -2.6974, 54.5823 ], [ -2.6911, 54.5742 ], [ -2.6873, 54.5702 ], [ -2.6872, 54.5623 ], [ -2.6871, 54.5563 ], [ -2.6809, 54.5425 ], [ -2.6786, 54.534 ], [ -2.6774, 54.5314 ], [ -2.6736, 54.5247 ], [ -2.6697, 54.5196 ], [ -2.6696, 54.5167 ], [ -2.6697, 54.5046 ], [ -2.6704, 54.499 ], [ -2.6694, 54.4945 ], [ -2.6701, 54.491 ], [ -2.6729, 54.4869 ], [ -2.6732, 54.4791 ], [ -2.6705, 54.4752 ], [ -2.6743, 54.4696 ], [ -2.6789, 54.4673 ], [ -2.6813, 54.4642 ], [ -2.685, 54.4636 ], [ -2.6883, 54.4621 ], [ -2.6901, 54.4612 ], [ -2.6913, 54.4591 ], [ -2.6909, 54.4549 ], [ -2.6904, 54.453 ], [ -2.6897, 54.4502 ], [ -2.6897, 54.4462 ], [ -2.6877, 54.4425 ], [ -2.6871, 54.4387 ], [ -2.6888, 54.4361 ], [ -2.6907, 54.4338 ], [ -2.6908, 54.4321 ], [ -2.6906, 54.4303 ], [ -2.6914, 54.4279 ], [ -2.69, 54.4255 ], [ -2.6933, 54.4246 ], [ -2.6954, 54.4236 ], [ -2.696, 54.4218 ], [ -2.697, 54.4184 ], [ -2.6988, 54.417 ], [ -2.6999, 54.4162 ], [ -2.7002, 54.4154 ], [ -2.6995, 54.414 ], [ -2.6994, 54.4137 ], [ -2.6996, 54.411 ], [ -2.6979, 54.4096 ], [ -2.6957, 54.4087 ], [ -2.6951, 54.4066 ], [ -2.6978, 54.4047 ], [ -2.6999, 54.4048 ], [ -2.7017, 54.4049 ], [ -2.7056, 54.4037 ], [ -2.7079, 54.4021 ], [ -2.708, 54.4004 ], [ -2.7083, 54.3996 ], [ -2.7102, 54.3976 ], [ -2.7126, 54.3966 ], [ -2.7167, 54.3948 ], [ -2.7204, 54.3924 ], [ -2.7235, 54.3917 ], [ -2.7272, 54.3892 ], [ -2.7298, 54.387 ], [ -2.7297, 54.3845 ], [ -2.7313, 54.3834 ], [ -2.7321, 54.3812 ], [ -2.7339, 54.3792 ], [ -2.7342, 54.3787 ], [ -2.735, 54.3769 ], [ -2.734, 54.3753 ], [ -2.7327, 54.3736 ], [ -2.7293, 54.3724 ], [ -2.7272, 54.3705 ], [ -2.7254, 54.3704 ], [ -2.724, 54.369 ], [ -2.7222, 54.3682 ], [ -2.7235, 54.3661 ], [ -2.7253, 54.3649 ], [ -2.7264, 54.3601 ], [ -2.7277, 54.3561 ], [ -2.7268, 54.3537 ], [ -2.7271, 54.3508 ], [ -2.7279, 54.3494 ], [ -2.732, 54.3479 ], [ -2.736, 54.346 ], [ -2.7361, 54.3441 ], [ -2.7369, 54.342 ], [ -2.7386, 54.3403 ], [ -2.7398, 54.3388 ], [ -2.7392, 54.3356 ], [ -2.7391, 54.3322 ], [ -2.7418, 54.3301 ], [ -2.7451, 54.3279 ], [ -2.7477, 54.3275 ], [ -2.748, 54.3261 ], [ -2.7479, 54.3239 ], [ -2.7468, 54.3229 ], [ -2.7455, 54.3222 ], [ -2.7453, 54.3207 ], [ -2.7445, 54.3207 ], [ -2.7434, 54.3199 ], [ -2.7416, 54.3182 ], [ -2.7415, 54.3163 ], [ -2.7418, 54.3145 ], [ -2.7415, 54.3126 ], [ -2.7408, 54.3115 ], [ -2.7415, 54.3106 ], [ -2.7422, 54.3092 ], [ -2.7429, 54.3074 ], [ -2.7444, 54.3049 ], [ -2.7448, 54.3038 ], [ -2.7447, 54.3019 ], [ -2.7433, 54.3003 ], [ -2.7413, 54.2977 ], [ -2.7396, 54.2965 ], [ -2.7393, 54.2941 ], [ -2.7401, 54.2933 ], [ -2.7387, 54.2902 ], [ -2.7391, 54.2888 ], [ -2.7391, 54.2869 ], [ -2.7397, 54.2855 ], [ -2.7414, 54.2836 ], [ -2.742, 54.2826 ], [ -2.7433, 54.2814 ], [ -2.7436, 54.2799 ], [ -2.7445, 54.2787 ], [ -2.7462, 54.2775 ], [ -2.7481, 54.2766 ], [ -2.7484, 54.2752 ], [ -2.7483, 54.2741 ], [ -2.7472, 54.2721 ], [ -2.7455, 54.2719 ], [ -2.7433, 54.271 ], [ -2.7402, 54.2689 ], [ -2.737, 54.2689 ], [ -2.7377, 54.2663 ], [ -2.7389, 54.2653 ], [ -2.7387, 54.2634 ], [ -2.7386, 54.2621 ], [ -2.7371, 54.262 ], [ -2.7336, 54.2598 ], [ -2.7316, 54.2585 ], [ -2.7322, 54.2571 ], [ -2.7322, 54.255 ], [ -2.7337, 54.254 ], [ -2.7333, 54.2495 ], [ -2.7305, 54.2463 ], [ -2.7296, 54.2444 ], [ -2.7278, 54.2409 ], [ -2.7246, 54.2374 ], [ -2.7215, 54.2351 ], [ -2.7228, 54.2334 ], [ -2.7226, 54.2305 ], [ -2.7217, 54.2283 ], [ -2.7204, 54.2274 ], [ -2.7199, 54.2269 ], [ -2.7177, 54.2252 ], [ -2.7178, 54.2223 ], [ -2.7189, 54.2171 ], [ -2.7221, 54.2113 ], [ -2.7237, 54.2046 ], [ -2.7228, 54.1951 ], [ -2.7231, 54.1932 ], [ -2.7231, 54.1931 ], [ -2.7214, 54.1917 ], [ -2.7186, 54.189 ], [ -2.7181, 54.188 ], [ -2.7211, 54.1861 ], [ -2.7206, 54.1845 ], [ -2.7216, 54.1822 ], [ -2.7222, 54.1808 ], [ -2.724, 54.1775 ], [ -2.7274, 54.17 ], [ -2.7288, 54.1634 ], [ -2.7301, 54.1612 ], [ -2.7408, 54.1551 ], [ -2.7459, 54.1503 ], [ -2.7532, 54.1423 ], [ -2.7659, 54.1304 ], [ -2.7723, 54.126 ], [ -2.7751, 54.1217 ], [ -2.7792, 54.1195 ], [ -2.7835, 54.1155 ], [ -2.7867, 54.1121 ], [ -2.7889, 54.1094 ], [ -2.7909, 54.1065 ], [ -2.7908, 54.1052 ], [ -2.7907, 54.103 ], [ -2.7937, 54.1015 ], [ -2.7953, 54.0991 ], [ -2.7964, 54.0936 ], [ -2.8004, 54.0881 ], [ -2.8018, 54.0848 ], [ -2.8004, 54.0828 ], [ -2.8011, 54.0808 ], [ -2.8029, 54.0775 ], [ -2.8018, 54.0727 ], [ -2.8019, 54.0697 ], [ -2.8019, 54.0676 ], [ -2.8018, 54.0616 ], [ -2.8016, 54.058 ], [ -2.8001, 54.0565 ], [ -2.7994, 54.0561 ], [ -2.7982, 54.0552 ], [ -2.8028, 54.0525 ], [ -2.802, 54.05 ], [ -2.8, 54.05 ], [ -2.7998, 54.0449 ], [ -2.7967, 54.0422 ], [ -2.7956, 54.0348 ], [ -2.7941, 54.0318 ], [ -2.7953, 54.0288 ], [ -2.7955, 54.0283 ], [ -2.7952, 54.0272 ], [ -2.7953, 54.0254 ], [ -2.7953, 54.0231 ], [ -2.7968, 54.0178 ], [ -2.7941, 54.0096 ], [ -2.7913, 54.0088 ], [ -2.7887, 54.0076 ], [ -2.7882, 54.0074 ], [ -2.7859, 54.0039 ], [ -2.7855, 54.002 ], [ -2.7865, 54.0012 ], [ -2.7866, 54.0009 ], [ -2.7866, 54.0001 ], [ -2.7863, 54.0001 ], [ -2.7861, 54.0001 ], [ -2.7859, 53.9987 ], [ -2.7858, 53.9978 ], [ -2.785, 53.9967 ], [ -2.7862, 53.9962 ], [ -2.7881, 53.9941 ], [ -2.789, 53.9916 ], [ -2.7903, 53.9885 ], [ -2.7882, 53.9852 ], [ -2.786, 53.9803 ], [ -2.7857, 53.9764 ], [ -2.7841, 53.9728 ], [ -2.782, 53.97 ], [ -2.78, 53.9674 ], [ -2.7771, 53.9627 ], [ -2.7753, 53.9582 ], [ -2.7756, 53.953 ], [ -2.7762, 53.9461 ], [ -2.7764, 53.9419 ], [ -2.7748, 53.9388 ], [ -2.7753, 53.936 ], [ -2.7758, 53.932 ], [ -2.7762, 53.9293 ], [ -2.7762, 53.9289 ], [ -2.7761, 53.9274 ], [ -2.7796, 53.9254 ], [ -2.7807, 53.9235 ], [ -2.7792, 53.921 ], [ -2.7772, 53.9181 ], [ -2.7767, 53.913 ], [ -2.7753, 53.9102 ], [ -2.7731, 53.9069 ], [ -2.7728, 53.9048 ], [ -2.7743, 53.9001 ] ] } },
{ "type": "Feature", "properties": { "linetype": 1 }, "geometry": { "type": "LineString", "coordinates": [ [ -0.7792, 50.8365 ], [ -0.7788, 50.8405 ], [ -0.7797, 50.8478 ], [ -0.7817, 50.8527 ], [ -0.7846, 50.8623 ], [ -0.7838, 50.8651 ], [ -0.7815, 50.8661 ], [ -0.7794, 50.8676 ], [ -0.7767, 50.8689 ], [ -0.7722, 50.8707 ], [ -0.7723, 50.873 ], [ -0.7646, 50.8889 ], [ -0.7643, 50.8893 ], [ -0.7621, 50.8924 ], [ -0.7586, 50.8963 ], [ -0.7572, 50.9009 ], [ -0.7554, 50.9051 ], [ -0.7565, 50.9095 ], [ -0.7539, 50.9116 ], [ -0.7545, 50.9129 ], [ -0.7536, 50.9158 ], [ -0.7548, 50.9178 ], [ -0.7558, 50.9193 ], [ -0.7576, 50.922 ], [ -0.7583, 50.9278 ], [ -0.7575, 50.9331 ], [ -0.758, 50.937 ], [ -0.7554, 50.9426 ], [ -0.7522, 50.9493 ], [ -0.7506, 50.9514 ], [ -0.751, 50.9556 ], [ -0.7518, 50.9591 ], [ -0.7494, 50.9635 ], [ -0.7461, 50.9682 ], [ -0.7425, 50.9718 ], [ -0.7401, 50.9772 ], [ -0.7403, 50.9795 ], [ -0.7403, 50.981 ], [ -0.7393, 50.9821 ], [ -0.7378, 50.9833 ], [ -0.7374, 50.9857 ] ] } },
{ "type": "Feature", "properties": { "linetype": 1 }, "geometry": { "type": "LineString", "coordinates": [ [ -0.7374, 50.9857 ], [ -0.7378, 50.9871 ], [ -0.7391, 50.9873 ], [ -0.738, 50.9897 ], [ -0.7347, 50.991 ], [ -0.7327, 50.9923 ], [ -0.7303, 50.9938 ], [ -0.7294, 50.9943 ], [ -0.7272, 50.9963 ], [ -0.7227, 50.9974 ], [ -0.7191, 50.9991 ], [ -0.7175, 51.0001 ], [ -0.7161, 51.0004 ], [ -0.7153, 51.0014 ], [ -0.7136, 51.0036 ], [ -0.7113, 51.0055 ], [ -0.7088, 51.0076 ], [ -0.7104, 51.0094 ], [ -0.71, 51.0123 ], [ -0.709, 51.0144 ], [ -0.7081, 51.0165 ], [ -0.7073, 51.0185 ], [ -0.7062, 51.0197 ], [ -0.7042, 51.0198 ], [ -0.699, 51.0197 ], [ -0.6954, 51.0198 ], [ -0.6904, 51.0221 ], [ -0.6837, 51.0252 ], [ -0.683, 51.0259 ], [ -0.6817, 51.0272 ], [ -0.6808, 51.0281 ], [ -0.6806, 51.0299 ], [ -0.6814, 51.0328 ], [ -0.6788, 51.0357 ], [ -0.6789, 51.0378 ], [ -0.6799, 51.0417 ], [ -0.6796, 51.0458 ], [ -0.6783, 51.0491 ], [ -0.6753, 51.0513 ], [ -0.6733, 51.0545 ], [ -0.6716, 51.0578 ], [ -0.6686, 51.0603 ], [ -0.6632, 51.0634 ], [ -0.6608, 51.0656 ], [ -0.6582, 51.0707 ], [ -0.6574, 51.0743 ], [ -0.6553, 51.0775 ], [ -0.6523, 51.0819 ], [ -0.6498, 51.0837 ], [ -0.6444, 51.0899 ], [ -0.6409, 51.0937 ], [ -0.6406, 51.0964 ], [ -0.6356, 51.099 ], [ -0.6331, 51.1011 ], [ -0.6322, 51.1033 ], [ -0.6318, 51.1055 ], [ -0.6307, 51.107 ], [ -0.6291, 51.1085 ], [ -0.6292, 51.1095 ], [ -0.6285, 51.1106 ], [ -0.6275, 51.1114 ], [ -0.6279, 51.1121 ], [ -0.6275, 51.1142 ], [ -0.6257, 51.1165 ], [ -0.6235, 51.1169 ], [ -0.6229, 51.1182 ], [ -0.6232, 51.1197 ], [ -0.6251, 51.1222 ], [ -0.6261, 51.1234 ], [ -0.6276, 51.1253 ], [ -0.632, 51.1307 ], [ -0.6322, 51.1321 ], [ -0.6295, 51.1337 ], [ -0.6242, 51.1374 ], [ -0.6218, 51.1379 ], [ -0.6208, 51.1379 ], [ -0.6194, 51.1385 ], [ -0.6191, 51.1398 ], [ -0.619, 51.1411 ], [ -0.6184, 51.1431 ], [ -0.6189, 51.1449 ], [ -0.6181, 51.1472 ], [ -0.6181, 51.1495 ], [ -0.6182, 51.1504 ], [ -0.6183, 51.1517 ], [ -0.6174, 51.1536 ], [ -0.6174, 51.1552 ], [ -0.6162, 51.157 ], [ -0.6123, 51.16 ], [ -0.6063, 51.1624 ], [ -0.6018, 51.1652 ], [ -0.602, 51.1666 ], [ -0.5997, 51.1697 ], [ -0.5989, 51.1729 ], [ -0.6004, 51.1745 ], [ -0.6024, 51.1775 ], [ -0.6039, 51.1794 ], [ -0.6068, 51.1796 ], [ -0.6077, 51.1806 ], [ -0.6085, 51.1835 ], [ -0.6109, 51.1858 ] ] } },
{ "type": "Feature", "properties": { "linetype": 1 }, "geometry": { "type": "LineString", "coordinates": [ [ -1.3117, 51.0652 ], [ -1.2945, 51.0909 ], [ -1.2655, 51.1243 ] ] } },
{ "type": "Feature", "properties": { "linetype": 1 }, "geometry": { "type": "LineString", "coordinates": [ [ -1.3135, 51.0622 ], [ -1.3117, 51.0652 ] ] } },
{ "type": "Feature", "properties": { "linetype": 1 }, "geometry": { "type": "LineString", "coordinates": [ [ -0.9339, 51.0075 ], [ -0.9391, 51.007 ], [ -0.9416, 51.0076 ], [ -0.9443, 51.0087 ], [ -0.9459, 51.0087 ], [ -0.9464, 51.0086 ], [ -0.948, 51.0081 ], [ -0.9542, 51.0086 ], [ -0.959, 51.0083 ], [ -0.9625, 51.0081 ], [ -0.9661, 51.0086 ], [ -0.9721, 51.0078 ], [ -0.9772, 51.0083 ], [ -0.9871, 51.0098 ], [ -0.9886, 51.0104 ], [ -0.9918, 51.01 ], [ -0.996, 51.0093 ], [ -0.9976, 51.0098 ], [ -1.0013, 51.0111 ], [ -1.003, 51.0118 ], [ -1.0045, 51.0148 ], [ -1.006, 51.0165 ], [ -1.0094, 51.0167 ], [ -1.013, 51.0172 ], [ -1.0163, 51.0179 ], [ -1.0209, 51.0197 ], [ -1.0242, 51.0205 ], [ -1.0256, 51.0226 ], [ -1.0263, 51.0251 ], [ -1.0275, 51.0262 ], [ -1.0284, 51.027 ], [ -1.0313, 51.0287 ], [ -1.0347, 51.0312 ], [ -1.0367, 51.0316 ], [ -1.04, 51.0311 ], [ -1.0431, 51.0317 ], [ -1.046, 51.0316 ], [ -1.0494, 51.031 ], [ -1.0519, 51.0306 ], [ -1.0563, 51.0305 ], [ -1.0751, 51.0314 ], [ -1.08, 51.031 ], [ -1.085, 51.0316 ], [ -1.0909, 51.0351 ], [ -1.0924, 51.0361 ], [ -1.095, 51.0366 ], [ -1.1039, 51.0408 ], [ -1.1116, 51.044 ], [ -1.1162, 51.0446 ], [ -1.1247, 51.0469 ], [ -1.1271, 51.048 ], [ -1.1324, 51.0501 ], [ -1.1361, 51.0508 ], [ -1.1376, 51.0508 ], [ -1.1417, 51.0517 ], [ -1.1446, 51.0519 ], [ -1.1526, 51.0513 ], [ -1.1566, 51.0512 ], [ -1.1609, 51.051 ], [ -1.1671, 51.0508 ], [ -1.1688, 51.0518 ], [ -1.1698, 51.0519 ], [ -1.1701, 51.0526 ], [ -1.1703, 51.0531 ], [ -1.1714, 51.0538 ], [ -1.173, 51.0537 ], [ -1.1745, 51.0537 ], [ -1.1762, 51.0531 ], [ -1.1785, 51.0523 ], [ -1.1824, 51.0523 ], [ -1.1856, 51.0525 ], [ -1.1896, 51.0526 ], [ -1.1959, 51.0528 ], [ -1.1987, 51.0512 ], [ -1.2036, 51.0504 ], [ -1.2072, 51.0507 ], [ -1.2102, 51.0523 ], [ -1.2125, 51.0489 ], [ -1.2201, 51.0517 ], [ -1.2283, 51.055 ], [ -1.2351, 51.0573 ], [ -1.2408, 51.0608 ], [ -1.2409, 51.062 ], [ -1.2769, 51.0618 ], [ -1.2941, 51.062 ], [ -1.3027, 51.0624 ], [ -1.307, 51.0633 ], [ -1.307, 51.0642 ], [ -1.3117, 51.0652 ] ] } },
{ "type": "Feature", "properties": { "linetype": 1 }, "geometry": { "type": "LineString", "coordinates": [ [ -0.7374, 50.9857 ], [ -0.7403, 50.9855 ], [ -0.7442, 50.9865 ], [ -0.745, 50.9869 ], [ -0.7469, 50.9879 ], [ -0.7507, 50.9889 ], [ -0.7521, 50.989 ], [ -0.7551, 50.989 ], [ -0.7595, 50.9888 ], [ -0.765, 50.9889 ], [ -0.7688, 50.9891 ], [ -0.771, 50.9884 ], [ -0.7749, 50.9903 ], [ -0.7815, 50.9924 ], [ -0.7874, 50.9933 ], [ -0.7961, 50.9944 ], [ -0.8005, 50.9942 ], [ -0.804, 50.994 ], [ -0.808, 50.9937 ], [ -0.8104, 50.9954 ], [ -0.8137, 50.9966 ], [ -0.8135, 50.9982 ], [ -0.8143, 51.0 ], [ -0.8162, 50.9996 ], [ -0.8209, 51.0015 ], [ -0.826, 51.0024 ], [ -0.83, 51.0035 ], [ -0.8324, 51.0035 ], [ -0.8334, 51.0046 ], [ -0.8331, 51.0062 ], [ -0.835, 51.0075 ], [ -0.8392, 51.0083 ], [ -0.8438, 51.0086 ], [ -0.8504, 51.0079 ], [ -0.8538, 51.0074 ], [ -0.856, 51.0055 ], [ -0.8608, 51.0056 ], [ -0.8659, 51.0065 ], [ -0.8702, 51.0069 ], [ -0.8826, 51.006 ], [ -0.8869, 51.0063 ], [ -0.8921, 51.0076 ], [ -0.8948, 51.0101 ], [ -0.9012, 51.0108 ], [ -0.9067, 51.0124 ], [ -0.9082, 51.0132 ], [ -0.9098, 51.0159 ] ] } },
{ "type": "Feature", "properties": { "linetype": 1 }, "geometry": { "type": "LineString", "coordinates": [ [ -0.8646, 52.0632 ], [ -0.8628, 52.0647 ], [ -0.8622, 52.0674 ], [ -0.8611, 52.0695 ], [ -0.8622, 52.0705 ], [ -0.8622, 52.0729 ], [ -0.8615, 52.075 ], [ -0.8613, 52.0781 ], [ -0.8617, 52.0803 ], [ -0.8636, 52.083 ], [ -0.8666, 52.0849 ], [ -0.8699, 52.0876 ], [ -0.8725, 52.0899 ], [ -0.8757, 52.092 ], [ -0.8791, 52.0939 ], [ -0.8823, 52.0956 ], [ -0.8844, 52.0962 ], [ -0.8848, 52.0963 ], [ -0.8846, 52.0966 ], [ -0.8825, 52.0994 ], [ -0.886, 52.1028 ], [ -0.8878, 52.1037 ], [ -0.8923, 52.1075 ], [ -0.895, 52.109 ], [ -0.8976, 52.1122 ], [ -0.8999, 52.1142 ], [ -0.9052, 52.1216 ], [ -0.9078, 52.1258 ], [ -0.9081, 52.1299 ], [ -0.9078, 52.1343 ], [ -0.907, 52.138 ], [ -0.9055, 52.1399 ], [ -0.9031, 52.1414 ], [ -0.9033, 52.1434 ], [ -0.9039, 52.1463 ], [ -0.9026, 52.1494 ], [ -0.9006, 52.1519 ], [ -0.8986, 52.1548 ], [ -0.8983, 52.157 ], [ -0.8973, 52.158 ], [ -0.898, 52.1597 ], [ -0.8981, 52.1617 ], [ -0.8974, 52.1627 ], [ -0.8969, 52.1629 ], [ -0.8964, 52.1632 ], [ -0.8969, 52.1641 ], [ -0.8979, 52.1657 ], [ -0.8983, 52.1688 ], [ -0.8997, 52.1699 ], [ -0.9002, 52.1714 ], [ -0.9005, 52.1731 ], [ -0.9001, 52.1765 ], [ -0.9002, 52.1793 ], [ -0.8987, 52.182 ], [ -0.8968, 52.1844 ], [ -0.8964, 52.1849 ], [ -0.8954, 52.1867 ], [ -0.8948, 52.189 ], [ -0.8926, 52.1919 ], [ -0.8925, 52.1949 ], [ -0.893, 52.197 ], [ -0.892, 52.199 ], [ -0.8927, 52.2009 ], [ -0.8918, 52.203 ], [ -0.8907, 52.2049 ], [ -0.8919, 52.208 ], [ -0.8944, 52.2104 ], [ -0.8959, 52.214 ], [ -0.8966, 52.2152 ], [ -0.8976, 52.2171 ], [ -0.8972, 52.2224 ], [ -0.8967, 52.2269 ], [ -0.8965, 52.2308 ], [ -0.8976, 52.2335 ], [ -0.8974, 52.2366 ], [ -0.8964, 52.2366 ], [ -0.8964, 52.2381 ], [ -0.8964, 52.2384 ], [ -0.8977, 52.2384 ], [ -0.8984, 52.2408 ], [ -0.8985, 52.2421 ], [ -0.8982, 52.2432 ], [ -0.8981, 52.2434 ], [ -0.8976, 52.2449 ], [ -0.8981, 52.2484 ], [ -0.8986, 52.2506 ], [ -0.8987, 52.251 ], [ -0.9008, 52.2543 ], [ -0.901, 52.2567 ], [ -0.9004, 52.2622 ], [ -0.8999, 52.2656 ], [ -0.901, 52.2697 ], [ -0.9035, 52.2751 ], [ -0.9045, 52.2776 ], [ -0.9046, 52.2818 ], [ -0.9048, 52.2868 ], [ -0.9052, 52.2906 ], [ -0.9037, 52.2975 ], [ -0.9024, 52.3021 ], [ -0.9023, 52.3027 ], [ -0.9009, 52.3081 ], [ -0.9009, 52.3111 ], [ -0.9023, 52.314 ], [ -0.9036, 52.3176 ], [ -0.9039, 52.3186 ], [ -0.9041, 52.3241 ], [ -0.9041, 52.3253 ], [ -0.9041, 52.3273 ], [ -0.903, 52.3301 ], [ -0.9017, 52.3307 ], [ -0.901, 52.3319 ], [ -0.9004, 52.333 ], [ -0.9002, 52.3348 ], [ -0.9001, 52.3384 ], [ -0.8996, 52.34 ], [ -0.8982, 52.3431 ], [ -0.8959, 52.3477 ], [ -0.894, 52.3516 ], [ -0.8926, 52.3541 ], [ -0.8921, 52.3563 ], [ -0.8918, 52.3581 ], [ -0.8911, 52.3605 ], [ -0.8908, 52.3621 ], [ -0.8916, 52.3634 ], [ -0.8941, 52.3652 ], [ -0.8963, 52.3681 ], [ -0.8995, 52.3694 ], [ -0.9011, 52.371 ], [ -0.9009, 52.3769 ], [ -0.9001, 52.3834 ], [ -0.9042, 52.3834 ], [ -0.9048, 52.3851 ], [ -0.9064, 52.3881 ], [ -0.9098, 52.3917 ], [ -0.9125, 52.3948 ], [ -0.9158, 52.3994 ], [ -0.9177, 52.4027 ], [ -0.9184, 52.4063 ], [ -0.9178, 52.4088 ], [ -0.9167, 52.4106 ], [ -0.9165, 52.414 ], [ -0.917, 52.4185 ], [ -0.917, 52.4201 ], [ -0.9165, 52.4216 ], [ -0.9168, 52.4239 ], [ -0.9171, 52.4274 ], [ -0.9172, 52.4295 ], [ -0.9163, 52.4318 ], [ -0.917, 52.4339 ], [ -0.9169, 52.4363 ], [ -0.9174, 52.4396 ], [ -0.9186, 52.443 ], [ -0.9191, 52.446 ], [ -0.9183, 52.4499 ], [ -0.9192, 52.4514 ], [ -0.9184, 52.4528 ], [ -0.9181, 52.4548 ], [ -0.919, 52.4571 ], [ -0.919, 52.4595 ], [ -0.9174, 52.462 ], [ -0.9165, 52.4634 ], [ -0.9155, 52.4648 ], [ -0.9139, 52.4672 ], [ -0.9135, 52.4685 ], [ -0.9164, 52.472 ], [ -0.9186, 52.4753 ], [ -0.9193, 52.4771 ], [ -0.9199, 52.4777 ], [ -0.9205, 52.4776 ], [ -0.926, 52.4822 ], [ -0.9289, 52.4841 ], [ -0.9314, 52.486 ], [ -0.9336, 52.487 ], [ -0.9354, 52.4879 ], [ -0.9357, 52.4888 ], [ -0.9358, 52.4907 ], [ -0.9359, 52.491 ], [ -0.9369, 52.4936 ], [ -0.9392, 52.4983 ], [ -0.9406, 52.5045 ], [ -0.9417, 52.5083 ], [ -0.9434, 52.5104 ], [ -0.948, 52.5131 ], [ -0.9514, 52.5144 ], [ -0.9545, 52.5174 ], [ -0.961, 52.522 ], [ -0.9642, 52.5238 ], [ -0.9663, 52.5263 ], [ -0.9685, 52.5298 ], [ -0.9705, 52.5313 ], [ -0.9737, 52.5322 ], [ -0.9769, 52.5329 ], [ -0.9795, 52.5351 ], [ -0.9844, 52.538 ], [ -0.9888, 52.54 ], [ -0.9919, 52.5418 ], [ -0.9941, 52.5425 ], [ -0.9945, 52.5425 ], [ -0.9966, 52.5427 ], [ -0.9981, 52.5429 ], [ -0.999, 52.5443 ], [ -0.9997, 52.5453 ], [ -1.0017, 52.5457 ], [ -1.0032, 52.548 ], [ -1.0033, 52.5483 ], [ -1.0041, 52.5504 ], [ -1.0065, 52.5529 ], [ -1.0105, 52.5557 ], [ -1.0119, 52.5573 ], [ -1.0153, 52.5602 ], [ -1.018, 52.5634 ], [ -1.0203, 52.5658 ], [ -1.0252, 52.568 ], [ -1.0306, 52.5701 ], [ -1.0353, 52.5717 ], [ -1.0381, 52.5722 ], [ -1.0402, 52.5735 ], [ -1.0404, 52.5744 ], [ -1.0411, 52.5758 ], [ -1.0451, 52.5772 ], [ -1.0478, 52.5787 ], [ -1.0504, 52.5808 ], [ -1.0589, 52.5852 ], [ -1.0627, 52.5882 ], [ -1.0684, 52.5931 ], [ -1.0706, 52.5947 ], [ -1.0746, 52.5962 ], [ -1.0761, 52.5966 ], [ -1.0784, 52.5971 ], [ -1.0822, 52.598 ], [ -1.0836, 52.5987 ], [ -1.0842, 52.6012 ], [ -1.087, 52.6018 ], [ -1.0881, 52.6033 ], [ -1.0912, 52.6047 ], [ -1.0945, 52.6068 ], [ -1.0981, 52.6081 ], [ -1.0999, 52.6094 ], [ -1.1019, 52.612 ], [ -1.1042, 52.6141 ], [ -1.1082, 52.6164 ], [ -1.1109, 52.6193 ], [ -1.1117, 52.6202 ], [ -1.1137, 52.6224 ], [ -1.1165, 52.6249 ], [ -1.1208, 52.6277 ], [ -1.1249, 52.6303 ], [ -1.1267, 52.632 ], [ -1.13, 52.6333 ], [ -1.1317, 52.6344 ], [ -1.1331, 52.6362 ], [ -1.1315, 52.6384 ], [ -1.1282, 52.6429 ], [ -1.1255, 52.6458 ], [ -1.1218, 52.6511 ], [ -1.1228, 52.6529 ], [ -1.1223, 52.6555 ], [ -1.1222, 52.6571 ], [ -1.1229, 52.6588 ], [ -1.124, 52.6602 ], [ -1.1254, 52.6597 ], [ -1.1266, 52.6604 ], [ -1.1283, 52.6608 ], [ -1.1314, 52.6614 ], [ -1.1293, 52.665 ], [ -1.1287, 52.6713 ], [ -1.1265, 52.6752 ], [ -1.1256, 52.6808 ], [ -1.126, 52.6877 ], [ -1.126, 52.6926 ], [ -1.1274, 52.6999 ], [ -1.1289, 52.7056 ], [ -1.1281, 52.7086 ], [ -1.1275, 52.7127 ], [ -1.1272, 52.7146 ], [ -1.1296, 52.7201 ], [ -1.1327, 52.7226 ], [ -1.1375, 52.7272 ], [ -1.1399, 52.73 ], [ -1.1424, 52.731 ], [ -1.1455, 52.7327 ], [ -1.1474, 52.7339 ], [ -1.1503, 52.736 ], [ -1.1549, 52.7381 ], [ -1.1614, 52.7402 ], [ -1.166, 52.7419 ], [ -1.1699, 52.7426 ], [ -1.1726, 52.7443 ], [ -1.1751, 52.7452 ], [ -1.1807, 52.7469 ], [ -1.1833, 52.7487 ], [ -1.1843, 52.7515 ], [ -1.1859, 52.7537 ], [ -1.1902, 52.7564 ], [ -1.1945, 52.7595 ], [ -1.1962, 52.7617 ], [ -1.1981, 52.7647 ], [ -1.2007, 52.7679 ], [ -1.2037, 52.7706 ], [ -1.2062, 52.772 ], [ -1.209, 52.7734 ], [ -1.2099, 52.7739 ], [ -1.2118, 52.775 ], [ -1.2162, 52.7767 ], [ -1.2198, 52.779 ], [ -1.2232, 52.781 ], [ -1.2278, 52.7826 ], [ -1.2323, 52.7838 ], [ -1.2379, 52.7845 ], [ -1.2424, 52.7853 ], [ -1.2455, 52.7852 ], [ -1.2472, 52.7858 ], [ -1.249, 52.7879 ], [ -1.2516, 52.7899 ], [ -1.2534, 52.7914 ], [ -1.2571, 52.7927 ], [ -1.2588, 52.7934 ], [ -1.2614, 52.7985 ], [ -1.2608, 52.8011 ], [ -1.2616, 52.8029 ], [ -1.2611, 52.8049 ], [ -1.2633, 52.8073 ], [ -1.2634, 52.8103 ], [ -1.2657, 52.8134 ], [ -1.2677, 52.8167 ], [ -1.2703, 52.8217 ], [ -1.2717, 52.824 ], [ -1.2719, 52.826 ], [ -1.2745, 52.8299 ], [ -1.2767, 52.8312 ], [ -1.2775, 52.832 ], [ -1.2768, 52.8339 ], [ -1.2769, 52.835 ], [ -1.2779, 52.8351 ], [ -1.2783, 52.8358 ], [ -1.2811, 52.8355 ], [ -1.2839, 52.8355 ], [ -1.2844, 52.8375 ], [ -1.2864, 52.8391 ], [ -1.288, 52.8402 ], [ -1.2892, 52.841 ], [ -1.2919, 52.8426 ], [ -1.2949, 52.8437 ], [ -1.2973, 52.8443 ], [ -1.2991, 52.8458 ], [ -1.3003, 52.8481 ], [ -1.3005, 52.8504 ], [ -1.3001, 52.8524 ], [ -1.2999, 52.8537 ], [ -1.3014, 52.8542 ], [ -1.3039, 52.8543 ], [ -1.3061, 52.8548 ], [ -1.311, 52.8569 ], [ -1.3145, 52.8588 ], [ -1.3169, 52.86 ], [ -1.3213, 52.8605 ], [ -1.3245, 52.8608 ], [ -1.3266, 52.8621 ], [ -1.3316, 52.8626 ], [ -1.3331, 52.8633 ], [ -1.3353, 52.8641 ], [ -1.3377, 52.8638 ], [ -1.3389, 52.8636 ], [ -1.3394, 52.8641 ], [ -1.3394, 52.8651 ], [ -1.341, 52.8667 ], [ -1.3424, 52.8677 ], [ -1.3454, 52.868 ], [ -1.3511, 52.8686 ], [ -1.3525, 52.8685 ], [ -1.3534, 52.8685 ], [ -1.3567, 52.8695 ], [ -1.3592, 52.8708 ], [ -1.3626, 52.8708 ], [ -1.3649, 52.8708 ], [ -1.3676, 52.8717 ], [ -1.3793, 52.8779 ], [ -1.3841, 52.8792 ], [ -1.3885, 52.8796 ], [ -1.3927, 52.8804 ], [ -1.3955, 52.8806 ], [ -1.4017, 52.8837 ], [ -1.4124, 52.8871 ], [ -1.4183, 52.8896 ], [ -1.4203, 52.8903 ], [ -1.4216, 52.8915 ], [ -1.4243, 52.8926 ], [ -1.4263, 52.8941 ], [ -1.4277, 52.8953 ], [ -1.4286, 52.8967 ], [ -1.4329, 52.8977 ], [ -1.436, 52.9003 ], [ -1.4394, 52.9019 ], [ -1.443, 52.9029 ], [ -1.4478, 52.9046 ], [ -1.4554, 52.9076 ], [ -1.4619, 52.9112 ], [ -1.4667, 52.9144 ], [ -1.4697, 52.9163 ], [ -1.4755, 52.9192 ], [ -1.476, 52.9197 ], [ -1.4765, 52.9206 ], [ -1.4768, 52.9216 ], [ -1.4774, 52.9225 ], [ -1.4764, 52.923 ], [ -1.4767, 52.9232 ] ] } },
{ "type": "Feature", "properties": { "linetype": 1 }, "geometry": { "type": "LineString", "coordinates": [ [ -1.1334, 52.6345 ], [ -1.1331, 52.6362 ] ] } },
{ "type": "Feature", "properties": { "linetype": 1 }, "geometry": { "type": "LineString", "coordinates": [ [ -0.5389, 53.2344 ], [ -0.5383, 53.2382 ], [ -0.5378, 53.2445 ], [ -0.5386, 53.2521 ], [ -0.5405, 53.2802 ], [ -0.5436, 53.3226 ], [ -0.5443, 53.3321 ], [ -0.5475, 53.3801 ], [ -0.5485, 53.4001 ], [ -0.5503, 53.4352 ], [ -0.552, 53.4563 ], [ -0.5522, 53.4634 ], [ -0.5525, 53.4717 ], [ -0.5388, 53.4826 ], [ -0.5392, 53.4843 ], [ -0.5389, 53.4853 ], [ -0.5375, 53.4861 ], [ -0.5377, 53.4867 ], [ -0.5368, 53.4874 ], [ -0.5358, 53.4877 ], [ -0.5359, 53.4889 ], [ -0.5344, 53.4912 ], [ -0.5342, 53.4915 ], [ -0.5316, 53.4959 ], [ -0.5293, 53.5019 ], [ -0.5291, 53.5072 ], [ -0.5285, 53.5091 ], [ -0.5278, 53.5101 ], [ -0.5283, 53.5106 ], [ -0.5295, 53.5108 ], [ -0.5297, 53.5124 ], [ -0.5269, 53.5154 ], [ -0.5249, 53.5194 ], [ -0.5236, 53.5225 ], [ -0.5227, 53.5249 ], [ -0.521, 53.531 ], [ -0.5203, 53.5351 ], [ -0.5206, 53.5382 ], [ -0.5216, 53.5402 ], [ -0.5214, 53.5428 ], [ -0.5207, 53.5459 ], [ -0.5143, 53.5477 ], [ -0.5074, 53.5494 ], [ -0.4942, 53.5518 ], [ -0.4892, 53.5525 ], [ -0.4863, 53.552 ], [ -0.4834, 53.5548 ], [ -0.4813, 53.557 ], [ -0.4775, 53.5587 ], [ -0.4731, 53.5604 ], [ -0.4711, 53.5616 ], [ -0.4689, 53.5665 ], [ -0.4662, 53.5717 ], [ -0.4648, 53.576 ], [ -0.4588, 53.5847 ], [ -0.4589, 53.5869 ], [ -0.4478, 53.5963 ], [ -0.4457, 53.5986 ], [ -0.4457, 53.6023 ], [ -0.4435, 53.6039 ], [ -0.4413, 53.6067 ], [ -0.4406, 53.6101 ], [ -0.4424, 53.616 ], [ -0.4424, 53.6196 ], [ -0.442, 53.623 ], [ -0.4419, 53.627 ], [ -0.4447, 53.6308 ], [ -0.4463, 53.6338 ], [ -0.4473, 53.6376 ], [ -0.4507, 53.6426 ], [ -0.4521, 53.647 ], [ -0.4523, 53.6494 ], [ -0.4525, 53.6511 ], [ -0.4532, 53.6555 ], [ -0.4499, 53.6619 ], [ -0.4454, 53.6666 ], [ -0.4439, 53.6682 ], [ -0.442, 53.6711 ], [ -0.4412, 53.6751 ], [ -0.4408, 53.6778 ], [ -0.4408, 53.678 ], [ -0.4414, 53.6811 ], [ -0.4404, 53.6831 ], [ -0.4392, 53.6829 ], [ -0.4399, 53.6837 ], [ -0.4422, 53.6846 ], [ -0.4431, 53.6852 ], [ -0.444, 53.6858 ], [ -0.445, 53.686 ], [ -0.4441, 53.6881 ], [ -0.4438, 53.6895 ], [ -0.4439, 53.6926 ], [ -0.4437, 53.6956 ], [ -0.4445, 53.6971 ], [ -0.4368, 53.7086 ], [ -0.3819, 53.7157 ], [ -0.3337, 53.7382 ], [ -0.3341, 53.7396 ], [ -0.3337, 53.7411 ], [ -0.3332, 53.7426 ], [ -0.3355, 53.743 ], [ -0.3393, 53.7435 ], [ -0.3396, 53.744 ], [ -0.3416, 53.7441 ], [ -0.3416, 53.7448 ], [ -0.3474, 53.7486 ], [ -0.3492, 53.757 ], [ -0.35, 53.761 ], [ -0.3537, 53.7664 ], [ -0.357, 53.7785 ], [ -0.3622, 53.7868 ], [ -0.3652, 53.7931 ], [ -0.371, 53.798 ], [ -0.3713, 53.8016 ], [ -0.3797, 53.8136 ], [ -0.3817, 53.8144 ], [ -0.3842, 53.8139 ], [ -0.3843, 53.8154 ], [ -0.3867, 53.8193 ], [ -0.3886, 53.8221 ], [ -0.3909, 53.8225 ], [ -0.3928, 53.8239 ], [ -0.3998, 53.8258 ], [ -0.3996, 53.8278 ], [ -0.4007, 53.8293 ], [ -0.4008, 53.8304 ], [ -0.403, 53.8326 ], [ -0.4052, 53.8336 ], [ -0.4066, 53.8362 ], [ -0.4091, 53.8376 ], [ -0.4133, 53.838 ], [ -0.4133, 53.8392 ], [ -0.4163, 53.8392 ], [ -0.4169, 53.8388 ], [ -0.4195, 53.8386 ], [ -0.424, 53.8392 ], [ -0.4253, 53.8408 ], [ -0.4262, 53.8411 ], [ -0.4275, 53.8414 ], [ -0.4287, 53.8418 ], [ -0.4298, 53.8418 ], [ -0.4314, 53.8421 ], [ -0.4316, 53.8421 ], [ -0.4326, 53.843 ], [ -0.4344, 53.8439 ], [ -0.4427, 53.8488 ], [ -0.4466, 53.8513 ], [ -0.451, 53.852 ], [ -0.4519, 53.853 ], [ -0.4483, 53.8549 ], [ -0.4525, 53.8636 ], [ -0.4531, 53.8662 ], [ -0.4539, 53.868 ], [ -0.4524, 53.8698 ], [ -0.4502, 53.8718 ], [ -0.4529, 53.8744 ], [ -0.4562, 53.8766 ], [ -0.4604, 53.8787 ], [ -0.4619, 53.879 ], [ -0.4695, 53.8838 ], [ -0.4705, 53.8848 ], [ -0.4679, 53.8858 ], [ -0.4659, 53.8856 ], [ -0.4609, 53.8868 ], [ -0.4577, 53.8913 ], [ -0.4582, 53.893 ], [ -0.4599, 53.8955 ], [ -0.4612, 53.8954 ], [ -0.4616, 53.898 ], [ -0.4555, 53.9035 ], [ -0.4575, 53.907 ], [ -0.4583, 53.9138 ], [ -0.4604, 53.9176 ], [ -0.4603, 53.9217 ], [ -0.4581, 53.9232 ], [ -0.4589, 53.9272 ], [ -0.4576, 53.9298 ], [ -0.4528, 53.9332 ], [ -0.4506, 53.9342 ], [ -0.4501, 53.9359 ], [ -0.451, 53.9363 ], [ -0.4502, 53.9392 ], [ -0.4507, 53.9427 ], [ -0.4497, 53.9477 ], [ -0.4449, 53.9545 ], [ -0.4451, 53.9567 ], [ -0.4445, 53.959 ], [ -0.4464, 53.961 ], [ -0.4491, 53.963 ], [ -0.4496, 53.9649 ], [ -0.447, 53.9731 ], [ -0.4451, 53.9774 ], [ -0.4446, 53.9835 ], [ -0.4474, 53.9912 ], [ -0.4459, 53.9965 ], [ -0.4355, 54.0015 ], [ -0.4376, 54.0039 ], [ -0.44, 54.0056 ], [ -0.4431, 54.0098 ], [ -0.4404, 54.0111 ], [ -0.4411, 54.0125 ], [ -0.4424, 54.014 ], [ -0.4446, 54.0179 ], [ -0.4462, 54.0225 ], [ -0.4472, 54.0256 ], [ -0.4462, 54.0294 ], [ -0.447, 54.031 ], [ -0.4435, 54.0319 ], [ -0.4374, 54.0354 ], [ -0.4316, 54.0408 ], [ -0.4278, 54.0432 ], [ -0.4199, 54.0462 ], [ -0.4086, 54.0545 ], [ -0.4072, 54.0561 ], [ -0.4045, 54.0574 ], [ -0.3997, 54.0595 ], [ -0.393, 54.0616 ], [ -0.3918, 54.0636 ], [ -0.3882, 54.0631 ], [ -0.3851, 54.0628 ], [ -0.3828, 54.0632 ], [ -0.3824, 54.0646 ], [ -0.3784, 54.0643 ], [ -0.3755, 54.0643 ], [ -0.3746, 54.0646 ] ] } },
{ "type": "Feature", "properties": { "linetype": 1 }, "geometry": { "type": "LineString", "coordinates": [ [ -0.0841, 54.117 ], [ -0.0867, 54.1174 ], [ -0.0933, 54.117 ], [ -0.0964, 54.1162 ], [ -0.1013, 54.1149 ], [ -0.1057, 54.1144 ], [ -0.1098, 54.1145 ], [ -0.1105, 54.1145 ], [ -0.1143, 54.1149 ], [ -0.1155, 54.1147 ], [ -0.1174, 54.1137 ], [ -0.1179, 54.1134 ], [ -0.1195, 54.1134 ], [ -0.1224, 54.1135 ], [ -0.1258, 54.1127 ], [ -0.131, 54.1134 ], [ -0.1345, 54.1128 ], [ -0.139, 54.1125 ], [ -0.1434, 54.1126 ], [ -0.1448, 54.113 ], [ -0.147, 54.1124 ], [ -0.1521, 54.1125 ], [ -0.1574, 54.1111 ], [ -0.1622, 54.1099 ], [ -0.1675, 54.1103 ], [ -0.1677, 54.1085 ], [ -0.1655, 54.1041 ], [ -0.1645, 54.102 ], [ -0.1677, 54.1009 ], [ -0.1772, 54.0986 ], [ -0.1829, 54.0973 ], [ -0.1879, 54.0966 ], [ -0.1913, 54.0963 ], [ -0.1948, 54.0965 ], [ -0.1974, 54.0961 ], [ -0.1996, 54.0955 ], [ -0.2027, 54.0951 ], [ -0.203, 54.0943 ], [ -0.2047, 54.0931 ], [ -0.2098, 54.0935 ], [ -0.2144, 54.0936 ], [ -0.2152, 54.0935 ], [ -0.2188, 54.0932 ], [ -0.2188, 54.0929 ], [ -0.2188, 54.0903 ], [ -0.2195, 54.0895 ], [ -0.2199, 54.0879 ], [ -0.2372, 54.0895 ], [ -0.2379, 54.0896 ], [ -0.2492, 54.0895 ], [ -0.2631, 54.0866 ], [ -0.2746, 54.0846 ], [ -0.2815, 54.0828 ], [ -0.298, 54.0799 ], [ -0.303, 54.0796 ], [ -0.3147, 54.0775 ], [ -0.3198, 54.0761 ], [ -0.3259, 54.0751 ], [ -0.3325, 54.0731 ], [ -0.3376, 54.0722 ], [ -0.3438, 54.0703 ], [ -0.3444, 54.0701 ], [ -0.3473, 54.069 ], [ -0.3518, 54.0671 ], [ -0.3566, 54.0664 ], [ -0.3706, 54.0652 ], [ -0.3746, 54.0646 ] ] } },
{ "type": "Feature", "properties": { "linetype": 1 }, "geometry": { "type": "LineString", "coordinates": [ [ -0.0245, 52.9757 ], [ -0.0267, 52.976 ], [ -0.0286, 52.9758 ], [ -0.0323, 52.9764 ], [ -0.0347, 52.9775 ], [ -0.0391, 52.9771 ], [ -0.0585, 52.9725 ], [ -0.058, 52.9695 ], [ -0.1247, 52.9639 ], [ -0.1273, 52.9613 ], [ -0.1331, 52.9589 ], [ -0.1416, 52.9573 ], [ -0.1472, 52.9573 ], [ -0.1589, 52.9586 ], [ -0.1645, 52.9592 ], [ -0.1676, 52.9587 ], [ -0.1674, 52.9563 ], [ -0.1684, 52.9542 ], [ -0.1743, 52.957 ], [ -0.1769, 52.959 ], [ -0.1834, 52.9649 ], [ -0.1884, 52.97 ], [ -0.1954, 52.9737 ], [ -0.2083, 52.9772 ], [ -0.2134, 52.9794 ], [ -0.2221, 52.9822 ], [ -0.2278, 52.9837 ], [ -0.2357, 52.9842 ], [ -0.241, 52.9844 ], [ -0.2462, 52.9835 ], [ -0.2569, 52.9811 ], [ -0.259, 52.9802 ], [ -0.2694, 52.9816 ], [ -0.2748, 52.9816 ], [ -0.2793, 52.9806 ], [ -0.2897, 52.98 ], [ -0.2918, 52.9805 ], [ -0.3002, 52.98 ], [ -0.3032, 52.9801 ], [ -0.3111, 52.9818 ], [ -0.3144, 52.9822 ], [ -0.3186, 52.9842 ], [ -0.3196, 52.9856 ], [ -0.3234, 52.9872 ], [ -0.3275, 52.987 ], [ -0.3363, 52.988 ], [ -0.3366, 52.9875 ], [ -0.3402, 52.9908 ], [ -0.3439, 52.9921 ], [ -0.352, 52.9937 ], [ -0.3585, 52.9955 ], [ -0.364, 52.9966 ], [ -0.381, 52.9984 ], [ -0.3879, 52.9991 ], [ -0.3946, 52.9989 ], [ -0.401, 52.998 ], [ -0.4028, 52.9981 ], [ -0.4045, 52.9976 ], [ -0.4069, 52.9971 ], [ -0.4086, 52.9988 ], [ -0.4089, 52.9997 ] ] } },
{ "type": "Feature", "properties": { "linetype": 1 }, "geometry": { "type": "LineString", "coordinates": [ [ -0.4089, 52.9997 ], [ -0.41, 53.0019 ], [ -0.411, 53.0018 ], [ -0.4134, 53.0041 ], [ -0.4155, 53.0062 ], [ -0.4191, 53.009 ], [ -0.4225, 53.0104 ], [ -0.4249, 53.013 ], [ -0.4255, 53.0178 ], [ -0.4261, 53.0208 ], [ -0.4253, 53.0212 ], [ -0.4268, 53.0235 ], [ -0.4277, 53.0238 ], [ -0.4291, 53.0255 ], [ -0.4311, 53.0259 ], [ -0.4332, 53.0292 ], [ -0.4351, 53.0308 ], [ -0.4376, 53.0323 ], [ -0.4438, 53.038 ], [ -0.4462, 53.0437 ], [ -0.4493, 53.0458 ], [ -0.4527, 53.0516 ], [ -0.4551, 53.0602 ], [ -0.4605, 53.0648 ], [ -0.4675, 53.0874 ], [ -0.4757, 53.1016 ], [ -0.476, 53.1077 ], [ -0.476, 53.1084 ], [ -0.4788, 53.1148 ], [ -0.4928, 53.1406 ], [ -0.4956, 53.1509 ], [ -0.5006, 53.1597 ], [ -0.5055, 53.1671 ], [ -0.5193, 53.1835 ], [ -0.5244, 53.1885 ], [ -0.5264, 53.19 ], [ -0.5316, 53.1936 ], [ -0.5367, 53.1983 ], [ -0.5384, 53.2033 ], [ -0.5435, 53.2078 ], [ -0.5469, 53.212 ], [ -0.5449, 53.2201 ], [ -0.5407, 53.2286 ], [ -0.5389, 53.2344 ] ] } },
{ "type": "Feature", "properties": { "linetype": 1 }, "geometry": { "type": "LineString", "coordinates": [ [ -0.0245, 52.9757 ], [ -0.0244, 52.9771 ], [ -0.024, 52.9782 ] ] } },
{ "type": "Feature", "properties": { "linetype": 1 }, "geometry": { "type": "LineString", "coordinates": [ [ -0.2733, 52.6451 ], [ -0.2733, 52.6466 ], [ -0.2743, 52.6468 ], [ -0.2809, 52.6552 ], [ -0.2864, 52.6552 ], [ -0.2871, 52.6553 ], [ -0.2892, 52.6557 ], [ -0.2931, 52.6559 ], [ -0.2963, 52.6561 ], [ -0.2977, 52.6567 ], [ -0.2998, 52.6565 ], [ -0.3027, 52.6612 ], [ -0.3041, 52.6619 ], [ -0.3086, 52.6669 ], [ -0.3142, 52.6721 ], [ -0.3162, 52.6736 ], [ -0.3174, 52.6746 ], [ -0.3175, 52.6753 ], [ -0.3195, 52.6778 ], [ -0.3205, 52.679 ], [ -0.3209, 52.6792 ], [ -0.3227, 52.68 ], [ -0.3248, 52.6821 ], [ -0.3254, 52.6834 ], [ -0.3255, 52.6837 ], [ -0.3263, 52.686 ], [ -0.3282, 52.6887 ], [ -0.3295, 52.6893 ], [ -0.33, 52.6904 ], [ -0.3313, 52.6913 ], [ -0.3369, 52.6972 ], [ -0.3405, 52.6991 ], [ -0.3418, 52.6998 ], [ -0.3436, 52.7009 ], [ -0.3474, 52.7029 ], [ -0.3517, 52.7057 ], [ -0.3561, 52.709 ], [ -0.3593, 52.714 ], [ -0.3621, 52.7176 ], [ -0.363, 52.7208 ], [ -0.3635, 52.7243 ], [ -0.3641, 52.7267 ], [ -0.3652, 52.728 ], [ -0.3662, 52.7292 ], [ -0.3682, 52.7304 ], [ -0.3697, 52.7321 ], [ -0.3703, 52.7335 ], [ -0.3692, 52.7346 ], [ -0.3675, 52.7357 ], [ -0.367, 52.7361 ], [ -0.3671, 52.738 ], [ -0.3675, 52.7417 ], [ -0.3688, 52.745 ], [ -0.3703, 52.7497 ], [ -0.3697, 52.7524 ], [ -0.3697, 52.7551 ], [ -0.3689, 52.7578 ], [ -0.3689, 52.7596 ], [ -0.3699, 52.7611 ], [ -0.3726, 52.7626 ], [ -0.3742, 52.7641 ], [ -0.3754, 52.7657 ], [ -0.3772, 52.7681 ], [ -0.3769, 52.7704 ], [ -0.3764, 52.7734 ], [ -0.3759, 52.778 ], [ -0.3771, 52.7839 ], [ -0.3762, 52.7889 ], [ -0.3758, 52.7941 ], [ -0.3771, 52.7978 ], [ -0.3798, 52.8023 ], [ -0.3807, 52.8054 ], [ -0.3808, 52.8058 ], [ -0.3807, 52.806 ], [ -0.3798, 52.809 ], [ -0.3792, 52.8125 ], [ -0.3767, 52.8146 ], [ -0.376, 52.8163 ], [ -0.3778, 52.8201 ], [ -0.3816, 52.8245 ], [ -0.3828, 52.8285 ], [ -0.3831, 52.8319 ], [ -0.3818, 52.8339 ], [ -0.3794, 52.8419 ], [ -0.3782, 52.8477 ], [ -0.3799, 52.8492 ], [ -0.38, 52.8516 ], [ -0.3756, 52.852 ], [ -0.3749, 52.8546 ], [ -0.3749, 52.8551 ], [ -0.3748, 52.86 ], [ -0.3755, 52.8657 ], [ -0.3763, 52.8721 ], [ -0.377, 52.8771 ], [ -0.3764, 52.8834 ], [ -0.3766, 52.8883 ], [ -0.3745, 52.892 ], [ -0.3757, 52.894 ], [ -0.375, 52.9011 ], [ -0.3755, 52.9095 ], [ -0.3773, 52.9141 ], [ -0.3788, 52.9236 ], [ -0.3792, 52.9259 ], [ -0.3786, 52.9279 ], [ -0.3808, 52.9342 ], [ -0.3833, 52.9419 ], [ -0.386, 52.9543 ], [ -0.388, 52.9619 ], [ -0.3871, 52.9661 ], [ -0.3868, 52.9706 ], [ -0.3868, 52.9801 ], [ -0.3874, 52.9843 ], [ -0.3908, 52.9892 ], [ -0.3957, 52.9888 ], [ -0.4012, 52.9888 ], [ -0.4016, 52.991 ], [ -0.4038, 52.9918 ], [ -0.4077, 52.9949 ], [ -0.4089, 52.9966 ], [ -0.4094, 52.9972 ], [ -0.4105, 52.9992 ], [ -0.4089, 52.9997 ] ] } },
{ "type": "Feature", "properties": { "linetype": 2 }, "geometry": { "type": "LineString", "coordinates": [ [ 0.0528, 52.0668 ], [ -0.023, 52.0457 ] ] } },
{ "type": "Feature", "properties": { "linetype": 1 }, "geometry": { "type": "LineString", "coordinates": [ [ 0.014, 51.8935 ], [ 0.0157, 51.8939 ], [ 0.0173, 51.8957 ], [ 0.0179, 51.8975 ], [ 0.0195, 51.8991 ], [ 0.0206, 51.9011 ], [ 0.0205, 51.902 ], [ 0.0204, 51.9029 ], [ 0.0219, 51.9048 ], [ 0.0228, 51.9067 ], [ 0.0238, 51.9076 ], [ 0.0246, 51.9115 ], [ 0.0243, 51.9127 ], [ 0.0235, 51.9164 ], [ 0.0231, 51.9196 ], [ 0.0235, 51.9248 ], [ 0.0246, 51.9299 ], [ 0.0258, 51.9347 ], [ 0.026, 51.9373 ], [ 0.025, 51.9388 ], [ 0.0225, 51.9422 ], [ 0.0215, 51.9451 ], [ 0.0213, 51.9481 ], [ 0.0217, 51.9505 ], [ 0.0231, 51.9529 ], [ 0.0236, 51.9535 ], [ 0.0257, 51.9557 ], [ 0.0261, 51.9581 ], [ 0.0247, 51.9616 ], [ 0.0239, 51.9662 ], [ 0.0218, 51.9711 ], [ 0.0203, 51.9724 ], [ 0.0199, 51.9728 ], [ 0.0194, 51.9741 ], [ 0.0199, 51.975 ], [ 0.0205, 51.9761 ], [ 0.0195, 51.9773 ], [ 0.0182, 51.9788 ], [ 0.0188, 51.9814 ], [ 0.0188, 51.9815 ], [ 0.0153, 51.9841 ], [ 0.015, 51.9864 ], [ 0.0163, 51.9903 ], [ 0.0142, 51.9932 ], [ 0.0136, 51.9956 ], [ 0.014, 51.9985 ], [ 0.0152, 52.001 ], [ 0.0154, 52.0016 ], [ 0.0155, 52.0019 ], [ 0.0162, 52.0046 ], [ 0.0182, 52.006 ], [ 0.0221, 52.0081 ], [ 0.0246, 52.0091 ], [ 0.0267, 52.0098 ], [ 0.0277, 52.0115 ], [ 0.0286, 52.0137 ], [ 0.0286, 52.0169 ], [ 0.0293, 52.0184 ], [ 0.0314, 52.021 ], [ 0.0321, 52.0242 ], [ 0.0338, 52.0253 ], [ 0.0389, 52.0265 ], [ 0.0385, 52.0291 ], [ 0.039, 52.0313 ], [ 0.041, 52.0334 ], [ 0.0408, 52.0353 ], [ 0.0416, 52.0391 ], [ 0.0424, 52.0416 ], [ 0.0449, 52.0443 ], [ 0.0454, 52.0482 ], [ 0.0467, 52.0534 ], [ 0.05, 52.0611 ], [ 0.0528, 52.0668 ] ] } },
{ "type": "Feature", "properties": { "linetype": 1 }, "geometry": { "type": "LineString", "coordinates": [ [ 0.1191, 52.2053 ], [ 0.1166, 52.2098 ], [ 0.1147, 52.2106 ], [ 0.1184, 52.2127 ], [ 0.1195, 52.2132 ], [ 0.1248, 52.2143 ], [ 0.1259, 52.2164 ], [ 0.1273, 52.2173 ], [ 0.1329, 52.2199 ], [ 0.1344, 52.2215 ], [ 0.1452, 52.2276 ], [ 0.1515, 52.2326 ], [ 0.1544, 52.2363 ], [ 0.1588, 52.2418 ], [ 0.1609, 52.2436 ], [ 0.163, 52.2443 ], [ 0.1635, 52.2462 ], [ 0.1643, 52.2463 ], [ 0.1674, 52.2465 ], [ 0.1748, 52.2544 ], [ 0.1787, 52.2639 ], [ 0.1798, 52.2685 ], [ 0.17, 52.2813 ], [ 0.1706, 52.2836 ], [ 0.1813, 52.2957 ], [ 0.1912, 52.3072 ], [ 0.1956, 52.3112 ], [ 0.1985, 52.3184 ], [ 0.2002, 52.3228 ], [ 0.2012, 52.3242 ], [ 0.2014, 52.3248 ], [ 0.202, 52.3268 ], [ 0.1999, 52.3291 ], [ 0.2001, 52.3334 ], [ 0.2052, 52.3355 ], [ 0.2119, 52.3456 ], [ 0.2142, 52.345 ], [ 0.2155, 52.3471 ], [ 0.2167, 52.347 ], [ 0.2184, 52.3489 ], [ 0.2184, 52.3492 ], [ 0.2185, 52.3519 ], [ 0.2205, 52.3551 ], [ 0.2215, 52.3569 ], [ 0.224, 52.3582 ], [ 0.2257, 52.3589 ], [ 0.2281, 52.3598 ], [ 0.2328, 52.361 ], [ 0.2362, 52.364 ], [ 0.2412, 52.3659 ], [ 0.2438, 52.3724 ], [ 0.2474, 52.3871 ], [ 0.2475, 52.3875 ], [ 0.2481, 52.3901 ], [ 0.2502, 52.3923 ], [ 0.2522, 52.3937 ], [ 0.2559, 52.398 ], [ 0.262, 52.3997 ], [ 0.2655, 52.4039 ], [ 0.2692, 52.408 ], [ 0.2721, 52.4139 ], [ 0.2747, 52.4189 ], [ 0.275, 52.4204 ], [ 0.2755, 52.4225 ], [ 0.2795, 52.4276 ], [ 0.2868, 52.4277 ], [ 0.2949, 52.4284 ], [ 0.3006, 52.4298 ], [ 0.3028, 52.4332 ], [ 0.3037, 52.4364 ], [ 0.3018, 52.4381 ], [ 0.2995, 52.4437 ], [ 0.298, 52.4471 ], [ 0.299, 52.4502 ], [ 0.3002, 52.4522 ], [ 0.305, 52.4577 ], [ 0.3079, 52.4574 ], [ 0.3102, 52.4581 ], [ 0.3137, 52.4587 ], [ 0.3155, 52.4613 ], [ 0.3173, 52.4622 ], [ 0.3188, 52.4635 ], [ 0.318, 52.4639 ], [ 0.3224, 52.4676 ], [ 0.3237, 52.4692 ], [ 0.3302, 52.4744 ], [ 0.3328, 52.4762 ], [ 0.3348, 52.4773 ], [ 0.3373, 52.4786 ], [ 0.3401, 52.4815 ], [ 0.3431, 52.4839 ], [ 0.3433, 52.4841 ], [ 0.3456, 52.4864 ], [ 0.3491, 52.4887 ], [ 0.3506, 52.4898 ], [ 0.3537, 52.4919 ], [ 0.356, 52.4943 ], [ 0.3643, 52.501 ], [ 0.3729, 52.5149 ], [ 0.3759, 52.5156 ], [ 0.3805, 52.5229 ], [ 0.383, 52.5246 ], [ 0.3875, 52.525 ], [ 0.3872, 52.5272 ], [ 0.3876, 52.5284 ], [ 0.3886, 52.5312 ], [ 0.3878, 52.5315 ], [ 0.3823, 52.5331 ], [ 0.3808, 52.5347 ], [ 0.3768, 52.5356 ], [ 0.3756, 52.5416 ], [ 0.3791, 52.5437 ], [ 0.3814, 52.5472 ], [ 0.385, 52.5484 ], [ 0.3866, 52.5498 ], [ 0.3887, 52.5535 ], [ 0.3892, 52.5609 ], [ 0.389, 52.5634 ], [ 0.3899, 52.5651 ], [ 0.3908, 52.5668 ], [ 0.3906, 52.5689 ], [ 0.3826, 52.5709 ], [ 0.384, 52.5735 ], [ 0.3879, 52.5799 ], [ 0.3862, 52.5869 ], [ 0.3837, 52.5883 ], [ 0.381, 52.5884 ], [ 0.3802, 52.5922 ], [ 0.3782, 52.5962 ], [ 0.378, 52.5989 ], [ 0.3787, 52.6008 ], [ 0.3775, 52.602 ], [ 0.3775, 52.603 ], [ 0.3791, 52.6042 ], [ 0.3818, 52.607 ], [ 0.3828, 52.6075 ], [ 0.3848, 52.6084 ], [ 0.3908, 52.6128 ], [ 0.3932, 52.6148 ], [ 0.3966, 52.6182 ], [ 0.3996, 52.6209 ], [ 0.4027, 52.623 ], [ 0.4043, 52.6259 ], [ 0.4049, 52.6269 ], [ 0.4046, 52.627 ], [ 0.4036, 52.6274 ], [ 0.4028, 52.6325 ], [ 0.4043, 52.6337 ], [ 0.4065, 52.6372 ], [ 0.4091, 52.6405 ], [ 0.413, 52.6415 ], [ 0.4145, 52.6448 ], [ 0.4126, 52.6471 ], [ 0.4133, 52.6493 ], [ 0.4149, 52.6532 ], [ 0.4168, 52.6549 ], [ 0.4165, 52.6577 ], [ 0.417, 52.6618 ], [ 0.4175, 52.6657 ], [ 0.4195, 52.6725 ], [ 0.4215, 52.6831 ], [ 0.4223, 52.6885 ], [ 0.4199, 52.6927 ], [ 0.4197, 52.6948 ], [ 0.4203, 52.697 ], [ 0.4187, 52.6998 ], [ 0.4178, 52.7028 ], [ 0.4179, 52.7042 ], [ 0.4182, 52.7071 ], [ 0.416, 52.71 ], [ 0.4155, 52.7107 ], [ 0.4151, 52.7127 ], [ 0.4146, 52.7153 ], [ 0.4129, 52.7192 ], [ 0.4132, 52.7248 ], [ 0.4175, 52.7328 ], [ 0.4175, 52.7357 ], [ 0.4168, 52.7381 ], [ 0.4095, 52.7409 ], [ 0.4046, 52.7439 ], [ 0.4017, 52.745 ], [ 0.4018, 52.746 ], [ 0.403, 52.7483 ], [ 0.4005, 52.7507 ], [ 0.4005, 52.7518 ], [ 0.3963, 52.7518 ], [ 0.3944, 52.7521 ], [ 0.3938, 52.753 ], [ 0.3937, 52.7541 ], [ 0.3939, 52.7558 ], [ 0.3943, 52.7564 ] ] } },
{ "type": "Feature", "properties": { "linetype": 1 }, "geometry": { "type": "Point", "coordinates": [ -2.5993, 52.3157 ] } },
{ "type": "Feature", "properties": { "linetype": 1 }, "geometry": { "type": "LineString", "coordinates": [ [ -2.595, 52.3145 ], [ -2.5947, 52.3139 ], [ -2.5954, 52.3105 ] ] } },
{ "type": "Feature", "properties": { "linetype": 1 }, "geometry": { "type": "LineString", "coordinates": [ [ -2.1175, 52.137 ], [ -2.1203, 52.1425 ], [ -2.119, 52.1471 ], [ -2.1177, 52.1506 ], [ -2.1214, 52.1596 ] ] } },
{ "type": "Feature", "properties": { "linetype": 1 }, "geometry": { "type": "LineString", "coordinates": [ [ -3.1486, 52.5603 ], [ -3.1479, 52.5603 ], [ -3.1475, 52.559 ], [ -3.1457, 52.5588 ], [ -3.1434, 52.5579 ], [ -3.1426, 52.5564 ], [ -3.1408, 52.5551 ], [ -3.1401, 52.5546 ], [ -3.1363, 52.5512 ], [ -3.1334, 52.5481 ], [ -3.1303, 52.545 ], [ -3.1275, 52.5427 ], [ -3.1252, 52.5399 ], [ -3.1213, 52.5394 ], [ -3.1168, 52.5382 ], [ -3.1132, 52.5354 ], [ -3.1085, 52.5334 ], [ -3.1069, 52.5319 ], [ -3.1044, 52.5294 ], [ -3.1001, 52.5294 ], [ -3.0976, 52.5292 ], [ -3.0962, 52.529 ], [ -3.0933, 52.5275 ], [ -3.0883, 52.5254 ], [ -3.0859, 52.5243 ], [ -3.0857, 52.522 ], [ -3.0856, 52.5216 ], [ -3.0858, 52.5192 ], [ -3.0867, 52.5168 ], [ -3.0862, 52.5155 ], [ -3.0832, 52.5148 ], [ -3.0814, 52.5138 ], [ -3.0783, 52.5122 ], [ -3.0765, 52.5109 ], [ -3.076, 52.5092 ], [ -3.0737, 52.5083 ], [ -3.0697, 52.5074 ], [ -3.0671, 52.5055 ], [ -3.063, 52.5035 ], [ -3.0578, 52.5024 ], [ -3.0534, 52.5011 ], [ -3.0477, 52.4994 ], [ -3.045, 52.4991 ], [ -3.0388, 52.4999 ], [ -3.0332, 52.5006 ], [ -3.0296, 52.4994 ], [ -3.0258, 52.4985 ], [ -3.0223, 52.497 ], [ -3.0175, 52.4954 ], [ -3.0146, 52.4946 ], [ -3.0122, 52.4949 ], [ -3.0109, 52.4951 ], [ -3.0079, 52.4934 ], [ -3.0032, 52.4913 ], [ -3.0006, 52.4902 ], [ -2.9981, 52.4899 ], [ -2.9942, 52.4885 ], [ -2.9858, 52.4838 ], [ -2.9824, 52.4815 ], [ -2.9728, 52.48 ], [ -2.9654, 52.4797 ], [ -2.9634, 52.4793 ], [ -2.958, 52.4781 ], [ -2.9504, 52.477 ], [ -2.9472, 52.4759 ], [ -2.9436, 52.4729 ], [ -2.9379, 52.4704 ], [ -2.9351, 52.4673 ], [ -2.9292, 52.4669 ], [ -2.9208, 52.4665 ], [ -2.912, 52.4659 ], [ -2.9042, 52.4637 ], [ -2.9012, 52.4627 ], [ -2.8965, 52.4631 ], [ -2.8935, 52.4628 ], [ -2.8917, 52.4617 ], [ -2.8914, 52.46 ], [ -2.8875, 52.458 ], [ -2.8854, 52.4561 ], [ -2.8804, 52.4555 ], [ -2.8749, 52.4553 ], [ -2.872, 52.4555 ], [ -2.8683, 52.4547 ], [ -2.8645, 52.4506 ], [ -2.8565, 52.4499 ], [ -2.8531, 52.4497 ], [ -2.847, 52.4488 ], [ -2.8426, 52.4477 ], [ -2.8374, 52.4469 ], [ -2.8358, 52.4426 ], [ -2.8355, 52.4399 ], [ -2.8355, 52.4388 ], [ -2.8309, 52.4343 ], [ -2.8287, 52.4317 ], [ -2.827, 52.4315 ], [ -2.8252, 52.4273 ], [ -2.8239, 52.4242 ], [ -2.8213, 52.4196 ], [ -2.8147, 52.4158 ], [ -2.8098, 52.4124 ], [ -2.8067, 52.4096 ], [ -2.8063, 52.4093 ], [ -2.8041, 52.4073 ], [ -2.8031, 52.4078 ], [ -2.8001, 52.4069 ], [ -2.7977, 52.4058 ], [ -2.7973, 52.4055 ], [ -2.7956, 52.4041 ], [ -2.7947, 52.4029 ], [ -2.7912, 52.4011 ], [ -2.7871, 52.4002 ], [ -2.7839, 52.4 ], [ -2.7795, 52.3997 ], [ -2.7747, 52.3991 ], [ -2.7691, 52.3975 ], [ -2.7635, 52.3963 ], [ -2.7545, 52.3929 ], [ -2.7428, 52.3883 ], [ -2.7364, 52.385 ], [ -2.7299, 52.3805 ], [ -2.725, 52.376 ], [ -2.7234, 52.3745 ], [ -2.7223, 52.3742 ], [ -2.7205, 52.3742 ], [ -2.7199, 52.3724 ], [ -2.7195, 52.3706 ], [ -2.7185, 52.369 ], [ -2.7178, 52.368 ], [ -2.7163, 52.3683 ], [ -2.7161, 52.3683 ], [ -2.7153, 52.3681 ], [ -2.7135, 52.3679 ], [ -2.7109, 52.3678 ], [ -2.7097, 52.3675 ], [ -2.7081, 52.3668 ], [ -2.7073, 52.3658 ], [ -2.7064, 52.3651 ], [ -2.704, 52.3642 ], [ -2.7024, 52.3629 ], [ -2.7019, 52.3614 ], [ -2.7015, 52.359 ], [ -2.7021, 52.3562 ], [ -2.6988, 52.3552 ], [ -2.6943, 52.3517 ], [ -2.6917, 52.3497 ], [ -2.6919, 52.3483 ], [ -2.6907, 52.347 ], [ -2.69, 52.3454 ], [ -2.6883, 52.3441 ], [ -2.6866, 52.342 ], [ -2.6797, 52.3407 ], [ -2.6744, 52.3365 ], [ -2.6711, 52.3343 ], [ -2.6638, 52.3322 ], [ -2.6547, 52.3303 ], [ -2.6493, 52.3266 ], [ -2.6477, 52.3246 ], [ -2.6481, 52.3224 ], [ -2.6457, 52.3179 ], [ -2.6418, 52.316 ], [ -2.6376, 52.3156 ], [ -2.634, 52.3149 ], [ -2.6311, 52.3139 ], [ -2.6279, 52.3109 ], [ -2.6247, 52.3116 ], [ -2.6223, 52.3127 ], [ -2.6174, 52.3122 ], [ -2.6155, 52.3114 ], [ -2.6145, 52.3105 ], [ -2.6133, 52.3113 ], [ -2.6088, 52.3125 ], [ -2.6056, 52.3137 ], [ -2.5993, 52.3157 ] ] } },
{ "type": "Feature", "properties": { "linetype": 1 }, "geometry": { "type": "LineString", "coordinates": [ [ -2.5993, 52.3157 ], [ -2.5984, 52.3158 ], [ -2.5969, 52.3149 ], [ -2.595, 52.3145 ], [ -2.5922, 52.3143 ], [ -2.5897, 52.3149 ], [ -2.5878, 52.3158 ], [ -2.5868, 52.3162 ], [ -2.585, 52.3165 ], [ -2.583, 52.317 ], [ -2.5806, 52.3178 ], [ -2.5789, 52.318 ], [ -2.5755, 52.3179 ], [ -2.5733, 52.3175 ], [ -2.5724, 52.317 ], [ -2.5703, 52.3161 ], [ -2.5675, 52.3152 ], [ -2.5641, 52.3139 ], [ -2.5625, 52.3132 ], [ -2.561, 52.3129 ], [ -2.5577, 52.3138 ], [ -2.5558, 52.3143 ], [ -2.5518, 52.3151 ], [ -2.5489, 52.316 ], [ -2.5464, 52.3164 ], [ -2.5424, 52.3164 ], [ -2.5398, 52.3163 ], [ -2.5374, 52.3159 ], [ -2.5363, 52.3161 ], [ -2.5361, 52.3176 ], [ -2.5355, 52.3188 ], [ -2.5331, 52.3197 ], [ -2.531, 52.3203 ], [ -2.5279, 52.3206 ], [ -2.526, 52.3204 ], [ -2.5242, 52.3196 ], [ -2.5235, 52.3187 ], [ -2.5225, 52.3184 ], [ -2.5202, 52.3189 ], [ -2.5183, 52.3193 ], [ -2.5153, 52.3194 ], [ -2.5125, 52.3191 ], [ -2.5098, 52.3192 ], [ -2.5072, 52.3196 ], [ -2.5036, 52.3195 ], [ -2.4985, 52.3187 ], [ -2.4982, 52.3187 ], [ -2.4938, 52.318 ], [ -2.4904, 52.3181 ], [ -2.4863, 52.3178 ], [ -2.4836, 52.3179 ], [ -2.4817, 52.3182 ], [ -2.4808, 52.3184 ], [ -2.4802, 52.3182 ], [ -2.479, 52.3178 ], [ -2.4767, 52.3168 ], [ -2.4746, 52.3164 ], [ -2.4721, 52.3164 ], [ -2.471, 52.3164 ], [ -2.4694, 52.3165 ], [ -2.4653, 52.316 ], [ -2.4621, 52.3147 ], [ -2.4601, 52.3138 ], [ -2.4587, 52.3133 ], [ -2.4575, 52.3132 ], [ -2.4563, 52.3132 ], [ -2.4532, 52.3126 ], [ -2.4503, 52.3123 ], [ -2.4467, 52.3124 ], [ -2.4435, 52.3124 ], [ -2.4423, 52.3121 ], [ -2.44, 52.3109 ], [ -2.4369, 52.3096 ], [ -2.4349, 52.3087 ], [ -2.4335, 52.3075 ], [ -2.4332, 52.3073 ], [ -2.432, 52.3069 ], [ -2.4315, 52.307 ], [ -2.4302, 52.3073 ], [ -2.4285, 52.3078 ], [ -2.4258, 52.3069 ], [ -2.425, 52.3059 ], [ -2.4215, 52.3055 ], [ -2.42, 52.3051 ], [ -2.4185, 52.3039 ], [ -2.4159, 52.3045 ], [ -2.4141, 52.3036 ], [ -2.4111, 52.3031 ], [ -2.4092, 52.3022 ], [ -2.4067, 52.3011 ], [ -2.4037, 52.3014 ], [ -2.4005, 52.3018 ], [ -2.3968, 52.3014 ], [ -2.3915, 52.3017 ], [ -2.3885, 52.3034 ], [ -2.3833, 52.3036 ], [ -2.3783, 52.3042 ], [ -2.3749, 52.3025 ], [ -2.373, 52.3008 ], [ -2.3719, 52.299 ], [ -2.3691, 52.2984 ], [ -2.3681, 52.2971 ], [ -2.3685, 52.2953 ], [ -2.3677, 52.294 ], [ -2.365, 52.2932 ], [ -2.3615, 52.2909 ], [ -2.3574, 52.289 ], [ -2.3524, 52.2893 ], [ -2.3491, 52.2887 ], [ -2.3451, 52.2879 ], [ -2.3401, 52.2867 ], [ -2.3357, 52.2865 ], [ -2.3319, 52.2828 ], [ -2.3255, 52.2782 ], [ -2.3215, 52.2762 ], [ -2.3158, 52.2732 ], [ -2.3106, 52.2704 ], [ -2.3036, 52.269 ], [ -2.2962, 52.2683 ], [ -2.2898, 52.2677 ], [ -2.2853, 52.2659 ], [ -2.2783, 52.2655 ], [ -2.2729, 52.2657 ], [ -2.2682, 52.2636 ], [ -2.2674, 52.2607 ], [ -2.2654, 52.2583 ], [ -2.2605, 52.257 ], [ -2.2591, 52.254 ], [ -2.259, 52.2538 ], [ -2.2546, 52.2507 ], [ -2.2527, 52.249 ], [ -2.2516, 52.2451 ], [ -2.251, 52.2423 ], [ -2.2498, 52.2399 ], [ -2.2507, 52.2392 ], [ -2.2535, 52.2389 ], [ -2.2544, 52.2381 ], [ -2.2541, 52.2359 ], [ -2.2559, 52.2335 ], [ -2.2568, 52.231 ], [ -2.2572, 52.2279 ], [ -2.2561, 52.2257 ], [ -2.2546, 52.2228 ], [ -2.2536, 52.2199 ], [ -2.2526, 52.2178 ], [ -2.2504, 52.2135 ], [ -2.2486, 52.2103 ], [ -2.2452, 52.2082 ], [ -2.2427, 52.2047 ], [ -2.2413, 52.2018 ], [ -2.2378, 52.1981 ], [ -2.2335, 52.1886 ] ] } },
{ "type": "Feature", "properties": { "linetype": 1 }, "geometry": { "type": "LineString", "coordinates": [ [ -2.1936, 52.1817 ], [ -2.1835, 52.1839 ], [ -2.1725, 52.1846 ], [ -2.1662, 52.1854 ], [ -2.162, 52.1859 ], [ -2.1542, 52.1838 ], [ -2.1496, 52.1834 ], [ -2.145, 52.1824 ], [ -2.141, 52.1828 ], [ -2.1355, 52.1786 ], [ -2.1321, 52.1735 ], [ -2.1305, 52.1693 ], [ -2.1247, 52.1636 ], [ -2.1214, 52.1596 ], [ -2.1149, 52.156 ], [ -2.112, 52.1536 ], [ -2.1064, 52.1494 ], [ -2.1004, 52.1461 ], [ -2.0965, 52.1443 ], [ -2.09, 52.1422 ], [ -2.0829, 52.138 ], [ -2.0715, 52.134 ], [ -2.0621, 52.1293 ], [ -2.0564, 52.1264 ], [ -2.0518, 52.1254 ], [ -2.046, 52.1253 ], [ -2.0404, 52.1251 ], [ -2.0332, 52.1257 ], [ -2.0238, 52.1241 ], [ -2.01, 52.1232 ], [ -2.0015, 52.1228 ], [ -1.9992, 52.1233 ], [ -1.9935, 52.1252 ], [ -1.9868, 52.1257 ], [ -1.9822, 52.1239 ], [ -1.9772, 52.1213 ], [ -1.9771, 52.1212 ], [ -1.9757, 52.1197 ], [ -1.9708, 52.1166 ], [ -1.9651, 52.1154 ], [ -1.9604, 52.113 ], [ -1.9595, 52.1127 ], [ -1.9548, 52.1109 ], [ -1.9496, 52.1098 ], [ -1.9451, 52.1096 ], [ -1.9439, 52.1084 ], [ -1.9436, 52.1036 ], [ -1.9456, 52.0986 ], [ -1.9466, 52.0947 ], [ -1.9473, 52.0924 ] ] } },
{ "type": "Feature", "properties": { "linetype": 1 }, "geometry": { "type": "LineString", "coordinates": [ [ -1.9473, 52.0924 ], [ -1.9428, 52.0915 ], [ -1.9374, 52.0903 ], [ -1.9352, 52.0903 ], [ -1.9331, 52.0905 ], [ -1.9276, 52.0891 ], [ -1.9193, 52.0869 ], [ -1.9135, 52.0855 ], [ -1.9082, 52.0853 ], [ -1.9045, 52.0853 ], [ -1.9019, 52.0853 ], [ -1.8999, 52.085 ], [ -1.8989, 52.0851 ], [ -1.8967, 52.085 ], [ -1.8965, 52.0838 ], [ -1.8891, 52.0816 ], [ -1.8848, 52.0772 ], [ -1.883, 52.0739 ], [ -1.8795, 52.0729 ], [ -1.8739, 52.0723 ], [ -1.8696, 52.0716 ], [ -1.8654, 52.0701 ], [ -1.8604, 52.067 ], [ -1.8565, 52.0626 ], [ -1.8539, 52.0599 ], [ -1.8497, 52.0562 ], [ -1.8477, 52.0546 ], [ -1.8447, 52.0529 ], [ -1.8429, 52.0532 ], [ -1.8398, 52.0524 ], [ -1.8362, 52.0519 ], [ -1.8349, 52.0507 ], [ -1.8274, 52.0479 ], [ -1.8199, 52.0464 ], [ -1.8177, 52.0458 ], [ -1.812, 52.0461 ], [ -1.8056, 52.0479 ], [ -1.8009, 52.0519 ], [ -1.7949, 52.0495 ], [ -1.792, 52.0494 ], [ -1.7887, 52.0481 ], [ -1.7834, 52.0496 ], [ -1.7829, 52.0477 ], [ -1.7831, 52.0462 ], [ -1.7806, 52.0459 ], [ -1.7788, 52.0453 ], [ -1.7773, 52.0451 ], [ -1.7745, 52.0431 ], [ -1.775, 52.0421 ], [ -1.7721, 52.0387 ], [ -1.7701, 52.0386 ], [ -1.769, 52.0389 ], [ -1.7677, 52.0387 ], [ -1.7672, 52.038 ], [ -1.7641, 52.0389 ], [ -1.7574, 52.0376 ], [ -1.7554, 52.0359 ], [ -1.7556, 52.0344 ], [ -1.7519, 52.0315 ], [ -1.7489, 52.0289 ], [ -1.747, 52.026 ], [ -1.7436, 52.0236 ], [ -1.7443, 52.0232 ], [ -1.7429, 52.0226 ], [ -1.741, 52.0191 ], [ -1.7368, 52.02 ], [ -1.7362, 52.0178 ], [ -1.7227, 52.0094 ], [ -1.7214, 52.0078 ], [ -1.7187, 52.0068 ], [ -1.7163, 52.0044 ], [ -1.7032, 52.0043 ], [ -1.697, 52.0042 ], [ -1.6962, 52.0031 ], [ -1.6965, 52.0017 ], [ -1.691, 52.0002 ], [ -1.6861, 51.9981 ], [ -1.6769, 51.9932 ], [ -1.669, 51.9892 ], [ -1.6691, 51.9878 ] ] } },
{ "type": "Feature", "properties": { "linetype": 1 }, "geometry": { "type": "LineString", "coordinates": [ [ -0.2828, 52.2362 ], [ -0.2826, 52.2378 ], [ -0.2525, 52.2941 ] ] } },
{ "type": "Feature", "properties": { "linetype": 1 }, "geometry": { "type": "LineString", "coordinates": [ [ 0.0528, 52.0668 ], [ 0.0594, 52.0692 ], [ 0.0611, 52.0695 ], [ 0.0637, 52.0699 ], [ 0.1083, 52.0829 ], [ 0.1105, 52.0852 ], [ 0.1122, 52.0869 ], [ 0.117, 52.0893 ], [ 0.1218, 52.0918 ], [ 0.1263, 52.0947 ], [ 0.1399, 52.1002 ], [ 0.1439, 52.1013 ], [ 0.1508, 52.1028 ], [ 0.1597, 52.1035 ], [ 0.1698, 52.1041 ], [ 0.1773, 52.1046 ], [ 0.182, 52.1061 ], [ 0.1878, 52.1094 ], [ 0.1915, 52.1122 ], [ 0.1948, 52.1129 ], [ 0.1976, 52.1143 ], [ 0.1982, 52.1149 ], [ 0.2177, 52.119 ], [ 0.2203, 52.1242 ], [ 0.2322, 52.1444 ], [ 0.262, 52.1637 ], [ 0.2644, 52.1647 ], [ 0.2762, 52.1696 ], [ 0.2925, 52.1763 ], [ 0.3019, 52.1838 ], [ 0.3056, 52.187 ], [ 0.3244, 52.203 ], [ 0.3354, 52.2092 ], [ 0.3586, 52.2222 ], [ 0.369, 52.2272 ], [ 0.3961, 52.2405 ], [ 0.4042, 52.243 ], [ 0.4063, 52.2443 ] ] } },
{ "type": "Feature", "properties": { "linetype": 1 }, "geometry": { "type": "LineString", "coordinates": [ [ -0.7275, 52.67 ], [ -0.7265, 52.6694 ], [ -0.7256, 52.6688 ], [ -0.7252, 52.6671 ], [ -0.7248, 52.6655 ], [ -0.7168, 52.6549 ], [ -0.7127, 52.6496 ], [ -0.7091, 52.6446 ], [ -0.7072, 52.6418 ], [ -0.7045, 52.6348 ], [ -0.7031, 52.631 ], [ -0.7005, 52.6272 ], [ -0.6989, 52.6259 ], [ -0.6978, 52.6232 ], [ -0.6936, 52.6165 ], [ -0.692, 52.6151 ], [ -0.6901, 52.6147 ], [ -0.69, 52.6133 ], [ -0.6905, 52.6126 ], [ -0.6894, 52.6105 ], [ -0.6876, 52.608 ], [ -0.6861, 52.607 ], [ -0.685, 52.6063 ], [ -0.6831, 52.6053 ], [ -0.6794, 52.6039 ], [ -0.68, 52.6018 ], [ -0.6794, 52.5982 ], [ -0.6788, 52.5951 ], [ -0.6786, 52.5943 ], [ -0.6772, 52.5912 ], [ -0.6753, 52.589 ], [ -0.6746, 52.5876 ], [ -0.6732, 52.5861 ], [ -0.6724, 52.5852 ], [ -0.6705, 52.5825 ], [ -0.6685, 52.5782 ], [ -0.665, 52.5753 ], [ -0.6607, 52.5714 ], [ -0.6563, 52.5708 ], [ -0.6547, 52.5705 ], [ -0.6524, 52.57 ], [ -0.6512, 52.5681 ], [ -0.6509, 52.5675 ], [ -0.6501, 52.567 ], [ -0.6494, 52.566 ], [ -0.6486, 52.566 ], [ -0.6459, 52.5635 ], [ -0.6435, 52.5621 ], [ -0.6386, 52.5593 ], [ -0.6359, 52.5583 ], [ -0.6282, 52.5566 ], [ -0.6208, 52.5557 ], [ -0.6197, 52.5538 ], [ -0.6191, 52.5506 ], [ -0.6191, 52.5474 ], [ -0.6165, 52.5448 ], [ -0.6162, 52.5433 ], [ -0.6174, 52.5424 ], [ -0.6186, 52.5413 ], [ -0.6192, 52.5407 ], [ -0.6194, 52.5377 ], [ -0.6186, 52.5346 ], [ -0.6175, 52.5305 ], [ -0.6165, 52.5279 ], [ -0.6151, 52.5256 ], [ -0.6135, 52.5248 ], [ -0.6118, 52.5231 ], [ -0.6108, 52.5228 ], [ -0.6087, 52.5232 ], [ -0.6078, 52.5231 ], [ -0.6066, 52.5233 ], [ -0.6045, 52.5241 ], [ -0.6027, 52.5249 ], [ -0.6014, 52.5255 ], [ -0.5998, 52.5255 ], [ -0.5974, 52.5256 ], [ -0.5906, 52.5243 ], [ -0.5916, 52.5235 ], [ -0.5922, 52.5222 ], [ -0.5917, 52.5214 ], [ -0.5913, 52.5193 ], [ -0.5912, 52.5189 ], [ -0.5909, 52.5171 ], [ -0.5891, 52.5166 ], [ -0.5879, 52.5164 ], [ -0.5862, 52.5161 ], [ -0.5834, 52.515 ], [ -0.5777, 52.5137 ], [ -0.5712, 52.5121 ], [ -0.5686, 52.5109 ], [ -0.5664, 52.5106 ], [ -0.563, 52.5079 ], [ -0.56, 52.5058 ], [ -0.557, 52.4996 ], [ -0.5551, 52.4978 ], [ -0.5507, 52.4965 ], [ -0.5524, 52.4949 ], [ -0.5536, 52.4947 ], [ -0.5556, 52.4933 ], [ -0.5529, 52.4919 ], [ -0.5486, 52.4917 ], [ -0.5465, 52.4902 ], [ -0.5463, 52.4882 ], [ -0.5444, 52.4881 ], [ -0.5439, 52.4865 ], [ -0.5416, 52.487 ], [ -0.5397, 52.4878 ], [ -0.5373, 52.4867 ], [ -0.5352, 52.4863 ], [ -0.5346, 52.4823 ], [ -0.536, 52.4803 ], [ -0.5344, 52.4766 ], [ -0.5344, 52.4758 ], [ -0.5343, 52.4713 ], [ -0.5372, 52.47 ], [ -0.5356, 52.4658 ], [ -0.5326, 52.4619 ], [ -0.5251, 52.4585 ], [ -0.5189, 52.4557 ], [ -0.5166, 52.4538 ], [ -0.5111, 52.4513 ], [ -0.5065, 52.4496 ], [ -0.5017, 52.4479 ], [ -0.4974, 52.4465 ], [ -0.4952, 52.4448 ], [ -0.4933, 52.4437 ], [ -0.4913, 52.4426 ], [ -0.4912, 52.4417 ], [ -0.4869, 52.4387 ], [ -0.4806, 52.4333 ], [ -0.4723, 52.4275 ], [ -0.4611, 52.4214 ], [ -0.4528, 52.4176 ], [ -0.4475, 52.414 ], [ -0.444, 52.4121 ], [ -0.4401, 52.411 ], [ -0.4386, 52.4104 ], [ -0.4371, 52.4098 ], [ -0.435, 52.4079 ], [ -0.4313, 52.4079 ], [ -0.4233, 52.4056 ], [ -0.4095, 52.4015 ], [ -0.4098, 52.393 ], [ -0.4117, 52.3868 ], [ -0.4101, 52.3843 ], [ -0.4084, 52.38 ], [ -0.4086, 52.3726 ], [ -0.408, 52.3711 ], [ -0.4078, 52.3699 ], [ -0.4098, 52.3672 ], [ -0.4085, 52.3639 ], [ -0.4091, 52.3629 ], [ -0.4096, 52.3615 ], [ -0.4075, 52.3602 ], [ -0.4072, 52.3572 ], [ -0.4079, 52.3519 ], [ -0.4081, 52.3466 ], [ -0.4051, 52.3458 ], [ -0.4054, 52.3441 ], [ -0.4047, 52.3426 ], [ -0.4055, 52.3404 ], [ -0.4062, 52.3355 ], [ -0.4037, 52.3319 ], [ -0.4047, 52.3269 ], [ -0.4058, 52.3238 ], [ -0.4058, 52.3209 ], [ -0.4071, 52.3194 ], [ -0.408, 52.3171 ], [ -0.4063, 52.3133 ], [ -0.4016, 52.311 ], [ -0.397, 52.3075 ], [ -0.3967, 52.306 ], [ -0.3941, 52.3034 ], [ -0.3941, 52.3001 ], [ -0.3913, 52.2993 ], [ -0.3898, 52.2983 ], [ -0.3893, 52.298 ], [ -0.3871, 52.297 ], [ -0.3867, 52.2974 ], [ -0.381, 52.2944 ], [ -0.3794, 52.2928 ], [ -0.3764, 52.2911 ], [ -0.3744, 52.2898 ], [ -0.3646, 52.2847 ], [ -0.3651, 52.2832 ], [ -0.3625, 52.2826 ], [ -0.3626, 52.2817 ], [ -0.3608, 52.2778 ], [ -0.359, 52.2756 ], [ -0.3565, 52.2753 ], [ -0.3467, 52.2715 ], [ -0.3456, 52.268 ] ] } },
{ "type": "Feature", "properties": { "linetype": 1 }, "geometry": { "type": "LineString", "coordinates": [ [ -0.3456, 52.268 ], [ -0.3394, 52.2672 ], [ -0.3376, 52.2665 ], [ -0.3336, 52.2659 ], [ -0.3307, 52.2638 ], [ -0.3199, 52.2604 ], [ -0.3115, 52.2567 ], [ -0.3108, 52.2552 ], [ -0.3071, 52.253 ], [ -0.3071, 52.2515 ], [ -0.3069, 52.2491 ], [ -0.3057, 52.248 ], [ -0.302, 52.2469 ], [ -0.2993, 52.2445 ], [ -0.2968, 52.2431 ], [ -0.2936, 52.242 ], [ -0.2934, 52.2412 ], [ -0.2932, 52.2403 ], [ -0.2917, 52.2391 ], [ -0.2874, 52.238 ], [ -0.2828, 52.2362 ] ] } },
{ "type": "Feature", "properties": { "linetype": 1 }, "geometry": { "type": "LineString", "coordinates": [ [ -0.2019, 51.6562 ], [ -0.2016, 51.6576 ], [ -0.1991, 51.662 ], [ -0.1991, 51.6641 ], [ -0.1989, 51.6654 ], [ -0.1977, 51.6666 ], [ -0.1957, 51.6691 ], [ -0.194, 51.6719 ], [ -0.1921, 51.6734 ], [ -0.1905, 51.6761 ], [ -0.1888, 51.6778 ], [ -0.1873, 51.6793 ], [ -0.1867, 51.6799 ], [ -0.1866, 51.6803 ], [ -0.1864, 51.6815 ], [ -0.1853, 51.6826 ], [ -0.1849, 51.6828 ], [ -0.1824, 51.684 ], [ -0.1794, 51.6857 ], [ -0.1777, 51.6874 ], [ -0.1782, 51.6897 ], [ -0.1786, 51.6912 ], [ -0.1782, 51.6926 ], [ -0.1781, 51.6928 ], [ -0.1762, 51.6954 ], [ -0.1735, 51.6987 ], [ -0.1761, 51.7038 ], [ -0.1757, 51.706 ], [ -0.1742, 51.7104 ], [ -0.1757, 51.7142 ], [ -0.1776, 51.7176 ], [ -0.1784, 51.7201 ], [ -0.1766, 51.7239 ], [ -0.1771, 51.726 ], [ -0.1793, 51.7282 ], [ -0.184, 51.7319 ], [ -0.1869, 51.7332 ], [ -0.1877, 51.7357 ], [ -0.1891, 51.7382 ], [ -0.191, 51.7429 ], [ -0.1922, 51.7452 ], [ -0.212, 51.7607 ], [ -0.2116, 51.7615 ], [ -0.2125, 51.762 ], [ -0.2148, 51.7625 ], [ -0.2147, 51.768 ], [ -0.2156, 51.7687 ], [ -0.217, 51.7694 ], [ -0.2172, 51.7712 ], [ -0.2179, 51.7732 ], [ -0.2185, 51.7761 ], [ -0.2213, 51.7781 ], [ -0.2221, 51.7803 ], [ -0.2241, 51.7824 ], [ -0.226, 51.7847 ], [ -0.2271, 51.7888 ], [ -0.2279, 51.7911 ], [ -0.2261, 51.7953 ], [ -0.2283, 51.8032 ], [ -0.228, 51.8064 ], [ -0.2292, 51.8097 ], [ -0.2259, 51.8125 ], [ -0.2238, 51.8146 ], [ -0.2207, 51.8161 ], [ -0.2187, 51.819 ], [ -0.2161, 51.8219 ], [ -0.2149, 51.8247 ], [ -0.2145, 51.8258 ], [ -0.2145, 51.8282 ], [ -0.2149, 51.8291 ], [ -0.2151, 51.8295 ], [ -0.2157, 51.8301 ], [ -0.2151, 51.8314 ], [ -0.2125, 51.8319 ], [ -0.2113, 51.8334 ], [ -0.2073, 51.8355 ], [ -0.1999, 51.8391 ], [ -0.1945, 51.8418 ], [ -0.1902, 51.8431 ], [ -0.1891, 51.8451 ], [ -0.1852, 51.8477 ], [ -0.1811, 51.85 ], [ -0.1802, 51.8514 ], [ -0.1816, 51.855 ], [ -0.1832, 51.8582 ], [ -0.1832, 51.8616 ], [ -0.1827, 51.865 ], [ -0.1839, 51.8663 ], [ -0.1847, 51.8691 ], [ -0.1878, 51.8723 ], [ -0.1887, 51.8754 ], [ -0.1902, 51.8786 ], [ -0.1902, 51.8822 ], [ -0.1926, 51.8847 ], [ -0.1959, 51.8872 ], [ -0.1999, 51.8925 ], [ -0.203, 51.898 ], [ -0.2032, 51.8986 ], [ -0.2056, 51.9035 ], [ -0.2078, 51.9095 ], [ -0.2097, 51.9144 ], [ -0.2086, 51.9175 ], [ -0.2089, 51.9224 ], [ -0.2107, 51.9306 ], [ -0.2102, 51.9326 ], [ -0.2109, 51.9344 ], [ -0.2105, 51.9356 ], [ -0.2116, 51.9386 ], [ -0.2108, 51.9407 ], [ -0.2048, 51.95 ], [ -0.1973, 51.9608 ], [ -0.1914, 51.9697 ], [ -0.1905, 51.9713 ], [ -0.1877, 51.9768 ], [ -0.1858, 51.9803 ], [ -0.1845, 51.9819 ], [ -0.184, 51.9846 ], [ -0.1875, 51.9884 ], [ -0.1894, 51.9897 ], [ -0.1865, 51.991 ], [ -0.1897, 51.9939 ], [ -0.1926, 51.9971 ], [ -0.1934, 51.9989 ], [ -0.2038, 52.0125 ], [ -0.2071, 52.0167 ], [ -0.2079, 52.0205 ], [ -0.2154, 52.0298 ], [ -0.2278, 52.0482 ], [ -0.2379, 52.0639 ], [ -0.2398, 52.068 ], [ -0.2421, 52.0712 ], [ -0.2444, 52.0753 ], [ -0.2509, 52.0819 ], [ -0.2532, 52.085 ], [ -0.2563, 52.0859 ], [ -0.2596, 52.0866 ], [ -0.2599, 52.0872 ], [ -0.2627, 52.087 ], [ -0.2631, 52.0894 ], [ -0.2664, 52.0914 ], [ -0.2667, 52.0916 ], [ -0.2683, 52.0919 ], [ -0.2688, 52.0926 ], [ -0.2701, 52.0929 ], [ -0.272, 52.0926 ], [ -0.2744, 52.0953 ], [ -0.2768, 52.1002 ], [ -0.278, 52.1043 ], [ -0.2802, 52.1059 ], [ -0.282, 52.1082 ], [ -0.2842, 52.1105 ], [ -0.2836, 52.113 ], [ -0.2881, 52.1183 ], [ -0.2919, 52.1206 ], [ -0.2958, 52.1217 ], [ -0.2989, 52.1234 ], [ -0.3021, 52.1249 ], [ -0.3031, 52.1257 ], [ -0.3031, 52.1266 ], [ -0.3025, 52.1272 ], [ -0.3, 52.1284 ], [ -0.2992, 52.1297 ], [ -0.3, 52.134 ], [ -0.2984, 52.1374 ], [ -0.3003, 52.1406 ], [ -0.3017, 52.1448 ], [ -0.3017, 52.1527 ], [ -0.3028, 52.1585 ], [ -0.3031, 52.1613 ], [ -0.3027, 52.1639 ], [ -0.3016, 52.1673 ], [ -0.3021, 52.1699 ], [ -0.3015, 52.1717 ], [ -0.3, 52.1741 ], [ -0.3005, 52.1766 ], [ -0.3022, 52.177 ], [ -0.3037, 52.1773 ], [ -0.3064, 52.1824 ], [ -0.3047, 52.1855 ], [ -0.303, 52.1877 ], [ -0.3016, 52.1885 ], [ -0.2992, 52.1931 ], [ -0.2986, 52.195 ], [ -0.2974, 52.1979 ], [ -0.2976, 52.1996 ], [ -0.2949, 52.2043 ], [ -0.2918, 52.207 ], [ -0.29, 52.2088 ], [ -0.2906, 52.2118 ], [ -0.2907, 52.2138 ], [ -0.2897, 52.2152 ], [ -0.2891, 52.2194 ], [ -0.2878, 52.2222 ], [ -0.2863, 52.2242 ], [ -0.2859, 52.2273 ], [ -0.2843, 52.2314 ], [ -0.2844, 52.2338 ], [ -0.2828, 52.2362 ] ] } },
{ "type": "Feature", "properties": { "linetype": 1 }, "geometry": { "type": "LineString", "coordinates": [ [ -1.4816, 53.5531 ], [ -1.481, 53.5525 ], [ -1.4764, 53.5502 ], [ -1.4718, 53.5487 ], [ -1.4686, 53.5479 ], [ -1.4661, 53.5473 ], [ -1.4614, 53.5468 ], [ -1.4538, 53.5466 ], [ -1.4463, 53.5464 ], [ -1.4433, 53.5457 ], [ -1.4398, 53.5457 ], [ -1.4318, 53.5409 ], [ -1.4304, 53.5393 ], [ -1.4251, 53.5368 ], [ -1.4217, 53.5366 ], [ -1.4188, 53.5357 ], [ -1.4161, 53.5336 ], [ -1.4123, 53.5321 ], [ -1.4099, 53.5299 ], [ -1.4087, 53.5277 ], [ -1.4054, 53.5259 ], [ -1.4013, 53.5244 ], [ -1.3961, 53.521 ], [ -1.393, 53.5202 ], [ -1.3887, 53.5174 ], [ -1.3847, 53.5169 ], [ -1.3806, 53.5135 ], [ -1.3754, 53.5082 ], [ -1.372, 53.5051 ], [ -1.3705, 53.5015 ], [ -1.368, 53.4992 ], [ -1.367, 53.4939 ], [ -1.367, 53.49 ], [ -1.3653, 53.4862 ], [ -1.3657, 53.4833 ], [ -1.3635, 53.4809 ], [ -1.3649, 53.478 ], [ -1.3671, 53.4751 ], [ -1.3696, 53.4735 ], [ -1.3699, 53.4709 ], [ -1.3709, 53.4687 ], [ -1.3717, 53.4674 ], [ -1.3666, 53.4645 ], [ -1.3663, 53.4581 ], [ -1.3684, 53.4559 ], [ -1.3691, 53.4546 ], [ -1.3668, 53.452 ], [ -1.3638, 53.45 ], [ -1.3629, 53.4475 ], [ -1.3623, 53.4452 ], [ -1.3617, 53.4425 ], [ -1.3608, 53.4411 ], [ -1.3607, 53.4383 ], [ -1.3577, 53.4352 ], [ -1.3587, 53.4326 ], [ -1.3573, 53.4326 ], [ -1.3576, 53.4303 ], [ -1.3537, 53.4271 ], [ -1.3528, 53.4251 ], [ -1.3534, 53.4238 ], [ -1.3527, 53.4227 ], [ -1.3509, 53.422 ], [ -1.3399, 53.4144 ], [ -1.3398, 53.4126 ], [ -1.3363, 53.4085 ], [ -1.3334, 53.4062 ], [ -1.3282, 53.4042 ], [ -1.328, 53.403 ], [ -1.3276, 53.4025 ], [ -1.3236, 53.3976 ], [ -1.3242, 53.3929 ], [ -1.3242, 53.3928 ], [ -1.3217, 53.3841 ], [ -1.3217, 53.3828 ], [ -1.3201, 53.3813 ], [ -1.3195, 53.3807 ], [ -1.3192, 53.3788 ], [ -1.3189, 53.3768 ], [ -1.3185, 53.3755 ], [ -1.3177, 53.3746 ], [ -1.3173, 53.3737 ], [ -1.3179, 53.3732 ], [ -1.3191, 53.3721 ], [ -1.3202, 53.3698 ], [ -1.3227, 53.3673 ], [ -1.3237, 53.3658 ], [ -1.3227, 53.3641 ], [ -1.3211, 53.3631 ], [ -1.3194, 53.3625 ], [ -1.3151, 53.359 ], [ -1.3131, 53.3578 ], [ -1.3055, 53.3541 ], [ -1.3035, 53.3523 ], [ -1.3031, 53.3497 ], [ -1.3002, 53.3465 ], [ -1.2961, 53.3413 ], [ -1.2961, 53.3378 ], [ -1.2974, 53.3341 ], [ -1.3002, 53.3298 ], [ -1.3032, 53.3259 ], [ -1.3014, 53.3254 ], [ -1.3007, 53.3246 ], [ -1.3008, 53.3232 ], [ -1.2995, 53.3204 ], [ -1.2963, 53.316 ], [ -1.2944, 53.3143 ], [ -1.2858, 53.3115 ], [ -1.2824, 53.3107 ], [ -1.2816, 53.3089 ], [ -1.2812, 53.3085 ], [ -1.2851, 53.3055 ], [ -1.2858, 53.3003 ], [ -1.2868, 53.2988 ], [ -1.2879, 53.2979 ], [ -1.2879, 53.2958 ], [ -1.2884, 53.2939 ], [ -1.2887, 53.2918 ], [ -1.2885, 53.2901 ], [ -1.2873, 53.2903 ], [ -1.2864, 53.2892 ], [ -1.2847, 53.2891 ], [ -1.2829, 53.2877 ], [ -1.2757, 53.2846 ], [ -1.2714, 53.2812 ], [ -1.2677, 53.28 ], [ -1.2644, 53.2793 ], [ -1.2631, 53.2775 ], [ -1.2627, 53.2752 ], [ -1.2645, 53.2736 ], [ -1.2665, 53.2728 ], [ -1.266, 53.2718 ], [ -1.2666, 53.2708 ], [ -1.2667, 53.2706 ], [ -1.2666, 53.2702 ], [ -1.2656, 53.2675 ], [ -1.2667, 53.2664 ], [ -1.2677, 53.2652 ], [ -1.2678, 53.2634 ], [ -1.2669, 53.262 ], [ -1.2668, 53.2611 ], [ -1.2666, 53.2597 ], [ -1.2668, 53.2594 ], [ -1.2673, 53.2585 ], [ -1.2669, 53.2573 ], [ -1.2667, 53.2568 ], [ -1.2665, 53.2538 ], [ -1.267, 53.2527 ], [ -1.2681, 53.25 ], [ -1.2677, 53.2482 ], [ -1.2675, 53.2445 ], [ -1.2674, 53.2408 ], [ -1.2677, 53.2354 ], [ -1.2674, 53.2337 ], [ -1.2668, 53.2298 ], [ -1.2675, 53.228 ], [ -1.268, 53.2268 ], [ -1.2698, 53.2223 ], [ -1.2688, 53.2195 ], [ -1.2678, 53.218 ], [ -1.2669, 53.2166 ], [ -1.2661, 53.2144 ], [ -1.2671, 53.2126 ], [ -1.2677, 53.2112 ], [ -1.2677, 53.2089 ], [ -1.2676, 53.2066 ], [ -1.2678, 53.2046 ], [ -1.2681, 53.2026 ], [ -1.2687, 53.1989 ], [ -1.2683, 53.1939 ], [ -1.2661, 53.1925 ], [ -1.2635, 53.191 ], [ -1.2623, 53.1913 ], [ -1.2606, 53.1898 ], [ -1.2566, 53.1851 ], [ -1.255, 53.1822 ], [ -1.2542, 53.1798 ], [ -1.2536, 53.1777 ], [ -1.2515, 53.176 ], [ -1.2503, 53.1743 ], [ -1.2487, 53.1735 ], [ -1.2471, 53.1727 ], [ -1.2443, 53.1727 ], [ -1.242, 53.1724 ], [ -1.2406, 53.1711 ], [ -1.2403, 53.1694 ], [ -1.2386, 53.1681 ], [ -1.2384, 53.1678 ], [ -1.2376, 53.1668 ], [ -1.2354, 53.1658 ], [ -1.2343, 53.1655 ], [ -1.232, 53.1648 ], [ -1.227, 53.162 ], [ -1.2236, 53.1596 ], [ -1.2193, 53.158 ], [ -1.2169, 53.1569 ], [ -1.2151, 53.156 ], [ -1.2117, 53.1552 ], [ -1.2058, 53.1527 ], [ -1.2017, 53.1498 ], [ -1.1997, 53.1472 ], [ -1.196, 53.1445 ], [ -1.1966, 53.1442 ], [ -1.1964, 53.1423 ], [ -1.1954, 53.1418 ], [ -1.1957, 53.1398 ], [ -1.1974, 53.1382 ], [ -1.1966, 53.1361 ], [ -1.1969, 53.1351 ], [ -1.1975, 53.1335 ], [ -1.1962, 53.1313 ], [ -1.1953, 53.1298 ], [ -1.191, 53.126 ], [ -1.1891, 53.1205 ], [ -1.1853, 53.1165 ], [ -1.185, 53.1139 ], [ -1.1773, 53.0993 ], [ -1.1786, 53.0944 ], [ -1.1778, 53.0924 ], [ -1.1764, 53.0902 ], [ -1.172, 53.0873 ], [ -1.1703, 53.0828 ], [ -1.1684, 53.0777 ], [ -1.1723, 53.0735 ], [ -1.1786, 53.0633 ], [ -1.1814, 53.0613 ], [ -1.1812, 53.0591 ], [ -1.1813, 53.0577 ], [ -1.1825, 53.0574 ], [ -1.1827, 53.0541 ], [ -1.1824, 53.05 ], [ -1.1816, 53.0463 ], [ -1.1815, 53.0434 ], [ -1.1785, 53.0399 ], [ -1.1771, 53.0364 ], [ -1.1776, 53.0336 ], [ -1.1781, 53.0305 ], [ -1.1797, 53.0271 ], [ -1.1797, 53.0247 ], [ -1.1821, 53.0227 ], [ -1.184, 53.021 ], [ -1.183, 53.0182 ], [ -1.1835, 53.0163 ], [ -1.1848, 53.0139 ], [ -1.1903, 53.0052 ], [ -1.1883, 53.0045 ], [ -1.1815, 52.9965 ], [ -1.1789, 52.9934 ], [ -1.1802, 52.9896 ], [ -1.1804, 52.989 ], [ -1.1807, 52.9866 ], [ -1.1814, 52.985 ], [ -1.1787, 52.9816 ], [ -1.1755, 52.9798 ], [ -1.1733, 52.9768 ], [ -1.1734, 52.9764 ], [ -1.175, 52.9719 ], [ -1.174, 52.9697 ], [ -1.1706, 52.9655 ], [ -1.1689, 52.9626 ], [ -1.1671, 52.9616 ], [ -1.1644, 52.9612 ], [ -1.1599, 52.9609 ], [ -1.1558, 52.9585 ], [ -1.1547, 52.9578 ], [ -1.1534, 52.957 ], [ -1.1526, 52.956 ], [ -1.1514, 52.9548 ], [ -1.1514, 52.9536 ], [ -1.1503, 52.9534 ], [ -1.1511, 52.9529 ], [ -1.1492, 52.952 ], [ -1.1488, 52.9511 ], [ -1.148, 52.9487 ], [ -1.1425, 52.9498 ], [ -1.1403, 52.9502 ], [ -1.14, 52.9489 ], [ -1.1399, 52.9437 ], [ -1.1396, 52.9415 ], [ -1.1381, 52.9393 ], [ -1.1365, 52.9384 ], [ -1.1344, 52.9374 ], [ -1.1344, 52.9364 ], [ -1.1345, 52.9355 ], [ -1.1362, 52.9342 ], [ -1.1367, 52.9325 ], [ -1.1346, 52.9297 ], [ -1.1295, 52.9273 ], [ -1.1231, 52.9204 ], [ -1.1186, 52.9145 ], [ -1.1178, 52.9115 ], [ -1.1198, 52.9071 ], [ -1.1197, 52.9019 ], [ -1.1173, 52.9008 ], [ -1.1115, 52.9007 ], [ -1.1063, 52.9005 ], [ -1.1015, 52.8994 ], [ -1.0959, 52.8973 ], [ -1.0921, 52.8947 ], [ -1.0906, 52.8903 ], [ -1.0871, 52.8919 ], [ -1.0841, 52.8914 ], [ -1.0797, 52.8909 ], [ -1.0777, 52.8913 ], [ -1.0763, 52.8898 ], [ -1.0734, 52.8874 ], [ -1.069, 52.8843 ], [ -1.0677, 52.8831 ], [ -1.0639, 52.8818 ], [ -1.0594, 52.8807 ], [ -1.0511, 52.8724 ], [ -1.0431, 52.8645 ], [ -1.0427, 52.864 ], [ -1.0409, 52.8617 ], [ -1.0405, 52.8597 ], [ -1.0314, 52.8529 ], [ -1.0205, 52.8457 ], [ -1.0037, 52.8374 ], [ -0.9954, 52.8316 ], [ -0.9888, 52.8305 ], [ -0.9887, 52.8304 ], [ -0.9889, 52.829 ], [ -0.9875, 52.829 ], [ -0.9874, 52.8278 ], [ -0.9838, 52.8279 ], [ -0.9813, 52.8279 ], [ -0.9783, 52.8277 ], [ -0.9753, 52.8275 ], [ -0.9725, 52.8255 ], [ -0.9711, 52.8221 ], [ -0.9711, 52.8219 ], [ -0.9709, 52.822 ], [ -0.9671, 52.8222 ], [ -0.9617, 52.8226 ], [ -0.9566, 52.8191 ], [ -0.9515, 52.8144 ], [ -0.9478, 52.8114 ], [ -0.9463, 52.8101 ], [ -0.9447, 52.8099 ], [ -0.9418, 52.8097 ], [ -0.935, 52.8072 ], [ -0.9262, 52.8027 ], [ -0.9246, 52.8016 ], [ -0.9244, 52.8006 ], [ -0.9239, 52.7988 ], [ -0.9232, 52.7956 ], [ -0.9183, 52.7928 ], [ -0.9141, 52.7909 ], [ -0.9065, 52.7874 ], [ -0.9051, 52.7857 ], [ -0.8965, 52.7772 ], [ -0.8939, 52.7731 ], [ -0.8934, 52.7712 ], [ -0.8931, 52.7703 ], [ -0.8902, 52.7666 ], [ -0.8883, 52.7663 ], [ -0.8881, 52.7663 ], [ -0.8879, 52.766 ], [ -0.8873, 52.7649 ], [ -0.8864, 52.7644 ], [ -0.8863, 52.7644 ], [ -0.8855, 52.7643 ], [ -0.8853, 52.7638 ], [ -0.8842, 52.7608 ], [ -0.8824, 52.7596 ], [ -0.8791, 52.7541 ], [ -0.8709, 52.7488 ], [ -0.8645, 52.7445 ], [ -0.8603, 52.7399 ], [ -0.851, 52.735 ], [ -0.847, 52.7298 ], [ -0.8435, 52.7276 ], [ -0.8366, 52.7238 ], [ -0.8316, 52.7185 ], [ -0.8263, 52.7149 ], [ -0.8198, 52.714 ], [ -0.8124, 52.712 ], [ -0.7998, 52.7084 ], [ -0.7858, 52.7004 ], [ -0.7742, 52.6967 ], [ -0.7712, 52.696 ], [ -0.7666, 52.6949 ], [ -0.7612, 52.6929 ], [ -0.7559, 52.6889 ], [ -0.7532, 52.6897 ], [ -0.7487, 52.6829 ], [ -0.7471, 52.6823 ], [ -0.7467, 52.6815 ], [ -0.7451, 52.6781 ], [ -0.7426, 52.6757 ], [ -0.7389, 52.6747 ], [ -0.7355, 52.6741 ], [ -0.7346, 52.6709 ], [ -0.7335, 52.6709 ], [ -0.7313, 52.6707 ], [ -0.729, 52.6704 ], [ -0.7275, 52.67 ] ] } },
{ "type": "Feature", "properties": { "linetype": 1 }, "geometry": { "type": "LineString", "coordinates": [ [ -1.7373, 54.4031 ], [ -1.7383, 54.4029 ], [ -1.7383, 54.4024 ], [ -1.7388, 54.4023 ], [ -1.7395, 54.4022 ], [ -1.7396, 54.4018 ], [ -1.7404, 54.4017 ], [ -1.7407, 54.4011 ], [ -1.7404, 54.4004 ], [ -1.7385, 54.3995 ], [ -1.7371, 54.3987 ], [ -1.7368, 54.3978 ], [ -1.7387, 54.3972 ], [ -1.7398, 54.3962 ], [ -1.7414, 54.3952 ], [ -1.7426, 54.3941 ], [ -1.744, 54.3937 ], [ -1.7445, 54.3936 ], [ -1.7443, 54.3932 ], [ -1.7429, 54.3931 ], [ -1.7424, 54.3922 ], [ -1.7428, 54.3872 ], [ -1.7436, 54.3834 ], [ -1.7418, 54.3776 ], [ -1.7422, 54.3757 ], [ -1.7414, 54.3737 ], [ -1.7421, 54.3714 ], [ -1.7451, 54.367 ], [ -1.7497, 54.3628 ], [ -1.769, 54.3474 ], [ -1.7671, 54.3397 ], [ -1.7701, 54.3381 ], [ -1.7702, 54.3338 ], [ -1.7725, 54.3324 ], [ -1.7726, 54.3301 ], [ -1.7765, 54.3253 ], [ -1.7827, 54.3218 ], [ -1.7932, 54.3151 ], [ -1.7986, 54.3117 ], [ -1.8007, 54.3088 ], [ -1.8023, 54.3066 ], [ -1.8044, 54.3048 ], [ -1.8056, 54.3042 ], [ -1.8059, 54.3034 ], [ -1.8059, 54.3019 ], [ -1.8057, 54.3017 ], [ -1.8047, 54.3012 ], [ -1.805, 54.2999 ], [ -1.805, 54.2976 ], [ -1.8058, 54.2968 ], [ -1.8062, 54.2965 ], [ -1.8081, 54.2936 ], [ -1.8099, 54.2915 ], [ -1.8112, 54.2899 ], [ -1.8085, 54.2877 ], [ -1.8063, 54.2867 ], [ -1.8063, 54.2857 ], [ -1.8058, 54.285 ], [ -1.808, 54.2842 ], [ -1.8093, 54.2832 ], [ -1.8097, 54.2824 ], [ -1.8114, 54.2821 ], [ -1.8144, 54.282 ], [ -1.8241, 54.2781 ], [ -1.8292, 54.2762 ], [ -1.8325, 54.2762 ], [ -1.8349, 54.2755 ], [ -1.8374, 54.2754 ], [ -1.8391, 54.2747 ], [ -1.8446, 54.2729 ], [ -1.8467, 54.2727 ], [ -1.8478, 54.2731 ], [ -1.8505, 54.2728 ], [ -1.8526, 54.2723 ], [ -1.8539, 54.2717 ], [ -1.8601, 54.2704 ], [ -1.8612, 54.2698 ], [ -1.8616, 54.269 ], [ -1.8648, 54.2675 ], [ -1.8677, 54.2666 ], [ -1.8695, 54.2656 ], [ -1.8736, 54.2627 ], [ -1.8753, 54.2617 ], [ -1.8783, 54.2606 ], [ -1.883, 54.2598 ], [ -1.8839, 54.2601 ], [ -1.8879, 54.2594 ], [ -1.8901, 54.2594 ], [ -1.8942, 54.2585 ], [ -1.8981, 54.2576 ], [ -1.9006, 54.2574 ], [ -1.9032, 54.2573 ], [ -1.9063, 54.2565 ], [ -1.9039, 54.2552 ], [ -1.9041, 54.2543 ], [ -1.9051, 54.2537 ], [ -1.9065, 54.2508 ], [ -1.9103, 54.2494 ], [ -1.9127, 54.2469 ], [ -1.9134, 54.244 ], [ -1.9158, 54.243 ], [ -1.9175, 54.2409 ], [ -1.9188, 54.2405 ], [ -1.9209, 54.2399 ], [ -1.9221, 54.2369 ], [ -1.9223, 54.2359 ], [ -1.9227, 54.2345 ], [ -1.9244, 54.2328 ], [ -1.9254, 54.232 ], [ -1.9256, 54.2319 ], [ -1.9273, 54.2303 ], [ -1.9283, 54.2287 ], [ -1.929, 54.2275 ], [ -1.9299, 54.2256 ], [ -1.9311, 54.2245 ], [ -1.9341, 54.2231 ], [ -1.9385, 54.221 ], [ -1.9403, 54.2203 ], [ -1.9432, 54.2189 ], [ -1.9446, 54.2183 ], [ -1.9489, 54.2161 ], [ -1.9509, 54.2155 ], [ -1.9579, 54.2128 ], [ -1.9607, 54.2124 ], [ -1.9659, 54.2102 ], [ -1.9678, 54.2096 ], [ -1.9691, 54.2094 ], [ -1.97, 54.2097 ], [ -1.9752, 54.2076 ], [ -1.9796, 54.2055 ], [ -1.9789, 54.2049 ], [ -1.9794, 54.2042 ], [ -1.9808, 54.2037 ], [ -1.9821, 54.2028 ], [ -1.9829, 54.2019 ], [ -1.9893, 54.1992 ], [ -1.9903, 54.1991 ], [ -1.9931, 54.1983 ], [ -1.9979, 54.1965 ], [ -1.9988, 54.1955 ], [ -1.9999, 54.1954 ], [ -2.0014, 54.1945 ], [ -2.0044, 54.1928 ], [ -2.0048, 54.1925 ], [ -2.0092, 54.1902 ], [ -2.0103, 54.1903 ], [ -2.0102, 54.1886 ], [ -2.0116, 54.1863 ], [ -2.0147, 54.1834 ], [ -2.0177, 54.1809 ], [ -2.0226, 54.1768 ], [ -2.0226, 54.1761 ], [ -2.0251, 54.1739 ], [ -2.0259, 54.1736 ], [ -2.0312, 54.1685 ], [ -2.0339, 54.1683 ], [ -2.0345, 54.1668 ], [ -2.0342, 54.1656 ], [ -2.0349, 54.1643 ], [ -2.0344, 54.1628 ], [ -2.0362, 54.1622 ], [ -2.0369, 54.1609 ], [ -2.038, 54.1591 ], [ -2.0395, 54.1562 ], [ -2.0401, 54.1539 ], [ -2.0413, 54.1525 ], [ -2.0421, 54.151 ], [ -2.0421, 54.1502 ], [ -2.0421, 54.1498 ], [ -2.0435, 54.1484 ], [ -2.0444, 54.1481 ], [ -2.0441, 54.1476 ], [ -2.0437, 54.147 ], [ -2.0446, 54.1469 ], [ -2.0464, 54.1468 ], [ -2.0459, 54.1462 ], [ -2.0475, 54.146 ], [ -2.0459, 54.1445 ], [ -2.0447, 54.1433 ], [ -2.0435, 54.1411 ], [ -2.0406, 54.139 ], [ -2.0405, 54.1377 ], [ -2.0383, 54.1338 ], [ -2.0361, 54.1309 ], [ -2.035, 54.1266 ], [ -2.0361, 54.1252 ], [ -2.0337, 54.1188 ], [ -2.0317, 54.1168 ], [ -2.0315, 54.1139 ], [ -2.0301, 54.1108 ], [ -2.0302, 54.1079 ], [ -2.03, 54.103 ], [ -2.029, 54.1014 ], [ -2.0293, 54.1003 ], [ -2.0288, 54.0972 ], [ -2.0281, 54.0936 ], [ -2.0289, 54.0906 ], [ -2.0309, 54.0896 ], [ -2.0311, 54.088 ], [ -2.0301, 54.0851 ], [ -2.0265, 54.0824 ], [ -2.0204, 54.0804 ], [ -2.0155, 54.0794 ], [ -2.0145, 54.0792 ], [ -2.0077, 54.0777 ], [ -2.0023, 54.0748 ], [ -1.9999, 54.0727 ], [ -1.9983, 54.0714 ], [ -1.9963, 54.0692 ], [ -1.9983, 54.068 ], [ -1.9998, 54.0658 ], [ -2.0034, 54.0643 ], [ -2.0034, 54.0631 ], [ -2.0045, 54.0615 ], [ -2.0055, 54.0609 ], [ -2.0099, 54.0604 ], [ -2.013, 54.0585 ], [ -2.0149, 54.0569 ], [ -2.018, 54.0543 ], [ -2.0236, 54.052 ], [ -2.0243, 54.0508 ], [ -2.0265, 54.0499 ], [ -2.0297, 54.0468 ], [ -2.0298, 54.0422 ], [ -2.03, 54.0385 ], [ -2.0365, 54.0361 ], [ -2.0379, 54.0356 ], [ -2.0389, 54.0348 ], [ -2.0413, 54.0348 ], [ -2.0433, 54.0325 ], [ -2.0436, 54.0297 ], [ -2.0438, 54.0295 ], [ -2.0451, 54.0274 ], [ -2.049, 54.0247 ], [ -2.0457, 54.0178 ], [ -2.046, 54.0157 ], [ -2.0487, 54.0133 ], [ -2.0494, 54.0117 ], [ -2.048, 54.0084 ], [ -2.0477, 54.0055 ], [ -2.0428, 54.0002 ], [ -2.0412, 53.9971 ], [ -2.0399, 53.9934 ], [ -2.0375, 53.9906 ], [ -2.0366, 53.9867 ], [ -2.0355, 53.9841 ], [ -2.0339, 53.9822 ], [ -2.0311, 53.98 ], [ -2.028, 53.9773 ], [ -2.0275, 53.9737 ], [ -2.027, 53.9707 ], [ -2.0246, 53.9688 ], [ -2.023, 53.9664 ], [ -2.0208, 53.9646 ], [ -2.0173, 53.9631 ], [ -2.0163, 53.9629 ], [ -2.0158, 53.962 ], [ -2.0167, 53.96 ], [ -2.0172, 53.96 ], [ -2.0177, 53.9599 ], [ -2.0176, 53.9592 ], [ -2.0181, 53.9581 ], [ -2.02, 53.9548 ], [ -2.019, 53.9507 ], [ -2.017, 53.9493 ], [ -2.0165, 53.9488 ], [ -2.0151, 53.9477 ], [ -2.014, 53.9467 ], [ -2.0121, 53.9431 ], [ -2.0125, 53.9421 ], [ -2.012, 53.9397 ], [ -2.0107, 53.9393 ], [ -2.0105, 53.939 ], [ -2.009, 53.9373 ], [ -2.0068, 53.9363 ], [ -2.0039, 53.9351 ], [ -2.0006, 53.9345 ], [ -1.999, 53.9342 ], [ -1.9976, 53.9334 ], [ -1.9967, 53.9327 ], [ -1.9957, 53.932 ], [ -1.9936, 53.9313 ], [ -1.9943, 53.9305 ], [ -1.9953, 53.9302 ], [ -1.9951, 53.9296 ], [ -1.9945, 53.9281 ], [ -1.9961, 53.927 ], [ -1.9966, 53.9255 ], [ -1.9952, 53.9222 ], [ -1.994, 53.9192 ], [ -1.9939, 53.9169 ], [ -1.9927, 53.9152 ], [ -1.9898, 53.913 ], [ -1.9873, 53.9119 ], [ -1.9861, 53.9119 ], [ -1.9854, 53.9094 ], [ -1.9843, 53.9095 ], [ -1.9845, 53.9074 ], [ -1.9825, 53.9023 ], [ -1.9811, 53.9001 ], [ -1.979, 53.8987 ], [ -1.9749, 53.8967 ], [ -1.971, 53.8956 ], [ -1.9657, 53.895 ], [ -1.9593, 53.8954 ], [ -1.9558, 53.8956 ], [ -1.9546, 53.8956 ], [ -1.9499, 53.8959 ], [ -1.9429, 53.895 ], [ -1.939, 53.8944 ], [ -1.9357, 53.8921 ], [ -1.9333, 53.8885 ], [ -1.9306, 53.8858 ], [ -1.9282, 53.8829 ], [ -1.925, 53.8802 ], [ -1.9247, 53.8791 ], [ -1.9217, 53.8775 ], [ -1.917, 53.8755 ], [ -1.9134, 53.873 ], [ -1.9106, 53.8702 ], [ -1.9103, 53.8656 ], [ -1.9114, 53.8644 ], [ -1.9123, 53.8642 ], [ -1.9124, 53.8623 ], [ -1.9119, 53.8584 ], [ -1.9124, 53.8582 ], [ -1.9116, 53.8578 ], [ -1.9105, 53.8573 ], [ -1.911, 53.8569 ], [ -1.9113, 53.8567 ], [ -1.9108, 53.8565 ], [ -1.9078, 53.8552 ], [ -1.9066, 53.8549 ], [ -1.9052, 53.8545 ], [ -1.9065, 53.8535 ], [ -1.906, 53.8531 ], [ -1.9021, 53.8528 ], [ -1.9015, 53.8532 ], [ -1.9003, 53.8525 ], [ -1.9006, 53.8496 ], [ -1.9022, 53.8476 ], [ -1.9036, 53.8446 ], [ -1.9038, 53.8441 ], [ -1.9029, 53.8433 ], [ -1.9014, 53.8418 ], [ -1.9019, 53.8395 ], [ -1.9035, 53.8322 ], [ -1.903, 53.8302 ], [ -1.902, 53.8292 ], [ -1.8991, 53.8283 ], [ -1.901, 53.8226 ], [ -1.9019, 53.8214 ], [ -1.9038, 53.8196 ], [ -1.9042, 53.8194 ], [ -1.9051, 53.8189 ], [ -1.9063, 53.8157 ], [ -1.9049, 53.8125 ], [ -1.904, 53.8119 ], [ -1.9005, 53.8095 ], [ -1.8963, 53.8063 ], [ -1.8943, 53.8042 ], [ -1.894, 53.8029 ], [ -1.8967, 53.8008 ], [ -1.897, 53.8004 ], [ -1.8975, 53.7994 ], [ -1.8978, 53.798 ], [ -1.8948, 53.7969 ], [ -1.8935, 53.7957 ], [ -1.893, 53.7945 ], [ -1.8917, 53.7928 ], [ -1.8928, 53.7912 ], [ -1.8933, 53.7897 ], [ -1.895, 53.7872 ], [ -1.8962, 53.7744 ], [ -1.8983, 53.7708 ], [ -1.899, 53.7696 ], [ -1.898, 53.7686 ], [ -1.8966, 53.7672 ], [ -1.8962, 53.7644 ], [ -1.8942, 53.7616 ], [ -1.8936, 53.7519 ], [ -1.8949, 53.7518 ], [ -1.896, 53.7509 ], [ -1.8933, 53.7496 ], [ -1.8894, 53.7483 ], [ -1.8851, 53.7445 ], [ -1.8829, 53.7431 ], [ -1.8802, 53.7426 ], [ -1.8782, 53.7421 ], [ -1.8769, 53.7408 ], [ -1.8746, 53.7364 ], [ -1.8746, 53.7353 ], [ -1.8745, 53.7343 ], [ -1.8721, 53.7332 ], [ -1.8719, 53.732 ], [ -1.87, 53.7303 ], [ -1.8693, 53.729 ], [ -1.8669, 53.7281 ], [ -1.8637, 53.7277 ], [ -1.8609, 53.7271 ], [ -1.8596, 53.726 ], [ -1.8597, 53.7242 ], [ -1.8596, 53.7234 ], [ -1.8582, 53.7225 ], [ -1.858, 53.7201 ], [ -1.8566, 53.7195 ], [ -1.8569, 53.7181 ], [ -1.8572, 53.716 ], [ -1.8566, 53.715 ], [ -1.8548, 53.7142 ], [ -1.855, 53.7123 ], [ -1.8545, 53.7095 ], [ -1.8515, 53.7055 ], [ -1.8519, 53.7043 ], [ -1.8535, 53.7029 ], [ -1.8531, 53.7013 ], [ -1.852, 53.6979 ], [ -1.8482, 53.6954 ], [ -1.8487, 53.6949 ], [ -1.8458, 53.6933 ], [ -1.8441, 53.6919 ], [ -1.8445, 53.6905 ], [ -1.8426, 53.6903 ], [ -1.8414, 53.69 ], [ -1.8407, 53.6899 ], [ -1.8399, 53.6893 ], [ -1.8407, 53.6889 ], [ -1.84, 53.6879 ], [ -1.8391, 53.6874 ], [ -1.8376, 53.6874 ], [ -1.8364, 53.6869 ], [ -1.8348, 53.6851 ], [ -1.8341, 53.6837 ], [ -1.8331, 53.6828 ], [ -1.8275, 53.6799 ], [ -1.8248, 53.6786 ], [ -1.8217, 53.6776 ], [ -1.8224, 53.6766 ], [ -1.8259, 53.6751 ], [ -1.8275, 53.6743 ], [ -1.8268, 53.6721 ], [ -1.8125, 53.6689 ], [ -1.8095, 53.6687 ], [ -1.8066, 53.6699 ], [ -1.806, 53.6696 ], [ -1.8061, 53.6679 ], [ -1.8035, 53.6661 ], [ -1.796, 53.6643 ], [ -1.789, 53.6628 ], [ -1.7849, 53.6579 ], [ -1.7821, 53.6562 ], [ -1.7822, 53.6547 ], [ -1.7786, 53.647 ], [ -1.777, 53.6452 ], [ -1.7728, 53.6434 ], [ -1.7706, 53.6432 ], [ -1.7679, 53.6428 ], [ -1.7641, 53.643 ], [ -1.7616, 53.6424 ], [ -1.7565, 53.6389 ], [ -1.7534, 53.6372 ], [ -1.7497, 53.6345 ], [ -1.7469, 53.6318 ], [ -1.7466, 53.6311 ], [ -1.7453, 53.631 ], [ -1.7444, 53.6306 ], [ -1.743, 53.6307 ], [ -1.7412, 53.6293 ], [ -1.7411, 53.6281 ], [ -1.7378, 53.6298 ], [ -1.7363, 53.629 ], [ -1.7336, 53.6288 ], [ -1.731, 53.629 ], [ -1.7284, 53.6289 ], [ -1.7262, 53.6286 ], [ -1.7242, 53.6278 ], [ -1.7235, 53.6273 ], [ -1.7226, 53.6265 ], [ -1.7207, 53.6253 ], [ -1.7191, 53.6258 ], [ -1.7178, 53.6222 ], [ -1.7178, 53.6194 ], [ -1.7155, 53.6165 ], [ -1.7138, 53.6149 ], [ -1.7094, 53.614 ], [ -1.7063, 53.613 ], [ -1.7042, 53.6124 ], [ -1.7028, 53.611 ], [ -1.703, 53.6097 ], [ -1.7015, 53.6092 ], [ -1.7012, 53.609 ], [ -1.7013, 53.6087 ], [ -1.7017, 53.608 ], [ -1.7013, 53.6073 ], [ -1.6967, 53.6031 ], [ -1.6955, 53.6015 ], [ -1.6939, 53.5993 ], [ -1.6918, 53.5967 ], [ -1.6879, 53.5966 ], [ -1.6843, 53.5973 ], [ -1.68, 53.5973 ], [ -1.6762, 53.5966 ], [ -1.6711, 53.595 ], [ -1.6557, 53.5914 ], [ -1.6518, 53.5916 ], [ -1.6484, 53.5913 ], [ -1.6404, 53.5895 ], [ -1.6363, 53.5883 ], [ -1.6353, 53.5873 ], [ -1.6333, 53.5874 ], [ -1.6303, 53.587 ], [ -1.629, 53.5858 ], [ -1.6261, 53.5863 ], [ -1.6254, 53.586 ], [ -1.6246, 53.5856 ], [ -1.6238, 53.5843 ], [ -1.6211, 53.5846 ], [ -1.6202, 53.5824 ], [ -1.6175, 53.5823 ], [ -1.6146, 53.5811 ], [ -1.6129, 53.5799 ], [ -1.6087, 53.5815 ], [ -1.6067, 53.5831 ], [ -1.6039, 53.5839 ], [ -1.6004, 53.5864 ], [ -1.5983, 53.5856 ], [ -1.5902, 53.5856 ], [ -1.5877, 53.5875 ], [ -1.5817, 53.5892 ], [ -1.575, 53.5868 ], [ -1.5671, 53.5857 ], [ -1.5595, 53.5841 ], [ -1.5546, 53.5831 ], [ -1.5492, 53.5819 ], [ -1.546, 53.582 ], [ -1.5423, 53.581 ], [ -1.5308, 53.5788 ], [ -1.5282, 53.5791 ], [ -1.5276, 53.5778 ], [ -1.5265, 53.5745 ], [ -1.5262, 53.5729 ], [ -1.5233, 53.5716 ], [ -1.5218, 53.5702 ], [ -1.5181, 53.5668 ], [ -1.5157, 53.5657 ], [ -1.5152, 53.5639 ], [ -1.5083, 53.561 ], [ -1.5028, 53.5606 ], [ -1.4963, 53.5586 ], [ -1.4941, 53.5583 ], [ -1.4929, 53.5579 ], [ -1.49, 53.557 ], [ -1.4886, 53.5562 ], [ -1.4884, 53.556 ], [ -1.487, 53.5541 ], [ -1.4858, 53.5532 ], [ -1.4845, 53.5531 ], [ -1.4823, 53.5534 ], [ -1.4816, 53.5531 ] ] } },
{ "type": "Feature", "properties": { "linetype": 1 }, "geometry": { "type": "LineString", "coordinates": [ [ -2.7329, 52.7041 ], [ -2.681, 52.6795 ], [ -2.6632, 52.6797 ], [ -2.5664, 52.6924 ], [ -2.5187, 52.7011 ] ] } },
{ "type": "Feature", "properties": { "linetype": 1 }, "geometry": { "type": "Point", "coordinates": [ -2.3061, 52.5369 ] } },
{ "type": "Feature", "properties": { "linetype": 1 }, "geometry": { "type": "LineString", "coordinates": [ [ -2.4192, 52.5343 ], [ -2.4197, 52.5348 ], [ -2.4208, 52.5367 ], [ -2.425, 52.5353 ], [ -2.4281, 52.5363 ], [ -2.4299, 52.5363 ], [ -2.4352, 52.537 ], [ -2.4398, 52.5372 ], [ -2.44, 52.5372 ], [ -2.4439, 52.5372 ], [ -2.4464, 52.5374 ], [ -2.4505, 52.5385 ], [ -2.4521, 52.539 ], [ -2.4558, 52.5394 ], [ -2.4589, 52.5402 ], [ -2.4617, 52.5399 ], [ -2.4655, 52.5396 ], [ -2.4784, 52.5413 ], [ -2.4812, 52.5414 ], [ -2.4846, 52.5413 ], [ -2.4871, 52.5425 ], [ -2.4886, 52.5433 ], [ -2.4903, 52.5465 ], [ -2.492, 52.5485 ], [ -2.4945, 52.5504 ], [ -2.4954, 52.5507 ], [ -2.4971, 52.5503 ], [ -2.4996, 52.5511 ], [ -2.4998, 52.5512 ], [ -2.5005, 52.5517 ], [ -2.5053, 52.5532 ], [ -2.5094, 52.555 ], [ -2.5122, 52.5559 ], [ -2.5133, 52.5567 ], [ -2.5187, 52.5583 ], [ -2.5228, 52.5604 ], [ -2.5247, 52.5615 ], [ -2.5255, 52.5624 ], [ -2.5277, 52.5639 ], [ -2.5306, 52.5647 ], [ -2.5321, 52.5659 ], [ -2.5354, 52.5687 ], [ -2.5395, 52.5716 ], [ -2.5412, 52.5737 ], [ -2.5435, 52.5753 ], [ -2.5463, 52.5768 ], [ -2.547, 52.5785 ], [ -2.5479, 52.5813 ], [ -2.5501, 52.5853 ], [ -2.5528, 52.5885 ], [ -2.5532, 52.589 ], [ -2.5558, 52.5909 ], [ -2.559, 52.5929 ], [ -2.5603, 52.5941 ], [ -2.5637, 52.5941 ], [ -2.5671, 52.5942 ], [ -2.568, 52.5951 ], [ -2.5697, 52.5971 ], [ -2.5711, 52.5981 ], [ -2.5747, 52.5987 ], [ -2.5763, 52.5991 ], [ -2.5837, 52.5988 ], [ -2.5886, 52.6024 ], [ -2.591, 52.6051 ], [ -2.592, 52.6065 ], [ -2.5951, 52.6076 ], [ -2.597, 52.609 ], [ -2.5979, 52.6092 ], [ -2.5983, 52.6102 ], [ -2.5983, 52.6114 ], [ -2.597, 52.6153 ], [ -2.599, 52.6183 ], [ -2.6019, 52.6207 ], [ -2.6023, 52.6222 ], [ -2.6037, 52.6234 ], [ -2.6036, 52.6298 ], [ -2.6044, 52.6327 ], [ -2.6047, 52.6334 ], [ -2.6049, 52.6335 ], [ -2.6064, 52.6338 ], [ -2.6085, 52.6345 ], [ -2.6103, 52.6352 ], [ -2.614, 52.636 ], [ -2.6157, 52.6364 ], [ -2.6293, 52.6393 ], [ -2.6366, 52.6408 ], [ -2.639, 52.6417 ], [ -2.6418, 52.6434 ], [ -2.6429, 52.6437 ], [ -2.6504, 52.6459 ], [ -2.6528, 52.6463 ], [ -2.6575, 52.6472 ], [ -2.6595, 52.648 ], [ -2.6611, 52.6504 ], [ -2.6614, 52.6506 ], [ -2.6639, 52.6524 ], [ -2.6703, 52.6556 ], [ -2.6825, 52.6623 ], [ -2.6873, 52.6636 ], [ -2.6927, 52.6654 ], [ -2.6973, 52.6688 ], [ -2.6996, 52.6705 ], [ -2.7033, 52.6723 ], [ -2.7058, 52.6746 ], [ -2.7094, 52.678 ], [ -2.7127, 52.6803 ], [ -2.7136, 52.6816 ], [ -2.7154, 52.6839 ], [ -2.7198, 52.6865 ], [ -2.7229, 52.6889 ], [ -2.7239, 52.692 ], [ -2.7247, 52.694 ], [ -2.7287, 52.6978 ], [ -2.7295, 52.6985 ], [ -2.7313, 52.7003 ], [ -2.7324, 52.7022 ], [ -2.7329, 52.7041 ], [ -2.7359, 52.7053 ], [ -2.7399, 52.7064 ], [ -2.7426, 52.707 ], [ -2.7449, 52.7071 ], [ -2.7461, 52.707 ], [ -2.7468, 52.7068 ], [ -2.7476, 52.7066 ], [ -2.7546, 52.7076 ], [ -2.7564, 52.7089 ], [ -2.7578, 52.7093 ], [ -2.758, 52.7101 ], [ -2.7586, 52.7108 ], [ -2.76, 52.7111 ], [ -2.7609, 52.7118 ], [ -2.764, 52.7124 ], [ -2.768, 52.7125 ], [ -2.7762, 52.7138 ], [ -2.7806, 52.7143 ], [ -2.7845, 52.7139 ], [ -2.7901, 52.7139 ], [ -2.7932, 52.7144 ], [ -2.7966, 52.7144 ], [ -2.7979, 52.7144 ], [ -2.8021, 52.7137 ], [ -2.8052, 52.7141 ], [ -2.8133, 52.7159 ], [ -2.8168, 52.7162 ], [ -2.8181, 52.7164 ], [ -2.8245, 52.7164 ], [ -2.8298, 52.7162 ], [ -2.8332, 52.7165 ], [ -2.8405, 52.7161 ], [ -2.8515, 52.715 ], [ -2.8565, 52.7144 ], [ -2.8567, 52.7144 ], [ -2.8589, 52.7139 ], [ -2.865, 52.7139 ], [ -2.8696, 52.7138 ], [ -2.8725, 52.7139 ], [ -2.877, 52.7128 ], [ -2.8776, 52.7125 ], [ -2.88, 52.7115 ], [ -2.8823, 52.7103 ], [ -2.8878, 52.7092 ], [ -2.8919, 52.7079 ], [ -2.8957, 52.7069 ], [ -2.9021, 52.7058 ], [ -2.91, 52.7061 ], [ -2.9151, 52.7066 ], [ -2.922, 52.7065 ], [ -2.9264, 52.7065 ], [ -2.9337, 52.707 ], [ -2.9398, 52.7058 ], [ -2.9418, 52.7031 ], [ -2.9434, 52.7018 ], [ -2.9498, 52.7001 ], [ -2.956, 52.6987 ], [ -2.958, 52.6991 ], [ -2.9665, 52.699 ], [ -2.967, 52.699 ], [ -2.9719, 52.6985 ], [ -2.9752, 52.6976 ], [ -2.9792, 52.6983 ], [ -2.9841, 52.6985 ], [ -2.9869, 52.6994 ], [ -2.9902, 52.6995 ], [ -2.9921, 52.6992 ], [ -2.9935, 52.6998 ], [ -2.9943, 52.6994 ], [ -2.9981, 52.6986 ], [ -3.0004, 52.6982 ], [ -3.0024, 52.6985 ], [ -3.0046, 52.6974 ], [ -3.006, 52.6962 ], [ -3.0062, 52.6956 ], [ -3.0064, 52.6955 ], [ -3.0101, 52.693 ], [ -3.0145, 52.691 ], [ -3.0174, 52.6902 ], [ -3.0224, 52.6888 ], [ -3.0264, 52.6868 ], [ -3.0321, 52.6859 ], [ -3.0342, 52.6861 ], [ -3.0416, 52.6849 ], [ -3.0421, 52.6845 ], [ -3.0433, 52.6842 ], [ -3.044, 52.685 ], [ -3.0457, 52.6851 ], [ -3.0474, 52.6845 ], [ -3.0481, 52.6836 ], [ -3.0502, 52.6836 ], [ -3.054, 52.6834 ], [ -3.0549, 52.6836 ], [ -3.056, 52.6838 ], [ -3.0664, 52.6824 ], [ -3.0697, 52.6802 ], [ -3.0749, 52.6792 ], [ -3.0819, 52.6814 ], [ -3.0824, 52.681 ], [ -3.0846, 52.6812 ], [ -3.0876, 52.681 ], [ -3.0913, 52.6797 ], [ -3.0941, 52.6787 ], [ -3.0983, 52.6749 ], [ -3.1011, 52.6726 ], [ -3.1063, 52.6719 ], [ -3.1101, 52.672 ], [ -3.1133, 52.6727 ], [ -3.1156, 52.6726 ], [ -3.1171, 52.6724 ], [ -3.1218, 52.6726 ], [ -3.1229, 52.6711 ], [ -3.125, 52.6691 ], [ -3.1263, 52.6675 ], [ -3.1301, 52.6655 ], [ -3.1337, 52.6645 ], [ -3.1352, 52.664 ], [ -3.1383, 52.6628 ], [ -3.1411, 52.6618 ], [ -3.144, 52.6611 ], [ -3.1456, 52.6612 ], [ -3.1465, 52.6607 ], [ -3.1472, 52.6596 ] ] } },
{ "type": "Feature", "properties": { "linetype": 1 }, "geometry": { "type": "LineString", "coordinates": [ [ -1.6627, 52.4432 ], [ -1.668, 52.4445 ], [ -1.6731, 52.4453 ], [ -1.68, 52.4462 ], [ -1.6862, 52.4456 ], [ -1.6884, 52.4454 ], [ -1.6921, 52.4457 ], [ -1.7252, 52.444 ], [ -1.7362, 52.4439 ], [ -1.7474, 52.4456 ], [ -1.7549, 52.4471 ], [ -1.7596, 52.4499 ], [ -1.7628, 52.451 ], [ -1.7681, 52.4512 ], [ -1.7705, 52.4517 ], [ -1.7725, 52.4514 ], [ -1.7772, 52.4511 ], [ -1.782, 52.4516 ], [ -1.7912, 52.4538 ], [ -1.7924, 52.4553 ], [ -1.7941, 52.4566 ], [ -1.7989, 52.4582 ], [ -1.8038, 52.4608 ], [ -1.8085, 52.4617 ], [ -1.8153, 52.4617 ], [ -1.8352, 52.4632 ], [ -1.8477, 52.4661 ], [ -1.8544, 52.468 ], [ -1.8643, 52.4718 ], [ -1.8674, 52.4732 ], [ -1.8682, 52.4738 ], [ -1.8687, 52.4742 ], [ -1.8697, 52.4739 ], [ -1.8738, 52.4729 ], [ -1.8788, 52.4723 ], [ -1.8814, 52.4738 ], [ -1.8833, 52.4745 ], [ -1.8855, 52.4746 ], [ -1.8864, 52.475 ], [ -1.8883, 52.4756 ], [ -1.8902, 52.4759 ], [ -1.8916, 52.4764 ], [ -1.8918, 52.4765 ], [ -1.8932, 52.4772 ], [ -1.894, 52.4774 ], [ -1.895, 52.4783 ], [ -1.8976, 52.4789 ], [ -1.9002, 52.4792 ], [ -1.9029, 52.4793 ], [ -1.9066, 52.4812 ], [ -1.9095, 52.4816 ], [ -1.9111, 52.4823 ], [ -1.9143, 52.4823 ], [ -1.9172, 52.4834 ], [ -1.9189, 52.4846 ], [ -1.9223, 52.4855 ], [ -1.9271, 52.4864 ], [ -1.9315, 52.4868 ], [ -1.9405, 52.4862 ], [ -1.9427, 52.4863 ], [ -1.9491, 52.4878 ], [ -1.9515, 52.4875 ], [ -1.957, 52.4862 ], [ -1.9642, 52.4871 ], [ -1.968, 52.4906 ], [ -1.9687, 52.4929 ], [ -1.9699, 52.4945 ], [ -1.9719, 52.496 ], [ -1.9751, 52.4977 ], [ -1.9767, 52.4985 ], [ -1.9803, 52.501 ], [ -1.9831, 52.5019 ], [ -1.9872, 52.5023 ], [ -1.9904, 52.5024 ], [ -1.9957, 52.5029 ], [ -1.9993, 52.5025 ], [ -2.0013, 52.5019 ], [ -2.0057, 52.5025 ], [ -2.0112, 52.5026 ], [ -2.0123, 52.5026 ], [ -2.0162, 52.5039 ], [ -2.0288, 52.51 ], [ -2.0338, 52.5117 ], [ -2.04, 52.514 ], [ -2.0439, 52.5137 ], [ -2.0469, 52.5139 ], [ -2.0508, 52.5142 ], [ -2.0547, 52.5148 ], [ -2.0562, 52.5149 ], [ -2.06, 52.5138 ], [ -2.0642, 52.513 ], [ -2.067, 52.5127 ], [ -2.0718, 52.5132 ], [ -2.0749, 52.5131 ], [ -2.0761, 52.5131 ], [ -2.0788, 52.5127 ], [ -2.0806, 52.5122 ], [ -2.082, 52.5107 ], [ -2.0838, 52.5098 ], [ -2.0864, 52.5107 ], [ -2.0876, 52.5108 ], [ -2.0891, 52.511 ], [ -2.0918, 52.5115 ], [ -2.0952, 52.5128 ], [ -2.0985, 52.5133 ], [ -2.1003, 52.513 ], [ -2.1031, 52.5123 ], [ -2.1039, 52.5121 ], [ -2.1073, 52.5118 ], [ -2.1143, 52.5113 ], [ -2.118, 52.5113 ], [ -2.1304, 52.5141 ], [ -2.138, 52.5154 ], [ -2.1447, 52.5171 ], [ -2.1496, 52.5192 ], [ -2.1525, 52.5197 ], [ -2.1573, 52.5201 ], [ -2.161, 52.5196 ], [ -2.1666, 52.5183 ], [ -2.1747, 52.517 ], [ -2.1762, 52.52 ], [ -2.1783, 52.5191 ], [ -2.1809, 52.5181 ], [ -2.1835, 52.5182 ], [ -2.1879, 52.5207 ], [ -2.1962, 52.5233 ], [ -2.1944, 52.5278 ], [ -2.1993, 52.529 ], [ -2.2004, 52.5307 ], [ -2.2016, 52.5318 ], [ -2.2018, 52.533 ], [ -2.2032, 52.5343 ], [ -2.206, 52.5372 ], [ -2.2111, 52.5405 ], [ -2.2136, 52.5417 ], [ -2.2165, 52.5413 ], [ -2.2197, 52.5412 ], [ -2.2222, 52.5419 ], [ -2.225, 52.5416 ], [ -2.2255, 52.5415 ], [ -2.2262, 52.5416 ], [ -2.2268, 52.5417 ], [ -2.231, 52.5438 ], [ -2.2347, 52.5457 ], [ -2.2369, 52.5469 ], [ -2.2423, 52.5502 ], [ -2.2489, 52.5488 ], [ -2.2572, 52.5475 ], [ -2.263, 52.5465 ], [ -2.264, 52.5452 ], [ -2.2671, 52.5447 ], [ -2.2697, 52.5447 ], [ -2.2721, 52.5442 ], [ -2.2756, 52.5444 ], [ -2.2775, 52.5442 ], [ -2.28, 52.5431 ], [ -2.2815, 52.5421 ], [ -2.2835, 52.5411 ], [ -2.284, 52.5399 ], [ -2.2839, 52.5389 ], [ -2.2837, 52.5381 ], [ -2.2853, 52.5376 ], [ -2.2868, 52.5376 ], [ -2.2895, 52.5368 ], [ -2.2917, 52.5364 ], [ -2.2938, 52.5364 ], [ -2.2973, 52.5367 ], [ -2.2997, 52.5371 ], [ -2.3017, 52.5373 ], [ -2.3038, 52.5369 ], [ -2.3061, 52.5369 ], [ -2.307, 52.5378 ], [ -2.308, 52.537 ], [ -2.3096, 52.5367 ], [ -2.3113, 52.5371 ], [ -2.3147, 52.5372 ], [ -2.3181, 52.5367 ], [ -2.3222, 52.536 ], [ -2.3255, 52.5347 ], [ -2.3276, 52.5323 ], [ -2.3329, 52.5309 ], [ -2.3366, 52.529 ], [ -2.338, 52.528 ], [ -2.3391, 52.5243 ], [ -2.3402, 52.5235 ], [ -2.3431, 52.523 ], [ -2.3457, 52.5218 ], [ -2.3535, 52.5209 ], [ -2.3834, 52.529 ], [ -2.3877, 52.5288 ], [ -2.3934, 52.5276 ], [ -2.405, 52.5287 ], [ -2.4083, 52.5302 ], [ -2.4122, 52.5305 ] ] } },
{ "type": "Feature", "properties": { "linetype": 1 }, "geometry": { "type": "LineString", "coordinates": [ [ -1.5042, 50.9839 ], [ -1.505, 50.9834 ], [ -1.5118, 50.9841 ], [ -1.5178, 50.9851 ], [ -1.5298, 50.9868 ], [ -1.5322, 50.9876 ], [ -1.536, 50.9904 ] ] } },
{ "type": "Feature", "properties": { "linetype": 1 }, "geometry": { "type": "LineString", "coordinates": [ [ -0.7124, 51.3491 ], [ -0.7149, 51.3469 ], [ -0.717, 51.3448 ], [ -0.7179, 51.3436 ], [ -0.7179, 51.3434 ], [ -0.7186, 51.3418 ], [ -0.7196, 51.3377 ], [ -0.7225, 51.3343 ], [ -0.7242, 51.3317 ], [ -0.727, 51.3298 ], [ -0.7307, 51.3268 ], [ -0.7365, 51.322 ], [ -0.7373, 51.3203 ], [ -0.7411, 51.3173 ], [ -0.744, 51.3154 ], [ -0.7438, 51.3143 ], [ -0.7495, 51.3114 ], [ -0.75, 51.309 ], [ -0.751, 51.304 ], [ -0.7532, 51.2981 ], [ -0.7532, 51.2944 ], [ -0.7529, 51.2899 ], [ -0.752, 51.2867 ], [ -0.7533, 51.2812 ], [ -0.7567, 51.2739 ], [ -0.7622, 51.2673 ], [ -0.7715, 51.2565 ], [ -0.7739, 51.2542 ], [ -0.7824, 51.2473 ], [ -0.7827, 51.247 ], [ -0.7867, 51.2417 ], [ -0.7862, 51.2398 ], [ -0.7861, 51.2394 ], [ -0.787, 51.2383 ], [ -0.7867, 51.2371 ], [ -0.7851, 51.2353 ], [ -0.7854, 51.2327 ], [ -0.7847, 51.2301 ], [ -0.7848, 51.2281 ], [ -0.784, 51.2257 ], [ -0.7839, 51.2228 ], [ -0.7853, 51.2206 ], [ -0.7889, 51.2189 ], [ -0.7925, 51.218 ], [ -0.7962, 51.2162 ], [ -0.7989, 51.215 ], [ -0.7992, 51.2149 ], [ -0.8044, 51.213 ], [ -0.8067, 51.212 ], [ -0.809, 51.2106 ], [ -0.813, 51.2091 ], [ -0.8158, 51.2066 ], [ -0.82, 51.2055 ], [ -0.8282, 51.201 ], [ -0.8344, 51.1993 ], [ -0.8395, 51.1963 ], [ -0.852, 51.1932 ], [ -0.8565, 51.1935 ], [ -0.8599, 51.1922 ], [ -0.8655, 51.1915 ], [ -0.8705, 51.1916 ], [ -0.8896, 51.1877 ], [ -0.8941, 51.1868 ], [ -0.8957, 51.185 ], [ -0.8985, 51.1842 ], [ -0.9045, 51.1836 ], [ -0.9097, 51.1813 ], [ -0.9106, 51.181 ], [ -0.9138, 51.1799 ], [ -0.9146, 51.1791 ], [ -0.9166, 51.1769 ], [ -0.9196, 51.1744 ], [ -0.9227, 51.1726 ], [ -0.9263, 51.1714 ], [ -0.931, 51.1703 ], [ -0.9366, 51.1679 ], [ -0.9414, 51.166 ], [ -0.9422, 51.1658 ], [ -0.9475, 51.1641 ], [ -0.9548, 51.1612 ], [ -0.9603, 51.1591 ], [ -0.9708, 51.1521 ], [ -0.9732, 51.151 ], [ -0.9737, 51.1506 ], [ -0.9761, 51.1489 ], [ -0.9766, 51.1485 ], [ -0.9778, 51.1475 ], [ -0.9789, 51.1466 ], [ -0.9804, 51.1457 ], [ -0.983, 51.1438 ], [ -0.9842, 51.1402 ], [ -0.987, 51.1368 ], [ -0.989, 51.133 ], [ -0.9932, 51.1329 ], [ -0.9975, 51.1309 ], [ -1.0012, 51.1289 ], [ -1.015, 51.1253 ], [ -1.0184, 51.1226 ], [ -1.0229, 51.1202 ], [ -1.0261, 51.1192 ], [ -1.0332, 51.1152 ], [ -1.0402, 51.1141 ], [ -1.0443, 51.1117 ], [ -1.0499, 51.1093 ], [ -1.0543, 51.1085 ], [ -1.0653, 51.1045 ], [ -1.0677, 51.1018 ], [ -1.0709, 51.1002 ], [ -1.0779, 51.0986 ], [ -1.0806, 51.0975 ], [ -1.0821, 51.0955 ], [ -1.0826, 51.0933 ], [ -1.0863, 51.091 ], [ -1.093, 51.089 ], [ -1.0948, 51.087 ], [ -1.0989, 51.0852 ], [ -1.1065, 51.0829 ], [ -1.1123, 51.0812 ], [ -1.1178, 51.0812 ], [ -1.1214, 51.0818 ], [ -1.1262, 51.0821 ], [ -1.1314, 51.0822 ], [ -1.1353, 51.0832 ], [ -1.1395, 51.0843 ], [ -1.1438, 51.086 ], [ -1.1487, 51.0877 ], [ -1.151, 51.0894 ], [ -1.1577, 51.0906 ], [ -1.1615, 51.0906 ], [ -1.1646, 51.0898 ], [ -1.1736, 51.0879 ], [ -1.1815, 51.0868 ], [ -1.1842, 51.085 ], [ -1.1865, 51.0829 ], [ -1.188, 51.0809 ], [ -1.1898, 51.0797 ], [ -1.1941, 51.0778 ], [ -1.1978, 51.0767 ], [ -1.1995, 51.0747 ], [ -1.2032, 51.0722 ], [ -1.2053, 51.0711 ], [ -1.2057, 51.0708 ], [ -1.2058, 51.0708 ], [ -1.2096, 51.0697 ], [ -1.2143, 51.0676 ], [ -1.2176, 51.0664 ], [ -1.2231, 51.0648 ], [ -1.2277, 51.0617 ], [ -1.2298, 51.0615 ], [ -1.2332, 51.0596 ], [ -1.2351, 51.0573 ], [ -1.2381, 51.0533 ], [ -1.2403, 51.0504 ], [ -1.2418, 51.0487 ], [ -1.2457, 51.0473 ], [ -1.248, 51.0463 ], [ -1.2532, 51.0441 ], [ -1.2559, 51.0429 ], [ -1.2618, 51.0388 ], [ -1.2633, 51.0372 ], [ -1.2645, 51.0358 ], [ -1.266, 51.034 ], [ -1.2689, 51.0314 ], [ -1.2721, 51.0288 ], [ -1.2756, 51.0277 ], [ -1.2796, 51.0263 ], [ -1.282, 51.0249 ], [ -1.2894, 51.0234 ], [ -1.2947, 51.0223 ], [ -1.2995, 51.0215 ], [ -1.3023, 51.021 ], [ -1.3057, 51.0199 ], [ -1.3103, 51.0192 ], [ -1.3148, 51.0182 ], [ -1.3154, 51.0175 ], [ -1.3161, 51.0156 ], [ -1.3171, 51.0102 ], [ -1.3203, 51.0041 ], [ -1.3208, 51.0015 ], [ -1.3238, 50.9992 ], [ -1.3248, 50.9967 ], [ -1.3288, 50.9944 ], [ -1.3319, 50.9931 ], [ -1.3352, 50.9902 ], [ -1.3373, 50.9888 ], [ -1.34, 50.9882 ], [ -1.3426, 50.9878 ], [ -1.346, 50.9879 ], [ -1.3502, 50.9869 ], [ -1.3512, 50.985 ], [ -1.3565, 50.9849 ], [ -1.3604, 50.979 ], [ -1.3643, 50.9743 ], [ -1.3669, 50.9745 ], [ -1.368, 50.9727 ], [ -1.3683, 50.9708 ], [ -1.3694, 50.9672 ], [ -1.3706, 50.9642 ], [ -1.3708, 50.9613 ], [ -1.372, 50.9611 ], [ -1.3715, 50.9563 ], [ -1.3714, 50.955 ], [ -1.3727, 50.9548 ], [ -1.3729, 50.9548 ], [ -1.3732, 50.9547 ], [ -1.3732, 50.9544 ], [ -1.3733, 50.9539 ], [ -1.3731, 50.9526 ], [ -1.374, 50.9495 ], [ -1.3754, 50.9481 ], [ -1.3768, 50.947 ], [ -1.3776, 50.9455 ], [ -1.3786, 50.9448 ], [ -1.3798, 50.9431 ], [ -1.38, 50.9421 ], [ -1.3792, 50.9401 ], [ -1.3798, 50.9394 ], [ -1.3803, 50.9369 ], [ -1.3821, 50.9345 ], [ -1.3839, 50.9327 ], [ -1.3853, 50.9312 ], [ -1.3853, 50.9301 ], [ -1.3854, 50.9288 ], [ -1.3867, 50.9281 ], [ -1.3888, 50.9277 ], [ -1.3899, 50.9274 ], [ -1.3925, 50.9263 ], [ -1.3953, 50.9234 ], [ -1.3958, 50.9222 ], [ -1.3952, 50.9189 ], [ -1.3956, 50.9173 ], [ -1.3971, 50.9158 ], [ -1.3989, 50.9152 ], [ -1.4013, 50.9148 ], [ -1.4021, 50.9143 ], [ -1.4032, 50.9132 ], [ -1.4047, 50.911 ], [ -1.4046, 50.9089 ], [ -1.4146, 50.909 ], [ -1.4162, 50.9087 ], [ -1.4181, 50.91 ], [ -1.4192, 50.9106 ], [ -1.4205, 50.9122 ], [ -1.4232, 50.9144 ], [ -1.4335, 50.9223 ], [ -1.4357, 50.9238 ], [ -1.4378, 50.9249 ], [ -1.4415, 50.9257 ], [ -1.4438, 50.9269 ], [ -1.4462, 50.9284 ], [ -1.4532, 50.9364 ], [ -1.4596, 50.9431 ], [ -1.4623, 50.9463 ], [ -1.4652, 50.9489 ], [ -1.4666, 50.9501 ], [ -1.4678, 50.9497 ], [ -1.4706, 50.9498 ], [ -1.4705, 50.9515 ], [ -1.4695, 50.9527 ], [ -1.472, 50.9549 ], [ -1.4741, 50.9579 ], [ -1.4741, 50.9599 ], [ -1.4763, 50.9644 ], [ -1.4776, 50.9679 ], [ -1.4776, 50.9681 ], [ -1.4801, 50.9716 ], [ -1.479, 50.9739 ], [ -1.482, 50.9758 ], [ -1.4849, 50.9765 ], [ -1.4856, 50.9779 ], [ -1.4868, 50.9821 ], [ -1.487, 50.9854 ], [ -1.4909, 50.9896 ], [ -1.4938, 50.9883 ], [ -1.496, 50.9882 ], [ -1.4976, 50.9887 ], [ -1.4999, 50.9889 ], [ -1.4997, 50.9874 ], [ -1.5005, 50.986 ], [ -1.5039, 50.9845 ], [ -1.5042, 50.9839 ], [ -1.5088, 50.9868 ], [ -1.5113, 50.9882 ], [ -1.5129, 50.9903 ], [ -1.5142, 50.9922 ], [ -1.5161, 50.9942 ], [ -1.5224, 50.9965 ], [ -1.5259, 50.9951 ], [ -1.5287, 50.9944 ], [ -1.5315, 50.9935 ], [ -1.5332, 50.9927 ], [ -1.5348, 50.9923 ], [ -1.536, 50.9904 ], [ -1.544, 50.9957 ], [ -1.5468, 50.9966 ], [ -1.5493, 50.998 ], [ -1.5532, 50.9984 ], [ -1.5546, 50.9998 ], [ -1.556, 51.0017 ], [ -1.5589, 51.0026 ], [ -1.5639, 51.0025 ], [ -1.5677, 51.0027 ], [ -1.5725, 51.0019 ], [ -1.5796, 50.9997 ], [ -1.5815, 50.9993 ], [ -1.5851, 50.9996 ], [ -1.5888, 51.0005 ], [ -1.5905, 51.0005 ], [ -1.5912, 51.0006 ], [ -1.5915, 51.0007 ], [ -1.5923, 51.0012 ], [ -1.5963, 51.0016 ], [ -1.6126, 51.007 ], [ -1.6253, 51.011 ], [ -1.627, 51.011 ], [ -1.6291, 51.0099 ], [ -1.6309, 51.0093 ], [ -1.6337, 51.0094 ], [ -1.6386, 51.0111 ], [ -1.6418, 51.0128 ], [ -1.6446, 51.0132 ], [ -1.6477, 51.0126 ], [ -1.6526, 51.011 ], [ -1.6575, 51.01 ], [ -1.6612, 51.0096 ], [ -1.6651, 51.0097 ], [ -1.6685, 51.0103 ], [ -1.6714, 51.0116 ], [ -1.6792, 51.0122 ], [ -1.6813, 51.0125 ], [ -1.6847, 51.015 ], [ -1.6942, 51.0197 ], [ -1.6947, 51.02 ], [ -1.7006, 51.0217 ], [ -1.7068, 51.0235 ], [ -1.7086, 51.0248 ], [ -1.713, 51.0283 ], [ -1.7159, 51.0297 ], [ -1.7175, 51.0321 ], [ -1.7186, 51.0333 ], [ -1.7208, 51.0356 ], [ -1.7228, 51.0379 ], [ -1.7247, 51.039 ], [ -1.7276, 51.04 ], [ -1.7299, 51.0413 ], [ -1.7314, 51.0426 ], [ -1.7361, 51.0446 ], [ -1.7406, 51.0454 ], [ -1.7466, 51.0487 ], [ -1.7533, 51.0522 ], [ -1.7556, 51.0538 ], [ -1.7601, 51.0583 ], [ -1.7624, 51.0595 ], [ -1.7665, 51.0616 ], [ -1.7682, 51.0617 ], [ -1.771, 51.0613 ], [ -1.7721, 51.0612 ], [ -1.7753, 51.0609 ], [ -1.7776, 51.0614 ], [ -1.7807, 51.0628 ], [ -1.7842, 51.0637 ], [ -1.7849, 51.0646 ], [ -1.7852, 51.0654 ], [ -1.7878, 51.0665 ], [ -1.7925, 51.0655 ], [ -1.7939, 51.0655 ] ] } },
{ "type": "Feature", "properties": { "linetype": 1 }, "geometry": { "type": "LineString", "coordinates": [ [ -1.4046, 50.9089 ], [ -1.4044, 50.9059 ], [ -1.4037, 50.8996 ] ] } },
{ "type": "Feature", "properties": { "linetype": 1 }, "geometry": { "type": "LineString", "coordinates": [ [ 0.5353, 52.3383 ], [ 0.5413, 52.3798 ], [ 0.5434, 52.3881 ], [ 0.5946, 52.4335 ], [ 0.6186, 52.4451 ], [ 0.6217, 52.447 ], [ 0.6235, 52.4476 ], [ 0.6231, 52.4512 ], [ 0.6221, 52.4539 ], [ 0.6351, 52.4665 ], [ 0.6381, 52.4685 ], [ 0.6451, 52.4765 ], [ 0.6458, 52.4812 ], [ 0.6554, 52.5088 ], [ 0.6566, 52.5111 ], [ 0.6564, 52.5125 ], [ 0.6578, 52.5126 ], [ 0.6579, 52.5135 ], [ 0.6584, 52.5135 ], [ 0.6591, 52.5136 ], [ 0.6601, 52.5141 ], [ 0.663, 52.5193 ], [ 0.6646, 52.521 ], [ 0.666, 52.5212 ], [ 0.6675, 52.5237 ], [ 0.6684, 52.5257 ], [ 0.67, 52.5319 ], [ 0.6707, 52.5349 ], [ 0.6733, 52.5436 ], [ 0.6752, 52.5494 ], [ 0.6776, 52.5534 ], [ 0.6826, 52.5588 ], [ 0.6852, 52.564 ], [ 0.6871, 52.5672 ], [ 0.6881, 52.5695 ], [ 0.6899, 52.5706 ], [ 0.6921, 52.5711 ], [ 0.6953, 52.5719 ], [ 0.6964, 52.5727 ], [ 0.697, 52.574 ], [ 0.6996, 52.5756 ], [ 0.7026, 52.5769 ], [ 0.7008, 52.5812 ], [ 0.6983, 52.5847 ], [ 0.6954, 52.5909 ], [ 0.6945, 52.5959 ], [ 0.6968, 52.5996 ], [ 0.6984, 52.6036 ], [ 0.6983, 52.6066 ], [ 0.6947, 52.6125 ], [ 0.6925, 52.6158 ], [ 0.6921, 52.6193 ], [ 0.6892, 52.6281 ], [ 0.6879, 52.632 ], [ 0.6888, 52.6347 ], [ 0.6892, 52.6358 ], [ 0.6908, 52.6392 ], [ 0.6903, 52.6424 ], [ 0.6893, 52.6457 ], [ 0.6882, 52.6474 ], [ 0.6887, 52.6491 ], [ 0.6883, 52.6534 ], [ 0.6886, 52.6579 ], [ 0.6885, 52.6618 ], [ 0.6877, 52.6687 ], [ 0.6878, 52.6725 ], [ 0.6892, 52.6776 ], [ 0.6891, 52.6814 ], [ 0.6879, 52.6863 ], [ 0.6916, 52.6903 ], [ 0.6935, 52.6935 ], [ 0.6956, 52.6957 ], [ 0.698, 52.6972 ], [ 0.7012, 52.7 ], [ 0.7031, 52.7029 ], [ 0.7088, 52.7054 ], [ 0.709, 52.7057 ], [ 0.7089, 52.7062 ], [ 0.7094, 52.7064 ], [ 0.711, 52.707 ], [ 0.7115, 52.7085 ], [ 0.7117, 52.71 ], [ 0.7142, 52.7112 ], [ 0.7166, 52.713 ], [ 0.7188, 52.7153 ], [ 0.7199, 52.7173 ], [ 0.7197, 52.7185 ], [ 0.7198, 52.7201 ], [ 0.7191, 52.7209 ], [ 0.7195, 52.7232 ], [ 0.7197, 52.7234 ], [ 0.721, 52.7252 ], [ 0.7225, 52.7278 ], [ 0.7232, 52.7293 ], [ 0.7235, 52.7301 ], [ 0.7237, 52.7302 ], [ 0.7252, 52.7312 ], [ 0.7273, 52.7318 ], [ 0.73, 52.7327 ], [ 0.7324, 52.7359 ], [ 0.7361, 52.7408 ], [ 0.7407, 52.7488 ], [ 0.741, 52.7541 ], [ 0.7405, 52.7581 ], [ 0.7438, 52.7587 ], [ 0.7437, 52.7611 ], [ 0.7437, 52.763 ], [ 0.743, 52.7645 ], [ 0.7472, 52.7661 ], [ 0.7511, 52.7678 ], [ 0.7516, 52.768 ], [ 0.7566, 52.7701 ], [ 0.7605, 52.7706 ], [ 0.7633, 52.7717 ], [ 0.7687, 52.7729 ], [ 0.7726, 52.7748 ], [ 0.7772, 52.7765 ], [ 0.7834, 52.7782 ], [ 0.7893, 52.7799 ], [ 0.7934, 52.7822 ], [ 0.7979, 52.7903 ], [ 0.7992, 52.7935 ], [ 0.801, 52.7972 ], [ 0.8041, 52.7993 ], [ 0.8077, 52.8028 ], [ 0.8099, 52.8052 ], [ 0.8108, 52.8072 ], [ 0.8114, 52.8077 ], [ 0.8124, 52.8086 ], [ 0.814, 52.8101 ], [ 0.8157, 52.8111 ], [ 0.8173, 52.8116 ], [ 0.8189, 52.8121 ], [ 0.8206, 52.8134 ], [ 0.8213, 52.8143 ], [ 0.8222, 52.8153 ], [ 0.8238, 52.8159 ], [ 0.8266, 52.817 ], [ 0.8284, 52.8183 ], [ 0.8302, 52.819 ], [ 0.8315, 52.8191 ], [ 0.8326, 52.8207 ], [ 0.8418, 52.8257 ], [ 0.8429, 52.8265 ], [ 0.8444, 52.827 ], [ 0.8468, 52.827 ], [ 0.848, 52.8273 ], [ 0.8486, 52.828 ], [ 0.8485, 52.8302 ], [ 0.8466, 52.8305 ], [ 0.8459, 52.8317 ], [ 0.8456, 52.8325 ], [ 0.8461, 52.8338 ], [ 0.8439, 52.8347 ], [ 0.8431, 52.8365 ], [ 0.842, 52.8375 ], [ 0.8399, 52.8391 ], [ 0.84, 52.8423 ], [ 0.8406, 52.847 ], [ 0.8419, 52.85 ], [ 0.8466, 52.8567 ], [ 0.8462, 52.8614 ], [ 0.846, 52.8673 ], [ 0.8478, 52.8685 ], [ 0.848, 52.8702 ], [ 0.8479, 52.872 ], [ 0.8488, 52.874 ], [ 0.8501, 52.8761 ], [ 0.8519, 52.8777 ], [ 0.8563, 52.8804 ], [ 0.8594, 52.8824 ], [ 0.863, 52.8842 ], [ 0.8675, 52.8852 ], [ 0.8684, 52.8857 ], [ 0.869, 52.886 ], [ 0.869, 52.8867 ], [ 0.869, 52.8884 ], [ 0.8706, 52.8893 ], [ 0.8712, 52.8906 ], [ 0.8719, 52.8914 ], [ 0.8721, 52.8917 ], [ 0.8731, 52.8925 ], [ 0.8738, 52.8945 ], [ 0.8739, 52.8956 ], [ 0.8752, 52.8959 ], [ 0.8752, 52.8971 ], [ 0.8758, 52.8991 ], [ 0.8771, 52.9012 ], [ 0.8778, 52.9034 ], [ 0.8785, 52.9046 ], [ 0.8793, 52.9063 ], [ 0.8791, 52.9081 ], [ 0.8796, 52.9094 ], [ 0.8802, 52.9105 ], [ 0.8805, 52.914 ], [ 0.8809, 52.9168 ], [ 0.8819, 52.9185 ], [ 0.8816, 52.921 ], [ 0.8819, 52.9228 ], [ 0.8801, 52.9237 ], [ 0.8806, 52.9257 ], [ 0.8794, 52.9278 ], [ 0.8794, 52.9292 ], [ 0.879, 52.9305 ], [ 0.8796, 52.9324 ], [ 0.879, 52.9336 ], [ 0.879, 52.9362 ], [ 0.879, 52.9402 ], [ 0.8772, 52.9425 ], [ 0.8693, 52.9454 ], [ 0.8644, 52.9481 ], [ 0.8587, 52.9503 ], [ 0.8569, 52.9506 ], [ 0.8541, 52.9544 ], [ 0.8538, 52.9569 ] ] } },
{ "type": "Feature", "properties": { "linetype": 1 }, "geometry": { "type": "LineString", "coordinates": [ [ 0.8569, 52.9506 ], [ 0.7945, 52.9572 ], [ 0.7249, 52.9454 ] ] } },
{ "type": "Feature", "properties": { "linetype": 1 }, "geometry": { "type": "LineString", "coordinates": [ [ 0.4252, 52.2561 ], [ 0.4606, 52.2793 ], [ 0.4701, 52.2888 ] ] } },
{ "type": "Feature", "properties": { "linetype": 1 }, "geometry": { "type": "LineString", "coordinates": [ [ 1.2979, 52.628 ], [ 1.2949, 52.6271 ], [ 1.2944, 52.627 ], [ 1.2938, 52.626 ], [ 1.2918, 52.6253 ], [ 1.2903, 52.6239 ], [ 1.2867, 52.6213 ], [ 1.2802, 52.6186 ], [ 1.2628, 52.6134 ], [ 1.2549, 52.611 ], [ 1.2527, 52.61 ], [ 1.251, 52.6085 ], [ 1.2475, 52.6068 ], [ 1.2453, 52.606 ], [ 1.2425, 52.6059 ], [ 1.2397, 52.6043 ], [ 1.2337, 52.6041 ], [ 1.2288, 52.6042 ], [ 1.223, 52.6043 ], [ 1.2181, 52.6043 ], [ 1.2109, 52.6036 ], [ 1.2016, 52.602 ], [ 1.1959, 52.6016 ], [ 1.1942, 52.6011 ], [ 1.192, 52.6012 ], [ 1.1873, 52.5996 ], [ 1.1804, 52.5973 ], [ 1.1788, 52.5952 ], [ 1.1766, 52.5936 ], [ 1.1732, 52.5918 ], [ 1.1593, 52.5887 ], [ 1.1556, 52.5875 ], [ 1.154, 52.587 ], [ 1.1423, 52.5826 ], [ 1.13, 52.5777 ], [ 1.1197, 52.5734 ], [ 1.1176, 52.5715 ], [ 1.1154, 52.5704 ], [ 1.1131, 52.5701 ], [ 1.11, 52.5706 ], [ 1.1098, 52.5684 ], [ 1.1092, 52.5671 ], [ 1.1068, 52.5658 ], [ 1.1037, 52.5645 ], [ 1.1024, 52.5634 ], [ 1.0999, 52.5626 ], [ 1.0977, 52.5625 ], [ 1.0974, 52.5625 ], [ 1.0955, 52.5631 ], [ 1.0923, 52.5615 ], [ 1.092, 52.5603 ], [ 1.0897, 52.5587 ], [ 1.0889, 52.5562 ], [ 1.0873, 52.5536 ], [ 1.0836, 52.5508 ], [ 1.0784, 52.5467 ], [ 1.0684, 52.539 ], [ 1.0649, 52.5378 ], [ 1.059, 52.5366 ], [ 1.0542, 52.5349 ], [ 1.0461, 52.5334 ], [ 1.0451, 52.5332 ], [ 1.0418, 52.532 ], [ 1.0373, 52.5307 ], [ 1.0357, 52.5274 ], [ 1.0355, 52.527 ], [ 1.032, 52.5248 ], [ 1.0305, 52.5244 ], [ 1.0292, 52.524 ], [ 1.0276, 52.5227 ], [ 1.024, 52.5218 ], [ 1.0197, 52.5181 ], [ 1.0184, 52.5183 ], [ 1.0158, 52.5177 ], [ 1.0145, 52.5165 ], [ 1.0029, 52.5118 ], [ 1.0019, 52.51 ], [ 0.9984, 52.5081 ], [ 0.9962, 52.5071 ], [ 0.9927, 52.5043 ], [ 0.991, 52.5018 ], [ 0.989, 52.5002 ], [ 0.986, 52.4972 ], [ 0.9811, 52.496 ], [ 0.9755, 52.4937 ], [ 0.9685, 52.4907 ], [ 0.9664, 52.4894 ], [ 0.9646, 52.4878 ], [ 0.963, 52.4856 ], [ 0.9628, 52.4852 ], [ 0.962, 52.4834 ], [ 0.9615, 52.4806 ], [ 0.9593, 52.4784 ], [ 0.9444, 52.4692 ], [ 0.9418, 52.468 ], [ 0.9373, 52.4677 ], [ 0.9322, 52.4671 ], [ 0.9281, 52.4662 ], [ 0.9196, 52.4624 ], [ 0.9169, 52.463 ], [ 0.9079, 52.4628 ], [ 0.897, 52.4615 ], [ 0.8841, 52.4581 ], [ 0.8444, 52.4475 ], [ 0.8258, 52.4425 ], [ 0.8053, 52.4393 ], [ 0.7917, 52.4358 ], [ 0.781, 52.4317 ], [ 0.7701, 52.4242 ], [ 0.7677, 52.4226 ], [ 0.763, 52.4203 ], [ 0.7561, 52.4172 ], [ 0.751, 52.4161 ], [ 0.7478, 52.4162 ], [ 0.746, 52.4138 ], [ 0.7452, 52.4134 ], [ 0.7397, 52.4106 ], [ 0.6874, 52.3907 ], [ 0.6803, 52.3882 ], [ 0.6765, 52.3874 ], [ 0.675, 52.3859 ], [ 0.6726, 52.3859 ], [ 0.6428, 52.3736 ], [ 0.625, 52.3672 ], [ 0.5944, 52.3576 ], [ 0.5858, 52.3564 ], [ 0.5847, 52.3562 ], [ 0.5725, 52.352 ], [ 0.5353, 52.3383 ], [ 0.5336, 52.3363 ], [ 0.5326, 52.3361 ], [ 0.5315, 52.3351 ], [ 0.5295, 52.3346 ], [ 0.5237, 52.3344 ], [ 0.5192, 52.3311 ], [ 0.5174, 52.3304 ], [ 0.515, 52.3298 ], [ 0.5111, 52.3265 ], [ 0.5086, 52.3238 ], [ 0.5081, 52.3221 ], [ 0.5078, 52.3208 ], [ 0.5076, 52.3202 ], [ 0.5017, 52.3157 ], [ 0.482, 52.3005 ], [ 0.4808, 52.2997 ], [ 0.4701, 52.2888 ] ] } },
{ "type": "Feature", "properties": { "linetype": 2 }, "geometry": { "type": "LineString", "coordinates": [ [ 0.4063, 52.2443 ], [ 0.4252, 52.2561 ] ] } },
{ "type": "Feature", "properties": { "linetype": 1 }, "geometry": { "type": "LineString", "coordinates": [ [ -1.7086, 51.0248 ], [ -1.7096, 51.0242 ], [ -1.7117, 51.0195 ], [ -1.7131, 51.017 ], [ -1.7154, 51.0143 ], [ -1.7171, 51.0062 ], [ -1.7178, 51.0038 ], [ -1.72, 51.0016 ], [ -1.7205, 50.9982 ], [ -1.7182, 50.996 ], [ -1.7189, 50.9929 ], [ -1.7198, 50.9905 ], [ -1.7234, 50.9922 ], [ -1.7271, 50.9926 ], [ -1.7324, 50.9926 ], [ -1.7351, 50.9928 ], [ -1.7375, 50.9924 ], [ -1.7421, 50.9925 ], [ -1.744, 50.9925 ], [ -1.7455, 50.9922 ], [ -1.7464, 50.9933 ], [ -1.748, 50.9937 ], [ -1.7522, 50.9928 ], [ -1.7534, 50.994 ], [ -1.7584, 50.9935 ], [ -1.7647, 50.9936 ], [ -1.7702, 50.9937 ], [ -1.7697, 50.9922 ], [ -1.7713, 50.9911 ], [ -1.7827, 50.9917 ], [ -1.79, 50.9892 ], [ -1.812, 50.98 ], [ -1.8155, 50.9788 ], [ -1.8167, 50.9783 ], [ -1.8192, 50.9782 ], [ -1.8217, 50.976 ], [ -1.8222, 50.9756 ], [ -1.8238, 50.9754 ], [ -1.8274, 50.9718 ], [ -1.8321, 50.9686 ], [ -1.8331, 50.9679 ], [ -1.8354, 50.9657 ], [ -1.8372, 50.9652 ], [ -1.839, 50.9647 ], [ -1.8386, 50.9641 ], [ -1.8386, 50.964 ], [ -1.8384, 50.9631 ], [ -1.8375, 50.962 ], [ -1.8366, 50.9603 ], [ -1.8366, 50.9584 ], [ -1.8436, 50.9556 ], [ -1.8476, 50.9538 ], [ -1.8498, 50.9523 ], [ -1.8516, 50.9505 ], [ -1.8567, 50.947 ], [ -1.8592, 50.9484 ], [ -1.8651, 50.9447 ], [ -1.8683, 50.943 ], [ -1.8704, 50.9421 ], [ -1.8732, 50.9413 ], [ -1.8754, 50.9399 ], [ -1.8765, 50.938 ], [ -1.8785, 50.9362 ], [ -1.8805, 50.935 ], [ -1.8829, 50.9342 ], [ -1.8829, 50.9326 ], [ -1.8838, 50.9317 ], [ -1.8891, 50.9299 ], [ -1.8917, 50.9283 ], [ -1.8959, 50.9276 ], [ -1.9001, 50.9265 ], [ -1.9035, 50.9261 ], [ -1.9094, 50.9234 ], [ -1.9115, 50.9226 ], [ -1.915, 50.922 ], [ -1.9178, 50.9217 ], [ -1.9187, 50.9216 ], [ -1.9201, 50.9211 ], [ -1.9203, 50.9206 ], [ -1.9205, 50.92 ], [ -1.9211, 50.9201 ], [ -1.9213, 50.9193 ], [ -1.9224, 50.9194 ], [ -1.9225, 50.9186 ], [ -1.9231, 50.9165 ], [ -1.9234, 50.9159 ], [ -1.9242, 50.9154 ], [ -1.9262, 50.9157 ], [ -1.9315, 50.9166 ], [ -1.9336, 50.9173 ], [ -1.9369, 50.9184 ], [ -1.9407, 50.9183 ], [ -1.9431, 50.918 ], [ -1.9436, 50.9171 ], [ -1.9451, 50.914 ], [ -1.9472, 50.9111 ], [ -1.9485, 50.9103 ], [ -1.9509, 50.9094 ], [ -1.9538, 50.9085 ], [ -1.9567, 50.9074 ], [ -1.9585, 50.9071 ], [ -1.9599, 50.9071 ], [ -1.9611, 50.9065 ], [ -1.9617, 50.9061 ], [ -1.9632, 50.905 ], [ -1.967, 50.9048 ], [ -1.9691, 50.9047 ], [ -1.9708, 50.9043 ], [ -1.9731, 50.9033 ], [ -1.9734, 50.9032 ], [ -1.9739, 50.9031 ], [ -1.9748, 50.903 ], [ -1.9765, 50.9032 ], [ -1.9784, 50.9035 ], [ -1.9828, 50.9021 ], [ -1.984, 50.9012 ], [ -1.9847, 50.9005 ], [ -1.986, 50.8991 ], [ -1.987, 50.8981 ], [ -1.9903, 50.896 ], [ -1.9944, 50.8927 ], [ -1.9975, 50.8946 ], [ -2.002, 50.8962 ], [ -2.0027, 50.8965 ], [ -2.0033, 50.8959 ], [ -2.0035, 50.8957 ], [ -2.0037, 50.8958 ], [ -2.0103, 50.8979 ], [ -2.0123, 50.8988 ], [ -2.0137, 50.8998 ], [ -2.0175, 50.9011 ], [ -2.0198, 50.901 ], [ -2.0208, 50.9013 ], [ -2.0216, 50.9022 ], [ -2.0226, 50.9025 ], [ -2.0291, 50.902 ], [ -2.0312, 50.8994 ], [ -2.0344, 50.8935 ], [ -2.0345, 50.8932 ], [ -2.035, 50.8919 ], [ -2.0381, 50.8933 ], [ -2.0421, 50.8944 ], [ -2.0447, 50.8909 ], [ -2.0464, 50.8874 ], [ -2.0629, 50.8839 ], [ -2.0652, 50.8823 ], [ -2.0695, 50.8819 ], [ -2.0738, 50.8823 ], [ -2.0778, 50.8813 ], [ -2.0794, 50.8808 ], [ -2.0816, 50.8804 ], [ -2.0861, 50.8796 ], [ -2.0926, 50.8792 ], [ -2.0949, 50.8787 ], [ -2.1044, 50.8751 ], [ -2.1079, 50.8734 ], [ -2.1121, 50.8723 ], [ -2.1248, 50.8679 ], [ -2.1348, 50.8648 ], [ -2.141, 50.8634 ], [ -2.1462, 50.8617 ], [ -2.1501, 50.8605 ], [ -2.152, 50.8594 ], [ -2.1523, 50.8592 ], [ -2.1558, 50.857 ], [ -2.1576, 50.8571 ], [ -2.1604, 50.8567 ], [ -2.1625, 50.8561 ], [ -2.164, 50.8558 ], [ -2.1654, 50.856 ] ] } },
{ "type": "Feature", "properties": { "linetype": 2 }, "geometry": { "type": "LineString", "coordinates": [ [ -2.4563, 50.6069 ], [ -2.4554, 50.6072 ], [ -2.4548, 50.6104 ], [ -2.4533, 50.6137 ], [ -2.4513, 50.6177 ], [ -2.4511, 50.6194 ], [ -2.4519, 50.6203 ], [ -2.4542, 50.6222 ], [ -2.4579, 50.626 ], [ -2.4622, 50.6305 ], [ -2.4635, 50.6318 ], [ -2.4666, 50.6347 ], [ -2.47, 50.6368 ], [ -2.4707, 50.6386 ], [ -2.4711, 50.6415 ], [ -2.4717, 50.6487 ], [ -2.4711, 50.6503 ], [ -2.4705, 50.6522 ], [ -2.4698, 50.654 ], [ -2.4685, 50.6574 ], [ -2.4684, 50.6626 ], [ -2.4681, 50.6629 ], [ -2.469, 50.6644 ], [ -2.4692, 50.6649 ], [ -2.4694, 50.6661 ], [ -2.4688, 50.6672 ], [ -2.4683, 50.6684 ], [ -2.4683, 50.6709 ], [ -2.4676, 50.6728 ], [ -2.4663, 50.6754 ], [ -2.4495, 50.6968 ], [ -2.4424, 50.706 ], [ -2.4381, 50.7116 ], [ -2.4374, 50.7119 ], [ -2.4372, 50.7131 ], [ -2.4368, 50.7154 ], [ -2.435, 50.7155 ], [ -2.426, 50.7163 ], [ -2.4217, 50.7181 ], [ -2.422, 50.7188 ], [ -2.4222, 50.7195 ], [ -2.4214, 50.722 ], [ -2.4193, 50.7251 ], [ -2.4182, 50.7282 ], [ -2.4165, 50.732 ], [ -2.4126, 50.7374 ], [ -2.408, 50.7415 ], [ -2.4053, 50.7443 ], [ -2.4041, 50.7483 ], [ -2.3997, 50.7522 ], [ -2.3987, 50.7546 ], [ -2.3946, 50.7572 ], [ -2.3895, 50.7593 ], [ -2.384, 50.7561 ], [ -2.3797, 50.7551 ], [ -2.3747, 50.755 ], [ -2.3698, 50.7551 ], [ -2.3663, 50.7548 ], [ -2.3631, 50.7564 ], [ -2.3594, 50.7572 ], [ -2.3526, 50.759 ], [ -2.3491, 50.7608 ], [ -2.347, 50.7625 ], [ -2.3424, 50.7635 ], [ -2.3381, 50.7632 ], [ -2.3343, 50.7625 ], [ -2.3223, 50.7646 ], [ -2.3128, 50.7668 ], [ -2.305, 50.7701 ], [ -2.3004, 50.7712 ], [ -2.2943, 50.7737 ], [ -2.2912, 50.7746 ], [ -2.2887, 50.7756 ], [ -2.2872, 50.7766 ], [ -2.2864, 50.7772 ], [ -2.2849, 50.7779 ], [ -2.2824, 50.7778 ], [ -2.2806, 50.7775 ], [ -2.2756, 50.7781 ], [ -2.2722, 50.7796 ], [ -2.2677, 50.7812 ], [ -2.2662, 50.7829 ], [ -2.2637, 50.7842 ], [ -2.2548, 50.7878 ], [ -2.2477, 50.7907 ], [ -2.2421, 50.7932 ], [ -2.2313, 50.8013 ], [ -2.2293, 50.8016 ], [ -2.2195, 50.805 ], [ -2.2079, 50.8095 ], [ -2.205, 50.8112 ], [ -2.2039, 50.8135 ], [ -2.2029, 50.8161 ], [ -2.2008, 50.8184 ], [ -2.1982, 50.82 ], [ -2.1948, 50.8215 ], [ -2.1909, 50.8241 ], [ -2.1853, 50.8283 ], [ -2.1809, 50.8322 ], [ -2.1799, 50.8341 ], [ -2.1796, 50.8368 ], [ -2.1784, 50.839 ], [ -2.1766, 50.8417 ], [ -2.1737, 50.8445 ], [ -2.17, 50.8466 ], [ -2.1681, 50.8481 ], [ -2.1668, 50.851 ], [ -2.1668, 50.8532 ], [ -2.1666, 50.8555 ], [ -2.1654, 50.856 ] ] } },
{ "type": "Feature", "properties": { "linetype": 1 }, "geometry": { "type": "LineString", "coordinates": [ [ -1.7006, 51.0217 ], [ -1.6914, 51.0262 ], [ -1.6846, 51.0282 ], [ -1.6841, 51.0297 ], [ -1.6818, 51.0312 ], [ -1.6786, 51.0324 ], [ -1.6755, 51.0322 ], [ -1.6689, 51.0324 ], [ -1.6637, 51.034 ], [ -1.6632, 51.0353 ], [ -1.6629, 51.0362 ], [ -1.6584, 51.0372 ], [ -1.6513, 51.0389 ], [ -1.6476, 51.0396 ], [ -1.6461, 51.0402 ], [ -1.6439, 51.0403 ], [ -1.6413, 51.0405 ], [ -1.6411, 51.0412 ], [ -1.6356, 51.0412 ], [ -1.6356, 51.0426 ], [ -1.6344, 51.0436 ], [ -1.6339, 51.046 ], [ -1.6326, 51.0474 ], [ -1.6325, 51.049 ], [ -1.6258, 51.0552 ], [ -1.6224, 51.0573 ], [ -1.6176, 51.0605 ], [ -1.6153, 51.0654 ], [ -1.6103, 51.0675 ], [ -1.6083, 51.0692 ], [ -1.6081, 51.071 ], [ -1.6101, 51.0771 ], [ -1.6112, 51.0788 ], [ -1.6106, 51.0798 ], [ -1.6036, 51.0824 ], [ -1.6004, 51.0824 ], [ -1.5993, 51.0831 ], [ -1.5979, 51.0832 ], [ -1.5923, 51.0828 ], [ -1.5866, 51.0845 ], [ -1.5823, 51.0885 ], [ -1.5649, 51.0939 ], [ -1.5642, 51.0937 ], [ -1.5611, 51.095 ], [ -1.5631, 51.0973 ], [ -1.5623, 51.0982 ], [ -1.56, 51.0987 ], [ -1.5594, 51.0994 ], [ -1.5486, 51.1028 ], [ -1.5405, 51.1078 ], [ -1.5316, 51.1106 ], [ -1.5208, 51.1154 ], [ -1.5205, 51.1163 ], [ -1.515, 51.1165 ], [ -1.5098, 51.1163 ], [ -1.5064, 51.1154 ], [ -1.5016, 51.1149 ], [ -1.4985, 51.1146 ] ] } },
{ "type": "Feature", "properties": { "linetype": 1 }, "geometry": { "type": "LineString", "coordinates": [ [ -1.0901, 51.2622 ], [ -1.0925, 51.2617 ], [ -1.0974, 51.2581 ], [ -1.1055, 51.2539 ], [ -1.1125, 51.2503 ], [ -1.1161, 51.2494 ], [ -1.1183, 51.2495 ], [ -1.1316, 51.242 ], [ -1.1421, 51.2352 ], [ -1.1469, 51.23 ], [ -1.1507, 51.227 ], [ -1.1542, 51.2242 ], [ -1.156, 51.2238 ], [ -1.164, 51.2222 ], [ -1.1799, 51.2098 ], [ -1.1814, 51.2087 ], [ -1.1831, 51.2075 ], [ -1.1849, 51.2066 ], [ -1.19, 51.2041 ], [ -1.194, 51.2034 ], [ -1.1978, 51.2022 ], [ -1.2044, 51.2016 ], [ -1.209, 51.1996 ], [ -1.213, 51.1982 ], [ -1.2296, 51.194 ], [ -1.2374, 51.1928 ], [ -1.2491, 51.1911 ], [ -1.2554, 51.1903 ], [ -1.2602, 51.1903 ], [ -1.2681, 51.1854 ], [ -1.2749, 51.1827 ], [ -1.29, 51.1777 ], [ -1.3036, 51.1728 ], [ -1.3126, 51.1686 ], [ -1.3175, 51.1655 ], [ -1.3223, 51.1606 ], [ -1.326, 51.1588 ], [ -1.3261, 51.1588 ], [ -1.3312, 51.1576 ], [ -1.3345, 51.1572 ], [ -1.3364, 51.1565 ], [ -1.3365, 51.1564 ], [ -1.3379, 51.1533 ], [ -1.342, 51.1539 ], [ -1.3485, 51.1523 ], [ -1.3584, 51.1492 ], [ -1.3945, 51.1373 ], [ -1.4325, 51.1248 ], [ -1.4456, 51.1207 ], [ -1.4469, 51.1205 ], [ -1.4491, 51.1206 ], [ -1.4516, 51.1212 ], [ -1.4773, 51.1198 ], [ -1.4844, 51.1175 ], [ -1.4872, 51.1136 ] ] } },
{ "type": "Feature", "properties": { "linetype": 1 }, "geometry": { "type": "LineString", "coordinates": [ [ 1.1546, 52.0571 ], [ 1.1529, 52.0572 ], [ 1.1517, 52.0576 ], [ 1.1509, 52.0573 ], [ 1.1498, 52.0572 ], [ 1.147, 52.0577 ], [ 1.1455, 52.058 ], [ 1.1382, 52.0581 ], [ 1.1361, 52.058 ], [ 1.132, 52.0572 ], [ 1.1301, 52.0559 ], [ 1.1281, 52.0549 ], [ 1.1241, 52.0525 ], [ 1.1239, 52.0523 ], [ 1.1208, 52.0507 ], [ 1.1192, 52.0502 ], [ 1.1171, 52.0495 ], [ 1.1126, 52.0477 ], [ 1.107, 52.0462 ], [ 1.1029, 52.0439 ], [ 1.0987, 52.0424 ], [ 1.0963, 52.0407 ], [ 1.0931, 52.0394 ], [ 1.092, 52.0378 ], [ 1.0918, 52.0375 ], [ 1.0916, 52.0376 ], [ 1.0889, 52.0386 ], [ 1.086, 52.0366 ], [ 1.0854, 52.0348 ], [ 1.0734, 52.0202 ], [ 1.0564, 52.0031 ], [ 1.0524, 52.0001 ], [ 1.0493, 51.9982 ], [ 1.0451, 51.997 ], [ 1.0431, 51.9944 ], [ 1.0407, 51.9939 ], [ 1.0358, 51.9943 ], [ 1.0328, 51.994 ], [ 1.0248, 51.9909 ], [ 1.022, 51.9904 ], [ 1.0185, 51.9898 ], [ 1.0119, 51.9883 ], [ 1.0055, 51.9868 ], [ 1.0022, 51.985 ], [ 0.9997, 51.983 ], [ 0.997, 51.9817 ], [ 0.9931, 51.9811 ], [ 0.9869, 51.9748 ], [ 0.9871, 51.9727 ], [ 0.9844, 51.9726 ], [ 0.9822, 51.9718 ], [ 0.981, 51.9714 ], [ 0.9788, 51.9703 ], [ 0.9765, 51.97 ], [ 0.9729, 51.9703 ], [ 0.9729, 51.969 ], [ 0.9722, 51.9677 ], [ 0.9721, 51.9674 ], [ 0.9721, 51.9672 ], [ 0.9725, 51.9654 ], [ 0.9712, 51.9633 ], [ 0.9708, 51.9627 ], [ 0.9707, 51.9613 ], [ 0.9672, 51.9609 ], [ 0.9642, 51.9599 ], [ 0.9616, 51.9554 ], [ 0.9618, 51.9531 ], [ 0.9593, 51.9487 ], [ 0.9592, 51.9485 ], [ 0.9577, 51.9459 ], [ 0.9555, 51.9434 ], [ 0.9496, 51.9358 ], [ 0.948, 51.9337 ], [ 0.9439, 51.9314 ], [ 0.9407, 51.9284 ], [ 0.9392, 51.9265 ], [ 0.9395, 51.925 ], [ 0.9396, 51.9245 ], [ 0.9385, 51.9227 ], [ 0.9376, 51.922 ], [ 0.9356, 51.9205 ], [ 0.9329, 51.9187 ], [ 0.9287, 51.9132 ], [ 0.9278, 51.9112 ], [ 0.9259, 51.9087 ], [ 0.9248, 51.9063 ], [ 0.9242, 51.9026 ], [ 0.9229, 51.9011 ], [ 0.9212, 51.8992 ], [ 0.9198, 51.8976 ], [ 0.9186, 51.8955 ], [ 0.9182, 51.8932 ], [ 0.9174, 51.8902 ] ] } },
{ "type": "Feature", "properties": { "linetype": 1 }, "geometry": { "type": "LineString", "coordinates": [ [ 1.1929, 52.06 ], [ 1.1905, 52.0594 ], [ 1.1842, 52.0591 ], [ 1.1821, 52.059 ], [ 1.1811, 52.0591 ], [ 1.1806, 52.0592 ], [ 1.1802, 52.0591 ], [ 1.1768, 52.058 ], [ 1.1728, 52.0573 ], [ 1.1689, 52.0568 ], [ 1.1652, 52.0566 ], [ 1.1627, 52.0567 ], [ 1.1595, 52.0574 ], [ 1.1589, 52.0575 ], [ 1.1562, 52.0578 ], [ 1.1561, 52.0571 ], [ 1.1547, 52.0572 ] ] } },
{ "type": "Feature", "properties": { "linetype": 1 }, "geometry": { "type": "LineString", "coordinates": [ [ -2.5808, 51.4571 ], [ -2.5781, 51.4587 ], [ -2.5745, 51.4601 ], [ -2.572, 51.4621 ], [ -2.5695, 51.4647 ], [ -2.5681, 51.467 ], [ -2.5662, 51.4683 ], [ -2.5648, 51.4695 ], [ -2.5637, 51.4701 ], [ -2.5634, 51.4712 ], [ -2.5613, 51.4727 ], [ -2.5607, 51.4739 ], [ -2.5609, 51.4754 ], [ -2.5608, 51.4759 ], [ -2.5605, 51.4773 ], [ -2.5599, 51.48 ], [ -2.559, 51.4806 ], [ -2.5562, 51.4812 ], [ -2.5549, 51.4817 ], [ -2.5542, 51.4826 ], [ -2.5529, 51.4835 ], [ -2.5519, 51.4845 ], [ -2.5489, 51.487 ], [ -2.5477, 51.4874 ], [ -2.5458, 51.488 ], [ -2.5444, 51.4888 ], [ -2.5434, 51.4889 ], [ -2.543, 51.489 ], [ -2.5393, 51.4903 ], [ -2.5372, 51.491 ], [ -2.5349, 51.4927 ], [ -2.5289, 51.4966 ], [ -2.528, 51.4982 ], [ -2.5271, 51.4992 ], [ -2.5236, 51.5012 ], [ -2.523, 51.5021 ], [ -2.5213, 51.503 ], [ -2.5196, 51.506 ], [ -2.5186, 51.5085 ], [ -2.5167, 51.5085 ], [ -2.5147, 51.5088 ], [ -2.5132, 51.5093 ], [ -2.5131, 51.5105 ], [ -2.5102, 51.5103 ], [ -2.5081, 51.5111 ], [ -2.5061, 51.5126 ], [ -2.5054, 51.5119 ], [ -2.505, 51.5107 ], [ -2.5045, 51.5096 ], [ -2.5035, 51.5083 ], [ -2.5019, 51.5088 ], [ -2.5003, 51.5095 ], [ -2.4987, 51.5093 ], [ -2.4959, 51.5101 ], [ -2.4961, 51.5114 ], [ -2.4941, 51.5116 ], [ -2.493, 51.5128 ], [ -2.4865, 51.5131 ], [ -2.4854, 51.5158 ], [ -2.4807, 51.5181 ], [ -2.4795, 51.5182 ], [ -2.4793, 51.5182 ], [ -2.4791, 51.5185 ], [ -2.4789, 51.5188 ], [ -2.4779, 51.5202 ], [ -2.474, 51.5222 ], [ -2.4702, 51.525 ], [ -2.4625, 51.5313 ], [ -2.456, 51.5358 ], [ -2.454, 51.5361 ], [ -2.4527, 51.5371 ], [ -2.4513, 51.5373 ], [ -2.4503, 51.5378 ], [ -2.4469, 51.5379 ], [ -2.4427, 51.5388 ], [ -2.4379, 51.5402 ], [ -2.4328, 51.5407 ], [ -2.4277, 51.5403 ], [ -2.4188, 51.5405 ], [ -2.4155, 51.5413 ], [ -2.4134, 51.5414 ], [ -2.4116, 51.5408 ], [ -2.4096, 51.5403 ], [ -2.4064, 51.5402 ], [ -2.404, 51.5394 ], [ -2.4024, 51.5385 ], [ -2.4002, 51.5379 ], [ -2.3942, 51.5377 ], [ -2.3912, 51.5383 ], [ -2.389, 51.5389 ], [ -2.3889, 51.5404 ], [ -2.3894, 51.5415 ], [ -2.3862, 51.5428 ], [ -2.3848, 51.5434 ], [ -2.3816, 51.5467 ], [ -2.3801, 51.5491 ], [ -2.3774, 51.5511 ], [ -2.3733, 51.5527 ], [ -2.3722, 51.5522 ], [ -2.3673, 51.5526 ], [ -2.3642, 51.5517 ], [ -2.3617, 51.5516 ], [ -2.3608, 51.551 ], [ -2.3572, 51.5505 ], [ -2.3541, 51.5495 ], [ -2.3518, 51.5476 ], [ -2.3497, 51.5479 ], [ -2.3461, 51.5477 ], [ -2.3446, 51.5473 ], [ -2.3427, 51.5478 ], [ -2.3401, 51.5473 ], [ -2.3351, 51.5462 ], [ -2.3337, 51.5478 ], [ -2.3317, 51.5482 ], [ -2.3287, 51.5512 ], [ -2.3267, 51.5532 ], [ -2.3234, 51.5542 ], [ -2.3196, 51.5575 ], [ -2.3153, 51.5603 ], [ -2.3112, 51.5629 ], [ -2.3087, 51.566 ], [ -2.3077, 51.5687 ], [ -2.305, 51.5719 ], [ -2.3021, 51.5751 ], [ -2.2954, 51.5762 ], [ -2.2907, 51.5776 ], [ -2.2862, 51.5797 ], [ -2.2798, 51.5814 ], [ -2.2776, 51.5821 ], [ -2.2769, 51.5835 ], [ -2.2748, 51.5846 ], [ -2.2715, 51.5842 ], [ -2.2676, 51.5851 ], [ -2.2645, 51.5855 ], [ -2.2614, 51.5852 ], [ -2.258, 51.5861 ], [ -2.2547, 51.5879 ], [ -2.2478, 51.5905 ], [ -2.2422, 51.5918 ], [ -2.2351, 51.5939 ], [ -2.2297, 51.595 ], [ -2.2265, 51.5948 ], [ -2.2222, 51.5961 ], [ -2.2181, 51.5989 ], [ -2.2138, 51.6006 ], [ -2.2115, 51.6025 ], [ -2.2092, 51.6057 ], [ -2.2075, 51.6085 ], [ -2.2058, 51.6097 ], [ -2.1982, 51.613 ], [ -2.1914, 51.6157 ], [ -2.185, 51.6176 ], [ -2.1768, 51.621 ], [ -2.1746, 51.6233 ], [ -2.1706, 51.6253 ], [ -2.1687, 51.6288 ], [ -2.1656, 51.6315 ], [ -2.1634, 51.6329 ], [ -2.1609, 51.6355 ], [ -2.1608, 51.6359 ], [ -2.1607, 51.6361 ], [ -2.1603, 51.6369 ], [ -2.1588, 51.6369 ], [ -2.1573, 51.6379 ], [ -2.1564, 51.639 ], [ -2.1529, 51.6409 ], [ -2.1502, 51.6419 ], [ -2.1467, 51.6445 ], [ -2.145, 51.6461 ], [ -2.144, 51.6478 ], [ -2.139, 51.6492 ], [ -2.137, 51.6501 ], [ -2.1351, 51.6517 ], [ -2.1321, 51.6537 ], [ -2.1218, 51.6596 ], [ -2.1174, 51.6617 ], [ -2.1135, 51.6638 ], [ -2.1102, 51.6661 ], [ -2.1079, 51.6664 ], [ -2.1073, 51.6664 ], [ -2.1053, 51.6665 ], [ -2.1013, 51.6659 ], [ -2.0985, 51.6663 ], [ -2.0899, 51.6678 ], [ -2.0876, 51.6691 ], [ -2.0858, 51.6702 ], [ -2.0768, 51.6714 ], [ -2.0709, 51.6726 ], [ -2.0658, 51.6739 ], [ -2.0536, 51.6762 ], [ -2.0513, 51.6767 ], [ -2.0508, 51.6773 ], [ -2.0465, 51.6776 ], [ -2.0215, 51.6908 ], [ -2.0052, 51.6991 ], [ -1.9883, 51.7078 ], [ -1.9746, 51.7149 ], [ -1.971, 51.7164 ], [ -1.9685, 51.717 ], [ -1.9669, 51.7175 ], [ -1.9645, 51.7166 ], [ -1.9624, 51.7162 ], [ -1.961, 51.7166 ], [ -1.9574, 51.719 ], [ -1.9498, 51.7227 ], [ -1.9445, 51.7255 ], [ -1.94, 51.7262 ], [ -1.9339, 51.727 ], [ -1.9262, 51.7275 ], [ -1.923, 51.7288 ], [ -1.9181, 51.7298 ], [ -1.9104, 51.7305 ], [ -1.9076, 51.7329 ], [ -1.9038, 51.7353 ], [ -1.9018, 51.7371 ], [ -1.8935, 51.7423 ], [ -1.8913, 51.7429 ], [ -1.8906, 51.7442 ] ] } },
{ "type": "Feature", "properties": { "linetype": 1 }, "geometry": { "type": "LineString", "coordinates": [ [ -1.8831, 51.7464 ], [ -1.8773, 51.7485 ], [ -1.8737, 51.7487 ], [ -1.8698, 51.7486 ], [ -1.8571, 51.752 ], [ -1.856, 51.7533 ], [ -1.8554, 51.754 ], [ -1.8499, 51.7569 ], [ -1.8454, 51.7582 ], [ -1.8401, 51.7586 ], [ -1.8388, 51.7593 ], [ -1.8374, 51.7586 ], [ -1.8353, 51.7583 ], [ -1.8334, 51.7587 ], [ -1.8331, 51.7584 ], [ -1.8327, 51.758 ], [ -1.8315, 51.7581 ], [ -1.8306, 51.7587 ], [ -1.8304, 51.759 ], [ -1.8304, 51.7591 ], [ -1.8292, 51.7593 ], [ -1.8273, 51.7625 ], [ -1.8245, 51.7651 ], [ -1.8176, 51.7684 ], [ -1.8133, 51.7705 ], [ -1.805, 51.7723 ], [ -1.7949, 51.7782 ], [ -1.7861, 51.7815 ], [ -1.7829, 51.7836 ], [ -1.7791, 51.7849 ], [ -1.7748, 51.7873 ], [ -1.7728, 51.7879 ], [ -1.7705, 51.788 ], [ -1.7634, 51.7883 ], [ -1.7602, 51.7891 ], [ -1.7541, 51.7892 ], [ -1.7518, 51.7895 ], [ -1.7166, 51.7886 ], [ -1.7103, 51.789 ], [ -1.7043, 51.7898 ], [ -1.6945, 51.794 ], [ -1.6908, 51.7959 ], [ -1.687, 51.7985 ], [ -1.6795, 51.8012 ], [ -1.6713, 51.8041 ], [ -1.6666, 51.8064 ], [ -1.6594, 51.8082 ], [ -1.6514, 51.8098 ], [ -1.6408, 51.8085 ], [ -1.6369, 51.8075 ], [ -1.6361, 51.8105 ], [ -1.6366, 51.8116 ], [ -1.63, 51.8138 ], [ -1.6256, 51.8147 ], [ -1.6251, 51.8161 ], [ -1.6209, 51.8192 ], [ -1.6166, 51.8223 ], [ -1.6127, 51.826 ], [ -1.6095, 51.8313 ], [ -1.6061, 51.8373 ], [ -1.6029, 51.8417 ], [ -1.603, 51.845 ], [ -1.6026, 51.8474 ], [ -1.6015, 51.8496 ], [ -1.6014, 51.8514 ], [ -1.6019, 51.8528 ], [ -1.6019, 51.8544 ], [ -1.6004, 51.8546 ], [ -1.6002, 51.8546 ], [ -1.6002, 51.8548 ], [ -1.6001, 51.856 ], [ -1.5986, 51.8567 ], [ -1.5981, 51.8569 ], [ -1.5972, 51.8583 ], [ -1.5977, 51.8596 ], [ -1.599, 51.8608 ], [ -1.5951, 51.8617 ], [ -1.5946, 51.8618 ], [ -1.5927, 51.862 ], [ -1.5903, 51.8646 ], [ -1.5895, 51.8657 ], [ -1.5875, 51.8697 ], [ -1.5831, 51.873 ], [ -1.5777, 51.8764 ], [ -1.5733, 51.8818 ], [ -1.571, 51.885 ], [ -1.5663, 51.8894 ], [ -1.5644, 51.8912 ], [ -1.5622, 51.8964 ], [ -1.5602, 51.8996 ], [ -1.5569, 51.9032 ], [ -1.5555, 51.9075 ], [ -1.5519, 51.9121 ], [ -1.5432, 51.9181 ], [ -1.541, 51.9254 ], [ -1.542, 51.9301 ], [ -1.541, 51.9346 ], [ -1.5446, 51.937 ], [ -1.5459, 51.9396 ], [ -1.5463, 51.94 ], [ -1.5463, 51.9401 ], [ -1.5461, 51.9413 ], [ -1.5453, 51.9418 ], [ -1.5436, 51.9438 ], [ -1.5249, 51.9517 ], [ -1.5061, 51.958 ], [ -1.4897, 51.9644 ], [ -1.4857, 51.9644 ], [ -1.4781, 51.9682 ], [ -1.4761, 51.9686 ], [ -1.4747, 51.9694 ], [ -1.4678, 51.9702 ], [ -1.4617, 51.9713 ], [ -1.4574, 51.9717 ], [ -1.4462, 51.9746 ], [ -1.4399, 51.9756 ], [ -1.4364, 51.9783 ], [ -1.4336, 51.9802 ], [ -1.4304, 51.9816 ], [ -1.4277, 51.9841 ], [ -1.4264, 51.9857 ], [ -1.4216, 51.9887 ], [ -1.4212, 51.9892 ], [ -1.4199, 51.991 ], [ -1.4175, 51.9921 ], [ -1.417, 51.9932 ], [ -1.4129, 51.9944 ], [ -1.4127, 51.9963 ], [ -1.411, 51.9966 ], [ -1.4103, 51.9972 ], [ -1.4095, 51.9975 ], [ -1.4082, 51.9974 ], [ -1.4077, 51.9985 ], [ -1.4018, 52.0008 ], [ -1.4008, 52.0013 ], [ -1.3995, 52.0023 ], [ -1.3992, 52.0026 ], [ -1.399, 52.0026 ], [ -1.3926, 52.004 ], [ -1.3827, 52.0118 ], [ -1.3816, 52.0132 ], [ -1.3782, 52.0152 ], [ -1.3759, 52.0159 ], [ -1.3752, 52.0176 ], [ -1.3749, 52.0181 ], [ -1.3744, 52.0183 ], [ -1.3733, 52.0226 ], [ -1.3722, 52.0239 ], [ -1.3698, 52.0256 ], [ -1.3692, 52.0266 ], [ -1.3664, 52.0296 ], [ -1.3662, 52.031 ], [ -1.365, 52.032 ], [ -1.364, 52.0337 ], [ -1.363, 52.0379 ], [ -1.3614, 52.0396 ], [ -1.3573, 52.0452 ], [ -1.3559, 52.0463 ], [ -1.3543, 52.0478 ], [ -1.3516, 52.0488 ], [ -1.3486, 52.0502 ], [ -1.3458, 52.0532 ], [ -1.3422, 52.0563 ], [ -1.3401, 52.0574 ] ] } },
{ "type": "Feature", "properties": { "linetype": 1 }, "geometry": { "type": "Point", "coordinates": [ -1.6366, 51.8116 ] } },
{ "type": "Feature", "properties": { "linetype": 1 }, "geometry": { "type": "LineString", "coordinates": [ [ -2.7378, 52.227 ], [ -2.7386, 52.2278 ], [ -2.7391, 52.2278 ], [ -2.7397, 52.2288 ], [ -2.7397, 52.2299 ], [ -2.7447, 52.2345 ], [ -2.7461, 52.2388 ], [ -2.7472, 52.2428 ], [ -2.7466, 52.2448 ], [ -2.7467, 52.2478 ], [ -2.7455, 52.2503 ], [ -2.7455, 52.2504 ], [ -2.7455, 52.2505 ], [ -2.7481, 52.2564 ], [ -2.7508, 52.2583 ], [ -2.7531, 52.2592 ], [ -2.753, 52.2607 ], [ -2.7528, 52.2617 ], [ -2.7543, 52.2634 ], [ -2.7549, 52.2661 ], [ -2.7561, 52.2679 ], [ -2.7562, 52.2692 ], [ -2.7562, 52.2708 ], [ -2.7569, 52.2734 ], [ -2.7587, 52.2756 ], [ -2.7594, 52.2796 ], [ -2.7566, 52.2869 ], [ -2.7571, 52.2883 ], [ -2.7571, 52.2904 ], [ -2.7572, 52.2919 ], [ -2.7578, 52.2931 ], [ -2.7564, 52.2969 ], [ -2.7539, 52.3012 ], [ -2.7501, 52.305 ], [ -2.7477, 52.3106 ], [ -2.7442, 52.3141 ], [ -2.7441, 52.3142 ], [ -2.7423, 52.3166 ], [ -2.7424, 52.3196 ], [ -2.742, 52.3218 ], [ -2.742, 52.3221 ], [ -2.7416, 52.3237 ], [ -2.743, 52.3266 ], [ -2.7434, 52.3292 ], [ -2.7426, 52.3306 ], [ -2.743, 52.3319 ], [ -2.7419, 52.3334 ], [ -2.7436, 52.3357 ], [ -2.7402, 52.3389 ], [ -2.7382, 52.341 ], [ -2.7349, 52.3435 ], [ -2.7286, 52.3438 ], [ -2.7281, 52.3439 ], [ -2.7261, 52.346 ], [ -2.7214, 52.349 ], [ -2.7216, 52.3516 ], [ -2.7198, 52.357 ], [ -2.7188, 52.3599 ], [ -2.7181, 52.3621 ], [ -2.7169, 52.3631 ], [ -2.7173, 52.3638 ], [ -2.7184, 52.3653 ], [ -2.7195, 52.3678 ], [ -2.7178, 52.368 ] ] } },
{ "type": "Feature", "properties": { "linetype": 1 }, "geometry": { "type": "LineString", "coordinates": [ [ -2.7379, 52.2262 ], [ -2.7392, 52.2261 ], [ -2.7402, 52.221 ], [ -2.7382, 52.2117 ], [ -2.7362, 52.2094 ], [ -2.73, 52.2041 ], [ -2.7289, 52.2036 ], [ -2.7262, 52.2022 ], [ -2.7211, 52.1979 ], [ -2.7202, 52.1965 ], [ -2.7203, 52.1936 ], [ -2.7198, 52.1923 ], [ -2.7194, 52.191 ], [ -2.7185, 52.1887 ], [ -2.7179, 52.1868 ], [ -2.7176, 52.1853 ], [ -2.7178, 52.1843 ], [ -2.7158, 52.181 ], [ -2.7149, 52.1797 ], [ -2.7146, 52.1766 ], [ -2.7153, 52.1742 ], [ -2.7155, 52.1735 ], [ -2.7162, 52.1723 ], [ -2.7184, 52.1712 ], [ -2.7194, 52.1704 ], [ -2.7196, 52.1649 ], [ -2.7192, 52.1636 ], [ -2.7191, 52.1634 ], [ -2.7196, 52.1626 ], [ -2.722, 52.1614 ], [ -2.7215, 52.1572 ], [ -2.7181, 52.1551 ], [ -2.723, 52.1505 ], [ -2.727, 52.1491 ], [ -2.7273, 52.1459 ], [ -2.7283, 52.143 ], [ -2.7289, 52.1413 ], [ -2.7291, 52.1394 ], [ -2.7291, 52.1392 ], [ -2.7284, 52.1372 ], [ -2.7289, 52.1359 ], [ -2.7301, 52.1346 ], [ -2.7305, 52.1341 ], [ -2.7312, 52.1293 ], [ -2.7319, 52.1252 ], [ -2.7319, 52.1218 ], [ -2.7326, 52.1189 ], [ -2.7315, 52.1118 ], [ -2.7303, 52.1094 ], [ -2.7293, 52.1056 ], [ -2.7298, 52.1047 ], [ -2.7285, 52.1028 ], [ -2.7285, 52.1009 ], [ -2.7296, 52.0994 ], [ -2.7293, 52.0974 ], [ -2.7294, 52.0948 ], [ -2.7274, 52.0924 ], [ -2.7257, 52.0904 ], [ -2.7245, 52.0889 ], [ -2.7236, 52.0875 ], [ -2.7224, 52.0827 ], [ -2.7221, 52.0806 ], [ -2.7223, 52.0786 ], [ -2.7228, 52.0776 ], [ -2.7221, 52.0756 ], [ -2.7225, 52.0717 ], [ -2.7226, 52.0686 ], [ -2.7219, 52.0657 ], [ -2.7183, 52.0649 ], [ -2.7151, 52.0633 ], [ -2.7146, 52.0607 ], [ -2.7165, 52.0574 ], [ -2.7157, 52.0574 ], [ -2.7155, 52.0565 ], [ -2.7176, 52.0564 ], [ -2.7174, 52.0544 ], [ -2.719, 52.0542 ], [ -2.7187, 52.0525 ], [ -2.7182, 52.0502 ], [ -2.7192, 52.0493 ], [ -2.7194, 52.0482 ], [ -2.7207, 52.0471 ], [ -2.7211, 52.0453 ], [ -2.7204, 52.044 ], [ -2.7228, 52.0355 ], [ -2.7231, 52.0333 ], [ -2.7223, 52.0302 ], [ -2.723, 52.0265 ], [ -2.7258, 52.0223 ], [ -2.7281, 52.0196 ], [ -2.7313, 52.0164 ], [ -2.7319, 52.0159 ], [ -2.7344, 52.0137 ], [ -2.7352, 52.0121 ], [ -2.7359, 52.01 ], [ -2.7338, 52.0072 ], [ -2.7303, 52.0039 ], [ -2.7313, 52.0017 ], [ -2.7332, 52.0002 ], [ -2.7337, 51.9966 ], [ -2.7335, 51.9949 ], [ -2.7342, 51.9927 ], [ -2.734, 51.992 ], [ -2.7338, 51.9909 ], [ -2.7354, 51.9873 ], [ -2.7372, 51.9858 ], [ -2.7367, 51.9842 ], [ -2.7372, 51.9804 ], [ -2.7381, 51.9782 ], [ -2.7395, 51.9765 ], [ -2.7396, 51.9715 ], [ -2.7406, 51.9688 ], [ -2.7397, 51.967 ], [ -2.7397, 51.9651 ], [ -2.7376, 51.9626 ], [ -2.7352, 51.9586 ], [ -2.7358, 51.957 ], [ -2.7377, 51.9553 ], [ -2.7368, 51.9519 ], [ -2.7362, 51.9484 ], [ -2.7338, 51.9444 ], [ -2.7331, 51.9414 ], [ -2.7335, 51.9399 ], [ -2.7328, 51.9379 ], [ -2.7332, 51.9367 ], [ -2.7333, 51.9338 ], [ -2.7348, 51.9288 ], [ -2.7345, 51.9247 ], [ -2.7353, 51.9231 ], [ -2.7357, 51.9225 ], [ -2.7365, 51.9213 ], [ -2.7364, 51.919 ], [ -2.7353, 51.9173 ], [ -2.7352, 51.9146 ], [ -2.7346, 51.9124 ], [ -2.7309, 51.9068 ], [ -2.7295, 51.9028 ], [ -2.7305, 51.9019 ], [ -2.7324, 51.8971 ], [ -2.7327, 51.8946 ], [ -2.7326, 51.8929 ], [ -2.7313, 51.8908 ], [ -2.7315, 51.888 ], [ -2.732, 51.8871 ], [ -2.7326, 51.8859 ], [ -2.7322, 51.8841 ], [ -2.7332, 51.882 ], [ -2.7328, 51.8762 ], [ -2.7338, 51.8716 ], [ -2.7325, 51.8667 ], [ -2.7329, 51.8644 ], [ -2.7288, 51.8571 ], [ -2.727, 51.8538 ], [ -2.724, 51.8514 ], [ -2.7203, 51.849 ], [ -2.7187, 51.8469 ], [ -2.7188, 51.8442 ], [ -2.7162, 51.8405 ], [ -2.7126, 51.8382 ], [ -2.7118, 51.8364 ], [ -2.7133, 51.8333 ], [ -2.7143, 51.8294 ], [ -2.7127, 51.8269 ], [ -2.713, 51.8237 ], [ -2.7125, 51.8204 ], [ -2.7134, 51.8166 ], [ -2.7133, 51.8134 ], [ -2.7139, 51.8132 ] ] } },
{ "type": "Feature", "properties": { "linetype": 1 }, "geometry": { "type": "LineString", "coordinates": [ [ -2.7248, 51.7432 ], [ -2.7228, 51.7386 ], [ -2.7265, 51.7329 ], [ -2.7282, 51.7303 ], [ -2.7288, 51.7278 ], [ -2.7284, 51.7253 ], [ -2.7272, 51.7232 ], [ -2.7261, 51.7221 ], [ -2.7282, 51.7197 ], [ -2.7291, 51.719 ], [ -2.7313, 51.7171 ], [ -2.7332, 51.715 ], [ -2.7341, 51.7137 ], [ -2.7344, 51.7128 ], [ -2.7346, 51.7124 ], [ -2.7361, 51.7109 ], [ -2.7324, 51.7095 ], [ -2.7283, 51.7087 ], [ -2.7258, 51.7085 ], [ -2.7238, 51.7076 ], [ -2.7212, 51.7078 ], [ -2.7199, 51.7063 ], [ -2.7164, 51.7053 ], [ -2.716, 51.7034 ], [ -2.7123, 51.6988 ], [ -2.7126, 51.698 ], [ -2.7124, 51.6964 ], [ -2.711, 51.6952 ], [ -2.7084, 51.6941 ], [ -2.7059, 51.6927 ], [ -2.7032, 51.6913 ], [ -2.7007, 51.6895 ], [ -2.6986, 51.6874 ], [ -2.6977, 51.6831 ], [ -2.6952, 51.6773 ], [ -2.6959, 51.6729 ], [ -2.6959, 51.6711 ], [ -2.6979, 51.6694 ], [ -2.7006, 51.6683 ], [ -2.6972, 51.6643 ], [ -2.693, 51.6582 ], [ -2.6919, 51.6545 ], [ -2.6925, 51.6512 ], [ -2.6891, 51.6468 ], [ -2.6861, 51.6458 ], [ -2.6844, 51.6456 ], [ -2.6825, 51.6444 ], [ -2.6794, 51.6423 ], [ -2.6766, 51.6406 ], [ -2.6749, 51.6421 ], [ -2.6731, 51.6435 ], [ -2.6716, 51.6453 ], [ -2.6719, 51.6464 ], [ -2.6718, 51.6469 ], [ -2.6739, 51.6471 ], [ -2.675, 51.6479 ], [ -2.6738, 51.6494 ], [ -2.6715, 51.6491 ], [ -2.6688, 51.6484 ], [ -2.6666, 51.6487 ], [ -2.6668, 51.6468 ], [ -2.6654, 51.645 ], [ -2.6597, 51.6403 ], [ -2.6569, 51.6387 ], [ -2.6548, 51.6384 ] ] } },
{ "type": "Feature", "properties": { "linetype": 1 }, "geometry": { "type": "LineString", "coordinates": [ [ -2.6548, 51.6384 ], [ -2.6542, 51.6359 ], [ -2.6551, 51.6357 ], [ -2.6542, 51.6342 ], [ -2.6548, 51.6326 ], [ -2.6552, 51.6306 ], [ -2.655, 51.6291 ], [ -2.6538, 51.6275 ], [ -2.6522, 51.6256 ], [ -2.6514, 51.6228 ], [ -2.6507, 51.62 ], [ -2.6505, 51.6195 ], [ -2.6498, 51.6178 ], [ -2.6489, 51.6168 ], [ -2.6479, 51.615 ], [ -2.6482, 51.6135 ], [ -2.6461, 51.6132 ], [ -2.6395, 51.6097 ], [ -2.6317, 51.5977 ], [ -2.6308, 51.5973 ], [ -2.6305, 51.5976 ], [ -2.63, 51.598 ], [ -2.6224, 51.5995 ], [ -2.6202, 51.5986 ], [ -2.6176, 51.5987 ], [ -2.6135, 51.5978 ], [ -2.6117, 51.598 ], [ -2.6075, 51.5968 ], [ -2.6031, 51.5967 ], [ -2.6004, 51.5959 ], [ -2.5997, 51.5953 ], [ -2.5978, 51.5946 ], [ -2.596, 51.5935 ], [ -2.5937, 51.5941 ], [ -2.5925, 51.5944 ], [ -2.585, 51.5945 ], [ -2.5802, 51.5949 ], [ -2.5797, 51.5937 ], [ -2.5781, 51.5911 ], [ -2.5771, 51.5879 ], [ -2.5763, 51.5871 ], [ -2.5762, 51.5858 ], [ -2.5772, 51.5845 ], [ -2.5767, 51.5826 ], [ -2.5771, 51.5804 ], [ -2.5783, 51.5775 ], [ -2.5813, 51.5766 ], [ -2.5847, 51.5763 ], [ -2.5855, 51.5762 ], [ -2.5856, 51.5758 ], [ -2.5859, 51.5746 ], [ -2.5869, 51.5718 ], [ -2.5868, 51.5693 ], [ -2.5967, 51.5698 ], [ -2.5991, 51.57 ], [ -2.6075, 51.5687 ], [ -2.6132, 51.5683 ], [ -2.6158, 51.5654 ], [ -2.6188, 51.5645 ], [ -2.6226, 51.5609 ], [ -2.6252, 51.5587 ], [ -2.6253, 51.5577 ], [ -2.6241, 51.5566 ], [ -2.6231, 51.5557 ], [ -2.6283, 51.5479 ], [ -2.6231, 51.5421 ], [ -2.6224, 51.5417 ], [ -2.6143, 51.5366 ], [ -2.6146, 51.5357 ], [ -2.617, 51.5348 ], [ -2.6185, 51.535 ], [ -2.6199, 51.5343 ], [ -2.622, 51.5334 ], [ -2.6252, 51.535 ], [ -2.6277, 51.5352 ], [ -2.6309, 51.5352 ], [ -2.6341, 51.5344 ], [ -2.6351, 51.5331 ], [ -2.6349, 51.5323 ], [ -2.6357, 51.5315 ], [ -2.6356, 51.5308 ], [ -2.636, 51.5296 ], [ -2.6377, 51.5272 ], [ -2.638, 51.5253 ], [ -2.639, 51.5237 ], [ -2.6417, 51.5219 ], [ -2.6447, 51.5199 ], [ -2.648, 51.5185 ], [ -2.6493, 51.517 ], [ -2.647, 51.5155 ], [ -2.6447, 51.5137 ], [ -2.6428, 51.5129 ], [ -2.6408, 51.5125 ], [ -2.6402, 51.5123 ], [ -2.6387, 51.5116 ], [ -2.6385, 51.5112 ], [ -2.6378, 51.5097 ], [ -2.6339, 51.5062 ], [ -2.6327, 51.5064 ], [ -2.6324, 51.5071 ], [ -2.6311, 51.5073 ], [ -2.6292, 51.5071 ], [ -2.6282, 51.5062 ], [ -2.628, 51.5052 ], [ -2.6275, 51.5041 ], [ -2.6257, 51.5022 ], [ -2.6248, 51.5006 ], [ -2.6241, 51.4992 ], [ -2.623, 51.4983 ], [ -2.6224, 51.498 ], [ -2.6203, 51.4968 ], [ -2.6179, 51.495 ], [ -2.6188, 51.4941 ], [ -2.6189, 51.494 ], [ -2.6187, 51.4934 ], [ -2.6173, 51.4926 ], [ -2.6167, 51.4915 ], [ -2.617, 51.49 ], [ -2.6171, 51.4896 ], [ -2.6173, 51.4878 ], [ -2.6166, 51.4868 ], [ -2.6163, 51.4862 ], [ -2.6158, 51.4853 ], [ -2.6164, 51.4847 ], [ -2.6167, 51.4844 ], [ -2.6169, 51.4804 ], [ -2.617, 51.4774 ], [ -2.6162, 51.4742 ], [ -2.6153, 51.4703 ], [ -2.6146, 51.4695 ], [ -2.6095, 51.4644 ], [ -2.6084, 51.4643 ], [ -2.6059, 51.4625 ], [ -2.6031, 51.4624 ], [ -2.5985, 51.4574 ], [ -2.5959, 51.4566 ], [ -2.593, 51.4549 ] ] } },
{ "type": "Feature", "properties": { "linetype": 1 }, "geometry": { "type": "LineString", "coordinates": [ [ -2.8425, 53.1836 ], [ -2.8384, 53.1804 ], [ -2.836, 53.1795 ], [ -2.833, 53.1788 ], [ -2.8283, 53.1769 ], [ -2.826, 53.1752 ], [ -2.8235, 53.1724 ], [ -2.8222, 53.1712 ], [ -2.8214, 53.1701 ], [ -2.8212, 53.1686 ], [ -2.8198, 53.1657 ], [ -2.8172, 53.1629 ], [ -2.8169, 53.1618 ], [ -2.8148, 53.16 ], [ -2.813, 53.1574 ], [ -2.8122, 53.1558 ], [ -2.8127, 53.1548 ], [ -2.8116, 53.1456 ], [ -2.8123, 53.1434 ], [ -2.8124, 53.143 ], [ -2.8116, 53.1417 ], [ -2.8097, 53.1385 ], [ -2.8085, 53.1361 ], [ -2.8084, 53.1356 ], [ -2.8074, 53.1295 ], [ -2.8066, 53.1269 ], [ -2.8063, 53.1213 ], [ -2.8037, 53.12 ], [ -2.8011, 53.1188 ], [ -2.7996, 53.1176 ], [ -2.7999, 53.1156 ], [ -2.7909, 53.1107 ], [ -2.7891, 53.1102 ], [ -2.7827, 53.1069 ], [ -2.7803, 53.106 ], [ -2.7787, 53.1046 ], [ -2.7766, 53.099 ], [ -2.7766, 53.0932 ], [ -2.7772, 53.0872 ], [ -2.7775, 53.0845 ], [ -2.7779, 53.0801 ], [ -2.7777, 53.0772 ], [ -2.7773, 53.0759 ], [ -2.7773, 53.0757 ], [ -2.7758, 53.0699 ], [ -2.7746, 53.0679 ], [ -2.77, 53.0639 ], [ -2.7663, 53.0601 ], [ -2.7655, 53.0578 ], [ -2.7652, 53.054 ], [ -2.7648, 53.052 ], [ -2.7599, 53.0465 ], [ -2.7551, 53.0446 ], [ -2.7446, 53.0372 ], [ -2.7378, 53.0325 ], [ -2.726, 53.0282 ], [ -2.7202, 53.0227 ], [ -2.7175, 53.0219 ], [ -2.715, 53.0194 ], [ -2.7147, 53.0171 ], [ -2.7149, 53.0156 ], [ -2.7136, 53.0111 ], [ -2.7141, 53.0097 ], [ -2.7134, 53.0073 ], [ -2.7113, 53.0054 ], [ -2.7123, 53.0039 ], [ -2.7111, 53.0028 ], [ -2.7126, 52.9995 ], [ -2.716, 52.996 ], [ -2.7168, 52.9947 ], [ -2.7198, 52.9918 ], [ -2.7191, 52.9894 ], [ -2.717, 52.987 ], [ -2.7156, 52.9859 ], [ -2.7136, 52.9843 ], [ -2.714, 52.9836 ], [ -2.7105, 52.9815 ], [ -2.7061, 52.9787 ], [ -2.7034, 52.9776 ], [ -2.6997, 52.9757 ], [ -2.6958, 52.9733 ], [ -2.6939, 52.9728 ], [ -2.6881, 52.9723 ], [ -2.6839, 52.9688 ], [ -2.6842, 52.9681 ], [ -2.6833, 52.9675 ], [ -2.6825, 52.967 ], [ -2.6815, 52.9663 ], [ -2.679, 52.9629 ], [ -2.6722, 52.9548 ], [ -2.669, 52.952 ], [ -2.666, 52.9483 ], [ -2.6632, 52.944 ], [ -2.6623, 52.9423 ], [ -2.6612, 52.9385 ], [ -2.6608, 52.9188 ], [ -2.6608, 52.9113 ], [ -2.6602, 52.9081 ], [ -2.6616, 52.9054 ], [ -2.663, 52.9031 ], [ -2.6635, 52.9006 ], [ -2.6654, 52.8976 ], [ -2.666, 52.8949 ], [ -2.6648, 52.8926 ], [ -2.6628, 52.8912 ], [ -2.6612, 52.8894 ], [ -2.6607, 52.8872 ], [ -2.661, 52.8846 ], [ -2.6601, 52.8828 ], [ -2.6588, 52.8817 ], [ -2.6566, 52.8812 ], [ -2.6552, 52.8801 ], [ -2.6542, 52.8789 ], [ -2.6547, 52.8768 ], [ -2.6521, 52.8739 ], [ -2.6515, 52.8719 ], [ -2.6544, 52.8672 ], [ -2.654, 52.8608 ], [ -2.6549, 52.8589 ], [ -2.6559, 52.8583 ], [ -2.6561, 52.8572 ], [ -2.6562, 52.8566 ], [ -2.6585, 52.8534 ], [ -2.6593, 52.8529 ], [ -2.6605, 52.8522 ], [ -2.6616, 52.8505 ], [ -2.6637, 52.8482 ], [ -2.6631, 52.8479 ], [ -2.6618, 52.8472 ], [ -2.6623, 52.8451 ], [ -2.6619, 52.844 ], [ -2.6628, 52.84 ], [ -2.6647, 52.8384 ], [ -2.6684, 52.837 ], [ -2.6714, 52.8366 ], [ -2.6718, 52.8366 ], [ -2.6717, 52.8363 ], [ -2.6716, 52.836 ], [ -2.6727, 52.8348 ], [ -2.6729, 52.8347 ], [ -2.6753, 52.8342 ], [ -2.6785, 52.8327 ], [ -2.6807, 52.8307 ], [ -2.6824, 52.8275 ], [ -2.6838, 52.8228 ], [ -2.6851, 52.821 ], [ -2.6887, 52.8193 ], [ -2.687, 52.8163 ], [ -2.6868, 52.816 ], [ -2.6877, 52.8141 ], [ -2.6887, 52.8121 ], [ -2.6923, 52.8094 ], [ -2.6975, 52.8067 ], [ -2.6993, 52.8043 ], [ -2.7, 52.8025 ], [ -2.6998, 52.7986 ], [ -2.7014, 52.7965 ], [ -2.7018, 52.7949 ], [ -2.7059, 52.7854 ], [ -2.7079, 52.7799 ], [ -2.7078, 52.7777 ], [ -2.7092, 52.776 ], [ -2.71, 52.7735 ], [ -2.7129, 52.7691 ], [ -2.7155, 52.7639 ], [ -2.716, 52.7623 ], [ -2.7163, 52.7563 ], [ -2.7166, 52.7545 ], [ -2.7169, 52.7519 ], [ -2.7177, 52.7495 ], [ -2.7204, 52.7451 ], [ -2.7216, 52.7397 ], [ -2.7374, 52.7262 ], [ -2.7393, 52.7238 ], [ -2.7409, 52.7209 ], [ -2.7412, 52.7205 ], [ -2.7418, 52.7201 ], [ -2.7437, 52.7188 ], [ -2.7473, 52.7156 ], [ -2.7492, 52.7136 ], [ -2.7497, 52.7124 ], [ -2.75, 52.7118 ], [ -2.7503, 52.7118 ], [ -2.7513, 52.7117 ], [ -2.7514, 52.7108 ], [ -2.7514, 52.7106 ], [ -2.7512, 52.7101 ], [ -2.7519, 52.7092 ], [ -2.7546, 52.7076 ] ] } },
{ "type": "Feature", "properties": { "linetype": 1 }, "geometry": { "type": "LineString", "coordinates": [ [ -2.7468, 52.7068 ], [ -2.7458, 52.7057 ], [ -2.7454, 52.7047 ], [ -2.7458, 52.7036 ], [ -2.751, 52.6976 ], [ -2.7512, 52.6963 ], [ -2.7526, 52.6956 ], [ -2.7541, 52.6949 ], [ -2.756, 52.6935 ], [ -2.7556, 52.6909 ], [ -2.7557, 52.6892 ], [ -2.757, 52.6871 ], [ -2.7577, 52.686 ], [ -2.7582, 52.6838 ], [ -2.7583, 52.6835 ], [ -2.7588, 52.6813 ], [ -2.7589, 52.6765 ], [ -2.7605, 52.6752 ], [ -2.7608, 52.6728 ], [ -2.7613, 52.67 ], [ -2.7626, 52.6634 ], [ -2.7653, 52.6574 ], [ -2.7678, 52.6559 ], [ -2.7695, 52.6531 ], [ -2.7703, 52.6518 ], [ -2.7712, 52.6496 ], [ -2.7742, 52.6457 ], [ -2.7753, 52.6437 ], [ -2.776, 52.6403 ], [ -2.7749, 52.6373 ], [ -2.7751, 52.6352 ], [ -2.7771, 52.6313 ], [ -2.7767, 52.6298 ], [ -2.7772, 52.6271 ], [ -2.7762, 52.6245 ], [ -2.7737, 52.6221 ], [ -2.7723, 52.6205 ], [ -2.7703, 52.6144 ], [ -2.7678, 52.6112 ], [ -2.7653, 52.6077 ], [ -2.7638, 52.6054 ], [ -2.7637, 52.6036 ], [ -2.7628, 52.601 ], [ -2.7664, 52.5984 ], [ -2.7682, 52.5953 ], [ -2.7713, 52.5927 ], [ -2.7725, 52.589 ], [ -2.7742, 52.5868 ], [ -2.7749, 52.5841 ], [ -2.7751, 52.5818 ], [ -2.7761, 52.5795 ], [ -2.7786, 52.5772 ], [ -2.7787, 52.5771 ], [ -2.7806, 52.5721 ], [ -2.782, 52.5696 ], [ -2.7819, 52.5667 ], [ -2.7855, 52.5639 ], [ -2.7889, 52.5638 ], [ -2.7921, 52.5622 ], [ -2.7924, 52.5606 ], [ -2.7947, 52.5582 ], [ -2.7973, 52.5552 ], [ -2.7988, 52.5533 ], [ -2.8004, 52.5518 ], [ -2.8035, 52.5486 ], [ -2.8074, 52.5423 ], [ -2.8076, 52.5396 ], [ -2.8076, 52.5389 ], [ -2.8082, 52.5374 ], [ -2.8099, 52.536 ], [ -2.8118, 52.5341 ], [ -2.8166, 52.5345 ], [ -2.8182, 52.5332 ], [ -2.8189, 52.5302 ], [ -2.8208, 52.5273 ], [ -2.8197, 52.5262 ], [ -2.8194, 52.5259 ], [ -2.8203, 52.5246 ], [ -2.822, 52.5222 ], [ -2.8216, 52.5209 ], [ -2.8215, 52.5205 ], [ -2.8221, 52.5193 ], [ -2.8233, 52.517 ], [ -2.8229, 52.5165 ], [ -2.8228, 52.5163 ], [ -2.8229, 52.5145 ], [ -2.8236, 52.5138 ], [ -2.8244, 52.5129 ], [ -2.8249, 52.5093 ], [ -2.8248, 52.509 ], [ -2.8244, 52.5071 ], [ -2.8237, 52.5037 ], [ -2.8255, 52.501 ], [ -2.8271, 52.5002 ], [ -2.8289, 52.4992 ], [ -2.8281, 52.4968 ], [ -2.8308, 52.4919 ], [ -2.8309, 52.4888 ], [ -2.8304, 52.4873 ], [ -2.8302, 52.4869 ], [ -2.8299, 52.4859 ], [ -2.831, 52.4848 ], [ -2.8312, 52.4847 ], [ -2.8316, 52.4826 ], [ -2.8342, 52.4829 ], [ -2.8365, 52.4801 ], [ -2.8368, 52.4781 ], [ -2.8365, 52.4765 ], [ -2.8371, 52.4742 ], [ -2.838, 52.4731 ], [ -2.8372, 52.4587 ], [ -2.8361, 52.4577 ], [ -2.8369, 52.4569 ], [ -2.8377, 52.4528 ], [ -2.838, 52.4492 ], [ -2.8374, 52.4469 ] ] } },
{ "type": "Feature", "properties": { "linetype": 1 }, "geometry": { "type": "LineString", "coordinates": [ [ -2.6456, 51.2092 ], [ -2.648, 51.2082 ], [ -2.6483, 51.2073 ], [ -2.6496, 51.2064 ], [ -2.6523, 51.204 ], [ -2.6574, 51.2018 ], [ -2.6597, 51.2006 ], [ -2.6666, 51.1961 ], [ -2.6684, 51.1942 ], [ -2.6701, 51.1933 ], [ -2.6714, 51.1925 ], [ -2.6756, 51.1903 ], [ -2.6781, 51.188 ], [ -2.6798, 51.1871 ], [ -2.6822, 51.1864 ], [ -2.6858, 51.1858 ], [ -2.6891, 51.1846 ], [ -2.6911, 51.1827 ], [ -2.6918, 51.1813 ], [ -2.6919, 51.1791 ], [ -2.6934, 51.1767 ], [ -2.6938, 51.1752 ], [ -2.698, 51.1676 ], [ -2.6988, 51.1658 ], [ -2.7007, 51.1608 ], [ -2.7012, 51.1575 ], [ -2.7022, 51.1562 ], [ -2.7055, 51.1539 ], [ -2.7063, 51.1529 ], [ -2.7068, 51.1492 ], [ -2.7083, 51.1486 ], [ -2.7125, 51.1487 ], [ -2.7124, 51.1482 ], [ -2.7177, 51.1474 ], [ -2.718, 51.1473 ], [ -2.7172, 51.1432 ], [ -2.7225, 51.1419 ], [ -2.7246, 51.1406 ], [ -2.7257, 51.1399 ], [ -2.7277, 51.139 ], [ -2.7295, 51.1389 ], [ -2.7358, 51.1383 ], [ -2.7352, 51.1369 ], [ -2.7361, 51.1322 ], [ -2.7361, 51.1298 ], [ -2.7399, 51.1267 ], [ -2.742, 51.1257 ], [ -2.7421, 51.1257 ], [ -2.7425, 51.1255 ], [ -2.7438, 51.1243 ], [ -2.747, 51.1231 ], [ -2.7501, 51.1234 ], [ -2.755, 51.1232 ], [ -2.7608, 51.1234 ], [ -2.7661, 51.1242 ], [ -2.7706, 51.124 ], [ -2.776, 51.1237 ], [ -2.7797, 51.1236 ], [ -2.7847, 51.1217 ], [ -2.7879, 51.1217 ], [ -2.796, 51.1224 ], [ -2.7978, 51.1234 ], [ -2.7991, 51.1234 ], [ -2.8036, 51.1238 ], [ -2.8065, 51.1243 ], [ -2.8115, 51.1239 ], [ -2.8146, 51.1238 ], [ -2.8165, 51.1239 ], [ -2.8186, 51.1236 ], [ -2.8225, 51.123 ], [ -2.8222, 51.1237 ], [ -2.8416, 51.1239 ], [ -2.8429, 51.124 ], [ -2.8426, 51.1229 ], [ -2.8425, 51.1226 ], [ -2.8429, 51.1222 ], [ -2.8432, 51.1222 ], [ -2.8461, 51.1223 ], [ -2.8482, 51.1216 ], [ -2.8526, 51.1175 ], [ -2.8533, 51.1136 ], [ -2.8548, 51.1101 ], [ -2.8758, 51.0978 ], [ -2.88, 51.0984 ], [ -2.8861, 51.0996 ], [ -2.888, 51.1003 ], [ -2.8894, 51.0961 ], [ -2.8896, 51.0957 ], [ -2.8926, 51.0933 ], [ -2.8924, 51.0928 ], [ -2.892, 51.0914 ], [ -2.892, 51.0903 ], [ -2.8932, 51.0898 ], [ -2.8952, 51.0898 ], [ -2.8982, 51.0903 ], [ -2.9009, 51.0906 ], [ -2.9022, 51.0905 ], [ -2.9032, 51.0898 ], [ -2.9077, 51.0884 ], [ -2.9078, 51.0871 ], [ -2.9085, 51.0862 ], [ -2.9117, 51.0851 ], [ -2.9029, 51.0726 ], [ -2.9138, 51.0712 ], [ -2.9157, 51.0715 ], [ -2.9173, 51.0711 ], [ -2.9176, 51.0702 ], [ -2.9184, 51.0695 ], [ -2.9338, 51.0606 ], [ -2.936, 51.0601 ], [ -2.9388, 51.0601 ], [ -2.9438, 51.0592 ], [ -2.9449, 51.0589 ], [ -2.9515, 51.056 ], [ -2.9534, 51.0557 ], [ -2.9575, 51.0538 ], [ -2.9632, 51.052 ], [ -2.9733, 51.0491 ], [ -2.975, 51.0478 ], [ -2.9775, 51.0472 ], [ -2.9797, 51.0474 ], [ -2.9875, 51.0477 ], [ -2.9968, 51.0485 ], [ -2.9972, 51.0489 ], [ -3.0016, 51.048 ], [ -3.0077, 51.0482 ], [ -3.0131, 51.0477 ], [ -3.0158, 51.0479 ], [ -3.0204, 51.0478 ], [ -3.0248, 51.0481 ], [ -3.0276, 51.0484 ], [ -3.0348, 51.0473 ], [ -3.0384, 51.0463 ], [ -3.0411, 51.0458 ], [ -3.0452, 51.0448 ], [ -3.0481, 51.0434 ], [ -3.0502, 51.0425 ], [ -3.0531, 51.0393 ], [ -3.0556, 51.0372 ], [ -3.0572, 51.0354 ], [ -3.0577, 51.0343 ], [ -3.0592, 51.0331 ], [ -3.0607, 51.0316 ], [ -3.0626, 51.0306 ], [ -3.0646, 51.0286 ], [ -3.0659, 51.0278 ], [ -3.0671, 51.0275 ], [ -3.069, 51.027 ], [ -3.0696, 51.0267 ], [ -3.0701, 51.0263 ], [ -3.0712, 51.0251 ], [ -3.0742, 51.0252 ], [ -3.077, 51.0253 ], [ -3.0797, 51.0239 ], [ -3.0826, 51.0225 ], [ -3.0831, 51.0214 ], [ -3.0833, 51.0199 ], [ -3.084, 51.0197 ], [ -3.0837, 51.0179 ], [ -3.0872, 51.0175 ], [ -3.0884, 51.0167 ], [ -3.0914, 51.0159 ], [ -3.0951, 51.0152 ], [ -3.0981, 51.0149 ], [ -3.1016, 51.0143 ], [ -3.1029, 51.0148 ], [ -3.1055, 51.0143 ], [ -3.1068, 51.014 ], [ -3.1091, 51.0132 ], [ -3.1112, 51.0131 ], [ -3.1132, 51.0143 ], [ -3.1189, 51.0152 ], [ -3.1371, 51.0098 ], [ -3.1399, 51.009 ], [ -3.1421, 51.0078 ], [ -3.1523, 51.006 ], [ -3.1525, 51.004 ], [ -3.1519, 51.003 ], [ -3.1535, 51.0019 ], [ -3.158, 51.0008 ], [ -3.1631, 50.9993 ], [ -3.1654, 50.9977 ], [ -3.1682, 50.9963 ], [ -3.1795, 50.9909 ], [ -3.1838, 50.9883 ], [ -3.1891, 50.986 ], [ -3.1932, 50.986 ], [ -3.2045, 50.982 ], [ -3.2064, 50.9822 ], [ -3.2071, 50.9829 ], [ -3.2075, 50.9837 ], [ -3.2095, 50.9844 ], [ -3.21, 50.9845 ], [ -3.2116, 50.9846 ], [ -3.2137, 50.9852 ], [ -3.218, 50.9853 ], [ -3.2212, 50.985 ], [ -3.2225, 50.9841 ], [ -3.2234, 50.9819 ], [ -3.2253, 50.9801 ], [ -3.2276, 50.9784 ], [ -3.2315, 50.976 ], [ -3.2361, 50.9751 ], [ -3.2392, 50.9751 ], [ -3.2423, 50.9734 ], [ -3.2448, 50.9727 ], [ -3.2481, 50.9703 ], [ -3.2497, 50.9696 ], [ -3.2507, 50.9684 ], [ -3.2509, 50.9682 ], [ -3.2546, 50.966 ], [ -3.2575, 50.9657 ], [ -3.2583, 50.9657 ], [ -3.2606, 50.9651 ], [ -3.2652, 50.9661 ], [ -3.2685, 50.9666 ], [ -3.2723, 50.9663 ], [ -3.2747, 50.9649 ], [ -3.2775, 50.9654 ], [ -3.2796, 50.9655 ], [ -3.2823, 50.9642 ], [ -3.2834, 50.9631 ], [ -3.2878, 50.9618 ], [ -3.2909, 50.9606 ], [ -3.2937, 50.9594 ], [ -3.2978, 50.9584 ], [ -3.2983, 50.9564 ], [ -3.298, 50.9539 ], [ -3.2963, 50.9522 ], [ -3.2972, 50.9501 ], [ -3.2981, 50.9477 ], [ -3.3022, 50.9389 ], [ -3.3107, 50.933 ], [ -3.3195, 50.9296 ], [ -3.3224, 50.9278 ], [ -3.3238, 50.9258 ], [ -3.3258, 50.9228 ], [ -3.3297, 50.9219 ], [ -3.3302, 50.921 ], [ -3.3382, 50.9196 ], [ -3.3406, 50.9178 ], [ -3.3448, 50.9177 ], [ -3.3543, 50.9034 ], [ -3.3567, 50.9016 ], [ -3.3593, 50.9004 ], [ -3.3618, 50.8993 ], [ -3.3631, 50.8973 ], [ -3.3662, 50.8956 ], [ -3.3676, 50.8934 ], [ -3.3719, 50.8867 ], [ -3.3711, 50.8854 ], [ -3.3714, 50.8846 ], [ -3.3743, 50.883 ], [ -3.3805, 50.8806 ], [ -3.3808, 50.8804 ], [ -3.383, 50.8792 ], [ -3.3842, 50.878 ], [ -3.3863, 50.877 ], [ -3.3869, 50.8751 ], [ -3.3867, 50.8734 ], [ -3.3881, 50.8699 ], [ -3.3895, 50.8694 ], [ -3.3915, 50.8671 ], [ -3.3914, 50.8656 ], [ -3.3929, 50.8629 ], [ -3.3921, 50.8608 ], [ -3.3918, 50.8591 ], [ -3.3927, 50.8574 ], [ -3.3924, 50.8553 ], [ -3.3944, 50.8533 ], [ -3.3939, 50.8512 ], [ -3.3938, 50.8507 ], [ -3.3944, 50.8497 ], [ -3.3948, 50.8491 ], [ -3.396, 50.8483 ], [ -3.3962, 50.8472 ], [ -3.4003, 50.8442 ], [ -3.401, 50.8429 ], [ -3.4063, 50.8389 ], [ -3.4078, 50.838 ], [ -3.4116, 50.8363 ], [ -3.4137, 50.8346 ], [ -3.4148, 50.8329 ], [ -3.4166, 50.8307 ], [ -3.4216, 50.827 ], [ -3.4221, 50.8267 ], [ -3.4238, 50.8263 ], [ -3.432, 50.8222 ], [ -3.4347, 50.8198 ], [ -3.4354, 50.8171 ], [ -3.4363, 50.8155 ], [ -3.4365, 50.8135 ], [ -3.4392, 50.8096 ], [ -3.4431, 50.8053 ], [ -3.4464, 50.8034 ], [ -3.4547, 50.8012 ], [ -3.4552, 50.8005 ], [ -3.4542, 50.7988 ], [ -3.452, 50.7939 ], [ -3.4511, 50.7923 ], [ -3.4526, 50.7907 ], [ -3.4547, 50.7888 ], [ -3.4588, 50.787 ], [ -3.4628, 50.7835 ], [ -3.4674, 50.7788 ], [ -3.4719, 50.7731 ], [ -3.4761, 50.7704 ], [ -3.4783, 50.7697 ], [ -3.4803, 50.7664 ], [ -3.4821, 50.7654 ], [ -3.4892, 50.7628 ], [ -3.4954, 50.7608 ], [ -3.502, 50.757 ], [ -3.5032, 50.7554 ], [ -3.5027, 50.7548 ], [ -3.5032, 50.7539 ], [ -3.5054, 50.7529 ], [ -3.5067, 50.7499 ], [ -3.5084, 50.7482 ], [ -3.5083, 50.7464 ], [ -3.5093, 50.7454 ], [ -3.5113, 50.7442 ], [ -3.5119, 50.7417 ], [ -3.5113, 50.741 ], [ -3.5111, 50.7407 ], [ -3.512, 50.7404 ], [ -3.5124, 50.7403 ], [ -3.5124, 50.7401 ], [ -3.5123, 50.7397 ], [ -3.5115, 50.7391 ], [ -3.5141, 50.7368 ], [ -3.5166, 50.7343 ], [ -3.5208, 50.7289 ], [ -3.5267, 50.7255 ] ] } },
{ "type": "Feature", "properties": { "linetype": 1 }, "geometry": { "type": "LineString", "coordinates": [ [ -2.6456, 51.2155 ], [ -2.6472, 51.2183 ], [ -2.6464, 51.2203 ], [ -2.6471, 51.2219 ], [ -2.6476, 51.2219 ], [ -2.6496, 51.2221 ], [ -2.6512, 51.2219 ], [ -2.6518, 51.2222 ], [ -2.6507, 51.2246 ], [ -2.6502, 51.2268 ], [ -2.65, 51.2318 ], [ -2.6489, 51.2329 ], [ -2.6474, 51.2345 ], [ -2.6432, 51.2358 ], [ -2.6424, 51.2366 ], [ -2.6447, 51.2436 ], [ -2.6477, 51.2528 ], [ -2.6507, 51.2554 ], [ -2.6507, 51.2562 ], [ -2.648, 51.2574 ], [ -2.6477, 51.2587 ], [ -2.6483, 51.2599 ], [ -2.6494, 51.2608 ], [ -2.6529, 51.2681 ], [ -2.6589, 51.2865 ], [ -2.6592, 51.2893 ], [ -2.6581, 51.2917 ], [ -2.6556, 51.2941 ], [ -2.6545, 51.2997 ], [ -2.6521, 51.3014 ], [ -2.6504, 51.3027 ], [ -2.6481, 51.3041 ], [ -2.6473, 51.3053 ], [ -2.646, 51.3063 ], [ -2.6442, 51.3086 ], [ -2.6416, 51.3093 ], [ -2.6392, 51.3127 ], [ -2.6383, 51.3149 ], [ -2.6373, 51.3163 ], [ -2.6371, 51.3165 ], [ -2.6373, 51.3168 ], [ -2.6391, 51.3201 ], [ -2.6392, 51.3214 ], [ -2.6406, 51.3226 ], [ -2.6409, 51.3271 ], [ -2.6411, 51.3298 ], [ -2.6375, 51.3337 ], [ -2.6375, 51.3343 ], [ -2.6378, 51.3369 ], [ -2.6376, 51.3382 ], [ -2.6372, 51.34 ], [ -2.6338, 51.344 ], [ -2.6344, 51.3489 ], [ -2.6339, 51.3505 ], [ -2.636, 51.353 ], [ -2.6354, 51.3548 ], [ -2.6363, 51.3564 ], [ -2.637, 51.3575 ], [ -2.6371, 51.3576 ], [ -2.6372, 51.3589 ], [ -2.6363, 51.3595 ], [ -2.6358, 51.36 ], [ -2.6355, 51.3605 ], [ -2.6333, 51.3612 ], [ -2.6341, 51.3621 ], [ -2.6335, 51.3632 ], [ -2.6323, 51.3644 ], [ -2.6311, 51.3672 ], [ -2.6311, 51.3689 ], [ -2.6297, 51.3721 ], [ -2.6275, 51.3737 ], [ -2.6255, 51.3755 ], [ -2.6225, 51.3796 ], [ -2.6228, 51.3814 ], [ -2.6223, 51.3844 ], [ -2.6235, 51.3857 ], [ -2.6248, 51.3865 ], [ -2.6252, 51.3889 ], [ -2.6264, 51.3906 ], [ -2.6268, 51.3912 ], [ -2.627, 51.3932 ], [ -2.6263, 51.3966 ], [ -2.6252, 51.3981 ], [ -2.6246, 51.4003 ], [ -2.6231, 51.4008 ], [ -2.6222, 51.4011 ], [ -2.6228, 51.4017 ], [ -2.6232, 51.4022 ], [ -2.6222, 51.4057 ], [ -2.6212, 51.409 ], [ -2.62, 51.4104 ], [ -2.6194, 51.4112 ], [ -2.6196, 51.4115 ], [ -2.6207, 51.4128 ], [ -2.6191, 51.4142 ], [ -2.6188, 51.4151 ], [ -2.6184, 51.4153 ], [ -2.6181, 51.4156 ], [ -2.6175, 51.4181 ], [ -2.6175, 51.4184 ], [ -2.6167, 51.4208 ], [ -2.6165, 51.4212 ], [ -2.6144, 51.425 ], [ -2.6138, 51.4277 ], [ -2.6141, 51.4289 ] ] } },
{ "type": "Feature", "properties": { "linetype": 1 }, "geometry": { "type": "LineString", "coordinates": [ [ -2.245, 51.8648 ], [ -2.2487, 51.8628 ], [ -2.2508, 51.8606 ], [ -2.2507, 51.8603 ], [ -2.2503, 51.8591 ], [ -2.2505, 51.8578 ], [ -2.2529, 51.8547 ], [ -2.2566, 51.8516 ], [ -2.2581, 51.8497 ], [ -2.2594, 51.8486 ], [ -2.2615, 51.8476 ], [ -2.264, 51.8447 ], [ -2.2717, 51.837 ], [ -2.2742, 51.8351 ], [ -2.2757, 51.8331 ], [ -2.2766, 51.8297 ], [ -2.277, 51.8254 ], [ -2.2774, 51.8237 ], [ -2.2782, 51.8206 ], [ -2.2797, 51.8175 ], [ -2.2842, 51.8133 ], [ -2.2848, 51.8117 ], [ -2.2885, 51.807 ], [ -2.2962, 51.8035 ], [ -2.2988, 51.8014 ], [ -2.3007, 51.7989 ], [ -2.3023, 51.798 ], [ -2.3026, 51.7978 ], [ -2.303, 51.7973 ], [ -2.3048, 51.7947 ], [ -2.3076, 51.7928 ], [ -2.3089, 51.7919 ], [ -2.3095, 51.7909 ], [ -2.311, 51.7885 ], [ -2.3146, 51.7841 ], [ -2.3166, 51.7811 ], [ -2.3219, 51.7746 ], [ -2.3229, 51.7726 ], [ -2.3275, 51.7679 ], [ -2.3315, 51.7639 ], [ -2.3352, 51.7606 ], [ -2.3402, 51.7553 ], [ -2.3428, 51.7526 ], [ -2.3478, 51.7479 ], [ -2.3586, 51.7372 ], [ -2.3616, 51.7353 ], [ -2.3624, 51.7347 ], [ -2.3648, 51.7319 ], [ -2.364, 51.7288 ], [ -2.3648, 51.7261 ], [ -2.3654, 51.7191 ], [ -2.3661, 51.7169 ], [ -2.3657, 51.7151 ], [ -2.3654, 51.7138 ], [ -2.3656, 51.7125 ], [ -2.365, 51.7111 ], [ -2.3654, 51.7081 ], [ -2.3667, 51.7068 ], [ -2.367, 51.7053 ], [ -2.366, 51.7028 ], [ -2.3639, 51.7005 ], [ -2.3624, 51.6995 ], [ -2.3598, 51.6998 ], [ -2.3578, 51.6995 ], [ -2.3561, 51.6969 ], [ -2.3551, 51.6954 ], [ -2.3536, 51.694 ], [ -2.353, 51.6928 ], [ -2.3522, 51.6922 ], [ -2.3519, 51.692 ], [ -2.3512, 51.6916 ], [ -2.3497, 51.691 ], [ -2.3468, 51.6908 ], [ -2.3443, 51.6908 ], [ -2.3433, 51.6905 ], [ -2.3444, 51.6876 ], [ -2.3478, 51.6854 ], [ -2.3485, 51.6842 ], [ -2.349, 51.6833 ], [ -2.3504, 51.6826 ], [ -2.354, 51.6813 ], [ -2.3832, 51.674 ], [ -2.3844, 51.6695 ], [ -2.3874, 51.6673 ], [ -2.3882, 51.6673 ], [ -2.3897, 51.6669 ], [ -2.391, 51.6649 ], [ -2.392, 51.6645 ], [ -2.4, 51.6661 ], [ -2.4053, 51.6663 ], [ -2.408, 51.6668 ], [ -2.4097, 51.666 ], [ -2.4098, 51.6646 ], [ -2.4113, 51.6627 ], [ -2.417, 51.6599 ], [ -2.4222, 51.6537 ], [ -2.4219, 51.6508 ], [ -2.4226, 51.6475 ], [ -2.4235, 51.6469 ], [ -2.4267, 51.6475 ], [ -2.4266, 51.6462 ], [ -2.4272, 51.645 ], [ -2.4276, 51.6443 ], [ -2.4306, 51.6442 ], [ -2.4308, 51.6408 ], [ -2.429, 51.6351 ], [ -2.4307, 51.6327 ], [ -2.4325, 51.6338 ], [ -2.4343, 51.6344 ], [ -2.4369, 51.6347 ], [ -2.4403, 51.6357 ], [ -2.4409, 51.6364 ], [ -2.4414, 51.637 ], [ -2.4433, 51.6374 ], [ -2.4453, 51.6367 ], [ -2.4471, 51.6355 ], [ -2.4484, 51.6337 ], [ -2.4494, 51.6316 ], [ -2.4518, 51.6286 ], [ -2.4521, 51.6278 ], [ -2.4529, 51.6258 ], [ -2.4515, 51.6234 ], [ -2.4524, 51.622 ], [ -2.4519, 51.6199 ], [ -2.4521, 51.6172 ], [ -2.4507, 51.6163 ], [ -2.4506, 51.6155 ], [ -2.4523, 51.6137 ], [ -2.4513, 51.613 ], [ -2.4497, 51.614 ], [ -2.4474, 51.6136 ], [ -2.4466, 51.6122 ], [ -2.4451, 51.6122 ], [ -2.4401, 51.6131 ], [ -2.4382, 51.6101 ], [ -2.4377, 51.6071 ], [ -2.4385, 51.6035 ], [ -2.4402, 51.6002 ], [ -2.4448, 51.5951 ], [ -2.4471, 51.5932 ], [ -2.4516, 51.5854 ], [ -2.4491, 51.5836 ], [ -2.4478, 51.5811 ], [ -2.4483, 51.5786 ], [ -2.4499, 51.5763 ], [ -2.4502, 51.5741 ], [ -2.4483, 51.5722 ], [ -2.4466, 51.5698 ], [ -2.4468, 51.5678 ], [ -2.449, 51.5648 ], [ -2.4503, 51.5622 ], [ -2.4552, 51.5551 ], [ -2.4569, 51.5536 ], [ -2.4577, 51.5522 ], [ -2.4593, 51.5513 ], [ -2.4596, 51.5511 ], [ -2.4607, 51.5504 ], [ -2.4611, 51.5489 ], [ -2.4678, 51.5505 ], [ -2.468, 51.549 ], [ -2.4698, 51.5485 ], [ -2.4748, 51.5481 ], [ -2.4781, 51.5471 ], [ -2.4818, 51.5453 ], [ -2.4837, 51.5433 ], [ -2.4856, 51.5429 ], [ -2.4889, 51.5405 ], [ -2.4896, 51.539 ], [ -2.4914, 51.5376 ], [ -2.4964, 51.5352 ], [ -2.4979, 51.5332 ], [ -2.5032, 51.5298 ], [ -2.5038, 51.5284 ], [ -2.5048, 51.5271 ], [ -2.5084, 51.5243 ], [ -2.5093, 51.5225 ], [ -2.5104, 51.5192 ], [ -2.5119, 51.5187 ], [ -2.5124, 51.5168 ], [ -2.5119, 51.5156 ], [ -2.5115, 51.514 ], [ -2.513, 51.5122 ], [ -2.5131, 51.5105 ] ] } },
{ "type": "Feature", "properties": { "linetype": 1 }, "geometry": { "type": "LineString", "coordinates": [ [ -2.2437, 51.8665 ], [ -2.2414, 51.8705 ], [ -2.2392, 51.8797 ], [ -2.2396, 51.8817 ], [ -2.2376, 51.8828 ], [ -2.231, 51.8937 ], [ -2.2258, 51.8962 ], [ -2.2243, 51.8983 ], [ -2.2213, 51.9001 ], [ -2.2206, 51.9003 ], [ -2.2186, 51.9009 ], [ -2.2154, 51.9024 ], [ -2.2138, 51.9042 ], [ -2.2133, 51.906 ], [ -2.2124, 51.9093 ], [ -2.2125, 51.912 ], [ -2.2109, 51.9139 ], [ -2.2104, 51.9154 ], [ -2.2015, 51.9171 ], [ -2.2002, 51.9183 ], [ -2.1998, 51.9199 ], [ -2.1982, 51.9211 ], [ -2.196, 51.9212 ], [ -2.1923, 51.9224 ], [ -2.1919, 51.9226 ], [ -2.184, 51.9285 ], [ -2.1807, 51.9315 ], [ -2.1765, 51.933 ], [ -2.1742, 51.9339 ], [ -2.1723, 51.9352 ], [ -2.1692, 51.9369 ], [ -2.1655, 51.9398 ], [ -2.1637, 51.9417 ], [ -2.1624, 51.9455 ], [ -2.1591, 51.9488 ], [ -2.1586, 51.9514 ], [ -2.1582, 51.9534 ], [ -2.1582, 51.9548 ], [ -2.1562, 51.9605 ], [ -2.1579, 51.9623 ], [ -2.1582, 51.9646 ], [ -2.1573, 51.9678 ], [ -2.1561, 51.9712 ], [ -2.1559, 51.9744 ], [ -2.1549, 51.9782 ], [ -2.1554, 51.9815 ], [ -2.1565, 51.9823 ], [ -2.1628, 51.9862 ], [ -2.1639, 51.9879 ], [ -2.1629, 51.9898 ], [ -2.1615, 51.9909 ], [ -2.1597, 51.9913 ], [ -2.1575, 51.9924 ], [ -2.1564, 51.9951 ], [ -2.1553, 51.9969 ], [ -2.1562, 51.9975 ], [ -2.1602, 52.0009 ], [ -2.1613, 52.0019 ], [ -2.1617, 52.0033 ], [ -2.1618, 52.0035 ], [ -2.162, 52.0048 ], [ -2.1628, 52.0049 ], [ -2.1646, 52.0052 ], [ -2.1655, 52.0057 ], [ -2.167, 52.0081 ], [ -2.1688, 52.0107 ], [ -2.1723, 52.0129 ], [ -2.1732, 52.014 ], [ -2.1731, 52.0152 ], [ -2.1747, 52.0195 ], [ -2.1748, 52.0223 ], [ -2.1785, 52.0261 ], [ -2.1828, 52.0307 ], [ -2.1873, 52.0352 ], [ -2.1895, 52.0385 ], [ -2.1845, 52.0383 ], [ -2.1844, 52.0414 ], [ -2.1836, 52.0432 ], [ -2.1848, 52.0451 ], [ -2.1861, 52.0464 ], [ -2.1869, 52.048 ], [ -2.1878, 52.0532 ], [ -2.1927, 52.0571 ], [ -2.1935, 52.0615 ], [ -2.1952, 52.0632 ], [ -2.1958, 52.0655 ], [ -2.1954, 52.0668 ], [ -2.1956, 52.0692 ], [ -2.1985, 52.0706 ], [ -2.2004, 52.0739 ], [ -2.1996, 52.0764 ], [ -2.2014, 52.0777 ], [ -2.2031, 52.0869 ], [ -2.2031, 52.0898 ], [ -2.2072, 52.0916 ], [ -2.2077, 52.0924 ], [ -2.2077, 52.0934 ], [ -2.2098, 52.0947 ], [ -2.2102, 52.0959 ], [ -2.2087, 52.0971 ], [ -2.2093, 52.0979 ], [ -2.2121, 52.0996 ], [ -2.2133, 52.101 ], [ -2.2165, 52.1028 ], [ -2.2179, 52.1036 ], [ -2.2185, 52.1046 ], [ -2.2195, 52.1063 ], [ -2.2209, 52.1124 ], [ -2.2208, 52.1141 ], [ -2.2232, 52.119 ], [ -2.2237, 52.1213 ], [ -2.2224, 52.1228 ], [ -2.2188, 52.1239 ], [ -2.2175, 52.1266 ], [ -2.2156, 52.1291 ], [ -2.2146, 52.1312 ], [ -2.2151, 52.1332 ], [ -2.2152, 52.1359 ], [ -2.2169, 52.1389 ], [ -2.2179, 52.1405 ], [ -2.2153, 52.146 ], [ -2.2158, 52.1495 ], [ -2.2165, 52.151 ], [ -2.2157, 52.1555 ], [ -2.2142, 52.1588 ], [ -2.2163, 52.1614 ], [ -2.2164, 52.1663 ], [ -2.2144, 52.1685 ], [ -2.2141, 52.1689 ], [ -2.213, 52.1707 ], [ -2.2127, 52.1742 ], [ -2.2155, 52.1796 ], [ -2.2157, 52.1798 ], [ -2.2176, 52.1818 ], [ -2.2184, 52.1854 ], [ -2.2166, 52.1871 ] ] } },
{ "type": "Feature", "properties": { "linetype": 1 }, "geometry": { "type": "LineString", "coordinates": [ [ -2.4685, 50.6574 ], [ -2.4732, 50.6575 ], [ -2.4749, 50.6619 ], [ -2.4766, 50.6637 ], [ -2.4805, 50.6653 ], [ -2.4818, 50.6675 ], [ -2.4827, 50.6713 ], [ -2.4816, 50.6739 ], [ -2.4778, 50.6768 ], [ -2.4794, 50.6786 ], [ -2.485, 50.6822 ], [ -2.484, 50.689 ], [ -2.4833, 50.6905 ], [ -2.488, 50.693 ], [ -2.4902, 50.6964 ], [ -2.4939, 50.6981 ], [ -2.5013, 50.6991 ], [ -2.5095, 50.6996 ], [ -2.5086, 50.7009 ], [ -2.5139, 50.7031 ], [ -2.514, 50.7042 ], [ -2.5189, 50.7053 ], [ -2.5217, 50.7063 ], [ -2.5271, 50.7065 ], [ -2.5302, 50.707 ], [ -2.5304, 50.707 ], [ -2.532, 50.7079 ], [ -2.5355, 50.7104 ], [ -2.5347, 50.7114 ], [ -2.5309, 50.7139 ], [ -2.5295, 50.7165 ], [ -2.529, 50.7183 ], [ -2.5254, 50.7212 ], [ -2.5233, 50.7242 ], [ -2.5216, 50.7262 ], [ -2.5199, 50.7305 ], [ -2.5158, 50.7337 ], [ -2.5127, 50.7371 ], [ -2.5106, 50.7373 ], [ -2.5086, 50.7404 ], [ -2.5084, 50.7439 ], [ -2.5118, 50.745 ], [ -2.5126, 50.7462 ], [ -2.5115, 50.7476 ], [ -2.513, 50.7498 ], [ -2.5161, 50.7501 ], [ -2.5193, 50.7515 ], [ -2.5246, 50.7518 ], [ -2.5307, 50.753 ], [ -2.5331, 50.7536 ], [ -2.5348, 50.754 ], [ -2.5377, 50.7555 ], [ -2.5392, 50.757 ], [ -2.5411, 50.7584 ], [ -2.5439, 50.7594 ], [ -2.5464, 50.7599 ], [ -2.5487, 50.761 ], [ -2.5509, 50.7613 ], [ -2.5549, 50.7629 ], [ -2.5567, 50.7641 ], [ -2.5584, 50.7654 ], [ -2.5597, 50.766 ], [ -2.5611, 50.7682 ], [ -2.5632, 50.7699 ], [ -2.5637, 50.7714 ], [ -2.5648, 50.7736 ], [ -2.5649, 50.7737 ], [ -2.5679, 50.776 ], [ -2.5698, 50.7766 ], [ -2.57, 50.7767 ], [ -2.5726, 50.7777 ], [ -2.5737, 50.7773 ], [ -2.5753, 50.7775 ], [ -2.5809, 50.7778 ], [ -2.5836, 50.779 ], [ -2.5872, 50.7799 ], [ -2.5918, 50.7799 ], [ -2.6005, 50.7819 ], [ -2.608, 50.7836 ], [ -2.6169, 50.7868 ], [ -2.6191, 50.7882 ], [ -2.6219, 50.7925 ], [ -2.6226, 50.7955 ], [ -2.628, 50.8012 ], [ -2.6321, 50.8052 ], [ -2.6333, 50.8064 ], [ -2.6409, 50.8091 ], [ -2.652, 50.8132 ], [ -2.6559, 50.8159 ], [ -2.6617, 50.8199 ], [ -2.6692, 50.8229 ], [ -2.6779, 50.8257 ], [ -2.6865, 50.8282 ], [ -2.6902, 50.831 ], [ -2.6921, 50.8324 ], [ -2.6965, 50.8352 ], [ -2.7105, 50.8419 ], [ -2.7145, 50.8438 ], [ -2.7191, 50.8472 ], [ -2.7224, 50.8495 ], [ -2.7234, 50.8509 ], [ -2.7234, 50.8525 ], [ -2.7266, 50.8532 ], [ -2.7276, 50.8548 ], [ -2.7319, 50.8564 ], [ -2.7337, 50.8577 ], [ -2.7373, 50.8576 ], [ -2.7399, 50.8581 ], [ -2.7446, 50.8575 ], [ -2.7491, 50.8574 ], [ -2.7503, 50.858 ], [ -2.7516, 50.8581 ], [ -2.7524, 50.8578 ], [ -2.7527, 50.8579 ], [ -2.7536, 50.8581 ], [ -2.7536, 50.8585 ], [ -2.7538, 50.8592 ], [ -2.7552, 50.8605 ], [ -2.7614, 50.8655 ], [ -2.7642, 50.8671 ], [ -2.7674, 50.8681 ], [ -2.7708, 50.8694 ], [ -2.7729, 50.8702 ], [ -2.7746, 50.8701 ], [ -2.7763, 50.8708 ], [ -2.7783, 50.8712 ], [ -2.779, 50.8744 ], [ -2.7791, 50.8746 ], [ -2.7796, 50.8769 ], [ -2.7815, 50.8786 ], [ -2.7894, 50.8812 ], [ -2.7941, 50.8827 ], [ -2.7959, 50.8831 ] ] } },
{ "type": "Feature", "properties": { "linetype": 1 }, "geometry": { "type": "LineString", "coordinates": [ [ -2.7956, 50.8851 ], [ -2.7961, 50.887 ], [ -2.7956, 50.8898 ], [ -2.7943, 50.8912 ], [ -2.794, 50.8927 ], [ -2.7899, 50.8982 ], [ -2.7884, 50.9 ], [ -2.7822, 50.9057 ], [ -2.7762, 50.9101 ], [ -2.7736, 50.9103 ], [ -2.7726, 50.9119 ], [ -2.7733, 50.9139 ], [ -2.773, 50.9162 ], [ -2.768, 50.9162 ], [ -2.7641, 50.9167 ], [ -2.7614, 50.917 ], [ -2.7606, 50.9173 ], [ -2.7593, 50.9179 ], [ -2.758, 50.9186 ], [ -2.757, 50.9204 ], [ -2.7564, 50.9221 ], [ -2.7564, 50.9228 ], [ -2.756, 50.9238 ], [ -2.7581, 50.9263 ], [ -2.7588, 50.9271 ], [ -2.7604, 50.9283 ], [ -2.7616, 50.9286 ], [ -2.7642, 50.9311 ], [ -2.7655, 50.9323 ], [ -2.7655, 50.9343 ], [ -2.765, 50.9364 ], [ -2.7647, 50.94 ], [ -2.767, 50.9426 ], [ -2.7709, 50.948 ], [ -2.774, 50.9503 ], [ -2.769, 50.9527 ], [ -2.7688, 50.9535 ], [ -2.7723, 50.9548 ], [ -2.7739, 50.9562 ], [ -2.7741, 50.9575 ], [ -2.7753, 50.9578 ], [ -2.7746, 50.9596 ], [ -2.7745, 50.9608 ], [ -2.7753, 50.963 ], [ -2.7746, 50.9639 ], [ -2.7734, 50.9673 ], [ -2.7694, 50.9672 ], [ -2.7688, 50.969 ], [ -2.7666, 50.9706 ], [ -2.7676, 50.9766 ], [ -2.7662, 50.9807 ], [ -2.7656, 50.9825 ], [ -2.7663, 50.9844 ], [ -2.7664, 50.9865 ], [ -2.7652, 50.9886 ], [ -2.7656, 50.99 ], [ -2.7678, 50.9908 ], [ -2.7682, 50.9945 ], [ -2.7669, 50.9983 ], [ -2.7634, 51.0058 ], [ -2.7613, 51.0111 ], [ -2.7593, 51.0139 ], [ -2.759, 51.0163 ], [ -2.7575, 51.0196 ], [ -2.7577, 51.0225 ], [ -2.7592, 51.0242 ], [ -2.7588, 51.0258 ], [ -2.7588, 51.0277 ], [ -2.758, 51.0293 ], [ -2.7526, 51.0284 ], [ -2.7509, 51.0321 ], [ -2.7512, 51.0349 ], [ -2.7518, 51.0375 ], [ -2.7447, 51.0402 ], [ -2.7445, 51.0442 ], [ -2.7432, 51.0442 ], [ -2.7432, 51.0458 ], [ -2.7425, 51.0476 ], [ -2.7392, 51.0492 ], [ -2.7396, 51.0507 ], [ -2.7385, 51.0512 ], [ -2.7373, 51.0522 ], [ -2.7344, 51.0534 ], [ -2.733, 51.0537 ], [ -2.7308, 51.0536 ], [ -2.728, 51.0536 ], [ -2.7275, 51.0549 ], [ -2.7249, 51.0551 ], [ -2.7236, 51.0551 ], [ -2.7213, 51.0556 ], [ -2.7208, 51.0581 ], [ -2.7225, 51.0586 ], [ -2.7237, 51.0608 ], [ -2.7253, 51.0614 ], [ -2.7268, 51.0634 ], [ -2.7283, 51.067 ], [ -2.7268, 51.0701 ], [ -2.7261, 51.0707 ], [ -2.7254, 51.0713 ], [ -2.7238, 51.0733 ], [ -2.7224, 51.0745 ], [ -2.7226, 51.0759 ], [ -2.7241, 51.079 ], [ -2.7245, 51.0808 ], [ -2.7256, 51.0824 ], [ -2.7276, 51.0835 ], [ -2.7285, 51.0851 ], [ -2.7287, 51.089 ], [ -2.7295, 51.091 ], [ -2.7319, 51.0949 ], [ -2.7342, 51.0973 ], [ -2.7362, 51.0992 ], [ -2.7364, 51.1042 ], [ -2.7379, 51.1069 ], [ -2.7365, 51.1097 ], [ -2.7372, 51.1113 ], [ -2.7399, 51.1147 ], [ -2.7405, 51.1148 ], [ -2.7412, 51.1149 ], [ -2.741, 51.1154 ], [ -2.7408, 51.1161 ], [ -2.7413, 51.1186 ], [ -2.7424, 51.1186 ], [ -2.7428, 51.1204 ], [ -2.7433, 51.121 ], [ -2.7456, 51.1214 ], [ -2.7468, 51.1215 ], [ -2.747, 51.1231 ] ] } },
{ "type": "Feature", "properties": { "linetype": 1 }, "geometry": { "type": "LineString", "coordinates": [ [ -1.5061, 52.4069 ], [ -1.5027, 52.4066 ], [ -1.4998, 52.4069 ], [ -1.4926, 52.4084 ], [ -1.4894, 52.4071 ], [ -1.4869, 52.4065 ], [ -1.485, 52.4062 ], [ -1.4764, 52.4064 ], [ -1.4735, 52.4071 ], [ -1.4713, 52.4072 ], [ -1.4594, 52.4043 ], [ -1.4575, 52.4032 ], [ -1.4543, 52.403 ], [ -1.4467, 52.4025 ], [ -1.4424, 52.3993 ], [ -1.4375, 52.3971 ], [ -1.4316, 52.3956 ], [ -1.4221, 52.3947 ], [ -1.4102, 52.3926 ], [ -1.4042, 52.3904 ], [ -1.4008, 52.3857 ], [ -1.3984, 52.3842 ], [ -1.3957, 52.386 ], [ -1.3927, 52.3848 ], [ -1.3887, 52.3857 ], [ -1.3848, 52.3874 ], [ -1.3818, 52.3876 ], [ -1.3706, 52.391 ], [ -1.3704, 52.3891 ], [ -1.3709, 52.387 ], [ -1.3658, 52.3863 ], [ -1.3613, 52.3848 ], [ -1.3562, 52.3842 ], [ -1.3421, 52.3816 ], [ -1.3405, 52.3813 ], [ -1.3386, 52.3806 ], [ -1.3358, 52.3792 ], [ -1.3343, 52.379 ], [ -1.3299, 52.3786 ], [ -1.3196, 52.378 ], [ -1.3148, 52.3771 ], [ -1.3112, 52.3767 ], [ -1.3082, 52.3761 ], [ -1.3057, 52.3758 ], [ -1.3019, 52.3759 ], [ -1.2977, 52.3755 ], [ -1.2953, 52.3756 ], [ -1.2923, 52.376 ], [ -1.2894, 52.3757 ], [ -1.2871, 52.3757 ], [ -1.2807, 52.3751 ], [ -1.2771, 52.3738 ], [ -1.2749, 52.3726 ], [ -1.2707, 52.372 ], [ -1.2683, 52.3716 ], [ -1.2663, 52.3711 ], [ -1.2635, 52.3708 ], [ -1.2624, 52.3721 ], [ -1.262, 52.373 ], [ -1.26, 52.373 ], [ -1.2586, 52.3722 ], [ -1.2554, 52.3717 ], [ -1.2517, 52.3708 ], [ -1.2489, 52.3708 ], [ -1.2468, 52.3698 ], [ -1.2391, 52.3662 ], [ -1.2319, 52.3661 ], [ -1.2296, 52.3651 ], [ -1.2265, 52.365 ], [ -1.2252, 52.3653 ], [ -1.2228, 52.3658 ], [ -1.2195, 52.3654 ], [ -1.2183, 52.3646 ], [ -1.2174, 52.3636 ], [ -1.2162, 52.3622 ] ] } },
{ "type": "Feature", "properties": { "linetype": 1 }, "geometry": { "type": "LineString", "coordinates": [ [ -0.8974, 52.2366 ], [ -0.9075, 52.2367 ], [ -0.9109, 52.2362 ], [ -0.9124, 52.2368 ], [ -0.9138, 52.2383 ], [ -0.915, 52.2393 ], [ -0.9162, 52.2414 ], [ -0.9205, 52.2444 ], [ -0.924, 52.2471 ], [ -0.9327, 52.2511 ], [ -0.9344, 52.2519 ], [ -0.9406, 52.2554 ], [ -0.9491, 52.2584 ], [ -0.9546, 52.2608 ], [ -0.9572, 52.2644 ], [ -0.9618, 52.2703 ], [ -0.9661, 52.2739 ], [ -0.967, 52.2746 ], [ -0.9677, 52.275 ], [ -0.9713, 52.2768 ], [ -0.9721, 52.2772 ], [ -0.9808, 52.2774 ], [ -0.9859, 52.277 ], [ -0.9897, 52.2758 ], [ -0.9922, 52.2739 ], [ -0.9952, 52.2731 ], [ -0.9974, 52.2726 ], [ -0.9991, 52.2725 ], [ -1.0089, 52.2757 ], [ -1.0132, 52.2807 ], [ -1.0161, 52.2814 ], [ -1.023, 52.2813 ], [ -1.0248, 52.2833 ], [ -1.0249, 52.2842 ], [ -1.025, 52.2858 ], [ -1.0302, 52.2874 ], [ -1.0368, 52.2891 ], [ -1.0434, 52.2906 ], [ -1.0542, 52.2918 ], [ -1.0636, 52.295 ], [ -1.0675, 52.2969 ], [ -1.0729, 52.2989 ], [ -1.077, 52.3001 ], [ -1.0789, 52.3017 ], [ -1.0802, 52.3024 ], [ -1.083, 52.303 ], [ -1.0836, 52.3038 ], [ -1.0856, 52.3039 ], [ -1.0871, 52.3041 ], [ -1.0885, 52.3051 ], [ -1.0919, 52.3058 ], [ -1.0937, 52.3046 ], [ -1.0961, 52.3038 ], [ -1.0987, 52.3073 ], [ -1.1008, 52.3088 ], [ -1.1055, 52.3113 ], [ -1.1086, 52.3129 ], [ -1.1109, 52.3136 ], [ -1.1131, 52.3141 ], [ -1.1126, 52.3151 ], [ -1.1124, 52.3157 ], [ -1.1158, 52.3168 ], [ -1.121, 52.3185 ], [ -1.1237, 52.3191 ], [ -1.1275, 52.3201 ], [ -1.1324, 52.3223 ], [ -1.1361, 52.3232 ], [ -1.1391, 52.3233 ], [ -1.1418, 52.3244 ], [ -1.1432, 52.3262 ], [ -1.1458, 52.3261 ], [ -1.1498, 52.3277 ], [ -1.1568, 52.3305 ], [ -1.1612, 52.3319 ], [ -1.1702, 52.3335 ], [ -1.1739, 52.3339 ], [ -1.1739, 52.3341 ], [ -1.1734, 52.3358 ], [ -1.1738, 52.3374 ], [ -1.1771, 52.3375 ], [ -1.1785, 52.3374 ], [ -1.181, 52.338 ], [ -1.1866, 52.3392 ], [ -1.1934, 52.3452 ], [ -1.2018, 52.3513 ], [ -1.2023, 52.3518 ], [ -1.2053, 52.3548 ], [ -1.206, 52.3567 ], [ -1.2131, 52.3579 ], [ -1.2128, 52.3612 ], [ -1.2162, 52.3622 ] ] } },
{ "type": "Feature", "properties": { "linetype": 1 }, "geometry": { "type": "LineString", "coordinates": [ [ -0.8964, 52.2381 ], [ -0.896, 52.2382 ], [ -0.8958, 52.2376 ], [ -0.8928, 52.2385 ], [ -0.889, 52.2398 ], [ -0.8824, 52.2413 ], [ -0.875, 52.2421 ], [ -0.8721, 52.2438 ], [ -0.8707, 52.2453 ], [ -0.8701, 52.246 ], [ -0.8681, 52.2491 ], [ -0.8665, 52.2496 ], [ -0.8633, 52.2498 ], [ -0.8602, 52.2505 ], [ -0.8568, 52.2506 ], [ -0.8505, 52.2514 ], [ -0.8471, 52.2522 ], [ -0.8447, 52.2526 ], [ -0.8376, 52.2537 ], [ -0.8296, 52.2564 ], [ -0.8285, 52.2571 ], [ -0.8252, 52.2594 ], [ -0.8187, 52.2612 ], [ -0.815, 52.262 ], [ -0.8131, 52.2614 ], [ -0.8089, 52.2616 ], [ -0.8012, 52.2631 ], [ -0.7917, 52.2656 ], [ -0.7902, 52.2667 ], [ -0.7858, 52.2679 ], [ -0.7827, 52.2681 ], [ -0.7797, 52.268 ], [ -0.7745, 52.2688 ], [ -0.7716, 52.2703 ], [ -0.7689, 52.271 ], [ -0.7664, 52.2713 ], [ -0.7583, 52.2734 ], [ -0.7519, 52.2744 ], [ -0.7465, 52.2759 ], [ -0.7442, 52.2782 ], [ -0.7366, 52.2812 ], [ -0.7356, 52.2818 ], [ -0.7319, 52.2833 ], [ -0.7308, 52.2849 ], [ -0.7298, 52.2855 ], [ -0.729, 52.2864 ], [ -0.7271, 52.2874 ], [ -0.7242, 52.2886 ], [ -0.7215, 52.2899 ], [ -0.7194, 52.2914 ], [ -0.7187, 52.2927 ], [ -0.7132, 52.2955 ], [ -0.7087, 52.2988 ], [ -0.6977, 52.3007 ], [ -0.6958, 52.3016 ], [ -0.6936, 52.3011 ], [ -0.6922, 52.2997 ], [ -0.6909, 52.2993 ], [ -0.6891, 52.2976 ], [ -0.6855, 52.2941 ], [ -0.6846, 52.2926 ], [ -0.6823, 52.2903 ], [ -0.6805, 52.2891 ], [ -0.6798, 52.2883 ], [ -0.6754, 52.289 ], [ -0.6722, 52.2888 ], [ -0.6695, 52.289 ], [ -0.665, 52.2885 ], [ -0.6614, 52.2879 ], [ -0.6581, 52.2883 ], [ -0.6536, 52.2896 ], [ -0.6475, 52.2932 ], [ -0.6389, 52.2947 ], [ -0.6365, 52.2949 ], [ -0.6268, 52.2976 ], [ -0.6241, 52.2994 ], [ -0.6202, 52.3002 ], [ -0.6105, 52.3015 ], [ -0.607, 52.3017 ], [ -0.6025, 52.3022 ], [ -0.5965, 52.3023 ], [ -0.595, 52.3045 ], [ -0.5935, 52.3058 ], [ -0.5928, 52.3058 ], [ -0.5912, 52.3058 ], [ -0.5908, 52.307 ], [ -0.5903, 52.3095 ], [ -0.5871, 52.3091 ], [ -0.5848, 52.3076 ], [ -0.5806, 52.3059 ], [ -0.5773, 52.3042 ], [ -0.5763, 52.3034 ], [ -0.5745, 52.3019 ], [ -0.5731, 52.3004 ], [ -0.571, 52.2997 ], [ -0.5673, 52.2995 ], [ -0.5647, 52.2979 ], [ -0.5562, 52.2965 ], [ -0.5512, 52.295 ], [ -0.5434, 52.2928 ], [ -0.5408, 52.2916 ], [ -0.523, 52.2882 ], [ -0.5135, 52.2848 ], [ -0.5058, 52.2873 ], [ -0.5032, 52.2874 ], [ -0.498, 52.2858 ], [ -0.4961, 52.2855 ], [ -0.4885, 52.2836 ], [ -0.4727, 52.281 ], [ -0.4614, 52.281 ], [ -0.4592, 52.2808 ], [ -0.4548, 52.281 ], [ -0.4516, 52.2804 ], [ -0.4478, 52.2797 ], [ -0.4476, 52.2801 ], [ -0.4466, 52.2804 ], [ -0.4445, 52.2815 ], [ -0.4415, 52.2806 ], [ -0.4403, 52.2809 ], [ -0.4355, 52.282 ], [ -0.4311, 52.2805 ], [ -0.4191, 52.2809 ], [ -0.4123, 52.2791 ], [ -0.4094, 52.2789 ], [ -0.408, 52.2793 ], [ -0.4044, 52.2762 ], [ -0.4038, 52.2752 ], [ -0.4031, 52.2739 ], [ -0.4017, 52.2729 ], [ -0.4001, 52.2727 ], [ -0.3992, 52.2705 ], [ -0.3981, 52.27 ], [ -0.3941, 52.266 ], [ -0.3922, 52.2657 ], [ -0.3878, 52.2657 ], [ -0.3857, 52.2661 ], [ -0.3825, 52.2661 ], [ -0.3785, 52.2653 ], [ -0.3751, 52.2651 ], [ -0.3706, 52.265 ], [ -0.3672, 52.265 ], [ -0.3641, 52.2654 ], [ -0.3606, 52.2664 ], [ -0.3597, 52.2672 ], [ -0.3568, 52.2679 ], [ -0.3562, 52.2685 ], [ -0.355, 52.2689 ], [ -0.3546, 52.269 ], [ -0.3496, 52.2682 ], [ -0.3456, 52.268 ] ] } },
{ "type": "Feature", "properties": { "linetype": 1 }, "geometry": { "type": "LineString", "coordinates": [ [ -0.2828, 52.2362 ], [ -0.278, 52.2343 ], [ -0.2768, 52.2335 ], [ -0.2763, 52.2318 ], [ -0.277, 52.2282 ], [ -0.2771, 52.2274 ], [ -0.276, 52.2268 ], [ -0.2722, 52.2275 ], [ -0.2704, 52.2276 ], [ -0.2664, 52.2282 ], [ -0.2621, 52.2277 ], [ -0.2589, 52.228 ], [ -0.2571, 52.2278 ], [ -0.2559, 52.2281 ], [ -0.2529, 52.2279 ], [ -0.249, 52.2274 ], [ -0.2414, 52.2272 ], [ -0.2346, 52.2258 ], [ -0.2303, 52.2248 ], [ -0.2274, 52.2246 ], [ -0.2234, 52.2252 ], [ -0.2233, 52.2252 ], [ -0.2232, 52.2252 ], [ -0.2179, 52.2238 ], [ -0.2131, 52.2229 ], [ -0.2077, 52.2223 ], [ -0.2059, 52.2241 ], [ -0.2053, 52.2243 ], [ -0.2047, 52.2244 ], [ -0.1987, 52.224 ], [ -0.1941, 52.2245 ], [ -0.1899, 52.2258 ], [ -0.1828, 52.2252 ], [ -0.1737, 52.2243 ], [ -0.1671, 52.224 ], [ -0.1645, 52.2227 ], [ -0.1572, 52.2221 ], [ -0.1551, 52.2224 ], [ -0.1443, 52.2211 ], [ -0.1419, 52.221 ], [ -0.1395, 52.2216 ], [ -0.1383, 52.2226 ], [ -0.1355, 52.225 ], [ -0.1291, 52.2274 ], [ -0.1165, 52.2278 ], [ -0.1035, 52.2288 ], [ -0.0976, 52.229 ], [ -0.0915, 52.2289 ], [ -0.0854, 52.2286 ], [ -0.0826, 52.2278 ], [ -0.075, 52.2264 ], [ -0.0635, 52.2244 ], [ -0.0606, 52.2239 ], [ -0.051, 52.2222 ], [ -0.0422, 52.2208 ], [ -0.0352, 52.2201 ], [ -0.0278, 52.2199 ], [ -0.0275, 52.2199 ], [ -0.0182, 52.2188 ], [ -0.0123, 52.2186 ], [ -0.0059, 52.219 ], [ 0.0015, 52.2187 ], [ 0.0095, 52.2179 ], [ 0.0181, 52.2167 ], [ 0.0314, 52.2162 ], [ 0.0374, 52.2154 ], [ 0.0467, 52.2152 ], [ 0.0508, 52.2147 ], [ 0.0534, 52.2153 ], [ 0.0595, 52.2155 ], [ 0.0634, 52.2144 ], [ 0.0665, 52.2148 ], [ 0.0731, 52.215 ], [ 0.0828, 52.2135 ], [ 0.0874, 52.2134 ], [ 0.0902, 52.2128 ], [ 0.0922, 52.2126 ], [ 0.0963, 52.2121 ], [ 0.099, 52.2119 ], [ 0.1021, 52.2115 ], [ 0.105, 52.2113 ], [ 0.1085, 52.2108 ], [ 0.11, 52.2105 ], [ 0.1113, 52.21 ], [ 0.1128, 52.2105 ], [ 0.1147, 52.2106 ] ] } },
{ "type": "Feature", "properties": { "linetype": 1 }, "geometry": { "type": "LineString", "coordinates": [ [ -2.9357, 54.8945 ], [ -2.9363, 54.9002 ], [ -2.9376, 54.9016 ], [ -2.9381, 54.9103 ], [ -2.9386, 54.9108 ], [ -2.9414, 54.9133 ], [ -2.944, 54.9218 ], [ -2.9469, 54.9299 ], [ -2.9465, 54.9322 ], [ -2.9435, 54.9454 ], [ -2.9431, 54.9502 ], [ -2.9342, 54.962 ], [ -2.9357, 54.9669 ], [ -2.9311, 54.9701 ], [ -2.9297, 54.9726 ], [ -2.9266, 54.9727 ], [ -2.9285, 54.9758 ], [ -2.9264, 54.9771 ], [ -2.923, 54.9778 ], [ -2.9153, 54.9847 ], [ -2.9193, 54.9883 ], [ -2.916, 54.9903 ], [ -2.9163, 54.9921 ], [ -2.9164, 54.9928 ], [ -2.9153, 54.9934 ], [ -2.9119, 54.9939 ], [ -2.9099, 54.9945 ], [ -2.908, 54.9948 ], [ -2.906, 54.9965 ], [ -2.9026, 54.9959 ], [ -2.902, 54.9958 ], [ -2.9005, 54.9957 ], [ -2.8979, 54.9966 ], [ -2.895, 54.998 ], [ -2.8932, 55.0004 ], [ -2.8934, 55.0028 ], [ -2.8919, 55.0071 ], [ -2.8861, 55.0121 ], [ -2.8872, 55.0147 ], [ -2.8673, 55.019 ], [ -2.8611, 55.0214 ], [ -2.8634, 55.0242 ], [ -2.8631, 55.0261 ], [ -2.8668, 55.0309 ], [ -2.8692, 55.0304 ], [ -2.8718, 55.0332 ], [ -2.8778, 55.0346 ], [ -2.8773, 55.036 ], [ -2.8684, 55.0395 ], [ -2.8627, 55.0406 ], [ -2.856, 55.0419 ], [ -2.8542, 55.0423 ], [ -2.8555, 55.0441 ], [ -2.86, 55.0502 ], [ -2.8559, 55.053 ], [ -2.8591, 55.0533 ], [ -2.8636, 55.0548 ], [ -2.8683, 55.0577 ], [ -2.8511, 55.0633 ], [ -2.8508, 55.0635 ], [ -2.8461, 55.066 ], [ -2.8401, 55.067 ], [ -2.8372, 55.0667 ], [ -2.84, 55.0705 ], [ -2.8423, 55.0718 ], [ -2.8469, 55.075 ], [ -2.8478, 55.0756 ], [ -2.8508, 55.0775 ], [ -2.8523, 55.0798 ], [ -2.8487, 55.0826 ], [ -2.8458, 55.0835 ], [ -2.8407, 55.0851 ], [ -2.8374, 55.0877 ], [ -2.8418, 55.0893 ], [ -2.8417, 55.0922 ], [ -2.8421, 55.0958 ], [ -2.8413, 55.0985 ], [ -2.84, 55.0993 ], [ -2.8401, 55.1002 ], [ -2.8413, 55.102 ], [ -2.8411, 55.1031 ], [ -2.8406, 55.1054 ], [ -2.8398, 55.1074 ], [ -2.8375, 55.1093 ], [ -2.8324, 55.1127 ], [ -2.8311, 55.1135 ], [ -2.8303, 55.1141 ], [ -2.8286, 55.1144 ], [ -2.8263, 55.1163 ], [ -2.8236, 55.1193 ], [ -2.8229, 55.1195 ], [ -2.8199, 55.1237 ], [ -2.8199, 55.1244 ], [ -2.8174, 55.1261 ], [ -2.8172, 55.1269 ], [ -2.8165, 55.1278 ], [ -2.8176, 55.129 ], [ -2.8169, 55.1303 ], [ -2.8169, 55.1311 ], [ -2.8169, 55.1316 ], [ -2.8174, 55.1329 ], [ -2.8163, 55.134 ], [ -2.8155, 55.1352 ], [ -2.8152, 55.1356 ], [ -2.8138, 55.1359 ], [ -2.8125, 55.1359 ], [ -2.8118, 55.1363 ], [ -2.8119, 55.137 ], [ -2.8125, 55.1374 ], [ -2.8133, 55.1379 ], [ -2.8129, 55.1384 ], [ -2.8105, 55.1396 ], [ -2.8091, 55.1439 ], [ -2.8078, 55.1485 ], [ -2.8094, 55.1506 ], [ -2.8101, 55.1518 ], [ -2.8109, 55.1532 ], [ -2.81, 55.1562 ], [ -2.8073, 55.1605 ], [ -2.8127, 55.1692 ], [ -2.8137, 55.1712 ], [ -2.8139, 55.1741 ], [ -2.8121, 55.1741 ], [ -2.8071, 55.178 ], [ -2.8068, 55.18 ], [ -2.8044, 55.1819 ], [ -2.8051, 55.1827 ], [ -2.8049, 55.1833 ], [ -2.8047, 55.184 ], [ -2.8043, 55.1841 ], [ -2.8022, 55.1848 ], [ -2.8012, 55.1879 ], [ -2.7982, 55.1907 ], [ -2.7965, 55.1937 ], [ -2.7939, 55.1962 ], [ -2.7929, 55.1975 ], [ -2.791, 55.1969 ], [ -2.7836, 55.198 ], [ -2.7783, 55.1985 ], [ -2.7713, 55.2003 ], [ -2.7677, 55.2019 ], [ -2.7631, 55.2046 ], [ -2.7613, 55.2064 ], [ -2.7587, 55.2078 ], [ -2.7556, 55.2103 ], [ -2.7542, 55.2131 ], [ -2.751, 55.2151 ], [ -2.7473, 55.2168 ], [ -2.7456, 55.2186 ], [ -2.7433, 55.2197 ], [ -2.741, 55.2215 ], [ -2.7385, 55.2227 ], [ -2.7369, 55.224 ], [ -2.7324, 55.2258 ], [ -2.73, 55.2279 ], [ -2.7297, 55.2304 ], [ -2.7307, 55.2323 ], [ -2.7295, 55.2351 ], [ -2.7267, 55.2378 ], [ -2.7217, 55.2408 ], [ -2.7196, 55.2432 ], [ -2.7156, 55.2448 ], [ -2.7095, 55.2511 ], [ -2.7059, 55.2533 ], [ -2.6991, 55.2574 ], [ -2.6929, 55.2601 ], [ -2.6926, 55.2623 ], [ -2.691, 55.2642 ], [ -2.6896, 55.2669 ], [ -2.6897, 55.2693 ], [ -2.6893, 55.2708 ], [ -2.6869, 55.2725 ], [ -2.6834, 55.2735 ], [ -2.6809, 55.2752 ], [ -2.6774, 55.2782 ], [ -2.6727, 55.2814 ], [ -2.6709, 55.2849 ], [ -2.6683, 55.2881 ], [ -2.6677, 55.29 ], [ -2.6658, 55.2919 ], [ -2.6631, 55.2918 ], [ -2.6624, 55.2931 ], [ -2.663, 55.2953 ], [ -2.664, 55.2977 ], [ -2.6627, 55.3008 ], [ -2.6606, 55.3016 ], [ -2.6596, 55.3036 ], [ -2.6596, 55.3061 ], [ -2.6569, 55.3078 ], [ -2.6557, 55.3097 ], [ -2.6563, 55.3115 ], [ -2.6532, 55.3145 ], [ -2.6498, 55.3181 ], [ -2.6467, 55.3234 ], [ -2.645, 55.3249 ], [ -2.6471, 55.3283 ], [ -2.6492, 55.329 ], [ -2.6501, 55.3314 ], [ -2.6485, 55.3325 ], [ -2.6473, 55.3341 ], [ -2.6484, 55.3354 ], [ -2.6507, 55.3377 ], [ -2.6507, 55.3419 ], [ -2.6494, 55.3446 ], [ -2.6464, 55.3468 ], [ -2.6448, 55.3487 ], [ -2.6449, 55.3506 ], [ -2.6468, 55.353 ], [ -2.6484, 55.3577 ], [ -2.6505, 55.3632 ], [ -2.6508, 55.3661 ], [ -2.6494, 55.3695 ], [ -2.6476, 55.3734 ], [ -2.6461, 55.375 ], [ -2.6469, 55.3769 ], [ -2.6458, 55.3794 ], [ -2.6426, 55.3822 ], [ -2.6421, 55.3834 ], [ -2.6427, 55.3846 ], [ -2.6431, 55.3881 ], [ -2.645, 55.389 ], [ -2.6462, 55.391 ], [ -2.6483, 55.3931 ], [ -2.65, 55.3963 ], [ -2.6517, 55.3981 ], [ -2.6494, 55.4022 ], [ -2.6472, 55.4048 ], [ -2.6415, 55.4116 ], [ -2.639, 55.4133 ], [ -2.6347, 55.4167 ], [ -2.6313, 55.4175 ], [ -2.6302, 55.4197 ], [ -2.6279, 55.4223 ], [ -2.6228, 55.4219 ], [ -2.6174, 55.4219 ], [ -2.6078, 55.4325 ], [ -2.6026, 55.4343 ], [ -2.5966, 55.4376 ], [ -2.5947, 55.44 ], [ -2.5903, 55.446 ], [ -2.5895, 55.4494 ], [ -2.589, 55.4516 ], [ -2.576, 55.4672 ], [ -2.5597, 55.4743 ], [ -2.5576, 55.4763 ], [ -2.5563, 55.4772 ], [ -2.5556, 55.4777 ], [ -2.5535, 55.4789 ], [ -2.5526, 55.4801 ], [ -2.5512, 55.4803 ], [ -2.5499, 55.4816 ], [ -2.5479, 55.4833 ], [ -2.5451, 55.4851 ], [ -2.5461, 55.4863 ], [ -2.5462, 55.4864 ], [ -2.5457, 55.4875 ], [ -2.5452, 55.4887 ], [ -2.5454, 55.492 ], [ -2.5462, 55.4964 ], [ -2.5457, 55.4986 ], [ -2.5463, 55.4999 ], [ -2.5456, 55.501 ], [ -2.545, 55.5032 ], [ -2.5437, 55.5053 ], [ -2.5409, 55.5091 ], [ -2.5381, 55.5092 ], [ -2.5311, 55.5104 ], [ -2.5122, 55.5138 ], [ -2.5067, 55.5136 ], [ -2.4995, 55.5133 ], [ -2.4954, 55.5151 ], [ -2.4937, 55.5145 ], [ -2.4927, 55.5149 ], [ -2.4904, 55.5166 ], [ -2.4712, 55.5238 ], [ -2.4703, 55.5286 ], [ -2.4686, 55.5326 ], [ -2.4657, 55.5367 ], [ -2.4639, 55.5383 ], [ -2.4629, 55.5393 ], [ -2.4618, 55.5403 ], [ -2.4632, 55.5414 ], [ -2.4636, 55.5418 ], [ -2.4644, 55.543 ], [ -2.4635, 55.546 ], [ -2.4624, 55.548 ], [ -2.4628, 55.5509 ], [ -2.4633, 55.5525 ], [ -2.4617, 55.556 ], [ -2.4604, 55.5581 ], [ -2.4585, 55.5599 ], [ -2.4591, 55.561 ], [ -2.4592, 55.5625 ], [ -2.4575, 55.5637 ], [ -2.4568, 55.5641 ], [ -2.4568, 55.565 ], [ -2.4571, 55.5651 ], [ -2.4586, 55.5653 ], [ -2.4584, 55.5667 ], [ -2.4564, 55.5713 ], [ -2.4547, 55.5747 ], [ -2.4533, 55.5769 ], [ -2.4486, 55.5807 ], [ -2.4447, 55.5834 ], [ -2.4432, 55.5844 ], [ -2.4396, 55.5875 ], [ -2.4382, 55.5883 ], [ -2.4364, 55.5899 ], [ -2.4357, 55.5913 ], [ -2.4341, 55.5924 ], [ -2.4324, 55.593 ], [ -2.4324, 55.5934 ], [ -2.4336, 55.5931 ], [ -2.4352, 55.5932 ], [ -2.4357, 55.5941 ], [ -2.4329, 55.5956 ], [ -2.4326, 55.5966 ], [ -2.4331, 55.597 ], [ -2.433, 55.5975 ], [ -2.4318, 55.5975 ], [ -2.4285, 55.5985 ], [ -2.4295, 55.5992 ], [ -2.4265, 55.6006 ], [ -2.4213, 55.6033 ], [ -2.4191, 55.6038 ], [ -2.4186, 55.6038 ], [ -2.4175, 55.6047 ], [ -2.4152, 55.6064 ], [ -2.4134, 55.6079 ], [ -2.411, 55.609 ], [ -2.4096, 55.6093 ], [ -2.407, 55.6098 ], [ -2.4028, 55.6116 ], [ -2.399, 55.6148 ], [ -2.3983, 55.6159 ], [ -2.3951, 55.6209 ], [ -2.3927, 55.6231 ], [ -2.3888, 55.6249 ], [ -2.3825, 55.6267 ], [ -2.3741, 55.6312 ], [ -2.3634, 55.638 ], [ -2.3597, 55.6384 ], [ -2.3209, 55.6386 ], [ -2.3045, 55.6422 ], [ -2.292, 55.6421 ], [ -2.2878, 55.6412 ], [ -2.2851, 55.6413 ], [ -2.2815, 55.6407 ], [ -2.2804, 55.6418 ], [ -2.2791, 55.6417 ], [ -2.2785, 55.6403 ], [ -2.2748, 55.6404 ], [ -2.2736, 55.6408 ], [ -2.2567, 55.6415 ], [ -2.2508, 55.6402 ], [ -2.2452, 55.6391 ], [ -2.2398, 55.6394 ], [ -2.237, 55.6395 ], [ -2.2342, 55.6404 ], [ -2.23, 55.6434 ], [ -2.2295, 55.6445 ], [ -2.2281, 55.6469 ], [ -2.2246, 55.6476 ], [ -2.222, 55.6486 ], [ -2.2195, 55.6515 ], [ -2.2182, 55.6536 ], [ -2.2129, 55.6606 ], [ -2.2099, 55.664 ], [ -2.2081, 55.6647 ], [ -2.2054, 55.6667 ], [ -2.2028, 55.6683 ], [ -2.1978, 55.6723 ], [ -2.1941, 55.6761 ], [ -2.1905, 55.6771 ], [ -2.19, 55.681 ], [ -2.1893, 55.6817 ], [ -2.1848, 55.6831 ], [ -2.1812, 55.6832 ], [ -2.1782, 55.684 ], [ -2.1773, 55.6851 ], [ -2.1771, 55.6853 ], [ -2.1762, 55.6871 ], [ -2.1701, 55.6914 ], [ -2.159, 55.697 ], [ -2.1532, 55.6997 ], [ -2.1463, 55.7047 ], [ -2.1423, 55.7069 ], [ -2.1222, 55.7129 ], [ -2.1139, 55.716 ], [ -2.11, 55.7175 ], [ -2.1058, 55.7192 ], [ -2.0984, 55.7232 ], [ -2.0964, 55.7246 ], [ -2.0965, 55.7267 ], [ -2.0924, 55.7304 ], [ -2.0941, 55.7317 ], [ -2.0948, 55.7328 ], [ -2.0923, 55.7341 ], [ -2.0887, 55.7349 ], [ -2.0853, 55.7355 ], [ -2.0851, 55.7355 ], [ -2.0834, 55.7368 ], [ -2.0823, 55.7378 ], [ -2.0811, 55.7389 ], [ -2.0806, 55.7391 ], [ -2.0795, 55.7397 ], [ -2.076, 55.7427 ], [ -2.0746, 55.7439 ], [ -2.0705, 55.7466 ], [ -2.0655, 55.7485 ], [ -2.0533, 55.752 ], [ -2.0505, 55.753 ], [ -2.048, 55.7541 ], [ -2.0437, 55.7552 ], [ -2.0405, 55.756 ], [ -2.0365, 55.7565 ], [ -2.0332, 55.7568 ], [ -2.0303, 55.7575 ], [ -2.0211, 55.7576 ], [ -2.0172, 55.7573 ], [ -2.0128, 55.7605 ], [ -2.0109, 55.761 ] ] } },
{ "type": "Feature", "properties": { "linetype": 1 }, "geometry": { "type": "LineString", "coordinates": [ [ -3.3281, 52.3942 ], [ -3.3285, 52.3946 ], [ -3.3277, 52.3958 ], [ -3.3269, 52.3983 ], [ -3.3252, 52.3995 ], [ -3.324, 52.4002 ], [ -3.3232, 52.4033 ], [ -3.3238, 52.4045 ], [ -3.324, 52.4047 ], [ -3.3244, 52.4049 ], [ -3.3241, 52.4055 ], [ -3.3236, 52.4055 ], [ -3.3226, 52.4054 ], [ -3.3217, 52.4058 ], [ -3.32, 52.4061 ], [ -3.3192, 52.4069 ], [ -3.3195, 52.4077 ], [ -3.3187, 52.409 ], [ -3.3192, 52.4098 ], [ -3.3183, 52.4111 ], [ -3.3167, 52.4129 ], [ -3.3166, 52.4144 ], [ -3.3175, 52.4159 ], [ -3.3166, 52.4172 ], [ -3.315, 52.419 ], [ -3.3139, 52.4217 ], [ -3.3118, 52.4239 ], [ -3.3106, 52.426 ], [ -3.3101, 52.4301 ], [ -3.3092, 52.4309 ], [ -3.3087, 52.4334 ], [ -3.3094, 52.4358 ], [ -3.3093, 52.4364 ], [ -3.3091, 52.4372 ], [ -3.3083, 52.4403 ], [ -3.31, 52.4411 ], [ -3.3106, 52.4413 ], [ -3.3105, 52.4432 ], [ -3.3102, 52.448 ], [ -3.3108, 52.4498 ], [ -3.3104, 52.4516 ], [ -3.3127, 52.4529 ], [ -3.3129, 52.453 ], [ -3.313, 52.4542 ], [ -3.3132, 52.4556 ], [ -3.3134, 52.4558 ], [ -3.3155, 52.4581 ], [ -3.3158, 52.4595 ], [ -3.3148, 52.4606 ], [ -3.3145, 52.4607 ], [ -3.3135, 52.4612 ], [ -3.3078, 52.4673 ], [ -3.3098, 52.4681 ], [ -3.3133, 52.4678 ], [ -3.3151, 52.4674 ], [ -3.318, 52.4676 ], [ -3.3134, 52.4703 ], [ -3.314, 52.4712 ], [ -3.3169, 52.472 ], [ -3.3176, 52.474 ], [ -3.3172, 52.477 ], [ -3.3155, 52.4779 ], [ -3.3159, 52.4808 ], [ -3.3135, 52.4834 ], [ -3.3139, 52.4848 ], [ -3.3129, 52.4859 ], [ -3.3138, 52.4879 ], [ -3.3138, 52.4885 ], [ -3.3137, 52.49 ], [ -3.3129, 52.4921 ], [ -3.3126, 52.493 ], [ -3.3134, 52.4943 ], [ -3.3144, 52.4956 ], [ -3.3158, 52.4963 ], [ -3.316, 52.4973 ], [ -3.3138, 52.4987 ], [ -3.3126, 52.4995 ], [ -3.3136, 52.5005 ], [ -3.314, 52.5008 ], [ -3.3151, 52.5019 ], [ -3.316, 52.5039 ], [ -3.3169, 52.5044 ], [ -3.3187, 52.5069 ], [ -3.3174, 52.5113 ], [ -3.3165, 52.5131 ], [ -3.3155, 52.5141 ], [ -3.315, 52.5143 ], [ -3.3141, 52.5148 ], [ -3.3149, 52.5152 ], [ -3.3168, 52.5171 ], [ -3.3175, 52.5178 ], [ -3.317, 52.518 ], [ -3.3136, 52.5195 ], [ -3.3134, 52.5215 ], [ -3.3131, 52.5223 ], [ -3.3117, 52.5229 ], [ -3.3115, 52.5243 ], [ -3.3139, 52.5293 ], [ -3.3131, 52.53 ], [ -3.3152, 52.5323 ], [ -3.3152, 52.5336 ], [ -3.3164, 52.5359 ], [ -3.3162, 52.538 ], [ -3.3152, 52.5389 ], [ -3.3139, 52.5396 ], [ -3.3147, 52.5402 ], [ -3.3177, 52.5406 ], [ -3.3157, 52.542 ], [ -3.3129, 52.5426 ], [ -3.3127, 52.5433 ], [ -3.3137, 52.5445 ], [ -3.3125, 52.5476 ], [ -3.313, 52.5488 ], [ -3.3181, 52.551 ], [ -3.3187, 52.5517 ], [ -3.3198, 52.5523 ], [ -3.3196, 52.5534 ], [ -3.3207, 52.5548 ], [ -3.3253, 52.5558 ], [ -3.3264, 52.5565 ], [ -3.3258, 52.5582 ], [ -3.3248, 52.5597 ], [ -3.3258, 52.5606 ], [ -3.3279, 52.5613 ], [ -3.3302, 52.562 ], [ -3.3327, 52.5648 ], [ -3.3353, 52.5682 ], [ -3.3363, 52.5714 ], [ -3.3317, 52.5801 ], [ -3.3301, 52.5812 ], [ -3.3294, 52.5827 ], [ -3.3298, 52.5843 ], [ -3.3358, 52.5943 ], [ -3.3366, 52.5986 ], [ -3.3309, 52.6009 ], [ -3.3333, 52.6012 ], [ -3.3369, 52.6017 ], [ -3.3371, 52.6067 ], [ -3.3358, 52.6078 ], [ -3.3335, 52.6086 ], [ -3.3316, 52.6113 ], [ -3.3301, 52.6117 ], [ -3.3292, 52.6133 ], [ -3.3308, 52.6137 ], [ -3.3307, 52.6158 ], [ -3.3299, 52.6169 ], [ -3.3296, 52.6219 ], [ -3.3306, 52.623 ], [ -3.3318, 52.6238 ], [ -3.3318, 52.626 ], [ -3.3295, 52.6286 ], [ -3.3296, 52.6319 ], [ -3.3282, 52.6346 ], [ -3.3282, 52.6365 ], [ -3.3298, 52.6375 ], [ -3.3301, 52.6389 ], [ -3.3288, 52.6434 ], [ -3.3279, 52.6448 ], [ -3.326, 52.6461 ], [ -3.3252, 52.6478 ], [ -3.3241, 52.6482 ], [ -3.3229, 52.6485 ], [ -3.3224, 52.6494 ], [ -3.3221, 52.6504 ], [ -3.3193, 52.6515 ], [ -3.3182, 52.6531 ], [ -3.3145, 52.6552 ], [ -3.3117, 52.6561 ], [ -3.3091, 52.6572 ], [ -3.3056, 52.6587 ], [ -3.3029, 52.6591 ], [ -3.2987, 52.6593 ], [ -3.2953, 52.6594 ], [ -3.2926, 52.66 ], [ -3.2892, 52.6595 ], [ -3.2881, 52.6595 ], [ -3.2848, 52.6588 ], [ -3.2828, 52.6592 ], [ -3.2814, 52.659 ], [ -3.2811, 52.658 ], [ -3.279, 52.6589 ], [ -3.2775, 52.6598 ], [ -3.2764, 52.6604 ], [ -3.276, 52.6606 ], [ -3.2745, 52.6613 ], [ -3.2726, 52.6612 ], [ -3.2694, 52.6606 ], [ -3.2621, 52.6638 ], [ -3.261, 52.6652 ], [ -3.2589, 52.6666 ], [ -3.2578, 52.6674 ], [ -3.2577, 52.6682 ], [ -3.2613, 52.6708 ], [ -3.2621, 52.6717 ], [ -3.2621, 52.6721 ], [ -3.2644, 52.673 ], [ -3.2658, 52.6731 ], [ -3.2662, 52.6731 ], [ -3.2668, 52.6738 ], [ -3.2671, 52.6742 ], [ -3.2703, 52.6756 ], [ -3.2703, 52.677 ], [ -3.2702, 52.6777 ], [ -3.2713, 52.6801 ], [ -3.2709, 52.6816 ], [ -3.2667, 52.6846 ], [ -3.2651, 52.6859 ], [ -3.2648, 52.6868 ], [ -3.2647, 52.6874 ], [ -3.2646, 52.6879 ], [ -3.2642, 52.6882 ], [ -3.2638, 52.6884 ], [ -3.2628, 52.6897 ], [ -3.2616, 52.6904 ], [ -3.2613, 52.6922 ], [ -3.2635, 52.6931 ], [ -3.2657, 52.6937 ], [ -3.2684, 52.6928 ], [ -3.2702, 52.6928 ], [ -3.2715, 52.6937 ], [ -3.2706, 52.6955 ], [ -3.2715, 52.6999 ], [ -3.2638, 52.7049 ], [ -3.2577, 52.7083 ], [ -3.2538, 52.7092 ], [ -3.2537, 52.7101 ], [ -3.2561, 52.7115 ], [ -3.2576, 52.7119 ], [ -3.258, 52.7127 ], [ -3.2573, 52.713 ], [ -3.2569, 52.7133 ], [ -3.2568, 52.7142 ], [ -3.2571, 52.7144 ], [ -3.2581, 52.7149 ], [ -3.2573, 52.7163 ], [ -3.2574, 52.7182 ], [ -3.2552, 52.7197 ], [ -3.2559, 52.7213 ], [ -3.2561, 52.7222 ], [ -3.2569, 52.7229 ], [ -3.2572, 52.7267 ], [ -3.2562, 52.7287 ], [ -3.2552, 52.73 ], [ -3.254, 52.7312 ], [ -3.2557, 52.733 ], [ -3.2571, 52.7342 ], [ -3.2579, 52.7353 ], [ -3.2597, 52.7363 ], [ -3.2623, 52.7363 ], [ -3.263, 52.7361 ], [ -3.2639, 52.736 ], [ -3.2651, 52.7358 ], [ -3.266, 52.7361 ], [ -3.2657, 52.7368 ], [ -3.2669, 52.7378 ], [ -3.2675, 52.7385 ], [ -3.2682, 52.739 ], [ -3.2717, 52.7416 ], [ -3.2733, 52.7437 ], [ -3.2767, 52.7437 ], [ -3.2751, 52.7449 ], [ -3.2736, 52.7458 ], [ -3.275, 52.7465 ], [ -3.2756, 52.7468 ], [ -3.2757, 52.7479 ], [ -3.2749, 52.7487 ], [ -3.2753, 52.7501 ], [ -3.275, 52.7516 ], [ -3.2756, 52.7529 ], [ -3.2757, 52.754 ], [ -3.2772, 52.7551 ], [ -3.2717, 52.7572 ], [ -3.2675, 52.7587 ], [ -3.2674, 52.7616 ], [ -3.2669, 52.7622 ], [ -3.2729, 52.7661 ], [ -3.2715, 52.7669 ], [ -3.2694, 52.7698 ], [ -3.2696, 52.7726 ], [ -3.2685, 52.774 ], [ -3.2685, 52.7747 ], [ -3.265, 52.7768 ], [ -3.2617, 52.777 ], [ -3.2583, 52.7777 ], [ -3.2561, 52.7792 ], [ -3.2547, 52.7791 ], [ -3.2536, 52.779 ], [ -3.2512, 52.7808 ], [ -3.2513, 52.7812 ], [ -3.2514, 52.7825 ], [ -3.2499, 52.7846 ], [ -3.2475, 52.7856 ], [ -3.2441, 52.7858 ], [ -3.2439, 52.7859 ], [ -3.2402, 52.7872 ], [ -3.237, 52.7878 ], [ -3.2336, 52.7892 ], [ -3.2311, 52.7909 ], [ -3.2314, 52.7918 ], [ -3.2281, 52.7927 ], [ -3.2233, 52.7951 ], [ -3.2214, 52.7959 ], [ -3.219, 52.7977 ], [ -3.2189, 52.7987 ], [ -3.2146, 52.8029 ], [ -3.2121, 52.806 ], [ -3.2117, 52.8064 ], [ -3.2102, 52.8072 ], [ -3.2111, 52.8094 ], [ -3.208, 52.8097 ], [ -3.2049, 52.8088 ], [ -3.2018, 52.8088 ], [ -3.1989, 52.8083 ], [ -3.1947, 52.8076 ], [ -3.1944, 52.8081 ], [ -3.1936, 52.808 ], [ -3.1929, 52.8086 ], [ -3.1912, 52.809 ], [ -3.1922, 52.8116 ], [ -3.1927, 52.8133 ], [ -3.1911, 52.8156 ], [ -3.1895, 52.8169 ], [ -3.1892, 52.8171 ], [ -3.1881, 52.8176 ], [ -3.1859, 52.8204 ], [ -3.1854, 52.8223 ], [ -3.1869, 52.8236 ], [ -3.1874, 52.8239 ], [ -3.187, 52.8257 ], [ -3.1848, 52.8286 ], [ -3.1829, 52.832 ], [ -3.1809, 52.834 ], [ -3.1782, 52.8355 ], [ -3.1754, 52.8384 ], [ -3.1748, 52.8417 ], [ -3.175, 52.8434 ], [ -3.1752, 52.8454 ], [ -3.1754, 52.8468 ], [ -3.1619, 52.8525 ], [ -3.1601, 52.8527 ], [ -3.1579, 52.8542 ], [ -3.1563, 52.8554 ], [ -3.1543, 52.8563 ], [ -3.1539, 52.8572 ], [ -3.1531, 52.8588 ], [ -3.1493, 52.8603 ], [ -3.1464, 52.8608 ], [ -3.1368, 52.8626 ], [ -3.1323, 52.8655 ], [ -3.1301, 52.867 ], [ -3.1291, 52.8692 ], [ -3.1272, 52.8691 ], [ -3.1213, 52.8693 ], [ -3.12, 52.8689 ], [ -3.1171, 52.8696 ], [ -3.1169, 52.8704 ], [ -3.1176, 52.8732 ], [ -3.118, 52.8761 ], [ -3.1154, 52.8787 ], [ -3.1148, 52.879 ], [ -3.1145, 52.8801 ], [ -3.1133, 52.8817 ], [ -3.1131, 52.882 ], [ -3.113, 52.8826 ], [ -3.113, 52.8833 ], [ -3.1116, 52.8841 ], [ -3.1104, 52.8848 ], [ -3.1093, 52.8851 ], [ -3.103, 52.889 ], [ -3.0993, 52.891 ], [ -3.098, 52.8911 ], [ -3.0947, 52.8938 ], [ -3.0945, 52.8947 ], [ -3.093, 52.896 ], [ -3.092, 52.8973 ], [ -3.0906, 52.8982 ], [ -3.09, 52.8981 ], [ -3.0899, 52.8986 ], [ -3.0899, 52.899 ], [ -3.0889, 52.8991 ], [ -3.0878, 52.8991 ], [ -3.087, 52.8995 ], [ -3.0863, 52.9004 ], [ -3.0859, 52.9009 ], [ -3.0849, 52.9013 ], [ -3.0841, 52.9015 ], [ -3.0836, 52.9015 ], [ -3.0779, 52.9041 ], [ -3.0709, 52.908 ], [ -3.0671, 52.9101 ], [ -3.0674, 52.9119 ], [ -3.0667, 52.9122 ], [ -3.0661, 52.9125 ], [ -3.0666, 52.9138 ], [ -3.0645, 52.9148 ], [ -3.061, 52.9158 ], [ -3.0563, 52.9165 ], [ -3.0579, 52.9184 ], [ -3.058, 52.9201 ], [ -3.057, 52.9211 ], [ -3.0566, 52.9214 ], [ -3.056, 52.9219 ], [ -3.0562, 52.9232 ], [ -3.0554, 52.9254 ], [ -3.0548, 52.9273 ], [ -3.0571, 52.9278 ], [ -3.0591, 52.9298 ], [ -3.0572, 52.9303 ], [ -3.0568, 52.9303 ], [ -3.0563, 52.931 ], [ -3.0571, 52.9332 ], [ -3.0575, 52.9376 ], [ -3.0578, 52.94 ], [ -3.0596, 52.9433 ], [ -3.0592, 52.9467 ], [ -3.0597, 52.9489 ], [ -3.0624, 52.952 ], [ -3.0675, 52.9563 ], [ -3.0639, 52.9595 ], [ -3.0596, 52.9612 ], [ -3.0566, 52.9651 ], [ -3.0572, 52.9674 ], [ -3.062, 52.9688 ], [ -3.063, 52.9689 ], [ -3.0633, 52.9681 ], [ -3.0635, 52.9676 ], [ -3.0638, 52.9666 ], [ -3.0653, 52.9661 ], [ -3.0664, 52.9665 ], [ -3.0682, 52.9692 ], [ -3.0673, 52.9731 ], [ -3.0664, 52.9754 ], [ -3.0639, 52.9769 ], [ -3.0607, 52.9786 ], [ -3.0589, 52.9798 ], [ -3.0556, 52.9813 ], [ -3.0525, 52.9813 ], [ -3.0519, 52.9825 ], [ -3.0503, 52.9836 ], [ -3.0472, 52.9849 ], [ -3.0446, 52.9853 ], [ -3.0428, 52.9857 ], [ -3.0405, 52.9862 ], [ -3.0393, 52.9867 ], [ -3.0378, 52.9887 ], [ -3.0371, 52.9904 ], [ -3.0399, 52.9941 ], [ -3.0399, 52.9952 ], [ -3.0414, 52.9961 ], [ -3.0421, 52.9972 ], [ -3.0416, 53.0009 ], [ -3.0441, 53.0049 ], [ -3.0433, 53.0098 ], [ -3.0435, 53.0113 ], [ -3.0414, 53.0148 ], [ -3.0405, 53.0169 ], [ -3.041, 53.0192 ], [ -3.0377, 53.0224 ], [ -3.0329, 53.026 ], [ -3.0255, 53.0292 ], [ -3.008, 53.0376 ], [ -2.999, 53.0402 ], [ -2.9946, 53.0443 ], [ -2.9932, 53.0447 ], [ -2.9915, 53.0452 ], [ -2.9917, 53.0469 ], [ -2.9921, 53.048 ], [ -2.992, 53.0576 ], [ -2.9912, 53.0586 ], [ -2.9906, 53.0593 ], [ -2.9901, 53.0632 ], [ -2.9898, 53.0656 ], [ -2.9904, 53.0667 ], [ -2.9909, 53.0675 ], [ -2.9902, 53.0693 ], [ -2.9887, 53.0725 ], [ -2.9853, 53.077 ], [ -2.9774, 53.0827 ], [ -2.9723, 53.0851 ], [ -2.9688, 53.0858 ], [ -2.9632, 53.0891 ], [ -2.959, 53.0908 ], [ -2.9548, 53.0923 ], [ -2.9547, 53.0937 ], [ -2.9566, 53.0963 ], [ -2.9572, 53.0996 ], [ -2.9525, 53.1034 ], [ -2.9491, 53.107 ], [ -2.9491, 53.1081 ], [ -2.9458, 53.109 ], [ -2.9414, 53.1115 ], [ -2.9384, 53.1139 ], [ -2.9383, 53.1167 ], [ -2.9378, 53.1188 ], [ -2.9361, 53.1212 ], [ -2.9356, 53.1221 ], [ -2.9333, 53.124 ], [ -2.9299, 53.1306 ], [ -2.927, 53.1338 ], [ -2.9255, 53.1361 ], [ -2.9246, 53.1374 ], [ -2.9243, 53.1375 ], [ -2.9218, 53.1388 ], [ -2.9204, 53.1424 ], [ -2.9203, 53.1427 ], [ -2.919, 53.1451 ], [ -2.9173, 53.1478 ], [ -2.9168, 53.1506 ], [ -2.9165, 53.1526 ], [ -2.9152, 53.1543 ], [ -2.9134, 53.157 ], [ -2.9008, 53.1687 ], [ -2.8975, 53.1725 ], [ -2.8961, 53.1802 ] ] } },
{ "type": "Feature", "properties": { "linetype": 1 }, "geometry": { "type": "LineString", "coordinates": [ [ -3.3281, 52.3942 ], [ -3.327, 52.3935 ], [ -3.3256, 52.3924 ], [ -3.3257, 52.3912 ], [ -3.3276, 52.389 ], [ -3.3276, 52.3862 ], [ -3.3275, 52.3851 ], [ -3.3255, 52.3845 ], [ -3.3252, 52.3837 ], [ -3.3273, 52.3823 ], [ -3.3277, 52.3812 ], [ -3.3305, 52.3803 ], [ -3.3319, 52.3788 ], [ -3.3333, 52.3785 ], [ -3.3351, 52.379 ], [ -3.3391, 52.378 ], [ -3.3393, 52.377 ], [ -3.3449, 52.3755 ], [ -3.347, 52.3741 ], [ -3.3474, 52.3716 ], [ -3.3452, 52.3707 ], [ -3.3432, 52.3701 ], [ -3.3419, 52.3687 ], [ -3.3401, 52.3674 ], [ -3.3375, 52.3666 ], [ -3.336, 52.3654 ], [ -3.335, 52.3634 ], [ -3.3345, 52.3623 ], [ -3.3325, 52.3622 ], [ -3.3317, 52.361 ], [ -3.3299, 52.3604 ], [ -3.3282, 52.3593 ], [ -3.3268, 52.3588 ], [ -3.3249, 52.3576 ], [ -3.3227, 52.357 ], [ -3.3214, 52.3564 ], [ -3.3202, 52.3567 ], [ -3.3191, 52.3561 ], [ -3.3176, 52.3562 ], [ -3.3126, 52.3535 ], [ -3.3121, 52.3517 ], [ -3.3117, 52.3492 ], [ -3.3132, 52.3478 ], [ -3.3157, 52.3469 ], [ -3.318, 52.346 ], [ -3.3195, 52.3453 ], [ -3.3193, 52.3441 ], [ -3.3208, 52.3438 ], [ -3.3219, 52.3424 ], [ -3.3222, 52.3402 ], [ -3.3244, 52.3386 ], [ -3.3247, 52.3368 ], [ -3.3226, 52.3355 ], [ -3.3197, 52.335 ], [ -3.3178, 52.3337 ], [ -3.3177, 52.3317 ], [ -3.3197, 52.3305 ], [ -3.3223, 52.329 ], [ -3.3212, 52.3278 ], [ -3.3182, 52.3266 ], [ -3.316, 52.3247 ], [ -3.3132, 52.3231 ], [ -3.3125, 52.3213 ], [ -3.3125, 52.3192 ], [ -3.3101, 52.317 ], [ -3.3091, 52.3147 ], [ -3.3091, 52.3114 ], [ -3.3094, 52.3099 ], [ -3.3091, 52.3085 ], [ -3.3104, 52.3085 ], [ -3.312, 52.308 ], [ -3.3137, 52.3064 ], [ -3.3148, 52.3059 ], [ -3.3151, 52.3049 ], [ -3.3178, 52.3032 ], [ -3.319, 52.3016 ], [ -3.3215, 52.3001 ], [ -3.3252, 52.2994 ], [ -3.3267, 52.2981 ], [ -3.3291, 52.2974 ], [ -3.3392, 52.2912 ], [ -3.3389, 52.2886 ], [ -3.3378, 52.287 ], [ -3.3357, 52.2791 ], [ -3.3375, 52.2749 ], [ -3.3395, 52.2674 ], [ -3.3419, 52.2665 ], [ -3.345, 52.2666 ], [ -3.3501, 52.2657 ], [ -3.3564, 52.2645 ], [ -3.359, 52.2643 ], [ -3.3656, 52.2609 ], [ -3.368, 52.2583 ], [ -3.3701, 52.2561 ], [ -3.3733, 52.254 ], [ -3.3741, 52.2518 ], [ -3.3758, 52.2487 ], [ -3.3768, 52.2459 ], [ -3.3778, 52.2419 ], [ -3.3776, 52.239 ], [ -3.3785, 52.238 ], [ -3.3791, 52.2363 ], [ -3.3813, 52.2338 ], [ -3.3835, 52.2308 ], [ -3.3861, 52.228 ], [ -3.3869, 52.2256 ], [ -3.3891, 52.2218 ], [ -3.3884, 52.2185 ], [ -3.3907, 52.2176 ], [ -3.3919, 52.215 ], [ -3.3934, 52.2132 ], [ -3.3931, 52.2099 ], [ -3.3914, 52.2075 ], [ -3.3926, 52.2063 ], [ -3.3941, 52.205 ], [ -3.3955, 52.2039 ], [ -3.3986, 52.2016 ], [ -3.3984, 52.2002 ], [ -3.4011, 52.198 ], [ -3.4041, 52.1951 ], [ -3.4057, 52.1939 ], [ -3.4055, 52.1926 ], [ -3.4031, 52.1913 ], [ -3.4008, 52.1904 ], [ -3.401, 52.1886 ], [ -3.4026, 52.1869 ], [ -3.4029, 52.1849 ], [ -3.3995, 52.183 ], [ -3.3982, 52.1817 ], [ -3.3976, 52.1803 ], [ -3.3956, 52.1791 ], [ -3.3945, 52.1776 ], [ -3.3953, 52.1765 ], [ -3.397, 52.1746 ], [ -3.3968, 52.1729 ], [ -3.3955, 52.1705 ], [ -3.3969, 52.1682 ], [ -3.398, 52.1655 ], [ -3.3991, 52.1648 ], [ -3.3997, 52.1642 ], [ -3.3994, 52.1631 ], [ -3.4007, 52.1617 ], [ -3.3995, 52.1605 ], [ -3.3977, 52.1601 ], [ -3.3952, 52.1588 ], [ -3.3932, 52.157 ], [ -3.3955, 52.1564 ], [ -3.398, 52.1549 ], [ -3.402, 52.1538 ], [ -3.4007, 52.1522 ], [ -3.4013, 52.1516 ], [ -3.4009, 52.1504 ], [ -3.4, 52.1498 ], [ -3.4012, 52.1493 ], [ -3.4011, 52.1483 ], [ -3.4025, 52.1482 ], [ -3.4016, 52.1455 ], [ -3.4023, 52.1445 ], [ -3.4016, 52.1418 ], [ -3.4016, 52.1392 ], [ -3.4041, 52.1369 ], [ -3.4042, 52.1339 ], [ -3.4032, 52.133 ], [ -3.4027, 52.1317 ], [ -3.4059, 52.1295 ], [ -3.4078, 52.1297 ], [ -3.4091, 52.1293 ], [ -3.409, 52.1282 ], [ -3.4129, 52.1269 ], [ -3.4166, 52.1219 ], [ -3.4224, 52.1144 ], [ -3.4223, 52.108 ], [ -3.4298, 52.1037 ], [ -3.4311, 52.1005 ], [ -3.43, 52.0968 ], [ -3.4319, 52.0931 ], [ -3.4309, 52.0898 ], [ -3.4308, 52.0861 ], [ -3.4289, 52.0832 ], [ -3.4297, 52.0784 ], [ -3.433, 52.0751 ], [ -3.4391, 52.0721 ], [ -3.4452, 52.0698 ], [ -3.4484, 52.0657 ], [ -3.4502, 52.0643 ], [ -3.4518, 52.0621 ], [ -3.4507, 52.0597 ], [ -3.4494, 52.0581 ], [ -3.4484, 52.057 ], [ -3.449, 52.0551 ], [ -3.4485, 52.0525 ], [ -3.4485, 52.0496 ], [ -3.4467, 52.0478 ], [ -3.4425, 52.0467 ], [ -3.4369, 52.045 ], [ -3.4348, 52.043 ], [ -3.4353, 52.0412 ], [ -3.4372, 52.0402 ], [ -3.4387, 52.0394 ], [ -3.4398, 52.0377 ], [ -3.4394, 52.0353 ], [ -3.441, 52.0331 ], [ -3.439, 52.0295 ], [ -3.4346, 52.0282 ], [ -3.4301, 52.0272 ], [ -3.4267, 52.0247 ], [ -3.4242, 52.0219 ], [ -3.4207, 52.0201 ], [ -3.4201, 52.0184 ], [ -3.4197, 52.017 ], [ -3.4196, 52.0157 ], [ -3.4174, 52.0135 ], [ -3.4166, 52.011 ], [ -3.4156, 52.0103 ], [ -3.4153, 52.0098 ], [ -3.4155, 52.0088 ], [ -3.4125, 52.0026 ], [ -3.4127, 52.0014 ], [ -3.4142, 51.9998 ], [ -3.413, 51.9985 ], [ -3.4128, 51.9965 ], [ -3.4116, 51.995 ], [ -3.4117, 51.9935 ], [ -3.4114, 51.9926 ], [ -3.4093, 51.9906 ], [ -3.4092, 51.9893 ], [ -3.4086, 51.9873 ], [ -3.407, 51.9864 ], [ -3.4061, 51.9862 ], [ -3.405, 51.986 ], [ -3.4045, 51.9852 ], [ -3.4055, 51.9848 ], [ -3.4066, 51.9836 ], [ -3.408, 51.982 ], [ -3.4092, 51.9796 ], [ -3.4103, 51.9793 ], [ -3.4107, 51.9786 ], [ -3.4103, 51.9775 ], [ -3.4106, 51.9767 ], [ -3.4109, 51.9747 ], [ -3.41, 51.9738 ], [ -3.4096, 51.9713 ], [ -3.407, 51.9696 ], [ -3.404, 51.9686 ], [ -3.3993, 51.9672 ], [ -3.3985, 51.9668 ], [ -3.3961, 51.9657 ], [ -3.395, 51.962 ], [ -3.3952, 51.9583 ], [ -3.3945, 51.9555 ], [ -3.3931, 51.9529 ], [ -3.3926, 51.9508 ], [ -3.3919, 51.9504 ], [ -3.3929, 51.949 ], [ -3.3928, 51.9484 ], [ -3.3926, 51.9477 ], [ -3.3939, 51.9476 ], [ -3.3989, 51.9457 ], [ -3.4008, 51.9452 ], [ -3.4004, 51.9437 ], [ -3.4006, 51.9435 ], [ -3.4016, 51.9422 ], [ -3.4015, 51.9406 ], [ -3.4, 51.939 ], [ -3.3998, 51.9386 ], [ -3.399, 51.9363 ], [ -3.3991, 51.9343 ], [ -3.3971, 51.9328 ], [ -3.3963, 51.9308 ], [ -3.3961, 51.9252 ], [ -3.3973, 51.9218 ], [ -3.3977, 51.919 ], [ -3.3986, 51.9142 ], [ -3.3981, 51.9121 ], [ -3.3965, 51.9115 ], [ -3.3976, 51.9104 ], [ -3.3974, 51.9064 ], [ -3.3992, 51.9043 ], [ -3.4019, 51.9022 ], [ -3.402, 51.9021 ], [ -3.405, 51.8973 ], [ -3.4067, 51.8892 ], [ -3.4094, 51.8841 ], [ -3.4113, 51.8801 ], [ -3.4112, 51.8773 ], [ -3.4084, 51.8757 ], [ -3.406, 51.872 ], [ -3.4039, 51.8674 ], [ -3.4029, 51.8622 ], [ -3.404, 51.8561 ], [ -3.4043, 51.8543 ], [ -3.404, 51.8511 ], [ -3.4017, 51.8463 ], [ -3.3841, 51.8318 ], [ -3.3786, 51.8251 ], [ -3.3708, 51.817 ], [ -3.3706, 51.8147 ], [ -3.3729, 51.813 ], [ -3.3724, 51.8107 ], [ -3.3724, 51.8088 ], [ -3.3725, 51.8073 ], [ -3.3694, 51.8024 ], [ -3.3681, 51.7963 ], [ -3.3669, 51.7944 ], [ -3.3649, 51.7938 ], [ -3.3638, 51.793 ], [ -3.3631, 51.7906 ], [ -3.363, 51.7868 ], [ -3.3623, 51.7844 ], [ -3.3626, 51.7819 ], [ -3.3649, 51.7801 ], [ -3.3657, 51.7785 ], [ -3.3634, 51.7756 ], [ -3.361, 51.7735 ], [ -3.3567, 51.7721 ], [ -3.3549, 51.7701 ], [ -3.3557, 51.7687 ], [ -3.3561, 51.7681 ], [ -3.3574, 51.7665 ], [ -3.3562, 51.765 ], [ -3.3533, 51.7637 ], [ -3.349, 51.7626 ], [ -3.3478, 51.7615 ], [ -3.3456, 51.7599 ], [ -3.3451, 51.7576 ], [ -3.3457, 51.7572 ], [ -3.3476, 51.7559 ], [ -3.351, 51.754 ], [ -3.3548, 51.753 ], [ -3.3531, 51.7505 ], [ -3.3498, 51.7467 ], [ -3.3457, 51.7455 ], [ -3.3447, 51.7441 ], [ -3.3445, 51.7423 ], [ -3.3412, 51.7418 ], [ -3.3408, 51.7383 ], [ -3.3394, 51.7346 ], [ -3.3382, 51.7287 ], [ -3.3388, 51.7213 ], [ -3.3362, 51.718 ], [ -3.3332, 51.7142 ], [ -3.332, 51.7091 ], [ -3.3295, 51.7054 ], [ -3.3292, 51.7031 ], [ -3.3308, 51.6966 ], [ -3.327, 51.6938 ], [ -3.322, 51.6915 ], [ -3.317, 51.6892 ], [ -3.3105, 51.6844 ], [ -3.3071, 51.6821 ], [ -3.3054, 51.6793 ], [ -3.3054, 51.6783 ], [ -3.3054, 51.678 ], [ -3.3035, 51.6746 ], [ -3.3017, 51.6737 ], [ -3.301, 51.6723 ], [ -3.3008, 51.6715 ], [ -3.2995, 51.6706 ], [ -3.2982, 51.6695 ], [ -3.2923, 51.6628 ], [ -3.291, 51.6622 ], [ -3.2884, 51.6601 ], [ -3.2886, 51.6587 ], [ -3.2889, 51.6572 ], [ -3.2858, 51.654 ], [ -3.2825, 51.6518 ], [ -3.2811, 51.6502 ], [ -3.2798, 51.6481 ], [ -3.277, 51.6452 ], [ -3.2745, 51.6439 ], [ -3.2728, 51.643 ], [ -3.2685, 51.6409 ], [ -3.2665, 51.6384 ], [ -3.2651, 51.6349 ], [ -3.2644, 51.6326 ], [ -3.263, 51.6317 ], [ -3.2604, 51.6299 ], [ -3.2593, 51.6272 ], [ -3.2596, 51.6264 ], [ -3.2602, 51.625 ], [ -3.2598, 51.6225 ], [ -3.2558, 51.6172 ], [ -3.2549, 51.6156 ], [ -3.25, 51.6112 ], [ -3.2457, 51.6044 ], [ -3.2467, 51.5996 ], [ -3.2464, 51.5952 ], [ -3.244, 51.5904 ], [ -3.2426, 51.586 ], [ -3.2413, 51.5825 ], [ -3.2379, 51.5779 ], [ -3.2347, 51.5745 ], [ -3.232, 51.5724 ], [ -3.2309, 51.5707 ], [ -3.2306, 51.569 ], [ -3.2302, 51.5666 ], [ -3.2307, 51.5648 ], [ -3.2306, 51.5625 ], [ -3.229, 51.5608 ], [ -3.2231, 51.5592 ], [ -3.2189, 51.5589 ], [ -3.217, 51.5582 ], [ -3.2147, 51.5575 ], [ -3.2143, 51.5544 ], [ -3.2145, 51.553 ], [ -3.2153, 51.5516 ], [ -3.2154, 51.5514 ], [ -3.2152, 51.5514 ], [ -3.2124, 51.5506 ], [ -3.2094, 51.55 ], [ -3.2082, 51.5475 ], [ -3.2067, 51.5446 ], [ -3.2065, 51.5424 ], [ -3.2066, 51.539 ], [ -3.2062, 51.5359 ], [ -3.2054, 51.5324 ], [ -3.2035, 51.5305 ], [ -3.2026, 51.529 ], [ -3.2031, 51.5278 ], [ -3.2028, 51.5255 ], [ -3.1999, 51.512 ], [ -3.1995, 51.5078 ], [ -3.1969, 51.5027 ], [ -3.1928, 51.4984 ], [ -3.1917, 51.4954 ], [ -3.1888, 51.4927 ], [ -3.1878, 51.4904 ], [ -3.1853, 51.4884 ], [ -3.1829, 51.4857 ], [ -3.1803, 51.4834 ], [ -3.1793, 51.4817 ] ] } },
{ "type": "Feature", "properties": { "linetype": 1 }, "geometry": { "type": "LineString", "coordinates": [ [ -3.5795, 50.3516 ], [ -3.5753, 50.3487 ], [ -3.5696, 50.349 ], [ -3.6199, 50.5336 ], [ -3.612, 50.5496 ], [ -3.5555, 50.6159 ] ] } },
{ "type": "Feature", "properties": { "linetype": 1 }, "geometry": { "type": "LineString", "coordinates": [ [ -3.532, 50.7243 ], [ -3.4876, 50.9038 ], [ -3.488, 50.9901 ], [ -3.5268, 51.0095 ], [ -3.5332, 51.0212 ], [ -3.5532, 51.0394 ] ] } },
{ "type": "Feature", "properties": { "linetype": 1 }, "geometry": { "type": "LineString", "coordinates": [ [ -3.488, 50.9901 ], [ -3.4927, 51.0431 ], [ -3.4924, 51.0692 ], [ -3.4987, 51.0723 ], [ -3.5016, 51.1377 ], [ -3.4952, 51.1686 ], [ -3.4791, 51.2055 ] ] } },
{ "type": "Feature", "properties": { "linetype": 2 }, "geometry": { "type": "LineString", "coordinates": [ [ -1.2097, 51.657 ], [ -1.2445, 51.7501 ], [ -1.2463, 51.7512 ], [ -1.2495, 51.7525 ], [ -1.253, 51.7527 ], [ -1.2578, 51.752 ] ] } },
{ "type": "Feature", "properties": { "linetype": 1 }, "geometry": { "type": "LineString", "coordinates": [ [ -4.0597, 52.4081 ], [ -4.0609, 52.4068 ], [ -4.0611, 52.4054 ], [ -4.0641, 52.4046 ], [ -4.0672, 52.4034 ], [ -4.0685, 52.4018 ], [ -4.0693, 52.4008 ], [ -4.07, 52.3982 ], [ -4.0702, 52.3966 ], [ -4.0696, 52.3917 ], [ -4.0708, 52.3897 ], [ -4.0718, 52.3867 ], [ -4.0717, 52.3856 ], [ -4.0715, 52.3839 ], [ -4.0723, 52.3815 ], [ -4.0733, 52.3802 ], [ -4.0726, 52.3796 ], [ -4.0738, 52.378 ], [ -4.0765, 52.3768 ], [ -4.0792, 52.376 ], [ -4.0805, 52.3744 ], [ -4.0825, 52.373 ], [ -4.0838, 52.3726 ], [ -4.0872, 52.3695 ], [ -4.0871, 52.3684 ], [ -4.0875, 52.367 ], [ -4.0897, 52.3622 ], [ -4.091, 52.36 ], [ -4.0933, 52.3581 ], [ -4.1019, 52.3534 ], [ -4.1034, 52.3519 ], [ -4.1068, 52.3497 ], [ -4.1096, 52.3462 ], [ -4.1097, 52.3447 ], [ -4.1109, 52.3435 ], [ -4.1108, 52.3414 ], [ -4.1139, 52.3387 ], [ -4.1245, 52.3268 ], [ -4.1269, 52.3238 ], [ -4.1286, 52.323 ], [ -4.1296, 52.3203 ], [ -4.129, 52.3189 ], [ -4.1296, 52.3181 ], [ -4.1324, 52.3176 ], [ -4.133, 52.3145 ], [ -4.1346, 52.313 ], [ -4.1385, 52.3105 ], [ -4.1448, 52.3066 ], [ -4.1439, 52.3059 ], [ -4.1446, 52.3052 ], [ -4.1452, 52.3042 ], [ -4.1467, 52.3036 ], [ -4.148, 52.3034 ], [ -4.158, 52.2979 ], [ -4.1627, 52.2944 ], [ -4.1701, 52.2885 ], [ -4.1743, 52.285 ], [ -4.1766, 52.2823 ], [ -4.1787, 52.2802 ], [ -4.1795, 52.2783 ], [ -4.1823, 52.2773 ], [ -4.1853, 52.2759 ], [ -4.188, 52.2741 ], [ -4.1919, 52.2717 ], [ -4.1928, 52.2701 ], [ -4.1916, 52.2662 ], [ -4.1937, 52.2653 ], [ -4.1987, 52.2644 ], [ -4.2012, 52.264 ], [ -4.204, 52.263 ], [ -4.2058, 52.2617 ], [ -4.2079, 52.2615 ], [ -4.2116, 52.2606 ], [ -4.2133, 52.2597 ], [ -4.2169, 52.2583 ], [ -4.2206, 52.257 ], [ -4.2252, 52.2547 ], [ -4.2276, 52.2532 ], [ -4.2278, 52.2518 ], [ -4.2284, 52.2511 ], [ -4.2302, 52.2505 ], [ -4.2364, 52.2472 ], [ -4.2469, 52.2451 ], [ -4.2523, 52.2452 ], [ -4.2553, 52.2442 ], [ -4.2568, 52.2419 ], [ -4.2576, 52.2401 ], [ -4.2574, 52.239 ], [ -4.2581, 52.2382 ], [ -4.259, 52.2358 ], [ -4.2597, 52.2337 ], [ -4.2612, 52.2331 ], [ -4.2645, 52.2311 ], [ -4.2675, 52.2292 ], [ -4.2701, 52.2271 ], [ -4.2713, 52.226 ], [ -4.2723, 52.2245 ], [ -4.2726, 52.2231 ], [ -4.2735, 52.2223 ], [ -4.2771, 52.2184 ], [ -4.2788, 52.2175 ], [ -4.2782, 52.216 ], [ -4.2784, 52.215 ], [ -4.28, 52.214 ], [ -4.284, 52.212 ], [ -4.2868, 52.2102 ], [ -4.2875, 52.2093 ], [ -4.2891, 52.208 ], [ -4.2935, 52.206 ], [ -4.2973, 52.2035 ], [ -4.2989, 52.2026 ], [ -4.3003, 52.2015 ], [ -4.3007, 52.1992 ], [ -4.3047, 52.196 ], [ -4.3069, 52.1953 ], [ -4.3074, 52.1944 ], [ -4.3089, 52.1931 ], [ -4.3122, 52.1921 ], [ -4.315, 52.1887 ], [ -4.3168, 52.188 ], [ -4.3176, 52.1849 ], [ -4.3168, 52.1823 ], [ -4.3174, 52.1794 ], [ -4.3201, 52.1771 ], [ -4.3235, 52.1748 ], [ -4.3253, 52.1731 ], [ -4.3318, 52.1689 ], [ -4.3319, 52.1676 ], [ -4.3354, 52.1645 ], [ -4.3388, 52.1617 ], [ -4.341, 52.1612 ], [ -4.3433, 52.1601 ], [ -4.3473, 52.1573 ], [ -4.3508, 52.156 ], [ -4.3571, 52.1531 ], [ -4.359, 52.1528 ], [ -4.3618, 52.1511 ], [ -4.3639, 52.1515 ], [ -4.3668, 52.1517 ], [ -4.3711, 52.1513 ], [ -4.3751, 52.1505 ], [ -4.3796, 52.1491 ], [ -4.3829, 52.1474 ], [ -4.3852, 52.1461 ], [ -4.4067, 52.1414 ], [ -4.4133, 52.1411 ], [ -4.4233, 52.1415 ], [ -4.4278, 52.1423 ], [ -4.4313, 52.1417 ], [ -4.4389, 52.135 ], [ -4.4445, 52.1338 ], [ -4.4479, 52.1333 ], [ -4.4525, 52.1333 ], [ -4.4555, 52.133 ], [ -4.4578, 52.1324 ], [ -4.4626, 52.1319 ], [ -4.4676, 52.1301 ], [ -4.4729, 52.1288 ], [ -4.4782, 52.1276 ], [ -4.481, 52.1263 ], [ -4.4831, 52.1256 ], [ -4.4851, 52.1253 ], [ -4.4883, 52.1243 ], [ -4.4917, 52.1237 ], [ -4.4962, 52.1218 ], [ -4.5004, 52.1197 ], [ -4.5036, 52.1175 ], [ -4.5061, 52.1158 ], [ -4.5126, 52.1146 ], [ -4.5301, 52.1105 ], [ -4.5368, 52.1093 ], [ -4.5399, 52.1093 ], [ -4.5481, 52.1109 ], [ -4.554, 52.1118 ], [ -4.5647, 52.1121 ], [ -4.5713, 52.1113 ], [ -4.5763, 52.1103 ], [ -4.5807, 52.1087 ], [ -4.5872, 52.1071 ], [ -4.5911, 52.1066 ], [ -4.6064, 52.1026 ], [ -4.6116, 52.1014 ], [ -4.6192, 52.0984 ], [ -4.6219, 52.098 ], [ -4.6254, 52.0979 ], [ -4.6279, 52.0969 ], [ -4.6322, 52.0938 ], [ -4.6387, 52.0923 ], [ -4.6595, 52.0853 ], [ -4.6607, 52.0838 ], [ -4.6612, 52.0823 ], [ -4.6613, 52.0813 ], [ -4.6607, 52.0807 ], [ -4.6569, 52.0776 ], [ -4.6576, 52.075 ], [ -4.6588, 52.0729 ], [ -4.6656, 52.0702 ], [ -4.6747, 52.0684 ], [ -4.6783, 52.068 ], [ -4.6803, 52.0668 ], [ -4.6813, 52.0649 ], [ -4.684, 52.0605 ], [ -4.6875, 52.0567 ], [ -4.6903, 52.0551 ], [ -4.6912, 52.0539 ], [ -4.7018, 52.0502 ], [ -4.7048, 52.0497 ], [ -4.7079, 52.0488 ], [ -4.71, 52.0473 ], [ -4.7112, 52.0473 ], [ -4.7167, 52.0458 ], [ -4.7226, 52.0424 ], [ -4.7256, 52.0416 ], [ -4.7298, 52.0412 ], [ -4.7418, 52.0387 ], [ -4.7467, 52.0382 ], [ -4.7531, 52.0357 ], [ -4.7515, 52.0308 ], [ -4.7518, 52.0295 ], [ -4.7516, 52.0258 ], [ -4.7573, 52.0241 ], [ -4.7593, 52.0233 ], [ -4.7606, 52.0223 ], [ -4.7649, 52.0206 ], [ -4.7657, 52.0187 ], [ -4.7671, 52.0181 ], [ -4.7684, 52.0174 ], [ -4.7711, 52.0156 ], [ -4.772, 52.015 ], [ -4.7735, 52.0141 ], [ -4.7745, 52.0139 ], [ -4.7765, 52.014 ], [ -4.7785, 52.0146 ], [ -4.7804, 52.0157 ], [ -4.7835, 52.0158 ], [ -4.7904, 52.0168 ], [ -4.7934, 52.0175 ], [ -4.796, 52.0171 ], [ -4.7979, 52.0159 ], [ -4.8024, 52.0163 ], [ -4.8063, 52.0159 ], [ -4.8092, 52.0164 ], [ -4.8107, 52.0163 ], [ -4.8138, 52.0155 ], [ -4.8266, 52.0162 ], [ -4.8293, 52.0167 ], [ -4.8321, 52.0163 ], [ -4.8328, 52.0156 ], [ -4.8384, 52.015 ], [ -4.8429, 52.0152 ], [ -4.8515, 52.0143 ], [ -4.8586, 52.0141 ], [ -4.8608, 52.0134 ], [ -4.868, 52.0122 ], [ -4.8742, 52.0118 ], [ -4.8775, 52.0112 ], [ -4.88, 52.0115 ], [ -4.8827, 52.0114 ], [ -4.8892, 52.0123 ], [ -4.893, 52.013 ], [ -4.897, 52.0128 ], [ -4.8997, 52.0118 ], [ -4.9053, 52.0089 ], [ -4.9075, 52.0082 ], [ -4.9111, 52.0055 ], [ -4.9134, 52.0038 ], [ -4.9194, 52.001 ], [ -4.9218, 52.0007 ], [ -4.9248, 52.0006 ], [ -4.9268, 52.0001 ], [ -4.9291, 52.0003 ], [ -4.9327, 51.9996 ], [ -4.9368, 51.9993 ], [ -4.9417, 51.9983 ], [ -4.9467, 51.998 ], [ -4.9503, 51.9981 ], [ -4.9546, 51.9979 ], [ -4.9599, 51.9976 ], [ -4.9634, 51.9974 ], [ -4.9652, 51.9969 ], [ -4.9671, 51.9975 ], [ -4.9676, 51.9974 ], [ -4.9674, 51.9965 ], [ -4.9678, 51.996 ], [ -4.9676, 51.9951 ], [ -4.969, 51.9949 ], [ -4.9759, 51.9938 ], [ -4.9804, 51.9916 ], [ -4.988, 51.9879 ], [ -4.9909, 51.9857 ], [ -4.9948, 51.9814 ], [ -4.9966, 51.9724 ], [ -5.0001, 51.9691 ], [ -5.0065, 51.9647 ], [ -5.0123, 51.9606 ], [ -5.0133, 51.9588 ], [ -5.0223, 51.9574 ], [ -5.0333, 51.9569 ], [ -5.0407, 51.956 ], [ -5.0478, 51.9557 ], [ -5.0544, 51.9544 ], [ -5.0646, 51.9508 ], [ -5.0693, 51.9491 ], [ -5.0732, 51.9467 ], [ -5.0813, 51.9436 ], [ -5.0907, 51.9427 ], [ -5.0989, 51.9426 ], [ -5.1114, 51.9406 ], [ -5.1173, 51.9392 ], [ -5.1243, 51.9384 ], [ -5.1283, 51.9382 ], [ -5.133, 51.9373 ], [ -5.1419, 51.9334 ], [ -5.1596, 51.9283 ], [ -5.1627, 51.9278 ], [ -5.1761, 51.9288 ], [ -5.1939, 51.9295 ], [ -5.1965, 51.9285 ], [ -5.2008, 51.9261 ], [ -5.2076, 51.9244 ], [ -5.2118, 51.9225 ], [ -5.231, 51.9195 ], [ -5.2345, 51.9179 ], [ -5.2374, 51.9162 ], [ -5.2396, 51.9146 ], [ -5.2411, 51.912 ], [ -5.2414, 51.9084 ], [ -5.2431, 51.9058 ], [ -5.2451, 51.9039 ], [ -5.2457, 51.9029 ], [ -5.2457, 51.9012 ], [ -5.2469, 51.8992 ], [ -5.2491, 51.8959 ], [ -5.2492, 51.8946 ], [ -5.2525, 51.8915 ], [ -5.2588, 51.8881 ], [ -5.2602, 51.8858 ], [ -5.2633, 51.8839 ], [ -5.2657, 51.8815 ], [ -5.2656, 51.8811 ] ] } },
{ "type": "Feature", "properties": { "linetype": 1 }, "geometry": { "type": "LineString", "coordinates": [ [ -4.0597, 52.4081 ], [ -4.059, 52.4097 ], [ -4.0584, 52.41 ], [ -4.0577, 52.4098 ], [ -4.0556, 52.4111 ], [ -4.0532, 52.4119 ], [ -4.0472, 52.4134 ], [ -4.0409, 52.4159 ], [ -4.0419, 52.4167 ], [ -4.0388, 52.4205 ], [ -4.0368, 52.4228 ], [ -4.0366, 52.4239 ], [ -4.0344, 52.4256 ], [ -4.0325, 52.4284 ], [ -4.0312, 52.431 ], [ -4.0317, 52.433 ], [ -4.0315, 52.435 ], [ -4.0307, 52.4365 ], [ -4.0289, 52.4387 ], [ -4.0277, 52.4418 ], [ -4.0266, 52.4432 ], [ -4.0263, 52.4446 ], [ -4.0246, 52.4464 ], [ -4.023, 52.4482 ], [ -4.0207, 52.45 ], [ -4.0196, 52.4515 ], [ -4.0189, 52.4539 ], [ -4.018, 52.4555 ], [ -4.0168, 52.4565 ], [ -4.0137, 52.4579 ], [ -4.0108, 52.4588 ], [ -4.0082, 52.4609 ], [ -4.007, 52.4611 ], [ -3.9998, 52.465 ], [ -3.9985, 52.4658 ], [ -3.9978, 52.4682 ], [ -3.997, 52.4696 ], [ -3.9954, 52.4712 ], [ -3.9943, 52.4723 ], [ -3.9928, 52.4745 ], [ -3.9918, 52.4758 ], [ -3.9922, 52.4773 ], [ -3.99, 52.4795 ], [ -3.9871, 52.4813 ], [ -3.9845, 52.4824 ], [ -3.9828, 52.4826 ], [ -3.9823, 52.484 ] ] } },
{ "type": "Feature", "properties": { "linetype": 1 }, "geometry": { "type": "LineString", "coordinates": [ [ -3.9823, 52.484 ], [ -3.9822, 52.4864 ], [ -3.9816, 52.4899 ], [ -3.983, 52.4929 ], [ -3.9862, 52.4955 ], [ -3.9842, 52.4989 ], [ -3.9823, 52.5004 ], [ -3.979, 52.5035 ], [ -3.9788, 52.5072 ], [ -3.9767, 52.5109 ], [ -3.9771, 52.5118 ], [ -3.9746, 52.5139 ], [ -3.9731, 52.5164 ], [ -3.9705, 52.519 ], [ -3.967, 52.5255 ], [ -3.9628, 52.5282 ], [ -3.9589, 52.5284 ], [ -3.955, 52.5293 ], [ -3.95, 52.5325 ], [ -3.9478, 52.5332 ], [ -3.946, 52.5354 ], [ -3.9426, 52.5367 ], [ -3.9403, 52.5386 ], [ -3.9382, 52.5421 ], [ -3.9365, 52.5456 ], [ -3.9317, 52.5525 ], [ -3.927, 52.5541 ], [ -3.9235, 52.5562 ], [ -3.917, 52.5585 ], [ -3.9124, 52.563 ], [ -3.9137, 52.564 ], [ -3.9142, 52.5655 ], [ -3.9137, 52.5674 ], [ -3.9122, 52.5687 ], [ -3.9107, 52.5709 ], [ -3.9086, 52.573 ], [ -3.9081, 52.5745 ], [ -3.9066, 52.576 ], [ -3.9038, 52.5768 ], [ -3.8969, 52.5767 ], [ -3.8941, 52.5762 ], [ -3.8927, 52.5751 ], [ -3.8891, 52.5742 ], [ -3.8848, 52.5749 ], [ -3.883, 52.5769 ], [ -3.8801, 52.5783 ], [ -3.8773, 52.5808 ], [ -3.874, 52.583 ], [ -3.8716, 52.5852 ], [ -3.8668, 52.5852 ], [ -3.8646, 52.5867 ], [ -3.8626, 52.587 ], [ -3.8597, 52.5866 ], [ -3.8568, 52.5869 ], [ -3.8534, 52.5888 ], [ -3.8534, 52.5903 ], [ -3.8528, 52.5918 ], [ -3.8546, 52.5931 ], [ -3.8555, 52.5949 ], [ -3.8553, 52.5968 ], [ -3.8563, 52.5987 ], [ -3.8557, 52.6006 ], [ -3.8557, 52.601 ], [ -3.8503, 52.6013 ], [ -3.8473, 52.6022 ], [ -3.8455, 52.6037 ], [ -3.8439, 52.6055 ], [ -3.8426, 52.6054 ], [ -3.8406, 52.6045 ], [ -3.84, 52.6037 ], [ -3.8375, 52.6034 ], [ -3.8326, 52.6046 ], [ -3.8262, 52.6065 ], [ -3.8226, 52.6079 ], [ -3.8112, 52.6098 ], [ -3.8077, 52.6108 ], [ -3.8024, 52.6117 ], [ -3.7998, 52.6127 ], [ -3.7977, 52.6138 ], [ -3.7924, 52.6154 ], [ -3.7898, 52.6156 ], [ -3.7859, 52.6166 ], [ -3.783, 52.6179 ], [ -3.7808, 52.6185 ], [ -3.7797, 52.62 ], [ -3.777, 52.6219 ], [ -3.7751, 52.6219 ], [ -3.7684, 52.6227 ], [ -3.7637, 52.6239 ], [ -3.761, 52.6238 ], [ -3.7591, 52.6243 ], [ -3.7559, 52.6255 ], [ -3.7532, 52.6273 ], [ -3.75, 52.63 ], [ -3.7471, 52.6317 ], [ -3.7438, 52.6334 ], [ -3.7412, 52.6348 ], [ -3.7357, 52.6357 ], [ -3.7318, 52.6366 ], [ -3.7283, 52.639 ], [ -3.7252, 52.641 ], [ -3.7221, 52.6441 ], [ -3.7205, 52.6468 ], [ -3.7202, 52.6483 ], [ -3.7185, 52.6497 ], [ -3.7169, 52.6499 ], [ -3.7152, 52.6522 ], [ -3.7139, 52.6533 ], [ -3.7132, 52.6554 ], [ -3.7131, 52.6573 ], [ -3.7139, 52.6592 ], [ -3.7138, 52.6608 ], [ -3.7132, 52.6623 ], [ -3.7148, 52.6644 ], [ -3.7148, 52.6665 ], [ -3.7137, 52.6694 ], [ -3.7128, 52.6702 ], [ -3.7107, 52.6707 ], [ -3.7098, 52.6719 ], [ -3.7091, 52.6732 ], [ -3.7101, 52.6737 ], [ -3.7087, 52.6749 ], [ -3.7078, 52.6763 ], [ -3.7068, 52.6786 ], [ -3.7065, 52.681 ], [ -3.7053, 52.6833 ], [ -3.704, 52.6856 ], [ -3.7025, 52.6868 ], [ -3.6996, 52.6885 ], [ -3.6976, 52.6899 ], [ -3.6946, 52.6915 ], [ -3.6933, 52.6935 ], [ -3.6935, 52.6956 ], [ -3.6928, 52.6971 ], [ -3.6931, 52.6987 ], [ -3.6937, 52.6999 ], [ -3.6927, 52.7018 ], [ -3.6931, 52.7038 ], [ -3.6927, 52.7065 ], [ -3.6919, 52.7088 ], [ -3.6912, 52.7102 ], [ -3.6914, 52.7124 ], [ -3.6914, 52.7149 ], [ -3.692, 52.7168 ], [ -3.6913, 52.7182 ], [ -3.6917, 52.7197 ], [ -3.6904, 52.7199 ], [ -3.6893, 52.7217 ], [ -3.6876, 52.7227 ], [ -3.6864, 52.7229 ], [ -3.6835, 52.7255 ], [ -3.6814, 52.7265 ], [ -3.6781, 52.7279 ], [ -3.6766, 52.728 ], [ -3.6732, 52.7284 ], [ -3.6707, 52.728 ], [ -3.6661, 52.7289 ], [ -3.6613, 52.7303 ], [ -3.6552, 52.733 ], [ -3.6516, 52.7343 ], [ -3.6497, 52.735 ], [ -3.647, 52.7366 ], [ -3.6446, 52.7385 ], [ -3.6431, 52.7405 ], [ -3.6429, 52.7446 ], [ -3.6419, 52.7464 ], [ -3.6407, 52.7471 ], [ -3.6394, 52.749 ], [ -3.6356, 52.7514 ], [ -3.6343, 52.7525 ], [ -3.6327, 52.7536 ], [ -3.631, 52.7544 ], [ -3.6275, 52.7576 ], [ -3.6263, 52.7579 ], [ -3.6251, 52.7588 ], [ -3.6225, 52.7596 ], [ -3.6211, 52.7608 ], [ -3.6225, 52.7622 ], [ -3.6226, 52.7632 ], [ -3.6242, 52.7643 ], [ -3.625, 52.7664 ], [ -3.6253, 52.7683 ], [ -3.6239, 52.7702 ], [ -3.6233, 52.7717 ], [ -3.6235, 52.7735 ], [ -3.6244, 52.7751 ], [ -3.6242, 52.7761 ], [ -3.6247, 52.7777 ], [ -3.6203, 52.7794 ], [ -3.6189, 52.7815 ], [ -3.6181, 52.7845 ], [ -3.6171, 52.7858 ], [ -3.6143, 52.7881 ], [ -3.6136, 52.7898 ], [ -3.6119, 52.7909 ], [ -3.6117, 52.7932 ], [ -3.6122, 52.7947 ], [ -3.6135, 52.7963 ], [ -3.6141, 52.7979 ], [ -3.6127, 52.8 ], [ -3.6107, 52.8017 ], [ -3.6132, 52.8045 ], [ -3.6128, 52.8054 ], [ -3.6125, 52.8065 ], [ -3.6148, 52.8084 ], [ -3.616, 52.8113 ], [ -3.6178, 52.8131 ], [ -3.6189, 52.8155 ], [ -3.6204, 52.8174 ], [ -3.623, 52.8203 ], [ -3.6262, 52.8221 ], [ -3.6312, 52.8254 ], [ -3.6403, 52.8289 ], [ -3.6432, 52.8296 ], [ -3.6479, 52.8328 ], [ -3.6493, 52.833 ], [ -3.6523, 52.8348 ], [ -3.6535, 52.8365 ], [ -3.6564, 52.839 ], [ -3.658, 52.8413 ], [ -3.658, 52.8441 ], [ -3.6594, 52.8455 ], [ -3.6625, 52.8478 ], [ -3.6629, 52.8524 ], [ -3.6622, 52.8546 ], [ -3.661, 52.8558 ], [ -3.6577, 52.8574 ], [ -3.6544, 52.859 ], [ -3.652, 52.8611 ], [ -3.6489, 52.8633 ], [ -3.6462, 52.8647 ], [ -3.6441, 52.8654 ], [ -3.6427, 52.8675 ], [ -3.6415, 52.8679 ], [ -3.639, 52.8699 ], [ -3.6365, 52.8709 ], [ -3.6342, 52.8727 ], [ -3.6323, 52.8741 ], [ -3.6313, 52.8757 ], [ -3.6294, 52.8766 ], [ -3.6291, 52.8777 ], [ -3.6277, 52.878 ], [ -3.624, 52.88 ], [ -3.6224, 52.8818 ], [ -3.6192, 52.8846 ], [ -3.6178, 52.8852 ], [ -3.6161, 52.8866 ], [ -3.6133, 52.8885 ], [ -3.6115, 52.8898 ], [ -3.6061, 52.8924 ], [ -3.6032, 52.8943 ], [ -3.5995, 52.8962 ], [ -3.5977, 52.8985 ], [ -3.5959, 52.9002 ], [ -3.5958, 52.9012 ], [ -3.5942, 52.9019 ], [ -3.5928, 52.9024 ], [ -3.5926, 52.9036 ], [ -3.5932, 52.9045 ], [ -3.5944, 52.9054 ], [ -3.5941, 52.9067 ], [ -3.5944, 52.9078 ], [ -3.5951, 52.9086 ], [ -3.5984, 52.9105 ], [ -3.5936, 52.9132 ], [ -3.5902, 52.9149 ], [ -3.5824, 52.9159 ], [ -3.5803, 52.9167 ], [ -3.5785, 52.9165 ], [ -3.5744, 52.9173 ], [ -3.5674, 52.9195 ], [ -3.5603, 52.923 ], [ -3.5609, 52.924 ], [ -3.5585, 52.9255 ], [ -3.5563, 52.9258 ], [ -3.5542, 52.9278 ], [ -3.5479, 52.93 ], [ -3.5446, 52.931 ], [ -3.5405, 52.9342 ], [ -3.535, 52.9365 ], [ -3.5345, 52.9382 ], [ -3.5314, 52.9401 ], [ -3.5306, 52.9418 ], [ -3.5244, 52.9425 ], [ -3.5162, 52.9448 ], [ -3.5077, 52.9456 ], [ -3.5047, 52.9482 ], [ -3.5019, 52.9501 ], [ -3.4976, 52.9513 ], [ -3.4952, 52.9527 ], [ -3.4897, 52.9556 ], [ -3.4866, 52.9588 ], [ -3.4831, 52.9625 ], [ -3.4806, 52.9635 ], [ -3.4784, 52.9663 ], [ -3.4796, 52.9691 ], [ -3.4793, 52.9711 ], [ -3.4754, 52.9756 ], [ -3.4739, 52.9774 ], [ -3.4733, 52.9796 ], [ -3.4708, 52.982 ], [ -3.4692, 52.9833 ], [ -3.4688, 52.9855 ], [ -3.4682, 52.9873 ], [ -3.4684, 52.9893 ], [ -3.4663, 52.9898 ], [ -3.4641, 52.9906 ], [ -3.4616, 52.9929 ], [ -3.46, 52.9955 ], [ -3.4596, 52.998 ], [ -3.4582, 52.9993 ], [ -3.4562, 52.9999 ], [ -3.455, 52.9999 ], [ -3.4543, 53.002 ], [ -3.4467, 53.0072 ], [ -3.443, 53.0086 ], [ -3.4415, 53.011 ], [ -3.4383, 53.0123 ], [ -3.4342, 53.0152 ], [ -3.4319, 53.0177 ], [ -3.4323, 53.0212 ], [ -3.432, 53.0233 ], [ -3.4301, 53.0262 ], [ -3.431, 53.0267 ], [ -3.4324, 53.0267 ], [ -3.4333, 53.0275 ], [ -3.4319, 53.0306 ], [ -3.4309, 53.0311 ], [ -3.4311, 53.0329 ], [ -3.4298, 53.0337 ], [ -3.4283, 53.0363 ], [ -3.421, 53.0395 ], [ -3.4165, 53.0413 ], [ -3.4122, 53.0419 ], [ -3.4101, 53.0446 ], [ -3.4059, 53.0469 ], [ -3.4018, 53.0484 ], [ -3.397, 53.0509 ], [ -3.3961, 53.0537 ], [ -3.3913, 53.0551 ], [ -3.3824, 53.057 ], [ -3.3761, 53.0578 ], [ -3.3712, 53.0606 ], [ -3.3692, 53.0614 ], [ -3.3646, 53.0657 ], [ -3.3596, 53.0694 ], [ -3.3547, 53.072 ], [ -3.3508, 53.0768 ], [ -3.3492, 53.0799 ], [ -3.3471, 53.0813 ], [ -3.3445, 53.084 ], [ -3.3441, 53.0856 ], [ -3.3423, 53.0876 ], [ -3.3418, 53.0912 ], [ -3.3415, 53.0954 ], [ -3.3388, 53.0964 ], [ -3.3362, 53.0987 ], [ -3.3345, 53.1002 ], [ -3.3325, 53.1029 ], [ -3.3304, 53.1054 ], [ -3.3299, 53.1086 ], [ -3.3265, 53.1097 ], [ -3.3243, 53.1103 ], [ -3.3196, 53.1111 ], [ -3.3153, 53.1132 ], [ -3.3143, 53.1132 ], [ -3.3115, 53.1143 ], [ -3.3102, 53.1144 ], [ -3.3081, 53.1137 ], [ -3.3052, 53.1135 ], [ -3.2978, 53.1159 ], [ -3.2912, 53.1169 ], [ -3.2871, 53.1181 ], [ -3.2842, 53.12 ], [ -3.2831, 53.1214 ], [ -3.281, 53.1233 ], [ -3.2809, 53.125 ], [ -3.2821, 53.1264 ], [ -3.2842, 53.1276 ], [ -3.2852, 53.1287 ], [ -3.2862, 53.1295 ], [ -3.2879, 53.1296 ], [ -3.2885, 53.1344 ], [ -3.2895, 53.1372 ], [ -3.2902, 53.1386 ], [ -3.2903, 53.1415 ], [ -3.2955, 53.1457 ], [ -3.296, 53.1474 ], [ -3.2968, 53.1492 ], [ -3.2971, 53.1518 ], [ -3.2984, 53.1548 ], [ -3.3036, 53.1597 ], [ -3.3036, 53.1617 ], [ -3.3036, 53.1632 ], [ -3.3054, 53.1663 ], [ -3.3058, 53.1686 ], [ -3.3089, 53.173 ], [ -3.3095, 53.1776 ], [ -3.3143, 53.1824 ], [ -3.3163, 53.1838 ], [ -3.3166, 53.1847 ], [ -3.3172, 53.1859 ], [ -3.3192, 53.1878 ], [ -3.3222, 53.1899 ], [ -3.3206, 53.1913 ], [ -3.321, 53.1921 ], [ -3.3188, 53.1934 ], [ -3.3198, 53.1937 ], [ -3.3197, 53.196 ], [ -3.3206, 53.1974 ], [ -3.3207, 53.1988 ], [ -3.3226, 53.2008 ], [ -3.3214, 53.2029 ], [ -3.3202, 53.2041 ], [ -3.3214, 53.2059 ], [ -3.3234, 53.2078 ], [ -3.3297, 53.2094 ], [ -3.3307, 53.2101 ], [ -3.3317, 53.2103 ], [ -3.3328, 53.2113 ], [ -3.3283, 53.2122 ], [ -3.3267, 53.2108 ], [ -3.3244, 53.2106 ], [ -3.3218, 53.2112 ], [ -3.3194, 53.2108 ], [ -3.317, 53.2107 ], [ -3.3151, 53.2132 ], [ -3.3129, 53.215 ], [ -3.3122, 53.2173 ], [ -3.311, 53.219 ], [ -3.3087, 53.2209 ], [ -3.3048, 53.2244 ], [ -3.3044, 53.2269 ], [ -3.3062, 53.2289 ], [ -3.3059, 53.2309 ], [ -3.3033, 53.2338 ], [ -3.3019, 53.235 ], [ -3.2991, 53.2366 ], [ -3.2912, 53.237 ], [ -3.2896, 53.2379 ], [ -3.2888, 53.2412 ], [ -3.2879, 53.2438 ], [ -3.2874, 53.2455 ], [ -3.2843, 53.2469 ], [ -3.2807, 53.2462 ], [ -3.2717, 53.2518 ], [ -3.2669, 53.2525 ], [ -3.2664, 53.2546 ], [ -3.2683, 53.2571 ], [ -3.2632, 53.2572 ], [ -3.262, 53.2591 ], [ -3.2602, 53.2601 ], [ -3.2525, 53.2619 ], [ -3.2455, 53.2642 ], [ -3.247, 53.2673 ], [ -3.2398, 53.2692 ], [ -3.234, 53.2704 ], [ -3.2318, 53.2712 ], [ -3.2295, 53.2712 ], [ -3.2263, 53.2723 ], [ -3.2238, 53.2726 ], [ -3.2224, 53.2739 ] ] } },
{ "type": "Feature", "properties": { "linetype": 2 }, "geometry": { "type": "LineString", "coordinates": [ [ -3.6576, 50.7912 ], [ -3.6519, 50.7914 ], [ -3.6506, 50.7914 ], [ -3.6483, 50.791 ], [ -3.648, 50.7889 ], [ -3.6488, 50.7873 ], [ -3.6488, 50.7863 ], [ -3.6475, 50.7854 ], [ -3.6467, 50.7843 ], [ -3.6417, 50.784 ], [ -3.6388, 50.7842 ], [ -3.6347, 50.784 ], [ -3.629, 50.7829 ], [ -3.6269, 50.7813 ], [ -3.6242, 50.7802 ], [ -3.6215, 50.7795 ], [ -3.6182, 50.7795 ], [ -3.6148, 50.7794 ], [ -3.6124, 50.7786 ], [ -3.6089, 50.7761 ], [ -3.6004, 50.7735 ], [ -3.5898, 50.7706 ], [ -3.5841, 50.769 ], [ -3.5758, 50.768 ], [ -3.5718, 50.7661 ], [ -3.5671, 50.7646 ], [ -3.5648, 50.7619 ], [ -3.5612, 50.7599 ], [ -3.5568, 50.7582 ], [ -3.5543, 50.7544 ], [ -3.553, 50.752 ], [ -3.5525, 50.75 ], [ -3.5503, 50.7488 ], [ -3.5478, 50.7466 ], [ -3.5468, 50.7426 ], [ -3.5464, 50.7413 ], [ -3.5445, 50.7361 ], [ -3.5436, 50.7347 ], [ -3.5399, 50.7311 ], [ -3.539, 50.7294 ], [ -3.5374, 50.7278 ], [ -3.5358, 50.7273 ], [ -3.532, 50.7243 ] ] } },
{ "type": "Feature", "properties": { "linetype": 1 }, "geometry": { "type": "LineString", "coordinates": [ [ -4.1429, 50.9521 ], [ -4.144, 50.9526 ], [ -4.1457, 50.9568 ], [ -4.1466, 50.958 ], [ -4.145, 50.9612 ], [ -4.145, 50.9639 ], [ -4.1487, 50.9659 ], [ -4.1492, 50.9676 ], [ -4.1486, 50.9698 ], [ -4.1469, 50.9712 ], [ -4.1465, 50.9732 ], [ -4.1468, 50.976 ], [ -4.1488, 50.9774 ], [ -4.1507, 50.9796 ], [ -4.1485, 50.982 ], [ -4.1482, 50.9836 ], [ -4.1496, 50.9847 ], [ -4.1497, 50.9862 ], [ -4.1488, 50.9877 ], [ -4.1496, 50.991 ], [ -4.1512, 50.9924 ], [ -4.1523, 50.9962 ], [ -4.1525, 50.9981 ], [ -4.1522, 51.0 ], [ -4.155, 51.0007 ], [ -4.1591, 51.0004 ], [ -4.1619, 51.0013 ], [ -4.1656, 51.0039 ], [ -4.1683, 51.0052 ], [ -4.1714, 51.0063 ], [ -4.1751, 51.0081 ], [ -4.1802, 51.0096 ], [ -4.1829, 51.0106 ], [ -4.1915, 51.012 ], [ -4.1924, 51.0145 ], [ -4.2001, 51.0147 ], [ -4.2014, 51.0161 ], [ -4.2039, 51.0165 ], [ -4.205, 51.0168 ], [ -4.2068, 51.0168 ], [ -4.2073, 51.0178 ], [ -4.2093, 51.0178 ], [ -4.2102, 51.0203 ], [ -4.2111, 51.0208 ], [ -4.2103, 51.0215 ], [ -4.2109, 51.0228 ], [ -4.2117, 51.0234 ], [ -4.2137, 51.0244 ], [ -4.2139, 51.0271 ], [ -4.2131, 51.0289 ], [ -4.2123, 51.0291 ], [ -4.213, 51.0306 ], [ -4.2125, 51.0315 ], [ -4.2124, 51.0331 ], [ -4.2134, 51.0363 ], [ -4.2141, 51.038 ], [ -4.2134, 51.0397 ], [ -4.2133, 51.0412 ], [ -4.2112, 51.0426 ], [ -4.2099, 51.0439 ], [ -4.2104, 51.0462 ], [ -4.2067, 51.0503 ], [ -4.2075, 51.0504 ], [ -4.2082, 51.051 ], [ -4.2094, 51.0528 ], [ -4.2188, 51.0597 ], [ -4.2207, 51.0627 ], [ -4.2226, 51.0645 ], [ -4.205, 51.1176 ], [ -4.2069, 51.1307 ], [ -4.207, 51.1315 ], [ -4.2052, 51.1334 ], [ -4.2031, 51.1339 ], [ -4.2012, 51.1352 ], [ -4.1962, 51.1366 ], [ -4.1958, 51.1374 ], [ -4.1946, 51.1381 ], [ -4.1914, 51.1378 ], [ -4.1883, 51.1388 ], [ -4.1854, 51.1402 ], [ -4.1837, 51.1405 ], [ -4.1821, 51.1411 ], [ -4.1791, 51.1413 ], [ -4.1766, 51.1414 ], [ -4.1761, 51.1421 ], [ -4.1654, 51.1409 ], [ -4.1635, 51.1403 ], [ -4.1619, 51.14 ], [ -4.1609, 51.1397 ], [ -4.1588, 51.1392 ], [ -4.1561, 51.1387 ], [ -4.1539, 51.1387 ], [ -4.1529, 51.1392 ], [ -4.1507, 51.1391 ], [ -4.1504, 51.1426 ], [ -4.1467, 51.1442 ], [ -4.1451, 51.1454 ], [ -4.1449, 51.1472 ], [ -4.1449, 51.1494 ], [ -4.1437, 51.1506 ], [ -4.1408, 51.1515 ], [ -4.1352, 51.1553 ], [ -4.1347, 51.1571 ], [ -4.1365, 51.1594 ], [ -4.1373, 51.1614 ], [ -4.1392, 51.1634 ], [ -4.1427, 51.1657 ], [ -4.1423, 51.1669 ], [ -4.1325, 51.1742 ], [ -4.1316, 51.1763 ], [ -4.1316, 51.1795 ], [ -4.131, 51.1827 ], [ -4.1291, 51.1857 ], [ -4.1258, 51.1872 ], [ -4.1231, 51.1891 ], [ -4.1235, 51.1907 ], [ -4.1218, 51.1919 ], [ -4.1199, 51.1946 ], [ -4.1221, 51.1957 ], [ -4.1235, 51.1974 ], [ -4.1256, 51.2002 ], [ -4.1261, 51.2025 ], [ -4.1275, 51.2051 ], [ -4.1274, 51.2055 ], [ -4.1265, 51.2057 ], [ -4.1264, 51.2063 ], [ -4.1261, 51.2064 ], [ -4.1256, 51.2058 ], [ -4.1251, 51.2056 ], [ -4.1243, 51.2056 ], [ -4.1221, 51.2052 ], [ -4.1197, 51.2042 ], [ -4.1187, 51.2032 ], [ -4.1167, 51.2021 ], [ -4.1122, 51.201 ], [ -4.1088, 51.198 ], [ -4.1079, 51.1976 ], [ -4.1071, 51.1966 ], [ -4.1065, 51.1938 ], [ -4.1065, 51.1918 ], [ -4.1068, 51.1903 ], [ -4.1068, 51.1884 ], [ -4.1064, 51.1869 ], [ -4.1041, 51.1828 ], [ -4.1025, 51.1813 ], [ -4.1002, 51.178 ], [ -4.099, 51.1757 ], [ -4.0979, 51.1723 ], [ -4.0967, 51.1689 ], [ -4.0935, 51.1633 ], [ -4.0933, 51.1614 ], [ -4.0904, 51.1546 ], [ -4.0904, 51.1523 ], [ -4.0889, 51.148 ], [ -4.0872, 51.1435 ], [ -4.0828, 51.1361 ], [ -4.0797, 51.1323 ], [ -4.0788, 51.131 ], [ -4.0785, 51.1271 ], [ -4.0755, 51.1242 ], [ -4.075, 51.122 ], [ -4.0752, 51.1202 ], [ -4.0743, 51.1185 ], [ -4.0748, 51.1173 ], [ -4.0745, 51.112 ], [ -4.0773, 51.1086 ], [ -4.0807, 51.1059 ], [ -4.0836, 51.1043 ], [ -4.0836, 51.1033 ], [ -4.0811, 51.1 ], [ -4.0785, 51.0988 ], [ -4.0761, 51.0969 ], [ -4.0759, 51.0955 ], [ -4.0714, 51.0911 ], [ -4.0712, 51.09 ], [ -4.0707, 51.0893 ], [ -4.0674, 51.0887 ], [ -4.0644, 51.0881 ], [ -4.0634, 51.0882 ], [ -4.0619, 51.088 ], [ -4.0619, 51.0857 ], [ -4.0613, 51.0852 ], [ -4.0609, 51.0845 ], [ -4.061, 51.083 ], [ -4.0617, 51.0827 ], [ -4.0599, 51.0801 ], [ -4.0594, 51.0794 ], [ -4.0586, 51.0791 ], [ -4.0589, 51.0783 ] ] } },
{ "type": "Feature", "properties": { "linetype": 1 }, "geometry": { "type": "LineString", "coordinates": [ [ -4.0463, 51.0713 ], [ -4.0473, 51.0702 ], [ -4.0475, 51.0691 ], [ -4.0454, 51.0677 ], [ -4.0432, 51.0661 ], [ -4.0419, 51.0643 ], [ -4.0396, 51.0633 ], [ -4.0366, 51.0626 ], [ -4.0313, 51.0619 ], [ -4.0295, 51.0612 ], [ -4.026, 51.0604 ], [ -4.0235, 51.0594 ], [ -4.021, 51.0582 ], [ -4.019, 51.0576 ], [ -4.0165, 51.0554 ], [ -4.0145, 51.0537 ], [ -4.0122, 51.0528 ], [ -4.0113, 51.0514 ], [ -4.0101, 51.05 ], [ -4.0076, 51.0495 ], [ -4.0036, 51.0482 ], [ -4.0005, 51.0472 ], [ -4.0003, 51.0463 ], [ -4.0003, 51.0445 ], [ -3.9992, 51.0411 ], [ -3.998, 51.0398 ], [ -3.9955, 51.0383 ], [ -3.9936, 51.0368 ], [ -3.992, 51.0345 ], [ -3.9874, 51.0307 ], [ -3.9857, 51.0298 ], [ -3.9822, 51.0287 ], [ -3.9796, 51.027 ], [ -3.9779, 51.0253 ], [ -3.9752, 51.0245 ], [ -3.9706, 51.0218 ], [ -3.9695, 51.0216 ], [ -3.9691, 51.0201 ], [ -3.9682, 51.0187 ], [ -3.966, 51.0183 ], [ -3.9623, 51.0176 ], [ -3.9603, 51.0167 ], [ -3.9578, 51.0158 ], [ -3.957, 51.0136 ], [ -3.9558, 51.0119 ], [ -3.9536, 51.0121 ], [ -3.9525, 51.0117 ], [ -3.9503, 51.0114 ], [ -3.9486, 51.01 ], [ -3.946, 51.0096 ], [ -3.9461, 51.008 ], [ -3.946, 51.0066 ], [ -3.9431, 51.004 ], [ -3.9435, 51.0031 ], [ -3.9394, 51.0013 ], [ -3.9375, 50.9989 ], [ -3.9328, 50.9962 ], [ -3.9314, 50.9941 ], [ -3.93, 50.9927 ], [ -3.9268, 50.9884 ], [ -3.9248, 50.9862 ], [ -3.9233, 50.9839 ], [ -3.9208, 50.9821 ], [ -3.9207, 50.9803 ], [ -3.9203, 50.9776 ], [ -3.9211, 50.976 ], [ -3.9233, 50.9753 ], [ -3.9256, 50.9725 ], [ -3.9238, 50.9702 ], [ -3.9212, 50.9677 ], [ -3.9187, 50.9654 ], [ -3.9194, 50.9634 ], [ -3.9194, 50.9608 ], [ -3.9194, 50.9582 ], [ -3.9199, 50.9557 ], [ -3.9186, 50.952 ], [ -3.9151, 50.952 ], [ -3.9136, 50.9511 ], [ -3.9113, 50.9505 ], [ -3.9067, 50.9498 ], [ -3.9031, 50.9499 ], [ -3.9002, 50.9486 ], [ -3.898, 50.9482 ], [ -3.8972, 50.9469 ], [ -3.8978, 50.9455 ], [ -3.9004, 50.9437 ], [ -3.9036, 50.9422 ], [ -3.9049, 50.94 ], [ -3.9055, 50.9377 ], [ -3.9048, 50.9358 ], [ -3.9044, 50.9333 ], [ -3.9035, 50.9317 ], [ -3.9021, 50.9294 ], [ -3.9019, 50.9268 ], [ -3.9, 50.9247 ], [ -3.8976, 50.9236 ], [ -3.8952, 50.9234 ], [ -3.8917, 50.9234 ], [ -3.8881, 50.9228 ], [ -3.8862, 50.9217 ], [ -3.8832, 50.9201 ], [ -3.8798, 50.9191 ], [ -3.8748, 50.9185 ], [ -3.8733, 50.9176 ], [ -3.8727, 50.9177 ], [ -3.8701, 50.9153 ], [ -3.8698, 50.914 ], [ -3.8688, 50.912 ], [ -3.8675, 50.9117 ], [ -3.8673, 50.911 ], [ -3.8645, 50.9095 ], [ -3.8635, 50.9083 ], [ -3.8638, 50.9079 ], [ -3.8642, 50.907 ], [ -3.863, 50.9061 ], [ -3.8608, 50.9049 ], [ -3.8577, 50.9042 ], [ -3.854, 50.904 ], [ -3.852, 50.9035 ], [ -3.8503, 50.9021 ], [ -3.8485, 50.9012 ], [ -3.8412, 50.8995 ], [ -3.8358, 50.899 ], [ -3.8334, 50.8973 ], [ -3.8297, 50.8933 ], [ -3.8256, 50.8924 ], [ -3.8243, 50.8908 ], [ -3.8214, 50.8907 ], [ -3.8191, 50.8908 ], [ -3.814, 50.8902 ], [ -3.8136, 50.887 ], [ -3.8134, 50.8852 ], [ -3.8119, 50.8829 ], [ -3.8068, 50.8805 ], [ -3.8042, 50.8789 ], [ -3.8015, 50.8774 ], [ -3.798, 50.8759 ], [ -3.7968, 50.8739 ], [ -3.7934, 50.8706 ], [ -3.7919, 50.8705 ], [ -3.7879, 50.8691 ], [ -3.7834, 50.8671 ], [ -3.7823, 50.8661 ], [ -3.7797, 50.8646 ], [ -3.7776, 50.8644 ], [ -3.7757, 50.8644 ], [ -3.7716, 50.8629 ], [ -3.7697, 50.8612 ], [ -3.7664, 50.8598 ], [ -3.7633, 50.8588 ], [ -3.7607, 50.858 ], [ -3.7576, 50.8565 ], [ -3.7535, 50.8562 ], [ -3.7517, 50.8562 ], [ -3.749, 50.8543 ], [ -3.749, 50.8507 ], [ -3.7482, 50.8492 ], [ -3.745, 50.847 ], [ -3.7442, 50.8438 ], [ -3.7434, 50.8424 ], [ -3.741, 50.8411 ], [ -3.7394, 50.8401 ], [ -3.7341, 50.8365 ], [ -3.7302, 50.8346 ], [ -3.7277, 50.8339 ], [ -3.725, 50.832 ], [ -3.7241, 50.8295 ], [ -3.7202, 50.8258 ], [ -3.7154, 50.8245 ], [ -3.7113, 50.8188 ], [ -3.7083, 50.8173 ], [ -3.7053, 50.816 ], [ -3.7031, 50.813 ], [ -3.6982, 50.8104 ], [ -3.6942, 50.8091 ], [ -3.6907, 50.8083 ], [ -3.6899, 50.8071 ], [ -3.6867, 50.8071 ], [ -3.6833, 50.8063 ], [ -3.6815, 50.8052 ], [ -3.6794, 50.805 ], [ -3.6698, 50.8031 ], [ -3.667, 50.8015 ], [ -3.6637, 50.8001 ], [ -3.6618, 50.7978 ], [ -3.6584, 50.7955 ], [ -3.6546, 50.7938 ], [ -3.6519, 50.7914 ] ] } },
{ "type": "Feature", "properties": { "linetype": 1 }, "geometry": { "type": "LineString", "coordinates": [ [ -3.8409, 50.673 ], [ -3.8396, 50.6724 ], [ -3.7624, 50.6612 ] ] } },
{ "type": "Feature", "properties": { "linetype": 1 }, "geometry": { "type": "LineString", "coordinates": [ [ -4.8164, 50.3137 ], [ -4.824, 50.3128 ], [ -4.8271, 50.3144 ], [ -4.8303, 50.3147 ], [ -4.8341, 50.3151 ], [ -4.838, 50.3161 ], [ -4.8387, 50.3173 ], [ -4.8425, 50.3158 ], [ -4.8486, 50.315 ], [ -4.8531, 50.3144 ], [ -4.8588, 50.3131 ], [ -4.8616, 50.3119 ], [ -4.8655, 50.3111 ], [ -4.87, 50.3081 ], [ -4.8729, 50.3077 ], [ -4.8771, 50.3053 ], [ -4.879, 50.3041 ], [ -4.8816, 50.3029 ], [ -4.8834, 50.3016 ], [ -4.8862, 50.3009 ], [ -4.8888, 50.2998 ], [ -4.8951, 50.2982 ], [ -4.8979, 50.2979 ], [ -4.9008, 50.2987 ], [ -4.9034, 50.2993 ], [ -4.9068, 50.3002 ], [ -4.9082, 50.3001 ], [ -4.9109, 50.3006 ], [ -4.9134, 50.3 ], [ -4.9155, 50.2997 ], [ -4.9197, 50.3003 ], [ -4.9252, 50.3005 ], [ -4.928, 50.3 ], [ -4.9299, 50.2989 ], [ -4.9329, 50.2968 ], [ -4.9336, 50.2955 ], [ -4.9368, 50.2927 ], [ -4.94, 50.2926 ], [ -4.9424, 50.293 ], [ -4.946, 50.2931 ], [ -4.9485, 50.2936 ], [ -4.9507, 50.2934 ], [ -4.951, 50.2927 ], [ -4.9616, 50.2923 ], [ -4.9693, 50.291 ], [ -4.9729, 50.2885 ], [ -4.9748, 50.2875 ], [ -4.9803, 50.2845 ], [ -4.9833, 50.2842 ], [ -4.9847, 50.2836 ], [ -4.9859, 50.2837 ], [ -4.9885, 50.2829 ], [ -4.9891, 50.2813 ], [ -4.9905, 50.2797 ], [ -4.9915, 50.28 ], [ -4.9932, 50.2802 ], [ -4.9946, 50.2798 ], [ -4.9959, 50.2781 ], [ -4.9974, 50.2773 ], [ -5.0029, 50.2744 ], [ -5.0041, 50.2735 ], [ -5.0049, 50.2719 ], [ -5.0083, 50.2716 ], [ -5.0102, 50.272 ], [ -5.0118, 50.2727 ], [ -5.0129, 50.2741 ], [ -5.0145, 50.2745 ], [ -5.0158, 50.2752 ], [ -5.0171, 50.276 ], [ -5.0183, 50.2756 ], [ -5.0203, 50.2757 ], [ -5.0225, 50.2766 ], [ -5.0239, 50.2767 ], [ -5.0257, 50.2757 ], [ -5.0283, 50.2741 ], [ -5.032, 50.2732 ], [ -5.0345, 50.2725 ], [ -5.0363, 50.2707 ], [ -5.0374, 50.2687 ], [ -5.0406, 50.2676 ], [ -5.0431, 50.2661 ], [ -5.0458, 50.2638 ], [ -5.0484, 50.2628 ], [ -5.0496, 50.2632 ], [ -5.0509, 50.2634 ] ] } },
{ "type": "Feature", "properties": { "linetype": 1 }, "geometry": { "type": "LineString", "coordinates": [ [ -4.6887, 50.3599 ], [ -4.6865, 50.3624 ], [ -4.6867, 50.3645 ], [ -4.6888, 50.3678 ], [ -4.6879, 50.3704 ], [ -4.688, 50.3747 ], [ -4.6895, 50.3771 ], [ -4.6887, 50.3784 ], [ -4.6889, 50.3813 ], [ -4.6912, 50.3832 ], [ -4.6914, 50.3859 ], [ -4.69, 50.3881 ], [ -4.6923, 50.3906 ], [ -4.693, 50.3929 ], [ -4.6949, 50.3944 ], [ -4.6941, 50.397 ], [ -4.6926, 50.3982 ], [ -4.6925, 50.3992 ], [ -4.6901, 50.4007 ], [ -4.6869, 50.401 ], [ -4.6846, 50.4012 ], [ -4.6789, 50.4022 ], [ -4.6757, 50.403 ], [ -4.6746, 50.4041 ], [ -4.6736, 50.4053 ], [ -4.6719, 50.4063 ], [ -4.671, 50.4075 ], [ -4.6695, 50.4071 ], [ -4.6684, 50.4072 ], [ -4.6678, 50.4077 ], [ -4.6664, 50.4075 ], [ -4.6625, 50.407 ], [ -4.6586, 50.4074 ], [ -4.6543, 50.4074 ], [ -4.6514, 50.4081 ], [ -4.6482, 50.4108 ], [ -4.6474, 50.414 ], [ -4.6457, 50.4173 ], [ -4.6438, 50.4204 ], [ -4.6429, 50.4243 ], [ -4.6417, 50.4276 ], [ -4.6388, 50.4309 ], [ -4.6347, 50.4343 ], [ -4.6293, 50.4363 ], [ -4.6229, 50.4381 ], [ -4.6158, 50.4389 ], [ -4.6108, 50.4391 ], [ -4.6028, 50.4413 ], [ -4.5964, 50.4427 ], [ -4.5896, 50.4437 ], [ -4.5835, 50.4434 ], [ -4.5758, 50.4423 ], [ -4.5724, 50.4413 ], [ -4.5682, 50.4418 ], [ -4.5625, 50.4418 ], [ -4.5599, 50.4444 ], [ -4.5564, 50.4463 ], [ -4.5498, 50.4529 ], [ -4.5474, 50.4538 ], [ -4.5398, 50.4555 ], [ -4.5379, 50.4568 ], [ -4.5339, 50.4574 ], [ -4.5301, 50.4587 ], [ -4.5264, 50.4588 ], [ -4.5213, 50.458 ], [ -4.5178, 50.458 ], [ -4.5141, 50.4583 ], [ -4.5094, 50.4577 ], [ -4.5054, 50.4578 ], [ -4.5012, 50.4579 ], [ -4.4968, 50.4589 ], [ -4.4953, 50.4588 ], [ -4.4931, 50.4567 ], [ -4.4918, 50.4559 ], [ -4.4905, 50.4543 ], [ -4.4877, 50.4529 ], [ -4.4855, 50.4518 ], [ -4.4838, 50.4504 ], [ -4.4808, 50.4509 ], [ -4.4767, 50.4518 ], [ -4.4737, 50.4521 ], [ -4.4723, 50.4543 ], [ -4.4687, 50.4549 ], [ -4.4654, 50.454 ], [ -4.4655, 50.4554 ], [ -4.4647, 50.4559 ], [ -4.4645, 50.4567 ], [ -4.4627, 50.4587 ], [ -4.4599, 50.4586 ], [ -4.4529, 50.4592 ], [ -4.4513, 50.4594 ], [ -4.4475, 50.459 ], [ -4.4456, 50.4592 ], [ -4.4422, 50.4588 ], [ -4.44, 50.4592 ], [ -4.4381, 50.4599 ], [ -4.4362, 50.4603 ], [ -4.435, 50.4602 ], [ -4.4325, 50.4608 ], [ -4.4252, 50.4607 ], [ -4.423, 50.4624 ], [ -4.4217, 50.4628 ], [ -4.4207, 50.4639 ], [ -4.4179, 50.4654 ], [ -4.4144, 50.4663 ], [ -4.4136, 50.4677 ], [ -4.4122, 50.469 ], [ -4.4112, 50.4704 ], [ -4.4087, 50.47 ], [ -4.4042, 50.4702 ], [ -4.4006, 50.4725 ], [ -4.3978, 50.4734 ], [ -4.3968, 50.4757 ], [ -4.3956, 50.4767 ], [ -4.3934, 50.4766 ], [ -4.3881, 50.478 ], [ -4.3846, 50.4791 ], [ -4.3818, 50.4804 ], [ -4.378, 50.4804 ], [ -4.3744, 50.4828 ], [ -4.374, 50.4853 ], [ -4.3716, 50.4872 ], [ -4.3655, 50.4857 ], [ -4.3571, 50.4855 ], [ -4.3531, 50.4859 ], [ -4.3475, 50.4873 ], [ -4.3429, 50.4881 ], [ -4.3386, 50.4878 ], [ -4.335, 50.4883 ], [ -4.3332, 50.4889 ], [ -4.3322, 50.4887 ], [ -4.3312, 50.4885 ], [ -4.3258, 50.4879 ], [ -4.323, 50.4884 ], [ -4.32, 50.4902 ], [ -4.3193, 50.493 ], [ -4.3202, 50.4955 ], [ -4.3103, 50.5 ], [ -4.308, 50.5007 ], [ -4.306, 50.5007 ], [ -4.3011, 50.5043 ], [ -4.2987, 50.5065 ], [ -4.2878, 50.5103 ], [ -4.2862, 50.5124 ], [ -4.2767, 50.5149 ], [ -4.2727, 50.5165 ], [ -4.2693, 50.5167 ], [ -4.2558, 50.5164 ], [ -4.2409, 50.5166 ], [ -4.2356, 50.5163 ], [ -4.2253, 50.5157 ], [ -4.2213, 50.5161 ], [ -4.2212, 50.518 ], [ -4.2212, 50.5196 ], [ -4.2216, 50.5219 ], [ -4.2192, 50.5241 ], [ -4.2184, 50.5235 ], [ -4.2133, 50.5245 ], [ -4.2124, 50.5255 ], [ -4.2125, 50.5282 ], [ -4.212, 50.5285 ], [ -4.1438, 50.5502 ], [ -4.1411, 50.5514 ], [ -4.1364, 50.5514 ], [ -4.1324, 50.5526 ], [ -4.1302, 50.5523 ], [ -4.1268, 50.553 ], [ -4.1247, 50.5525 ], [ -4.1179, 50.5518 ], [ -4.112, 50.5522 ], [ -4.0992, 50.552 ], [ -4.0954, 50.5535 ], [ -4.089, 50.5573 ], [ -4.082, 50.5592 ], [ -4.0765, 50.5576 ], [ -4.0694, 50.5574 ], [ -4.0651, 50.5561 ], [ -4.0567, 50.5569 ], [ -4.0533, 50.5576 ], [ -4.0508, 50.5585 ], [ -4.0486, 50.5581 ], [ -4.0482, 50.5568 ], [ -4.0452, 50.5572 ], [ -4.0411, 50.5578 ], [ -4.0366, 50.5561 ], [ -4.0275, 50.5568 ], [ -4.023, 50.5572 ], [ -4.019, 50.5568 ], [ -4.0118, 50.5572 ], [ -4.0, 50.5579 ], [ -3.9971, 50.5572 ], [ -3.9817, 50.5577 ], [ -3.9774, 50.5584 ], [ -3.9721, 50.5584 ], [ -3.9693, 50.5572 ], [ -3.9678, 50.5578 ], [ -3.9663, 50.5578 ], [ -3.9652, 50.5585 ], [ -3.9634, 50.5577 ], [ -3.9601, 50.5603 ], [ -3.9592, 50.5625 ], [ -3.9537, 50.5634 ], [ -3.9434, 50.5683 ], [ -3.9419, 50.5707 ], [ -3.9305, 50.5765 ], [ -3.9274, 50.5809 ], [ -3.9195, 50.5892 ], [ -3.9116, 50.5943 ], [ -3.8953, 50.6037 ], [ -3.885, 50.6092 ], [ -3.8784, 50.6108 ], [ -3.8751, 50.6129 ], [ -3.8791, 50.616 ], [ -3.8808, 50.6235 ], [ -3.8822, 50.6328 ], [ -3.8814, 50.6382 ], [ -3.8784, 50.6399 ], [ -3.8756, 50.6411 ], [ -3.8742, 50.643 ], [ -3.8724, 50.646 ], [ -3.8699, 50.6485 ], [ -3.8665, 50.6503 ], [ -3.8634, 50.6511 ], [ -3.8599, 50.652 ], [ -3.8578, 50.6534 ], [ -3.857, 50.6549 ], [ -3.8558, 50.6565 ], [ -3.8549, 50.6577 ], [ -3.8556, 50.6606 ], [ -3.8556, 50.6634 ], [ -3.8562, 50.6656 ], [ -3.8554, 50.6682 ], [ -3.8495, 50.6703 ], [ -3.8425, 50.6734 ], [ -3.8409, 50.673 ], [ -3.84, 50.6738 ], [ -3.8402, 50.6745 ], [ -3.8395, 50.6752 ], [ -3.8353, 50.6771 ], [ -3.8329, 50.678 ], [ -3.8313, 50.6788 ], [ -3.83, 50.6795 ], [ -3.8257, 50.6815 ], [ -3.8241, 50.6819 ], [ -3.8234, 50.6827 ], [ -3.8218, 50.6831 ], [ -3.8194, 50.683 ], [ -3.8149, 50.6846 ], [ -3.8116, 50.6854 ], [ -3.8101, 50.6859 ], [ -3.8055, 50.6852 ], [ -3.8042, 50.6848 ], [ -3.8033, 50.6837 ], [ -3.8023, 50.6831 ], [ -3.7997, 50.6823 ], [ -3.798, 50.6832 ], [ -3.7924, 50.6831 ], [ -3.7909, 50.683 ], [ -3.7862, 50.6837 ], [ -3.7829, 50.685 ], [ -3.7803, 50.6854 ], [ -3.7785, 50.6854 ], [ -3.7745, 50.6858 ], [ -3.772, 50.6857 ], [ -3.7694, 50.6869 ], [ -3.7679, 50.6868 ], [ -3.7664, 50.6872 ], [ -3.7641, 50.6875 ], [ -3.7624, 50.688 ], [ -3.7575, 50.6875 ], [ -3.7556, 50.6876 ], [ -3.7498, 50.6898 ], [ -3.745, 50.6918 ], [ -3.7423, 50.6919 ], [ -3.7392, 50.6918 ], [ -3.7369, 50.6925 ], [ -3.7341, 50.6929 ], [ -3.7333, 50.6933 ], [ -3.7314, 50.6941 ], [ -3.7274, 50.6944 ], [ -3.7273, 50.6948 ], [ -3.7267, 50.6953 ], [ -3.7256, 50.6954 ], [ -3.7249, 50.6949 ], [ -3.7233, 50.6939 ], [ -3.7233, 50.6926 ], [ -3.7235, 50.6913 ], [ -3.7228, 50.6903 ], [ -3.7197, 50.6914 ], [ -3.7171, 50.6919 ], [ -3.7156, 50.6924 ], [ -3.711, 50.6929 ], [ -3.7089, 50.6925 ], [ -3.7068, 50.6924 ], [ -3.704, 50.6924 ], [ -3.701, 50.6925 ], [ -3.6978, 50.6923 ], [ -3.6916, 50.6909 ], [ -3.6905, 50.6911 ], [ -3.6889, 50.6903 ], [ -3.688, 50.69 ], [ -3.6868, 50.6894 ], [ -3.6826, 50.6899 ], [ -3.6805, 50.6904 ], [ -3.6792, 50.6911 ], [ -3.6764, 50.6911 ], [ -3.674, 50.6913 ], [ -3.6718, 50.6911 ], [ -3.6711, 50.6906 ], [ -3.6677, 50.6909 ], [ -3.6587, 50.6929 ], [ -3.6559, 50.6925 ], [ -3.654, 50.6927 ], [ -3.6499, 50.6927 ], [ -3.642, 50.6945 ], [ -3.6357, 50.6962 ], [ -3.6296, 50.7003 ], [ -3.6295, 50.7025 ], [ -3.6264, 50.7031 ], [ -3.6245, 50.7037 ], [ -3.623, 50.704 ], [ -3.6211, 50.7039 ], [ -3.6195, 50.7028 ], [ -3.6173, 50.7029 ], [ -3.6136, 50.7045 ], [ -3.6133, 50.7066 ], [ -3.6111, 50.7077 ], [ -3.608, 50.7084 ], [ -3.6056, 50.7083 ], [ -3.5997, 50.7071 ], [ -3.5959, 50.7059 ], [ -3.5821, 50.7067 ], [ -3.5805, 50.7077 ], [ -3.5799, 50.7086 ], [ -3.5787, 50.7088 ], [ -3.5736, 50.7098 ], [ -3.5701, 50.7114 ], [ -3.5659, 50.7109 ], [ -3.5639, 50.7099 ], [ -3.5618, 50.71 ], [ -3.5602, 50.7108 ], [ -3.554, 50.7119 ], [ -3.5475, 50.7147 ], [ -3.5455, 50.7145 ], [ -3.5378, 50.7178 ], [ -3.5371, 50.7184 ] ] } },
{ "type": "Feature", "properties": { "linetype": 1 }, "geometry": { "type": "LineString", "coordinates": [ [ -1.7831, 52.0462 ], [ -1.7856, 52.0464 ], [ -1.7871, 52.0452 ], [ -1.7877, 52.0434 ], [ -1.7866, 52.0411 ], [ -1.7868, 52.0383 ], [ -1.7886, 52.0347 ], [ -1.7902, 52.0326 ], [ -1.7953, 52.0282 ], [ -1.8095, 52.0219 ], [ -1.8124, 52.0206 ], [ -1.816, 52.0188 ], [ -1.8184, 52.017 ], [ -1.8221, 52.0151 ], [ -1.823, 52.0131 ], [ -1.8282, 52.0115 ], [ -1.829, 52.0106 ], [ -1.8349, 52.0093 ], [ -1.8389, 52.0068 ], [ -1.847, 52.0041 ], [ -1.8511, 52.0031 ], [ -1.8555, 52.0031 ], [ -1.8582, 52.0021 ], [ -1.8598, 52.0014 ], [ -1.8615, 52.0016 ], [ -1.8639, 52.0012 ], [ -1.865, 52.0007 ], [ -1.8678, 52.0004 ], [ -1.8693, 51.9997 ], [ -1.8693, 51.9973 ], [ -1.8689, 51.9961 ], [ -1.8696, 51.9936 ], [ -1.8715, 51.9941 ], [ -1.873, 51.9944 ], [ -1.8784, 51.9944 ], [ -1.8819, 51.9952 ], [ -1.8868, 51.9941 ], [ -1.8904, 51.9921 ], [ -1.8917, 51.9906 ], [ -1.8937, 51.9893 ], [ -1.9, 51.9886 ], [ -1.902, 51.987 ], [ -1.9073, 51.9869 ], [ -1.9125, 51.9876 ], [ -1.9137, 51.9843 ], [ -1.9133, 51.9815 ], [ -1.9145, 51.9812 ], [ -1.9181, 51.9812 ], [ -1.9203, 51.9808 ], [ -1.9227, 51.9801 ], [ -1.9225, 51.9792 ], [ -1.9239, 51.979 ], [ -1.9271, 51.9782 ], [ -1.93, 51.9784 ], [ -1.932, 51.978 ], [ -1.9364, 51.9776 ], [ -1.939, 51.9753 ], [ -1.943, 51.9748 ], [ -1.9459, 51.9736 ], [ -1.9487, 51.9727 ], [ -1.9515, 51.9708 ], [ -1.9537, 51.9679 ], [ -1.955, 51.9665 ], [ -1.9554, 51.9638 ], [ -1.9564, 51.9622 ], [ -1.958, 51.9603 ], [ -1.9598, 51.9579 ], [ -1.9611, 51.9576 ], [ -1.9621, 51.9555 ], [ -1.9633, 51.9539 ], [ -1.9654, 51.9529 ], [ -1.9673, 51.9524 ], [ -1.9718, 51.9517 ], [ -1.9738, 51.9498 ], [ -1.975, 51.9477 ], [ -1.9766, 51.9476 ], [ -1.9779, 51.9468 ], [ -1.9795, 51.9468 ], [ -1.9808, 51.9452 ], [ -1.9856, 51.9457 ], [ -1.9919, 51.9451 ], [ -1.9964, 51.9452 ], [ -2.0016, 51.9434 ], [ -2.0062, 51.9397 ], [ -2.0085, 51.9379 ], [ -2.0085, 51.9369 ], [ -2.0152, 51.9302 ], [ -2.0158, 51.9283 ], [ -2.0187, 51.925 ], [ -2.0182, 51.9238 ], [ -2.021, 51.9225 ], [ -2.0244, 51.9221 ], [ -2.028, 51.9202 ], [ -2.0288, 51.9183 ], [ -2.0301, 51.918 ], [ -2.0328, 51.9165 ], [ -2.037, 51.9155 ], [ -2.0375, 51.9141 ], [ -2.0398, 51.9145 ], [ -2.0427, 51.9145 ], [ -2.0422, 51.9137 ], [ -2.0451, 51.9136 ], [ -2.0457, 51.9127 ], [ -2.0506, 51.912 ], [ -2.0556, 51.9107 ], [ -2.0602, 51.9083 ], [ -2.0629, 51.9065 ], [ -2.0638, 51.9064 ], [ -2.0696, 51.9042 ], [ -2.0713, 51.9046 ], [ -2.0745, 51.9011 ], [ -2.0768, 51.9025 ], [ -2.0789, 51.903 ], [ -2.0871, 51.9068 ], [ -2.0895, 51.9087 ], [ -2.0939, 51.9106 ], [ -2.0989, 51.9139 ], [ -2.104, 51.9164 ], [ -2.1054, 51.916 ], [ -2.1085, 51.9164 ], [ -2.1147, 51.9171 ], [ -2.1185, 51.9171 ], [ -2.1228, 51.916 ], [ -2.125, 51.9161 ], [ -2.1267, 51.9157 ], [ -2.1292, 51.9159 ], [ -2.1351, 51.9141 ], [ -2.1429, 51.9129 ], [ -2.1459, 51.9108 ], [ -2.1509, 51.9079 ], [ -2.1572, 51.9034 ], [ -2.1593, 51.9017 ], [ -2.1595, 51.9005 ], [ -2.1644, 51.8995 ], [ -2.1673, 51.8987 ], [ -2.1701, 51.8985 ], [ -2.1757, 51.8966 ], [ -2.181, 51.893 ], [ -2.1833, 51.8903 ], [ -2.1863, 51.8881 ], [ -2.1907, 51.8848 ], [ -2.1937, 51.8822 ], [ -2.1959, 51.8814 ], [ -2.1975, 51.8799 ], [ -2.207, 51.8751 ], [ -2.2096, 51.8753 ], [ -2.2116, 51.8737 ], [ -2.2164, 51.872 ], [ -2.2208, 51.8714 ], [ -2.2243, 51.8703 ], [ -2.2271, 51.8689 ] ] } },
{ "type": "Feature", "properties": { "linetype": 1 }, "geometry": { "type": "LineString", "coordinates": [ [ -1.6986, 52.1905 ], [ -1.6989, 52.1887 ], [ -1.6986, 52.1873 ], [ -1.7002, 52.1851 ], [ -1.7001, 52.1793 ], [ -1.703, 52.1785 ], [ -1.7071, 52.1769 ], [ -1.7112, 52.1747 ], [ -1.7136, 52.1728 ], [ -1.7152, 52.1724 ], [ -1.7176, 52.1703 ], [ -1.7168, 52.1692 ], [ -1.7188, 52.1666 ], [ -1.7225, 52.1642 ], [ -1.7263, 52.1621 ], [ -1.73, 52.1586 ], [ -1.731, 52.155 ], [ -1.7331, 52.1523 ], [ -1.7352, 52.1501 ], [ -1.738, 52.146 ], [ -1.7405, 52.1406 ], [ -1.7409, 52.1388 ], [ -1.7425, 52.1357 ], [ -1.7453, 52.1333 ], [ -1.7464, 52.1317 ], [ -1.7492, 52.1307 ], [ -1.7534, 52.1243 ], [ -1.7572, 52.1173 ], [ -1.7567, 52.1153 ], [ -1.7562, 52.1121 ], [ -1.7588, 52.1068 ], [ -1.7709, 52.101 ], [ -1.7643, 52.0935 ], [ -1.7669, 52.0927 ], [ -1.7665, 52.0903 ], [ -1.7681, 52.0894 ], [ -1.7709, 52.0873 ], [ -1.7715, 52.0826 ], [ -1.7707, 52.0806 ], [ -1.7721, 52.0786 ], [ -1.7715, 52.0763 ], [ -1.7737, 52.0745 ], [ -1.7745, 52.0723 ], [ -1.7761, 52.071 ], [ -1.777, 52.0685 ], [ -1.7811, 52.0646 ], [ -1.7846, 52.0623 ], [ -1.7842, 52.0609 ], [ -1.7783, 52.0534 ], [ -1.779, 52.0521 ] ] } },
{ "type": "Feature", "properties": { "linetype": 1 }, "geometry": { "type": "LineString", "coordinates": [ [ -1.51, 52.4078 ], [ -1.5124, 52.4059 ], [ -1.5148, 52.4032 ], [ -1.5165, 52.3987 ], [ -1.5168, 52.3964 ], [ -1.5161, 52.3955 ], [ -1.5158, 52.3909 ], [ -1.5166, 52.3896 ], [ -1.5194, 52.3882 ], [ -1.5197, 52.3874 ], [ -1.5162, 52.3855 ], [ -1.5161, 52.3801 ], [ -1.5166, 52.3769 ], [ -1.5148, 52.3736 ], [ -1.5142, 52.3694 ], [ -1.5153, 52.3641 ], [ -1.5172, 52.3615 ], [ -1.5236, 52.3546 ], [ -1.5257, 52.3514 ], [ -1.5294, 52.3491 ], [ -1.5382, 52.346 ], [ -1.5432, 52.3435 ], [ -1.5462, 52.3398 ], [ -1.5488, 52.3344 ], [ -1.5506, 52.3316 ], [ -1.5564, 52.3289 ], [ -1.5582, 52.327 ], [ -1.5589, 52.3245 ], [ -1.5609, 52.3234 ], [ -1.5645, 52.3173 ], [ -1.5668, 52.3137 ], [ -1.568, 52.3101 ], [ -1.5711, 52.3086 ], [ -1.5757, 52.3078 ], [ -1.575, 52.3057 ], [ -1.5753, 52.3018 ], [ -1.5763, 52.2944 ], [ -1.5788, 52.2892 ], [ -1.5806, 52.2837 ], [ -1.5853, 52.2822 ], [ -1.5869, 52.2828 ], [ -1.5879, 52.2824 ], [ -1.588, 52.2817 ], [ -1.5875, 52.2813 ], [ -1.5912, 52.2797 ], [ -1.5935, 52.2773 ], [ -1.5963, 52.274 ], [ -1.5977, 52.27 ], [ -1.601, 52.2663 ], [ -1.6056, 52.2613 ], [ -1.6129, 52.2598 ], [ -1.6181, 52.2579 ], [ -1.6278, 52.2548 ], [ -1.6308, 52.2543 ], [ -1.6358, 52.2514 ], [ -1.64, 52.2487 ], [ -1.6472, 52.2446 ], [ -1.6511, 52.2429 ], [ -1.6512, 52.2417 ], [ -1.6523, 52.2392 ], [ -1.6537, 52.2363 ], [ -1.6554, 52.2336 ], [ -1.6604, 52.2295 ], [ -1.6624, 52.2292 ], [ -1.6663, 52.2246 ], [ -1.6668, 52.2226 ], [ -1.6677, 52.2208 ], [ -1.6733, 52.2178 ], [ -1.6755, 52.2151 ], [ -1.6774, 52.2137 ], [ -1.6819, 52.2083 ], [ -1.6852, 52.2067 ], [ -1.6936, 52.2009 ], [ -1.6958, 52.1987 ], [ -1.701, 52.1966 ], [ -1.704, 52.1936 ], [ -1.7038, 52.1928 ] ] } },
{ "type": "Feature", "properties": { "linetype": 1 }, "geometry": { "type": "LineString", "coordinates": [ [ -3.0151, 52.2766 ], [ -3.0142, 52.2795 ], [ -3.0152, 52.2805 ], [ -3.0142, 52.2812 ], [ -3.0136, 52.2821 ], [ -3.0137, 52.2843 ], [ -3.018, 52.2889 ], [ -3.0184, 52.2908 ], [ -3.0191, 52.2918 ], [ -3.0219, 52.2964 ], [ -3.0217, 52.2985 ], [ -3.0222, 52.2999 ], [ -3.0256, 52.3005 ], [ -3.0269, 52.3046 ], [ -3.0291, 52.3075 ], [ -3.0317, 52.3096 ], [ -3.0353, 52.3116 ], [ -3.0378, 52.312 ], [ -3.04, 52.3121 ], [ -3.0424, 52.3126 ], [ -3.0455, 52.3123 ], [ -3.0476, 52.3128 ], [ -3.0502, 52.3132 ], [ -3.0526, 52.3129 ], [ -3.0549, 52.3134 ], [ -3.0564, 52.3148 ], [ -3.0562, 52.3172 ], [ -3.0568, 52.3193 ], [ -3.0552, 52.3209 ], [ -3.0532, 52.3224 ], [ -3.0499, 52.3254 ], [ -3.0474, 52.3261 ], [ -3.0453, 52.3272 ], [ -3.0438, 52.329 ], [ -3.0425, 52.3317 ], [ -3.0406, 52.3339 ], [ -3.0419, 52.337 ], [ -3.0442, 52.3398 ], [ -3.0472, 52.3426 ], [ -3.0501, 52.3444 ], [ -3.0526, 52.3437 ], [ -3.0528, 52.3446 ], [ -3.0537, 52.3457 ], [ -3.0528, 52.3473 ], [ -3.0512, 52.3495 ], [ -3.0521, 52.3538 ], [ -3.0561, 52.3567 ], [ -3.0567, 52.3586 ], [ -3.0585, 52.36 ], [ -3.061, 52.3622 ], [ -3.0634, 52.3646 ], [ -3.0628, 52.3686 ], [ -3.0587, 52.3709 ], [ -3.0548, 52.372 ], [ -3.0519, 52.3724 ], [ -3.05, 52.3721 ], [ -3.0468, 52.3762 ], [ -3.0432, 52.3785 ], [ -3.0399, 52.3818 ], [ -3.0382, 52.3839 ], [ -3.0397, 52.385 ], [ -3.0397, 52.3882 ], [ -3.0407, 52.3893 ], [ -3.0407, 52.3909 ], [ -3.0413, 52.3918 ], [ -3.0438, 52.3942 ], [ -3.0453, 52.398 ], [ -3.0451, 52.4005 ], [ -3.0451, 52.4024 ], [ -3.0473, 52.4037 ], [ -3.0469, 52.4049 ], [ -3.0432, 52.4074 ], [ -3.0417, 52.4087 ], [ -3.0425, 52.4103 ], [ -3.0424, 52.4117 ], [ -3.0406, 52.4127 ], [ -3.0402, 52.414 ], [ -3.0388, 52.415 ], [ -3.03, 52.4191 ], [ -3.0301, 52.4207 ], [ -3.0292, 52.4213 ], [ -3.0411, 52.4608 ], [ -3.0477, 52.4994 ] ] } },
{ "type": "Feature", "properties": { "linetype": 1 }, "geometry": { "type": "LineString", "coordinates": [ [ -2.926, 52.2614 ], [ -2.9251, 52.2588 ], [ -2.9257, 52.2564 ], [ -2.9263, 52.2543 ], [ -2.9264, 52.2528 ], [ -2.9277, 52.2514 ], [ -2.9277, 52.2492 ], [ -2.9266, 52.2472 ], [ -2.9243, 52.2462 ], [ -2.9233, 52.2451 ], [ -2.9228, 52.2434 ], [ -2.9171, 52.243 ], [ -2.9107, 52.2418 ], [ -2.9071, 52.2399 ], [ -2.9022, 52.2379 ], [ -2.8983, 52.2369 ], [ -2.8967, 52.2332 ], [ -2.8966, 52.2264 ], [ -2.8935, 52.2211 ], [ -2.8933, 52.2184 ], [ -2.8908, 52.2188 ], [ -2.8879, 52.2182 ], [ -2.8822, 52.2182 ], [ -2.8777, 52.2188 ], [ -2.8731, 52.2174 ], [ -2.8705, 52.2164 ], [ -2.8669, 52.2155 ], [ -2.8632, 52.215 ], [ -2.8591, 52.2138 ], [ -2.8559, 52.2123 ], [ -2.8541, 52.2118 ], [ -2.8513, 52.2095 ], [ -2.8489, 52.2091 ], [ -2.8466, 52.208 ], [ -2.84, 52.2073 ], [ -2.8359, 52.2057 ], [ -2.8333, 52.203 ], [ -2.8294, 52.2005 ], [ -2.8247, 52.1974 ], [ -2.8191, 52.1935 ], [ -2.8194, 52.1926 ], [ -2.8178, 52.1909 ], [ -2.8154, 52.186 ], [ -2.8042, 52.1591 ], [ -2.8015, 52.157 ], [ -2.7956, 52.1474 ], [ -2.7932, 52.1446 ], [ -2.7866, 52.1352 ], [ -2.7817, 52.1295 ], [ -2.7785, 52.1284 ], [ -2.7736, 52.1249 ], [ -2.7722, 52.1234 ], [ -2.7616, 52.1151 ], [ -2.759, 52.1107 ], [ -2.7535, 52.1049 ], [ -2.7519, 52.104 ], [ -2.7497, 52.1011 ], [ -2.7485, 52.0989 ], [ -2.7469, 52.0967 ], [ -2.7449, 52.0947 ], [ -2.7422, 52.09 ], [ -2.7428, 52.0884 ], [ -2.7431, 52.0859 ], [ -2.7449, 52.0831 ], [ -2.745, 52.0813 ], [ -2.7461, 52.0789 ], [ -2.7456, 52.0766 ], [ -2.7446, 52.074 ], [ -2.7386, 52.0708 ], [ -2.7327, 52.0671 ], [ -2.7256, 52.067 ], [ -2.7234, 52.0653 ], [ -2.7219, 52.0657 ] ] } },
{ "type": "Feature", "properties": { "linetype": 1 }, "geometry": { "type": "LineString", "coordinates": [ [ -2.7354, 51.9873 ], [ -2.7352, 51.9767 ], [ -2.7332, 51.9759 ], [ -2.7271, 51.9737 ], [ -2.7232, 51.9715 ], [ -2.7182, 51.9695 ], [ -2.7124, 51.9659 ], [ -2.7093, 51.963 ], [ -2.7071, 51.9594 ], [ -2.7059, 51.956 ], [ -2.7028, 51.9517 ], [ -2.7005, 51.9502 ], [ -2.6965, 51.9478 ], [ -2.6932, 51.9455 ], [ -2.6901, 51.9412 ], [ -2.6848, 51.9377 ], [ -2.6814, 51.9348 ], [ -2.6796, 51.9328 ], [ -2.675, 51.9297 ], [ -2.6708, 51.9272 ], [ -2.6666, 51.9256 ], [ -2.6625, 51.9251 ], [ -2.6569, 51.923 ], [ -2.6535, 51.9222 ], [ -2.6476, 51.9215 ], [ -2.6405, 51.9203 ], [ -2.6362, 51.9187 ], [ -2.631, 51.9165 ], [ -2.6275, 51.9161 ], [ -2.6188, 51.9171 ], [ -2.6153, 51.917 ], [ -2.6095, 51.9177 ], [ -2.6042, 51.9174 ], [ -2.5976, 51.915 ], [ -2.59, 51.9121 ], [ -2.5869, 51.9142 ], [ -2.5858, 51.9146 ], [ -2.5834, 51.9139 ], [ -2.5774, 51.9134 ], [ -2.5708, 51.9146 ], [ -2.5675, 51.9138 ], [ -2.5623, 51.9129 ], [ -2.5571, 51.9122 ], [ -2.5538, 51.9126 ], [ -2.5484, 51.9116 ], [ -2.544, 51.9096 ], [ -2.537, 51.9079 ], [ -2.5354, 51.9079 ], [ -2.525, 51.9038 ], [ -2.5247, 51.9015 ], [ -2.5229, 51.9006 ], [ -2.5226, 51.8992 ], [ -2.5196, 51.898 ], [ -2.5183, 51.8969 ], [ -2.5165, 51.8965 ], [ -2.5132, 51.8964 ], [ -2.5101, 51.8966 ], [ -2.507, 51.8962 ], [ -2.5034, 51.8962 ], [ -2.5, 51.8962 ], [ -2.4962, 51.8954 ], [ -2.4918, 51.8936 ], [ -2.4884, 51.8921 ], [ -2.4865, 51.8891 ], [ -2.4847, 51.8885 ], [ -2.4836, 51.8872 ], [ -2.4813, 51.8871 ], [ -2.4801, 51.8858 ], [ -2.4781, 51.8844 ], [ -2.4735, 51.8841 ], [ -2.4713, 51.8848 ], [ -2.4679, 51.8841 ], [ -2.4638, 51.882 ], [ -2.4626, 51.88 ], [ -2.4583, 51.88 ], [ -2.4561, 51.8794 ], [ -2.4537, 51.8786 ], [ -2.4516, 51.879 ], [ -2.4482, 51.8787 ], [ -2.4453, 51.8779 ], [ -2.4434, 51.8768 ], [ -2.4414, 51.877 ], [ -2.4377, 51.8779 ], [ -2.4349, 51.8773 ], [ -2.4329, 51.8777 ], [ -2.4304, 51.8776 ], [ -2.4289, 51.8762 ], [ -2.4264, 51.8753 ], [ -2.424, 51.8738 ], [ -2.4198, 51.8737 ], [ -2.4171, 51.8734 ], [ -2.411, 51.8725 ] ] } },
{ "type": "Feature", "properties": { "linetype": 1 }, "geometry": { "type": "LineString", "coordinates": [ [ -0.0727, 52.3232 ], [ -0.0711, 52.3247 ], [ -0.0697, 52.3243 ], [ -0.0679, 52.3265 ], [ -0.066, 52.3274 ], [ -0.066, 52.3284 ], [ -0.0649, 52.3314 ], [ -0.0571, 52.3315 ], [ -0.0522, 52.3312 ], [ -0.0482, 52.3321 ], [ -0.0442, 52.3326 ], [ -0.0376, 52.3311 ], [ -0.0363, 52.3303 ], [ -0.0312, 52.3305 ], [ -0.0291, 52.331 ], [ -0.028, 52.3321 ], [ -0.0275, 52.334 ], [ -0.0251, 52.3345 ], [ -0.0231, 52.3355 ], [ -0.0224, 52.3371 ], [ -0.0212, 52.3384 ], [ -0.0176, 52.3402 ], [ -0.0065, 52.3437 ], [ -0.0043, 52.3436 ], [ -0.0026, 52.344 ], [ -0.0014, 52.346 ], [ 0.0016, 52.3491 ], [ 0.0064, 52.3508 ], [ 0.0138, 52.3515 ], [ 0.0169, 52.3509 ], [ 0.0199, 52.3522 ], [ 0.0236, 52.3535 ], [ 0.0281, 52.3543 ], [ 0.0303, 52.3539 ], [ 0.0321, 52.3539 ], [ 0.0351, 52.3543 ], [ 0.0369, 52.3543 ], [ 0.039, 52.354 ], [ 0.0421, 52.3535 ], [ 0.0443, 52.3531 ], [ 0.0455, 52.3531 ], [ 0.0489, 52.3554 ], [ 0.054, 52.3591 ], [ 0.0718, 52.3734 ], [ 0.0795, 52.3792 ], [ 0.081, 52.3798 ], [ 0.0839, 52.3817 ], [ 0.0853, 52.3831 ], [ 0.0884, 52.3834 ], [ 0.0966, 52.3848 ], [ 0.1005, 52.3859 ], [ 0.1074, 52.3872 ], [ 0.112, 52.3878 ], [ 0.118, 52.3881 ], [ 0.1215, 52.3882 ], [ 0.1235, 52.3887 ], [ 0.1257, 52.3893 ], [ 0.1274, 52.3894 ], [ 0.1267, 52.3917 ], [ 0.1303, 52.3917 ], [ 0.1395, 52.3912 ], [ 0.1446, 52.3903 ], [ 0.15, 52.3904 ], [ 0.1616, 52.3899 ], [ 0.1722, 52.389 ], [ 0.1788, 52.3879 ], [ 0.1849, 52.3871 ], [ 0.1945, 52.3869 ], [ 0.2006, 52.3866 ], [ 0.2029, 52.387 ], [ 0.2072, 52.3868 ], [ 0.2121, 52.3854 ], [ 0.2165, 52.3854 ], [ 0.2207, 52.3868 ], [ 0.2233, 52.3878 ], [ 0.2285, 52.3884 ], [ 0.2313, 52.3879 ], [ 0.2343, 52.3882 ], [ 0.2393, 52.39 ], [ 0.244, 52.3923 ], [ 0.2479, 52.3931 ], [ 0.2505, 52.3939 ], [ 0.2522, 52.3937 ] ] } },
{ "type": "Feature", "properties": { "linetype": 1 }, "geometry": { "type": "LineString", "coordinates": [ [ 0.262, 52.3997 ], [ 0.266, 52.3987 ], [ 0.2681, 52.3977 ], [ 0.2662, 52.3954 ], [ 0.2643, 52.394 ], [ 0.2661, 52.3923 ], [ 0.269, 52.3901 ], [ 0.2708, 52.3887 ], [ 0.2793, 52.3841 ], [ 0.2837, 52.3811 ], [ 0.2836, 52.3798 ], [ 0.2841, 52.3781 ], [ 0.2838, 52.3772 ], [ 0.2867, 52.3764 ], [ 0.2889, 52.3739 ], [ 0.2945, 52.3713 ], [ 0.3008, 52.367 ], [ 0.3066, 52.3637 ], [ 0.3147, 52.3583 ], [ 0.3231, 52.3514 ], [ 0.3325, 52.3442 ], [ 0.3348, 52.3423 ], [ 0.3333, 52.3413 ], [ 0.3359, 52.3392 ], [ 0.3352, 52.338 ], [ 0.337, 52.3356 ], [ 0.337, 52.3341 ], [ 0.3384, 52.3319 ], [ 0.3384, 52.3315 ], [ 0.3391, 52.3306 ], [ 0.3415, 52.3292 ], [ 0.3424, 52.329 ], [ 0.3505, 52.3242 ], [ 0.3538, 52.3226 ], [ 0.3573, 52.3214 ], [ 0.3609, 52.3196 ], [ 0.3689, 52.3171 ], [ 0.3698, 52.3163 ], [ 0.3745, 52.3137 ], [ 0.3799, 52.3119 ], [ 0.3819, 52.3104 ], [ 0.3853, 52.306 ], [ 0.3876, 52.3065 ], [ 0.3903, 52.3065 ], [ 0.3946, 52.307 ], [ 0.444, 52.3044 ], [ 0.4508, 52.3036 ], [ 0.4617, 52.3011 ], [ 0.473, 52.3008 ], [ 0.4808, 52.2997 ] ] } },
{ "type": "Feature", "properties": { "linetype": 1 }, "geometry": { "type": "LineString", "coordinates": [ [ 0.5176, 52.25 ], [ 0.5151, 52.2551 ], [ 0.5156, 52.2562 ], [ 0.5139, 52.2572 ], [ 0.5133, 52.2587 ], [ 0.5105, 52.2616 ], [ 0.5092, 52.2642 ], [ 0.5068, 52.2668 ], [ 0.5038, 52.2728 ], [ 0.5028, 52.2741 ], [ 0.5031, 52.2754 ], [ 0.5028, 52.2768 ], [ 0.5028, 52.2852 ], [ 0.5036, 52.288 ], [ 0.5022, 52.2892 ], [ 0.4963, 52.2916 ], [ 0.4939, 52.2933 ], [ 0.4883, 52.2962 ], [ 0.482, 52.3005 ] ] } },
{ "type": "Feature", "properties": { "linetype": 1 }, "geometry": { "type": "LineString", "coordinates": [ [ 0.7125, 52.2454 ], [ 0.7129, 52.2446 ], [ 0.7161, 52.2447 ], [ 0.7169, 52.2421 ], [ 0.717, 52.2406 ], [ 0.7187, 52.2406 ], [ 0.7199, 52.2408 ], [ 0.7218, 52.2386 ], [ 0.7246, 52.2362 ], [ 0.7275, 52.2363 ], [ 0.7328, 52.2368 ], [ 0.7434, 52.2374 ], [ 0.7537, 52.2361 ], [ 0.7723, 52.2384 ], [ 0.7825, 52.2385 ], [ 0.7849, 52.2377 ], [ 0.7983, 52.2356 ], [ 0.8054, 52.2326 ], [ 0.8104, 52.2314 ], [ 0.8149, 52.2319 ], [ 0.8216, 52.2337 ], [ 0.8339, 52.234 ], [ 0.8399, 52.232 ], [ 0.8441, 52.232 ], [ 0.8474, 52.2312 ], [ 0.8544, 52.2314 ], [ 0.8591, 52.231 ], [ 0.8652, 52.2306 ], [ 0.8709, 52.2311 ], [ 0.878, 52.2309 ], [ 0.8805, 52.2291 ], [ 0.8841, 52.2273 ], [ 0.8885, 52.2245 ], [ 0.8905, 52.2246 ], [ 0.8925, 52.2244 ], [ 0.8949, 52.2245 ], [ 0.8956, 52.2251 ], [ 0.8983, 52.2252 ], [ 0.9002, 52.2249 ], [ 0.9047, 52.2246 ], [ 0.9076, 52.2248 ], [ 0.9191, 52.2234 ], [ 0.9284, 52.2227 ], [ 0.9343, 52.2233 ], [ 0.944, 52.2209 ], [ 0.9444, 52.22 ], [ 0.9453, 52.219 ], [ 0.9481, 52.2184 ], [ 0.9508, 52.2185 ], [ 0.9533, 52.2189 ], [ 0.955, 52.2186 ], [ 0.957, 52.2176 ], [ 0.959, 52.217 ], [ 0.9628, 52.2166 ], [ 0.9661, 52.2139 ], [ 0.9692, 52.2124 ], [ 0.9799, 52.2045 ], [ 0.9817, 52.204 ], [ 0.9827, 52.2031 ], [ 0.9837, 52.2014 ], [ 0.986, 52.1996 ], [ 0.9883, 52.1983 ], [ 0.9912, 52.1967 ], [ 0.9929, 52.1949 ], [ 0.9943, 52.1924 ], [ 0.9947, 52.1907 ], [ 0.9956, 52.1894 ], [ 0.9954, 52.1879 ], [ 0.9976, 52.187 ], [ 0.999, 52.1859 ], [ 0.9997, 52.1847 ], [ 0.9995, 52.1827 ], [ 0.9991, 52.1815 ], [ 0.999, 52.18 ], [ 1.0048, 52.1803 ], [ 1.0071, 52.1797 ], [ 1.0134, 52.1743 ], [ 1.0167, 52.1726 ], [ 1.0211, 52.1722 ], [ 1.0242, 52.171 ], [ 1.0268, 52.1696 ], [ 1.0297, 52.1668 ], [ 1.0327, 52.1658 ], [ 1.0349, 52.1642 ], [ 1.0424, 52.1612 ], [ 1.0457, 52.1588 ], [ 1.0479, 52.1574 ], [ 1.0529, 52.1521 ], [ 1.0547, 52.1499 ], [ 1.0583, 52.1477 ], [ 1.0625, 52.1464 ], [ 1.064, 52.1453 ], [ 1.0656, 52.1445 ], [ 1.0693, 52.1418 ], [ 1.0729, 52.1386 ], [ 1.0753, 52.1353 ], [ 1.0772, 52.1336 ], [ 1.0813, 52.1286 ], [ 1.0825, 52.1276 ], [ 1.0843, 52.125 ], [ 1.0861, 52.1238 ], [ 1.0877, 52.1221 ], [ 1.0897, 52.1169 ], [ 1.0937, 52.1122 ], [ 1.0961, 52.1118 ], [ 1.0978, 52.1109 ], [ 1.1005, 52.1097 ], [ 1.1083, 52.1071 ], [ 1.111, 52.1067 ], [ 1.1112, 52.1047 ], [ 1.1105, 52.1023 ], [ 1.1112, 52.1005 ], [ 1.1133, 52.0985 ], [ 1.1196, 52.0929 ], [ 1.1213, 52.0908 ], [ 1.1235, 52.0837 ], [ 1.1273, 52.0759 ], [ 1.1296, 52.0746 ], [ 1.1406, 52.0644 ], [ 1.1431, 52.0618 ], [ 1.1449, 52.0611 ], [ 1.1458, 52.0603 ], [ 1.1475, 52.0601 ], [ 1.1487, 52.0597 ], [ 1.1525, 52.0582 ], [ 1.1545, 52.0579 ], [ 1.1547, 52.0572 ] ] } },
{ "type": "Feature", "properties": { "linetype": 1 }, "geometry": { "type": "LineString", "coordinates": [ [ 0.6852, 52.564 ], [ 0.6907, 52.5601 ], [ 0.6922, 52.5552 ], [ 0.6933, 52.5535 ], [ 0.6981, 52.5499 ], [ 0.7029, 52.5409 ], [ 0.7065, 52.5396 ], [ 0.7099, 52.5356 ], [ 0.7096, 52.5342 ], [ 0.7175, 52.5308 ], [ 0.7295, 52.5252 ], [ 0.7295, 52.5183 ], [ 0.7297, 52.5149 ], [ 0.7311, 52.5103 ], [ 0.7394, 52.497 ], [ 0.7403, 52.4934 ], [ 0.7453, 52.4856 ], [ 0.7477, 52.4712 ], [ 0.7497, 52.4715 ], [ 0.7477, 52.4662 ], [ 0.7488, 52.4583 ], [ 0.7549, 52.4462 ], [ 0.7554, 52.4426 ], [ 0.7559, 52.4386 ], [ 0.7558, 52.4283 ], [ 0.75, 52.4199 ], [ 0.7478, 52.4162 ] ] } },
{ "type": "Feature", "properties": { "linetype": 1 }, "geometry": { "type": "LineString", "coordinates": [ [ -2.2346, 52.1885 ], [ -2.2358, 52.1869 ], [ -2.2434, 52.186 ], [ -2.2467, 52.1844 ], [ -2.25, 52.1838 ], [ -2.2537, 52.1836 ], [ -2.2561, 52.183 ], [ -2.2608, 52.1819 ], [ -2.2645, 52.1817 ], [ -2.2687, 52.1812 ], [ -2.2736, 52.1803 ], [ -2.2776, 52.1803 ], [ -2.2814, 52.1794 ], [ -2.2879, 52.1768 ], [ -2.2894, 52.1738 ], [ -2.292, 52.1713 ], [ -2.2963, 52.1714 ], [ -2.2994, 52.1717 ], [ -2.3006, 52.1709 ], [ -2.3014, 52.1695 ], [ -2.3043, 52.1672 ], [ -2.3072, 52.1654 ], [ -2.3088, 52.1632 ], [ -2.3111, 52.1608 ], [ -2.315, 52.158 ], [ -2.3153, 52.157 ], [ -2.3171, 52.1562 ], [ -2.3177, 52.1549 ], [ -2.3198, 52.1547 ], [ -2.3222, 52.1553 ], [ -2.3247, 52.155 ], [ -2.3294, 52.1528 ], [ -2.3332, 52.1509 ], [ -2.3362, 52.1504 ], [ -2.3383, 52.1497 ], [ -2.3444, 52.1453 ], [ -2.3471, 52.1444 ], [ -2.3599, 52.1375 ], [ -2.3612, 52.1361 ], [ -2.3633, 52.1352 ], [ -2.366, 52.1352 ], [ -2.369, 52.1357 ], [ -2.3712, 52.1353 ], [ -2.3758, 52.1332 ], [ -2.377, 52.1321 ], [ -2.3782, 52.1305 ], [ -2.3801, 52.1295 ], [ -2.3818, 52.1296 ], [ -2.3848, 52.1303 ], [ -2.3892, 52.1306 ], [ -2.3906, 52.1297 ], [ -2.3928, 52.1288 ], [ -2.3964, 52.1278 ], [ -2.3997, 52.1265 ], [ -2.4027, 52.125 ], [ -2.4056, 52.1246 ], [ -2.4072, 52.1241 ], [ -2.4091, 52.1231 ], [ -2.4124, 52.1232 ], [ -2.4174, 52.1247 ], [ -2.4193, 52.1259 ], [ -2.4209, 52.1255 ], [ -2.4236, 52.1248 ], [ -2.4259, 52.1246 ], [ -2.4281, 52.124 ], [ -2.4322, 52.1223 ], [ -2.436, 52.1215 ], [ -2.4416, 52.1206 ], [ -2.4471, 52.1191 ], [ -2.4544, 52.1192 ], [ -2.461, 52.1184 ], [ -2.4622, 52.1158 ], [ -2.464, 52.1155 ], [ -2.4735, 52.1171 ], [ -2.4792, 52.1163 ], [ -2.4826, 52.1165 ], [ -2.4857, 52.1167 ], [ -2.4877, 52.1163 ], [ -2.4895, 52.1168 ], [ -2.4906, 52.1177 ], [ -2.4925, 52.1183 ], [ -2.4953, 52.118 ], [ -2.4955, 52.119 ], [ -2.499, 52.119 ], [ -2.5015, 52.1198 ], [ -2.5036, 52.1204 ], [ -2.505, 52.1193 ], [ -2.507, 52.1184 ], [ -2.5106, 52.118 ], [ -2.5169, 52.1166 ], [ -2.5192, 52.1164 ], [ -2.5202, 52.1148 ], [ -2.5219, 52.114 ], [ -2.523, 52.1111 ], [ -2.5251, 52.1098 ], [ -2.5227, 52.1078 ], [ -2.5279, 52.1053 ], [ -2.5316, 52.1047 ], [ -2.5331, 52.1048 ], [ -2.5473, 52.1033 ], [ -2.5494, 52.1035 ], [ -2.5522, 52.1026 ], [ -2.5582, 52.101 ], [ -2.5609, 52.1011 ], [ -2.5628, 52.1007 ], [ -2.5645, 52.1005 ], [ -2.5664, 52.0997 ], [ -2.5693, 52.099 ], [ -2.5722, 52.0968 ], [ -2.5785, 52.0928 ], [ -2.585, 52.0892 ], [ -2.5869, 52.0863 ], [ -2.5912, 52.0844 ], [ -2.5947, 52.0821 ], [ -2.5997, 52.0802 ], [ -2.6034, 52.0799 ], [ -2.6065, 52.0793 ], [ -2.6095, 52.0792 ], [ -2.6112, 52.0787 ], [ -2.6151, 52.0772 ], [ -2.6403, 52.0748 ], [ -2.6476, 52.0746 ], [ -2.6583, 52.0736 ], [ -2.6746, 52.0729 ], [ -2.6845, 52.0725 ], [ -2.6935, 52.0734 ], [ -2.6953, 52.0728 ], [ -2.6963, 52.0717 ], [ -2.6975, 52.0669 ], [ -2.6983, 52.0649 ], [ -2.7001, 52.0624 ], [ -2.7027, 52.0612 ], [ -2.7076, 52.0596 ], [ -2.7155, 52.0565 ] ] } },
{ "type": "Feature", "properties": { "linetype": 1 }, "geometry": { "type": "LineString", "coordinates": [ [ -2.2213, 52.1933 ], [ -2.2273, 52.2043 ], [ -2.2272, 52.2058 ], [ -2.2272, 52.2071 ], [ -2.2254, 52.2085 ], [ -2.2227, 52.2131 ], [ -2.2195, 52.2172 ], [ -2.2166, 52.2196 ], [ -2.2101, 52.2238 ], [ -2.2069, 52.2258 ], [ -2.2021, 52.2274 ], [ -2.1994, 52.2278 ], [ -2.1958, 52.2277 ], [ -2.1931, 52.2285 ], [ -2.1885, 52.2308 ], [ -2.184, 52.2323 ], [ -2.1796, 52.2335 ], [ -2.175, 52.2383 ], [ -2.1725, 52.2401 ], [ -2.1717, 52.2413 ], [ -2.1709, 52.2428 ], [ -2.1692, 52.2449 ], [ -2.1681, 52.2468 ], [ -2.1647, 52.2494 ], [ -2.1589, 52.2546 ], [ -2.1526, 52.2617 ], [ -2.1516, 52.2638 ], [ -2.1506, 52.2648 ], [ -2.1486, 52.2685 ], [ -2.1461, 52.268 ], [ -2.1446, 52.2689 ], [ -2.1439, 52.2695 ], [ -2.1341, 52.2782 ], [ -2.1291, 52.2813 ], [ -2.1255, 52.2842 ], [ -2.1206, 52.2877 ], [ -2.1178, 52.2905 ], [ -2.1129, 52.294 ], [ -2.108, 52.298 ], [ -2.1062, 52.3002 ], [ -2.1026, 52.3021 ], [ -2.098, 52.3057 ], [ -2.0895, 52.3123 ], [ -2.0861, 52.3131 ], [ -2.0832, 52.3142 ], [ -2.0801, 52.3174 ], [ -2.0801, 52.3191 ], [ -2.0792, 52.3206 ], [ -2.076, 52.3231 ], [ -2.0732, 52.3248 ], [ -2.0667, 52.3301 ], [ -2.0621, 52.3337 ] ] } },
{ "type": "Feature", "properties": { "linetype": 1 }, "geometry": { "type": "LineString", "coordinates": [ [ -1.6503, 52.4378 ], [ -1.6773, 52.4329 ], [ -1.6787, 52.4316 ], [ -1.6806, 52.4308 ], [ -1.6827, 52.4304 ], [ -1.6837, 52.4298 ], [ -1.6851, 52.4294 ], [ -1.6861, 52.4293 ], [ -1.687, 52.4297 ], [ -1.6888, 52.4302 ], [ -1.6916, 52.4304 ], [ -1.6927, 52.4313 ], [ -1.6967, 52.4311 ], [ -1.6998, 52.4295 ], [ -1.701, 52.4281 ], [ -1.7003, 52.4273 ], [ -1.7009, 52.4261 ], [ -1.7014, 52.4243 ], [ -1.7043, 52.4241 ], [ -1.712, 52.4238 ], [ -1.7141, 52.424 ], [ -1.7155, 52.4237 ], [ -1.7191, 52.4233 ], [ -1.7204, 52.4236 ], [ -1.7224, 52.4239 ], [ -1.7269, 52.4232 ], [ -1.7283, 52.4228 ], [ -1.7328, 52.4221 ], [ -1.7346, 52.4221 ], [ -1.7365, 52.4214 ], [ -1.7387, 52.4206 ], [ -1.7435, 52.4199 ], [ -1.7451, 52.419 ], [ -1.7471, 52.4186 ], [ -1.7531, 52.4171 ], [ -1.756, 52.4173 ], [ -1.7599, 52.4172 ], [ -1.764, 52.4174 ], [ -1.7658, 52.4163 ], [ -1.7682, 52.4135 ], [ -1.7696, 52.4136 ], [ -1.7719, 52.413 ], [ -1.7742, 52.4113 ], [ -1.7765, 52.4117 ], [ -1.7783, 52.413 ], [ -1.7804, 52.4139 ], [ -1.7825, 52.4142 ], [ -1.7841, 52.4143 ], [ -1.7859, 52.4142 ], [ -1.7883, 52.4134 ], [ -1.7906, 52.4133 ], [ -1.7926, 52.4119 ], [ -1.7929, 52.411 ], [ -1.7938, 52.4101 ], [ -1.794, 52.4088 ], [ -1.8008, 52.4062 ], [ -1.8101, 52.403 ], [ -1.8144, 52.4007 ], [ -1.8186, 52.3974 ], [ -1.8252, 52.3933 ], [ -1.8255, 52.392 ], [ -1.8277, 52.3909 ], [ -1.8298, 52.3907 ], [ -1.8313, 52.3902 ], [ -1.8335, 52.3876 ], [ -1.838, 52.3852 ], [ -1.8536, 52.3807 ], [ -1.8547, 52.3795 ], [ -1.857, 52.3797 ], [ -1.8613, 52.379 ], [ -1.8652, 52.3795 ], [ -1.8675, 52.3789 ], [ -1.8712, 52.3774 ], [ -1.8746, 52.3757 ], [ -1.8779, 52.3739 ], [ -1.8854, 52.3741 ], [ -1.8875, 52.3682 ], [ -1.8921, 52.3676 ], [ -1.8971, 52.3665 ], [ -1.9014, 52.3659 ], [ -1.9044, 52.3651 ], [ -1.9071, 52.365 ], [ -1.9114, 52.3648 ], [ -1.9164, 52.3644 ], [ -1.9188, 52.3646 ], [ -1.9212, 52.3647 ], [ -1.9241, 52.3642 ], [ -1.9261, 52.3644 ], [ -1.928, 52.3643 ], [ -1.9291, 52.3636 ], [ -1.9303, 52.3625 ], [ -1.9329, 52.3614 ], [ -1.9347, 52.3598 ], [ -1.9363, 52.3591 ], [ -1.9389, 52.3589 ], [ -1.9414, 52.3586 ], [ -1.9454, 52.3587 ], [ -1.9477, 52.3584 ], [ -1.9506, 52.3573 ], [ -1.9526, 52.3559 ], [ -1.9552, 52.3532 ], [ -1.9575, 52.3518 ], [ -1.9596, 52.3517 ], [ -1.9628, 52.3509 ], [ -1.964, 52.3497 ], [ -1.9641, 52.3485 ], [ -1.9651, 52.3477 ], [ -1.9702, 52.3476 ], [ -1.9739, 52.3472 ], [ -1.9767, 52.3473 ], [ -1.9791, 52.3475 ], [ -1.9817, 52.347 ], [ -1.9842, 52.3465 ], [ -1.9932, 52.3466 ], [ -1.996, 52.3454 ], [ -2.0002, 52.3449 ], [ -2.0024, 52.3442 ], [ -2.0061, 52.3413 ], [ -2.0091, 52.3404 ], [ -2.0132, 52.3405 ], [ -2.0154, 52.3408 ], [ -2.0166, 52.3416 ], [ -2.0202, 52.3424 ], [ -2.021, 52.3428 ], [ -2.024, 52.3425 ], [ -2.026, 52.343 ], [ -2.0299, 52.343 ], [ -2.0331, 52.3436 ], [ -2.0347, 52.3434 ], [ -2.0383, 52.3436 ], [ -2.0408, 52.3434 ], [ -2.0422, 52.3434 ], [ -2.0433, 52.3429 ], [ -2.0482, 52.3426 ], [ -2.0496, 52.3423 ], [ -2.0512, 52.3413 ], [ -2.0521, 52.3413 ], [ -2.0529, 52.3417 ], [ -2.0587, 52.3367 ] ] } },
{ "type": "Feature", "properties": { "linetype": 1 }, "geometry": { "type": "LineString", "coordinates": [ [ -1.51, 52.4078 ], [ -1.5101, 52.4091 ], [ -1.5108, 52.4111 ], [ -1.5077, 52.4122 ], [ -1.5043, 52.4146 ], [ -1.4968, 52.4208 ], [ -1.4939, 52.4261 ], [ -1.4803, 52.4335 ], [ -1.479, 52.4346 ], [ -1.4774, 52.4353 ], [ -1.4763, 52.4361 ], [ -1.4747, 52.4367 ], [ -1.4731, 52.4353 ], [ -1.4704, 52.4336 ], [ -1.4666, 52.4326 ], [ -1.4645, 52.4354 ], [ -1.4621, 52.4367 ], [ -1.461, 52.4377 ], [ -1.4578, 52.441 ], [ -1.4541, 52.4422 ], [ -1.4453, 52.4469 ], [ -1.4381, 52.45 ], [ -1.4338, 52.4527 ], [ -1.4287, 52.4549 ], [ -1.4273, 52.455 ], [ -1.4254, 52.4556 ], [ -1.4231, 52.4556 ], [ -1.4177, 52.4568 ], [ -1.4128, 52.457 ], [ -1.4094, 52.4577 ], [ -1.4079, 52.4579 ], [ -1.4065, 52.4562 ], [ -1.4032, 52.4575 ], [ -1.4022, 52.4601 ], [ -1.401, 52.4616 ], [ -1.392, 52.4668 ], [ -1.3781, 52.4723 ], [ -1.369, 52.4845 ], [ -1.3692, 52.4867 ], [ -1.3678, 52.4882 ], [ -1.3676, 52.4903 ], [ -1.3674, 52.4923 ], [ -1.3664, 52.4945 ], [ -1.3577, 52.4965 ], [ -1.3485, 52.4994 ], [ -1.3451, 52.5006 ], [ -1.3327, 52.5046 ], [ -1.3241, 52.5014 ], [ -1.3218, 52.5019 ], [ -1.3189, 52.5037 ], [ -1.3176, 52.5056 ], [ -1.3159, 52.5064 ], [ -1.3131, 52.5086 ], [ -1.3086, 52.51 ], [ -1.3027, 52.5129 ], [ -1.3008, 52.514 ], [ -1.2966, 52.5192 ], [ -1.2957, 52.5214 ], [ -1.2912, 52.5217 ], [ -1.2896, 52.5227 ], [ -1.288, 52.5233 ], [ -1.284, 52.524 ], [ -1.2826, 52.5246 ], [ -1.2809, 52.5253 ], [ -1.2752, 52.5275 ], [ -1.2719, 52.5296 ], [ -1.2645, 52.5318 ], [ -1.2584, 52.5328 ], [ -1.2549, 52.5366 ], [ -1.2541, 52.5378 ], [ -1.2498, 52.5401 ], [ -1.2486, 52.5412 ], [ -1.2477, 52.5421 ], [ -1.2462, 52.5428 ], [ -1.2263, 52.5597 ], [ -1.213, 52.5716 ], [ -1.1837, 52.5959 ], [ -1.181, 52.5995 ], [ -1.1523, 52.6251 ], [ -1.1477, 52.6306 ], [ -1.146, 52.6309 ], [ -1.1444, 52.6319 ], [ -1.1436, 52.6328 ], [ -1.1433, 52.6334 ], [ -1.1422, 52.6336 ], [ -1.1414, 52.6337 ], [ -1.1411, 52.6335 ], [ -1.1402, 52.6335 ], [ -1.1374, 52.6341 ], [ -1.1349, 52.6343 ], [ -1.1346, 52.634 ], [ -1.1334, 52.6345 ] ] } },
{ "type": "Feature", "properties": { "linetype": 1 }, "geometry": { "type": "LineString", "coordinates": [ [ -0.0727, 52.3232 ], [ -0.074, 52.3239 ], [ -0.0754, 52.3227 ], [ -0.0802, 52.3178 ], [ -0.0824, 52.3147 ], [ -0.0854, 52.3116 ], [ -0.0862, 52.3079 ], [ -0.0904, 52.3062 ], [ -0.0917, 52.3026 ], [ -0.1159, 52.3083 ], [ -0.1223, 52.3102 ], [ -0.1262, 52.3112 ], [ -0.135, 52.3126 ], [ -0.1643, 52.3193 ], [ -0.1665, 52.3192 ], [ -0.1696, 52.3187 ], [ -0.1754, 52.3193 ] ] } },
{ "type": "Feature", "properties": { "linetype": 1 }, "geometry": { "type": "LineString", "coordinates": [ [ 1.2962, 52.6309 ], [ 1.3868, 52.8212 ] ] } },
{ "type": "Feature", "properties": { "linetype": 1 }, "geometry": { "type": "LineString", "coordinates": [ [ 1.3868, 52.8212 ], [ 1.3101, 52.8978 ] ] } },
{ "type": "Feature", "properties": { "linetype": 1 }, "geometry": { "type": "LineString", "coordinates": [ [ 1.111, 52.1067 ], [ 1.1094, 52.1092 ], [ 1.1086, 52.1117 ], [ 1.1082, 52.1143 ], [ 1.1065, 52.1166 ], [ 1.1045, 52.1187 ], [ 1.1017, 52.1238 ], [ 1.1003, 52.1288 ], [ 1.0974, 52.131 ], [ 1.0932, 52.1325 ], [ 1.091, 52.1337 ], [ 1.084, 52.1412 ], [ 1.0818, 52.1455 ], [ 1.0859, 52.154 ], [ 1.0875, 52.1574 ], [ 1.0894, 52.1597 ], [ 1.0911, 52.1731 ], [ 1.0931, 52.1788 ], [ 1.0953, 52.1839 ], [ 1.0978, 52.1912 ], [ 1.0975, 52.1937 ], [ 1.0982, 52.1961 ], [ 1.0992, 52.1994 ], [ 1.1002, 52.2029 ], [ 1.1021, 52.2072 ], [ 1.1027, 52.211 ], [ 1.1025, 52.2157 ], [ 1.1015, 52.2226 ], [ 1.1017, 52.2263 ], [ 1.1032, 52.2319 ], [ 1.1027, 52.2385 ], [ 1.1018, 52.2599 ], [ 1.1019, 52.2629 ], [ 1.101, 52.2654 ], [ 1.1012, 52.2683 ], [ 1.0994, 52.2819 ], [ 1.0984, 52.2868 ], [ 1.0967, 52.2916 ], [ 1.0968, 52.293 ], [ 1.0966, 52.296 ], [ 1.0972, 52.2995 ], [ 1.1018, 52.3095 ], [ 1.1078, 52.3193 ], [ 1.1088, 52.3216 ], [ 1.1103, 52.3232 ], [ 1.1114, 52.3249 ], [ 1.1114, 52.3263 ], [ 1.114, 52.327 ], [ 1.1169, 52.3307 ], [ 1.1295, 52.3427 ], [ 1.1378, 52.3509 ], [ 1.1459, 52.3583 ], [ 1.1487, 52.3609 ], [ 1.1522, 52.3628 ], [ 1.1581, 52.3672 ], [ 1.1641, 52.3729 ], [ 1.1736, 52.3812 ], [ 1.1745, 52.383 ], [ 1.1828, 52.3924 ], [ 1.1836, 52.3941 ], [ 1.1862, 52.3976 ], [ 1.1862, 52.3998 ], [ 1.1873, 52.4005 ], [ 1.1888, 52.4014 ], [ 1.1899, 52.4051 ], [ 1.192, 52.4065 ], [ 1.1934, 52.4073 ], [ 1.1999, 52.4178 ], [ 1.2106, 52.4369 ], [ 1.2135, 52.4416 ], [ 1.2246, 52.4577 ], [ 1.2273, 52.466 ], [ 1.234, 52.4871 ], [ 1.2466, 52.5071 ], [ 1.2507, 52.513 ], [ 1.2591, 52.5253 ], [ 1.2602, 52.5324 ], [ 1.261, 52.534 ], [ 1.2603, 52.5349 ], [ 1.2613, 52.5376 ], [ 1.2646, 52.5422 ], [ 1.2657, 52.5451 ], [ 1.2759, 52.5606 ], [ 1.2767, 52.5619 ], [ 1.276, 52.5656 ], [ 1.2769, 52.5729 ], [ 1.2781, 52.5747 ], [ 1.2797, 52.5768 ], [ 1.2787, 52.5798 ], [ 1.2748, 52.5881 ], [ 1.2751, 52.5913 ], [ 1.2749, 52.5943 ], [ 1.2756, 52.5971 ], [ 1.2773, 52.5986 ], [ 1.2792, 52.609 ], [ 1.2804, 52.6117 ], [ 1.2829, 52.6146 ], [ 1.2867, 52.6213 ] ] } },
{ "type": "Feature", "properties": { "linetype": 1 }, "geometry": { "type": "LineString", "coordinates": [ [ 1.2979, 52.628 ], [ 1.2979, 52.6292 ], [ 1.2969, 52.63 ], [ 1.2962, 52.6309 ], [ 1.2953, 52.6308 ], [ 1.289, 52.6404 ], [ 1.2833, 52.6459 ], [ 1.28, 52.6505 ], [ 1.2723, 52.6652 ], [ 1.2735, 52.6714 ], [ 1.2725, 52.675 ], [ 1.2744, 52.678 ], [ 1.2775, 52.6807 ], [ 1.2796, 52.6839 ], [ 1.2799, 52.6864 ], [ 1.2793, 52.6878 ], [ 1.2788, 52.6886 ], [ 1.2804, 52.69 ], [ 1.2821, 52.691 ], [ 1.2822, 52.6923 ], [ 1.2828, 52.6941 ], [ 1.2823, 52.7003 ], [ 1.2806, 52.7056 ], [ 1.2737, 52.7236 ], [ 1.273, 52.7272 ], [ 1.2699, 52.733 ], [ 1.2681, 52.7357 ], [ 1.2652, 52.7387 ], [ 1.2625, 52.7423 ], [ 1.2605, 52.7497 ], [ 1.2599, 52.753 ], [ 1.2587, 52.754 ], [ 1.2585, 52.7571 ], [ 1.2574, 52.7624 ], [ 1.2558, 52.7653 ], [ 1.255, 52.7689 ], [ 1.2567, 52.7711 ], [ 1.255, 52.7801 ], [ 1.255, 52.7812 ], [ 1.255, 52.7846 ], [ 1.2538, 52.7877 ], [ 1.2538, 52.7914 ], [ 1.2525, 52.7928 ], [ 1.2515, 52.7948 ], [ 1.2516, 52.7964 ], [ 1.2509, 52.7966 ], [ 1.2516, 52.7977 ], [ 1.2515, 52.7998 ], [ 1.2508, 52.8018 ], [ 1.2512, 52.8034 ], [ 1.2512, 52.8051 ], [ 1.2493, 52.8078 ], [ 1.2491, 52.81 ], [ 1.2508, 52.8149 ], [ 1.2523, 52.8152 ], [ 1.2523, 52.8167 ], [ 1.2522, 52.8194 ], [ 1.2516, 52.8207 ], [ 1.2569, 52.827 ], [ 1.2592, 52.8283 ], [ 1.2676, 52.8316 ], [ 1.2712, 52.8344 ], [ 1.2714, 52.8361 ], [ 1.2713, 52.8389 ], [ 1.2724, 52.8406 ], [ 1.274, 52.8417 ], [ 1.2756, 52.8425 ], [ 1.2767, 52.8446 ], [ 1.2794, 52.8468 ], [ 1.2818, 52.8501 ], [ 1.2818, 52.853 ], [ 1.2824, 52.8556 ], [ 1.282, 52.859 ], [ 1.283, 52.8604 ], [ 1.2835, 52.8659 ], [ 1.2869, 52.8736 ], [ 1.2886, 52.8743 ], [ 1.2901, 52.8761 ], [ 1.2938, 52.8784 ], [ 1.2951, 52.8809 ], [ 1.2966, 52.8821 ], [ 1.2973, 52.8844 ], [ 1.2982, 52.886 ], [ 1.2978, 52.888 ], [ 1.2968, 52.8894 ], [ 1.3064, 52.8964 ], [ 1.3101, 52.8978 ], [ 1.3113, 52.9013 ], [ 1.3115, 52.9036 ], [ 1.3109, 52.9062 ], [ 1.3096, 52.9082 ], [ 1.3084, 52.9103 ], [ 1.3091, 52.9124 ], [ 1.3076, 52.9145 ], [ 1.3071, 52.9183 ], [ 1.3049, 52.9192 ], [ 1.3033, 52.9207 ], [ 1.3023, 52.9253 ], [ 1.3025, 52.9284 ], [ 1.3027, 52.9295 ], [ 1.3024, 52.9302 ], [ 1.3016, 52.9307 ], [ 1.3002, 52.9311 ], [ 1.3006, 52.9316 ] ] } },
{ "type": "Feature", "properties": { "linetype": 1 }, "geometry": { "type": "LineString", "coordinates": [ [ 0.4168, 52.7381 ], [ 0.4193, 52.737 ], [ 0.4214, 52.7348 ], [ 0.4239, 52.7314 ], [ 0.426, 52.7299 ], [ 0.4284, 52.7283 ], [ 0.4365, 52.7213 ], [ 0.4434, 52.7197 ], [ 0.4484, 52.7185 ], [ 0.4521, 52.7171 ], [ 0.4572, 52.7159 ], [ 0.4598, 52.7157 ], [ 0.4638, 52.7167 ], [ 0.4714, 52.7163 ], [ 0.478, 52.7156 ], [ 0.4911, 52.7163 ], [ 0.4947, 52.7165 ], [ 0.4998, 52.7178 ], [ 0.5031, 52.7179 ], [ 0.5067, 52.7176 ], [ 0.5111, 52.7165 ], [ 0.5157, 52.7162 ], [ 0.5179, 52.7156 ], [ 0.5221, 52.7136 ], [ 0.5319, 52.7103 ], [ 0.5351, 52.7097 ], [ 0.5374, 52.7086 ], [ 0.5398, 52.7082 ], [ 0.5458, 52.708 ], [ 0.5493, 52.7074 ], [ 0.5529, 52.7066 ], [ 0.557, 52.7056 ], [ 0.5611, 52.7047 ], [ 0.5612, 52.7035 ], [ 0.5647, 52.701 ], [ 0.5823, 52.6934 ], [ 0.5811, 52.6901 ], [ 0.5823, 52.6897 ], [ 0.5832, 52.6873 ], [ 0.583, 52.6865 ], [ 0.5836, 52.6856 ], [ 0.5888, 52.6831 ], [ 0.5939, 52.6812 ], [ 0.6309, 52.6599 ], [ 0.633, 52.6583 ], [ 0.6363, 52.6564 ], [ 0.6402, 52.6552 ], [ 0.6481, 52.654 ], [ 0.6619, 52.653 ], [ 0.6694, 52.6517 ], [ 0.682, 52.6501 ], [ 0.6856, 52.6488 ], [ 0.6882, 52.6474 ] ] } },
{ "type": "Feature", "properties": { "linetype": 1 }, "geometry": { "type": "LineString", "coordinates": [ [ 0.7452, 52.4134 ], [ 0.7456, 52.4125 ], [ 0.7464, 52.407 ], [ 0.7416, 52.3995 ], [ 0.7381, 52.391 ], [ 0.7397, 52.3871 ], [ 0.7398, 52.3821 ], [ 0.7416, 52.3785 ], [ 0.7421, 52.3725 ], [ 0.7411, 52.361 ], [ 0.7381, 52.3489 ], [ 0.7423, 52.3476 ], [ 0.7538, 52.3435 ], [ 0.759, 52.3414 ], [ 0.7658, 52.3386 ], [ 0.7789, 52.334 ], [ 0.7842, 52.3327 ], [ 0.7893, 52.3297 ], [ 0.794, 52.3268 ], [ 0.8015, 52.3231 ], [ 0.8049, 52.3218 ], [ 0.8069, 52.3217 ], [ 0.8089, 52.3211 ], [ 0.8109, 52.3195 ], [ 0.8121, 52.3172 ], [ 0.8139, 52.3161 ], [ 0.8164, 52.3138 ], [ 0.8176, 52.3125 ], [ 0.8191, 52.3107 ], [ 0.8217, 52.3079 ], [ 0.8233, 52.3075 ], [ 0.8243, 52.3066 ], [ 0.8251, 52.3051 ], [ 0.8294, 52.3017 ], [ 0.8339, 52.2996 ], [ 0.8306, 52.2966 ], [ 0.8357, 52.2953 ], [ 0.8412, 52.2937 ], [ 0.8448, 52.2915 ], [ 0.8478, 52.2893 ], [ 0.85, 52.2875 ], [ 0.8532, 52.2842 ], [ 0.854, 52.2827 ], [ 0.8563, 52.2791 ], [ 0.8589, 52.2779 ], [ 0.8597, 52.2763 ], [ 0.8595, 52.2741 ], [ 0.8599, 52.2726 ], [ 0.8625, 52.2677 ], [ 0.8638, 52.2652 ], [ 0.8648, 52.2636 ], [ 0.8648, 52.2617 ], [ 0.8651, 52.2587 ], [ 0.8666, 52.2547 ], [ 0.8685, 52.2503 ], [ 0.8743, 52.2448 ], [ 0.8805, 52.2382 ], [ 0.8827, 52.2371 ], [ 0.8872, 52.2365 ], [ 0.8921, 52.2358 ], [ 0.8976, 52.2352 ], [ 0.9007, 52.2344 ], [ 0.903, 52.235 ], [ 0.9057, 52.2346 ], [ 0.9113, 52.2329 ], [ 0.9154, 52.232 ], [ 0.918, 52.232 ], [ 0.9274, 52.2302 ], [ 0.9303, 52.2296 ], [ 0.9347, 52.2282 ], [ 0.9355, 52.2273 ], [ 0.9375, 52.2262 ], [ 0.9405, 52.2249 ], [ 0.9436, 52.2223 ], [ 0.944, 52.2209 ] ] } },
{ "type": "Feature", "properties": { "linetype": 1 }, "geometry": { "type": "LineString", "coordinates": [ [ 1.1547, 52.0572 ], [ 1.1546, 52.0562 ], [ 1.153, 52.0548 ], [ 1.1534, 52.0524 ], [ 1.1538, 52.0517 ], [ 1.1557, 52.0484 ], [ 1.155, 52.0468 ], [ 1.1544, 52.046 ], [ 1.15, 52.0365 ], [ 1.1499, 52.034 ], [ 1.1496, 52.0331 ], [ 1.1524, 52.0321 ], [ 1.1538, 52.0293 ], [ 1.1568, 52.0276 ], [ 1.158, 52.0265 ], [ 1.1599, 52.0254 ], [ 1.1625, 52.0237 ], [ 1.1634, 52.0222 ], [ 1.1637, 52.021 ], [ 1.1644, 52.0197 ], [ 1.1655, 52.0188 ], [ 1.1659, 52.0174 ], [ 1.1674, 52.0157 ], [ 1.1665, 52.0142 ], [ 1.1654, 52.0108 ], [ 1.1653, 52.0057 ], [ 1.1694, 52.0042 ], [ 1.1731, 52.0034 ], [ 1.1758, 52.0024 ], [ 1.1789, 52.0021 ], [ 1.183, 52.0018 ], [ 1.1845, 52.0011 ], [ 1.1858, 51.9993 ], [ 1.1882, 51.9964 ], [ 1.1916, 51.994 ], [ 1.1966, 51.9915 ], [ 1.2016, 51.9903 ], [ 1.2051, 51.9895 ], [ 1.2103, 51.9892 ], [ 1.2161, 51.9893 ], [ 1.2199, 51.9892 ], [ 1.2234, 51.9883 ], [ 1.2285, 51.9856 ], [ 1.2315, 51.9835 ], [ 1.2338, 51.9823 ], [ 1.2362, 51.9786 ], [ 1.2383, 51.9763 ], [ 1.2401, 51.9729 ], [ 1.2421, 51.9709 ], [ 1.2428, 51.9694 ], [ 1.2506, 51.9696 ], [ 1.2537, 51.9693 ], [ 1.2571, 51.9696 ], [ 1.2587, 51.969 ], [ 1.2598, 51.9681 ], [ 1.2621, 51.9678 ], [ 1.2642, 51.9676 ], [ 1.2651, 51.9666 ], [ 1.2656, 51.9634 ], [ 1.267, 51.9613 ], [ 1.2677, 51.9601 ], [ 1.2685, 51.9581 ], [ 1.2672, 51.9558 ] ] } },
{ "type": "Feature", "properties": { "linetype": 1 }, "geometry": { "type": "LineString", "coordinates": [ [ 1.0309, 52.7467 ], [ 1.111, 52.7625 ], [ 1.162, 52.77 ], [ 1.2515, 52.7948 ], [ 1.3384, 52.8145 ], [ 1.3868, 52.8212 ] ] } },
{ "type": "Feature", "properties": { "linetype": 1 }, "geometry": { "type": "LineString", "coordinates": [ [ 0.3943, 52.7564 ], [ 0.3966, 52.7565 ], [ 0.3969, 52.7554 ], [ 0.3988, 52.7558 ], [ 0.4047, 52.7567 ], [ 0.4068, 52.7578 ], [ 0.4091, 52.7579 ], [ 0.4118, 52.7573 ], [ 0.4141, 52.7576 ], [ 0.4189, 52.7576 ], [ 0.4273, 52.7568 ], [ 0.4476, 52.7541 ], [ 0.4672, 52.7511 ], [ 0.4706, 52.7508 ], [ 0.4759, 52.7509 ], [ 0.4803, 52.7506 ], [ 0.504, 52.7476 ], [ 0.5087, 52.7474 ], [ 0.5126, 52.7473 ], [ 0.5154, 52.7469 ], [ 0.5206, 52.7459 ], [ 0.5237, 52.7457 ], [ 0.5322, 52.7463 ], [ 0.5389, 52.7461 ], [ 0.542, 52.7459 ], [ 0.5437, 52.7449 ], [ 0.5492, 52.7448 ], [ 0.5546, 52.7451 ], [ 0.557, 52.7444 ], [ 0.559, 52.7439 ], [ 0.5619, 52.7439 ], [ 0.564, 52.7436 ], [ 0.5676, 52.7445 ], [ 0.5766, 52.7456 ], [ 0.5843, 52.7463 ], [ 0.5919, 52.7462 ], [ 0.6049, 52.7431 ], [ 0.619, 52.7443 ], [ 0.6359, 52.7442 ], [ 0.6465, 52.744 ], [ 0.6502, 52.7434 ], [ 0.6565, 52.743 ], [ 0.6629, 52.7421 ], [ 0.6697, 52.7403 ], [ 0.6764, 52.739 ], [ 0.6826, 52.7373 ], [ 0.689, 52.7363 ], [ 0.7076, 52.7361 ], [ 0.7139, 52.7336 ], [ 0.7175, 52.7332 ], [ 0.7214, 52.733 ], [ 0.7273, 52.7318 ], [ 0.7349, 52.7297 ], [ 0.7396, 52.7292 ], [ 0.7505, 52.7293 ], [ 0.7539, 52.7291 ], [ 0.7609, 52.7272 ], [ 0.7671, 52.7249 ], [ 0.7734, 52.723 ], [ 0.782, 52.7231 ], [ 0.7861, 52.7231 ], [ 0.7912, 52.7238 ], [ 0.7909, 52.7244 ], [ 0.7941, 52.7253 ], [ 0.7981, 52.7257 ], [ 0.8017, 52.7263 ], [ 0.8092, 52.7285 ], [ 0.8175, 52.7319 ], [ 0.8201, 52.7335 ], [ 0.8224, 52.7336 ], [ 0.8283, 52.736 ], [ 0.831, 52.7369 ], [ 0.8337, 52.738 ], [ 0.8391, 52.7395 ], [ 0.8433, 52.7401 ], [ 0.8456, 52.741 ], [ 0.8474, 52.7419 ], [ 0.8495, 52.7419 ], [ 0.8567, 52.7447 ], [ 0.8667, 52.7452 ], [ 0.8744, 52.7482 ], [ 0.8799, 52.7509 ], [ 0.8832, 52.7522 ], [ 0.8845, 52.7533 ], [ 0.8863, 52.7542 ], [ 0.8869, 52.7562 ], [ 0.8892, 52.7563 ], [ 0.8908, 52.7555 ], [ 0.8931, 52.755 ], [ 0.8957, 52.7545 ], [ 0.8982, 52.755 ], [ 0.9003, 52.756 ], [ 0.9031, 52.7559 ], [ 0.9093, 52.7548 ], [ 0.9125, 52.7536 ], [ 0.9166, 52.7524 ], [ 0.9199, 52.7523 ], [ 0.9371, 52.7471 ], [ 0.9385, 52.7469 ], [ 0.9385, 52.7465 ], [ 0.9399, 52.7463 ], [ 0.9414, 52.7455 ], [ 0.9427, 52.7444 ], [ 0.9451, 52.7436 ], [ 0.9482, 52.7434 ], [ 0.9524, 52.7433 ], [ 0.9587, 52.7428 ], [ 0.9657, 52.7422 ], [ 0.9682, 52.7411 ], [ 0.9709, 52.742 ], [ 0.9741, 52.7422 ], [ 0.9767, 52.7418 ], [ 0.9818, 52.7428 ], [ 1.0033, 52.7448 ], [ 1.0082, 52.7451 ], [ 1.012, 52.7457 ], [ 1.0233, 52.7464 ], [ 1.0265, 52.746 ], [ 1.0278, 52.7466 ], [ 1.0309, 52.7467 ], [ 1.0327, 52.7463 ], [ 1.0329, 52.7446 ], [ 1.0355, 52.7427 ], [ 1.0365, 52.741 ], [ 1.0417, 52.7386 ], [ 1.046, 52.7373 ], [ 1.0481, 52.7369 ], [ 1.052, 52.7354 ], [ 1.0535, 52.7352 ], [ 1.0537, 52.7347 ], [ 1.0556, 52.734 ], [ 1.0592, 52.7332 ], [ 1.0632, 52.7327 ], [ 1.0699, 52.7312 ], [ 1.0746, 52.7297 ], [ 1.078, 52.7292 ], [ 1.0808, 52.729 ], [ 1.083, 52.7294 ], [ 1.0913, 52.7269 ], [ 1.0945, 52.7245 ], [ 1.101, 52.7226 ], [ 1.1063, 52.722 ], [ 1.1098, 52.7211 ], [ 1.1128, 52.7208 ], [ 1.1152, 52.7206 ], [ 1.1205, 52.7195 ], [ 1.1263, 52.7172 ], [ 1.1339, 52.7136 ], [ 1.1391, 52.7114 ], [ 1.1419, 52.7091 ], [ 1.1475, 52.707 ], [ 1.1487, 52.7067 ], [ 1.1512, 52.7072 ], [ 1.153, 52.7063 ], [ 1.1559, 52.7041 ], [ 1.1624, 52.6988 ], [ 1.1665, 52.6967 ], [ 1.1681, 52.6954 ], [ 1.1815, 52.6919 ], [ 1.1865, 52.6902 ], [ 1.1892, 52.6897 ], [ 1.1904, 52.6888 ], [ 1.2013, 52.6848 ], [ 1.2049, 52.6827 ], [ 1.2093, 52.6808 ], [ 1.2142, 52.6795 ], [ 1.2181, 52.6781 ], [ 1.2221, 52.6763 ], [ 1.2238, 52.6762 ], [ 1.2242, 52.6756 ], [ 1.2265, 52.675 ], [ 1.2313, 52.6734 ], [ 1.2361, 52.6713 ], [ 1.2395, 52.6695 ], [ 1.245, 52.6662 ], [ 1.2531, 52.6591 ], [ 1.2627, 52.6507 ], [ 1.2673, 52.6483 ], [ 1.2716, 52.6467 ], [ 1.2776, 52.6447 ], [ 1.2832, 52.6429 ], [ 1.289, 52.6404 ] ] } },
{ "type": "Feature", "properties": { "linetype": 1 }, "geometry": { "type": "LineString", "coordinates": [ [ 1.2949, 52.6271 ], [ 1.2955, 52.6259 ], [ 1.2963, 52.6255 ], [ 1.2996, 52.6219 ], [ 1.3018, 52.6205 ], [ 1.3042, 52.6187 ], [ 1.3065, 52.6178 ], [ 1.3091, 52.6171 ], [ 1.3114, 52.6156 ], [ 1.3133, 52.6143 ], [ 1.3173, 52.6122 ], [ 1.3223, 52.6106 ], [ 1.3261, 52.6083 ], [ 1.3289, 52.6056 ], [ 1.3323, 52.6041 ], [ 1.3369, 52.6019 ], [ 1.3429, 52.5987 ], [ 1.35, 52.5942 ], [ 1.3538, 52.5915 ], [ 1.3562, 52.5899 ], [ 1.3595, 52.5891 ], [ 1.3629, 52.5886 ], [ 1.3663, 52.5879 ], [ 1.3682, 52.5872 ], [ 1.3717, 52.5838 ], [ 1.3775, 52.5819 ], [ 1.3883, 52.5789 ], [ 1.3915, 52.5772 ], [ 1.3932, 52.5769 ], [ 1.3948, 52.5755 ], [ 1.3956, 52.5742 ], [ 1.3969, 52.5732 ], [ 1.3993, 52.5715 ], [ 1.4007, 52.5702 ], [ 1.4026, 52.5696 ], [ 1.4052, 52.5694 ], [ 1.4081, 52.569 ], [ 1.4104, 52.5682 ], [ 1.4135, 52.5674 ], [ 1.4214, 52.5641 ], [ 1.4224, 52.5627 ], [ 1.425, 52.5612 ], [ 1.429, 52.5589 ], [ 1.4322, 52.5575 ], [ 1.4322, 52.5557 ], [ 1.4344, 52.5551 ], [ 1.4381, 52.5538 ], [ 1.4415, 52.5522 ], [ 1.444, 52.551 ], [ 1.4469, 52.5491 ], [ 1.4514, 52.5473 ], [ 1.4569, 52.5452 ], [ 1.4611, 52.5427 ], [ 1.4693, 52.5411 ], [ 1.4763, 52.5412 ], [ 1.4781, 52.54 ], [ 1.4808, 52.5392 ], [ 1.4804, 52.538 ], [ 1.4803, 52.536 ], [ 1.4813, 52.5341 ], [ 1.4814, 52.5327 ], [ 1.4831, 52.5321 ], [ 1.4847, 52.5313 ], [ 1.4867, 52.5315 ], [ 1.4872, 52.5303 ], [ 1.4894, 52.5283 ], [ 1.4952, 52.5272 ], [ 1.4999, 52.5263 ], [ 1.5018, 52.5255 ], [ 1.5045, 52.5232 ], [ 1.5065, 52.5223 ], [ 1.5095, 52.5215 ], [ 1.5118, 52.523 ], [ 1.5152, 52.5239 ], [ 1.5174, 52.5246 ], [ 1.5214, 52.5281 ], [ 1.5217, 52.5295 ], [ 1.5201, 52.5307 ], [ 1.5165, 52.533 ], [ 1.5162, 52.5343 ], [ 1.517, 52.5354 ], [ 1.5192, 52.5355 ], [ 1.5227, 52.535 ], [ 1.5261, 52.5348 ], [ 1.5295, 52.5354 ], [ 1.5346, 52.5345 ], [ 1.5406, 52.5345 ], [ 1.5494, 52.533 ], [ 1.5544, 52.5328 ], [ 1.556, 52.5318 ], [ 1.5592, 52.5305 ], [ 1.5623, 52.5292 ], [ 1.5653, 52.5281 ], [ 1.5705, 52.5274 ], [ 1.5851, 52.5258 ], [ 1.5895, 52.5264 ], [ 1.5897, 52.525 ], [ 1.5907, 52.5237 ], [ 1.5934, 52.5222 ], [ 1.5946, 52.521 ], [ 1.5963, 52.5191 ], [ 1.5992, 52.518 ], [ 1.6012, 52.5174 ], [ 1.6031, 52.5161 ], [ 1.604, 52.516 ], [ 1.6054, 52.5172 ], [ 1.6075, 52.5181 ], [ 1.6096, 52.5212 ], [ 1.6117, 52.5223 ], [ 1.6127, 52.5249 ], [ 1.6131, 52.5271 ], [ 1.614, 52.5298 ], [ 1.613, 52.5314 ], [ 1.6135, 52.5324 ], [ 1.6197, 52.5372 ], [ 1.6215, 52.5373 ], [ 1.6235, 52.5371 ], [ 1.6262, 52.5371 ], [ 1.6292, 52.5379 ], [ 1.6314, 52.5393 ], [ 1.6337, 52.5406 ], [ 1.6374, 52.542 ], [ 1.6413, 52.5428 ], [ 1.6446, 52.5456 ], [ 1.6532, 52.5479 ], [ 1.6558, 52.5496 ], [ 1.6589, 52.5512 ], [ 1.6638, 52.5529 ], [ 1.6675, 52.555 ], [ 1.672, 52.5588 ], [ 1.6763, 52.5619 ], [ 1.6822, 52.5658 ], [ 1.6863, 52.5674 ], [ 1.691, 52.5691 ], [ 1.6958, 52.5717 ], [ 1.7, 52.5741 ], [ 1.708, 52.5803 ], [ 1.7107, 52.5817 ], [ 1.7147, 52.5825 ], [ 1.7177, 52.5835 ], [ 1.7214, 52.5842 ], [ 1.7239, 52.5855 ], [ 1.7254, 52.5901 ], [ 1.7247, 52.5934 ], [ 1.7252, 52.5961 ], [ 1.7248, 52.5973 ], [ 1.7205, 52.6057 ], [ 1.7228, 52.6067 ], [ 1.7234, 52.607 ], [ 1.7249, 52.6062 ], [ 1.7269, 52.607 ], [ 1.7266, 52.6083 ] ] } },
{ "type": "Feature", "properties": { "linetype": 1 }, "geometry": { "type": "LineString", "coordinates": [ [ -4.0786, 52.113 ], [ -4.0776, 52.1127 ], [ -4.0753, 52.11 ], [ -4.0735, 52.1087 ], [ -4.071, 52.1069 ], [ -4.0706, 52.1061 ], [ -4.0688, 52.1059 ], [ -4.0633, 52.1027 ], [ -4.0599, 52.1015 ], [ -4.0583, 52.1004 ], [ -4.0576, 52.0993 ], [ -4.0553, 52.0987 ], [ -4.0557, 52.098 ], [ -4.054, 52.0968 ], [ -4.0532, 52.0953 ], [ -4.052, 52.0935 ], [ -4.0507, 52.0921 ], [ -4.0482, 52.0912 ], [ -4.0467, 52.09 ], [ -4.0447, 52.0902 ], [ -4.0392, 52.0892 ], [ -4.0377, 52.0898 ], [ -4.036, 52.0902 ], [ -4.0342, 52.0913 ], [ -4.0311, 52.0917 ], [ -4.0291, 52.0926 ], [ -4.0257, 52.0915 ], [ -4.0237, 52.0915 ], [ -4.0224, 52.0922 ], [ -4.0176, 52.0912 ], [ -4.0137, 52.0898 ], [ -4.0105, 52.0876 ], [ -4.0094, 52.0865 ], [ -4.0073, 52.0855 ], [ -4.0058, 52.085 ], [ -4.0043, 52.0832 ], [ -4.0034, 52.0827 ], [ -4.0022, 52.0829 ], [ -4.002, 52.0833 ], [ -3.9999, 52.0836 ], [ -3.9982, 52.0841 ], [ -3.9969, 52.0836 ], [ -3.9964, 52.0831 ], [ -3.9929, 52.0826 ], [ -3.9903, 52.0825 ], [ -3.9883, 52.0789 ], [ -3.9874, 52.0763 ], [ -3.9848, 52.0732 ], [ -3.9832, 52.0713 ], [ -3.9819, 52.0689 ], [ -3.9809, 52.0681 ], [ -3.9812, 52.067 ], [ -3.9778, 52.066 ], [ -3.9749, 52.0647 ], [ -3.974, 52.0641 ], [ -3.9746, 52.0632 ], [ -3.9741, 52.0623 ], [ -3.9724, 52.0618 ], [ -3.9714, 52.0611 ], [ -3.9711, 52.0596 ], [ -3.9699, 52.0586 ], [ -3.9696, 52.0568 ], [ -3.9696, 52.0536 ], [ -3.9668, 52.0508 ], [ -3.9632, 52.0492 ], [ -3.9619, 52.0486 ], [ -3.9597, 52.0462 ], [ -3.9564, 52.0453 ], [ -3.9525, 52.0445 ], [ -3.9489, 52.0437 ], [ -3.9476, 52.0438 ], [ -3.9454, 52.0416 ], [ -3.9442, 52.0405 ], [ -3.9422, 52.04 ], [ -3.94, 52.0397 ], [ -3.9392, 52.0391 ], [ -3.9369, 52.0394 ], [ -3.9353, 52.0403 ], [ -3.9342, 52.0409 ], [ -3.9329, 52.0416 ], [ -3.9308, 52.0413 ], [ -3.9273, 52.0395 ], [ -3.9203, 52.0395 ], [ -3.9113, 52.0369 ], [ -3.9087, 52.0357 ], [ -3.9049, 52.0346 ], [ -3.9037, 52.0339 ], [ -3.9024, 52.0337 ], [ -3.9018, 52.0333 ], [ -3.9008, 52.0333 ], [ -3.8991, 52.0321 ], [ -3.8985, 52.0322 ], [ -3.8959, 52.0299 ], [ -3.8954, 52.029 ], [ -3.892, 52.0278 ], [ -3.8897, 52.0257 ], [ -3.8882, 52.0256 ], [ -3.8866, 52.0247 ], [ -3.8825, 52.0235 ], [ -3.8821, 52.0231 ], [ -3.8766, 52.0244 ], [ -3.8722, 52.0222 ], [ -3.8702, 52.0215 ], [ -3.8684, 52.0205 ], [ -3.8667, 52.0199 ], [ -3.865, 52.0187 ], [ -3.8636, 52.0178 ], [ -3.8617, 52.0172 ], [ -3.8606, 52.0173 ], [ -3.8589, 52.0184 ], [ -3.8584, 52.0195 ], [ -3.8568, 52.0205 ], [ -3.8548, 52.0207 ], [ -3.854, 52.0203 ], [ -3.8531, 52.0176 ], [ -3.8525, 52.0172 ], [ -3.849, 52.0183 ], [ -3.8467, 52.0182 ], [ -3.8428, 52.0194 ], [ -3.8411, 52.0182 ], [ -3.8384, 52.0178 ], [ -3.8356, 52.018 ], [ -3.8292, 52.0184 ], [ -3.8277, 52.0182 ], [ -3.8267, 52.0187 ], [ -3.8218, 52.0173 ], [ -3.8177, 52.0167 ], [ -3.8162, 52.0161 ], [ -3.8131, 52.0163 ], [ -3.8109, 52.0121 ], [ -3.81, 52.0115 ], [ -3.8095, 52.0104 ], [ -3.807, 52.0089 ], [ -3.8076, 52.0075 ], [ -3.8083, 52.0056 ], [ -3.8081, 52.0041 ], [ -3.8076, 52.0033 ], [ -3.8061, 51.9987 ], [ -3.8065, 51.9977 ], [ -3.8054, 51.9975 ], [ -3.8038, 51.9973 ], [ -3.8018, 51.9953 ], [ -3.7987, 51.9932 ], [ -3.796, 51.994 ], [ -3.7931, 51.9939 ], [ -3.791, 51.9943 ], [ -3.7886, 51.9946 ], [ -3.7867, 51.9954 ], [ -3.7827, 51.9943 ], [ -3.7799, 51.9939 ], [ -3.7768, 51.9951 ], [ -3.7752, 51.996 ], [ -3.7731, 51.9962 ], [ -3.7709, 51.9978 ], [ -3.7681, 51.9984 ], [ -3.7642, 51.9995 ], [ -3.761, 52.0011 ], [ -3.7591, 52.0027 ], [ -3.7566, 52.0034 ], [ -3.7511, 52.0032 ], [ -3.7482, 52.0028 ], [ -3.7463, 52.0021 ], [ -3.7462, 52.0 ], [ -3.7452, 51.9987 ], [ -3.7439, 51.9974 ], [ -3.7418, 51.9965 ], [ -3.7407, 51.9947 ], [ -3.7385, 51.9936 ], [ -3.7352, 51.9924 ], [ -3.7339, 51.991 ], [ -3.731, 51.9898 ], [ -3.7284, 51.9892 ], [ -3.7252, 51.9886 ], [ -3.7217, 51.9886 ], [ -3.7185, 51.9881 ], [ -3.7165, 51.9864 ], [ -3.7124, 51.9838 ], [ -3.7094, 51.9824 ], [ -3.706, 51.9818 ], [ -3.7031, 51.9818 ], [ -3.6998, 51.9811 ], [ -3.6975, 51.9804 ], [ -3.6961, 51.9801 ], [ -3.6947, 51.9795 ], [ -3.6935, 51.9784 ], [ -3.6879, 51.9773 ], [ -3.6851, 51.9768 ], [ -3.6829, 51.9772 ], [ -3.6806, 51.9759 ], [ -3.6784, 51.9729 ], [ -3.6758, 51.9709 ], [ -3.6747, 51.9687 ], [ -3.6717, 51.9648 ], [ -3.669, 51.9632 ], [ -3.6661, 51.9612 ], [ -3.6642, 51.96 ], [ -3.6608, 51.9592 ], [ -3.6583, 51.958 ], [ -3.6548, 51.9579 ], [ -3.6515, 51.9574 ], [ -3.6488, 51.9575 ], [ -3.6468, 51.9568 ], [ -3.6456, 51.9557 ], [ -3.6436, 51.9547 ], [ -3.6393, 51.9539 ], [ -3.6363, 51.9528 ], [ -3.6341, 51.9514 ], [ -3.6325, 51.9508 ], [ -3.6297, 51.949 ], [ -3.6279, 51.9488 ], [ -3.6235, 51.9507 ], [ -3.6186, 51.9525 ], [ -3.6163, 51.9528 ], [ -3.6144, 51.9526 ], [ -3.6118, 51.9521 ], [ -3.6085, 51.9521 ], [ -3.6056, 51.9518 ], [ -3.6015, 51.9513 ], [ -3.5961, 51.9514 ], [ -3.594, 51.9513 ], [ -3.5923, 51.95 ], [ -3.5903, 51.9486 ], [ -3.5896, 51.9466 ], [ -3.5848, 51.9455 ], [ -3.5829, 51.9443 ], [ -3.5801, 51.9436 ], [ -3.5771, 51.9436 ], [ -3.5734, 51.9446 ], [ -3.5716, 51.9453 ], [ -3.5711, 51.9464 ], [ -3.5657, 51.9487 ], [ -3.561, 51.9506 ], [ -3.5551, 51.9521 ], [ -3.5477, 51.9538 ], [ -3.5429, 51.9539 ], [ -3.5381, 51.9537 ], [ -3.5357, 51.9527 ], [ -3.5321, 51.9521 ], [ -3.5284, 51.9525 ], [ -3.5268, 51.951 ], [ -3.5213, 51.9493 ], [ -3.5183, 51.9494 ], [ -3.5162, 51.9493 ], [ -3.5138, 51.9497 ], [ -3.5118, 51.9496 ], [ -3.5017, 51.9478 ], [ -3.4996, 51.947 ], [ -3.4989, 51.9459 ], [ -3.4962, 51.9451 ], [ -3.4936, 51.9458 ], [ -3.4889, 51.9464 ], [ -3.4829, 51.9479 ], [ -3.4805, 51.9478 ], [ -3.4783, 51.9482 ], [ -3.474, 51.9486 ], [ -3.4696, 51.9496 ], [ -3.4662, 51.9519 ], [ -3.4631, 51.9529 ], [ -3.4585, 51.9532 ], [ -3.4551, 51.9524 ], [ -3.451, 51.9526 ], [ -3.4498, 51.9519 ], [ -3.4497, 51.9491 ], [ -3.4488, 51.947 ], [ -3.4473, 51.9461 ], [ -3.4458, 51.9455 ], [ -3.4446, 51.9444 ], [ -3.4402, 51.9434 ], [ -3.4375, 51.9436 ], [ -3.4344, 51.945 ], [ -3.4326, 51.9458 ], [ -3.4276, 51.9469 ], [ -3.4232, 51.9476 ], [ -3.419, 51.9479 ], [ -3.4153, 51.9474 ], [ -3.4116, 51.9463 ], [ -3.4077, 51.9457 ], [ -3.4058, 51.9448 ], [ -3.4041, 51.9447 ], [ -3.4025, 51.9451 ], [ -3.4008, 51.9452 ] ] } },
{ "type": "Feature", "properties": { "linetype": 1 }, "geometry": { "type": "LineString", "coordinates": [ [ -3.3928, 51.9484 ], [ -3.3911, 51.948 ], [ -3.3893, 51.9469 ], [ -3.3888, 51.9461 ], [ -3.3799, 51.9424 ], [ -3.3764, 51.9422 ], [ -3.3724, 51.9412 ], [ -3.3685, 51.9413 ], [ -3.3643, 51.9415 ], [ -3.3549, 51.94 ], [ -3.3536, 51.939 ], [ -3.3525, 51.9382 ], [ -3.3485, 51.9373 ], [ -3.3441, 51.9381 ], [ -3.3414, 51.9382 ], [ -3.3342, 51.9369 ], [ -3.3325, 51.9356 ], [ -3.3278, 51.9325 ], [ -3.3254, 51.9315 ], [ -3.3212, 51.9274 ], [ -3.3176, 51.9236 ], [ -3.3154, 51.9222 ], [ -3.3121, 51.9203 ], [ -3.3058, 51.9186 ], [ -3.2999, 51.9167 ], [ -3.2959, 51.9154 ], [ -3.2897, 51.9133 ], [ -3.2858, 51.9114 ], [ -3.2823, 51.9084 ], [ -3.2796, 51.9053 ], [ -3.278, 51.9049 ], [ -3.277, 51.9027 ], [ -3.2759, 51.9019 ], [ -3.2728, 51.9003 ], [ -3.2688, 51.8966 ], [ -3.2642, 51.8947 ], [ -3.2599, 51.8938 ], [ -3.2555, 51.8929 ], [ -3.2517, 51.8928 ], [ -3.2498, 51.8933 ], [ -3.2487, 51.8947 ], [ -3.2447, 51.8938 ], [ -3.2405, 51.8918 ], [ -3.2386, 51.8905 ], [ -3.2363, 51.8896 ], [ -3.2348, 51.889 ], [ -3.2331, 51.8896 ], [ -3.2315, 51.8898 ], [ -3.2291, 51.8894 ], [ -3.227, 51.8894 ], [ -3.2235, 51.8896 ], [ -3.2199, 51.8895 ], [ -3.2166, 51.8894 ], [ -3.2145, 51.8897 ], [ -3.2119, 51.8903 ], [ -3.2098, 51.891 ], [ -3.2095, 51.8899 ], [ -3.2091, 51.8888 ], [ -3.2082, 51.888 ], [ -3.205, 51.889 ], [ -3.2031, 51.889 ], [ -3.2007, 51.8888 ], [ -3.1982, 51.8884 ], [ -3.1969, 51.8879 ], [ -3.1953, 51.8869 ], [ -3.1938, 51.8865 ], [ -3.1916, 51.8861 ], [ -3.1877, 51.8848 ], [ -3.1839, 51.884 ], [ -3.1834, 51.8845 ], [ -3.1801, 51.8823 ], [ -3.175, 51.8787 ], [ -3.1736, 51.8759 ], [ -3.1722, 51.8746 ], [ -3.1684, 51.8732 ], [ -3.1672, 51.872 ], [ -3.1647, 51.8712 ], [ -3.161, 51.87 ], [ -3.1544, 51.8683 ], [ -3.1467, 51.866 ], [ -3.1421, 51.8646 ], [ -3.1383, 51.8617 ], [ -3.1378, 51.8608 ], [ -3.1373, 51.8592 ], [ -3.1379, 51.8587 ], [ -3.1387, 51.8577 ], [ -3.138, 51.8571 ], [ -3.1357, 51.8565 ], [ -3.1333, 51.8564 ], [ -3.1257, 51.8529 ], [ -3.1163, 51.8451 ], [ -3.1131, 51.8425 ], [ -3.11, 51.8414 ], [ -3.107, 51.841 ], [ -3.1036, 51.8411 ], [ -3.0983, 51.841 ], [ -3.093, 51.8406 ], [ -3.0891, 51.8401 ], [ -3.0855, 51.8388 ], [ -3.078, 51.8367 ], [ -3.0746, 51.8364 ], [ -3.0722, 51.8356 ], [ -3.0702, 51.8358 ], [ -3.068, 51.8352 ], [ -3.0653, 51.8338 ], [ -3.0648, 51.8321 ], [ -3.0608, 51.8319 ], [ -3.059, 51.8314 ], [ -3.0576, 51.8303 ], [ -3.0539, 51.8271 ], [ -3.0528, 51.827 ], [ -3.0492, 51.8278 ], [ -3.045, 51.8283 ], [ -3.0432, 51.8277 ], [ -3.0405, 51.8277 ], [ -3.0372, 51.827 ], [ -3.0332, 51.8255 ], [ -3.0326, 51.8249 ], [ -3.0316, 51.8248 ], [ -3.0309, 51.8234 ], [ -3.0269, 51.8218 ], [ -3.0247, 51.8218 ], [ -3.0196, 51.8217 ], [ -3.0182, 51.8209 ], [ -3.0172, 51.8214 ], [ -3.0155, 51.8228 ], [ -3.0141, 51.8225 ], [ -3.0133, 51.8217 ], [ -3.0121, 51.8215 ], [ -3.008, 51.8223 ], [ -3.0041, 51.8226 ], [ -3.0012, 51.8224 ], [ -2.997, 51.8229 ], [ -2.9936, 51.8237 ], [ -2.9846, 51.8245 ], [ -2.981, 51.8243 ], [ -2.9791, 51.8243 ], [ -2.976, 51.8236 ], [ -2.9737, 51.8234 ], [ -2.9684, 51.8219 ], [ -2.9642, 51.8211 ], [ -2.9563, 51.8226 ], [ -2.9481, 51.8245 ], [ -2.9383, 51.8231 ], [ -2.9342, 51.8234 ], [ -2.931, 51.8233 ], [ -2.9293, 51.8224 ], [ -2.9245, 51.8213 ], [ -2.921, 51.8218 ], [ -2.9168, 51.8218 ], [ -2.9148, 51.8221 ], [ -2.912, 51.8232 ], [ -2.9075, 51.8228 ], [ -2.9022, 51.8226 ], [ -2.8983, 51.8229 ], [ -2.8949, 51.8228 ], [ -2.8921, 51.8224 ], [ -2.8896, 51.8219 ], [ -2.8875, 51.8223 ], [ -2.8815, 51.825 ], [ -2.8806, 51.827 ], [ -2.8807, 51.8286 ], [ -2.8789, 51.8304 ], [ -2.875, 51.8332 ], [ -2.8707, 51.8346 ], [ -2.8662, 51.8341 ], [ -2.8624, 51.8327 ], [ -2.8599, 51.8311 ], [ -2.8574, 51.8312 ], [ -2.8562, 51.8321 ], [ -2.8535, 51.8319 ], [ -2.8514, 51.8323 ], [ -2.8493, 51.8324 ], [ -2.8474, 51.8315 ], [ -2.8447, 51.831 ], [ -2.842, 51.8298 ], [ -2.8345, 51.8285 ], [ -2.8321, 51.8277 ], [ -2.8281, 51.8281 ], [ -2.8261, 51.8277 ], [ -2.8239, 51.8276 ], [ -2.8217, 51.8273 ], [ -2.8198, 51.8267 ], [ -2.8165, 51.8265 ], [ -2.8136, 51.8258 ], [ -2.8114, 51.8243 ], [ -2.8097, 51.8237 ], [ -2.8077, 51.8242 ], [ -2.8056, 51.825 ], [ -2.8029, 51.8253 ], [ -2.8005, 51.8267 ], [ -2.7945, 51.8271 ], [ -2.7891, 51.8275 ], [ -2.7855, 51.8279 ], [ -2.7832, 51.8276 ], [ -2.7809, 51.8277 ], [ -2.7784, 51.8272 ], [ -2.7764, 51.8268 ], [ -2.7737, 51.8257 ], [ -2.7711, 51.8254 ], [ -2.7653, 51.8253 ], [ -2.7567, 51.8266 ], [ -2.7533, 51.8274 ], [ -2.7513, 51.8277 ], [ -2.7474, 51.8256 ], [ -2.7452, 51.8242 ], [ -2.7414, 51.823 ], [ -2.7369, 51.8205 ], [ -2.7355, 51.8192 ], [ -2.7312, 51.8174 ], [ -2.728, 51.8152 ], [ -2.7245, 51.8111 ], [ -2.7226, 51.8092 ], [ -2.7213, 51.8084 ] ] } },
{ "type": "Feature", "properties": { "linetype": 1 }, "geometry": { "type": "LineString", "coordinates": [ [ -1.1503, 52.9534 ], [ -1.1476, 52.9532 ], [ -1.1464, 52.9532 ], [ -1.1451, 52.9536 ], [ -1.143, 52.9538 ], [ -1.1398, 52.9538 ], [ -1.1386, 52.953 ], [ -1.138, 52.9536 ], [ -1.1366, 52.9543 ], [ -1.1349, 52.9555 ], [ -1.1276, 52.9581 ], [ -1.125, 52.9589 ], [ -1.116, 52.9647 ], [ -1.1133, 52.9657 ], [ -1.1041, 52.9665 ], [ -1.0925, 52.9665 ], [ -1.0897, 52.9665 ], [ -1.0876, 52.9671 ], [ -1.0862, 52.9674 ], [ -1.0846, 52.9677 ], [ -1.0819, 52.9687 ], [ -1.0788, 52.9692 ], [ -1.0781, 52.97 ], [ -1.0752, 52.9714 ], [ -1.0735, 52.9712 ], [ -1.0715, 52.9718 ], [ -1.0699, 52.9731 ], [ -1.0679, 52.9745 ], [ -1.0631, 52.9761 ], [ -1.0607, 52.977 ], [ -1.0566, 52.9792 ], [ -1.0536, 52.981 ], [ -1.0469, 52.9827 ], [ -1.0423, 52.9844 ], [ -1.0391, 52.986 ], [ -1.0396, 52.987 ], [ -1.0379, 52.9879 ], [ -1.0353, 52.9887 ], [ -1.0333, 52.988 ], [ -1.0307, 52.9878 ], [ -1.0285, 52.9864 ], [ -1.027, 52.9866 ], [ -1.0221, 52.9863 ], [ -1.015, 52.986 ], [ -1.0062, 52.9864 ], [ -0.9979, 52.9867 ], [ -0.9936, 52.9872 ], [ -0.9877, 52.9869 ], [ -0.9818, 52.9865 ], [ -0.9779, 52.9866 ], [ -0.9719, 52.9905 ], [ -0.9691, 52.9955 ], [ -0.967, 52.9984 ], [ -0.9642, 53.0019 ], [ -0.962, 53.0048 ], [ -0.959, 53.0069 ], [ -0.9571, 53.0081 ], [ -0.9527, 53.0106 ], [ -0.9492, 53.0105 ], [ -0.9466, 53.0096 ], [ -0.945, 53.0098 ], [ -0.9434, 53.0114 ], [ -0.9392, 53.0131 ], [ -0.9362, 53.0147 ], [ -0.9308, 53.0185 ], [ -0.9278, 53.0212 ], [ -0.9251, 53.0252 ], [ -0.9228, 53.0281 ], [ -0.9192, 53.0304 ], [ -0.9159, 53.0322 ], [ -0.912, 53.0346 ], [ -0.9092, 53.0357 ], [ -0.9053, 53.036 ], [ -0.9021, 53.0375 ], [ -0.8988, 53.0394 ], [ -0.8928, 53.0416 ], [ -0.8891, 53.0425 ], [ -0.887, 53.0426 ], [ -0.8851, 53.0417 ], [ -0.8827, 53.0409 ], [ -0.8795, 53.0397 ], [ -0.8772, 53.0389 ], [ -0.8667, 53.048 ], [ -0.8494, 53.0567 ], [ -0.8326, 53.0659 ], [ -0.8237, 53.0703 ], [ -0.8204, 53.071 ], [ -0.8188, 53.0728 ], [ -0.8164, 53.0744 ], [ -0.8128, 53.0765 ] ] } },
{ "type": "Feature", "properties": { "linetype": 1 }, "geometry": { "type": "LineString", "coordinates": [ [ -0.811, 53.0777 ], [ -0.8071, 53.0803 ], [ -0.8014, 53.0837 ], [ -0.7761, 53.0998 ], [ -0.7712, 53.1029 ], [ -0.7659, 53.1069 ], [ -0.7633, 53.108 ], [ -0.758, 53.1117 ], [ -0.7529, 53.1145 ], [ -0.752, 53.1155 ], [ -0.7469, 53.1181 ], [ -0.7439, 53.1206 ], [ -0.7276, 53.1306 ], [ -0.7242, 53.1333 ], [ -0.7216, 53.135 ], [ -0.692, 53.1475 ], [ -0.6419, 53.1687 ], [ -0.5968, 53.1876 ], [ -0.5731, 53.1978 ], [ -0.5682, 53.1997 ], [ -0.5641, 53.2009 ], [ -0.5572, 53.2019 ], [ -0.5538, 53.2015 ], [ -0.5526, 53.2022 ], [ -0.5515, 53.2033 ], [ -0.5481, 53.2104 ], [ -0.5469, 53.212 ] ] } },
{ "type": "Feature", "properties": { "linetype": 1 }, "geometry": { "type": "LineString", "coordinates": [ [ -0.5389, 53.2344 ], [ -0.5379, 53.2347 ], [ -0.5347, 53.2351 ], [ -0.5316, 53.2388 ], [ -0.5199, 53.2491 ], [ -0.5189, 53.2508 ], [ -0.515, 53.2532 ], [ -0.5085, 53.2593 ], [ -0.5087, 53.2611 ], [ -0.5052, 53.2649 ], [ -0.5006, 53.2728 ], [ -0.4965, 53.2845 ], [ -0.4933, 53.289 ], [ -0.4898, 53.2894 ], [ -0.4899, 53.2929 ], [ -0.4879, 53.2948 ], [ -0.4871, 53.2969 ], [ -0.4851, 53.3003 ], [ -0.483, 53.3012 ], [ -0.4841, 53.3028 ], [ -0.4847, 53.3053 ], [ -0.4843, 53.3062 ], [ -0.4804, 53.3068 ], [ -0.4777, 53.3071 ], [ -0.4761, 53.3069 ], [ -0.4731, 53.3076 ], [ -0.4682, 53.3078 ], [ -0.4649, 53.3088 ], [ -0.4655, 53.3102 ], [ -0.4605, 53.3129 ], [ -0.4527, 53.3154 ], [ -0.4436, 53.317 ], [ -0.432, 53.3174 ], [ -0.4263, 53.3204 ], [ -0.4244, 53.3225 ], [ -0.4208, 53.3236 ], [ -0.4167, 53.3264 ], [ -0.4121, 53.3318 ], [ -0.41, 53.3346 ], [ -0.4067, 53.3372 ], [ -0.4022, 53.3397 ], [ -0.3966, 53.3416 ], [ -0.397, 53.3456 ], [ -0.3988, 53.348 ], [ -0.3985, 53.3481 ], [ -0.3989, 53.349 ], [ -0.3965, 53.3496 ], [ -0.395, 53.3505 ], [ -0.3919, 53.3514 ], [ -0.3862, 53.3563 ], [ -0.383, 53.3572 ], [ -0.3806, 53.358 ], [ -0.3797, 53.3603 ], [ -0.3779, 53.3633 ], [ -0.3766, 53.3675 ], [ -0.3763, 53.3861 ], [ -0.3736, 53.3862 ], [ -0.3709, 53.3866 ], [ -0.3674, 53.3864 ], [ -0.3641, 53.387 ], [ -0.3618, 53.3873 ], [ -0.3586, 53.3875 ], [ -0.3526, 53.3887 ], [ -0.3503, 53.3886 ], [ -0.3427, 53.3882 ], [ -0.3413, 53.3882 ], [ -0.3399, 53.3884 ], [ -0.3376, 53.3877 ], [ -0.3341, 53.3871 ], [ -0.3324, 53.3867 ], [ -0.3285, 53.3852 ], [ -0.3256, 53.3846 ], [ -0.3238, 53.3846 ], [ -0.3194, 53.3843 ], [ -0.3089, 53.3831 ], [ -0.2895, 53.3797 ], [ -0.2831, 53.3801 ], [ -0.2807, 53.3805 ], [ -0.2701, 53.3803 ], [ -0.2711, 53.3856 ], [ -0.2722, 53.3887 ], [ -0.2718, 53.3915 ], [ -0.2718, 53.3921 ], [ -0.2704, 53.3929 ], [ -0.2688, 53.3938 ], [ -0.2686, 53.3951 ], [ -0.2668, 53.396 ], [ -0.2648, 53.3963 ], [ -0.265, 53.3969 ], [ -0.2646, 53.3974 ], [ -0.2647, 53.3983 ], [ -0.2628, 53.3989 ], [ -0.2629, 53.3996 ], [ -0.2624, 53.4012 ], [ -0.2629, 53.4021 ], [ -0.2616, 53.4025 ], [ -0.2603, 53.4026 ], [ -0.2598, 53.4034 ], [ -0.2582, 53.4046 ], [ -0.2574, 53.4047 ], [ -0.2558, 53.4069 ], [ -0.2553, 53.4089 ], [ -0.2543, 53.4099 ], [ -0.2506, 53.4119 ], [ -0.2474, 53.4157 ], [ -0.2462, 53.4182 ], [ -0.2439, 53.4202 ], [ -0.2374, 53.4243 ], [ -0.2377, 53.4273 ], [ -0.2337, 53.4282 ], [ -0.234, 53.4299 ], [ -0.2348, 53.4312 ], [ -0.2341, 53.4328 ], [ -0.2318, 53.4336 ], [ -0.2296, 53.4345 ], [ -0.2293, 53.4359 ], [ -0.2265, 53.4399 ], [ -0.2231, 53.4424 ], [ -0.2192, 53.4448 ], [ -0.2167, 53.447 ], [ -0.2116, 53.45 ], [ -0.2074, 53.4548 ], [ -0.1847, 53.4625 ], [ -0.1828, 53.4625 ], [ -0.1821, 53.4616 ], [ -0.1799, 53.4612 ], [ -0.1788, 53.4608 ], [ -0.1782, 53.4596 ], [ -0.1769, 53.4593 ], [ -0.1724, 53.4594 ], [ -0.1635, 53.4615 ], [ -0.1577, 53.4628 ], [ -0.1529, 53.4668 ], [ -0.1495, 53.4689 ], [ -0.1483, 53.4691 ], [ -0.1468, 53.4709 ], [ -0.1425, 53.4742 ], [ -0.1405, 53.4751 ], [ -0.1399, 53.4762 ], [ -0.1395, 53.4781 ], [ -0.1373, 53.4792 ], [ -0.1369, 53.4809 ], [ -0.1303, 53.4875 ], [ -0.1195, 53.4938 ], [ -0.1151, 53.4965 ], [ -0.1138, 53.497 ], [ -0.1126, 53.4967 ], [ -0.1111, 53.4968 ], [ -0.1111, 53.4979 ], [ -0.1113, 53.4987 ], [ -0.1109, 53.5009 ], [ -0.1102, 53.5029 ], [ -0.1099, 53.5053 ], [ -0.1108, 53.5058 ], [ -0.1099, 53.5079 ], [ -0.1083, 53.5082 ], [ -0.1033, 53.5133 ], [ -0.1038, 53.5155 ], [ -0.1018, 53.5166 ], [ -0.1001, 53.5163 ], [ -0.0965, 53.5173 ], [ -0.0945, 53.5178 ], [ -0.0935, 53.5228 ], [ -0.0927, 53.5267 ], [ -0.0922, 53.5285 ], [ -0.0931, 53.5303 ], [ -0.0922, 53.5327 ], [ -0.0937, 53.5361 ], [ -0.0938, 53.5382 ], [ -0.0925, 53.5434 ], [ -0.0919, 53.5473 ], [ -0.0935, 53.552 ], [ -0.0921, 53.5523 ], [ -0.0913, 53.5539 ], [ -0.0929, 53.5589 ], [ -0.0914, 53.5607 ], [ -0.0905, 53.5617 ], [ -0.089, 53.5627 ], [ -0.0886, 53.5634 ], [ -0.0875, 53.5643 ], [ -0.0862, 53.5646 ], [ -0.0829, 53.5652 ] ] } },
{ "type": "Feature", "properties": { "linetype": 1 }, "geometry": { "type": "LineString", "coordinates": [ [ -2.5562, 51.4812 ], [ -2.5532, 51.481 ], [ -2.5522, 51.482 ], [ -2.5514, 51.482 ], [ -2.5485, 51.4838 ], [ -2.547, 51.4837 ], [ -2.5402, 51.4822 ], [ -2.5362, 51.4826 ], [ -2.5328, 51.4822 ], [ -2.5308, 51.4822 ], [ -2.5278, 51.4813 ], [ -2.5242, 51.4816 ], [ -2.5138, 51.4813 ], [ -2.5068, 51.481 ], [ -2.5, 51.4808 ], [ -2.4934, 51.481 ], [ -2.4889, 51.4825 ], [ -2.4869, 51.4828 ], [ -2.4857, 51.4825 ], [ -2.485, 51.4828 ], [ -2.4848, 51.4832 ], [ -2.4815, 51.4836 ], [ -2.4756, 51.4817 ], [ -2.4739, 51.4815 ], [ -2.4711, 51.4822 ], [ -2.4668, 51.4824 ], [ -2.4649, 51.4827 ], [ -2.4617, 51.482 ], [ -2.4588, 51.4817 ], [ -2.4565, 51.4816 ], [ -2.4532, 51.4811 ], [ -2.4505, 51.4804 ], [ -2.4478, 51.4801 ], [ -2.4419, 51.4804 ], [ -2.4415, 51.4819 ], [ -2.44, 51.483 ], [ -2.439, 51.4829 ], [ -2.4372, 51.4843 ], [ -2.4343, 51.4859 ], [ -2.4326, 51.4854 ], [ -2.4309, 51.4854 ], [ -2.4294, 51.4865 ], [ -2.4224, 51.4895 ], [ -2.4188, 51.4896 ], [ -2.4151, 51.4893 ], [ -2.4109, 51.489 ], [ -2.4059, 51.4887 ], [ -2.405, 51.4881 ], [ -2.4017, 51.488 ], [ -2.399, 51.4889 ], [ -2.3957, 51.4886 ], [ -2.3886, 51.4887 ], [ -2.3866, 51.4897 ], [ -2.3848, 51.4894 ], [ -2.3836, 51.4895 ], [ -2.382, 51.4891 ], [ -2.3801, 51.4894 ], [ -2.3798, 51.4881 ], [ -2.3785, 51.4875 ], [ -2.3761, 51.4887 ], [ -2.3707, 51.4898 ], [ -2.3662, 51.4903 ], [ -2.357, 51.4908 ], [ -2.3541, 51.4959 ], [ -2.3532, 51.4994 ], [ -2.3518, 51.501 ], [ -2.3502, 51.5043 ], [ -2.347, 51.5048 ], [ -2.3449, 51.5059 ], [ -2.343, 51.5076 ], [ -2.3388, 51.509 ], [ -2.3343, 51.5099 ], [ -2.3306, 51.5105 ], [ -2.3282, 51.5115 ], [ -2.3164, 51.5139 ], [ -2.3141, 51.5153 ], [ -2.3109, 51.5157 ], [ -2.2948, 51.5203 ], [ -2.2912, 51.5205 ], [ -2.2883, 51.5219 ], [ -2.2786, 51.525 ], [ -2.276, 51.5257 ], [ -2.2769, 51.5273 ], [ -2.2732, 51.5279 ], [ -2.2687, 51.5294 ], [ -2.2657, 51.5303 ], [ -2.2622, 51.5328 ], [ -2.262, 51.5342 ], [ -2.2577, 51.536 ], [ -2.257, 51.5374 ], [ -2.2567, 51.5394 ], [ -2.2515, 51.5428 ], [ -2.2494, 51.5442 ], [ -2.2423, 51.5502 ], [ -2.2421, 51.5516 ], [ -2.2429, 51.5539 ], [ -2.2429, 51.5549 ], [ -2.2419, 51.5551 ], [ -2.2371, 51.5571 ], [ -2.2341, 51.5582 ], [ -2.2301, 51.5603 ], [ -2.2231, 51.5633 ], [ -2.2182, 51.564 ], [ -2.2156, 51.566 ], [ -2.2137, 51.5664 ], [ -2.2092, 51.5667 ], [ -2.2005, 51.568 ], [ -2.1964, 51.5698 ], [ -2.1937, 51.5705 ], [ -2.1897, 51.5711 ], [ -2.1856, 51.5719 ], [ -2.1804, 51.5721 ], [ -2.1769, 51.5729 ], [ -2.1729, 51.5732 ], [ -2.1656, 51.5745 ], [ -2.1579, 51.5742 ], [ -2.1564, 51.5736 ], [ -2.1555, 51.5726 ], [ -2.1523, 51.5721 ], [ -2.1505, 51.5719 ], [ -2.1427, 51.572 ], [ -2.1387, 51.5725 ], [ -2.1341, 51.5739 ], [ -2.1286, 51.5758 ], [ -2.1235, 51.5781 ], [ -2.1185, 51.5803 ], [ -2.1162, 51.5805 ], [ -2.1142, 51.5813 ], [ -2.1095, 51.582 ], [ -2.1085, 51.5829 ], [ -2.1051, 51.5838 ], [ -2.1053, 51.5844 ], [ -2.1043, 51.585 ], [ -2.1024, 51.5855 ], [ -2.1015, 51.5853 ], [ -2.1002, 51.5854 ], [ -2.0987, 51.585 ], [ -2.098, 51.584 ], [ -2.094, 51.5854 ], [ -2.0934, 51.5861 ], [ -2.093, 51.5866 ], [ -2.0912, 51.5859 ], [ -2.0892, 51.5868 ], [ -2.0829, 51.5875 ], [ -2.0791, 51.5889 ], [ -2.0749, 51.589 ], [ -2.0719, 51.5896 ], [ -2.0677, 51.5897 ], [ -2.0637, 51.5897 ], [ -2.0618, 51.589 ], [ -2.0582, 51.5888 ], [ -2.056, 51.5888 ], [ -2.0536, 51.5885 ], [ -2.0499, 51.5891 ], [ -2.0485, 51.5886 ], [ -2.0462, 51.589 ], [ -2.045, 51.5894 ], [ -2.0414, 51.5874 ], [ -2.0326, 51.5854 ], [ -2.0254, 51.5844 ], [ -2.0207, 51.584 ], [ -2.0173, 51.5843 ], [ -2.0128, 51.5844 ], [ -2.0101, 51.5841 ], [ -2.0031, 51.5827 ], [ -1.9985, 51.5851 ], [ -1.9948, 51.5855 ], [ -1.9849, 51.5865 ], [ -1.9804, 51.5859 ], [ -1.9768, 51.5865 ], [ -1.9713, 51.5879 ], [ -1.968, 51.5884 ], [ -1.9646, 51.5879 ], [ -1.9572, 51.5881 ], [ -1.9545, 51.5886 ], [ -1.9523, 51.5889 ], [ -1.9499, 51.5897 ], [ -1.9465, 51.5901 ], [ -1.9435, 51.5898 ], [ -1.9401, 51.5891 ], [ -1.9351, 51.589 ], [ -1.9308, 51.5889 ], [ -1.9261, 51.5883 ], [ -1.9202, 51.5877 ], [ -1.9165, 51.5878 ], [ -1.9138, 51.5883 ], [ -1.9105, 51.5886 ], [ -1.9065, 51.5888 ], [ -1.9028, 51.5889 ], [ -1.899, 51.5885 ], [ -1.8933, 51.588 ], [ -1.8887, 51.587 ], [ -1.8852, 51.5873 ], [ -1.8816, 51.587 ], [ -1.8795, 51.5865 ], [ -1.8764, 51.5863 ], [ -1.8709, 51.5871 ], [ -1.8676, 51.5881 ], [ -1.8661, 51.5886 ], [ -1.8657, 51.5924 ], [ -1.8654, 51.5945 ], [ -1.8656, 51.5964 ], [ -1.8665, 51.5982 ], [ -1.8663, 51.6002 ], [ -1.8648, 51.6018 ], [ -1.8647, 51.6031 ], [ -1.8648, 51.6049 ], [ -1.8565, 51.6063 ], [ -1.8488, 51.6062 ], [ -1.8464, 51.6064 ], [ -1.8445, 51.6064 ], [ -1.8425, 51.6065 ], [ -1.8412, 51.6063 ], [ -1.8397, 51.6057 ], [ -1.8386, 51.6048 ], [ -1.838, 51.6043 ], [ -1.836, 51.6044 ], [ -1.8344, 51.605 ], [ -1.8304, 51.6053 ], [ -1.8278, 51.6056 ], [ -1.8242, 51.6062 ], [ -1.8106, 51.6066 ], [ -1.8099, 51.6072 ], [ -1.8098, 51.6083 ], [ -1.8063, 51.607 ], [ -1.8049, 51.607 ], [ -1.8045, 51.6073 ], [ -1.8015, 51.6073 ], [ -1.8009, 51.6075 ], [ -1.8009, 51.6081 ], [ -1.8002, 51.6087 ], [ -1.7943, 51.6084 ], [ -1.7909, 51.609 ], [ -1.7895, 51.6099 ], [ -1.788, 51.609 ], [ -1.7828, 51.6101 ], [ -1.7806, 51.6103 ], [ -1.7761, 51.6114 ], [ -1.772, 51.6131 ], [ -1.7643, 51.6159 ], [ -1.7613, 51.6166 ], [ -1.7598, 51.6177 ], [ -1.7576, 51.6186 ], [ -1.7551, 51.6199 ], [ -1.7492, 51.6202 ], [ -1.7464, 51.621 ], [ -1.7444, 51.6217 ], [ -1.7424, 51.6226 ], [ -1.7395, 51.6231 ], [ -1.737, 51.6238 ], [ -1.7352, 51.6244 ], [ -1.7325, 51.6248 ], [ -1.7298, 51.626 ], [ -1.726, 51.6279 ], [ -1.7224, 51.6284 ], [ -1.717, 51.6295 ], [ -1.712, 51.6304 ], [ -1.712, 51.6307 ], [ -1.7082, 51.6307 ], [ -1.7065, 51.6305 ], [ -1.7047, 51.6294 ], [ -1.6987, 51.6322 ], [ -1.6958, 51.6332 ], [ -1.6938, 51.6334 ], [ -1.6908, 51.6333 ], [ -1.6823, 51.6355 ], [ -1.6786, 51.6365 ], [ -1.6738, 51.6373 ], [ -1.6714, 51.6376 ], [ -1.6677, 51.6386 ], [ -1.6656, 51.6389 ], [ -1.6632, 51.6398 ], [ -1.6617, 51.641 ], [ -1.6598, 51.6423 ], [ -1.6561, 51.6432 ], [ -1.6525, 51.6437 ], [ -1.6486, 51.6431 ], [ -1.6453, 51.6425 ], [ -1.6425, 51.6433 ], [ -1.6371, 51.6448 ], [ -1.6292, 51.6469 ], [ -1.6246, 51.6483 ], [ -1.6209, 51.6492 ], [ -1.6159, 51.649 ], [ -1.6104, 51.6494 ], [ -1.6062, 51.6503 ], [ -1.6056, 51.6519 ], [ -1.6037, 51.6533 ], [ -1.6016, 51.6538 ], [ -1.5918, 51.6517 ], [ -1.5886, 51.6558 ], [ -1.587, 51.6566 ], [ -1.5837, 51.6583 ] ] } },
{ "type": "Feature", "properties": { "linetype": 1 }, "geometry": { "type": "LineString", "coordinates": [ [ -1.2578, 51.752 ], [ -1.2563, 51.7463 ], [ -1.2561, 51.7435 ], [ -1.2491, 51.7323 ], [ -1.2542, 51.7294 ], [ -1.2575, 51.7285 ], [ -1.26, 51.7281 ], [ -1.2631, 51.7266 ], [ -1.2639, 51.7255 ], [ -1.2686, 51.7228 ], [ -1.2717, 51.7212 ], [ -1.2762, 51.7193 ], [ -1.2808, 51.7165 ], [ -1.2826, 51.7155 ], [ -1.2866, 51.7142 ], [ -1.2875, 51.7124 ], [ -1.2893, 51.7111 ], [ -1.2917, 51.7102 ], [ -1.2942, 51.7096 ], [ -1.297, 51.7077 ], [ -1.298, 51.7065 ], [ -1.3005, 51.7051 ], [ -1.3034, 51.7045 ], [ -1.3048, 51.7032 ], [ -1.3059, 51.7018 ], [ -1.3082, 51.7002 ], [ -1.3106, 51.6991 ], [ -1.314, 51.6987 ], [ -1.318, 51.6971 ], [ -1.3252, 51.6949 ], [ -1.3272, 51.6942 ], [ -1.3301, 51.6936 ], [ -1.331, 51.6922 ], [ -1.3423, 51.6863 ], [ -1.3423, 51.6834 ], [ -1.3466, 51.6843 ], [ -1.3548, 51.6857 ], [ -1.3585, 51.6862 ], [ -1.3631, 51.686 ], [ -1.3683, 51.6854 ], [ -1.3756, 51.6854 ], [ -1.3783, 51.6859 ], [ -1.3797, 51.6867 ], [ -1.3823, 51.6864 ], [ -1.384, 51.6868 ], [ -1.3878, 51.6861 ], [ -1.39, 51.6857 ], [ -1.3922, 51.6857 ], [ -1.3995, 51.6841 ], [ -1.4055, 51.6819 ], [ -1.412, 51.6816 ] ] } },
{ "type": "Feature", "properties": { "linetype": 1 }, "geometry": { "type": "LineString", "coordinates": [ [ -1.2578, 51.752 ], [ -1.2601, 51.7564 ], [ -1.2602, 51.7593 ], [ -1.2613, 51.7658 ], [ -1.262, 51.7676 ], [ -1.2623, 51.7696 ], [ -1.2638, 51.7744 ], [ -1.2661, 51.7802 ], [ -1.2695, 51.7859 ], [ -1.2718, 51.792 ], [ -1.2717, 51.7936 ], [ -1.2715, 51.7951 ], [ -1.2721, 51.7971 ], [ -1.2712, 51.8003 ], [ -1.2701, 51.8025 ], [ -1.269, 51.8036 ], [ -1.2698, 51.8054 ], [ -1.2705, 51.808 ], [ -1.2702, 51.8114 ], [ -1.2703, 51.814 ], [ -1.272, 51.8178 ], [ -1.2708, 51.8193 ], [ -1.2693, 51.8205 ], [ -1.2632, 51.8259 ], [ -1.2606, 51.8268 ], [ -1.2569, 51.8289 ], [ -1.2555, 51.8309 ], [ -1.2534, 51.832 ], [ -1.2468, 51.8392 ], [ -1.2449, 51.8403 ], [ -1.2424, 51.8424 ], [ -1.2415, 51.844 ], [ -1.2376, 51.8441 ], [ -1.2348, 51.8441 ], [ -1.2339, 51.8454 ], [ -1.2316, 51.8472 ], [ -1.2304, 51.8487 ], [ -1.2301, 51.8512 ], [ -1.2247, 51.8521 ], [ -1.2237, 51.8534 ], [ -1.2223, 51.8539 ], [ -1.2222, 51.8559 ], [ -1.2184, 51.8584 ], [ -1.213, 51.8589 ], [ -1.2108, 51.861 ], [ -1.2084, 51.8613 ], [ -1.2065, 51.8627 ], [ -1.2024, 51.8647 ], [ -1.2021, 51.8657 ], [ -1.2, 51.8671 ], [ -1.1981, 51.8689 ], [ -1.196, 51.8693 ], [ -1.1939, 51.87 ], [ -1.1907, 51.8703 ], [ -1.1885, 51.87 ], [ -1.186, 51.8728 ], [ -1.1832, 51.8763 ], [ -1.1814, 51.8785 ], [ -1.18, 51.8792 ], [ -1.1768, 51.8792 ], [ -1.1727, 51.8794 ], [ -1.1699, 51.8793 ], [ -1.1698, 51.8811 ], [ -1.1694, 51.8837 ], [ -1.1688, 51.8856 ], [ -1.1662, 51.8883 ], [ -1.1595, 51.895 ], [ -1.1578, 51.8978 ], [ -1.1558, 51.8973 ], [ -1.1547, 51.8965 ], [ -1.1531, 51.8963 ], [ -1.151, 51.8969 ], [ -1.15, 51.8973 ], [ -1.1531, 51.9003 ], [ -1.1538, 51.9016 ], [ -1.1534, 51.9029 ], [ -1.1533, 51.903 ], [ -1.1501, 51.9066 ], [ -1.1502, 51.9075 ], [ -1.1437, 51.9142 ], [ -1.1407, 51.9189 ], [ -1.138, 51.922 ], [ -1.1351, 51.9259 ], [ -1.1334, 51.9274 ], [ -1.1302, 51.931 ], [ -1.1279, 51.9342 ], [ -1.1176, 51.9463 ], [ -1.1134, 51.9501 ], [ -1.1088, 51.9535 ], [ -1.1083, 51.9545 ], [ -1.1031, 51.9592 ], [ -1.102, 51.9611 ], [ -1.0998, 51.9619 ], [ -1.0936, 51.9675 ], [ -1.0912, 51.9713 ], [ -1.0904, 51.9736 ], [ -1.0882, 51.9754 ], [ -1.0859, 51.9765 ], [ -1.0806, 51.9801 ], [ -1.0697, 51.9888 ] ] } },
{ "type": "Feature", "properties": { "linetype": 1 }, "geometry": { "type": "LineString", "coordinates": [ [ -0.9877, 51.9999 ], [ -0.9837, 52.002 ], [ -0.9817, 52.0031 ], [ -0.9798, 52.0036 ], [ -0.9779, 52.0031 ], [ -0.9767, 52.0025 ], [ -0.9749, 52.0023 ], [ -0.971, 52.0026 ], [ -0.9667, 52.0045 ], [ -0.9618, 52.0061 ], [ -0.9514, 52.0086 ], [ -0.9465, 52.0123 ], [ -0.938, 52.0157 ], [ -0.9331, 52.0184 ], [ -0.9284, 52.0205 ], [ -0.9203, 52.0208 ], [ -0.9156, 52.0226 ], [ -0.9117, 52.0255 ], [ -0.8899, 52.0328 ], [ -0.8683, 52.0344 ], [ -0.8665, 52.0374 ], [ -0.8651, 52.038 ], [ -0.864, 52.0391 ], [ -0.8627, 52.0423 ], [ -0.861, 52.0434 ], [ -0.8589, 52.0439 ], [ -0.8568, 52.0455 ], [ -0.854, 52.0464 ], [ -0.852, 52.0477 ], [ -0.8394, 52.05 ], [ -0.8306, 52.0534 ], [ -0.8256, 52.0587 ], [ -0.8263, 52.0598 ], [ -0.8238, 52.0621 ], [ -0.8136, 52.0628 ], [ -0.8085, 52.0636 ], [ -0.8047, 52.0645 ], [ -0.8032, 52.0652 ], [ -0.8036, 52.066 ], [ -0.8002, 52.0659 ], [ -0.7982, 52.065 ], [ -0.794, 52.0659 ], [ -0.7909, 52.0659 ], [ -0.787, 52.067 ], [ -0.7849, 52.0671 ], [ -0.7827, 52.0676 ], [ -0.7811, 52.0677 ], [ -0.7797, 52.0677 ], [ -0.7758, 52.0683 ], [ -0.7734, 52.0694 ], [ -0.7719, 52.0709 ], [ -0.7677, 52.0732 ], [ -0.7607, 52.075 ], [ -0.7557, 52.0769 ], [ -0.7528, 52.0782 ], [ -0.7485, 52.0794 ], [ -0.7467, 52.0794 ], [ -0.7422, 52.0824 ], [ -0.7401, 52.0823 ], [ -0.7362, 52.0842 ], [ -0.7325, 52.0852 ], [ -0.7299, 52.085 ], [ -0.7276, 52.0853 ], [ -0.7253, 52.0862 ], [ -0.7227, 52.0867 ], [ -0.7209, 52.0873 ], [ -0.7202, 52.0886 ], [ -0.72, 52.091 ], [ -0.7183, 52.0914 ], [ -0.717, 52.0938 ], [ -0.7106, 52.0994 ], [ -0.7096, 52.1007 ], [ -0.6986, 52.1023 ], [ -0.6951, 52.1026 ], [ -0.6901, 52.1021 ], [ -0.6881, 52.103 ], [ -0.6848, 52.1047 ], [ -0.6779, 52.1077 ], [ -0.6716, 52.1083 ], [ -0.6683, 52.1093 ], [ -0.6647, 52.11 ], [ -0.6582, 52.1091 ], [ -0.6524, 52.1088 ], [ -0.6466, 52.1096 ], [ -0.6424, 52.1103 ], [ -0.6391, 52.111 ], [ -0.6353, 52.1115 ], [ -0.6326, 52.112 ], [ -0.6298, 52.113 ], [ -0.6266, 52.1146 ], [ -0.6224, 52.1145 ], [ -0.6206, 52.1157 ], [ -0.617, 52.1167 ], [ -0.6137, 52.1172 ], [ -0.6123, 52.1163 ], [ -0.6106, 52.1158 ], [ -0.6084, 52.1162 ], [ -0.6067, 52.1161 ], [ -0.6051, 52.1166 ], [ -0.6032, 52.1167 ], [ -0.5984, 52.1185 ], [ -0.596, 52.1187 ], [ -0.5927, 52.1205 ], [ -0.5913, 52.1208 ], [ -0.5893, 52.1222 ], [ -0.5865, 52.122 ], [ -0.5814, 52.1234 ], [ -0.5745, 52.1257 ], [ -0.5682, 52.1289 ], [ -0.5664, 52.1306 ], [ -0.565, 52.1311 ], [ -0.5632, 52.1308 ], [ -0.5606, 52.1342 ], [ -0.5583, 52.1354 ], [ -0.5561, 52.136 ], [ -0.5532, 52.1373 ], [ -0.5509, 52.138 ], [ -0.5471, 52.1404 ], [ -0.5431, 52.1411 ], [ -0.5393, 52.1423 ], [ -0.5372, 52.1435 ], [ -0.5352, 52.144 ], [ -0.5317, 52.1445 ], [ -0.5297, 52.145 ], [ -0.5273, 52.1448 ], [ -0.5242, 52.145 ], [ -0.5168, 52.1441 ], [ -0.5073, 52.143 ], [ -0.5025, 52.1428 ], [ -0.4972, 52.1423 ], [ -0.4921, 52.141 ], [ -0.4885, 52.139 ], [ -0.4855, 52.1392 ], [ -0.4825, 52.1389 ], [ -0.4801, 52.1396 ], [ -0.4779, 52.1394 ], [ -0.475, 52.1393 ], [ -0.4724, 52.139 ], [ -0.4699, 52.1386 ], [ -0.4667, 52.1386 ], [ -0.4664, 52.1358 ], [ -0.4662, 52.1345 ], [ -0.4657, 52.1326 ], [ -0.4634, 52.1327 ], [ -0.4607, 52.1321 ], [ -0.4569, 52.1305 ], [ -0.4508, 52.1282 ], [ -0.4471, 52.1269 ], [ -0.4436, 52.1252 ], [ -0.4408, 52.1248 ], [ -0.4362, 52.1246 ], [ -0.4343, 52.1248 ], [ -0.4271, 52.1244 ], [ -0.4239, 52.1239 ], [ -0.4214, 52.124 ], [ -0.4121, 52.1282 ], [ -0.4095, 52.1285 ], [ -0.4037, 52.1287 ], [ -0.398, 52.1297 ], [ -0.3878, 52.1312 ], [ -0.3819, 52.1321 ], [ -0.3763, 52.1332 ], [ -0.3728, 52.1342 ], [ -0.3647, 52.1327 ], [ -0.3605, 52.1324 ], [ -0.3594, 52.1319 ], [ -0.3579, 52.1318 ], [ -0.3559, 52.1322 ], [ -0.3502, 52.1315 ], [ -0.3477, 52.1313 ], [ -0.344, 52.1317 ], [ -0.3415, 52.1315 ], [ -0.34, 52.1306 ], [ -0.337, 52.1298 ], [ -0.3239, 52.1284 ], [ -0.3203, 52.127 ], [ -0.3181, 52.1267 ], [ -0.3165, 52.126 ], [ -0.3047, 52.1271 ], [ -0.3031, 52.1266 ] ] } },
{ "type": "Feature", "properties": { "linetype": 1 }, "geometry": { "type": "LineString", "coordinates": [ [ -0.3, 52.1284 ], [ -0.2996, 52.1278 ], [ -0.2899, 52.1296 ], [ -0.2873, 52.1291 ], [ -0.2846, 52.1296 ], [ -0.2782, 52.1297 ], [ -0.2768, 52.1301 ], [ -0.2753, 52.1301 ], [ -0.2734, 52.1294 ], [ -0.2714, 52.1291 ], [ -0.2694, 52.1289 ], [ -0.2647, 52.1293 ], [ -0.2635, 52.1298 ], [ -0.2594, 52.1316 ], [ -0.2565, 52.1335 ], [ -0.2552, 52.135 ], [ -0.2538, 52.1378 ], [ -0.2528, 52.1393 ], [ -0.2513, 52.1409 ], [ -0.2502, 52.1429 ], [ -0.2486, 52.1444 ], [ -0.2466, 52.1453 ], [ -0.2454, 52.1457 ], [ -0.2422, 52.1447 ], [ -0.2368, 52.1428 ], [ -0.2349, 52.1448 ], [ -0.2293, 52.147 ], [ -0.2249, 52.1496 ], [ -0.2147, 52.1496 ], [ -0.2073, 52.1502 ], [ -0.2002, 52.1523 ], [ -0.1954, 52.1554 ], [ -0.1896, 52.1553 ], [ -0.1868, 52.1551 ], [ -0.1847, 52.1564 ], [ -0.1817, 52.1569 ], [ -0.1752, 52.1573 ], [ -0.1729, 52.1579 ], [ -0.1691, 52.158 ], [ -0.1645, 52.1583 ], [ -0.1585, 52.1595 ], [ -0.1543, 52.16 ], [ -0.149, 52.1612 ], [ -0.1478, 52.1642 ], [ -0.1412, 52.1715 ], [ -0.1392, 52.169 ], [ -0.1369, 52.1671 ], [ -0.1322, 52.1655 ], [ -0.1248, 52.1662 ], [ -0.1221, 52.1658 ], [ -0.1084, 52.1663 ], [ -0.1011, 52.1663 ], [ -0.095, 52.1652 ], [ -0.0932, 52.1661 ], [ -0.0927, 52.1677 ], [ -0.0916, 52.1693 ], [ -0.0909, 52.1705 ], [ -0.0896, 52.1717 ], [ -0.088, 52.1751 ], [ -0.0888, 52.1762 ], [ -0.0871, 52.1801 ], [ -0.0805, 52.1787 ], [ -0.076, 52.179 ], [ -0.0726, 52.1798 ], [ -0.071, 52.181 ], [ -0.0696, 52.1827 ], [ -0.0682, 52.1833 ], [ -0.066, 52.1838 ], [ -0.0636, 52.1847 ], [ -0.0629, 52.1858 ], [ -0.0613, 52.1865 ], [ -0.0594, 52.1862 ], [ -0.0573, 52.1846 ], [ -0.0542, 52.1838 ], [ -0.0517, 52.184 ], [ -0.0471, 52.1844 ], [ -0.0431, 52.1844 ], [ -0.0378, 52.1849 ], [ -0.032, 52.1845 ], [ -0.0268, 52.1832 ], [ -0.0244, 52.1837 ], [ -0.0173, 52.1829 ], [ -0.0155, 52.183 ], [ -0.0126, 52.1872 ], [ -0.0113, 52.1866 ], [ -0.008, 52.1865 ], [ 0.003, 52.1847 ], [ 0.0107, 52.1854 ], [ 0.0151, 52.1864 ], [ 0.0191, 52.1869 ], [ 0.0268, 52.188 ], [ 0.0296, 52.1881 ], [ 0.0479, 52.1856 ], [ 0.0505, 52.185 ], [ 0.0524, 52.1836 ], [ 0.0559, 52.1824 ], [ 0.0591, 52.1832 ], [ 0.0617, 52.1829 ], [ 0.0677, 52.1831 ], [ 0.0744, 52.189 ], [ 0.0777, 52.1915 ], [ 0.083, 52.1945 ], [ 0.0855, 52.1964 ], [ 0.0878, 52.1974 ], [ 0.091, 52.1984 ], [ 0.0928, 52.1983 ], [ 0.095, 52.1986 ], [ 0.1042, 52.197 ], [ 0.1105, 52.1966 ], [ 0.1134, 52.1995 ], [ 0.1127, 52.2006 ], [ 0.1154, 52.2019 ], [ 0.1177, 52.2024 ] ] } },
{ "type": "Feature", "properties": { "linetype": 1 }, "geometry": { "type": "LineString", "coordinates": [ [ -1.5108, 52.4111 ], [ -1.5117, 52.4126 ], [ -1.5112, 52.413 ], [ -1.5058, 52.4215 ], [ -1.4993, 52.4286 ], [ -1.4887, 52.4445 ], [ -1.4862, 52.4475 ], [ -1.4846, 52.4576 ], [ -1.4835, 52.4635 ], [ -1.4815, 52.4686 ], [ -1.4802, 52.4704 ], [ -1.4785, 52.4717 ], [ -1.4772, 52.4739 ], [ -1.4719, 52.478 ], [ -1.4722, 52.4795 ], [ -1.4728, 52.48 ], [ -1.4731, 52.4807 ], [ -1.4733, 52.4823 ], [ -1.474, 52.4842 ], [ -1.4735, 52.489 ], [ -1.4737, 52.4913 ], [ -1.4744, 52.4943 ], [ -1.4729, 52.496 ], [ -1.4717, 52.4966 ], [ -1.4707, 52.4969 ], [ -1.4707, 52.4985 ], [ -1.471, 52.4996 ], [ -1.4682, 52.502 ], [ -1.4689, 52.5056 ], [ -1.4686, 52.5094 ], [ -1.4673, 52.5115 ], [ -1.4676, 52.5132 ], [ -1.4681, 52.5144 ], [ -1.4672, 52.516 ], [ -1.4675, 52.5183 ], [ -1.4675, 52.52 ], [ -1.4681, 52.5219 ], [ -1.4677, 52.5228 ], [ -1.4684, 52.5227 ], [ -1.4684, 52.5232 ], [ -1.4705, 52.5236 ], [ -1.4726, 52.5248 ], [ -1.4742, 52.5263 ], [ -1.4755, 52.5276 ], [ -1.4792, 52.5286 ], [ -1.4822, 52.5297 ], [ -1.4849, 52.5302 ], [ -1.4876, 52.5306 ], [ -1.4979, 52.5346 ], [ -1.4995, 52.536 ], [ -1.5023, 52.5388 ], [ -1.506, 52.5417 ], [ -1.5075, 52.5431 ], [ -1.5075, 52.5454 ], [ -1.5079, 52.5471 ], [ -1.5074, 52.549 ], [ -1.5083, 52.5523 ], [ -1.5098, 52.5536 ], [ -1.5126, 52.5548 ], [ -1.5138, 52.5556 ], [ -1.5146, 52.5573 ], [ -1.5165, 52.5584 ], [ -1.5179, 52.5605 ], [ -1.5203, 52.5612 ], [ -1.5232, 52.5623 ], [ -1.5257, 52.5638 ], [ -1.5265, 52.5652 ], [ -1.5279, 52.5665 ], [ -1.5286, 52.5681 ], [ -1.5294, 52.5688 ], [ -1.5295, 52.5708 ], [ -1.53, 52.5724 ], [ -1.547, 52.5774 ], [ -1.5464, 52.5784 ], [ -1.5473, 52.579 ], [ -1.5468, 52.5832 ], [ -1.547, 52.5882 ], [ -1.5474, 52.59 ], [ -1.5482, 52.591 ], [ -1.5463, 52.5939 ], [ -1.5465, 52.5962 ], [ -1.5461, 52.5985 ], [ -1.5448, 52.5998 ], [ -1.5425, 52.6008 ], [ -1.5399, 52.6022 ], [ -1.5369, 52.6027 ], [ -1.5346, 52.6031 ], [ -1.5318, 52.6046 ], [ -1.5234, 52.6043 ], [ -1.5216, 52.6049 ], [ -1.5201, 52.6067 ], [ -1.5193, 52.6091 ], [ -1.5173, 52.6112 ], [ -1.5159, 52.6132 ], [ -1.5149, 52.6163 ], [ -1.5138, 52.619 ], [ -1.5135, 52.6221 ], [ -1.5134, 52.6277 ], [ -1.5106, 52.6304 ], [ -1.5092, 52.6335 ], [ -1.5087, 52.6362 ], [ -1.5049, 52.638 ], [ -1.5037, 52.6396 ], [ -1.5037, 52.641 ], [ -1.5062, 52.6427 ], [ -1.5045, 52.6441 ], [ -1.5047, 52.6451 ], [ -1.5025, 52.6467 ], [ -1.5033, 52.6488 ], [ -1.5046, 52.6508 ], [ -1.5044, 52.6529 ], [ -1.5029, 52.6555 ], [ -1.5005, 52.6575 ], [ -1.4991, 52.659 ], [ -1.4981, 52.6607 ], [ -1.4961, 52.6618 ], [ -1.4949, 52.6627 ], [ -1.4945, 52.6652 ], [ -1.494, 52.6692 ], [ -1.4948, 52.6735 ], [ -1.4949, 52.6748 ], [ -1.4967, 52.6761 ], [ -1.4971, 52.6774 ], [ -1.4965, 52.679 ], [ -1.4963, 52.68 ], [ -1.4968, 52.682 ], [ -1.4972, 52.6845 ], [ -1.5002, 52.6881 ], [ -1.4993, 52.6892 ], [ -1.5011, 52.6918 ], [ -1.4971, 52.6953 ], [ -1.4966, 52.6971 ], [ -1.495, 52.6994 ], [ -1.4936, 52.7013 ], [ -1.4928, 52.7044 ], [ -1.4925, 52.7083 ], [ -1.49, 52.711 ], [ -1.4893, 52.7168 ], [ -1.489, 52.7207 ], [ -1.4887, 52.728 ], [ -1.4862, 52.7312 ], [ -1.4848, 52.7331 ], [ -1.4834, 52.7355 ], [ -1.4826, 52.7395 ], [ -1.48, 52.7405 ], [ -1.478, 52.7417 ], [ -1.475, 52.7416 ], [ -1.4745, 52.7427 ], [ -1.4746, 52.7441 ], [ -1.4736, 52.7451 ], [ -1.4736, 52.746 ], [ -1.4719, 52.7464 ], [ -1.4729, 52.7474 ], [ -1.4744, 52.7476 ], [ -1.4746, 52.7489 ], [ -1.4748, 52.75 ], [ -1.4745, 52.751 ], [ -1.4739, 52.7521 ], [ -1.4771, 52.7575 ], [ -1.4779, 52.7593 ], [ -1.4788, 52.7626 ], [ -1.4798, 52.7648 ], [ -1.4812, 52.7667 ], [ -1.4815, 52.7682 ], [ -1.4818, 52.7722 ], [ -1.4822, 52.775 ], [ -1.4838, 52.78 ], [ -1.4891, 52.784 ], [ -1.4902, 52.7856 ], [ -1.4912, 52.7878 ], [ -1.4919, 52.7896 ], [ -1.4913, 52.7911 ], [ -1.4898, 52.7932 ], [ -1.4897, 52.7947 ], [ -1.4902, 52.7968 ], [ -1.4903, 52.7984 ], [ -1.485, 52.8003 ], [ -1.4842, 52.8017 ], [ -1.4836, 52.8037 ], [ -1.4845, 52.8052 ], [ -1.4839, 52.8065 ], [ -1.4825, 52.8084 ], [ -1.4819, 52.8099 ], [ -1.4811, 52.8116 ], [ -1.4786, 52.8119 ], [ -1.477, 52.8121 ], [ -1.4759, 52.812 ], [ -1.4753, 52.8123 ], [ -1.474, 52.8124 ], [ -1.4716, 52.8121 ], [ -1.4696, 52.8124 ], [ -1.4677, 52.8124 ], [ -1.4665, 52.8127 ], [ -1.4648, 52.8138 ], [ -1.4639, 52.8159 ], [ -1.4634, 52.8183 ], [ -1.4615, 52.8193 ], [ -1.4587, 52.8226 ], [ -1.4553, 52.8256 ], [ -1.452, 52.8291 ], [ -1.4523, 52.8305 ], [ -1.4506, 52.8328 ], [ -1.4475, 52.836 ], [ -1.4481, 52.8381 ], [ -1.4469, 52.839 ], [ -1.4478, 52.8411 ], [ -1.4475, 52.8415 ], [ -1.4484, 52.8432 ], [ -1.4498, 52.8435 ], [ -1.4513, 52.8457 ], [ -1.4535, 52.848 ], [ -1.4544, 52.8499 ], [ -1.4537, 52.853 ], [ -1.4544, 52.8545 ], [ -1.4484, 52.8549 ], [ -1.4453, 52.8559 ], [ -1.443, 52.8578 ], [ -1.4382, 52.8615 ], [ -1.4384, 52.8639 ], [ -1.4373, 52.8661 ], [ -1.4392, 52.8699 ], [ -1.4403, 52.8712 ], [ -1.4405, 52.8734 ], [ -1.4433, 52.8762 ], [ -1.4448, 52.8776 ], [ -1.4453, 52.8795 ], [ -1.4479, 52.8825 ], [ -1.4483, 52.8838 ], [ -1.4518, 52.8904 ], [ -1.453, 52.8914 ], [ -1.454, 52.893 ], [ -1.4568, 52.8955 ], [ -1.4575, 52.8975 ], [ -1.4585, 52.8996 ], [ -1.4649, 52.9075 ], [ -1.4667, 52.9104 ], [ -1.4711, 52.9134 ], [ -1.475, 52.9179 ], [ -1.4755, 52.9192 ] ] } },
{ "type": "Feature", "properties": { "linetype": 1 }, "geometry": { "type": "LineString", "coordinates": [ [ -1.4127, 52.3351 ], [ -1.4145, 52.3362 ], [ -1.4154, 52.3373 ], [ -1.4168, 52.3384 ], [ -1.4175, 52.3411 ], [ -1.4195, 52.3426 ], [ -1.4209, 52.3439 ], [ -1.4255, 52.3466 ], [ -1.4313, 52.3504 ], [ -1.4449, 52.3632 ], [ -1.4505, 52.3684 ], [ -1.4551, 52.3719 ], [ -1.4575, 52.3731 ], [ -1.4604, 52.3748 ] ] } },
{ "type": "Feature", "properties": { "linetype": 1 }, "geometry": { "type": "LineString", "coordinates": [ [ -1.3403, 52.0601 ], [ -1.3401, 52.0636 ], [ -1.341, 52.0681 ], [ -1.3379, 52.0716 ], [ -1.337, 52.0752 ], [ -1.3367, 52.0778 ], [ -1.336, 52.0789 ], [ -1.337, 52.0822 ], [ -1.337, 52.0837 ], [ -1.3377, 52.0849 ], [ -1.3366, 52.0881 ], [ -1.3368, 52.0916 ], [ -1.3371, 52.0938 ], [ -1.3378, 52.0975 ], [ -1.3398, 52.1024 ], [ -1.3428, 52.1069 ], [ -1.3458, 52.1089 ], [ -1.3463, 52.1122 ], [ -1.3509, 52.119 ], [ -1.3523, 52.1236 ], [ -1.354, 52.1252 ], [ -1.3554, 52.1277 ], [ -1.3569, 52.1296 ], [ -1.3576, 52.1324 ], [ -1.3603, 52.1354 ], [ -1.3609, 52.1374 ], [ -1.3589, 52.1417 ], [ -1.3598, 52.1479 ], [ -1.3606, 52.1492 ], [ -1.3623, 52.1513 ], [ -1.3627, 52.155 ], [ -1.3641, 52.1576 ], [ -1.3648, 52.16 ], [ -1.364, 52.164 ], [ -1.3652, 52.1708 ], [ -1.3691, 52.1738 ], [ -1.3701, 52.1768 ], [ -1.3729, 52.1819 ], [ -1.3741, 52.1864 ], [ -1.3747, 52.1915 ], [ -1.3759, 52.1934 ], [ -1.3761, 52.1979 ], [ -1.3762, 52.1991 ], [ -1.3777, 52.1999 ], [ -1.3816, 52.2009 ], [ -1.3896, 52.2084 ], [ -1.3895, 52.2097 ], [ -1.3879, 52.2126 ], [ -1.3886, 52.2171 ], [ -1.3895, 52.2192 ], [ -1.3889, 52.2209 ], [ -1.3886, 52.2239 ], [ -1.3889, 52.2256 ], [ -1.3897, 52.2268 ], [ -1.3914, 52.228 ], [ -1.3899, 52.2287 ], [ -1.3895, 52.2312 ], [ -1.3915, 52.2333 ], [ -1.3911, 52.2346 ], [ -1.3909, 52.2364 ], [ -1.3921, 52.2416 ], [ -1.3918, 52.2458 ], [ -1.3912, 52.2473 ], [ -1.389, 52.2496 ], [ -1.389, 52.2504 ], [ -1.3883, 52.251 ], [ -1.3888, 52.2521 ], [ -1.3884, 52.2525 ], [ -1.388, 52.2531 ], [ -1.3878, 52.2541 ], [ -1.3887, 52.2574 ], [ -1.3898, 52.2612 ], [ -1.391, 52.2639 ], [ -1.3909, 52.266 ], [ -1.3896, 52.2688 ], [ -1.3901, 52.2715 ], [ -1.3904, 52.2738 ], [ -1.3903, 52.2781 ], [ -1.391, 52.28 ], [ -1.3907, 52.2821 ], [ -1.3928, 52.2835 ], [ -1.3945, 52.288 ], [ -1.394, 52.2896 ], [ -1.3946, 52.2918 ], [ -1.3955, 52.2951 ], [ -1.3971, 52.2986 ], [ -1.3985, 52.3028 ], [ -1.3978, 52.3049 ], [ -1.3968, 52.3066 ], [ -1.3975, 52.312 ], [ -1.3995, 52.3135 ], [ -1.4025, 52.3148 ], [ -1.4023, 52.3158 ], [ -1.4021, 52.3172 ], [ -1.4032, 52.3184 ], [ -1.4045, 52.3187 ] ] } },
{ "type": "Feature", "properties": { "linetype": 1 }, "geometry": { "type": "Point", "coordinates": [ -1.3238, 51.8627 ] } },
{ "type": "Feature", "properties": { "linetype": 1 }, "geometry": { "type": "Point", "coordinates": [ -1.3238, 51.8627 ] } },
{ "type": "Feature", "properties": { "linetype": 1 }, "geometry": { "type": "LineString", "coordinates": [ [ -1.329, 51.8699 ], [ -1.3301, 51.8729 ], [ -1.3298, 51.8773 ], [ -1.3285, 51.8838 ], [ -1.3279, 51.8879 ], [ -1.3258, 51.8927 ], [ -1.3273, 51.8949 ], [ -1.329, 51.9011 ], [ -1.3285, 51.9066 ], [ -1.3289, 51.9118 ], [ -1.3252, 51.9168 ], [ -1.3248, 51.9289 ], [ -1.3257, 51.9332 ], [ -1.3266, 51.936 ], [ -1.3266, 51.9411 ], [ -1.32, 51.9484 ], [ -1.3187, 51.9512 ], [ -1.3176, 51.9567 ], [ -1.3193, 51.9603 ], [ -1.3208, 51.9657 ], [ -1.3198, 51.9696 ], [ -1.3176, 51.974 ], [ -1.3189, 51.977 ], [ -1.3212, 51.9787 ], [ -1.3232, 51.9806 ], [ -1.3235, 51.9823 ], [ -1.3217, 51.9884 ], [ -1.3229, 51.9911 ], [ -1.3215, 51.9927 ], [ -1.322, 51.9973 ], [ -1.3213, 51.9989 ], [ -1.3219, 52.0003 ], [ -1.3184, 52.0046 ], [ -1.3171, 52.0055 ], [ -1.3158, 52.0081 ], [ -1.309, 52.013 ], [ -1.3094, 52.0169 ] ] } },
{ "type": "Feature", "properties": { "linetype": 1 }, "geometry": { "type": "LineString", "coordinates": [ [ -1.2721, 51.7971 ], [ -1.2744, 51.8016 ], [ -1.2764, 51.8033 ], [ -1.2775, 51.807 ], [ -1.2789, 51.8092 ], [ -1.2806, 51.8124 ], [ -1.2822, 51.8174 ], [ -1.2845, 51.819 ], [ -1.2858, 51.8202 ], [ -1.2884, 51.8215 ], [ -1.29, 51.823 ], [ -1.291, 51.8229 ], [ -1.2983, 51.8293 ], [ -1.2994, 51.8307 ], [ -1.3017, 51.8315 ], [ -1.3087, 51.839 ], [ -1.3091, 51.8416 ], [ -1.3106, 51.8454 ], [ -1.3167, 51.8525 ], [ -1.3178, 51.8544 ], [ -1.318, 51.8567 ], [ -1.3215, 51.8594 ], [ -1.3238, 51.8627 ] ] } },
{ "type": "Feature", "properties": { "linetype": 1 }, "geometry": { "type": "LineString", "coordinates": [ [ -1.2686, 51.7228 ], [ -1.2678, 51.7204 ], [ -1.2673, 51.7182 ], [ -1.2671, 51.7156 ], [ -1.2657, 51.7132 ], [ -1.2655, 51.7111 ], [ -1.2645, 51.7084 ], [ -1.265, 51.7063 ], [ -1.2658, 51.705 ], [ -1.2676, 51.7023 ], [ -1.2685, 51.6992 ], [ -1.2682, 51.6957 ], [ -1.2696, 51.695 ], [ -1.2694, 51.6928 ], [ -1.271, 51.6898 ], [ -1.2718, 51.6876 ], [ -1.273, 51.6859 ], [ -1.2739, 51.6834 ], [ -1.2747, 51.6794 ], [ -1.2766, 51.6767 ], [ -1.279, 51.6741 ], [ -1.282, 51.6725 ], [ -1.2815, 51.6702 ], [ -1.2833, 51.6682 ], [ -1.2827, 51.6674 ], [ -1.2839, 51.6668 ], [ -1.2838, 51.6665 ], [ -1.2844, 51.665 ], [ -1.2834, 51.6625 ], [ -1.2837, 51.6604 ], [ -1.2848, 51.6548 ], [ -1.2866, 51.6531 ], [ -1.2882, 51.6516 ], [ -1.2894, 51.6499 ], [ -1.2898, 51.6487 ], [ -1.2922, 51.648 ], [ -1.2941, 51.647 ], [ -1.2956, 51.6459 ], [ -1.297, 51.6447 ], [ -1.2963, 51.6402 ], [ -1.2957, 51.637 ], [ -1.2961, 51.635 ], [ -1.2976, 51.6323 ], [ -1.298, 51.6299 ], [ -1.2987, 51.6281 ], [ -1.3003, 51.6262 ], [ -1.3024, 51.6242 ], [ -1.3031, 51.6212 ], [ -1.3046, 51.6198 ], [ -1.3063, 51.6183 ], [ -1.3065, 51.6168 ], [ -1.3106, 51.6106 ], [ -1.312, 51.6099 ], [ -1.3113, 51.609 ], [ -1.3109, 51.6064 ], [ -1.3101, 51.6032 ], [ -1.3099, 51.6006 ], [ -1.3108, 51.5989 ], [ -1.3105, 51.5978 ], [ -1.3078, 51.595 ], [ -1.3065, 51.5928 ], [ -1.3072, 51.5891 ], [ -1.3054, 51.5861 ], [ -1.3051, 51.5821 ], [ -1.3034, 51.5757 ], [ -1.3016, 51.573 ], [ -1.3012, 51.571 ], [ -1.3008, 51.5678 ], [ -1.3019, 51.5651 ], [ -1.302, 51.563 ], [ -1.3002, 51.5589 ], [ -1.2959, 51.5506 ], [ -1.2936, 51.5483 ], [ -1.2927, 51.546 ], [ -1.2926, 51.5418 ], [ -1.293, 51.5379 ], [ -1.2921, 51.5359 ], [ -1.291, 51.533 ], [ -1.2904, 51.5301 ], [ -1.2908, 51.5282 ], [ -1.2904, 51.527 ], [ -1.2911, 51.5265 ], [ -1.2918, 51.5254 ], [ -1.2912, 51.5179 ], [ -1.2904, 51.5141 ], [ -1.2907, 51.5108 ], [ -1.2932, 51.5079 ], [ -1.2933, 51.5065 ], [ -1.295, 51.5047 ], [ -1.2949, 51.5033 ], [ -1.2937, 51.5007 ], [ -1.2941, 51.4989 ], [ -1.2979, 51.4938 ], [ -1.2981, 51.4914 ], [ -1.2987, 51.4875 ], [ -1.3008, 51.4851 ], [ -1.3041, 51.4811 ], [ -1.3081, 51.4753 ], [ -1.3091, 51.4726 ], [ -1.309, 51.4697 ], [ -1.3082, 51.4671 ], [ -1.3088, 51.4656 ], [ -1.3094, 51.4629 ], [ -1.3092, 51.4609 ], [ -1.31, 51.4584 ], [ -1.3101, 51.4569 ], [ -1.3105, 51.4538 ], [ -1.3124, 51.4498 ], [ -1.3123, 51.4488 ], [ -1.3152, 51.4465 ], [ -1.3157, 51.4449 ], [ -1.3163, 51.4432 ], [ -1.3195, 51.4419 ], [ -1.3215, 51.4407 ], [ -1.3219, 51.4375 ], [ -1.3232, 51.435 ], [ -1.3245, 51.433 ], [ -1.3239, 51.4305 ], [ -1.3247, 51.4284 ], [ -1.3254, 51.426 ], [ -1.3267, 51.4245 ], [ -1.3283, 51.4209 ], [ -1.3281, 51.4194 ], [ -1.3285, 51.4178 ], [ -1.3315, 51.4143 ], [ -1.3321, 51.4129 ], [ -1.3306, 51.4114 ], [ -1.3298, 51.4093 ], [ -1.328, 51.4071 ], [ -1.3258, 51.4062 ] ] } },
{ "type": "Feature", "properties": { "linetype": 1 }, "geometry": { "type": "LineString", "coordinates": [ [ -1.3247, 51.4057 ], [ -1.3239, 51.4026 ], [ -1.3239, 51.401 ], [ -1.323, 51.4008 ], [ -1.3228, 51.4001 ], [ -1.3221, 51.3991 ], [ -1.321, 51.3978 ], [ -1.3197, 51.3952 ], [ -1.3166, 51.3937 ], [ -1.3148, 51.3925 ], [ -1.3143, 51.3905 ], [ -1.3129, 51.389 ], [ -1.3102, 51.3878 ], [ -1.3089, 51.3868 ], [ -1.3076, 51.3852 ], [ -1.2989, 51.3811 ], [ -1.2951, 51.3796 ], [ -1.2914, 51.379 ], [ -1.2876, 51.379 ], [ -1.2848, 51.3776 ], [ -1.2825, 51.3757 ], [ -1.2801, 51.3737 ], [ -1.278, 51.3715 ], [ -1.2745, 51.3689 ], [ -1.2734, 51.3675 ], [ -1.2718, 51.3668 ], [ -1.2707, 51.366 ], [ -1.2641, 51.3616 ], [ -1.2617, 51.3602 ], [ -1.2581, 51.3586 ], [ -1.2565, 51.3566 ], [ -1.2571, 51.3516 ], [ -1.2566, 51.3505 ], [ -1.2563, 51.349 ], [ -1.2573, 51.3463 ], [ -1.2578, 51.3445 ], [ -1.2577, 51.3414 ], [ -1.2583, 51.3378 ], [ -1.2587, 51.335 ], [ -1.2559, 51.3329 ], [ -1.2528, 51.331 ], [ -1.2492, 51.3296 ], [ -1.2503, 51.3276 ], [ -1.2506, 51.3259 ], [ -1.2493, 51.3259 ], [ -1.2485, 51.3254 ], [ -1.2475, 51.3255 ], [ -1.2462, 51.3252 ], [ -1.243, 51.3253 ], [ -1.2284, 51.3235 ], [ -1.2242, 51.3235 ], [ -1.219, 51.322 ], [ -1.2105, 51.3207 ], [ -1.2091, 51.3174 ], [ -1.2058, 51.3155 ], [ -1.2024, 51.3142 ], [ -1.1951, 51.3067 ], [ -1.1934, 51.3059 ], [ -1.1855, 51.3008 ], [ -1.1816, 51.2987 ], [ -1.1773, 51.2976 ], [ -1.1715, 51.2958 ], [ -1.1664, 51.2914 ], [ -1.165, 51.2906 ], [ -1.1622, 51.2907 ], [ -1.1581, 51.2901 ], [ -1.1495, 51.2897 ], [ -1.1445, 51.2891 ], [ -1.1397, 51.2867 ], [ -1.1333, 51.284 ], [ -1.1267, 51.2786 ], [ -1.1241, 51.2771 ], [ -1.1213, 51.2761 ], [ -1.1166, 51.2755 ], [ -1.1102, 51.2752 ], [ -1.1055, 51.2744 ], [ -1.1017, 51.2732 ], [ -1.0994, 51.272 ], [ -1.0962, 51.2708 ], [ -1.0927, 51.2701 ], [ -1.0895, 51.2684 ], [ -1.0891, 51.2665 ], [ -1.0877, 51.2633 ], [ -1.087, 51.2625 ] ] } },
{ "type": "Feature", "properties": { "linetype": 1 }, "geometry": { "type": "LineString", "coordinates": [ [ -0.9761, 51.1489 ], [ -0.9782, 51.149 ], [ -0.9825, 51.1492 ], [ -0.9867, 51.1489 ], [ -0.9887, 51.152 ], [ -0.9896, 51.1542 ], [ -0.9897, 51.1564 ], [ -0.991, 51.1589 ], [ -0.9907, 51.161 ], [ -0.99, 51.1641 ], [ -0.9889, 51.1673 ], [ -0.9894, 51.1714 ], [ -0.9882, 51.174 ], [ -0.9888, 51.1769 ], [ -0.9881, 51.1846 ], [ -0.9899, 51.1851 ], [ -0.9931, 51.1854 ], [ -0.9989, 51.1866 ], [ -1.0014, 51.1875 ], [ -1.0038, 51.1891 ], [ -1.0041, 51.1911 ], [ -1.006, 51.1922 ], [ -1.0062, 51.1933 ], [ -1.0075, 51.1949 ], [ -1.0098, 51.1962 ], [ -1.0123, 51.1978 ], [ -1.0135, 51.1991 ], [ -1.0126, 51.2024 ], [ -1.015, 51.2067 ], [ -1.0162, 51.2082 ], [ -1.0181, 51.2097 ], [ -1.0188, 51.2115 ], [ -1.0191, 51.2136 ], [ -1.0197, 51.2133 ], [ -1.022, 51.2171 ], [ -1.0242, 51.2195 ], [ -1.0264, 51.2208 ], [ -1.0279, 51.222 ], [ -1.0314, 51.2242 ], [ -1.0363, 51.2276 ], [ -1.0361, 51.2284 ], [ -1.0368, 51.2305 ], [ -1.0377, 51.2309 ], [ -1.0384, 51.2316 ], [ -1.0379, 51.2323 ], [ -1.0424, 51.2333 ], [ -1.0452, 51.234 ], [ -1.0499, 51.2333 ], [ -1.0524, 51.233 ], [ -1.0556, 51.2333 ], [ -1.0585, 51.2311 ], [ -1.0668, 51.2323 ], [ -1.0706, 51.2317 ], [ -1.0728, 51.2325 ], [ -1.0763, 51.2332 ], [ -1.0776, 51.2354 ], [ -1.079, 51.2384 ], [ -1.0785, 51.2407 ], [ -1.0784, 51.2431 ], [ -1.0796, 51.2462 ], [ -1.0794, 51.2487 ], [ -1.078, 51.2516 ], [ -1.0797, 51.2547 ], [ -1.0841, 51.2601 ], [ -1.084, 51.2624 ] ] } },
{ "type": "Feature", "properties": { "linetype": 1 }, "geometry": { "type": "LineString", "coordinates": [ [ -0.9443, 51.0087 ], [ -0.9452, 51.0097 ], [ -0.9458, 51.0114 ], [ -0.9468, 51.0128 ], [ -0.9464, 51.0145 ], [ -0.9468, 51.0158 ], [ -0.946, 51.0165 ], [ -0.9465, 51.0174 ], [ -0.9465, 51.0181 ], [ -0.9485, 51.0195 ], [ -0.949, 51.0204 ], [ -0.9504, 51.0223 ], [ -0.9515, 51.0234 ], [ -0.9538, 51.0244 ], [ -0.9543, 51.0256 ], [ -0.9536, 51.0273 ], [ -0.9532, 51.0285 ], [ -0.9525, 51.029 ], [ -0.9524, 51.0297 ], [ -0.9535, 51.0305 ], [ -0.9547, 51.0317 ], [ -0.9569, 51.0326 ], [ -0.9575, 51.0313 ], [ -0.9585, 51.0305 ], [ -0.9594, 51.0302 ], [ -0.9604, 51.0319 ], [ -0.9605, 51.0328 ], [ -0.9617, 51.0346 ], [ -0.9632, 51.0354 ], [ -0.9646, 51.0375 ], [ -0.9641, 51.0388 ], [ -0.9655, 51.0415 ], [ -0.9675, 51.0444 ], [ -0.9699, 51.0466 ], [ -0.9763, 51.0517 ], [ -0.999, 51.0584 ], [ -1.0063, 51.0614 ], [ -1.012, 51.0641 ], [ -1.0157, 51.0657 ], [ -1.0196, 51.0686 ], [ -1.0163, 51.0717 ], [ -1.0095, 51.0776 ], [ -1.0063, 51.0788 ], [ -1.004, 51.0801 ], [ -1.0007, 51.0833 ], [ -1.0013, 51.0867 ], [ -0.9994, 51.0905 ], [ -0.9979, 51.0919 ], [ -0.9963, 51.0959 ], [ -0.995, 51.0979 ], [ -0.9935, 51.1018 ], [ -0.9939, 51.1048 ], [ -0.9938, 51.1089 ], [ -0.9941, 51.1119 ], [ -0.9949, 51.1138 ], [ -0.9961, 51.117 ], [ -0.9953, 51.12 ], [ -0.9933, 51.1237 ], [ -0.9924, 51.1264 ], [ -0.9915, 51.1278 ], [ -0.9904, 51.1311 ], [ -0.989, 51.133 ] ] } },
{ "type": "Feature", "properties": { "linetype": 1 }, "geometry": { "type": "LineString", "coordinates": [ [ -0.7838, 50.8651 ], [ -0.7839, 50.8664 ], [ -0.7834, 50.8691 ], [ -0.7847, 50.8696 ], [ -0.7854, 50.8702 ], [ -0.7868, 50.8706 ], [ -0.7872, 50.8715 ], [ -0.7875, 50.8722 ], [ -0.7892, 50.8735 ], [ -0.7907, 50.876 ], [ -0.7919, 50.878 ], [ -0.7927, 50.8803 ], [ -0.7951, 50.882 ], [ -0.8, 50.8866 ], [ -0.805, 50.8901 ], [ -0.8076, 50.8906 ], [ -0.8113, 50.8935 ], [ -0.8138, 50.8972 ], [ -0.8149, 50.8994 ], [ -0.815, 50.9023 ], [ -0.8139, 50.9053 ], [ -0.8136, 50.909 ], [ -0.8169, 50.916 ], [ -0.8181, 50.9222 ], [ -0.8195, 50.9232 ], [ -0.8231, 50.9236 ], [ -0.8254, 50.924 ], [ -0.8309, 50.926 ], [ -0.8353, 50.927 ], [ -0.8379, 50.9275 ], [ -0.8412, 50.9286 ], [ -0.8423, 50.9324 ], [ -0.8441, 50.9365 ], [ -0.8449, 50.9375 ], [ -0.8513, 50.9397 ], [ -0.8519, 50.9405 ], [ -0.8536, 50.9405 ], [ -0.8558, 50.9407 ], [ -0.857, 50.9412 ], [ -0.8584, 50.9416 ], [ -0.8643, 50.9442 ], [ -0.8668, 50.9478 ], [ -0.8687, 50.9514 ], [ -0.8726, 50.9548 ], [ -0.8768, 50.9567 ], [ -0.8781, 50.9579 ], [ -0.8821, 50.96 ], [ -0.8821, 50.9612 ], [ -0.8834, 50.962 ], [ -0.8851, 50.9635 ], [ -0.8849, 50.9647 ], [ -0.8838, 50.9667 ], [ -0.8843, 50.9685 ], [ -0.8825, 50.9697 ], [ -0.8858, 50.971 ], [ -0.8901, 50.9714 ], [ -0.8945, 50.9722 ], [ -0.8995, 50.9735 ], [ -0.9037, 50.9738 ], [ -0.9079, 50.9745 ], [ -0.9115, 50.9763 ], [ -0.913, 50.9784 ], [ -0.9141, 50.98 ], [ -0.9143, 50.982 ], [ -0.9133, 50.9847 ], [ -0.9158, 50.9855 ], [ -0.9197, 50.9853 ], [ -0.9214, 50.9854 ], [ -0.9225, 50.9859 ], [ -0.9225, 50.9865 ], [ -0.9229, 50.9875 ], [ -0.9227, 50.9885 ], [ -0.9248, 50.9917 ], [ -0.9239, 50.9964 ], [ -0.928, 50.9984 ], [ -0.9348, 51.0005 ], [ -0.9363, 51.0014 ], [ -0.9377, 51.0024 ], [ -0.9371, 51.0032 ], [ -0.9377, 51.0042 ], [ -0.9386, 51.0044 ], [ -0.9385, 51.006 ], [ -0.9391, 51.007 ] ] } },
{ "type": "Feature", "properties": { "linetype": 1 }, "geometry": { "type": "LineString", "coordinates": [ [ -1.9875, 50.7144 ], [ -1.9852, 50.7154 ], [ -1.9844, 50.7158 ], [ -1.984, 50.7157 ], [ -1.9818, 50.7183 ], [ -1.9798, 50.7192 ], [ -1.98, 50.721 ], [ -1.9792, 50.7228 ], [ -1.9777, 50.7244 ], [ -1.9769, 50.7256 ], [ -1.9758, 50.7299 ], [ -1.977, 50.7319 ], [ -1.9786, 50.734 ], [ -1.9815, 50.7362 ], [ -1.9833, 50.7372 ], [ -1.9855, 50.7377 ], [ -1.9868, 50.7384 ], [ -1.9879, 50.7393 ], [ -1.9869, 50.7418 ], [ -1.9855, 50.7441 ], [ -1.985, 50.7462 ], [ -1.9822, 50.7544 ], [ -1.9792, 50.7631 ], [ -1.9788, 50.7652 ], [ -1.978, 50.7804 ], [ -1.9792, 50.7826 ], [ -1.9796, 50.7837 ], [ -1.9785, 50.7848 ], [ -1.9766, 50.7863 ], [ -1.9772, 50.7873 ], [ -1.9773, 50.7906 ], [ -1.9779, 50.7926 ], [ -1.9786, 50.7934 ], [ -1.9814, 50.7948 ], [ -1.9842, 50.7974 ], [ -1.9846, 50.7982 ], [ -1.9854, 50.7982 ], [ -1.9862, 50.7984 ], [ -1.987, 50.7987 ], [ -1.9879, 50.7987 ], [ -1.988, 50.8003 ], [ -1.9884, 50.8003 ], [ -1.9891, 50.8033 ], [ -1.9887, 50.8044 ], [ -1.988, 50.8053 ], [ -1.9866, 50.8071 ], [ -1.9862, 50.8083 ], [ -1.9865, 50.8104 ], [ -1.9855, 50.8117 ], [ -1.9856, 50.8147 ], [ -1.9861, 50.8158 ], [ -1.9871, 50.8172 ], [ -1.9875, 50.8224 ], [ -1.9882, 50.8255 ], [ -1.9898, 50.8278 ], [ -1.9916, 50.83 ], [ -1.9938, 50.8324 ], [ -1.9966, 50.8342 ], [ -1.9985, 50.8363 ], [ -1.9986, 50.8366 ], [ -1.9989, 50.8388 ], [ -1.9987, 50.8423 ], [ -1.999, 50.8458 ], [ -1.998, 50.8483 ], [ -1.9971, 50.8508 ], [ -1.9967, 50.8525 ], [ -1.9972, 50.8553 ], [ -1.9961, 50.8572 ], [ -1.9936, 50.8594 ], [ -1.9921, 50.8612 ], [ -1.9904, 50.8633 ], [ -1.9871, 50.8669 ], [ -1.9837, 50.8694 ], [ -1.9817, 50.8713 ], [ -1.9801, 50.874 ], [ -1.9772, 50.8769 ], [ -1.9742, 50.88 ], [ -1.972, 50.8828 ], [ -1.9659, 50.8899 ], [ -1.9645, 50.8911 ], [ -1.9616, 50.8921 ], [ -1.9526, 50.895 ], [ -1.9481, 50.895 ], [ -1.9437, 50.8956 ], [ -1.9401, 50.8967 ], [ -1.9384, 50.8979 ], [ -1.9366, 50.8998 ], [ -1.9356, 50.9018 ], [ -1.9342, 50.9057 ], [ -1.9327, 50.9095 ], [ -1.9306, 50.9111 ], [ -1.9294, 50.9127 ], [ -1.9272, 50.913 ], [ -1.9242, 50.9154 ] ] } },
{ "type": "Feature", "properties": { "linetype": 1 }, "geometry": { "type": "LineString", "coordinates": [ [ -1.8102, 51.0542 ], [ -1.8151, 51.0522 ], [ -1.8149, 51.0503 ], [ -1.8152, 51.0487 ], [ -1.8179, 51.0426 ], [ -1.8202, 51.0388 ], [ -1.8236, 51.0366 ], [ -1.8238, 51.035 ], [ -1.8228, 51.0331 ], [ -1.8248, 51.0327 ], [ -1.8249, 51.0315 ], [ -1.826, 51.0299 ], [ -1.8263, 51.0285 ], [ -1.8254, 51.0261 ], [ -1.8248, 51.0232 ], [ -1.8246, 51.0207 ], [ -1.8252, 51.0189 ], [ -1.8267, 51.0174 ], [ -1.8292, 51.0155 ], [ -1.8339, 51.0111 ], [ -1.8359, 51.0109 ], [ -1.8351, 51.0094 ], [ -1.8423, 51.0086 ], [ -1.8498, 51.0061 ], [ -1.8531, 51.0046 ], [ -1.8584, 51.0044 ], [ -1.8621, 51.0009 ], [ -1.8657, 50.9962 ], [ -1.8668, 50.9932 ], [ -1.8699, 50.9891 ], [ -1.872, 50.9861 ], [ -1.8741, 50.984 ], [ -1.8792, 50.9803 ], [ -1.8816, 50.9779 ], [ -1.883, 50.9756 ], [ -1.8831, 50.9754 ], [ -1.8841, 50.9749 ], [ -1.8868, 50.9733 ], [ -1.8881, 50.9722 ], [ -1.8897, 50.9707 ], [ -1.8912, 50.9701 ], [ -1.8942, 50.9686 ], [ -1.8948, 50.9678 ], [ -1.8953, 50.9664 ], [ -1.8966, 50.9651 ], [ -1.8972, 50.9633 ], [ -1.8986, 50.9614 ], [ -1.8999, 50.9598 ], [ -1.9025, 50.9558 ], [ -1.9032, 50.9542 ], [ -1.9044, 50.9531 ], [ -1.9052, 50.9513 ], [ -1.9069, 50.9498 ], [ -1.9085, 50.9482 ], [ -1.9095, 50.9461 ], [ -1.9107, 50.9438 ], [ -1.9122, 50.9427 ], [ -1.9132, 50.9414 ], [ -1.9141, 50.9391 ], [ -1.9146, 50.9372 ], [ -1.9182, 50.9333 ], [ -1.9205, 50.9321 ], [ -1.9231, 50.9278 ], [ -1.9235, 50.9269 ], [ -1.9237, 50.925 ], [ -1.9242, 50.9237 ], [ -1.9255, 50.9221 ], [ -1.9239, 50.9195 ], [ -1.9224, 50.9194 ] ] } },
{ "type": "Feature", "properties": { "linetype": 1 }, "geometry": { "type": "LineString", "coordinates": [ [ -1.7952, 51.0694 ], [ -1.7962, 51.0696 ], [ -1.7961, 51.0703 ], [ -1.7957, 51.072 ], [ -1.7961, 51.0739 ], [ -1.7972, 51.0757 ], [ -1.7975, 51.0791 ], [ -1.7967, 51.082 ], [ -1.7977, 51.0848 ], [ -1.7999, 51.0905 ], [ -1.7987, 51.0917 ], [ -1.7989, 51.0926 ], [ -1.7997, 51.0935 ], [ -1.7971, 51.0977 ], [ -1.7956, 51.0983 ], [ -1.7898, 51.099 ], [ -1.7468, 51.1188 ], [ -1.7457, 51.1205 ], [ -1.7426, 51.1231 ], [ -1.7398, 51.1237 ], [ -1.7388, 51.125 ], [ -1.7385, 51.1267 ], [ -1.7389, 51.1301 ], [ -1.7379, 51.1309 ], [ -1.7325, 51.1324 ], [ -1.7302, 51.1333 ], [ -1.7289, 51.135 ], [ -1.7275, 51.136 ], [ -1.724, 51.137 ], [ -1.7232, 51.1387 ], [ -1.7223, 51.1418 ], [ -1.7203, 51.1432 ], [ -1.7174, 51.1433 ], [ -1.7151, 51.1441 ], [ -1.715, 51.1452 ], [ -1.7082, 51.149 ], [ -1.7074, 51.1504 ], [ -1.7082, 51.1516 ], [ -1.7098, 51.1534 ], [ -1.7112, 51.1555 ], [ -1.7042, 51.1709 ], [ -1.6999, 51.173 ], [ -1.6954, 51.1751 ], [ -1.6914, 51.1753 ], [ -1.6815, 51.1786 ] ] } },
{ "type": "Feature", "properties": { "linetype": 1 }, "geometry": { "type": "LineString", "coordinates": [ [ -1.6792, 51.1792 ], [ -1.6794, 51.1802 ], [ -1.6788, 51.1813 ], [ -1.6771, 51.1819 ], [ -1.6756, 51.1825 ], [ -1.6746, 51.1831 ], [ -1.6714, 51.1837 ], [ -1.6696, 51.1843 ], [ -1.6682, 51.1851 ], [ -1.6675, 51.1906 ], [ -1.6691, 51.1927 ], [ -1.6687, 51.1941 ], [ -1.6666, 51.1961 ], [ -1.6646, 51.1996 ], [ -1.6642, 51.2043 ], [ -1.6652, 51.2111 ], [ -1.666, 51.2156 ], [ -1.6655, 51.2197 ], [ -1.6642, 51.2236 ], [ -1.6634, 51.2276 ], [ -1.6635, 51.2316 ], [ -1.6639, 51.2356 ], [ -1.6634, 51.2384 ], [ -1.664, 51.2414 ], [ -1.6634, 51.242 ], [ -1.6614, 51.2422 ], [ -1.6593, 51.2424 ], [ -1.6572, 51.2446 ], [ -1.6555, 51.2471 ], [ -1.6539, 51.2505 ], [ -1.6535, 51.2521 ], [ -1.6534, 51.2534 ], [ -1.6528, 51.2546 ], [ -1.6516, 51.2557 ], [ -1.6519, 51.258 ], [ -1.6509, 51.2602 ], [ -1.6486, 51.2652 ], [ -1.645, 51.2672 ], [ -1.6429, 51.2686 ], [ -1.6421, 51.2703 ], [ -1.6406, 51.2731 ], [ -1.6411, 51.2751 ], [ -1.6392, 51.2782 ], [ -1.6385, 51.2804 ], [ -1.6366, 51.2824 ], [ -1.6359, 51.2835 ], [ -1.6339, 51.2854 ], [ -1.6304, 51.29 ], [ -1.6291, 51.2922 ], [ -1.6266, 51.2949 ], [ -1.6285, 51.2998 ], [ -1.629, 51.3055 ], [ -1.6273, 51.3096 ], [ -1.6228, 51.3161 ], [ -1.62, 51.3198 ], [ -1.6178, 51.3241 ], [ -1.6159, 51.3275 ], [ -1.6124, 51.3309 ], [ -1.6101, 51.3341 ], [ -1.6089, 51.3363 ], [ -1.6077, 51.3382 ], [ -1.603, 51.3419 ], [ -1.6009, 51.3431 ], [ -1.6001, 51.3439 ], [ -1.5987, 51.3442 ], [ -1.5945, 51.3472 ], [ -1.5922, 51.3482 ], [ -1.5888, 51.349 ], [ -1.5838, 51.3505 ], [ -1.5798, 51.3527 ], [ -1.5778, 51.3542 ], [ -1.5767, 51.3555 ], [ -1.5706, 51.3587 ], [ -1.5643, 51.3613 ], [ -1.5616, 51.3634 ], [ -1.559, 51.3657 ], [ -1.5561, 51.3686 ], [ -1.5536, 51.3704 ], [ -1.5475, 51.3731 ], [ -1.5461, 51.3745 ], [ -1.5434, 51.3759 ], [ -1.5397, 51.3777 ], [ -1.5361, 51.3794 ], [ -1.5334, 51.3819 ], [ -1.5323, 51.3834 ], [ -1.5293, 51.3859 ], [ -1.5292, 51.3872 ], [ -1.5293, 51.3909 ], [ -1.5282, 51.3935 ], [ -1.5279, 51.3958 ], [ -1.5262, 51.3982 ], [ -1.525, 51.4009 ], [ -1.5239, 51.4018 ], [ -1.5234, 51.4071 ], [ -1.5215, 51.4087 ], [ -1.518, 51.4109 ], [ -1.5164, 51.4125 ], [ -1.5158, 51.4144 ], [ -1.5151, 51.4158 ], [ -1.5135, 51.4176 ], [ -1.513, 51.4185 ] ] } },
{ "type": "Feature", "properties": { "linetype": 1 }, "geometry": { "type": "LineString", "coordinates": [ [ -1.5085, 51.4185 ], [ -1.5059, 51.4219 ], [ -1.5025, 51.4242 ], [ -1.5015, 51.4257 ], [ -1.5018, 51.4285 ], [ -1.5005, 51.4298 ], [ -1.4991, 51.4345 ], [ -1.4975, 51.4361 ], [ -1.495, 51.4363 ], [ -1.4936, 51.437 ], [ -1.4928, 51.4382 ], [ -1.4909, 51.4394 ], [ -1.4894, 51.4411 ], [ -1.489, 51.4426 ], [ -1.4876, 51.4447 ], [ -1.4819, 51.4497 ], [ -1.4807, 51.451 ], [ -1.4786, 51.4523 ], [ -1.4755, 51.4556 ], [ -1.4735, 51.4587 ], [ -1.465, 51.4635 ], [ -1.4642, 51.4634 ], [ -1.4619, 51.4647 ], [ -1.4586, 51.4675 ], [ -1.4543, 51.4695 ], [ -1.4493, 51.4723 ], [ -1.4481, 51.4733 ], [ -1.4495, 51.4745 ], [ -1.4491, 51.475 ], [ -1.4467, 51.4747 ], [ -1.4443, 51.4751 ], [ -1.4401, 51.4808 ], [ -1.4398, 51.4824 ], [ -1.4374, 51.4858 ], [ -1.4372, 51.4874 ], [ -1.4365, 51.4888 ], [ -1.4348, 51.4912 ], [ -1.4343, 51.4935 ], [ -1.4341, 51.4947 ], [ -1.4294, 51.4982 ], [ -1.4256, 51.4998 ], [ -1.4233, 51.5003 ], [ -1.4207, 51.5012 ], [ -1.4173, 51.5035 ], [ -1.4159, 51.5048 ], [ -1.4114, 51.507 ], [ -1.4063, 51.5114 ], [ -1.4046, 51.5128 ], [ -1.4036, 51.5142 ], [ -1.4019, 51.5153 ], [ -1.4014, 51.5164 ], [ -1.3992, 51.5193 ], [ -1.3974, 51.5203 ], [ -1.3955, 51.5218 ], [ -1.3938, 51.5243 ], [ -1.3929, 51.5264 ], [ -1.3922, 51.5286 ], [ -1.3906, 51.5299 ], [ -1.3882, 51.5307 ], [ -1.3869, 51.5319 ], [ -1.3852, 51.5327 ], [ -1.3833, 51.5329 ], [ -1.3783, 51.5325 ], [ -1.3786, 51.5333 ], [ -1.3784, 51.534 ], [ -1.3787, 51.5351 ], [ -1.3744, 51.5349 ], [ -1.3728, 51.5349 ], [ -1.3708, 51.5351 ], [ -1.366, 51.5392 ], [ -1.3632, 51.5413 ], [ -1.3616, 51.5421 ], [ -1.3606, 51.5432 ], [ -1.3574, 51.5452 ], [ -1.3536, 51.5463 ], [ -1.3508, 51.5463 ], [ -1.3467, 51.5487 ], [ -1.3457, 51.5507 ], [ -1.3408, 51.5552 ], [ -1.3413, 51.5584 ], [ -1.3405, 51.5622 ], [ -1.3397, 51.564 ], [ -1.3387, 51.5654 ], [ -1.3388, 51.568 ], [ -1.3405, 51.5684 ], [ -1.3394, 51.573 ], [ -1.3388, 51.5757 ], [ -1.3373, 51.5832 ], [ -1.3376, 51.5868 ], [ -1.3373, 51.5879 ], [ -1.3369, 51.5897 ], [ -1.3379, 51.594 ], [ -1.3368, 51.5953 ], [ -1.336, 51.5972 ], [ -1.3361, 51.5979 ], [ -1.3365, 51.6006 ], [ -1.3335, 51.601 ], [ -1.3306, 51.6007 ], [ -1.3294, 51.6025 ], [ -1.3284, 51.6037 ], [ -1.3273, 51.6053 ], [ -1.3263, 51.6064 ], [ -1.3249, 51.606 ], [ -1.3226, 51.6074 ], [ -1.3219, 51.6085 ], [ -1.3199, 51.6103 ], [ -1.3167, 51.6122 ], [ -1.3139, 51.6144 ], [ -1.3144, 51.6174 ], [ -1.3161, 51.6199 ], [ -1.3193, 51.6224 ], [ -1.3203, 51.6246 ], [ -1.3201, 51.6255 ], [ -1.3196, 51.6273 ], [ -1.3198, 51.6287 ], [ -1.3142, 51.6399 ], [ -1.3143, 51.6427 ], [ -1.3129, 51.6436 ], [ -1.3123, 51.6463 ], [ -1.3107, 51.6492 ], [ -1.3072, 51.6524 ], [ -1.3064, 51.6542 ], [ -1.3047, 51.6559 ], [ -1.3027, 51.6572 ], [ -1.2991, 51.6613 ], [ -1.298, 51.6647 ], [ -1.2966, 51.666 ], [ -1.2958, 51.6692 ] ] } },
{ "type": "Feature", "properties": { "linetype": 1 }, "geometry": { "type": "LineString", "coordinates": [ [ -3.1546, 52.2409 ], [ -3.1536, 52.2395 ], [ -3.0999, 52.2249 ] ] } },
{ "type": "Feature", "properties": { "linetype": 1 }, "geometry": { "type": "LineString", "coordinates": [ [ -3.8065, 51.9977 ], [ -3.8093, 51.9939 ], [ -3.8141, 51.9905 ], [ -3.8152, 51.9892 ], [ -3.816, 51.9874 ], [ -3.817, 51.9862 ], [ -3.8228, 51.9838 ], [ -3.8335, 51.9799 ], [ -3.8434, 51.9766 ], [ -3.8461, 51.9762 ], [ -3.8486, 51.9759 ], [ -3.8508, 51.9752 ], [ -3.8537, 51.9737 ], [ -3.8561, 51.9727 ], [ -3.8591, 51.9722 ], [ -3.8607, 51.9725 ], [ -3.8687, 51.9693 ], [ -3.8748, 51.9677 ], [ -3.8759, 51.9666 ], [ -3.8771, 51.9661 ], [ -3.8795, 51.9632 ], [ -3.8819, 51.963 ], [ -3.8853, 51.9619 ], [ -3.8883, 51.9604 ], [ -3.8925, 51.9589 ], [ -3.8953, 51.9576 ], [ -3.8978, 51.9561 ], [ -3.8988, 51.9544 ], [ -3.9002, 51.9528 ], [ -3.8998, 51.9504 ], [ -3.8989, 51.9485 ], [ -3.9006, 51.9466 ], [ -3.9018, 51.9408 ], [ -3.9034, 51.9395 ], [ -3.9051, 51.9388 ], [ -3.91, 51.9357 ], [ -3.9125, 51.9332 ], [ -3.9182, 51.9298 ], [ -3.9201, 51.9284 ], [ -3.9222, 51.9257 ], [ -3.9236, 51.9247 ], [ -3.9254, 51.9232 ], [ -3.929, 51.9219 ], [ -3.932, 51.9203 ], [ -3.9346, 51.918 ], [ -3.9373, 51.9156 ], [ -3.9429, 51.9124 ], [ -3.95, 51.9087 ], [ -3.952, 51.9081 ], [ -3.955, 51.9064 ], [ -3.9659, 51.903 ], [ -3.9691, 51.9018 ], [ -3.9764, 51.8979 ], [ -3.9832, 51.8939 ], [ -3.9876, 51.8909 ], [ -3.9891, 51.8888 ], [ -3.99, 51.8859 ], [ -3.9909, 51.8846 ], [ -3.9932, 51.8843 ], [ -3.996, 51.8835 ], [ -3.9981, 51.8844 ], [ -4.0004, 51.8869 ], [ -4.002, 51.8885 ], [ -4.0054, 51.8883 ], [ -4.0136, 51.891 ], [ -4.0137, 51.8922 ], [ -4.014, 51.8935 ], [ -4.0157, 51.8941 ], [ -4.0192, 51.8934 ], [ -4.0236, 51.893 ], [ -4.0268, 51.8935 ], [ -4.0304, 51.8945 ], [ -4.0344, 51.8942 ], [ -4.0398, 51.8926 ], [ -4.0454, 51.8916 ], [ -4.0493, 51.8908 ], [ -4.0544, 51.8887 ], [ -4.0602, 51.8862 ], [ -4.0659, 51.8845 ], [ -4.0709, 51.8823 ], [ -4.08, 51.879 ], [ -4.0853, 51.8787 ], [ -4.0945, 51.878 ], [ -4.1034, 51.8773 ], [ -4.1101, 51.8766 ], [ -4.1127, 51.8761 ], [ -4.114, 51.874 ], [ -4.1174, 51.8717 ], [ -4.1227, 51.8705 ], [ -4.1273, 51.8693 ], [ -4.1292, 51.8692 ], [ -4.1309, 51.8705 ], [ -4.1304, 51.8717 ], [ -4.1308, 51.8726 ], [ -4.1327, 51.8731 ], [ -4.136, 51.8729 ], [ -4.1396, 51.8721 ], [ -4.1424, 51.8718 ], [ -4.1469, 51.8726 ], [ -4.1518, 51.8739 ], [ -4.1545, 51.874 ], [ -4.165, 51.8739 ], [ -4.1691, 51.8742 ], [ -4.1724, 51.8743 ], [ -4.1747, 51.874 ], [ -4.179, 51.8737 ], [ -4.1841, 51.8739 ], [ -4.1887, 51.8738 ], [ -4.1937, 51.8732 ], [ -4.2, 51.8729 ], [ -4.2038, 51.8734 ], [ -4.2069, 51.8738 ], [ -4.2143, 51.8729 ], [ -4.2225, 51.8722 ], [ -4.2287, 51.8711 ], [ -4.2321, 51.8706 ], [ -4.236, 51.8702 ], [ -4.239, 51.8693 ], [ -4.2502, 51.8681 ], [ -4.2546, 51.8671 ], [ -4.2589, 51.8667 ], [ -4.2617, 51.8662 ], [ -4.2644, 51.8662 ], [ -4.268, 51.866 ], [ -4.2721, 51.866 ], [ -4.2755, 51.8661 ], [ -4.2778, 51.8655 ], [ -4.2819, 51.8659 ], [ -4.2876, 51.8659 ], [ -4.2901, 51.8659 ], [ -4.2919, 51.8651 ], [ -4.2932, 51.8636 ], [ -4.2953, 51.8621 ], [ -4.2988, 51.8607 ], [ -4.3021, 51.8581 ], [ -4.3028, 51.8582 ], [ -4.3035, 51.8579 ], [ -4.3065, 51.8561 ], [ -4.3081, 51.8564 ] ] } },
{ "type": "Feature", "properties": { "linetype": 1 }, "geometry": { "type": "LineString", "coordinates": [ [ -3.4025, 52.1482 ], [ -3.4042, 52.1483 ], [ -3.4076, 52.1493 ], [ -3.4096, 52.1494 ], [ -3.4128, 52.1496 ], [ -3.4151, 52.1489 ], [ -3.4171, 52.1489 ], [ -3.4199, 52.1495 ], [ -3.4246, 52.1495 ], [ -3.4337, 52.1488 ], [ -3.4369, 52.1494 ], [ -3.4417, 52.1505 ], [ -3.4457, 52.1507 ], [ -3.4503, 52.1517 ], [ -3.4523, 52.1523 ], [ -3.4578, 52.1525 ], [ -3.4608, 52.1522 ], [ -3.4635, 52.1518 ], [ -3.4668, 52.1499 ], [ -3.4688, 52.148 ], [ -3.4776, 52.1449 ], [ -3.4803, 52.1443 ], [ -3.4827, 52.1441 ], [ -3.4859, 52.1443 ], [ -3.4914, 52.1438 ], [ -3.4957, 52.143 ], [ -3.4993, 52.1421 ], [ -3.5012, 52.142 ], [ -3.5044, 52.1411 ], [ -3.5097, 52.1396 ], [ -3.5132, 52.1388 ], [ -3.5183, 52.1395 ], [ -3.5226, 52.1379 ], [ -3.5254, 52.1364 ], [ -3.5263, 52.1356 ], [ -3.5283, 52.1349 ], [ -3.5343, 52.134 ], [ -3.5371, 52.1332 ], [ -3.5384, 52.1306 ], [ -3.5398, 52.1291 ], [ -3.5414, 52.1282 ], [ -3.5444, 52.1276 ], [ -3.5462, 52.1267 ], [ -3.5468, 52.1257 ], [ -3.5471, 52.1241 ], [ -3.5478, 52.1231 ], [ -3.5492, 52.1217 ], [ -3.5505, 52.1201 ], [ -3.5522, 52.1184 ], [ -3.5546, 52.1165 ], [ -3.5551, 52.1157 ], [ -3.5567, 52.1133 ], [ -3.5559, 52.1131 ], [ -3.5551, 52.1122 ], [ -3.5568, 52.1114 ], [ -3.5587, 52.1103 ], [ -3.5639, 52.1096 ], [ -3.5663, 52.1095 ], [ -3.5684, 52.1101 ], [ -3.5696, 52.1107 ], [ -3.579, 52.11 ], [ -3.5825, 52.109 ], [ -3.5829, 52.108 ], [ -3.5979, 52.0995 ], [ -3.6018, 52.0979 ], [ -3.6054, 52.097 ], [ -3.6091, 52.0957 ], [ -3.6116, 52.095 ], [ -3.6156, 52.0924 ], [ -3.6166, 52.0912 ], [ -3.6196, 52.09 ], [ -3.6297, 52.0816 ], [ -3.6316, 52.0799 ], [ -3.6341, 52.0788 ], [ -3.6393, 52.0782 ], [ -3.6434, 52.0774 ], [ -3.6452, 52.0764 ], [ -3.6485, 52.0757 ], [ -3.6515, 52.074 ], [ -3.6535, 52.0733 ], [ -3.655, 52.0722 ], [ -3.6579, 52.0715 ], [ -3.6596, 52.0705 ], [ -3.664, 52.0695 ], [ -3.6675, 52.0681 ], [ -3.6695, 52.0672 ], [ -3.6747, 52.0659 ], [ -3.6768, 52.0653 ], [ -3.6831, 52.062 ], [ -3.6879, 52.0602 ], [ -3.691, 52.0596 ], [ -3.694, 52.0593 ], [ -3.6981, 52.0575 ], [ -3.7019, 52.0555 ], [ -3.7065, 52.054 ], [ -3.7087, 52.0546 ], [ -3.7116, 52.0544 ], [ -3.7169, 52.0524 ], [ -3.7203, 52.051 ], [ -3.7217, 52.0495 ], [ -3.7237, 52.0485 ], [ -3.7259, 52.0466 ], [ -3.7318, 52.0439 ], [ -3.7376, 52.0417 ], [ -3.739, 52.0397 ], [ -3.7403, 52.0393 ], [ -3.7414, 52.0379 ], [ -3.7441, 52.0372 ], [ -3.752, 52.0325 ], [ -3.7533, 52.0309 ], [ -3.7544, 52.028 ], [ -3.7564, 52.0248 ], [ -3.759, 52.0233 ], [ -3.7604, 52.0207 ], [ -3.7608, 52.0192 ], [ -3.7717, 52.0127 ], [ -3.7825, 52.0065 ], [ -3.7852, 52.0049 ], [ -3.7869, 52.0043 ], [ -3.789, 52.0039 ], [ -3.7901, 52.0035 ], [ -3.7921, 52.0022 ], [ -3.7921, 52.0013 ], [ -3.7925, 52.0007 ], [ -3.7939, 52.0 ], [ -3.7954, 51.9991 ], [ -3.7964, 51.9978 ], [ -3.7973, 51.9974 ], [ -3.8018, 51.9953 ] ] } },
{ "type": "Feature", "properties": { "linetype": 1 }, "geometry": { "type": "LineString", "coordinates": [ [ -3.3932, 52.157 ], [ -3.3902, 52.1567 ], [ -3.3869, 52.1565 ], [ -3.384, 52.1566 ], [ -3.382, 52.157 ], [ -3.3802, 52.1568 ], [ -3.3776, 52.157 ], [ -3.3754, 52.157 ], [ -3.3728, 52.1563 ], [ -3.3713, 52.1569 ], [ -3.3719, 52.1589 ], [ -3.3704, 52.1605 ], [ -3.3695, 52.1618 ], [ -3.3677, 52.1624 ], [ -3.3645, 52.1626 ], [ -3.3625, 52.163 ], [ -3.3611, 52.164 ], [ -3.3601, 52.1655 ], [ -3.3567, 52.1675 ], [ -3.3551, 52.1676 ], [ -3.3534, 52.1682 ], [ -3.3507, 52.1684 ], [ -3.3468, 52.1691 ], [ -3.3453, 52.1692 ], [ -3.3453, 52.1699 ], [ -3.3422, 52.1705 ], [ -3.3395, 52.1713 ], [ -3.3373, 52.1727 ], [ -3.3334, 52.1734 ], [ -3.3313, 52.1747 ], [ -3.3294, 52.1754 ], [ -3.3254, 52.1756 ], [ -3.3214, 52.1753 ], [ -3.3184, 52.1749 ], [ -3.3153, 52.1749 ], [ -3.3132, 52.1745 ], [ -3.3103, 52.1748 ], [ -3.3081, 52.1753 ], [ -3.3063, 52.1757 ], [ -3.3046, 52.1767 ], [ -3.3031, 52.177 ], [ -3.3028, 52.1788 ], [ -3.3022, 52.1799 ], [ -3.3005, 52.1807 ], [ -3.2982, 52.1809 ], [ -3.2945, 52.1821 ], [ -3.2924, 52.1832 ], [ -3.2916, 52.1844 ], [ -3.2909, 52.1856 ], [ -3.2899, 52.1858 ], [ -3.2879, 52.188 ], [ -3.2865, 52.1891 ], [ -3.285, 52.1895 ], [ -3.2837, 52.1915 ], [ -3.2825, 52.1926 ], [ -3.2804, 52.1933 ], [ -3.2782, 52.1925 ], [ -3.2764, 52.193 ], [ -3.2756, 52.1941 ], [ -3.275, 52.1956 ], [ -3.2735, 52.1962 ], [ -3.2718, 52.1966 ], [ -3.2715, 52.1991 ], [ -3.2706, 52.2009 ], [ -3.2683, 52.2039 ], [ -3.2647, 52.2049 ], [ -3.2623, 52.2053 ], [ -3.2581, 52.205 ], [ -3.2558, 52.2055 ], [ -3.2518, 52.207 ], [ -3.2508, 52.2079 ], [ -3.2459, 52.21 ], [ -3.2435, 52.2096 ], [ -3.2403, 52.2091 ], [ -3.2351, 52.2091 ], [ -3.232, 52.21 ], [ -3.2305, 52.2115 ], [ -3.2296, 52.2133 ], [ -3.2278, 52.214 ], [ -3.2267, 52.215 ], [ -3.2249, 52.2156 ], [ -3.2231, 52.2155 ], [ -3.2217, 52.217 ], [ -3.2191, 52.2179 ], [ -3.2161, 52.2184 ], [ -3.2144, 52.2185 ], [ -3.2115, 52.218 ], [ -3.2101, 52.217 ], [ -3.2078, 52.2163 ], [ -3.2056, 52.2162 ], [ -3.2046, 52.2159 ], [ -3.2032, 52.2153 ], [ -3.2021, 52.2154 ], [ -3.2002, 52.2156 ], [ -3.198, 52.2161 ], [ -3.1954, 52.2168 ], [ -3.192, 52.2171 ], [ -3.1894, 52.2193 ], [ -3.1881, 52.221 ], [ -3.1863, 52.2218 ], [ -3.1839, 52.2234 ], [ -3.1815, 52.2258 ], [ -3.1794, 52.2282 ], [ -3.178, 52.2289 ], [ -3.1772, 52.2297 ], [ -3.176, 52.2306 ], [ -3.1748, 52.2325 ], [ -3.1719, 52.2343 ], [ -3.1698, 52.2353 ], [ -3.1677, 52.2364 ], [ -3.1606, 52.2381 ], [ -3.1563, 52.2405 ], [ -3.1546, 52.2409 ], [ -3.1535, 52.2414 ], [ -3.1525, 52.2423 ], [ -3.1448, 52.2452 ], [ -3.142, 52.247 ], [ -3.138, 52.2484 ], [ -3.1369, 52.2494 ], [ -3.1366, 52.2506 ], [ -3.1295, 52.2545 ], [ -3.1262, 52.2557 ], [ -3.1226, 52.2584 ], [ -3.12, 52.2598 ], [ -3.1157, 52.2606 ], [ -3.1094, 52.2615 ], [ -3.1066, 52.263 ], [ -3.1046, 52.2647 ], [ -3.1008, 52.2664 ], [ -3.0964, 52.2683 ], [ -3.095, 52.2695 ], [ -3.0933, 52.2699 ], [ -3.09, 52.2697 ], [ -3.0875, 52.27 ], [ -3.0869, 52.2708 ], [ -3.0857, 52.271 ], [ -3.0806, 52.27 ], [ -3.0764, 52.2689 ], [ -3.0726, 52.2682 ], [ -3.071, 52.268 ], [ -3.0671, 52.267 ], [ -3.0651, 52.2668 ], [ -3.0597, 52.2638 ], [ -3.0581, 52.2635 ], [ -3.0544, 52.2634 ], [ -3.0529, 52.2636 ], [ -3.0499, 52.2632 ], [ -3.0473, 52.2634 ], [ -3.0459, 52.263 ], [ -3.045, 52.2628 ], [ -3.0432, 52.2631 ], [ -3.0397, 52.2634 ], [ -3.0371, 52.2637 ], [ -3.036, 52.2636 ], [ -3.0348, 52.2638 ], [ -3.0327, 52.264 ], [ -3.0302, 52.2645 ], [ -3.028, 52.2647 ], [ -3.0273, 52.2651 ], [ -3.0263, 52.2653 ], [ -3.025, 52.2664 ], [ -3.0231, 52.2676 ], [ -3.0209, 52.2687 ], [ -3.0189, 52.2695 ], [ -3.0161, 52.2702 ], [ -3.0142, 52.2705 ], [ -3.0126, 52.2711 ], [ -3.0097, 52.2723 ], [ -3.0078, 52.2726 ], [ -3.0068, 52.2733 ] ] } },
{ "type": "Feature", "properties": { "linetype": 1 }, "geometry": { "type": "LineString", "coordinates": [ [ -1.7246, 51.4194 ], [ -1.7226, 51.4156 ], [ -1.7223, 51.4141 ], [ -1.7229, 51.4134 ], [ -1.7207, 51.4131 ], [ -1.7205, 51.4131 ], [ -1.7205, 51.413 ], [ -1.7206, 51.412 ], [ -1.7185, 51.4104 ], [ -1.7179, 51.4099 ], [ -1.7033, 51.3992 ], [ -1.6978, 51.3943 ], [ -1.6929, 51.3888 ], [ -1.6885, 51.3819 ], [ -1.6867, 51.3788 ], [ -1.6818, 51.3753 ], [ -1.6801, 51.3737 ], [ -1.6793, 51.3711 ], [ -1.6782, 51.3693 ], [ -1.6769, 51.367 ], [ -1.6757, 51.363 ], [ -1.672, 51.3608 ], [ -1.6713, 51.3594 ], [ -1.6717, 51.3562 ], [ -1.6718, 51.3537 ], [ -1.6709, 51.3512 ], [ -1.6702, 51.3485 ], [ -1.6699, 51.3458 ], [ -1.6696, 51.3437 ], [ -1.6705, 51.3424 ], [ -1.674, 51.3406 ], [ -1.6735, 51.3392 ], [ -1.6749, 51.3384 ], [ -1.6755, 51.3352 ], [ -1.6756, 51.3333 ], [ -1.6765, 51.3312 ], [ -1.6782, 51.3287 ], [ -1.683, 51.3258 ], [ -1.6847, 51.3234 ], [ -1.6869, 51.3189 ], [ -1.6902, 51.3148 ], [ -1.6927, 51.3134 ], [ -1.6936, 51.3123 ], [ -1.6973, 51.311 ], [ -1.6978, 51.31 ], [ -1.6975, 51.3081 ], [ -1.6986, 51.3056 ], [ -1.7004, 51.3016 ], [ -1.7011, 51.2974 ], [ -1.7022, 51.2864 ], [ -1.703, 51.2845 ], [ -1.7058, 51.2816 ], [ -1.7085, 51.2813 ], [ -1.7085, 51.2763 ], [ -1.7086, 51.2716 ], [ -1.7092, 51.2664 ], [ -1.7087, 51.2621 ], [ -1.7076, 51.2606 ], [ -1.7078, 51.2595 ], [ -1.7079, 51.2567 ], [ -1.7085, 51.2522 ], [ -1.7085, 51.2469 ], [ -1.7087, 51.2428 ], [ -1.7091, 51.2403 ], [ -1.7118, 51.2352 ], [ -1.7137, 51.2319 ], [ -1.7158, 51.2273 ], [ -1.7181, 51.2203 ], [ -1.7203, 51.2167 ], [ -1.723, 51.2129 ], [ -1.7235, 51.2107 ], [ -1.7253, 51.2079 ], [ -1.7254, 51.2063 ], [ -1.7276, 51.2014 ], [ -1.7306, 51.1965 ], [ -1.7365, 51.1878 ], [ -1.7379, 51.186 ], [ -1.7403, 51.184 ], [ -1.743, 51.1824 ], [ -1.7446, 51.1809 ], [ -1.7457, 51.1794 ], [ -1.7482, 51.1751 ], [ -1.7575, 51.1638 ], [ -1.762, 51.155 ], [ -1.7758, 51.1414 ], [ -1.7783, 51.1387 ], [ -1.7816, 51.1346 ], [ -1.7866, 51.1273 ], [ -1.7875, 51.123 ], [ -1.789, 51.1184 ], [ -1.7929, 51.109 ], [ -1.7963, 51.1033 ], [ -1.7971, 51.0977 ] ] } },
{ "type": "Feature", "properties": { "linetype": 1 }, "geometry": { "type": "LineString", "coordinates": [ [ -1.7807, 51.9947 ], [ -1.7743, 51.9891 ], [ -1.7684, 51.9837 ], [ -1.7618, 51.9762 ], [ -1.7572, 51.97 ], [ -1.7563, 51.9678 ], [ -1.7535, 51.9641 ], [ -1.7509, 51.962 ], [ -1.7484, 51.9589 ], [ -1.7473, 51.9574 ], [ -1.7473, 51.9532 ], [ -1.7458, 51.9521 ], [ -1.7421, 51.9516 ], [ -1.7392, 51.9497 ], [ -1.731, 51.9443 ], [ -1.7287, 51.9417 ], [ -1.7278, 51.9375 ], [ -1.7242, 51.9327 ], [ -1.725, 51.9293 ], [ -1.7252, 51.9243 ], [ -1.7253, 51.9205 ], [ -1.7247, 51.9191 ], [ -1.7249, 51.9174 ], [ -1.7232, 51.9153 ], [ -1.7225, 51.9126 ], [ -1.7214, 51.9103 ], [ -1.7186, 51.9077 ], [ -1.7181, 51.9065 ], [ -1.717, 51.9052 ], [ -1.7152, 51.9041 ], [ -1.7131, 51.902 ], [ -1.7108, 51.8986 ], [ -1.7103, 51.8947 ], [ -1.7083, 51.8918 ], [ -1.707, 51.8902 ], [ -1.7049, 51.8891 ], [ -1.701, 51.8865 ], [ -1.6922, 51.8816 ], [ -1.6897, 51.881 ], [ -1.6861, 51.8804 ], [ -1.683, 51.8794 ], [ -1.6812, 51.8781 ], [ -1.6778, 51.8768 ], [ -1.6736, 51.8747 ], [ -1.6698, 51.8725 ], [ -1.6662, 51.8697 ], [ -1.6637, 51.8657 ], [ -1.6622, 51.8629 ], [ -1.6604, 51.8616 ], [ -1.653, 51.8528 ], [ -1.649, 51.8471 ], [ -1.6486, 51.8451 ], [ -1.6448, 51.8379 ], [ -1.6405, 51.8314 ], [ -1.6379, 51.8285 ], [ -1.6376, 51.8258 ], [ -1.6385, 51.8178 ], [ -1.6405, 51.8144 ], [ -1.64, 51.8119 ], [ -1.6366, 51.8116 ] ] } },
{ "type": "Feature", "properties": { "linetype": 1 }, "geometry": { "type": "LineString", "coordinates": [ [ -1.712, 51.6304 ], [ -1.7115, 51.6289 ], [ -1.712, 51.627 ], [ -1.7134, 51.6245 ], [ -1.715, 51.6225 ], [ -1.7195, 51.6177 ], [ -1.7238, 51.6141 ], [ -1.7282, 51.611 ], [ -1.7305, 51.609 ], [ -1.7341, 51.6061 ], [ -1.7405, 51.6018 ], [ -1.7416, 51.6001 ], [ -1.7421, 51.5967 ], [ -1.7452, 51.5932 ], [ -1.7488, 51.5885 ], [ -1.7501, 51.5848 ], [ -1.7488, 51.5835 ], [ -1.7517, 51.58 ], [ -1.7537, 51.5749 ], [ -1.7533, 51.5736 ], [ -1.757, 51.5728 ], [ -1.7607, 51.5703 ], [ -1.7647, 51.5688 ], [ -1.7702, 51.5639 ], [ -1.7715, 51.5632 ], [ -1.7711, 51.5603 ], [ -1.773, 51.558 ], [ -1.7753, 51.5548 ], [ -1.7735, 51.5512 ], [ -1.771, 51.5469 ], [ -1.766, 51.5439 ], [ -1.763, 51.5436 ], [ -1.7581, 51.5439 ], [ -1.7522, 51.5445 ], [ -1.7481, 51.5448 ], [ -1.7451, 51.5454 ], [ -1.7422, 51.5447 ], [ -1.7386, 51.5437 ], [ -1.731, 51.5429 ], [ -1.7252, 51.5406 ], [ -1.7225, 51.539 ], [ -1.7242, 51.5294 ], [ -1.7243, 51.5252 ], [ -1.7238, 51.5221 ], [ -1.7241, 51.5195 ], [ -1.7223, 51.513 ], [ -1.7145, 51.4846 ], [ -1.7082, 51.4678 ], [ -1.7167, 51.4598 ], [ -1.7184, 51.4567 ], [ -1.7205, 51.4548 ], [ -1.721, 51.453 ], [ -1.7237, 51.4516 ], [ -1.7255, 51.4491 ], [ -1.7272, 51.4479 ], [ -1.7295, 51.4462 ], [ -1.7311, 51.4438 ], [ -1.7314, 51.442 ], [ -1.7322, 51.4404 ], [ -1.7322, 51.4368 ], [ -1.7313, 51.4357 ], [ -1.7309, 51.4322 ], [ -1.7299, 51.43 ], [ -1.7308, 51.4255 ], [ -1.7319, 51.4241 ], [ -1.7305, 51.4227 ], [ -1.7301, 51.4214 ] ] } },
{ "type": "Feature", "properties": { "linetype": 1 }, "geometry": { "type": "LineString", "coordinates": [ [ -1.712, 51.6307 ], [ -1.7095, 51.6349 ], [ -1.7091, 51.6369 ], [ -1.708, 51.6382 ], [ -1.7078, 51.6439 ], [ -1.7081, 51.646 ], [ -1.708, 51.6477 ], [ -1.7088, 51.6494 ], [ -1.7087, 51.6516 ], [ -1.7067, 51.6537 ], [ -1.7054, 51.6564 ], [ -1.7054, 51.6598 ], [ -1.7061, 51.6626 ], [ -1.7072, 51.664 ], [ -1.7075, 51.6656 ], [ -1.7064, 51.6665 ], [ -1.7048, 51.6667 ], [ -1.7062, 51.6694 ], [ -1.7061, 51.6723 ], [ -1.7051, 51.6742 ], [ -1.7048, 51.6764 ], [ -1.7029, 51.6786 ], [ -1.702, 51.6807 ], [ -1.6996, 51.6806 ], [ -1.699, 51.6812 ], [ -1.6959, 51.6812 ], [ -1.6936, 51.6803 ], [ -1.6877, 51.6788 ], [ -1.6845, 51.6771 ], [ -1.6822, 51.6775 ], [ -1.68, 51.6759 ], [ -1.6787, 51.6764 ], [ -1.677, 51.679 ], [ -1.6754, 51.6791 ] ] } },
{ "type": "Feature", "properties": { "linetype": 1 }, "geometry": { "type": "LineString", "coordinates": [ [ -1.6904, 51.6938 ], [ -1.6912, 51.6944 ], [ -1.6919, 51.6957 ], [ -1.6786, 51.7134 ], [ -1.6799, 51.7147 ], [ -1.6787, 51.7164 ], [ -1.6788, 51.7179 ], [ -1.6756, 51.7221 ], [ -1.6741, 51.7249 ], [ -1.674, 51.7269 ], [ -1.6711, 51.7279 ], [ -1.6663, 51.7312 ], [ -1.6638, 51.7336 ], [ -1.6601, 51.734 ], [ -1.659, 51.7349 ], [ -1.6568, 51.7358 ], [ -1.6552, 51.7368 ], [ -1.654, 51.738 ], [ -1.6538, 51.7393 ], [ -1.6535, 51.7413 ], [ -1.6539, 51.7438 ], [ -1.6527, 51.7459 ], [ -1.6522, 51.7492 ], [ -1.6509, 51.7547 ], [ -1.6535, 51.7583 ], [ -1.6532, 51.7617 ], [ -1.6534, 51.7647 ], [ -1.6534, 51.7673 ], [ -1.652, 51.7685 ], [ -1.6511, 51.7701 ], [ -1.648, 51.7727 ], [ -1.6479, 51.7745 ], [ -1.6473, 51.7756 ], [ -1.6459, 51.779 ], [ -1.6455, 51.7824 ], [ -1.6443, 51.785 ], [ -1.6426, 51.7885 ], [ -1.6436, 51.79 ], [ -1.6447, 51.7917 ], [ -1.6444, 51.7939 ], [ -1.6417, 51.7979 ], [ -1.6376, 51.8036 ], [ -1.6377, 51.8057 ], [ -1.6369, 51.8075 ] ] } },
{ "type": "Feature", "properties": { "linetype": 1 }, "geometry": { "type": "LineString", "coordinates": [ [ -1.6126, 54.9702 ], [ -1.614, 54.9696 ], [ -1.6367, 54.9728 ], [ -1.661, 54.9767 ], [ -1.6854, 54.9825 ], [ -1.7008, 54.9867 ], [ -1.7037, 54.9869 ], [ -1.7046, 54.9869 ], [ -1.7054, 54.9864 ], [ -1.7076, 54.9862 ], [ -1.7097, 54.9856 ], [ -1.7125, 54.9855 ], [ -1.7125, 54.985 ], [ -1.7146, 54.9851 ], [ -1.7194, 54.9847 ], [ -1.7214, 54.9842 ], [ -1.7274, 54.9836 ], [ -1.7327, 54.9836 ], [ -1.7352, 54.9828 ], [ -1.7362, 54.982 ], [ -1.7368, 54.9816 ], [ -1.7387, 54.982 ], [ -1.7402, 54.9821 ], [ -1.7432, 54.9829 ], [ -1.7437, 54.9825 ], [ -1.7459, 54.9838 ], [ -1.7476, 54.9851 ], [ -1.7502, 54.9857 ], [ -1.7636, 54.9841 ], [ -1.7673, 54.9839 ], [ -1.7769, 54.9851 ], [ -1.7873, 54.9865 ], [ -1.8128, 54.9776 ], [ -1.8192, 54.9762 ], [ -1.8211, 54.9764 ], [ -1.8231, 54.9765 ], [ -1.8249, 54.9759 ], [ -1.8276, 54.9752 ], [ -1.8298, 54.975 ], [ -1.8312, 54.9754 ], [ -1.8336, 54.9767 ], [ -1.8352, 54.9775 ], [ -1.8374, 54.9778 ], [ -1.8395, 54.9776 ], [ -1.8425, 54.9762 ], [ -1.8456, 54.9746 ], [ -1.8482, 54.9735 ], [ -1.8518, 54.9727 ], [ -1.8561, 54.9723 ], [ -1.86, 54.9709 ], [ -1.865, 54.9696 ], [ -1.8688, 54.9681 ], [ -1.8702, 54.9677 ], [ -1.87, 54.9673 ], [ -1.872, 54.967 ], [ -1.8726, 54.9662 ], [ -1.874, 54.9662 ], [ -1.8755, 54.966 ], [ -1.8771, 54.9661 ], [ -1.8792, 54.966 ], [ -1.8808, 54.9655 ], [ -1.8832, 54.9655 ], [ -1.885, 54.9657 ], [ -1.8872, 54.9657 ], [ -1.8964, 54.9686 ], [ -1.8993, 54.968 ], [ -1.9046, 54.9683 ], [ -1.9071, 54.9678 ], [ -1.9099, 54.9678 ], [ -1.9134, 54.9679 ], [ -1.9181, 54.9683 ], [ -1.9327, 54.9654 ], [ -1.9405, 54.9661 ], [ -1.9413, 54.9657 ], [ -1.9424, 54.9656 ], [ -1.9447, 54.9662 ], [ -1.9465, 54.9664 ], [ -1.9482, 54.9662 ], [ -1.9498, 54.966 ], [ -1.9522, 54.966 ], [ -1.9545, 54.966 ], [ -1.9557, 54.9662 ], [ -1.9566, 54.9675 ], [ -1.9611, 54.9675 ], [ -1.9699, 54.9682 ], [ -1.9748, 54.9681 ], [ -1.9793, 54.9673 ], [ -1.9845, 54.9676 ], [ -1.9869, 54.969 ], [ -1.9893, 54.9694 ], [ -1.9915, 54.9705 ], [ -1.9984, 54.9723 ], [ -2.0021, 54.9727 ], [ -2.0044, 54.973 ], [ -2.0065, 54.9735 ], [ -2.0092, 54.9737 ], [ -2.0162, 54.9734 ], [ -2.0181, 54.9737 ], [ -2.0206, 54.9743 ], [ -2.0206, 54.9748 ], [ -2.0231, 54.9749 ], [ -2.035, 54.9776 ], [ -2.0381, 54.9784 ], [ -2.0405, 54.979 ], [ -2.0422, 54.9791 ], [ -2.0438, 54.9794 ], [ -2.0457, 54.9797 ], [ -2.047, 54.9795 ], [ -2.0487, 54.9789 ], [ -2.0501, 54.9788 ], [ -2.0536, 54.9798 ], [ -2.0554, 54.9802 ], [ -2.0571, 54.9802 ], [ -2.0581, 54.9814 ], [ -2.0598, 54.9814 ], [ -2.0653, 54.9824 ], [ -2.066, 54.9822 ], [ -2.0668, 54.9818 ], [ -2.069, 54.9818 ], [ -2.0701, 54.982 ], [ -2.0714, 54.9815 ], [ -2.073, 54.9814 ], [ -2.075, 54.9807 ], [ -2.0809, 54.9799 ], [ -2.0831, 54.9797 ], [ -2.0862, 54.978 ], [ -2.0878, 54.9773 ], [ -2.0886, 54.9772 ], [ -2.0903, 54.9773 ], [ -2.0917, 54.977 ], [ -2.0926, 54.9771 ], [ -2.0922, 54.978 ], [ -2.093, 54.9782 ], [ -2.0964, 54.9739 ], [ -2.0971, 54.9735 ], [ -2.0984, 54.9731 ], [ -2.0993, 54.9725 ], [ -2.1001, 54.9717 ], [ -2.1014, 54.9714 ], [ -2.1043, 54.9696 ], [ -2.1062, 54.9699 ], [ -2.109, 54.9695 ], [ -2.1121, 54.9708 ], [ -2.1133, 54.9727 ], [ -2.1138, 54.9737 ], [ -2.1169, 54.9758 ], [ -2.1204, 54.9773 ], [ -2.1255, 54.9783 ], [ -2.1314, 54.9792 ], [ -2.1365, 54.9801 ], [ -2.1392, 54.9811 ], [ -2.1425, 54.9831 ], [ -2.1475, 54.9834 ], [ -2.1491, 54.9831 ], [ -2.1545, 54.9837 ], [ -2.158, 54.9854 ], [ -2.1592, 54.9864 ], [ -2.1672, 54.9894 ], [ -2.169, 54.9893 ], [ -2.1733, 54.9897 ], [ -2.1788, 54.9908 ], [ -2.1883, 54.9918 ], [ -2.1907, 54.9917 ], [ -2.193, 54.9909 ], [ -2.2044, 54.988 ], [ -2.2077, 54.9871 ], [ -2.2093, 54.9864 ], [ -2.2106, 54.9856 ], [ -2.2127, 54.984 ], [ -2.214, 54.9833 ], [ -2.2157, 54.9819 ], [ -2.217, 54.9808 ], [ -2.2181, 54.9798 ], [ -2.2199, 54.9776 ], [ -2.2232, 54.976 ], [ -2.227, 54.9753 ], [ -2.2342, 54.9738 ], [ -2.2407, 54.9732 ], [ -2.2426, 54.9732 ], [ -2.2454, 54.9721 ], [ -2.2463, 54.973 ], [ -2.2466, 54.9732 ], [ -2.2496, 54.9724 ], [ -2.2518, 54.9722 ], [ -2.2532, 54.9717 ], [ -2.2578, 54.9711 ], [ -2.2611, 54.9712 ], [ -2.263, 54.9716 ], [ -2.2663, 54.9714 ], [ -2.2709, 54.9715 ], [ -2.2731, 54.9715 ], [ -2.2779, 54.9707 ], [ -2.2812, 54.9704 ], [ -2.2845, 54.9706 ], [ -2.2875, 54.9711 ], [ -2.2886, 54.9715 ], [ -2.2902, 54.9724 ], [ -2.2922, 54.9732 ], [ -2.2935, 54.9745 ], [ -2.2948, 54.9752 ], [ -2.2966, 54.9762 ], [ -2.3007, 54.9771 ], [ -2.3052, 54.9777 ], [ -2.3082, 54.9782 ], [ -2.3121, 54.9782 ], [ -2.3154, 54.9781 ], [ -2.3176, 54.9777 ], [ -2.3205, 54.9773 ], [ -2.3235, 54.9769 ], [ -2.34, 54.9755 ], [ -2.3438, 54.9753 ], [ -2.348, 54.976 ], [ -2.3551, 54.9758 ], [ -2.3588, 54.9753 ], [ -2.3605, 54.9745 ], [ -2.3623, 54.9744 ], [ -2.3651, 54.9736 ], [ -2.3679, 54.9738 ], [ -2.37, 54.9733 ], [ -2.3732, 54.9731 ], [ -2.3748, 54.9729 ], [ -2.3759, 54.9731 ], [ -2.3792, 54.9728 ], [ -2.3814, 54.9721 ], [ -2.3872, 54.9713 ], [ -2.3924, 54.9708 ], [ -2.395, 54.9698 ], [ -2.3995, 54.9691 ], [ -2.4042, 54.9687 ], [ -2.4081, 54.9688 ], [ -2.4102, 54.9688 ], [ -2.4138, 54.9687 ], [ -2.4189, 54.968 ], [ -2.4221, 54.9678 ], [ -2.425, 54.9676 ], [ -2.4262, 54.9679 ], [ -2.4296, 54.968 ], [ -2.431, 54.9676 ], [ -2.4326, 54.9676 ], [ -2.4332, 54.9681 ], [ -2.4338, 54.9687 ], [ -2.4388, 54.9694 ], [ -2.4447, 54.9697 ], [ -2.4474, 54.9701 ], [ -2.4492, 54.9715 ], [ -2.4525, 54.9714 ], [ -2.454, 54.9716 ], [ -2.4566, 54.9712 ], [ -2.4571, 54.9708 ], [ -2.4586, 54.9706 ], [ -2.4606, 54.97 ], [ -2.4636, 54.9688 ], [ -2.4668, 54.9679 ], [ -2.4673, 54.9671 ], [ -2.4691, 54.9663 ], [ -2.4726, 54.9653 ], [ -2.476, 54.9656 ], [ -2.4782, 54.9654 ], [ -2.48, 54.9658 ], [ -2.4826, 54.9663 ], [ -2.494, 54.9657 ], [ -2.4983, 54.9658 ], [ -2.5021, 54.9662 ], [ -2.5063, 54.9672 ], [ -2.511, 54.9691 ], [ -2.5165, 54.9715 ], [ -2.5308, 54.9774 ], [ -2.5325, 54.9786 ], [ -2.5318, 54.9802 ], [ -2.5319, 54.9813 ], [ -2.5328, 54.9819 ], [ -2.5346, 54.9819 ], [ -2.5346, 54.9826 ], [ -2.535, 54.9834 ], [ -2.5362, 54.9843 ], [ -2.5365, 54.9863 ], [ -2.5379, 54.9873 ], [ -2.5397, 54.9883 ], [ -2.5402, 54.9891 ], [ -2.5405, 54.9898 ], [ -2.5418, 54.9901 ], [ -2.5435, 54.99 ], [ -2.5458, 54.9904 ], [ -2.5477, 54.9904 ], [ -2.549, 54.9906 ], [ -2.5511, 54.9906 ], [ -2.5527, 54.9909 ], [ -2.5546, 54.9906 ], [ -2.5563, 54.9906 ], [ -2.5608, 54.9904 ], [ -2.5649, 54.9902 ], [ -2.5672, 54.9901 ], [ -2.5692, 54.9906 ], [ -2.5703, 54.9908 ], [ -2.5715, 54.9913 ], [ -2.5728, 54.9913 ], [ -2.574, 54.9915 ], [ -2.5746, 54.9912 ], [ -2.5754, 54.9906 ], [ -2.5775, 54.9895 ], [ -2.5798, 54.989 ], [ -2.5824, 54.9884 ], [ -2.583, 54.9878 ], [ -2.584, 54.9871 ], [ -2.587, 54.9862 ], [ -2.588, 54.9853 ], [ -2.589, 54.9844 ], [ -2.5908, 54.9838 ], [ -2.5925, 54.9832 ], [ -2.5945, 54.9828 ], [ -2.5961, 54.9822 ], [ -2.5975, 54.9815 ], [ -2.6045, 54.9801 ], [ -2.6059, 54.9804 ], [ -2.6085, 54.98 ], [ -2.6107, 54.9793 ], [ -2.6131, 54.9782 ], [ -2.6154, 54.9775 ], [ -2.6177, 54.9775 ], [ -2.6192, 54.977 ], [ -2.6215, 54.9761 ], [ -2.6256, 54.9748 ], [ -2.6302, 54.9742 ], [ -2.6341, 54.9724 ], [ -2.6345, 54.9718 ], [ -2.6365, 54.9712 ], [ -2.6378, 54.9712 ], [ -2.6393, 54.9705 ], [ -2.6397, 54.9698 ], [ -2.6409, 54.9692 ], [ -2.642, 54.9691 ], [ -2.6454, 54.9664 ], [ -2.6462, 54.9649 ], [ -2.646, 54.9642 ], [ -2.6474, 54.9637 ], [ -2.6491, 54.961 ], [ -2.6504, 54.9604 ], [ -2.649, 54.9591 ], [ -2.6489, 54.9583 ], [ -2.6477, 54.9567 ], [ -2.6636, 54.9525 ], [ -2.6673, 54.9507 ], [ -2.6792, 54.9443 ], [ -2.6817, 54.9437 ], [ -2.6839, 54.9426 ], [ -2.6869, 54.9416 ], [ -2.6891, 54.9405 ], [ -2.6915, 54.9393 ], [ -2.6948, 54.9375 ], [ -2.6988, 54.9368 ], [ -2.7027, 54.9368 ], [ -2.7029, 54.9344 ], [ -2.7031, 54.9329 ], [ -2.7027, 54.9318 ], [ -2.7087, 54.9303 ], [ -2.715, 54.9281 ], [ -2.7231, 54.9265 ], [ -2.7263, 54.9271 ], [ -2.7322, 54.9283 ], [ -2.7354, 54.9296 ], [ -2.7419, 54.9303 ], [ -2.7469, 54.9278 ], [ -2.7503, 54.9257 ], [ -2.7509, 54.9248 ], [ -2.7508, 54.9239 ], [ -2.7521, 54.9241 ], [ -2.7548, 54.9241 ], [ -2.7616, 54.9216 ], [ -2.7724, 54.9198 ], [ -2.7749, 54.9182 ], [ -2.777, 54.9169 ], [ -2.7804, 54.9161 ], [ -2.7822, 54.9154 ], [ -2.7847, 54.9149 ], [ -2.7902, 54.9146 ], [ -2.7953, 54.9137 ], [ -2.7966, 54.913 ], [ -2.8014, 54.9124 ], [ -2.8035, 54.9109 ], [ -2.8085, 54.9087 ], [ -2.8094, 54.9079 ], [ -2.8126, 54.9064 ], [ -2.8149, 54.9049 ], [ -2.8183, 54.9039 ], [ -2.8199, 54.9035 ], [ -2.8226, 54.9037 ], [ -2.8241, 54.903 ], [ -2.8262, 54.9026 ], [ -2.8287, 54.9026 ], [ -2.8306, 54.9018 ], [ -2.8319, 54.9019 ], [ -2.8336, 54.9013 ], [ -2.8371, 54.9009 ], [ -2.8405, 54.9001 ], [ -2.844, 54.8998 ], [ -2.8468, 54.8994 ], [ -2.8513, 54.8995 ], [ -2.855, 54.8996 ], [ -2.8647, 54.8986 ], [ -2.8675, 54.8979 ], [ -2.8718, 54.8974 ], [ -2.8757, 54.8973 ], [ -2.8798, 54.8964 ], [ -2.8844, 54.8955 ], [ -2.8872, 54.8954 ], [ -2.8935, 54.8951 ], [ -2.8969, 54.8954 ], [ -2.9019, 54.8947 ], [ -2.9059, 54.8945 ], [ -2.922, 54.8943 ], [ -2.9302, 54.8944 ], [ -2.9338, 54.8942 ], [ -2.9357, 54.8945 ] ] } },
{ "type": "Feature", "properties": { "linetype": 1 }, "geometry": { "type": "LineString", "coordinates": [ [ -1.421, 55.0179 ], [ -1.4229, 55.0177 ], [ -1.4253, 55.0178 ], [ -1.4261, 55.0168 ], [ -1.4308, 55.0149 ], [ -1.4345, 55.014 ], [ -1.4372, 55.0134 ], [ -1.4407, 55.0124 ], [ -1.4427, 55.0118 ], [ -1.4441, 55.0116 ], [ -1.4451, 55.0116 ], [ -1.451, 55.0099 ], [ -1.4549, 55.0085 ], [ -1.4564, 55.0083 ], [ -1.4579, 55.008 ], [ -1.4594, 55.0072 ], [ -1.4606, 55.0083 ], [ -1.4632, 55.0077 ], [ -1.4669, 55.0064 ], [ -1.4697, 55.0055 ], [ -1.4704, 55.005 ], [ -1.4707, 55.0044 ], [ -1.4736, 55.0035 ], [ -1.4744, 55.003 ], [ -1.4752, 55.0023 ], [ -1.4772, 55.0017 ], [ -1.4812, 55.0005 ], [ -1.4846, 54.9989 ], [ -1.4877, 54.9984 ], [ -1.491, 54.9983 ], [ -1.4937, 54.9981 ], [ -1.4972, 54.9974 ], [ -1.5022, 54.9965 ], [ -1.5043, 54.9962 ], [ -1.5074, 54.9964 ], [ -1.5109, 54.996 ], [ -1.5129, 54.9959 ], [ -1.5164, 54.9955 ], [ -1.5184, 54.994 ], [ -1.5194, 54.9935 ], [ -1.5227, 54.9927 ], [ -1.5303, 54.9919 ], [ -1.5368, 54.9905 ], [ -1.543, 54.9894 ], [ -1.5458, 54.9891 ], [ -1.5524, 54.986 ], [ -1.5588, 54.985 ], [ -1.5664, 54.9828 ], [ -1.5744, 54.9809 ], [ -1.575, 54.9803 ], [ -1.5751, 54.9781 ], [ -1.5938, 54.9754 ], [ -1.5988, 54.9744 ], [ -1.6083, 54.9719 ], [ -1.6082, 54.9714 ], [ -1.6126, 54.9702 ] ] } },
{ "type": "Feature", "properties": { "linetype": 1 }, "geometry": { "type": "LineString", "coordinates": [ [ -4.6327, 53.3081 ], [ -4.4662, 53.1907 ], [ -4.3589, 53.1647 ], [ -4.2884, 53.145 ], [ -4.2757, 53.1397 ] ] } },
{ "type": "Feature", "properties": { "linetype": 1 }, "geometry": { "type": "LineString", "coordinates": [ [ -1.5682, 54.0401 ], [ -1.5265, 54.1338 ], [ -1.5238, 54.1363 ] ] } },
{ "type": "Feature", "properties": { "linetype": 1 }, "geometry": { "type": "LineString", "coordinates": [ [ -2.0173, 53.9631 ], [ -2.0182, 53.9619 ], [ -2.0191, 53.9616 ], [ -2.0231, 53.962 ], [ -2.0252, 53.9626 ], [ -2.0279, 53.9628 ], [ -2.0303, 53.9628 ], [ -2.0327, 53.9632 ], [ -2.0454, 53.967 ], [ -2.0542, 53.969 ], [ -2.0592, 53.9713 ], [ -2.0616, 53.9727 ], [ -2.0646, 53.9733 ], [ -2.0665, 53.9744 ], [ -2.067, 53.9756 ], [ -2.0684, 53.9767 ], [ -2.0699, 53.9779 ], [ -2.0714, 53.9789 ], [ -2.0748, 53.9798 ], [ -2.0777, 53.9808 ], [ -2.0819, 53.983 ], [ -2.0835, 53.9845 ], [ -2.0864, 53.9859 ], [ -2.0917, 53.9861 ], [ -2.0946, 53.9854 ], [ -2.0972, 53.9851 ], [ -2.0989, 53.9844 ], [ -2.1006, 53.9845 ], [ -2.1037, 53.9841 ], [ -2.1048, 53.9831 ], [ -2.1062, 53.9827 ], [ -2.1079, 53.9828 ], [ -2.1112, 53.9831 ], [ -2.113, 53.9831 ], [ -2.115, 53.9833 ], [ -2.119, 53.9843 ], [ -2.1242, 53.9858 ], [ -2.1266, 53.9858 ], [ -2.1293, 53.9866 ], [ -2.1299, 53.9877 ], [ -2.1392, 53.9912 ], [ -2.1431, 53.9906 ], [ -2.1455, 53.9904 ], [ -2.1483, 53.9911 ], [ -2.1516, 53.9916 ], [ -2.1553, 53.9921 ], [ -2.1602, 53.9931 ], [ -2.1641, 53.9928 ], [ -2.169, 53.9925 ], [ -2.1732, 53.9936 ], [ -2.1771, 53.9942 ], [ -2.1815, 53.9953 ], [ -2.1846, 53.9958 ], [ -2.1986, 54.0012 ], [ -2.2049, 54.0022 ], [ -2.2075, 54.0029 ], [ -2.2113, 54.0034 ], [ -2.2142, 54.0047 ], [ -2.2196, 54.0046 ], [ -2.2224, 54.0041 ], [ -2.2246, 54.0053 ], [ -2.2253, 54.0064 ], [ -2.227, 54.0065 ], [ -2.2275, 54.006 ], [ -2.2313, 54.0057 ], [ -2.2341, 54.0072 ], [ -2.2373, 54.0089 ], [ -2.2393, 54.0097 ], [ -2.2456, 54.0148 ], [ -2.2484, 54.0162 ], [ -2.2509, 54.0165 ], [ -2.2523, 54.018 ], [ -2.2563, 54.0204 ], [ -2.2582, 54.0206 ], [ -2.2598, 54.021 ], [ -2.2615, 54.0222 ], [ -2.2641, 54.0233 ], [ -2.2675, 54.0252 ], [ -2.2693, 54.0256 ], [ -2.2732, 54.0281 ], [ -2.2759, 54.029 ], [ -2.2789, 54.0307 ], [ -2.2812, 54.0317 ], [ -2.2829, 54.0333 ], [ -2.284, 54.0355 ], [ -2.2853, 54.0381 ], [ -2.2852, 54.0396 ], [ -2.2853, 54.0408 ], [ -2.285, 54.0416 ], [ -2.2852, 54.0429 ], [ -2.284, 54.0447 ], [ -2.2837, 54.0464 ], [ -2.2848, 54.0479 ], [ -2.2855, 54.0497 ], [ -2.2869, 54.0511 ], [ -2.2874, 54.0528 ], [ -2.2881, 54.057 ], [ -2.2874, 54.0589 ], [ -2.2857, 54.06 ], [ -2.2834, 54.0614 ], [ -2.2815, 54.0636 ], [ -2.2804, 54.0646 ], [ -2.2792, 54.0653 ], [ -2.2786, 54.0662 ], [ -2.2774, 54.0668 ], [ -2.2769, 54.0685 ], [ -2.2774, 54.0698 ], [ -2.2818, 54.0724 ], [ -2.2834, 54.0725 ], [ -2.2872, 54.072 ], [ -2.2914, 54.0746 ], [ -2.2951, 54.0787 ], [ -2.297, 54.0806 ], [ -2.3011, 54.0834 ], [ -2.3047, 54.0852 ], [ -2.3087, 54.0866 ], [ -2.3183, 54.0886 ], [ -2.32, 54.0887 ], [ -2.3224, 54.0895 ], [ -2.3246, 54.0908 ], [ -2.3312, 54.0932 ], [ -2.3339, 54.0956 ], [ -2.3366, 54.0988 ], [ -2.3378, 54.1009 ], [ -2.3386, 54.1024 ], [ -2.3407, 54.1026 ], [ -2.3438, 54.1025 ], [ -2.3464, 54.1031 ], [ -2.3539, 54.1034 ], [ -2.361, 54.1038 ], [ -2.3637, 54.1047 ], [ -2.3659, 54.1059 ], [ -2.3703, 54.1066 ], [ -2.3741, 54.1076 ], [ -2.3765, 54.1077 ], [ -2.3782, 54.1084 ], [ -2.3809, 54.1102 ], [ -2.3812, 54.1119 ], [ -2.3828, 54.113 ], [ -2.3866, 54.1143 ], [ -2.3891, 54.116 ], [ -2.393, 54.1172 ], [ -2.394, 54.118 ], [ -2.3963, 54.1186 ], [ -2.4, 54.1195 ], [ -2.4006, 54.1189 ], [ -2.4022, 54.1183 ], [ -2.4058, 54.1174 ], [ -2.4105, 54.1185 ], [ -2.4126, 54.1187 ], [ -2.4168, 54.1192 ], [ -2.4204, 54.1191 ], [ -2.4227, 54.1183 ], [ -2.4279, 54.1187 ], [ -2.4309, 54.1186 ], [ -2.4326, 54.1176 ], [ -2.4361, 54.1174 ], [ -2.4402, 54.1183 ], [ -2.4442, 54.1197 ], [ -2.4473, 54.1192 ], [ -2.4519, 54.119 ], [ -2.4576, 54.1187 ], [ -2.4624, 54.1194 ], [ -2.4662, 54.1194 ], [ -2.4701, 54.1186 ], [ -2.4724, 54.1186 ], [ -2.4729, 54.1182 ], [ -2.4784, 54.118 ], [ -2.4815, 54.1181 ], [ -2.485, 54.1184 ], [ -2.4932, 54.118 ], [ -2.4973, 54.1176 ], [ -2.5015, 54.1183 ], [ -2.5066, 54.1178 ], [ -2.5102, 54.1178 ], [ -2.5136, 54.1182 ], [ -2.5158, 54.1189 ], [ -2.5203, 54.1198 ], [ -2.524, 54.1204 ], [ -2.5264, 54.1198 ], [ -2.5315, 54.1194 ], [ -2.5358, 54.1189 ], [ -2.5383, 54.119 ], [ -2.542, 54.1183 ], [ -2.5449, 54.1182 ], [ -2.547, 54.1185 ], [ -2.551, 54.1202 ], [ -2.5542, 54.121 ], [ -2.5575, 54.1214 ], [ -2.5589, 54.1234 ], [ -2.5605, 54.1243 ], [ -2.5659, 54.1245 ], [ -2.5703, 54.1251 ], [ -2.5732, 54.1266 ], [ -2.5757, 54.1262 ], [ -2.578, 54.1267 ], [ -2.5814, 54.1255 ], [ -2.5838, 54.1256 ], [ -2.5878, 54.125 ], [ -2.5884, 54.1238 ], [ -2.5908, 54.1238 ], [ -2.5921, 54.123 ], [ -2.5924, 54.1219 ], [ -2.5938, 54.1209 ], [ -2.5949, 54.1197 ], [ -2.5971, 54.1181 ], [ -2.6002, 54.1167 ], [ -2.6014, 54.1155 ], [ -2.6031, 54.1136 ], [ -2.6042, 54.1122 ], [ -2.6037, 54.1108 ], [ -2.6043, 54.1097 ], [ -2.6045, 54.1084 ], [ -2.6067, 54.1058 ], [ -2.6074, 54.1045 ], [ -2.6092, 54.1032 ], [ -2.611, 54.1031 ], [ -2.613, 54.1034 ], [ -2.6154, 54.1028 ], [ -2.6172, 54.1027 ], [ -2.6197, 54.1035 ], [ -2.627, 54.1051 ], [ -2.6331, 54.1048 ], [ -2.6362, 54.1042 ], [ -2.6421, 54.1027 ], [ -2.6475, 54.1023 ], [ -2.6505, 54.1002 ], [ -2.6568, 54.099 ], [ -2.6588, 54.0983 ], [ -2.6594, 54.0971 ], [ -2.6632, 54.0957 ], [ -2.6645, 54.0939 ], [ -2.6763, 54.0889 ], [ -2.6793, 54.0867 ], [ -2.6882, 54.0806 ], [ -2.6906, 54.08 ], [ -2.6935, 54.0776 ], [ -2.6993, 54.0768 ], [ -2.7016, 54.0757 ], [ -2.7029, 54.0748 ], [ -2.7065, 54.0739 ], [ -2.7087, 54.0741 ], [ -2.7124, 54.0737 ], [ -2.7162, 54.0746 ], [ -2.7182, 54.0761 ], [ -2.7244, 54.0756 ], [ -2.7271, 54.075 ], [ -2.7305, 54.0729 ], [ -2.7325, 54.0723 ], [ -2.7338, 54.0724 ], [ -2.7346, 54.073 ], [ -2.7366, 54.0756 ], [ -2.7439, 54.0751 ], [ -2.7533, 54.0734 ], [ -2.7551, 54.0723 ], [ -2.757, 54.0718 ], [ -2.759, 54.0719 ], [ -2.7613, 54.0716 ], [ -2.7624, 54.0722 ], [ -2.7721, 54.0721 ], [ -2.7746, 54.0721 ], [ -2.7782, 54.0711 ], [ -2.7871, 54.0657 ], [ -2.7876, 54.0643 ], [ -2.7886, 54.0618 ], [ -2.7902, 54.0592 ], [ -2.7925, 54.0571 ], [ -2.7935, 54.0554 ], [ -2.7953, 54.0542 ], [ -2.7977, 54.0511 ], [ -2.7987, 54.0503 ], [ -2.8, 54.05 ] ] } },
{ "type": "Feature", "properties": { "linetype": 1 }, "geometry": { "type": "LineString", "coordinates": [ [ -1.4647, 54.0074 ], [ -1.4692, 54.0095 ], [ -1.4705, 54.0113 ], [ -1.4718, 54.0113 ], [ -1.4721, 54.0127 ], [ -1.4726, 54.0133 ], [ -1.4743, 54.0138 ], [ -1.4765, 54.0157 ], [ -1.4795, 54.016 ], [ -1.4879, 54.0189 ], [ -1.5276, 54.0284 ], [ -1.5366, 54.033 ], [ -1.5385, 54.0331 ], [ -1.5419, 54.0342 ], [ -1.5464, 54.0352 ], [ -1.5498, 54.0349 ], [ -1.5538, 54.0346 ], [ -1.5563, 54.0343 ], [ -1.5583, 54.0346 ], [ -1.562, 54.0363 ], [ -1.5653, 54.0369 ], [ -1.5682, 54.039 ], [ -1.5682, 54.0401 ], [ -1.5703, 54.0401 ], [ -1.5715, 54.0394 ], [ -1.5735, 54.0388 ], [ -1.5758, 54.0362 ], [ -1.5819, 54.035 ], [ -1.5853, 54.0348 ], [ -1.5876, 54.0348 ], [ -1.5906, 54.0351 ], [ -1.5936, 54.0348 ], [ -1.5959, 54.0347 ], [ -1.5982, 54.0335 ], [ -1.5993, 54.0332 ], [ -1.6011, 54.0329 ], [ -1.6009, 54.0322 ], [ -1.6, 54.031 ], [ -1.5991, 54.0301 ], [ -1.6008, 54.0297 ], [ -1.6025, 54.0297 ], [ -1.6037, 54.0288 ], [ -1.6038, 54.0273 ], [ -1.6041, 54.0265 ], [ -1.6049, 54.0261 ], [ -1.6045, 54.0244 ], [ -1.6056, 54.0235 ], [ -1.6094, 54.0213 ], [ -1.6145, 54.0191 ], [ -1.6152, 54.0197 ], [ -1.6201, 54.0181 ], [ -1.6252, 54.0182 ], [ -1.6282, 54.0195 ], [ -1.6318, 54.0188 ], [ -1.6347, 54.0188 ], [ -1.6381, 54.0194 ], [ -1.6384, 54.018 ], [ -1.6413, 54.017 ], [ -1.6479, 54.0154 ], [ -1.6503, 54.0141 ], [ -1.6535, 54.0127 ], [ -1.6548, 54.0118 ], [ -1.6562, 54.0094 ], [ -1.6596, 54.0062 ], [ -1.6605, 54.0038 ], [ -1.6631, 54.0019 ], [ -1.6685, 54.0004 ], [ -1.6695, 54.0009 ], [ -1.6731, 54.0019 ], [ -1.7215, 53.9916 ], [ -1.7257, 53.9921 ], [ -1.7311, 53.9926 ], [ -1.7342, 53.9925 ], [ -1.7356, 53.992 ], [ -1.7392, 53.9926 ], [ -1.7423, 53.9934 ], [ -1.744, 53.9929 ], [ -1.7461, 53.9928 ], [ -1.7477, 53.9936 ], [ -1.7522, 53.9938 ], [ -1.757, 53.9955 ], [ -1.7621, 53.9964 ], [ -1.7678, 53.9967 ], [ -1.777, 53.9969 ], [ -1.783, 53.9965 ], [ -1.7944, 53.9952 ], [ -1.8034, 53.9927 ], [ -1.8115, 53.9907 ], [ -1.8225, 53.9883 ], [ -1.8236, 53.9885 ], [ -1.8284, 53.9877 ], [ -1.83, 53.9871 ], [ -1.8336, 53.9864 ], [ -1.8352, 53.9863 ], [ -1.8388, 53.986 ], [ -1.8442, 53.9858 ], [ -1.8472, 53.9859 ], [ -1.8483, 53.9856 ], [ -1.8494, 53.9854 ], [ -1.8504, 53.9848 ], [ -1.8522, 53.9847 ], [ -1.8538, 53.9843 ], [ -1.8564, 53.9826 ], [ -1.8582, 53.9826 ], [ -1.8587, 53.9815 ], [ -1.8594, 53.9804 ], [ -1.8618, 53.9795 ], [ -1.8643, 53.9782 ], [ -1.8648, 53.977 ], [ -1.8719, 53.9739 ], [ -1.8736, 53.9739 ], [ -1.8789, 53.9724 ], [ -1.8818, 53.9721 ], [ -1.885, 53.9717 ], [ -1.8914, 53.9716 ], [ -1.8943, 53.973 ], [ -1.8946, 53.9747 ], [ -1.8996, 53.9765 ], [ -1.9038, 53.9763 ], [ -1.9073, 53.9767 ], [ -1.9091, 53.9776 ], [ -1.9131, 53.9779 ], [ -1.917, 53.978 ], [ -1.9202, 53.9779 ], [ -1.9225, 53.9769 ], [ -1.9258, 53.976 ], [ -1.9317, 53.9748 ], [ -1.9346, 53.9749 ], [ -1.9398, 53.9757 ], [ -1.9439, 53.9771 ], [ -1.9475, 53.9771 ], [ -1.9485, 53.9776 ], [ -1.9523, 53.978 ], [ -1.9534, 53.977 ], [ -1.9555, 53.9767 ], [ -1.9572, 53.9752 ], [ -1.9592, 53.9748 ], [ -1.9637, 53.9738 ], [ -1.9683, 53.9727 ], [ -1.9714, 53.9722 ], [ -1.9728, 53.9716 ], [ -1.9791, 53.9693 ], [ -1.9825, 53.9696 ], [ -1.9839, 53.9692 ], [ -1.9944, 53.9677 ], [ -1.9983, 53.9676 ], [ -2.0004, 53.9673 ], [ -2.0051, 53.967 ], [ -2.0109, 53.9658 ], [ -2.0117, 53.9634 ], [ -2.0153, 53.9625 ], [ -2.0158, 53.962 ] ] } },
{ "type": "Feature", "properties": { "linetype": 1 }, "geometry": { "type": "LineString", "coordinates": [ [ -1.3017, 54.0054 ], [ -1.3036, 54.0053 ], [ -1.3053, 54.0049 ], [ -1.3089, 54.0035 ], [ -1.3131, 54.0024 ], [ -1.3179, 54.002 ], [ -1.3192, 54.0012 ], [ -1.3219, 54.0017 ], [ -1.3254, 54.0021 ], [ -1.3315, 54.0042 ], [ -1.3337, 54.005 ], [ -1.337, 54.0058 ], [ -1.3406, 54.0061 ], [ -1.3445, 54.007 ], [ -1.3484, 54.0078 ], [ -1.3514, 54.0078 ], [ -1.3542, 54.0081 ], [ -1.3582, 54.0087 ], [ -1.3607, 54.0095 ], [ -1.3642, 54.0097 ], [ -1.3757, 54.0092 ], [ -1.3803, 54.0171 ], [ -1.3834, 54.0173 ], [ -1.3885, 54.018 ], [ -1.3935, 54.0166 ], [ -1.3949, 54.0165 ], [ -1.3966, 54.016 ], [ -1.3978, 54.0154 ], [ -1.3993, 54.0133 ], [ -1.4012, 54.0117 ], [ -1.4027, 54.0095 ], [ -1.4042, 54.0095 ], [ -1.4056, 54.0093 ], [ -1.4074, 54.0088 ], [ -1.4095, 54.0075 ], [ -1.4116, 54.0072 ], [ -1.4134, 54.0067 ], [ -1.4154, 54.0056 ], [ -1.416, 54.0043 ], [ -1.417, 54.0038 ], [ -1.4192, 54.0021 ], [ -1.4197, 54.0 ], [ -1.4215, 54.0 ], [ -1.4217, 54.001 ], [ -1.4259, 54.0018 ], [ -1.4286, 54.0025 ], [ -1.4296, 54.0033 ], [ -1.4307, 54.005 ], [ -1.4324, 54.0065 ], [ -1.4338, 54.0071 ], [ -1.4363, 54.0073 ], [ -1.4398, 54.0075 ], [ -1.4434, 54.0059 ], [ -1.4448, 54.0056 ], [ -1.4473, 54.0058 ], [ -1.4482, 54.0052 ], [ -1.448, 54.0043 ], [ -1.4488, 54.0037 ], [ -1.4519, 54.004 ], [ -1.4543, 54.0052 ], [ -1.456, 54.0055 ], [ -1.4594, 54.0056 ], [ -1.462, 54.0061 ], [ -1.4647, 54.0074 ] ] } },
{ "type": "Feature", "properties": { "linetype": 1 }, "geometry": { "type": "LineString", "coordinates": [ [ -2.8878, 53.1911 ], [ -2.8887, 53.1925 ], [ -2.8881, 53.1939 ], [ -2.8834, 53.1978 ], [ -2.8814, 53.1986 ], [ -2.8784, 53.1998 ], [ -2.8743, 53.2012 ], [ -2.8695, 53.2026 ], [ -2.8668, 53.2039 ], [ -2.8635, 53.205 ], [ -2.8622, 53.2062 ], [ -2.8595, 53.2068 ], [ -2.856, 53.2074 ], [ -2.8546, 53.209 ], [ -2.853, 53.2108 ], [ -2.851, 53.212 ], [ -2.8472, 53.2133 ], [ -2.8438, 53.2148 ], [ -2.8399, 53.2167 ], [ -2.837, 53.2184 ], [ -2.8347, 53.2197 ], [ -2.8315, 53.2218 ], [ -2.8291, 53.2238 ], [ -2.8271, 53.2268 ], [ -2.8257, 53.2298 ], [ -2.8265, 53.2317 ], [ -2.8267, 53.2337 ], [ -2.8261, 53.2353 ], [ -2.8224, 53.2369 ], [ -2.817, 53.2379 ], [ -2.8098, 53.239 ], [ -2.8006, 53.2429 ], [ -2.7982, 53.2457 ], [ -2.7948, 53.2459 ], [ -2.7938, 53.248 ], [ -2.7925, 53.2499 ], [ -2.7911, 53.252 ], [ -2.7887, 53.2565 ], [ -2.7853, 53.2593 ], [ -2.7815, 53.2618 ], [ -2.7793, 53.2619 ], [ -2.7745, 53.2647 ], [ -2.7696, 53.2712 ], [ -2.7693, 53.2738 ], [ -2.7677, 53.2753 ], [ -2.7631, 53.2773 ], [ -2.7593, 53.2779 ], [ -2.7454, 53.2805 ], [ -2.7429, 53.2822 ], [ -2.7423, 53.2832 ], [ -2.738, 53.2852 ], [ -2.7357, 53.2866 ], [ -2.7326, 53.288 ], [ -2.7321, 53.2892 ], [ -2.7321, 53.2928 ], [ -2.731, 53.2938 ], [ -2.7274, 53.2954 ], [ -2.7241, 53.297 ], [ -2.7226, 53.2977 ], [ -2.7177, 53.2981 ], [ -2.7139, 53.2988 ], [ -2.7111, 53.2995 ], [ -2.7092, 53.2996 ], [ -2.7067, 53.3009 ], [ -2.7029, 53.3033 ], [ -2.6987, 53.3052 ], [ -2.6933, 53.3076 ], [ -2.6913, 53.3096 ], [ -2.6887, 53.3096 ], [ -2.6862, 53.3092 ], [ -2.6836, 53.3116 ], [ -2.6801, 53.3125 ], [ -2.6728, 53.3133 ], [ -2.6685, 53.3133 ], [ -2.6663, 53.3134 ], [ -2.662, 53.3153 ], [ -2.6592, 53.3168 ], [ -2.6549, 53.3188 ], [ -2.6493, 53.3218 ], [ -2.645, 53.3258 ], [ -2.6433, 53.3284 ], [ -2.6405, 53.3314 ], [ -2.6386, 53.3325 ], [ -2.6378, 53.3344 ], [ -2.6357, 53.3374 ], [ -2.6341, 53.3389 ], [ -2.6325, 53.3417 ], [ -2.6308, 53.3429 ], [ -2.629, 53.3446 ], [ -2.6278, 53.3467 ], [ -2.6243, 53.3495 ], [ -2.6215, 53.3511 ], [ -2.6192, 53.353 ], [ -2.6149, 53.3556 ], [ -2.6123, 53.3579 ], [ -2.6109, 53.3598 ], [ -2.6087, 53.3604 ], [ -2.6064, 53.3622 ], [ -2.6046, 53.3645 ], [ -2.6025, 53.3661 ], [ -2.6005, 53.3671 ], [ -2.5995, 53.3681 ], [ -2.5963, 53.3696 ], [ -2.5926, 53.3711 ], [ -2.5884, 53.3729 ], [ -2.5855, 53.3745 ], [ -2.5833, 53.3761 ] ] } },
{ "type": "Feature", "properties": { "linetype": 1 }, "geometry": { "type": "LineString", "coordinates": [ [ -2.5936, 53.3892 ], [ -2.5888, 53.39 ], [ -2.5872, 53.3896 ], [ -2.582, 53.391 ], [ -2.5808, 53.3919 ], [ -2.5804, 53.3928 ], [ -2.5776, 53.3949 ], [ -2.573, 53.3969 ], [ -2.5699, 53.3965 ], [ -2.5668, 53.3968 ], [ -2.5641, 53.3977 ], [ -2.56, 53.3978 ], [ -2.5551, 53.3975 ], [ -2.55, 53.3981 ], [ -2.5468, 53.3977 ], [ -2.5444, 53.3987 ], [ -2.5397, 53.3986 ], [ -2.5374, 53.3982 ], [ -2.5305, 53.3984 ], [ -2.5259, 53.3987 ], [ -2.5225, 53.3992 ], [ -2.5132, 53.3986 ], [ -2.5062, 53.3989 ], [ -2.5001, 53.4003 ], [ -2.4958, 53.4009 ], [ -2.491, 53.4012 ], [ -2.4874, 53.402 ], [ -2.4835, 53.4022 ], [ -2.4804, 53.4027 ], [ -2.4753, 53.4057 ], [ -2.4722, 53.4073 ], [ -2.4654, 53.4099 ], [ -2.4584, 53.4123 ], [ -2.4567, 53.4134 ], [ -2.4563, 53.4155 ], [ -2.4551, 53.417 ], [ -2.4533, 53.418 ], [ -2.4481, 53.4182 ], [ -2.4442, 53.42 ], [ -2.4405, 53.4226 ], [ -2.4386, 53.4244 ], [ -2.4355, 53.4283 ], [ -2.4328, 53.4315 ], [ -2.4312, 53.4351 ], [ -2.4273, 53.4389 ], [ -2.4233, 53.4421 ], [ -2.4216, 53.4441 ], [ -2.4206, 53.4467 ], [ -2.4167, 53.4495 ], [ -2.4116, 53.452 ], [ -2.4067, 53.4534 ], [ -2.4031, 53.4553 ], [ -2.4013, 53.4571 ], [ -2.3995, 53.4606 ], [ -2.3972, 53.4637 ], [ -2.394, 53.4667 ], [ -2.3919, 53.4678 ], [ -2.387, 53.469 ], [ -2.3849, 53.4702 ], [ -2.3798, 53.4709 ], [ -2.3797, 53.4729 ], [ -2.3752, 53.4747 ], [ -2.3745, 53.4764 ], [ -2.3703, 53.477 ], [ -2.367, 53.4777 ], [ -2.3624, 53.4801 ], [ -2.3597, 53.4808 ], [ -2.3563, 53.4821 ], [ -2.3488, 53.483 ], [ -2.345, 53.4829 ], [ -2.34, 53.4832 ], [ -2.339, 53.4826 ], [ -2.3366, 53.4828 ], [ -2.3336, 53.4832 ], [ -2.3303, 53.4838 ], [ -2.3215, 53.4836 ], [ -2.3179, 53.4833 ], [ -2.2887, 53.4795 ], [ -2.2615, 53.4753 ], [ -2.2579, 53.4778 ], [ -2.2544, 53.4802 ], [ -2.246, 53.4789 ], [ -2.2451, 53.4795 ], [ -2.2451, 53.4805 ], [ -2.2434, 53.4829 ], [ -2.2418, 53.4849 ], [ -2.2397, 53.4845 ], [ -2.2374, 53.4851 ], [ -2.2345, 53.487 ], [ -2.2307, 53.4885 ], [ -2.2259, 53.492 ], [ -2.2238, 53.4948 ], [ -2.2208, 53.497 ], [ -2.2197, 53.499 ], [ -2.2174, 53.5043 ], [ -2.2177, 53.5067 ], [ -2.2166, 53.509 ], [ -2.2123, 53.5148 ], [ -2.2131, 53.5169 ], [ -2.2132, 53.519 ], [ -2.2154, 53.5228 ], [ -2.2153, 53.5242 ], [ -2.2131, 53.5257 ], [ -2.2081, 53.5323 ], [ -2.2005, 53.5411 ], [ -2.1987, 53.5493 ], [ -2.1967, 53.5508 ], [ -2.1965, 53.552 ], [ -2.1969, 53.5553 ], [ -2.1954, 53.5578 ], [ -2.1917, 53.5593 ], [ -2.1842, 53.5643 ], [ -2.1817, 53.5662 ], [ -2.1789, 53.5693 ], [ -2.1751, 53.5717 ], [ -2.1754, 53.5743 ], [ -2.1745, 53.5832 ], [ -2.1772, 53.5908 ], [ -2.1811, 53.593 ], [ -2.1816, 53.5945 ], [ -2.1813, 53.5981 ], [ -2.1769, 53.6016 ], [ -2.1761, 53.6028 ], [ -2.1673, 53.6059 ], [ -2.1648, 53.6084 ], [ -2.1651, 53.6108 ], [ -2.1631, 53.6146 ], [ -2.159, 53.616 ], [ -2.1582, 53.616 ], [ -2.1586, 53.6171 ], [ -2.1575, 53.6182 ], [ -2.1442, 53.6235 ], [ -2.1413, 53.6287 ], [ -2.138, 53.6307 ], [ -2.1337, 53.6336 ], [ -2.1271, 53.6357 ], [ -2.1151, 53.6394 ], [ -2.1098, 53.6415 ], [ -2.1067, 53.6419 ], [ -2.1034, 53.6419 ], [ -2.0986, 53.6431 ], [ -2.0963, 53.6438 ], [ -2.0937, 53.6439 ], [ -2.0917, 53.6439 ], [ -2.0899, 53.6449 ], [ -2.0869, 53.6455 ], [ -2.0848, 53.6467 ], [ -2.081, 53.6466 ], [ -2.0778, 53.6459 ], [ -2.0743, 53.6456 ], [ -2.0726, 53.6449 ], [ -2.0692, 53.6445 ], [ -2.0637, 53.6454 ], [ -2.0601, 53.6464 ], [ -2.0585, 53.6475 ], [ -2.0497, 53.6492 ], [ -2.0452, 53.6497 ], [ -2.0419, 53.6503 ], [ -2.039, 53.6516 ], [ -2.0322, 53.6542 ], [ -2.0273, 53.656 ], [ -2.0239, 53.6575 ], [ -2.0214, 53.6598 ], [ -2.0191, 53.6618 ], [ -2.0139, 53.6622 ], [ -2.0075, 53.6622 ], [ -2.0032, 53.6635 ], [ -1.9997, 53.6652 ], [ -1.9896, 53.668 ], [ -1.981, 53.6684 ], [ -1.9756, 53.6687 ], [ -1.9676, 53.6673 ], [ -1.9611, 53.6669 ], [ -1.957, 53.6668 ], [ -1.9546, 53.6673 ], [ -1.9514, 53.6695 ], [ -1.949, 53.6713 ], [ -1.9457, 53.6732 ], [ -1.9416, 53.6746 ], [ -1.9393, 53.6736 ], [ -1.9344, 53.6749 ], [ -1.9301, 53.6758 ], [ -1.9264, 53.6767 ], [ -1.9241, 53.6779 ], [ -1.9194, 53.6794 ], [ -1.9144, 53.6813 ], [ -1.9109, 53.683 ], [ -1.8971, 53.6877 ], [ -1.8904, 53.6885 ], [ -1.8832, 53.6883 ], [ -1.8778, 53.6877 ], [ -1.8724, 53.6882 ], [ -1.8662, 53.6881 ], [ -1.8643, 53.6886 ], [ -1.8593, 53.6889 ], [ -1.8557, 53.6887 ], [ -1.8545, 53.6876 ], [ -1.8505, 53.686 ], [ -1.8487, 53.6853 ], [ -1.8447, 53.6855 ], [ -1.8424, 53.6861 ], [ -1.8391, 53.6874 ] ] } },
{ "type": "Feature", "properties": { "linetype": 1 }, "geometry": { "type": "LineString", "coordinates": [ [ -2.2434, 53.4829 ], [ -2.2379, 53.4817 ], [ -2.2345, 53.4805 ], [ -2.2334, 53.4792 ], [ -2.2325, 53.4777 ], [ -2.2302, 53.4751 ], [ -2.23, 53.4741 ], [ -2.2292, 53.4729 ], [ -2.228, 53.4721 ], [ -2.2258, 53.4715 ], [ -2.2231, 53.4705 ], [ -2.2227, 53.4696 ], [ -2.2222, 53.4686 ], [ -2.2205, 53.4675 ], [ -2.2165, 53.4663 ], [ -2.2131, 53.4646 ], [ -2.2086, 53.4621 ], [ -2.2039, 53.4597 ], [ -2.2015, 53.458 ], [ -2.1981, 53.4552 ], [ -2.1952, 53.4533 ], [ -2.1926, 53.4498 ], [ -2.1909, 53.4463 ], [ -2.1914, 53.4436 ], [ -2.1891, 53.4415 ], [ -2.1861, 53.4386 ], [ -2.1845, 53.4361 ], [ -2.1795, 53.43 ], [ -2.1769, 53.4292 ], [ -2.1752, 53.4282 ], [ -2.1719, 53.4261 ], [ -2.1704, 53.4246 ], [ -2.1683, 53.4231 ], [ -2.1658, 53.4218 ], [ -2.1631, 53.4205 ], [ -2.161, 53.4191 ], [ -2.1599, 53.4179 ], [ -2.1593, 53.4143 ], [ -2.1584, 53.4134 ], [ -2.1592, 53.413 ], [ -2.1584, 53.4124 ], [ -2.1576, 53.4117 ], [ -2.156, 53.4112 ], [ -2.1551, 53.4103 ], [ -2.1544, 53.4073 ], [ -2.1534, 53.4052 ], [ -2.1525, 53.4038 ], [ -2.1532, 53.4025 ], [ -2.1523, 53.3989 ], [ -2.1472, 53.3945 ], [ -2.1444, 53.3921 ], [ -2.1403, 53.3899 ], [ -2.1387, 53.3891 ], [ -2.1358, 53.3883 ], [ -2.1298, 53.3859 ], [ -2.1267, 53.384 ], [ -2.122, 53.38 ], [ -2.1187, 53.3789 ], [ -2.1159, 53.3772 ], [ -2.1134, 53.3754 ], [ -2.1105, 53.3748 ], [ -2.1076, 53.3734 ], [ -2.1047, 53.3713 ], [ -2.103, 53.3697 ], [ -2.1022, 53.3687 ], [ -2.0988, 53.3681 ], [ -2.0949, 53.3678 ], [ -2.0921, 53.3677 ], [ -2.0889, 53.3676 ], [ -2.0859, 53.3673 ], [ -2.0778, 53.3659 ], [ -2.0756, 53.3651 ], [ -2.0726, 53.3646 ], [ -2.0675, 53.3641 ], [ -2.0602, 53.3636 ], [ -2.0571, 53.3637 ], [ -2.0518, 53.3622 ], [ -2.0508, 53.3611 ], [ -2.0466, 53.3611 ], [ -2.0438, 53.3609 ], [ -2.0425, 53.3605 ], [ -2.0396, 53.3593 ], [ -2.037, 53.358 ], [ -2.0323, 53.3555 ], [ -2.0297, 53.3538 ], [ -2.0281, 53.3523 ], [ -2.0266, 53.3515 ], [ -2.0249, 53.3509 ], [ -2.0226, 53.3504 ], [ -2.0198, 53.35 ], [ -2.0179, 53.3494 ], [ -2.0165, 53.3486 ], [ -2.0144, 53.3469 ], [ -2.0115, 53.344 ], [ -2.0079, 53.3397 ], [ -2.0078, 53.3375 ], [ -2.0069, 53.3361 ], [ -2.0053, 53.3351 ], [ -2.0029, 53.3351 ], [ -2.0, 53.3355 ], [ -1.9988, 53.335 ], [ -1.9977, 53.3341 ], [ -1.9976, 53.3323 ], [ -1.9962, 53.3314 ], [ -1.9943, 53.3309 ], [ -1.9914, 53.3306 ], [ -1.9883, 53.3308 ], [ -1.9842, 53.3307 ], [ -1.9837, 53.329 ], [ -1.9833, 53.3283 ], [ -1.9851, 53.3271 ], [ -1.9855, 53.325 ], [ -1.9849, 53.3227 ], [ -1.9857, 53.321 ], [ -1.9858, 53.3197 ], [ -1.9882, 53.3166 ], [ -1.9877, 53.3131 ], [ -1.9842, 53.3113 ], [ -1.9825, 53.3103 ], [ -1.9785, 53.3103 ], [ -1.9776, 53.3088 ], [ -1.9773, 53.3063 ], [ -1.9762, 53.3054 ], [ -1.9756, 53.3034 ], [ -1.9755, 53.3014 ], [ -1.9753, 53.2997 ], [ -1.9755, 53.2978 ], [ -1.9741, 53.2968 ], [ -1.9739, 53.2962 ], [ -1.9749, 53.2956 ], [ -1.9748, 53.2944 ], [ -1.9732, 53.2929 ], [ -1.9732, 53.2919 ], [ -1.972, 53.291 ], [ -1.9716, 53.2897 ], [ -1.9692, 53.2893 ], [ -1.9673, 53.2886 ], [ -1.9664, 53.2862 ], [ -1.9651, 53.2818 ], [ -1.9635, 53.2796 ], [ -1.9617, 53.2797 ], [ -1.9605, 53.2806 ], [ -1.9603, 53.2822 ], [ -1.9589, 53.2834 ], [ -1.9578, 53.2831 ], [ -1.9566, 53.2817 ], [ -1.9548, 53.2817 ], [ -1.9536, 53.281 ], [ -1.952, 53.2804 ], [ -1.9506, 53.2783 ], [ -1.9522, 53.2776 ], [ -1.954, 53.2764 ], [ -1.9533, 53.2735 ], [ -1.9493, 53.272 ], [ -1.9459, 53.2716 ], [ -1.943, 53.2712 ], [ -1.9406, 53.2708 ], [ -1.9393, 53.2696 ], [ -1.9368, 53.2693 ], [ -1.9335, 53.2664 ], [ -1.9287, 53.2627 ], [ -1.9261, 53.2619 ], [ -1.9197, 53.2618 ], [ -1.9171, 53.261 ], [ -1.9154, 53.2595 ], [ -1.9171, 53.2587 ], [ -1.9158, 53.2577 ], [ -1.9154, 53.257 ], [ -1.9147, 53.2569 ], [ -1.9143, 53.2565 ], [ -1.9154, 53.2553 ], [ -1.9154, 53.2541 ], [ -1.9146, 53.2532 ], [ -1.9126, 53.2521 ], [ -1.9109, 53.2508 ], [ -1.9102, 53.2492 ], [ -1.9083, 53.2477 ], [ -1.9062, 53.2476 ], [ -1.9041, 53.2473 ], [ -1.902, 53.2454 ], [ -1.8876, 53.2353 ], [ -1.8704, 53.2245 ], [ -1.8652, 53.224 ], [ -1.8605, 53.2224 ], [ -1.8432, 53.2081 ], [ -1.8371, 53.2064 ], [ -1.8306, 53.2055 ], [ -1.8243, 53.2052 ], [ -1.8094, 53.1951 ], [ -1.7914, 53.1783 ], [ -1.7846, 53.1754 ], [ -1.7792, 53.1691 ], [ -1.776, 53.1648 ], [ -1.7703, 53.1539 ], [ -1.7668, 53.1497 ], [ -1.7634, 53.1463 ], [ -1.754, 53.1402 ], [ -1.7381, 53.1385 ], [ -1.7357, 53.138 ], [ -1.7282, 53.1323 ], [ -1.7262, 53.1313 ], [ -1.7218, 53.1301 ], [ -1.713, 53.1286 ], [ -1.7093, 53.1261 ], [ -1.7054, 53.1241 ], [ -1.6854, 53.1207 ], [ -1.6784, 53.1188 ], [ -1.6776, 53.1175 ], [ -1.6774, 53.1143 ], [ -1.6755, 53.1098 ], [ -1.673, 53.1074 ], [ -1.6657, 53.1028 ], [ -1.6588, 53.0936 ], [ -1.6583, 53.0922 ], [ -1.6559, 53.0906 ], [ -1.6559, 53.0892 ], [ -1.6546, 53.0872 ], [ -1.6548, 53.0848 ], [ -1.6543, 53.0836 ], [ -1.6536, 53.0818 ], [ -1.6524, 53.0801 ], [ -1.6524, 53.0775 ], [ -1.6512, 53.0764 ], [ -1.6509, 53.0753 ], [ -1.65, 53.075 ], [ -1.6504, 53.0735 ], [ -1.6518, 53.0716 ], [ -1.6524, 53.0701 ], [ -1.6524, 53.0683 ], [ -1.653, 53.0657 ], [ -1.6535, 53.0638 ], [ -1.6552, 53.0618 ], [ -1.6558, 53.0604 ], [ -1.6557, 53.0579 ], [ -1.6552, 53.0551 ], [ -1.6531, 53.0537 ], [ -1.6503, 53.0522 ], [ -1.6494, 53.0511 ], [ -1.6476, 53.0506 ], [ -1.6469, 53.0491 ], [ -1.6453, 53.048 ], [ -1.6428, 53.0459 ], [ -1.6443, 53.045 ], [ -1.6428, 53.0405 ], [ -1.6437, 53.0397 ], [ -1.643, 53.0384 ], [ -1.642, 53.0376 ], [ -1.6402, 53.0367 ], [ -1.6389, 53.0353 ], [ -1.6379, 53.0331 ], [ -1.6368, 53.0318 ], [ -1.6347, 53.0309 ], [ -1.6329, 53.0299 ], [ -1.6314, 53.028 ], [ -1.6298, 53.0259 ], [ -1.6299, 53.0244 ], [ -1.6287, 53.023 ], [ -1.6271, 53.0213 ], [ -1.625, 53.0204 ], [ -1.6152, 53.0191 ], [ -1.6063, 53.0178 ], [ -1.5898, 53.0132 ], [ -1.5869, 53.0121 ], [ -1.5847, 53.0108 ], [ -1.5841, 53.0092 ], [ -1.5821, 53.0078 ], [ -1.5812, 53.0058 ], [ -1.5811, 53.0039 ], [ -1.5795, 53.0027 ], [ -1.5782, 53.0009 ], [ -1.5785, 52.9993 ], [ -1.5772, 52.9969 ], [ -1.575, 52.9965 ], [ -1.5727, 52.995 ], [ -1.5727, 52.9936 ], [ -1.5738, 52.9923 ], [ -1.573, 52.9911 ], [ -1.5729, 52.99 ], [ -1.5728, 52.9887 ], [ -1.5703, 52.9868 ], [ -1.5693, 52.9848 ], [ -1.5691, 52.9826 ], [ -1.568, 52.9808 ], [ -1.566, 52.9796 ], [ -1.5623, 52.9786 ], [ -1.5596, 52.9784 ], [ -1.5563, 52.9774 ], [ -1.5543, 52.9762 ], [ -1.5536, 52.9744 ], [ -1.5517, 52.9728 ], [ -1.5497, 52.971 ], [ -1.5468, 52.9696 ], [ -1.544, 52.9694 ], [ -1.5415, 52.9696 ], [ -1.5383, 52.9697 ], [ -1.5351, 52.9701 ], [ -1.5328, 52.9701 ], [ -1.5285, 52.9701 ], [ -1.5255, 52.9702 ], [ -1.5119, 52.9577 ], [ -1.5082, 52.955 ], [ -1.5083, 52.9518 ], [ -1.5069, 52.9496 ], [ -1.505, 52.9471 ], [ -1.5045, 52.9459 ], [ -1.5035, 52.9442 ], [ -1.5041, 52.9421 ], [ -1.5039, 52.9399 ], [ -1.5025, 52.9384 ], [ -1.4983, 52.9353 ], [ -1.4929, 52.9325 ], [ -1.488, 52.931 ], [ -1.4853, 52.9298 ], [ -1.484, 52.9296 ], [ -1.4819, 52.9279 ], [ -1.4808, 52.9269 ], [ -1.4799, 52.927 ], [ -1.4784, 52.9246 ], [ -1.4778, 52.9231 ], [ -1.4767, 52.9232 ] ] } },
{ "type": "Feature", "properties": { "linetype": 1 }, "geometry": { "type": "LineString", "coordinates": [ [ -1.8364, 53.6869 ], [ -1.8345, 53.6874 ], [ -1.8323, 53.6869 ], [ -1.8303, 53.6869 ], [ -1.8284, 53.6877 ], [ -1.8268, 53.6884 ], [ -1.8237, 53.6875 ], [ -1.8206, 53.6876 ], [ -1.817, 53.688 ], [ -1.8126, 53.6877 ], [ -1.8075, 53.6894 ], [ -1.8028, 53.6881 ], [ -1.8012, 53.6881 ], [ -1.7995, 53.6882 ], [ -1.7986, 53.6876 ], [ -1.7974, 53.6874 ], [ -1.7951, 53.6896 ], [ -1.7929, 53.6905 ], [ -1.7905, 53.6909 ], [ -1.7883, 53.6906 ], [ -1.7868, 53.6927 ], [ -1.7859, 53.6947 ], [ -1.784, 53.6965 ], [ -1.7832, 53.6993 ], [ -1.782, 53.7 ], [ -1.7824, 53.701 ], [ -1.7823, 53.7019 ], [ -1.779, 53.7026 ], [ -1.7767, 53.7028 ], [ -1.7741, 53.7022 ], [ -1.7727, 53.702 ], [ -1.7714, 53.7022 ], [ -1.7632, 53.705 ], [ -1.7579, 53.7093 ], [ -1.7562, 53.7116 ], [ -1.7536, 53.7135 ], [ -1.7501, 53.714 ], [ -1.7486, 53.714 ], [ -1.7409, 53.7176 ], [ -1.7343, 53.7201 ], [ -1.7323, 53.7208 ], [ -1.7306, 53.7218 ], [ -1.7262, 53.7223 ], [ -1.7238, 53.7227 ], [ -1.7197, 53.7228 ], [ -1.7181, 53.7226 ], [ -1.7141, 53.723 ], [ -1.7134, 53.7233 ], [ -1.7128, 53.723 ], [ -1.7103, 53.7229 ], [ -1.7066, 53.7233 ], [ -1.7032, 53.7245 ], [ -1.7026, 53.7257 ], [ -1.6996, 53.728 ], [ -1.6982, 53.7286 ], [ -1.694, 53.7288 ], [ -1.6892, 53.7295 ], [ -1.6852, 53.7301 ], [ -1.6817, 53.7296 ], [ -1.6778, 53.7294 ], [ -1.6705, 53.7305 ], [ -1.6712, 53.7317 ], [ -1.6683, 53.7322 ], [ -1.6664, 53.7329 ], [ -1.664, 53.732 ], [ -1.6625, 53.7323 ], [ -1.6594, 53.7318 ], [ -1.6568, 53.7322 ], [ -1.6539, 53.7328 ], [ -1.6482, 53.7348 ], [ -1.6445, 53.7361 ], [ -1.6391, 53.7372 ], [ -1.6358, 53.7391 ], [ -1.6326, 53.7404 ], [ -1.6293, 53.7414 ], [ -1.6268, 53.7429 ], [ -1.6236, 53.7445 ], [ -1.6187, 53.7462 ], [ -1.6153, 53.7464 ], [ -1.6121, 53.748 ], [ -1.6108, 53.7489 ], [ -1.6077, 53.7492 ], [ -1.6071, 53.7502 ], [ -1.6029, 53.752 ], [ -1.5991, 53.7532 ], [ -1.5973, 53.7554 ], [ -1.594, 53.7583 ], [ -1.5923, 53.7599 ], [ -1.5873, 53.7621 ], [ -1.5814, 53.7652 ], [ -1.5778, 53.7671 ], [ -1.5773, 53.7688 ], [ -1.5787, 53.7707 ], [ -1.5793, 53.7727 ], [ -1.5783, 53.774 ], [ -1.5769, 53.7753 ], [ -1.5672, 53.7787 ], [ -1.5593, 53.7821 ], [ -1.5533, 53.7841 ], [ -1.5503, 53.7847 ], [ -1.5487, 53.7859 ], [ -1.5464, 53.7886 ], [ -1.5442, 53.7907 ], [ -1.542, 53.7932 ], [ -1.5418, 53.7939 ], [ -1.5426, 53.7946 ], [ -1.5428, 53.7969 ], [ -1.5408, 53.7964 ], [ -1.5401, 53.7961 ], [ -1.5373, 53.796 ], [ -1.5346, 53.7963 ], [ -1.5327, 53.7966 ], [ -1.5301, 53.7977 ], [ -1.5278, 53.7984 ], [ -1.5235, 53.7977 ], [ -1.5194, 53.7976 ], [ -1.5141, 53.7972 ], [ -1.511, 53.7976 ], [ -1.506, 53.7995 ], [ -1.4985, 53.8012 ], [ -1.4926, 53.8013 ], [ -1.4877, 53.8013 ], [ -1.4831, 53.802 ], [ -1.4813, 53.8036 ], [ -1.4756, 53.8055 ], [ -1.4722, 53.8065 ], [ -1.4691, 53.8072 ], [ -1.4628, 53.8094 ], [ -1.4597, 53.8108 ], [ -1.4558, 53.8131 ], [ -1.4563, 53.8154 ], [ -1.4571, 53.8165 ], [ -1.4592, 53.8181 ], [ -1.4586, 53.8216 ], [ -1.4539, 53.8248 ], [ -1.4515, 53.8269 ], [ -1.4464, 53.8295 ], [ -1.4386, 53.8334 ], [ -1.4391, 53.8434 ], [ -1.4396, 53.8457 ], [ -1.4382, 53.8475 ], [ -1.4358, 53.8496 ], [ -1.4341, 53.8507 ], [ -1.4333, 53.8523 ], [ -1.4318, 53.8535 ], [ -1.4309, 53.8546 ], [ -1.4315, 53.8559 ], [ -1.4304, 53.8569 ], [ -1.4272, 53.8588 ], [ -1.4252, 53.8596 ], [ -1.4251, 53.8608 ], [ -1.4224, 53.8606 ], [ -1.4198, 53.8608 ], [ -1.4164, 53.8619 ], [ -1.4137, 53.8631 ], [ -1.4098, 53.8637 ], [ -1.4046, 53.8643 ], [ -1.3969, 53.8667 ], [ -1.3952, 53.8713 ], [ -1.39, 53.8742 ], [ -1.3874, 53.8756 ], [ -1.3861, 53.8772 ], [ -1.3834, 53.8775 ], [ -1.3804, 53.8795 ], [ -1.3668, 53.8799 ], [ -1.3553, 53.8805 ], [ -1.3508, 53.8806 ], [ -1.3481, 53.881 ], [ -1.3426, 53.8802 ], [ -1.336, 53.8788 ], [ -1.3282, 53.878 ], [ -1.3253, 53.8783 ], [ -1.3197, 53.8783 ], [ -1.3123, 53.878 ], [ -1.309, 53.8782 ], [ -1.306, 53.8787 ], [ -1.3013, 53.8784 ], [ -1.2981, 53.8787 ], [ -1.2948, 53.8787 ], [ -1.2929, 53.879 ], [ -1.2888, 53.8792 ], [ -1.2855, 53.8798 ], [ -1.2818, 53.8805 ], [ -1.2764, 53.8812 ], [ -1.2743, 53.8806 ], [ -1.272, 53.8802 ], [ -1.2688, 53.8807 ], [ -1.2671, 53.8817 ], [ -1.2654, 53.8825 ] ] } },
{ "type": "Feature", "properties": { "linetype": 1 }, "geometry": { "type": "LineString", "coordinates": [ [ -4.2757, 53.1397 ], [ -4.2721, 53.1394 ], [ -4.2704, 53.1385 ], [ -4.2701, 53.1371 ], [ -4.2698, 53.136 ], [ -4.2697, 53.1326 ], [ -4.2685, 53.1309 ], [ -4.2689, 53.1303 ], [ -4.2693, 53.1297 ], [ -4.2676, 53.1282 ], [ -4.268, 53.1159 ], [ -4.2682, 53.1143 ], [ -4.2686, 53.1125 ], [ -4.2686, 53.1097 ], [ -4.2698, 53.1077 ], [ -4.2715, 53.1056 ], [ -4.2735, 53.1047 ], [ -4.2739, 53.1032 ], [ -4.2767, 53.1012 ], [ -4.2778, 53.0995 ], [ -4.2766, 53.0984 ], [ -4.2766, 53.0957 ], [ -4.2775, 53.093 ], [ -4.2776, 53.0894 ], [ -4.2785, 53.088 ], [ -4.2782, 53.087 ], [ -4.2788, 53.0849 ], [ -4.2799, 53.0817 ], [ -4.2804, 53.0789 ], [ -4.2817, 53.0765 ], [ -4.2837, 53.0731 ], [ -4.283, 53.0704 ], [ -4.2818, 53.0679 ], [ -4.2819, 53.0669 ], [ -4.2802, 53.0661 ], [ -4.2781, 53.0632 ], [ -4.2787, 53.0617 ], [ -4.2805, 53.0601 ], [ -4.2829, 53.056 ], [ -4.2836, 53.0544 ], [ -4.2809, 53.0447 ], [ -4.2828, 53.0439 ], [ -4.2835, 53.0412 ], [ -4.2852, 53.0386 ], [ -4.2862, 53.0373 ], [ -4.2876, 53.0355 ], [ -4.2862, 53.0334 ], [ -4.2863, 53.0325 ], [ -4.2848, 53.0303 ], [ -4.2821, 53.0275 ], [ -4.2815, 53.0247 ], [ -4.2822, 53.0209 ], [ -4.2801, 53.0148 ], [ -4.2788, 53.0121 ], [ -4.2774, 53.0102 ], [ -4.2761, 53.0091 ], [ -4.275, 53.0077 ], [ -4.2726, 53.0032 ], [ -4.2722, 53.002 ], [ -4.2715, 53.0009 ], [ -4.2684, 52.997 ], [ -4.2679, 52.9953 ], [ -4.2665, 52.9921 ], [ -4.2659, 52.9916 ], [ -4.2621, 52.9896 ], [ -4.2574, 52.9881 ], [ -4.2538, 52.9857 ], [ -4.2501, 52.9817 ], [ -4.2471, 52.9807 ], [ -4.2457, 52.9794 ], [ -4.2436, 52.9784 ], [ -4.2417, 52.977 ], [ -4.2413, 52.9762 ], [ -4.2382, 52.9726 ], [ -4.2368, 52.9718 ], [ -4.2346, 52.9681 ], [ -4.2304, 52.9644 ], [ -4.2278, 52.9646 ], [ -4.2256, 52.9644 ], [ -4.2242, 52.9638 ], [ -4.2219, 52.9624 ], [ -4.2161, 52.9598 ], [ -4.2113, 52.9571 ], [ -4.2067, 52.9546 ], [ -4.2039, 52.953 ], [ -4.1985, 52.9493 ], [ -4.1937, 52.9472 ], [ -4.1899, 52.9461 ], [ -4.1858, 52.9457 ], [ -4.1813, 52.9454 ], [ -4.1781, 52.9446 ], [ -4.1751, 52.9432 ], [ -4.1724, 52.9429 ], [ -4.1706, 52.9433 ], [ -4.1688, 52.9426 ], [ -4.1666, 52.9429 ], [ -4.1644, 52.9433 ], [ -4.1625, 52.943 ], [ -4.1615, 52.9434 ], [ -4.1604, 52.9433 ], [ -4.1584, 52.9427 ], [ -4.1554, 52.942 ], [ -4.1485, 52.9391 ], [ -4.0516, 52.9179 ], [ -4.0519, 52.9155 ], [ -4.0532, 52.9122 ], [ -4.0539, 52.9103 ], [ -4.057, 52.9083 ], [ -4.0594, 52.9063 ], [ -4.0614, 52.9051 ], [ -4.0653, 52.9034 ], [ -4.0667, 52.9015 ], [ -4.0682, 52.8997 ], [ -4.0698, 52.8984 ], [ -4.0725, 52.8951 ], [ -4.0727, 52.8938 ], [ -4.0706, 52.8919 ], [ -4.0705, 52.8909 ], [ -4.0696, 52.8894 ], [ -4.0707, 52.8888 ], [ -4.0739, 52.8881 ], [ -4.0753, 52.8872 ], [ -4.079, 52.8856 ], [ -4.0813, 52.8841 ], [ -4.0821, 52.8816 ], [ -4.0825, 52.8797 ], [ -4.0832, 52.8779 ], [ -4.0824, 52.8769 ], [ -4.0817, 52.8753 ], [ -4.0836, 52.8733 ], [ -4.085, 52.8714 ], [ -4.0875, 52.8692 ], [ -4.0894, 52.8687 ], [ -4.0915, 52.8677 ], [ -4.0925, 52.8667 ], [ -4.0962, 52.8643 ], [ -4.0977, 52.8638 ], [ -4.0994, 52.8627 ], [ -4.1012, 52.8615 ], [ -4.106, 52.8606 ], [ -4.1082, 52.8593 ], [ -4.1091, 52.8584 ], [ -4.1088, 52.858 ], [ -4.1094, 52.8572 ], [ -4.1095, 52.8567 ], [ -4.1083, 52.8558 ], [ -4.1094, 52.8547 ], [ -4.1098, 52.8536 ], [ -4.1105, 52.8527 ], [ -4.1114, 52.8517 ], [ -4.1128, 52.8503 ], [ -4.1139, 52.8491 ], [ -4.1143, 52.8478 ], [ -4.1144, 52.847 ], [ -4.1154, 52.8457 ], [ -4.1154, 52.8436 ], [ -4.1152, 52.8427 ], [ -4.1154, 52.8414 ], [ -4.1151, 52.84 ], [ -4.114, 52.8397 ], [ -4.1133, 52.8375 ], [ -4.1142, 52.8349 ], [ -4.1126, 52.8328 ], [ -4.1118, 52.8317 ], [ -4.1112, 52.8302 ], [ -4.1046, 52.8249 ], [ -4.1039, 52.8233 ], [ -4.1028, 52.8219 ], [ -4.1006, 52.8203 ], [ -4.1016, 52.8179 ], [ -4.1024, 52.8172 ], [ -4.1044, 52.8168 ], [ -4.1041, 52.8146 ], [ -4.1029, 52.8136 ], [ -4.102, 52.8123 ], [ -4.1023, 52.8111 ], [ -4.1016, 52.8098 ], [ -4.1026, 52.8084 ], [ -4.1025, 52.805 ], [ -4.1032, 52.8034 ], [ -4.1015, 52.8016 ], [ -4.1005, 52.7946 ], [ -4.0984, 52.792 ], [ -4.0987, 52.7907 ], [ -4.097, 52.7895 ], [ -4.0965, 52.7853 ], [ -4.0972, 52.7828 ], [ -4.0965, 52.7813 ], [ -4.0969, 52.7797 ], [ -4.0952, 52.7766 ], [ -4.0931, 52.7758 ], [ -4.0923, 52.7748 ], [ -4.0927, 52.7737 ], [ -4.0905, 52.774 ], [ -4.0889, 52.7747 ], [ -4.0863, 52.7749 ], [ -4.0846, 52.7752 ], [ -4.0836, 52.7756 ], [ -4.0796, 52.774 ], [ -4.0771, 52.7728 ], [ -4.0754, 52.7732 ], [ -4.0747, 52.773 ], [ -4.0721, 52.7738 ], [ -4.0697, 52.7726 ], [ -4.0677, 52.7718 ], [ -4.0662, 52.7715 ], [ -4.0638, 52.772 ], [ -4.0571, 52.7708 ], [ -4.0539, 52.7696 ], [ -4.0478, 52.7686 ], [ -4.0447, 52.7667 ], [ -4.043, 52.7649 ], [ -4.0417, 52.7639 ], [ -4.0388, 52.7619 ], [ -4.036, 52.76 ], [ -4.0303, 52.7594 ], [ -4.0284, 52.7597 ], [ -4.026, 52.7605 ], [ -4.0185, 52.7613 ], [ -4.0159, 52.7622 ], [ -4.0126, 52.7633 ], [ -4.0095, 52.7641 ], [ -4.0056, 52.7637 ], [ -4.004, 52.7627 ], [ -4.0027, 52.7623 ], [ -3.9999, 52.7628 ], [ -3.9984, 52.7624 ], [ -3.996, 52.7627 ], [ -3.9943, 52.7628 ], [ -3.9926, 52.7624 ], [ -3.9911, 52.7623 ], [ -3.9896, 52.7618 ], [ -3.9869, 52.7611 ], [ -3.9855, 52.7605 ], [ -3.9837, 52.7602 ], [ -3.9817, 52.7599 ], [ -3.9797, 52.7599 ], [ -3.9778, 52.7595 ], [ -3.976, 52.7586 ], [ -3.9758, 52.7579 ], [ -3.9747, 52.7565 ], [ -3.9746, 52.7551 ], [ -3.9743, 52.7539 ], [ -3.9733, 52.7527 ], [ -3.9722, 52.7519 ], [ -3.9691, 52.7516 ], [ -3.9672, 52.7511 ], [ -3.9651, 52.7515 ], [ -3.9632, 52.7524 ], [ -3.9622, 52.7521 ], [ -3.9603, 52.7522 ], [ -3.9606, 52.7516 ], [ -3.9584, 52.7511 ], [ -3.9531, 52.7528 ], [ -3.949, 52.7534 ], [ -3.9426, 52.7538 ], [ -3.9383, 52.7544 ], [ -3.9356, 52.7545 ], [ -3.933, 52.7561 ], [ -3.9267, 52.7574 ], [ -3.9247, 52.7577 ], [ -3.9227, 52.7584 ], [ -3.9211, 52.7581 ], [ -3.9186, 52.7589 ], [ -3.9171, 52.758 ], [ -3.9148, 52.7578 ], [ -3.9131, 52.7567 ], [ -3.9117, 52.7566 ], [ -3.9077, 52.7578 ], [ -3.9066, 52.7574 ], [ -3.904, 52.7582 ], [ -3.901, 52.7562 ], [ -3.8996, 52.7547 ], [ -3.9005, 52.7543 ], [ -3.9005, 52.7532 ], [ -3.9027, 52.7524 ], [ -3.9037, 52.7507 ], [ -3.9055, 52.75 ], [ -3.906, 52.7489 ], [ -3.904, 52.7474 ], [ -3.9022, 52.7472 ], [ -3.9011, 52.7455 ], [ -3.8986, 52.745 ], [ -3.8957, 52.7448 ], [ -3.8937, 52.7452 ], [ -3.8915, 52.7459 ], [ -3.8884, 52.7453 ], [ -3.8857, 52.7452 ], [ -3.885, 52.7446 ], [ -3.8858, 52.7435 ], [ -3.8857, 52.7428 ], [ -3.8849, 52.743 ], [ -3.8846, 52.7425 ], [ -3.8796, 52.7424 ], [ -3.8769, 52.7424 ], [ -3.8745, 52.7419 ], [ -3.8724, 52.7425 ], [ -3.8689, 52.7441 ], [ -3.8649, 52.7446 ], [ -3.8619, 52.7459 ], [ -3.8581, 52.7467 ], [ -3.8566, 52.7474 ], [ -3.8545, 52.7479 ], [ -3.8528, 52.7492 ], [ -3.8498, 52.7499 ], [ -3.847, 52.7492 ], [ -3.8468, 52.7485 ], [ -3.8458, 52.7481 ], [ -3.8446, 52.7484 ], [ -3.8427, 52.7478 ], [ -3.842, 52.7471 ], [ -3.8419, 52.7463 ], [ -3.841, 52.7457 ], [ -3.839, 52.7452 ], [ -3.8384, 52.7442 ], [ -3.8388, 52.7427 ], [ -3.8365, 52.7418 ], [ -3.8333, 52.7402 ], [ -3.832, 52.7394 ], [ -3.8319, 52.7386 ], [ -3.8329, 52.7377 ], [ -3.8321, 52.7366 ], [ -3.8284, 52.7342 ], [ -3.8262, 52.7347 ], [ -3.8241, 52.7346 ], [ -3.8212, 52.7356 ], [ -3.8185, 52.7361 ], [ -3.8174, 52.7367 ], [ -3.816, 52.7367 ], [ -3.8106, 52.7384 ], [ -3.8055, 52.739 ], [ -3.8008, 52.7398 ], [ -3.7962, 52.7397 ], [ -3.7934, 52.7399 ], [ -3.7798, 52.739 ], [ -3.7746, 52.7375 ], [ -3.7731, 52.7367 ], [ -3.771, 52.7368 ], [ -3.7687, 52.736 ], [ -3.7624, 52.7337 ], [ -3.7589, 52.7322 ], [ -3.7554, 52.7316 ], [ -3.7477, 52.7322 ], [ -3.7426, 52.7321 ], [ -3.739, 52.7318 ], [ -3.7323, 52.7328 ], [ -3.7274, 52.7326 ], [ -3.7221, 52.7321 ], [ -3.7178, 52.7306 ], [ -3.7151, 52.7295 ], [ -3.7136, 52.7293 ], [ -3.7098, 52.7268 ], [ -3.711, 52.7257 ], [ -3.7105, 52.7253 ], [ -3.7077, 52.7255 ], [ -3.7063, 52.7243 ], [ -3.7037, 52.7231 ], [ -3.6979, 52.7215 ], [ -3.6955, 52.7205 ], [ -3.6937, 52.7196 ], [ -3.692, 52.7168 ] ] } },
{ "type": "Feature", "properties": { "linetype": 1 }, "geometry": { "type": "LineString", "coordinates": [ [ -3.6935, 52.6956 ], [ -3.6918, 52.696 ], [ -3.691, 52.696 ], [ -3.6865, 52.6978 ], [ -3.6854, 52.6985 ], [ -3.6842, 52.6988 ], [ -3.6821, 52.7005 ], [ -3.6806, 52.7019 ], [ -3.6763, 52.7031 ], [ -3.6694, 52.7048 ], [ -3.6671, 52.7041 ], [ -3.6629, 52.7025 ], [ -3.659, 52.7006 ], [ -3.656, 52.6996 ], [ -3.6534, 52.6986 ], [ -3.6506, 52.6982 ], [ -3.6443, 52.6977 ], [ -3.6417, 52.6984 ], [ -3.6358, 52.6979 ], [ -3.6297, 52.6978 ], [ -3.6241, 52.6986 ], [ -3.6242, 52.6993 ], [ -3.6255, 52.7008 ], [ -3.6249, 52.7014 ], [ -3.6241, 52.7009 ], [ -3.6229, 52.7003 ], [ -3.6202, 52.6998 ], [ -3.6182, 52.7002 ], [ -3.6152, 52.7025 ], [ -3.6127, 52.7032 ], [ -3.6093, 52.7047 ], [ -3.606, 52.7052 ], [ -3.6035, 52.7063 ], [ -3.5989, 52.7077 ], [ -3.594, 52.7085 ], [ -3.5898, 52.7101 ], [ -3.5884, 52.7111 ], [ -3.583, 52.7113 ], [ -3.5794, 52.7118 ], [ -3.5758, 52.7117 ], [ -3.5729, 52.7112 ], [ -3.5639, 52.7089 ], [ -3.5599, 52.7073 ], [ -3.5582, 52.7053 ], [ -3.5563, 52.704 ], [ -3.5532, 52.703 ], [ -3.5449, 52.7018 ], [ -3.538, 52.7 ], [ -3.5349, 52.6995 ], [ -3.53, 52.7002 ], [ -3.5268, 52.7002 ], [ -3.5247, 52.6991 ], [ -3.5223, 52.698 ], [ -3.5187, 52.6971 ], [ -3.5154, 52.6965 ], [ -3.5106, 52.6962 ], [ -3.5019, 52.6937 ], [ -3.4964, 52.6923 ], [ -3.4913, 52.6915 ], [ -3.4861, 52.6921 ], [ -3.4787, 52.6923 ], [ -3.47, 52.6909 ], [ -3.4677, 52.69 ], [ -3.4639, 52.6875 ], [ -3.4632, 52.6855 ], [ -3.462, 52.6848 ], [ -3.4599, 52.6847 ], [ -3.4568, 52.6842 ], [ -3.4544, 52.6832 ], [ -3.4506, 52.6835 ], [ -3.4456, 52.6807 ], [ -3.4421, 52.6799 ], [ -3.4376, 52.6785 ], [ -3.4333, 52.6766 ], [ -3.4275, 52.6764 ], [ -3.4197, 52.6756 ], [ -3.4143, 52.6745 ], [ -3.4078, 52.6726 ], [ -3.4053, 52.671 ], [ -3.4027, 52.6704 ], [ -3.4, 52.6702 ], [ -3.3952, 52.6696 ], [ -3.388, 52.6699 ], [ -3.3844, 52.6694 ], [ -3.3791, 52.6665 ], [ -3.3723, 52.6653 ], [ -3.3694, 52.6644 ], [ -3.3666, 52.6632 ], [ -3.3641, 52.6617 ], [ -3.362, 52.6597 ], [ -3.3596, 52.66 ], [ -3.3548, 52.6616 ], [ -3.3528, 52.6592 ], [ -3.3487, 52.658 ], [ -3.3463, 52.6563 ], [ -3.3439, 52.6543 ], [ -3.3432, 52.6524 ], [ -3.3402, 52.652 ], [ -3.336, 52.6513 ], [ -3.3317, 52.6503 ], [ -3.3272, 52.6492 ], [ -3.3257, 52.6497 ], [ -3.3241, 52.6482 ] ] } },
{ "type": "Feature", "properties": { "linetype": 1 }, "geometry": { "type": "LineString", "coordinates": [ [ -3.3229, 52.6485 ], [ -3.321, 52.6481 ], [ -3.3193, 52.6475 ], [ -3.3185, 52.6461 ], [ -3.3176, 52.6453 ], [ -3.3087, 52.6457 ], [ -3.2979, 52.6477 ], [ -3.2948, 52.6477 ], [ -3.2929, 52.6473 ], [ -3.287, 52.647 ], [ -3.2844, 52.6461 ], [ -3.2812, 52.6452 ], [ -3.2774, 52.6456 ], [ -3.2742, 52.6452 ], [ -3.2724, 52.6462 ], [ -3.2628, 52.6483 ], [ -3.2603, 52.6489 ], [ -3.258, 52.649 ], [ -3.2557, 52.6487 ], [ -3.2501, 52.6482 ], [ -3.2479, 52.649 ], [ -3.2472, 52.6504 ], [ -3.2445, 52.65 ], [ -3.2403, 52.6506 ], [ -3.2376, 52.6502 ], [ -3.2306, 52.6504 ], [ -3.2286, 52.6496 ], [ -3.224, 52.6495 ], [ -3.2157, 52.6498 ], [ -3.2086, 52.6497 ], [ -3.2, 52.6509 ], [ -3.1873, 52.6531 ], [ -3.1762, 52.6551 ], [ -3.1679, 52.657 ], [ -3.1645, 52.6579 ], [ -3.1619, 52.6592 ], [ -3.16, 52.66 ], [ -3.1584, 52.6604 ], [ -3.1573, 52.66 ], [ -3.1554, 52.6602 ], [ -3.1526, 52.6606 ], [ -3.1502, 52.6606 ], [ -3.1486, 52.6603 ], [ -3.1472, 52.6596 ] ] } },
{ "type": "Feature", "properties": { "linetype": 1 }, "geometry": { "type": "LineString", "coordinates": [ [ -4.4823, 51.9599 ], [ -4.5444, 52.0176 ], [ -4.6128, 52.0242 ], [ -4.6279, 52.0245 ] ] } },
{ "type": "Feature", "properties": { "linetype": 1 }, "geometry": { "type": "LineString", "coordinates": [ [ -4.6607, 52.0838 ], [ -4.6575, 52.0831 ], [ -4.654, 52.0832 ], [ -4.6491, 52.0832 ], [ -4.6442, 52.0828 ], [ -4.6402, 52.0834 ], [ -4.6378, 52.0831 ], [ -4.6346, 52.0833 ], [ -4.6305, 52.0832 ], [ -4.6253, 52.0825 ], [ -4.6218, 52.0817 ], [ -4.6174, 52.0822 ], [ -4.6161, 52.0829 ], [ -4.6134, 52.0836 ], [ -4.6096, 52.0838 ], [ -4.6061, 52.0832 ], [ -4.6032, 52.0826 ], [ -4.5949, 52.0823 ], [ -4.5941, 52.0815 ], [ -4.594, 52.0787 ], [ -4.5913, 52.0757 ], [ -4.5894, 52.0753 ], [ -4.5857, 52.0756 ], [ -4.5696, 52.083 ], [ -4.5631, 52.0842 ], [ -4.555, 52.0825 ], [ -4.5484, 52.0815 ], [ -4.5449, 52.0816 ], [ -4.5445, 52.0822 ], [ -4.5431, 52.0824 ], [ -4.5386, 52.082 ], [ -4.5351, 52.0821 ], [ -4.5303, 52.0834 ], [ -4.5271, 52.0838 ], [ -4.5241, 52.085 ], [ -4.5194, 52.0857 ], [ -4.5161, 52.0858 ], [ -4.5108, 52.0859 ], [ -4.5077, 52.0857 ], [ -4.4984, 52.0871 ], [ -4.4974, 52.0862 ], [ -4.4895, 52.0857 ], [ -4.4833, 52.0849 ], [ -4.4799, 52.0847 ], [ -4.4775, 52.0851 ], [ -4.4722, 52.0849 ], [ -4.4698, 52.0833 ], [ -4.4613, 52.0822 ], [ -4.4566, 52.0828 ], [ -4.4528, 52.081 ], [ -4.4509, 52.0802 ], [ -4.4473, 52.0807 ], [ -4.4426, 52.081 ], [ -4.4395, 52.081 ], [ -4.4358, 52.0807 ], [ -4.4323, 52.0804 ], [ -4.4283, 52.0808 ], [ -4.4245, 52.0815 ], [ -4.4227, 52.0823 ], [ -4.4184, 52.0837 ], [ -4.415, 52.0852 ], [ -4.4118, 52.0876 ], [ -4.4063, 52.0903 ], [ -4.4022, 52.0918 ], [ -4.397, 52.0931 ], [ -4.3936, 52.0936 ], [ -4.3909, 52.0937 ], [ -4.3896, 52.0945 ], [ -4.3882, 52.0923 ], [ -4.3837, 52.0926 ], [ -4.3722, 52.0899 ], [ -4.359, 52.0941 ], [ -4.3579, 52.093 ], [ -4.3574, 52.0911 ], [ -4.3531, 52.0894 ], [ -4.3504, 52.0878 ], [ -4.3488, 52.0883 ], [ -4.3469, 52.0881 ], [ -4.3445, 52.0872 ], [ -4.3424, 52.0869 ], [ -4.3403, 52.0857 ], [ -4.3394, 52.0842 ], [ -4.3374, 52.0831 ], [ -4.3343, 52.0826 ], [ -4.3304, 52.0819 ], [ -4.3284, 52.0801 ], [ -4.3263, 52.0791 ], [ -4.3253, 52.0776 ], [ -4.3237, 52.0763 ], [ -4.3214, 52.0759 ], [ -4.3202, 52.0748 ], [ -4.3165, 52.0743 ], [ -4.3123, 52.0733 ], [ -4.3081, 52.0737 ], [ -4.305, 52.0735 ], [ -4.2995, 52.0733 ], [ -4.2953, 52.0747 ], [ -4.2924, 52.0765 ], [ -4.2898, 52.0775 ], [ -4.2875, 52.0775 ], [ -4.2847, 52.0793 ], [ -4.2818, 52.0803 ], [ -4.2801, 52.0814 ], [ -4.2759, 52.0823 ], [ -4.2743, 52.0832 ], [ -4.2717, 52.0838 ], [ -4.2694, 52.0847 ], [ -4.2675, 52.0859 ], [ -4.2644, 52.0866 ], [ -4.2615, 52.0884 ], [ -4.2574, 52.0894 ], [ -4.2495, 52.0906 ], [ -4.2434, 52.092 ], [ -4.2363, 52.0929 ], [ -4.2283, 52.0935 ], [ -4.2252, 52.0929 ], [ -4.2193, 52.0924 ], [ -4.2153, 52.093 ], [ -4.2108, 52.093 ], [ -4.2089, 52.0924 ], [ -4.2063, 52.0906 ], [ -4.2028, 52.0915 ], [ -4.2006, 52.0898 ], [ -4.1965, 52.0904 ], [ -4.1904, 52.0913 ], [ -4.1877, 52.0908 ], [ -4.1844, 52.0907 ], [ -4.1812, 52.0917 ], [ -4.1779, 52.0933 ], [ -4.1749, 52.0953 ], [ -4.156, 52.1003 ], [ -4.1482, 52.1015 ], [ -4.143, 52.1038 ], [ -4.1403, 52.104 ], [ -4.1362, 52.1044 ], [ -4.1303, 52.1055 ], [ -4.1264, 52.1053 ], [ -4.1186, 52.1045 ], [ -4.1125, 52.1043 ], [ -4.1087, 52.1047 ], [ -4.1027, 52.1054 ], [ -4.1, 52.106 ], [ -4.0983, 52.1076 ], [ -4.0886, 52.1133 ], [ -4.0866, 52.1139 ], [ -4.0841, 52.1139 ], [ -4.0813, 52.1131 ], [ -4.0786, 52.113 ], [ -4.0769, 52.1153 ], [ -4.0778, 52.1173 ], [ -4.0796, 52.1191 ], [ -4.0782, 52.1225 ], [ -4.0784, 52.1241 ], [ -4.0764, 52.1259 ], [ -4.0757, 52.1278 ], [ -4.0742, 52.1293 ], [ -4.0735, 52.1315 ], [ -4.073, 52.1335 ], [ -4.0734, 52.1351 ], [ -4.0748, 52.1365 ], [ -4.0745, 52.1384 ], [ -4.0759, 52.1386 ], [ -4.0779, 52.1378 ], [ -4.0786, 52.1373 ], [ -4.081, 52.1374 ], [ -4.0836, 52.1374 ], [ -4.0861, 52.1377 ], [ -4.088, 52.1382 ], [ -4.0886, 52.1395 ], [ -4.0897, 52.1403 ], [ -4.0917, 52.1409 ], [ -4.0941, 52.1411 ], [ -4.0973, 52.1422 ], [ -4.1027, 52.1432 ], [ -4.1057, 52.1444 ], [ -4.1098, 52.1462 ], [ -4.111, 52.1471 ], [ -4.1163, 52.1498 ], [ -4.1178, 52.1509 ], [ -4.1185, 52.1523 ], [ -4.12, 52.1529 ], [ -4.123, 52.155 ], [ -4.1252, 52.1572 ], [ -4.1272, 52.1593 ], [ -4.1299, 52.1614 ], [ -4.1321, 52.1635 ], [ -4.1325, 52.1662 ], [ -4.1318, 52.1682 ], [ -4.133, 52.1705 ], [ -4.1334, 52.1718 ], [ -4.1336, 52.1734 ], [ -4.132, 52.1765 ], [ -4.1305, 52.1774 ], [ -4.13, 52.1791 ], [ -4.1288, 52.1813 ], [ -4.1292, 52.1827 ], [ -4.1314, 52.1834 ], [ -4.1305, 52.1845 ], [ -4.1295, 52.1853 ], [ -4.1291, 52.1867 ], [ -4.1273, 52.1893 ], [ -4.1257, 52.192 ], [ -4.1253, 52.1932 ], [ -4.1252, 52.1949 ], [ -4.1254, 52.1974 ], [ -4.1264, 52.1985 ], [ -4.1245, 52.2009 ], [ -4.1253, 52.2025 ], [ -4.124, 52.2042 ], [ -4.124, 52.2052 ], [ -4.1233, 52.2064 ], [ -4.1236, 52.2078 ], [ -4.1255, 52.2089 ], [ -4.1272, 52.2104 ], [ -4.1286, 52.2129 ], [ -4.1284, 52.214 ], [ -4.1289, 52.2151 ], [ -4.1287, 52.2166 ], [ -4.1306, 52.2192 ], [ -4.1332, 52.2212 ], [ -4.1351, 52.2234 ], [ -4.1358, 52.2273 ], [ -4.136, 52.2335 ], [ -4.1357, 52.2354 ], [ -4.1353, 52.237 ], [ -4.1381, 52.2417 ], [ -4.1371, 52.2448 ], [ -4.1349, 52.2477 ], [ -4.1348, 52.2556 ], [ -4.1335, 52.2604 ], [ -4.1322, 52.2625 ], [ -4.1312, 52.265 ], [ -4.131, 52.2668 ], [ -4.1302, 52.2714 ], [ -4.1289, 52.2746 ], [ -4.1273, 52.2794 ], [ -4.1257, 52.2809 ], [ -4.126, 52.2835 ], [ -4.1284, 52.2869 ], [ -4.1293, 52.2881 ], [ -4.1293, 52.291 ], [ -4.13, 52.2935 ], [ -4.132, 52.2953 ], [ -4.1319, 52.2989 ], [ -4.1323, 52.3004 ], [ -4.1333, 52.3019 ], [ -4.1344, 52.3044 ], [ -4.1359, 52.3052 ], [ -4.1379, 52.3054 ], [ -4.1386, 52.3059 ], [ -4.1399, 52.3065 ], [ -4.1421, 52.3064 ], [ -4.1439, 52.3059 ] ] } },
{ "type": "Feature", "properties": { "linetype": 1 }, "geometry": { "type": "LineString", "coordinates": [ [ -4.6569, 52.0776 ], [ -4.6553, 52.0767 ], [ -4.658, 52.0719 ], [ -4.6586, 52.07 ], [ -4.6565, 52.0675 ], [ -4.6554, 52.0652 ], [ -4.6561, 52.0634 ], [ -4.658, 52.0621 ], [ -4.6578, 52.0608 ], [ -4.6584, 52.0565 ], [ -4.6592, 52.055 ], [ -4.659, 52.0516 ], [ -4.6593, 52.0497 ], [ -4.6599, 52.0486 ], [ -4.6597, 52.0462 ], [ -4.6531, 52.0436 ], [ -4.6504, 52.0409 ], [ -4.6478, 52.0392 ], [ -4.6459, 52.0372 ], [ -4.6438, 52.0351 ], [ -4.6413, 52.0329 ], [ -4.6385, 52.0304 ], [ -4.6358, 52.0272 ], [ -4.6316, 52.0266 ], [ -4.6296, 52.0255 ], [ -4.6279, 52.0245 ], [ -4.6263, 52.0226 ], [ -4.6247, 52.02 ], [ -4.6229, 52.0191 ], [ -4.6206, 52.0178 ], [ -4.6191, 52.0161 ], [ -4.6171, 52.0142 ], [ -4.6154, 52.0132 ], [ -4.6141, 52.0117 ], [ -4.6116, 52.0103 ], [ -4.6062, 52.0084 ], [ -4.6026, 52.0071 ], [ -4.5986, 52.0059 ], [ -4.5958, 52.005 ], [ -4.5937, 52.0054 ], [ -4.5929, 52.0042 ], [ -4.5901, 52.0026 ], [ -4.5865, 52.0011 ], [ -4.5838, 52.0006 ], [ -4.5797, 51.9991 ], [ -4.5778, 51.9987 ], [ -4.5695, 51.9971 ], [ -4.5652, 51.9953 ], [ -4.5644, 51.994 ], [ -4.5631, 51.9926 ], [ -4.5608, 51.9903 ], [ -4.5584, 51.9872 ], [ -4.5553, 51.9862 ], [ -4.5571, 51.986 ], [ -4.5561, 51.9851 ], [ -4.5569, 51.9839 ], [ -4.5558, 51.9838 ], [ -4.553, 51.9825 ], [ -4.55, 51.9779 ], [ -4.548, 51.9757 ], [ -4.5423, 51.9705 ], [ -4.5405, 51.9699 ], [ -4.5345, 51.9674 ], [ -4.5337, 51.9664 ], [ -4.5323, 51.966 ], [ -4.5281, 51.9666 ], [ -4.5268, 51.9659 ], [ -4.5257, 51.9639 ], [ -4.52, 51.9633 ], [ -4.5181, 51.9629 ], [ -4.5145, 51.9631 ], [ -4.512, 51.9624 ], [ -4.5081, 51.9609 ], [ -4.5037, 51.9605 ], [ -4.4975, 51.9614 ], [ -4.4888, 51.9611 ], [ -4.4823, 51.9599 ], [ -4.4784, 51.9586 ], [ -4.4748, 51.9559 ], [ -4.4733, 51.9538 ], [ -4.4688, 51.9507 ], [ -4.4663, 51.9502 ], [ -4.4633, 51.95 ], [ -4.4584, 51.9491 ], [ -4.4571, 51.9466 ], [ -4.4551, 51.9435 ], [ -4.4549, 51.9406 ], [ -4.4531, 51.9377 ], [ -4.4481, 51.9325 ], [ -4.4474, 51.9311 ], [ -4.4473, 51.9307 ], [ -4.4482, 51.9303 ], [ -4.4496, 51.9295 ], [ -4.4512, 51.928 ], [ -4.4552, 51.926 ], [ -4.4548, 51.9247 ], [ -4.4555, 51.9235 ], [ -4.4564, 51.9213 ], [ -4.4561, 51.9192 ], [ -4.4561, 51.9156 ], [ -4.4546, 51.9139 ], [ -4.4516, 51.9116 ], [ -4.4495, 51.9092 ], [ -4.4501, 51.9088 ], [ -4.4493, 51.9086 ], [ -4.4473, 51.9044 ], [ -4.4462, 51.9041 ], [ -4.4438, 51.9041 ], [ -4.4414, 51.9036 ], [ -4.4403, 51.9029 ], [ -4.4374, 51.9005 ], [ -4.4335, 51.8997 ], [ -4.4313, 51.8995 ], [ -4.4288, 51.9004 ], [ -4.4284, 51.9009 ], [ -4.426, 51.9015 ], [ -4.42, 51.9005 ], [ -4.4188, 51.8986 ], [ -4.4171, 51.899 ], [ -4.4149, 51.8993 ], [ -4.4119, 51.9002 ], [ -4.4073, 51.9007 ], [ -4.4037, 51.9003 ], [ -4.3985, 51.8988 ], [ -4.3987, 51.8981 ], [ -4.3923, 51.8967 ], [ -4.3869, 51.8951 ], [ -4.3812, 51.8931 ], [ -4.3778, 51.8921 ], [ -4.3755, 51.891 ], [ -4.3718, 51.8916 ], [ -4.3705, 51.8911 ], [ -4.369, 51.8913 ], [ -4.3668, 51.8924 ], [ -4.3669, 51.8917 ], [ -4.3662, 51.8905 ], [ -4.3648, 51.8893 ], [ -4.3638, 51.8891 ], [ -4.3621, 51.8878 ], [ -4.3575, 51.8853 ], [ -4.3573, 51.8838 ], [ -4.3567, 51.8824 ], [ -4.3551, 51.8808 ], [ -4.3536, 51.8799 ], [ -4.3545, 51.8786 ], [ -4.3527, 51.8776 ], [ -4.3528, 51.8765 ], [ -4.3526, 51.8752 ], [ -4.3516, 51.8742 ], [ -4.3497, 51.8738 ], [ -4.3393, 51.8724 ], [ -4.3361, 51.8715 ], [ -4.3332, 51.8714 ], [ -4.3312, 51.8722 ], [ -4.3307, 51.8729 ], [ -4.3298, 51.8731 ], [ -4.3283, 51.872 ], [ -4.3246, 51.8715 ], [ -4.3245, 51.8694 ], [ -4.3239, 51.8686 ], [ -4.3243, 51.8672 ], [ -4.3242, 51.866 ], [ -4.3231, 51.8645 ], [ -4.3201, 51.8619 ], [ -4.3175, 51.8602 ], [ -4.3156, 51.8597 ], [ -4.3123, 51.8577 ], [ -4.3107, 51.8563 ], [ -4.3081, 51.8564 ] ] } },
{ "type": "Feature", "properties": { "linetype": 1 }, "geometry": { "type": "LineString", "coordinates": [ [ 0.4725, 51.7345 ], [ 0.4699, 51.7359 ], [ 0.4652, 51.7373 ], [ 0.4661, 51.7383 ], [ 0.4667, 51.74 ], [ 0.467, 51.7435 ], [ 0.4664, 51.7461 ], [ 0.4665, 51.7505 ], [ 0.4677, 51.7511 ], [ 0.4688, 51.7523 ], [ 0.4696, 51.7534 ], [ 0.471, 51.754 ], [ 0.4723, 51.7548 ], [ 0.4729, 51.757 ], [ 0.4729, 51.7598 ], [ 0.4725, 51.7623 ], [ 0.4723, 51.765 ], [ 0.4713, 51.7667 ], [ 0.4718, 51.7685 ], [ 0.4729, 51.7698 ], [ 0.473, 51.773 ], [ 0.4737, 51.7756 ], [ 0.473, 51.7774 ], [ 0.473, 51.7797 ], [ 0.4724, 51.7813 ], [ 0.4726, 51.7844 ], [ 0.4708, 51.7862 ], [ 0.4738, 51.787 ], [ 0.4746, 51.7893 ], [ 0.477, 51.7922 ], [ 0.4806, 51.796 ], [ 0.4813, 51.7975 ], [ 0.4838, 51.7997 ], [ 0.4843, 51.801 ], [ 0.4881, 51.8046 ], [ 0.4892, 51.8066 ], [ 0.493, 51.8119 ], [ 0.4967, 51.8157 ], [ 0.4978, 51.8199 ], [ 0.4992, 51.8209 ], [ 0.5019, 51.8222 ], [ 0.5045, 51.8259 ], [ 0.5112, 51.8344 ], [ 0.5131, 51.8363 ], [ 0.5183, 51.8416 ], [ 0.5247, 51.8491 ], [ 0.5266, 51.8509 ], [ 0.531, 51.8563 ], [ 0.5355, 51.861 ], [ 0.5411, 51.8681 ], [ 0.5424, 51.8703 ], [ 0.5427, 51.8714 ], [ 0.5454, 51.8738 ], [ 0.5469, 51.876 ], [ 0.5497, 51.8784 ], [ 0.5494, 51.8795 ], [ 0.5512, 51.88 ], [ 0.5536, 51.8821 ], [ 0.5566, 51.8856 ], [ 0.5562, 51.8869 ], [ 0.5567, 51.888 ], [ 0.558, 51.8889 ], [ 0.5601, 51.8895 ], [ 0.5718, 51.9032 ], [ 0.5812, 51.9148 ], [ 0.5963, 51.9184 ], [ 0.598, 51.9196 ], [ 0.5999, 51.9201 ], [ 0.6011, 51.9215 ], [ 0.6028, 51.9229 ], [ 0.6061, 51.9249 ], [ 0.6093, 51.9248 ], [ 0.6113, 51.9239 ], [ 0.6129, 51.9243 ], [ 0.6153, 51.9261 ], [ 0.6135, 51.928 ], [ 0.6148, 51.9301 ], [ 0.6157, 51.9321 ], [ 0.6177, 51.9336 ], [ 0.6201, 51.9359 ], [ 0.6231, 51.9376 ], [ 0.6259, 51.9386 ], [ 0.6279, 51.9402 ], [ 0.6292, 51.9426 ], [ 0.6352, 51.9435 ], [ 0.6363, 51.9444 ], [ 0.6398, 51.9454 ], [ 0.6424, 51.9471 ], [ 0.6448, 51.949 ], [ 0.6462, 51.951 ], [ 0.6472, 51.9528 ], [ 0.6486, 51.955 ], [ 0.6508, 51.9585 ], [ 0.6535, 51.9611 ], [ 0.6576, 51.9636 ], [ 0.6614, 51.9659 ], [ 0.662, 51.9676 ], [ 0.6628, 51.9702 ], [ 0.664, 51.9722 ], [ 0.6649, 51.9739 ], [ 0.6679, 51.9748 ], [ 0.668, 51.9764 ], [ 0.6693, 51.9782 ], [ 0.6731, 51.9806 ], [ 0.6778, 51.9839 ], [ 0.68, 51.9851 ], [ 0.6829, 51.9878 ], [ 0.6848, 51.9883 ], [ 0.6862, 51.9895 ], [ 0.6858, 51.9924 ], [ 0.6876, 51.9942 ], [ 0.6884, 51.9965 ], [ 0.6877, 51.9985 ], [ 0.6891, 52.0052 ], [ 0.6906, 52.0112 ], [ 0.6895, 52.0153 ], [ 0.6935, 52.018 ], [ 0.6978, 52.0194 ], [ 0.7026, 52.0216 ], [ 0.7101, 52.0267 ], [ 0.7117, 52.0282 ], [ 0.7135, 52.0314 ], [ 0.7153, 52.033 ], [ 0.7152, 52.0333 ], [ 0.7178, 52.0343 ], [ 0.7211, 52.0351 ], [ 0.7221, 52.0361 ], [ 0.7232, 52.0376 ], [ 0.7249, 52.0381 ], [ 0.7298, 52.0382 ], [ 0.7308, 52.0386 ], [ 0.7318, 52.039 ], [ 0.735, 52.0416 ], [ 0.7384, 52.0433 ], [ 0.741, 52.0452 ], [ 0.7441, 52.0465 ], [ 0.7466, 52.0479 ], [ 0.7525, 52.0525 ], [ 0.7546, 52.0532 ], [ 0.7572, 52.0525 ], [ 0.759, 52.0523 ], [ 0.7649, 52.0525 ], [ 0.7729, 52.0532 ], [ 0.7739, 52.054 ], [ 0.7753, 52.0576 ], [ 0.7762, 52.0591 ], [ 0.7791, 52.0615 ], [ 0.7811, 52.0631 ], [ 0.7837, 52.0645 ], [ 0.7863, 52.066 ], [ 0.7893, 52.0682 ], [ 0.7895, 52.0704 ], [ 0.7905, 52.0735 ], [ 0.79, 52.0748 ], [ 0.7897, 52.0776 ], [ 0.7902, 52.0795 ], [ 0.7896, 52.0836 ], [ 0.7898, 52.0846 ], [ 0.792, 52.0863 ], [ 0.7929, 52.0881 ], [ 0.7934, 52.0901 ], [ 0.7943, 52.0904 ], [ 0.7941, 52.0926 ], [ 0.7932, 52.0957 ], [ 0.7914, 52.0981 ], [ 0.7901, 52.1 ], [ 0.7912, 52.1019 ], [ 0.791, 52.1032 ], [ 0.7903, 52.105 ], [ 0.795, 52.1067 ], [ 0.7952, 52.1076 ], [ 0.7952, 52.1087 ], [ 0.7961, 52.1104 ], [ 0.7971, 52.1119 ], [ 0.7982, 52.1127 ], [ 0.7993, 52.1127 ], [ 0.7997, 52.1135 ], [ 0.7991, 52.1146 ], [ 0.799, 52.1155 ], [ 0.8004, 52.1166 ], [ 0.8002, 52.1175 ], [ 0.7982, 52.1186 ], [ 0.7975, 52.1198 ], [ 0.7979, 52.1216 ], [ 0.7999, 52.1219 ], [ 0.8019, 52.1245 ], [ 0.7981, 52.1268 ], [ 0.7957, 52.1293 ], [ 0.7941, 52.1309 ], [ 0.7933, 52.1331 ], [ 0.7936, 52.1343 ], [ 0.793, 52.1359 ], [ 0.7913, 52.1384 ], [ 0.7897, 52.1412 ], [ 0.7891, 52.1428 ], [ 0.7858, 52.146 ], [ 0.7854, 52.1472 ], [ 0.784, 52.1479 ], [ 0.7818, 52.1491 ], [ 0.7805, 52.1506 ], [ 0.7784, 52.1522 ], [ 0.7761, 52.1544 ], [ 0.7764, 52.1564 ], [ 0.7769, 52.1588 ], [ 0.7758, 52.1606 ], [ 0.7728, 52.1632 ], [ 0.7712, 52.1655 ], [ 0.7696, 52.1677 ], [ 0.7666, 52.169 ], [ 0.7636, 52.1696 ], [ 0.7653, 52.1762 ], [ 0.7668, 52.1828 ], [ 0.7657, 52.1834 ], [ 0.7642, 52.1874 ], [ 0.7621, 52.1914 ], [ 0.7604, 52.1928 ], [ 0.7597, 52.197 ], [ 0.7603, 52.1997 ], [ 0.7583, 52.201 ], [ 0.7559, 52.2031 ], [ 0.7557, 52.2049 ], [ 0.7539, 52.2066 ], [ 0.7481, 52.2088 ], [ 0.7478, 52.2098 ], [ 0.7466, 52.211 ], [ 0.7435, 52.2165 ], [ 0.7418, 52.2181 ], [ 0.737, 52.2221 ], [ 0.7296, 52.2309 ], [ 0.7267, 52.2343 ], [ 0.7246, 52.2362 ] ] } },
{ "type": "Feature", "properties": { "linetype": 1 }, "geometry": { "type": "LineString", "coordinates": [ [ 0.4708, 51.7862 ], [ 0.4682, 51.7862 ], [ 0.4651, 51.7897 ], [ 0.4638, 51.7922 ], [ 0.4619, 51.7934 ], [ 0.4586, 51.7939 ], [ 0.4565, 51.7938 ], [ 0.4563, 51.7947 ], [ 0.4568, 51.7967 ], [ 0.4562, 51.7988 ], [ 0.4552, 51.8011 ], [ 0.4552, 51.8023 ], [ 0.4602, 51.8035 ], [ 0.4597, 51.8051 ], [ 0.4579, 51.8066 ], [ 0.4549, 51.8083 ], [ 0.4539, 51.8096 ], [ 0.4542, 51.8115 ], [ 0.4558, 51.8125 ], [ 0.4559, 51.8136 ], [ 0.4546, 51.8152 ], [ 0.4539, 51.8173 ], [ 0.4506, 51.8186 ], [ 0.447, 51.8194 ], [ 0.4447, 51.8209 ], [ 0.4421, 51.8203 ], [ 0.4398, 51.8204 ], [ 0.4356, 51.8229 ], [ 0.4309, 51.8254 ], [ 0.4266, 51.8278 ], [ 0.4256, 51.8294 ], [ 0.4211, 51.8285 ], [ 0.4188, 51.8287 ], [ 0.414, 51.8318 ], [ 0.4121, 51.8346 ], [ 0.4097, 51.8366 ], [ 0.4043, 51.8393 ], [ 0.403, 51.8405 ], [ 0.3996, 51.8409 ], [ 0.3969, 51.8418 ], [ 0.3958, 51.8444 ], [ 0.3946, 51.8456 ], [ 0.3943, 51.847 ], [ 0.3934, 51.8478 ], [ 0.3925, 51.8493 ], [ 0.3897, 51.8501 ], [ 0.3851, 51.8539 ], [ 0.3805, 51.8573 ], [ 0.3765, 51.8592 ], [ 0.3757, 51.8606 ], [ 0.3701, 51.8649 ], [ 0.3665, 51.8673 ], [ 0.3652, 51.8686 ], [ 0.3653, 51.8697 ], [ 0.3616, 51.8725 ], [ 0.3625, 51.8745 ], [ 0.3618, 51.8761 ], [ 0.3619, 51.8795 ], [ 0.3573, 51.8817 ], [ 0.3551, 51.8859 ], [ 0.3527, 51.8883 ], [ 0.3502, 51.8892 ], [ 0.3488, 51.8901 ], [ 0.3457, 51.8907 ], [ 0.34, 51.8914 ], [ 0.3362, 51.8916 ], [ 0.3314, 51.8964 ], [ 0.331, 51.8974 ], [ 0.3292, 51.8979 ], [ 0.3272, 51.8977 ], [ 0.3253, 51.8993 ], [ 0.3256, 51.9001 ], [ 0.3272, 51.9007 ], [ 0.3274, 51.9016 ], [ 0.3267, 51.9028 ], [ 0.3278, 51.9096 ], [ 0.329, 51.912 ], [ 0.3289, 51.9138 ], [ 0.3276, 51.9159 ], [ 0.3279, 51.9187 ], [ 0.3272, 51.9201 ], [ 0.3255, 51.9211 ], [ 0.3246, 51.9236 ], [ 0.3255, 51.9256 ], [ 0.3258, 51.9274 ], [ 0.3249, 51.9292 ], [ 0.3261, 51.9302 ], [ 0.3272, 51.9313 ], [ 0.3276, 51.9327 ], [ 0.3287, 51.9335 ], [ 0.3291, 51.9347 ], [ 0.3306, 51.9358 ], [ 0.3321, 51.9372 ], [ 0.3347, 51.9383 ], [ 0.3362, 51.9413 ], [ 0.3359, 51.9428 ], [ 0.3392, 51.9469 ], [ 0.3415, 51.9476 ], [ 0.3427, 51.9491 ], [ 0.3431, 51.9505 ], [ 0.3447, 51.953 ], [ 0.3427, 51.9537 ], [ 0.3411, 51.9544 ], [ 0.3408, 51.9557 ], [ 0.3426, 51.9594 ], [ 0.3425, 51.9607 ], [ 0.3408, 51.9621 ], [ 0.3387, 51.963 ], [ 0.3352, 51.9678 ], [ 0.3322, 51.9699 ], [ 0.333, 51.9725 ], [ 0.3326, 51.9747 ], [ 0.3304, 51.9771 ], [ 0.328, 51.978 ], [ 0.325, 51.9795 ], [ 0.3225, 51.9812 ], [ 0.3203, 51.9837 ], [ 0.3155, 51.985 ], [ 0.3127, 51.9868 ], [ 0.3088, 51.988 ], [ 0.3046, 51.9886 ], [ 0.3011, 51.9885 ], [ 0.2959, 51.9895 ], [ 0.2957, 51.9901 ], [ 0.2936, 51.9908 ], [ 0.2906, 51.9906 ], [ 0.2871, 51.9908 ], [ 0.2779, 51.9948 ], [ 0.2757, 51.9976 ], [ 0.2771, 51.9999 ], [ 0.2765, 52.0012 ], [ 0.2745, 52.0008 ], [ 0.2734, 52.0028 ], [ 0.2729, 52.0044 ], [ 0.2694, 52.0051 ], [ 0.267, 52.0065 ], [ 0.2625, 52.0094 ], [ 0.2601, 52.0108 ], [ 0.2561, 52.0131 ], [ 0.2536, 52.0148 ], [ 0.2518, 52.0182 ], [ 0.2503, 52.0207 ], [ 0.2481, 52.023 ], [ 0.2465, 52.0228 ], [ 0.2449, 52.0231 ], [ 0.2428, 52.0233 ], [ 0.2416, 52.0232 ], [ 0.2412, 52.0239 ] ] } },
{ "type": "Feature", "properties": { "linetype": 1 }, "geometry": { "type": "LineString", "coordinates": [ [ 0.4579, 51.7218 ], [ 0.4596, 51.7184 ], [ 0.4595, 51.7164 ], [ 0.4607, 51.7155 ], [ 0.4634, 51.7151 ], [ 0.4625, 51.7135 ], [ 0.4629, 51.7123 ], [ 0.463, 51.7108 ], [ 0.4635, 51.7089 ], [ 0.4629, 51.7073 ], [ 0.4629, 51.7058 ], [ 0.4621, 51.704 ], [ 0.464, 51.7021 ], [ 0.4653, 51.7001 ], [ 0.4668, 51.6956 ], [ 0.4658, 51.694 ], [ 0.4642, 51.6924 ], [ 0.4646, 51.6889 ], [ 0.4647, 51.6868 ], [ 0.4667, 51.6834 ], [ 0.4652, 51.6794 ], [ 0.4638, 51.6781 ], [ 0.4624, 51.6767 ], [ 0.4625, 51.6753 ], [ 0.4619, 51.6739 ], [ 0.4583, 51.6709 ], [ 0.4568, 51.6704 ], [ 0.4558, 51.6693 ], [ 0.4517, 51.6691 ], [ 0.4486, 51.6672 ], [ 0.4461, 51.6652 ], [ 0.4426, 51.6637 ], [ 0.4388, 51.6622 ], [ 0.4367, 51.6612 ], [ 0.4355, 51.6602 ], [ 0.4348, 51.6584 ], [ 0.4358, 51.655 ], [ 0.4367, 51.6518 ], [ 0.4352, 51.6496 ], [ 0.4325, 51.6466 ], [ 0.4317, 51.6446 ], [ 0.431, 51.6419 ], [ 0.4294, 51.6398 ], [ 0.4266, 51.6376 ], [ 0.424, 51.6338 ], [ 0.4212, 51.6319 ], [ 0.4187, 51.6284 ], [ 0.4172, 51.6262 ], [ 0.4157, 51.6245 ], [ 0.415, 51.6222 ], [ 0.4154, 51.6197 ], [ 0.4161, 51.6171 ], [ 0.4165, 51.613 ], [ 0.4164, 51.6074 ], [ 0.4204, 51.6021 ], [ 0.4226, 51.5993 ], [ 0.4254, 51.5973 ], [ 0.4299, 51.592 ], [ 0.4302, 51.588 ], [ 0.4293, 51.5881 ], [ 0.4252, 51.5855 ], [ 0.4231, 51.5827 ], [ 0.4216, 51.5802 ], [ 0.4212, 51.5778 ], [ 0.4216, 51.5752 ], [ 0.4208, 51.5701 ], [ 0.4217, 51.5689 ], [ 0.423, 51.5658 ], [ 0.4222, 51.5633 ], [ 0.4208, 51.5609 ], [ 0.42, 51.5606 ], [ 0.42, 51.5595 ], [ 0.4218, 51.5573 ], [ 0.4211, 51.5564 ], [ 0.4223, 51.5545 ], [ 0.4208, 51.5529 ], [ 0.4179, 51.5512 ], [ 0.4167, 51.5503 ], [ 0.4167, 51.5491 ], [ 0.4162, 51.5486 ], [ 0.4149, 51.5482 ], [ 0.414, 51.5457 ], [ 0.4127, 51.5436 ], [ 0.4113, 51.5425 ], [ 0.4101, 51.5408 ], [ 0.4084, 51.5402 ], [ 0.4086, 51.5389 ], [ 0.4038, 51.5382 ], [ 0.4049, 51.5359 ], [ 0.4051, 51.5338 ], [ 0.4045, 51.5334 ], [ 0.4049, 51.527 ], [ 0.4051, 51.5237 ], [ 0.4065, 51.5189 ], [ 0.4075, 51.5171 ], [ 0.4095, 51.5146 ], [ 0.4109, 51.5141 ], [ 0.4119, 51.5122 ], [ 0.4066, 51.5111 ], [ 0.4064, 51.5082 ], [ 0.4058, 51.507 ], [ 0.4047, 51.5015 ], [ 0.404, 51.5002 ], [ 0.4027, 51.4991 ], [ 0.4028, 51.4984 ], [ 0.3996, 51.4959 ], [ 0.3967, 51.4945 ], [ 0.3941, 51.4928 ], [ 0.3907, 51.4909 ], [ 0.3896, 51.4897 ], [ 0.3895, 51.4878 ], [ 0.3883, 51.4854 ], [ 0.3889, 51.4826 ], [ 0.3897, 51.4801 ], [ 0.3906, 51.4772 ], [ 0.3896, 51.4764 ], [ 0.387, 51.4768 ], [ 0.3851, 51.477 ], [ 0.384, 51.4766 ], [ 0.3849, 51.4758 ], [ 0.3842, 51.4725 ], [ 0.3823, 51.4717 ], [ 0.3827, 51.4687 ], [ 0.3806, 51.4672 ], [ 0.3797, 51.4658 ], [ 0.3784, 51.4634 ], [ 0.3773, 51.4611 ], [ 0.3739, 51.4562 ], [ 0.3706, 51.4558 ], [ 0.3697, 51.4512 ] ] } },
{ "type": "Feature", "properties": { "linetype": 1 }, "geometry": { "type": "LineString", "coordinates": [ [ 0.4996, 51.7182 ], [ 0.4999, 51.7169 ], [ 0.5014, 51.7156 ], [ 0.5015, 51.715 ], [ 0.5028, 51.7147 ], [ 0.504, 51.7142 ], [ 0.5053, 51.7133 ], [ 0.5065, 51.7122 ], [ 0.5077, 51.7116 ], [ 0.509, 51.7113 ], [ 0.513, 51.7108 ], [ 0.5138, 51.7079 ], [ 0.5147, 51.7057 ], [ 0.515, 51.7047 ], [ 0.5167, 51.7029 ], [ 0.5183, 51.7028 ], [ 0.5193, 51.7019 ], [ 0.5206, 51.7016 ], [ 0.5251, 51.7013 ], [ 0.527, 51.7007 ], [ 0.5272, 51.6976 ], [ 0.526, 51.6962 ], [ 0.5265, 51.6944 ], [ 0.5258, 51.6928 ], [ 0.529, 51.6867 ], [ 0.5248, 51.6859 ], [ 0.5263, 51.6821 ], [ 0.529, 51.6761 ], [ 0.5318, 51.6722 ], [ 0.5335, 51.6709 ], [ 0.5366, 51.6685 ], [ 0.5427, 51.6628 ], [ 0.5469, 51.6579 ], [ 0.5483, 51.6528 ], [ 0.5497, 51.6475 ], [ 0.5498, 51.6445 ], [ 0.5505, 51.6432 ], [ 0.5526, 51.6425 ], [ 0.5534, 51.6417 ], [ 0.5553, 51.6416 ], [ 0.5562, 51.6384 ], [ 0.5578, 51.6356 ], [ 0.56, 51.6315 ], [ 0.5598, 51.6305 ], [ 0.5605, 51.6291 ], [ 0.5599, 51.6289 ], [ 0.5644, 51.623 ], [ 0.571, 51.6226 ], [ 0.572, 51.6212 ], [ 0.5725, 51.6184 ], [ 0.5732, 51.6184 ], [ 0.5736, 51.6115 ], [ 0.5729, 51.6101 ], [ 0.5747, 51.6093 ], [ 0.5731, 51.6066 ], [ 0.5757, 51.6056 ], [ 0.5727, 51.6014 ], [ 0.5719, 51.5991 ], [ 0.5783, 51.5976 ], [ 0.5823, 51.5965 ], [ 0.5884, 51.5955 ], [ 0.5926, 51.5943 ], [ 0.5981, 51.5932 ], [ 0.601, 51.5922 ], [ 0.6016, 51.5911 ], [ 0.6016, 51.5906 ], [ 0.6041, 51.5896 ], [ 0.6057, 51.5887 ], [ 0.606, 51.5878 ], [ 0.6055, 51.5862 ] ] } },
{ "type": "Feature", "properties": { "linetype": 1 }, "geometry": { "type": "LineString", "coordinates": [ [ 0.6745, 51.7311 ], [ 0.6745, 51.7314 ], [ 0.6705, 51.7323 ], [ 0.6679, 51.7317 ], [ 0.6636, 51.7316 ], [ 0.6624, 51.7319 ], [ 0.6595, 51.7319 ], [ 0.6578, 51.7325 ], [ 0.6558, 51.7325 ], [ 0.6552, 51.732 ], [ 0.654, 51.732 ], [ 0.653, 51.7315 ], [ 0.6517, 51.7315 ], [ 0.6495, 51.7307 ], [ 0.6497, 51.73 ], [ 0.6481, 51.7291 ], [ 0.6471, 51.7282 ], [ 0.6445, 51.7275 ], [ 0.639, 51.724 ], [ 0.6311, 51.7237 ], [ 0.6288, 51.724 ], [ 0.626, 51.7245 ], [ 0.6249, 51.7249 ], [ 0.624, 51.7247 ], [ 0.6232, 51.7243 ], [ 0.6195, 51.7235 ], [ 0.6106, 51.7234 ], [ 0.6076, 51.7203 ], [ 0.6035, 51.7196 ], [ 0.6021, 51.7189 ], [ 0.5992, 51.7183 ], [ 0.5958, 51.7173 ], [ 0.5924, 51.7166 ], [ 0.5831, 51.716 ], [ 0.5828, 51.7164 ], [ 0.5796, 51.7164 ], [ 0.5762, 51.7176 ], [ 0.5746, 51.7173 ], [ 0.5724, 51.7179 ], [ 0.5707, 51.7188 ], [ 0.5692, 51.7189 ], [ 0.5658, 51.7182 ], [ 0.5596, 51.7184 ], [ 0.5569, 51.7193 ], [ 0.5551, 51.7197 ], [ 0.5521, 51.7195 ], [ 0.546, 51.7187 ], [ 0.5438, 51.7187 ], [ 0.5407, 51.7193 ], [ 0.5364, 51.7207 ], [ 0.5337, 51.7208 ], [ 0.5316, 51.7211 ], [ 0.5304, 51.7203 ], [ 0.5235, 51.7207 ], [ 0.5214, 51.7212 ], [ 0.5181, 51.7214 ], [ 0.5165, 51.7203 ], [ 0.5118, 51.72 ], [ 0.5099, 51.7201 ], [ 0.5074, 51.7197 ], [ 0.5047, 51.7179 ], [ 0.5025, 51.7178 ], [ 0.4996, 51.7182 ], [ 0.4956, 51.7204 ], [ 0.4916, 51.7212 ], [ 0.4888, 51.7219 ], [ 0.4865, 51.7231 ], [ 0.4829, 51.725 ], [ 0.481, 51.7265 ], [ 0.48, 51.7277 ], [ 0.4788, 51.7282 ], [ 0.4778, 51.7292 ], [ 0.4737, 51.7309 ] ] } },
{ "type": "Feature", "properties": { "linetype": 1 }, "geometry": { "type": "LineString", "coordinates": [ [ 1.0812, 51.2791 ], [ 1.0849, 51.2781 ], [ 1.0873, 51.2775 ], [ 1.0894, 51.2774 ], [ 1.0905, 51.2776 ], [ 1.0938, 51.2773 ], [ 1.097, 51.2779 ], [ 1.0996, 51.2778 ], [ 1.1024, 51.2781 ], [ 1.1058, 51.2784 ], [ 1.1118, 51.2783 ], [ 1.1178, 51.2785 ], [ 1.1233, 51.2783 ], [ 1.1294, 51.2784 ], [ 1.1356, 51.2784 ], [ 1.1425, 51.278 ], [ 1.1439, 51.277 ], [ 1.1469, 51.2758 ], [ 1.1488, 51.2754 ], [ 1.1562, 51.2765 ], [ 1.1623, 51.2745 ], [ 1.166, 51.273 ], [ 1.1673, 51.2726 ], [ 1.1682, 51.2723 ], [ 1.1731, 51.2713 ], [ 1.1776, 51.2709 ], [ 1.1837, 51.269 ], [ 1.1915, 51.2666 ], [ 1.1967, 51.2685 ], [ 1.2051, 51.2714 ], [ 1.2076, 51.2717 ], [ 1.2098, 51.2714 ], [ 1.2112, 51.2714 ], [ 1.212, 51.2721 ], [ 1.2146, 51.2719 ], [ 1.2146, 51.2724 ], [ 1.2149, 51.2736 ], [ 1.2146, 51.2751 ], [ 1.2155, 51.2756 ], [ 1.2169, 51.2766 ], [ 1.2232, 51.2776 ], [ 1.229, 51.2781 ], [ 1.2394, 51.2795 ], [ 1.2425, 51.2796 ], [ 1.252, 51.2787 ], [ 1.2594, 51.2789 ], [ 1.2649, 51.2793 ], [ 1.2671, 51.2784 ], [ 1.2709, 51.2785 ], [ 1.2735, 51.279 ], [ 1.2763, 51.2792 ], [ 1.2809, 51.2788 ], [ 1.2835, 51.2786 ], [ 1.2859, 51.2789 ], [ 1.2918, 51.2788 ], [ 1.2938, 51.2781 ], [ 1.2967, 51.279 ], [ 1.2991, 51.2792 ], [ 1.3037, 51.279 ], [ 1.3074, 51.2782 ], [ 1.309, 51.2784 ], [ 1.3114, 51.2792 ], [ 1.3207, 51.2796 ], [ 1.3223, 51.2794 ], [ 1.3313, 51.2787 ], [ 1.3339, 51.2787 ], [ 1.3356, 51.2784 ], [ 1.3366, 51.2786 ], [ 1.339, 51.2777 ], [ 1.3403, 51.2768 ], [ 1.3401, 51.2752 ], [ 1.3416, 51.2738 ], [ 1.3422, 51.2737 ], [ 1.3422, 51.2741 ], [ 1.3442, 51.2738 ], [ 1.346, 51.2739 ], [ 1.347, 51.2735 ], [ 1.349, 51.2734 ], [ 1.353, 51.272 ], [ 1.3569, 51.271 ], [ 1.3585, 51.2709 ], [ 1.3604, 51.271 ], [ 1.3636, 51.2696 ], [ 1.3656, 51.2695 ], [ 1.3689, 51.2702 ], [ 1.3763, 51.2683 ], [ 1.383, 51.265 ], [ 1.3862, 51.2632 ], [ 1.3878, 51.2616 ], [ 1.3887, 51.2577 ], [ 1.3899, 51.2548 ], [ 1.3907, 51.2527 ], [ 1.3923, 51.2505 ], [ 1.3941, 51.2494 ], [ 1.3955, 51.2467 ], [ 1.3968, 51.2424 ], [ 1.3968, 51.2401 ], [ 1.3971, 51.2375 ], [ 1.3986, 51.2357 ], [ 1.3989, 51.2341 ], [ 1.4016, 51.2343 ], [ 1.4022, 51.2292 ], [ 1.4026, 51.2276 ], [ 1.4029, 51.2228 ], [ 1.4027, 51.2193 ], [ 1.4023, 51.2121 ], [ 1.3976, 51.2073 ], [ 1.3929, 51.2033 ], [ 1.3919, 51.203 ], [ 1.3908, 51.2027 ], [ 1.3907, 51.202 ], [ 1.3897, 51.2008 ], [ 1.3865, 51.1975 ], [ 1.3833, 51.1931 ], [ 1.3796, 51.1868 ], [ 1.3791, 51.1857 ], [ 1.3742, 51.183 ], [ 1.3722, 51.1813 ], [ 1.3654, 51.1729 ], [ 1.3626, 51.1721 ], [ 1.3592, 51.1693 ], [ 1.356, 51.1654 ], [ 1.3523, 51.1593 ], [ 1.3467, 51.1554 ], [ 1.3438, 51.1538 ], [ 1.3404, 51.1504 ], [ 1.3334, 51.1454 ], [ 1.3273, 51.1406 ], [ 1.327, 51.1389 ], [ 1.3239, 51.1347 ], [ 1.3215, 51.1328 ], [ 1.3181, 51.1324 ], [ 1.319, 51.1306 ], [ 1.3182, 51.1299 ], [ 1.3175, 51.1288 ], [ 1.3175, 51.128 ], [ 1.3177, 51.1266 ], [ 1.3172, 51.1257 ], [ 1.316, 51.1249 ], [ 1.3149, 51.1245 ], [ 1.3146, 51.1249 ], [ 1.3134, 51.1251 ] ] } },
{ "type": "Feature", "properties": { "linetype": 1 }, "geometry": { "type": "LineString", "coordinates": [ [ -3.5795, 50.3516 ], [ -3.5882, 50.3496 ], [ -3.5893, 50.349 ], [ -3.5904, 50.3488 ], [ -3.5911, 50.3491 ], [ -3.5899, 50.35 ], [ -3.5888, 50.3509 ], [ -3.5875, 50.3516 ], [ -3.5869, 50.3522 ], [ -3.5873, 50.3528 ], [ -3.5889, 50.3529 ], [ -3.5901, 50.3533 ], [ -3.5918, 50.353 ], [ -3.5934, 50.3519 ], [ -3.595, 50.3502 ], [ -3.5996, 50.3483 ], [ -3.6024, 50.3474 ], [ -3.6064, 50.347 ], [ -3.6093, 50.3471 ], [ -3.6129, 50.3477 ], [ -3.6165, 50.3488 ], [ -3.6178, 50.3503 ], [ -3.6196, 50.351 ], [ -3.6214, 50.3521 ], [ -3.624, 50.3521 ], [ -3.6273, 50.3522 ], [ -3.6305, 50.3515 ], [ -3.6331, 50.3515 ], [ -3.6352, 50.3521 ], [ -3.6371, 50.3534 ], [ -3.6387, 50.3551 ], [ -3.641, 50.3561 ], [ -3.6422, 50.3575 ], [ -3.6444, 50.3587 ], [ -3.6482, 50.3567 ], [ -3.6503, 50.3559 ], [ -3.6561, 50.3559 ], [ -3.6587, 50.355 ], [ -3.6606, 50.3549 ], [ -3.6631, 50.3567 ], [ -3.6667, 50.358 ], [ -3.6727, 50.3597 ], [ -3.6738, 50.3607 ], [ -3.6766, 50.3629 ], [ -3.6792, 50.3636 ], [ -3.6831, 50.3641 ], [ -3.6868, 50.364 ], [ -3.6894, 50.3643 ], [ -3.6917, 50.3653 ], [ -3.6961, 50.3664 ], [ -3.7001, 50.3665 ], [ -3.7041, 50.3659 ], [ -3.7066, 50.3658 ], [ -3.7101, 50.3663 ], [ -3.7115, 50.3663 ], [ -3.7132, 50.3657 ], [ -3.7143, 50.3661 ], [ -3.716, 50.3659 ], [ -3.7191, 50.3657 ], [ -3.7206, 50.3661 ], [ -3.7213, 50.3646 ], [ -3.7232, 50.3641 ], [ -3.7258, 50.3642 ], [ -3.7289, 50.3635 ], [ -3.7324, 50.3622 ], [ -3.7354, 50.3619 ], [ -3.7406, 50.3615 ], [ -3.7429, 50.3606 ], [ -3.7458, 50.3601 ], [ -3.7479, 50.3603 ], [ -3.7511, 50.3603 ], [ -3.7585, 50.3617 ], [ -3.7623, 50.3616 ], [ -3.7674, 50.3616 ], [ -3.7692, 50.3624 ], [ -3.7698, 50.3641 ], [ -3.7712, 50.3648 ], [ -3.7734, 50.3645 ], [ -3.7767, 50.3643 ], [ -3.7819, 50.3645 ], [ -3.7829, 50.3642 ], [ -3.7843, 50.3641 ], [ -3.7855, 50.3654 ], [ -3.7871, 50.3669 ], [ -3.7886, 50.3672 ], [ -3.7891, 50.3674 ], [ -3.7891, 50.3687 ], [ -3.7937, 50.3698 ], [ -3.7987, 50.3705 ], [ -3.8011, 50.3696 ], [ -3.8039, 50.3685 ], [ -3.8063, 50.3672 ], [ -3.809, 50.3665 ], [ -3.8151, 50.3654 ], [ -3.8167, 50.3655 ], [ -3.8183, 50.365 ], [ -3.8203, 50.3638 ], [ -3.8228, 50.3628 ], [ -3.8247, 50.3618 ], [ -3.8266, 50.3607 ], [ -3.8271, 50.3601 ], [ -3.8293, 50.3602 ], [ -3.8299, 50.3598 ], [ -3.8308, 50.3597 ], [ -3.8327, 50.36 ], [ -3.8339, 50.3601 ], [ -3.8369, 50.3614 ], [ -3.838, 50.3611 ], [ -3.8431, 50.3603 ], [ -3.8449, 50.3599 ], [ -3.851, 50.3589 ], [ -3.8555, 50.3586 ], [ -3.8583, 50.3587 ], [ -3.8629, 50.3576 ], [ -3.8654, 50.3568 ], [ -3.8715, 50.3564 ], [ -3.8737, 50.3562 ], [ -3.8748, 50.3555 ], [ -3.8768, 50.355 ], [ -3.8805, 50.3532 ], [ -3.8832, 50.353 ], [ -3.8847, 50.3525 ], [ -3.886, 50.3514 ], [ -3.8863, 50.3501 ], [ -3.8866, 50.3492 ], [ -3.8893, 50.3495 ], [ -3.8906, 50.3502 ], [ -3.8915, 50.3503 ], [ -3.8922, 50.3496 ], [ -3.8942, 50.3501 ], [ -3.8958, 50.35 ], [ -3.8991, 50.3495 ], [ -3.901, 50.3497 ], [ -3.9062, 50.3505 ], [ -3.9093, 50.3506 ], [ -3.9137, 50.35 ], [ -3.919, 50.3495 ], [ -3.9209, 50.3498 ], [ -3.9218, 50.3505 ], [ -3.9246, 50.3509 ], [ -3.926, 50.3517 ], [ -3.9297, 50.3527 ], [ -3.9314, 50.3524 ], [ -3.9353, 50.3527 ], [ -3.9404, 50.3521 ], [ -3.9454, 50.3511 ], [ -3.9498, 50.3505 ], [ -3.9569, 50.3512 ], [ -3.9605, 50.3511 ], [ -3.9652, 50.3513 ], [ -3.9685, 50.3518 ], [ -3.9709, 50.3519 ], [ -3.979, 50.3511 ], [ -3.9809, 50.3507 ], [ -3.983, 50.3507 ], [ -3.9842, 50.3509 ], [ -3.9855, 50.3514 ], [ -3.9871, 50.353 ], [ -3.9881, 50.3535 ], [ -3.9891, 50.3537 ], [ -3.9892, 50.3541 ], [ -3.9938, 50.354 ], [ -3.9952, 50.3546 ], [ -3.9968, 50.356 ], [ -4.0011, 50.3595 ], [ -4.0047, 50.3625 ], [ -4.0066, 50.3627 ], [ -4.0115, 50.364 ], [ -4.0139, 50.3655 ], [ -4.0152, 50.3667 ], [ -4.0155, 50.3681 ], [ -4.0165, 50.3691 ], [ -4.0183, 50.3699 ], [ -4.0219, 50.3722 ], [ -4.0236, 50.3749 ], [ -4.0244, 50.376 ], [ -4.0252, 50.3775 ], [ -4.0237, 50.3781 ], [ -4.0233, 50.3788 ], [ -4.0243, 50.3804 ], [ -4.0243, 50.3811 ] ] } },
{ "type": "Feature", "properties": { "linetype": 1 }, "geometry": { "type": "LineString", "coordinates": [ [ -3.4923, 50.7197 ], [ -3.4916, 50.7187 ], [ -3.4903, 50.7187 ], [ -3.4882, 50.7186 ], [ -3.4861, 50.718 ], [ -3.4821, 50.7171 ], [ -3.4745, 50.7158 ], [ -3.4664, 50.7147 ], [ -3.4639, 50.7135 ], [ -3.4595, 50.7105 ], [ -3.455, 50.7099 ], [ -3.4508, 50.7089 ], [ -3.4466, 50.7091 ], [ -3.4405, 50.7078 ], [ -3.4396, 50.7084 ], [ -3.4375, 50.7088 ], [ -3.4345, 50.7087 ], [ -3.4294, 50.7083 ], [ -3.4229, 50.7077 ], [ -3.4177, 50.7074 ], [ -3.4126, 50.7076 ], [ -3.41, 50.707 ], [ -3.4048, 50.7057 ], [ -3.3987, 50.7049 ], [ -3.3922, 50.7042 ], [ -3.3868, 50.7051 ], [ -3.3803, 50.7058 ], [ -3.37, 50.7063 ], [ -3.3623, 50.7077 ], [ -3.3592, 50.7078 ], [ -3.3547, 50.7068 ], [ -3.3492, 50.706 ], [ -3.3465, 50.7043 ], [ -3.3417, 50.7019 ], [ -3.3373, 50.7 ], [ -3.3301, 50.6986 ], [ -3.3283, 50.6976 ], [ -3.3174, 50.6984 ], [ -3.3139, 50.6984 ], [ -3.3105, 50.6987 ], [ -3.3091, 50.6982 ], [ -3.3071, 50.6983 ], [ -3.3055, 50.6978 ], [ -3.3024, 50.6988 ], [ -3.2987, 50.6998 ], [ -3.2961, 50.7003 ], [ -3.2915, 50.7004 ], [ -3.2887, 50.701 ], [ -3.2839, 50.7019 ], [ -3.282, 50.701 ], [ -3.2786, 50.6997 ], [ -3.2765, 50.6991 ], [ -3.2748, 50.6987 ], [ -3.2688, 50.7014 ], [ -3.267, 50.7016 ], [ -3.2647, 50.7023 ], [ -3.2591, 50.7026 ], [ -3.2549, 50.701 ], [ -3.2494, 50.7001 ], [ -3.2415, 50.7008 ], [ -3.2392, 50.7013 ], [ -3.233, 50.7029 ], [ -3.2278, 50.7034 ], [ -3.2237, 50.703 ], [ -3.2191, 50.7016 ], [ -3.2123, 50.6996 ], [ -3.2124, 50.6988 ], [ -3.2068, 50.6996 ], [ -3.2037, 50.699 ], [ -3.1987, 50.6989 ], [ -3.197, 50.6981 ], [ -3.195, 50.6983 ], [ -3.1912, 50.6996 ], [ -3.1875, 50.7014 ], [ -3.1838, 50.7038 ], [ -3.1806, 50.7066 ], [ -3.1732, 50.7101 ], [ -3.1671, 50.7138 ], [ -3.165, 50.7148 ], [ -3.1598, 50.7157 ], [ -3.1535, 50.7158 ], [ -3.15, 50.715 ], [ -3.1426, 50.7135 ], [ -3.1385, 50.7128 ], [ -3.1328, 50.7126 ], [ -3.1281, 50.7118 ], [ -3.1195, 50.7152 ], [ -3.1142, 50.7167 ], [ -3.1058, 50.7182 ], [ -3.0961, 50.7183 ], [ -3.0889, 50.7182 ], [ -3.0854, 50.718 ], [ -3.0844, 50.7191 ], [ -3.0795, 50.7201 ], [ -3.0775, 50.7208 ], [ -3.0756, 50.7221 ], [ -3.0728, 50.7223 ], [ -3.0716, 50.7231 ], [ -3.0713, 50.7247 ], [ -3.0674, 50.7262 ], [ -3.0639, 50.7274 ], [ -3.0605, 50.728 ], [ -3.0573, 50.7296 ], [ -3.0535, 50.7288 ], [ -3.0509, 50.7287 ], [ -3.0475, 50.7291 ], [ -3.045, 50.7292 ], [ -3.0423, 50.7293 ], [ -3.0396, 50.7288 ], [ -3.0343, 50.7268 ], [ -3.0302, 50.7259 ], [ -3.0214, 50.7236 ], [ -3.0137, 50.7214 ], [ -3.0078, 50.7192 ], [ -3.0028, 50.7168 ], [ -2.9992, 50.7167 ], [ -2.9922, 50.717 ], [ -2.9888, 50.7176 ], [ -2.9832, 50.7185 ], [ -2.9793, 50.7179 ], [ -2.9753, 50.7185 ], [ -2.9713, 50.7198 ], [ -2.9669, 50.7201 ], [ -2.9572, 50.7239 ], [ -2.951, 50.7251 ], [ -2.9491, 50.726 ], [ -2.9468, 50.7259 ], [ -2.9463, 50.7252 ], [ -2.9461, 50.7244 ], [ -2.9448, 50.7239 ], [ -2.9433, 50.7243 ], [ -2.9415, 50.7247 ], [ -2.9392, 50.7246 ], [ -2.9361, 50.7253 ], [ -2.9329, 50.7248 ], [ -2.9317, 50.7252 ], [ -2.9315, 50.7262 ], [ -2.9307, 50.7272 ], [ -2.931, 50.7286 ], [ -2.931, 50.7302 ], [ -2.9314, 50.7315 ], [ -2.932, 50.7341 ], [ -2.9297, 50.7344 ], [ -2.9271, 50.735 ], [ -2.9245, 50.7359 ], [ -2.9219, 50.7356 ], [ -2.9203, 50.7359 ], [ -2.9167, 50.7358 ], [ -2.9146, 50.7362 ], [ -2.9124, 50.7361 ], [ -2.9087, 50.7376 ], [ -2.9069, 50.7392 ], [ -2.9053, 50.7385 ], [ -2.9013, 50.7389 ], [ -2.8978, 50.7397 ], [ -2.8959, 50.7396 ], [ -2.8948, 50.7387 ], [ -2.8935, 50.7379 ], [ -2.8914, 50.7388 ], [ -2.8873, 50.7401 ], [ -2.8833, 50.7406 ], [ -2.8712, 50.7421 ], [ -2.8685, 50.7426 ], [ -2.8631, 50.7432 ], [ -2.8599, 50.7435 ], [ -2.8573, 50.7431 ], [ -2.854, 50.7438 ], [ -2.8517, 50.7437 ], [ -2.8493, 50.7425 ], [ -2.8465, 50.7409 ], [ -2.8399, 50.7412 ], [ -2.8331, 50.737 ], [ -2.8301, 50.7363 ], [ -2.8264, 50.7335 ], [ -2.8211, 50.7323 ], [ -2.817, 50.7319 ], [ -2.8123, 50.7316 ], [ -2.8077, 50.731 ], [ -2.8034, 50.7309 ], [ -2.7997, 50.732 ], [ -2.7939, 50.7324 ], [ -2.7886, 50.7335 ], [ -2.7829, 50.7346 ], [ -2.7756, 50.7351 ], [ -2.7692, 50.7342 ], [ -2.7628, 50.7344 ], [ -2.7587, 50.7335 ], [ -2.7516, 50.7328 ], [ -2.7495, 50.7327 ], [ -2.7469, 50.7335 ], [ -2.7396, 50.736 ], [ -2.7365, 50.7359 ], [ -2.7325, 50.7349 ], [ -2.7283, 50.7349 ], [ -2.7248, 50.734 ], [ -2.7225, 50.7336 ], [ -2.7201, 50.733 ], [ -2.7172, 50.7322 ], [ -2.7147, 50.7322 ], [ -2.7136, 50.7332 ], [ -2.7107, 50.7337 ], [ -2.7068, 50.7336 ], [ -2.7039, 50.7328 ], [ -2.6981, 50.7326 ], [ -2.6962, 50.733 ], [ -2.6944, 50.7329 ], [ -2.6919, 50.732 ], [ -2.6895, 50.7316 ], [ -2.6869, 50.7311 ], [ -2.6844, 50.731 ], [ -2.6788, 50.7297 ], [ -2.6706, 50.7278 ], [ -2.6656, 50.7273 ], [ -2.6625, 50.7273 ], [ -2.648, 50.7246 ], [ -2.6442, 50.7236 ], [ -2.6355, 50.7235 ], [ -2.6274, 50.7225 ], [ -2.6172, 50.7206 ], [ -2.6131, 50.7201 ], [ -2.6103, 50.7198 ], [ -2.6077, 50.72 ], [ -2.6045, 50.7202 ], [ -2.5831, 50.7154 ], [ -2.5808, 50.7137 ], [ -2.5783, 50.7124 ], [ -2.5763, 50.7119 ], [ -2.5605, 50.7108 ], [ -2.5566, 50.7106 ], [ -2.5542, 50.7114 ], [ -2.5523, 50.7126 ], [ -2.5502, 50.7132 ], [ -2.5468, 50.7135 ], [ -2.5436, 50.7133 ], [ -2.5402, 50.7126 ], [ -2.5375, 50.7117 ], [ -2.5347, 50.7114 ] ] } },
{ "type": "Feature", "properties": { "linetype": 1 }, "geometry": { "type": "LineString", "coordinates": [ [ -2.5309, 50.7139 ], [ -2.5275, 50.715 ], [ -2.5252, 50.7156 ], [ -2.5226, 50.7159 ], [ -2.5138, 50.7128 ], [ -2.5063, 50.712 ], [ -2.502, 50.712 ], [ -2.4786, 50.7121 ], [ -2.455, 50.7124 ], [ -2.4418, 50.7149 ], [ -2.4368, 50.7154 ] ] } },
{ "type": "Feature", "properties": { "linetype": 1 }, "geometry": { "type": "LineString", "coordinates": [ [ -1.925, 54.5448 ], [ -1.8836, 54.7301 ] ] } },
{ "type": "Feature", "properties": { "linetype": 1 }, "geometry": { "type": "LineString", "coordinates": [ [ -1.4985, 53.6836 ], [ -1.6287, 53.6918 ], [ -1.7409, 53.7176 ], [ -1.8582, 53.7225 ] ] } },
{ "type": "Feature", "properties": { "linetype": 1 }, "geometry": { "type": "LineString", "coordinates": [ [ -1.925, 54.5448 ], [ -1.924, 54.5438 ], [ -1.9237, 54.5427 ], [ -1.9237, 54.5419 ], [ -1.9253, 54.5397 ], [ -1.9267, 54.538 ], [ -1.9273, 54.5364 ], [ -1.9248, 54.5351 ], [ -1.9235, 54.5345 ], [ -1.9206, 54.534 ], [ -1.9189, 54.533 ], [ -1.9151, 54.5329 ], [ -1.9113, 54.5327 ], [ -1.9095, 54.5329 ], [ -1.9072, 54.5329 ], [ -1.9051, 54.5322 ], [ -1.9031, 54.5306 ], [ -1.9, 54.5293 ], [ -1.8942, 54.5278 ], [ -1.8936, 54.5269 ], [ -1.8906, 54.5261 ], [ -1.889, 54.5252 ], [ -1.8878, 54.5245 ], [ -1.8857, 54.5237 ], [ -1.8823, 54.5231 ], [ -1.8797, 54.523 ], [ -1.8786, 54.5222 ], [ -1.8787, 54.5199 ], [ -1.8776, 54.5189 ], [ -1.8726, 54.5167 ], [ -1.8696, 54.5143 ], [ -1.8685, 54.5138 ], [ -1.8657, 54.5127 ], [ -1.8633, 54.5126 ], [ -1.8594, 54.5109 ], [ -1.8582, 54.5099 ], [ -1.855, 54.5082 ], [ -1.8528, 54.5077 ], [ -1.8454, 54.505 ], [ -1.8388, 54.5023 ], [ -1.8305, 54.4959 ], [ -1.8287, 54.4956 ], [ -1.8295, 54.4927 ], [ -1.8308, 54.4898 ], [ -1.8302, 54.4877 ], [ -1.8285, 54.4868 ], [ -1.8277, 54.487 ], [ -1.8261, 54.4863 ], [ -1.8249, 54.4849 ], [ -1.8242, 54.4835 ], [ -1.8232, 54.4813 ], [ -1.8226, 54.4796 ], [ -1.8235, 54.4785 ], [ -1.823, 54.4771 ], [ -1.8214, 54.4748 ], [ -1.8203, 54.4721 ], [ -1.8191, 54.4714 ], [ -1.8187, 54.4704 ], [ -1.8167, 54.4693 ], [ -1.8153, 54.4683 ], [ -1.8152, 54.4676 ], [ -1.8132, 54.4664 ], [ -1.8131, 54.4638 ], [ -1.8113, 54.463 ], [ -1.8097, 54.4621 ], [ -1.8088, 54.4612 ], [ -1.8072, 54.4601 ], [ -1.8058, 54.46 ], [ -1.8042, 54.4595 ], [ -1.8021, 54.4589 ], [ -1.7993, 54.4582 ], [ -1.7976, 54.4573 ], [ -1.7969, 54.4564 ], [ -1.7955, 54.4558 ], [ -1.794, 54.4547 ], [ -1.7908, 54.4544 ], [ -1.7891, 54.4545 ], [ -1.7862, 54.4544 ], [ -1.7861, 54.4548 ], [ -1.7842, 54.4547 ], [ -1.7813, 54.4537 ], [ -1.7772, 54.4527 ], [ -1.7765, 54.4513 ], [ -1.7756, 54.45 ], [ -1.7748, 54.4468 ], [ -1.7732, 54.446 ], [ -1.7713, 54.4446 ], [ -1.7714, 54.4437 ], [ -1.77, 54.4418 ], [ -1.7699, 54.4408 ], [ -1.7695, 54.4402 ], [ -1.7691, 54.4387 ], [ -1.7685, 54.4375 ], [ -1.7645, 54.4368 ], [ -1.762, 54.4359 ], [ -1.7592, 54.4348 ], [ -1.7547, 54.4303 ], [ -1.7534, 54.4297 ], [ -1.752, 54.4279 ], [ -1.7495, 54.4235 ], [ -1.7496, 54.4219 ], [ -1.7488, 54.4204 ], [ -1.7475, 54.4198 ], [ -1.7411, 54.4148 ], [ -1.7341, 54.4116 ], [ -1.7333, 54.4081 ], [ -1.7338, 54.4072 ], [ -1.7336, 54.4066 ], [ -1.7318, 54.4067 ], [ -1.7275, 54.4053 ], [ -1.7239, 54.4043 ], [ -1.7204, 54.4035 ], [ -1.718, 54.4031 ], [ -1.7141, 54.4026 ], [ -1.7116, 54.4025 ], [ -1.7065, 54.4001 ], [ -1.7054, 54.3987 ], [ -1.7026, 54.3985 ], [ -1.6985, 54.3988 ], [ -1.6944, 54.3978 ], [ -1.6904, 54.3981 ], [ -1.6878, 54.3967 ], [ -1.6877, 54.3959 ], [ -1.684, 54.3954 ], [ -1.6803, 54.3942 ], [ -1.6779, 54.3941 ], [ -1.675, 54.3942 ], [ -1.672, 54.3939 ], [ -1.6705, 54.3936 ], [ -1.6701, 54.3924 ], [ -1.6641, 54.3923 ], [ -1.6603, 54.3917 ], [ -1.6571, 54.3915 ], [ -1.6526, 54.3913 ], [ -1.6514, 54.3893 ], [ -1.6503, 54.3888 ], [ -1.6489, 54.3887 ], [ -1.6474, 54.3877 ], [ -1.6442, 54.3857 ], [ -1.6409, 54.3829 ], [ -1.639, 54.3811 ], [ -1.6366, 54.38 ], [ -1.6352, 54.3798 ], [ -1.6306, 54.3775 ], [ -1.6292, 54.3764 ], [ -1.6289, 54.37 ], [ -1.6286, 54.3687 ], [ -1.6269, 54.3671 ], [ -1.6138, 54.3564 ], [ -1.5893, 54.3332 ], [ -1.5684, 54.3136 ], [ -1.5626, 54.3075 ], [ -1.5595, 54.3048 ], [ -1.5588, 54.3034 ], [ -1.5575, 54.3023 ], [ -1.5556, 54.3019 ], [ -1.5532, 54.3023 ], [ -1.5512, 54.3022 ], [ -1.5499, 54.3013 ], [ -1.5499, 54.2999 ], [ -1.5492, 54.2988 ], [ -1.5463, 54.2948 ], [ -1.5415, 54.2893 ], [ -1.537, 54.2845 ], [ -1.5352, 54.2823 ], [ -1.5259, 54.2717 ], [ -1.5213, 54.2663 ], [ -1.5189, 54.2636 ], [ -1.5166, 54.2599 ], [ -1.5134, 54.2562 ], [ -1.5076, 54.25 ], [ -1.5061, 54.2475 ], [ -1.5049, 54.245 ], [ -1.493, 54.2302 ], [ -1.4821, 54.2171 ], [ -1.4813, 54.2158 ], [ -1.4832, 54.2154 ], [ -1.4837, 54.214 ], [ -1.4857, 54.2127 ], [ -1.4865, 54.2112 ], [ -1.4863, 54.2084 ], [ -1.4861, 54.207 ], [ -1.4864, 54.2055 ], [ -1.4862, 54.204 ], [ -1.4867, 54.2029 ], [ -1.4869, 54.2013 ], [ -1.4868, 54.1999 ], [ -1.4881, 54.1985 ], [ -1.4894, 54.1969 ], [ -1.4907, 54.1964 ], [ -1.4935, 54.1941 ], [ -1.4958, 54.1928 ], [ -1.4975, 54.1913 ], [ -1.5017, 54.1891 ], [ -1.5035, 54.189 ], [ -1.5052, 54.1886 ], [ -1.5087, 54.187 ], [ -1.5086, 54.185 ], [ -1.5092, 54.1825 ], [ -1.5095, 54.1814 ], [ -1.5085, 54.1794 ], [ -1.5075, 54.1785 ], [ -1.5076, 54.1778 ], [ -1.5104, 54.1765 ], [ -1.51, 54.1743 ], [ -1.5101, 54.1707 ], [ -1.5109, 54.1695 ], [ -1.5114, 54.1672 ], [ -1.5088, 54.1661 ], [ -1.508, 54.165 ], [ -1.5086, 54.1638 ], [ -1.5051, 54.1632 ], [ -1.5048, 54.1622 ], [ -1.5057, 54.1607 ], [ -1.5061, 54.1587 ], [ -1.507, 54.1579 ], [ -1.5065, 54.1552 ], [ -1.5079, 54.1542 ], [ -1.5076, 54.1531 ], [ -1.5077, 54.1498 ], [ -1.5091, 54.1484 ], [ -1.5097, 54.1472 ], [ -1.5091, 54.1464 ], [ -1.5155, 54.1437 ], [ -1.5167, 54.1427 ], [ -1.5203, 54.1422 ], [ -1.5228, 54.1413 ], [ -1.5239, 54.1406 ], [ -1.5245, 54.1395 ], [ -1.5244, 54.1387 ], [ -1.5239, 54.1379 ], [ -1.5237, 54.1374 ], [ -1.524, 54.1367 ], [ -1.5238, 54.1363 ], [ -1.5229, 54.1354 ], [ -1.5229, 54.1348 ], [ -1.5206, 54.1334 ], [ -1.5193, 54.1328 ], [ -1.5147, 54.1316 ], [ -1.509, 54.1295 ], [ -1.506, 54.1288 ], [ -1.5025, 54.1283 ], [ -1.4997, 54.1281 ], [ -1.4966, 54.127 ], [ -1.4936, 54.1262 ], [ -1.4931, 54.1267 ], [ -1.4919, 54.1271 ], [ -1.4885, 54.1267 ], [ -1.4869, 54.1272 ], [ -1.4857, 54.128 ], [ -1.4838, 54.1279 ], [ -1.481, 54.1284 ], [ -1.4775, 54.1276 ], [ -1.4743, 54.127 ], [ -1.4722, 54.1271 ], [ -1.4695, 54.1261 ], [ -1.4668, 54.1258 ], [ -1.4652, 54.1258 ], [ -1.4612, 54.1251 ], [ -1.4591, 54.1253 ], [ -1.4559, 54.1259 ], [ -1.4531, 54.1257 ], [ -1.4456, 54.124 ], [ -1.4412, 54.1229 ], [ -1.433, 54.1217 ], [ -1.4102, 54.113 ], [ -1.4088, 54.1127 ], [ -1.4087, 54.1117 ], [ -1.4073, 54.1098 ], [ -1.4041, 54.1052 ], [ -1.4021, 54.1013 ], [ -1.4004, 54.0999 ], [ -1.3987, 54.0992 ], [ -1.3965, 54.0992 ] ] } },
{ "type": "Feature", "properties": { "linetype": 1 }, "geometry": { "type": "LineString", "coordinates": [ [ -1.7336, 54.4066 ], [ -1.7356, 54.4036 ], [ -1.736, 54.403 ], [ -1.7373, 54.4031 ] ] } },
{ "type": "Feature", "properties": { "linetype": 1 }, "geometry": { "type": "LineString", "coordinates": [ [ -1.2684, 53.7128 ], [ -1.2706, 53.7129 ], [ -1.2758, 53.7115 ], [ -1.2799, 53.7102 ], [ -1.2869, 53.7076 ], [ -1.2926, 53.7042 ], [ -1.2941, 53.7032 ], [ -1.2968, 53.7023 ], [ -1.2989, 53.6999 ], [ -1.3008, 53.6991 ], [ -1.3033, 53.6981 ], [ -1.3029, 53.6963 ], [ -1.3029, 53.6956 ], [ -1.3061, 53.6936 ], [ -1.3104, 53.6921 ], [ -1.311, 53.6922 ], [ -1.3127, 53.6918 ], [ -1.3161, 53.6918 ], [ -1.3165, 53.6915 ], [ -1.3163, 53.6907 ], [ -1.3144, 53.6895 ], [ -1.3145, 53.6885 ], [ -1.3178, 53.6882 ], [ -1.32, 53.6878 ], [ -1.327, 53.6845 ], [ -1.3322, 53.6819 ], [ -1.336, 53.6803 ], [ -1.3382, 53.6785 ], [ -1.3406, 53.677 ], [ -1.3443, 53.6748 ], [ -1.3463, 53.6747 ], [ -1.35, 53.6738 ], [ -1.3539, 53.6745 ], [ -1.3555, 53.6744 ], [ -1.3576, 53.6744 ], [ -1.3608, 53.6748 ], [ -1.3799, 53.676 ], [ -1.3838, 53.6755 ], [ -1.3926, 53.6754 ], [ -1.398, 53.6757 ], [ -1.4028, 53.6762 ], [ -1.4068, 53.6761 ], [ -1.4118, 53.6752 ], [ -1.4143, 53.6756 ], [ -1.421, 53.6749 ], [ -1.4255, 53.6749 ], [ -1.4287, 53.6747 ], [ -1.4332, 53.6735 ], [ -1.4366, 53.6732 ], [ -1.4432, 53.6734 ], [ -1.4448, 53.6724 ], [ -1.4513, 53.6715 ], [ -1.4589, 53.6705 ], [ -1.4652, 53.6692 ], [ -1.4697, 53.6683 ], [ -1.4752, 53.6692 ], [ -1.4885, 53.6739 ], [ -1.4898, 53.6756 ], [ -1.4897, 53.6766 ], [ -1.4899, 53.6772 ], [ -1.491, 53.6773 ], [ -1.4911, 53.678 ], [ -1.492, 53.6787 ], [ -1.4926, 53.6805 ], [ -1.4946, 53.6828 ], [ -1.4978, 53.6825 ], [ -1.4979, 53.6835 ], [ -1.4985, 53.6836 ] ] } },
{ "type": "Feature", "properties": { "linetype": 1 }, "geometry": { "type": "LineString", "coordinates": [ [ -1.3803, 54.0171 ], [ -1.3817, 54.0199 ], [ -1.3814, 54.022 ], [ -1.3833, 54.0268 ], [ -1.3842, 54.0306 ], [ -1.3845, 54.0341 ], [ -1.384, 54.0359 ], [ -1.3842, 54.0386 ], [ -1.385, 54.0412 ], [ -1.3868, 54.0444 ], [ -1.3879, 54.0477 ], [ -1.3874, 54.0513 ], [ -1.3877, 54.0539 ], [ -1.3892, 54.0563 ], [ -1.39, 54.0603 ], [ -1.3897, 54.0629 ], [ -1.3907, 54.065 ], [ -1.3914, 54.0675 ], [ -1.3914, 54.0697 ], [ -1.3917, 54.0726 ], [ -1.3929, 54.0753 ], [ -1.3943, 54.0786 ], [ -1.3955, 54.0831 ], [ -1.3975, 54.0894 ], [ -1.3958, 54.0943 ], [ -1.395, 54.0943 ] ] } },
{ "type": "Feature", "properties": { "linetype": 1 }, "geometry": { "type": "LineString", "coordinates": [ [ -1.265, 53.7269 ], [ -1.2696, 53.7277 ], [ -1.2733, 53.7312 ], [ -1.2744, 53.7336 ], [ -1.2763, 53.7356 ], [ -1.2843, 53.7456 ], [ -1.2875, 53.7489 ], [ -1.291, 53.751 ], [ -1.2919, 53.7526 ], [ -1.292, 53.7593 ], [ -1.2918, 53.7608 ], [ -1.2906, 53.7626 ], [ -1.2901, 53.7642 ], [ -1.291, 53.7654 ], [ -1.2916, 53.7672 ], [ -1.2933, 53.7694 ], [ -1.2978, 53.7725 ], [ -1.3131, 53.7795 ], [ -1.3234, 53.7846 ], [ -1.3258, 53.7862 ], [ -1.327, 53.7876 ], [ -1.3275, 53.7897 ], [ -1.328, 53.7916 ], [ -1.3274, 53.7922 ], [ -1.3267, 53.7928 ], [ -1.3269, 53.7934 ], [ -1.33, 53.7963 ], [ -1.3317, 53.7968 ], [ -1.3341, 53.7985 ], [ -1.3362, 53.8008 ], [ -1.3409, 53.8053 ], [ -1.3424, 53.8105 ], [ -1.3443, 53.8145 ], [ -1.3435, 53.8208 ], [ -1.3434, 53.8238 ], [ -1.343, 53.8249 ], [ -1.3433, 53.826 ], [ -1.3432, 53.8282 ], [ -1.343, 53.8301 ], [ -1.343, 53.8314 ], [ -1.3419, 53.8349 ], [ -1.3423, 53.836 ], [ -1.3425, 53.837 ], [ -1.3424, 53.8407 ], [ -1.3428, 53.8497 ], [ -1.3437, 53.8559 ], [ -1.3459, 53.862 ], [ -1.3479, 53.867 ], [ -1.3478, 53.8686 ], [ -1.3488, 53.8707 ], [ -1.351, 53.8729 ], [ -1.3512, 53.8753 ], [ -1.3546, 53.876 ], [ -1.3546, 53.8775 ], [ -1.3551, 53.8791 ], [ -1.3553, 53.8805 ], [ -1.3554, 53.8815 ], [ -1.3565, 53.8826 ], [ -1.3589, 53.8841 ], [ -1.3607, 53.8862 ], [ -1.3633, 53.888 ], [ -1.3641, 53.89 ], [ -1.3651, 53.8921 ], [ -1.3676, 53.894 ], [ -1.3694, 53.896 ], [ -1.3724, 53.9009 ], [ -1.3747, 53.9035 ], [ -1.3772, 53.9058 ], [ -1.3791, 53.9071 ], [ -1.3838, 53.9093 ], [ -1.3864, 53.9106 ], [ -1.3866, 53.9122 ], [ -1.3856, 53.9151 ], [ -1.3853, 53.9181 ], [ -1.3859, 53.924 ], [ -1.3862, 53.9264 ], [ -1.386, 53.9287 ], [ -1.3854, 53.9302 ], [ -1.3839, 53.9319 ], [ -1.3835, 53.9342 ], [ -1.3846, 53.9364 ], [ -1.3868, 53.9384 ], [ -1.3889, 53.9415 ], [ -1.3902, 53.9428 ], [ -1.3888, 53.9451 ], [ -1.388, 53.947 ], [ -1.3875, 53.9494 ], [ -1.3867, 53.9525 ], [ -1.3851, 53.9555 ], [ -1.3822, 53.9594 ], [ -1.3822, 53.9627 ], [ -1.3803, 53.9642 ], [ -1.3774, 53.9693 ], [ -1.3758, 53.9705 ], [ -1.375, 53.9721 ], [ -1.3738, 53.9725 ], [ -1.3728, 53.9727 ], [ -1.3725, 53.9735 ], [ -1.3641, 53.9762 ], [ -1.3626, 53.9811 ], [ -1.3623, 53.9852 ], [ -1.3625, 53.9906 ], [ -1.3647, 53.9961 ], [ -1.3659, 53.9978 ], [ -1.371, 54.0019 ], [ -1.374, 54.0058 ], [ -1.3757, 54.0092 ] ] } },
{ "type": "Feature", "properties": { "linetype": 1 }, "geometry": { "type": "LineString", "coordinates": [ [ -3.2176, 54.6819 ], [ -3.2141, 54.6821 ], [ -2.98, 54.6369 ], [ -2.8092, 54.6756 ], [ -2.7534, 54.6645 ] ] } },
{ "type": "Feature", "properties": { "linetype": 1 }, "geometry": { "type": "LineString", "coordinates": [ [ -3.3712, 54.663 ], [ -3.4163, 54.6595 ], [ -3.4638, 54.6494 ] ] } },
{ "type": "Feature", "properties": { "linetype": 1 }, "geometry": { "type": "LineString", "coordinates": [ [ -2.9357, 54.8945 ], [ -2.9407, 54.8962 ], [ -2.9441, 54.8953 ], [ -2.9477, 54.8947 ], [ -2.9501, 54.8935 ], [ -2.9515, 54.8929 ], [ -2.9531, 54.8921 ], [ -2.9561, 54.8902 ], [ -2.9624, 54.8878 ], [ -2.9668, 54.8847 ], [ -2.9691, 54.8821 ], [ -2.9761, 54.8755 ], [ -2.9827, 54.8711 ], [ -2.9898, 54.8675 ], [ -3.0373, 54.8465 ], [ -3.0424, 54.8456 ], [ -3.0442, 54.8448 ], [ -3.0456, 54.8437 ], [ -3.0478, 54.8428 ], [ -3.0496, 54.8423 ], [ -3.0513, 54.8415 ], [ -3.0536, 54.8407 ], [ -3.0556, 54.8403 ], [ -3.0579, 54.8407 ], [ -3.0599, 54.8405 ], [ -3.0618, 54.8407 ], [ -3.0639, 54.8401 ], [ -3.0659, 54.8387 ], [ -3.0673, 54.8381 ], [ -3.0702, 54.8383 ], [ -3.0724, 54.8383 ], [ -3.0757, 54.8372 ], [ -3.0773, 54.8362 ], [ -3.0787, 54.8354 ], [ -3.0789, 54.8344 ], [ -3.0779, 54.8324 ], [ -3.0787, 54.8313 ], [ -3.0933, 54.8264 ], [ -3.1203, 54.8166 ], [ -3.1235, 54.8152 ], [ -3.1257, 54.8151 ], [ -3.1354, 54.8116 ], [ -3.1405, 54.809 ], [ -3.142, 54.8088 ], [ -3.1436, 54.8076 ], [ -3.1459, 54.8068 ], [ -3.151, 54.8056 ], [ -3.155, 54.8049 ], [ -3.1591, 54.8038 ], [ -3.1613, 54.8021 ], [ -3.1773, 54.7941 ], [ -3.1864, 54.7888 ], [ -3.188, 54.7875 ], [ -3.1933, 54.7856 ], [ -3.1956, 54.7845 ], [ -3.2009, 54.7823 ], [ -3.2009, 54.781 ], [ -3.2019, 54.7797 ], [ -3.2039, 54.7785 ], [ -3.2096, 54.7775 ], [ -3.224, 54.7697 ], [ -3.2281, 54.7688 ], [ -3.2309, 54.7676 ], [ -3.2317, 54.7668 ], [ -3.2337, 54.7659 ], [ -3.2345, 54.7651 ], [ -3.2349, 54.7642 ], [ -3.2359, 54.7635 ], [ -3.2381, 54.7624 ], [ -3.2442, 54.759 ], [ -3.2463, 54.7589 ], [ -3.249, 54.7567 ], [ -3.2512, 54.7555 ], [ -3.255, 54.7548 ], [ -3.2557, 54.7533 ], [ -3.2558, 54.7513 ], [ -3.2587, 54.7491 ], [ -3.2611, 54.7484 ], [ -3.2643, 54.7481 ], [ -3.2675, 54.7467 ], [ -3.2692, 54.7446 ], [ -3.2699, 54.7429 ], [ -3.2698, 54.7414 ], [ -3.2729, 54.7409 ], [ -3.2738, 54.7399 ], [ -3.2729, 54.7393 ], [ -3.2726, 54.7386 ], [ -3.2746, 54.7363 ], [ -3.2744, 54.7352 ], [ -3.2776, 54.7344 ], [ -3.2802, 54.734 ], [ -3.2819, 54.7339 ], [ -3.2843, 54.7318 ], [ -3.2881, 54.7297 ], [ -3.2984, 54.7265 ], [ -3.3007, 54.7232 ], [ -3.302, 54.7221 ], [ -3.305, 54.7216 ], [ -3.3304, 54.7045 ], [ -3.3317, 54.7031 ], [ -3.3414, 54.6968 ], [ -3.3423, 54.6957 ], [ -3.3429, 54.6948 ], [ -3.3441, 54.6934 ], [ -3.3459, 54.6924 ], [ -3.3481, 54.6921 ], [ -3.3506, 54.6912 ], [ -3.3529, 54.6895 ], [ -3.3513, 54.6885 ], [ -3.353, 54.6873 ], [ -3.3536, 54.6865 ], [ -3.3541, 54.6857 ], [ -3.3559, 54.6847 ], [ -3.3569, 54.6837 ], [ -3.3594, 54.6823 ], [ -3.3612, 54.6805 ], [ -3.3636, 54.6794 ], [ -3.3655, 54.6789 ], [ -3.3671, 54.6777 ], [ -3.368, 54.677 ], [ -3.3693, 54.6765 ], [ -3.3712, 54.6762 ], [ -3.3727, 54.6752 ], [ -3.3737, 54.6743 ], [ -3.375, 54.6738 ], [ -3.3759, 54.6732 ], [ -3.3767, 54.6726 ], [ -3.3753, 54.6717 ], [ -3.3741, 54.6699 ], [ -3.3736, 54.6689 ], [ -3.3735, 54.6681 ], [ -3.3727, 54.6673 ], [ -3.3725, 54.6666 ], [ -3.373, 54.666 ], [ -3.3713, 54.6637 ], [ -3.3712, 54.663 ] ] } },
{ "type": "Feature", "properties": { "linetype": 1 }, "geometry": { "type": "Point", "coordinates": [ -3.3712, 54.663 ] } },
{ "type": "Feature", "properties": { "linetype": 1 }, "geometry": { "type": "LineString", "coordinates": [ [ -3.3623, 54.6639 ], [ -3.3646, 54.6635 ], [ -3.3676, 54.6633 ] ] } },
{ "type": "Feature", "properties": { "linetype": 1 }, "geometry": { "type": "LineString", "coordinates": [ [ -3.3676, 54.6633 ], [ -3.3699, 54.6629 ], [ -3.3712, 54.663 ] ] } },
{ "type": "Feature", "properties": { "linetype": 1 }, "geometry": { "type": "LineString", "coordinates": [ [ -3.3623, 54.6639 ], [ -3.3612, 54.6641 ], [ -3.3605, 54.665 ], [ -3.3483, 54.667 ], [ -3.3465, 54.668 ], [ -3.3422, 54.6686 ], [ -3.3364, 54.6693 ], [ -3.329, 54.6707 ], [ -3.3006, 54.6701 ], [ -3.2974, 54.6694 ], [ -3.275, 54.6707 ], [ -3.2703, 54.6713 ], [ -3.2637, 54.6737 ], [ -3.2612, 54.6742 ], [ -3.2598, 54.6748 ], [ -3.257, 54.6751 ], [ -3.2558, 54.6749 ], [ -3.2538, 54.6751 ], [ -3.2534, 54.6745 ], [ -3.2518, 54.6744 ], [ -3.2491, 54.6759 ], [ -3.2454, 54.6772 ], [ -3.2428, 54.6769 ], [ -3.2428, 54.6775 ], [ -3.2429, 54.6782 ], [ -3.2378, 54.6786 ], [ -3.2349, 54.6785 ], [ -3.2327, 54.6786 ], [ -3.2302, 54.6793 ], [ -3.2287, 54.6804 ], [ -3.2268, 54.6817 ], [ -3.2188, 54.6831 ], [ -3.2176, 54.6819 ], [ -3.2146, 54.6798 ], [ -3.2122, 54.6787 ], [ -3.2101, 54.6785 ], [ -3.2062, 54.6763 ], [ -3.1987, 54.6732 ], [ -3.1962, 54.6722 ], [ -3.1948, 54.6715 ], [ -3.1924, 54.6709 ], [ -3.1905, 54.6691 ], [ -3.1892, 54.6685 ], [ -3.1887, 54.6658 ], [ -3.1879, 54.6649 ], [ -3.1883, 54.6636 ], [ -3.1875, 54.6625 ], [ -3.188, 54.6615 ], [ -3.1867, 54.656 ], [ -3.188, 54.6525 ], [ -3.1899, 54.651 ], [ -3.1881, 54.6462 ], [ -3.1869, 54.6443 ], [ -3.1876, 54.6422 ], [ -3.1887, 54.6412 ], [ -3.1883, 54.6375 ], [ -3.1837, 54.6341 ], [ -3.1811, 54.6307 ], [ -3.1778, 54.6292 ], [ -3.1736, 54.6286 ], [ -3.1717, 54.6277 ], [ -3.1697, 54.6262 ], [ -3.1652, 54.625 ], [ -3.1621, 54.6235 ], [ -3.1576, 54.6222 ], [ -3.1554, 54.6209 ], [ -3.1532, 54.6204 ], [ -3.1489, 54.618 ], [ -3.1482, 54.6163 ], [ -3.1482, 54.6148 ], [ -3.1469, 54.6135 ], [ -3.141, 54.6109 ], [ -3.1403, 54.6103 ], [ -3.1419, 54.6091 ], [ -3.1408, 54.6081 ], [ -3.1408, 54.6068 ], [ -3.1416, 54.6061 ], [ -3.1447, 54.6055 ], [ -3.1451, 54.6049 ], [ -3.1424, 54.6033 ], [ -3.1376, 54.601 ], [ -3.136, 54.6002 ], [ -3.1341, 54.599 ], [ -3.1325, 54.598 ], [ -3.1264, 54.5975 ], [ -3.1226, 54.5976 ], [ -3.1195, 54.5991 ], [ -3.1184, 54.5993 ], [ -3.1165, 54.5972 ], [ -3.1152, 54.5968 ], [ -3.1109, 54.5971 ], [ -3.1096, 54.5972 ], [ -3.1041, 54.5951 ], [ -3.1007, 54.5932 ], [ -3.0987, 54.5885 ], [ -3.0956, 54.5872 ], [ -3.092, 54.5861 ], [ -3.0891, 54.584 ], [ -3.0877, 54.5824 ], [ -3.0871, 54.5804 ], [ -3.0857, 54.5792 ], [ -3.0851, 54.577 ], [ -3.0841, 54.5766 ], [ -3.0828, 54.5769 ], [ -3.0811, 54.5754 ], [ -3.0804, 54.5745 ], [ -3.0788, 54.5743 ], [ -3.0769, 54.5748 ], [ -3.0744, 54.5748 ], [ -3.0667, 54.5721 ], [ -3.064, 54.5703 ], [ -3.0617, 54.5687 ], [ -3.0604, 54.5674 ], [ -3.0605, 54.5666 ], [ -3.0598, 54.5653 ], [ -3.0589, 54.5642 ], [ -3.0583, 54.5629 ], [ -3.0574, 54.562 ], [ -3.0563, 54.5611 ], [ -3.0585, 54.5549 ], [ -3.0579, 54.5509 ], [ -3.059, 54.5494 ], [ -3.059, 54.5465 ], [ -3.0592, 54.5442 ], [ -3.0597, 54.5431 ], [ -3.0594, 54.5412 ], [ -3.0593, 54.5382 ], [ -3.0555, 54.534 ], [ -3.0532, 54.5318 ], [ -3.0509, 54.5287 ], [ -3.0491, 54.5244 ], [ -3.0491, 54.5223 ], [ -3.0472, 54.5205 ], [ -3.0455, 54.5166 ], [ -3.0454, 54.5148 ], [ -3.0457, 54.5128 ], [ -3.0444, 54.5073 ], [ -3.0423, 54.5042 ], [ -3.0427, 54.5019 ], [ -3.0423, 54.4998 ], [ -3.0368, 54.4919 ], [ -3.0345, 54.4883 ], [ -3.0322, 54.4846 ], [ -3.0305, 54.4811 ], [ -3.0285, 54.4778 ], [ -3.0275, 54.4741 ], [ -3.026, 54.4731 ], [ -3.0259, 54.471 ], [ -3.024, 54.4678 ], [ -3.0171, 54.4615 ], [ -3.0174, 54.4603 ], [ -3.0169, 54.4591 ], [ -3.018, 54.4571 ], [ -3.018, 54.4546 ], [ -3.0172, 54.4507 ], [ -3.016, 54.4496 ], [ -3.016, 54.4481 ], [ -3.0157, 54.446 ], [ -3.0104, 54.4467 ], [ -3.01, 54.4478 ], [ -3.0077, 54.4497 ], [ -3.0057, 54.45 ], [ -3.0019, 54.45 ], [ -2.9997, 54.4492 ], [ -2.9977, 54.4487 ], [ -2.9932, 54.4488 ], [ -2.9916, 54.4485 ], [ -2.9888, 54.4484 ], [ -2.9862, 54.4478 ], [ -2.9844, 54.4468 ], [ -2.9816, 54.4466 ], [ -2.9776, 54.4442 ], [ -2.9773, 54.4433 ], [ -2.9762, 54.4424 ], [ -2.9736, 54.4413 ], [ -2.9719, 54.4391 ], [ -2.9704, 54.4384 ], [ -2.9701, 54.4369 ], [ -2.9692, 54.4356 ], [ -2.9668, 54.4347 ], [ -2.9637, 54.4339 ], [ -2.9633, 54.433 ], [ -2.9635, 54.4325 ], [ -2.9624, 54.4321 ], [ -2.9622, 54.4295 ], [ -2.961, 54.4278 ], [ -2.9613, 54.4266 ], [ -2.9609, 54.4253 ], [ -2.9617, 54.4242 ], [ -2.9615, 54.4228 ], [ -2.9608, 54.4221 ], [ -2.9612, 54.4212 ], [ -2.9612, 54.4203 ], [ -2.9615, 54.4195 ], [ -2.9609, 54.4183 ], [ -2.9601, 54.417 ], [ -2.9597, 54.4162 ], [ -2.9584, 54.4153 ], [ -2.9558, 54.4143 ], [ -2.954, 54.4143 ], [ -2.9524, 54.4139 ], [ -2.9512, 54.4127 ], [ -2.9502, 54.4121 ], [ -2.9484, 54.4114 ], [ -2.9481, 54.4103 ], [ -2.9478, 54.4091 ], [ -2.9468, 54.4082 ], [ -2.9466, 54.4075 ], [ -2.9457, 54.4063 ], [ -2.9441, 54.405 ], [ -2.9441, 54.4032 ], [ -2.9404, 54.4015 ], [ -2.9384, 54.4007 ], [ -2.9359, 54.4001 ], [ -2.9323, 54.3972 ], [ -2.9278, 54.3957 ], [ -2.9242, 54.3953 ], [ -2.9216, 54.3953 ], [ -2.9205, 54.3952 ], [ -2.9188, 54.3934 ], [ -2.9175, 54.3933 ], [ -2.9148, 54.3928 ], [ -2.9138, 54.393 ], [ -2.9133, 54.3929 ], [ -2.9121, 54.3931 ], [ -2.9103, 54.3925 ], [ -2.9089, 54.3924 ], [ -2.9079, 54.3926 ], [ -2.9072, 54.3924 ], [ -2.9053, 54.3924 ], [ -2.9036, 54.3928 ], [ -2.902, 54.3924 ], [ -2.9008, 54.3925 ], [ -2.8985, 54.3926 ], [ -2.8963, 54.3933 ], [ -2.8936, 54.393 ], [ -2.8903, 54.3927 ], [ -2.8888, 54.3927 ], [ -2.8844, 54.392 ], [ -2.881, 54.3918 ], [ -2.8807, 54.3912 ], [ -2.8776, 54.3904 ], [ -2.8762, 54.3903 ], [ -2.8715, 54.3891 ], [ -2.868, 54.3862 ], [ -2.8666, 54.386 ], [ -2.8623, 54.3834 ], [ -2.862, 54.3829 ], [ -2.8594, 54.3813 ], [ -2.8575, 54.381 ], [ -2.8556, 54.3801 ], [ -2.8544, 54.38 ], [ -2.8535, 54.3804 ], [ -2.8487, 54.3804 ], [ -2.8466, 54.3808 ], [ -2.8444, 54.3806 ], [ -2.8379, 54.3796 ], [ -2.8344, 54.3789 ], [ -2.8327, 54.3783 ], [ -2.8302, 54.3778 ], [ -2.8276, 54.3777 ], [ -2.8258, 54.3779 ], [ -2.8243, 54.3774 ], [ -2.8223, 54.3774 ], [ -2.8201, 54.3777 ], [ -2.819, 54.3781 ], [ -2.8178, 54.3781 ], [ -2.8169, 54.3774 ], [ -2.8162, 54.3766 ], [ -2.8152, 54.3761 ], [ -2.8143, 54.3748 ], [ -2.8128, 54.3731 ], [ -2.8112, 54.3725 ], [ -2.8093, 54.3721 ], [ -2.8075, 54.3709 ], [ -2.8073, 54.3697 ], [ -2.8075, 54.369 ], [ -2.8067, 54.368 ], [ -2.8039, 54.3672 ], [ -2.8006, 54.3655 ], [ -2.7982, 54.3651 ], [ -2.7944, 54.3643 ], [ -2.7917, 54.3648 ], [ -2.789, 54.3647 ], [ -2.7863, 54.3651 ], [ -2.7823, 54.3651 ], [ -2.7814, 54.3647 ], [ -2.7798, 54.3645 ], [ -2.7784, 54.3641 ], [ -2.7775, 54.3642 ], [ -2.7756, 54.3632 ], [ -2.7753, 54.3626 ], [ -2.7744, 54.3624 ], [ -2.7719, 54.3601 ], [ -2.7715, 54.3592 ], [ -2.76, 54.3513 ], [ -2.7588, 54.3489 ], [ -2.7562, 54.3484 ], [ -2.7541, 54.3472 ], [ -2.7536, 54.346 ], [ -2.7522, 54.3453 ], [ -2.7512, 54.3449 ], [ -2.7511, 54.3432 ], [ -2.7504, 54.3413 ], [ -2.7494, 54.3405 ], [ -2.7492, 54.3381 ], [ -2.7493, 54.3363 ], [ -2.7491, 54.3349 ], [ -2.7496, 54.3336 ], [ -2.7498, 54.3322 ], [ -2.7478, 54.3305 ], [ -2.7473, 54.3285 ], [ -2.7456, 54.3284 ], [ -2.7451, 54.3279 ] ] } },
{ "type": "Feature", "properties": { "linetype": 1 }, "geometry": { "type": "LineString", "coordinates": [ [ -3.5345, 54.49 ], [ -3.5357, 54.4917 ], [ -3.591, 54.5468 ], [ -3.5421, 54.6425 ], [ -3.4638, 54.6494 ] ] } },
{ "type": "Feature", "properties": { "linetype": 1 }, "geometry": { "type": "LineString", "coordinates": [ [ -3.5292, 54.481 ], [ -3.5286, 54.4825 ], [ -3.5286, 54.4842 ], [ -3.5293, 54.4854 ], [ -3.5302, 54.4862 ], [ -3.5307, 54.4882 ], [ -3.5332, 54.4889 ], [ -3.5345, 54.49 ], [ -3.5335, 54.4915 ], [ -3.5334, 54.4924 ], [ -3.5325, 54.4932 ], [ -3.5324, 54.494 ], [ -3.532, 54.4944 ], [ -3.5305, 54.495 ], [ -3.5303, 54.4969 ], [ -3.5299, 54.4985 ], [ -3.5297, 54.4996 ], [ -3.529, 54.5003 ], [ -3.5288, 54.5012 ], [ -3.5291, 54.5024 ], [ -3.5281, 54.503 ], [ -3.5271, 54.5033 ], [ -3.5257, 54.5035 ], [ -3.5252, 54.5048 ], [ -3.5237, 54.5062 ], [ -3.5211, 54.5077 ], [ -3.5192, 54.5092 ], [ -3.5192, 54.5102 ], [ -3.5189, 54.5109 ], [ -3.5174, 54.5115 ], [ -3.5161, 54.5122 ], [ -3.5128, 54.5133 ], [ -3.5087, 54.5142 ], [ -3.5077, 54.5146 ], [ -3.5071, 54.5152 ], [ -3.5048, 54.5159 ], [ -3.503, 54.5179 ], [ -3.5017, 54.5183 ], [ -3.5002, 54.5182 ], [ -3.4994, 54.5188 ], [ -3.4981, 54.5189 ], [ -3.4962, 54.519 ], [ -3.4941, 54.5207 ], [ -3.493, 54.521 ], [ -3.4913, 54.5216 ], [ -3.4898, 54.5215 ], [ -3.4885, 54.522 ], [ -3.488, 54.5228 ], [ -3.4866, 54.5232 ], [ -3.4857, 54.5236 ], [ -3.4829, 54.525 ], [ -3.4791, 54.5271 ], [ -3.4767, 54.5286 ], [ -3.474, 54.5284 ], [ -3.4704, 54.5291 ], [ -3.4696, 54.5301 ], [ -3.4628, 54.533 ], [ -3.4617, 54.5337 ], [ -3.4615, 54.5343 ], [ -3.4594, 54.5345 ], [ -3.458, 54.5351 ], [ -3.4571, 54.5362 ], [ -3.4555, 54.5371 ], [ -3.4544, 54.5381 ], [ -3.4526, 54.5384 ], [ -3.4514, 54.5402 ], [ -3.4514, 54.5413 ], [ -3.4507, 54.5419 ], [ -3.4507, 54.5427 ], [ -3.4506, 54.544 ], [ -3.4499, 54.5455 ], [ -3.4502, 54.5465 ], [ -3.4464, 54.5494 ], [ -3.4454, 54.551 ], [ -3.4444, 54.552 ], [ -3.4443, 54.5533 ], [ -3.4436, 54.5543 ], [ -3.4434, 54.5557 ], [ -3.4412, 54.5586 ], [ -3.4382, 54.5601 ], [ -3.4365, 54.5619 ], [ -3.4352, 54.5622 ], [ -3.4316, 54.5643 ], [ -3.43, 54.5662 ], [ -3.4307, 54.5682 ], [ -3.4304, 54.57 ], [ -3.4307, 54.5714 ], [ -3.4299, 54.5734 ], [ -3.4304, 54.5745 ], [ -3.4304, 54.5758 ], [ -3.4299, 54.5774 ], [ -3.4291, 54.579 ], [ -3.4279, 54.5804 ], [ -3.4254, 54.5827 ], [ -3.4249, 54.5838 ], [ -3.4229, 54.5844 ], [ -3.4217, 54.5861 ], [ -3.419, 54.5872 ], [ -3.4193, 54.5884 ], [ -3.4192, 54.5896 ], [ -3.4184, 54.5915 ], [ -3.4225, 54.5937 ], [ -3.4221, 54.5944 ], [ -3.4222, 54.5957 ], [ -3.4215, 54.5963 ], [ -3.4212, 54.5974 ], [ -3.4202, 54.5992 ], [ -3.4192, 54.6 ], [ -3.4181, 54.6025 ], [ -3.4164, 54.6039 ], [ -3.4136, 54.6076 ], [ -3.4123, 54.6082 ], [ -3.4085, 54.6116 ], [ -3.4055, 54.6129 ], [ -3.4047, 54.6144 ], [ -3.4047, 54.6172 ], [ -3.3998, 54.6229 ], [ -3.395, 54.6243 ], [ -3.391, 54.6269 ], [ -3.389, 54.6287 ], [ -3.3866, 54.6301 ], [ -3.3848, 54.6327 ], [ -3.3849, 54.6356 ], [ -3.3828, 54.6385 ], [ -3.3809, 54.6422 ], [ -3.378, 54.6453 ], [ -3.3772, 54.6481 ], [ -3.3732, 54.6507 ], [ -3.3722, 54.6567 ], [ -3.3708, 54.6582 ], [ -3.3695, 54.66 ], [ -3.3676, 54.6633 ] ] } },
{ "type": "Feature", "properties": { "linetype": 1 }, "geometry": { "type": "LineString", "coordinates": [ [ -1.9782, 50.7197 ], [ -1.9744, 50.7202 ], [ -1.9724, 50.7202 ], [ -1.9687, 50.7207 ], [ -1.9659, 50.7218 ], [ -1.9621, 50.7232 ], [ -1.9558, 50.7235 ], [ -1.9538, 50.7231 ], [ -1.9524, 50.7232 ], [ -1.9516, 50.7235 ], [ -1.95, 50.7245 ], [ -1.9479, 50.7253 ], [ -1.9453, 50.7253 ], [ -1.9426, 50.725 ], [ -1.9391, 50.7246 ], [ -1.9318, 50.7245 ], [ -1.9288, 50.7248 ], [ -1.9269, 50.7254 ], [ -1.9253, 50.7266 ], [ -1.9236, 50.7276 ], [ -1.8868, 50.7193 ], [ -1.8851, 50.7192 ], [ -1.8821, 50.72 ], [ -1.8812, 50.7196 ], [ -1.8792, 50.7194 ], [ -1.8782, 50.7196 ], [ -1.8767, 50.7207 ], [ -1.8746, 50.7219 ], [ -1.8732, 50.7219 ], [ -1.8717, 50.7215 ], [ -1.8691, 50.7219 ], [ -1.8667, 50.7213 ], [ -1.8573, 50.7225 ], [ -1.849, 50.7234 ], [ -1.8288, 50.7292 ], [ -1.8204, 50.7326 ], [ -1.8173, 50.7345 ], [ -1.8117, 50.7378 ], [ -1.8093, 50.7402 ], [ -1.8078, 50.74 ], [ -1.8064, 50.7412 ], [ -1.8053, 50.7423 ], [ -1.8025, 50.7428 ], [ -1.7918, 50.7394 ], [ -1.7854, 50.7364 ], [ -1.7836, 50.7357 ], [ -1.7811, 50.7353 ], [ -1.7786, 50.7353 ], [ -1.7761, 50.7334 ], [ -1.7736, 50.7342 ], [ -1.7681, 50.7351 ], [ -1.7663, 50.7355 ], [ -1.7601, 50.7357 ], [ -1.7575, 50.7361 ], [ -1.7418, 50.7417 ], [ -1.7374, 50.7418 ], [ -1.7323, 50.7404 ], [ -1.7282, 50.7391 ], [ -1.7236, 50.7397 ], [ -1.7213, 50.7402 ], [ -1.712, 50.7396 ], [ -1.7079, 50.74 ], [ -1.6996, 50.7412 ], [ -1.6941, 50.7426 ], [ -1.6898, 50.7441 ], [ -1.687, 50.7446 ], [ -1.6836, 50.743 ], [ -1.6817, 50.7433 ], [ -1.6796, 50.7436 ], [ -1.6775, 50.7446 ], [ -1.6739, 50.7447 ], [ -1.6676, 50.7466 ], [ -1.6646, 50.7472 ], [ -1.662, 50.7472 ], [ -1.6571, 50.746 ], [ -1.653, 50.7459 ], [ -1.6512, 50.7478 ], [ -1.6496, 50.7481 ], [ -1.6463, 50.7477 ], [ -1.6438, 50.7477 ], [ -1.6428, 50.747 ], [ -1.6391, 50.747 ], [ -1.6331, 50.7483 ], [ -1.6294, 50.7484 ], [ -1.6275, 50.7464 ], [ -1.6264, 50.7464 ], [ -1.6256, 50.7458 ], [ -1.6256, 50.7437 ], [ -1.6244, 50.7437 ], [ -1.6233, 50.7428 ], [ -1.6225, 50.7406 ], [ -1.6214, 50.7402 ], [ -1.6152, 50.7407 ], [ -1.6119, 50.7418 ], [ -1.6049, 50.7428 ], [ -1.6031, 50.7439 ], [ -1.5941, 50.7453 ], [ -1.5902, 50.7453 ], [ -1.5875, 50.7456 ], [ -1.5867, 50.7447 ], [ -1.5836, 50.7453 ], [ -1.5817, 50.7451 ], [ -1.5788, 50.7447 ], [ -1.5785, 50.7441 ], [ -1.5758, 50.7441 ], [ -1.5746, 50.7444 ], [ -1.5715, 50.7445 ], [ -1.5701, 50.7453 ], [ -1.568, 50.7457 ], [ -1.5653, 50.746 ], [ -1.5629, 50.7463 ], [ -1.5526, 50.7511 ], [ -1.551, 50.7545 ], [ -1.5497, 50.7565 ], [ -1.545, 50.7573 ], [ -1.5417, 50.7581 ] ] } },
{ "type": "Feature", "properties": { "linetype": 1 }, "geometry": { "type": "LineString", "coordinates": [ [ -1.5143, 50.9783 ], [ -1.5155, 50.9767 ], [ -1.5182, 50.9752 ], [ -1.5196, 50.9709 ], [ -1.5181, 50.9685 ], [ -1.5225, 50.9679 ], [ -1.528, 50.9598 ], [ -1.5309, 50.9565 ], [ -1.5335, 50.9546 ], [ -1.5349, 50.9541 ], [ -1.5355, 50.9528 ], [ -1.5364, 50.951 ], [ -1.5359, 50.9496 ], [ -1.5376, 50.9483 ], [ -1.5389, 50.9464 ], [ -1.5689, 50.9284 ], [ -1.5798, 50.9223 ], [ -1.5852, 50.9214 ], [ -1.5872, 50.9207 ], [ -1.6114, 50.9071 ], [ -1.632, 50.9055 ], [ -1.646, 50.8993 ], [ -1.6477, 50.8993 ], [ -1.6609, 50.8954 ], [ -1.6643, 50.8876 ], [ -1.6702, 50.8842 ], [ -1.6856, 50.879 ], [ -1.6932, 50.873 ], [ -1.6989, 50.8697 ], [ -1.7063, 50.8666 ], [ -1.7192, 50.8614 ], [ -1.729, 50.8546 ], [ -1.7372, 50.8515 ], [ -1.7492, 50.8516 ], [ -1.7536, 50.8506 ], [ -1.758, 50.8504 ], [ -1.7645, 50.8492 ], [ -1.7687, 50.8506 ], [ -1.7708, 50.852 ], [ -1.7732, 50.8519 ], [ -1.7776, 50.8507 ], [ -1.7891, 50.8488 ], [ -1.7905, 50.8475 ], [ -1.791, 50.8461 ], [ -1.7953, 50.8472 ], [ -1.7984, 50.8461 ], [ -1.8031, 50.845 ], [ -1.8044, 50.8445 ], [ -1.8057, 50.8445 ], [ -1.806, 50.8432 ], [ -1.8064, 50.8433 ], [ -1.8079, 50.8426 ], [ -1.8163, 50.8371 ], [ -1.8334, 50.8314 ], [ -1.8502, 50.8229 ], [ -1.8599, 50.8177 ], [ -1.8638, 50.8167 ], [ -1.8665, 50.8166 ], [ -1.8755, 50.8112 ], [ -1.9047, 50.7917 ], [ -1.9044, 50.7907 ], [ -1.9049, 50.7897 ], [ -1.9067, 50.7882 ], [ -1.9069, 50.7869 ], [ -1.9078, 50.7858 ], [ -1.9082, 50.7845 ], [ -1.9081, 50.7831 ], [ -1.9082, 50.7817 ], [ -1.9092, 50.7808 ], [ -1.9085, 50.7771 ], [ -1.9102, 50.7762 ], [ -1.9101, 50.7753 ], [ -1.9108, 50.7742 ], [ -1.9099, 50.7727 ], [ -1.9074, 50.7717 ], [ -1.9052, 50.772 ], [ -1.9026, 50.7709 ], [ -1.9018, 50.77 ], [ -1.9028, 50.7683 ], [ -1.9039, 50.7677 ], [ -1.9062, 50.7672 ], [ -1.9081, 50.7649 ], [ -1.9117, 50.7628 ], [ -1.912, 50.7622 ], [ -1.9171, 50.7607 ], [ -1.9201, 50.7612 ], [ -1.9239, 50.7589 ], [ -1.926, 50.7591 ], [ -1.9264, 50.7582 ], [ -1.9471, 50.7429 ], [ -1.9531, 50.7309 ], [ -1.954, 50.7303 ], [ -1.9554, 50.7301 ], [ -1.9567, 50.73 ], [ -1.965, 50.7261 ], [ -1.9782, 50.7197 ], [ -1.9798, 50.7192 ] ] } },
{ "type": "Feature", "properties": { "linetype": 1 }, "geometry": { "type": "LineString", "coordinates": [ [ -1.4909, 50.9896 ], [ -1.4873, 50.9904 ], [ -1.484, 50.9918 ], [ -1.4814, 50.9926 ], [ -1.4798, 50.9941 ], [ -1.4783, 50.9953 ], [ -1.4741, 50.9972 ], [ -1.4701, 50.9982 ], [ -1.468, 50.9977 ], [ -1.4655, 50.9973 ], [ -1.4617, 50.9975 ], [ -1.4473, 51.0079 ], [ -1.4453, 51.0084 ], [ -1.4428, 51.0084 ], [ -1.4369, 51.0076 ], [ -1.4319, 51.0063 ], [ -1.4302, 51.0066 ], [ -1.4245, 51.0086 ], [ -1.4218, 51.0092 ], [ -1.4131, 51.0067 ], [ -1.4094, 51.0074 ], [ -1.4006, 51.0134 ], [ -1.3952, 51.0157 ], [ -1.3906, 51.0182 ], [ -1.3912, 51.0212 ], [ -1.391, 51.0228 ], [ -1.3898, 51.0249 ], [ -1.3916, 51.0263 ], [ -1.3932, 51.0296 ], [ -1.3927, 51.0334 ], [ -1.3921, 51.0357 ], [ -1.3902, 51.0394 ], [ -1.3868, 51.0407 ], [ -1.3826, 51.0416 ], [ -1.3791, 51.0418 ], [ -1.3728, 51.0433 ], [ -1.369, 51.0449 ], [ -1.3647, 51.0463 ], [ -1.362, 51.0479 ], [ -1.3519, 51.0514 ], [ -1.3456, 51.0547 ], [ -1.3386, 51.059 ], [ -1.3356, 51.061 ], [ -1.3329, 51.0618 ], [ -1.3276, 51.0623 ], [ -1.3195, 51.0636 ], [ -1.3169, 51.063 ], [ -1.3135, 51.0622 ] ] } },
{ "type": "Feature", "properties": { "linetype": 1 }, "geometry": { "type": "LineString", "coordinates": [ [ -1.2409, 51.062 ], [ -1.2298, 51.0615 ] ] } },
{ "type": "Feature", "properties": { "linetype": 1 }, "geometry": { "type": "LineString", "coordinates": [ [ -1.4021, 50.9143 ], [ -1.4038, 50.919 ], [ -1.4047, 50.9207 ], [ -1.4057, 50.9289 ], [ -1.4065, 50.941 ], [ -1.4038, 50.9529 ], [ -1.4028, 50.9551 ], [ -1.3989, 50.9587 ], [ -1.3956, 50.9609 ], [ -1.3943, 50.9621 ], [ -1.3939, 50.9631 ], [ -1.3923, 50.9644 ], [ -1.3897, 50.972 ], [ -1.3877, 50.9757 ], [ -1.3847, 50.9801 ], [ -1.3825, 50.9832 ], [ -1.3794, 50.9858 ], [ -1.3739, 50.9878 ], [ -1.3697, 50.9902 ], [ -1.367, 50.9921 ], [ -1.3631, 50.9955 ], [ -1.3527, 51.0002 ], [ -1.3464, 51.0051 ], [ -1.3448, 51.0066 ], [ -1.3432, 51.0071 ], [ -1.3405, 51.0128 ], [ -1.3353, 51.0204 ], [ -1.3321, 51.0262 ], [ -1.3292, 51.0345 ], [ -1.3272, 51.0394 ], [ -1.3251, 51.0433 ], [ -1.3227, 51.0507 ], [ -1.3182, 51.06 ], [ -1.3169, 51.063 ] ] } },
{ "type": "Feature", "properties": { "linetype": 1 }, "geometry": { "type": "LineString", "coordinates": [ [ -3.1847, 53.2219 ], [ -3.1853, 53.2239 ], [ -3.1867, 53.2255 ], [ -3.1864, 53.2265 ], [ -3.1876, 53.2277 ], [ -3.1881, 53.2291 ], [ -3.1875, 53.2312 ], [ -3.1868, 53.2337 ], [ -3.1898, 53.2354 ], [ -3.1916, 53.2373 ], [ -3.1937, 53.2392 ], [ -3.1967, 53.2411 ], [ -3.1985, 53.2418 ], [ -3.2, 53.2434 ], [ -3.2008, 53.2457 ], [ -3.2043, 53.2484 ], [ -3.206, 53.2501 ], [ -3.2063, 53.2511 ], [ -3.2071, 53.2521 ], [ -3.2071, 53.2542 ], [ -3.2082, 53.2554 ], [ -3.2107, 53.2578 ], [ -3.2128, 53.261 ], [ -3.2145, 53.2626 ], [ -3.2152, 53.2643 ], [ -3.2157, 53.2658 ], [ -3.2157, 53.2675 ], [ -3.2178, 53.2706 ], [ -3.2196, 53.2724 ], [ -3.2224, 53.2739 ] ] } },
{ "type": "Feature", "properties": { "linetype": 1 }, "geometry": { "type": "LineString", "coordinates": [ [ -3.2063, 53.2885 ], [ -3.2021, 53.2861 ], [ -3.1995, 53.2843 ], [ -3.1943, 53.2815 ], [ -3.1874, 53.2783 ], [ -3.1822, 53.275 ], [ -3.1787, 53.2729 ], [ -3.1735, 53.2704 ], [ -3.1715, 53.269 ], [ -3.1674, 53.268 ], [ -3.1652, 53.2662 ], [ -3.164, 53.2645 ], [ -3.1606, 53.2627 ], [ -3.1582, 53.2609 ], [ -3.1519, 53.2581 ], [ -3.1498, 53.2577 ], [ -3.1334, 53.2499 ], [ -3.131, 53.248 ], [ -3.1233, 53.2447 ], [ -3.1199, 53.2429 ], [ -3.1166, 53.2413 ], [ -3.1144, 53.2394 ], [ -3.1031, 53.2356 ], [ -3.0997, 53.2337 ], [ -3.0934, 53.233 ], [ -3.0893, 53.232 ], [ -3.0858, 53.2299 ], [ -3.0828, 53.2294 ], [ -3.0803, 53.2275 ], [ -3.0725, 53.225 ], [ -3.0621, 53.2209 ], [ -3.0508, 53.2164 ], [ -3.0384, 53.2119 ], [ -3.0241, 53.2059 ], [ -3.0141, 53.2018 ], [ -3.004, 53.1961 ], [ -2.9974, 53.1918 ], [ -2.9863, 53.1847 ], [ -2.9637, 53.1726 ] ] } },
{ "type": "Feature", "properties": { "linetype": 1 }, "geometry": { "type": "LineString", "coordinates": [ [ -2.9932, 53.0447 ], [ -2.9938, 53.0459 ], [ -2.9985, 53.0476 ], [ -3.0007, 53.0488 ], [ -3.003, 53.0505 ], [ -3.0063, 53.0517 ], [ -3.0094, 53.0537 ], [ -3.0128, 53.056 ], [ -3.0144, 53.0615 ], [ -3.0161, 53.065 ], [ -3.016, 53.0664 ], [ -3.0175, 53.0687 ], [ -3.0195, 53.071 ], [ -3.0191, 53.0723 ], [ -3.0211, 53.0755 ], [ -3.0205, 53.0766 ], [ -3.021, 53.0782 ], [ -3.0218, 53.0808 ], [ -3.0233, 53.0835 ], [ -3.0259, 53.0872 ], [ -3.0257, 53.0889 ], [ -3.0282, 53.0914 ], [ -3.0284, 53.0928 ], [ -3.0279, 53.095 ], [ -3.0293, 53.0972 ], [ -3.032, 53.0985 ], [ -3.0315, 53.1001 ], [ -3.0318, 53.1015 ], [ -3.0342, 53.1034 ], [ -3.0362, 53.1058 ], [ -3.038, 53.1066 ], [ -3.0385, 53.1079 ], [ -3.0384, 53.1093 ], [ -3.0419, 53.112 ], [ -3.0434, 53.1134 ], [ -3.0449, 53.1149 ], [ -3.046, 53.1162 ], [ -3.0488, 53.118 ], [ -3.0516, 53.1201 ], [ -3.0528, 53.1222 ], [ -3.0564, 53.123 ], [ -3.0611, 53.1266 ], [ -3.0631, 53.1281 ], [ -3.0646, 53.1306 ], [ -3.0659, 53.1317 ], [ -3.0739, 53.1334 ], [ -3.0804, 53.135 ], [ -3.0817, 53.1362 ], [ -3.0847, 53.1384 ], [ -3.087, 53.141 ], [ -3.0898, 53.1438 ], [ -3.0927, 53.1446 ], [ -3.0994, 53.1479 ], [ -3.1027, 53.1485 ], [ -3.106, 53.1502 ], [ -3.1086, 53.1499 ], [ -3.1107, 53.1507 ], [ -3.1141, 53.1501 ], [ -3.1165, 53.1504 ], [ -3.1185, 53.1501 ], [ -3.1248, 53.1521 ], [ -3.128, 53.1558 ], [ -3.1349, 53.158 ], [ -3.1378, 53.1607 ], [ -3.1392, 53.1632 ], [ -3.1416, 53.1668 ], [ -3.1426, 53.1679 ], [ -3.1384, 53.1702 ], [ -3.1358, 53.1739 ], [ -3.1352, 53.1756 ], [ -3.1332, 53.1768 ], [ -3.1326, 53.1784 ], [ -3.134, 53.1804 ], [ -3.1363, 53.182 ], [ -3.1376, 53.1837 ], [ -3.1374, 53.1855 ], [ -3.1357, 53.1881 ], [ -3.1343, 53.1907 ], [ -3.1347, 53.2043 ], [ -3.1353, 53.2068 ] ] } },
{ "type": "Feature", "properties": { "linetype": 1 }, "geometry": { "type": "LineString", "coordinates": [ [ -2.9915, 53.0452 ], [ -2.9917, 53.0441 ], [ -2.9922, 53.044 ], [ -2.9926, 53.0433 ], [ -2.9921, 53.0424 ], [ -2.9906, 53.0423 ], [ -2.99, 53.0411 ], [ -2.9878, 53.0408 ], [ -2.9852, 53.0402 ], [ -2.9832, 53.0389 ], [ -2.9802, 53.037 ], [ -2.9777, 53.0362 ], [ -2.9745, 53.0358 ], [ -2.9743, 53.0345 ], [ -2.9749, 53.0329 ], [ -2.9737, 53.0317 ], [ -2.9729, 53.0304 ], [ -2.9708, 53.0292 ], [ -2.9684, 53.0283 ], [ -2.9664, 53.0266 ], [ -2.9655, 53.0252 ], [ -2.9645, 53.0243 ], [ -2.9626, 53.0233 ], [ -2.9596, 53.0225 ], [ -2.9578, 53.0173 ], [ -2.9585, 53.0159 ], [ -2.9585, 53.0145 ], [ -2.9581, 53.0134 ], [ -2.9594, 53.0117 ], [ -2.9599, 53.0103 ], [ -2.9598, 53.0056 ], [ -2.9616, 53.0024 ], [ -2.9613, 53.0006 ], [ -2.9597, 52.9994 ], [ -2.9586, 52.9976 ], [ -2.9592, 52.9962 ], [ -2.961, 52.9952 ], [ -2.9616, 52.994 ], [ -2.9628, 52.9906 ], [ -2.963, 52.9885 ], [ -2.9643, 52.9864 ], [ -2.9629, 52.9842 ], [ -2.9633, 52.9825 ], [ -2.9626, 52.9805 ], [ -2.9632, 52.9782 ], [ -2.9617, 52.9773 ], [ -2.9585, 52.9775 ], [ -2.9566, 52.9771 ], [ -2.9549, 52.9765 ], [ -2.9516, 52.9762 ], [ -2.9425, 52.9735 ], [ -2.9415, 52.9723 ], [ -2.9396, 52.9715 ], [ -2.9348, 52.971 ], [ -2.9352, 52.9691 ], [ -2.934, 52.969 ], [ -2.9346, 52.9658 ], [ -2.9365, 52.9632 ], [ -2.9367, 52.9621 ], [ -2.9393, 52.9605 ], [ -2.9393, 52.9592 ], [ -2.9374, 52.9566 ], [ -2.9367, 52.9547 ], [ -2.934, 52.951 ], [ -2.9301, 52.9477 ], [ -2.9272, 52.9453 ], [ -2.9242, 52.942 ], [ -2.9159, 52.9393 ], [ -2.9113, 52.9372 ], [ -2.9091, 52.9353 ], [ -2.9096, 52.9297 ], [ -2.9086, 52.9262 ], [ -2.9063, 52.9235 ], [ -2.9032, 52.9218 ], [ -2.902, 52.9202 ], [ -2.9025, 52.9184 ], [ -2.9014, 52.9157 ], [ -2.8988, 52.9131 ], [ -2.8941, 52.909 ], [ -2.8931, 52.9093 ], [ -2.8907, 52.9083 ], [ -2.8878, 52.9074 ], [ -2.8854, 52.9058 ], [ -2.8841, 52.905 ], [ -2.8813, 52.9033 ], [ -2.8796, 52.902 ], [ -2.8763, 52.9008 ], [ -2.8752, 52.9005 ], [ -2.8747, 52.8992 ], [ -2.8736, 52.8983 ], [ -2.8721, 52.8961 ], [ -2.8697, 52.8943 ], [ -2.8669, 52.8911 ], [ -2.8659, 52.8902 ], [ -2.865, 52.8882 ], [ -2.8641, 52.8874 ], [ -2.8621, 52.8865 ], [ -2.8605, 52.8842 ], [ -2.8588, 52.8828 ], [ -2.8547, 52.8802 ], [ -2.8543, 52.8784 ], [ -2.8535, 52.8767 ], [ -2.8538, 52.8749 ], [ -2.8552, 52.873 ], [ -2.8563, 52.8718 ], [ -2.855, 52.867 ], [ -2.8541, 52.8652 ], [ -2.8493, 52.8615 ], [ -2.8484, 52.8602 ], [ -2.8461, 52.859 ], [ -2.8416, 52.8574 ], [ -2.8403, 52.8561 ], [ -2.8386, 52.853 ], [ -2.8368, 52.8503 ], [ -2.8294, 52.8448 ], [ -2.8265, 52.8423 ], [ -2.8223, 52.8393 ], [ -2.8191, 52.8389 ], [ -2.8172, 52.8378 ], [ -2.8161, 52.8365 ], [ -2.8128, 52.8353 ], [ -2.8122, 52.834 ], [ -2.8097, 52.832 ], [ -2.8096, 52.8311 ], [ -2.8063, 52.8284 ], [ -2.8055, 52.8273 ], [ -2.8036, 52.8258 ], [ -2.8015, 52.8242 ], [ -2.7995, 52.8224 ], [ -2.7938, 52.8194 ], [ -2.7934, 52.8178 ], [ -2.7905, 52.8154 ], [ -2.789, 52.8131 ], [ -2.7833, 52.8096 ], [ -2.7804, 52.8087 ], [ -2.7789, 52.8071 ], [ -2.7767, 52.806 ], [ -2.7738, 52.8028 ], [ -2.772, 52.8021 ], [ -2.7706, 52.8011 ], [ -2.769, 52.8001 ], [ -2.7626, 52.7996 ], [ -2.7596, 52.7986 ], [ -2.7581, 52.7962 ], [ -2.7577, 52.7921 ], [ -2.7563, 52.7865 ], [ -2.7553, 52.7838 ], [ -2.7536, 52.7803 ], [ -2.7527, 52.7782 ], [ -2.7536, 52.7771 ], [ -2.7531, 52.7761 ], [ -2.7535, 52.7729 ], [ -2.7535, 52.7721 ], [ -2.7516, 52.7709 ], [ -2.7468, 52.7627 ], [ -2.7474, 52.7599 ], [ -2.747, 52.7577 ], [ -2.745, 52.756 ], [ -2.7454, 52.7512 ], [ -2.7452, 52.7487 ], [ -2.7467, 52.7454 ], [ -2.7461, 52.7436 ], [ -2.746, 52.7416 ], [ -2.7468, 52.7388 ], [ -2.7466, 52.7366 ], [ -2.7473, 52.734 ], [ -2.7495, 52.7319 ], [ -2.7513, 52.7304 ], [ -2.7525, 52.7277 ], [ -2.7531, 52.7251 ], [ -2.7523, 52.723 ], [ -2.7527, 52.7202 ], [ -2.7525, 52.7182 ], [ -2.7525, 52.7172 ], [ -2.7538, 52.7155 ], [ -2.7532, 52.7146 ], [ -2.7525, 52.7136 ], [ -2.7519, 52.7129 ], [ -2.7513, 52.7117 ] ] } },
{ "type": "Feature", "properties": { "linetype": 1 }, "geometry": { "type": "LineString", "coordinates": [ [ -1.4345, 55.014 ], [ -1.4334, 55.0122 ], [ -1.4333, 55.0113 ], [ -1.4339, 55.0106 ], [ -1.4345, 55.0102 ], [ -1.4347, 55.0095 ], [ -1.4365, 55.0087 ], [ -1.4387, 55.0081 ], [ -1.4402, 55.0076 ], [ -1.4418, 55.007 ], [ -1.4427, 55.0069 ], [ -1.4432, 55.0065 ], [ -1.4447, 55.0041 ], [ -1.4397, 55.0029 ], [ -1.4401, 55.002 ], [ -1.4393, 55.0003 ], [ -1.4391, 54.9994 ], [ -1.4391, 54.9987 ], [ -1.4385, 54.9976 ], [ -1.4376, 54.9972 ], [ -1.4341, 54.9981 ], [ -1.4327, 54.9986 ], [ -1.4309, 54.9969 ], [ -1.4301, 54.9948 ], [ -1.4269, 54.9906 ], [ -1.4228, 54.9874 ], [ -1.4238, 54.9866 ], [ -1.4221, 54.9852 ], [ -1.4204, 54.9826 ], [ -1.4189, 54.9823 ], [ -1.4156, 54.9792 ], [ -1.4135, 54.9773 ], [ -1.4118, 54.9748 ], [ -1.4107, 54.9717 ], [ -1.4091, 54.9687 ], [ -1.4074, 54.9635 ], [ -1.4068, 54.9611 ], [ -1.404, 54.9589 ], [ -1.4015, 54.9545 ], [ -1.4004, 54.9547 ], [ -1.3982, 54.9512 ], [ -1.3958, 54.949 ], [ -1.3948, 54.9477 ], [ -1.3943, 54.9418 ], [ -1.3934, 54.9383 ], [ -1.3934, 54.9343 ], [ -1.3917, 54.9325 ], [ -1.3873, 54.9232 ], [ -1.3848, 54.9189 ], [ -1.3819, 54.9147 ], [ -1.3781, 54.9156 ], [ -1.3763, 54.9127 ], [ -1.3756, 54.9124 ], [ -1.3748, 54.9124 ], [ -1.374, 54.9118 ], [ -1.3726, 54.9088 ], [ -1.3784, 54.9078 ], [ -1.3822, 54.9074 ], [ -1.3865, 54.907 ], [ -1.3873, 54.9064 ], [ -1.3896, 54.906 ], [ -1.3886, 54.9046 ], [ -1.3928, 54.9028 ], [ -1.3972, 54.9008 ], [ -1.3981, 54.8989 ], [ -1.3984, 54.8973 ], [ -1.3976, 54.8957 ], [ -1.3996, 54.8948 ], [ -1.4008, 54.8936 ], [ -1.4036, 54.893 ], [ -1.4065, 54.8917 ], [ -1.4103, 54.8912 ], [ -1.4164, 54.8885 ], [ -1.4184, 54.8883 ], [ -1.4198, 54.8878 ], [ -1.4225, 54.8853 ], [ -1.4251, 54.8822 ], [ -1.4287, 54.8804 ], [ -1.4335, 54.8771 ], [ -1.4404, 54.8735 ], [ -1.4434, 54.8683 ], [ -1.4471, 54.8642 ], [ -1.449, 54.8618 ], [ -1.4516, 54.8592 ], [ -1.4541, 54.8573 ], [ -1.4571, 54.8555 ], [ -1.4597, 54.8535 ], [ -1.4623, 54.8511 ], [ -1.4654, 54.8495 ], [ -1.4658, 54.8484 ], [ -1.4667, 54.8461 ], [ -1.4687, 54.8444 ], [ -1.4705, 54.8425 ], [ -1.4702, 54.8403 ], [ -1.4712, 54.8373 ], [ -1.4724, 54.8358 ], [ -1.4733, 54.8332 ], [ -1.4769, 54.8303 ], [ -1.4787, 54.827 ], [ -1.4805, 54.8254 ], [ -1.4853, 54.8227 ], [ -1.4901, 54.8202 ], [ -1.4958, 54.8166 ], [ -1.4974, 54.8153 ], [ -1.4997, 54.8139 ], [ -1.5014, 54.8115 ], [ -1.5047, 54.8103 ], [ -1.5054, 54.8086 ], [ -1.508, 54.8061 ], [ -1.5108, 54.8046 ], [ -1.5143, 54.8015 ], [ -1.516, 54.8004 ], [ -1.5221, 54.7951 ], [ -1.5277, 54.7891 ], [ -1.5302, 54.7865 ], [ -1.5343, 54.7844 ], [ -1.5406, 54.7819 ], [ -1.5466, 54.7803 ], [ -1.5609, 54.7785 ], [ -1.5708, 54.7786 ], [ -1.5743, 54.7778 ], [ -1.5756, 54.7769 ], [ -1.5733, 54.776 ], [ -1.572, 54.7757 ], [ -1.5712, 54.773 ], [ -1.5696, 54.771 ], [ -1.5674, 54.7688 ], [ -1.5653, 54.7678 ], [ -1.5621, 54.7674 ], [ -1.5579, 54.7649 ], [ -1.5547, 54.7635 ], [ -1.5501, 54.7618 ], [ -1.5467, 54.7604 ], [ -1.5441, 54.7587 ], [ -1.545, 54.7573 ], [ -1.5452, 54.7559 ], [ -1.5447, 54.755 ], [ -1.541, 54.7547 ], [ -1.5403, 54.7539 ], [ -1.5385, 54.7501 ], [ -1.529, 54.7416 ], [ -1.5288, 54.7377 ], [ -1.5278, 54.7361 ], [ -1.5252, 54.7342 ], [ -1.5188, 54.7283 ], [ -1.5161, 54.7269 ], [ -1.5107, 54.723 ], [ -1.5108, 54.7218 ], [ -1.5095, 54.7215 ], [ -1.5068, 54.7192 ], [ -1.5011, 54.7134 ], [ -1.498, 54.7093 ], [ -1.4929, 54.7081 ], [ -1.4889, 54.7066 ], [ -1.4886, 54.7032 ], [ -1.4773, 54.6931 ], [ -1.4757, 54.6915 ], [ -1.4739, 54.6903 ], [ -1.4714, 54.6875 ], [ -1.4677, 54.6809 ], [ -1.4665, 54.6803 ], [ -1.466, 54.6787 ], [ -1.4634, 54.6768 ], [ -1.4621, 54.6757 ], [ -1.4596, 54.6749 ], [ -1.4592, 54.6737 ], [ -1.4572, 54.6723 ], [ -1.4563, 54.6712 ], [ -1.4548, 54.6707 ], [ -1.4539, 54.668 ], [ -1.454, 54.6639 ], [ -1.4533, 54.662 ], [ -1.4517, 54.6599 ], [ -1.4524, 54.6582 ], [ -1.4518, 54.656 ], [ -1.4518, 54.6543 ], [ -1.4522, 54.6526 ], [ -1.4472, 54.6529 ], [ -1.4412, 54.6524 ], [ -1.4414, 54.6505 ], [ -1.4375, 54.6489 ], [ -1.437, 54.6476 ], [ -1.4354, 54.6464 ], [ -1.4345, 54.6447 ], [ -1.4297, 54.6421 ], [ -1.4267, 54.6397 ], [ -1.4206, 54.6376 ], [ -1.416, 54.6365 ], [ -1.4107, 54.634 ], [ -1.4082, 54.6332 ], [ -1.4053, 54.6303 ], [ -1.4001, 54.6269 ], [ -1.3959, 54.6245 ], [ -1.3936, 54.6192 ], [ -1.3847, 54.6052 ], [ -1.381, 54.6037 ], [ -1.3737, 54.6014 ], [ -1.3694, 54.6004 ], [ -1.3635, 54.5976 ], [ -1.3514, 54.5898 ], [ -1.346, 54.5922 ], [ -1.3406, 54.5931 ], [ -1.3325, 54.5941 ], [ -1.3274, 54.5937 ], [ -1.3181, 54.5937 ], [ -1.3133, 54.5916 ], [ -1.3119, 54.5894 ], [ -1.3109, 54.5877 ], [ -1.3106, 54.5863 ], [ -1.3116, 54.5836 ], [ -1.3115, 54.5816 ], [ -1.3119, 54.5803 ], [ -1.311, 54.5766 ], [ -1.3107, 54.5745 ], [ -1.3116, 54.5721 ], [ -1.3128, 54.5703 ], [ -1.3134, 54.5675 ], [ -1.3136, 54.5651 ], [ -1.3131, 54.5594 ], [ -1.3095, 54.5582 ], [ -1.3064, 54.5583 ], [ -1.3028, 54.5578 ], [ -1.3004, 54.5566 ], [ -1.2969, 54.5567 ], [ -1.2946, 54.5558 ], [ -1.2929, 54.5534 ], [ -1.2893, 54.5516 ], [ -1.2822, 54.5488 ], [ -1.278, 54.5485 ], [ -1.2765, 54.5489 ], [ -1.2679, 54.5482 ], [ -1.2596, 54.5465 ], [ -1.2584, 54.5447 ], [ -1.2567, 54.5421 ], [ -1.2545, 54.5404 ], [ -1.2481, 54.5366 ], [ -1.2442, 54.5347 ], [ -1.2414, 54.532 ], [ -1.2374, 54.5323 ], [ -1.2297, 54.5333 ], [ -1.222, 54.5369 ], [ -1.2203, 54.537 ], [ -1.2187, 54.5377 ], [ -1.2159, 54.538 ], [ -1.2143, 54.5384 ], [ -1.2125, 54.5385 ], [ -1.2118, 54.54 ], [ -1.2106, 54.5408 ], [ -1.2073, 54.5374 ], [ -1.2041, 54.5343 ], [ -1.2007, 54.5319 ], [ -1.1977, 54.5297 ], [ -1.1936, 54.5304 ], [ -1.1895, 54.5304 ], [ -1.1872, 54.5312 ], [ -1.1838, 54.5312 ], [ -1.1809, 54.5323 ], [ -1.1786, 54.5334 ], [ -1.1767, 54.5334 ], [ -1.1701, 54.5323 ], [ -1.1675, 54.5322 ], [ -1.166, 54.5316 ], [ -1.1649, 54.5308 ], [ -1.162, 54.5332 ], [ -1.1572, 54.5327 ], [ -1.1543, 54.5331 ], [ -1.1498, 54.5333 ], [ -1.1461, 54.5331 ], [ -1.1369, 54.5332 ], [ -1.1311, 54.5336 ], [ -1.1292, 54.5334 ], [ -1.1242, 54.5337 ], [ -1.1221, 54.5339 ], [ -1.1072, 54.5323 ], [ -1.0991, 54.5338 ], [ -1.0955, 54.5355 ], [ -1.0879, 54.5363 ], [ -1.0852, 54.5356 ], [ -1.0829, 54.5356 ], [ -1.0771, 54.534 ], [ -1.0755, 54.5343 ], [ -1.0706, 54.5333 ], [ -1.064, 54.5327 ], [ -1.0515, 54.5357 ], [ -1.0504, 54.5341 ], [ -1.0455, 54.534 ], [ -1.0421, 54.5344 ], [ -1.0359, 54.5364 ], [ -1.0346, 54.5373 ], [ -1.0288, 54.5385 ], [ -1.0266, 54.5372 ], [ -1.0244, 54.5349 ], [ -1.0231, 54.5343 ], [ -1.0166, 54.5342 ], [ -1.0148, 54.5339 ], [ -1.0112, 54.534 ], [ -1.0102, 54.533 ], [ -1.0089, 54.533 ], [ -1.0079, 54.5325 ], [ -1.0053, 54.5324 ], [ -1.0034, 54.5315 ], [ -1.0018, 54.531 ], [ -1.0004, 54.5293 ], [ -0.998, 54.5269 ], [ -0.9962, 54.5268 ], [ -0.9955, 54.5249 ], [ -0.9944, 54.5229 ], [ -0.9934, 54.523 ], [ -0.9926, 54.5246 ], [ -0.991, 54.5262 ], [ -0.9899, 54.527 ], [ -0.9883, 54.5269 ], [ -0.987, 54.5248 ], [ -0.9822, 54.5234 ], [ -0.9795, 54.523 ], [ -0.9774, 54.5224 ], [ -0.9648, 54.5174 ], [ -0.9584, 54.5153 ], [ -0.9562, 54.5145 ], [ -0.9507, 54.513 ], [ -0.9492, 54.5119 ], [ -0.9491, 54.5105 ], [ -0.9479, 54.5099 ], [ -0.9469, 54.5088 ], [ -0.9311, 54.506 ], [ -0.9243, 54.5026 ], [ -0.9224, 54.5006 ], [ -0.9212, 54.4989 ], [ -0.9176, 54.4992 ], [ -0.9172, 54.4996 ], [ -0.9162, 54.4996 ], [ -0.9151, 54.4988 ], [ -0.9087, 54.4965 ], [ -0.9009, 54.4968 ], [ -0.8913, 54.499 ], [ -0.8835, 54.5012 ], [ -0.8688, 54.5028 ], [ -0.8651, 54.5025 ], [ -0.8561, 54.5043 ], [ -0.8526, 54.5053 ], [ -0.8457, 54.5057 ], [ -0.8437, 54.5054 ], [ -0.8307, 54.5059 ], [ -0.8143, 54.506 ], [ -0.8047, 54.5102 ], [ -0.8021, 54.5115 ], [ -0.7853, 54.5136 ], [ -0.7803, 54.5125 ], [ -0.7716, 54.5118 ], [ -0.7683, 54.5114 ], [ -0.7652, 54.5105 ], [ -0.7626, 54.5097 ], [ -0.7535, 54.5085 ], [ -0.7494, 54.5075 ], [ -0.7416, 54.5082 ], [ -0.7314, 54.5079 ], [ -0.7277, 54.5076 ], [ -0.7219, 54.5073 ], [ -0.7163, 54.5068 ], [ -0.7091, 54.5076 ], [ -0.7048, 54.5078 ], [ -0.7011, 54.5068 ], [ -0.6972, 54.5059 ], [ -0.6935, 54.506 ], [ -0.69, 54.5064 ], [ -0.6874, 54.5063 ], [ -0.6842, 54.5068 ], [ -0.6812, 54.5058 ], [ -0.6797, 54.505 ], [ -0.6768, 54.5042 ], [ -0.6744, 54.5037 ], [ -0.6719, 54.5033 ], [ -0.6696, 54.5019 ], [ -0.6696, 54.5013 ], [ -0.671, 54.5006 ], [ -0.6698, 54.5001 ], [ -0.6684, 54.5003 ], [ -0.6651, 54.4992 ], [ -0.6581, 54.4972 ], [ -0.6584, 54.4961 ], [ -0.6581, 54.4952 ], [ -0.6567, 54.4955 ], [ -0.6556, 54.4961 ], [ -0.6532, 54.4952 ], [ -0.6508, 54.494 ], [ -0.6443, 54.4925 ], [ -0.6435, 54.4936 ], [ -0.6414, 54.4937 ], [ -0.6396, 54.4949 ], [ -0.6376, 54.4941 ], [ -0.636, 54.4925 ], [ -0.6311, 54.4903 ], [ -0.625, 54.4878 ], [ -0.6218, 54.4864 ], [ -0.6201, 54.4859 ], [ -0.6175, 54.4863 ], [ -0.6145, 54.4868 ], [ -0.6135, 54.4869 ] ] } },
{ "type": "Feature", "properties": { "linetype": 1 }, "geometry": { "type": "LineString", "coordinates": [ [ -1.0821, 53.9596 ], [ -1.081, 53.9603 ], [ -1.0803, 53.9613 ], [ -1.0801, 53.962 ], [ -1.0783, 53.9632 ], [ -1.0754, 53.9646 ], [ -1.0734, 53.9651 ], [ -1.0638, 53.9676 ], [ -1.0622, 53.9736 ], [ -1.0306, 53.988 ], [ -1.0106, 54.0043 ], [ -0.9911, 54.0127 ], [ -0.9765, 54.019 ], [ -0.9713, 54.0208 ], [ -0.9677, 54.0227 ], [ -0.964, 54.0256 ], [ -0.9636, 54.0274 ], [ -0.9616, 54.0302 ], [ -0.9606, 54.0309 ], [ -0.9593, 54.0329 ], [ -0.9575, 54.0335 ], [ -0.9582, 54.0361 ], [ -0.9486, 54.042 ], [ -0.9417, 54.0426 ], [ -0.9424, 54.0448 ], [ -0.9416, 54.0465 ], [ -0.9409, 54.0488 ], [ -0.9405, 54.051 ], [ -0.9393, 54.0528 ], [ -0.9365, 54.055 ], [ -0.9332, 54.0588 ], [ -0.933, 54.0616 ], [ -0.9293, 54.0652 ], [ -0.9275, 54.0659 ], [ -0.9242, 54.0695 ], [ -0.9216, 54.0713 ], [ -0.9199, 54.0714 ], [ -0.9189, 54.072 ], [ -0.9165, 54.0732 ], [ -0.915, 54.0735 ], [ -0.9091, 54.0756 ], [ -0.908, 54.0765 ], [ -0.9028, 54.0786 ], [ -0.8993, 54.0791 ], [ -0.896, 54.0798 ], [ -0.8955, 54.0804 ], [ -0.8957, 54.083 ], [ -0.8936, 54.0877 ], [ -0.8914, 54.0908 ], [ -0.8884, 54.092 ], [ -0.8855, 54.0935 ], [ -0.881, 54.0945 ], [ -0.8759, 54.098 ], [ -0.8755, 54.0991 ], [ -0.8741, 54.1004 ], [ -0.8673, 54.1033 ], [ -0.8631, 54.1042 ], [ -0.8577, 54.106 ], [ -0.856, 54.1075 ], [ -0.8539, 54.1088 ], [ -0.8465, 54.1123 ], [ -0.8455, 54.1142 ], [ -0.8387, 54.1174 ], [ -0.8305, 54.1191 ], [ -0.8259, 54.1242 ], [ -0.8263, 54.1256 ], [ -0.8147, 54.1284 ], [ -0.8095, 54.1306 ], [ -0.8046, 54.1334 ], [ -0.8025, 54.134 ], [ -0.7976, 54.1345 ], [ -0.7928, 54.1335 ], [ -0.7916, 54.1337 ], [ -0.7908, 54.1327 ], [ -0.7906, 54.1323 ], [ -0.7889, 54.1324 ], [ -0.7875, 54.1321 ], [ -0.7807, 54.1331 ], [ -0.7771, 54.1357 ], [ -0.776, 54.1373 ], [ -0.7747, 54.1388 ], [ -0.7703, 54.1402 ], [ -0.7682, 54.1408 ], [ -0.7635, 54.1412 ], [ -0.7551, 54.1408 ], [ -0.7532, 54.1412 ], [ -0.7496, 54.1417 ], [ -0.7478, 54.1413 ], [ -0.7433, 54.1418 ], [ -0.7385, 54.1418 ], [ -0.7353, 54.1423 ], [ -0.7329, 54.1424 ], [ -0.7305, 54.1416 ], [ -0.7286, 54.1419 ], [ -0.7244, 54.144 ], [ -0.7212, 54.1479 ], [ -0.72, 54.1489 ], [ -0.7162, 54.1511 ], [ -0.7102, 54.1523 ], [ -0.6951, 54.1578 ], [ -0.6935, 54.159 ], [ -0.685, 54.1614 ], [ -0.6805, 54.1621 ], [ -0.6727, 54.162 ], [ -0.6674, 54.1652 ], [ -0.6579, 54.1675 ], [ -0.6573, 54.1669 ], [ -0.6563, 54.1664 ], [ -0.6551, 54.1663 ], [ -0.6385, 54.1686 ], [ -0.6267, 54.1695 ], [ -0.6213, 54.1694 ], [ -0.6084, 54.1721 ], [ -0.6075, 54.1717 ], [ -0.606, 54.1721 ], [ -0.6033, 54.1737 ], [ -0.5927, 54.1774 ], [ -0.5878, 54.1782 ], [ -0.5839, 54.1787 ], [ -0.5752, 54.1789 ], [ -0.5655, 54.1784 ], [ -0.554, 54.1777 ], [ -0.5405, 54.1771 ], [ -0.5332, 54.1772 ], [ -0.5176, 54.1783 ], [ -0.5033, 54.1799 ], [ -0.5016, 54.1807 ], [ -0.4965, 54.182 ], [ -0.4893, 54.1851 ], [ -0.4815, 54.1889 ], [ -0.4746, 54.1918 ], [ -0.4693, 54.1934 ], [ -0.462, 54.1947 ], [ -0.4516, 54.1961 ], [ -0.4432, 54.1967 ], [ -0.4406, 54.1977 ], [ -0.4372, 54.1988 ], [ -0.432, 54.2005 ], [ -0.4353, 54.2061 ], [ -0.4375, 54.2131 ], [ -0.439, 54.2167 ], [ -0.4415, 54.218 ], [ -0.4426, 54.2201 ], [ -0.442, 54.2222 ], [ -0.4404, 54.2234 ], [ -0.4409, 54.2263 ], [ -0.4422, 54.2293 ], [ -0.4436, 54.2327 ], [ -0.4443, 54.2348 ], [ -0.4444, 54.2373 ], [ -0.4445, 54.2396 ], [ -0.4458, 54.2411 ], [ -0.4434, 54.2411 ], [ -0.4404, 54.2409 ], [ -0.4382, 54.2442 ], [ -0.4353, 54.2467 ], [ -0.4303, 54.2494 ], [ -0.4238, 54.2518 ], [ -0.4208, 54.2537 ], [ -0.4178, 54.2583 ], [ -0.4174, 54.2613 ], [ -0.4167, 54.2639 ], [ -0.4172, 54.2658 ], [ -0.4161, 54.2734 ], [ -0.4167, 54.2746 ], [ -0.416, 54.2766 ], [ -0.4113, 54.2776 ], [ -0.407, 54.2796 ], [ -0.4052, 54.2808 ], [ -0.4012, 54.2826 ], [ -0.3966, 54.2836 ] ] } },
{ "type": "Feature", "properties": { "linetype": 1 }, "geometry": { "type": "LineString", "coordinates": [ [ -0.6122, 54.4879 ], [ -0.6117, 54.4873 ], [ -0.6135, 54.4869 ], [ -0.6138, 54.4864 ], [ -0.6169, 54.4852 ], [ -0.6184, 54.4849 ], [ -0.6211, 54.484 ], [ -0.6216, 54.4831 ], [ -0.6207, 54.4808 ], [ -0.6231, 54.4804 ], [ -0.6258, 54.4802 ], [ -0.6307, 54.4796 ], [ -0.6341, 54.4795 ], [ -0.6331, 54.4769 ], [ -0.633, 54.4751 ], [ -0.632, 54.4718 ], [ -0.6302, 54.472 ], [ -0.6293, 54.4707 ], [ -0.6294, 54.4698 ], [ -0.6276, 54.4693 ], [ -0.6275, 54.4689 ], [ -0.6296, 54.4684 ], [ -0.6304, 54.4677 ], [ -0.6323, 54.467 ], [ -0.63, 54.4646 ], [ -0.6297, 54.4632 ], [ -0.628, 54.4617 ], [ -0.6259, 54.4598 ], [ -0.6264, 54.4584 ], [ -0.626, 54.4576 ], [ -0.6265, 54.4552 ], [ -0.6262, 54.4522 ], [ -0.6261, 54.4511 ], [ -0.6252, 54.4497 ], [ -0.6259, 54.4486 ], [ -0.625, 54.4464 ], [ -0.6286, 54.442 ], [ -0.6274, 54.4386 ], [ -0.6262, 54.4298 ], [ -0.61, 54.4228 ], [ -0.6073, 54.4228 ], [ -0.6048, 54.4221 ], [ -0.6063, 54.4211 ], [ -0.6118, 54.4175 ], [ -0.614, 54.4126 ], [ -0.6142, 54.4087 ], [ -0.6149, 54.4061 ], [ -0.6163, 54.4034 ], [ -0.6147, 54.4023 ], [ -0.6136, 54.3998 ], [ -0.6141, 54.3982 ], [ -0.6152, 54.3957 ], [ -0.6184, 54.3934 ], [ -0.6208, 54.3918 ], [ -0.6214, 54.3908 ], [ -0.623, 54.3899 ], [ -0.6242, 54.3871 ], [ -0.6263, 54.3844 ], [ -0.6287, 54.382 ], [ -0.6312, 54.3802 ], [ -0.6328, 54.3801 ], [ -0.634, 54.3791 ], [ -0.6337, 54.375 ], [ -0.6379, 54.3715 ], [ -0.6457, 54.3661 ], [ -0.6486, 54.3642 ], [ -0.6543, 54.3619 ], [ -0.6571, 54.3617 ], [ -0.6591, 54.3604 ], [ -0.6618, 54.3609 ], [ -0.6647, 54.3608 ], [ -0.6674, 54.3602 ], [ -0.671, 54.3608 ], [ -0.6802, 54.3604 ], [ -0.6848, 54.3582 ], [ -0.6849, 54.3541 ], [ -0.6864, 54.3522 ], [ -0.6873, 54.3454 ], [ -0.6907, 54.3417 ], [ -0.6913, 54.3381 ], [ -0.6928, 54.3369 ], [ -0.6956, 54.3354 ], [ -0.6928, 54.3353 ], [ -0.6908, 54.3337 ], [ -0.6916, 54.3211 ], [ -0.692, 54.3134 ], [ -0.6931, 54.3104 ], [ -0.6938, 54.3075 ], [ -0.6953, 54.305 ], [ -0.6959, 54.302 ], [ -0.6961, 54.2998 ], [ -0.6984, 54.2975 ], [ -0.6997, 54.2961 ], [ -0.7027, 54.2939 ], [ -0.7047, 54.2884 ], [ -0.7036, 54.2853 ], [ -0.7038, 54.2828 ], [ -0.7097, 54.2794 ], [ -0.7186, 54.2723 ], [ -0.7198, 54.2707 ], [ -0.7213, 54.27 ], [ -0.7229, 54.2664 ], [ -0.724, 54.2642 ], [ -0.7276, 54.2618 ], [ -0.7448, 54.2558 ], [ -0.7491, 54.2541 ], [ -0.758, 54.2521 ], [ -0.761, 54.252 ], [ -0.767, 54.2511 ], [ -0.7693, 54.25 ], [ -0.7706, 54.2491 ], [ -0.775, 54.2471 ], [ -0.7755, 54.2472 ], [ -0.7767, 54.2455 ], [ -0.7757, 54.2447 ], [ -0.7759, 54.2443 ], [ -0.7756, 54.244 ], [ -0.7762, 54.2428 ], [ -0.7756, 54.2425 ], [ -0.7767, 54.237 ], [ -0.7726, 54.2337 ], [ -0.771, 54.2236 ], [ -0.7699, 54.2211 ], [ -0.7699, 54.2186 ], [ -0.7718, 54.2111 ], [ -0.7721, 54.2037 ], [ -0.7691, 54.1981 ], [ -0.767, 54.1973 ], [ -0.7646, 54.1948 ], [ -0.764, 54.1866 ], [ -0.762, 54.1814 ], [ -0.7621, 54.1793 ], [ -0.7606, 54.177 ], [ -0.7613, 54.1746 ], [ -0.7661, 54.169 ], [ -0.7656, 54.1673 ], [ -0.7654, 54.166 ], [ -0.7663, 54.1643 ], [ -0.768, 54.1625 ], [ -0.7726, 54.1555 ], [ -0.7765, 54.1485 ], [ -0.7764, 54.148 ], [ -0.7782, 54.1455 ], [ -0.7786, 54.1444 ], [ -0.7798, 54.143 ], [ -0.7825, 54.1423 ], [ -0.7851, 54.1412 ], [ -0.7876, 54.1401 ], [ -0.7898, 54.1379 ], [ -0.7921, 54.1363 ], [ -0.7963, 54.1348 ], [ -0.7976, 54.1345 ] ] } }
]
}
