{"type": "FeatureCollection", "features": [{"type": "Feature", "properties": {}, "geometry": {"type": "GeometryCollection", "geometries": [{"type": "Polygon", "coordinates": [[[2.5111, 50.9951], [2.5001, 50.9944], [2.4851, 51.0012], [2.4952, 51.0064], [2.5082, 51.0037], [2.5111, 50.9951]]]}, {"type": "Polygon", "coordinates": [[[2.6165, 51.0431], [2.6163, 51.0345], [2.6109, 51.0288], [2.5988, 51.0241], [2.5885, 51.0239], [2.5785, 51.016], [2.5701, 51.0137], [2.569, 51.0025], [2.5575, 50.9984], [2.5458, 50.9964], [2.5367, 50.9991], [2.5203, 51.0126], [2.5195, 51.0266], [2.5292, 51.0366], [2.5343, 51.0504], [2.5467, 51.0526], [2.5541, 51.0504], [2.5594, 51.0445], [2.5766, 51.0418], [2.5833, 51.0472], [2.5769, 51.0557], [2.586, 51.0599], [2.5966, 51.0568], [2.6165, 51.0431]]]}, {"type": "Polygon", "coordinates": [[[4.3302, 51.1405], [4.3245, 51.1299], [4.3097, 51.1218], [4.3135, 51.1154], [4.3101, 51.1062], [4.3252, 51.1043], [4.3557, 51.0905], [4.3581, 51.0861], [4.3832, 51.0821], [4.3999, 51.0755], [4.4084, 51.0794], [4.4131, 51.0797], [4.4238, 51.0736], [4.4291, 51.0751], [4.4321, 51.0805], [4.4344, 51.0811], [4.4467, 51.0765], [4.4494, 51.0721], [4.4527, 51.072], [4.4628, 51.0752], [4.4758, 51.0745], [4.4892, 51.0841], [4.5051, 51.0923], [4.508, 51.0977], [4.5131, 51.1017], [4.5187, 51.1035], [4.5223, 51.1009], [4.5227, 51.1064], [4.5243, 51.1077], [4.5339, 51.1127], [4.5481, 51.1172], [4.5599, 51.1188], [4.534, 51.1123], [4.5241, 51.1069], [4.5229, 51.1009], [4.5208, 51.1007], [4.519, 51.1031], [4.5125, 51.1008], [4.5063, 51.0925], [4.4742, 51.0733], [4.4631, 51.0746], [4.4505, 51.0714], [4.4343, 51.0807], [4.4294, 51.0746], [4.424, 51.0731], [4.4203, 51.0735], [4.4264, 51.0674], [4.4365, 51.0652], [4.44, 51.063], [4.4375, 51.0578], [4.4422, 51.0572], [4.4438, 51.0558], [4.4411, 51.0515], [4.4427, 51.0557], [4.4377, 51.0565], [4.4365, 51.0585], [4.439, 51.0627], [4.4258, 51.0672], [4.4141, 51.0782], [4.4006, 51.0742], [4.3823, 51.0808], [4.3651, 51.0821], [4.3253, 51.1022], [4.31, 51.1045], [4.3068, 51.1079], [4.3108, 51.114], [4.3073, 51.1234], [4.2751, 51.1209], [4.2641, 51.116], [4.2463, 51.1135], [4.2263, 51.119], [4.2103, 51.1192], [4.1924, 51.1058], [4.1798, 51.1023], [4.1741, 51.0914], [4.1899, 51.0827], [4.1883, 51.0606], [4.2004, 51.0583], [4.1998, 51.0545], [4.1883, 51.0465], [4.1914, 51.038], [4.1894, 51.0328], [4.1766, 51.0318], [4.17, 51.0351], [4.1575, 51.0493], [4.1494, 51.0505], [4.1567, 51.0547], [4.1535, 51.0572], [4.1447, 51.056], [4.1343, 51.0578], [4.1277, 51.0425], [4.1029, 51.032], [4.1048, 51.0335], [4.0986, 51.0353], [4.0887, 51.045], [4.0876, 51.0484], [4.0635, 51.0493], [4.0499, 51.0437], [4.045, 51.0371], [4.0413, 51.0348], [4.0414, 51.0273], [4.0439, 51.0297], [4.0462, 51.0298], [4.0499, 51.0271], [4.0486, 51.0241], [4.0178, 51.0064], [3.9964, 51.0032], [3.9847, 51.0032], [3.973, 51.0085], [3.9718, 51.0105], [3.9734, 51.0168], [3.9652, 51.021], [3.9561, 51.0084], [3.9462, 51.0046], [3.9254, 51.0165], [3.928, 51.026], [3.9157, 51.0214], [3.9028, 51.0211], [3.9028, 51.0178], [3.9098, 51.0162], [3.9097, 51.0148], [3.8684, 51.0034], [3.8659, 51.0033], [3.865, 51.0047], [3.8663, 51.0061], [3.8706, 51.0079], [3.8665, 51.008], [3.862, 51.0023], [3.8462, 50.9952], [3.8371, 50.9929], [3.8315, 50.9931], [3.8151, 50.9992], [3.815, 51.0002], [3.8171, 51.0006], [3.8216, 50.9989], [3.8209, 51.0036], [3.8074, 51.0027], [3.7881, 51.0157], [3.7881, 51.0174], [3.79, 51.0188], [3.7877, 51.0207], [3.7869, 51.0279], [3.7879, 51.0291], [3.792, 51.0304], [3.7926, 51.0314], [3.7899, 51.0345], [3.7901, 51.0357], [3.7926, 51.0377], [3.7948, 51.0386], [3.7808, 51.0394], [3.7795, 51.0399], [3.7787, 51.0412], [3.7803, 51.0429], [3.7814, 51.0432], [3.784, 51.0435], [3.7836, 51.0451], [3.784, 51.0459], [3.7947, 51.0485], [3.7877, 51.0473], [3.7691, 51.0501], [3.7544, 51.0464], [3.7523, 51.0464], [3.7498, 51.0472], [3.7429, 51.0442], [3.7491, 51.0473], [3.7686, 51.0503], [3.7946, 51.0488], [3.7958, 51.048], [3.7951, 51.0472], [3.7847, 51.0458], [3.7847, 51.0434], [3.7791, 51.0412], [3.7952, 51.0388], [3.7904, 51.0354], [3.793, 51.0322], [3.7925, 51.0303], [3.7876, 51.0282], [3.7905, 51.0187], [3.7882, 51.0162], [3.8078, 51.0031], [3.8216, 51.0042], [3.8227, 50.999], [3.8202, 50.9987], [3.8168, 51.0001], [3.8158, 50.9994], [3.8324, 50.9934], [3.8614, 51.0026], [3.8668, 51.0087], [3.8715, 51.0079], [3.8668, 51.0038], [3.9079, 51.0148], [3.9017, 51.0177], [3.9029, 51.0221], [3.9151, 51.0217], [3.9271, 51.0265], [3.9299, 51.0255], [3.9261, 51.0166], [3.9461, 51.0053], [3.9557, 51.009], [3.961, 51.0198], [3.9656, 51.0217], [3.9744, 51.0171], [3.9733, 51.0097], [3.9838, 51.0041], [4.0136, 51.0061], [4.0484, 51.0251], [4.0461, 51.0293], [4.0404, 51.0267], [4.0399, 51.0346], [4.047, 51.0428], [4.0551, 51.048], [4.0718, 51.0515], [4.0867, 51.0495], [4.1027, 51.0345], [4.1264, 51.043], [4.1261, 51.0471], [4.1345, 51.0589], [4.155, 51.0576], [4.1577, 51.0547], [4.1512, 51.0512], [4.1588, 51.05], [4.174, 51.0343], [4.186, 51.033], [4.1889, 51.0381], [4.1859, 51.0465], [4.1979, 51.0555], [4.1853, 51.0604], [4.1874, 51.081], [4.1709, 51.0898], [4.1757, 51.1023], [4.1911, 51.1079], [4.2131, 51.1228], [4.2525, 51.1168], [4.2731, 51.1238], [4.3075, 51.1267], [4.3215, 51.1329], [4.3268, 51.1481], [4.3251, 51.1781], [4.3293, 51.19], [4.3423, 51.1997], [4.3824, 51.2134], [4.3905, 51.2216], [4.3961, 51.2333], [4.3874, 51.2367], [4.3516, 51.2377], [4.3267, 51.2483], [4.3054, 51.2519], [4.2953, 51.2594], [4.2948, 51.2632], [4.3135, 51.2792], [4.314, 51.2838], [4.3064, 51.2901], [4.2794, 51.2977], [4.2724, 51.3026], [4.2661, 51.3221], [4.2279, 51.3742], [4.2179, 51.3752], [4.2069, 51.3693], [4.1916, 51.3681], [4.1516, 51.3734], [4.1006, 51.372], [4.0835, 51.3744], [4.0766, 51.3722], [4.0689, 51.3599], [4.0629, 51.3577], [4.0586, 51.3604], [4.0534, 51.3715], [4.0321, 51.381], [4.0253, 51.3795], [4.0271, 51.382], [4.0236, 51.3851], [4.0264, 51.3888], [4.0234, 51.3921], [4.0266, 51.3935], [4.0075, 51.4137], [3.9906, 51.4127], [3.9872, 51.4068], [3.9644, 51.4021], [3.9683, 51.3868], [3.965, 51.3659], [3.9558, 51.3551], [3.9889, 51.3438], [3.9863, 51.3389], [3.9807, 51.3379], [3.9865, 51.3258], [3.9954, 51.3263], [4.0059, 51.3207], [4.031, 51.3214], [4.0327, 51.3188], [4.0015, 51.3172], [3.9808, 51.327], [3.9765, 51.3323], [3.9739, 51.3448], [3.9467, 51.3535], [3.936, 51.3487], [3.9213, 51.3315], [3.9063, 51.3256], [3.8911, 51.3265], [3.8671, 51.3359], [3.834637223685718, 51.34079438781354], [3.8291, 51.3338], [3.8258354355316935, 51.34038848465422], [3.7909, 51.3461], [3.7612, 51.3409], [3.7543, 51.3322], [3.8235, 51.3119], [3.8554, 51.2943], [3.8775, 51.289], [3.8763, 51.2762], [3.879, 51.2709], [3.8645, 51.2553], [3.8347, 51.2347], [3.7669, 51.2224], [3.7583, 51.2303], [3.7483, 51.2312], [3.738, 51.2368], [3.7305, 51.2586], [3.7191, 51.2609], [3.671, 51.2517], [3.6555, 51.2537], [3.6547, 51.2577], [3.6624, 51.2648], [3.6611, 51.2675], [3.6682, 51.2749], [3.6662, 51.2763], [3.6275, 51.2774], [3.6155, 51.2684], [3.5761, 51.2595], [3.5927, 51.2738], [3.5948, 51.2875], [3.5858, 51.2967], [3.5713, 51.3039], [3.5575, 51.3039], [3.5435, 51.2988], [3.5173, 51.3012], [3.5036, 51.3072], [3.496, 51.3051], [3.4945, 51.3016], [3.4998, 51.2908], [3.4916, 51.2999], [3.4944, 51.3071], [3.5073, 51.3092], [3.5155, 51.3035], [3.5432, 51.3022], [3.5573, 51.3077], [3.5566, 51.3215], [3.5617, 51.3264], [3.594, 51.3404], [3.6111, 51.3443], [3.6121, 51.3483], [3.6297, 51.3627], [3.6279, 51.3682], [3.6166, 51.3725], [3.6094, 51.3799], [3.5728, 51.3868], [3.5757, 51.3927], [3.5566, 51.3975], [3.5439, 51.4091], [3.5119, 51.4098], [3.4702, 51.3989], [3.4566, 51.3917], [3.4582, 51.3804], [3.4809, 51.3678], [3.4835, 51.3617], [3.482, 51.3509], [3.4707, 51.3376], [3.4287, 51.3187], [3.3898, 51.3172], [3.3812, 51.3062], [3.3589, 51.3009], [3.3409, 51.2897], [3.312, 51.2786], [3.3081, 51.2678], [3.2772, 51.2477], [3.3065, 51.269], [3.3097, 51.2786], [3.3149, 51.2821], [3.378, 51.3106], [3.3802, 51.3145], [3.3771, 51.32], [3.3693, 51.3227], [3.3551, 51.3326], [3.3434, 51.3477], [3.3216, 51.3537], [3.2711, 51.3475], [3.1611, 51.3256], [3.0863, 51.3045], [2.9365, 51.2408], [2.9131, 51.2361], [2.9062, 51.2321], [2.9166, 51.2351], [2.774, 51.171], [2.5443, 51.0884], [2.487, 51.0716], [2.3851, 51.0486], [2.3718, 51.0341], [2.3758, 51.0416], [2.3561, 51.0365], [2.2703, 51.0284], [2.2101, 51.0315], [2.1902, 51.0275], [2.1826, 51.0177], [2.1591, 51.0116], [2.0416, 50.9973], [2.5249, 53.8967], [2.5895, 55.3472], [2.5277, 57.177], [10.6506, 58.1346], [12.116, 56.6616], [12.3618, 56.3412], [12.4453, 56.3025], [12.4539, 56.2955], [12.4864, 56.2892], [12.4943, 56.2839], [12.4921, 56.2817], [12.4994, 56.2784], [12.4975, 56.2759], [12.5028, 56.27], [12.5176, 56.26], [12.5208, 56.2532], [12.5348, 56.2417], [12.5355, 56.2317], [12.5304, 56.2307], [12.5377, 56.2287], [12.5432, 56.2155], [12.5361, 56.2078], [12.5438, 56.2038], [12.5445, 56.2004], [12.5541, 56.198], [12.5563, 56.1766], [12.5631, 56.1679], [12.564, 56.1561], [12.5691, 56.1495], [12.5679, 56.1453], [12.5836, 56.1413], [12.6033, 56.1189], [12.6282, 56.1047], [12.6304, 56.0996], [12.6738, 56.0684], [12.6843, 56.0509], [12.6898, 56.0497], [12.7044, 56.0317], [12.7163, 56.0102], [12.749, 55.9885], [12.756, 55.9741], [12.7596, 55.9527], [12.7722, 55.9404], [12.7858, 55.9344], [12.804, 55.9144], [12.8042, 55.8973], [12.8207, 55.8716], [12.8182, 55.8678], [12.827, 55.8649], [12.8361, 55.8684], [12.8516, 55.8682], [12.868, 55.8643], [12.8826, 55.8586], [12.8852, 55.8534], [12.91, 55.8391], [12.9319, 55.8059], [12.9347, 55.7873], [12.9303, 55.7743], [12.9091, 55.764], [12.9016, 55.7507], [12.9139, 55.7504], [12.9247, 55.7427], [12.9451, 55.7496], [12.9548, 55.7492], [12.9629, 55.7421], [12.9537, 55.7292], [12.962, 55.7301], [12.9695, 55.7252], [12.9961, 55.7298], [13.0004, 55.7334], [12.9948, 55.7284], [13.0514, 55.6971], [13.0573, 55.6894], [13.0611, 55.676], [13.0685, 55.6759], [13.0709, 55.6792], [13.0613, 55.6636], [13.0524, 55.6538], [13.0545, 55.6293], [13.0575, 55.6249], [13.0481, 55.6222], [13.0394, 55.6124], [13.0269, 55.6085], [13.0043, 55.6085], [12.9755, 55.6039], [12.9491, 55.5905], [12.921, 55.5833], [12.9098, 55.5728], [12.9078, 55.5501], [12.9118, 55.536], [12.9181, 55.5227], [12.9256, 55.5173], [12.9283, 55.5048], [12.9534, 55.4788], [12.9661, 55.4602], [12.9699, 55.4591], [12.9671, 55.4492], [12.9706, 55.4422], [12.9687, 55.4381], [12.9596, 55.4411], [12.9619, 55.4476], [12.9522, 55.4568], [12.9434, 55.4579], [12.9513, 55.4368], [12.9509, 55.4195], [12.9355, 55.4108], [12.9124, 55.4081], [12.8843, 55.4118], [12.8698, 55.423], [12.866, 55.4382], [12.8603, 55.4391], [12.8343, 55.4047], [12.8299, 55.4016], [12.8249, 55.3913], [12.8178, 55.3866], [12.8236, 55.3982], [12.8108, 55.3777], [12.8435, 55.389], [12.8837, 55.3972], [12.9111, 55.3875], [12.9259, 55.3859], [12.9524, 55.4002], [12.9716, 55.4017], [13.0269, 55.3822], [13.0654, 55.3738], [13.0753, 55.3683], [13.1029, 55.3769], [13.1542, 55.373], [13.2036, 55.3637], [13.2716, 55.3442], [13.3617, 55.3373], [13.3927, 55.3503], [13.4224, 55.3543], [13.4484, 55.3687], [13.4924, 55.3828], [13.5331, 55.3873], [13.5647, 55.3842], [13.5955, 55.3879], [13.618, 55.4092], [13.6406, 55.4172], [13.6744, 55.4162], [13.7158, 55.4269], [13.7912, 55.4234], [13.8273, 55.4269], [13.8412, 55.4197], [13.8555, 55.4275], [13.8784, 55.4335], [13.9148, 55.4347], [13.9431, 55.431], [13.9788, 55.4198], [14.0547, 55.381], [14.0667, 55.385], [14.0834, 55.3853], [14.1525, 55.3772], [14.1714, 55.3776], [14.1877, 55.3806], [14.2024, 55.3876], [14.2127, 55.3973], [14.2413, 55.4389], [14.2738, 55.4555], [14.2832, 55.474], [14.3034, 55.4846], [14.3188, 55.4866], [14.3171, 55.4915], [14.3259, 55.4988], [14.3491, 55.511], [14.3478, 55.524], [14.3569, 55.5377], [14.3602, 55.5566], [14.3546, 55.5569], [14.3426, 55.5645], [14.3317, 55.5869], [14.315, 55.5938], [14.7974, 55.5355], [15.6836, 55.2987], [19.2754, 55.4699], [19.9794, 54.9612], [19.9604, 54.9377], [19.9464, 54.9281], [19.9386, 54.9153], [19.9347, 54.8998], [19.9325, 54.8632], [19.9347, 54.857], [19.9454, 54.8535], [19.9524, 54.8444], [19.9511, 54.8257], [19.9612, 54.813], [19.9657, 54.7977], [19.9642, 54.7795], [19.9565, 54.7544], [19.9362, 54.7129], [19.9022, 54.6719], [19.8744, 54.6468], [19.8774, 54.6362], [19.845, 54.6034], [19.7879, 54.5584], [19.6731, 54.4787], [19.6261, 54.4517], [19.5817, 54.4314], [19.5214, 54.4096], [19.4519, 54.39], [19.3542, 54.371], [19.2677, 54.3587], [19.0628, 54.3453], [18.8952, 54.3463], [18.8485, 54.3514], [18.7751, 54.3678], [18.7297, 54.374], [18.711, 54.3825], [18.6789, 54.4075], [18.6615, 54.4112], [18.65, 54.4079], [18.6322, 54.4113], [18.5968, 54.4268], [18.5709, 54.4468], [18.5617, 54.464], [18.5625, 54.476], [18.569, 54.4854], [18.5459, 54.5246], [18.5485, 54.5355], [18.5601, 54.5496], [18.5512, 54.5623], [18.5496, 54.5728], [18.5134, 54.6109], [18.5106, 54.6218], [18.5145, 54.6345], [18.5152, 54.6419], [18.5139, 54.6358], [18.5078, 54.6331], [18.4792, 54.6304], [18.4686, 54.634], [18.4677, 54.6392], [18.4743, 54.6502], [18.4639, 54.6593], [18.4667, 54.6651], [18.4658, 54.685], [18.4723, 54.6941], [18.4469, 54.704], [18.4185, 54.7216], [18.4052, 54.7235], [18.394, 54.7292], [18.395, 54.74], [18.4034, 54.7581], [18.4182, 54.7707], [18.4173, 54.7764], [18.4224, 54.7883], [18.4506, 54.7805], [18.4956, 54.7619], [18.5211, 54.7557], [18.529, 54.7489], [18.5399, 54.748], [18.6199, 54.7213], [18.6536, 54.6999], [18.6735, 54.6996], [18.7015, 54.6878], [18.7631, 54.6387], [18.7796, 54.6164], [18.7989, 54.6074], [18.8055, 54.5936], [18.8182, 54.5981], [18.8267, 54.6097], [18.8242, 54.6251], [18.7812, 54.6553], [18.6817, 54.7031], [18.4262, 54.7914], [18.3654, 54.816], [18.3336, 54.8338], [18.3015, 54.8367], [18.2326, 54.8332], [17.9746, 54.8318], [17.901, 54.8248], [17.7567, 54.8021], [17.6661, 54.7828], [17.4762, 54.7577], [17.3531, 54.7498], [17.32, 54.7422], [17.2478, 54.7322], [17.1799, 54.7075], [17.044, 54.6661], [17.0046, 54.6398], [16.9547, 54.6127], [16.9095, 54.5961], [16.8792, 54.5896], [16.8521, 54.5894], [16.7709, 54.5703], [16.6937, 54.5692], [16.6254, 54.561], [16.5295, 54.54], [16.4709, 54.511], [16.4367, 54.4901], [16.3888, 54.4435], [16.375, 54.4388], [16.3205, 54.3884], [16.2698, 54.3538], [16.1869, 54.3057], [16.1107, 54.2768], [16.0107, 54.2555], [15.8415, 54.2397], [15.7757, 54.222], [15.681, 54.2021], [15.5886, 54.1875], [15.5515, 54.1864], [15.5352, 54.1781], [15.4929, 54.1673], [15.4345, 54.1656], [15.2891, 54.1471], [15.2488, 54.1348], [15.0603, 54.095], [14.9237, 54.0609], [14.7267, 54.0228], [14.6714, 54.0039], [14.5023, 53.9638], [14.4431, 53.931], [14.3845, 53.914], [14.3546, 53.9106], [14.3247, 53.9121], [14.2783, 53.9235], [14.2616, 53.9214], [14.2407, 53.9245], [14.2104, 53.9341], [14.1772, 53.9509], [14.1412, 53.9772], [14.0466, 54.0311], [14.0152, 54.0536], [13.9738, 54.0679], [13.9263, 54.0781], [13.8751, 54.0999], [13.8388, 54.1255], [13.8102, 54.1696], [13.8085, 54.1675], [13.7961, 54.1729], [13.7769, 54.1716], [13.7575, 54.1629], [13.75459550209205, 54.1512820083682], [13.7616, 54.149], [13.7556, 54.1477], [13.7587, 54.1451], [13.758, 54.14], [13.7549, 54.1398], [13.7574, 54.1363], [13.7645, 54.1347], [13.7622, 54.1387], [13.7682, 54.1349], [13.7829, 54.1339], [13.787, 54.1299], [13.7764, 54.1262], [13.7745, 54.1206], [13.7824, 54.124], [13.7828, 54.1212], [13.7795, 54.1206], [13.7866, 54.1181], [13.7869, 54.114], [13.7924, 54.1133], [13.8001, 54.1113], [13.8088, 54.1083], [13.8133, 54.0979], [13.808, 54.09], [13.8097, 54.0799], [13.8016, 54.0742], [13.7981, 54.0611], [13.7881, 54.0556], [13.7911, 54.049], [13.7827, 54.0437], [13.7825, 54.0391], [13.7741, 54.0411], [13.7657, 54.0316], [13.7652, 54.0253], [13.7703, 54.0194], [13.8008, 54.0191], [13.8104, 54.0316], [13.8216, 54.0378], [13.8461, 54.0438], [13.8455, 54.0464], [13.8518, 54.0487], [13.8639, 54.0471], [13.8753, 54.0395], [13.8747, 54.0435], [13.8712, 54.0444], [13.868, 54.0464], [13.8649, 54.0622], [13.8701, 54.0532], [13.8689, 54.046], [13.8753, 54.044], [13.8781, 54.0443], [13.8752, 54.053], [13.8775, 54.0563], [13.8992, 54.0617], [13.8764, 54.0528], [13.8802, 54.0453], [13.8797, 54.0433], [13.8766, 54.0436], [13.8802, 54.038], [13.8736, 54.0319], [13.8702, 54.0367], [13.8674, 54.0347], [13.8636, 54.0219], [13.8525, 54.0124], [13.8537, 54.0039], [13.8616, 53.9996], [13.8667, 54.0078], [13.8978, 54.0119], [13.904, 54.0156], [13.9092, 54.0263], [13.9238, 54.0405], [13.9167, 54.0414], [13.9182, 54.0436], [13.9138, 54.0476], [13.9073, 54.043], [13.9176, 54.0613], [13.9103, 54.0639], [13.9517, 54.0592], [13.9672, 54.06], [13.9742, 54.0648], [13.9815, 54.0625], [13.969, 54.0598], [13.9978, 54.0427], [14.0052, 54.0213], [14.0041, 54.0109], [14.0109, 54.0102], [14.017, 54.0146], [14.0148, 54.0202], [14.0165, 54.0217], [14.0175, 54.0185], [14.0336, 54.0176], [14.0431, 54.0092], [14.0489, 53.9973], [14.0492, 53.9812], [14.0428, 53.9679], [14.0438, 53.963], [14.0351, 53.9491], [14.0428, 53.9469], [14.0434, 53.9425], [14.038, 53.9403], [14.0297, 53.942], [14.0279, 53.9502], [14.0259, 53.9516], [14.0243, 53.9502], [14.0283, 53.9465], [14.0263, 53.9441], [14.0115, 53.9488], [14.011, 53.9552], [14.0239, 53.958], [14.0161, 53.9598], [14.0239, 53.9604], [14.023, 53.9625], [14.0043, 53.959], [13.9953, 53.9625], [13.9842, 53.9593], [13.9862, 53.9616], [13.9817, 53.9619], [13.9631, 53.9568], [13.9715, 53.9505], [13.9672, 53.9498], [13.9582, 53.9379], [13.9603, 53.9335], [13.9537, 53.9348], [13.9495, 53.9322], [13.9576, 53.9284], [13.9544, 53.9255], [13.9535, 53.9298], [13.9487, 53.9319], [13.9532, 53.9376], [13.9526, 53.9489], [13.9582, 53.9529], [13.9499, 53.9587], [13.9726, 53.9705], [13.9633, 53.9734], [13.9631, 53.9906], [13.945, 53.9939], [13.9079, 53.9903], [13.9007, 53.9835], [13.8942, 53.9673], [13.8966, 53.9634], [13.9216, 53.9509], [13.9244, 53.9423], [13.9316, 53.936], [13.9326, 53.9197], [13.9378, 53.9135], [13.9364, 53.9079], [13.9333, 53.9072], [13.9213, 53.8878], [13.9034, 53.8857], [13.9013, 53.881], [13.8932, 53.8769], [13.8755, 53.8781], [13.8596, 53.8715], [13.8351, 53.871], [13.8293, 53.862], [13.8299, 53.8578], [13.8225, 53.8569], [13.8271, 53.8501], [13.8466, 53.851], [13.8589, 53.8445], [13.88, 53.8399], [13.9141, 53.8437], [13.9218, 53.8498], [13.9205, 53.8534], [13.9287, 53.8621], [13.9278, 53.8717], [13.9303, 53.8752], [13.9297, 53.8718], [13.9356, 53.8677], [13.9593, 53.861], [13.954, 53.8587], [13.9502, 53.8499], [13.9363, 53.8475], [13.9249, 53.8522], [13.9213, 53.8483], [13.9435, 53.8437], [13.98, 53.8505], [13.9922, 53.849], [13.9947, 53.8538], [14.006, 53.8583], [14.0183, 53.8688], [14.0267, 53.8693], [14.0335, 53.8736], [14.0421, 53.8746], [14.0623, 53.8698], [14.0821, 53.8751], [14.1077, 53.8703], [14.1972, 53.8714], [14.2226, 53.8647], [14.264, 53.8337], [14.2858, 53.8238], [14.3117, 53.8227], [14.3568, 53.8387], [14.3815, 53.8397], [14.3875, 53.8439], [14.3889, 53.8492], [14.3865, 53.8506], [14.3833, 53.854], [14.3619, 53.8551], [14.3472, 53.8612], [14.3401, 53.8673], [14.3396, 53.8697], [14.324, 53.8673], [14.3194, 53.862], [14.3121, 53.8586], [14.3164, 53.8548], [14.3123, 53.8577], [14.2903, 53.8512], [14.2722, 53.8589], [14.2619, 53.8718], [14.2666, 53.8812], [14.2524, 53.8916], [14.2447, 53.8992], [14.2465, 53.9055], [14.2496, 53.9074], [14.2716, 53.9115], [14.2793, 53.9229], [14.2847, 53.9204], [14.2812, 53.9128], [14.2582, 53.8974], [14.2819, 53.885], [14.2839, 53.8657], [14.2875, 53.8601], [14.3231, 53.8738], [14.323, 53.8765], [14.328, 53.8809], [14.3875, 53.8939], [14.4075, 53.8942], [14.4229, 53.887], [14.4352, 53.9034], [14.4352, 53.908], [14.4374, 53.8968], [14.4241, 53.8802], [14.4271, 53.8776], [14.423, 53.8729], [14.4244, 53.8662], [14.4373, 53.8628], [14.4698, 53.8657], [14.5183, 53.8587], [14.5382, 53.8596], [14.5683, 53.8517], [14.5761, 53.8472], [14.5785, 53.8409], [14.5845, 53.8393], [14.5825, 53.8298], [14.57, 53.83], [14.5731, 53.815], [14.5808, 53.8035], [14.5881, 53.8013], [14.5961, 53.808], [14.5947, 53.8125], [14.5881, 53.8145], [14.5869, 53.8179], [14.5945, 53.8284], [14.6092, 53.8293], [14.6176, 53.8332], [14.6164, 53.8393], [14.6219, 53.85], [14.6159, 53.8623], [14.619, 53.8762], [14.6303, 53.882], [14.6346, 53.896], [14.6456, 53.9044], [14.664, 53.9088], [14.6653, 53.9169], [14.6939, 53.9378], [14.6861, 53.9521], [14.6944, 53.9614], [14.6954, 53.9687], [14.6998, 53.9705], [14.6976, 53.9793], [14.6995, 53.9858], [14.6932, 53.9948], [14.7021, 53.9998], [14.717, 53.9991], [14.7299, 54.006], [14.7659, 54.011], [14.7679, 54.0161], [14.7623, 54.0226], [14.7529, 54.0184], [14.7397, 54.0193], [14.7154, 54.0137], [14.7083, 54.0155], [14.7501, 54.022], [14.7592, 54.0264], [14.7685, 54.0259], [14.795, 54.0334], [14.8028, 54.0327], [14.8065, 54.029], [14.8025, 54.0088], [14.7974, 54.0066], [14.7811, 54.0088], [14.7655, 53.9944], [14.7689, 53.986], [14.7678, 53.9796], [14.7879, 53.9755], [14.7836, 53.9746], [14.7851, 53.9729], [14.794, 53.9729], [14.7968, 53.9757], [14.8121, 53.9742], [14.7975, 53.9755], [14.7937, 53.9725], [14.7858, 53.9725], [14.7754, 53.9746], [14.7646, 53.9708], [14.7638, 53.9648], [14.7662, 53.9633], [14.7615, 53.9555], [14.7655, 53.9492], [14.7615, 53.9407], [14.7617, 53.9286], [14.7575, 53.9205], [14.7537, 53.9195], [14.7542, 53.9172], [14.7485, 53.9112], [14.7479, 53.9049], [14.7431, 53.9015], [14.756, 53.8969], [14.7593, 53.8948], [14.7429, 53.901], [14.7403, 53.8976], [14.7422, 53.9019], [14.7456, 53.9047], [14.745, 53.9114], [14.7479, 53.9175], [14.7513, 53.9215], [14.7472, 53.924], [14.7491, 53.9283], [14.7436, 53.9381], [14.728, 53.941], [14.7182, 53.9371], [14.7219, 53.935], [14.6974, 53.9253], [14.6953, 53.9225], [14.7008, 53.9159], [14.6861, 53.9187], [14.6704, 53.9031], [14.6513, 53.8963], [14.641, 53.8838], [14.6273, 53.8552], [14.625, 53.843], [14.6207, 53.8382], [14.6208, 53.8299], [14.6062, 53.8229], [14.6137, 53.8051], [14.6108, 53.7855], [14.6157, 53.7835], [14.6154, 53.7678], [14.6074, 53.762], [14.5899, 53.7626], [14.5806, 53.7542], [14.5754, 53.7553], [14.5748, 53.7589], [14.5668, 53.7641], [14.5577, 53.755], [14.5587, 53.7505], [14.5464, 53.7147], [14.5449, 53.6957], [14.5488, 53.686], [14.5453, 53.6766], [14.5633, 53.667], [14.5736, 53.6653], [14.5728, 53.6622], [14.5678, 53.6624], [14.5748, 53.6566], [14.5844, 53.6549], [14.5867, 53.6585], [14.5947, 53.6607], [14.6096, 53.6561], [14.6066, 53.6496], [14.6141, 53.6519], [14.6221, 53.6495], [14.622, 53.6421], [14.6156, 53.6423], [14.6107, 53.6377], [14.6185, 53.6348], [14.6182, 53.6301], [14.6084, 53.6321], [14.6105, 53.6299], [14.6064, 53.6257], [14.5952, 53.6266], [14.5989, 53.6228], [14.5937, 53.6225], [14.5935, 53.6104], [14.5994, 53.603], [14.5993, 53.5934], [14.5966, 53.5912], [14.5999, 53.5836], [14.598, 53.5738], [14.601, 53.5673], [14.6056, 53.5655], [14.612, 53.5588], [14.6099, 53.5537], [14.6331, 53.544], [14.6367, 53.5276], [14.6398, 53.5255], [14.6517, 53.5281], [14.6533, 53.5335], [14.6579, 53.5358], [14.6777, 53.536], [14.6831, 53.531], [14.6809, 53.5247], [14.6776, 53.5238], [14.6812, 53.5218], [14.6775, 53.5204], [14.6792, 53.5136], [14.6762, 53.5132], [14.693, 53.5115], [14.7017, 53.504], [14.7002, 53.4942], [14.6941, 53.4927], [14.6943, 53.4869], [14.698, 53.4852], [14.695, 53.4827], [14.6993, 53.4795], [14.6932, 53.4772], [14.6957, 53.4729], [14.691, 53.4704], [14.6977, 53.4679], [14.7033, 53.4696], [14.7097, 53.4646], [14.7076, 53.4556], [14.7117, 53.4491], [14.7079, 53.4484], [14.7105, 53.4472], [14.6999, 53.4346], [14.649, 53.4344], [14.6548, 53.4276], [14.6525, 53.4199], [14.6491, 53.419], [14.6632, 53.4147], [14.663, 53.4104], [14.6671, 53.4101], [14.6699, 53.4058], [14.6579, 53.4026], [14.659, 53.4017], [14.6592, 53.4002], [14.6591, 53.3999], [14.6573, 53.399], [14.66, 53.3985], [14.6618, 53.3975], [14.6625, 53.3964], [14.663, 53.3947], [14.6572, 53.3989], [14.6589, 53.4011], [14.6562, 53.4026], [14.6497, 53.4008], [14.6527, 53.3967], [14.6497, 53.3956], [14.6293, 53.398], [14.632, 53.3991], [14.6278, 53.3992], [14.627760219896675, 53.39940251688965], [14.6146, 53.3995], [14.6141, 53.3934], [14.6195, 53.3895], [14.6181, 53.385], [14.5796, 53.362], [14.5599, 53.3583], [14.556, 53.3538], [14.5577, 53.3489], [14.5547, 53.3442], [14.5515, 53.3421], [14.5447, 53.3418], [14.5393, 53.3388], [14.5371, 53.3367], [14.537, 53.334], [14.5344, 53.3312], [14.5091, 53.3117], [14.5057, 53.3013], [14.4844, 53.2676], [14.4817, 53.2417], [14.4787, 53.2385], [14.4613, 53.2372], [14.4561, 53.2326], [14.4462, 53.2308], [14.4285, 53.2185], [14.424, 53.2056], [14.4221, 53.2046], [14.4159, 53.2056], [14.4162, 53.2012], [14.4141, 53.199], [14.4028, 53.1967], [14.398, 53.2053], [14.3746, 53.1995], [14.3809, 53.2042], [14.4031, 53.2098], [14.4084, 53.2243], [14.4301, 53.2397], [14.4342, 53.2486], [14.4483, 53.2597], [14.4494, 53.2676], [14.4535, 53.2714], [14.4478, 53.2684], [14.4432, 53.2734], [14.461, 53.2994], [14.4622, 53.3058], [14.4676, 53.3078], [14.4656, 53.3134], [14.4804, 53.3298], [14.4963, 53.3381], [14.4978, 53.3464], [14.5073, 53.3544], [14.5242, 53.3806], [14.5341, 53.3826], [14.5411, 53.3902], [14.5479, 53.4021], [14.5459, 53.4121], [14.548, 53.4156], [14.551, 53.418], [14.5636, 53.4244], [14.5803, 53.4378], [14.5843, 53.4483], [14.6061, 53.4756], [14.6145, 53.4799], [14.6174, 53.4921], [14.6268, 53.5011], [14.6261, 53.5172], [14.6106, 53.5293], [14.6126, 53.5378], [14.6053, 53.5506], [14.5864, 53.5551], [14.5786, 53.5592], [14.5751, 53.5559], [14.5753, 53.5504], [14.5745, 53.5561], [14.5788, 53.5601], [14.5764, 53.5716], [14.5627, 53.5915], [14.5629, 53.5941], [14.5687, 53.5954], [14.5712, 53.6069], [14.5413, 53.6469], [14.5308, 53.6514], [14.5305, 53.6551], [14.5038, 53.666], [14.4801, 53.6712], [14.4097, 53.6782], [14.3913, 53.6855], [14.3505, 53.7102], [14.3333, 53.7285], [14.3336, 53.7344], [14.3005, 53.7427], [14.2874, 53.7441], [14.2854, 53.7419], [14.2956, 53.742], [14.2937, 53.7392], [14.3029, 53.7377], [14.2986, 53.7322], [14.3034, 53.7261], [14.2769, 53.7263], [14.2869, 53.7202], [14.3007, 53.7202], [14.3081, 53.714], [14.309, 53.7048], [14.3031, 53.6992], [14.274, 53.6999], [14.253, 53.6933], [14.2194, 53.6991], [14.2147, 53.7036], [14.2187, 53.709], [14.2507, 53.7192], [14.2581, 53.7277], [14.2658, 53.7307], [14.2669, 53.7382], [14.272, 53.7382], [14.264, 53.7511], [14.2612, 53.7501], [14.2601, 53.7539], [14.2468, 53.7588], [14.2297, 53.7612], [14.2138, 53.7496], [14.1785, 53.7334], [14.1663, 53.7414], [14.1458, 53.742], [14.1271, 53.7376], [14.1032, 53.7395], [14.065, 53.7523], [14.0478, 53.752], [14.0312, 53.7557], [14.023, 53.7607], [13.9729, 53.7705], [13.9388, 53.7901], [13.9333, 53.7967], [13.9212, 53.798], [13.9151, 53.8062], [13.9082, 53.802], [13.8983, 53.8032], [13.8874, 53.814], [13.8736, 53.8199], [13.8721, 53.8304], [13.8676, 53.8355], [13.8491, 53.843], [13.8162, 53.8431], [13.814, 53.8454], [13.8155, 53.8527], [13.8082, 53.8547], [13.8104, 53.858], [13.8063, 53.8591], [13.8134, 53.8621], [13.8097, 53.8661], [13.8016, 53.8649], [13.7934, 53.8561], [13.7861, 53.8545], [13.7743, 53.8599], [13.7696, 53.8659], [13.7617, 53.8678], [13.7184, 53.8589], [13.7029, 53.8632], [13.6782, 53.8562], [13.6688, 53.8595], [13.6574, 53.8589], [13.6682, 53.8602], [13.6789, 53.857], [13.7031, 53.864], [13.719, 53.8599], [13.7253, 53.863], [13.7588, 53.8685], [13.77, 53.8666], [13.7853, 53.8555], [13.7915, 53.8561], [13.8002, 53.8657], [13.8087, 53.8672], [13.817, 53.8633], [13.8241, 53.8651], [13.8219, 53.873], [13.8249, 53.8775], [13.8474, 53.879], [13.8545, 53.8928], [13.867, 53.9018], [13.8826, 53.9088], [13.9013, 53.9105], [13.9077, 53.914], [13.9136, 53.9197], [13.9129, 53.9235], [13.8952, 53.942], [13.8842, 53.9448], [13.8827, 53.9498], [13.8771, 53.9523], [13.8686, 53.9527], [13.8672, 53.95], [13.8519, 53.9531], [13.8554, 53.9607], [13.8531, 53.9658], [13.8382, 53.9774], [13.8335, 53.9848], [13.8118, 53.9948], [13.7982, 53.995], [13.7855, 54.001], [13.7595, 54.016], [13.7574, 54.028], [13.7477, 54.0266], [13.7413, 54.033], [13.7627, 54.0368], [13.7755, 54.0441], [13.7718, 54.0458], [13.7832, 54.0525], [13.7733, 54.0596], [13.7887, 54.0661], [13.7953, 54.0808], [13.7927, 54.0853], [13.8034, 54.0966], [13.8006, 54.1028], [13.7919, 54.1072], [13.7811, 54.1069], [13.7726, 54.1121], [13.7654, 54.1196], [13.7544, 54.1203], [13.7549, 54.1244], [13.7629, 54.1276], [13.7443, 54.1344], [13.7497, 54.1395], [13.7329, 54.1352], [13.7172, 54.1443], [13.6969, 54.1487], [13.692, 54.1528], [13.6954, 54.1581], [13.7174, 54.1634], [13.7055, 54.1714], [13.6966, 54.1719], [13.6226, 54.1397], [13.5765, 54.132], [13.513, 54.1285], [13.477, 54.1186], [13.4849, 54.1087], [13.4868, 54.1009], [13.5024, 54.0879], [13.4972, 54.0839], [13.4661, 54.0873], [13.4163, 54.0984], [13.3509, 54.0994], [13.369, 54.1064], [13.3774, 54.0991], [13.3856, 54.0999], [13.3834, 54.1007], [13.417, 54.099], [13.4295, 54.0959], [13.4406, 54.097], [13.4463, 54.0935], [13.4546, 54.0972], [13.44, 54.1108], [13.4393, 54.1221], [13.4311, 54.1321], [13.4066, 54.1473], [13.4098, 54.1514], [13.4054, 54.1524], [13.4026, 54.1481], [13.3895, 54.1424], [13.3834, 54.1433], [13.38, 54.1518], [13.4075, 54.1626], [13.4077, 54.1687], [13.3763, 54.1767], [13.347, 54.1652], [13.3378, 54.1675], [13.3165, 54.1601], [13.3299, 54.1671], [13.3346, 54.1741], [13.3405, 54.1737], [13.3366, 54.177], [13.3456, 54.1795], [13.3247, 54.1843], [13.3064, 54.2044], [13.2963, 54.2248], [13.2857, 54.2358], [13.2602, 54.2412], [13.2162, 54.241], [13.2106, 54.2444], [13.2161, 54.2498], [13.2016, 54.2576], [13.1906, 54.2587], [13.1852, 54.2664], [13.1737, 54.263], [13.1659, 54.2659], [13.1622, 54.2637], [13.1622, 54.2598], [13.1443, 54.2528], [13.1408, 54.257], [13.1471, 54.2609], [13.1618, 54.268], [13.1772, 54.267], [13.1777, 54.2706], [13.1654, 54.278], [13.1509, 54.2681], [13.1323, 54.269], [13.1034, 54.2831], [13.1018, 54.2971], [13.1088, 54.3067], [13.0988, 54.3105], [13.0948, 54.3166], [13.0876, 54.32], [13.075, 54.3448], [13.085, 54.36], [13.0926, 54.3634], [13.0904, 54.3707], [13.0808, 54.3801], [13.0728, 54.3831], [13.0485, 54.3799], [13.0243, 54.3962], [13.0199, 54.4079], [13.0235, 54.4219], [13.0333, 54.4241], [13.0669, 54.4607], [13.0339, 54.4264], [13.0281, 54.436], [13.0121, 54.4387], [12.9996, 54.4357], [12.9926, 54.4263], [12.9585, 54.4229], [12.9535, 54.4165], [12.9273, 54.4139], [12.8985, 54.4008], [12.8967, 54.3941], [12.887, 54.3844], [12.8808, 54.366], [12.8647, 54.3616], [12.8474, 54.3508], [12.8163, 54.3506], [12.8068, 54.3413], [12.8107, 54.3394], [12.8056, 54.34], [12.8086, 54.3438], [12.8059, 54.3507], [12.8005, 54.3503], [12.7959, 54.3452], [12.7853, 54.344], [12.7998, 54.3526], [12.8068, 54.3534], [12.8088, 54.3509], [12.801, 54.3734], [12.7833, 54.3809], [12.7867, 54.3958], [12.7844, 54.3918], [12.7766, 54.3903], [12.7686, 54.3714], [12.7557, 54.3702], [12.7457, 54.3803], [12.7424, 54.3725], [12.7341, 54.3693], [12.725, 54.3722], [12.7203, 54.3706], [12.7196, 54.3776], [12.7136, 54.3868], [12.7148, 54.3982], [12.6988, 54.3979], [12.6973, 54.385], [12.6827, 54.3749], [12.6871, 54.372], [12.6882, 54.3686], [12.6879, 54.3624], [12.6807, 54.3603], [12.683, 54.3568], [12.6804, 54.3583], [12.6794, 54.362], [12.687, 54.3637], [12.6877, 54.3684], [12.6764, 54.3722], [12.682, 54.381], [12.6931, 54.3863], [12.6848, 54.3965], [12.6915, 54.4014], [12.7127, 54.4019], [12.7139, 54.4054], [12.7099, 54.4106], [12.7052, 54.4112], [12.6699, 54.4049], [12.6624, 54.4024], [12.6603, 54.3982], [12.6812, 54.3934], [12.6218, 54.372], [12.5979, 54.3709], [12.6008, 54.3689], [12.6006, 54.3632], [12.5945, 54.3579], [12.5862, 54.3562], [12.5742, 54.3586], [12.5757, 54.3673], [12.5821, 54.3736], [12.5666, 54.3715], [12.5538, 54.3796], [12.555, 54.3727], [12.5342, 54.3647], [12.5522, 54.3598], [12.5532, 54.3565], [12.5393, 54.3517], [12.5377, 54.3456], [12.5402, 54.3431], [12.5373, 54.3382], [12.5215, 54.3327], [12.5125, 54.335], [12.4946, 54.3298], [12.4728, 54.3295], [12.4718, 54.3223], [12.4794, 54.314], [12.4783, 54.3032], [12.4377, 54.296], [12.4173, 54.2877], [12.4102, 54.278], [12.4112, 54.2691], [12.4189, 54.2594], [12.4712, 54.2508], [12.4701, 54.2533], [12.4715, 54.2505], [12.4664, 54.249], [12.4682, 54.2467], [12.4748, 54.2468], [12.488, 54.2416], [12.4873, 54.2409], [12.4678, 54.246], [12.4659, 54.2474], [12.4654, 54.2513], [12.4555, 54.2521], [12.4595, 54.2479], [12.4359, 54.2446], [12.4214, 54.2447], [12.3972, 54.2507], [12.3812, 54.2602], [12.3632, 54.2658], [12.366, 54.2694], [12.3765, 54.2718], [12.382, 54.2783], [12.3664, 54.2888], [12.3571, 54.2998], [12.3615, 54.3039], [12.3596, 54.3062], [12.3664, 54.3111], [12.3826, 54.3102], [12.3853, 54.3128], [12.3835, 54.3142], [12.396, 54.3238], [12.3941, 54.328], [12.3972, 54.3323], [12.384, 54.3405], [12.4001, 54.3439], [12.4066, 54.337], [12.4148, 54.3353], [12.4202, 54.343], [12.4195, 54.3539], [12.4136, 54.3647], [12.4187, 54.3732], [12.4357, 54.3801], [12.4571, 54.3813], [12.451, 54.3883], [12.4448, 54.3885], [12.4412, 54.3917], [12.4446, 54.393], [12.4452, 54.3888], [12.4527, 54.3888], [12.4495, 54.3906], [12.4515, 54.3921], [12.4633, 54.3894], [12.4642, 54.3929], [12.4547, 54.3954], [12.4682, 54.401], [12.4758, 54.3887], [12.4876, 54.3823], [12.5036, 54.3814], [12.5182, 54.3729], [12.5264, 54.381], [12.5347, 54.382], [12.5502, 54.39], [12.5877, 54.3891], [12.5917, 54.3879], [12.5909, 54.3817], [12.5979, 54.3915], [12.5775, 54.3961], [12.577, 54.4037], [12.5914, 54.4087], [12.617, 54.4071], [12.6107, 54.4121], [12.6243, 54.4207], [12.6159, 54.4246], [12.6223, 54.4249], [12.6301, 54.4205], [12.6377, 54.4264], [12.6445, 54.4258], [12.6153, 54.4353], [12.5995, 54.444], [12.5965, 54.4494], [12.5892, 54.4456], [12.5832, 54.445], [12.5623, 54.45], [12.5574, 54.4538], [12.5768, 54.4497], [12.583, 54.4456], [12.5933, 54.45], [12.5982, 54.4495], [12.6008, 54.4441], [12.6149, 54.439], [12.6156, 54.436], [12.6384, 54.4291], [12.6315, 54.4353], [12.6346, 54.4374], [12.632775628332064, 54.44652185833968], [12.5516, 54.4547], [12.5306, 54.4626], [12.5161, 54.4723], [12.5153, 54.4754], [12.5207, 54.4786], [12.5112, 54.4797], [12.491, 54.4651], [12.4606, 54.4136], [12.4319, 54.3891], [12.4055, 54.3756], [12.3538, 54.3122], [12.3351, 54.2962], [12.3056, 54.2818], [12.2247, 54.2547], [12.1925, 54.2404], [12.1747, 54.228], [12.1481, 54.2011], [12.1231, 54.1834], [12.1086, 54.1783], [12.0884, 54.179], [12.0975, 54.1703], [12.1063, 54.1686], [12.1061, 54.1732], [12.1168, 54.1758], [12.1167, 54.1781], [12.1321, 54.174], [12.1351, 54.1816], [12.1397, 54.1821], [12.1373, 54.188], [12.1577, 54.1859], [12.1405, 54.1863], [12.1405, 54.1832], [12.146, 54.1805], [12.1456, 54.1725], [12.1369, 54.162], [12.1472, 54.1623], [12.1582, 54.159], [12.1465, 54.1619], [12.1248, 54.1534], [12.1121, 54.1539], [12.1015, 54.1492], [12.0971, 54.1391], [12.1004, 54.1245], [12.0985, 54.1175], [12.1179, 54.0972], [12.1535, 54.0971], [12.1547, 54.0945], [12.1493, 54.0918], [12.1534, 54.0897], [12.154, 54.0888], [12.1519, 54.0844], [12.1478, 54.0865], [12.1532, 54.0886], [12.1478, 54.092], [12.1242, 54.0919], [12.1067, 54.0962], [12.0894, 54.1127], [12.0857, 54.1239], [12.0915, 54.1314], [12.0845, 54.1445], [12.0922, 54.1545], [12.0828, 54.1617], [12.0822, 54.1667], [12.0781, 54.1692], [12.0784, 54.1724], [12.0666, 54.1675], [12.061, 54.1747], [12.067, 54.1746], [12.0698, 54.1707], [12.0784, 54.1733], [12.0846, 54.1669], [12.0922, 54.1697], [12.1047, 54.1679], [12.0959, 54.1699], [12.0903, 54.174], [12.0871, 54.1819], [12.0562, 54.1773], [12.0102, 54.1781], [11.8567, 54.1456], [11.8119, 54.1456], [11.7585, 54.1547], [11.6834, 54.1542], [11.6655, 54.1458], [11.6203, 54.1133], [11.6018, 54.1034], [11.5541, 54.0939], [11.5224, 54.0701], [11.5131, 54.0586], [11.5109, 54.0498], [11.5132, 54.0448], [11.5167, 54.0484], [11.5151, 54.0551], [11.5185, 54.0628], [11.5333, 54.075], [11.5367, 54.0568], [11.5316, 54.0533], [11.5302, 54.0507], [11.5325, 54.0499], [11.5414, 54.0543], [11.5424, 54.0571], [11.5381, 54.0572], [11.5436, 54.0592], [11.5485, 54.0667], [11.5589, 54.0699], [11.5691, 54.0786], [11.5611, 54.0766], [11.5685, 54.0809], [11.5768, 54.081], [11.5802, 54.0889], [11.5885, 54.0933], [11.6017, 54.0951], [11.6012, 54.1019], [11.6135, 54.1031], [11.6264, 54.0899], [11.6252, 54.0771], [11.6128, 54.0729], [11.6109, 54.0711], [11.6132, 54.0705], [11.6152, 54.0689], [11.6105, 54.0694], [11.6125, 54.0666], [11.6069, 54.0694], [11.5823, 54.0638], [11.5868, 54.047], [11.5778, 54.0363], [11.5655, 54.0293], [11.5439, 54.0248], [11.5348, 54.0267], [11.5267, 54.0356], [11.5214, 54.0331], [11.5174, 54.0263], [11.5318, 54.0263], [11.5345, 54.0204], [11.5106, 54.0124], [11.4967, 53.9952], [11.4905, 53.9939], [11.4926, 53.9899], [11.4989, 53.9882], [11.4989, 53.9827], [11.506, 53.9822], [11.511, 53.977], [11.5016, 53.9803], [11.5046, 53.975], [11.4977, 53.9808], [11.4942, 53.9797], [11.4911, 53.9763], [11.4929, 53.97], [11.4884, 53.9681], [11.4858, 53.9711], [11.4878, 53.9748], [11.4848, 53.9745], [11.4784, 53.9691], [11.4838, 53.9672], [11.4821, 53.9624], [11.48103393602225, 53.96196919332406], [11.4812, 53.9619], [11.4816, 53.945], [11.4775, 53.935], [11.4827, 53.9321], [11.4825, 53.9289], [11.4777, 53.926], [11.4747, 53.929], [11.4605, 53.919], [11.4454, 53.9074], [11.4661, 53.8987], [11.4575, 53.8994], [11.46, 53.8954], [11.4576, 53.8983], [11.4358, 53.9004], [11.4343, 53.91], [11.4133, 53.9165], [11.4014, 53.9243], [11.4059, 53.9355], [11.3904, 53.9388], [11.3638, 53.9354], [11.3518, 53.9415], [11.3344, 53.9587], [11.3272, 53.9571], [11.3162, 53.9426], [11.2887, 53.9313], [11.2729, 53.9303], [11.2596, 53.9338], [11.2449, 53.943], [11.2412, 53.9506], [11.2465, 53.981], [11.2231, 53.9831], [11.206, 53.9888], [11.1928, 54.0], [11.1913, 54.0086], [11.1798, 54.0147], [11.1428, 54.0095], [11.0899, 54.0135], [11.0476, 54.0075], [10.9753, 53.985], [10.9341, 53.965], [10.897, 53.9568], [10.8835, 53.959], [10.8812, 53.9667], [10.8838, 53.9797], [10.8686, 53.9913], [10.8156, 53.9947], [10.8036, 53.9918], [10.7892, 53.9961], [10.7713, 54.0106], [10.7513, 54.0375], [10.7501, 54.0436], [10.7555, 54.0555], [10.7922, 54.0762], [10.8011, 54.0856], [10.8007, 54.0885], [10.7945, 54.0908], [10.8013, 54.0901], [10.8037, 54.0928], [10.8001, 54.0992], [10.8119, 54.0968], [10.81, 54.1066], [10.8145, 54.1023], [10.8137, 54.0949], [10.8147, 54.0931], [10.8227, 54.0893], [10.8553, 54.0894], [10.8681, 54.0844], [10.8881, 54.0921], [10.954, 54.1409], [11.0455, 54.1757], [11.0675, 54.1918], [11.0932, 54.1986], [11.083, 54.2426], [11.0836, 54.2777], [11.0739, 54.3162], [11.0729, 54.3468], [11.0702, 54.3481], [11.0701, 54.3423], [11.0647, 54.3416], [11.0583, 54.3526], [11.0674, 54.3556], [11.0669, 54.3602], [11.071, 54.3577], [11.0858, 54.3582], [11.0722, 54.3536], [11.073, 54.3504], [11.0787, 54.3538], [11.0748, 54.3496], [11.0767, 54.3483], [11.0888, 54.3586], [11.126, 54.3742], [11.1306, 54.3859], [11.1292, 54.3895], [11.1202, 54.3919], [11.1102, 54.3892], [11.1069, 54.392], [11.1119, 54.3925], [11.1034, 54.3943], [11.0912, 54.3913], [11.081, 54.3822], [11.0787, 54.379], [11.0834, 54.3741], [11.0836, 54.369], [11.0783, 54.3669], [11.0789, 54.373], [11.0731, 54.3752], [11.0769, 54.3759], [11.059, 54.3752], [11.0241, 54.3676], [11.0059, 54.3725], [10.998, 54.3694], [10.981, 54.3742], [10.9594, 54.3753], [10.9526, 54.3814], [10.968, 54.3789], [10.9687, 54.3794], [10.95, 54.3852], [10.931, 54.382], [10.9083, 54.3681], [10.8721, 54.3582], [10.8284, 54.3291], [10.7935, 54.3134], [10.7653, 54.3064], [10.7382, 54.3095], [10.7055, 54.3048], [10.6822, 54.3104], [10.6776, 54.3213], [10.6533, 54.3294], [10.6394, 54.3463], [10.6007, 54.3628], [10.5376, 54.3798], [10.4867, 54.3889], [10.3899, 54.4253], [10.3439, 54.4342], [10.3149, 54.4344], [10.2932, 54.4301], [10.289, 54.4256], [10.3052, 54.4303], [10.2951, 54.4257], [10.2972, 54.4216], [10.3048, 54.4192], [10.3081, 54.4249], [10.3145, 54.4212], [10.3098, 54.4126], [10.3051, 54.4104], [10.3005, 54.4113], [10.3042, 54.4134], [10.2929, 54.4195], [10.242, 54.4163], [10.2218, 54.4075], [10.2156, 54.3987], [10.2093, 54.3974], [10.2129, 54.3944], [10.2073, 54.3856], [10.1942, 54.3795], [10.1971, 54.375], [10.196, 54.3664], [10.178, 54.361], [10.1781, 54.3514], [10.1736, 54.3467], [10.1757, 54.3368], [10.1726, 54.332], [10.1891, 54.3268], [10.1757, 54.3292], [10.1644, 54.327], [10.1608, 54.3217], [10.1408, 54.3164], [10.1345, 54.3046], [10.1338, 54.3148], [10.1394, 54.3199], [10.1286, 54.3253], [10.141, 54.3284], [10.1436, 54.3264], [10.1424, 54.3248], [10.1355, 54.3237], [10.1423, 54.3209], [10.1515, 54.3339], [10.1569, 54.3367], [10.1549, 54.3436], [10.1397, 54.3557], [10.148, 54.3689], [10.1519, 54.3687], [10.1607, 54.3779], [10.1587, 54.3852], [10.176, 54.39], [10.1919, 54.3897], [10.1885, 54.3905], [10.192, 54.4029], [10.1885, 54.4111], [10.1692, 54.4295], [10.1684, 54.4353], [10.1767, 54.4384], [10.1846, 54.4476], [10.195, 54.4499], [10.1988, 54.4558], [10.1897, 54.4571], [10.158, 54.4751], [10.1266, 54.4851], [10.0214, 54.4755], [9.9962, 54.4685], [9.9245, 54.4621], [9.9197, 54.455], [9.9127, 54.452], [9.8671, 54.4478], [9.8562, 54.4502], [9.8479, 54.4561], [9.84, 54.4664], [9.8402, 54.4746], [9.8301, 54.4695], [9.8329, 54.4642], [9.8022, 54.4643], [9.7892, 54.4737], [9.7896, 54.4818], [9.7955, 54.4846], [9.8196, 54.478], [9.8271, 54.4711], [9.8438, 54.4767], [9.8548, 54.4767], [9.8637, 54.472], [9.938, 54.4931], [9.9625, 54.5015], [9.9955, 54.5194], [10.0139, 54.5439], [10.0275, 54.5513], [10.0258, 54.5946], [10.0336, 54.6214], [10.0308, 54.6421], [10.0364, 54.67], [10.0343, 54.6727], [10.038, 54.6805], [10.0371, 54.6864], [10.052, 54.6912], [10.032, 54.6862], [10.0241, 54.682], [10.0349, 54.6845], [10.0274, 54.6781], [10.0315, 54.6792], [10.035, 54.6704], [10.0282, 54.6725], [10.033, 54.6682], [10.0262, 54.6584], [10.03, 54.656], [10.0243, 54.6543], [10.0302, 54.6514], [10.0299, 54.6458], [10.0274, 54.6445], [10.0173, 54.6427], [10.0279, 54.6459], [10.0232, 54.6542], [10.0093, 54.6617], [10.0021, 54.6743], [9.9984, 54.6716], [9.9974, 54.6652], [9.9904, 54.6667], [9.9896, 54.6646], [9.9879, 54.6639], [9.9898, 54.6698], [9.976, 54.674], [9.9489, 54.6744], [9.9414, 54.6671], [9.939, 54.6604], [9.9416, 54.6548], [9.9366, 54.6506], [9.9454, 54.6371], [9.9362, 54.629], [9.9379, 54.6232], [9.9075, 54.6153], [9.8778, 54.5986], [9.8486, 54.5921], [9.8446, 54.5885], [9.8419, 54.5914], [9.8399, 54.5848], [9.8212, 54.5816], [9.8028, 54.5669], [9.7775, 54.5532], [9.7744, 54.5526], [9.7792, 54.557], [9.7751, 54.5584], [9.7658, 54.5559], [9.7612, 54.5491], [9.7457, 54.5436], [9.7447, 54.5365], [9.7393, 54.536], [9.7424, 54.5297], [9.7346, 54.5278], [9.74, 54.5242], [9.7585, 54.5289], [9.7671, 54.5266], [9.7545, 54.5272], [9.7403, 54.5234], [9.7361, 54.5251], [9.7271, 54.5231], [9.7257, 54.52], [9.7223, 54.5216], [9.7273, 54.5283], [9.7214, 54.5292], [9.7158, 54.5224], [9.7155, 54.5172], [9.6953, 54.5187], [9.6968, 54.5146], [9.7093, 54.5077], [9.7133, 54.4984], [9.7081, 54.4914], [9.6913, 54.4903], [9.6834, 54.4957], [9.6744, 54.4958], [9.6644, 54.5068], [9.625, 54.5117], [9.582, 54.5013], [9.5824, 54.4954], [9.5776, 54.4865], [9.5826, 54.4839], [9.5831, 54.4786], [9.5775, 54.477], [9.5782, 54.4749], [9.5731, 54.4784], [9.5767, 54.4863], [9.5715, 54.4879], [9.567, 54.4941], [9.5776, 54.5005], [9.5555, 54.5043], [9.5483, 54.5005], [9.5506, 54.5046], [9.5436, 54.5048], [9.549, 54.5073], [9.544, 54.5098], [9.5523, 54.5127], [9.5873, 54.5103], [9.587, 54.514], [9.605, 54.5211], [9.6045, 54.5243], [9.5989, 54.5226], [9.604, 54.5267], [9.6276, 54.5306], [9.6331, 54.5258], [9.6259, 54.5207], [9.6338, 54.5127], [9.6398, 54.5211], [9.6512, 54.5204], [9.6447, 54.5234], [9.6468, 54.5238], [9.6962, 54.5276], [9.7007, 54.5256], [9.7031, 54.5193], [9.7126, 54.5201], [9.7202, 54.5306], [9.7132, 54.5327], [9.7352, 54.5322], [9.7401, 54.5449], [9.7496, 54.5509], [9.7539, 54.5582], [9.7687, 54.5649], [9.7686, 54.568], [9.7632, 54.5674], [9.7677, 54.5794], [9.7813, 54.5794], [9.7726, 54.5754], [9.7925, 54.5733], [9.7984, 54.5778], [9.8121, 54.5798], [9.8151, 54.584], [9.8097, 54.5872], [9.8036, 54.5792], [9.801, 54.5807], [9.805, 54.5897], [9.8247, 54.5943], [9.8127, 54.5877], [9.8182, 54.5853], [9.8245, 54.5913], [9.8389, 54.5944], [9.8341, 54.5946], [9.8342, 54.5979], [9.8593, 54.6021], [9.8772, 54.6099], [9.8799, 54.6155], [9.8906, 54.6227], [9.9104, 54.6285], [9.9054, 54.6309], [9.9095, 54.6347], [9.9139, 54.6289], [9.9321, 54.6287], [9.9368, 54.6327], [9.9343, 54.6344], [9.931, 54.6313], [9.9294, 54.6336], [9.9326, 54.6509], [9.9362, 54.6549], [9.9344, 54.6602], [9.9379, 54.6652], [9.9375, 54.6728], [9.9493, 54.6784], [9.9626, 54.6788], [9.9679, 54.6833], [9.9795, 54.6835], [9.9788, 54.6883], [9.9723, 54.6901], [9.9891, 54.7053], [9.9884, 54.7153], [9.9949, 54.7088], [9.9962, 54.7109], [9.9964, 54.7076], [10.0022, 54.7078], [9.9928, 54.6992], [9.991, 54.6945], [9.9949, 54.6889], [9.988, 54.6854], [9.9908, 54.6824], [9.9951, 54.6825], [9.9999, 54.6876], [10.003, 54.6891], [10.0059, 54.6891], [10.0046, 54.6927], [10.0065, 54.6895], [10.0055, 54.6886], [10.0033, 54.6884], [10.0078, 54.6883], [10.0177, 54.6941], [10.0172, 54.6926], [10.024, 54.6917], [10.0206, 54.6896], [10.0242, 54.6887], [10.0201, 54.6885], [10.0248, 54.6869], [10.0259, 54.6953], [9.9893, 54.7167], [9.98, 54.7347], [9.9759, 54.7565], [9.9571, 54.7791], [9.908, 54.7981], [9.9023, 54.7873], [9.9049, 54.782], [9.8997, 54.7733], [9.9068, 54.7733], [9.9087, 54.7775], [9.9214, 54.7822], [9.9092, 54.7746], [9.9178, 54.7695], [9.9077, 54.7699], [9.9054, 54.7632], [9.8972, 54.76], [9.9035, 54.7651], [9.893, 54.7678], [9.895, 54.7712], [9.8821, 54.7623], [9.875, 54.752], [9.8368, 54.7581], [9.8019, 54.7834], [9.7916, 54.7975], [9.7711, 54.7956], [9.7549, 54.8018], [9.711, 54.8081], [9.6618, 54.8231], [9.6489, 54.821], [9.623, 54.8312], [9.6048, 54.8306], [9.5897, 54.845], [9.5899, 54.853], [9.5996, 54.8669], [9.616, 54.8766], [9.5886, 54.8769], [9.5869, 54.8675], [9.5806, 54.8634], [9.5919, 54.8586], [9.5798, 54.857], [9.5812, 54.8529], [9.5774, 54.8494], [9.5804, 54.8485], [9.577, 54.8446], [9.5718, 54.8465], [9.5773, 54.8489], [9.5725, 54.8498], [9.5781, 54.8562], [9.5733, 54.8573], [9.5764, 54.8576], [9.5801, 54.8651], [9.5742, 54.864], [9.5657, 54.855], [9.5337, 54.845], [9.5243, 54.836], [9.5171, 54.8388], [9.4983, 54.8226], [9.466, 54.823], [9.4576, 54.8172], [9.4527, 54.8067], [9.441, 54.8031], [9.4409, 54.7987], [9.4366, 54.7971], [9.4396, 54.7947], [9.4376, 54.787], [9.4284, 54.7999], [9.4333, 54.8042], [9.4195, 54.8313], [9.4498, 54.8263], [9.4224, 54.8322], [9.4632, 54.8395], [9.4728, 54.8455], [9.4868, 54.8486], [9.4839, 54.849], [9.4894, 54.856], [9.4997, 54.8601], [9.5074, 54.8712], [9.5185, 54.8722], [9.523, 54.8771], [9.5351, 54.8762], [9.5339, 54.8802], [9.5389, 54.8817], [9.5526, 54.8771], [9.5647, 54.8793], [9.5772, 54.8927], [9.5749, 54.8985], [9.5722, 54.896], [9.573, 54.9027], [9.5954, 54.9069], [9.5995, 54.9104], [9.5962, 54.9143], [9.5846, 54.915], [9.5954, 54.9201], [9.609, 54.9166], [9.6155, 54.9333], [9.6215, 54.9356], [9.6491, 54.9282], [9.6739, 54.9152], [9.6683, 54.9091], [9.6536, 54.9086], [9.64, 54.9157], [9.5994, 54.9062], [9.6448, 54.8896], [9.6436, 54.8831], [9.6573, 54.8811], [9.6504, 54.8729], [9.6372, 54.8659], [9.644, 54.8592], [9.6624, 54.8543], [9.6733, 54.8575], [9.7049, 54.8523], [9.7076, 54.8507], [9.706, 54.8465], [9.7253, 54.8401], [9.7279, 54.8363], [9.7489, 54.8386], [9.7614, 54.8501], [9.7581, 54.8615], [9.7434, 54.8677], [9.7377, 54.8823], [9.7229, 54.8881], [9.7063, 54.8888], [9.7016, 54.8936], [9.7079, 54.9033], [9.7559, 54.8965], [9.7806, 54.9052], [9.7814, 54.9115], [9.7644, 54.9174], [9.7633, 54.9251], [9.754, 54.9276], [9.7543, 54.9397], [9.7492, 54.9583], [9.7515, 54.967], [9.7402, 54.9737], [9.7391, 54.987], [9.7168, 54.9904], [9.6925, 54.9884], [9.6842, 54.9951], [9.6516, 55.0076], [9.6304, 55.0109], [9.6169, 55.0198], [9.6057, 55.0361], [9.5807, 55.0442], [9.5741, 55.0428], [9.5756, 55.037], [9.5723, 55.034], [9.5402, 55.03], [9.4948, 55.0148], [9.4408, 55.0189], [9.4254, 55.0246], [9.4215, 55.0315], [9.4225, 55.0485], [9.4307, 55.0467], [9.4352, 55.041], [9.4417, 55.0407], [9.4585, 55.0434], [9.466, 55.0483], [9.501, 55.0462], [9.5175, 55.0538], [9.5508, 55.0762], [9.5508, 55.0895], [9.54, 55.0914], [9.5315, 55.1018], [9.5259, 55.103], [9.5265, 55.1064], [9.5053, 55.1116], [9.4945, 55.1205], [9.4811, 55.1159], [9.478, 55.1195], [9.4699, 55.1159], [9.4578, 55.1149], [9.4723, 55.1309], [9.5098, 55.1256], [9.5203, 55.1276], [9.5071, 55.1347], [9.5038, 55.1481], [9.4918, 55.1517], [9.4943, 55.1561], [9.5614, 55.1775], [9.5796, 55.1895], [9.5939, 55.1938], [9.6105, 55.1928], [9.6239, 55.1876], [9.6158, 55.1927], [9.6263, 55.19], [9.6258, 55.1952], [9.631, 55.196], [9.6267, 55.1942], [9.6267, 55.1904], [9.6374, 55.1768], [9.6293, 55.1758], [9.629, 55.1854], [9.6262, 55.1879], [9.6212, 55.1831], [9.6245, 55.1771], [9.6319, 55.1745], [9.6949, 55.1947], [9.6965, 55.1993], [9.6874, 55.2199], [9.6792, 55.2183], [9.6876, 55.215], [9.6815, 55.2162], [9.6794, 55.2119], [9.6566, 55.2105], [9.6543, 55.2128], [9.6577, 55.2154], [9.6567, 55.2238], [9.6698, 55.2267], [9.6743, 55.2211], [9.6784, 55.2214], [9.6769, 55.2176], [9.6859, 55.2229], [9.6876, 55.2206], [9.6962, 55.2287], [9.7113, 55.2318], [9.7171, 55.2353], [9.7133, 55.2404], [9.7213, 55.2496], [9.7202, 55.2549], [9.7124, 55.2621], [9.7058, 55.2618], [9.6567, 55.2822], [9.6462, 55.2807], [9.6389, 55.2844], [9.6292, 55.2843], [9.6114, 55.2712], [9.5879, 55.2699], [9.5846, 55.2671], [9.5894, 55.261], [9.5881, 55.2554], [9.5714, 55.2516], [9.5679, 55.2473], [9.5642, 55.248], [9.5652, 55.2503], [9.5582, 55.2467], [9.5189, 55.2505], [9.5019, 55.2474], [9.4961, 55.2472], [9.4919, 55.248], [9.5041, 55.252], [9.5545, 55.2493], [9.5647, 55.2515], [9.5704, 55.2574], [9.584, 55.2609], [9.5811, 55.265], [9.5834, 55.2701], [9.6112, 55.2748], [9.6252, 55.2879], [9.6403, 55.2911], [9.641, 55.2941], [9.6482, 55.2876], [9.6664, 55.2877], [9.6717, 55.2848], [9.6437, 55.311], [9.6199, 55.3091], [9.6329, 55.312], [9.6518, 55.3281], [9.6475, 55.3339], [9.6507, 55.3405], [9.627, 55.3554], [9.6033, 55.3549], [9.598, 55.3608], [9.5945, 55.3587], [9.5767, 55.3618], [9.5749, 55.367], [9.5655, 55.371], [9.5731, 55.3731], [9.5939, 55.3698], [9.6021, 55.365], [9.6011, 55.3614], [9.6058, 55.363], [9.6189, 55.3777], [9.622, 55.3907], [9.5953, 55.4123], [9.593, 55.4188], [9.5975, 55.425], [9.612, 55.4303], [9.627, 55.4309], [9.631, 55.4367], [9.6329, 55.4341], [9.6286, 55.431], [9.6594, 55.4395], [9.6734, 55.4501], [9.689, 55.4535], [9.6962, 55.4622], [9.6631, 55.4818], [9.625, 55.4973], [9.603, 55.4962], [9.5867, 55.4857], [9.5677, 55.4921], [9.5132, 55.4836], [9.4978, 55.4882], [9.4779, 55.4866], [9.473, 55.4879], [9.4775, 55.487], [9.5007, 55.4989], [9.5137, 55.5003], [9.5398, 55.4966], [9.5843, 55.4974], [9.586, 55.4988], [9.5813, 55.5081], [9.5654, 55.5137], [9.5592, 55.5133], [9.5566, 55.5136], [9.5639, 55.5153], [9.5775, 55.5108], [9.589, 55.5163], [9.5824, 55.5184], [9.5717, 55.5159], [9.5658, 55.5192], [9.5651, 55.5235], [9.5731, 55.5269], [9.5988, 55.5179], [9.6073, 55.5189], [9.6032, 55.5157], [9.6041, 55.5114], [9.6268, 55.5143], [9.6377, 55.5086], [9.6525, 55.5138], [9.6739, 55.5271], [9.7246, 55.5181], [9.7413, 55.5188], [9.7418, 55.5229], [9.7297, 55.5453], [9.7284, 55.5514], [9.7314, 55.5572], [9.7383, 55.5594], [9.7657, 55.5561], [9.7711, 55.5705], [9.7845, 55.5795], [9.7974, 55.5934], [9.8334, 55.6112], [9.8494, 55.6149], [9.8626, 55.624], [9.8608, 55.6262], [9.8409, 55.6247], [9.8176, 55.6279], [9.7622, 55.6231], [9.7436, 55.6277], [9.7421, 55.6244], [9.7466, 55.6238], [9.7487, 55.6213], [9.7411, 55.6192], [9.7356, 55.6127], [9.7187, 55.6124], [9.7075, 55.6062], [9.6912, 55.6036], [9.6883, 55.606], [9.7134, 55.6178], [9.7249, 55.6155], [9.7279, 55.62], [9.7469, 55.6301], [9.7431, 55.6533], [9.7195, 55.6647], [9.7022, 55.6662], [9.6681, 55.6944], [9.6563, 55.6913], [9.6401, 55.6944], [9.5796, 55.6902], [9.5392, 55.7003], [9.5424, 55.7009], [9.5379, 55.7033], [9.5436, 55.7033], [9.5402, 55.7058], [9.5529, 55.7101], [9.5785, 55.7036], [9.6046, 55.7041], [9.6717, 55.7131], [9.6871, 55.7107], [9.702, 55.7036], [9.7184, 55.7036], [9.7157, 55.7016], [9.7188, 55.6969], [9.7467, 55.6786], [9.7838, 55.6806], [9.8099, 55.6764], [9.8181, 55.6682], [9.8433, 55.6719], [9.8838, 55.6878], [9.9137, 55.6926], [9.9896, 55.6962], [10.0083, 55.7019], [10.0315, 55.6962], [10.0313, 55.7018], [10.0183, 55.7143], [9.9993, 55.7188], [9.9977, 55.7231], [10.0032, 55.7298], [10.0265, 55.736], [10.0219, 55.7388], [10.0192, 55.7381], [10.0212, 55.7354], [10.015, 55.7376], [10.0121, 55.7327], [10.0075, 55.7316], [10.0046, 55.7317], [10.0029, 55.7322], [10.0086, 55.7338], [10.0032, 55.7365], [10.0078, 55.7404], [10.0066, 55.7435], [10.0102, 55.7446], [10.0265, 55.7399], [10.0281, 55.7359], [10.0245, 55.7337], [10.0368, 55.7349], [10.0477, 55.7435], [10.057, 55.7463], [10.0821, 55.7447], [10.0772, 55.7532], [10.0287, 55.7571], [10.0162, 55.7656], [10.0182, 55.779], [10.0307, 55.7838], [10.0664, 55.8096], [10.053, 55.8151], [10.0522, 55.8212], [10.0473, 55.8241], [10.0279, 55.8235], [10.0143, 55.8171], [10.0213, 55.8242], [10.0162, 55.8298], [10.02, 55.8306], [10.0197, 55.828], [10.023, 55.8306], [10.0225, 55.8386], [10.0131, 55.8291], [10.001, 55.8248], [9.8479, 55.8508], [9.8486, 55.8575], [9.8447, 55.859], [9.8979, 55.8637], [9.8877, 55.8748], [9.8751, 55.8768], [9.8747, 55.8722], [9.848, 55.879], [9.8973, 55.8768], [9.9055, 55.8796], [9.9052, 55.8764], [9.8929, 55.8719], [9.8942, 55.8685], [9.9166, 55.8575], [9.9202, 55.8603], [9.935, 55.8613], [9.9666, 55.8587], [9.9675, 55.8637], [9.962, 55.8672], [9.9669, 55.8724], [9.966, 55.8781], [9.9714, 55.8794], [9.9979, 55.8803], [10.0115, 55.8759], [10.0296, 55.8756], [10.0586, 55.8787], [10.0768, 55.8852], [10.0991, 55.8813], [10.1128, 55.8831], [10.1119, 55.875], [10.1181, 55.8712], [10.1249, 55.8729], [10.1335, 55.8819], [10.145, 55.8737], [10.1473, 55.8686], [10.1403, 55.8637], [10.1409, 55.8576], [10.1647, 55.8434], [10.1946, 55.8385], [10.1952, 55.8482], [10.192249079754601, 55.85056073619632], [10.1918, 55.8497], [10.1801, 55.8504], [10.1942, 55.8543], [10.192769350649352, 55.85155792207792], [10.2009, 55.8558], [10.2018, 55.8638], [10.1944, 55.8698], [10.1924, 55.8857], [10.2052, 55.886], [10.2263, 55.9018], [10.2545, 55.9125], [10.2583, 55.9419], [10.2652, 55.9585], [10.2537, 55.9757], [10.2512, 55.9833], [10.2529, 55.9951], [10.2629, 56.0012], [10.2696, 56.015], [10.2823, 56.0205], [10.2599, 56.0237], [10.2695, 56.035], [10.2717, 56.046], [10.2579, 56.056], [10.2581, 56.0684], [10.2471, 56.0944], [10.2391, 56.1006], [10.2286, 56.1197], [10.2164, 56.1261], [10.2083, 56.1373], [10.2089, 56.1456], [10.2143, 56.1518], [10.2133, 56.1583], [10.2417, 56.1868], [10.2566, 56.1941], [10.2802, 56.1998], [10.2827, 56.206], [10.281, 56.2032], [10.2753, 56.2024], [10.2717, 56.203], [10.2808, 56.2055], [10.3052, 56.2266], [10.331, 56.2337], [10.3346, 56.2375], [10.3344, 56.2449], [10.3437, 56.2533], [10.3427, 56.2624], [10.3585, 56.272], [10.3713, 56.2691], [10.3857, 56.2779], [10.3774, 56.2871], [10.3799, 56.2899], [10.3914, 56.2927], [10.4154, 56.2909], [10.4287, 56.2949], [10.446, 56.2905], [10.453, 56.2956], [10.4547, 56.2921], [10.4508, 56.2853], [10.4545, 56.2812], [10.4728, 56.2796], [10.4642, 56.273], [10.4719, 56.2719], [10.4722, 56.2763], [10.481, 56.2816], [10.4863, 56.2769], [10.5014, 56.2738], [10.4986, 56.2686], [10.5049, 56.2638], [10.5044, 56.2605], [10.4811, 56.2591], [10.4788, 56.2481], [10.4608, 56.2392], [10.4436, 56.2258], [10.4478, 56.2237], [10.4568, 56.2287], [10.467, 56.2266], [10.4656, 56.2193], [10.4777, 56.2093], [10.4769, 56.2059], [10.4586, 56.1973], [10.4365, 56.201], [10.4257, 56.2081], [10.4296, 56.2149], [10.4378, 56.2185], [10.4298, 56.2205], [10.4096, 56.2173], [10.4108, 56.2135], [10.4064, 56.2083], [10.3733, 56.2007], [10.3505, 56.2014], [10.3462, 56.1982], [10.3479, 56.1922], [10.3597, 56.1928], [10.3766, 56.1826], [10.3797, 56.1683], [10.3852, 56.1639], [10.4174, 56.1611], [10.4303, 56.1667], [10.4396, 56.1775], [10.4505, 56.1809], [10.4733, 56.1787], [10.4997, 56.168], [10.5222, 56.1713], [10.5293, 56.1651], [10.5179, 56.1455], [10.4883, 56.1446], [10.4807, 56.1391], [10.5123, 56.0951], [10.5463, 56.1015], [10.5587, 56.1133], [10.5591, 56.1246], [10.5543, 56.1324], [10.5525, 56.1451], [10.5334, 56.1603], [10.5357, 56.1724], [10.5552, 56.1911], [10.5727, 56.1998], [10.573, 56.2049], [10.5832, 56.2207], [10.5999, 56.2289], [10.614, 56.2285], [10.6546, 56.2224], [10.6698, 56.2127], [10.6723, 56.2044], [10.6659, 56.1849], [10.6528, 56.1806], [10.6514, 56.184], [10.6379, 56.1861], [10.6393, 56.1752], [10.6453, 56.1674], [10.658, 56.1594], [10.6769, 56.1541], [10.6901, 56.1382], [10.7156, 56.1412], [10.7388, 56.1778], [10.729, 56.2022], [10.7297, 56.2118], [10.7366, 56.224], [10.7659, 56.241], [10.7886, 56.2436], [10.8091, 56.2557], [10.8299, 56.2875], [10.8427, 56.2952], [10.8618, 56.3006], [10.8725, 56.3116], [10.8806, 56.3144], [10.9147, 56.3394], [10.9115, 56.3549], [10.9117, 56.3794], [10.9177, 56.3925], [10.9147, 56.4037], [10.9205, 56.4251], [10.9329, 56.4347], [10.9524, 56.4385], [10.9545, 56.4438], [10.9495, 56.4474], [10.948, 56.4533], [10.9241, 56.4688], [10.9132, 56.4704], [10.8964, 56.4798], [10.8727, 56.4875], [10.8627, 56.5131], [10.8377, 56.5273], [10.8043, 56.5309], [10.7897, 56.5367], [10.7644, 56.537], [10.73, 56.5302], [10.6746, 56.5297], [10.6293, 56.5252], [10.5908, 56.5174], [10.5265, 56.5133], [10.4999, 56.5139], [10.4603, 56.522], [10.4265, 56.5245], [10.4018, 56.532], [10.3617, 56.5597], [10.353, 56.5618], [10.3543, 56.5638], [10.3413, 56.5801], [10.3376, 56.5958], [10.3153, 56.6009], [10.3046, 56.6071], [10.2989, 56.6044], [10.3007, 56.5944], [10.2983, 56.5887], [10.2694, 56.5756], [10.2586, 56.5641], [10.2547, 56.5637], [10.2508, 56.5573], [10.254, 56.5534], [10.2502, 56.5528], [10.2527, 56.5482], [10.245, 56.5347], [10.2291, 56.5189], [10.2346, 56.5038], [10.2407, 56.503], [10.2454, 56.4981], [10.2454, 56.4956], [10.2378, 56.4945], [10.2383, 56.4911], [10.2468, 56.4929], [10.2407, 56.4908], [10.2444, 56.4888], [10.2477, 56.485], [10.252, 56.4833], [10.2654, 56.4826], [10.2624, 56.4796], [10.275, 56.473], [10.29, 56.4728], [10.3063, 56.468], [10.2552, 56.4658], [10.2248, 56.4727], [10.1814, 56.4684], [10.1862, 56.4717], [10.1285, 56.4563], [10.1099, 56.4585], [10.0961, 56.4634], [10.0716, 56.4636], [10.0553, 56.4584], [10.0517, 56.4613], [10.0409, 56.4559], [10.0373, 56.4548], [10.026, 56.4531], [10.0031, 56.4546], [9.9961, 56.4461], [9.9753, 56.4366], [9.9925, 56.446], [9.9922, 56.45], [9.9993, 56.4549], [9.9968, 56.4569], [10.0053, 56.4574], [10.0123, 56.4559], [10.0128, 56.4566], [10.0146, 56.4566], [10.0147, 56.4566], [10.015, 56.4566], [10.0168, 56.4566], [10.0312, 56.4563], [10.0354, 56.4557], [10.0517, 56.4634], [10.0637, 56.4665], [10.0946, 56.4688], [10.1156, 56.4657], [10.1222, 56.4593], [10.1329, 56.4583], [10.1834, 56.4731], [10.2095, 56.4749], [10.2113, 56.4899], [10.2147, 56.4924], [10.2133, 56.4959], [10.2197, 56.4989], [10.221, 56.5106], [10.2127, 56.5598], [10.2156, 56.5644], [10.2199, 56.5667], [10.2337, 56.5606], [10.2398, 56.5663], [10.2442, 56.5815], [10.2499, 56.5789], [10.2521, 56.5829], [10.2719, 56.5914], [10.2764, 56.5953], [10.2753, 56.5982], [10.2799, 56.5982], [10.2986, 56.6113], [10.3434, 56.6253], [10.3581, 56.6422], [10.3442, 56.6579], [10.3344, 56.6595], [10.3182, 56.6579], [10.2935, 56.6597], [10.3015, 56.6656], [10.2996, 56.6787], [10.2873, 56.6884], [10.285, 56.6895], [10.2797, 56.691], [10.2753, 56.6927], [10.2884, 56.6884], [10.2979, 56.6811], [10.2981, 56.6847], [10.2738, 56.6955], [10.2745, 56.693], [10.2617, 56.6987], [10.2472, 56.6972], [10.2061, 56.6824], [10.1922, 56.6803], [10.1629, 56.7043], [10.1418, 56.7066], [10.1338, 56.7106], [10.1245, 56.7095], [10.121, 56.7124], [10.1123, 56.7066], [10.1096, 56.6947], [10.0975, 56.6884], [10.0773, 56.6825], [10.0522, 56.6905], [10.0305, 56.6777], [10.0285, 56.6727], [10.0095, 56.6716], [10.0017, 56.6659], [9.993, 56.6659], [9.9833, 56.6579], [9.9864, 56.656], [9.9823, 56.653], [9.9681, 56.6555], [9.9482, 56.6488], [9.9394, 56.6509], [9.9135, 56.6457], [9.9021, 56.6479], [9.8572, 56.645], [9.8433, 56.6376], [9.8291, 56.6407], [9.8082, 56.637], [9.7962, 56.6386], [9.793, 56.6409], [9.7872, 56.6381], [9.7902, 56.6366], [9.7886, 56.6338], [9.7818, 56.6373], [9.7839, 56.6408], [9.7977, 56.641], [9.7991, 56.6394], [9.8213, 56.6472], [9.9059, 56.6502], [9.9237, 56.6558], [9.933, 56.6551], [9.9331, 56.6579], [9.9446, 56.661], [9.9537, 56.6592], [9.9473, 56.6672], [9.9408, 56.6633], [9.9305, 56.6644], [9.9389, 56.6687], [9.9596, 56.666], [9.9832, 56.6787], [10.0129, 56.6805], [10.0117, 56.6862], [10.0179, 56.6916], [10.0392, 56.6943], [10.0433, 56.6992], [10.0624, 56.7022], [10.0709, 56.6989], [10.0738, 56.6933], [10.0793, 56.6942], [10.0987, 56.7013], [10.1036, 56.7103], [10.1114, 56.7145], [10.1335, 56.7192], [10.1625, 56.7191], [10.1588, 56.7168], [10.1626, 56.7118], [10.1802, 56.7048], [10.1981, 56.7071], [10.2029, 56.7129], [10.2181, 56.7205], [10.2487, 56.7212], [10.2473, 56.7188], [10.2544, 56.7159], [10.2717, 56.7124], [10.2777, 56.7123], [10.2792, 56.7126], [10.28, 56.7126], [10.2801, 56.7126], [10.2802, 56.7126], [10.2811, 56.7126], [10.2815, 56.7126], [10.2816, 56.7126], [10.2819, 56.7126], [10.2821, 56.7126], [10.2831, 56.7126], [10.2846, 56.7122], [10.2848, 56.7122], [10.2851, 56.7121], [10.2868, 56.7118], [10.2885, 56.7117], [10.2913, 56.7124], [10.293, 56.7122], [10.3034, 56.7104], [10.3202, 56.706], [10.3286, 56.7091], [10.3243, 56.7277], [10.297, 56.7509], [10.2741, 56.8016], [10.2766, 56.8029], [10.2724, 56.8144], [10.2728, 56.8435], [10.2663, 56.8585], [10.2625, 56.8952], [10.2696, 56.9196], [10.2701, 56.9375], [10.2859, 56.9489], [10.2864, 56.9532], [10.2809, 56.9561], [10.2819, 56.9595], [10.2889, 56.967], [10.2986, 56.971], [10.3038, 56.9805], [10.2922, 56.9824], [10.2263, 56.9788], [10.1909, 56.9861], [10.1355, 57.0081], [10.1219, 57.0164], [10.1189, 57.0159], [10.1187, 57.0119], [10.1161, 57.0225], [10.0587, 57.0443], [10.0433, 57.0542], [10.024, 57.0727], [10.0102, 57.0784], [9.9833, 57.0728], [9.9676, 57.0592], [9.9437, 57.0477], [9.9307, 57.0472], [9.9048, 57.0562], [9.8877, 57.0573], [9.848, 57.0429], [9.8024, 57.0455], [9.7725, 57.0508], [9.6817, 57.0359], [9.6677, 57.025], [9.6674, 57.0108], [9.6291, 56.9828], [9.6181, 56.9705], [9.6007, 56.9643], [9.5886, 56.9645], [9.5762, 56.9582], [9.5774, 56.9506], [9.573, 56.9399], [9.5721, 56.9261], [9.5753, 56.9197], [9.5525, 56.9365], [9.5358, 56.9553], [9.5509, 56.9661], [9.5566, 56.9652], [9.564, 56.9555], [9.5693, 56.9592], [9.5711, 56.9634], [9.5662, 56.9684], [9.5664, 56.9728], [9.5699, 56.9798], [9.5805, 56.9867], [9.5737, 56.993], [9.5544, 57.0011], [9.4984, 57.015], [9.4256, 57.0192], [9.3461, 57.0084], [9.29, 56.9969], [9.2779, 56.974], [9.2423, 56.9672], [9.2271, 56.9437], [9.2105, 56.9392], [9.1928, 56.9255], [9.181, 56.9208], [9.1651, 56.8928], [9.1658, 56.8866], [9.2079, 56.8689], [9.2129, 56.8598], [9.2127, 56.8506], [9.1913, 56.8255], [9.17, 56.8119], [9.1675, 56.807], [9.1855, 56.7867], [9.1883, 56.7781], [9.1854, 56.7661], [9.205, 56.7655], [9.2375, 56.7573], [9.2407, 56.7542], [9.2422, 56.7422], [9.2377, 56.7333], [9.2215, 56.7162], [9.1823, 56.696], [9.176, 56.6884], [9.1593, 56.6826], [9.1571, 56.6766], [9.1611, 56.6709], [9.1754, 56.6644], [9.1974, 56.6747], [9.2216, 56.6809], [9.2299, 56.688], [9.246, 56.6879], [9.2626, 56.6943], [9.2709, 56.6967], [9.2915, 56.6978], [9.3065, 56.688], [9.3229, 56.6664], [9.3251, 56.6524], [9.3209, 56.641], [9.3131, 56.635], [9.3109, 56.617], [9.2999, 56.6076], [9.2917, 56.6065], [9.2965, 56.5987], [9.2828, 56.5707], [9.2849, 56.5594], [9.291, 56.5542], [9.3013, 56.5522], [9.3316, 56.5569], [9.3617, 56.5673], [9.3708, 56.5645], [9.3638, 56.5605], [9.3688, 56.5588], [9.3647, 56.5581], [9.3603, 56.5509], [9.3629, 56.5412], [9.3683, 56.5385], [9.368, 56.5356], [9.3644, 56.534], [9.3421, 56.5412], [9.3329, 56.5407], [9.3053, 56.526], [9.3038, 56.5187], [9.2948, 56.5216], [9.2986, 56.5273], [9.3031, 56.5277], [9.3031, 56.5332], [9.2914, 56.5328], [9.278, 56.5395], [9.2584, 56.5541], [9.25, 56.5717], [9.2419, 56.5728], [9.2505, 56.5801], [9.2551, 56.5925], [9.2615, 56.5918], [9.2879, 56.6013], [9.2849, 56.6028], [9.2903, 56.6105], [9.2837, 56.6191], [9.2689, 56.625], [9.2566, 56.623], [9.2548, 56.6258], [9.2591, 56.6271], [9.2568, 56.6283], [9.2481, 56.6259], [9.2368, 56.6292], [9.2202, 56.6271], [9.2052, 56.6294], [9.182, 56.6209], [9.1603, 56.6232], [9.1479, 56.6355], [9.1476, 56.6429], [9.1519, 56.6512], [9.1431, 56.6607], [9.1455, 56.6518], [9.1405, 56.6485], [9.1372, 56.6381], [9.1074, 56.6214], [9.1216, 56.6155], [9.1541, 56.6187], [9.149, 56.6097], [9.1322, 56.5998], [9.125, 56.6], [9.1122, 56.608], [9.0914, 56.602], [9.0877, 56.588], [9.0947, 56.5767], [9.09, 56.5689], [9.0677, 56.5529], [9.0483, 56.5604], [9.0498, 56.5615], [9.0554, 56.5629], [9.0498, 56.5661], [9.0502, 56.5736], [9.0411, 56.5898], [9.0436, 56.6099], [9.0494, 56.6165], [9.0526, 56.6271], [9.0609, 56.6343], [9.081, 56.6432], [9.0908, 56.6462], [9.1021, 56.6444], [9.0983, 56.6486], [9.0984, 56.6562], [9.0937, 56.6602], [9.0943, 56.6672], [9.1138, 56.6666], [9.1191, 56.6786], [9.1364, 56.6929], [9.1579, 56.7037], [9.1683, 56.707], [9.1763, 56.7058], [9.1675, 56.7149], [9.1244, 56.7443], [9.1088, 56.7722], [9.1067, 56.7871], [9.0786, 56.7985], [9.0615, 56.8019], [9.0541, 56.7989], [9.0274, 56.7999], [9.031, 56.7915], [9.0385, 56.7883], [9.0293, 56.785], [8.9615, 56.8025], [8.9273, 56.7893], [8.9164, 56.7791], [8.902, 56.772], [8.8645, 56.7633], [8.8682, 56.7537], [8.8534, 56.7432], [8.8225, 56.7071], [8.8472, 56.7089], [8.8581, 56.7132], [8.8729, 56.7056], [8.8809, 56.713], [8.8804, 56.7165], [8.8764, 56.717], [8.8799, 56.7204], [8.8871, 56.7082], [8.9089, 56.7087], [8.9151, 56.7054], [8.9177, 56.6998], [8.9084, 56.6936], [8.8917, 56.6917], [8.8828, 56.6963], [8.8805, 56.7009], [8.8742, 56.7005], [8.8661, 56.6969], [8.8688, 56.6882], [8.8861, 56.6809], [8.898, 56.6819], [8.9101, 56.6771], [8.9008, 56.6803], [8.8849, 56.6788], [8.8721, 56.6831], [8.8648, 56.6823], [8.8662, 56.6927], [8.8507, 56.6921], [8.844, 56.6968], [8.8418, 56.696], [8.8476, 56.6903], [8.8388, 56.6866], [8.812, 56.6945], [8.7805, 56.6744], [8.773, 56.6563], [8.7554, 56.6405], [8.7469, 56.639], [8.7322, 56.6281], [8.7146, 56.624], [8.6825, 56.6294], [8.6743, 56.6244], [8.6719, 56.6087], [8.6881, 56.6056], [8.7016, 56.5841], [8.7506, 56.5636], [8.7604, 56.5523], [8.7615, 56.5584], [8.7706, 56.5589], [8.7713, 56.5621], [8.7841, 56.5692], [8.7998, 56.5717], [8.8083, 56.5701], [8.8093, 56.5674], [8.8063, 56.5663], [8.8084, 56.5607], [8.7996, 56.5559], [8.7884, 56.5554], [8.7728, 56.5494], [8.7713, 56.5459], [8.7651, 56.5473], [8.7548, 56.5436], [8.76, 56.5458], [8.755, 56.5458], [8.7586, 56.5482], [8.7457, 56.5452], [8.7394, 56.5379], [8.7272, 56.5322], [8.7378, 56.5132], [8.7416, 56.4912], [8.7359, 56.4825], [8.7253, 56.4776], [8.7059, 56.4775], [8.6751, 56.4703], [8.6605, 56.4709], [8.6436, 56.4672], [8.6133, 56.4811], [8.6101, 56.4866], [8.6102, 56.5028], [8.5959, 56.4933], [8.5814, 56.4976], [8.5742, 56.4932], [8.5505, 56.4985], [8.5481, 56.4847], [8.5254, 56.4816], [8.5234, 56.4843], [8.5281, 56.4867], [8.5399, 56.486], [8.5449, 56.4925], [8.5426, 56.4966], [8.5492, 56.502], [8.5725, 56.5042], [8.5817, 56.4987], [8.5951, 56.5155], [8.605, 56.5181], [8.5952, 56.522], [8.5825, 56.537], [8.5705, 56.5436], [8.578, 56.5502], [8.5675, 56.5627], [8.5664, 56.5809], [8.5581, 56.566], [8.5495, 56.5576], [8.5173, 56.5405], [8.5049, 56.5416], [8.479, 56.5541], [8.4354, 56.5672], [8.3848, 56.5791], [8.3575, 56.5749], [8.3263, 56.577], [8.3078, 56.5719], [8.302, 56.5597], [8.3078, 56.5519], [8.2999, 56.5492], [8.2944, 56.5605], [8.296, 56.5655], [8.2823, 56.5826], [8.2857, 56.5867], [8.3049, 56.5884], [8.3013, 56.5938], [8.2889, 56.5983], [8.249, 56.5996], [8.2369, 56.6043], [8.2296, 56.6011], [8.2129, 56.6009], [8.2297, 56.6037], [8.2255, 56.6081], [8.2286, 56.6082], [8.2312, 56.6151], [8.2262, 56.6189], [8.1721, 56.5994], [8.17, 56.5966], [8.1746, 56.5895], [8.1819, 56.5909], [8.1755, 56.5849], [8.1714, 56.5852], [8.1728, 56.5892], [8.1621, 56.588], [8.167, 56.6011], [8.2326, 56.623], [8.2235, 56.6283], [8.1932, 56.6337], [8.1877, 56.6331], [8.1872, 56.6283], [8.186, 56.6272], [8.1799, 56.6333], [8.1605, 56.6333], [8.1589, 56.6368], [8.1617, 56.6436], [8.1677, 56.6472], [8.1851, 56.6473], [8.1858, 56.6512], [8.1883, 56.6529], [8.1895, 56.6532], [8.2079, 56.6508], [8.2159, 56.6534], [8.212, 56.6634], [8.1909, 56.6614], [8.1844, 56.6697], [8.1782, 56.672], [8.1819, 56.6733], [8.1796, 56.679], [8.1906, 56.6826], [8.1872, 56.6863], [8.1963, 56.6899], [8.1955, 56.6966], [8.2077, 56.6959], [8.2088, 56.702], [8.2004, 56.7066], [8.2056, 56.7082], [8.2028, 56.7126], [8.2076, 56.7213], [8.2044, 56.7236], [8.2078, 56.7284], [8.206, 56.7312], [8.2124, 56.7575], [8.2203, 56.7657], [8.2188, 56.7713], [8.2379, 56.7751], [8.2605, 56.7758], [8.2667, 56.7737], [8.2682, 56.7717], [8.2653, 56.7702], [8.2911, 56.7633], [8.3009, 56.7537], [8.3049, 56.7262], [8.3494, 56.69], [8.3566, 56.6756], [8.3823, 56.675], [8.4218, 56.6672], [8.4412, 56.6545], [8.4549, 56.6505], [8.466, 56.6404], [8.4828, 56.6348], [8.4939, 56.6239], [8.4995, 56.6043], [8.507, 56.5994], [8.51, 56.5903], [8.5234, 56.5813], [8.5474, 56.5791], [8.538, 56.5858], [8.5278, 56.5885], [8.535, 56.584], [8.5253, 56.5879], [8.5257, 56.5948], [8.541, 56.6003], [8.5847, 56.6014], [8.5936, 56.6217], [8.5896, 56.6407], [8.58, 56.6441], [8.5689, 56.6564], [8.5745, 56.663], [8.578, 56.6746], [8.5864, 56.68], [8.5798, 56.6913], [8.5744, 56.691], [8.5752, 56.6874], [8.5718, 56.6858], [8.5559, 56.69], [8.5508, 56.685], [8.5359, 56.6848], [8.5265, 56.6764], [8.503, 56.6676], [8.4841, 56.6731], [8.4744, 56.682], [8.4826, 56.6832], [8.4742, 56.6856], [8.4448, 56.6822], [8.425, 56.6725], [8.3971, 56.6759], [8.3991, 56.6835], [8.3783, 56.6795], [8.3568, 56.6848], [8.3635, 56.6842], [8.3655, 56.6873], [8.3918, 56.6828], [8.4073, 56.6847], [8.4179, 56.6834], [8.4252, 56.6861], [8.4261, 56.6913], [8.4522, 56.699], [8.4793, 56.6926], [8.4887, 56.6852], [8.5113, 56.681], [8.5114, 56.6921], [8.5246, 56.7022], [8.5228, 56.7052], [8.509, 56.7023], [8.517, 56.7146], [8.4976, 56.7154], [8.5029, 56.7168], [8.5021, 56.7188], [8.4564, 56.7138], [8.4648, 56.7182], [8.4664, 56.7161], [8.481, 56.7279], [8.49, 56.7471], [8.4987, 56.7527], [8.4736, 56.7724], [8.4691, 56.7805], [8.4832, 56.793], [8.4934, 56.7945], [8.4952, 56.7958], [8.4915, 56.7953], [8.501, 56.8001], [8.5188, 56.8057], [8.5345, 56.8035], [8.5331, 56.8102], [8.5282, 56.8137], [8.5293, 56.8166], [8.5728, 56.8173], [8.5805, 56.8252], [8.6079, 56.842], [8.6179, 56.8543], [8.6316, 56.8641], [8.6219, 56.8714], [8.6297, 56.8763], [8.6242, 56.8889], [8.6382, 56.8999], [8.6401, 56.9136], [8.6594, 56.9237], [8.6603, 56.9271], [8.6548, 56.932], [8.6545, 56.9371], [8.6654, 56.9513], [8.69, 56.9511], [8.6964, 56.9547], [8.7634, 56.9479], [8.7791, 56.9511], [8.7889, 56.9615], [8.8431, 56.9728], [8.8428, 56.978], [8.8264, 56.9877], [8.8245, 56.9931], [8.7998, 56.9969], [8.7891, 57.009], [8.7888, 57.0134], [8.7943, 57.0101], [8.8004, 57.0155], [8.83, 56.9934], [8.8404, 56.9921], [8.8456, 57.0004], [8.8417, 57.0053], [8.8519, 57.0075], [8.8517, 57.0202], [8.8566, 57.0263], [8.8646, 57.0249], [8.8671, 57.0283], [8.8684, 57.0234], [8.8776, 57.0188], [8.8897, 57.0262], [8.8976, 57.0283], [8.8888, 57.0316], [8.8884, 57.0331], [8.9147, 57.0295], [8.9291, 57.0328], [8.9365, 57.038], [8.9367, 57.0461], [8.9515, 57.0503], [8.9487, 57.057], [8.9511, 57.0618], [8.9691, 57.0631], [8.976, 57.0678], [8.9982, 57.0591], [9.001, 57.0539], [8.9816, 57.0454], [8.9606, 57.0465], [8.9556, 57.0393], [8.9586, 57.0386], [8.9594, 57.0318], [8.9487, 57.024], [8.9332, 57.0242], [8.9248, 57.0156], [8.9242, 57.0096], [8.919, 57.0071], [8.9071, 57.0083], [8.8896, 57.0025], [8.8956, 57.0014], [8.8891, 57.0006], [8.8863, 56.9969], [8.8916, 56.9866], [8.9, 56.9808], [8.9124, 56.9803], [8.9225, 56.9955], [8.9312, 57.002], [8.9492, 57.0067], [8.9666, 57.0045], [8.9842, 57.0174], [8.9983, 57.0207], [9.0286, 57.0234], [9.0316, 57.0117], [9.0361, 57.0087], [9.0552, 57.0152], [9.0602, 57.0228], [9.0555, 57.03], [9.0572, 57.0518], [9.0483, 57.0546], [9.0408, 57.0465], [9.0256, 57.0456], [9.0308, 57.0586], [9.0232, 57.078], [9.0243, 57.0856], [9.0452, 57.0813], [9.0455, 57.0873], [9.0363, 57.0918], [9.0259, 57.1072], [9.0171, 57.1134], [9.0252, 57.1189], [9.0406, 57.122], [9.05, 57.1213], [9.0553, 57.1107], [9.0616, 57.1063], [9.0626, 57.0986], [9.0697, 57.0892], [9.0868, 57.0708], [9.1119, 57.0531], [9.1447, 57.0364], [9.1626, 57.031], [9.1894, 57.0196], [9.2274, 56.9972], [9.2182, 57.0063], [9.2418, 56.9909], [9.2879, 57.0005], [9.2984, 57.0072], [9.3425, 57.0197], [9.4337, 57.0394], [9.4783, 57.0455], [9.5001, 57.0557], [9.5382, 57.0805], [9.5533, 57.0798], [9.5646, 57.0875], [9.5666, 57.0905], [9.563, 57.0916], [9.5845, 57.0953], [9.5956, 57.0966], [9.6045, 57.1013], [9.6263, 57.1084], [9.6581, 57.1094], [9.6625, 57.102], [9.6574, 57.1043], [9.6475, 57.1021], [9.6499, 57.0973], [9.6576, 57.0957], [9.7028, 57.1067], [9.7605, 57.1114], [9.7576, 57.118], [9.8096, 57.097], [9.8425, 57.0884], [9.8755, 57.0703], [9.9022, 57.064], [9.9225, 57.0549], [9.9394, 57.0535], [9.9549, 57.0561], [9.9648, 57.0717], [9.9827, 57.0839], [10.0061, 57.0888], [10.0172, 57.0874], [10.0743, 57.0576], [10.0927, 57.0557], [10.1001, 57.0527], [10.0971, 57.0522], [10.0984, 57.0506], [10.1104, 57.049], [10.1138, 57.0443], [10.1619, 57.0222], [10.1858, 57.0064], [10.2259, 56.9911], [10.2579, 56.9895], [10.2972, 56.9967], [10.3312, 56.9913], [10.3495, 57.0099], [10.3827, 57.0742], [10.3971, 57.105], [10.3994, 57.1162], [10.4287, 57.1545], [10.4507, 57.1745], [10.4818, 57.1948], [10.5379, 57.2197], [10.5508, 57.2434], [10.5482, 57.2706], [10.5379, 57.2999], [10.532, 57.3335], [10.5228, 57.3531], [10.5155, 57.3817], [10.5227, 57.4062], [10.5243, 57.4277], [10.5332, 57.4343], [10.5327, 57.44], [10.5367, 57.4365], [10.5403, 57.4375], [10.5376, 57.4396], [10.5351, 57.4423], [10.5351, 57.4427], [10.542, 57.452], [10.5227, 57.4722], [10.5023, 57.4808], [10.4978, 57.488], [10.4982, 57.4945], [10.4878, 57.5055], [10.4664, 57.5143], [10.4336, 57.5386], [10.4242, 57.5543], [10.4202, 57.5949], [10.4402, 57.6226], [10.4711, 57.6445], [10.487, 57.6646], [10.5131, 57.6843], [10.5503, 57.7065], [10.5801, 57.7212], [10.6065, 57.7293], [10.6073, 57.7332], [10.6004, 57.738], [10.5301, 57.7405], [10.3361, 57.6443], [10.2307, 57.6089], [10.1638, 57.5966], [10.1006, 57.5918], [9.9465, 57.5934], [9.909, 57.5632], [9.8933, 57.5426], [9.8718, 57.5243], [9.786, 57.4789], [9.7626, 57.4544], [9.7448, 57.4251], [9.6983, 57.3635], [9.6776, 57.3474], [9.644, 57.3078], [9.5772, 57.2443], [9.5409, 57.2201], [9.5094, 57.2079], [9.4949, 57.1981], [9.3987, 57.1612], [9.3737, 57.1542], [9.3187, 57.1532], [9.2741, 57.1416], [9.1416, 57.1376], [9.048, 57.1503], [9.0287, 57.1571], [9.0072, 57.1531], [8.9776, 57.1572], [8.9592, 57.1522], [8.9181, 57.1323], [8.8844, 57.1216], [8.8414, 57.1104], [8.7929, 57.1039], [8.7193, 57.1052], [8.6202, 57.1261], [8.5951, 57.1204], [8.5198, 57.0602], [8.4981, 57.0469], [8.4731, 57.0423], [8.4311, 57.0023], [8.3878, 56.9695], [8.3642, 56.9575], [8.2759, 56.8658], [8.2383, 56.8193], [8.1981, 56.7521], [8.1861, 56.7139], [8.1467, 56.6341], [8.1132, 56.5394], [8.109, 56.506], [8.1137, 56.4513], [8.1156, 56.3541], [8.1178, 56.3526], [8.1211, 56.3563], [8.1252, 56.3706], [8.1305, 56.3738], [8.1208, 56.3784], [8.1259, 56.3814], [8.122, 56.3914], [8.127, 56.3947], [8.1214, 56.4034], [8.1305, 56.4043], [8.1225, 56.4075], [8.1275, 56.4082], [8.1218, 56.4147], [8.1228, 56.4209], [8.1292, 56.4199], [8.1239, 56.4227], [8.1231, 56.4237], [8.1232, 56.4244], [8.1305, 56.4292], [8.1188, 56.4281], [8.1259, 56.4308], [8.1218, 56.4352], [8.1284, 56.4325], [8.1306, 56.4345], [8.1196, 56.4469], [8.123, 56.4499], [8.147, 56.4319], [8.1649, 56.4379], [8.1717, 56.4363], [8.1785, 56.416], [8.2043, 56.4196], [8.2328, 56.412], [8.2334, 56.4091], [8.2242, 56.4033], [8.2315, 56.3982], [8.2291, 56.3975], [8.2215, 56.4033], [8.1946, 56.406], [8.1804, 56.4144], [8.167, 56.4125], [8.1715, 56.399], [8.1891, 56.3762], [8.2406, 56.3551], [8.2423, 56.3508], [8.2512, 56.3473], [8.2583, 56.3367], [8.2798, 56.3267], [8.2909, 56.3247], [8.2977, 56.3294], [8.3074, 56.3297], [8.3067, 56.3254], [8.311, 56.3262], [8.3055, 56.3205], [8.3144, 56.3212], [8.3033, 56.3188], [8.2887, 56.3007], [8.2687, 56.2952], [8.2677, 56.2901], [8.2615, 56.2872], [8.2509, 56.2857], [8.2346, 56.2931], [8.2243, 56.2941], [8.2301, 56.3001], [8.2386, 56.3023], [8.2318, 56.3134], [8.2359, 56.3213], [8.2081, 56.3205], [8.1948, 56.3229], [8.1878, 56.3275], [8.1865, 56.3244], [8.1668, 56.3227], [8.1676, 56.3367], [8.1292, 56.3269], [8.1277, 56.3411], [8.1216, 56.3432], [8.1249, 56.3451], [8.1204, 56.3484], [8.1263, 56.3513], [8.1153, 56.3515], [8.1163, 56.2995], [8.1252, 56.2423], [8.117, 56.1714], [8.1083, 56.1437], [8.1066, 56.1119], [8.117, 56.1075], [8.1309, 56.1142], [8.1239, 56.1266], [8.1275, 56.1321], [8.1309, 56.1586], [8.1255, 56.1656], [8.1336, 56.1695], [8.1261, 56.1837], [8.1279, 56.1927], [8.133, 56.2005], [8.1323, 56.2073], [8.1395, 56.2179], [8.1379, 56.2276], [8.1441, 56.2473], [8.1483, 56.2458], [8.1531, 56.25], [8.1624, 56.2485], [8.1715, 56.2406], [8.1655, 56.2317], [8.1708, 56.2206], [8.1596, 56.2042], [8.1699, 56.1984], [8.1738, 56.1925], [8.1821, 56.1941], [8.1812, 56.1882], [8.1783, 56.191], [8.1764, 56.1894], [8.1763, 56.1843], [8.1817, 56.1824], [8.1741, 56.1747], [8.1821, 56.1719], [8.1869, 56.1788], [8.1838, 56.1822], [8.2033, 56.184], [8.1964, 56.1856], [8.2027, 56.188], [8.2202, 56.1886], [8.2224, 56.1882], [8.216, 56.1871], [8.2215, 56.1841], [8.218, 56.1787], [8.2333, 56.1735], [8.2496, 56.1737], [8.2652, 56.1636], [8.258, 56.1628], [8.2533, 56.156], [8.2377, 56.1488], [8.2468, 56.139], [8.2477, 56.1265], [8.237, 56.1167], [8.247, 56.1199], [8.2486, 56.1146], [8.2409, 56.1163], [8.2439, 56.1104], [8.2399, 56.105], [8.2413, 56.0992], [8.2352, 56.0964], [8.235, 56.0924], [8.2806, 56.0679], [8.3046, 56.0595], [8.317, 56.0362], [8.3147, 56.0047], [8.3163, 55.9961], [8.323, 55.9869], [8.348, 55.9748], [8.3693, 55.9601], [8.3854, 55.9429], [8.3986, 55.9361], [8.3996, 55.9253], [8.4107, 55.9188], [8.4291, 55.9166], [8.4309, 55.9128], [8.4343, 55.9153], [8.4316, 55.9188], [8.4378, 55.9208], [8.435, 55.911], [8.4407, 55.9123], [8.4414, 55.9181], [8.4427, 55.914], [8.4522, 55.917], [8.441, 55.909], [8.4586, 55.9159], [8.4792, 55.9154], [8.4827, 55.9186], [8.4912, 55.9208], [8.496, 55.9289], [8.5068, 55.9315], [8.4972, 55.9285], [8.493, 55.9207], [8.4829, 55.9178], [8.4799, 55.9125], [8.4592, 55.9152], [8.4455, 55.9089], [8.4617, 55.9135], [8.4736, 55.9108], [8.4681, 55.9092], [8.4587, 55.9112], [8.4389, 55.9073], [8.4335, 55.9091], [8.428, 55.9122], [8.4243, 55.9078], [8.4314, 55.9082], [8.4293, 55.9047], [8.4148, 55.9106], [8.4111, 55.9085], [8.4077, 55.9089], [8.4072, 55.9136], [8.403, 55.9144], [8.4002, 55.9078], [8.3841, 55.9039], [8.3783, 55.8963], [8.3578, 55.89], [8.3366, 55.8765], [8.3315, 55.8683], [8.2824, 55.8497], [8.27, 55.839], [8.2677, 55.8324], [8.2635, 55.8364], [8.2593, 55.8299], [8.23, 55.823], [8.2104, 55.8302], [8.1876, 55.8272], [8.1866, 55.8149], [8.1788, 55.8026], [8.1836, 55.7852], [8.1831, 55.7745], [8.1649, 55.714], [8.1263, 55.6394], [8.0763, 55.5568], [8.1324, 55.538], [8.1809, 55.5416], [8.2342, 55.5299], [8.2566, 55.5284], [8.2659, 55.5318], [8.2641, 55.5351], [8.2699, 55.5352], [8.2702, 55.5381], [8.253, 55.5404], [8.2454, 55.5461], [8.239, 55.5586], [8.2403, 55.5698], [8.2479, 55.5736], [8.2512, 55.5817], [8.2689, 55.5951], [8.293, 55.5952], [8.3292, 55.5855], [8.3346, 55.5911], [8.3488, 55.5923], [8.3628, 55.6], [8.3673, 55.6059], [8.3657, 55.6094], [8.3674, 55.6129], [8.3711, 55.6147], [8.3758, 55.6144], [8.3799, 55.6116], [8.3808, 55.6078], [8.3897, 55.6088], [8.3794, 55.6073], [8.3774, 55.6129], [8.369, 55.6132], [8.3682, 55.6058], [8.3646, 55.6003], [8.3527, 55.5929], [8.35, 55.5916], [8.3362, 55.5906], [8.3306, 55.583], [8.3222, 55.5784], [8.314, 55.5758], [8.3052, 55.5772], [8.2968, 55.5738], [8.2948, 55.5685], [8.321, 55.5453], [8.3788, 55.5097], [8.407, 55.4878], [8.43, 55.4803], [8.4404, 55.4668], [8.449, 55.4625], [8.474, 55.4602], [8.5019, 55.4507], [8.5206, 55.4499], [8.5425, 55.4571], [8.5545, 55.455], [8.5632, 55.4476], [8.5829, 55.4431], [8.6121, 55.4307], [8.6152, 55.4373], [8.6215, 55.4366], [8.6206, 55.4399], [8.6252, 55.4433], [8.6338, 55.4456], [8.6384, 55.4457], [8.6391, 55.4464], [8.6386, 55.448], [8.639, 55.4491], [8.6398, 55.4493], [8.6432, 55.4496], [8.6439, 55.4499], [8.6453, 55.4541], [8.6461, 55.4548], [8.6442, 55.4497], [8.6389, 55.4486], [8.6393, 55.4456], [8.6261, 55.4431], [8.6218, 55.4399], [8.6229, 55.4364], [8.6169, 55.4368], [8.6151, 55.4334], [8.6236, 55.4271], [8.6282, 55.4102], [8.6381, 55.402], [8.6434, 55.3879], [8.6557, 55.3782], [8.647, 55.3822], [8.653, 55.3662], [8.661, 55.3581], [8.6643, 55.3587], [8.6665, 55.3517], [8.664, 55.348], [8.6696, 55.338], [8.6862, 55.3281], [8.6871, 55.3347], [8.6977, 55.3379], [8.6895, 55.3343], [8.6886, 55.3275], [8.6799, 55.3272], [8.6714, 55.3203], [8.6539, 55.287], [8.6591, 55.2831], [8.6551, 55.2812], [8.6605, 55.2754], [8.6587, 55.272], [8.6663, 55.2337], [8.6741, 55.2311], [8.6705, 55.229], [8.6718, 55.2258], [8.67, 55.2086], [8.6768, 55.204], [8.6845, 55.1865], [8.6891, 55.184], [8.6902, 55.1818], [8.6868, 55.1845], [8.6862, 55.1806], [8.6919, 55.1751], [8.6891, 55.1725], [8.6901, 55.1684], [8.7036, 55.1525], [8.695, 55.1515], [8.6855, 55.1284], [8.6867, 55.124], [8.6799, 55.1184], [8.676, 55.106], [8.6648, 55.1018], [8.6487, 55.09], [8.6428, 55.0774], [8.6335, 55.0343], [8.6573, 54.9882], [8.7009, 54.9558], [8.7104, 54.9386], [8.7275, 54.9198], [8.7448, 54.9097], [8.7501, 54.903], [8.7643, 54.8982], [8.7752, 54.8987], [8.7917, 54.9064], [8.8196, 54.9075], [8.822, 54.9082], [8.8217, 54.9093], [8.8229, 54.9103], [8.8283, 54.9112], [8.8303, 54.9144], [8.8368, 54.9154], [8.8455, 54.9183], [8.8485, 54.9188], [8.835, 54.9145], [8.8327, 54.9104], [8.8316, 54.9099], [8.8298, 54.9096], [8.8282, 54.9097], [8.8255, 54.9087], [8.8473, 54.8962], [8.848, 54.8822], [8.8562, 54.8721], [8.8399, 54.8582], [8.8341, 54.8466], [8.8676, 54.8274], [8.8873, 54.8268], [8.8836, 54.8085], [8.853, 54.7929], [8.828, 54.791], [8.8109, 54.7769], [8.8016, 54.7627], [8.8103, 54.7596], [8.8148, 54.7521], [8.8551, 54.7505], [8.8767, 54.7389], [8.8901, 54.7364], [8.9206, 54.7375], [8.9231, 54.7366], [8.9212, 54.7317], [8.9294, 54.7279], [8.9414, 54.7154], [8.9248, 54.7021], [8.8994, 54.7052], [8.876, 54.7041], [8.8539, 54.6946], [8.851, 54.6897], [8.8582, 54.6805], [8.851, 54.6756], [8.8501, 54.6715], [8.8628, 54.6549], [8.8847, 54.6527], [8.9078, 54.6413], [8.9104, 54.6373], [8.9371, 54.6285], [8.9473, 54.6164], [8.9706, 54.6098], [8.9824, 54.5923], [8.997, 54.5791], [8.9876, 54.5642], [8.9544, 54.552], [8.9635, 54.541], [8.9959, 54.5206], [8.9966, 54.5135], [9.0317, 54.4938], [9.0446, 54.4744], [9.0505, 54.4755], [9.0401, 54.4719], [9.0291, 54.4717], [8.9818, 54.4791], [8.9749, 54.4775], [8.9573, 54.4486], [9.0198, 54.4414], [9.0246, 54.448], [9.042, 54.4498], [9.0449, 54.4458], [9.0429, 54.4366], [9.0498, 54.4313], [9.0362, 54.421], [9.0057, 54.434], [8.9787, 54.4336], [8.9666, 54.4382], [8.9399, 54.4363], [8.9329, 54.4312], [8.9331, 54.42], [8.9203, 54.4173], [8.9154, 54.4129], [8.9158, 54.398], [8.902, 54.39], [8.9004, 54.3718], [8.886, 54.3675], [8.8749, 54.3474], [8.8689, 54.3481], [8.8433, 54.3708], [8.8266, 54.3799], [8.8238, 54.3865], [8.8172, 54.3884], [8.7664, 54.3876], [8.7585, 54.3807], [8.732, 54.3749], [8.7285, 54.3794], [8.711, 54.3832], [8.697, 54.3972], [8.6779, 54.3994], [8.6611, 54.3945], [8.6363, 54.3942], [8.6161, 54.3839], [8.6161, 54.3769], [8.6197, 54.3726], [8.6426, 54.3699], [8.6566, 54.3744], [8.6826, 54.373], [8.7088, 54.3762], [8.7101, 54.3721], [8.728, 54.3714], [8.7238, 54.3631], [8.711, 54.351], [8.6963, 54.346], [8.6971, 54.3406], [8.668, 54.34], [8.6549, 54.3318], [8.6263, 54.3333], [8.614, 54.3501], [8.6055, 54.3529], [8.594, 54.3527], [8.5831, 54.3482], [8.5692, 54.3305], [8.5725, 54.3181], [8.5843, 54.2966], [8.6107, 54.2812], [8.6411, 54.2759], [8.6503, 54.2678], [8.6679, 54.2647], [8.6743, 54.2695], [8.6707, 54.2783], [8.6907, 54.287], [8.6922, 54.2982], [8.7171, 54.3021], [8.7305, 54.3134], [8.7409, 54.3161], [8.7451, 54.3166], [8.7654, 54.3012], [8.7733, 54.2823], [8.7937, 54.283], [8.8383, 54.2999], [8.8589, 54.3045], [8.8842, 54.3054], [8.9161, 54.2991], [8.9321, 54.3048], [8.98, 54.3322], [8.9827, 54.335], [8.9796, 54.3446], [8.9819, 54.3616], [8.9939, 54.3733], [9.0072, 54.3791], [9.026, 54.3778], [9.0072, 54.3774], [8.9954, 54.3711], [8.9872, 54.3614], [8.9879, 54.3547], [9.0132, 54.3426], [9.0179, 54.3354], [9.0131, 54.3295], [8.9982, 54.3258], [8.9893, 54.3136], [8.9852, 54.2985], [8.9691, 54.2719], [8.9698, 54.2653], [8.936, 54.2522], [8.9284, 54.2431], [8.8762, 54.2185], [8.8697, 54.2134], [8.8687, 54.2077], [8.8706, 54.1945], [8.8932, 54.1796], [8.9072, 54.1796], [8.9325, 54.1724], [8.9438, 54.1681], [8.9459, 54.1634], [8.9545, 54.1592], [8.9757, 54.159], [8.9906, 54.1645], [9.0035, 54.1632], [9.0169, 54.1501], [9.0178, 54.1222], [9.0118, 54.1123], [9.0284, 54.1081], [9.0385, 54.0946], [9.0686, 54.0922], [9.0695, 54.0807], [9.0456, 54.0849], [9.0383, 54.0804], [9.0307, 54.0641], [9.0304, 54.0567], [9.0397, 54.0332], [9.024, 53.9934], [9.0081, 53.967], [9.0095, 53.9502], [9.0335, 53.9332], [9.0763, 53.8937], [9.084, 53.8905], [9.119, 53.8892], [9.1225, 53.8917], [9.1215, 53.8942], [9.1287, 53.8972], [9.1577, 53.8943], [9.2315, 53.8976], [9.2519, 53.8906], [9.2556, 53.8827], [9.2616, 53.8788], [9.2994, 53.871], [9.3283, 53.8607], [9.3531, 53.8404], [9.4004, 53.8263], [9.4054, 53.8292], [9.4017, 53.8392], [9.4052, 53.8422], [9.4219, 53.8434], [9.4341, 53.8365], [9.441, 53.8412], [9.4373, 53.8543], [9.4237, 53.8564], [9.4197, 53.8588], [9.4206, 53.866], [9.4265, 53.8729], [9.4153, 53.8812], [9.4179, 53.8871], [9.422, 53.8879], [9.4304, 53.8864], [9.4339, 53.8917], [9.422, 53.9056], [9.4143, 53.9023], [9.4094, 53.9032], [9.4084, 53.9107], [9.412, 53.9117], [9.421, 53.9095], [9.4277, 53.9154], [9.4312, 53.9166], [9.4429, 53.9152], [9.4483, 53.9224], [9.4573, 53.9233], [9.4595, 53.9264], [9.4741, 53.9317], [9.4785, 53.9302], [9.4796, 53.9268], [9.4875, 53.9277], [9.4891, 53.9224], [9.4989, 53.9257], [9.5125, 53.9169], [9.5141, 53.9174], [9.5129, 53.9205], [9.5135, 53.9218], [9.515, 53.9223], [9.5165, 53.9219], [9.5172, 53.9211], [9.518, 53.9163], [9.5247, 53.9165], [9.5263, 53.9154], [9.5174, 53.916], [9.5156, 53.922], [9.515, 53.9171], [9.5121, 53.9163], [9.4983, 53.9253], [9.492, 53.9221], [9.488, 53.9221], [9.4867, 53.9269], [9.4789, 53.9262], [9.475, 53.9311], [9.4574, 53.9224], [9.4497, 53.9221], [9.4448, 53.9151], [9.4306, 53.9158], [9.4215, 53.9085], [9.4099, 53.9103], [9.4104, 53.9038], [9.423, 53.9065], [9.4357, 53.8918], [9.433, 53.8862], [9.4206, 53.887], [9.417, 53.8823], [9.4283, 53.8727], [9.4215, 53.8592], [9.4389, 53.8551], [9.4431, 53.84], [9.4358, 53.8353], [9.4239, 53.8417], [9.4072, 53.8412], [9.404, 53.8378], [9.4108, 53.8282], [9.4044, 53.8236], [9.3958, 53.8167], [9.4031, 53.8077], [9.411, 53.7844], [9.4237, 53.7694], [9.4297, 53.7523], [9.4497, 53.7364], [9.4893, 53.726], [9.5137, 53.7157], [9.5333, 53.7175], [9.5433, 53.7171], [9.548, 53.7147], [9.5542, 53.715], [9.5469, 53.7144], [9.5346, 53.7169], [9.5213, 53.715], [9.5449, 53.7001], [9.5474, 53.6908], [9.5637, 53.6702], [9.584, 53.6728], [9.5637, 53.669], [9.5526, 53.6624], [9.5506, 53.6576], [9.5601, 53.6496], [9.5582, 53.648], [9.5607, 53.645], [9.6181, 53.6194], [9.6379, 53.6005], [9.654, 53.5975], [9.6603, 53.5873], [9.6665, 53.5852], [9.6742, 53.578], [9.677, 53.5786], [9.6806, 53.5774], [9.6736, 53.575], [9.7031, 53.5683], [9.7707, 53.5635], [9.8859, 53.5447], [9.9635, 53.546], [9.9785, 53.5438], [9.9852, 53.5506], [9.9922, 53.5532], [9.9857, 53.5506], [9.9812, 53.5445], [9.9857, 53.5491], [9.9936, 53.5524], [9.9873, 53.5494], [9.9925, 53.5489], [9.9958, 53.5476], [10.0, 53.5483], [10.0237, 53.5395], [10.0351, 53.5298], [10.059, 53.5297], [10.0731, 53.5145], [10.0788, 53.5021], [10.0897, 53.4963], [10.0921, 53.491], [10.0888, 53.4866], [10.0896, 53.4946], [10.0768, 53.501], [10.0676, 53.5163], [10.0529, 53.4945], [10.0539, 53.4862], [10.0629, 53.4767], [10.067, 53.4622], [10.0849, 53.4542], [10.1006, 53.44], [10.1066, 53.4284], [10.1355, 53.4252], [10.1545, 53.4071], [10.1729, 53.3981], [10.2015, 53.4014], [10.2358, 53.3964], [10.2433, 53.401], [10.25, 53.4143], [10.2578, 53.4219], [10.2568, 53.4194], [10.2846, 53.4256], [10.296, 53.4305], [10.3035, 53.4376], [10.3081, 53.4393], [10.3181, 53.4404], [10.3205, 53.4391], [10.3039, 53.4366], [10.3119, 53.4372], [10.3074, 53.4357], [10.3342, 53.4265], [10.3665, 53.4301], [10.3725, 53.4284], [10.4186, 53.4046], [10.5052, 53.3745], [10.5523, 53.37], [10.5765, 53.3722], [10.5588, 53.3693], [10.5693, 53.3631], [10.5842, 53.3617], [10.609, 53.3717], [10.6196, 53.3717], [10.6774, 53.3684], [10.702, 53.3749], [10.7184, 53.376], [10.703, 53.3742], [10.704, 53.368], [10.7072, 53.365], [10.7343, 53.3593], [10.7436, 53.3558], [10.745, 53.3549], [10.7457, 53.3533], [10.7331, 53.3572], [10.7458, 53.328], [10.7353, 53.3113], [10.7378, 53.3014], [10.7543, 53.2957], [10.7933, 53.2909], [10.8086, 53.2843], [10.8114, 53.2825], [10.8153, 53.2644], [10.824, 53.2557], [10.8626, 53.2543], [10.8639, 53.2524], [10.86, 53.2521], [10.8828, 53.2409], [10.967, 53.207], [10.9818, 53.1936], [11.0138, 53.1826], [11.027, 53.1695], [11.0425, 53.1611], [11.064, 53.158], [11.0703, 53.1538], [11.0709, 53.1464], [11.0771, 53.1427], [11.085, 53.1397], [11.1009, 53.142], [11.101014705882355, 53.141907352941175], [11.1042, 53.1435], [11.1067, 53.1458], [11.1351, 53.1736], [11.1435, 53.1762], [11.1506, 53.1753], [11.1584, 53.173], [11.1664, 53.1655], [11.1832, 53.1507], [11.1852, 53.1323], [11.1916, 53.1331], [11.2108, 53.1472], [11.2198, 53.1491], [11.2633, 53.1271], [11.2702, 53.1187], [11.2766, 53.1038], [11.2774, 53.0967], [11.2898, 53.0865], [11.3156, 53.0784], [11.3251, 53.0639], [11.3401, 53.0559], [11.3526, 53.0561], [11.3755, 53.0632], [11.3895, 53.0741], [11.3959, 53.0761], [11.4116, 53.0781], [11.461, 53.0802], [11.4661, 53.0786], [11.4783, 53.0688], [11.4819, 53.0645], [11.5052, 53.0507], [11.5236, 53.0479], [11.5452, 53.0555], [11.5816, 53.036], [11.621, 53.0433], [11.6446, 53.0402], [11.6507, 53.0383], [11.6533, 53.0345], [11.6523, 53.0326], [11.633, 53.0244], [11.6275, 53.0176], [11.6284, 53.014], [11.6443, 53.0075], [11.6794, 53.0106], [11.6867, 53.0047], [11.6868, 52.9836], [11.6828, 52.983], [11.679, 52.9889], [11.6813, 53.0], [11.6725, 53.0082], [11.6457, 53.0041], [11.6257, 53.0096], [11.621, 53.0156], [11.6207, 53.0239], [11.6377, 53.032], [11.6395, 53.0354], [11.6367, 53.0383], [11.6215, 53.0402], [11.5813, 53.0327], [11.558, 53.0422], [11.5479, 53.0512], [11.5263, 53.0457], [11.507, 53.0468], [11.496, 53.0508], [11.465, 53.0739], [11.4531, 53.0768], [11.3969, 53.07], [11.38508228782287, 53.063209225092244], [11.3854, 53.0633], [11.3867, 53.0619], [11.384794027954255, 53.06304358322745], [11.3835, 53.0623], [11.351, 53.0524], [11.3415, 53.0514], [11.3198, 53.0637], [11.313, 53.0732], [11.2868, 53.0853], [11.2678, 53.0989], [11.265, 53.1052], [11.2659, 53.1182], [11.2603, 53.1238], [11.2505, 53.1255], [11.2346, 53.133], [11.228, 53.1412], [11.2169, 53.1433], [11.2078, 53.1411], [11.1922, 53.1303], [11.1844, 53.13], [11.1798, 53.1342], [11.1774, 53.1495], [11.1643, 53.1598], [11.1412, 53.1708], [11.1355, 53.1689], [11.1069, 53.1414], [11.1035, 53.1399], [11.0902, 53.1358], [11.1031, 53.133], [11.1089, 53.135], [11.1061, 53.133], [11.1015, 53.1326], [11.1082, 53.1296], [11.1188, 53.1311], [11.1082, 53.1287], [11.0862, 53.1355], [11.0466, 53.1556], [11.0514, 53.1507], [11.0518, 53.1471], [11.0475, 53.1405], [11.0461, 53.1431], [11.0508, 53.1473], [11.0455, 53.1507], [11.045, 53.1516], [11.045, 53.1548], [11.0373, 53.1577], [11.0249, 53.1663], [11.0073, 53.1812], [10.9924, 53.1806], [10.9889, 53.1825], [10.9858, 53.1893], [10.9749, 53.1951], [10.9615, 53.1991], [10.914, 53.2261], [10.8705, 53.2386], [10.8678, 53.2453], [10.8578, 53.2506], [10.8234, 53.2531], [10.8036, 53.269], [10.8084, 53.2778], [10.8026, 53.2833], [10.7354, 53.2982], [10.736, 53.2944], [10.7444, 53.2877], [10.7415, 53.2889], [10.736, 53.2933], [10.734, 53.2985], [10.7278, 53.3029], [10.7272, 53.3136], [10.7319, 53.3177], [10.7138, 53.3083], [10.7334, 53.3192], [10.7394, 53.3265], [10.7359, 53.3413], [10.7295, 53.337], [10.7279, 53.3317], [10.7208, 53.329], [10.7243, 53.3261], [10.7197, 53.3275], [10.7214, 53.3303], [10.7273, 53.3326], [10.7294, 53.3384], [10.7359, 53.3421], [10.7232, 53.3578], [10.7044, 53.3598], [10.7047, 53.357], [10.6953, 53.3699], [10.673, 53.3626], [10.6631, 53.3624], [10.6537, 53.3643], [10.6426, 53.3687], [10.6227, 53.3679], [10.6019, 53.3651], [10.5827, 53.356], [10.5748, 53.3562], [10.5667, 53.3609], [10.554, 53.3675], [10.5092, 53.3705], [10.4329, 53.3948], [10.3937, 53.4108], [10.3773, 53.4212], [10.3295, 53.423], [10.3055, 53.4324], [10.288, 53.4223], [10.2599, 53.4169], [10.2528, 53.4123], [10.2433, 53.3967], [10.235, 53.3928], [10.196, 53.3968], [10.1817, 53.395], [10.2003, 53.3939], [10.2079, 53.3829], [10.2049, 53.383], [10.198, 53.3933], [10.1812, 53.393], [10.1587, 53.4009], [10.1316, 53.4229], [10.1032, 53.4255], [10.094, 53.4406], [10.0401, 53.4698], [9.9822, 53.4744], [9.9849, 53.4724], [9.9827, 53.4683], [9.9852, 53.4675], [9.9813, 53.4654], [9.9843, 53.4725], [9.9485, 53.4891], [9.9276, 53.4969], [9.8804, 53.5041], [9.8783, 53.5073], [9.8821, 53.5115], [9.877, 53.5168], [9.8403, 53.5151], [9.8299, 53.5188], [9.8233, 53.5268], [9.7926, 53.5352], [9.7864, 53.5327], [9.7796, 53.5343], [9.7755, 53.5315], [9.7786, 53.5346], [9.79, 53.5361], [9.7662, 53.5463], [9.7446, 53.5466], [9.725, 53.5393], [9.6895, 53.5426], [9.6677, 53.5494], [9.649, 53.567], [9.5899, 53.5854], [9.5701, 53.5955], [9.5573, 53.6063], [9.5306, 53.6157], [9.512, 53.6272], [9.5168, 53.6263], [9.4902, 53.6534], [9.4882, 53.6608], [9.4944, 53.6742], [9.4904, 53.6798], [9.4784, 53.685], [9.4405, 53.6914], [9.4093, 53.7026], [9.3976, 53.7118], [9.3452, 53.7377], [9.3303, 53.7501], [9.3253, 53.7571], [9.3236, 53.7699], [9.3287, 53.7794], [9.3407, 53.7893], [9.3387, 53.8017], [9.3215, 53.8293], [9.3087, 53.838], [9.2589, 53.849], [9.2177, 53.8518], [9.1211, 53.8499], [9.0237, 53.8426], [9.0229, 53.8396], [9.0391, 53.8277], [9.0461, 53.8145], [9.0435, 53.8013], [9.0717, 53.8061], [9.0787, 53.8038], [9.0891, 53.794], [9.0741, 53.8045], [9.0413, 53.8], [9.0402, 53.8065], [9.0319, 53.8068], [9.0403, 53.8098], [9.0285, 53.8203], [9.0258, 53.8293], [9.0199, 53.8337], [9.0051, 53.8372], [8.9731, 53.8388], [8.8895, 53.8275], [8.858, 53.8286], [8.8375, 53.8328], [8.8242, 53.8303], [8.7869, 53.8336], [8.724, 53.8578], [8.6704, 53.886], [8.6525, 53.888], [8.6356, 53.885], [8.5948, 53.8636], [8.5808, 53.8456], [8.579, 53.8251], [8.5821, 53.8], [8.5832, 53.7976], [8.6003, 53.7963], [8.5889, 53.7851], [8.5862, 53.7758], [8.5708, 53.7705], [8.567, 53.7631], [8.5529, 53.7552], [8.5406, 53.7359], [8.4976, 53.7014], [8.4862, 53.6872], [8.4798, 53.6695], [8.4807, 53.6572], [8.4849, 53.6517], [8.5552, 53.574], [8.5825, 53.5371], [8.5864, 53.5307], [8.591, 53.5061], [8.5912, 53.4999], [8.5787, 53.4875], [8.5408, 53.4769], [8.5006, 53.4491], [8.5005, 53.4385], [8.5074, 53.4208], [8.506, 53.3797], [8.5214, 53.3454], [8.5198, 53.3169], [8.5234, 53.3122], [8.5249, 53.2901], [8.508, 53.2521], [8.4923, 53.238], [8.4891, 53.229], [8.5153, 53.2004], [8.5492, 53.1863], [8.5774, 53.1762], [8.5887, 53.1773], [8.6151, 53.1709], [8.6388, 53.1611], [8.6484, 53.1614], [8.6617, 53.1594], [8.6918, 53.1643], [8.7042, 53.1572], [8.7109, 53.1634], [8.7246, 53.163], [8.725, 53.167], [8.7326, 53.1677], [8.7507, 53.1772], [8.7558, 53.1784], [8.7615, 53.1819], [8.766, 53.1831], [8.7442, 53.1726], [8.7411, 53.1652], [8.7483, 53.1662], [8.7545, 53.1637], [8.7604, 53.1652], [8.7617, 53.165], [8.7549, 53.1632], [8.7479, 53.1656], [8.7413, 53.1637], [8.7403, 53.1661], [8.7426, 53.1714], [8.734, 53.1673], [8.7267, 53.1667], [8.725, 53.1623], [8.7114, 53.1628], [8.7063, 53.1567], [8.7014, 53.1574], [8.6926, 53.1633], [8.6613, 53.1587], [8.6378, 53.1604], [8.6289, 53.1569], [8.6291, 53.1424], [8.6436, 53.1315], [8.6535, 53.1281], [8.7057, 53.1204], [8.7284, 53.1254], [8.7356, 53.1255], [8.7402, 53.1246], [8.7508, 53.1198], [8.7528, 53.1179], [8.7459, 53.1201], [8.7451, 53.1071], [8.76, 53.0987], [8.77, 53.0868], [8.7962, 53.0794], [8.813, 53.0704], [8.8328, 53.0676], [8.8435, 53.0604], [8.864, 53.0613], [8.8732, 53.0587], [8.8763, 53.0536], [8.8673, 53.0398], [8.867, 53.0341], [8.8867, 53.0229], [8.8916, 53.01], [8.8999, 53.0137], [8.9388, 53.0094], [8.9434, 53.001], [8.9494, 52.9977], [8.9683, 53.0066], [8.989, 53.0093], [8.9928, 53.0044], [8.9873, 52.9948], [8.9889, 52.9922], [9.0004, 52.9962], [9.0157, 52.9875], [9.0361, 52.986], [9.0359, 52.9815], [9.0248, 52.978], [9.0205, 52.9726], [9.0234, 52.9695], [9.0373, 52.9669], [9.0515, 52.9735], [9.0487, 52.9834], [9.0567, 52.9915], [9.0728, 52.9964], [9.0871, 52.9968], [9.0895, 52.9931], [9.0938, 52.9931], [9.0895, 52.9925], [9.0865, 52.9963], [9.08, 52.9951], [9.0751, 52.978], [9.0977, 52.9636], [9.1026, 52.9639], [9.1028, 52.9704], [9.1093, 52.9743], [9.1272, 52.9648], [9.1486, 52.9659], [9.1761, 52.9582], [9.1896, 52.9382], [9.1723, 52.932], [9.1764, 52.9255], [9.1872, 52.9205], [9.1788, 52.9145], [9.1676, 52.9125], [9.1702, 52.9013], [9.1776, 52.8868], [9.1947, 52.8832], [9.1988, 52.8786], [9.2092, 52.8767], [9.2119, 52.8732], [9.202, 52.863], [9.1855, 52.8629], [9.1809, 52.8579], [9.1856, 52.8551], [9.1974, 52.8569], [9.2029, 52.8527], [9.218, 52.8507], [9.2214, 52.8465], [9.2016, 52.8396], [9.203, 52.8313], [9.1968, 52.8263], [9.1899, 52.813], [9.1695, 52.8112], [9.1531, 52.8143], [9.1458, 52.8071], [9.1495, 52.7988], [9.1581, 52.7939], [9.1585, 52.7871], [9.1667, 52.7851], [9.1805, 52.7873], [9.1827, 52.7843], [9.1785, 52.7752], [9.1912, 52.7743], [9.1961, 52.7715], [9.196, 52.7684], [9.1801, 52.7565], [9.1996, 52.7474], [9.1998, 52.7439], [9.1917, 52.7354], [9.2014, 52.7279], [9.2052, 52.717], [9.2148, 52.7219], [9.2269, 52.7191], [9.2157, 52.7049], [9.2163, 52.7009], [9.2256, 52.694], [9.2228, 52.6896], [9.2089, 52.6884], [9.2006, 52.6958], [9.1919, 52.6967], [9.1858, 52.6932], [9.184, 52.6871], [9.1954, 52.6783], [9.1829, 52.6697], [9.1814, 52.6652], [9.1997, 52.6581], [9.2059, 52.6521], [9.2025, 52.6398], [9.2044, 52.6338], [9.2004, 52.6317], [9.1858, 52.6357], [9.1699, 52.6327], [9.1691, 52.626], [9.1635, 52.6196], [9.1724, 52.6147], [9.172, 52.609], [9.153, 52.6019], [9.141, 52.6057], [9.1259, 52.6054], [9.1235, 52.6004], [9.1141, 52.596], [9.1176, 52.5878], [9.116, 52.5819], [9.091, 52.5763], [9.0922, 52.5734], [9.1188, 52.5694], [9.1229, 52.5666], [9.1048, 52.5423], [9.1107, 52.5293], [9.1102, 52.5253], [9.1035, 52.5218], [9.0854, 52.5224], [9.0794, 52.5194], [9.083, 52.5098], [9.0946, 52.5026], [9.0965, 52.4982], [9.0902, 52.4953], [9.0682, 52.4966], [9.0701, 52.4901], [9.0844, 52.4799], [9.0826, 52.4732], [9.0767, 52.4699], [9.0553, 52.468], [9.0382, 52.4795], [9.0247, 52.4778], [9.0226, 52.4604], [9.022, 52.459], [9.0129, 52.4505], [9.0101, 52.4383], [9.029, 52.4288], [9.0281, 52.4222], [9.0257, 52.4198], [9.0192, 52.4176], [8.989, 52.4195], [8.9781, 52.4142], [8.9777, 52.4097], [8.987, 52.397], [8.9736, 52.3896], [8.9714, 52.3852], [8.9802, 52.3711], [8.9818, 52.3608], [8.9611, 52.3526], [8.9485, 52.344], [8.9216, 52.3167], [8.9219, 52.3125], [8.9326, 52.3024], [8.9215, 52.2844], [8.928, 52.2695], [8.9193, 52.2585], [8.9221, 52.2493], [8.9198, 52.2434], [8.8895, 52.2369], [8.8666, 52.2418], [8.8565, 52.234], [8.8418, 52.233], [8.8383, 52.2274], [8.829, 52.2229], [8.837, 52.2158], [8.8494, 52.2134], [8.8641, 52.1955], [8.8606, 52.1796], [8.8596, 52.1852], [8.8629, 52.1958], [8.8561, 52.2025], [8.8523, 52.2096], [8.8464, 52.2139], [8.8299, 52.2167], [8.8281, 52.2176], [8.827, 52.22], [8.8237, 52.2189], [8.8412, 52.2336], [8.8559, 52.2345], [8.8659, 52.2424], [8.8728, 52.2423], [8.8881, 52.2375], [8.919, 52.2438], [8.921, 52.2493], [8.918, 52.258], [8.9269, 52.27], [8.9211, 52.2805], [8.9205, 52.2849], [8.9314, 52.3014], [8.9209, 52.3119], [8.9201, 52.3156], [8.926, 52.3254], [8.9419, 52.3408], [8.9588, 52.3529], [8.9801, 52.3609], [8.9786, 52.3719], [8.9705, 52.3836], [8.9732, 52.3906], [8.9861, 52.3982], [8.9765, 52.41], [8.9766, 52.4155], [8.9778, 52.4178], [8.9911, 52.4203], [9.0071, 52.42], [9.0196, 52.4183], [9.0256, 52.4208], [9.0275, 52.4289], [9.0106, 52.435], [9.0087, 52.4392], [9.0113, 52.4507], [9.0216, 52.464], [9.0223, 52.4773], [9.0281, 52.4807], [9.035, 52.4814], [9.0415, 52.479], [9.0534, 52.4699], [9.0764, 52.4711], [9.0821, 52.4753], [9.0824, 52.4797], [9.0686, 52.4895], [9.0671, 52.4965], [9.0711, 52.499], [9.0868, 52.496], [9.0951, 52.4982], [9.0942, 52.5018], [9.0819, 52.5092], [9.078, 52.5193], [9.0828, 52.5229], [9.1075, 52.5241], [9.1094, 52.5295], [9.103, 52.537], [9.1034, 52.5424], [9.1215, 52.5658], [9.1169, 52.569], [9.0917, 52.5726], [9.0896, 52.5762], [9.0972, 52.5802], [9.1152, 52.5827], [9.1164, 52.588], [9.1112, 52.5965], [9.1117, 52.5972], [9.114, 52.5983], [9.1218, 52.6001], [9.1257, 52.606], [9.1293, 52.6069], [9.1403, 52.6065], [9.1516, 52.6025], [9.171, 52.6093], [9.1712, 52.6143], [9.1647, 52.6171], [9.1624, 52.6201], [9.17, 52.6336], [9.1864, 52.6365], [9.2032, 52.6338], [9.2012, 52.6402], [9.2053, 52.6513], [9.1978, 52.6581], [9.1829, 52.662], [9.1801, 52.6645], [9.1821, 52.6706], [9.1941, 52.6778], [9.1836, 52.6846], [9.1829, 52.6887], [9.1865, 52.696], [9.1929, 52.6977], [9.2015, 52.6967], [9.2102, 52.6895], [9.2218, 52.6902], [9.2245, 52.6935], [9.2153, 52.7007], [9.2147, 52.7062], [9.2257, 52.7186], [9.2144, 52.7213], [9.2101, 52.7164], [9.2077, 52.7157], [9.2044, 52.7167], [9.2, 52.7279], [9.1905, 52.7357], [9.199, 52.7467], [9.1806, 52.7543], [9.1791, 52.756], [9.18, 52.7588], [9.1851, 52.7637], [9.1954, 52.7709], [9.192, 52.7733], [9.182, 52.773], [9.1776, 52.775], [9.1773, 52.7799], [9.1814, 52.7841], [9.1798, 52.7868], [9.1657, 52.7844], [9.1581, 52.7861], [9.1559, 52.7887], [9.1571, 52.7934], [9.1482, 52.7987], [9.1447, 52.8078], [9.1481, 52.8128], [9.1548, 52.8155], [9.1601, 52.8152], [9.169, 52.8121], [9.1788, 52.8146], [9.1893, 52.8137], [9.1951, 52.8263], [9.2015, 52.832], [9.2004, 52.8402], [9.2195, 52.8472], [9.2161, 52.8502], [9.2024, 52.8518], [9.1977, 52.8558], [9.1839, 52.8545], [9.1793, 52.8582], [9.1798, 52.8606], [9.1836, 52.8633], [9.2011, 52.8635], [9.2106, 52.8726], [9.2086, 52.8759], [9.1985, 52.8777], [9.1918, 52.8833], [9.1778, 52.8853], [9.1695, 52.8997], [9.1658, 52.9125], [9.1696, 52.9144], [9.1785, 52.9154], [9.1857, 52.9205], [9.174, 52.9257], [9.1712, 52.9291], [9.171, 52.9329], [9.1878, 52.9398], [9.1751, 52.9571], [9.1464, 52.9651], [9.1276, 52.9634], [9.1113, 52.9729], [9.1047, 52.9708], [9.1045, 52.9634], [9.0967, 52.963], [9.0743, 52.977], [9.0728, 52.9818], [9.0792, 52.9924], [9.0761, 52.9956], [9.054, 52.988], [9.0502, 52.9819], [9.0528, 52.9731], [9.0438, 52.9669], [9.0364, 52.9658], [9.0238, 52.9679], [9.0187, 52.9722], [9.0202, 52.9765], [9.0351, 52.9848], [9.0141, 52.9867], [9.0009, 52.9948], [8.9924, 52.9912], [8.9869, 52.992], [8.9859, 52.996], [8.9908, 53.0047], [8.9878, 53.0083], [8.9684, 53.0053], [8.9503, 52.9967], [8.9422, 52.9993], [8.9385, 53.0081], [8.927, 53.0088], [8.9232, 53.0061], [8.9199, 53.0055], [8.9117, 53.0108], [8.9012, 53.0065], [8.8919, 53.0069], [8.8849, 53.0214], [8.8772, 53.0266], [8.8624, 53.033], [8.8616, 53.0343], [8.8624, 53.0399], [8.8732, 53.0532], [8.8705, 53.0581], [8.8436, 53.059], [8.8325, 53.0666], [8.8126, 53.0693], [8.7983, 53.0768], [8.8129, 53.0612], [8.7955, 53.0776], [8.7667, 53.0862], [8.7416, 53.1048], [8.7381, 53.1164], [8.7307, 53.1213], [8.7099, 53.1165], [8.6854, 53.1173], [8.6824, 53.1177], [8.6681, 53.1243], [8.654, 53.1247], [8.6452, 53.1216], [8.6485, 53.1134], [8.6203, 53.1385], [8.6171, 53.1504], [8.6206, 53.1599], [8.619, 53.1641], [8.6042, 53.1688], [8.5782, 53.1688], [8.5704, 53.1753], [8.5436, 53.1813], [8.5257, 53.1841], [8.5061, 53.1923], [8.4666, 53.226], [8.4479, 53.215], [8.4628, 53.2241], [8.4671, 53.2422], [8.4575, 53.2639], [8.4622, 53.2974], [8.4595, 53.313], [8.4518, 53.3214], [8.4229, 53.3377], [8.4076, 53.3507], [8.3928, 53.3841], [8.3621, 53.3957], [8.3732, 53.4015], [8.373, 53.4144], [8.3826, 53.422], [8.3871, 53.4303], [8.3795, 53.4511], [8.3722, 53.4559], [8.3197, 53.4563], [8.2893, 53.4666], [8.281, 53.4664], [8.2664, 53.4592], [8.2604, 53.4451], [8.2604, 53.4318], [8.2722, 53.4207], [8.2813, 53.4048], [8.274, 53.3903], [8.2427, 53.3742], [8.2419, 53.366], [8.2489, 53.3504], [8.2468, 53.3351], [8.2698, 53.3218], [8.2641, 53.3142], [8.2519, 53.3066], [8.2518, 53.3111], [8.2237, 53.3239], [8.1768, 53.3535], [8.1765, 53.3602], [8.1695, 53.3687], [8.1699, 53.3789], [8.1505, 53.3918], [8.1513, 53.3962], [8.1589, 53.3997], [8.1601, 53.4041], [8.1512, 53.4098], [8.1542, 53.4256], [8.1478, 53.4362], [8.1196, 53.4368], [8.1101, 53.4291], [8.0898, 53.4195], [8.0862, 53.4206], [8.0867, 53.4177], [8.083, 53.4158], [8.0712, 53.4142], [8.0531, 53.4252], [8.0227, 53.4131], [8.0134, 53.4266], [7.9844, 53.423], [7.9829, 53.4261], [7.9889, 53.4311], [7.987, 53.4337], [7.9749, 53.4328], [7.9572, 53.4249], [7.9524, 53.4296], [7.945, 53.4281], [7.9385, 53.4346], [7.9411, 53.4389], [7.9394, 53.4431], [7.9511, 53.4472], [7.9572, 53.4624], [7.9525, 53.4657], [7.9419, 53.4628], [7.9403, 53.4701], [7.9452, 53.4787], [7.9445, 53.4866], [7.9596, 53.4839], [7.961, 53.4724], [7.9643, 53.4765], [7.9815, 53.4793], [7.9937, 53.4764], [7.9941, 53.4706], [8.0082, 53.4641], [8.0394, 53.4554], [8.0462, 53.4602], [8.0415, 53.4789], [8.0485, 53.4881], [8.0793, 53.497], [8.1461, 53.5045], [8.1633, 53.5125], [8.1662, 53.5211], [8.1647, 53.5262], [8.1453, 53.5285], [8.1011, 53.554], [8.0806, 53.5474], [8.0805, 53.5399], [8.0757, 53.5352], [8.06, 53.5406], [8.0581, 53.5497], [8.0617, 53.5517], [8.0604, 53.5547], [8.0685, 53.5558], [8.0678, 53.5587], [8.0786, 53.5585], [8.082, 53.5635], [8.104, 53.5677], [8.1041, 53.5743], [8.0891, 53.5889], [8.0934, 53.5966], [8.0882, 53.6015], [8.0556, 53.6196], [8.0291, 53.6232], [8.0296, 53.6196], [8.0263, 53.6175], [8.0094, 53.6128], [8.0259, 53.6199], [8.0242, 53.6227], [8.0285, 53.6271], [8.0065, 53.6393], [7.9918, 53.654], [7.9866, 53.6709], [7.992, 53.6761], [7.9846, 53.6911], [8.0041, 53.7036], [7.9838, 53.7101], [7.9415, 53.7082], [7.908, 53.6967], [7.8841, 53.6762], [7.86, 53.6443], [7.8496, 53.642], [7.8372, 53.6339], [7.8118, 53.6434], [7.7844, 53.6425], [7.7792, 53.6523], [7.7558, 53.6544], [7.7431, 53.6631], [7.7391, 53.6623], [7.7258, 53.669], [7.7008, 53.6858], [7.699, 53.6923], [7.6898, 53.6987], [7.6626, 53.6988], [7.585, 53.6831], [7.5816, 53.6715], [7.5777, 53.6692], [7.5666, 53.6714], [7.5566, 53.6803], [7.5105, 53.6725], [7.4919, 53.6607], [7.4667, 53.6656], [7.4488, 53.6752], [7.3088, 53.665], [7.2777, 53.6571], [7.2707, 53.6493], [7.2378, 53.6494], [7.2125, 53.6364], [7.2036, 53.6355], [7.196, 53.6283], [7.1534, 53.6088], [7.1339, 53.6053], [7.1047, 53.5946], [7.0836, 53.5845], [7.0801, 53.5805], [7.0818, 53.5715], [7.0907, 53.5659], [7.103, 53.5633], [7.1314, 53.5741], [7.1342, 53.5802], [7.1611, 53.58], [7.1695, 53.5853], [7.1962, 53.592], [7.212, 53.5901], [7.2203, 53.5881], [7.2394, 53.5663], [7.2445, 53.5665], [7.2531, 53.5569], [7.2554, 53.5475], [7.2078, 53.5387], [7.1872, 53.5214], [7.1904, 53.5138], [7.2023, 53.5104], [7.2236, 53.5128], [7.2293, 53.4991], [7.2279, 53.4896], [7.2146, 53.4822], [7.1426, 53.4923], [7.107, 53.5022], [7.0981, 53.4996], [7.0954, 53.5014], [7.0991, 53.5061], [7.0897, 53.509], [7.0538, 53.5041], [7.028, 53.4834], [7.0329, 53.4709], [7.0326, 53.4594], [7.0418, 53.4547], [7.0444, 53.4435], [7.0313, 53.4351], [7.025, 53.419], [7.0302, 53.4187], [7.0139, 53.3988], [7.0079, 53.3856], [7.016, 53.3838], [7.0069, 53.3693], [7.0137, 53.352], [7.0264, 53.3393], [7.0387, 53.3336], [7.0628, 53.3321], [7.0792, 53.3381], [7.1237, 53.3306], [7.1368, 53.3359], [7.1377, 53.3419], [7.1488, 53.3584], [7.1568, 53.3638], [7.1822, 53.3722], [7.1947, 53.3706], [7.1995, 53.3647], [7.2061, 53.3643], [7.2043, 53.3681], [7.207, 53.3645], [7.21, 53.3659], [7.2089, 53.3688], [7.2158, 53.3669], [7.2085, 53.3643], [7.2168, 53.3607], [7.219, 53.3354], [7.2222, 53.3332], [7.276, 53.3311], [7.3104, 53.3228], [7.3379, 53.3218], [7.3636, 53.3022], [7.3944, 53.2946], [7.4021, 53.2846], [7.3988, 53.239], [7.4284, 53.2276], [7.4301, 53.2221], [7.4246, 53.2108], [7.4327, 53.2141], [7.448, 53.2154], [7.4482, 53.2236], [7.4579, 53.2295], [7.4635, 53.227], [7.4566, 53.2199], [7.4573, 53.2135], [7.4755, 53.2115], [7.4768, 53.218], [7.4794, 53.2198], [7.4783, 53.2124], [7.4742, 53.2105], [7.4559, 53.2124], [7.4549, 53.2196], [7.462, 53.227], [7.4567, 53.2283], [7.449, 53.2221], [7.4515, 53.2169], [7.4493, 53.2144], [7.4083, 53.2071], [7.4121, 53.2017], [7.4094, 53.2001], [7.4058, 53.2076], [7.421, 53.2108], [7.4232, 53.219], [7.3967, 53.2356], [7.3934, 53.2408], [7.3948, 53.2889], [7.3554, 53.2962], [7.3325, 53.315], [7.3053, 53.3145], [7.2706, 53.3224], [7.2348, 53.3204], [7.2103, 53.325], [7.1984, 53.3335], [7.198, 53.3372], [7.2001, 53.3507], [7.1981, 53.3559], [7.1851, 53.356], [7.1764, 53.3516], [7.1433, 53.32], [7.1481, 53.3156], [7.1813, 53.3042], [7.1885, 53.2925], [7.1994, 53.2876], [7.2226, 53.2847], [7.2376, 53.2878], [7.2466, 53.2899], [7.2584, 53.2885], [7.2642, 53.2842], [7.2654, 53.2764], [7.2578, 53.2705], [7.2591, 53.2599], [7.2747, 53.2571], [7.2802, 53.2509], [7.2776, 53.2442], [7.2942, 53.239], [7.2951, 53.2217], [7.2779, 53.201], [7.2611, 53.1902], [7.2583, 53.184], [7.2623, 53.1785], [7.2606, 53.171], [7.2309, 53.1656], [7.2114, 53.1565], [7.1862, 53.1607], [7.1687, 53.1625], [7.1434, 53.1551], [7.1366, 53.1451], [7.1314, 53.1462], [7.1377, 53.1422], [7.1376, 53.1386], [7.131482620564153, 53.14412775250227], [7.133, 53.1423], [7.1143, 53.1412], [7.1103, 53.1446], [7.1294, 53.1731], [7.146, 53.1824], [7.1778, 53.1894], [7.1848, 53.2057], [7.1712, 53.2145], [7.1461, 53.2194], [7.1305, 53.217], [7.1165, 53.2061], [7.0938, 53.2058], [7.0716, 53.2297], [7.08003979836773, 53.23269731156985], [7.0836688283547495, 53.23527062374246], [7.1024, 53.2595], [7.1052, 53.2661], [7.0984, 53.2759], [7.1028, 53.283], [7.1011, 53.2946], [7.1058, 53.2995], [7.1015, 53.3065], [7.072408252536641, 53.30422411499436], [7.0711, 53.3018], [7.070244969921926, 53.30410486368872], [7.04517143801653, 53.30489148429752], [7.0448, 53.3027], [6.9389, 53.3313], [6.9344, 53.3318], [6.9269, 53.3282], [6.9252, 53.3287], [6.931759312714769, 53.334037479954176], [6.9304, 53.3336], [6.9077, 53.3465], [6.9002, 53.3581], [6.8889, 53.3911], [6.8768, 53.3923], [6.8837, 53.3974], [6.8643, 53.4057], [6.8451, 53.4097], [6.8315, 53.4086], [6.8073, 53.3979], [6.8019, 53.3878], [6.8021, 53.3967], [6.8089, 53.4024], [6.8038, 53.4075], [6.7736, 53.4073], [6.7604, 53.4118], [6.764, 53.4069], [6.7542, 53.4047], [6.7553, 53.4133], [6.7588, 53.4156], [6.7703, 53.4136], [6.7942, 53.416], [6.7616, 53.428], [6.7611, 53.4311], [6.7684, 53.4392], [6.7214, 53.4392], [6.6766, 53.4333], [6.6721, 53.436], [6.6816, 53.4435], [6.6425, 53.4426], [6.6396, 53.4455], [6.6046, 53.4412], [6.5792, 53.4344], [6.5386, 53.4312], [6.5065, 53.4227], [6.4436, 53.4164], [6.4122, 53.4082], [6.4079, 53.406], [6.4246, 53.4088], [6.3938, 53.3999], [6.3836, 53.4006], [6.3501, 53.3931], [6.3898, 53.4047], [6.36, 53.4007], [6.3314, 53.3922], [6.3044, 53.3789], [6.2849, 53.362], [6.2823, 53.352], [6.2872, 53.3442], [6.3293, 53.3223], [6.3896, 53.32], [6.4184, 53.3289], [6.4356, 53.3274], [6.45, 53.3321], [6.4622, 53.33], [6.4708, 53.3237], [6.4862, 53.3236], [6.5019, 53.3302], [6.5048, 53.3252], [6.5178, 53.3243], [6.5241, 53.3209], [6.5308, 53.3099], [6.5167, 53.2971], [6.5048, 53.2956], [6.5043, 53.2802], [6.5085, 53.2749], [6.5063, 53.2706], [6.4948, 53.2842], [6.4913, 53.2982], [6.4959, 53.3059], [6.5048, 53.3092], [6.5022, 53.313], [6.4854, 53.3115], [6.4709, 53.3197], [6.4611, 53.3212], [6.4482, 53.3201], [6.4429, 53.3162], [6.4316, 53.3165], [6.4307, 53.3141], [6.4251, 53.3181], [6.4123, 53.3179], [6.399, 53.3093], [6.3963, 53.3085], [6.3943, 53.3086], [6.3993, 53.3098], [6.3944, 53.3089], [6.387, 53.3133], [6.385639694656488, 53.31308015267175], [6.3934, 53.3092], [6.3792, 53.3118], [6.3819085714285935, 53.31247714285715], [6.3771, 53.3117], [6.370459259722409, 53.31277755408278], [6.3586, 53.3123], [6.337, 53.3006], [6.3303, 53.2925], [6.3435, 53.2738], [6.3699, 53.2683], [6.3708, 53.2664], [6.3647, 53.2658], [6.3473, 53.2696], [6.3438, 53.2666], [6.3336, 53.2718], [6.3252, 53.284], [6.332530496453896, 53.27677730496455], [6.3183, 53.2967], [6.3232, 53.2873], [6.3135, 53.296], [6.2891, 53.2992], [6.2819, 53.3064], [6.268, 53.3105], [6.2533, 53.3096], [6.2426, 53.3004], [6.2234, 53.3019], [6.2178, 53.3078], [6.1913, 53.3052], [6.1764, 53.3112], [6.166, 53.3117], [6.1412, 53.3006], [6.1343, 53.3003], [6.13, 53.302], [6.1296, 53.303], [6.1337, 53.3114], [6.1263, 53.3119], [6.1202, 53.316], [6.118, 53.3199], [6.1065, 53.3179], [6.0992, 53.3219], [6.0664, 53.3236], [6.0877, 53.3251], [6.0929, 53.3225], [6.1014, 53.3236], [6.1074, 53.3199], [6.1126, 53.3219], [6.1186, 53.3223], [6.1252, 53.3204], [6.127, 53.3166], [6.1321, 53.3154], [6.1703, 53.3218], [6.1732, 53.3257], [6.1686, 53.332], [6.1421, 53.346], [6.1488, 53.3583], [6.1566, 53.361], [6.1633, 53.3787], [6.135, 53.3965], [6.1209, 53.4013], [6.085, 53.4029], [6.07, 53.407], [6.0085, 53.4036], [6.0101, 53.4085], [6.0082, 53.4032], [6.008047524752476, 53.40386435643564], [6.008, 53.4035], [5.9722, 53.3931], [5.9205, 53.3852], [5.9003, 53.3777], [5.8878, 53.3779], [5.7966, 53.3495], [5.7778, 53.3384], [5.7332, 53.3205], [5.729, 53.311], [5.7342, 53.3013], [5.721, 53.3071], [5.7188, 53.3016], [5.7134, 53.3077], [5.7142, 53.3186], [5.7082, 53.3206], [5.6593, 53.3092], [5.652, 53.303], [5.6567, 53.2944], [5.6522, 53.2964], [5.6485, 53.2921], [5.6489, 53.2996], [5.6358, 53.3053], [5.5975, 53.2925], [5.5971, 53.2775], [5.6059, 53.2684], [5.6296, 53.2623], [5.6762, 53.2609], [5.6777, 53.2584], [5.6911, 53.2574], [5.6436, 53.2598], [5.6312, 53.257], [5.5912, 53.2643], [5.5808, 53.2677], [5.5694, 53.2665], [5.5764, 53.2752], [5.5662, 53.2743], [5.483, 53.2402], [5.4456, 53.2171], [5.412, 53.1763], [5.412133292533659, 53.1776378620971], [5.4105, 53.1736], [5.4156, 53.1628], [5.4104, 53.1369], [5.401, 53.1167], [5.3796, 53.1077], [5.383, 53.105], [5.3796, 53.092], [5.391, 53.0743], [5.393, 53.0631], [5.4044, 53.0518], [5.404, 53.0393], [5.4097, 53.0291], [5.4073, 53.0143], [5.4169, 53.0006], [5.4076, 53.014], [5.4234, 53.0061], [5.4253, 53.0023], [5.4278, 52.9849], [5.4239, 52.9749], [5.4255, 52.9702], [5.4345, 52.9721], [5.4083, 52.9589], [5.4085, 52.947], [5.3976, 52.9435], [5.402429051383399, 52.961117094861656], [5.4003, 52.9562], [5.3947, 52.9354], [5.394896518987342, 52.93319462025317], [5.397, 52.9417], [5.4079, 52.9199], [5.4035, 52.9087], [5.3796, 52.9013], [5.380301612903224, 52.90190080645161], [5.3603, 52.8919], [5.3562, 52.8867], [5.36, 52.8794], [5.4039, 52.8539], [5.4225, 52.8483], [5.426302352941135, 52.84782470588236], [5.4178, 52.8498], [5.4431, 52.851], [5.4935, 52.8452], [5.52, 52.8309], [5.5715, 52.8269], [5.6105, 52.8264], [5.6942, 52.8363], [5.7508, 52.8292], [5.7726, 52.8128], [5.7767, 52.7922], [5.7999, 52.783], [5.8125, 52.7708], [5.827, 52.7676], [5.8702, 52.7693], [5.9051, 52.7577], [5.9288, 52.744], [5.9414, 52.7257], [5.9448, 52.7041], [5.9611, 52.6924], [5.9577, 52.687], [5.9395, 52.6788], [5.9338, 52.672], [5.9652, 52.6716], [6.0388, 52.6338], [6.0515, 52.6322], [6.06, 52.636], [6.059314965986371, 52.6353990929705], [6.0629, 52.638], [6.0726, 52.6376], [6.05, 52.6288], [6.0384, 52.6294], [6.026, 52.6358], [6.014, 52.6355], [6.0111, 52.6332], [6.01, 52.6213], [6.0042, 52.617], [5.9922, 52.6161], [5.9707, 52.5933], [5.9609, 52.5906], [5.9399, 52.5929], [5.9389, 52.5867], [5.9343, 52.5848], [5.9145, 52.5868], [5.9207, 52.5804], [5.9176, 52.5633], [5.9249, 52.5573], [5.931, 52.5514], [5.9254, 52.5377], [5.9267, 52.5335], [5.9351, 52.5314], [5.9447, 52.5383], [5.9525, 52.5377], [5.9592, 52.5318], [5.9594, 52.522], [5.9651, 52.5155], [5.9792, 52.519], [5.9975, 52.5307], [6.0181, 52.5316], [6.0206, 52.529], [6.0168, 52.518], [6.0198, 52.5141], [6.0576, 52.4996], [6.0686, 52.4831], [6.0882, 52.4781], [6.1017, 52.4705], [6.1038, 52.4449], [6.1292, 52.4275], [6.1352, 52.4199], [6.1366, 52.4112], [6.1265, 52.3929], [6.1256, 52.3814], [6.1149, 52.3763], [6.082, 52.3712], [6.0787, 52.365], [6.0938, 52.3606], [6.1062, 52.346], [6.1046, 52.3416], [6.0951, 52.3356], [6.0926, 52.32], [6.1031, 52.3117], [6.1019, 52.3005], [6.1114, 52.2884], [6.1126, 52.278], [6.1226, 52.273], [6.1263, 52.2627], [6.1642, 52.2464], [6.1623, 52.2336], [6.1916, 52.2145], [6.1911, 52.2077], [6.1742, 52.2016], [6.1601, 52.2005], [6.1579, 52.1934], [6.1607, 52.1907], [6.1704, 52.1909], [6.195, 52.176], [6.1936, 52.1692], [6.1867, 52.1639], [6.1826, 52.1532], [6.1911, 52.1407], [6.1906, 52.1288], [6.1865, 52.1197], [6.1897, 52.1157], [6.2131, 52.1124], [6.2193, 52.1044], [6.2189, 52.0982], [6.2097, 52.0932], [6.1779, 52.0918], [6.1681, 52.0754], [6.1605, 52.0733], [6.1355, 52.0569], [6.1132, 52.047], [6.1116, 52.0409], [6.1263, 52.0354], [6.1403, 52.0372], [6.147, 52.0432], [6.1555, 52.0425], [6.1614, 52.0375], [6.1616, 52.0294], [6.1573, 52.0234], [6.1314, 52.017], [6.13, 52.0151], [6.1338, 52.011], [6.1302, 52.0111], [6.1287, 52.0073], [6.1162, 52.0042], [6.1105, 51.9958], [6.0978, 51.9911], [6.0862, 51.9925], [6.0773, 51.997], [6.0783, 52.0071], [6.0755, 52.0109], [6.0568, 52.0149], [6.0483, 52.0119], [6.0474, 52.0083], [6.0672, 52.0032], [6.0679, 51.9996], [6.0621, 51.9922], [6.0459, 51.9879], [6.0317, 51.9945], [6.0136, 51.9955], [5.9999, 51.9769], [5.9631, 51.9707], [5.9387, 51.9607], [5.9362, 51.9564], [5.9387, 51.9479], [5.9712, 51.9183], [5.9878, 51.915], [6.0244, 51.9155], [6.0466, 51.9053], [6.075, 51.9056], [6.1056, 51.8923], [6.129, 51.8878], [6.1441, 51.8715], [6.1389, 51.8624], [6.1113, 51.852], [6.1102, 51.8442], [6.1173, 51.8372], [6.1793, 51.83], [6.2188, 51.8329], [6.2665, 51.8254], [6.2729, 51.8206], [6.2729, 51.8146], [6.2513, 51.7989], [6.2456, 51.7905], [6.2498, 51.7833], [6.2592, 51.7786], [6.2759, 51.7798], [6.3136, 51.8066], [6.3349, 51.816], [6.3529, 51.8146], [6.3618, 51.8068], [6.3613, 51.797], [6.3472, 51.7884], [6.3234, 51.7837], [6.3219, 51.7785], [6.3393, 51.762], [6.3534, 51.757], [6.3981, 51.7569], [6.4214, 51.7616], [6.4377, 51.7547], [6.4402, 51.7498], [6.4381, 51.7405], [6.4122, 51.726], [6.4108, 51.7197], [6.4204, 51.7135], [6.4576, 51.7055], [6.4715, 51.6961], [6.4825, 51.6793], [6.4809, 51.6546], [6.4869, 51.6345], [6.4966, 51.6357], [6.5124, 51.654], [6.5185, 51.6569], [6.5906, 51.6647], [6.6014, 51.6642], [6.6082, 51.6621], [6.6109, 51.6484], [6.6211, 51.6454], [6.6155, 51.6446], [6.613, 51.6384], [6.593, 51.6287], [6.5828, 51.6117], [6.5949, 51.5868], [6.5911, 51.5604], [6.5989, 51.5541], [6.6098, 51.5546], [6.6253, 51.5678], [6.6412, 51.576], [6.6609, 51.5795], [6.6767, 51.5776], [6.6862, 51.5724], [6.6901, 51.5638], [6.6793, 51.5439], [6.6816, 51.5354], [6.7167, 51.5188], [6.7263, 51.5099], [6.7263, 51.5018], [6.7225, 51.4977], [6.6873, 51.4864], [6.6838, 51.4792], [6.6912, 51.4735], [6.7174, 51.4684], [6.724, 51.4634], [6.7301, 51.4512], [6.7253, 51.4482], [6.7284, 51.4527], [6.7243, 51.4482], [6.7208, 51.4288], [6.744, 51.4062], [6.7462, 51.3961], [6.7357, 51.3852], [6.7171, 51.3744], [6.6658, 51.3662], [6.6566, 51.3604], [6.6563, 51.3572], [6.661, 51.3509], [6.7189, 51.3333], [6.7361, 51.3194], [6.7372, 51.3124], [6.733, 51.3016], [6.7069, 51.2776], [6.7052, 51.2702], [6.7138, 51.2626], [6.7656, 51.2462], [6.7711, 51.2393], [6.7719, 51.2239], [6.7639, 51.2194], [6.7268, 51.211], [6.7357, 51.1902], [6.7493, 51.1834], [6.777, 51.187], [6.794, 51.1827], [6.799, 51.177], [6.8008, 51.1681], [6.7945, 51.1507], [6.8012, 51.1447], [6.8135, 51.1452], [6.8391, 51.1629], [6.8481, 51.1638], [6.8579, 51.1594], [6.8598, 51.155], [6.8514, 51.1423], [6.8512, 51.1343], [6.8596, 51.1216], [6.8781, 51.1166], [6.8856, 51.1049], [6.8801, 51.0964], [6.8583, 51.0879], [6.8554, 51.0798], [6.8633, 51.0745], [6.8976, 51.067], [6.9683, 51.0321], [6.9742, 51.0259], [6.9765, 51.0177], [6.9651, 51.0004], [6.9659, 50.9956], [6.9756, 50.9874], [6.9955, 50.9808], [7.0014, 50.973], [6.9996, 50.9665], [6.9934, 50.9602], [6.9751, 50.9517], [6.9691, 50.9444], [6.9683, 50.9379], [6.9756, 50.9176], [6.9871, 50.9038], [6.9962, 50.899], [7.0424, 50.8945], [7.0538, 50.8846], [7.0501, 50.8756], [7.0297, 50.8681], [7.0089, 50.8529], [6.9841, 50.843], [6.981, 50.837], [6.9829, 50.8319], [6.9924, 50.8275], [7.0192, 50.8239], [7.0265, 50.8196], [7.0323, 50.8123], [7.0329, 50.7929], [7.0373, 50.7871], [7.054, 50.7778], [7.0844, 50.7671], [7.1006, 50.7578], [7.1076, 50.7511], [7.1172, 50.7296], [7.1444, 50.7194], [7.1695, 50.7061], [7.1799, 50.687], [7.2132, 50.6516], [7.2185, 50.6384], [7.2138, 50.6318], [7.216, 50.6042], [7.2122, 50.5962], [7.2139, 50.5914], [7.2282, 50.5837], [7.2583, 50.5787], [7.2685, 50.5742], [7.2778, 50.5654], [7.2901, 50.5373], [7.3064, 50.5117], [7.3689, 50.4587], [7.397, 50.4449], [7.4381, 50.444], [7.4455, 50.4396], [7.4577, 50.4238], [7.4746, 50.4144], [7.5004, 50.4144], [7.5189, 50.4216], [7.5358, 50.4234], [7.5975, 50.4057], [7.6146, 50.3958], [7.6201, 50.3835], [7.5915, 50.324], [7.5921, 50.3141], [7.5964, 50.3087], [7.6084, 50.3087], [7.6149, 50.3074], [7.6222, 50.314], [7.6273, 50.3151], [7.6163, 50.3072], [7.598, 50.3074], [7.6101, 50.2925], [7.6484, 50.2684], [7.654, 50.2546], [7.6489, 50.2481], [7.6389, 50.2442], [7.5918, 50.2479], [7.5825, 50.2443], [7.5809, 50.2388], [7.5856, 50.2356], [7.6107, 50.2318], [7.6245, 50.2155], [7.6439, 50.2042], [7.6483, 50.1929], [7.6459, 50.1836], [7.6483, 50.1792], [7.6678, 50.1728], [7.6969, 50.1693], [7.7096, 50.1577], [7.725, 50.1499], [7.7283, 50.1456], [7.7278, 50.1386], [7.7366, 50.1368], [7.7408, 50.1286], [7.7245, 50.1135], [7.7762, 50.0771], [7.7779, 50.0723], [7.7749, 50.0596], [7.7811, 50.0535], [7.8149, 50.0386], [7.8319, 50.0227], [7.8547, 50.0135], [7.8599, 50.0076], [7.8644, 49.9883], [7.8715, 49.9781], [7.8879, 49.9736], [7.939, 49.977], [7.9504, 49.9806], [7.9672, 49.9797], [7.9774, 49.9856], [7.9992, 49.9903], [8.0156, 49.9996], [8.0716, 50.0165], [8.1183, 50.0226], [8.1566, 50.0315], [8.177, 50.04], [8.1998, 50.0422], [8.2356, 50.0365], [8.2583, 50.0274], [8.2779, 50.0129], [8.2834, 50.0044], [8.3082, 49.9996], [8.3028, 49.9942], [8.3117, 49.989], [8.3188, 49.9833], [8.3358, 49.9675], [8.3274, 49.9658], [8.3048, 49.9834], [8.2839, 49.9937], [8.2708, 50.0073], [8.2432, 50.0212], [8.2196, 50.0306], [8.184, 50.0331], [8.1668, 50.0299], [8.128, 50.0152], [8.1063, 50.0141], [8.0723, 50.0022], [8.0644, 50.0007], [8.057, 50.0018], [8.0418, 49.9991], [8.0293, 49.9935], [8.0196, 49.9921], [8.0127, 49.9856], [8.0043, 49.9805], [7.964, 49.9713], [7.8896, 49.97], [7.8929, 49.961], [7.8989, 49.9532], [7.8991, 49.9506], [7.8926, 49.9597], [7.8882, 49.9693], [7.871, 49.9729], [7.8614, 49.9816], [7.8571, 50.0052], [7.8499, 50.0126], [7.8188, 50.0257], [7.8047, 50.0369], [7.774, 50.0528], [7.7699, 50.0595], [7.7697, 50.0768], [7.721, 50.1136], [7.7203, 50.1182], [7.7377, 50.1298], [7.7353, 50.1352], [7.7224, 50.1406], [7.7228, 50.148], [7.7086, 50.1535], [7.6981, 50.1653], [7.6868, 50.1688], [7.6674, 50.1692], [7.6462, 50.1769], [7.6416, 50.1819], [7.6452, 50.1909], [7.6437, 50.1969], [7.6371, 50.2055], [7.6192, 50.215], [7.6144, 50.2243], [7.604, 50.231], [7.5839, 50.2335], [7.5766, 50.2387], [7.5795, 50.2453], [7.5934, 50.2514], [7.6363, 50.2475], [7.6465, 50.251], [7.6503, 50.2558], [7.6452, 50.2663], [7.6015, 50.2948], [7.5884, 50.3134], [7.584, 50.3314], [7.5847, 50.3379], [7.6016, 50.352], [7.6056, 50.3639], [7.5895, 50.3626], [7.5712, 50.3668], [7.5519, 50.346], [7.5521, 50.3517], [7.5711, 50.3691], [7.5867, 50.3648], [7.6049, 50.3654], [7.6121, 50.3789], [7.6067, 50.3874], [7.5655, 50.412], [7.5421, 50.4196], [7.528, 50.4201], [7.4954, 50.4107], [7.4722, 50.4116], [7.4557, 50.4192], [7.442, 50.4373], [7.4347, 50.4422], [7.3968, 50.4421], [7.3884, 50.4453], [7.3744, 50.4481], [7.3719, 50.4495], [7.2995, 50.5126], [7.2811, 50.5456], [7.2767, 50.5609], [7.2689, 50.5698], [7.2557, 50.5768], [7.2209, 50.5823], [7.2098, 50.5908], [7.208, 50.596], [7.2122, 50.6052], [7.2063, 50.6372], [7.2064, 50.6519], [7.1749, 50.6849], [7.1643, 50.7043], [7.1428, 50.7164], [7.1259, 50.7199], [7.1147, 50.7259], [7.0969, 50.7562], [7.0487, 50.7742], [7.0358, 50.7823], [7.0284, 50.7932], [7.0265, 50.811], [7.0204, 50.8193], [6.9878, 50.8248], [6.9781, 50.8319], [6.9768, 50.838], [6.9826, 50.8463], [7.0061, 50.8564], [7.0207, 50.8682], [7.0445, 50.8771], [7.0498, 50.8826], [7.0415, 50.8915], [7.0005, 50.8935], [6.9806, 50.9047], [6.9631, 50.9288], [6.9626, 50.9449], [6.971, 50.9536], [6.993, 50.9643], [6.9962, 50.972], [6.9936, 50.9771], [6.9715, 50.9854], [6.9608, 50.9952], [6.9606, 51.0029], [6.9711, 51.0181], [6.969, 51.0262], [6.901, 51.0615], [6.8586, 51.0726], [6.8522, 51.0778], [6.8504, 51.0833], [6.8526, 51.0875], [6.8751, 51.0975], [6.8815, 51.1045], [6.8749, 51.1148], [6.8522, 51.1225], [6.8458, 51.1395], [6.8544, 51.1537], [6.8534, 51.1593], [6.838, 51.1603], [6.8193, 51.1441], [6.8006, 51.1426], [6.7912, 51.1492], [6.7954, 51.1747], [6.788, 51.1824], [6.7779, 51.1846], [6.7616, 51.181], [6.7447, 51.1814], [6.733, 51.1874], [6.7283, 51.1992], [6.6964, 51.1984], [6.6997, 51.1951], [6.6953, 51.1986], [6.6899, 51.2069], [6.6958, 51.2164], [6.7013, 51.2197], [6.7304, 51.225], [6.7611, 51.2219], [6.7656, 51.2311], [6.7642, 51.2384], [6.7571, 51.2458], [6.7098, 51.2573], [6.7005, 51.2683], [6.7033, 51.2798], [6.7316, 51.3081], [6.7288, 51.3228], [6.7149, 51.3316], [6.6599, 51.3474], [6.6528, 51.3531], [6.6528, 51.3601], [6.6582, 51.3654], [6.6954, 51.3777], [6.7176, 51.378], [6.7372, 51.3912], [6.7426, 51.3982], [6.733, 51.4117], [6.7178, 51.4232], [6.7158, 51.4337], [6.7215, 51.4525], [6.7191, 51.4619], [6.6887, 51.4704], [6.6789, 51.4779], [6.6821, 51.4872], [6.7122, 51.4979], [6.7209, 51.505], [6.7128, 51.5168], [6.683, 51.5284], [6.6741, 51.5369], [6.6759, 51.5493], [6.6841, 51.5603], [6.6832, 51.569], [6.6734, 51.575], [6.6495, 51.5748], [6.6349, 51.5688], [6.6152, 51.553], [6.6065, 51.5507], [6.5979, 51.5516], [6.5879, 51.5587], [6.5893, 51.5873], [6.5791, 51.606], [6.5785, 51.6148], [6.5872, 51.6279], [6.61, 51.6396], [6.612, 51.6432], [6.5914, 51.6556], [6.5718, 51.6581], [6.5328, 51.656], [6.5199, 51.6522], [6.506, 51.6385], [6.495, 51.6326], [6.4803, 51.6346], [6.4747, 51.6587], [6.4744, 51.6793], [6.4639, 51.6966], [6.4524, 51.7042], [6.4131, 51.7118], [6.4067, 51.718], [6.4072, 51.7274], [6.4344, 51.742], [6.4346, 51.7529], [6.4205, 51.7586], [6.3934, 51.7537], [6.35, 51.7539], [6.3336, 51.7599], [6.3249, 51.7722], [6.3169, 51.7777], [6.3184, 51.7862], [6.3559, 51.7968], [6.3579, 51.8046], [6.3522, 51.8109], [6.3425, 51.8141], [6.3279, 51.8098], [6.2897, 51.7825], [6.2641, 51.7751], [6.2442, 51.7831], [6.2414, 51.7878], [6.2428, 51.7984], [6.2268, 51.8123], [6.2154, 51.8091], [6.2015, 51.7926], [6.1898, 51.7911], [6.1836, 51.7922], [6.18, 51.7951], [6.1782, 51.8001], [6.1798, 51.8185], [6.1752, 51.8225], [6.1181, 51.8317], [6.1065, 51.8381], [6.1023, 51.8495], [6.1069, 51.8694], [6.0966, 51.8726], [6.0795, 51.8632], [6.069, 51.8625], [6.049, 51.8707], [6.0354, 51.8848], [6.0217, 51.8822], [6.0088, 51.8669], [5.9906, 51.8608], [5.9463, 51.8635], [5.919, 51.8779], [5.8975, 51.8811], [5.9022, 51.8597], [5.9, 51.8568], [5.8929, 51.8526], [5.8717, 51.8486], [5.8527, 51.8518], [5.8057, 51.8717], [5.7453, 51.8791], [5.7007, 51.8929], [5.6818, 51.8906], [5.6422, 51.8995], [5.6146, 51.8949], [5.5746, 51.9007], [5.5494, 51.897], [5.5199, 51.8881], [5.4849, 51.8888], [5.4513, 51.8836], [5.4273, 51.8683], [5.4201, 51.8513], [5.4152, 51.8472], [5.4155, 51.8421], [5.3989, 51.8348], [5.3885, 51.8243], [5.374, 51.8176], [5.3737, 51.8107], [5.3628, 51.8023], [5.3615, 51.7975], [5.3721, 51.7947], [5.3989, 51.8197], [5.4123, 51.8234], [5.4344, 51.8103], [5.4612, 51.8154], [5.4686, 51.8098], [5.4713, 51.802], [5.4793, 51.7997], [5.4809, 51.8031], [5.4745, 51.8082], [5.474, 51.8153], [5.4825, 51.8298], [5.4951, 51.8352], [5.5073, 51.833], [5.5159, 51.8191], [5.5299, 51.8191], [5.5496, 51.8077], [5.5526, 51.8092], [5.5524, 51.8142], [5.5391, 51.824], [5.5382, 51.8324], [5.5582, 51.8402], [5.5716, 51.8292], [5.5712, 51.8188], [5.5882, 51.8118], [5.5925, 51.8134], [5.5914, 51.823], [5.5951, 51.8253], [5.6212, 51.8195], [5.6412, 51.8232], [5.645, 51.8201], [5.6505, 51.8022], [5.6559, 51.7983], [5.6686, 51.7934], [5.6895, 51.7985], [5.6974, 51.7967], [5.7029, 51.7924], [5.7006, 51.7879], [5.6833, 51.7781], [5.6764, 51.7686], [5.6809, 51.7622], [5.6866, 51.7603], [5.6926, 51.7618], [5.7011, 51.7715], [5.7192, 51.7763], [5.7348, 51.7716], [5.749, 51.7576], [5.7656, 51.7532], [5.8505, 51.76], [5.872, 51.7561], [5.8823, 51.7488], [5.8858, 51.7296], [5.8912, 51.7239], [5.9413, 51.7159], [5.9569, 51.709], [5.9603, 51.6916], [5.9658, 51.6816], [5.9571, 51.6741], [5.9577, 51.6697], [5.9783, 51.6669], [5.9796, 51.6629], [5.9705, 51.6516], [5.9726, 51.6465], [5.9956, 51.6382], [6.0229, 51.6199], [6.025, 51.6019], [6.0399, 51.5853], [6.039, 51.5711], [6.0446, 51.5618], [6.0792, 51.5477], [6.1115, 51.5473], [6.121, 51.5317], [6.1435, 51.519], [6.1628, 51.5128], [6.1701, 51.5067], [6.1676, 51.4876], [6.1775, 51.476], [6.1803, 51.4656], [6.156, 51.4406], [6.1597, 51.4202], [6.1506, 51.4105], [6.1547, 51.395], [6.1683, 51.3761], [6.1673, 51.3715], [6.165, 51.3685], [6.1503, 51.3581], [6.1196, 51.3406], [6.1165, 51.3216], [6.1036, 51.3078], [6.0861, 51.2971], [6.0496, 51.2866], [6.0254, 51.2658], [6.0085, 51.2641], [6.0064, 51.2595], [6.0172, 51.2535], [6.0077, 51.2405], [6.0107, 51.2271], [6.0079, 51.2245], [6.0042, 51.2242], [5.9887, 51.2271], [5.9761, 51.2208], [5.978, 51.2176], [5.9875, 51.2154], [5.9907, 51.2113], [5.9891, 51.2064], [5.9985, 51.2054], [5.998, 51.2013], [5.9938, 51.1994], [5.9878, 51.1995], [5.9854, 51.1973], [5.982, 51.1975], [5.9777, 51.1915], [5.9676, 51.1857], [5.9595, 51.1864], [5.9465, 51.1909], [5.9288, 51.1829], [5.9323, 51.1749], [5.9526, 51.1707], [5.9544, 51.1653], [5.9518, 51.1627], [5.9475, 51.161], [5.942, 51.1613], [5.9227, 51.1714], [5.9096, 51.1652], [5.8888, 51.161], [5.882, 51.1564], [5.8697, 51.1597], [5.8675, 51.1566], [5.8735, 51.1458], [5.8712, 51.1412], [5.8663, 51.1397], [5.8505, 51.1415], [5.842, 51.1297], [5.8279, 51.129], [5.8103, 51.1152], [5.8116, 51.1092], [5.8304, 51.1066], [5.8342939796233395, 51.09931126891016], [5.8363, 51.1028], [5.8503, 51.1073], [5.8508, 51.1103], [5.8471, 51.1143], [5.8474, 51.1171], [5.8514, 51.1207], [5.8627, 51.1236], [5.8599, 51.1262], [5.8637, 51.1319], [5.8667, 51.1337], [5.8644, 51.1352], [5.8642, 51.1378], [5.8693, 51.14], [5.8648, 51.1373], [5.8677, 51.134], [5.8612, 51.1274], [5.8634, 51.123], [5.8523, 51.1203], [5.8479, 51.1159], [5.8517, 51.1097], [5.851, 51.107], [5.8365, 51.1021], [5.8306, 51.0908], [5.8282, 51.09], [5.8242, 51.0921], [5.8084, 51.0957], [5.7973, 51.0912], [5.8057, 51.0784], [5.7988, 51.0726], [5.8004, 51.061], [5.7924, 51.0582], [5.7731, 51.0611], [5.7721, 51.0499], [5.7647, 51.039], [5.758, 51.0362], [5.7403, 51.0374], [5.7411, 51.0284], [5.7514, 51.026], [5.754, 51.0205], [5.7724, 51.0236], [5.7765, 51.0202], [5.7681, 51.0058], [5.7671, 50.9971], [5.7514, 50.9827], [5.7386, 50.9783], [5.7338, 50.9711], [5.7219, 50.9608], [5.725, 50.9561], [5.7309, 50.9551], [5.7425, 50.9604], [5.7503, 50.9606], [5.7581, 50.9553], [5.7585, 50.9505], [5.7471, 50.9461], [5.7413, 50.9351], [5.73, 50.9261], [5.7276, 50.9144], [5.7237, 50.9094], [5.7158, 50.9072], [5.708, 50.9112], [5.7005, 50.9102], [5.6958, 50.896], [5.681, 50.8847], [5.6836, 50.8766], [5.6964, 50.8706], [5.6998, 50.8648], [5.6968, 50.8495], [5.7007, 50.8429], [5.6988, 50.8222], [5.6942, 50.8108], [5.6998, 50.805], [5.6956, 50.7962], [5.7021, 50.7827], [5.6962, 50.7713], [5.6833, 50.7594], [5.6911, 50.7427], [5.6936, 50.7323], [5.6912, 50.7188], [5.6769, 50.6982], [5.6731, 50.6874], [5.6581, 50.6888], [5.6543, 50.6804], [5.6501, 50.6792], [5.6403, 50.6651], [5.6312, 50.6592], [5.6301, 50.6562], [5.6358, 50.6524], [5.6353, 50.6492], [5.6297, 50.648], [5.6112, 50.6533], [5.6025, 50.648], [5.5949, 50.6456], [5.5853, 50.6434], [5.5874, 50.6377], [5.585, 50.6369], [5.5776, 50.637], [5.5724, 50.6326], [5.5758, 50.625], [5.5678, 50.6315], [5.5673, 50.6333], [5.5687, 50.6398], [5.5656, 50.6424], [5.5658, 50.6434], [5.5669, 50.6441], [5.5683, 50.6443], [5.5707, 50.6441], [5.5759, 50.6417], [5.5822, 50.6466], [5.6133, 50.6549], [5.6332, 50.6498], [5.6278, 50.6558], [5.6288, 50.6599], [5.638, 50.6654], [5.6575, 50.6903], [5.6716, 50.6899], [5.6726, 50.6978], [5.6759, 50.705], [5.6898, 50.7214], [5.6893, 50.7366], [5.6814, 50.759], [5.7009, 50.7823], [5.6908, 50.7966], [5.6986, 50.8055], [5.6928, 50.8109], [5.6965, 50.8195], [5.6987, 50.8415], [5.695, 50.8506], [5.6975, 50.8635], [5.6943, 50.8701], [5.6819, 50.875], [5.6788, 50.8843], [5.6956, 50.8986], [5.6992, 50.911], [5.7072, 50.9122], [5.7173, 50.9085], [5.7226, 50.9103], [5.7274, 50.9253], [5.7423, 50.9383], [5.7454, 50.9466], [5.7566, 50.9519], [5.7561, 50.9561], [5.75, 50.9597], [5.7288, 50.9545], [5.7226, 50.9564], [5.7203, 50.9602], [5.7335, 50.9725], [5.7354, 50.9782], [5.7474, 50.9822], [5.7648, 50.9976], [5.7678, 51.0109], [5.7744, 51.0203], [5.7702, 51.0225], [5.7539, 51.0194], [5.7494, 51.0252], [5.7391, 51.0285], [5.7379, 51.0366], [5.7442, 51.039], [5.7575, 51.0374], [5.7641, 51.0407], [5.7699, 51.0487], [5.7695, 51.06], [5.7727, 51.0624], [5.7912, 51.0592], [5.7981, 51.0608], [5.7973, 51.0722], [5.8045, 51.0785], [5.7958, 51.0915], [5.8083, 51.0965], [5.8247, 51.0929], [5.8323, 51.0998], [5.8284, 51.1059], [5.8104, 51.1087], [5.8081, 51.1126], [5.8101, 51.118], [5.8246, 51.129], [5.8397, 51.1307], [5.8501, 51.143], [5.87, 51.1424], [5.8716, 51.146], [5.8655, 51.1552], [5.8678, 51.16], [5.8723, 51.1609], [5.8806, 51.1572], [5.8907, 51.1634], [5.9094, 51.1662], [5.9226, 51.1722], [5.9404, 51.1624], [5.9518, 51.1635], [5.9512, 51.1707], [5.931, 51.1743], [5.9284, 51.1833], [5.9451, 51.1918], [5.969, 51.187], [5.9835, 51.2007], [5.9968, 51.2016], [5.997, 51.205], [5.987, 51.2065], [5.9886, 51.2118], [5.9857, 51.2151], [5.9769, 51.2164], [5.9744, 51.2195], [5.9757, 51.2216], [5.9879, 51.2283], [6.0085, 51.2262], [6.0057, 51.2373], [6.0074, 51.2461], [6.0155, 51.2528], [6.0043, 51.259], [6.0065, 51.2644], [6.0261, 51.2674], [6.0295, 51.2739], [6.047, 51.2869], [6.0883, 51.2992], [6.1149, 51.3228], [6.1166, 51.3406], [6.1648, 51.372], [6.1658, 51.3776], [6.1519, 51.3956], [6.1482, 51.4096], [6.157, 51.4234], [6.1529, 51.441], [6.1776, 51.4672], [6.1656, 51.4871], [6.167, 51.506], [6.1601, 51.5122], [6.1412, 51.5182], [6.1184, 51.5312], [6.1098, 51.5461], [6.078, 51.5464], [6.0427, 51.5611], [6.0359, 51.5705], [6.0389, 51.583], [6.0243, 51.597], [6.0204, 51.6196], [5.9974, 51.6351], [5.9712, 51.6453], [5.9683, 51.6511], [5.9776, 51.6643], [5.9581, 51.6674], [5.9548, 51.6704], [5.955, 51.6748], [5.9635, 51.6815], [5.9556, 51.6987], [5.9544, 51.7088], [5.9407, 51.7146], [5.9105, 51.7171], [5.8893, 51.723], [5.8848, 51.7262], [5.8835, 51.7368], [5.8754, 51.7525], [5.8629, 51.7576], [5.8484, 51.7584], [5.7842, 51.7514], [5.7641, 51.7518], [5.7471, 51.7565], [5.7307, 51.7719], [5.7181, 51.7745], [5.7055, 51.7717], [5.6938, 51.7605], [5.6849, 51.7592], [5.6765, 51.7637], [5.6749, 51.7706], [5.6806, 51.7798], [5.6982, 51.788], [5.6982, 51.7945], [5.6887, 51.7973], [5.669, 51.7916], [5.6529, 51.7979], [5.6486, 51.8007], [5.6395, 51.8221], [5.6222, 51.8181], [5.5961, 51.8236], [5.5944, 51.8121], [5.5873, 51.8105], [5.57, 51.8177], [5.5683, 51.8301], [5.5565, 51.8388], [5.5403, 51.8306], [5.5413, 51.8253], [5.5539, 51.8156], [5.5544, 51.808], [5.5487, 51.8071], [5.5429, 51.8086], [5.5276, 51.8181], [5.5144, 51.8176], [5.5002, 51.8331], [5.4942, 51.8335], [5.4809, 51.8237], [5.4758, 51.8131], [5.4761, 51.8087], [5.4835, 51.8035], [5.4836, 51.7995], [5.4803, 51.7978], [5.4667, 51.8025], [5.4643, 51.811], [5.4599, 51.814], [5.4336, 51.8091], [5.4226, 51.8129], [5.4139, 51.8207], [5.4058, 51.8214], [5.3856, 51.8049], [5.3802, 51.7944], [5.3738, 51.7906], [5.357, 51.7956], [5.3444, 51.7932], [5.3383, 51.788], [5.3227, 51.7871], [5.3599, 51.7683], [5.3614, 51.7631], [5.3558, 51.7554], [5.2977, 51.7355], [5.2882, 51.7358], [5.2758, 51.7439], [5.2589, 51.7344], [5.2502, 51.7329], [5.237556927710836, 51.73722981927711], [5.2415, 51.7345], [5.2297, 51.7369], [5.2113, 51.7281], [5.2013, 51.7157], [5.1909, 51.7145], [5.1834, 51.7229], [5.1908, 51.7324], [5.181, 51.7423], [5.1829, 51.7465], [5.1792, 51.7529], [5.1684, 51.7549], [5.162, 51.7506], [5.1665, 51.7472], [5.1552, 51.7391], [5.1305, 51.7334], [5.1365, 51.7281], [5.0954, 51.7197], [5.1035, 51.7122], [5.1103, 51.7105], [5.1153, 51.701], [5.1138, 51.6923], [5.0983, 51.6961], [5.0435, 51.6881], [4.9897, 51.6921], [4.9483, 51.6893], [4.9483, 51.6925], [4.943, 51.6929], [4.9419, 51.6995], [4.8934, 51.6917], [4.8629, 51.7039], [4.8475, 51.7067], [4.8191, 51.7044], [4.7972, 51.7093], [4.7854, 51.7046], [4.7685, 51.703], [4.7234, 51.7122], [4.7086, 51.7089], [4.6857, 51.7162], [4.6699, 51.7162], [4.6658, 51.7127], [4.6845, 51.6993], [4.6846, 51.6948], [4.6753, 51.6842], [4.6588, 51.674], [4.5969, 51.6645], [4.5695, 51.6527], [4.5601, 51.6437], [4.548, 51.6509], [4.5259, 51.6456], [4.5003, 51.627], [4.4962, 51.6191], [4.4989, 51.6111], [4.4838, 51.6155], [4.4376, 51.6129], [4.4285, 51.6055], [4.4325, 51.597], [4.4318, 51.5907], [4.4212, 51.5887], [4.3991, 51.5972], [4.3754, 51.5948], [4.3568, 51.5988], [4.297, 51.6009], [4.2686, 51.6111], [4.2616, 51.6194], [4.2376, 51.6267], [4.2311, 51.6253], [4.2249, 51.6201], [4.2267, 51.6111], [4.2129, 51.6087], [4.2031, 51.6019], [4.2069, 51.5911], [4.2203, 51.5816], [4.2357, 51.5557], [4.241, 51.5526], [4.2398, 51.5427], [4.2259, 51.5259], [4.2234, 51.5157], [4.2748, 51.4968], [4.2639, 51.4933], [4.2597, 51.47], [4.252, 51.4667], [4.2491, 51.4617], [4.2594, 51.4578], [4.2664, 51.4489], [4.3073, 51.4156], [4.3034, 51.398], [4.2915, 51.3912], [4.2925, 51.3766], [4.3006, 51.3624], [4.3035, 51.3411], [4.3081, 51.3363], [4.3456, 51.3358], [4.3559, 51.3328], [4.3647, 51.323], [4.3644, 51.3172], [4.3444, 51.3108], [4.3167, 51.2951], [4.3251, 51.2818], [4.3061, 51.2606], [4.3072, 51.258], [4.3286, 51.2535], [4.3573, 51.2417], [4.3953, 51.2391], [4.4017, 51.2347], [4.4006, 51.2272], [4.4051, 51.2269], [4.3999, 51.2266], [4.3968, 51.2184], [4.3834, 51.2082], [4.3442, 51.1964], [4.3367, 51.1914], [4.3307, 51.176], [4.3324, 51.1543], [4.3302, 51.1405]], [[14.6299, 53.5221], [14.629554765506807, 53.51689682299546], [14.6372, 53.5118], [14.6264, 53.5311], [14.61, 53.5462], [14.6134, 53.5377], [14.6111, 53.5299], [14.6271, 53.519], [14.6261, 53.5172], [14.6299, 53.5221]], [[13.067434158247382, 54.460463317726855], [13.0715, 54.468], [13.068, 54.4704], [13.073, 54.4695], [13.0697, 54.4718], [13.0728, 54.4717], [13.0714, 54.4772], [13.0739, 54.4771], [13.0712, 54.4791], [13.0767, 54.4791], [13.0728, 54.4817], [13.076, 54.4851], [13.0747, 54.4898], [13.0705, 54.4919], [13.0738, 54.4909], [13.073, 54.5004], [13.08, 54.5031], [13.079, 54.5069], [13.0831, 54.5137], [13.0801, 54.5157], [13.0874, 54.5155], [13.0832, 54.5194], [13.0923, 54.5172], [13.0922, 54.5274], [13.1052, 54.5298], [13.0994, 54.5333], [13.1064, 54.5319], [13.1169, 54.5378], [13.1129, 54.5442], [13.1158, 54.5572], [13.1125, 54.5645], [13.1054, 54.5697], [13.1068, 54.5724], [13.1191, 54.574], [13.1061, 54.5742], [13.1168, 54.5754], [13.1061, 54.5774], [13.1135, 54.5766], [13.1108, 54.5775], [13.1068, 54.5803], [13.1045, 54.5806], [13.1062, 54.5812], [13.1175, 54.5752], [13.1096, 54.5818], [13.1053, 54.5818], [13.1074, 54.5842], [13.1247, 54.5852], [13.141, 54.5992], [13.14, 54.5899], [13.1347, 54.589], [13.1411, 54.5882], [13.1446, 54.5736], [13.1752, 54.5658], [13.1941, 54.5725], [13.2051, 54.5827], [13.2282, 54.5874], [13.2304, 54.5964], [13.2357, 54.5979], [13.2371, 54.5947], [13.2362, 54.6003], [13.2249, 54.6224], [13.2269, 54.6256], [13.2631, 54.6435], [13.2814, 54.6468], [13.2898, 54.6404], [13.2874, 54.6395], [13.2873, 54.6246], [13.279, 54.6107], [13.2578, 54.5913], [13.2432, 54.5613], [13.2449, 54.5584], [13.2591, 54.5654], [13.2768, 54.5647], [13.2941, 54.5724], [13.3064, 54.5727], [13.3141, 54.5795], [13.3318, 54.5825], [13.3337, 54.5853], [13.3278, 54.5935], [13.3472, 54.6003], [13.3561, 54.6131], [13.3674, 54.6154], [13.3728, 54.614], [13.3838, 54.5967], [13.3853, 54.5808], [13.3963, 54.5728], [13.425, 54.569], [13.4458, 54.5516], [13.4892, 54.5533], [13.4814, 54.5597], [13.4908, 54.5594], [13.4874, 54.5608], [13.5115, 54.5664], [13.5147, 54.5623], [13.5102, 54.5575], [13.4947, 54.5589], [13.5032, 54.548], [13.508, 54.5338], [13.5145, 54.5272], [13.516, 54.5235], [13.5127, 54.5216], [13.5171, 54.5174], [13.5144, 54.5121], [13.5171, 54.5119], [13.5078, 54.5048], [13.5005, 54.4888], [13.5049, 54.4855], [13.5066, 54.477], [13.5107, 54.4813], [13.5248, 54.4812], [13.5463, 54.4736], [13.5464, 54.4564], [13.5236, 54.4486], [13.5342, 54.4454], [13.5528, 54.4483], [13.5578, 54.4442], [13.5584, 54.4392], [13.5553, 54.4355], [13.5454, 54.4333], [13.5207, 54.4332], [13.5211, 54.4297], [13.5422, 54.4283], [13.5419, 54.4175], [13.5354, 54.4161], [13.5272, 54.4171], [13.5278, 54.4201], [13.5104, 54.4176], [13.5019, 54.425], [13.4952, 54.42], [13.4761, 54.4241], [13.4765, 54.438], [13.4831, 54.4432], [13.4993, 54.446], [13.5073, 54.4509], [13.4762, 54.4509], [13.4696, 54.4552], [13.4703, 54.4598], [13.4831, 54.4744], [13.4966, 54.4787], [13.486, 54.4837], [13.4799, 54.4833], [13.4594, 54.4773], [13.4495, 54.4699], [13.4507, 54.4731], [13.4418, 54.487], [13.4119, 54.4939], [13.4059, 54.5069], [13.4148, 54.5184], [13.4042, 54.5309], [13.3783, 54.5481], [13.3763, 54.5594], [13.3651, 54.5567], [13.3549, 54.5477], [13.3783, 54.5446], [13.3811, 54.5403], [13.3897, 54.5386], [13.3887, 54.5323], [13.3755, 54.5247], [13.3747, 54.5197], [13.3587, 54.523], [13.3484, 54.5169], [13.3477, 54.5197], [13.3436, 54.5193], [13.3441, 54.5245], [13.3609, 54.5385], [13.361, 54.5432], [13.3303, 54.5482], [13.349, 54.5536], [13.3528, 54.5521], [13.3603, 54.5696], [13.3706, 54.5771], [13.3546, 54.5807], [13.3377, 54.5695], [13.3204, 54.5655], [13.2978, 54.5522], [13.3081, 54.5387], [13.3031, 54.5285], [13.3133, 54.5237], [13.3116, 54.5196], [13.3067, 54.5192], [13.3111, 54.5184], [13.3104, 54.5155], [13.3031, 54.5131], [13.2959, 54.5196], [13.2831, 54.5213], [13.2875, 54.5228], [13.2865, 54.5254], [13.2946, 54.5376], [13.254, 54.5518], [13.2383, 54.5541], [13.1704, 54.5452], [13.1444, 54.5467], [13.1403, 54.5419], [13.1572, 54.5395], [13.1635, 54.5251], [13.1626, 54.5139], [13.1672, 54.5124], [13.1709, 54.5077], [13.2002, 54.5038], [13.2336, 54.5122], [13.2336, 54.5147], [13.2436, 54.5149], [13.2344, 54.5134], [13.2477, 54.5074], [13.2415, 54.5044], [13.2376, 54.504], [13.2431, 54.5082], [13.2323, 54.5109], [13.234, 54.5082], [13.2309, 54.507], [13.234, 54.5049], [13.2288, 54.5034], [13.2272, 54.4882], [13.2359, 54.4827], [13.2452, 54.4873], [13.2556, 54.4865], [13.2586, 54.4778], [13.27, 54.4801], [13.2535, 54.4713], [13.2421, 54.4726], [13.231, 54.4677], [13.2556, 54.4661], [13.2525, 54.464], [13.241, 54.4659], [13.2359, 54.462], [13.2256, 54.4637], [13.2243, 54.4596], [13.208, 54.4607], [13.199, 54.4464], [13.1914, 54.4504], [13.1924, 54.4555], [13.1711, 54.4539], [13.162, 54.4367], [13.1501, 54.429], [13.15078353560462, 54.42353171516304], [13.1574, 54.4206], [13.1554, 54.4221], [13.1716, 54.4253], [13.1959, 54.4249], [13.1983, 54.4284], [13.1897, 54.4307], [13.187, 54.4346], [13.1913, 54.4377], [13.2027, 54.4357], [13.2057, 54.4304], [13.2143, 54.4304], [13.2151, 54.4208], [13.221, 54.4137], [13.2329, 54.4107], [13.2284, 54.4126], [13.2329, 54.4138], [13.2385, 54.4103], [13.2329, 54.4037], [13.2481, 54.4079], [13.2559, 54.4057], [13.2516, 54.4017], [13.2444, 54.4055], [13.2304, 54.4017], [13.2301, 54.3974], [13.24, 54.3857], [13.2495, 54.3836], [13.2561, 54.3868], [13.2631, 54.3836], [13.2603, 54.3801], [13.2359, 54.3769], [13.2372, 54.3722], [13.2473, 54.3735], [13.2459, 54.3709], [13.2498, 54.3708], [13.2456, 54.3701], [13.2433, 54.372], [13.242, 54.3694], [13.2457, 54.3679], [13.2465, 54.3659], [13.2414, 54.3688], [13.2408, 54.3716], [13.2347, 54.3682], [13.2243, 54.3699], [13.2189, 54.3675], [13.2146, 54.3686], [13.2156, 54.3715], [13.2014, 54.371], [13.201, 54.3744], [13.1949, 54.3755], [13.1702, 54.3699], [13.1496, 54.3747], [13.1271, 54.3697], [13.1237, 54.3653], [13.1222, 54.3522], [13.1152, 54.3432], [13.1147, 54.3327], [13.1342, 54.3253], [13.1489, 54.3131], [13.1701, 54.3098], [13.1856, 54.3], [13.1793, 54.2962], [13.1694, 54.3022], [13.1642, 54.301], [13.1651, 54.3041], [13.155, 54.3042], [13.1503, 54.294], [13.1406, 54.2966], [13.1388, 54.284], [13.1436, 54.2811], [13.1657, 54.2897], [13.1805, 54.2875], [13.1878, 54.2914], [13.1909, 54.2971], [13.1954, 54.2967], [13.2003, 54.2953], [13.2038, 54.2897], [13.1965, 54.2844], [13.1997, 54.27], [13.2164, 54.272], [13.215, 54.2795], [13.2186, 54.2793], [13.217, 54.273], [13.2393, 54.2672], [13.2511, 54.2583], [13.2714, 54.2536], [13.2865, 54.2594], [13.3212, 54.2581], [13.3144, 54.2593], [13.3139, 54.264], [13.3084, 54.2662], [13.2962, 54.266], [13.3041, 54.2694], [13.2995, 54.2735], [13.2939, 54.273], [13.2959, 54.2785], [13.3085, 54.2722], [13.305, 54.2706], [13.3105, 54.2662], [13.3371, 54.2791], [13.3354, 54.27], [13.3243, 54.2664], [13.3275, 54.2556], [13.3209, 54.245], [13.2974, 54.252], [13.2953, 54.2557], [13.2909, 54.2514], [13.3094, 54.2483], [13.3232, 54.2376], [13.3291, 54.2393], [13.3882, 54.2267], [13.393351108855923, 54.22085547264424], [13.3936, 54.2215], [13.4036, 54.2289], [13.4204, 54.235], [13.4243, 54.2396], [13.4233, 54.246], [13.4146, 54.2572], [13.3942, 54.2651], [13.3899, 54.2627], [13.3911, 54.2592], [13.3791, 54.2534], [13.3689, 54.264], [13.3608, 54.2627], [13.3618, 54.2582], [13.359, 54.2574], [13.3627, 54.2555], [13.3655, 54.2583], [13.3693, 54.2538], [13.358, 54.2465], [13.3592, 54.2505], [13.3524, 54.2538], [13.3586, 54.2558], [13.3578, 54.2601], [13.3531, 54.2615], [13.3565, 54.2637], [13.3492, 54.2698], [13.3579, 54.2703], [13.3612, 54.2737], [13.3685, 54.2713], [13.3785, 54.2772], [13.371, 54.2765], [13.3753, 54.2793], [13.3838, 54.2773], [13.3905, 54.2795], [13.3845, 54.2664], [13.3869, 54.2669], [13.4088, 54.2857], [13.4123, 54.2903], [13.4115, 54.2958], [13.4194, 54.3029], [13.4446, 54.314], [13.4609, 54.3165], [13.4659, 54.3261], [13.4626, 54.3293], [13.4517, 54.3248], [13.4571, 54.329], [13.4509, 54.3293], [13.4543, 54.3361], [13.4655, 54.329], [13.4793, 54.3308], [13.4834, 54.3351], [13.4954, 54.3373], [13.5061, 54.344], [13.5229, 54.3406], [13.5451, 54.3424], [13.5511, 54.3397], [13.5763, 54.353], [13.6004, 54.3468], [13.6127, 54.3308], [13.6182, 54.3309], [13.6274, 54.3321], [13.623, 54.3349], [13.6301, 54.3393], [13.638, 54.3393], [13.6366, 54.3453], [13.6518, 54.3501], [13.649, 54.3581], [13.6425, 54.358], [13.6475, 54.3635], [13.6586, 54.3637], [13.6522, 54.3596], [13.6518, 54.3479], [13.6549, 54.3472], [13.6858, 54.3517], [13.6857, 54.3551], [13.6874, 54.3564], [13.6829, 54.3589], [13.6842, 54.3618], [13.6767, 54.3681], [13.6815, 54.3732], [13.6888, 54.3724], [13.6932, 54.3692], [13.6919, 54.3664], [13.6978, 54.3655], [13.6959, 54.3641], [13.6993, 54.3629], [13.6962, 54.3581], [13.6867, 54.3549], [13.687, 54.3514], [13.6833, 54.3491], [13.6852, 54.3448], [13.6762, 54.3378], [13.6433, 54.3251], [13.6123, 54.3199], [13.6094, 54.3164], [13.6365, 54.3199], [13.6727, 54.3305], [13.6827, 54.3264], [13.6977, 54.3254], [13.702, 54.3279], [13.7084, 54.3248], [13.7123, 54.3256], [13.715, 54.3307], [13.7138, 54.326], [13.7219, 54.3261], [13.7175, 54.3223], [13.7077, 54.3239], [13.7012, 54.3163], [13.683, 54.3133], [13.6995, 54.3096], [13.7095, 54.3139], [13.7027, 54.3101], [13.7079, 54.3099], [13.7154, 54.3145], [13.7134, 54.3108], [13.7036, 54.3084], [13.6826, 54.3092], [13.6853, 54.3102], [13.6824, 54.3129], [13.678, 54.3083], [13.6575, 54.3037], [13.6461, 54.2965], [13.6571, 54.2883], [13.6705, 54.2933], [13.69, 54.2908], [13.6782, 54.2952], [13.6801, 54.296], [13.7021, 54.2963], [13.7111, 54.2788], [13.6947, 54.281], [13.6959, 54.2838], [13.6892, 54.288], [13.6849, 54.2833], [13.6987, 54.2787], [13.7086, 54.2693], [13.724, 54.2739], [13.7148, 54.2957], [13.7198, 54.3128], [13.7242, 54.3174], [13.7302, 54.3182], [13.733, 54.328], [13.7403, 54.3359], [13.7662, 54.3415], [13.7459, 54.3451], [13.7266, 54.3554], [13.7103, 54.3688], [13.7031, 54.3812], [13.6729, 54.401], [13.6645, 54.4026], [13.656, 54.3991], [13.628, 54.3985], [13.6112, 54.4046], [13.5844, 54.4297], [13.5697, 54.4607], [13.5718, 54.4741], [13.5775, 54.4793], [13.6002, 54.4903], [13.609, 54.499], [13.6252, 54.5039], [13.6378, 54.5119], [13.6687, 54.521], [13.6765, 54.5297], [13.6812, 54.5432], [13.6761, 54.5542], [13.6796, 54.5624], [13.662, 54.5752], [13.6347, 54.5853], [13.5896, 54.5843], [13.4892, 54.5722], [13.4701, 54.5748], [13.462, 54.57], [13.4216, 54.5788], [13.4036, 54.5895], [13.389, 54.6033], [13.3785, 54.6222], [13.3762, 54.6343], [13.3848, 54.648], [13.3905, 54.6514], [13.4209, 54.6567], [13.4309, 54.6628], [13.4337, 54.674], [13.4376, 54.6766], [13.4287, 54.685], [13.4065, 54.682], [13.3785, 54.6834], [13.3366, 54.6753], [13.2881, 54.6732], [13.2489, 54.6592], [13.2192, 54.6384], [13.2269, 54.6136], [13.2212, 54.6018], [13.2, 54.5842], [13.1732, 54.5726], [13.1734, 54.5669], [13.1448, 54.5736], [13.1441, 54.5981], [13.145639823546194, 54.603336143035854], [13.1326, 54.6054], [13.1204, 54.6034], [13.0978, 54.5902], [13.1009, 54.5886], [13.1014, 54.5793], [13.0979, 54.5595], [13.0673, 54.4964], [13.0606, 54.4762], [13.0606, 54.4704], [13.0669, 54.4607], [13.067434158247382, 54.460463317726855]], [[12.6659, 54.4088], [12.6672, 54.4182], [12.6684, 54.4206], [12.6739, 54.4245], [12.6923, 54.4323], [12.7156, 54.429], [12.7188, 54.4341], [12.7098, 54.4402], [12.7174, 54.4364], [12.7229, 54.431], [12.7237, 54.4346], [12.7281, 54.4253], [12.7391, 54.4154], [12.7632, 54.4124], [12.7717, 54.4175], [12.7874, 54.4172], [12.7999, 54.4086], [12.813, 54.4175], [12.8319, 54.4227], [12.8575, 54.4206], [12.875, 54.4133], [12.9004, 54.4207], [12.9108, 54.42], [12.926176006032225, 54.428324589253116], [12.9261, 54.4293], [12.9051, 54.4446], [12.851, 54.441], [12.6588, 54.4439], [12.635622066785682, 54.446235090286514], [12.6361, 54.434], [12.6388, 54.4315], [12.6393, 54.4342], [12.6423, 54.4279], [12.6424, 54.4314], [12.6465, 54.4312], [12.6486, 54.4154], [12.6699, 54.4049], [12.6659, 54.4088]], [[11.1537, 53.174], [11.1441, 53.1752], [11.135, 53.1722], [11.143, 53.1731], [11.1664, 53.1655], [11.1537, 53.174]], [[7.1577, 53.1634], [7.1312, 53.1503], [7.1434, 53.1551], [7.1577, 53.1634]], [[7.043, 53.3089], [7.042253579895684, 53.30906605026079], [7.0448, 53.3027], [7.043, 53.3089]], [[6.0385, 53.4056], [6.0514, 53.4063], [6.0101, 53.4085], [6.0385, 53.4056]], [[5.9987, 53.4147], [6.0172, 53.4099], [6.0514, 53.4063], [5.9987, 53.4147]], [[5.8262, 51.0926], [5.8294, 51.0908], [5.834227325581386, 51.0991953488372], [5.8318, 51.0957], [5.8242, 51.0921], [5.8262, 51.0926]], [[7.1286, 53.1476], [7.129325552608311, 53.14672603890362], [7.1295, 53.151], [7.1286, 53.1476]], [[7.202611321734618, 53.192121267203326], [7.201509560524282, 53.191206245181185], [7.2022, 53.1915], [7.202611321734618, 53.192121267203326]], [[7.2113718790576895, 53.20726295677982], [7.209536792645559, 53.20258161389173], [7.2118, 53.206], [7.2113718790576895, 53.20726295677982]], [[7.208519565217391, 53.212113405797105], [7.210630747531735, 53.209449294781386], [7.2098, 53.2119], [7.208519565217391, 53.212113405797105]], [[7.191, 53.196], [7.19942697201018, 53.21362883799831], [7.199, 53.2137], [7.191, 53.196]], [[7.1077029866117405, 53.2812667353244], [7.107213084769609, 53.25938445304256], [7.1076, 53.26], [7.1077029866117405, 53.2812667353244]], [[7.106230025974028, 53.30283584415584], [7.107791922296674, 53.29963195426323], [7.1078, 53.3013], [7.106230025974028, 53.30283584415584]], [[7.097754385964917, 53.310222807017546], [7.099645454545448, 53.30927727272728], [7.0986, 53.3103], [7.097754385964917, 53.310222807017546]], [[7.073646124251922, 53.3065178184668], [7.091658654817194, 53.30966635023228], [7.0745, 53.3081], [7.073646124251922, 53.3065178184668]], [[6.949838446014132, 53.33682149344097], [6.9967, 53.3192], [6.9539, 53.3371], [6.949838446014132, 53.33682149344097]], [[6.936507373271889, 53.335565591397845], [6.940436496350406, 53.336176788321175], [6.937856820539442, 53.33599989626556], [6.936507373271889, 53.335565591397845]], [[6.794900453001111, 53.41224654586636], [6.789620641899332, 53.41146572873159], [6.7906, 53.4114], [6.794900453001111, 53.41224654586636]], [[6.817658620689639, 53.4170263322884], [6.81107958115185, 53.41543141361257], [6.816, 53.4164], [6.817658620689639, 53.4170263322884]], [[6.86044626804462, 53.43487563976378], [6.8237235822960365, 53.419316597510395], [6.8589, 53.4326], [6.86044626804462, 53.43487563976378]], [[6.863183522623191, 53.44126192526103], [6.863145200858632, 53.438847654093834], [6.8642, 53.4404], [6.863183522623191, 53.44126192526103]], [[6.842587457627089, 53.45635717514125], [6.847896774193557, 53.45422437275985], [6.8471, 53.4549], [6.842587457627089, 53.45635717514125]], [[6.8371, 53.4507], [6.837958243080626, 53.45785202567188], [6.8375, 53.458], [6.8371, 53.4507]], [[6.3025, 53.4476], [6.322465245901642, 53.47138213114754], [6.321, 53.4714], [6.3025, 53.4476]], [[6.1884644808743206, 53.377374772313296], [6.186049624060151, 53.38019210526316], [6.186, 53.3775], [6.1884644808743206, 53.377374772313296]], [[6.296874683544312, 53.325281940928264], [6.2822, 53.338], [6.2961, 53.3255], [6.296874683544312, 53.325281940928264]], [[6.323947557494832, 53.317912319149634], [6.30873951841345, 53.32194220963177], [6.3231, 53.3179], [6.323947557494832, 53.317912319149634]], [[6.345114366197178, 53.315179718309864], [6.351600207382829, 53.31583770219826], [6.3506, 53.316], [6.345114366197178, 53.315179718309864]], [[6.3256, 53.3132], [6.327157015119494, 53.313357958055605], [6.3054, 53.3193], [6.3256, 53.3132]], [[6.2916, 53.3196], [6.292119425434583, 53.31920581152791], [6.3054, 53.3193], [6.2916, 53.3196]], [[6.3268, 53.3016], [6.3169, 53.3004], [6.326382117647061, 53.30133882352941], [6.3268, 53.3016]], [[6.3604, 53.2675], [6.3528, 53.2715], [6.357763949139886, 53.26850703066566], [6.3604, 53.2675]], [[6.3388, 53.2706], [6.3432160939794375, 53.270704317180616], [6.33753029490617, 53.2718510329601], [6.3388, 53.2706]], [[6.2306, 53.3349], [6.2302876011930115, 53.33566898167874], [6.2183, 53.3484], [6.2306, 53.3349]], [[6.192973684210527, 53.353572368421055], [6.1933303030303035, 53.35386212121212], [6.1927, 53.354], [6.192973684210527, 53.353572368421055]], [[6.1838, 53.3101], [6.1864, 53.308], [6.1803, 53.3166], [6.1838, 53.3101]], [[6.1425, 53.3018], [6.147004108779188, 53.30534578776234], [6.136318085315498, 53.30135388244545], [6.1425, 53.3018]], [[6.1328, 53.3011], [6.133602600472818, 53.30115791962175], [6.1308, 53.3034], [6.1328, 53.3011]], [[6.1254, 53.3129], [6.135467723342939, 53.31211037463977], [6.1354, 53.3123], [6.1254, 53.3129]], [[6.1145403141361525, 53.321028795811515], [6.1228, 53.3203], [6.1172, 53.3218], [6.1147, 53.3219], [6.1127, 53.3213], [6.1145403141361525, 53.321028795811515]], [[6.1222, 53.3156], [6.1242, 53.3191], [6.1228, 53.3203], [6.1222, 53.3156]], [[6.1196, 53.4251], [6.122288986662991, 53.4247261652688], [6.0908, 53.436], [6.1196, 53.4251]], [[6.070459381348712, 53.450555672062386], [6.0708, 53.4501], [6.0908, 53.436], [6.070459381348712, 53.450555672062386]], [[5.9626, 53.4899], [6.035505080659051, 53.50028701417992], [6.035, 53.5005], [5.9626, 53.4899]], [[5.951502487562208, 53.45062388059701], [5.950299283629614, 53.45116532236668], [5.95, 53.4509], [5.951502487562208, 53.45062388059701]], [[5.9816, 53.4464], [5.971441604884433, 53.44695957261229], [6.0104, 53.4398], [5.9816, 53.4464]], [[6.0788, 53.4328], [6.077430566715503, 53.43289401143829], [6.0677, 53.4292], [6.0788, 53.4328]], [[6.0147, 53.4227], [6.0302, 53.4289], [6.005551966559002, 53.42171398441953], [6.0147, 53.4227]], [[5.9965285714285725, 53.41795714285714], [5.997187713310581, 53.41927542662116], [5.9959, 53.4189], [5.9965285714285725, 53.41795714285714]], [[5.999163371579862, 53.40834042365402], [6.007066442600568, 53.4081390715261], [6.0068, 53.4093], [5.999163371579862, 53.40834042365402]], [[5.9274849786608765, 53.40429019100259], [5.9524, 53.4041], [5.9288, 53.4048], [5.9274849786608765, 53.40429019100259]], [[5.900849231819732, 53.393589791737796], [5.911602905569068, 53.39813301049236], [5.9012, 53.3941], [5.900849231819732, 53.393589791737796]], [[5.899365650969529, 53.39046934441367], [5.900063736263738, 53.39244725274726], [5.899, 53.3909], [5.899365650969529, 53.39046934441367]], [[5.9036, 53.3851], [5.90339534883721, 53.38532790697674], [5.902, 53.3817], [5.9036, 53.3851]], [[5.8755, 53.3817], [5.8957, 53.3911], [5.87366253342614, 53.381337788930004], [5.8755, 53.3817]], [[5.8268, 53.3721], [5.867474511345701, 53.38011797348909], [5.820847097609797, 53.37253771341104], [5.8268, 53.3721]], [[5.82, 53.3726], [5.820632022577611, 53.37255352775165], [5.8694, 53.3844], [5.82, 53.3726]], [[5.987711159737418, 53.416257986870896], [5.987038403386753, 53.415561203507714], [5.9877, 53.4157], [5.987711159737418, 53.416257986870896]], [[5.9703, 53.4232], [5.971316639741523, 53.42305476575121], [5.981489270386209, 53.426286695278954], [5.9703, 53.4232]], [[5.9906, 53.4324], [5.987916664171287, 53.428328731846086], [5.9894, 53.4288], [5.9906, 53.4324]], [[5.9717, 53.4339], [5.971052017716536, 53.433610113188976], [5.9906, 53.4324], [5.9717, 53.4339]], [[5.968491675734495, 53.431994885745375], [5.968922263450835, 53.4326573283859], [5.9679, 53.4322], [5.968491675734495, 53.431994885745375]], [[5.9762, 53.4307], [5.969941794478535, 53.43149217791411], [5.973437967914438, 53.430280171122995], [5.9762, 53.4307]], [[5.9174, 53.4164], [5.9387, 53.425], [5.908692030955873, 53.41519347416858], [5.9174, 53.4164]], [[5.9008, 53.4141], [5.907084160506859, 53.414970696937694], [5.871048087110048, 53.41393119482048], [5.9008, 53.4141]], [[5.822342660989895, 53.41048195848856], [5.827785843373491, 53.41268324548192], [5.8249, 53.4126], [5.822342660989895, 53.41048195848856]], [[5.669465012758723, 53.39532021548058], [5.671695370696738, 53.39579475972271], [5.6705, 53.3959], [5.669465012758723, 53.39532021548058]], [[5.649115873015873, 53.38355238095238], [5.651645420560744, 53.38533794392523], [5.6489, 53.3838], [5.649115873015873, 53.38355238095238]], [[5.6678, 53.3748], [5.649478007645603, 53.383136991230046], [5.6523, 53.3799], [5.6678, 53.3748]], [[5.6411, 53.3811], [5.639349102040803, 53.3807232244898], [5.6678, 53.3748], [5.6411, 53.3811]], [[5.6228901773533595, 53.37531637107778], [5.625940946545523, 53.377837925205995], [5.6253, 53.3777], [5.6228901773533595, 53.37531637107778]], [[5.616478405188859, 53.36750392979779], [5.616609951377634, 53.36910440842788], [5.6161, 53.3686], [5.616478405188859, 53.36750392979779]], [[5.6309056114174485, 53.32620690885501], [5.6187, 53.3388], [5.6305, 53.3263], [5.6309056114174485, 53.32620690885501]], [[5.6527, 53.3242], [5.633344653465363, 53.32564712871287], [5.6427, 53.3235], [5.6527, 53.3242]], [[5.663326553672318, 53.330082556497175], [5.6621, 53.33], [5.6527, 53.3242], [5.663326553672318, 53.330082556497175]], [[5.708824250681409, 53.340151498637674], [5.6845277771448055, 53.331949504386465], [5.6852, 53.332], [5.708824250681409, 53.340151498637674]], [[5.718647641163535, 53.34438543143486], [5.714500833101908, 53.342110191613436], [5.7165, 53.3428], [5.718647641163535, 53.34438543143486]], [[5.7396, 53.3634], [5.729392294446844, 53.35231734825657], [5.7356, 53.3569], [5.7396, 53.3634]], [[5.832, 53.371], [5.8304858692644075, 53.370953606022034], [5.7939, 53.365], [5.832, 53.371]], [[5.7215, 53.3226], [5.717, 53.3081], [5.717, 53.3069], [5.7175, 53.3054], [5.7215, 53.3226]], [[5.7172, 53.3278], [5.71414156067377, 53.32853994499828], [5.7215, 53.3226], [5.7172, 53.3278]], [[5.705702153229848, 53.327402954431655], [5.712124617196702, 53.32902791519435], [5.711, 53.3293], [5.705702153229848, 53.327402954431655]], [[5.648587315634276, 53.3129522123894], [5.677323673469371, 53.32022285714285], [5.6709, 53.3197], [5.648587315634276, 53.3129522123894]], [[5.6441, 53.3078], [5.64673860450628, 53.312393126362785], [5.6461, 53.3122], [5.6441, 53.3078]], [[5.6393, 53.3112], [5.63820847457627, 53.31130915254237], [5.6449, 53.305], [5.65, 53.3026], [5.6393, 53.3112]], [[5.584295510204082, 53.296986530612244], [5.6049, 53.3114], [5.585, 53.2991], [5.584295510204082, 53.296986530612244]], [[5.5876, 53.2806], [5.583829390681004, 53.29558817204301], [5.5829, 53.2928], [5.5876, 53.2806]], [[5.5855, 53.2745], [5.586508451882846, 53.2734139748954], [5.5876, 53.2806], [5.5855, 53.2745]], [[5.6277, 53.2592], [5.628556163553761, 53.259293740535085], [5.6136, 53.2645], [5.608987859424917, 53.26355044164631], [5.6277, 53.2592]], [[5.629461333333344, 53.258332], [5.6304, 53.2582], [5.6354, 53.2588], [5.6414, 53.2607], [5.629461333333344, 53.258332]], [[5.6112, 53.2609], [5.628645559845518, 53.25844671814673], [5.607367924147669, 53.26321692555982], [5.6068, 53.2631], [5.60345910577971, 53.26409323882225], [5.5954, 53.2659], [5.6112, 53.2609]], [[5.554216068642953, 53.296202496099966], [5.543267870036085, 53.28975830324909], [5.5439, 53.29], [5.554216068642953, 53.296202496099966]], [[5.576, 53.3093], [5.593, 53.3238], [5.59333088284911, 53.32562598313027], [5.573685492227974, 53.30790841121495], [5.576, 53.3093]], [[5.594916551286122, 53.34059260082566], [5.594558040891059, 53.332398077509914], [5.5957, 53.3387], [5.594916551286122, 53.34059260082566]], [[5.586446555819481, 53.36046223277909], [5.588320284697499, 53.35652740213526], [5.5868, 53.3602], [5.586446555819481, 53.36046223277909]], [[5.583190602836881, 53.362055526004724], [5.584807610993651, 53.36167822410148], [5.5837, 53.3625], [5.583190602836881, 53.362055526004724]], [[5.5712, 53.4228], [5.582675472732255, 53.39363317347218], [5.5827, 53.3973], [5.5712, 53.4228]], [[5.460348811308657, 53.26873722424503], [5.5215, 53.286], [5.4746, 53.2745], [5.460348811308657, 53.26873722424503]], [[5.4563, 53.2671], [5.4234, 53.2414], [5.421729748435018, 53.23935598584705], [5.4582977080130055, 53.267907816354985], [5.4563, 53.2671]], [[5.4091, 53.22074], [5.415187682832944, 53.23134996150885], [5.4091, 53.2239], [5.4091, 53.22074]], [[5.4134388742593815, 53.19074203423305], [5.4147, 53.2034], [5.4126, 53.2012], [5.4134388742593815, 53.19074203423305]], [[5.403682978723405, 52.964013069908816], [5.4156, 52.9782], [5.4045, 52.9659], [5.403682978723405, 52.964013069908816]], [[5.397, 52.9162], [5.395417919075144, 52.92734335260116], [5.396452656621728, 52.91573129791171], [5.397, 52.9162]], [[5.454901115760106, 52.844249860529985], [5.4546, 52.8445], [5.4446, 52.847], [5.429272093023304, 52.84745348837209], [5.454901115760106, 52.844249860529985]], [[6.053220347826085, 52.63097750724638], [6.0399, 52.6307], [6.0527, 52.6306], [6.053220347826085, 52.63097750724638]], [[3.8455, 51.3428], [3.8348, 51.341], [3.8346473150582057, 51.34080713481037], [3.8464741809503042, 51.34259055109568], [3.8455, 51.3428]], [[3.8855, 51.3342], [3.9033, 51.3344], [3.906469118658041, 51.33558638801045], [3.8855, 51.3342]], [[3.9137290456431666, 51.33830420683052], [3.9228, 51.3417], [3.9422, 51.356], [3.9137290456431666, 51.33830420683052]], [[3.6927, 51.4598], [3.7158557154953473, 51.47605625740898], [3.7156, 51.476], [3.6927, 51.4598]], [[3.738071910112339, 51.48094382022472], [3.751053393167872, 51.4833967167323], [3.7506, 51.4837], [3.738071910112339, 51.48094382022472]], [[3.937294639698874, 51.53815197043218], [3.9924, 51.5307], [3.9379, 51.5384], [3.937294639698874, 51.53815197043218]], [[4.0526, 51.5094], [4.053776524061985, 51.50942017785331], [3.9924, 51.5307], [4.0526, 51.5094]], [[4.0181, 51.5121], [4.0047, 51.5217], [3.9574, 51.5293], [3.924, 51.5178], [3.8937, 51.5167], [3.8915, 51.507], [3.8898, 51.5056], [3.8917, 51.519], [3.8852, 51.5206], [3.8669, 51.517], [3.8378, 51.504], [3.8011, 51.5033], [3.7885, 51.4998], [3.7649, 51.503], [3.7627, 51.4995], [3.7735, 51.4735], [3.7859, 51.457], [3.8007, 51.4453], [3.799, 51.4434], [3.7842, 51.4495], [3.7529, 51.4771], [3.7368, 51.4781], [3.7288, 51.4731], [3.7196, 51.4564], [3.7216, 51.4499], [3.7344, 51.4399], [3.7295, 51.4273], [3.7311, 51.419], [3.7386, 51.416], [3.768, 51.4142], [3.7763, 51.4102], [3.7766, 51.4046], [3.812, 51.3858], [3.8391, 51.3946], [3.8748, 51.3873], [3.8751, 51.3751], [3.8562, 51.3761], [3.8468, 51.3702], [3.866, 51.3592], [3.8831, 51.3644], [3.8932, 51.3773], [3.9008, 51.3961], [3.9169, 51.4204], [3.9168, 51.4271], [3.9254, 51.4361], [3.9219, 51.4451], [3.9249, 51.456], [3.9594, 51.4664], [3.9614, 51.474], [3.9868, 51.4538], [4.0579, 51.418], [4.0642, 51.4076], [4.0884, 51.3934], [4.1504, 51.3917], [4.2433, 51.3957], [4.2589, 51.3879], [4.2689, 51.3915], [4.2752, 51.3971], [4.278, 51.4065], [4.2874, 51.4109], [4.2867, 51.4148], [4.2799, 51.4225], [4.2253, 51.4563], [4.2249, 51.4627], [4.2359, 51.4813], [4.2327, 51.49], [4.1923, 51.5034], [4.232156097560968, 51.49652505543238], [4.2314, 51.4968], [4.1501, 51.5125], [4.1243476443407925, 51.51063050049661], [4.1284, 51.5107], [4.1213, 51.5017], [4.1188, 51.5058], [4.1011, 51.507], [4.0429, 51.502], [4.0181, 51.5121]], [[4.240396039603953, 51.49352871287129], [4.24255443645084, 51.49250215827338], [4.2424, 51.4928], [4.240396039603953, 51.49352871287129]], [[4.243696158940398, 51.49030026490066], [4.244434271989399, 51.48581480867981], [4.2452, 51.4874], [4.243696158940398, 51.49030026490066]], [[4.234972522522505, 51.466227327327296], [4.2342, 51.4648], [4.2341939524838015, 51.464615550755944], [4.234972522522505, 51.466227327327296]], [[4.291126295399516, 51.412381888619855], [4.291515926574759, 51.411035890014475], [4.2918, 51.4114], [4.291126295399516, 51.412381888619855]], [[4.267883285420948, 51.3807448459959], [4.263935702746362, 51.378619224555734], [4.2666, 51.3791], [4.267883285420948, 51.3807448459959]], [[4.258657709312939, 51.37766680468805], [4.2313, 51.3825], [4.2533, 51.3767], [4.258657709312939, 51.37766680468805]], [[4.295520189940206, 51.404787900105525], [4.2973, 51.4076], [4.297333082706767, 51.41077593984962], [4.295520189940206, 51.404787900105525]], [[4.2973819504836275, 51.41546724642825], [4.2974, 51.4172], [4.292895956354292, 51.42061067073171], [4.2973819504836275, 51.41546724642825]], [[4.251485289094927, 51.451968748475224], [4.242631277282217, 51.45867341684065], [4.2426, 51.4581], [4.251485289094927, 51.451968748475224]], [[4.242697723977965, 51.45989160626269], [4.2561, 51.4839], [4.2429, 51.4636], [4.242697723977965, 51.45989160626269]], [[4.252553358472781, 51.497504878623616], [4.252, 51.4981], [4.2503408728988425, 51.498408310232975], [4.252553358472781, 51.497504878623616]], [[4.195746359584058, 51.508553432392254], [4.191931853932526, 51.50926226966293], [4.1933, 51.5089], [4.195746359584058, 51.508553432392254]], [[4.1083, 51.5176], [4.083212994772208, 51.52145194174758], [4.0834, 51.5213], [4.1083, 51.5176]], [[4.2231, 51.5302], [4.2248, 51.5323], [4.2248, 51.5333], [4.2227, 51.5348], [4.2305, 51.5416], [4.2267, 51.5518], [4.2335, 51.5531], [4.227, 51.5628], [4.2097, 51.5759], [4.1985, 51.5797], [4.1945, 51.5865], [4.1847, 51.5896], [4.1719, 51.5842], [4.1333, 51.5894], [4.122, 51.5804], [4.1028, 51.5774], [4.0969, 51.5739], [4.0958, 51.5641], [4.1061, 51.5558], [4.1045, 51.5495], [4.0857, 51.5448], [4.0801, 51.5399], [4.0799, 51.5353], [4.072439755351683, 51.530205198776756], [4.083151171323729, 51.52150217329947], [4.1638, 51.5222], [4.1982, 51.5088], [4.222, 51.5065], [4.2156, 51.5148], [4.2149, 51.5235], [4.2231, 51.5302]], [[3.9728, 51.5817], [3.9769, 51.5767], [3.9780227058308597, 51.576408165151], [3.9728788982259573, 51.58296237161532], [3.9728, 51.5817]], [[3.973031070496084, 51.58539712793734], [3.9746084761463605, 51.589058962482625], [3.9732, 51.5881], [3.973031070496084, 51.58539712793734]], [[3.980539625585063, 51.5930971918877], [3.983487795630964, 51.59466741289041], [3.9826, 51.5945], [3.980539625585063, 51.5930971918877]], [[3.9877613462873494, 51.595473282442754], [4.003694991834518, 51.597191616766466], [4.0001, 51.5978], [3.9877613462873494, 51.595473282442754]], [[4.005154299204769, 51.596944657057655], [4.0148, 51.5894], [4.0066, 51.5967], [4.005154299204769, 51.596944657057655]], [[4.43, 51.6336], [4.411075728155338, 51.63796713965646], [4.4106, 51.6377], [4.43, 51.6336]], [[4.5244, 51.6545], [4.5478, 51.6585], [4.5564, 51.6676], [4.5824, 51.6761], [4.5931, 51.6891], [4.5865, 51.6909], [4.501, 51.6817], [4.4814, 51.683], [4.4311, 51.6945], [4.4176, 51.6863], [4.4153, 51.6777], [4.4053, 51.6663], [4.4137, 51.6513], [4.4214, 51.6446], [4.4037, 51.6386], [4.4236, 51.645], [4.4166523103748805, 51.64109860505667], [4.4224, 51.6439], [4.4414, 51.632], [4.466, 51.6225], [4.4819, 51.6231], [4.4936, 51.6287], [4.5244, 51.6545]], [[4.391130742954731, 51.638877263023055], [4.388524630194895, 51.63970852312749], [4.3901, 51.6389], [4.391130742954731, 51.638877263023055]], [[4.3741238861386105, 51.64709938118812], [4.370918309859155, 51.649550704225355], [4.3712, 51.6486], [4.3741238861386105, 51.64709938118812]], [[4.512, 51.6841], [4.5745, 51.6906], [4.580253016362714, 51.69250182359098], [4.512, 51.6841]], [[4.598782650196518, 51.698172375070186], [4.601, 51.6867], [4.5997, 51.6985], [4.598782650196518, 51.698172375070186]], [[4.665768540387341, 51.68444402456306], [4.6654, 51.684], [4.666051633466137, 51.684456892430276], [4.665768540387341, 51.68444402456306]], [[4.669990452261299, 51.68721859296482], [4.6741, 51.6901], [4.674541703377387, 51.691356093979444], [4.669990452261299, 51.68721859296482]], [[4.693797165200386, 51.72707829912024], [4.7588, 51.7259], [4.694, 51.7272], [4.693797165200386, 51.72707829912024]], [[4.843534640522876, 51.727876470588235], [4.843710875331563, 51.72855623342175], [4.8435, 51.7285], [4.843534640522876, 51.727876470588235]], [[4.84939172932331, 51.73007112781955], [4.85425388310648, 51.72867325860689], [4.851, 51.7305], [4.84939172932331, 51.73007112781955]], [[4.856141476510068, 51.72761355704698], [4.8601, 51.718], [4.8567, 51.7273], [4.856141476510068, 51.72761355704698]], [[5.013791351864533, 51.71320372463736], [5.0179, 51.7131], [4.9564, 51.7206], [5.013791351864533, 51.71320372463736]], [[4.8836, 51.7452], [4.882856624685139, 51.75123992443325], [4.8823, 51.751], [4.8836, 51.7452]], [[4.8881, 51.7535], [4.891621907459864, 51.75891831916903], [4.8908, 51.7587], [4.8881, 51.7535]], [[4.89558307873094, 51.7599705052879], [4.91329986143188, 51.762296951501156], [4.9036, 51.7621], [4.89558307873094, 51.7599705052879]], [[4.922417129918797, 51.762482073703936], [4.923269747013352, 51.761390723822906], [4.9233, 51.7625], [4.922417129918797, 51.762482073703936]], [[4.923, 51.7515], [4.9155, 51.7466], [4.918699173553716, 51.747557575757575], [4.923, 51.7515]], [[5.0087, 51.7151], [5.0308, 51.7203], [5.0531, 51.7148], [5.0629, 51.7217], [5.1088, 51.7243], [5.1109, 51.7292], [5.1281, 51.7333], [5.1296, 51.7358], [5.1224, 51.7432], [5.1361, 51.752], [5.1312, 51.7654], [5.121, 51.7704], [5.1124, 51.7796], [5.113966478844363, 51.779102346071106], [5.0986, 51.7866], [5.0788, 51.778], [5.0718, 51.7784], [5.0548, 51.7873], [5.0478, 51.7966], [5.0187, 51.804], [5.010695148574893, 51.81082231655549], [5.0107, 51.8108], [5.0061, 51.814], [5.0078, 51.818], [4.97, 51.8149], [4.963, 51.8157], [4.959, 51.8201], [4.922, 51.8243], [4.9099, 51.8218], [4.8997, 51.8135], [4.91, 51.8061], [4.9304, 51.8014], [4.929808009337517, 51.80121411897287], [4.9363, 51.8005], [4.9404, 51.7951], [4.9412, 51.7848], [4.9577, 51.7653], [4.9599, 51.7528], [4.9587, 51.7503], [4.9494, 51.7355], [4.9726, 51.7235], [4.9836, 51.7229], [4.9934, 51.7183], [5.0039, 51.7199], [5.0087, 51.7151]], [[5.133479730473115, 51.77290319031901], [5.139611356119076, 51.77095523704521], [5.1398, 51.7713], [5.133479730473115, 51.77290319031901]], [[4.662, 51.6882], [4.6582, 51.6984], [4.6415, 51.7097], [4.6162, 51.7003], [4.6208, 51.6896], [4.6207, 51.6811], [4.64, 51.6802], [4.662, 51.6882]], [[4.3393, 51.6313], [4.3431, 51.624], [4.3599, 51.6193], [4.3694, 51.6081], [4.4207, 51.6032], [4.4268, 51.6211], [4.4013, 51.6331], [4.3673, 51.6396], [4.3503, 51.6382], [4.3393, 51.6313]], [[4.3461, 51.6136], [4.3379, 51.6118], [4.3352, 51.6092], [4.3514, 51.6084], [4.3461, 51.6136]], [[4.3279, 51.6152], [4.3278, 51.6226], [4.3135, 51.6282], [4.3028, 51.6254], [4.2865, 51.6278], [4.2782, 51.6246], [4.3077, 51.6149], [4.3279, 51.6152]], [[4.0615, 51.5437], [4.0601, 51.5414], [4.0672, 51.5335], [4.0755, 51.5405], [4.0775, 51.5471], [4.1, 51.5516], [4.1017, 51.5548], [4.0927, 51.5608], [4.0906, 51.567], [4.0942, 51.5773], [4.0981, 51.58], [4.112, 51.5796], [4.1278, 51.5906], [4.0836, 51.6115], [4.0749, 51.613], [4.0385, 51.6039], [4.0194, 51.5953], [4.0182, 51.5896], [4.0448, 51.5763], [4.0392, 51.5697], [4.0285, 51.5648], [4.0289, 51.5571], [4.0499, 51.5527], [4.0528, 51.5472], [4.0615, 51.5437]], [[3.9847, 51.5796], [4.0003, 51.5744], [4.0177, 51.5744], [4.0259, 51.5774], [4.0254, 51.5813], [4.0007, 51.5955], [3.9847, 51.5919], [3.9804, 51.5864], [3.9847, 51.5796]], [[3.4502, 51.3375], [3.4515, 51.3418], [3.4583, 51.343], [3.4718, 51.3585], [3.4724, 51.3655], [3.4348, 51.3814], [3.4278, 51.3941], [3.4179, 51.3963], [3.3968, 51.3931], [3.3672, 51.3762], [3.3637, 51.3723], [3.3643, 51.3647], [3.3783, 51.3496], [3.3864, 51.3412], [3.4078, 51.3295], [3.4074, 51.3263], [3.4161, 51.3246], [3.4249, 51.3246], [3.4502, 51.3375]], [[3.4635, 51.3724], [3.4533377038695243, 51.3834537256156], [3.4538, 51.381], [3.4635, 51.3724]], [[3.452812824207493, 51.38623962536023], [3.4569113207547217, 51.394516981132085], [3.4525, 51.3879], [3.452812824207493, 51.38623962536023]], [[3.4573719665271936, 51.395207949790795], [3.4709, 51.4037], [3.4575, 51.3954], [3.4573719665271936, 51.395207949790795]], [[3.4611, 51.4174], [3.482744388288582, 51.421183983966536], [3.477, 51.421], [3.4611, 51.4174]], [[3.4980740875438525, 51.42167497077543], [3.5100241522902955, 51.42064033313504], [3.5051, 51.4219], [3.4980740875438525, 51.42167497077543]], [[3.5129869039145913, 51.419882419928825], [3.513349624060151, 51.418877964141124], [3.5137, 51.4197], [3.5129869039145913, 51.419882419928825]], [[3.5111, 51.4136], [3.5310473309608645, 51.414338790035586], [3.5292, 51.4147], [3.5111, 51.4136]], [[3.537764143007348, 51.413025446898004], [3.551060655737694, 51.409416393442626], [3.5471, 51.4112], [3.537764143007348, 51.413025446898004]], [[3.6467224198765114, 51.303884622169946], [3.6171, 51.3312], [3.6162371136559504, 51.33097910109593], [3.6422, 51.3058], [3.6467224198765114, 51.303884622169946]], [[3.7183, 51.2862], [3.7200433668801476, 51.28633540713632], [3.65513720712277, 51.30032071227741], [3.6592, 51.2986], [3.7183, 51.2862]], [[3.713918484534557, 51.3135856889152], [3.7137257882509127, 51.31520660471291], [3.7137, 51.3139], [3.713918484534557, 51.3135856889152]], [[3.7139727835051546, 51.32772103092783], [3.7184, 51.3291], [3.714, 51.3291], [3.7139727835051546, 51.32772103092783]], [[3.731, 51.3177], [3.7376943565999814, 51.33420017471826], [3.7366, 51.3334], [3.731, 51.3177]], [[3.7414664918032807, 51.33695829508197], [3.7501541785774366, 51.341495813014966], [3.7459, 51.3402], [3.7414664918032807, 51.33695829508197]], [[3.7589048638132345, 51.34416125162127], [3.779261810755601, 51.347196936691624], [3.7633, 51.3455], [3.7589048638132345, 51.34416125162127]], [[3.7901328680914728, 51.348352663717364], [3.8034975815738865, 51.34742944337812], [3.7934, 51.3487], [3.7901328680914728, 51.348352663717364]], [[3.8199129942047647, 51.34536392788152], [3.825145575811472, 51.341780746998666], [3.8236, 51.3449], [3.8199129942047647, 51.34536392788152]], [[3.4925, 51.409], [3.5074, 51.4179], [3.4911, 51.4194], [3.4691, 51.4152], [3.4644, 51.4134], [3.4661, 51.4071], [3.4925, 51.409]], [[3.647171638141814, 51.32550154849225], [3.642596738359725, 51.33112814937367], [3.643, 51.3296], [3.647171638141814, 51.32550154849225]], [[3.6414, 51.335663157894736], [3.6414, 51.3371], [3.6411, 51.3368], [3.6414, 51.335663157894736]], [[3.6439200000000094, 51.339620000000004], [3.646407885304655, 51.34121935483871], [3.6454, 51.3411], [3.6439200000000094, 51.339620000000004]], [[3.6532920736589385, 51.342034587670135], [3.6788738302224604, 51.34380149578113], [3.6758, 51.3447], [3.6532920736589385, 51.342034587670135]], [[3.683807338551846, 51.342359393346385], [3.6893262569832403, 51.33993519553072], [3.6888, 51.3409], [3.683807338551846, 51.342359393346385]], [[3.6941460674157245, 51.3310988764045], [3.694731192831808, 51.32959217845809], [3.6948, 51.3299], [3.6941460674157245, 51.3310988764045]], [[3.6929, 51.3214], [3.6855624655758925, 51.315849813704844], [3.6869, 51.3161], [3.6929, 51.3214]], [[3.6835191184280496, 51.31546760488582], [3.666829349681822, 51.3151256014279], [3.673, 51.3135], [3.6835191184280496, 51.31546760488582]], [[3.6562088743455536, 51.317923468586386], [3.6522856215676427, 51.320477284073895], [3.6544, 51.3184], [3.6562088743455536, 51.317923468586386]], [[3.6716, 51.3323], [3.6642, 51.3255], [3.6662, 51.3201], [3.6878, 51.3211], [3.6911, 51.3308], [3.6845, 51.3368], [3.6694, 51.3375], [3.6716, 51.3323]], [[3.6885992154298823, 51.35287159202354], [3.6763, 51.357], [3.6875, 51.3523], [3.6885992154298823, 51.35287159202354]], [[3.6921663239074545, 51.35550668380463], [3.69167597765363, 51.35447150837989], [3.6925, 51.3549], [3.6921663239074545, 51.35550668380463]], [[3.6374378890392407, 51.377201488497974], [3.6354817148270966, 51.37769829464709], [3.6366, 51.3768], [3.6374378890392407, 51.377201488497974]], [[3.632027873070332, 51.390370754716976], [3.6369883040935655, 51.38480292397661], [3.6332, 51.3897], [3.632027873070332, 51.390370754716976]], [[3.6408869828456107, 51.379763168516654], [3.640674146341464, 51.378752195121955], [3.6414, 51.3791], [3.6408869828456107, 51.379763168516654]], [[4.0658, 51.3921], [4.063986531690142, 51.38778221830986], [4.0661, 51.3885], [4.0658, 51.3921]], [[4.062923264277713, 51.38742110862262], [4.04879421573735, 51.39326216779573], [4.0608, 51.3867], [4.062923264277713, 51.38742110862262]], [[4.045436260623231, 51.39509757183326], [4.0374, 51.4083], [4.0447, 51.3955], [4.045436260623231, 51.39509757183326]], [[3.94, 51.4014], [3.977752114807316, 51.42107628926367], [3.9733, 51.4202], [3.939654390054389, 51.40152960372961], [3.94, 51.4014]], [[3.932857761732852, 51.404078339350185], [3.932797070689353, 51.40620252587266], [3.932, 51.4044], [3.932857761732852, 51.404078339350185]], [[3.954941754385963, 51.444621520467834], [3.9697800000000196, 51.443385], [3.956, 51.4454], [3.954941754385963, 51.444621520467834]], [[3.976473927800059, 51.4424061709349], [4.0048, 51.4264], [3.9772, 51.4423], [3.976473927800059, 51.4424061709349]], [[3.7180312499999997, 51.4135375], [3.717579645883317, 51.412513864002186], [3.7186, 51.4124], [3.7180312499999997, 51.4135375]], [[3.6565334116594013, 51.43235518630413], [3.6573, 51.4326], [3.6584664521112162, 51.43349333161688], [3.6565334116594013, 51.43235518630413]], [[3.6705202152190686, 51.44272475019217], [3.676886807538544, 51.44760062821245], [3.6748, 51.4477], [3.6705202152190686, 51.44272475019217]], [[3.7146, 51.4204], [3.6811, 51.4474], [3.6787519040479797, 51.447511814092955], [3.716793501048217, 51.416012997903564], [3.7146, 51.4204]], [[3.6524491264131558, 51.447423535457354], [3.6492290929619835, 51.445202822732405], [3.6519, 51.4461], [3.6524491264131558, 51.447423535457354]], [[3.629787976671196, 51.4386724091521], [3.62516361791563, 51.43749450645021], [3.626, 51.4374], [3.629787976671196, 51.4386724091521]], [[3.6480000745156484, 51.47574031296572], [3.6508, 51.4875], [3.6576, 51.4964], [3.6508, 51.4991], [3.676, 51.4997], [3.690351162790707, 51.512268992248075], [3.6841, 51.5083], [3.6872, 51.5135], [3.6838, 51.5245], [3.6703, 51.5496], [3.6374, 51.5596], [3.6255, 51.5743], [3.6232, 51.5849], [3.5848, 51.5888], [3.5448211867865074, 51.58830151105718], [3.4959, 51.5722], [3.4459, 51.5511], [3.4308, 51.5403], [3.4274, 51.5332], [3.4285, 51.5262], [3.4341, 51.52], [3.4897, 51.4912], [3.5294, 51.4572], [3.5675, 51.444], [3.5755, 51.4383], [3.5731, 51.4422], [3.5772, 51.4418], [3.5759, 51.4402], [3.5767, 51.4397], [3.5906, 51.4414], [3.6037542327177543, 51.43991364602059], [3.6329, 51.4431], [3.6541978099672345, 51.45163831120308], [3.6547095427690723, 51.45287171846905], [3.6465, 51.4712], [3.6479, 51.476], [3.6480000745156484, 51.47574031296572]], [[3.4966, 51.4621], [3.4804, 51.4827], [3.4817, 51.4797], [3.4966, 51.4621]], [[3.4959009508716297, 51.47294659270999], [3.4998, 51.4693], [3.516, 51.4603], [3.4959009508716297, 51.47294659270999]], [[3.6952, 51.4789], [3.6714641494308258, 51.46833371813372], [3.6777, 51.4697], [3.6952, 51.4789]], [[3.6576285714285715, 51.472614285714286], [3.659610478359907, 51.482276082004546], [3.6573, 51.4736], [3.6576285714285715, 51.472614285714286]], [[3.6620013257632062, 51.491253957967956], [3.682, 51.4997], [3.6622, 51.492], [3.6620013257632062, 51.491253957967956]], [[3.6996672333848526, 51.50862472952087], [3.6999292682926828, 51.50807154471545], [3.7001, 51.5086], [3.6996672333848526, 51.50862472952087]], [[3.715982606251405, 51.50596313244884], [3.7185178885630394, 51.50634516129032], [3.7159, 51.5066], [3.715982606251405, 51.50596313244884]], [[3.7251733894464323, 51.50569728067335], [3.7354154146341334, 51.501554439024396], [3.7272, 51.5055], [3.7251733894464323, 51.50569728067335]], [[3.7409395017793603, 51.49890142348754], [3.752, 51.4895], [3.7424, 51.4982], [3.7409395017793603, 51.49890142348754]], [[3.7287, 51.4866], [3.7386, 51.4857], [3.7455, 51.4887], [3.7342, 51.4984], [3.7306, 51.4972], [3.7287, 51.4866]], [[3.7358082409349698, 51.51618459694336], [3.734722788844617, 51.51523920318725], [3.7369, 51.5158], [3.7358082409349698, 51.51618459694336]], [[3.7188, 51.5171], [3.7303, 51.5141], [3.7315146454862522, 51.51441286323131], [3.7184580217129084, 51.51743220747889], [3.7188, 51.5171]], [[3.7165479108635107, 51.51928774373259], [3.7158720670391077, 51.52071452513967], [3.7153, 51.5205], [3.7165479108635107, 51.51928774373259]], [[3.7170297725024803, 51.521148664688425], [3.730496097560956, 51.51805592017739], [3.7193, 51.522], [3.7170297725024803, 51.521148664688425]], [[4.0683707736389705, 51.517724355300864], [4.0642, 51.5212], [4.0674, 51.5178], [4.0683707736389705, 51.517724355300864]], [[4.031406734891444, 51.53847094454432], [4.026852945590994, 51.54292240150094], [4.0287, 51.5398], [4.031406734891444, 51.53847094454432]], [[4.025020252365931, 51.54602052576235], [4.0379, 51.5445], [4.0245, 51.5469], [4.025020252365931, 51.54602052576235]], [[4.05130745216516, 51.53331289023161], [4.05246761904762, 51.53142761904762], [4.0536, 51.5314], [4.05130745216516, 51.53331289023161]], [[4.049923039940837, 51.53148968195266], [4.035664588626131, 51.536380261872196], [4.0454, 51.5316], [4.049923039940837, 51.53148968195266]], [[3.5452390163933787, 51.58843903200623], [3.583437138621193, 51.598291722263404], [3.5673, 51.5957], [3.5452390163933787, 51.58843903200623]], [[3.5981904456837417, 51.600661192791634], [3.6048881503338976, 51.5992767510483], [3.6003, 51.601], [3.5981904456837417, 51.600661192791634]], [[3.6196628805620494, 51.59372755659641], [3.6223247278382624, 51.59218050005981], [3.6216, 51.593], [3.6196628805620494, 51.59372755659641]], [[3.6948251484351418, 51.53698039649794], [3.6971, 51.5239], [3.6955, 51.5366], [3.6948251484351418, 51.53698039649794]], [[3.690413751425311, 51.512323808437856], [3.6913, 51.5131], [3.6971, 51.5239], [3.690413751425311, 51.512323808437856]], [[3.9986, 51.5603], [4.002440000000001, 51.55262], [4.0031, 51.5529], [3.9986, 51.5603]], [[4.000742857142869, 51.5519], [3.9986912280701583, 51.5519], [3.9998, 51.5515], [4.000742857142869, 51.5519]], [[3.8774, 51.5438], [3.914516148445337, 51.55394894684052], [3.9122, 51.5541], [3.8774, 51.5438]], [[3.920372425828979, 51.553567015706804], [3.926880771819608, 51.55252369306709], [3.926, 51.5532], [3.920372425828979, 51.553567015706804]], [[3.9294375586854455, 51.55056044600939], [3.9304302013422814, 51.547532885906044], [3.9316, 51.5489], [3.9294375586854455, 51.55056044600939]], [[3.925258037578292, 51.541488308977044], [3.921304881415478, 51.53825703350483], [3.9233, 51.5392], [3.925258037578292, 51.541488308977044]], [[3.9065956403270587, 51.531304904632194], [3.9025659667302803, 51.52960700845377], [3.9032, 51.5297], [3.9065956403270587, 51.531304904632194]], [[3.8657, 51.5242], [3.8300005679966516, 51.51082378602356], [3.8367, 51.5119], [3.8657, 51.5242]], [[3.818536520903398, 51.508982172032674], [3.807006823905341, 51.50878423732026], [3.8118, 51.5079], [3.818536520903398, 51.508982172032674]], [[3.732905887560869, 51.522640637450195], [3.7332, 51.5224], [3.7882847053726, 51.51223806325823], [3.7611, 51.5192], [3.732905887560869, 51.522640637450195]], [[3.729244230769231, 51.525636538461534], [3.726999860917942, 51.528338942976355], [3.7266, 51.5278], [3.729244230769231, 51.525636538461534]], [[3.728810758377431, 51.53077971781306], [3.7327532269257397, 51.53466420888272], [3.7312, 51.534], [3.728810758377431, 51.53077971781306]], [[3.741540664961614, 51.5384219948849], [3.7472912119064645, 51.540583274273565], [3.7464, 51.5405], [3.741540664961614, 51.5384219948849]], [[3.723821779617175, 51.54117842731505], [3.7183697641172215, 51.54128327376698], [3.7215, 51.5407], [3.723821779617175, 51.54117842731505]], [[3.709248102357681, 51.5429829622936], [3.6668, 51.565], [3.7054, 51.5437], [3.709248102357681, 51.5429829622936]], [[3.655020966865835, 51.57799158066268], [3.6557, 51.5752], [3.6668, 51.565], [3.655020966865835, 51.57799158066268]], [[3.6538431308601718, 51.58283379535263], [3.655631621721464, 51.5907143332102], [3.653, 51.5863], [3.6538431308601718, 51.58283379535263]], [[3.658105571647639, 51.59486418469926], [3.665608247422681, 51.59822577319588], [3.6592, 51.5967], [3.658105571647639, 51.59486418469926]], [[3.7402211784933974, 51.60161704944721], [3.6844, 51.6027], [3.677363858695655, 51.60102472826087], [3.7393, 51.6013], [3.7402211784933974, 51.60161704944721]], [[3.7518261757720777, 51.605611235154434], [3.795016491053058, 51.6204763950371], [3.7895, 51.6197], [3.7518261757720777, 51.605611235154434]], [[3.8009938547486004, 51.62131765363129], [3.8041811995386428, 51.621237970011535], [3.803, 51.6216], [3.8009938547486004, 51.62131765363129]], [[3.8271429682436553, 51.61420033700584], [3.8479786966919223, 51.60595864886408], [3.8415, 51.6098], [3.8271429682436553, 51.61420033700584]], [[3.910343023176325, 51.57638794694742], [3.909, 51.5773], [3.876037478108586, 51.589464740221835], [3.8766, 51.5891], [3.910343023176325, 51.57638794694742]], [[3.7988, 51.5512], [3.8323, 51.5585], [3.8571, 51.5458], [3.8787, 51.5567], [3.9103, 51.5619], [3.9154, 51.5655], [3.9143, 51.5697], [3.907, 51.5745], [3.8742, 51.5855], [3.845, 51.6035], [3.8144, 51.6132], [3.7875, 51.6131], [3.7546, 51.6009], [3.7308, 51.596], [3.6802, 51.5971], [3.6643, 51.5916], [3.6614, 51.5798], [3.6669, 51.5704], [3.6835, 51.56], [3.6878, 51.5586], [3.6979, 51.5672], [3.7007, 51.5662], [3.6963, 51.5554], [3.7318, 51.548], [3.7588, 51.5548], [3.7988, 51.5512]], [[3.7925, 51.539], [3.7477, 51.5338], [3.7375, 51.5283], [3.741, 51.524], [3.7583, 51.5256], [3.82, 51.5135], [3.831, 51.5177], [3.8493, 51.536], [3.8401, 51.543], [3.8197, 51.5473], [3.8082, 51.5463], [3.7925, 51.539]], [[3.9179, 51.5401], [3.9252, 51.5503], [3.9012, 51.5457], [3.901, 51.5396], [3.9179, 51.5401]], [[3.9096, 51.5909], [3.9163058823529395, 51.58454705882353], [3.918, 51.5846], [3.9096, 51.5909]], [[3.9145266331658277, 51.58449145728643], [3.8887820562830693, 51.59211320702146], [3.9084, 51.5843], [3.9145266331658277, 51.58449145728643]], [[3.8860327868852527, 51.59320815414094], [3.882843682008355, 51.595320418410054], [3.8853, 51.5935], [3.8860327868852527, 51.59320815414094]], [[3.8691559566786946, 51.60546462093863], [3.863, 51.6125], [3.8656, 51.6081], [3.8691559566786946, 51.60546462093863]], [[4.166626257197681, 51.59292172744721], [4.162841253101751, 51.59318148263027], [4.1647, 51.5927], [4.166626257197681, 51.59292172744721]], [[4.147795221327948, 51.59707894869216], [4.130832249786142, 51.60291372968349], [4.1315, 51.6013], [4.147795221327948, 51.59707894869216]], [[4.1305273885350315, 51.603650477707006], [4.131677236921829, 51.60463263987073], [4.1303, 51.6042], [4.1305273885350315, 51.603650477707006]], [[4.1836, 51.5979], [4.169878548421739, 51.59329609190466], [4.1786, 51.5943], [4.1836, 51.5979]], [[3.7836, 51.6269], [3.7509050000000417, 51.613067500000014], [3.8004, 51.63], [3.7836, 51.6269]], [[3.7390555223880484, 51.60901373134328], [3.7295636363636184, 51.608090909090905], [3.7358, 51.6079], [3.7390555223880484, 51.60901373134328]], [[3.7272608845491146, 51.60816140149339], [3.7228, 51.6116], [3.726, 51.6082], [3.7272608845491146, 51.60816140149339]], [[3.796732457081542, 51.64574887339056], [3.8103936899863213, 51.64662620027435], [3.8004, 51.6469], [3.796732457081542, 51.64574887339056]], [[3.8140577128226845, 51.646525816087056], [3.829786270691515, 51.64202288218106], [3.815, 51.6465], [3.8140577128226845, 51.646525816087056]], [[3.8531, 51.6327], [3.8401, 51.6389], [3.838559566786993, 51.63936642599278], [3.854039600532627, 51.63153744340878], [3.8531, 51.6327]], [[3.858751779935275, 51.6257071197411], [3.8583324324324306, 51.62402972972973], [3.859, 51.6254], [3.858751779935275, 51.6257071197411]], [[3.8574553246753274, 51.622229350649356], [3.8472, 51.6206], [3.8571, 51.6215], [3.8574553246753274, 51.622229350649356]], [[4.067743295354951, 51.62220701139351], [4.0659, 51.62276], [4.0655, 51.6218], [4.067743295354951, 51.62220701139351]], [[4.066752212389379, 51.62480530973451], [4.0937, 51.6401], [4.0675, 51.6266], [4.066752212389379, 51.62480530973451]], [[3.941796717724291, 51.630799854121086], [3.9391052505966537, 51.628303420843274], [3.9411, 51.629], [3.941796717724291, 51.630799854121086]], [[3.936124615384615, 51.627262564102566], [3.935165459610027, 51.62742242339833], [3.9348, 51.6268], [3.936124615384615, 51.627262564102566]], [[4.173133367119397, 51.61822055544293], [4.171588023952102, 51.61745568862276], [4.1728, 51.6178], [4.173133367119397, 51.61822055544293]], [[4.1580318752119405, 51.61360451000339], [4.146685995623609, 51.61342297592998], [4.1552, 51.6128], [4.1580318752119405, 51.61360451000339]], [[4.100752284263959, 51.641830964467005], [4.100482533983072, 51.64246855604001], [4.1002, 51.6419], [4.100752284263959, 51.641830964467005]], [[4.102312200956934, 51.64615047846889], [4.110149706039551, 51.65881106360235], [4.1083, 51.6582], [4.102312200956934, 51.64615047846889]], [[4.11354580794284, 51.65993299012398], [4.124538659793824, 51.66083298969072], [4.1195, 51.6619], [4.11354580794284, 51.65993299012398]], [[4.127144869215293, 51.66028108651911], [4.121545454545446, 51.65328181818181], [4.128, 51.6601], [4.127144869215293, 51.66028108651911]], [[4.126278524701134, 51.65372158808933], [4.145049522001047, 51.65611325955998], [4.142, 51.657], [4.126278524701134, 51.65372158808933]], [[4.1587, 51.6465], [4.168327415792375, 51.64681308669244], [4.1666, 51.6479], [4.1587, 51.6465]], [[4.1278, 51.616], [4.16, 51.6174], [4.1626, 51.6326], [4.1478, 51.6338], [4.1195, 51.6264], [4.1184, 51.6239], [4.1278, 51.616]], [[3.9367, 51.6505], [3.9411, 51.652], [3.9371, 51.6507], [3.9361, 51.656], [3.9437, 51.6676], [3.9647, 51.6836], [3.9875929125602925, 51.68205756972112], [3.998578523689281, 51.68300632704589], [4.0142, 51.6866], [4.0058, 51.7041], [3.9884, 51.7153], [3.9786, 51.7161], [3.9706, 51.7212], [3.9691, 51.7316], [3.9638, 51.7385], [3.9452, 51.7471], [3.9322, 51.7473], [3.907, 51.7438], [3.9119, 51.734], [3.9077, 51.7323], [3.8899, 51.7438], [3.8305, 51.7387], [3.7903, 51.7465], [3.803009337438566, 51.75258232577417], [3.797, 51.7529], [3.7192, 51.7376], [3.6955, 51.7289], [3.6808, 51.7157], [3.6558, 51.6704], [3.6746, 51.7018], [3.6824, 51.6816], [3.717, 51.6594], [3.7527, 51.6691], [3.7729, 51.6603], [3.8234, 51.6685], [3.8659, 51.6558], [3.8812, 51.6458], [3.8887, 51.6344], [3.8845177173191754, 51.634864698075646], [3.8852, 51.6342], [3.8963, 51.632], [3.9294, 51.6295], [3.937465786694827, 51.640319957761356], [3.9375851318944846, 51.6406598321343], [3.9368, 51.6491], [3.9307, 51.6477], [3.9267, 51.6474], [3.922, 51.6495], [3.9269, 51.6476], [3.9391360000000026, 51.650268000000004], [3.9367, 51.6505]], [[3.9401200507614216, 51.65017428087987], [3.93824812869337, 51.64254793171373], [3.9409, 51.6501], [3.9401200507614216, 51.65017428087987]], [[3.9368193548387085, 51.63847903225806], [3.9344032258064487, 51.63485483870967], [3.9363, 51.637], [3.9368193548387085, 51.63847903225806]], [[3.929310151867566, 51.629094814612124], [3.924453660845775, 51.62755163054913], [3.9279, 51.6275], [3.929310151867566, 51.629094814612124]], [[3.9070398210598944, 51.627812512044045], [3.8949, 51.6293], [3.9012, 51.6279], [3.9070398210598944, 51.627812512044045]], [[4.0519, 51.6854], [4.0431, 51.6886], [4.0345, 51.6874], [4.0293, 51.6785], [4.022, 51.6756], [4.0171, 51.6778], [3.9739, 51.674], [3.9746, 51.6683], [3.966, 51.6647], [3.9534, 51.6501], [3.9544, 51.6429], [3.9603, 51.6382], [3.9502, 51.6311], [3.9475, 51.6205], [3.9528, 51.6161], [3.9637, 51.6143], [4.0068, 51.6177], [4.0495, 51.6317], [4.0571, 51.6282], [4.066852751179085, 51.630735715306564], [4.074021140142503, 51.634685035629445], [4.0836, 51.6427], [4.09826875, 51.64887631578947], [4.1034491147541, 51.65541993442623], [4.0977, 51.6638], [4.0554, 51.6791], [4.0519, 51.6854]], [[4.0978814516129045, 51.648387096774194], [4.0954098387763445, 51.646468830095074], [4.0971, 51.6474], [4.0978814516129045, 51.648387096774194]], [[4.0656877551020925, 51.63009387755105], [4.045445454545437, 51.619972727272724], [4.049, 51.6209], [4.0656877551020925, 51.63009387755105]], [[3.9479, 51.6134], [3.9539, 51.61], [3.95783701442234, 51.610156479110586], [3.9470143324899536, 51.61526295579699], [3.9479, 51.6134]], [[3.9460244565217386, 51.61734510869565], [3.9453957253886007, 51.62132707253886], [3.945, 51.6195], [3.9460244565217386, 51.61734510869565]], [[3.9708545053943167, 51.67428039811578], [4.0189, 51.6794], [3.9725, 51.6755], [3.9708545053943167, 51.67428039811578]], [[4.03758727119122, 51.6919797240214], [4.0327, 51.6904], [4.0189, 51.6794], [4.03758727119122, 51.6919797240214]], [[4.040610030983725, 51.69295677769171], [4.050856607811701, 51.690897164258956], [4.0426, 51.6936], [4.040610030983725, 51.69295677769171]], [[4.06727007942236, 51.68552414440434], [4.0825, 51.6785], [4.103046451280309, 51.67381259666609], [4.06727007942236, 51.68552414440434]], [[4.1047, 51.657], [4.1095, 51.6717], [4.108643785250737, 51.67198028554572], [4.103798921039724, 51.65586179499754], [4.1047, 51.657]], [[3.958, 51.6664], [3.959, 51.6682], [3.956526569767444, 51.6673186627907], [3.955352611940303, 51.665953038379534], [3.958, 51.6664]], [[3.9528666666666763, 51.665533333333336], [3.954440121889294, 51.66657521584561], [3.9503, 51.6651], [3.9528666666666763, 51.665533333333336]], [[4.014031622330463, 51.685896028475085], [4.0109738205679335, 51.68407682995814], [4.0124, 51.6842], [4.014031622330463, 51.685896028475085]], [[3.96614903668514, 51.679075903932436], [3.9643, 51.6789], [3.9552753289474, 51.67267960526318], [3.96614903668514, 51.679075903932436]], [[3.9486038309568716, 51.66808117161999], [3.9466, 51.6667], [3.9458993427411593, 51.66482733423546], [3.9486038309568716, 51.66808117161999]], [[3.879100245700245, 51.75289557739558], [3.8919, 51.749], [3.8807, 51.753], [3.879100245700245, 51.75289557739558]], [[3.8996151192123047, 51.753947676784115], [3.9518, 51.757], [3.9003, 51.7545], [3.8996151192123047, 51.753947676784115]], [[3.9718, 51.7468], [3.9914, 51.7218], [3.9941746194711407, 51.719778344177165], [3.9718, 51.7468]], [[4.0191741507602705, 51.70029560012941], [4.020238270509978, 51.69797733924612], [4.0203, 51.6995], [4.0191741507602705, 51.70029560012941]], [[4.020069582664526, 51.69381637239165], [4.018672469023877, 51.69072006648535], [4.02, 51.6921], [4.020069582664526, 51.69381637239165]], [[4.36672176670442, 51.70939768969423], [4.3541, 51.7074], [4.3659, 51.7089], [4.36672176670442, 51.70939768969423]], [[4.342052490823283, 51.711689643418985], [4.341689752493536, 51.71212706316956], [4.3409, 51.7121], [4.342052490823283, 51.711689643418985]], [[4.370941207910209, 51.71312944949225], [4.3689620853080555, 51.71075450236967], [4.373, 51.7132], [4.370941207910209, 51.71312944949225]], [[4.336079415778504, 51.65982106836495], [4.28368571428603, 51.65028095238101], [4.3312, 51.6582], [4.336079415778504, 51.65982106836495]], [[4.276455555555518, 51.64907592592592], [4.260912774135289, 51.648573298666065], [4.2724, 51.6484], [4.276455555555518, 51.64907592592592]], [[4.230386719189643, 51.64903382104671], [4.218857908847179, 51.65118471849866], [4.226, 51.6491], [4.230386719189643, 51.64903382104671]], [[4.209487326493664, 51.65391991550995], [4.207676714801444, 51.656765162454874], [4.2075, 51.6545], [4.209487326493664, 51.65391991550995]], [[4.2083894891122275, 51.66590163316583], [4.209763546502919, 51.66964034746143], [4.2086, 51.6686], [4.2083894891122275, 51.66590163316583]], [[4.3086, 51.6605], [4.3624, 51.6799], [4.3572, 51.6858], [4.317, 51.7032], [4.3163, 51.7072], [4.3009, 51.7153], [4.2571, 51.7251], [4.2541, 51.7326], [4.2429, 51.7394], [4.2379, 51.7474], [4.1329, 51.7647], [4.1245, 51.7703], [4.1134, 51.7703], [4.1053, 51.7516], [4.1065, 51.7655], [4.1002, 51.7724], [4.0765, 51.7741], [4.0516, 51.7642], [4.056, 51.7464], [4.0609, 51.7394], [4.0605, 51.7304], [4.0563, 51.7243], [4.0607, 51.7111], [4.0683, 51.7079], [4.0888, 51.7105], [4.0912, 51.7075], [4.1115, 51.7084], [4.1298, 51.7045], [4.1601, 51.6932], [4.1732, 51.6829], [4.2018, 51.6845], [4.2113, 51.6891], [4.2221, 51.6899], [4.2332, 51.6977], [4.245520426977197, 51.69097976710335], [4.2516, 51.6958], [4.2465, 51.6753], [4.2502, 51.689], [4.2574, 51.6834], [4.2553, 51.6732], [4.258, 51.6695], [4.2916, 51.6605], [4.3086, 51.6605]], [[4.239713007205165, 51.686375312855525], [4.236516868820706, 51.68440386301091], [4.2376, 51.6847], [4.239713007205165, 51.686375312855525]], [[4.2266461538462075, 51.681705128205145], [4.2126, 51.6783], [4.211764970478556, 51.67763649005593], [4.2266461538462075, 51.681705128205145]], [[4.022070797088586, 51.747243369430144], [4.0222644444444455, 51.74927666666667], [4.0216, 51.7475], [4.022070797088586, 51.747243369430144]], [[4.025372190927958, 51.75758651052475], [4.029572222222221, 51.761973209876544], [4.0262, 51.7598], [4.025372190927958, 51.75758651052475]], [[4.034078409090908, 51.76487719696969], [4.05601428571434, 51.770434285714295], [4.0352, 51.7656], [4.034078409090908, 51.76487719696969]], [[4.1212, 51.7785], [4.0972, 51.78], [4.094144620103815, 51.779290363378955], [4.130084714119022, 51.776076896149355], [4.1212, 51.7785]], [[4.810757366457716, 51.73888081375225], [4.8358, 51.7365], [4.8127, 51.7392], [4.810757366457716, 51.73888081375225]], [[4.3333287597784995, 51.72665567372769], [4.32089825685722, 51.72869961548321], [4.3306, 51.726], [4.3333287597784995, 51.72665567372769]], [[4.280854854368932, 51.74957233009708], [4.3084, 51.7474], [4.2821, 51.7499], [4.280854854368932, 51.74957233009708]], [[4.702981465778316, 51.75644476075106], [4.6888, 51.7483], [4.7021, 51.7553], [4.702981465778316, 51.75644476075106]], [[4.6902188046863404, 51.73969258490286], [4.6906, 51.7399], [4.6888, 51.7483], [4.6902188046863404, 51.73969258490286]], [[4.672319150889268, 51.725381208644094], [4.6339, 51.7202], [4.6722, 51.7252], [4.672319150889268, 51.725381208644094]], [[4.721932497149538, 51.73713055872291], [4.707484866740876, 51.73791405277978], [4.7078, 51.7377], [4.721932497149538, 51.73713055872291]], [[4.7171, 51.7656], [4.6972, 51.7449], [4.697676404494383, 51.74457640449438], [4.719584210526311, 51.766484210526315], [4.7171, 51.7656]], [[4.7706, 51.7623], [4.723, 51.7677], [4.721769929278651, 51.76726217821782], [4.771493071000861, 51.76186586826347], [4.7706, 51.7623]], [[4.773872727272722, 51.760709090909096], [4.778001861702127, 51.758168085106384], [4.7778, 51.7588], [4.773872727272722, 51.760709090909096]], [[4.790315973920131, 51.74682004889976], [4.791344776119403, 51.74489104477612], [4.791, 51.7465], [4.790315973920131, 51.74682004889976]], [[4.7624, 51.7355], [4.7919, 51.7423], [4.791750766609881, 51.742996422487224], [4.753830872483219, 51.73584527620031], [4.7624, 51.7355]], [[4.7957, 51.7582], [4.8163, 51.7613], [4.817025136612024, 51.762025136612024], [4.7957, 51.7582]], [[4.8175716535433075, 51.762571653543304], [4.818, 51.763], [4.814192521572382, 51.765503547459254], [4.8175716535433075, 51.762571653543304]], [[4.811607398188476, 51.767746522159996], [4.818569636688429, 51.767336200119125], [4.8112, 51.7681], [4.811607398188476, 51.767746522159996]], [[3.9805, 51.7607], [3.9587, 51.7708], [3.982613983480648, 51.75902983625562], [3.9805, 51.7607]], [[3.9926, 51.7679], [3.999212332439678, 51.75632841823056], [3.999, 51.7589], [3.9926, 51.7679]], [[3.999760594795539, 51.749688351920696], [3.9991256637168133, 51.74788938053097], [3.9999, 51.748], [3.999760594795539, 51.749688351920696]], [[3.997084010152285, 51.74759771573604], [3.9864965447154557, 51.755962398373974], [3.995, 51.7473], [3.997084010152285, 51.74759771573604]], [[4.4745, 51.7936], [4.474, 51.784], [4.4878, 51.7807], [4.486, 51.7593], [4.497, 51.734], [4.5216, 51.7235], [4.5311, 51.7227], [4.5495, 51.7132], [4.5693, 51.7131], [4.5815, 51.723], [4.592, 51.7437], [4.5898, 51.7559], [4.5688, 51.7762], [4.5676, 51.789], [4.5777, 51.8039], [4.5723, 51.8082], [4.5592, 51.8104], [4.5545, 51.8208], [4.505, 51.8273], [4.473, 51.8296], [4.4561, 51.8277], [4.4521, 51.8233], [4.4634, 51.8009], [4.4745, 51.7936]], [[4.5846, 51.808], [4.5966, 51.8023], [4.6113, 51.8072], [4.6336, 51.8037], [4.6702, 51.8219], [4.6608, 51.8362], [4.659, 51.8484], [4.6523, 51.858], [4.6333, 51.8699], [4.618, 51.8879], [4.5914, 51.8932], [4.5802, 51.9004], [4.5515, 51.9018], [4.5351, 51.8965], [4.5187, 51.898], [4.4942, 51.9062], [4.472532801028893, 51.899651331654255], [4.4783, 51.8997], [4.4599, 51.894], [4.4388, 51.8968], [4.4364, 51.8956], [4.4371, 51.889], [4.4669, 51.8634], [4.503, 51.856], [4.5317, 51.8582], [4.5465, 51.8503], [4.5598, 51.8407], [4.5584, 51.8363], [4.5743, 51.83], [4.5677, 51.8277], [4.5636, 51.8198], [4.5764, 51.8096], [4.565, 51.8111], [4.5723, 51.8082], [4.5846, 51.808]], [[4.2992059476149365, 51.75507796792003], [4.3021, 51.7601], [4.2984, 51.7553], [4.2992059476149365, 51.75507796792003]], [[4.316850244857973, 51.766688442703234], [4.3501, 51.7717], [4.3171, 51.7668], [4.316850244857973, 51.766688442703234]], [[4.3113, 51.7793], [4.3129, 51.7864], [4.3125066570188135, 51.7872825002783], [4.3113, 51.7793]], [[4.30544381588194, 51.80444286718201], [4.306492684488557, 51.80609897550825], [4.3049, 51.8057], [4.30544381588194, 51.80444286718201]], [[4.432818713716563, 51.827186579396695], [4.433712563938619, 51.826178132992325], [4.4337, 51.8272], [4.432818713716563, 51.827186579396695]], [[4.433790746730418, 51.81981926592603], [4.4324, 51.8152], [4.434, 51.8028], [4.433790746730418, 51.81981926592603]], [[4.4264, 51.7892], [4.434280725846005, 51.79888474742521], [4.434, 51.7988], [4.4264, 51.7892]], [[4.436714133591466, 51.79961936108422], [4.441344736842122, 51.800123684210526], [4.4393, 51.8004], [4.436714133591466, 51.79961936108422]], [[4.46732787010022, 51.79099412660155], [4.4504, 51.7989], [4.447452906976733, 51.79929825581396], [4.4682, 51.7899], [4.46732787010022, 51.79099412660155]], [[4.440088618490967, 51.831078788522845], [4.446312648556914, 51.8308544991511], [4.4401, 51.8314], [4.440088618490967, 51.831078788522845]], [[4.4677517022775355, 51.83008192063865], [4.5283, 51.8279], [4.4977, 51.8321], [4.4677517022775355, 51.83008192063865]], [[4.348, 51.8007], [4.3449, 51.8046], [4.3184, 51.8059], [4.3128, 51.8009], [4.3117, 51.7952], [4.3219, 51.7818], [4.3344, 51.7822], [4.348, 51.8007]], [[4.935, 51.7553], [4.941, 51.7609], [4.940741175238294, 51.76273026081492], [4.934312683916793, 51.75537234906139], [4.935, 51.7553]], [[4.932928828828833, 51.755518018018016], [4.931151065891473, 51.756649321705424], [4.9312, 51.7557], [4.932928828828833, 51.755518018018016]], [[4.9307, 51.7654], [4.913242161753596, 51.77972220710506], [4.9181, 51.7736], [4.9307, 51.7654]], [[4.910960960507439, 51.78259714566186], [4.912542669172944, 51.78314304511279], [4.9108, 51.7828], [4.910960960507439, 51.78259714566186]], [[4.922894146239846, 51.78518073744879], [4.9259378884725535, 51.78310438615826], [4.9235, 51.7853], [4.922894146239846, 51.78518073744879]], [[4.936752126649076, 51.773364854881265], [4.939991001499751, 51.768035060823195], [4.9396, 51.7708], [4.936752126649076, 51.773364854881265]], [[4.031863600176913, 51.773206368863335], [4.030666460587326, 51.775692735703245], [4.0308, 51.7732], [4.031863600176913, 51.773206368863335]], [[4.030542834836918, 51.778000416377516], [4.035258244111327, 51.77968115631691], [4.0305, 51.7788], [4.030542834836918, 51.778000416377516]], [[4.041495652173915, 51.78083623188406], [4.049217493857488, 51.77872427518428], [4.044, 51.7813], [4.041495652173915, 51.78083623188406]], [[4.0475, 51.7733], [4.0519, 51.7774], [4.051091826243412, 51.777798971854516], [4.044970991507215, 51.77328485623657], [4.0475, 51.7733]], [[4.8021, 51.7869], [4.809047276940906, 51.782930127462336], [4.8098, 51.7833], [4.8021, 51.7869]], [[4.7944, 51.7657], [4.76048854061826, 51.78144113587347], [4.7604, 51.7806], [4.7944, 51.7657]], [[4.760667544684854, 51.78314167450612], [4.765131474820141, 51.78788902877698], [4.761, 51.7863], [4.760667544684854, 51.78314167450612]], [[4.766519651500485, 51.7884229428848], [4.7784, 51.7855], [4.7675, 51.7888], [4.766519651500485, 51.7884229428848]], [[4.593054098360656, 51.79253032786885], [4.59401776504298, 51.79378309455588], [4.5929, 51.7928], [4.593054098360656, 51.79253032786885]], [[4.599881974248924, 51.798940772532184], [4.6125, 51.8004], [4.6012, 51.8001], [4.599881974248924, 51.798940772532184]], [[4.6309, 51.7957], [4.6388, 51.7876], [4.640504708157208, 51.78751511826603], [4.6309, 51.7957]], [[4.6739, 51.7619], [4.639749601699441, 51.75759686670207], [4.6543, 51.7579], [4.6739, 51.7619]], [[4.636264921821887, 51.75752426920462], [4.6304, 51.7632], [4.6351, 51.7575], [4.636264921821887, 51.75752426920462]], [[4.8549865723361165, 51.77738781403408], [4.8546633144002636, 51.77761496825927], [4.8544, 51.7775], [4.8549865723361165, 51.77738781403408]], [[4.855914481408985, 51.77816125244618], [4.8762, 51.783], [4.8615, 51.7806], [4.855914481408985, 51.77816125244618]], [[4.887841186586414, 51.779304385210665], [4.8875, 51.7802], [4.8762, 51.783], [4.887841186586414, 51.779304385210665]], [[4.888579301745636, 51.77736683291771], [4.888382774798928, 51.77591253351207], [4.8891, 51.776], [4.888579301745636, 51.77736683291771]], [[4.883222123893792, 51.775283185840706], [4.866284023063345, 51.77522709941412], [4.8727, 51.774], [4.883222123893792, 51.775283185840706]], [[4.2691, 51.7594], [4.242435939815342, 51.772345594437475], [4.2425, 51.7715], [4.2691, 51.7594]], [[4.2919, 51.7561], [4.29329852750108, 51.75696063230836], [4.2691, 51.7594], [4.2919, 51.7561]], [[4.242207004377736, 51.77536754221388], [4.243269614338519, 51.779226494176726], [4.242, 51.7781], [4.242207004377736, 51.77536754221388]], [[4.268662517875111, 51.80175692495101], [4.293598143235932, 51.80074602122017], [4.2695, 51.8025], [4.268662517875111, 51.80175692495101]], [[4.297522563295305, 51.80046038305129], [4.302178033222589, 51.798445328903654], [4.3011, 51.8002], [4.297522563295305, 51.80046038305129]], [[4.3102250320924265, 51.77509281129653], [4.3102, 51.7742], [4.314, 51.7697], [4.3102250320924265, 51.77509281129653]], [[4.2821, 51.7698], [4.3057, 51.7691], [4.3065, 51.7869], [4.3009, 51.7967], [4.2827, 51.8001], [4.266, 51.7967], [4.2597, 51.7877], [4.2602, 51.7787], [4.2821, 51.7698]], [[4.211277325581396, 51.775144040697676], [4.210327118644069, 51.77429564164649], [4.2114, 51.7745], [4.211277325581396, 51.775144040697676]], [[4.206992752505789, 51.77366052428682], [4.19037733924606, 51.77729170731709], [4.2051, 51.7733], [4.206992752505789, 51.77366052428682]], [[4.1782357393726555, 51.78058361995882], [4.1661, 51.7949], [4.1767, 51.781], [4.1782357393726555, 51.78058361995882]], [[4.13777996183206, 51.786732061068705], [4.1338, 51.7834], [4.1383, 51.7859], [4.13777996183206, 51.786732061068705]], [[4.062608076663661, 51.78001917715827], [4.0556970027248065, 51.78151925522252], [4.0601, 51.7796], [4.062608076663661, 51.78001917715827]], [[4.052737834882451, 51.78280914889739], [4.056475352112695, 51.785792605633816], [4.0523, 51.783], [4.052737834882451, 51.78280914889739]], [[4.791, 51.8104], [4.808836374486137, 51.815598541307516], [4.8073, 51.8157], [4.791, 51.8104]], [[4.0733, 51.8062], [4.040473361103877, 51.811917552720644], [4.0417, 51.8109], [4.073795025320223, 51.805386744116774], [4.0733, 51.8062]], [[4.074005896510227, 51.80504031287605], [4.059945945945955, 51.79262567567568], [4.0747, 51.8039], [4.074005896510227, 51.80504031287605]], [[4.054492080633544, 51.78845809935205], [4.033, 51.7833], [4.0535, 51.7877], [4.054492080633544, 51.78845809935205]], [[4.0243659039237265, 51.82527942060872], [4.034835135135149, 51.8165947174447], [4.0246, 51.8257], [4.0243659039237265, 51.82527942060872]], [[4.900823075561067, 51.79239730866274], [4.896315880893296, 51.795608684863524], [4.9, 51.7921], [4.900823075561067, 51.79239730866274]], [[4.893837785910338, 51.79737432753888], [4.8931, 51.7979], [4.8952, 51.7902], [4.893837785910338, 51.79737432753888]], [[4.8669, 51.7847], [4.8547964550700735, 51.78725309150865], [4.8544, 51.7868], [4.8669, 51.7847]], [[4.855785106382976, 51.7883829787234], [4.8685, 51.7958], [4.8593, 51.7924], [4.855785106382976, 51.7883829787234]], [[4.8756, 51.8035], [4.876041234658362, 51.807597178970504], [4.8685, 51.7958], [4.8756, 51.8035]], [[4.8781170957514295, 51.81084456563095], [4.885502560386448, 51.814277246376804], [4.8786, 51.8116], [4.8781170957514295, 51.81084456563095]], [[4.9165, 51.8263], [4.942408599670498, 51.825586919275125], [4.9319, 51.8273], [4.9165, 51.8263]], [[3.958740114399399, 51.79017296692365], [3.902, 51.787], [3.9532, 51.7887], [3.958740114399399, 51.79017296692365]], [[3.860028481115263, 51.780717360998544], [3.8614, 51.7807], [3.902, 51.787], [3.860028481115263, 51.780717360998544]], [[3.8475898103220096, 51.78087481252757], [3.837561141011841, 51.78258299246502], [3.8377, 51.781], [3.8475898103220096, 51.78087481252757]], [[3.8370571428571427, 51.78832857142857], [3.838672303206997, 51.794789212827986], [3.8367, 51.7924], [3.8370571428571427, 51.78832857142857]], [[3.8435746223565, 51.800727794561936], [3.8549320066334936, 51.81066550580431], [3.849, 51.8073], [3.8435746223565, 51.800727794561936]], [[3.9722, 51.8034], [3.9751, 51.816], [3.9808, 51.8172], [3.9841, 51.8197], [3.9922, 51.8294], [3.9857, 51.8373], [3.9898, 51.8442], [3.9871353383458645, 51.84553233082706], [3.9643, 51.8444], [3.9251, 51.8368], [3.8735, 51.8212], [3.8571703470031515, 51.81193542136097], [3.855, 51.8093], [3.8562, 51.7999], [3.8727, 51.7919], [3.898, 51.7955], [3.9076, 51.7918], [3.9722, 51.8034]], [[3.9872057724957553, 51.845535823429536], [3.9921023316062145, 51.844008678756474], [3.9885, 51.8456], [3.9872057724957553, 51.845535823429536]], [[4.007984451045355, 51.83699279104307], [4.008465693430656, 51.835577372262776], [4.0091, 51.8365], [4.007984451045355, 51.83699279104307]], [[4.003735616438359, 51.82869726027398], [3.986853846153813, 51.818146153846136], [4.0014, 51.8253], [4.003735616438359, 51.82869726027398]], [[3.9838725321888337, 51.81628283261802], [3.9831, 51.8158], [3.9921, 51.8161], [3.9838725321888337, 51.81628283261802]], [[4.007740624999997, 51.824769375], [4.009796881959911, 51.82490645879733], [4.0096, 51.8258], [4.007740624999997, 51.824769375]], [[4.01055632183908, 51.82145977011494], [4.010032495164409, 51.81857872340425], [4.0109, 51.8199], [4.01055632183908, 51.82145977011494]], [[4.007877016674185, 51.815295763857605], [3.9956, 51.8025], [4.0044, 51.81], [4.007877016674185, 51.815295763857605]], [[3.971073179896675, 51.79345199624237], [3.9784, 51.7954], [3.9956, 51.8025], [3.971073179896675, 51.79345199624237]], [[4.0747277777777775, 51.818755555555555], [4.074140145985401, 51.8175802919708], [4.0756, 51.818], [4.0747277777777775, 51.818755555555555]], [[4.069637135278517, 51.816285676392575], [4.063570877944316, 51.817282869379014], [4.0676, 51.8157], [4.069637135278517, 51.816285676392575]], [[4.057625169409491, 51.819618683446265], [4.0491, 51.8329], [4.0564, 51.8201], [4.057625169409491, 51.819618683446265]], [[4.417383982482301, 51.84046955833023], [4.4258, 51.8381], [4.4183, 51.8405], [4.417383982482301, 51.84046955833023]], [[4.4097, 51.8314], [4.4249, 51.8353], [4.3937, 51.8361], [4.3975, 51.8339], [4.4097, 51.8314]], [[4.316758839226134, 51.809986390927286], [4.29689023988582, 51.805565367513864], [4.2985, 51.8049], [4.316758839226134, 51.809986390927286]], [[4.2485, 51.8623], [4.248827084505456, 51.862499347361315], [4.2571, 51.8726], [4.2493, 51.8644], [4.251, 51.8715], [4.247, 51.8773], [4.2287, 51.8817], [4.2217, 51.8886], [4.2019, 51.8917], [4.1786, 51.9079], [4.1678, 51.9211], [4.1449, 51.9296], [4.1021, 51.9274], [4.077, 51.9193], [4.0499, 51.9006], [4.0445, 51.8912], [4.0448, 51.8794], [4.0593, 51.8649], [4.0811, 51.8536], [4.0877, 51.8376], [4.0961, 51.8314], [4.1574, 51.8244], [4.1821, 51.805], [4.1999, 51.8074], [4.2354, 51.798], [4.2378, 51.7934], [4.2491, 51.7937], [4.2589, 51.8022], [4.2656, 51.8042], [4.2462, 51.7861], [4.2666, 51.8047], [4.2866, 51.8051], [4.291, 51.808], [4.292637512494647, 51.80732316150221], [4.2877, 51.8168], [4.2718, 51.8203], [4.2615, 51.8265], [4.2593, 51.837], [4.2465, 51.8553], [4.2485, 51.8623]], [[4.2565, 51.8759], [4.254924192294882, 51.87642942156101], [4.2571, 51.8726], [4.2565, 51.8759]], [[4.23731633571469, 51.785129515666306], [4.2394, 51.7842], [4.2462, 51.7861], [4.23731633571469, 51.785129515666306]], [[4.249462756508419, 51.862886768759566], [4.263656296586907, 51.87153726951746], [4.2578, 51.8697], [4.249462756508419, 51.862886768759566]], [[4.26669485522004, 51.872490542814134], [4.309684813025014, 51.86885649961839], [4.268, 51.8729], [4.26669485522004, 51.872490542814134]], [[4.321581538883536, 51.86770249622823], [4.326651769911513, 51.865980530973445], [4.3247, 51.8674], [4.321581538883536, 51.86770249622823]], [[4.35188646822017, 51.84818730275336], [4.3525, 51.8477], [4.3948, 51.8297], [4.35188646822017, 51.84818730275336]], [[4.264, 51.8674], [4.2552, 51.8654], [4.2568, 51.863], [4.2512, 51.8611], [4.2493, 51.8541], [4.2631, 51.842], [4.2687, 51.8268], [4.2778, 51.8212], [4.2906, 51.8219], [4.3037, 51.8098], [4.3308, 51.8139], [4.3703, 51.8253], [4.3736, 51.8301], [4.3197, 51.8664], [4.264, 51.8674]], [[4.3330357452966775, 51.878550795947895], [4.3286, 51.8849], [4.3319, 51.8794], [4.3330357452966775, 51.878550795947895]], [[4.3305, 51.8915], [4.366755317364142, 51.89742729984155], [4.3634, 51.8976], [4.3305, 51.8915]], [[4.367947217968368, 51.89736595201633], [4.4235, 51.8874], [4.377, 51.8969], [4.367947217968368, 51.89736595201633]], [[4.426566897506926, 51.88890055401662], [4.427815300546453, 51.89189672131149], [4.4263, 51.8892], [4.426566897506926, 51.88890055401662]], [[4.431980360964182, 51.89930911697016], [4.43941850533816, 51.899371886120996], [4.4322, 51.8997], [4.431980360964182, 51.89930911697016]], [[4.4462, 51.8571], [4.4395, 51.8707], [4.4259, 51.8682], [4.4253, 51.8764], [4.4163, 51.8859], [4.4058, 51.8841], [4.378, 51.8941], [4.3675, 51.8949], [4.3398, 51.8896], [4.3346, 51.8833], [4.3568, 51.8644], [4.3699, 51.8596], [4.3716, 51.8553], [4.3878, 51.8466], [4.4164, 51.8465], [4.4299, 51.8548], [4.4462, 51.8571]], [[4.1852973234227955, 51.80203586833144], [4.177917784571111, 51.80609199784212], [4.1836, 51.8024], [4.1852973234227955, 51.80203586833144]], [[4.160864768858452, 51.81546510931539], [4.1588, 51.8166], [4.115486200065839, 51.81942865632223], [4.160864768858452, 51.81546510931539]], [[4.109242689199137, 51.81997398971344], [4.104709030544452, 51.82138937583002], [4.1078, 51.8201], [4.109242689199137, 51.81997398971344]], [[4.075916581861745, 51.83339994013767], [4.0673415335462675, 51.83801309904157], [4.0728, 51.8347], [4.075916581861745, 51.83339994013767]], [[4.055703406957002, 51.84507703657336], [4.044459104704099, 51.85564802731411], [4.0527, 51.8469], [4.055703406957002, 51.84507703657336]], [[4.0406213464140714, 51.859721955345066], [4.037639344262297, 51.866195081967206], [4.0397, 51.8607], [4.0406213464140714, 51.859721955345066]], [[4.033054253611557, 51.87842199036918], [4.0338369147005455, 51.883722740471875], [4.0325, 51.8799], [4.033054253611557, 51.87842199036918]], [[4.038348275862067, 51.8966224137931], [4.0398659685863905, 51.898898952879584], [4.0389, 51.8982], [4.038348275862067, 51.8966224137931]], [[4.098554246684696, 51.93056709540072], [4.1398, 51.9329], [4.1023, 51.9315], [4.098554246684696, 51.93056709540072]], [[4.161437043554785, 51.92755244170699], [4.1518, 51.9316], [4.1398, 51.9329], [4.161437043554785, 51.92755244170699]], [[4.168773933649287, 51.9244709478673], [4.176219158044956, 51.91909975026757], [4.1718, 51.9232], [4.168773933649287, 51.9244709478673]], [[4.180565130200539, 51.915067404968575], [4.181240555058191, 51.913277529095794], [4.1815, 51.9142], [4.180565130200539, 51.915067404968575]], [[4.0057, 51.8729], [4.010440494011973, 51.872288323353295], [4.0099, 51.8732], [4.0057, 51.8729]], [[4.017649388985877, 51.86012874146961], [4.017029681178187, 51.85955177213141], [4.0182, 51.8592], [4.017649388985877, 51.86012874146961]], [[4.318628898241072, 51.886777436063454], [4.3368, 51.8659], [4.3199, 51.8868], [4.318628898241072, 51.886777436063454]], [[4.277, 51.8785], [4.306502225312931, 51.88656216968011], [4.303, 51.8865], [4.277, 51.8785]], [[4.2937, 51.8778], [4.3177, 51.8749], [4.3185, 51.8785], [4.3104, 51.8837], [4.2937, 51.8778]], [[4.424294265998522, 51.89932471042471], [4.425257142857143, 51.89694285714286], [4.4257, 51.8996], [4.424294265998522, 51.89932471042471]], [[4.424844915254237, 51.89446949152543], [4.421880000000001, 51.89096], [4.4244, 51.8918], [4.424844915254237, 51.89446949152543]], [[4.419317721518986, 51.890105907172995], [4.414086676166737, 51.89111724260776], [4.4184, 51.8898], [4.419317721518986, 51.890105907172995]], [[4.495695376712328, 51.912086130136984], [4.495772727272726, 51.91231818181818], [4.4955, 51.9122], [4.495695376712328, 51.912086130136984]], [[4.50202334801762, 51.91471762114537], [4.500959016393445, 51.914565573770496], [4.498624685138539, 51.9135540302267], [4.5, 51.9096], [4.5137559808612435, 51.90451626794258], [4.5137915492957745, 51.90454929577464], [4.5126, 51.9115], [4.503603218884118, 51.91446893776824], [4.50202334801762, 51.91471762114537]], [[4.504222094926349, 51.914371522094925], [4.51257573452256, 51.91216490031479], [4.5123, 51.9131], [4.504222094926349, 51.914371522094925]], [[4.514493436293436, 51.90566138996139], [4.514456818181818, 51.90516704545454], [4.5146, 51.9053], [4.514493436293436, 51.90566138996139]], [[4.512159839357429, 51.90303413654619], [4.510990690457721, 51.90317168347556], [4.5118, 51.9027], [4.512159839357429, 51.90303413654619]], [[4.524617021276591, 51.900548226950356], [4.524235000000004, 51.90074833333333], [4.5244, 51.9005], [4.524617021276591, 51.900548226950356]], [[4.526430487804877, 51.900951219512194], [4.527401935483888, 51.9011670967742], [4.5498, 51.9078], [4.556, 51.9088], [4.558343648960737, 51.90896351039261], [4.573, 51.9135], [4.5602, 51.9068], [4.5859, 51.9039], [4.626, 51.8909], [4.672, 51.8913], [4.7005, 51.8983], [4.7209, 51.8984], [4.7415, 51.9057], [4.7582, 51.9159], [4.8113, 51.9254], [4.8322, 51.9418], [4.8776, 51.9389], [4.9193, 51.9446], [4.931, 51.9606], [4.9371, 51.9642], [4.9508, 51.9644], [4.9656, 51.9603], [4.9979, 51.9801], [5.006, 51.9799], [5.0219, 51.9713], [5.0298, 51.9709], [5.0361, 51.9736], [5.0425, 51.9823], [5.0666, 51.9961], [5.0882, 52.0029], [5.1006, 52.0046], [5.1414, 51.9953], [5.1458, 51.989], [5.1481, 51.9766], [5.1534, 51.9728], [5.174, 51.9705], [5.2044, 51.9606], [5.2164, 51.9635], [5.2326, 51.9792], [5.2434, 51.9806], [5.2654, 51.9679], [5.3004, 51.9627], [5.318, 51.955], [5.3324, 51.9577], [5.3491, 51.9708], [5.3617, 51.9742], [5.3693, 51.9724], [5.3676, 51.9661], [5.3718, 51.9663], [5.3765, 51.9732], [5.3831, 51.9755], [5.3904, 51.9732], [5.3974, 51.9656], [5.4042, 51.9656], [5.4194, 51.9718], [5.4254, 51.9823], [5.4312, 51.986], [5.4458, 51.9878], [5.4536, 51.9844], [5.4892, 51.9842], [5.5143, 51.9737], [5.5399, 51.9684], [5.5515, 51.9587], [5.5606, 51.9555], [5.5898, 51.9512], [5.606, 51.9442], [5.6238, 51.9423], [5.6492, 51.9547], [5.6664, 51.9532], [5.6794, 51.9598], [5.7195, 51.9632], [5.7413, 51.9709], [5.7836, 51.9602], [5.8254, 51.9743], [5.8625, 51.9702], [5.8763, 51.9806], [5.8876, 51.984], [5.893, 51.9838], [5.9006, 51.9802], [5.9016, 51.9697], [5.9073, 51.9656], [5.9123, 51.9647], [5.9243, 51.9706], [5.9339, 51.9713], [5.9359, 51.9621], [5.9646, 51.9723], [5.9985, 51.9776], [6.0065, 51.992], [6.0143, 51.9972], [6.0333, 51.9954], [6.0445, 51.9893], [6.0597, 51.993], [6.0632, 51.995], [6.0652, 52.003], [6.0458, 52.0062], [6.0438, 52.0104], [6.0599, 52.0171], [6.0781, 52.011], [6.0805, 52.0073], [6.0785, 52.0019], [6.0848, 51.9949], [6.0968, 51.9932], [6.1096, 51.9967], [6.1228, 52.0223], [6.1333, 52.0258], [6.1479, 52.0248], [6.1585, 52.0322], [6.1585, 52.0372], [6.1514, 52.0411], [6.1324, 52.0331], [6.1107, 52.0367], [6.111, 52.0458], [6.1171, 52.051], [6.1327, 52.0562], [6.1398, 52.0625], [6.1587, 52.073], [6.168, 52.0759], [6.1741, 52.0901], [6.1768, 52.0922], [6.2004, 52.0952], [6.2095, 52.0939], [6.218, 52.0981], [6.2185, 52.1035], [6.2113, 52.1119], [6.1904, 52.1142], [6.1853, 52.1189], [6.1843, 52.1245], [6.1887, 52.1288], [6.1895, 52.1391], [6.1802, 52.152], [6.1845, 52.1633], [6.1922, 52.1694], [6.1934, 52.1754], [6.1807, 52.1815], [6.1685, 52.1901], [6.1602, 52.1899], [6.1566, 52.1931], [6.1566, 52.1992], [6.1585, 52.201], [6.188, 52.2076], [6.189, 52.2155], [6.1588, 52.2341], [6.1636, 52.243], [6.1624, 52.2465], [6.127, 52.2606], [6.1187, 52.273], [6.1114, 52.2768], [6.1102, 52.2881], [6.0996, 52.3014], [6.102, 52.3108], [6.0908, 52.321], [6.0938, 52.337], [6.1044, 52.3453], [6.0911, 52.3598], [6.0793, 52.3615], [6.0765, 52.364], [6.0762, 52.3689], [6.0812, 52.3732], [6.1134, 52.3782], [6.1248, 52.3844], [6.1246, 52.3938], [6.1342, 52.4119], [6.1303, 52.4218], [6.1022, 52.4441], [6.0975, 52.4709], [6.0664, 52.4826], [6.0535, 52.5002], [6.0158, 52.5146], [6.013, 52.5208], [6.0186, 52.528], [6.0172, 52.531], [5.9985, 52.5292], [5.977, 52.5148], [5.9673, 52.5131], [5.9573, 52.5188], [5.9561, 52.531], [5.9521, 52.5357], [5.9464, 52.5362], [5.938, 52.5293], [5.9239, 52.5326], [5.9221, 52.5371], [5.9277, 52.5471], [5.9224, 52.5556], [5.9101, 52.5648], [5.8716, 52.5803], [5.8578, 52.5813], [5.8411, 52.566], [5.8536, 52.5545], [5.8651, 52.5169], [5.847, 52.4794], [5.8118, 52.4365], [5.7063, 52.3916], [5.6851, 52.3747], [5.6647, 52.3702], [5.6459, 52.3583], [5.6281, 52.352], [5.621, 52.3535], [5.6151, 52.3507], [5.6041, 52.3387], [5.5714, 52.3225], [5.5729, 52.3174], [5.563, 52.3153], [5.5468, 52.2808], [5.5287, 52.2631], [5.4945, 52.2637], [5.4745, 52.2567], [5.4349, 52.2521], [5.4143, 52.2451], [5.4015, 52.2465], [5.3849, 52.2545], [5.378, 52.2539], [5.3732, 52.2601], [5.3534, 52.2689], [5.3404, 52.2705], [5.3287, 52.267], [5.3115, 52.2725], [5.2955, 52.2878], [5.2956, 52.2945], [5.2692, 52.3047], [5.2437, 52.3082], [5.2419, 52.3055], [5.2415, 52.3089], [5.2264, 52.3103], [5.1757, 52.3024], [5.1532, 52.3049], [5.1202, 52.3236], [5.123, 52.3288], [5.1091, 52.3302], [5.0934, 52.3386], [5.0721, 52.338], [5.0695, 52.3304], [5.0668, 52.3363], [5.0606, 52.3376], [5.0287, 52.3336], [5.0248, 52.3398], [5.0144, 52.343], [4.9953, 52.3392], [4.9886, 52.3408], [4.9795, 52.3343], [4.9782, 52.3368], [4.9855, 52.3425], [4.9952, 52.341], [5.0017, 52.3434], [4.9985, 52.35], [4.9852, 52.3545], [4.999, 52.3478], [4.9988, 52.345], [4.9735, 52.3573], [4.9731, 52.3604], [4.9567, 52.3663], [4.9267, 52.3659], [4.9014, 52.377], [4.8941, 52.3731], [4.8985, 52.3772], [4.8912, 52.3896], [4.8692, 52.3927], [4.8543, 52.3894], [4.821, 52.3892], [4.779, 52.3967], [4.7509, 52.3847], [4.7363, 52.3894], [4.7306, 52.3969], [4.7151, 52.4044], [4.7272, 52.4183], [4.7159, 52.4187], [4.6924, 52.4123], [4.68058769010789, 52.41333465488106], [4.6771, 52.4082], [4.6804, 52.4055], [4.678, 52.3982], [4.6724, 52.3942], [4.6675, 52.4031], [4.6708, 52.4086], [4.6558, 52.4011], [4.6496, 52.3872], [4.6424, 52.3837], [4.6454, 52.3813], [4.6384, 52.3793], [4.6429, 52.3756], [4.6432, 52.3738], [4.6363, 52.369], [4.6381, 52.3596], [4.6356, 52.3556], [4.6411, 52.3497], [4.6412, 52.3356], [4.688, 52.3284], [4.7089, 52.3403], [4.7185, 52.3387], [4.722, 52.3367], [4.7247, 52.3191], [4.7179, 52.306], [4.7334, 52.3014], [4.7538, 52.3143], [4.7847, 52.316], [4.8111, 52.3286], [4.8285, 52.3303], [4.843, 52.3355], [4.8507, 52.3336], [4.8434, 52.3266], [4.8052, 52.3216], [4.7762, 52.3063], [4.7402, 52.296], [4.7102, 52.2783], [4.713, 52.2893], [4.7269, 52.298], [4.7258, 52.3004], [4.7122, 52.3028], [4.6421, 52.2788], [4.6199, 52.277], [4.6178, 52.2746], [4.6217, 52.2713], [4.6416, 52.2593], [4.6466, 52.2401], [4.6607, 52.237], [4.6404, 52.2382], [4.6383, 52.2347], [4.6301, 52.235], [4.6145, 52.2292], [4.6016, 52.2303], [4.5958, 52.2271], [4.5982, 52.2394], [4.5864, 52.2421], [4.5914, 52.2497], [4.5901, 52.2595], [4.5825, 52.2653], [4.5966, 52.2763], [4.6001, 52.284], [4.6114, 52.276], [4.6197, 52.2794], [4.6163, 52.2987], [4.6303, 52.3017], [4.6344, 52.3062], [4.6291, 52.3223], [4.6485, 52.3178], [4.6668, 52.3215], [4.6658, 52.3287], [4.6416, 52.3301], [4.6298, 52.3404], [4.6365, 52.3517], [4.6344, 52.3562], [4.6369, 52.36], [4.6354, 52.3696], [4.6427, 52.3746], [4.6385, 52.3776], [4.6379, 52.3792], [4.639, 52.3799], [4.6444, 52.3813], [4.6419, 52.3834], [4.642, 52.3842], [4.6493, 52.3878], [4.6514, 52.3981], [4.6557, 52.4038], [4.680331653262939, 52.41335708146602], [4.6787, 52.4135], [4.67888360655741, 52.41373934426234], [4.6779, 52.4125], [4.6692, 52.4103], [4.6826438275138305, 52.41864106086624], [4.6843, 52.4208], [4.682, 52.4305], [4.6844, 52.4421], [4.68380144895719, 52.44255514818881], [4.6821, 52.4396], [4.6796, 52.4433], [4.6618, 52.4504], [4.649, 52.4648], [4.6493, 52.4736], [4.6573, 52.4801], [4.6725, 52.4842], [4.6874, 52.4787], [4.6973, 52.4849], [4.7, 52.4914], [4.7083, 52.4975], [4.727, 52.4963], [4.7423, 52.5036], [4.749, 52.5091], [4.7478, 52.5169], [4.7501, 52.5179], [4.7496, 52.5143], [4.7554, 52.512], [4.7545, 52.5084], [4.7469, 52.5062], [4.7331, 52.4948], [4.7194, 52.4945], [4.7098, 52.4882], [4.7056, 52.47], [4.6993, 52.4656], [4.6991, 52.4618], [4.7071, 52.4561], [4.7023, 52.4513], [4.7056936915887855, 52.4448035046729], [4.7084, 52.4433], [4.710219657392785, 52.43957797351476], [4.7302, 52.4359], [4.720569416681818, 52.43157761221153], [4.7471, 52.4411], [4.7758, 52.4357], [4.7831, 52.4305], [4.808788966116417, 52.43330243266725], [4.8059, 52.4341], [4.8213, 52.4363], [4.8210934010152275, 52.434440609137056], [4.8257, 52.4396], [4.8255, 52.4326], [4.8455, 52.4199], [4.8559, 52.4196], [4.8565, 52.4235], [4.8655, 52.4291], [4.8706, 52.4253], [4.8688, 52.4179], [4.9072, 52.4098], [4.9067, 52.4059], [4.8916, 52.3965], [4.9043, 52.4021], [4.9187, 52.4003], [4.9232, 52.3953], [4.9182, 52.3893], [4.9011, 52.3853], [4.9058, 52.381], [4.9128, 52.3813], [4.9281, 52.3908], [4.9405, 52.3909], [4.9438, 52.3876], [4.9739, 52.3795], [4.9805, 52.3737], [4.9987, 52.3787], [5.0088, 52.3724], [5.0122, 52.3749], [5.0122, 52.3834], [5.0251, 52.3882], [5.0316, 52.401], [5.0463, 52.4069], [5.0551, 52.4143], [5.0675, 52.4137], [5.074, 52.4247], [5.0878, 52.4363], [5.0493, 52.4394], [5.0482, 52.4539], [5.0548, 52.4614], [5.0496, 52.4627], [5.0422, 52.4579], [5.039, 52.4606], [5.0394, 52.4579], [5.0323, 52.4648], [5.0336, 52.4677], [5.0403, 52.4654], [5.0513, 52.4693], [5.068, 52.4686], [5.0602, 52.4766], [5.0593, 52.4909], [5.0753, 52.4933], [5.0774, 52.5005], [5.0834, 52.5062], [5.0795, 52.5132], [5.0718, 52.5159], [5.0608, 52.5139], [5.0711, 52.5178], [5.0536, 52.5387], [5.0543, 52.5447], [5.0423, 52.561], [5.029, 52.567], [5.0311, 52.5762], [5.0161, 52.592], [5.0195, 52.6023], [5.0136, 52.6023], [5.0198, 52.6095], [5.0151, 52.6222], [5.018, 52.6319], [5.0391, 52.637], [5.0488, 52.6426], [5.0591, 52.6371], [5.0643, 52.6367], [5.0675, 52.6403], [5.1018, 52.6347], [5.1177, 52.6358], [5.1289, 52.626], [5.1255, 52.6218], [5.128, 52.62], [5.159, 52.6233], [5.1783, 52.6353], [5.1979, 52.6366], [5.2065, 52.6449], [5.2305, 52.6528], [5.2359, 52.6575], [5.2454, 52.6857], [5.2655, 52.6884], [5.2766, 52.6956], [5.2953, 52.7007], [5.296, 52.704], [5.2829, 52.7132], [5.2825, 52.7421], [5.27, 52.7471], [5.267725358117325, 52.747187824010915], [5.2717, 52.746], [5.2536, 52.7473], [5.2442, 52.7438], [5.2342077732392625, 52.74975281594257], [5.204, 52.7548], [5.197284269662719, 52.75252921348308], [5.2039, 52.7547], [5.1973, 52.7501], [5.1881571428571345, 52.748480952380945], [5.1805768718802065, 52.74216405990017], [5.1829, 52.7428], [5.1692, 52.7336], [5.1642, 52.7369], [5.1441, 52.7379], [5.132238167938945, 52.75005114503816], [5.131251612903209, 52.750667741935494], [5.1233, 52.7531], [5.1193, 52.759], [5.120264597478175, 52.758364500484966], [5.1128, 52.7746], [5.0925, 52.7694], [5.0697, 52.768], [5.05658225197391, 52.75992138688637], [5.0656, 52.7644], [5.0627, 52.7612], [5.0445, 52.753], [5.0352, 52.7522], [4.9547, 52.7552], [4.9324, 52.7522], [4.904, 52.7688], [4.8913, 52.7905], [4.8936, 52.7943], [4.8362, 52.8076], [4.7974, 52.8091], [4.79037804964538, 52.80801209219858], [4.790229313842074, 52.80795056305519], [4.774, 52.7966], [4.7484, 52.7857], [4.737, 52.7755], [4.7115, 52.7412], [4.705, 52.7381], [4.7067, 52.7343], [4.7039, 52.7327], [4.6879, 52.7374], [4.6748, 52.7464], [4.6836, 52.7575], [4.7044, 52.7703], [4.7143, 52.7948], [4.7197, 52.8011], [4.735, 52.8092], [4.7601, 52.8128], [4.7682, 52.8188], [4.7639, 52.8277], [4.767, 52.8357], [4.7591, 52.841], [4.7591, 52.8459], [4.7492, 52.8467], [4.7213, 52.857], [4.7425, 52.857], [4.7306, 52.8631], [4.7336, 52.8633], [4.7523, 52.8576], [4.7502, 52.852], [4.7577, 52.851], [4.7632, 52.8557], [4.7577, 52.8615], [4.7619, 52.8671], [4.7611, 52.8779], [4.7778, 52.8866], [4.779, 52.8924], [4.7866, 52.9008], [4.8009, 52.9019], [4.8053, 52.9089], [4.7953, 52.9176], [4.7932, 52.9233], [4.7813, 52.9264], [4.7758, 52.9373], [4.765, 52.9436], [4.7699, 52.9545], [4.7483, 52.961], [4.741549288545251, 52.966478838282114], [4.7221, 52.9618], [4.7086, 52.952], [4.7044, 52.9442], [4.7034, 52.9178], [4.710280036340653, 52.916038710696796], [4.7479, 52.9155], [4.7231, 52.9138], [4.709758123569794, 52.909630663615566], [4.708741838581252, 52.90880839667029], [4.7095, 52.8999], [4.7244, 52.8948], [4.7076, 52.8902], [4.7007, 52.8693], [4.7108, 52.8616], [4.6987, 52.8613], [4.692, 52.856], [4.6878, 52.843], [4.6957, 52.8398], [4.681, 52.8291], [4.6925, 52.8191], [4.6803, 52.8191], [4.67597066666668, 52.816298666666675], [4.6718, 52.8124], [4.665774412509828, 52.79554360967939], [4.6691, 52.7928], [4.6831, 52.7907], [4.6688, 52.7895], [4.658252193066459, 52.783285788163184], [4.6515, 52.7749], [4.6513, 52.7651], [4.6435, 52.7545], [4.6355, 52.734], [4.6256, 52.6955], [4.6022, 52.5548], [4.5862, 52.5035], [4.5694, 52.4634], [4.5572, 52.4165], [4.5448, 52.3957], [4.5188, 52.3575], [4.4583, 52.2814], [4.4046, 52.2201], [4.3647, 52.1803], [4.2916, 52.1255], [4.158421341681126, 52.045225536220144], [4.1875, 52.0605], [4.2408, 52.0948], [4.2044, 52.0659], [4.1547, 52.0351], [4.1238, 52.0115], [4.1191, 51.9948], [4.1362, 51.9827], [4.1571, 51.976], [4.1716, 51.9783], [4.1702, 51.974], [4.1914, 51.9673], [4.1965, 51.9578], [4.2118, 51.9483], [4.2201, 51.9392], [4.2571, 51.9179], [4.2597, 51.9137], [4.295, 51.9009], [4.322, 51.8998], [4.3425, 51.9037], [4.3469, 51.9083], [4.4052, 51.9021], [4.4091, 51.9052], [4.4307, 51.907], [4.4618, 51.903], [4.4789, 51.9099], [4.4833, 51.9177], [4.4933, 51.9167], [4.4866, 51.9208], [4.4882, 51.9211], [4.4969, 51.9171], [4.5145, 51.9154], [4.4938, 51.919], [4.5011, 51.9214], [4.5166, 51.9177], [4.5237, 51.9116], [4.5227, 51.9037], [4.526430487804877, 51.900951219512194]], [[4.501388135593225, 51.91475152542373], [4.501722889305809, 51.914764915572235], [4.5015, 51.9148], [4.501388135593225, 51.91475152542373]], [[4.194737699640952, 51.908595456233755], [4.184941176470579, 51.92710000000002], [4.194, 51.9089], [4.194737699640952, 51.908595456233755]], [[4.18266341463415, 51.93140243902438], [4.1824, 51.9319], [4.180059016393419, 51.93451639344265], [4.18266341463415, 51.93140243902438]], [[4.169557442963631, 51.94707262254348], [4.1771, 51.9468], [4.1692, 51.9475], [4.169557442963631, 51.94707262254348]], [[4.2198218402688035, 51.928271201860944], [4.2193, 51.9288], [4.1771, 51.9468], [4.2198218402688035, 51.928271201860944]], [[4.258577677361052, 51.884461093538185], [4.250611319510823, 51.88552920855721], [4.2548, 51.8838], [4.258577677361052, 51.884461093538185]], [[4.2611, 51.9049], [4.2328, 51.9121], [4.2145, 51.9267], [4.2036, 51.925], [4.2121, 51.9073], [4.23, 51.8978], [4.2672, 51.8874], [4.2934, 51.892], [4.2783, 51.8956], [4.2611, 51.9049]], [[4.3484509511083145, 51.90019812922496], [4.3484, 51.9002], [4.3472, 51.8976], [4.3484509511083145, 51.90019812922496]], [[4.238396192873739, 51.915699961270334], [4.2258, 51.9282], [4.2374, 51.9159], [4.238396192873739, 51.915699961270334]], [[4.142862892843629, 51.9691260886028], [4.141387892376637, 51.96955156950674], [4.1426, 51.9691], [4.142862892843629, 51.9691260886028]], [[4.122767226890765, 51.97648868017795], [4.113156140350875, 51.98231186790506], [4.1171, 51.9786], [4.122767226890765, 51.97648868017795]], [[4.1099055485498095, 51.98537124842371], [4.107840648379053, 51.989455162094764], [4.1086, 51.9866], [4.1099055485498095, 51.98537124842371]], [[4.106459680284192, 51.99464760213144], [4.106839643652562, 51.997497327394214], [4.1061, 51.996], [4.106459680284192, 51.99464760213144]], [[4.11213410001484, 52.00821537320078], [4.1218867359986255, 52.01900320518284], [4.1143, 52.0126], [4.11213410001484, 52.00821537320078]], [[4.132682352941186, 52.02811470588236], [4.147280060038214, 52.03851004275449], [4.1393, 52.0337], [4.132682352941186, 52.02811470588236]], [[5.1901, 52.7501], [5.189090909090892, 52.74925909090908], [5.190878652535961, 52.75036328538986], [5.1901, 52.7501]], [[5.1448, 52.7422], [5.1455, 52.7382], [5.145944812362031, 52.73819315673289], [5.1448, 52.7422]], [[5.040555570652156, 52.75540366847826], [5.0507, 52.757], [5.051999079825171, 52.75764518058431], [5.040555570652156, 52.75540366847826]], [[5.008528571428442, 52.75454511278196], [5.031, 52.7539], [5.032434368635436, 52.754125712830955], [5.008528571428442, 52.75454511278196]], [[4.964948358208925, 52.75701671641792], [4.9683, 52.7557], [4.969608697688962, 52.755662429731416], [4.964948358208925, 52.75701671641792]], [[4.942, 52.776], [4.9571, 52.7601], [4.958573634204277, 52.75952107227689], [4.942, 52.776]], [[4.8828196480938395, 52.80027683284458], [4.8819, 52.8004], [4.9001, 52.7948], [4.8828196480938395, 52.80027683284458]], [[4.8126, 52.8291], [4.7636, 52.7973], [4.765406479236522, 52.79802607686356], [4.8126, 52.8291]], [[4.8886, 52.9517], [4.887819769357496, 52.9531550247117], [4.8908, 52.9313], [4.8886, 52.9517]], [[4.869813991823814, 52.969035210338916], [4.885909681464758, 52.956717080511666], [4.8849, 52.9586], [4.8719, 52.9686], [4.869813991823814, 52.969035210338916]], [[4.8441, 52.9744], [4.838428446536635, 52.97397800941493], [4.856142554240653, 52.97188752465483], [4.8441, 52.9744]], [[4.7433, 52.9669], [4.742388444710236, 52.96668071075577], [4.763281541141025, 52.96838672181109], [4.7433, 52.9669]], [[4.71565355969332, 52.91466308871851], [4.7159, 52.9148], [4.714295981853535, 52.9150106286455], [4.71565355969332, 52.91466308871851]], [[4.7011, 52.8853], [4.6972, 52.8732], [4.701383227730155, 52.88583868803578], [4.7011, 52.8853]], [[4.6206, 52.2963], [4.6227, 52.2822], [4.6277, 52.2799], [4.6443, 52.2819], [4.6468, 52.2866], [4.645, 52.2962], [4.6388, 52.2994], [4.6206, 52.2963]], [[4.665747072599544, 52.45628399687743], [4.6719, 52.4495], [4.681693392070491, 52.44415814977973], [4.665747072599544, 52.45628399687743]], [[4.663163768115947, 52.46048739130434], [4.6641, 52.4581], [4.664952877454293, 52.457159647935015], [4.663163768115947, 52.46048739130434]], [[4.661174093765103, 52.469003455775734], [4.6601, 52.4683], [4.660563017751479, 52.46711930473373], [4.661174093765103, 52.469003455775734]], [[4.700275967687648, 52.481925782564794], [4.7003, 52.4823], [4.699696544502612, 52.48201162303665], [4.700275967687648, 52.481925782564794]], [[4.822612213740455, 52.42899541984733], [4.8222, 52.4296], [4.81765116279072, 52.430855813953485], [4.822612213740455, 52.42899541984733]], [[4.8312, 52.4286], [4.821025825825825, 52.43383243243243], [4.821, 52.4336], [4.8312, 52.4286]], [[4.8266, 52.4205], [4.827815067686876, 52.42136456739258], [4.825149771689499, 52.42527366818874], [4.8266, 52.4205]], [[4.6946, 52.4282], [4.695342991478107, 52.42743972965031], [4.70472194480945, 52.43299053876478], [4.6946, 52.4282]], [[4.709635815147625, 52.43733709884467], [4.708081520912548, 52.434978859315585], [4.7093, 52.4357], [4.709635815147625, 52.43733709884467]], [[7.177985801611559, 53.24128282856349], [7.1715, 53.2493], [7.1761, 53.2419], [7.177985801611559, 53.24128282856349]], [[7.194042774566475, 53.23690077071291], [7.185243086816717, 53.238907717041805], [7.1926, 53.2365], [7.194042774566475, 53.23690077071291]], [[7.198, 53.238], [7.199, 53.2436], [7.198367638290825, 53.24553428287513], [7.196074285714285, 53.23746507936508], [7.198, 53.238]], [[7.185250653078792, 53.26589384239989], [7.1939, 53.2592], [7.1871, 53.2655], [7.185250653078792, 53.26589384239989]], [[7.133969760696157, 53.24745569253082], [7.1493, 53.2558], [7.134, 53.248], [7.133969760696157, 53.24745569253082]], [[7.135540977569468, 53.23232306662203], [7.1373, 53.2327], [7.1493, 53.2558], [7.135540977569468, 53.23232306662203]], [[7.134407572815533, 53.232080194174756], [7.133193036750483, 53.2334746615087], [7.1331, 53.2318], [7.134407572815533, 53.232080194174756]], [[7.123367936904576, 53.30399344057473], [7.121, 53.3071], [7.118957671295248, 53.30763828818575], [7.123367936904576, 53.30399344057473]], [[7.1076500000000005, 53.3087], [7.112246428571422, 53.30940714285714], [7.1081, 53.3105], [7.1076500000000005, 53.3087]], [[7.1139, 53.3032], [7.107522727272728, 53.30819090909091], [7.1073, 53.3073], [7.1139, 53.3032]], [[7.1147050676848345, 53.28062662270045], [7.111419800634345, 53.28751924180638], [7.1117, 53.2839], [7.1147050676848345, 53.28062662270045]], [[7.118558036984363, 53.27859103840683], [7.117069249692495, 53.27805135301353], [7.1173, 53.2778], [7.118558036984363, 53.27859103840683]], [[7.1310080727272736, 53.288531490909094], [7.126941491085895, 53.28386245272825], [7.1305, 53.2861], [7.1310080727272736, 53.288531490909094]], [[7.130133824919644, 53.295117092077895], [7.131606936980948, 53.29139748412311], [7.1319, 53.2928], [7.130133824919644, 53.295117092077895]], [[7.086774050408239, 53.316181114660985], [7.0764, 53.3125], [7.0889, 53.3163], [7.086774050408239, 53.316181114660985]], [[6.6417, 53.4786], [6.641809958932238, 53.47900102669404], [6.640811076271854, 53.4792380496982], [6.6417, 53.4786]], [[6.601405171064774, 53.50752273276906], [6.608751906908784, 53.50224940904103], [6.6035, 53.5063], [6.601405171064774, 53.50752273276906]], [[6.574730238640078, 53.52150019614253], [6.590465841584177, 53.51390792079207], [6.5802, 53.5199], [6.574730238640078, 53.52150019614253]], [[6.5349, 53.5279], [6.566709360221283, 53.52384672972249], [6.5614, 53.5254], [6.5349, 53.5279]], [[6.5064, 53.5085], [6.505510958904111, 53.50740890410959], [6.5116, 53.5068], [6.5064, 53.5085]], [[6.738030893000802, 53.470404424778756], [6.7184, 53.4592], [6.735, 53.4667], [6.738030893000802, 53.470404424778756]], [[6.743657046223224, 53.47855997745208], [6.741402061855671, 53.47452474226804], [6.7431, 53.4766], [6.743657046223224, 53.47855997745208]], [[6.7423, 53.4908], [6.744870789031897, 53.48283055400112], [6.7458, 53.4861], [6.7423, 53.4908]], [[6.635323734729492, 53.5337462478185], [6.649, 53.5357], [6.6357, 53.5352], [6.635323734729492, 53.5337462478185]], [[6.4667, 53.5271], [6.476730348187446, 53.528463060610406], [6.4605, 53.5287], [6.4297, 53.523], [6.4155, 53.5271], [6.4174, 53.5363], [6.4221, 53.5388], [6.4676, 53.5464], [6.4892, 53.5532], [6.5161, 53.5537], [6.521, 53.5476], [6.5285, 53.5463], [6.5492, 53.5531], [6.549431441048035, 53.55042189644417], [6.5497, 53.5561], [6.541, 53.5605], [6.5322, 53.5603], [6.4031, 53.5499], [6.3988, 53.547], [6.3992, 53.5285], [6.4192, 53.5213], [6.4401, 53.5206], [6.4667, 53.5271]], [[6.539000986789756, 53.537875680407446], [6.520543684101664, 53.53441701467851], [6.5344, 53.5363], [6.539000986789756, 53.537875680407446]], [[6.2631124999999805, 53.53366666666667], [6.2859381093058015, 53.53018847858197], [6.2753, 53.5328], [6.2631124999999805, 53.53366666666667]], [[6.2519431242210315, 53.534102949729956], [6.254981001057446, 53.53424490659147], [6.2528, 53.5344], [6.2519431242210315, 53.534102949729956]], [[6.24566005227619, 53.53151237203224], [6.246126566125284, 53.53208654292343], [6.2453, 53.5318], [6.24566005227619, 53.53151237203224]], [[6.26489049308267, 53.51707637460091], [6.25675970974425, 53.522645404284766], [6.2627, 53.5179], [6.26489049308267, 53.51707637460091]], [[6.30668771905231, 53.49619137810177], [6.2877, 53.5085], [6.3052, 53.4967], [6.30668771905231, 53.49619137810177]], [[6.378105603448286, 53.475206896551725], [6.3816, 53.4759], [6.3803680100755695, 53.47606876574307], [6.378105603448286, 53.475206896551725]], [[6.362970371944738, 53.4760344314559], [6.3778833545647595, 53.47640912951168], [6.367, 53.4779], [6.362970371944738, 53.4760344314559]], [[6.3616, 53.4754], [6.3695, 53.4735], [6.373630487147217, 53.474319270177965], [6.362595571622231, 53.47586091278807], [6.3616, 53.4754]], [[6.195533314917127, 53.41552650092081], [6.2044, 53.4263], [6.1935, 53.4161], [6.195533314917127, 53.41552650092081]], [[6.2376, 53.4255], [6.196326054732042, 53.41530290763968], [6.1974, 53.415], [6.2376, 53.4255]], [[6.2867, 53.4517], [6.3003, 53.47], [6.300537494916633, 53.47084310695405], [6.285705739754331, 53.45094901619742], [6.2867, 53.4517]], [[6.301909175662414, 53.47743120706575], [6.301667681498829, 53.47485526932084], [6.3023, 53.4771], [6.301909175662414, 53.47743120706575]], [[6.2878, 53.4819], [6.297580237472329, 53.48109979875227], [6.2964, 53.4821], [6.2878, 53.4819]], [[6.2156, 53.4438], [6.2504, 53.4577], [6.214259970145539, 53.44423226769499], [6.2156, 53.4438]], [[6.2125, 53.4448], [6.213837990465712, 53.44436839017235], [6.2292, 53.4562], [6.2125, 53.4448]], [[6.1927, 53.4551], [6.195245922916869, 53.45517672644407], [6.1934949811794215, 53.45567415307403], [6.1927, 53.4551]], [[6.1981, 53.459], [6.194479775280894, 53.45638539325842], [6.216255714285672, 53.462324285714274], [6.1981, 53.459]], [[6.228808116293131, 53.46853506965474], [6.220263860667649, 53.463417416545724], [6.2213, 53.4637], [6.228808116293131, 53.46853506965474]], [[6.2446, 53.4815], [6.239417343471925, 53.47536718977511], [6.2404, 53.476], [6.2446, 53.4815]], [[6.2448, 53.4912], [6.243427078460558, 53.4937765787795], [6.2446, 53.4815], [6.2448, 53.4912]], [[6.235608069048579, 53.50489309514251], [6.237953612716763, 53.504048699421965], [6.2375, 53.5049], [6.235608069048579, 53.50489309514251]], [[6.173436695421397, 53.50374459190445], [6.1963563694266925, 53.50474984076433], [6.1827, 53.5047], [6.173436695421397, 53.50374459190445]], [[6.069131254331254, 53.50233782051282], [6.0856, 53.5058], [6.0703, 53.5045], [6.069131254331254, 53.50233782051282]], [[6.0885, 53.4888], [6.068742362127867, 53.50161836993655], [6.0683, 53.5008], [6.0885, 53.4888]], [[6.0779, 53.4772], [6.077862319064943, 53.475071027169285], [6.0885, 53.4888], [6.0779, 53.4772]], [[6.098139132221975, 53.449611011646496], [6.0852, 53.4549], [6.0969, 53.4494], [6.098139132221975, 53.449611011646496]], [[6.1259, 53.4536], [6.121700167107661, 53.452931137724555], [6.116021768707508, 53.450560544217694], [6.1259, 53.4536]], [[6.104657744034708, 53.445062429501085], [6.104828471967754, 53.44588761451081], [6.1039, 53.4455], [6.104657744034708, 53.445062429501085]], [[6.111, 53.4414], [6.1357, 53.4416], [6.137114584377817, 53.4421814549283], [6.1101067777952585, 53.44191580437175], [6.111, 53.4414]], [[6.250464423076922, 53.47879038461539], [6.249341304347825, 53.47953913043479], [6.2494, 53.4786], [6.250464423076922, 53.47879038461539]], [[6.268991248206593, 53.48550014347202], [6.255085403329079, 53.479616901408455], [6.2617, 53.4808], [6.268991248206593, 53.48550014347202]], [[6.273821951219512, 53.48892926829268], [6.273364399999999, 53.4883192], [6.2738, 53.4886], [6.273821951219512, 53.48892926829268]], [[6.1656453222453225, 53.36027912087912], [6.1663, 53.3672], [6.1646, 53.3612], [6.1656453222453225, 53.36027912087912]], [[6.1733022421524675, 53.356937219730945], [6.166619197352087, 53.359421183285065], [6.1688, 53.3575], [6.1733022421524675, 53.356937219730945]], [[6.179345302713987, 53.357326096033404], [6.17796814159292, 53.35635398230089], [6.1792, 53.3562], [6.179345302713987, 53.357326096033404]], [[6.032451990349822, 53.509618214716525], [6.024412716446926, 53.50869283067015], [6.0296, 53.5074], [6.032451990349822, 53.509618214716525]], [[6.035, 53.5116], [6.0211, 53.5171], [6.010831313131307, 53.51874738292011], [6.033483665644173, 53.51042062883436], [6.035, 53.5116]], [[5.9884, 52.6123], [5.9584, 52.6131], [5.9594, 52.6081], [5.9476, 52.5987], [5.9511, 52.5932], [5.9611, 52.5913], [5.9711, 52.5945], [5.9884, 52.6123]], [[5.9024, 53.4268], [5.9675, 53.438], [5.970914826928319, 53.44039037884982], [5.900591707392182, 53.42665463885789], [5.9024, 53.4268]], [[5.9725, 53.4415], [5.9108, 53.448], [5.909394377610174, 53.44766811693574], [5.971512857417004, 53.4408090001919], [5.9725, 53.4415]], [[5.8961, 52.5981], [5.8922, 52.5819], [5.9132, 52.5655], [5.9187, 52.5785], [5.9124, 52.5865], [5.92, 52.5887], [5.9367, 52.5863], [5.9388, 52.5934], [5.9494, 52.5942], [5.9467, 52.5993], [5.9581, 52.6094], [5.956, 52.6161], [5.9487, 52.6178], [5.9314, 52.6125], [5.9151, 52.611], [5.8974, 52.6083], [5.8908, 52.613], [5.8668, 52.6107], [5.8623, 52.6072], [5.8736, 52.5873], [5.8914, 52.5825], [5.8926, 52.5914], [5.8952, 52.598], [5.9103, 52.6034], [5.9089, 52.6089], [5.9098, 52.6094], [5.9106, 52.603], [5.8961, 52.5981]], [[5.945261938958711, 53.45420323159785], [5.929608709677381, 53.45274403225806], [5.9443, 53.4526], [5.945261938958711, 53.45420323159785]], [[5.9448, 53.4624], [5.946068867924529, 53.45554811320755], [5.9464, 53.4561], [5.9448, 53.4624]], [[5.9321718636693115, 53.46720543872372], [5.9388, 53.4649], [5.935, 53.4669], [5.9321718636693115, 53.46720543872372]], [[5.7034, 53.4623], [5.918801151352144, 53.46864947565397], [5.91, 53.4696], [5.7034, 53.4623]], [[5.55303615819209, 53.45672711864407], [5.555466945606694, 53.458550209205015], [5.5527, 53.4586], [5.55303615819209, 53.45672711864407]], [[5.558361680672249, 53.4521580552221], [5.553271788413099, 53.45541432169845], [5.5534, 53.4547], [5.558361680672249, 53.4521580552221]], [[5.5905, 53.4413], [5.572390604171146, 53.44497082347882], [5.5737, 53.4443], [5.5905, 53.4413]], [[5.6636, 53.4077], [5.65029156169744, 53.409040418246306], [5.6533, 53.408], [5.6636, 53.4077]], [[5.903, 52.5697], [5.889, 52.5823], [5.8723, 52.5867], [5.8662, 52.5942], [5.8647, 52.6025], [5.8604, 52.6051], [5.8535, 52.6003], [5.8516, 52.5846], [5.8702, 52.5837], [5.903, 52.5697]], [[5.8514, 52.5918], [5.8497, 52.5958], [5.8363, 52.5893], [5.8347, 52.5791], [5.8386, 52.5717], [5.8521, 52.5778], [5.8482, 52.5857], [5.8514, 52.5918]], [[5.820335462454215, 53.43029384157509], [5.8226, 53.432], [5.7953681076438865, 53.43021557400515], [5.820335462454215, 53.43029384157509]], [[5.7875, 53.4297], [5.7773, 53.4271], [5.776830533302816, 53.42532645914397], [5.789344338913556, 53.42982085411684], [5.7875, 53.4297]], [[5.7937, 53.4105], [5.776667373348018, 53.42471007709251], [5.7764, 53.4237], [5.7937, 53.4105]], [[5.7864307692307175, 53.40673076923078], [5.7781, 53.4098], [5.777416840811314, 53.40964234787953], [5.7864307692307175, 53.40673076923078]], [[5.760292005610094, 53.40332931276297], [5.772082119205293, 53.40841125827814], [5.7638, 53.4065], [5.760292005610094, 53.40332931276297]], [[5.759842642432714, 53.40180922754282], [5.759119409761634, 53.40226946651532], [5.7586, 53.4018], [5.759842642432714, 53.40180922754282]], [[5.798392899408284, 53.40232366863905], [5.798293370762254, 53.40209475275318], [5.799, 53.4021], [5.798392899408284, 53.40232366863905]], [[5.7804, 52.6283], [5.7832, 52.6574], [5.7714, 52.6599], [5.7655, 52.647], [5.7644, 52.623], [5.7701, 52.6164], [5.7753, 52.6188], [5.7804, 52.6283]], [[5.6949, 52.7553], [5.665864245428123, 52.757273303708764], [5.6719, 52.7559], [5.6949, 52.7553]], [[5.6719, 52.7282], [5.6544, 52.7247], [5.6659, 52.725], [5.6719, 52.7282]], [[5.654766170026293, 52.68359062226117], [5.655, 52.6834], [5.655057425742575, 52.68346264626462], [5.654766170026293, 52.68359062226117]], [[5.601460625000015, 52.64533], [5.6142, 52.6486], [5.62270330019883, 52.653358727634206], [5.601460625000015, 52.64533]], [[5.6251, 52.6547], [5.6374, 52.6744], [5.636103999999999, 52.676344], [5.624628430160688, 52.65443609394313], [5.6251, 52.6547]], [[5.634093051771127, 52.6780257493188], [5.63528965517241, 52.67756551724138], [5.635, 52.678], [5.634093051771127, 52.6780257493188]], [[5.60222831177339, 52.67860892418536], [5.609328147799409, 52.678728853847964], [5.6033, 52.6789], [5.60222831177339, 52.67860892418536]], [[5.5618657683852195, 52.667273640167366], [5.591131074766143, 52.675594859813025], [5.5628, 52.6679], [5.5618657683852195, 52.667273640167366]], [[5.55435671918442, 52.6510483781279], [5.552748494182067, 52.65256557152635], [5.5527, 52.6522], [5.55435671918442, 52.6510483781279]], [[5.564375947767429, 52.645956276326885], [5.55986119813137, 52.64722209398185], [5.5609, 52.6465], [5.564375947767429, 52.645956276326885]], [[5.5788, 52.6437], [5.5955, 52.6438], [5.597894008318163, 52.64441450480894], [5.572066909509246, 52.64475322085889], [5.5788, 52.6437]], [[5.4877, 52.7469], [5.490554642475988, 52.74999252934899], [5.4895, 52.7502], [5.4877, 52.7469]], [[5.5982, 52.7001], [5.5762, 52.6979], [5.5927, 52.6968], [5.5982, 52.7001]], [[5.344960852959901, 53.22484723106302], [5.3484, 53.2274], [5.351, 53.235], [5.344960852959901, 53.22484723106302]], [[5.4308567358055715, 53.42053058872826], [5.43270702299565, 53.418444810441265], [5.4328, 53.4197], [5.4308567358055715, 53.42053058872826]], [[5.2034, 53.3674], [5.2034, 53.3629], [5.2122, 53.3563], [5.214228125000001, 53.356987499999995], [5.2189, 53.3613], [5.2332, 53.3664], [5.2326, 53.3689], [5.2402, 53.3723], [5.2643, 53.3771], [5.2686, 53.3762], [5.2665, 53.3718], [5.2858, 53.3767], [5.3049, 53.3761], [5.3134, 53.3809], [5.325, 53.3786], [5.3588, 53.3898], [5.3801, 53.4016], [5.4127, 53.4043], [5.4242, 53.4081], [5.3815, 53.4168], [5.3442, 53.4105], [5.3309, 53.4052], [5.275, 53.4024], [5.4204, 53.425], [5.3715, 53.4193], [5.2463, 53.3976], [5.2163, 53.3857], [5.2066, 53.3756], [5.2034, 53.3674]], [[5.192484445030319, 53.316711890324285], [5.1944, 53.3372], [5.1919, 53.3218], [5.192484445030319, 53.316711890324285]], [[5.2063, 53.28], [5.193263603463875, 53.30992862866744], [5.1936, 53.307], [5.2063, 53.28]], [[5.342176673596669, 53.22278062370062], [5.3323, 53.2196], [5.3387, 53.2202], [5.342176673596669, 53.22278062370062]], [[5.3820235775248895, 52.66818854907539], [5.388, 52.666], [5.3837, 52.6687], [5.3820235775248895, 52.66818854907539]], [[5.3778, 52.6669], [5.375, 52.6619], [5.3751978373460245, 52.66054094344905], [5.380219433115824, 52.66763813213703], [5.3778, 52.6669]], [[5.3756, 52.9571], [5.3219, 52.9577], [5.3456, 52.9562], [5.3756, 52.9571]], [[5.3763, 53.149], [5.3608, 53.157], [5.358518609865478, 53.15632174887892], [5.3763, 53.149]], [[5.3525, 53.1306], [5.342781420765028, 53.14031857923497], [5.3422, 53.1381], [5.3525, 53.1306]], [[5.3525, 53.1249], [5.354083616830796, 53.12334870188003], [5.3525, 53.1306], [5.3525, 53.1249]], [[5.358270202329859, 53.12124279583078], [5.355806276747505, 53.12166119828816], [5.3574, 53.1201], [5.358270202329859, 53.12124279583078]], [[5.3606, 53.0448], [5.3606, 53.048], [5.3572, 53.0597], [5.3606, 53.0448]], [[5.351280728458822, 53.04562228866539], [5.3523, 53.0441], [5.3606, 53.0448], [5.351280728458822, 53.04562228866539]], [[5.342594249201278, 53.106526517571886], [5.344487522603975, 53.10823508137432], [5.3434, 53.1082], [5.342594249201278, 53.106526517571886]], [[5.3417283705541765, 53.09811946512269], [5.341881149970361, 53.10504546532306], [5.3408, 53.1028], [5.3417283705541765, 53.09811946512269]], [[5.3495, 53.0909], [5.34292937222162, 53.092064415049336], [5.3432, 53.0907], [5.3495, 53.0909]], [[5.2792, 52.9256], [5.2882222222222115, 52.931262222222216], [5.284, 52.9297], [5.2792, 52.9256]], [[5.3343, 52.9099], [5.3214280390958955, 52.90597923029932], [5.3266, 52.9064], [5.3343, 52.9099]], [[5.3457, 52.6614], [5.3332, 52.6609], [5.345729317526434, 52.6601002563281], [5.3457, 52.6614]], [[5.3315, 52.6585], [5.3315, 52.6543], [5.3332, 52.65243548387097], [5.3332, 52.6609], [5.3315, 52.6585]], [[5.2566, 53.1579], [5.252375718472517, 53.15980149599754], [5.2722, 53.1454], [5.2566, 53.1579]], [[5.3143, 53.2059], [5.333, 53.1944], [5.3302, 53.1971], [5.3143, 53.2059]], [[5.237935630141755, 53.24259918311382], [5.2651, 53.2238], [5.2456, 53.2395], [5.237935630141755, 53.24259918311382]], [[5.185031325301208, 53.262510240963856], [5.216405076142053, 53.25130532994927], [5.186, 53.2636], [5.185031325301208, 53.262510240963856]], [[5.1902, 53.2221], [5.1845954799255525, 53.262019914916245], [5.1836, 53.2609], [5.1902, 53.2221]], [[5.218435644355645, 53.17800331002331], [5.2114, 53.2005], [5.2152, 53.1819], [5.218435644355645, 53.17800331002331]], [[5.242453401871306, 53.16426787570752], [5.22231304715422, 53.17333374966373], [5.2245, 53.1707], [5.242453401871306, 53.16426787570752]], [[5.290030179028133, 52.68193972719522], [5.2896, 52.6866], [5.289, 52.6825], [5.290030179028133, 52.68193972719522]], [[5.3049, 52.6811], [5.293055705090692, 52.68029426565243], [5.2947, 52.6794], [5.3049, 52.6811]], [[5.32707278350515, 52.69671855670103], [5.331644522910166, 52.695339152570206], [5.3315, 52.6969], [5.32707278350515, 52.69671855670103]], [[5.2575, 52.644], [5.25861726384365, 52.64452351791531], [5.25711745120551, 52.64499012629162], [5.2575, 52.644]], [[5.2694319801673375, 53.06569178803843], [5.2465, 53.0371], [5.2688, 53.0628], [5.2694319801673375, 53.06569178803843]], [[5.230829348231984, 52.988672021945824], [5.2325, 52.9904], [5.2465, 53.0371], [5.230829348231984, 52.988672021945824]], [[5.2721, 53.0779], [5.271567246153846, 53.080576453846156], [5.270423050847457, 53.07022668721109], [5.2721, 53.0779]], [[5.2472, 53.1261], [5.2476839096920935, 53.12546647571712], [5.24760607995558, 53.1344947251527], [5.2466, 53.1343], [5.2472, 53.1261]], [[5.2497, 53.1349], [5.248223895348834, 53.13461430232558], [5.2623, 53.1214], [5.264924549356224, 53.12134643776824], [5.2497, 53.1349]], [[5.2672, 53.1213], [5.267107935222672, 53.12338680161943], [5.266431650806784, 53.12131568059578], [5.2672, 53.1213]], [[5.2669, 53.1281], [5.264024913892067, 53.13301791044778], [5.266958335792269, 53.1267777220419], [5.2669, 53.1281]], [[5.2593, 53.1411], [5.256171343666236, 53.14338885910733], [5.261000791891042, 53.138190750712695], [5.2593, 53.1411]], [[5.2213, 53.1689], [5.221263744894753, 53.16851932139491], [5.225247785379933, 53.166011883327315], [5.2213, 53.1689]], [[5.2207, 53.1626], [5.222847993289456, 53.1592841656988], [5.2210806831566545, 53.16659717314487], [5.2207, 53.1626]], [[5.230431373429085, 53.14757778276481], [5.2307, 53.1491], [5.226503025936608, 53.153641930835725], [5.230431373429085, 53.14757778276481]], [[5.2242, 53.1462], [5.2301, 53.1457], [5.230266958808064, 53.14664609991236], [5.2242, 53.1462]], [[5.202859375000008, 53.16169765624999], [5.2045, 53.1591], [5.206714193962745, 53.15765009633912], [5.202859375000008, 53.16169765624999]], [[5.193764395457581, 53.17779766199065], [5.1949, 53.1743], [5.200250819672116, 53.16582786885248], [5.193764395457581, 53.17779766199065]], [[5.1914, 53.1882], [5.190139259889409, 53.18896307954062], [5.191969805194805, 53.183325], [5.1914, 53.1882]], [[5.1876, 53.1905], [5.183942857142863, 53.1897], [5.188921739130432, 53.1897], [5.1876, 53.1905]], [[5.1684, 53.1863], [5.139, 53.1702], [5.1744902629297895, 53.18763224501589], [5.1684, 53.1863]], [[5.131340673076919, 53.04388778846154], [5.1296, 53.0466], [5.113, 53.0602], [5.131340673076919, 53.04388778846154]], [[5.1435, 52.9976], [5.146179229122055, 52.99366488222698], [5.143317289719627, 53.0028803271028], [5.1435, 52.9976]], [[5.1531, 52.9835], [5.1565119089919165, 52.98141614419165], [5.150442970471578, 52.98740251211987], [5.1531, 52.9835]], [[5.1847, 52.9642], [5.1879724599966766, 52.964028890980565], [5.175431146545181, 52.969861040242975], [5.1847, 52.9642]], [[5.2, 52.9634], [5.20522370177438, 52.96594709425362], [5.194285931558941, 52.96369877482045], [5.2, 52.9634]], [[5.2121, 52.9693], [5.21637619816041, 52.97372293045022], [5.210609727884701, 52.96857333839006], [5.2121, 52.9693]], [[5.2358, 52.9171], [5.2266, 52.9224], [5.237577801268495, 52.913769176933734], [5.2358, 52.9171]], [[5.2198, 52.9212], [5.218378720979921, 52.91991944167498], [5.2266, 52.9224], [5.2198, 52.9212]], [[5.2097, 52.9121], [5.2078, 52.9057], [5.21282831858407, 52.9149185840708], [5.2097, 52.9121]], [[5.1723, 53.2345], [5.1672, 53.2294], [5.1733542990919394, 53.2328288237798], [5.1723, 53.2345]], [[5.153834779240898, 53.22371843532146], [5.1545, 53.2209], [5.155062336301728, 53.220503404924045], [5.153834779240898, 53.22371843532146]], [[5.150879197994987, 53.25814536340853], [5.1507, 53.237], [5.152057708003665, 53.231247605563425], [5.150879197994987, 53.25814536340853]], [[5.151625280269057, 53.2750370515695], [5.151, 53.2724], [5.150982471991326, 53.27033169497651], [5.151625280269057, 53.2750370515695]], [[5.0777, 53.2734], [5.0682, 53.2634], [5.081776592640626, 53.274893819905984], [5.0777, 53.2734]], [[5.0935, 52.4481], [5.1069, 52.4505], [5.1125, 52.4548], [5.123765680473366, 52.45592189349112], [5.1372, 52.4604], [5.1125, 52.4611], [5.1034541372351105, 52.46822704339052], [5.1023, 52.468], [5.1007, 52.4579], [5.0925, 52.4516], [5.0935, 52.4481]], [[5.1415, 52.4609], [5.140611120689654, 52.462000517241385], [5.141076835810393, 52.46058046785683], [5.1415, 52.4609]], [[5.138, 52.4752], [5.1352, 52.4785], [5.137673646578141, 52.47095740551583], [5.138, 52.4752]], [[5.0514, 52.8519], [5.052714210526315, 52.85082473684211], [5.05229915272188, 52.85218849819953], [5.0514, 52.8519]], [[5.0679, 52.8384], [5.1019, 52.8211], [5.059171884498479, 52.84554118541033], [5.0679, 52.8384]], [[5.1232, 52.8738], [5.122003991130817, 52.87565188470067], [5.123278798208025, 52.872734953252824], [5.1232, 52.8738]], [[5.1108, 52.893], [5.109484615384616, 52.89343846153846], [5.112230323785804, 52.89078530510585], [5.1108, 52.893]], [[5.0606, 52.8955], [5.060493055555556, 52.89473611111111], [5.061322215865749, 52.89558768115942], [5.0606, 52.8955]], [[5.0599, 52.8905], [5.061200070175434, 52.889244000000005], [5.060004716531681, 52.8912479752263], [5.0599, 52.8905]], [[5.0658, 52.8848], [5.066206914433886, 52.88464217804667], [5.065302681992334, 52.885280459770115], [5.0658, 52.8848]], [[5.102, 53.312], [5.095114098519786, 53.31282805144382], [5.1074, 53.3092], [5.102, 53.312]], [[5.1076, 53.3035], [5.107786147186148, 53.303504329004326], [5.1074, 53.3092], [5.1076, 53.3035]], [[4.9135, 53.2568], [4.9162099630996385, 53.25671143911439], [4.9068, 53.2594], [4.9267, 53.2597], [4.9242, 53.2689], [4.9329, 53.2734], [4.9981, 53.2736], [5.0403, 53.2836], [5.0661, 53.2942], [5.0982, 53.2995], [5.1029, 53.3069], [5.093373310104533, 53.31303738675958], [5.0704, 53.3158], [5.0093, 53.3097], [4.9304, 53.2886], [4.9056, 53.2755], [4.8973, 53.2662], [4.9012, 53.2612], [4.9135, 53.2568]], [[4.9441, 53.2558], [4.945406830947632, 53.256149084979164], [4.936908563273073, 53.25603501427212], [4.9441, 53.2558]], [[4.9651, 53.2589], [4.9574, 53.2681], [4.957577421520899, 53.2669535840188], [4.9651, 53.2589]], [[4.9706, 53.2574], [4.9713729658792705, 53.257680256634586], [4.9651, 53.2589], [4.9706, 53.2574]], [[5.0176, 53.2554], [5.025972549019611, 53.25711568627451], [4.984, 53.2533], [5.0176, 53.2554]], [[5.042, 53.2604], [5.0548, 53.2662], [5.033440322580637, 53.258645967741934], [5.042, 53.2604]], [[5.0552, 53.2852], [5.070275998282523, 53.28373808501503], [5.0696, 53.2844], [5.055683404255319, 53.28592510638298], [5.0552, 53.2852]], [[5.1011, 53.2899], [5.0564, 53.287], [5.055777164750958, 53.286065747126436], [5.1011, 53.2899]], [[5.051348687583929, 52.88171023074106], [5.0627, 52.8779], [5.0541, 52.8821], [5.051348687583929, 52.88171023074106]], [[5.0421, 52.8804], [5.040362456597216, 52.87846041666666], [5.044751792072165, 52.88077567054356], [5.0421, 52.8804]], [[5.0378, 52.8756], [5.0378, 52.8679], [5.0391872905027935, 52.877148603351955], [5.0378, 52.8756]], [[4.9342, 52.8883], [4.9754, 52.8901], [4.9901, 52.9022], [4.9916, 52.9075], [5.0117, 52.9121], [5.0038, 52.9144], [5.0128, 52.9208], [5.0341, 52.9237], [5.0385, 52.9344], [5.0317, 52.9383], [5.0141, 52.9338], [5.0013, 52.9355], [4.9653, 52.9292], [4.9593, 52.9254], [4.9545, 52.9162], [4.9384, 52.9043], [4.9081, 52.8932], [4.9102, 52.8963], [4.9074, 52.8952], [4.9084, 52.892], [4.916775221238932, 52.88386637168142], [4.913, 52.8889], [4.9176, 52.8848], [4.9261, 52.8839], [4.9342, 52.8883]], [[4.9188, 52.8819], [4.919598036932288, 52.881755098985195], [4.918466502220032, 52.882223877651704], [4.9188, 52.8819]], [[4.9801, 52.8774], [4.983763963759914, 52.878538799547], [4.9557, 52.8752], [4.9801, 52.8774]], [[5.0129, 52.8947], [4.988777342239401, 52.88009701177711], [4.9949, 52.882], [5.013657988454349, 52.89479391007399], [5.0129, 52.8947]], [[5.0463, 52.9038], [5.046, 52.9113], [5.045448502994012, 52.903303293413174], [5.0463, 52.9038]], [[4.971167483506126, 52.93301206409048], [4.9709, 52.9327], [4.976878149417394, 52.933516970527755], [4.971167483506126, 52.93301206409048]], [[4.9779, 52.9397], [4.977952473763119, 52.94092788605697], [4.974215789473687, 52.936568421052634], [4.9779, 52.9397]], [[4.9017, 52.9555], [4.90202833739979, 52.95520930637853], [4.9013, 52.9675], [4.9017, 52.9555]], [[4.9314, 52.9074], [4.9557, 52.9237], [4.953209565743305, 52.92299113584129], [4.9314, 52.9074]], [[5.0334, 52.9954], [5.037380455784013, 52.996582313599205], [5.02507599170894, 52.9965371596026], [5.0334, 52.9954]], [[5.0435, 52.9984], [5.0435, 53.0025], [5.042533345304363, 52.998112874842874], [5.0435, 52.9984]], [[5.0204, 53.0251], [5.0115603245307065, 53.02854597518294], [5.024183447532257, 53.02139844527147], [5.0204, 53.0251]], [[4.9359, 53.0408], [4.9219, 53.0333], [4.940475366742147, 53.04152856158314], [4.9359, 53.0408]], [[4.944698824935269, 53.03144086835292], [4.9458, 53.0326], [4.9219, 53.0333], [4.944698824935269, 53.03144086835292]], [[4.9005, 53.0249], [4.9439, 53.0306], [4.944573445814403, 53.031308890330955], [4.9005, 53.0249]], [[5.007, 52.8422], [5.0246, 52.8485], [5.006822289964638, 52.84339460634882], [5.007, 52.8422]], [[5.0298, 52.8641], [5.0265, 52.8738], [5.029515384615384, 52.863246153846156], [5.0298, 52.8641]], [[5.0185, 52.8772], [5.0076, 52.878], [5.0265, 52.8738], [5.0185, 52.8772]], [[4.9036, 53.2149], [4.903260007950705, 53.219227171536474], [4.8989, 53.2035], [4.9036, 53.2149]], [[4.8699, 53.2294], [4.865578813690564, 53.22721383769552], [4.875755466179162, 53.23045639853748], [4.8699, 53.2294]], [[4.7502, 53.0102], [4.7733, 53.0114], [4.7877, 53.0193], [4.7941, 53.0293], [4.8414, 53.0326], [4.8723, 53.0549], [4.8727, 53.0654], [4.8965, 53.0778], [4.8985, 53.0959], [4.8911, 53.1001], [4.8458, 53.0921], [4.8234, 53.0826], [4.814, 53.0817], [4.8128, 53.0761], [4.8168, 53.0721], [4.7893, 53.0767], [4.7887, 53.083], [4.7942, 53.0939], [4.8048, 53.0894], [4.8102, 53.0975], [4.836, 53.1044], [4.8235, 53.1177], [4.8254, 53.1282], [4.8177, 53.1345], [4.7913, 53.1274], [4.7875, 53.1247], [4.7888, 53.1202], [4.7736, 53.1163], [4.7674, 53.1099], [4.7449, 53.0988], [4.7718, 53.1251], [4.7768366131955, 53.132177766964205], [4.7361, 53.09], [4.7262, 53.073], [4.7221, 53.0326], [4.7333, 53.0146], [4.7398, 53.0106], [4.7847, 53.0001], [4.7502, 53.0102]], [[4.8114, 53.0044], [4.811876702697967, 53.004700746990075], [4.811070054825505, 53.004346862762155], [4.8114, 53.0044]], [[4.917676497829231, 53.067441852387844], [4.892373975214506, 53.04670784080077], [4.894, 53.0474], [4.9155, 53.0644], [4.917676497829231, 53.067441852387844]], [[4.9238, 53.076], [4.92396116142781, 53.077394046350555], [4.921831556252452, 53.07324892199138], [4.9238, 53.076]], [[4.8706, 52.9866], [4.7894, 52.9745], [4.8664, 52.9839], [4.8706, 52.9866]], [[4.8119, 52.4094], [4.8141, 52.3993], [4.8196, 52.3984], [4.8219, 52.4129], [4.8119, 52.4094]], [[4.75, 52.4149], [4.7421, 52.4137], [4.7366, 52.4088], [4.7487, 52.4021], [4.75, 52.4149]], [[4.9482, 52.884], [4.9463, 52.8816], [4.9484, 52.8795], [4.9632, 52.8786], [4.9482, 52.884]], [[4.9699, 52.8817], [4.9822, 52.8803], [4.986, 52.8828], [4.9699, 52.8817]], [[4.819, 53.161], [4.8287, 53.1495], [4.8413, 53.1427], [4.8525, 53.1439], [4.8594, 53.1487], [4.8512, 53.168], [4.8603, 53.1743], [4.8645, 53.1928], [4.8814, 53.2077], [4.8794, 53.2138], [4.8703, 53.2148], [4.8574, 53.2096], [4.8355, 53.1985], [4.8188, 53.185], [4.8164, 53.1714], [4.819, 53.161]], [[6.964, 50.9322], [6.9654, 50.9262], [6.9673, 50.925], [6.964, 50.9322]], [[7.0376, 50.7825], [7.0467, 50.7759], [7.0533, 50.7741], [7.0412, 50.7802], [7.0376, 50.7825]], [[7.0844, 50.7667], [7.0766, 50.7683], [7.0929, 50.7616], [7.0844, 50.7667]], [[6.1638, 51.3681], [6.1666, 51.3711], [6.1662, 51.371], [6.1604, 51.3667], [6.1638, 51.3681]], [[5.5812, 50.6444], [5.579, 50.6411], [5.5823, 50.643], [5.6014, 50.6484], [5.5812, 50.6444]], [[5.5857, 50.6375], [5.587, 50.6384], [5.585, 50.6433], [5.5779, 50.6379], [5.5857, 50.6375]], [[5.5689, 50.6356], [5.576, 50.6383], [5.5771, 50.6418], [5.5744, 50.6414], [5.5688, 50.6441], [5.5659, 50.6427], [5.5691, 50.6401], [5.5689, 50.6356]], [[5.5713, 50.6308], [5.5721, 50.6327], [5.576, 50.6361], [5.5703, 50.6347], [5.5693, 50.6328], [5.5713, 50.6308]], [[5.5705, 50.6299], [5.5717, 50.6298], [5.5713, 50.6305], [5.5705, 50.6299]], [[5.6054, 50.6509], [5.6082, 50.6533], [5.6022, 50.6506], [5.6004, 50.6496], [5.6054, 50.6509]], [[5.6814, 50.7055], [5.6819, 50.7082], [5.6778, 50.7059], [5.6814, 50.7055]], [[5.6768, 50.7047], [5.6779, 50.7016], [5.6785, 50.7032], [5.6768, 50.7047]], [[5.6755, 50.702], [5.6765, 50.7014], [5.6769, 50.7019], [5.6755, 50.702]], [[5.6733, 50.6983], [5.673, 50.6949], [5.6758, 50.7007], [5.6733, 50.6983]], [[5.6884, 50.7437], [5.6904, 50.7402], [5.691, 50.7418], [5.6884, 50.7437]], [[5.69, 50.7315], [5.6907, 50.7308], [5.691, 50.7351], [5.69, 50.7315]], [[6.1961, 51.827], [6.174, 51.8244], [6.1808, 51.818], [6.1797, 51.7991], [6.1872, 51.7921], [6.1999, 51.7929], [6.2166, 51.8107], [6.2255, 51.8131], [6.235, 51.8084], [6.2434, 51.7985], [6.2651, 51.814], [6.2663, 51.8189], [6.2573, 51.8252], [6.2498, 51.8263], [6.1961, 51.827]], [[5.667, 51.951], [5.6478, 51.9531], [5.6345, 51.9437], [5.6153, 51.9405], [5.6032, 51.9419], [5.5894, 51.9497], [5.557, 51.9548], [5.5369, 51.9681], [5.5099, 51.9736], [5.4881, 51.9827], [5.4565, 51.9825], [5.4416, 51.9863], [5.4307, 51.9837], [5.423, 51.9702], [5.4074, 51.9643], [5.3979, 51.9642], [5.3875, 51.9727], [5.381, 51.9736], [5.375, 51.9651], [5.3662, 51.9639], [5.3635, 51.9662], [5.3657, 51.9722], [5.3621, 51.9727], [5.3486, 51.9678], [5.3373, 51.9576], [5.3186, 51.9535], [5.298, 51.9613], [5.2624, 51.9663], [5.2457, 51.9776], [5.2357, 51.9792], [5.2207, 51.9604], [5.2131, 51.9573], [5.2193, 51.958], [5.2201, 51.9572], [5.2037, 51.9563], [5.1773, 51.9673], [5.1503, 51.9716], [5.1441, 51.9763], [5.1373, 51.995], [5.1059, 52.0012], [5.0677, 51.9935], [5.0447, 51.9803], [5.032, 51.9683], [5.0209, 51.9692], [5.002, 51.9768], [4.9913, 51.9743], [4.97, 51.958], [4.9399, 51.9628], [4.9328, 51.9584], [4.9275, 51.9483], [4.9177, 51.9422], [4.8831, 51.9366], [4.8342, 51.9398], [4.8101, 51.9222], [4.7676, 51.9157], [4.7185, 51.8944], [4.7001, 51.8955], [4.6686, 51.8885], [4.621, 51.8885], [4.6348, 51.8709], [4.6494, 51.8638], [4.6566, 51.8535], [4.6751, 51.8385], [4.6685, 51.8275], [4.6748, 51.8219], [4.7057, 51.8246], [4.7542, 51.8233], [4.786, 51.8159], [4.8124, 51.8211], [4.8867, 51.8207], [4.9084, 51.8295], [4.9313, 51.8333], [4.9602, 51.8271], [4.9875, 51.8275], [5.0442, 51.8195], [5.0758, 51.8288], [5.0925, 51.8296], [5.1196, 51.8186], [5.148, 51.8156], [5.1712, 51.8195], [5.2094, 51.811], [5.2426, 51.82], [5.3083, 51.8272], [5.3311, 51.8188], [5.3327, 51.8166], [5.3287, 51.8169], [5.33, 51.813], [5.3377, 51.8071], [5.3551, 51.8091], [5.3687, 51.8148], [5.38, 51.8319], [5.4068, 51.8446], [5.4206, 51.871], [5.443, 51.888], [5.4869, 51.8932], [5.5104, 51.891], [5.5493, 51.9035], [5.5796, 51.9056], [5.5962, 51.9002], [5.6316, 51.9008], [5.6561, 51.9053], [5.6631, 51.8995], [5.6791, 51.8946], [5.7105, 51.8948], [5.7336, 51.8869], [5.8013, 51.8772], [5.8647, 51.8522], [5.8882, 51.856], [5.8947, 51.8598], [5.8899, 51.8796], [5.8998, 51.8854], [5.92, 51.8821], [5.9505, 51.8675], [5.9933, 51.8657], [6.0046, 51.8689], [6.0197, 51.8859], [6.0296, 51.8883], [6.0433, 51.8853], [6.0538, 51.8724], [6.0693, 51.8657], [6.0782, 51.8662], [6.088, 51.8736], [6.0953, 51.8751], [6.1091, 51.8721], [6.1094, 51.8575], [6.1266, 51.8609], [6.1366, 51.8706], [6.1313, 51.8823], [6.1014, 51.8906], [6.0742, 51.9028], [6.0429, 51.9036], [6.0213, 51.9146], [5.9922, 51.9127], [5.9683, 51.9168], [5.9585, 51.9235], [5.9532, 51.9328], [5.9463, 51.9355], [5.935, 51.9491], [5.9306, 51.9706], [5.9174, 51.9632], [5.9047, 51.9642], [5.8962, 51.9711], [5.8986, 51.9795], [5.8889, 51.9828], [5.8757, 51.9781], [5.8654, 51.9689], [5.8235, 51.9723], [5.7823, 51.9577], [5.7424, 51.9696], [5.7231, 51.9628], [5.6815, 51.9582], [5.667, 51.951]], [[5.0269, 51.8044], [5.0549, 51.7959], [5.0698, 51.7809], [5.082, 51.7816], [5.0924, 51.7901], [5.1042, 51.7895], [5.1176, 51.7793], [5.1426, 51.7713], [5.1365, 51.7617], [5.1405, 51.7565], [5.1771, 51.7624], [5.1867, 51.7539], [5.1884, 51.7432], [5.198, 51.7415], [5.2232, 51.7443], [5.2498, 51.7346], [5.2757, 51.7468], [5.2967, 51.7371], [5.3542, 51.7582], [5.3573, 51.7633], [5.355, 51.7688], [5.32, 51.7865], [5.3263, 51.7909], [5.3343, 51.7886], [5.3426, 51.7956], [5.3585, 51.7982], [5.36, 51.802], [5.3371, 51.804], [5.3092, 51.8243], [5.286, 51.8182], [5.2465, 51.816], [5.2066, 51.8063], [5.1699, 51.816], [5.1264, 51.8114], [5.0913, 51.825], [5.0763, 51.8267], [5.0445, 51.8126], [5.02, 51.8181], [5.0103, 51.818], [5.0103, 51.8146], [5.0269, 51.8044]], [[4.7536, 51.7988], [4.7445, 51.8024], [4.6729, 51.8197], [4.6642, 51.8181], [4.6446, 51.8043], [4.631, 51.7991], [4.6465, 51.7881], [4.6611, 51.7891], [4.6977, 51.7821], [4.7408, 51.7816], [4.7535, 51.7869], [4.7571, 51.7932], [4.7536, 51.7988]], [[4.6552, 51.8122], [4.6555, 51.8121], [4.6553, 51.8123], [4.6552, 51.8122]], [[4.663, 51.8351], [4.668, 51.8288], [4.6723, 51.8393], [4.6602, 51.8495], [4.663, 51.8351]], [[6.6048, 51.6521], [6.6082, 51.6544], [6.6054, 51.6629], [6.5798, 51.6616], [6.6048, 51.6521]], [[6.6075, 51.6503], [6.6099, 51.6483], [6.6082, 51.6532], [6.6075, 51.6503]], [[5.6946, 50.794], [5.694, 50.7976], [5.6927, 50.7966], [5.6946, 50.794]], [[6.7279, 51.2187], [6.7225, 51.214], [6.7239, 51.2108], [6.7338, 51.2147], [6.7537, 51.2185], [6.7279, 51.2187]], [[6.6968, 51.1991], [6.728, 51.1998], [6.7196, 51.2079], [6.711, 51.2105], [6.7058, 51.2129], [6.6995, 51.2173], [6.6915, 51.2081], [6.6968, 51.1991]], [[6.719, 51.2085], [6.7168, 51.2152], [6.7217, 51.2215], [6.7008, 51.2178], [6.719, 51.2085]], [[5.2209, 51.9621], [5.2017, 51.9584], [5.2051, 51.9569], [5.2209, 51.9621]], [[5.0945, 52.0011], [5.0986, 52.0027], [5.0891, 52.0022], [5.0872, 52.0003], [5.0945, 52.0011]], [[5.9853, 51.1977], [5.9874, 51.2], [5.9838, 51.1995], [5.9853, 51.1977]], [[5.9939, 51.1996], [5.9944, 51.1998], [5.9899, 51.2002], [5.9939, 51.1996]], [[6.1494, 52.0227], [6.1292, 52.0228], [6.117, 52.0066], [6.1277, 52.0094], [6.1309, 52.0179], [6.1494, 52.0227]], [[6.1525, 52.027], [6.1505, 52.0255], [6.1567, 52.0282], [6.1525, 52.027]], [[5.6254, 52.6605], [5.6256, 52.6684], [5.6175, 52.673], [5.6058, 52.673], [5.5769, 52.6677], [5.5655, 52.6606], [5.5655, 52.6526], [5.5748, 52.6476], [5.5851, 52.6465], [5.619, 52.6545], [5.6254, 52.6605]], [[7.1249, 53.1537], [7.1374, 53.1559], [7.146, 53.1637], [7.1327, 53.1606], [7.1249, 53.1537]], [[7.1889, 53.2422], [7.1918, 53.254], [7.1901, 53.2588], [7.1816, 53.2634], [7.1755, 53.2497], [7.1824, 53.2414], [7.1889, 53.2422]], [[7.1154, 53.3057], [7.1182, 53.3073], [7.1124, 53.3093], [7.1094, 53.3084], [7.1154, 53.3057]], [[7.125, 53.2984], [7.1182, 53.3034], [7.1135, 53.2999], [7.1129, 53.292], [7.1144, 53.2881], [7.1199, 53.2867], [7.1276, 53.2907], [7.125, 53.2984]], [[6.3433, 53.4458], [6.3219, 53.4414], [6.3067, 53.4313], [6.3196, 53.4336], [6.3433, 53.4458]], [[6.3017, 53.4242], [6.3042, 53.4295], [6.3018, 53.4315], [6.2663, 53.4164], [6.2572, 53.4088], [6.2661, 53.4058], [6.2859, 53.4139], [6.3017, 53.4242]], [[6.4038, 53.4067], [6.4013, 53.404], [6.4049, 53.4064], [6.4038, 53.4067]], [[6.3952, 53.4027], [6.3957, 53.4044], [6.3907, 53.4024], [6.3952, 53.4027]], [[6.3104, 53.4367], [6.3077, 53.4363], [6.3036, 53.4335], [6.3091, 53.4345], [6.3104, 53.4367]], [[5.2482, 53.2664], [5.245, 53.2652], [5.2481, 53.261], [5.2537, 53.2613], [5.2545, 53.2624], [5.2482, 53.2664]], [[6.1419, 53.403], [6.1402, 53.4015], [6.1494, 53.3993], [6.1521, 53.4045], [6.1419, 53.403]], [[5.9198, 53.4623], [5.9294, 53.4644], [5.9249, 53.467], [5.898, 53.4663], [5.8733, 53.4613], [5.8927, 53.453], [5.9201, 53.4583], [5.9221, 53.4602], [5.9198, 53.4623]], [[5.7658, 53.4618], [5.7433, 53.4557], [5.7598, 53.4452], [5.7788, 53.4411], [5.7931, 53.4442], [5.8055, 53.441], [5.8111, 53.4458], [5.8261, 53.448], [5.86, 53.4461], [5.8786, 53.4515], [5.8727, 53.4551], [5.7929, 53.4635], [5.7658, 53.4618]], [[5.6505, 53.4315], [5.6636, 53.4319], [5.6672, 53.4385], [5.6944, 53.4372], [5.7031, 53.4341], [5.7311, 53.4468], [5.7554, 53.443], [5.7468, 53.4495], [5.7194, 53.4579], [5.655, 53.4617], [5.6254, 53.4579], [5.6133, 53.452], [5.6113, 53.4475], [5.6156, 53.44], [5.6273, 53.4415], [5.6354, 53.4366], [5.6351, 53.4328], [5.6505, 53.4315]], [[6.1435, 53.4954], [6.1021, 53.4848], [6.0925, 53.4749], [6.0954, 53.4692], [6.1154, 53.4754], [6.1393, 53.4777], [6.1426, 53.4751], [6.1629, 53.475], [6.1774, 53.4762], [6.1846, 53.4807], [6.2085, 53.4787], [6.2107, 53.4818], [6.1903, 53.4908], [6.1886, 53.4928], [6.1976, 53.4929], [6.189, 53.4959], [6.1435, 53.4954]], [[6.3038, 53.518], [6.2986, 53.5145], [6.2985, 53.5108], [6.3054, 53.4992], [6.3117, 53.4999], [6.3115, 53.5138], [6.3415, 53.5172], [6.3311, 53.5215], [6.3038, 53.518]], [[8.7353, 54.8506], [8.7312, 54.8573], [8.7353, 54.8732], [8.723, 54.8936], [8.6899, 54.9089], [8.6694, 54.9109], [8.6629, 54.9035], [8.6612, 54.8917], [8.6553, 54.8837], [8.6466, 54.8792], [8.6414, 54.8441], [8.6474, 54.8351], [8.6464, 54.8191], [8.6602, 54.7962], [8.6831, 54.7939], [8.6973, 54.7964], [8.7122, 54.8219], [8.7104, 54.8361], [8.7353, 54.8506]], [[8.4376, 55.0545], [8.4153, 55.0504], [8.3991, 55.054], [8.396, 55.0518], [8.3095, 54.9294], [8.2925, 54.8963], [8.2862, 54.8609], [8.2811, 54.7907], [8.2822, 54.7454], [8.2885, 54.7463], [8.2987, 54.7679], [8.2916, 54.7883], [8.2981, 54.8067], [8.2941, 54.8252], [8.2992, 54.8783], [8.3159, 54.8839], [8.3219, 54.8816], [8.335, 54.8835], [8.3474, 54.8765], [8.364, 54.8774], [8.3762, 54.8607], [8.4093, 54.848], [8.416, 54.8481], [8.4247, 54.8561], [8.458, 54.8614], [8.4794, 54.8719], [8.4795, 54.8744], [8.471, 54.8767], [8.4186, 54.8789], [8.3715, 54.8965], [8.3616, 54.9104], [8.3565, 54.9627], [8.3469, 54.9669], [8.38, 54.9992], [8.4259, 55.0136], [8.4142, 55.0167], [8.4182, 55.0263], [8.4129, 55.0358], [8.401, 55.0373], [8.3952, 55.0457], [8.4382, 55.042], [8.4639, 55.0463], [8.4376, 55.0545]], [[8.4471, 55.027], [8.4283, 55.0288], [8.4243, 55.0162], [8.4281, 55.0131], [8.4411, 55.0183], [8.4471, 55.027]], [[8.5748, 54.6959], [8.5735, 54.7015], [8.5836, 54.7137], [8.5955, 54.7193], [8.5802, 54.7283], [8.5854, 54.7371], [8.5822, 54.7446], [8.5672, 54.7501], [8.5358, 54.754], [8.5079, 54.7464], [8.4591, 54.7494], [8.4289, 54.7457], [8.409, 54.7335], [8.3983, 54.7195], [8.3966, 54.7082], [8.4015, 54.7015], [8.4523, 54.6938], [8.4623, 54.6867], [8.4819, 54.6812], [8.5658, 54.6803], [8.5748, 54.6959]], [[8.3667, 54.6233], [8.3906, 54.6263], [8.3783, 54.6325], [8.38, 54.6405], [8.3714, 54.6461], [8.361, 54.6479], [8.3508, 54.6728], [8.3373, 54.685], [8.338, 54.695], [8.3594, 54.71], [8.3527, 54.7088], [8.308, 54.6824], [8.2968, 54.671], [8.2968, 54.6647], [8.3054, 54.6543], [8.3485, 54.6226], [8.3672, 54.6107], [8.379, 54.6098], [8.3781, 54.6195], [8.3891, 54.6238], [8.3667, 54.6233]], [[8.7464, 54.863], [8.7415, 54.8615], [8.7425, 54.8506], [8.728, 54.8187], [8.7536, 54.841], [8.761, 54.8548], [8.7464, 54.863]], [[8.7369, 54.8867], [8.7634, 54.873], [8.7678, 54.8751], [8.7663, 54.8783], [8.7369, 54.8867]], [[8.7753, 54.887], [8.7684, 54.8863], [8.7678, 54.8848], [8.7806, 54.8832], [8.7753, 54.887]], [[8.7877, 54.8911], [8.7757, 54.8897], [8.7878, 54.8895], [8.7877, 54.8911]], [[8.7905, 54.8865], [8.7906, 54.8824], [8.7973, 54.8827], [8.7928, 54.8862], [8.7905, 54.8865]], [[8.7781, 54.874], [8.7722, 54.8711], [8.7739, 54.864], [8.7794, 54.8668], [8.7781, 54.874]], [[8.7853, 54.8476], [8.7781, 54.8441], [8.7868, 54.8443], [8.7853, 54.8476]], [[8.7827, 54.8083], [8.7895, 54.8045], [8.801, 54.8062], [8.8069, 54.8115], [8.7874, 54.8148], [8.7827, 54.8083]], [[8.7493, 54.8101], [8.7615, 54.8093], [8.7695, 54.8156], [8.7651, 54.8209], [8.7507, 54.8163], [8.7493, 54.8101]], [[8.7962, 54.7933], [8.7884, 54.793], [8.7872, 54.7903], [8.7943, 54.7898], [8.7962, 54.7933]], [[8.78, 54.7947], [8.7683, 54.7952], [8.762, 54.7923], [8.7803, 54.7904], [8.78, 54.7947]], [[8.757, 54.7948], [8.7501, 54.7955], [8.7406, 54.7922], [8.7552, 54.7915], [8.757, 54.7948]], [[8.7595, 54.7764], [8.7527, 54.7761], [8.7439, 54.771], [8.7628, 54.772], [8.7595, 54.7764]], [[8.7425, 54.7533], [8.762, 54.754], [8.7623, 54.7572], [8.7552, 54.7591], [8.7461, 54.7564], [8.7425, 54.7533]], [[8.6815, 54.7639], [8.696, 54.7648], [8.7119, 54.7701], [8.7076, 54.7738], [8.6903, 54.7703], [8.6815, 54.7639]], [[8.7162, 54.7596], [8.7079, 54.7613], [8.689, 54.7551], [8.6781, 54.7468], [8.6931, 54.7466], [8.7217, 54.7538], [8.7162, 54.7596]], [[8.7154, 54.7433], [8.7087, 54.7455], [8.6888, 54.7406], [8.7038, 54.7388], [8.7154, 54.7433]], [[8.7069, 54.7282], [8.7392, 54.7415], [8.7265, 54.7418], [8.6939, 54.7295], [8.6887, 54.7317], [8.6875, 54.7262], [8.7053, 54.7247], [8.7069, 54.7282]], [[8.7698, 54.6969], [8.7901, 54.6988], [8.7965, 54.706], [8.7872, 54.7176], [8.7737, 54.7217], [8.7505, 54.7162], [8.743, 54.7071], [8.7627, 54.7056], [8.7537, 54.6985], [8.7698, 54.6969]], [[8.8041, 54.6588], [8.817, 54.6523], [8.833, 54.6523], [8.8389, 54.6667], [8.8342, 54.6852], [8.8275, 54.6895], [8.817, 54.6904], [8.8053, 54.6884], [8.7975, 54.6834], [8.7959, 54.678], [8.8041, 54.6588]], [[8.7694, 54.6608], [8.7884, 54.6591], [8.7894, 54.6636], [8.7826, 54.6705], [8.7736, 54.6704], [8.7694, 54.6608]], [[8.8079, 54.6449], [8.7923, 54.6512], [8.7885, 54.6443], [8.8079, 54.6449]], [[8.7359, 54.6429], [8.7147, 54.6398], [8.7106, 54.6314], [8.7203, 54.6273], [8.7285, 54.629], [8.7377, 54.6347], [8.7359, 54.6429]], [[8.6161, 54.6485], [8.6205, 54.6463], [8.6201, 54.6433], [8.5671, 54.637], [8.5971, 54.6357], [8.6048, 54.6327], [8.6561, 54.6407], [8.6627, 54.6456], [8.6569, 54.6532], [8.6184, 54.653], [8.6161, 54.6485]], [[8.7096, 54.685], [8.6871, 54.6773], [8.6631, 54.6746], [8.6746, 54.6716], [8.7041, 54.672], [8.7164, 54.678], [8.718, 54.6824], [8.7096, 54.685]], [[8.5741, 54.6614], [8.5583, 54.6647], [8.5209, 54.653], [8.5314, 54.6458], [8.5523, 54.6457], [8.572, 54.6522], [8.5741, 54.6614]], [[8.4988, 54.6378], [8.4806, 54.6356], [8.4384, 54.6229], [8.4315, 54.6179], [8.4542, 54.6158], [8.4675, 54.6202], [8.4798, 54.6154], [8.5001, 54.6163], [8.5264, 54.6244], [8.5263, 54.632], [8.5232, 54.6355], [8.4988, 54.6378]], [[8.8694, 54.0161], [8.8703, 54.03], [8.8795, 54.0366], [8.8692, 54.0396], [8.8524, 54.0378], [8.8427, 54.0274], [8.8458, 54.0175], [8.8515, 54.014], [8.8694, 54.0161]], [[8.8799, 54.1359], [8.9237, 54.1331], [8.93, 54.1407], [8.9159, 54.146], [8.9178, 54.1509], [8.9108, 54.1568], [8.9003, 54.1593], [8.8474, 54.1484], [8.8515, 54.1418], [8.8444, 54.1409], [8.8418, 54.1351], [8.8441, 54.1309], [8.8599, 54.1271], [8.8799, 54.1359]], [[8.7431, 54.1621], [8.7391, 54.1656], [8.7384, 54.1721], [8.7358, 54.1733], [8.7294, 54.1659], [8.7431, 54.1621]], [[8.6834, 54.0489], [8.6954, 54.0459], [8.6886, 54.0526], [8.6999, 54.0574], [8.6913, 54.0618], [8.6997, 54.0672], [8.6914, 54.0673], [8.6818, 54.0621], [8.6788, 54.0549], [8.6834, 54.0489]], [[8.6893, 54.5124], [8.6916, 54.5182], [8.6801, 54.5271], [8.6547, 54.5379], [8.6343, 54.5382], [8.6243, 54.5352], [8.598, 54.5355], [8.5898, 54.5301], [8.5874, 54.5185], [8.5933, 54.5063], [8.6091, 54.5009], [8.6103, 54.4954], [8.6272, 54.4883], [8.6741, 54.4961], [8.6787, 54.4995], [8.6805, 54.5063], [8.6893, 54.5124]], [[8.946, 54.513], [8.9396, 54.5187], [8.912, 54.5181], [8.9047, 54.543], [8.8962, 54.551], [8.8605, 54.5639], [8.8318, 54.5788], [8.8149, 54.5955], [8.8043, 54.5982], [8.7674, 54.5941], [8.7358, 54.5999], [8.6826, 54.5938], [8.6527, 54.5846], [8.6182, 54.5665], [8.6211, 54.5591], [8.6281, 54.5536], [8.6533, 54.553], [8.6703, 54.5489], [8.7153, 54.5268], [8.7516, 54.5343], [8.7979, 54.5302], [8.8154, 54.52], [8.8175, 54.5104], [8.8064, 54.4975], [8.8116, 54.4897], [8.821, 54.487], [8.8111, 54.4765], [8.8116, 54.47], [8.8239, 54.4649], [8.8643, 54.4608], [8.9015, 54.4626], [8.9156, 54.4684], [8.9407, 54.4898], [8.9475, 54.5006], [8.946, 54.513]], [[8.5372, 54.565], [8.5481, 54.5573], [8.5754, 54.5594], [8.5742, 54.5763], [8.5516, 54.5805], [8.5128, 54.5787], [8.5094, 54.5776], [8.5161, 54.5703], [8.5372, 54.565]], [[8.506, 54.5315], [8.5086, 54.5224], [8.5244, 54.5248], [8.5232, 54.5298], [8.506, 54.5315]], [[8.4697, 54.5082], [8.481, 54.5013], [8.4872, 54.5072], [8.4884, 54.5239], [8.4999, 54.5274], [8.4993, 54.5299], [8.4905, 54.5318], [8.4829, 54.5429], [8.4779, 54.5446], [8.4708, 54.54], [8.4697, 54.5082]], [[8.4892, 54.5629], [8.4802, 54.5803], [8.4724, 54.5794], [8.4646, 54.5734], [8.4593, 54.5627], [8.4636, 54.5566], [8.4786, 54.558], [8.4892, 54.5629]], [[8.5628, 54.4646], [8.5511, 54.47], [8.54, 54.4662], [8.5554, 54.4595], [8.5628, 54.4646]], [[8.4739, 54.4577], [8.4716, 54.4652], [8.479, 54.4737], [8.478, 54.4762], [8.4456, 54.4681], [8.441, 54.4622], [8.4427, 54.4544], [8.4568, 54.4344], [8.4833, 54.4221], [8.4991, 54.4187], [8.5213, 54.4306], [8.5107, 54.4341], [8.5083, 54.4489], [8.5032, 54.4543], [8.4812, 54.4546], [8.4739, 54.4577]], [[8.733, 54.467], [8.7274, 54.4679], [8.719, 54.4661], [8.7264, 54.4622], [8.733, 54.467]], [[8.7138, 54.4708], [8.7088, 54.466], [8.7098, 54.4648], [8.718, 54.4693], [8.7138, 54.4708]], [[8.6982, 54.4734], [8.7032, 54.4704], [8.7088, 54.4731], [8.7026, 54.4751], [8.6982, 54.4734]], [[8.7449, 54.5079], [8.7347, 54.5089], [8.7352, 54.5056], [8.7468, 54.5045], [8.7449, 54.5079]], [[8.9123, 54.5505], [8.9252, 54.5462], [8.9315, 54.5475], [8.93, 54.5544], [8.9135, 54.5547], [8.9123, 54.5505]], [[8.8898, 54.5659], [8.9017, 54.5616], [8.9073, 54.563], [8.8938, 54.5673], [8.8898, 54.5659]], [[8.4997, 53.9124], [8.5152, 53.9168], [8.5181, 53.9221], [8.4982, 53.9316], [8.4939, 53.9305], [8.4884, 53.9244], [8.4865, 53.9138], [8.4997, 53.9124]], [[8.429, 53.9426], [8.449, 53.9566], [8.4593, 53.9596], [8.4339, 53.9635], [8.4196, 53.9545], [8.4259, 53.9517], [8.4247, 53.9476], [8.429, 53.9426]], [[8.3759, 53.8378], [8.3523, 53.8341], [8.3412, 53.8247], [8.3643, 53.8198], [8.3725, 53.8305], [8.3805, 53.8333], [8.3759, 53.8378]], [[9.4397, 53.6967], [9.4524, 53.6932], [9.4707, 53.6953], [9.4667, 53.7021], [9.4417, 53.7106], [9.4228, 53.7222], [9.4304, 53.7036], [9.4397, 53.6967]], [[9.3465, 53.7814], [9.3332, 53.7697], [9.3376, 53.7545], [9.3516, 53.7434], [9.3797, 53.7383], [9.407, 53.7264], [9.4178, 53.7253], [9.3641, 53.7784], [9.358, 53.781], [9.3465, 53.7814]], [[9.4912, 53.6651], [9.4913, 53.656], [9.4994, 53.645], [9.5078, 53.6374], [9.515, 53.6357], [9.4969, 53.6671], [9.4912, 53.6651]], [[9.5332, 53.6207], [9.5272, 53.626], [9.5197, 53.6262], [9.5252, 53.6215], [9.5332, 53.6207]], [[9.5336, 53.6202], [9.5273, 53.6205], [9.5382, 53.614], [9.5386, 53.6144], [9.5336, 53.6202]], [[9.5292, 53.627], [9.5255, 53.6281], [9.5218, 53.628], [9.5244, 53.6266], [9.5292, 53.627]], [[9.5275, 53.6285], [9.524, 53.6299], [9.5225, 53.6288], [9.5275, 53.6285]], [[9.7156, 53.5495], [9.7119, 53.5475], [9.7231, 53.5447], [9.7325, 53.5475], [9.7156, 53.5495]], [[9.5955, 53.6068], [9.607, 53.6017], [9.6114, 53.6034], [9.6028, 53.6114], [9.5957, 53.6134], [9.5955, 53.6068]], [[9.5618, 53.6202], [9.5779, 53.6133], [9.5681, 53.6216], [9.5618, 53.6202]], [[9.6512, 53.5968], [9.6349, 53.5979], [9.6231, 53.6051], [9.6185, 53.6047], [9.6186, 53.6014], [9.6633, 53.5813], [9.6725, 53.579], [9.6572, 53.5881], [9.6512, 53.5968]], [[9.4996, 53.71], [9.5026, 53.7047], [9.523, 53.6917], [9.5166, 53.7026], [9.5049, 53.7083], [9.4996, 53.71]], [[7.8996, 54.1822], [7.9183, 54.1815], [7.9117, 54.1882], [7.8897, 54.1832], [7.8759, 54.1881], [7.8696, 54.188], [7.8839, 54.178], [7.8996, 54.1822]], [[8.3192, 53.5433], [8.3296, 53.5333], [8.3367, 53.5005], [8.3966, 53.4795], [8.4047, 53.4696], [8.4173, 53.464], [8.417, 53.4312], [8.4181, 53.423], [8.4229, 53.4165], [8.4176, 53.4092], [8.417, 53.4025], [8.4235, 53.3928], [8.4315, 53.3901], [8.4329, 53.3825], [8.4411, 53.3787], [8.4459, 53.3409], [8.4645, 53.3321], [8.4844, 53.3298], [8.4868, 53.3331], [8.4836, 53.3454], [8.4668, 53.3623], [8.4596, 53.3846], [8.4674, 53.4084], [8.4536, 53.449], [8.4585, 53.4588], [8.4583, 53.4651], [8.4539, 53.4711], [8.4565, 53.4848], [8.4725, 53.492], [8.4866, 53.514], [8.5121, 53.5134], [8.5368, 53.5277], [8.5378, 53.5313], [8.5222, 53.5451], [8.5044, 53.5535], [8.4181, 53.5775], [8.3482, 53.6085], [8.3151, 53.6147], [8.284, 53.6071], [8.2669, 53.5808], [8.2629, 53.5671], [8.244, 53.5519], [8.2229, 53.5407], [8.217, 53.5229], [8.2226, 53.5185], [8.2361, 53.52], [8.2772, 53.5348], [8.2979, 53.5459], [8.3126, 53.5478], [8.3192, 53.5433]], [[8.4817, 53.2706], [8.4828, 53.2807], [8.4802, 53.2821], [8.4735, 53.2785], [8.4715, 53.2732], [8.4753, 53.2662], [8.4817, 53.2706]], [[8.204, 53.5096], [8.2262, 53.5012], [8.2489, 53.5042], [8.25, 53.5081], [8.2224, 53.5112], [8.204, 53.5096]], [[8.5516, 53.501], [8.5503, 53.5109], [8.5331, 53.5027], [8.4966, 53.4929], [8.4741, 53.4779], [8.4727, 53.4717], [8.4801, 53.4623], [8.4844, 53.4695], [8.5001, 53.4792], [8.5328, 53.4879], [8.5477, 53.4952], [8.5516, 53.501]], [[8.4786, 53.2512], [8.472, 53.244], [8.47, 53.2332], [8.4757, 53.2255], [8.4877, 53.2191], [8.4796, 53.2382], [8.4786, 53.2512]], [[8.4799, 53.2174], [8.4947, 53.2039], [8.5039, 53.2026], [8.495, 53.2114], [8.4799, 53.2174]], [[8.4745, 53.3077], [8.4739, 53.2979], [8.4793, 53.2863], [8.4856, 53.2865], [8.4882, 53.3011], [8.4844, 53.3089], [8.4785, 53.3104], [8.4745, 53.3077]], [[8.4592, 53.4382], [8.4671, 53.4304], [8.4643, 53.4409], [8.458, 53.4501], [8.4592, 53.4382]], [[8.478, 53.4343], [8.4741, 53.4544], [8.4716, 53.4547], [8.4697, 53.4509], [8.4741, 53.4331], [8.478, 53.4343]], [[8.4956, 53.3563], [8.4803, 53.3942], [8.4746, 53.397], [8.472, 53.3822], [8.4956, 53.3563]], [[8.487, 53.4204], [8.4806, 53.4091], [8.4877, 53.3953], [8.4904, 53.4121], [8.487, 53.4204]], [[8.4962, 53.3124], [8.5018, 53.3084], [8.5058, 53.3157], [8.5091, 53.3411], [8.5066, 53.3492], [8.4943, 53.3272], [8.4962, 53.3124]], [[8.4894, 53.2692], [8.493, 53.2688], [8.5009, 53.2873], [8.4979, 53.2975], [8.4894, 53.2692]], [[8.4872, 53.2334], [8.4965, 53.2437], [8.4962, 53.2474], [8.4868, 53.243], [8.4872, 53.2334]], [[8.4945, 53.2481], [8.5014, 53.2481], [8.5105, 53.2655], [8.5028, 53.265], [8.4947, 53.2566], [8.4922, 53.2534], [8.4945, 53.2481]], [[8.5046, 53.2771], [8.5047, 53.2727], [8.512, 53.2666], [8.5214, 53.2871], [8.5214, 53.2978], [8.5178, 53.3024], [8.5095, 53.2931], [8.5046, 53.2771]], [[8.5129, 53.1981], [8.5041, 53.2012], [8.5143, 53.196], [8.5129, 53.1981]], [[8.5151, 53.1915], [8.5076, 53.1962], [8.5067, 53.1955], [8.5151, 53.1915]], [[8.5259, 53.1867], [8.5189, 53.1902], [8.5264, 53.1854], [8.5259, 53.1867]], [[8.5352, 53.1846], [8.5304, 53.1866], [8.5283, 53.1863], [8.5352, 53.1846]], [[8.5418, 53.1828], [8.539, 53.1843], [8.5371, 53.1843], [8.5418, 53.1828]], [[8.1188, 53.4406], [8.1276, 53.4478], [8.1266, 53.4524], [8.1087, 53.4459], [8.1188, 53.4406]], [[8.1732, 53.4711], [8.1656, 53.4709], [8.1562, 53.4634], [8.1544, 53.458], [8.1629, 53.4564], [8.1736, 53.4676], [8.1732, 53.4711]], [[8.1876, 53.4222], [8.1777, 53.4169], [8.1784, 53.4138], [8.1865, 53.4129], [8.1934, 53.417], [8.1943, 53.4196], [8.1876, 53.4222]], [[8.0107, 53.4503], [8.0116, 53.4553], [8.0056, 53.4542], [8.0051, 53.4512], [8.0107, 53.4503]], [[7.2307, 53.7124], [7.2333, 53.7152], [7.231, 53.7193], [7.2222, 53.7219], [7.1426, 53.72], [7.1244, 53.7141], [7.1206, 53.7058], [7.1297, 53.6991], [7.1407, 53.7042], [7.2197, 53.7138], [7.2307, 53.7124]], [[7.0127, 53.6775], [7.0053, 53.6816], [6.9632, 53.6814], [6.8929, 53.6755], [6.8857, 53.6709], [6.8956, 53.6655], [6.948, 53.6688], [6.9871, 53.6751], [7.0113, 53.6748], [7.0127, 53.6775]], [[7.1058, 53.7095], [7.0992, 53.7093], [7.0688, 53.704], [7.0594, 53.6981], [7.0662, 53.6928], [7.1009, 53.7015], [7.108, 53.6991], [7.1088, 53.7046], [7.1058, 53.7095]], [[7.0444, 53.6802], [7.0622, 53.6907], [7.0543, 53.6948], [7.0396, 53.6864], [7.0444, 53.6802]], [[7.0213, 53.5983], [7.0122, 53.6032], [6.9885, 53.5997], [6.977, 53.5956], [6.9771, 53.5901], [6.9869, 53.5819], [7.0023, 53.5812], [7.0187, 53.5925], [7.0213, 53.5983]], [[7.4046, 53.7305], [7.3487, 53.7362], [7.2945, 53.7339], [7.286, 53.7296], [7.284, 53.7248], [7.2877, 53.7205], [7.2897, 53.7257], [7.3082, 53.7267], [7.3503, 53.7249], [7.3994, 53.728], [7.4075, 53.7245], [7.4046, 53.7305]], [[6.8681, 53.6404], [6.87, 53.6357], [6.8753, 53.6332], [6.8709, 53.639], [6.8681, 53.6404]], [[6.6818, 53.5927], [6.693, 53.5949], [6.6909, 53.5968], [6.7229, 53.5987], [6.74, 53.6063], [6.7614, 53.6073], [6.7172, 53.6148], [6.6656, 53.5982], [6.6564, 53.5859], [6.6625, 53.5796], [6.6728, 53.5761], [6.7046, 53.5753], [6.7065, 53.579], [6.6925, 53.5816], [6.6818, 53.5927]], [[6.8072, 53.6122], [6.8, 53.6143], [6.7985, 53.6122], [6.8044, 53.6093], [6.8072, 53.6122]], [[8.1485, 53.7304], [8.1414, 53.7299], [8.1392, 53.7235], [8.1505, 53.7263], [8.1485, 53.7304]], [[7.9863, 53.7764], [8.0562, 53.7672], [8.0464, 53.7724], [8.0145, 53.7801], [7.9933, 53.7814], [7.9863, 53.7764]], [[7.8332, 53.7835], [7.8388, 53.7851], [7.8452, 53.7809], [7.8523, 53.7863], [7.8618, 53.7879], [7.9281, 53.7846], [7.9266, 53.7888], [7.9042, 53.7932], [7.8788, 53.7959], [7.8485, 53.7947], [7.8171, 53.783], [7.812, 53.7732], [7.8144, 53.7658], [7.8206, 53.7639], [7.8271, 53.7668], [7.8321, 53.7747], [7.8423, 53.7783], [7.8332, 53.7835]], [[7.6869, 53.7681], [7.7102, 53.7631], [7.7301, 53.7552], [7.7328, 53.7592], [7.7302, 53.771], [7.7139, 53.7768], [7.6754, 53.7806], [7.65, 53.772], [7.6527, 53.7646], [7.6689, 53.7636], [7.6775, 53.7678], [7.6758, 53.764], [7.6809, 53.7639], [7.6869, 53.7681]], [[7.5097, 53.7483], [7.5902, 53.7466], [7.5766, 53.7547], [7.5603, 53.7583], [7.4851, 53.7625], [7.4681, 53.7577], [7.469, 53.7433], [7.4794, 53.7386], [7.48, 53.7416], [7.5097, 53.7483]], [[8.4587, 55.0494], [8.4524, 55.0537], [8.451, 55.053], [8.4587, 55.0494]], [[8.5465, 55.0246], [8.5465, 55.0192], [8.551, 55.0149], [8.5588, 55.0137], [8.572, 55.0189], [8.5761, 55.0307], [8.5728, 55.0369], [8.5419, 55.0395], [8.5386, 55.0357], [8.5465, 55.0246]], [[8.8237, 54.9087], [8.8223, 54.9098], [8.8227, 54.9087], [8.8237, 54.9087]], [[8.8273, 54.9098], [8.8262, 54.9099], [8.8244, 54.9098], [8.8273, 54.9098]], [[8.8292, 54.9106], [8.828, 54.91], [8.8293, 54.9102], [8.8292, 54.9106]], [[8.8314, 54.91], [8.8296, 54.911], [8.8295, 54.9101], [8.8314, 54.91]], [[8.8315, 54.9118], [8.8299, 54.9128], [8.8297, 54.9121], [8.8315, 54.9118]], [[8.8087, 54.9], [8.8255, 54.9018], [8.8041, 54.9028], [8.8087, 54.9]], [[7.4226, 53.2288], [7.41, 53.2308], [7.4255, 53.2219], [7.4226, 53.2288]], [[7.2167, 50.6385], [7.2145, 50.6432], [7.2126, 50.6386], [7.2167, 50.6385]], [[7.2071, 50.6381], [7.2093, 50.6345], [7.2094, 50.6383], [7.2084, 50.6423], [7.2071, 50.6381]], [[7.3528, 50.4685], [7.3622, 50.4633], [7.3579, 50.4673], [7.3503, 50.4717], [7.3528, 50.4685]], [[7.3723, 50.4495], [7.3805, 50.4472], [7.3804, 50.4476], [7.3719, 50.4525], [7.3723, 50.4495]], [[7.4574, 50.4218], [7.4711, 50.4141], [7.4653, 50.4181], [7.4574, 50.4218]], [[7.5153, 50.4175], [7.5171, 50.4192], [7.513, 50.4182], [7.5095, 50.4152], [7.5153, 50.4175]], [[7.5825, 50.4057], [7.6027, 50.4009], [7.5993, 50.4039], [7.5759, 50.4103], [7.5825, 50.4057]], [[7.6157, 50.3822], [7.6145, 50.3931], [7.6078, 50.3987], [7.5814, 50.4052], [7.6059, 50.3918], [7.6157, 50.3822]], [[7.5923, 50.3319], [7.5963, 50.3448], [7.5853, 50.3374], [7.5886, 50.326], [7.5923, 50.3319]], [[7.6665, 50.1706], [7.6719, 50.1703], [7.671, 50.1708], [7.6628, 50.1723], [7.6665, 50.1706]], [[7.7249, 50.1441], [7.7256, 50.1424], [7.7274, 50.1436], [7.7266, 50.1469], [7.7249, 50.1441]], [[7.7216, 50.117], [7.7231, 50.1185], [7.7214, 50.1183], [7.7216, 50.117]], [[7.7256, 50.1186], [7.7254, 50.1182], [7.7265, 50.1184], [7.7256, 50.1186]], [[7.7647, 50.0838], [7.7661, 50.0829], [7.7658, 50.0833], [7.7647, 50.0838]], [[7.7711, 50.0655], [7.7717, 50.063], [7.7729, 50.0644], [7.773, 50.0691], [7.7711, 50.0655]], [[7.7718, 50.0715], [7.7724, 50.0706], [7.7736, 50.0706], [7.7718, 50.0715]], [[7.7725, 50.0781], [7.7721, 50.0778], [7.7759, 50.0728], [7.7725, 50.0781]], [[7.8084, 50.0386], [7.8165, 50.0331], [7.8159, 50.0344], [7.8084, 50.0386]], [[7.8214, 50.03], [7.8211, 50.0296], [7.825, 50.0271], [7.8214, 50.03]], [[7.8799, 49.9719], [7.8806, 49.9721], [7.8775, 49.9726], [7.8799, 49.9719]], [[7.9369, 49.9738], [7.9431, 49.9746], [7.9329, 49.9743], [7.9369, 49.9738]], [[7.954, 49.9733], [7.9588, 49.9746], [7.9493, 49.9734], [7.954, 49.9733]], [[7.9495, 49.9775], [7.9531, 49.98], [7.9429, 49.9772], [7.9495, 49.9775]], [[7.9723, 49.9811], [7.9835, 49.9852], [7.9788, 49.9854], [7.9723, 49.9811]], [[7.9972, 49.9826], [7.9992, 49.9843], [7.9819, 49.9797], [7.9972, 49.9826]], [[8.0051, 49.9815], [8.0145, 49.9891], [7.996, 49.9804], [8.0051, 49.9815]], [[8.01, 49.9936], [8.0108, 49.9952], [8.0057, 49.993], [8.01, 49.9936]], [[7.9977, 49.9865], [7.9971, 49.9859], [8.0026, 49.9862], [7.9977, 49.9865]], [[8.0302, 49.9941], [8.033, 49.996], [8.0243, 49.9935], [8.0302, 49.9941]], [[8.0201, 49.9939], [8.0185, 49.9931], [8.0203, 49.9931], [8.0227, 49.9943], [8.0201, 49.9939]], [[8.0433, 50.0004], [8.0749, 50.0046], [8.0528, 50.0038], [8.0299, 49.9968], [8.0433, 50.0004]], [[8.0773, 50.0149], [8.0799, 50.0161], [8.0727, 50.016], [8.066, 50.0122], [8.0773, 50.0149]], [[8.0807, 50.0102], [8.0956, 50.0153], [8.0584, 50.0087], [8.0807, 50.0102]], [[8.1279, 50.0166], [8.1394, 50.0229], [8.1122, 50.0166], [8.1279, 50.0166]], [[8.2836, 50.0031], [8.2927, 49.9956], [8.3048, 49.9979], [8.2836, 50.0031]], [[8.2977, 49.9914], [8.3025, 49.991], [8.3003, 49.9941], [8.2977, 49.9914]], [[8.3052, 49.9917], [8.3021, 49.9937], [8.3022, 49.9925], [8.3052, 49.9917]], [[8.3048, 49.991], [8.3177, 49.9829], [8.3157, 49.9851], [8.3048, 49.991]], [[8.2459, 50.0301], [8.2711, 50.014], [8.2614, 50.0229], [8.2459, 50.0301]], [[8.225, 50.0306], [8.2523, 50.0201], [8.2415, 50.0275], [8.225, 50.0306]], [[8.22, 50.0327], [8.2282, 50.0324], [8.2194, 50.0362], [8.2018, 50.036], [8.22, 50.0327]], [[8.223, 50.036], [8.2406, 50.0302], [8.2371, 50.0328], [8.223, 50.036]], [[8.1982, 50.0403], [8.196, 50.0392], [8.2055, 50.0394], [8.1982, 50.0403]], [[8.8282, 52.2201], [8.8295, 52.2174], [8.8336, 52.2165], [8.8323, 52.2175], [8.8282, 52.2201]], [[9.0192, 52.4572], [9.0218, 52.4596], [9.0224, 52.4624], [9.0204, 52.4604], [9.0192, 52.4572]], [[9.1035, 52.5377], [9.1057, 52.5372], [9.1041, 52.5402], [9.1035, 52.5377]], [[9.1139, 52.5974], [9.112, 52.5966], [9.1128, 52.5943], [9.1129, 52.5953], [9.1139, 52.5974]], [[8.6893, 53.1183], [8.6764, 53.1221], [8.6831, 53.1182], [8.6893, 53.1183]], [[8.7123, 53.1189], [8.699, 53.1192], [8.7096, 53.118], [8.7123, 53.1189]], [[8.7061, 53.1194], [8.7049, 53.1202], [8.7015, 53.1202], [8.7061, 53.1194]], [[8.7428, 53.1224], [8.7365, 53.125], [8.7285, 53.125], [8.7363, 53.1242], [8.7428, 53.1224]], [[8.7445, 53.1202], [8.744, 53.122], [8.7434, 53.1217], [8.7445, 53.1202]], [[8.7417, 53.1216], [8.7366, 53.1236], [8.7256, 53.1241], [8.7372, 53.1228], [8.7417, 53.1216]], [[8.6287, 53.158], [8.6364, 53.1609], [8.6238, 53.1661], [8.6282, 53.1606], [8.6287, 53.158]], [[8.5974, 53.1716], [8.5826, 53.1733], [8.5799, 53.1728], [8.5827, 53.1697], [8.5974, 53.1716]], [[8.6276, 53.158], [8.6265, 53.1593], [8.6254, 53.1566], [8.6276, 53.158]], [[8.6278, 53.1559], [8.6224, 53.1452], [8.627, 53.138], [8.6278, 53.1419], [8.6278, 53.1559]], [[8.6299, 53.139], [8.6283, 53.1366], [8.6342, 53.1349], [8.6336, 53.1368], [8.6299, 53.139]], [[8.6276, 53.1364], [8.6329, 53.1331], [8.6486, 53.1287], [8.643, 53.131], [8.6385, 53.1344], [8.6331, 53.1347], [8.6276, 53.1364]], [[8.6246, 53.141], [8.6228, 53.1411], [8.6246, 53.1376], [8.6246, 53.141]], [[8.637, 53.1285], [8.6372, 53.1248], [8.6465, 53.1261], [8.6442, 53.1274], [8.637, 53.1285]], [[8.6442, 53.1225], [8.6418, 53.1236], [8.6416, 53.123], [8.6442, 53.1225]], [[8.6479, 53.1243], [8.6474, 53.1266], [8.6463, 53.124], [8.6479, 53.1243]], [[8.6502, 53.1262], [8.6496, 53.1234], [8.6523, 53.1258], [8.6502, 53.1262]], [[8.6358, 53.1254], [8.635, 53.1283], [8.6334, 53.1286], [8.6334, 53.1279], [8.6358, 53.1254]], [[8.8932, 53.0084], [8.9002, 53.0069], [8.907, 53.0106], [8.9005, 53.0124], [8.8932, 53.0084]], [[8.9176, 53.0089], [8.9211, 53.006], [8.9248, 53.0085], [8.9213, 53.0095], [8.9176, 53.0089]], [[8.8651, 53.0404], [8.8623, 53.0344], [8.8646, 53.0328], [8.864, 53.0359], [8.8651, 53.0404]], [[8.9781, 52.4156], [8.9823, 52.4182], [8.9825, 52.4186], [8.9785, 52.4176], [8.9781, 52.4156]], [[8.148, 56.1643], [8.146, 56.162], [8.1547, 56.1591], [8.1704, 56.1623], [8.1707, 56.1648], [8.15505564537157, 56.164455410691005], [8.1634, 56.163], [8.1537, 56.1636], [8.154736921529176, 56.16444839034205], [8.148, 56.1643]], [[15.1918, 55.3202], [15.1942, 55.3259], [15.19, 55.3263], [15.1888, 55.3221], [15.1918, 55.3202]], [[15.187, 55.3254], [15.1898, 55.3267], [15.1842, 55.3264], [15.1873, 55.3219], [15.1883, 55.3218], [15.1884, 55.3227], [15.187, 55.3254]], [[15.1825, 55.3263], [15.1862, 55.3288], [15.1769, 55.3261], [15.1825, 55.3263]], [[15.1799, 55.3343], [15.1802, 55.3348], [15.1791, 55.3351], [15.1799, 55.3343]], [[15.1768, 55.3344], [15.1777, 55.3353], [15.1762, 55.3361], [15.1768, 55.3344]], [[15.1587, 55.0786], [15.1589, 55.0776], [15.1603, 55.0778], [15.1587, 55.0786]], [[15.1483, 55.1218], [15.1545, 55.1233], [15.1551, 55.1356], [15.1466, 55.1361], [15.1472, 55.141], [15.1387, 55.1416], [15.1391, 55.1454], [15.1193, 55.1448], [15.117, 55.1481], [15.0896, 55.1521], [15.08, 55.1589], [15.0762, 55.1575], [15.0603, 55.1633], [15.045, 55.1732], [15.0243, 55.1781], [15.0018, 55.1924], [14.9909, 55.1948], [14.9848, 55.2033], [14.9848, 55.2081], [14.9723, 55.2163], [14.9458, 55.2103], [14.9319, 55.2139], [14.9273, 55.2192], [14.8932, 55.2262], [14.8833, 55.238], [14.8657, 55.2415], [14.8336, 55.2546], [14.8222, 55.2689], [14.8237, 55.2724], [14.8111, 55.2841], [14.8121, 55.2862], [14.7922, 55.2932], [14.7963, 55.2972], [14.7949, 55.2994], [14.7892, 55.3011], [14.7657, 55.29], [14.7646, 55.2848], [14.7683, 55.2822], [14.7664, 55.2765], [14.7618, 55.274], [14.7644, 55.2718], [14.7624, 55.269], [14.7168, 55.2289], [14.7041, 55.2073], [14.7038, 55.1961], [14.7, 55.1878], [14.7071, 55.1757], [14.7043, 55.1486], [14.7072, 55.1309], [14.6979, 55.1221], [14.7026, 55.1149], [14.6997, 55.1075], [14.6901, 55.099], [14.6918, 55.0978], [14.694, 55.0988], [14.6961, 55.0976], [14.6982, 55.0937], [14.6959, 55.0903], [14.7022, 55.0844], [14.7231, 55.0799], [14.7438, 55.0648], [14.7565, 55.0624], [14.7773, 55.0539], [14.7993, 55.0555], [14.8328, 55.0433], [14.8429, 55.0458], [14.8845, 55.0365], [14.8997, 55.0284], [14.9136, 55.0263], [14.9243, 55.0195], [14.9334, 55.0207], [14.9619, 55.0095], [14.9707, 55.01], [15.0195, 55.0017], [15.0478, 55.0011], [15.0752, 54.9951], [15.0863, 54.9987], [15.1038, 55.0142], [15.12, 55.0228], [15.1175, 55.0318], [15.1188, 55.033], [15.1216, 55.0345], [15.1126, 55.0413], [15.1215, 55.0479], [15.1221, 55.0524], [15.1332, 55.0578], [15.1374, 55.0677], [15.1535, 55.0733], [15.1589, 55.0795], [15.1567, 55.087], [15.1595, 55.0909], [15.1504, 55.1006], [15.1527, 55.1071], [15.1474, 55.1079], [15.1489, 55.1108], [15.1452, 55.1127], [15.1483, 55.1218]], [[15.1512, 55.1], [15.152, 55.1002], [15.1515, 55.1005], [15.1512, 55.1]], [[15.1226, 55.0343], [15.1237, 55.0345], [15.1235, 55.0348], [15.1226, 55.0343]], [[15.1194, 55.0331], [15.1193, 55.0328], [15.1206, 55.033], [15.1194, 55.0331]], [[15.1181, 55.0323], [15.1181, 55.0321], [15.1189, 55.0321], [15.1181, 55.0323]], [[15.028, 55.0015], [15.028, 55.001], [15.0299, 55.0014], [15.028, 55.0015]], [[14.9903, 55.0052], [14.9912, 55.0056], [14.9911, 55.0058], [14.9903, 55.0052]], [[14.9858, 55.0055], [14.9866, 55.0059], [14.9861, 55.0062], [14.9858, 55.0055]], [[14.9661, 55.0081], [14.9668, 55.0084], [14.9666, 55.0087], [14.9661, 55.0081]], [[14.9639, 55.0088], [14.9649, 55.0088], [14.9647, 55.0092], [14.9639, 55.0088]], [[14.7805, 55.0523], [14.7814, 55.0526], [14.7812, 55.053], [14.7805, 55.0523]], [[14.7723, 55.0543], [14.7735, 55.0542], [14.7735, 55.0546], [14.7723, 55.0543]], [[14.7585, 55.0594], [14.7594, 55.0596], [14.7591, 55.0599], [14.7585, 55.0594]], [[14.7498, 55.0625], [14.7511, 55.0623], [14.7511, 55.0627], [14.7498, 55.0625]], [[14.7003, 55.0805], [14.6999, 55.08], [14.701, 55.0796], [14.7003, 55.0805]], [[14.6936, 55.0979], [14.6944, 55.0982], [14.6938, 55.0985], [14.6936, 55.0979]], [[14.6913, 55.1027], [14.6923, 55.1031], [14.6921, 55.1032], [14.6913, 55.1027]], [[14.6908, 55.1035], [14.6904, 55.1031], [14.691, 55.103], [14.6908, 55.1035]], [[12.7343, 55.6403], [12.7383, 55.6386], [12.7351, 55.6378], [12.7349, 55.6324], [12.7453, 55.6199], [12.7624, 55.6077], [12.7786, 55.6145], [12.7785, 55.638], [12.7723, 55.6655], [12.7663, 55.6695], [12.7453, 55.6634], [12.7343, 55.6504], [12.7343, 55.6403]], [[12.6749, 55.5911], [12.6645, 55.6209], [12.6265, 55.6686], [12.6107, 55.6753], [12.5976, 55.6752], [12.5897, 55.6729], [12.5832, 55.6645], [12.5685, 55.6574], [12.5759, 55.6205], [12.5799, 55.6169], [12.5757, 55.5934], [12.5709, 55.5909], [12.5623, 55.5723], [12.5649, 55.5617], [12.5884, 55.5596], [12.5917, 55.5547], [12.6195, 55.5669], [12.6321, 55.5772], [12.6603, 55.5821], [12.6749, 55.5911]], [[11.9255, 56.0029], [11.8794, 55.984], [11.854, 55.9776], [11.8441, 55.9678], [11.8477, 55.9602], [11.8476, 55.9463], [11.8563, 55.9434], [11.8854, 55.9413], [11.9072, 55.9482], [11.9286, 55.9493], [11.971, 55.9665], [11.9815, 55.9642], [11.9917, 55.9663], [12.004, 55.9753], [12.0125, 55.9679], [12.0079, 55.9649], [12.0154, 55.9651], [12.0179, 55.9468], [12.0417, 55.9218], [12.044, 55.9156], [12.0423, 55.9], [12.0537, 55.8838], [12.0644, 55.8784], [12.0627, 55.858], [12.0447, 55.8582], [12.0412, 55.8441], [12.0551, 55.8355], [12.0627, 55.8362], [12.0651, 55.8312], [12.0615, 55.8238], [12.0779, 55.7953], [12.0775, 55.7925], [12.0715, 55.7927], [12.073, 55.7856], [12.0871, 55.7804], [12.0864, 55.7668], [12.0833, 55.7651], [12.0987, 55.7554], [12.0936, 55.7411], [12.1056, 55.7321], [12.1016, 55.7302], [12.1164, 55.7295], [12.1055, 55.7246], [12.1086, 55.7206], [12.098, 55.7183], [12.0996, 55.7097], [12.1113, 55.7093], [12.1064, 55.7032], [12.0949, 55.7047], [12.1003, 55.7021], [12.0976, 55.6964], [12.0814, 55.696], [12.0817, 55.6929], [12.0928, 55.6926], [12.09, 55.6853], [12.079, 55.6898], [12.0735, 55.6876], [12.0695, 55.6799], [12.0714, 55.6752], [12.0893, 55.6697], [12.0832, 55.6513], [12.079, 55.6496], [12.0694, 55.6546], [12.0548, 55.6562], [12.0545, 55.6626], [12.0597, 55.6665], [12.0534, 55.6704], [12.0571, 55.6742], [12.0479, 55.6737], [12.0407, 55.6685], [12.0371, 55.6708], [12.0265, 55.668], [12.0163, 55.6717], [12.0069, 55.6667], [12.0058, 55.6688], [12.0107, 55.6766], [12.0047, 55.6807], [12.0047, 55.685], [11.9954, 55.6852], [11.9966, 55.6884], [12.0146, 55.6854], [12.0238, 55.6801], [12.0353, 55.6822], [12.0473, 55.6782], [12.0515, 55.6799], [12.0449, 55.6854], [12.0384, 55.685], [12.0427, 55.6893], [12.0389, 55.6918], [12.0255, 55.6918], [12.0121, 55.6962], [12.0039, 55.6915], [11.9967, 55.6937], [11.9957, 55.6958], [11.9985, 55.6945], [12.0049, 55.7025], [12.0045, 55.7061], [11.9954, 55.702], [11.9894, 55.7046], [11.9895, 55.6977], [11.9799, 55.6933], [11.9897, 55.6885], [11.9931, 55.6785], [11.9496, 55.6752], [11.9469, 55.6668], [11.9502, 55.6647], [11.9398, 55.661], [11.9338, 55.6483], [11.9264, 55.649], [11.9273, 55.6625], [11.9362, 55.6687], [11.9399, 55.6786], [11.9552, 55.6934], [11.9622, 55.6964], [11.9721, 55.7111], [11.9807, 55.718], [11.9817, 55.7219], [11.9766, 55.7319], [11.9836, 55.7323], [11.9891, 55.7403], [11.9946, 55.7322], [12.0063, 55.7336], [12.0065, 55.7252], [12.0131, 55.7223], [12.0206, 55.7227], [12.0355, 55.73], [12.0389, 55.7283], [12.0543, 55.7318], [12.0607, 55.7294], [12.0627, 55.7348], [12.0606, 55.7463], [12.0531, 55.7459], [12.0453, 55.7478], [12.0448, 55.7488], [12.0463, 55.75], [12.0583, 55.7491], [12.0613, 55.7507], [12.0521, 55.7543], [12.0651, 55.7649], [12.0518, 55.7827], [12.0577, 55.7971], [12.0466, 55.7985], [12.0454, 55.7941], [12.0377, 55.8031], [12.0515, 55.8098], [12.0385, 55.814], [12.0346, 55.8397], [12.0279, 55.8507], [12.0053, 55.8564], [11.9949, 55.8633], [11.9989, 55.8817], [12.0217, 55.8991], [12.0224, 55.9047], [12.0033, 55.9147], [11.9891, 55.9123], [11.9775, 55.9143], [11.9688, 55.9248], [11.9597, 55.9288], [11.9054, 55.9368], [11.8986, 55.9175], [11.9149, 55.9057], [11.9202, 55.8955], [11.9276, 55.891], [11.9254, 55.8841], [11.9303, 55.8747], [11.9442, 55.8707], [11.9578, 55.8529], [11.9572, 55.8488], [11.9468, 55.8259], [11.9354, 55.8183], [11.8957, 55.8166], [11.8827, 55.8118], [11.877, 55.7998], [11.8654, 55.7971], [11.8564, 55.7575], [11.8474, 55.7569], [11.8492, 55.7522], [11.8563, 55.7531], [11.8535, 55.7418], [11.8563, 55.7377], [11.8765, 55.7381], [11.8561, 55.7318], [11.837, 55.7018], [11.835, 55.6842], [11.8286, 55.6831], [11.8317, 55.6876], [11.8283, 55.6919], [11.8257, 55.6816], [11.8139, 55.6763], [11.8068, 55.6631], [11.7837, 55.6654], [11.7811, 55.6637], [11.784, 55.6601], [11.7821, 55.6555], [11.7692, 55.6613], [11.7761, 55.6692], [11.7883, 55.6738], [11.7898, 55.68], [11.8139, 55.6859], [11.8086, 55.6884], [11.8045, 55.6955], [11.7901, 55.6992], [11.7889, 55.7117], [11.7787, 55.7244], [11.7672, 55.7326], [11.7625, 55.7304], [11.7718, 55.7236], [11.7629, 55.7205], [11.7485, 55.7228], [11.7314, 55.7195], [11.7107, 55.7194], [11.7072, 55.7216], [11.6679, 55.7158], [11.6616, 55.7199], [11.654, 55.7172], [11.6536, 55.7203], [11.6453, 55.7238], [11.6534, 55.7256], [11.6529, 55.7317], [11.6624, 55.7348], [11.744, 55.7395], [11.7622, 55.7474], [11.7681, 55.747], [11.7661, 55.7535], [11.7401, 55.7608], [11.7384, 55.7636], [11.7424, 55.7693], [11.7503, 55.7685], [11.7492, 55.763], [11.7526, 55.7614], [11.7585, 55.7654], [11.7429, 55.7789], [11.7416, 55.786], [11.7283, 55.7959], [11.7179, 55.7906], [11.7003, 55.7911], [11.6947, 55.7863], [11.6797, 55.784], [11.6737, 55.7783], [11.6602, 55.7738], [11.6263, 55.7704], [11.6226, 55.7669], [11.6233, 55.7608], [11.6115, 55.7577], [11.5905, 55.7443], [11.5683, 55.742], [11.5427, 55.7501], [11.513, 55.7513], [11.505, 55.7494], [11.5014, 55.7421], [11.4912, 55.7342], [11.4223, 55.7335], [11.4098, 55.7268], [11.4078, 55.722], [11.403, 55.7279], [11.4077, 55.7343], [11.4225, 55.738], [11.4354, 55.7387], [11.4476, 55.735], [11.4658, 55.737], [11.4718, 55.7387], [11.4783, 55.7466], [11.4714, 55.7655], [11.4584, 55.7696], [11.4288, 55.7682], [11.4194, 55.7772], [11.4187, 55.7835], [11.4258, 55.7904], [11.4298, 55.8], [11.4447, 55.8017], [11.4482, 55.8096], [11.4542, 55.8116], [11.4815, 55.8164], [11.4941, 55.8078], [11.4768, 55.8004], [11.4899, 55.8012], [11.5175, 55.7929], [11.5567, 55.7887], [11.6072, 55.7783], [11.6123, 55.7806], [11.6107, 55.7845], [11.6135, 55.7864], [11.6426, 55.7962], [11.6518, 55.8065], [11.6294, 55.8192], [11.6314, 55.8208], [11.6287, 55.8255], [11.615, 55.827], [11.5846, 55.8396], [11.5916, 55.8444], [11.6268, 55.8334], [11.6509, 55.8302], [11.6669, 55.8184], [11.7174, 55.8081], [11.7334, 55.8218], [11.7315, 55.8354], [11.6958, 55.8712], [11.6674, 55.882], [11.6655, 55.8935], [11.6699, 55.9014], [11.6683, 55.9151], [11.6725, 55.9204], [11.6923, 55.926], [11.6959, 55.9183], [11.7085, 55.9196], [11.7075, 55.9288], [11.722, 55.9346], [11.715, 55.9231], [11.7152, 55.9173], [11.708, 55.9122], [11.7085, 55.9046], [11.7241, 55.8979], [11.7556, 55.9072], [11.7484, 55.9189], [11.7525, 55.9407], [11.7662, 55.9452], [11.7757, 55.9534], [11.7915, 55.9538], [11.7882, 55.964], [11.7762, 55.9778], [11.7463, 55.9705], [11.7197, 55.9551], [11.6956, 55.9469], [11.6301, 55.9395], [11.605, 55.9466], [11.5961, 55.9535], [11.5929, 55.9605], [11.5863, 55.9623], [11.5411, 55.9527], [11.5219, 55.952], [11.4795, 55.9615], [11.4175, 55.9614], [11.3791, 55.9673], [11.3032, 55.9889], [11.2775, 56.0098], [11.2906, 55.9812], [11.2987, 55.9764], [11.3833, 55.954], [11.4665, 55.95], [11.5179, 55.9318], [11.5251, 55.9235], [11.524, 55.9072], [11.5309, 55.8928], [11.5252, 55.8719], [11.5061, 55.8553], [11.5053, 55.8496], [11.4893, 55.8448], [11.4491, 55.8465], [11.3964, 55.83], [11.378, 55.8351], [11.3761, 55.8392], [11.3647, 55.8451], [11.3556, 55.8409], [11.3674, 55.841], [11.3798, 55.8217], [11.3793, 55.8014], [11.3838, 55.7885], [11.3806, 55.7781], [11.3657, 55.7652], [11.3459, 55.7563], [11.3089, 55.7536], [11.3053, 55.7502], [11.3038, 55.7412], [11.2957, 55.7523], [11.2867, 55.7542], [11.2936, 55.7505], [11.29, 55.7423], [11.2801, 55.7352], [11.2605, 55.7287], [11.2508, 55.7301], [11.2237, 55.7457], [11.2172, 55.7451], [11.2177, 55.7382], [11.2126, 55.7302], [11.238, 55.7182], [11.248, 55.7183], [11.259, 55.7139], [11.2476, 55.7095], [11.2377, 55.7108], [11.2423, 55.7078], [11.2391, 55.7026], [11.2424, 55.6843], [11.2386, 55.6886], [11.2248, 55.6925], [11.2026, 55.6924], [11.1878, 55.7006], [11.1687, 55.7054], [11.1621, 55.7142], [11.1396, 55.7162], [11.1419, 55.7197], [11.1393, 55.719], [11.1367, 55.728], [11.1141, 55.742], [11.1223, 55.7486], [11.1294, 55.7489], [11.1281, 55.7508], [11.1384, 55.7485], [11.1331, 55.752], [11.1264, 55.7515], [11.084, 55.7342], [11.0479, 55.7306], [11.0119, 55.7371], [10.9984, 55.7433], [10.9695, 55.7474], [10.9313, 55.7483], [10.9014, 55.7431], [10.8687, 55.7429], [10.9127, 55.7271], [10.9682, 55.7289], [10.9846, 55.7263], [10.9958, 55.7213], [11.0139, 55.7037], [11.0597, 55.6819], [11.0738, 55.6712], [11.0788, 55.6708], [11.0727, 55.6735], [11.0739, 55.6759], [11.0691, 55.6775], [11.0695, 55.6802], [11.0835, 55.6767], [11.1037, 55.6779], [11.1026, 55.6656], [11.0888, 55.6602], [11.0005, 55.6695], [10.9664, 55.6692], [10.9401, 55.6747], [10.9329, 55.6697], [10.9345, 55.6649], [10.9466, 55.6595], [11.0121, 55.6548], [11.0465, 55.6473], [11.1225, 55.6165], [11.1497, 55.5875], [11.16, 55.5592], [11.1542, 55.5458], [11.1445, 55.5345], [11.16, 55.539], [11.1444, 55.5334], [11.1184, 55.5372], [11.0922, 55.5351], [11.1002, 55.5306], [11.1288, 55.5323], [11.1245, 55.5279], [11.1744, 55.4949], [11.1786, 55.471], [11.2027, 55.4482], [11.2027, 55.4383], [11.1933, 55.4197], [11.1941, 55.4156], [11.214, 55.4004], [11.2209, 55.3906], [11.2209, 55.3817], [11.2249, 55.3772], [11.2351, 55.3803], [11.2202, 55.3705], [11.2225, 55.3706], [11.22, 55.3653], [11.2148, 55.3639], [11.2169, 55.3629], [11.2119, 55.3647], [11.2134, 55.3668], [11.2054, 55.3671], [11.2091, 55.3682], [11.2017, 55.3744], [11.1929, 55.3736], [11.1886, 55.3744], [11.1933, 55.3758], [11.2075, 55.3763], [11.2238, 55.3745], [11.218, 55.3791], [11.2173, 55.3836], [11.2121, 55.3855], [11.1747, 55.3782], [11.1647, 55.3716], [11.1451, 55.3659], [11.1195, 55.3636], [11.1118, 55.3699], [11.0925, 55.3507], [11.092, 55.346], [11.1054, 55.3462], [11.1223, 55.3361], [11.1396, 55.3342], [11.1412, 55.3374], [11.1352, 55.3385], [11.1396, 55.3425], [11.1485, 55.3421], [11.1519, 55.3471], [11.1517, 55.3435], [11.1555, 55.3425], [11.1605, 55.3447], [11.1547, 55.3493], [11.1754, 55.3557], [11.1799, 55.3546], [11.1889, 55.3458], [11.2021, 55.343], [11.204, 55.3374], [11.1882, 55.33], [11.1855, 55.3249], [11.1505, 55.3272], [11.1418, 55.3249], [11.1353, 55.3329], [11.1317, 55.3255], [11.1522, 55.3199], [11.1741, 55.3059], [11.2337, 55.2873], [11.2376, 55.2802], [11.2374, 55.2729], [11.2447, 55.2639], [11.2415, 55.2499], [11.2434, 55.2461], [11.2515, 55.2493], [11.264, 55.2387], [11.2706, 55.2467], [11.2887, 55.2533], [11.2874, 55.2469], [11.2785, 55.2409], [11.2799, 55.2368], [11.2766, 55.2339], [11.2815, 55.2319], [11.2779, 55.2298], [11.273, 55.2305], [11.2675, 55.2382], [11.243, 55.2403], [11.2442, 55.2443], [11.2354, 55.2465], [11.231, 55.2447], [11.2405, 55.2295], [11.2493, 55.2227], [11.2494, 55.2197], [11.2413, 55.2203], [11.2376, 55.2165], [11.2513, 55.2046], [11.2625, 55.1993], [11.2781, 55.2004], [11.2961, 55.195], [11.2984, 55.1964], [11.2943, 55.2024], [11.2989, 55.2109], [11.2979, 55.206], [11.3099, 55.2094], [11.3006, 55.2007], [11.3085, 55.2002], [11.3119, 55.208], [11.32, 55.21], [11.3278, 55.2083], [11.3343, 55.1991], [11.3381, 55.2012], [11.3387, 55.2073], [11.3478, 55.2095], [11.3595, 55.1985], [11.3752, 55.198], [11.3927, 55.2087], [11.414, 55.2064], [11.4218, 55.2108], [11.419, 55.213], [11.4303, 55.2219], [11.4429, 55.2134], [11.4547, 55.2158], [11.4657, 55.2089], [11.4639, 55.2045], [11.4731, 55.2071], [11.4818, 55.2055], [11.4889, 55.2007], [11.487, 55.198], [11.4939, 55.2006], [11.5434, 55.1907], [11.6009, 55.1882], [11.6317, 55.1822], [11.6482, 55.1723], [11.6507, 55.1755], [11.6627, 55.1748], [11.6504, 55.1767], [11.651, 55.1877], [11.6684, 55.2022], [11.7085, 55.2133], [11.7279, 55.2056], [11.73, 55.1991], [11.7399, 55.1984], [11.7438, 55.2021], [11.7396, 55.1942], [11.731, 55.1921], [11.7204, 55.1818], [11.738, 55.1848], [11.7402, 55.1789], [11.7136, 55.1701], [11.7094, 55.1571], [11.7278, 55.1524], [11.7355, 55.1552], [11.75, 55.1528], [11.7707, 55.1566], [11.7676, 55.1499], [11.778, 55.1464], [11.7817, 55.1467], [11.779, 55.1497], [11.787, 55.155], [11.8093, 55.1478], [11.8143, 55.1353], [11.8129, 55.1304], [11.801, 55.1271], [11.8013, 55.1298], [11.7885, 55.1323], [11.7735, 55.1317], [11.7667, 55.1296], [11.7627, 55.1219], [11.7555, 55.1173], [11.7385, 55.1214], [11.7235, 55.1201], [11.7296, 55.1253], [11.7211, 55.1286], [11.7163, 55.1217], [11.717, 55.1128], [11.7273, 55.1071], [11.7384, 55.0947], [11.7778, 55.0914], [11.7811, 55.093], [11.7802, 55.0971], [11.777, 55.0974], [11.7782, 55.1058], [11.7712, 55.1108], [11.7867, 55.1133], [11.7919, 55.1022], [11.8003, 55.103], [11.7984, 55.101], [11.8005, 55.1005], [11.7941, 55.0981], [11.7939, 55.0889], [11.7847, 55.0937], [11.7828, 55.087], [11.7744, 55.086], [11.7727, 55.0828], [11.8054, 55.0712], [11.8078, 55.065], [11.8263, 55.0544], [11.8313, 55.0482], [11.8203, 55.042], [11.7427, 55.0645], [11.7312, 55.0634], [11.6533, 55.0757], [11.6353, 55.0811], [11.6164, 55.0825], [11.6144, 55.0798], [11.6707, 55.0727], [11.73, 55.0537], [11.766, 55.0493], [11.8069, 55.0376], [11.825, 55.025], [11.8506, 55.0167], [11.865, 55.007], [11.8865, 55.0019], [11.8965, 54.9947], [11.907, 54.9947], [11.9082, 54.9971], [11.9046, 55.0006], [11.9198, 54.9951], [11.9196, 55.0006], [11.9068, 55.0035], [11.9117, 55.0048], [11.9501, 54.9986], [11.9634, 54.9857], [12.0006, 54.9687], [12.0222, 54.9629], [12.0538, 54.9623], [12.0794, 54.9702], [12.115, 54.992], [12.1704, 54.9947], [12.1726, 55.0022], [12.1399, 55.0392], [12.146, 55.046], [12.1307, 55.0462], [12.131, 55.0552], [12.1221, 55.0683], [12.1156, 55.0685], [12.1234, 55.07], [12.1259, 55.0736], [12.1174, 55.0759], [12.1209, 55.0792], [12.1185, 55.0831], [12.1049, 55.0843], [12.1015, 55.0896], [12.1075, 55.0899], [12.1138, 55.0843], [12.1213, 55.0845], [12.1239, 55.079], [12.136, 55.0826], [12.1552, 55.0753], [12.1733, 55.0873], [12.1713, 55.0949], [12.1749, 55.1031], [12.1854, 55.1102], [12.164, 55.1238], [12.1321, 55.1302], [12.0987, 55.1289], [12.112, 55.1252], [12.1278, 55.128], [12.1256, 55.129], [12.1306, 55.1273], [12.1157, 55.1228], [12.108, 55.125], [12.104, 55.1216], [12.1065, 55.1207], [12.0877, 55.1208], [12.0904, 55.1269], [12.0695, 55.128], [12.0623, 55.1196], [12.0593, 55.119], [12.048, 55.1214], [12.0371, 55.1182], [12.0516, 55.1246], [12.0351, 55.1231], [12.0339, 55.1271], [12.0404, 55.134], [12.0358, 55.1406], [12.0105, 55.1455], [12.0031, 55.1449], [12.0045, 55.1299], [11.9996, 55.1233], [11.9931, 55.1187], [12.0009, 55.1298], [12.0025, 55.1457], [12.0127, 55.1477], [12.0247, 55.1624], [12.0376, 55.1688], [12.0665, 55.1762], [12.0971, 55.1762], [12.1051, 55.1836], [12.1126, 55.1845], [12.0995, 55.1776], [12.0955, 55.1706], [12.0844, 55.163], [12.0848, 55.1523], [12.0797, 55.1384], [12.0905, 55.1343], [12.1008, 55.1375], [12.098, 55.1345], [12.109, 55.1417], [12.1062, 55.1574], [12.1082, 55.1759], [12.1151, 55.1827], [12.1394, 55.1929], [12.1486, 55.2058], [12.1656, 55.2167], [12.2096, 55.2248], [12.263, 55.2418], [12.3382, 55.2382], [12.3491, 55.233], [12.3599, 55.2387], [12.3676, 55.252], [12.3946, 55.2535], [12.4128, 55.258], [12.4334, 55.2677], [12.4369, 55.2732], [12.4477, 55.2754], [12.4571, 55.2874], [12.4487, 55.303], [12.4481, 55.31], [12.4586, 55.3303], [12.4536, 55.3319], [12.4468, 55.3473], [12.3691, 55.3935], [12.3028, 55.3995], [12.2222, 55.425], [12.1919, 55.4513], [12.1884, 55.4515], [12.1934, 55.4539], [12.1908, 55.4743], [12.2028, 55.5014], [12.2393, 55.5359], [12.2447, 55.5486], [12.2561, 55.5557], [12.2961, 55.5746], [12.3357, 55.5875], [12.3603, 55.6031], [12.3887, 55.6153], [12.4879, 55.6181], [12.5008, 55.6281], [12.5065, 55.6401], [12.5289, 55.6442], [12.546, 55.6545], [12.558, 55.6679], [12.572, 55.6755], [12.5781, 55.6776], [12.5857, 55.6788], [12.5931, 55.6846], [12.5948, 55.6988], [12.5838, 55.717], [12.5812, 55.7307], [12.5902, 55.7492], [12.5995, 55.7595], [12.593, 55.7772], [12.5971, 55.7869], [12.5763, 55.8131], [12.5753, 55.8455], [12.5715, 55.8546], [12.5468, 55.8816], [12.5171, 55.9215], [12.5231, 55.9378], [12.5436, 55.9634], [12.5574, 55.9865], [12.5773, 56.0031], [12.5973, 56.0112], [12.6104, 56.0312], [12.6269, 56.0399], [12.6056, 56.0438], [12.5298, 56.0841], [12.4744, 56.0925], [12.436, 56.0914], [12.3865, 56.0997], [12.3529, 56.1204], [12.2803, 56.1294], [12.2287, 56.1207], [12.1803, 56.1079], [12.0583, 56.0567], [12.008, 56.0303], [11.9255, 56.0029]], [[12.59, 55.6768], [12.5922, 55.6791], [12.5894, 55.6796], [12.5842, 55.6768], [12.59, 55.6768]], [[12.5796, 55.6733], [12.5821, 55.6757], [12.5799, 55.6775], [12.5764, 55.6759], [12.5796, 55.6733]], [[12.5742, 55.6117], [12.5746, 55.6076], [12.5784, 55.6154], [12.5742, 55.6117]], [[12.5775, 55.6163], [12.5779, 55.6175], [12.577, 55.6176], [12.5775, 55.6163]], [[12.5754, 55.6155], [12.5765, 55.6157], [12.5761, 55.616], [12.5754, 55.6155]], [[12.1499, 54.8986], [12.1427, 54.9], [12.143, 54.8957], [12.14, 54.8944], [12.1332, 54.896], [12.1359, 54.8975], [12.1322, 54.9001], [12.1249, 54.8967], [12.1456, 54.8812], [12.1869, 54.8788], [12.2093, 54.8811], [12.2365, 54.8971], [12.2464, 54.9099], [12.2838, 54.9384], [12.356, 54.9646], [12.378, 54.9666], [12.4293, 54.9612], [12.5137, 54.9438], [12.54, 54.9463], [12.553, 54.9617], [12.542, 54.9888], [12.5178, 55.0102], [12.4583, 55.0228], [12.3031, 55.0287], [12.2851, 55.0355], [12.2648, 55.0562], [12.2577, 55.0568], [12.2506, 55.055], [12.2588, 55.0528], [12.2483, 55.0542], [12.2352, 55.0491], [12.2338, 55.0407], [12.2396, 55.0366], [12.2516, 55.0392], [12.2456, 55.0408], [12.2448, 55.0422], [12.2525, 55.0392], [12.2647, 55.0314], [12.2715, 55.0303], [12.2728, 55.0371], [12.2796, 55.037], [12.2839, 55.031], [12.2886, 55.0305], [12.2748, 55.0314], [12.2773, 55.0255], [12.2878, 55.0199], [12.2867, 55.0143], [12.271, 54.9975], [12.2841, 54.9821], [12.2894, 54.9829], [12.3021, 54.9927], [12.3037, 54.9869], [12.3121, 54.9848], [12.3454, 54.9883], [12.3559, 54.9863], [12.3131, 54.9785], [12.2927, 54.9644], [12.2775, 54.9611], [12.2693, 54.9633], [12.2802, 54.9766], [12.2819, 54.9809], [12.2781, 54.9827], [12.2336, 54.9755], [12.2102, 54.9679], [12.2149, 54.964], [12.2079, 54.9573], [12.1896, 54.9604], [12.1811, 54.9585], [12.1421, 54.9652], [12.1279, 54.9578], [12.1209, 54.9576], [12.1204, 54.9551], [12.1319, 54.946], [12.1452, 54.9432], [12.1597, 54.9457], [12.159, 54.9434], [12.1472, 54.9419], [12.1396, 54.9361], [12.1347, 54.9376], [12.1187, 54.9308], [12.1107, 54.9172], [12.1254, 54.9081], [12.1063, 54.9061], [12.1054, 54.9035], [12.1109, 54.9005], [12.135, 54.904], [12.1498, 54.9009], [12.1499, 54.8986]], [[12.4797, 55.6154], [12.4792, 55.6147], [12.4857, 55.6131], [12.4875, 55.6154], [12.4797, 55.6154]], [[12.4741, 55.6162], [12.4779, 55.6149], [12.4782, 55.6157], [12.4741, 55.6162]], [[12.471, 55.6165], [12.4733, 55.6171], [12.4719, 55.6176], [12.471, 55.6165]], [[12.2873, 55.0199], [12.2874, 55.0199], [12.2864, 55.0201], [12.2851, 55.0196], [12.2873, 55.0199]], [[12.2752, 55.0225], [12.2769, 55.0227], [12.275, 55.0243], [12.2752, 55.0225]], [[12.2721, 55.0265], [12.2706, 55.0258], [12.2735, 55.0244], [12.2756, 55.0254], [12.2721, 55.0265]], [[12.23, 55.059], [12.2372, 55.0605], [12.2362, 55.0611], [12.2267, 55.0607], [12.23, 55.059]], [[12.234, 55.029], [12.235, 55.0315], [12.2326, 55.0307], [12.234, 55.029]], [[12.227, 55.0573], [12.2148, 55.054], [12.2292, 55.0519], [12.2342, 55.0578], [12.227, 55.0573]], [[12.2241, 55.0086], [12.2213, 55.0084], [12.23, 55.0005], [12.2241, 55.0086]], [[12.2081, 55.0547], [12.1984, 55.0467], [12.1777, 55.0441], [12.1911, 55.0385], [12.2025, 55.0386], [12.2008, 55.037], [12.2196, 55.0332], [12.2269, 55.0496], [12.2081, 55.0547]], [[12.208, 55.058], [12.2065, 55.057], [12.2141, 55.0547], [12.219, 55.0576], [12.208, 55.058]], [[12.1822, 54.9718], [12.2096, 54.9647], [12.2043, 54.9687], [12.2008, 54.9788], [12.1819, 54.9846], [12.168, 54.984], [12.1822, 54.9718]], [[12.1723, 54.9674], [12.1726, 54.9631], [12.1855, 54.9668], [12.1723, 54.9674]], [[12.1717, 55.066], [12.1744, 55.0664], [12.172, 55.0677], [12.1717, 55.066]], [[12.1699, 54.9862], [12.1687, 54.9873], [12.1684, 54.987], [12.1699, 54.9862]], [[12.1477, 54.967], [12.1546, 54.9636], [12.1692, 54.9662], [12.1658, 54.969], [12.1675, 54.9715], [12.1477, 54.967]], [[11.9572, 54.5929], [11.9516, 54.593], [11.9561, 54.5954], [11.9456, 54.5994], [11.9522, 54.6022], [11.9454, 54.6057], [11.9396, 54.6048], [11.9239, 54.6183], [11.9201, 54.6262], [11.9166, 54.6258], [11.9183, 54.6275], [11.9231, 54.6263], [11.9228, 54.6332], [11.9106, 54.6405], [11.9039, 54.6597], [11.897, 54.6668], [11.8989, 54.6706], [11.9036, 54.6696], [11.9083, 54.6745], [11.9079, 54.6832], [11.9157, 54.6867], [11.9173, 54.691], [11.9274, 54.6924], [11.9315, 54.6981], [11.9473, 54.7011], [11.9578, 54.7108], [11.9816, 54.7199], [11.9943, 54.7195], [11.988, 54.7184], [11.9894, 54.716], [11.9833, 54.7166], [11.9875, 54.71], [11.9806, 54.7127], [11.982, 54.7084], [11.9765, 54.7039], [11.962, 54.6994], [11.9651, 54.6973], [11.9642, 54.6949], [11.9591, 54.6943], [11.9527, 54.6974], [11.9448, 54.6952], [11.9411, 54.6878], [11.9573, 54.6847], [11.9636, 54.6864], [11.9589, 54.6808], [11.9469, 54.6812], [11.9464, 54.6861], [11.9468, 54.6812], [11.9367, 54.6778], [11.9298, 54.6701], [11.9299, 54.6649], [11.9375, 54.6666], [11.9322, 54.658], [11.9457, 54.6538], [11.9558, 54.6366], [11.9522, 54.6243], [11.9542, 54.6203], [11.9485, 54.6187], [11.9507, 54.6143], [11.9554, 54.6133], [11.9402, 54.611], [11.9434, 54.6086], [11.9565, 54.6099], [11.9659, 54.6051], [11.9579, 54.6602], [11.96, 54.6707], [11.9744, 54.697], [11.9904, 54.7098], [12.02, 54.7249], [12.0443, 54.7599], [12.0545, 54.7642], [12.0675, 54.7787], [12.0863, 54.7901], [12.1169, 54.799], [12.1279, 54.8084], [12.1328, 54.8221], [12.1562, 54.8268], [12.1644, 54.8314], [12.1652, 54.8354], [12.1553, 54.8478], [12.1256, 54.8703], [12.1191, 54.8862], [12.101, 54.885], [12.1174, 54.8846], [12.1175, 54.882], [12.099, 54.8848], [12.1052, 54.8764], [12.1032, 54.8718], [12.0921, 54.8766], [12.0953, 54.8876], [12.0858, 54.8909], [12.0734, 54.8928], [12.0558, 54.8894], [12.0562, 54.8872], [12.0456, 54.8915], [11.998, 54.8969], [11.9873, 54.9037], [11.9624, 54.9024], [11.9901, 54.907], [11.9795, 54.9175], [11.9762, 54.9286], [11.9804, 54.9319], [11.9712, 54.9373], [11.9579, 54.94], [11.9399, 54.9363], [11.9236, 54.9385], [11.9256, 54.9353], [11.9235, 54.9219], [11.9271, 54.9149], [11.9451, 54.911], [11.9367, 54.9085], [11.9248, 54.9128], [11.9233, 54.9089], [11.9206, 54.9194], [11.9182, 54.9203], [11.9167, 54.9165], [11.9041, 54.9164], [11.8927, 54.9204], [11.8861, 54.9259], [11.8882, 54.9303], [11.8718, 54.9387], [11.8791, 54.9434], [11.8634, 54.9527], [11.8413, 54.9589], [11.834, 54.9654], [11.8246, 54.9679], [11.8233, 54.9635], [11.8298, 54.9586], [11.8255, 54.9453], [11.8183, 54.9438], [11.8157, 54.9395], [11.817, 54.935], [11.822, 54.9345], [11.8154, 54.9171], [11.8157, 54.9061], [11.8118, 54.9027], [11.8132, 54.9147], [11.811, 54.9177], [11.804, 54.9106], [11.7932, 54.9074], [11.7746, 54.9129], [11.7879, 54.9189], [11.7796, 54.922], [11.7827, 54.9246], [11.7951, 54.9244], [11.8015, 54.9327], [11.7966, 54.9414], [11.7838, 54.952], [11.7643, 54.9595], [11.7409, 54.9578], [11.7314, 54.9473], [11.7519, 54.943], [11.7549, 54.9393], [11.7282, 54.9388], [11.7223, 54.9422], [11.7073, 54.9299], [11.7384, 54.927], [11.7501, 54.9322], [11.75, 54.9238], [11.7583, 54.9133], [11.7426, 54.8977], [11.7461, 54.8869], [11.7604, 54.8802], [11.7527, 54.8679], [11.7596, 54.8617], [11.7662, 54.861], [11.7578, 54.8544], [11.7858, 54.8527], [11.8052, 54.8451], [11.8089, 54.8454], [11.8061, 54.8482], [11.8142, 54.8502], [11.8137, 54.846], [11.8181, 54.8429], [11.8082, 54.8418], [11.808, 54.8369], [11.8145, 54.8316], [11.8266, 54.8366], [11.8239, 54.8335], [11.828, 54.8322], [11.8264, 54.8303], [11.8307, 54.8313], [11.8299, 54.8278], [11.8179, 54.8305], [11.8183, 54.8264], [11.8111, 54.8164], [11.8009, 54.8125], [11.8003, 54.807], [11.8152, 54.7994], [11.837, 54.7959], [11.8663, 54.7722], [11.8809, 54.7739], [11.8875, 54.7704], [11.8969, 54.7711], [11.8892, 54.7682], [11.8645, 54.7716], [11.8714, 54.7584], [11.8872, 54.748], [11.8986, 54.7416], [11.9168, 54.7394], [11.9154, 54.7307], [11.9224, 54.7301], [11.9263, 54.7219], [11.9244, 54.7178], [11.9125, 54.719], [11.8995, 54.7037], [11.8783, 54.6891], [11.872, 54.6679], [11.8638, 54.6568], [11.8687, 54.6474], [11.9178, 54.6002], [11.9228, 54.5893], [11.9223, 54.5824], [11.918, 54.5772], [11.9721, 54.5618], [11.9751, 54.5724], [11.9684, 54.6026], [11.9543, 54.6094], [11.9454, 54.6063], [11.9485, 54.6043], [11.9511, 54.6065], [11.9578, 54.6074], [11.951, 54.6041], [11.9598, 54.6029], [11.9559, 54.6003], [11.9625, 54.5985], [11.9638, 54.5867], [11.9712, 54.5805], [11.9628, 54.5807], [11.9628, 54.5858], [11.9572, 54.5929]], [[12.1342, 54.8995], [12.1353, 54.8999], [12.1344, 54.9002], [12.1342, 54.8995]], [[12.1024, 54.967], [12.1069, 54.972], [12.1154, 54.9695], [12.1167, 54.9767], [12.1297, 54.9878], [12.1124, 54.9852], [12.1128, 54.9781], [12.102, 54.9712], [12.1024, 54.967]], [[12.1206, 54.8987], [12.1224, 54.9], [12.1206, 54.9004], [12.1206, 54.8987]], [[12.0415, 54.9536], [12.0461, 54.951], [12.0743, 54.947], [12.0943, 54.9518], [12.0995, 54.9479], [12.0954, 54.9541], [12.1005, 54.9544], [12.1043, 54.9608], [12.0616, 54.9534], [12.0602, 54.9507], [12.048, 54.9512], [12.0457, 54.9543], [12.0415, 54.9536]], [[12.0999, 54.8765], [12.0999, 54.8768], [12.0987, 54.8768], [12.0999, 54.8765]], [[12.0963, 54.8786], [12.0954, 54.8775], [12.0978, 54.8769], [12.0963, 54.8786]], [[12.0624, 55.7261], [12.0927, 55.7264], [12.0977, 55.7227], [12.0978, 55.7274], [12.0855, 55.7278], [12.0854, 55.7335], [12.079, 55.7371], [12.0771, 55.7422], [12.0676, 55.7331], [12.0691, 55.7268], [12.0624, 55.7261]], [[12.0896, 55.754], [12.0954, 55.753], [12.0956, 55.7542], [12.0896, 55.754]], [[12.0878, 55.691], [12.0876, 55.6905], [12.0885, 55.6905], [12.0878, 55.691]], [[11.9949, 54.9332], [11.9936, 54.9296], [12.0075, 54.9196], [12.046, 54.9162], [12.0708, 54.9102], [12.0761, 54.9113], [12.086, 54.9246], [12.0615, 54.9405], [12.0288, 54.937], [12.0185, 54.9316], [12.0055, 54.9319], [12.0061, 54.9351], [11.9949, 54.9332]], [[12.0832, 55.6708], [12.0783, 55.671], [12.0798, 55.67], [12.0832, 55.6708]], [[12.0781, 54.9101], [12.083, 54.912], [12.0811, 54.9135], [12.0781, 54.9101]], [[12.0713, 55.7935], [12.0737, 55.7936], [12.0726, 55.7953], [12.0713, 55.7935]], [[12.0731, 55.1314], [12.0646, 55.1331], [12.0657, 55.1313], [12.0731, 55.1314]], [[12.0629, 55.6859], [12.0648, 55.6866], [12.0593, 55.6879], [12.0629, 55.6859]], [[12.0621, 55.7952], [12.0612, 55.7947], [12.0614, 55.7942], [12.0621, 55.7952]], [[12.0565, 55.8064], [12.061, 55.8034], [12.0608, 55.8044], [12.0565, 55.8064]], [[12.0537, 55.8327], [12.0563, 55.8276], [12.0585, 55.8313], [12.0537, 55.8327]], [[12.0581, 55.8], [12.0571, 55.7992], [12.0584, 55.799], [12.0581, 55.8]], [[12.0561, 55.1324], [12.0542, 55.1325], [12.055, 55.1307], [12.0577, 55.1308], [12.0561, 55.1324]], [[12.0556, 55.1203], [12.0577, 55.1204], [12.0577, 55.1206], [12.0556, 55.1203]], [[12.0541, 55.7474], [12.0551, 55.7478], [12.0533, 55.7486], [12.0541, 55.7474]], [[12.051, 55.7473], [12.0522, 55.7468], [12.0524, 55.7471], [12.051, 55.7473]], [[12.0491, 55.7487], [12.048, 55.7487], [12.0491, 55.7478], [12.0491, 55.7487]], [[12.0482, 55.8137], [12.0474, 55.8134], [12.0476, 55.8129], [12.0482, 55.8137]], [[12.0454, 55.7484], [12.0466, 55.7486], [12.0464, 55.7489], [12.0454, 55.7484]], [[12.0423, 55.6762], [12.043, 55.6764], [12.0432, 55.6775], [12.0423, 55.6762]], [[12.04, 55.6789], [12.0393, 55.6782], [12.0402, 55.678], [12.04, 55.6789]], [[12.0296, 55.6936], [12.0312, 55.6934], [12.0292, 55.6953], [12.0296, 55.6936]], [[12.0285, 55.6937], [12.0259, 55.6942], [12.0271, 55.6934], [12.0285, 55.6937]], [[12.0278, 55.6742], [12.0285, 55.6749], [12.0262, 55.6756], [12.0278, 55.6742]], [[12.0251, 55.6731], [12.0285, 55.6732], [12.0262, 55.6733], [12.0251, 55.6731]], [[12.0197, 55.9074], [12.0177, 55.9077], [12.0224, 55.9065], [12.0197, 55.9074]], [[12.0143, 55.7191], [12.02, 55.7211], [12.0186, 55.7214], [12.0143, 55.7191]], [[12.0188, 55.8584], [12.0189, 55.8597], [12.018, 55.8596], [12.0188, 55.8584]], [[12.0081, 55.7219], [12.007, 55.7215], [12.0073, 55.7209], [12.0114, 55.7196], [12.0081, 55.7219]], [[12.0104, 55.7225], [12.0092, 55.7222], [12.0101, 55.7218], [12.0104, 55.7225]], [[12.0103, 55.8742], [12.0044, 55.8789], [12.0079, 55.8743], [12.0103, 55.8742]], [[12.009, 55.6682], [12.0098, 55.6691], [12.0087, 55.6696], [12.0063, 55.6679], [12.009, 55.6682]], [[12.0065, 55.6827], [12.0057, 55.6826], [12.006, 55.6811], [12.0065, 55.6827]], [[12.0031, 55.8803], [12.0025, 55.8795], [12.0043, 55.8793], [12.0031, 55.8803]], [[11.998, 54.9526], [11.9901, 54.9551], [11.9833, 54.9503], [12.0001, 54.9433], [11.998, 54.9526]], [[11.9632, 55.6881], [11.9628, 55.6858], [11.9675, 55.6877], [11.9632, 55.6881]], [[11.9621, 54.6996], [11.964, 54.7015], [11.9603, 54.7009], [11.9621, 54.6996]], [[11.9639, 54.6974], [11.9592, 54.7], [11.9516, 54.6995], [11.9628, 54.6951], [11.9639, 54.6974]], [[11.9594, 54.703], [11.9565, 54.7018], [11.9568, 54.7009], [11.9594, 54.703]], [[11.9565, 55.6877], [11.9556, 55.6863], [11.9567, 55.6863], [11.9565, 55.6877]], [[11.9544, 54.7023], [11.9546, 54.7019], [11.9567, 54.7031], [11.9544, 54.7023]], [[11.9524, 54.6979], [11.9525, 54.6983], [11.9495, 54.6983], [11.9524, 54.6979]], [[11.9455, 54.6077], [11.9415, 54.608], [11.9425, 54.6065], [11.9455, 54.6077]], [[11.9333, 55.6579], [11.9319, 55.6584], [11.9319, 55.6576], [11.9333, 55.6579]], [[11.9325, 55.6561], [11.9325, 55.6557], [11.9331, 55.6556], [11.9325, 55.6561]], [[11.9304, 55.6549], [11.9304, 55.6543], [11.9313, 55.6543], [11.9304, 55.6549]], [[11.9298, 55.651], [11.9292, 55.6507], [11.9296, 55.6502], [11.9298, 55.651]], [[11.9277, 54.912], [11.9279, 54.9123], [11.9265, 54.9123], [11.9277, 54.912]], [[11.9201, 54.9237], [11.917, 54.9234], [11.9236, 54.9187], [11.9201, 54.9237]], [[11.9075, 54.7357], [11.8874, 54.7356], [11.8819, 54.7326], [11.8845, 54.7364], [11.8761, 54.7419], [11.8695, 54.7269], [11.9051, 54.719], [11.9064, 54.7262], [11.9113, 54.7283], [11.9075, 54.7357]], [[11.8814, 54.9866], [11.8983, 54.9779], [11.8945, 54.9906], [11.887, 54.9965], [11.8814, 54.9974], [11.8753, 54.9939], [11.8814, 54.9866]], [[11.8951, 54.7363], [11.8972, 54.7381], [11.894, 54.7381], [11.8951, 54.7363]], [[11.8904, 55.9173], [11.8853, 55.9131], [11.8914, 55.9167], [11.8956, 55.9163], [11.8904, 55.9173]], [[11.8889, 54.7099], [11.8903, 54.7099], [11.8878, 54.7116], [11.8889, 54.7099]], [[11.8886, 54.7121], [11.8889, 54.7149], [11.8878, 54.7147], [11.8886, 54.7121]], [[11.8797, 54.9788], [11.8786, 54.9779], [11.8804, 54.9773], [11.8826, 54.9796], [11.8797, 54.9788]], [[11.8656, 54.7247], [11.8558, 54.7247], [11.8664, 54.7202], [11.8695, 54.7201], [11.866, 54.721], [11.8656, 54.7247]], [[11.85, 54.6753], [11.8354, 54.6817], [11.8414, 54.6843], [11.8539, 54.6834], [11.8558, 54.6884], [11.8531, 54.6942], [11.844, 54.6925], [11.815, 54.7048], [11.8188, 54.7055], [11.8114, 54.7095], [11.809, 54.7129], [11.8109, 54.7158], [11.8245, 54.7184], [11.8152, 54.7238], [11.8212, 54.7294], [11.8161, 54.7327], [11.8151, 54.7345], [11.8335, 54.7268], [11.8456, 54.7274], [11.8665, 54.739], [11.8666, 54.7469], [11.8606, 54.7561], [11.8545, 54.7582], [11.8568, 54.7688], [11.8523, 54.773], [11.8343, 54.7799], [11.8213, 54.7911], [11.8008, 54.7938], [11.7961, 54.7998], [11.7865, 54.8041], [11.781, 54.8168], [11.789, 54.8245], [11.7856, 54.83], [11.7799, 54.8313], [11.7711, 54.8275], [11.7672, 54.8294], [11.7632, 54.8207], [11.756, 54.8221], [11.7509, 54.8351], [11.752, 54.8414], [11.7457, 54.8457], [11.7384, 54.8599], [11.7481, 54.8725], [11.7458, 54.8749], [11.7164, 54.8744], [11.6844, 54.8878], [11.6733, 54.8963], [11.6517, 54.9037], [11.6371, 54.9009], [11.651, 54.8893], [11.6455, 54.871], [11.6546, 54.8662], [11.6589, 54.8577], [11.6573, 54.8557], [11.6518, 54.855], [11.6425, 54.8595], [11.6253, 54.8509], [11.6258, 54.8442], [11.5883, 54.8586], [11.5785, 54.853], [11.5691, 54.8535], [11.5663, 54.8468], [11.5791, 54.8348], [11.5962, 54.831], [11.6075, 54.8186], [11.615, 54.8156], [11.6424, 54.7994], [11.643, 54.798], [11.5988, 54.8199], [11.5913, 54.827], [11.5615, 54.8234], [11.5538, 54.83], [11.5138, 54.8336], [11.4961, 54.8316], [11.4764, 54.8423], [11.4646, 54.8414], [11.465, 54.8516], [11.47, 54.8554], [11.4664, 54.8619], [11.4449, 54.8645], [11.4345, 54.8602], [11.4285, 54.8629], [11.4327, 54.87], [11.4188, 54.8646], [11.4069, 54.8661], [11.4224, 54.8709], [11.384, 54.8836], [11.3645, 54.8954], [11.3633, 54.9081], [11.357, 54.917], [11.3452, 54.9224], [11.3187, 54.9242], [11.2997, 54.9411], [11.2884, 54.9471], [11.2591, 54.957], [11.2273, 54.9589], [11.2219, 54.9582], [11.2232, 54.9574], [11.2226, 54.955], [11.2204, 54.9586], [11.1976, 54.9611], [11.1922, 54.9597], [11.1999, 54.9593], [11.1968, 54.9559], [11.1766, 54.9605], [11.1713, 54.9582], [11.176, 54.9547], [11.176, 54.9529], [11.1702, 54.9569], [11.1629, 54.9557], [11.1625, 54.9513], [11.1603, 54.9564], [11.1545, 54.9567], [11.1437, 54.9494], [11.1281, 54.9516], [11.1281, 54.9434], [11.1152, 54.9495], [11.109, 54.9463], [11.116, 54.941], [11.1185, 54.9284], [11.1278, 54.9207], [11.1279, 54.9191], [11.1182, 54.9273], [11.1137, 54.9369], [11.0993, 54.9415], [11.0687, 54.9375], [11.0596, 54.9278], [11.0323, 54.9174], [11.0262, 54.912], [11.0161, 54.8884], [11.0301, 54.8893], [11.0241, 54.8884], [11.0192, 54.8814], [11.0251, 54.8791], [11.0284, 54.8828], [11.0335, 54.8813], [11.0301, 54.8783], [11.0305, 54.8729], [11.0371, 54.8708], [11.0384, 54.8766], [11.045, 54.8766], [11.0437, 54.8703], [11.047, 54.8676], [11.0544, 54.8706], [11.0638, 54.8684], [11.0548, 54.8623], [11.068, 54.8562], [11.068, 54.8482], [11.0777, 54.848], [11.0808, 54.8405], [11.0763, 54.8357], [11.0881, 54.8351], [11.0911, 54.831], [11.0954, 54.8323], [11.0926, 54.8384], [11.103, 54.8362], [11.1039, 54.8396], [11.1126, 54.8329], [11.1181, 54.834], [11.116, 54.837], [11.1198, 54.8382], [11.1363, 54.8288], [11.1306, 54.8276], [11.1343, 54.8272], [11.1324, 54.8261], [11.1395, 54.8251], [11.1353, 54.827], [11.1425, 54.8289], [11.1529, 54.8197], [11.158, 54.8193], [11.1595, 54.8216], [11.1565, 54.8237], [11.1577, 54.8256], [11.1602, 54.8268], [11.1602, 54.824], [11.166, 54.823], [11.1733, 54.8272], [11.1918, 54.8301], [11.2051, 54.8392], [11.2089, 54.8391], [11.2095, 54.8366], [11.1974, 54.8334], [11.1952, 54.8279], [11.1531, 54.8132], [11.1615, 54.806], [11.164, 54.8098], [11.173, 54.8125], [11.1649, 54.8066], [11.166, 54.8037], [11.1724, 54.8068], [11.1751, 54.8056], [11.1707, 54.8043], [11.1748, 54.8037], [11.1924, 54.8077], [11.1956, 54.8064], [11.1942, 54.8031], [11.1829, 54.8041], [11.1586, 54.7972], [11.1528, 54.7988], [11.1557, 54.8031], [11.1494, 54.8089], [11.1421, 54.8102], [11.1376, 54.8054], [11.1459, 54.8074], [11.1472, 54.8047], [11.1407, 54.8048], [11.1418, 54.8], [11.1329, 54.8019], [11.1357, 54.8061], [11.1338, 54.8071], [11.1227, 54.8011], [11.1256, 54.8048], [11.123, 54.8089], [11.1245, 54.8151], [11.1222, 54.8152], [11.1098, 54.8087], [11.1063, 54.8096], [11.111, 54.8035], [11.1096, 54.8012], [11.1026, 54.8115], [11.1051, 54.8205], [11.1009, 54.8214], [11.0958, 54.8172], [11.0986, 54.7995], [11.0893, 54.7975], [11.0867, 54.7942], [11.089, 54.7902], [11.0857, 54.7917], [11.0608, 54.7815], [11.0564, 54.7852], [11.0439, 54.7852], [11.0419, 54.7873], [11.0502, 54.7864], [11.051, 54.7908], [11.0399, 54.7918], [11.0336, 54.7898], [11.0312, 54.7829], [11.0332, 54.7826], [11.0296, 54.7826], [11.0208, 54.7859], [11.0157, 54.7828], [11.0058, 54.787], [11.0013, 54.7848], [11.0019, 54.7816], [10.9931, 54.7782], [10.9879, 54.7803], [10.9872, 54.788], [10.9776, 54.7908], [10.9643, 54.8018], [10.9944, 54.7704], [11.0089, 54.7608], [11.03815596844105, 54.753049510544], [11.0407, 54.7553], [11.0458, 54.7532], [11.0425, 54.7519], [11.042412195122221, 54.751921951219444], [11.0776, 54.7426], [11.1417, 54.7313], [11.2346, 54.7064], [11.2504, 54.7054], [11.2516, 54.7079], [11.2318, 54.7076], [11.2348, 54.714], [11.2277, 54.7134], [11.2162, 54.7207], [11.2128, 54.7156], [11.203, 54.7186], [11.1942, 54.7289], [11.2031, 54.7273], [11.1956, 54.7361], [11.2032, 54.7308], [11.2184, 54.7336], [11.2195, 54.7304], [11.2137, 54.7285], [11.23, 54.7249], [11.2342, 54.7287], [11.2205, 54.7305], [11.2276, 54.7303], [11.2393, 54.7279], [11.2448, 54.7305], [11.2478, 54.7255], [11.2627, 54.73], [11.2773, 54.7301], [11.2811, 54.732], [11.28, 54.7341], [11.2639, 54.7387], [11.2626, 54.7439], [11.2505, 54.742], [11.2457, 54.7428], [11.2437, 54.7487], [11.2387, 54.7454], [11.2378, 54.748], [11.2468, 54.753], [11.2431, 54.7559], [11.2445, 54.7584], [11.2481, 54.7606], [11.2541, 54.7618], [11.2494, 54.746], [11.2626, 54.7469], [11.2636, 54.7538], [11.2661, 54.7554], [11.2739, 54.7568], [11.2695, 54.7554], [11.2749, 54.751], [11.2695, 54.7528], [11.2681, 54.7471], [11.2704, 54.7445], [11.2808, 54.7377], [11.3008, 54.7378], [11.2938, 54.7419], [11.2886, 54.7387], [11.289, 54.7412], [11.2819, 54.7437], [11.2773, 54.7496], [11.2922, 54.7529], [11.2897, 54.7496], [11.2922, 54.7455], [11.3191, 54.7345], [11.3326, 54.7332], [11.3438, 54.7342], [11.3444, 54.7339], [11.3331, 54.7324], [11.3199, 54.7336], [11.3275, 54.7281], [11.3448, 54.7284], [11.3286, 54.7274], [11.3278, 54.7249], [11.3291, 54.7237], [11.3284, 54.7208], [11.334, 54.7183], [11.3496, 54.7196], [11.3215, 54.7123], [11.3221, 54.7072], [11.3275, 54.7055], [11.3331, 54.7127], [11.342, 54.7102], [11.36, 54.7123], [11.3666, 54.7161], [11.3737, 54.7107], [11.3663, 54.7101], [11.3636, 54.7077], [11.3697, 54.7091], [11.3605, 54.7041], [11.387, 54.7025], [11.3904, 54.7062], [11.3825, 54.7068], [11.4145, 54.7083], [11.3922, 54.7018], [11.393, 54.6977], [11.3665, 54.6946], [11.3726, 54.6898], [11.3617, 54.6899], [11.3567, 54.6867], [11.3587, 54.682], [11.3495, 54.6826], [11.3553, 54.6756], [11.362, 54.6766], [11.3681, 54.6732], [11.3637, 54.672], [11.367, 54.6696], [11.336, 54.6769], [11.3313, 54.6754], [11.3384, 54.6751], [11.3435, 54.669], [11.3308, 54.671], [11.3315, 54.6679], [11.3553, 54.6587], [11.3669, 54.6584], [11.3668, 54.6544], [11.3708, 54.652], [11.3891, 54.6507], [11.3893, 54.6477], [11.3946, 54.6468], [11.402, 54.6483], [11.447, 54.6361], [11.4551, 54.637], [11.4469, 54.6444], [11.4374, 54.6439], [11.4351, 54.6451], [11.4341, 54.6464], [11.447, 54.6457], [11.4644, 54.6377], [11.4802, 54.6406], [11.4983, 54.6369], [11.5018, 54.638], [11.4974, 54.6421], [11.5018, 54.6438], [11.5019, 54.6406], [11.5056, 54.6411], [11.5034, 54.6438], [11.5081, 54.6446], [11.514, 54.6398], [11.5097, 54.6369], [11.5183, 54.6376], [11.5161, 54.6358], [11.5195, 54.6353], [11.5238, 54.6375], [11.5232, 54.6411], [11.5338, 54.639], [11.5451, 54.6413], [11.5534, 54.6498], [11.548, 54.6511], [11.5487, 54.6535], [11.5712, 54.653], [11.5543, 54.6583], [11.5627, 54.6602], [11.5855, 54.6569], [11.5946, 54.6591], [11.587, 54.6613], [11.5871, 54.6638], [11.5975, 54.6659], [11.612, 54.6592], [11.6274, 54.6601], [11.6248, 54.6611], [11.634, 54.6646], [11.6493, 54.6601], [11.6603, 54.6615], [11.663, 54.6588], [11.6666, 54.6618], [11.6647, 54.6637], [11.6672, 54.6683], [11.6725, 54.664], [11.6897, 54.6659], [11.7038, 54.6617], [11.7124, 54.6522], [11.7244, 54.6571], [11.7212, 54.6632], [11.7264, 54.6658], [11.732, 54.6601], [11.7298, 54.6551], [11.7852, 54.6493], [11.7994, 54.6424], [11.8072, 54.6433], [11.8026, 54.6459], [11.808, 54.6484], [11.8139, 54.6467], [11.8181, 54.6513], [11.8308, 54.6521], [11.8321, 54.6539], [11.8143, 54.6594], [11.8427, 54.6651], [11.8368, 54.6701], [11.85, 54.6753]], [[11.864, 54.7283], [11.8653, 54.7307], [11.863, 54.732], [11.864, 54.7283]], [[11.8257, 55.7992], [11.8203, 55.7878], [11.8152, 55.7841], [11.81, 55.7843], [11.798, 55.7926], [11.7886, 55.7856], [11.7807, 55.7862], [11.7734, 55.782], [11.7829, 55.7667], [11.8142, 55.7514], [11.8329, 55.7585], [11.8345, 55.7648], [11.8467, 55.7785], [11.8473, 55.7838], [11.8397, 55.7989], [11.8305, 55.8095], [11.8262, 55.8102], [11.8203, 55.8065], [11.8257, 55.7992]], [[11.8401, 55.7436], [11.8414, 55.7476], [11.84, 55.7476], [11.8401, 55.7436]], [[11.8343, 54.7139], [11.8356, 54.7155], [11.832, 54.7164], [11.8343, 54.7139]], [[11.8309, 54.7172], [11.8295, 54.7161], [11.8298, 54.716], [11.8309, 54.7172]], [[11.8249, 54.9696], [11.822, 54.9711], [11.8221, 54.9704], [11.8249, 54.9696]], [[11.8177, 54.9337], [11.8161, 54.9339], [11.8161, 54.9334], [11.8177, 54.9337]], [[11.8164, 55.747], [11.8103, 55.7469], [11.8149, 55.7462], [11.8174, 55.7446], [11.8164, 55.747]], [[11.8106, 54.9371], [11.8073, 54.9369], [11.8083, 54.9341], [11.8119, 54.934], [11.8106, 54.9371]], [[11.8023, 55.7469], [11.8102, 55.7467], [11.806, 55.7478], [11.7993, 55.7484], [11.8023, 55.7469]], [[11.8055, 54.64], [11.8058, 54.6418], [11.8046, 54.6418], [11.8055, 54.64]], [[11.8025, 55.6741], [11.8054, 55.6749], [11.8036, 55.6784], [11.8025, 55.6741]], [[11.7966, 55.7555], [11.796, 55.7548], [11.8026, 55.7548], [11.7966, 55.7555]], [[11.7981, 55.6718], [11.7983, 55.6724], [11.7961, 55.6722], [11.7981, 55.6718]], [[11.7959, 54.6375], [11.7955, 54.6388], [11.7945, 54.6378], [11.7959, 54.6375]], [[11.7911, 55.789], [11.7908, 55.7883], [11.792, 55.7885], [11.7911, 55.789]], [[11.7844, 55.7871], [11.7845, 55.7864], [11.7864, 55.7864], [11.7844, 55.7871]], [[11.7825, 55.0967], [11.7833, 55.0973], [11.7826, 55.0976], [11.7825, 55.0967]], [[11.7804, 55.7617], [11.7813, 55.7613], [11.7818, 55.7621], [11.7804, 55.7617]], [[11.7799, 55.0977], [11.7811, 55.0981], [11.78, 55.0985], [11.7799, 55.0977]], [[11.7583, 55.0832], [11.7703, 55.0852], [11.7671, 55.0899], [11.757, 55.0908], [11.7533, 55.0862], [11.7485, 55.0863], [11.7463, 55.0824], [11.7598, 55.0751], [11.7756, 55.0752], [11.7583, 55.0832]], [[11.7518, 55.0899], [11.7556, 55.0912], [11.7546, 55.0917], [11.7518, 55.0899]], [[11.7534, 55.0916], [11.7553, 55.0924], [11.7541, 55.0927], [11.7534, 55.0916]], [[11.7465, 55.7228], [11.7477, 55.7229], [11.7475, 55.7235], [11.7465, 55.7228]], [[11.6913, 55.1716], [11.6984, 55.1746], [11.7149, 55.1722], [11.7141, 55.1784], [11.7276, 55.1903], [11.7283, 55.1951], [11.7115, 55.1987], [11.7042, 55.2032], [11.6989, 55.2007], [11.6992, 55.1947], [11.6896, 55.1867], [11.6862, 55.1779], [11.6901, 55.1777], [11.6848, 55.1742], [11.6913, 55.1716]], [[11.7151, 55.123], [11.7254, 55.1364], [11.7177, 55.1423], [11.72, 55.1462], [11.7148, 55.1484], [11.7105, 55.1245], [11.7151, 55.123]], [[11.7207, 55.15], [11.7234, 55.1503], [11.7231, 55.1508], [11.7207, 55.15]], [[11.7171, 55.7323], [11.7206, 55.7327], [11.72, 55.733], [11.7171, 55.7323]], [[11.7153, 55.2], [11.7127, 55.2002], [11.7127, 55.1998], [11.7153, 55.2]], [[11.7059, 55.1486], [11.7091, 55.1471], [11.7094, 55.1475], [11.7059, 55.1486]], [[11.6993, 55.1479], [11.6879, 55.1576], [11.676, 55.1621], [11.6734, 55.1784], [11.6594, 55.1709], [11.6497, 55.1705], [11.66, 55.1609], [11.6766, 55.16], [11.6962, 55.1475], [11.7043, 55.1441], [11.7089, 55.1456], [11.7002, 55.1519], [11.6993, 55.1479]], [[11.7007, 54.9435], [11.6958, 54.9412], [11.7018, 54.9422], [11.7037, 54.9413], [11.7007, 54.9435]], [[11.6992, 55.1545], [11.6923, 55.1553], [11.6927, 55.1543], [11.6992, 55.1545]], [[11.697, 55.9141], [11.6972, 55.9152], [11.6958, 55.9153], [11.697, 55.9141]], [[11.695, 55.1525], [11.6953, 55.1532], [11.6942, 55.1531], [11.695, 55.1525]], [[11.6886, 55.9151], [11.6851, 55.9147], [11.6863, 55.9123], [11.6908, 55.9138], [11.6886, 55.9151]], [[11.684, 55.1885], [11.6889, 55.1906], [11.6766, 55.1915], [11.6744, 55.1883], [11.684, 55.1885]], [[11.6889, 56.7385], [11.638, 56.7347], [11.57, 56.7216], [11.5292, 56.7206], [11.521, 56.7164], [11.5386, 56.6972], [11.5453, 56.6942], [11.5702, 56.6931], [11.6006, 56.7113], [11.6354, 56.7271], [11.6889, 56.7385]], [[11.6572, 54.6516], [11.6593, 54.6513], [11.6617, 54.6552], [11.6572, 54.6516]], [[11.6576, 55.8044], [11.6576, 55.8033], [11.6592, 55.8033], [11.6576, 55.8044]], [[11.6461, 54.9082], [11.6386, 54.9102], [11.632, 54.9046], [11.6461, 54.9082]], [[11.6083, 54.6447], [11.5949, 54.6485], [11.5968, 54.6462], [11.6083, 54.6447]], [[11.5998, 55.7558], [11.6074, 55.7558], [11.607, 55.7563], [11.5998, 55.7558]], [[11.6028, 54.6526], [11.606, 54.6555], [11.6055, 54.6562], [11.6017, 54.6553], [11.6028, 54.6526]], [[11.5934, 55.7552], [11.5894, 55.7537], [11.5988, 55.7548], [11.5934, 55.7552]], [[11.5863, 54.9716], [11.5877, 54.9724], [11.587, 54.9731], [11.5863, 54.9716]], [[11.5794, 55.7512], [11.5847, 55.7519], [11.5843, 55.7522], [11.5794, 55.7512]], [[11.5758, 54.6533], [11.5724, 54.6522], [11.5783, 54.6512], [11.5817, 54.6516], [11.5758, 54.6533]], [[11.5433, 54.957], [11.5658, 54.9744], [11.546, 54.9897], [11.5273, 54.9889], [11.518, 54.9924], [11.4974, 54.9842], [11.4968, 54.9798], [11.5137, 54.9724], [11.523, 54.9576], [11.5375, 54.948], [11.5433, 54.957]], [[11.5611, 54.5981], [11.5645, 54.597], [11.5639, 54.5983], [11.5611, 54.5981]], [[11.5045, 54.5986], [11.5128, 54.5966], [11.509677527114974, 54.596505379609546], [11.5267, 54.5937], [11.5449, 54.5946], [11.5545, 54.5973], [11.5166, 54.5957], [11.4794, 54.6057], [11.4909, 54.5996], [11.509364273204897, 54.59655700525394], [11.5045, 54.5986]], [[11.5518, 54.6463], [11.5532, 54.6476], [11.5523, 54.6479], [11.5518, 54.6463]], [[11.515, 54.8872], [11.5194, 54.8868], [11.5206, 54.8896], [11.4938, 54.9025], [11.4911, 54.8993], [11.4771, 54.8975], [11.4813, 54.8862], [11.4974, 54.8872], [11.4897, 54.8939], [11.5037, 54.8949], [11.515, 54.8872]], [[11.5152, 54.6275], [11.5188, 54.6281], [11.518, 54.6289], [11.5152, 54.6275]], [[11.5135, 54.6268], [11.507, 54.624], [11.5129, 54.6229], [11.5172, 54.6233], [11.5135, 54.6268]], [[11.5058, 54.9129], [11.4725, 54.9133], [11.4744, 54.9094], [11.4821, 54.911], [11.4783, 54.9085], [11.5058, 54.9129]], [[11.4973, 54.6317], [11.4897, 54.6333], [11.4926, 54.6314], [11.4908, 54.6288], [11.4973, 54.6317]], [[11.4891, 55.7863], [11.4793, 55.7834], [11.4799, 55.7802], [11.4938, 55.7801], [11.4962, 55.7819], [11.4891, 55.7863]], [[11.4752, 55.1986], [11.4695, 55.1933], [11.4543, 55.1879], [11.4548, 55.1911], [11.4506, 55.1929], [11.4525, 55.195], [11.4499, 55.1946], [11.4516, 55.1965], [11.4425, 55.1988], [11.4454, 55.2035], [11.4307, 55.2074], [11.4272, 55.203], [11.4261, 55.2062], [11.415, 55.204], [11.4152, 55.1916], [11.4198, 55.189], [11.4094, 55.1933], [11.3999, 55.193], [11.4024, 55.1903], [11.4344, 55.1856], [11.4609, 55.1873], [11.484, 55.1983], [11.4752, 55.1986]], [[11.4769, 54.6285], [11.4813, 54.6298], [11.48, 54.6295], [11.4769, 54.6285]], [[11.4789, 55.7457], [11.4801, 55.7462], [11.4796, 55.7469], [11.4789, 55.7457]], [[11.4782, 54.6215], [11.478, 54.6211], [11.4787, 54.6208], [11.4782, 54.6215]], [[11.4764, 54.6195], [11.4785, 54.6201], [11.4772, 54.6212], [11.4764, 54.6195]], [[11.474, 55.7875], [11.4687, 55.7886], [11.4692, 55.7855], [11.4729, 55.7848], [11.474, 55.7875]], [[11.4735, 54.6335], [11.4672, 54.6328], [11.4605, 54.6365], [11.4606, 54.6308], [11.4735, 54.6335]], [[11.4726, 54.6104], [11.4726, 54.6114], [11.4679, 54.6102], [11.4713, 54.6101], [11.4726, 54.6104]], [[11.47, 55.8122], [11.4711, 55.8123], [11.4714, 55.813], [11.47, 55.8122]], [[11.466, 54.6104], [11.47, 54.6123], [11.4632, 54.6128], [11.4597, 54.6126], [11.466, 54.6104]], [[11.4112, 54.9481], [11.3819, 54.9557], [11.3795, 54.9551], [11.3872, 54.9532], [11.3691, 54.9504], [11.3662, 54.9552], [11.3676, 54.9454], [11.379, 54.934], [11.4027, 54.9216], [11.4013, 54.9236], [11.4039, 54.9241], [11.4016, 54.9252], [11.4001, 54.927], [11.4068, 54.9235], [11.4341, 54.9441], [11.4669, 54.9426], [11.4698, 54.9515], [11.4546, 54.9637], [11.4282, 54.9621], [11.4125, 54.9674], [11.4112, 54.9481]], [[11.4688, 54.6271], [11.4691, 54.6275], [11.4681, 54.6277], [11.4688, 54.6271]], [[11.463, 55.7893], [11.4676, 55.7894], [11.4671, 55.79], [11.463, 55.7893]], [[11.4601, 55.7997], [11.4669, 55.7994], [11.4661, 55.8027], [11.4601, 55.7997]], [[11.4554, 55.2048], [11.4505, 55.2026], [11.4569, 55.2025], [11.4597, 55.2046], [11.4554, 55.2048]], [[11.4447, 54.6189], [11.4529, 54.6141], [11.4594, 54.6131], [11.4473, 54.6181], [11.4447, 54.6189]], [[11.4487, 54.8857], [11.4429, 54.8831], [11.4482, 54.8832], [11.4515, 54.885], [11.4487, 54.8857]], [[11.4411, 54.6216], [11.441, 54.6212], [11.442, 54.6213], [11.4411, 54.6216]], [[11.4397, 54.6223], [11.4395, 54.622], [11.4401, 54.6217], [11.4397, 54.6223]], [[11.4386, 54.6229], [11.4376, 54.6228], [11.4378, 54.6223], [11.4386, 54.6229]], [[11.434, 55.2141], [11.4337, 55.2135], [11.438, 55.2122], [11.434, 55.2141]], [[11.4251, 54.6302], [11.414, 54.6332], [11.4375, 54.6227], [11.4251, 54.6302]], [[11.351, 54.655], [11.3606, 54.6488], [11.3886, 54.6416], [11.4128, 54.634], [11.402, 54.6406], [11.3968, 54.6398], [11.3614, 54.6493], [11.351, 54.655]], [[11.4103, 55.2024], [11.4111, 55.2023], [11.411, 55.2039], [11.4103, 55.2024]], [[11.3971, 54.6402], [11.4011, 54.6423], [11.3997, 54.6432], [11.3959, 54.6421], [11.3971, 54.6402]], [[11.3986, 55.2005], [11.4003, 55.2003], [11.3999, 55.2026], [11.3986, 55.2005]], [[11.3928, 55.1957], [11.3816, 55.1862], [11.376, 55.1853], [11.352, 55.1891], [11.3782, 55.1848], [11.399, 55.1917], [11.3928, 55.1957]], [[11.3739, 55.0331], [11.3789, 55.0373], [11.3608, 55.0367], [11.3471, 55.0306], [11.346, 55.0273], [11.3502, 55.0234], [11.3619, 55.0304], [11.3739, 55.0331]], [[11.3755, 54.6973], [11.3775, 54.6992], [11.366, 54.7027], [11.3617, 54.7011], [11.3755, 54.6973]], [[11.3712, 54.9607], [11.3623, 54.9685], [11.3531, 54.9675], [11.3584, 54.9569], [11.3712, 54.9607]], [[11.3626, 54.7074], [11.3584, 54.7099], [11.3458, 54.7056], [11.3584, 54.7038], [11.3626, 54.7074]], [[11.3612, 54.6981], [11.3469, 54.7005], [11.3483, 54.6965], [11.3598, 54.6954], [11.3612, 54.6981]], [[11.2957, 54.7071], [11.3214, 54.6961], [11.3524, 54.6885], [11.3534, 54.692], [11.3105, 54.7053], [11.2957, 54.7071]], [[11.3492, 54.656], [11.3508, 54.6549], [11.3511, 54.6553], [11.3492, 54.656]], [[11.3479, 54.6566], [11.3488, 54.6575], [11.3253, 54.6686], [11.3184, 54.6788], [11.3149, 54.6776], [11.326, 54.6651], [11.3457, 54.657], [11.3479, 54.6566]], [[11.3473, 54.7029], [11.3417, 54.7055], [11.3362, 54.7027], [11.338, 54.7001], [11.3473, 54.7029]], [[11.3368, 54.6802], [11.3439, 54.6813], [11.3395, 54.6855], [11.3355, 54.6841], [11.3219, 54.691], [11.3129, 54.6912], [11.3368, 54.6802]], [[11.3369, 54.7072], [11.3418, 54.7065], [11.3409, 54.7072], [11.3369, 54.7072]], [[11.3049, 55.1941], [11.3276, 55.1918], [11.3385, 55.1917], [11.3417, 55.1929], [11.3239, 55.1956], [11.3173, 55.1933], [11.3062, 55.1978], [11.3008, 55.1936], [11.2907, 55.1943], [11.2962, 55.1915], [11.3049, 55.1941]], [[11.3355, 54.7073], [11.335, 54.7068], [11.3365, 54.7075], [11.3355, 54.7073]], [[11.3328, 54.7071], [11.3342, 54.7071], [11.3338, 54.7093], [11.3328, 54.7071]], [[11.315, 54.7219], [11.3246, 54.7193], [11.3226, 54.7207], [11.3287, 54.7228], [11.3187, 54.7243], [11.315, 54.7219]], [[11.3226, 54.6824], [11.3187, 54.6795], [11.3219, 54.6778], [11.3226, 54.6824]], [[11.309, 54.9608], [11.3192, 54.9658], [11.3056, 54.9712], [11.3017, 54.9675], [11.3035, 54.963], [11.309, 54.9608]], [[11.3171, 54.7261], [11.3174, 54.7254], [11.3184, 54.7256], [11.3171, 54.7261]], [[11.3142, 54.6832], [11.3157, 54.6806], [11.3164, 54.6809], [11.3142, 54.6832]], [[11.2777, 54.7055], [11.2798, 54.7013], [11.2671, 54.7082], [11.2537, 54.706], [11.2856, 54.6903], [11.3141, 54.6784], [11.3106, 54.685], [11.306, 54.6841], [11.3039, 54.6845], [11.3076, 54.6869], [11.2991, 54.69], [11.2975, 54.6959], [11.2891, 54.6925], [11.2856, 54.6943], [11.2807, 54.7], [11.2834, 54.7018], [11.2777, 54.7055]], [[11.3052, 55.7747], [11.2934, 55.7833], [11.2969, 55.7908], [11.2889, 55.7933], [11.2804, 55.7906], [11.2949, 55.7694], [11.304, 55.7656], [11.3052, 55.7747]], [[11.3003, 55.2005], [11.3035, 55.1987], [11.303, 55.1995], [11.3003, 55.2005]], [[11.3011, 55.1952], [11.3006, 55.1952], [11.3005, 55.1947], [11.3011, 55.1952]], [[11.2993, 55.1958], [11.3003, 55.1958], [11.3001, 55.1964], [11.2993, 55.1958]], [[11.2965, 55.754], [11.2959, 55.7527], [11.2971, 55.7517], [11.3001, 55.7538], [11.2965, 55.754]], [[11.2985, 55.1946], [11.2993, 55.1945], [11.2991, 55.195], [11.2985, 55.1946]], [[11.2944, 54.9718], [11.2888, 54.9703], [11.2934, 54.9691], [11.2973, 54.9693], [11.2944, 54.9718]], [[11.2955, 55.7545], [11.2948, 55.7539], [11.2955, 55.7538], [11.2955, 55.7545]], [[11.2862, 54.7465], [11.2919, 54.7443], [11.289, 54.7488], [11.2814, 54.7472], [11.2862, 54.7465]], [[11.288, 54.7014], [11.2858, 54.6981], [11.2887, 54.6964], [11.288, 54.7014]], [[11.2874, 54.6966], [11.2866, 54.6965], [11.2868, 54.6959], [11.2874, 54.6966]], [[11.2861, 54.6948], [11.2869, 54.6947], [11.2858, 54.696], [11.2861, 54.6948]], [[11.2734, 55.2402], [11.273, 55.2393], [11.2742, 55.2391], [11.2734, 55.2402]], [[11.2655, 54.7526], [11.2658, 54.7469], [11.2671, 54.7514], [11.2687, 54.7527], [11.2655, 54.7526]], [[11.2679, 54.7534], [11.2686, 54.7551], [11.2674, 54.7551], [11.2679, 54.7534]], [[11.2608, 54.7236], [11.2585, 54.7211], [11.264, 54.7188], [11.2685, 54.7217], [11.2608, 54.7236]], [[11.2521, 54.7608], [11.251, 54.7606], [11.2516, 54.7602], [11.2521, 54.7608]], [[11.2511, 54.7586], [11.2515, 54.7591], [11.25, 54.7591], [11.2511, 54.7586]], [[11.2492, 54.7454], [11.2485, 54.7444], [11.251, 54.744], [11.2492, 54.7454]], [[11.248, 54.7587], [11.2503, 54.76], [11.2486, 54.7601], [11.248, 54.7587]], [[11.2468, 54.7565], [11.2495, 54.7559], [11.2485, 54.7577], [11.2468, 54.7565]], [[11.2493, 54.7551], [11.2475, 54.7556], [11.248, 54.7548], [11.2493, 54.7551]], [[11.2441, 54.7184], [11.2481, 54.7183], [11.248, 54.7196], [11.2441, 54.7184]], [[11.2462, 54.7458], [11.2479, 54.7461], [11.2471, 54.7479], [11.2462, 54.7458]], [[11.246, 54.7448], [11.2476, 54.7444], [11.2475, 54.745], [11.246, 54.7448]], [[11.2456, 54.7492], [11.2453, 54.7487], [11.2472, 54.7498], [11.2456, 54.7492]], [[11.2418, 54.7286], [11.2415, 54.7276], [11.245, 54.7264], [11.2451, 54.7298], [11.2418, 54.7286]], [[11.2086, 57.3037], [11.1937, 57.2906], [11.2142, 57.3035], [11.2216, 57.3132], [11.1662, 57.3218], [11.1259, 57.3136], [11.0379, 57.3152], [11.0191, 57.3039], [11.0069, 57.3014], [10.9595, 57.3017], [10.9262, 57.2979], [10.8967, 57.2757], [10.8911, 57.2727], [10.8704, 57.2644], [10.8658, 57.2591], [10.8661, 57.2618], [10.8627, 57.2635], [10.8667, 57.2569], [10.8659, 57.2587], [10.8795, 57.254], [10.9762, 57.2444], [10.9891, 57.2407], [11.0111, 57.2466], [11.0718, 57.2438], [11.0943, 57.2626], [11.0908, 57.2747], [11.0815, 57.2787], [11.0803, 57.2834], [11.1318, 57.2947], [11.1704, 57.2964], [11.1847, 57.2927], [11.1896, 57.2969], [11.2086, 57.3037]], [[11.2184, 55.3897], [11.214, 55.3873], [11.2151, 55.3851], [11.2191, 55.3861], [11.2184, 55.3897]], [[11.1153, 55.9112], [11.0797, 55.9179], [11.085, 55.9034], [11.1162, 55.8961], [11.1297, 55.8835], [11.1478, 55.8741], [11.195, 55.8638], [11.2151, 55.8552], [11.2123, 55.8629], [11.1984, 55.8665], [11.144, 55.897], [11.124, 55.9022], [11.1153, 55.9112]], [[11.2037, 54.7193], [11.2135, 54.7211], [11.2137, 54.7263], [11.2044, 54.7297], [11.2063, 54.7207], [11.2037, 54.7193]], [[11.1783, 55.228], [11.1751, 55.2325], [11.1762, 55.236], [11.1702, 55.2312], [11.1728, 55.1976], [11.2113, 55.1832], [11.2131, 55.1865], [11.2109, 55.1887], [11.2055, 55.186], [11.1933, 55.1965], [11.1852, 55.1975], [11.2039, 55.1972], [11.1957, 55.2093], [11.1931, 55.2201], [11.1783, 55.228]], [[11.2126, 55.3669], [11.213, 55.3674], [11.2122, 55.3676], [11.2126, 55.3669]], [[11.1851, 55.7348], [11.2018, 55.7277], [11.1761, 55.7459], [11.1753, 55.7508], [11.1815, 55.7445], [11.1738, 55.7539], [11.1559, 55.7501], [11.1675, 55.7495], [11.1851, 55.7348]], [[11.1956, 55.3753], [11.1914, 55.3748], [11.1918, 55.3745], [11.1956, 55.3753]], [[11.1905, 57.2927], [11.1897, 57.2921], [11.1918, 57.2916], [11.1905, 57.2927]], [[11.1833, 55.2362], [11.183, 55.2395], [11.1887, 55.2414], [11.1877, 55.2438], [11.1732, 55.2497], [11.1661, 55.2484], [11.1833, 55.2362]], [[11.1819, 57.2784], [11.186, 57.2826], [11.1853, 57.2828], [11.1819, 57.2784]], [[11.1796, 55.2326], [11.1793, 55.2335], [11.1771, 55.232], [11.1796, 55.2326]], [[11.1787, 55.3542], [11.1743, 55.3535], [11.1755, 55.3524], [11.1787, 55.3542]], [[11.148, 55.1394], [11.1576, 55.1574], [11.1735, 55.1652], [11.1746, 55.1739], [11.1484, 55.1693], [11.1299, 55.1599], [11.1388, 55.1526], [11.1378, 55.1475], [11.148, 55.1394]], [[11.1551, 55.3385], [11.1529, 55.3356], [11.1601, 55.3359], [11.1545, 55.3411], [11.1468, 55.3393], [11.1551, 55.3385]], [[11.1495, 55.7511], [11.1474, 55.7496], [11.1495, 55.7504], [11.1529, 55.7493], [11.1495, 55.7511]], [[11.1397, 55.7499], [11.1493, 55.7481], [11.1466, 55.7494], [11.1444, 55.752], [11.1397, 55.7499]], [[11.1471, 55.3351], [11.1395, 55.3334], [11.1427, 55.3319], [11.1471, 55.3351]], [[11.1404, 54.8248], [11.1426, 54.8233], [11.1396, 54.8213], [11.142, 54.8173], [11.1462, 54.8227], [11.1404, 54.8248]], [[11.1425, 54.8159], [11.1335, 54.8164], [11.1322, 54.8138], [11.1395, 54.8106], [11.1425, 54.8159]], [[11.1151, 54.8264], [11.1127, 54.8214], [11.123, 54.8211], [11.1293, 54.826], [11.1151, 54.8264]], [[11.0981, 55.5111], [11.1119, 55.5129], [11.1218, 55.5224], [11.1172, 55.5225], [11.1133, 55.5276], [11.1149, 55.5296], [11.1006, 55.5298], [11.0954, 55.5277], [11.099, 55.5258], [11.0963, 55.5256], [11.0878, 55.5346], [11.0799, 55.5154], [11.0981, 55.5111]], [[11.1115, 54.832], [11.1103, 54.8303], [11.1147, 54.832], [11.1115, 54.832]], [[11.0959, 54.8286], [11.0854, 54.8265], [11.0891, 54.8257], [11.0959, 54.8286]], [[11.0679, 54.7879], [11.0726, 54.7887], [11.0704, 54.791], [11.0753, 54.7905], [11.0808, 54.795], [11.0785, 54.7981], [11.0832, 54.7973], [11.0935, 54.8044], [11.0778, 54.8179], [11.0735, 54.8145], [11.0728, 54.8231], [11.0677, 54.8159], [11.0803, 54.8068], [11.0653, 54.7912], [11.0679, 54.7879]], [[11.0913, 54.8305], [11.0888, 54.8301], [11.0897, 54.8297], [11.0913, 54.8305]], [[11.0893, 55.4716], [11.0886, 55.4718], [11.0873, 55.4658], [11.0893, 55.4716]], [[11.0787, 55.48], [11.074, 55.4706], [11.0844, 55.4703], [11.085, 55.473], [11.0792, 55.4722], [11.0794, 55.4766], [11.0892, 55.4837], [11.0787, 55.48]], [[11.0659, 54.8058], [11.0684, 54.8071], [11.0656, 54.8079], [11.0659, 54.8058]], [[11.0434, 57.2336], [11.0666, 57.239], [11.0144, 57.2449], [11.0014, 57.2405], [11.0434, 57.2336]], [[11.0593, 54.8419], [11.0554, 54.8408], [11.0572, 54.8368], [11.063, 54.8391], [11.0593, 54.8419]], [[11.0571, 54.8005], [11.0563, 54.7977], [11.0602, 54.798], [11.0571, 54.8005]], [[11.0569, 54.8584], [11.0546, 54.8586], [11.0513, 54.8492], [11.0599, 54.8501], [11.0569, 54.8584]], [[11.0523, 54.8216], [11.054, 54.8189], [11.0588, 54.8186], [11.0523, 54.8216]], [[11.0546, 54.9319], [11.0487, 54.9314], [11.0417, 54.9268], [11.0572, 54.9308], [11.0546, 54.9319]], [[11.0568, 54.8329], [11.0537, 54.8304], [11.057, 54.8297], [11.0568, 54.8329]], [[11.0387, 54.8012], [11.0437, 54.7977], [11.046, 54.8003], [11.0423, 54.8113], [11.0392, 54.812], [11.0387, 54.8012]], [[11.0372, 57.2307], [11.0408, 57.2327], [11.0033, 57.2396], [10.9782, 57.2366], [10.9788, 57.2286], [11.006, 57.2265], [11.0372, 57.2307]], [[11.0356, 54.8442], [11.0354, 54.8438], [11.0398, 54.8439], [11.0356, 54.8442]], [[11.0204, 54.8071], [11.02, 54.7974], [11.0279, 54.8043], [11.0287, 54.8118], [11.0254, 54.8153], [11.014, 54.8146], [11.0026, 54.8197], [10.985, 54.82], [11.003, 54.8146], [11.0123, 54.8078], [11.0204, 54.8071]], [[11.0144, 54.8419], [11.0205, 54.8301], [11.026, 54.8417], [11.0223, 54.843], [11.0258, 54.8471], [11.023, 54.8504], [11.0169, 54.8482], [11.0144, 54.8419]], [[11.0245, 57.2093], [11.0138, 57.2133], [10.995, 57.2093], [11.0038, 57.2052], [11.0223, 57.2067], [11.0245, 57.2093]], [[11.0147, 57.2246], [11.0123, 57.2244], [11.0133, 57.2236], [11.0147, 57.2246]], [[10.9931, 54.7948], [10.9978, 54.7903], [11.0117, 54.8011], [10.9935, 54.7967], [10.9872, 54.7992], [10.9804, 54.7969], [10.9931, 54.7948]], [[11.0044, 57.2258], [11.0025, 57.2255], [11.0037, 57.2248], [11.0044, 57.2258]], [[11.0013, 57.2247], [11.0, 57.2242], [11.0003, 57.2237], [11.0013, 57.2247]], [[10.9982, 57.2241], [10.9977, 57.2235], [10.9989, 57.2233], [10.9982, 57.2241]], [[10.9953, 57.2247], [10.993, 57.2246], [10.9933, 57.2236], [10.9953, 57.2247]], [[10.9918, 57.2086], [10.9921, 57.2092], [10.9913, 57.2095], [10.9918, 57.2086]], [[10.9934, 57.209], [10.9935, 57.2094], [10.9921, 57.2092], [10.9934, 57.209]], [[10.991, 57.208], [10.9919, 57.2083], [10.9909, 57.2085], [10.991, 57.208]], [[10.9916, 54.7808], [10.9885, 54.7809], [10.9887, 54.7802], [10.9916, 54.7808]], [[10.9903, 57.2241], [10.9893, 57.224], [10.9891, 57.2232], [10.9903, 57.2241]], [[10.9898, 57.2096], [10.9892, 57.2093], [10.9898, 57.2089], [10.9898, 57.2096]], [[10.9833, 57.225], [10.9862, 57.2246], [10.9855, 57.2254], [10.9833, 57.225]], [[10.9652, 54.8332], [10.9783, 54.8311], [10.9816, 54.8318], [10.9667, 54.8372], [10.9564, 54.8336], [10.9582, 54.8112], [10.9647, 54.8037], [10.9595, 54.8114], [10.9617, 54.825], [10.9719, 54.8269], [10.9652, 54.8332]], [[10.9778, 57.2422], [10.9786, 57.2414], [10.9793, 57.2425], [10.9778, 57.2422]], [[10.9776, 57.2235], [10.9793, 57.2233], [10.9777, 57.2246], [10.9776, 57.2235]], [[10.9762, 57.2411], [10.9768, 57.24], [10.9779, 57.2401], [10.9762, 57.2411]], [[10.9778, 57.2261], [10.9702, 57.2299], [10.9697, 57.2277], [10.9778, 57.2261]], [[10.9593, 55.3304], [10.9507, 55.3265], [10.9734, 55.3301], [10.9593, 55.3304]], [[10.971, 57.2429], [10.9707, 57.2425], [10.9723, 57.2417], [10.971, 57.2429]], [[10.9691, 57.2388], [10.9706, 57.2422], [10.9497, 57.2426], [10.9521, 57.2391], [10.9623, 57.2376], [10.9691, 57.2388]], [[10.9665, 54.8038], [10.9655, 54.8033], [10.9659, 54.8029], [10.9665, 54.8038]], [[10.9652, 54.8025], [10.9652, 54.8031], [10.9641, 54.8032], [10.9652, 54.8025]], [[10.9342, 55.0827], [10.9381, 55.1056], [10.9538, 55.1456], [10.9518, 55.158], [10.934, 55.163], [10.9179, 55.1486], [10.9001, 55.139], [10.8999, 55.1288], [10.8739, 55.1024], [10.8746, 55.0967], [10.8687, 55.0813], [10.8607, 55.068], [10.8612, 55.0611], [10.8467, 55.0433], [10.8467, 55.036], [10.8276, 55.0235], [10.8225, 55.0121], [10.8106, 55.0029], [10.8099, 54.9976], [10.7897, 54.9819], [10.7687, 54.9833], [10.7691, 54.9805], [10.7556, 54.9756], [10.7307, 54.9598], [10.7361, 54.9603], [10.7232, 54.9556], [10.7169, 54.9431], [10.7072, 54.9381], [10.704, 54.9394], [10.6993, 54.933], [10.7039, 54.9296], [10.7142, 54.9333], [10.723, 54.9301], [10.7137, 54.9324], [10.7097, 54.9289], [10.6989, 54.929], [10.6859, 54.9188], [10.6871, 54.9133], [10.679, 54.9104], [10.6776, 54.9019], [10.6824, 54.8983], [10.6893, 54.8998], [10.7004, 54.8966], [10.7082, 54.9062], [10.7106, 54.9052], [10.7105, 54.8958], [10.7122, 54.9055], [10.7212, 54.9136], [10.7199, 54.9159], [10.7209, 54.9189], [10.7207, 54.9146], [10.7301, 54.9093], [10.7319, 54.907], [10.7283, 54.905], [10.7316, 54.9032], [10.7265, 54.8964], [10.7347, 54.8951], [10.7345, 54.893], [10.7298, 54.8919], [10.7307, 54.894], [10.7265, 54.8959], [10.7146, 54.8936], [10.7139, 54.8911], [10.7178, 54.8883], [10.7179, 54.8824], [10.7199, 54.8883], [10.7246, 54.8835], [10.7303, 54.8848], [10.7263, 54.8819], [10.7208, 54.8833], [10.7302, 54.8765], [10.7089, 54.8762], [10.7054, 54.8729], [10.7072, 54.8693], [10.7165, 54.8667], [10.7175, 54.8613], [10.6954, 54.8655], [10.6927, 54.8637], [10.6861, 54.8625], [10.6846, 54.8626], [10.6905, 54.8727], [10.6868, 54.8814], [10.6764, 54.8823], [10.6726, 54.8789], [10.6666, 54.8522], [10.6724, 54.8485], [10.6618, 54.8462], [10.6525, 54.8348], [10.6493, 54.8298], [10.6512, 54.8262], [10.6627, 54.8242], [10.6527, 54.8183], [10.6462, 54.818], [10.6499, 54.8207], [10.6436, 54.8328], [10.6365, 54.8308], [10.6231, 54.8364], [10.6001, 54.8377], [10.6045, 54.8308], [10.627, 54.8238], [10.6453, 54.812], [10.6589, 54.7999], [10.6645, 54.7888], [10.6676, 54.7893], [10.6637, 54.7911], [10.6661, 54.7944], [10.6628, 54.7993], [10.6795, 54.8117], [10.6848, 54.8115], [10.6846, 54.809], [10.6691, 54.8027], [10.6678, 54.7987], [10.6728, 54.7956], [10.6677, 54.7939], [10.6701, 54.7875], [10.6639, 54.7885], [10.6628, 54.79], [10.6611, 54.7847], [10.661, 54.7788], [10.6726, 54.7603], [10.6769, 54.7586], [10.6818, 54.7595], [10.6783, 54.7599], [10.6833, 54.7614], [10.6799, 54.7629], [10.6838, 54.7663], [10.683, 54.7706], [10.6849, 54.7719], [10.6898, 54.7716], [10.6815, 54.7772], [10.683, 54.7792], [10.6776, 54.7799], [10.6838, 54.7797], [10.6904, 54.7768], [10.6915, 54.7725], [10.7026, 54.775], [10.7145, 54.7683], [10.7188, 54.7704], [10.7191, 54.7676], [10.714, 54.7649], [10.7072, 54.7687], [10.6892, 54.7672], [10.7002, 54.758], [10.695, 54.7484], [10.6958, 54.7413], [10.6934, 54.7407], [10.6954, 54.7408], [10.6967, 54.7394], [10.6904, 54.7411], [10.6823, 54.7486], [10.6922, 54.7446], [10.6944, 54.7484], [10.6924, 54.7523], [10.6836, 54.7544], [10.6743, 54.751], [10.6784, 54.7579], [10.6739, 54.7518], [10.667, 54.7501], [10.6703, 54.745], [10.6684, 54.7405], [10.6833, 54.7251], [10.6943, 54.7221], [10.71, 54.7246], [10.6982, 54.7234], [10.6995, 54.7262], [10.6958, 54.7296], [10.7106, 54.7338], [10.7133, 54.7336], [10.7139, 54.7289], [10.7181, 54.7297], [10.7201, 54.729], [10.71, 54.7249], [10.7186, 54.727], [10.7358, 54.741], [10.7518, 54.7786], [10.7763, 54.8183], [10.7809, 54.8334], [10.8114, 54.8801], [10.8178, 54.9102], [10.825, 54.9159], [10.8291, 54.9309], [10.8568, 54.9682], [10.89, 54.9902], [10.8946, 55.0091], [10.9178, 55.0488], [10.9268, 55.0778], [10.9342, 55.0827]], [[10.9427, 57.3609], [10.9383, 57.3593], [10.9367, 57.3563], [10.9427, 57.3609]], [[10.942, 57.3626], [10.941, 57.3618], [10.942, 57.3614], [10.942, 57.3626]], [[10.9321, 57.3587], [10.9301, 57.3576], [10.9309, 57.3571], [10.9351, 57.3572], [10.9321, 57.3587]], [[10.932, 57.3552], [10.9314, 57.3544], [10.9338, 57.3553], [10.932, 57.3552]], [[10.932, 57.3613], [10.931, 57.3607], [10.9319, 57.3602], [10.932, 57.3613]], [[10.9307, 57.36], [10.9292, 57.3597], [10.9297, 57.3592], [10.9307, 57.36]], [[10.9096, 57.3525], [10.9085, 57.3517], [10.91, 57.3515], [10.9096, 57.3525]], [[10.8736, 57.2534], [10.8873, 57.2453], [10.8959, 57.2455], [10.8736, 57.2534]], [[10.8803, 55.2176], [10.8939, 55.2237], [10.8953, 55.2269], [10.8803, 55.2176]], [[10.8621, 57.2654], [10.8888, 57.2723], [10.8819, 57.2726], [10.8621, 57.2654]], [[10.8813, 55.148], [10.88, 55.148], [10.8843, 55.1431], [10.8813, 55.148]], [[10.8777, 55.2158], [10.8831, 55.21], [10.8831, 55.2105], [10.8777, 55.2158]], [[10.8726, 57.2539], [10.875, 57.2538], [10.8693, 57.2569], [10.8726, 57.2539]], [[10.4451, 55.5259], [10.4404, 55.5244], [10.4336, 55.5292], [10.4479, 55.5268], [10.4297, 55.5452], [10.4208, 55.5481], [10.4172, 55.5443], [10.4156, 55.5434], [10.4111, 55.549], [10.4019, 55.5524], [10.4129, 55.5533], [10.4361, 55.5488], [10.4435, 55.5516], [10.4446, 55.549], [10.4408, 55.5458], [10.4456, 55.5394], [10.4688, 55.5368], [10.4915, 55.5266], [10.4818, 55.5328], [10.4976, 55.5313], [10.4867, 55.5382], [10.4933, 55.5373], [10.4956, 55.5402], [10.4874, 55.5488], [10.4952, 55.5472], [10.5196, 55.5381], [10.5288, 55.5323], [10.5366, 55.5216], [10.5534, 55.5125], [10.5605, 55.5156], [10.5392, 55.5303], [10.4562, 55.5652], [10.4198, 55.5872], [10.3607, 55.6046], [10.3224, 55.6207], [10.307, 55.6219], [10.2968, 55.6207], [10.2945, 55.6167], [10.305, 55.6078], [10.3071, 55.6007], [10.3282, 55.5954], [10.3359, 55.5915], [10.3325, 55.5873], [10.3376, 55.5855], [10.3658, 55.5795], [10.3841, 55.5797], [10.3601, 55.5751], [10.3355, 55.5796], [10.3229, 55.5868], [10.3145, 55.5847], [10.325, 55.5845], [10.3204, 55.5833], [10.283, 55.5817], [10.2822, 55.5755], [10.2614, 55.571], [10.2554, 55.5785], [10.2775, 55.5787], [10.2768, 55.5813], [10.2836, 55.5863], [10.2792, 55.5865], [10.2805, 55.5925], [10.2848, 55.5942], [10.2842, 55.599], [10.2748, 55.6053], [10.2934, 55.6062], [10.2422, 55.6057], [10.2109, 55.6008], [10.1989, 55.59], [10.1946, 55.5901], [10.1934, 55.5874], [10.2251, 55.5838], [10.2224, 55.5811], [10.1989, 55.5818], [10.1895, 55.5782], [10.1912, 55.5759], [10.2023, 55.5771], [10.2012, 55.5735], [10.1403, 55.5708], [10.1358, 55.5639], [10.1305, 55.5675], [10.121, 55.5677], [10.0993, 55.5638], [10.1084, 55.5694], [10.1042, 55.573], [10.0836, 55.5657], [10.0895, 55.5622], [10.0865, 55.5565], [10.0739, 55.5567], [10.0593, 55.5509], [10.0597, 55.5478], [10.0505, 55.5468], [10.0416, 55.5479], [10.0763, 55.56], [10.037, 55.5566], [10.0243, 55.5449], [9.9954, 55.537], [9.9422, 55.5109], [9.8988, 55.5076], [9.8601, 55.5131], [9.8498, 55.5232], [9.8527, 55.5461], [9.8269, 55.5546], [9.8137, 55.5532], [9.7891, 55.5426], [9.7566, 55.5411], [9.7667, 55.5349], [9.7679, 55.5284], [9.7642, 55.5204], [9.7492, 55.5062], [9.7375, 55.5046], [9.6949, 55.5173], [9.6787, 55.5136], [9.6822, 55.5065], [9.6983, 55.5005], [9.7038, 55.4939], [9.7386, 55.4928], [9.731, 55.4909], [9.743, 55.4741], [9.7624, 55.4666], [9.7765, 55.4669], [9.7755, 55.4693], [9.778, 55.4694], [9.787, 55.4627], [9.7914, 55.4637], [9.7955, 55.4596], [9.8175, 55.4544], [9.8214, 55.4521], [9.8055, 55.4528], [9.8051, 55.4467], [9.8193, 55.4417], [9.8247, 55.4366], [9.8579, 55.4283], [9.8482, 55.4267], [9.8421, 55.43], [9.8256, 55.4297], [9.8222, 55.4328], [9.7987, 55.4366], [9.7681, 55.4459], [9.7644, 55.452], [9.7344, 55.4637], [9.7231, 55.4731], [9.7196, 55.4684], [9.7285, 55.4583], [9.7487, 55.4466], [9.7494, 55.4432], [9.742, 55.4385], [9.7427, 55.4356], [9.7755, 55.4302], [9.7947, 55.4314], [9.8253, 55.4236], [9.8282, 55.4201], [9.8234, 55.4139], [9.8076, 55.4117], [9.7973, 55.4143], [9.7883, 55.4083], [9.8129, 55.4064], [9.845, 55.3873], [9.8623, 55.394], [9.8605, 55.3903], [9.8464, 55.387], [9.8304, 55.3773], [9.7874, 55.3735], [9.7858, 55.3633], [9.8438, 55.3484], [9.8662, 55.3503], [9.87, 55.3518], [9.8698, 55.3553], [9.8747, 55.3563], [9.872, 55.3509], [9.8795, 55.3428], [9.8974, 55.3368], [9.8957, 55.3332], [9.8805, 55.3375], [9.8765, 55.3352], [9.877, 55.3298], [9.889, 55.3153], [9.9001, 55.3203], [9.905, 55.3179], [9.9008, 55.3192], [9.8894, 55.3147], [9.892, 55.3032], [9.8888, 55.2706], [9.8867, 55.2707], [9.8891, 55.2673], [9.8843, 55.2641], [9.8865, 55.2608], [9.8834, 55.263], [9.8836, 55.268], [9.8805, 55.264], [9.8969, 55.2542], [9.892, 55.2427], [9.906, 55.2408], [9.8931, 55.2404], [9.8909, 55.2437], [9.8911, 55.2459], [9.8872, 55.2436], [9.8903, 55.2396], [9.9107, 55.2353], [9.9197, 55.2292], [9.9208, 55.2224], [9.9267, 55.2184], [9.9688, 55.2171], [9.9836, 55.21], [9.9854, 55.202], [9.982, 55.1848], [9.9823, 55.1729], [9.9786, 55.1648], [10.0028, 55.1446], [10.0095, 55.1448], [10.0036, 55.1459], [10.0034, 55.1479], [10.0086, 55.1471], [10.0043, 55.1484], [10.0054, 55.1497], [10.02, 55.1466], [10.0136, 55.139], [9.9961, 55.1374], [9.9838, 55.1378], [10.0017, 55.141], [9.9924, 55.1515], [9.9787, 55.1334], [10.0227, 55.1204], [10.0434, 55.1303], [10.0311, 55.1466], [9.9962, 55.1666], [9.9895, 55.1752], [9.9944, 55.1789], [9.9906, 55.1802], [9.9836, 55.1768], [9.9841, 55.1874], [9.9944, 55.1838], [9.9911, 55.1877], [10.0004, 55.185], [10.0075, 55.1904], [9.9998, 55.1882], [9.9947, 55.1965], [9.9863, 55.196], [9.9955, 55.2009], [10.0162, 55.194], [10.019, 55.1872], [10.0144, 55.1833], [10.0159, 55.1806], [10.0332, 55.1799], [10.0621, 55.1733], [10.0846, 55.174], [10.093, 55.1816], [10.0939, 55.1869], [10.0965, 55.1789], [10.1054, 55.188], [10.1122, 55.1877], [10.1183, 55.1821], [10.1166, 55.1799], [10.1203, 55.1735], [10.1379, 55.163], [10.1339, 55.1537], [10.1451, 55.1523], [10.1473, 55.1462], [10.1568, 55.14], [10.1609, 55.1326], [10.1748, 55.1277], [10.1164, 55.1156], [10.1187, 55.1209], [10.1237, 55.1192], [10.1185, 55.1216], [10.1134, 55.1134], [10.1032, 55.1073], [10.095, 55.1051], [10.0941, 55.109], [10.089, 55.1092], [10.0812, 55.1066], [10.0818, 55.0993], [10.0833, 55.1044], [10.0879, 55.106], [10.0905, 55.1008], [10.0807, 55.0981], [10.0701, 55.0876], [10.0756, 55.0746], [10.0898, 55.076], [10.1052, 55.0838], [10.1303, 55.0902], [10.1648, 55.078], [10.1814, 55.0805], [10.1958, 55.0698], [10.1973, 55.0617], [10.2052, 55.0592], [10.2131, 55.0623], [10.1977, 55.0632], [10.1982, 55.0669], [10.2098, 55.0652], [10.2126, 55.0711], [10.2235, 55.0719], [10.228, 55.0777], [10.2248, 55.0863], [10.2071, 55.0947], [10.2272, 55.1002], [10.2587, 55.0849], [10.2751, 55.0842], [10.2951, 55.0704], [10.2972, 55.0655], [10.3174, 55.0625], [10.3169, 55.0559], [10.3237, 55.0537], [10.3561, 55.0524], [10.3657, 55.0583], [10.3668, 55.0625], [10.3588, 55.0686], [10.3577, 55.0725], [10.3592, 55.0752], [10.364, 55.0719], [10.3742, 55.0749], [10.3774, 55.0751], [10.3681, 55.0719], [10.3695, 55.0669], [10.3883, 55.0559], [10.3861, 55.0496], [10.3954, 55.0459], [10.4137, 55.0402], [10.4585, 55.0395], [10.4692, 55.0436], [10.4917, 55.0296], [10.5124, 55.0264], [10.5964, 55.0468], [10.6118, 55.0524], [10.6115, 55.0564], [10.6143, 55.0573], [10.6108, 55.0591], [10.612, 55.0622], [10.6385, 55.0585], [10.6432, 55.055], [10.6795, 55.0567], [10.6859, 55.06], [10.6822, 55.0612], [10.6889, 55.0627], [10.7036, 55.0602], [10.7005, 55.0573], [10.7417, 55.0681], [10.7425, 55.0729], [10.7482, 55.0776], [10.7526, 55.0935], [10.7632, 55.0991], [10.7722, 55.0999], [10.7682, 55.1077], [10.7729, 55.1157], [10.7791, 55.1186], [10.7801, 55.1322], [10.7854, 55.1391], [10.7845, 55.1484], [10.7903, 55.1554], [10.7925, 55.1655], [10.806, 55.1812], [10.8126, 55.2062], [10.8089, 55.2192], [10.8155, 55.2292], [10.8005, 55.2517], [10.7972, 55.262], [10.7864, 55.2727], [10.7909, 55.2864], [10.7894, 55.2894], [10.7808, 55.2949], [10.7487, 55.2946], [10.7407, 55.2992], [10.7415, 55.3027], [10.7479, 55.2978], [10.7752, 55.2958], [10.7891, 55.3004], [10.7849, 55.3049], [10.7852, 55.3104], [10.7876, 55.3106], [10.805, 55.303], [10.8134, 55.3064], [10.8165, 55.2994], [10.8253, 55.2957], [10.8228, 55.2909], [10.8304, 55.2898], [10.8268, 55.2861], [10.8232, 55.2875], [10.8249, 55.2848], [10.8527, 55.2899], [10.816, 55.3115], [10.8055, 55.3369], [10.7921, 55.3582], [10.7761, 55.3712], [10.7656, 55.3865], [10.738, 55.4016], [10.7266, 55.4139], [10.7054, 55.4221], [10.6851, 55.4394], [10.6632, 55.4481], [10.6581, 55.4466], [10.6585, 55.4419], [10.6463, 55.442], [10.6406, 55.4368], [10.6245, 55.444], [10.6045, 55.4476], [10.6064, 55.4505], [10.6022, 55.4529], [10.5849, 55.4559], [10.5749, 55.4499], [10.5824, 55.4277], [10.5743, 55.4225], [10.5416, 55.4446], [10.5552, 55.445], [10.558, 55.4488], [10.5539, 55.4543], [10.5813, 55.458], [10.5781, 55.4599], [10.5848, 55.4617], [10.6012, 55.4583], [10.6198, 55.4469], [10.6355, 55.4459], [10.6315, 55.4511], [10.6339, 55.4528], [10.658, 55.4469], [10.6722, 55.4626], [10.6902, 55.4656], [10.7093, 55.4738], [10.7325, 55.4718], [10.7472, 55.4756], [10.7473, 55.4821], [10.7395, 55.4942], [10.7154, 55.5068], [10.7044, 55.5232], [10.7033, 55.5399], [10.685, 55.551], [10.6755, 55.5648], [10.6626, 55.5739], [10.6528, 55.5877], [10.6305, 55.6052], [10.6252, 55.6137], [10.6171, 55.6199], [10.6051, 55.6183], [10.6016, 55.6173], [10.6044, 55.6117], [10.6058, 55.6176], [10.6115, 55.6186], [10.6164, 55.6189], [10.6198, 55.6135], [10.6145, 55.6096], [10.601, 55.6095], [10.5948, 55.611], [10.597, 55.6138], [10.5918, 55.6201], [10.5886, 55.6167], [10.5891, 55.6115], [10.6067, 55.603], [10.6122, 55.6077], [10.62, 55.6048], [10.6202, 55.5964], [10.6277, 55.5886], [10.6314, 55.5774], [10.6292, 55.5703], [10.6344, 55.5668], [10.6301, 55.5658], [10.6315, 55.5635], [10.627, 55.5558], [10.6415, 55.5461], [10.642, 55.5496], [10.6368, 55.5532], [10.6437, 55.553], [10.6412, 55.5414], [10.6446, 55.5306], [10.6418, 55.5247], [10.6309, 55.5274], [10.6306, 55.5332], [10.637, 55.5369], [10.6359, 55.5403], [10.6293, 55.5389], [10.6334, 55.5427], [10.6294, 55.5457], [10.6195, 55.5373], [10.6179, 55.5302], [10.6308, 55.5227], [10.6267, 55.5164], [10.6182, 55.5158], [10.5995, 55.5213], [10.6016, 55.5253], [10.5885, 55.5312], [10.5715, 55.5269], [10.5668, 55.5183], [10.5715, 55.5146], [10.6215, 55.5023], [10.6204, 55.4958], [10.6272, 55.4908], [10.6141, 55.475], [10.6399, 55.4713], [10.6553, 55.4725], [10.6593, 55.4776], [10.6648, 55.4731], [10.6644, 55.4699], [10.6552, 55.4713], [10.6562, 55.4653], [10.6487, 55.463], [10.648, 55.4591], [10.6434, 55.4597], [10.643, 55.4631], [10.6469, 55.4635], [10.6384, 55.4706], [10.6152, 55.474], [10.6096, 55.4719], [10.6112, 55.4754], [10.6031, 55.4835], [10.5814, 55.4817], [10.5719, 55.4759], [10.5476, 55.4693], [10.536, 55.4612], [10.5323, 55.4573], [10.5393, 55.4512], [10.5292, 55.4547], [10.5111, 55.4513], [10.5029, 55.4574], [10.5031, 55.4608], [10.5083, 55.4614], [10.4898, 55.468], [10.4948, 55.4689], [10.4939, 55.4713], [10.484, 55.4728], [10.4836, 55.4689], [10.4988, 55.4535], [10.4899, 55.4448], [10.4937, 55.4399], [10.4879, 55.4449], [10.4834, 55.4443], [10.4724, 55.4364], [10.4549, 55.4432], [10.4448, 55.4364], [10.4306, 55.4387], [10.4263, 55.4364], [10.4213, 55.4359], [10.417, 55.4288], [10.3768, 55.426], [10.4094, 55.4322], [10.4208, 55.4401], [10.4078, 55.458], [10.3971, 55.4551], [10.3947, 55.46], [10.3977, 55.4636], [10.3815, 55.4658], [10.3825, 55.4692], [10.3888, 55.4705], [10.3839, 55.4759], [10.3987, 55.4726], [10.4244, 55.4767], [10.4384, 55.4748], [10.4443, 55.4792], [10.4538, 55.4774], [10.4527, 55.4887], [10.4587, 55.4875], [10.4645, 55.4908], [10.4831, 55.4951], [10.4791, 55.5036], [10.4801, 55.511], [10.4754, 55.5141], [10.475, 55.5079], [10.4643, 55.5178], [10.4528, 55.5172], [10.455, 55.5133], [10.45, 55.5128], [10.4395, 55.518], [10.4465, 55.5191], [10.4489, 55.5234], [10.4451, 55.5259]], [[10.8511, 57.2657], [10.852, 57.2662], [10.8504, 57.2666], [10.8511, 57.2657]], [[10.8503, 57.2648], [10.8512, 57.2652], [10.8495, 57.2656], [10.8503, 57.2648]], [[10.8129, 55.2957], [10.815, 55.2961], [10.815, 55.2963], [10.8129, 55.2957]], [[10.812, 55.3022], [10.8131, 55.3018], [10.8133, 55.3027], [10.812, 55.3022]], [[10.8055, 56.1284], [10.8115, 56.1335], [10.8049, 56.1372], [10.7899, 56.1284], [10.8055, 56.1284]], [[10.7919, 55.5167], [10.7807, 55.5158], [10.7794, 55.5076], [10.7985, 55.5102], [10.7919, 55.5167]], [[10.7736, 55.9371], [10.7856, 55.9337], [10.7934, 55.9358], [10.7736, 55.9371]], [[10.7541, 55.9441], [10.7663, 55.9452], [10.7595, 55.9494], [10.7447, 55.949], [10.7541, 55.9441]], [[10.7538, 55.5068], [10.7555, 55.507], [10.7552, 55.5074], [10.7538, 55.5068]], [[10.721473770491809, 54.89902950819672], [10.7215, 54.899], [10.7203, 54.899], [10.72053724137931, 54.899533793103444], [10.7193, 54.9002], [10.7197, 54.897], [10.7232, 54.8981], [10.721473770491809, 54.89902950819672]], [[10.7163, 54.8799], [10.7147, 54.8797], [10.7172, 54.8774], [10.7205, 54.8775], [10.7163, 54.8799]], [[10.72, 54.8961], [10.7194, 54.8964], [10.7192, 54.8947], [10.72, 54.8961]], [[10.7193, 54.9032], [10.7163, 54.8993], [10.7187, 54.9008], [10.7193, 54.9032]], [[10.716, 55.0289], [10.7065, 55.0523], [10.7001, 55.054], [10.6707, 55.0499], [10.6526, 55.0521], [10.6437, 55.0475], [10.6504, 55.0367], [10.6662, 55.0421], [10.6983, 55.0405], [10.6671, 55.0373], [10.6648, 55.0307], [10.6673, 55.0289], [10.6979, 55.0325], [10.716, 55.0289]], [[10.7129, 54.7271], [10.7143, 54.7271], [10.7143, 54.7274], [10.7129, 54.7271]], [[10.7139, 54.7283], [10.7131, 54.7288], [10.7129, 54.7283], [10.7139, 54.7283]], [[10.7117, 54.8785], [10.7034, 54.8781], [10.7057, 54.8766], [10.7117, 54.8785]], [[10.7113, 54.8844], [10.7114, 54.885], [10.7103, 54.8859], [10.7113, 54.8844]], [[10.7075, 55.932], [10.7058, 55.9306], [10.7106, 55.9318], [10.7075, 55.932]], [[10.7062, 54.7266], [10.7052, 54.7251], [10.7103, 54.7272], [10.7062, 54.7266]], [[10.7081, 54.7695], [10.7084, 54.77], [10.7072, 54.7704], [10.7081, 54.7695]], [[10.6957, 55.9261], [10.7051, 55.9304], [10.691, 55.9279], [10.6957, 55.9261]], [[10.7033, 54.8657], [10.7045, 54.8691], [10.6927, 54.8725], [10.6903, 54.8698], [10.7033, 54.8657]], [[10.7002, 54.9567], [10.6954, 54.9587], [10.6836, 54.9599], [10.6854, 54.9568], [10.679, 54.954], [10.6845, 54.9545], [10.6974, 54.9495], [10.7024, 54.9509], [10.7002, 54.9567]], [[10.7002, 54.8855], [10.701, 54.8858], [10.7001, 54.8865], [10.7002, 54.8855]], [[10.696, 54.8843], [10.6967, 54.8858], [10.6957, 54.8858], [10.696, 54.8843]], [[10.6964, 54.8778], [10.6959, 54.8818], [10.6906, 54.8793], [10.6933, 54.8754], [10.6964, 54.8778]], [[10.6845, 54.7708], [10.6842, 54.7681], [10.6885, 54.7676], [10.6923, 54.7705], [10.6845, 54.7708]], [[10.6897, 54.8977], [10.6911, 54.8978], [10.6911, 54.8981], [10.6897, 54.8977]], [[10.691, 55.8954], [10.6909, 55.9], [10.6833, 55.9062], [10.6762, 55.9225], [10.6712, 55.9195], [10.6753, 55.9185], [10.6732, 55.9178], [10.6762, 55.9172], [10.6825, 55.904], [10.6893, 55.901], [10.6903, 55.8969], [10.6777, 55.8833], [10.672, 55.8847], [10.6418, 55.8747], [10.6301, 55.8799], [10.6248, 55.8861], [10.6133, 55.8888], [10.6045, 55.8861], [10.6086, 55.8935], [10.6184, 55.8906], [10.6146, 55.9008], [10.6104, 55.9022], [10.6082, 55.9081], [10.6106, 55.9108], [10.6261, 55.9152], [10.6292, 55.9189], [10.6442, 55.9111], [10.638, 55.9162], [10.6475, 55.9178], [10.6345, 55.9233], [10.6072, 55.9271], [10.5803, 55.946], [10.571, 55.9594], [10.5597, 55.9992], [10.5494, 55.9968], [10.5213, 55.9789], [10.5189, 55.972], [10.5205, 55.9591], [10.5282, 55.9418], [10.534, 55.9358], [10.552, 55.9373], [10.5803, 55.9292], [10.5935, 55.9174], [10.5991, 55.9053], [10.5934, 55.8964], [10.5902, 55.8787], [10.5787, 55.867], [10.5489, 55.8645], [10.5266, 55.8513], [10.5223, 55.8215], [10.528, 55.7895], [10.5495, 55.7702], [10.5822, 55.7708], [10.621, 55.7653], [10.6257, 55.7782], [10.6345, 55.784], [10.6443, 55.7997], [10.6443, 55.8109], [10.6381, 55.8183], [10.6402, 55.8361], [10.6573, 55.8583], [10.6785, 55.8697], [10.6792, 55.8825], [10.691, 55.8954]], [[10.633, 54.9616], [10.6427, 54.9642], [10.6513, 54.9716], [10.6696, 54.9742], [10.6851, 54.9723], [10.6843, 54.9842], [10.6908, 54.9975], [10.6823, 54.9984], [10.6716, 54.9949], [10.6666, 54.9913], [10.6643, 54.984], [10.6552, 54.9783], [10.6268, 54.9842], [10.6234, 54.9896], [10.6252, 54.9943], [10.6326, 54.9979], [10.6288, 54.9942], [10.6339, 54.9957], [10.6469, 55.0193], [10.6552, 55.0203], [10.6577, 55.0251], [10.6547, 55.0334], [10.6365, 55.0358], [10.6411, 55.0396], [10.6414, 55.0444], [10.6323, 55.0486], [10.6347, 55.0524], [10.6194, 55.0547], [10.6179, 55.0526], [10.6239, 55.0517], [10.5769, 55.0301], [10.5737, 55.0326], [10.5725, 55.0265], [10.5677, 55.0232], [10.5649, 55.0249], [10.5582, 55.0204], [10.5433, 55.0174], [10.5346, 55.0093], [10.518, 55.0094], [10.5143, 55.0069], [10.5152, 55.0006], [10.521, 54.9967], [10.5489, 54.9983], [10.5462, 54.9932], [10.5357, 54.9924], [10.5364, 54.9943], [10.5281, 54.9954], [10.523, 54.992], [10.5248, 54.976], [10.5508, 54.9595], [10.5492, 54.9516], [10.5635, 54.9533], [10.5648, 54.951], [10.556, 54.9484], [10.5546, 54.9427], [10.5715, 54.949], [10.5888, 54.9476], [10.58, 54.9513], [10.5828, 54.953], [10.5798, 54.9549], [10.6025, 54.9531], [10.6183, 54.9483], [10.633, 54.9616]], [[10.6906, 54.9518], [10.6877, 54.9515], [10.6892, 54.9484], [10.6906, 54.9518]], [[10.6887, 54.8969], [10.6893, 54.8972], [10.6888, 54.8977], [10.6887, 54.8969]], [[10.6841, 54.7567], [10.6883, 54.7573], [10.6879, 54.7574], [10.6841, 54.7567]], [[10.6857, 54.7601], [10.6826, 54.7589], [10.6833, 54.758], [10.6883, 54.758], [10.6857, 54.7601]], [[10.6865, 54.7714], [10.6863, 54.7711], [10.6872, 54.7709], [10.6865, 54.7714]], [[10.6825, 54.7543], [10.6835, 54.7572], [10.6809, 54.7574], [10.6788, 54.7564], [10.6825, 54.7543]], [[10.6645, 54.957], [10.6813, 54.9567], [10.6699, 54.9614], [10.6645, 54.957]], [[10.6755, 55.911], [10.6752, 55.9106], [10.6784, 55.9099], [10.6755, 55.911]], [[10.6773, 54.753], [10.6781, 54.7531], [10.6781, 54.7534], [10.6773, 54.753]], [[10.6769, 54.7521], [10.678, 54.7525], [10.6765, 54.7526], [10.6769, 54.7521]], [[10.6736, 55.9294], [10.6751, 55.9332], [10.6691, 55.9346], [10.6678, 55.9311], [10.6736, 55.9294]], [[10.6715, 55.9104], [10.6717, 55.9107], [10.671, 55.9111], [10.6715, 55.9104]], [[10.6703, 55.9096], [10.6708, 55.91], [10.6701, 55.9102], [10.6703, 55.9096]], [[10.6696, 55.9102], [10.6701, 55.9105], [10.6699, 55.9108], [10.6696, 55.9102]], [[10.6681, 55.9093], [10.6689, 55.9095], [10.6685, 55.9098], [10.6681, 55.9093]], [[10.6683, 55.9098], [10.6685, 55.9102], [10.6677, 55.9103], [10.6683, 55.9098]], [[10.6678, 55.9142], [10.6647, 55.914], [10.6658, 55.9133], [10.6678, 55.9142]], [[10.6635, 55.8852], [10.6668, 55.8855], [10.6646, 55.8856], [10.6665, 55.8869], [10.6622, 55.8876], [10.6635, 55.8852]], [[10.6666, 55.9099], [10.6633, 55.9079], [10.6663, 55.9082], [10.6666, 55.9099]], [[10.6646, 55.0377], [10.6619, 55.0384], [10.662, 55.0378], [10.6646, 55.0377]], [[10.662, 55.9072], [10.6631, 55.9078], [10.6626, 55.908], [10.662, 55.9072]], [[10.6518, 55.901], [10.6565, 55.905], [10.651, 55.9058], [10.6489, 55.9032], [10.6518, 55.901]], [[10.649, 55.8883], [10.6474, 55.8876], [10.6505, 55.8843], [10.6538, 55.8857], [10.649, 55.8883]], [[10.6496, 55.8943], [10.6488, 55.8935], [10.6514, 55.8936], [10.6496, 55.8943]], [[10.6506, 55.9001], [10.6512, 55.9002], [10.651, 55.9008], [10.6506, 55.9001]], [[10.6422, 55.9016], [10.6416, 55.8975], [10.65, 55.8995], [10.6422, 55.9016]], [[10.6367, 55.8957], [10.6362, 55.8969], [10.632, 55.8954], [10.6316, 55.8986], [10.6274, 55.897], [10.6308, 55.8916], [10.6449, 55.8892], [10.6435, 55.8933], [10.6367, 55.8957]], [[10.6402, 55.5457], [10.6406, 55.5443], [10.6415, 55.5442], [10.6402, 55.5457]], [[10.6402, 55.8763], [10.641, 55.8765], [10.6395, 55.8781], [10.6402, 55.8763]], [[10.6372, 55.8957], [10.6385, 55.8959], [10.6386, 55.8964], [10.6372, 55.8957]], [[10.6332, 54.9569], [10.633, 54.9567], [10.6352, 54.9563], [10.6332, 54.9569]], [[10.6335, 54.955], [10.6325, 54.9547], [10.6339, 54.9536], [10.6335, 54.955]], [[10.6313, 54.9538], [10.63, 54.9534], [10.6324, 54.952], [10.6313, 54.9538]], [[10.629, 55.9092], [10.6293, 55.9078], [10.6312, 55.9093], [10.629, 55.9092]], [[10.627, 55.575], [10.6214, 55.5727], [10.6242, 55.5709], [10.6297, 55.5722], [10.627, 55.575]], [[10.6289, 55.8897], [10.6196, 55.8907], [10.6217, 55.8884], [10.6289, 55.8897]], [[10.5984, 55.5845], [10.6052, 55.5924], [10.6015, 55.5936], [10.5961, 55.5843], [10.6061, 55.5592], [10.6241, 55.5419], [10.6286, 55.5484], [10.6232, 55.5539], [10.6161, 55.5552], [10.6215, 55.5586], [10.6174, 55.5658], [10.6133, 55.5664], [10.5984, 55.5845]], [[10.6268, 55.9124], [10.6276, 55.9147], [10.6225, 55.9141], [10.6217, 55.9111], [10.6268, 55.9124]], [[10.6261, 54.9039], [10.6205, 54.9091], [10.623, 54.9151], [10.6112, 54.9186], [10.5899, 54.9147], [10.5915, 54.906], [10.6049, 54.891], [10.6116, 54.8892], [10.624, 54.8957], [10.6261, 54.9039]], [[10.6245, 57.4825], [10.6238, 57.4823], [10.6242, 57.4815], [10.6245, 57.4825]], [[10.6164, 57.4878], [10.6154, 57.487], [10.6227, 57.4823], [10.6236, 57.4849], [10.6164, 57.4878]], [[10.6217, 55.5699], [10.6215, 55.5695], [10.6231, 55.5691], [10.6217, 55.5699]], [[10.6118, 55.5978], [10.6119, 55.5904], [10.6157, 55.5842], [10.6201, 55.5813], [10.6179, 55.5856], [10.6222, 55.5873], [10.616, 55.5884], [10.6118, 55.5978]], [[10.6207, 55.5839], [10.6206, 55.5849], [10.6199, 55.5852], [10.6207, 55.5839]], [[10.6177, 55.9049], [10.6145, 55.9029], [10.6179, 55.9012], [10.6203, 55.9038], [10.6177, 55.9049]], [[10.6186, 57.4887], [10.6185, 57.4881], [10.6199, 57.4877], [10.6186, 57.4887]], [[10.6199, 55.8939], [10.6176, 55.8934], [10.6196, 55.891], [10.6199, 55.8939]], [[10.6184, 55.908], [10.6132, 55.9076], [10.6157, 55.9052], [10.6184, 55.908]], [[10.6099, 55.5752], [10.6147, 55.5768], [10.6105, 55.5856], [10.607, 55.581], [10.6099, 55.5752]], [[10.6142, 57.4848], [10.6144, 57.4853], [10.613, 57.4857], [10.6142, 57.4848]], [[10.6117, 57.491], [10.6136, 57.4909], [10.6132, 57.492], [10.6117, 57.491]], [[10.6128, 57.494], [10.6005, 57.494], [10.6042, 57.4908], [10.6128, 57.494]], [[10.6063, 57.495], [10.6079, 57.4954], [10.6072, 57.4961], [10.6063, 57.495]], [[10.6052, 57.488], [10.6054, 57.4869], [10.6067, 57.487], [10.6052, 57.488]], [[10.6051, 54.8411], [10.6025, 54.841], [10.6033, 54.8397], [10.6051, 54.8411]], [[10.6033, 55.5869], [10.6028, 55.588], [10.6021, 55.5878], [10.6033, 55.5869]], [[10.6017, 57.4895], [10.6032, 57.4899], [10.6029, 57.4902], [10.6017, 57.4895]], [[10.5995, 54.8442], [10.5922, 54.8447], [10.5984, 54.8421], [10.6023, 54.8424], [10.5995, 54.8442]], [[10.5988, 57.4737], [10.5997, 57.4725], [10.6011, 57.4736], [10.6009, 57.4759], [10.5988, 57.4737]], [[10.5982, 57.4985], [10.5996, 57.499], [10.5991, 57.4997], [10.5982, 57.4985]], [[10.5978, 57.4907], [10.5988, 57.4912], [10.5985, 57.4917], [10.5978, 57.4907]], [[10.5966, 57.4981], [10.5968, 57.4956], [10.5981, 57.496], [10.5966, 57.4981]], [[10.5969, 57.4918], [10.5971, 57.4921], [10.596, 57.4927], [10.5969, 57.4918]], [[10.5933, 57.4931], [10.5949, 57.4934], [10.5949, 57.4938], [10.5933, 57.4931]], [[10.5928, 57.4988], [10.5945, 57.4995], [10.5934, 57.5001], [10.5928, 57.4988]], [[10.5933, 57.4983], [10.5912, 57.4964], [10.5921, 57.4961], [10.5933, 57.4983]], [[10.5879, 54.9221], [10.5879, 54.9196], [10.5926, 54.9223], [10.5904, 54.9243], [10.5879, 54.9221]], [[10.5855, 54.9179], [10.586, 54.9188], [10.5844, 54.9188], [10.5855, 54.9179]], [[10.5717, 54.8987], [10.5814, 54.8946], [10.585, 54.8973], [10.579, 54.9027], [10.5717, 54.8987]], [[10.5799, 55.0348], [10.5795, 55.0357], [10.579, 55.0356], [10.5799, 55.0348]], [[10.5736, 57.45], [10.5788, 57.4474], [10.5785, 57.4504], [10.5736, 57.45]], [[10.564, 55.0323], [10.5678, 55.0342], [10.5631, 55.0327], [10.5602, 55.0292], [10.564, 55.0323]], [[10.5562, 54.8585], [10.5531, 54.8589], [10.5558, 54.8579], [10.5614, 54.8586], [10.5562, 54.8585]], [[10.5545, 57.4393], [10.5558, 57.4396], [10.5557, 57.4404], [10.5545, 57.4393]], [[10.5496, 54.897], [10.5545, 54.894], [10.5535, 54.8954], [10.5496, 54.897]], [[10.539, 54.8578], [10.5381, 54.8574], [10.5441, 54.8552], [10.5495, 54.8563], [10.539, 54.8578]], [[10.5452, 54.9025], [10.5494, 54.903], [10.549, 54.9064], [10.5386, 54.9057], [10.5403, 54.9021], [10.5491, 54.8994], [10.5452, 54.9025]], [[10.5409, 55.48], [10.5428, 55.4796], [10.5428, 55.4803], [10.5409, 55.48]], [[10.5382, 55.4716], [10.5341, 55.4682], [10.5418, 55.4686], [10.5416, 55.4715], [10.5382, 55.4716]], [[10.5391, 57.4404], [10.54, 57.441], [10.5395, 57.4413], [10.5391, 57.4404]], [[10.5365, 54.9096], [10.5389, 54.9108], [10.5383, 54.9109], [10.5365, 54.9096]], [[10.5375, 57.4402], [10.5386, 57.44], [10.5381, 57.4408], [10.5375, 57.4402]], [[10.5353, 54.9087], [10.5351, 54.9079], [10.5369, 54.9086], [10.5353, 54.9087]], [[10.5367, 57.4416], [10.5368, 57.4423], [10.5357, 57.4426], [10.5367, 57.4416]], [[10.3895, 54.8743], [10.3777, 54.8726], [10.3635, 54.8947], [10.3377, 54.8982], [10.3293, 54.9058], [10.3246, 54.9153], [10.3135, 54.9196], [10.2866, 54.9381], [10.2519, 54.9432], [10.2216, 54.9626], [10.2225, 54.9694], [10.2035, 54.97], [10.2087, 54.9586], [10.2389, 54.9405], [10.2427, 54.9346], [10.2452, 54.9186], [10.2835, 54.8906], [10.3169, 54.8774], [10.3525, 54.8482], [10.38, 54.8337], [10.4005, 54.8269], [10.4173, 54.8159], [10.4319, 54.82], [10.4388, 54.8322], [10.4553, 54.839], [10.5225, 54.8421], [10.534, 54.8447], [10.5307, 54.8476], [10.5298, 54.8444], [10.5149, 54.8428], [10.5188, 54.8437], [10.5199, 54.852], [10.5153, 54.8605], [10.4685, 54.8846], [10.4553, 54.8867], [10.4582, 54.8909], [10.4659, 54.8908], [10.4616, 54.8919], [10.4479, 54.891], [10.4459, 54.8894], [10.4591, 54.884], [10.4852, 54.865], [10.4797, 54.8635], [10.4685, 54.8715], [10.4581, 54.8741], [10.4597, 54.8687], [10.4562, 54.8662], [10.4638, 54.8558], [10.4593, 54.8529], [10.4746, 54.8475], [10.4693, 54.8456], [10.4693, 54.8422], [10.4666, 54.8445], [10.4439, 54.8374], [10.4372, 54.8405], [10.4421, 54.8454], [10.4391, 54.8524], [10.4489, 54.8605], [10.417, 54.8778], [10.4142, 54.8898], [10.4036, 54.8959], [10.4098, 54.8979], [10.4084, 54.9013], [10.4109, 54.9023], [10.3986, 54.9115], [10.3875, 54.9138], [10.3888, 54.9103], [10.4035, 54.9055], [10.4045, 54.902], [10.3984, 54.8962], [10.3878, 54.8931], [10.3781, 54.883], [10.3822, 54.8842], [10.3897, 54.8782], [10.3895, 54.8743]], [[10.5321, 57.4673], [10.5339, 57.4674], [10.5332, 57.4683], [10.5321, 57.4673]], [[10.5318, 57.4696], [10.5337, 57.4696], [10.5331, 57.4707], [10.5318, 57.4696]], [[10.5303, 57.4673], [10.5298, 57.4664], [10.5313, 57.4661], [10.5303, 57.4673]], [[10.5275, 54.8491], [10.5275, 54.8511], [10.5269, 54.8494], [10.5275, 54.8491]], [[10.518, 54.9589], [10.521, 54.9583], [10.5254, 54.9618], [10.518, 54.9589]], [[10.5033, 54.9354], [10.502, 54.9387], [10.4975, 54.9346], [10.5008, 54.9276], [10.5254, 54.9244], [10.5033, 54.9354]], [[10.5228, 55.4548], [10.5253, 55.4563], [10.5247, 55.4573], [10.5201, 55.4574], [10.5228, 55.4548]], [[10.5116, 55.4658], [10.5209, 55.4621], [10.5208, 55.4659], [10.5116, 55.4658]], [[10.5126, 55.4544], [10.5197, 55.4541], [10.5175, 55.4559], [10.5107, 55.457], [10.5126, 55.4544]], [[10.5168, 55.4805], [10.5191, 55.481], [10.5151, 55.4821], [10.5168, 55.4805]], [[10.5172, 54.9628], [10.517, 54.9631], [10.5132, 54.9618], [10.5172, 54.9628]], [[10.5159, 55.4623], [10.5109, 55.4637], [10.5111, 55.4633], [10.5159, 55.4623]], [[10.5116, 55.4617], [10.5126, 55.4619], [10.5093, 55.4626], [10.5116, 55.4617]], [[10.5062, 55.5396], [10.5052, 55.5382], [10.508, 55.5374], [10.51, 55.5386], [10.5062, 55.5396]], [[10.5081, 56.1637], [10.5086, 56.1663], [10.5072, 56.1661], [10.5081, 56.1637]], [[10.4754, 54.8879], [10.5065, 54.8838], [10.5049, 54.8869], [10.4786, 54.8899], [10.4754, 54.8879]], [[10.5028, 55.4962], [10.5046, 55.5005], [10.4911, 55.5054], [10.4855, 55.5108], [10.4862, 55.4997], [10.4982, 55.5027], [10.5028, 55.4962]], [[10.4943, 54.9723], [10.4938, 54.9706], [10.5006, 54.9712], [10.5006, 54.9757], [10.4943, 54.9723]], [[10.4984, 54.9646], [10.4956, 54.9684], [10.4904, 54.9657], [10.4767, 54.9673], [10.4769, 54.9649], [10.4673, 54.9675], [10.4859, 54.9578], [10.4984, 54.9646]], [[10.4941, 54.9107], [10.4891, 54.9114], [10.4902, 54.9081], [10.4941, 54.9107]], [[10.491, 55.4967], [10.4894, 55.497], [10.4901, 55.4948], [10.4926, 55.4939], [10.491, 55.4967]], [[10.4805, 55.4563], [10.4898, 55.4546], [10.4857, 55.4584], [10.4822, 55.4607], [10.4805, 55.4563]], [[10.4639, 55.0148], [10.4529, 55.005], [10.455, 54.9988], [10.4705, 54.9977], [10.4726, 54.9983], [10.4682, 54.9992], [10.4763, 55.0031], [10.4898, 55.002], [10.4819, 55.0076], [10.4655, 55.0107], [10.4642, 55.0138], [10.4688, 55.0165], [10.4639, 55.0148]], [[10.4841, 55.4893], [10.4644, 55.4907], [10.4667, 55.4868], [10.4894, 55.4835], [10.4841, 55.4893]], [[10.4852, 55.5257], [10.4874, 55.5243], [10.487, 55.5261], [10.4852, 55.5257]], [[10.4855, 54.9115], [10.4863, 54.9119], [10.4754, 54.922], [10.4692, 54.9162], [10.4855, 54.9115]], [[10.4748, 55.5252], [10.4694, 55.5226], [10.4707, 55.5204], [10.4862, 55.5172], [10.4748, 55.5252]], [[10.4643, 55.5357], [10.4787, 55.5286], [10.4729, 55.5324], [10.4643, 55.5357]], [[10.4765, 55.5146], [10.4758, 55.5159], [10.475, 55.5151], [10.4765, 55.5146]], [[10.4722, 56.2637], [10.4743, 56.2625], [10.4751, 56.2632], [10.4722, 56.2637]], [[10.467, 55.4658], [10.4748, 55.465], [10.4657, 55.4731], [10.4721, 55.4758], [10.4713, 55.4785], [10.4554, 55.4728], [10.4658, 55.4704], [10.467, 55.4658]], [[10.4713, 54.9678], [10.4708, 54.9675], [10.4737, 54.9668], [10.4713, 54.9678]], [[10.4699, 54.9679], [10.4702, 54.9683], [10.4696, 54.9684], [10.4699, 54.9679]], [[10.4613, 55.4836], [10.4659, 55.4826], [10.4617, 55.4853], [10.4613, 55.4836]], [[10.4631, 55.5262], [10.4527, 55.5293], [10.4615, 55.5204], [10.4656, 55.5195], [10.4631, 55.5262]], [[10.4589, 54.9787], [10.4582, 54.9767], [10.4604, 54.9775], [10.4589, 54.9787]], [[10.4358, 55.9426], [10.4587, 55.9526], [10.4282, 55.9585], [10.4039, 55.9593], [10.4113, 55.9519], [10.4358, 55.9426]], [[10.4566, 55.4639], [10.4562, 55.4645], [10.4547, 55.4635], [10.4566, 55.4639]], [[10.4557, 54.8696], [10.4491, 54.8718], [10.4495, 54.869], [10.453, 54.8666], [10.4557, 54.8696]], [[10.4551, 55.4667], [10.4545, 55.4665], [10.4549, 55.4659], [10.4551, 55.4667]], [[10.4505, 54.8642], [10.45, 54.8629], [10.454, 54.8628], [10.4541, 54.8661], [10.4505, 54.8642]], [[10.4332, 55.4733], [10.4424, 55.4691], [10.4387, 55.4719], [10.4332, 55.4733]], [[10.3645, 54.9714], [10.3705, 54.9701], [10.3874, 54.9775], [10.4183, 54.9624], [10.4254, 54.962], [10.436, 54.9667], [10.4402, 54.9736], [10.4219, 54.9839], [10.42, 54.9829], [10.4248, 54.977], [10.4201, 54.9742], [10.4133, 54.9739], [10.4095, 54.9784], [10.3904, 54.9772], [10.3861, 54.9825], [10.3603, 54.9764], [10.3645, 54.9714]], [[10.4322, 54.878], [10.4343, 54.878], [10.4279, 54.8817], [10.4242, 54.8813], [10.4322, 54.878]], [[10.4312, 55.5478], [10.4287, 55.5475], [10.4296, 55.5472], [10.4312, 55.5478]], [[10.4261, 54.9924], [10.4268, 54.9919], [10.4282, 54.993], [10.4261, 54.9924]], [[10.4224, 54.893], [10.4273, 54.8959], [10.4237, 54.899], [10.4224, 54.893]], [[10.4237, 55.4376], [10.4228, 55.4371], [10.4235, 55.4362], [10.4267, 55.437], [10.4237, 55.4376]], [[10.3771, 55.0053], [10.375, 55.0039], [10.3784, 55.0034], [10.3771, 55.0053]], [[10.368, 55.0682], [10.3638, 55.068], [10.3654, 55.0658], [10.3692, 55.0655], [10.368, 55.0682]], [[10.3678, 55.0716], [10.3681, 55.0724], [10.3638, 55.0715], [10.3678, 55.0716]], [[10.3615, 55.0702], [10.3629, 55.0703], [10.3624, 55.071], [10.3615, 55.0702]], [[10.3595, 55.0719], [10.3608, 55.0725], [10.3603, 55.0728], [10.3595, 55.0719]], [[10.3378, 55.0462], [10.3384, 55.0446], [10.3407, 55.0446], [10.3448, 55.047], [10.3378, 55.0462]], [[10.3348, 56.66], [10.3447, 56.6587], [10.3435, 56.6611], [10.3348, 56.66]], [[10.3434, 55.0063], [10.3424, 55.0054], [10.3429, 55.0052], [10.3434, 55.0063]], [[10.336, 56.5971], [10.3413, 56.5951], [10.3398, 56.5957], [10.336, 56.5971]], [[10.3071, 56.6691], [10.2959, 56.6605], [10.3279, 56.6597], [10.3405, 56.6637], [10.3248, 56.6776], [10.3144, 56.6788], [10.305, 56.6734], [10.3071, 56.6691]], [[10.3315, 55.0178], [10.3134, 55.0128], [10.3006, 55.0188], [10.2744, 55.0213], [10.2568, 55.0351], [10.2488, 55.0379], [10.2392, 55.0359], [10.2447, 55.0373], [10.2334, 55.0363], [10.2311, 55.0301], [10.2366, 55.0273], [10.2328, 55.0314], [10.2372, 55.0354], [10.2395, 55.0279], [10.2374, 55.0273], [10.2523, 55.0179], [10.2937, 55.0183], [10.3074, 55.0099], [10.3367, 55.0056], [10.3375, 55.0096], [10.3315, 55.0178]], [[10.3346, 56.5995], [10.3352, 56.6], [10.3336, 56.6003], [10.3346, 56.5995]], [[10.3337, 55.0404], [10.3321, 55.0429], [10.3352, 55.0473], [10.3228, 55.0413], [10.3216, 55.0394], [10.3337, 55.0404]], [[10.3334, 56.6849], [10.3342, 56.6851], [10.3341, 56.6856], [10.3334, 56.6849]], [[10.3319, 55.5906], [10.3332, 55.5907], [10.3332, 55.5912], [10.3319, 55.5906]], [[10.3318, 56.6854], [10.3326, 56.6856], [10.332, 56.6861], [10.3318, 56.6854]], [[10.3303, 56.6861], [10.3315, 56.6861], [10.3314, 56.6866], [10.3303, 56.6861]], [[10.2951, 55.7699], [10.3062, 55.7663], [10.3038, 55.7638], [10.3006, 55.7622], [10.272, 55.7594], [10.2483, 55.7614], [10.2359, 55.7541], [10.2339, 55.7563], [10.2328, 55.7529], [10.2408, 55.7477], [10.2817, 55.7486], [10.3088, 55.7417], [10.32, 55.7451], [10.3282, 55.7699], [10.3232, 55.7805], [10.3106, 55.7879], [10.3044, 55.7835], [10.3063, 55.7769], [10.2951, 55.7699]], [[10.3236, 56.6153], [10.3215, 56.6138], [10.3256, 56.6132], [10.3236, 56.6153]], [[10.3207, 56.6101], [10.3244, 56.6105], [10.3241, 56.6111], [10.3207, 56.6101]], [[10.318, 55.5874], [10.3217, 55.5879], [10.3192, 55.5912], [10.3236, 55.591], [10.3198, 55.5936], [10.3089, 55.5912], [10.318, 55.5874]], [[10.3213, 55.053], [10.3233, 55.0533], [10.3199, 55.0542], [10.3213, 55.053]], [[10.3164, 56.6892], [10.3203, 56.6898], [10.3198, 56.6907], [10.3164, 56.6892]], [[10.3196, 55.5947], [10.3065, 55.5969], [10.3126, 55.593], [10.3196, 55.5947]], [[10.3025, 56.6762], [10.306, 56.6753], [10.311, 56.6794], [10.3196, 56.6799], [10.3137, 56.6849], [10.2901, 56.6908], [10.2986, 56.6859], [10.3025, 56.6762]], [[10.3173, 56.6917], [10.3167, 56.6913], [10.3179, 56.6912], [10.3173, 56.6917]], [[10.3078, 55.5998], [10.3157, 55.5975], [10.3123, 55.5992], [10.3078, 55.5998]], [[10.3093, 56.6968], [10.3053, 56.6996], [10.2976, 56.6971], [10.3069, 56.6945], [10.3093, 56.6968]], [[10.3032, 55.6001], [10.3051, 55.5973], [10.3063, 55.5994], [10.3032, 55.6001]], [[10.3044, 56.6739], [10.3052, 56.6742], [10.3043, 56.6747], [10.3044, 56.6739]], [[10.3043, 55.7659], [10.3037, 55.7649], [10.3043, 55.7648], [10.3043, 55.7659]], [[10.3034, 56.6727], [10.3041, 56.6734], [10.3034, 56.6737], [10.3034, 56.6727]], [[10.3028, 55.7637], [10.3036, 55.7655], [10.302, 55.7654], [10.3028, 55.7637]], [[10.3016, 56.6743], [10.3031, 56.6742], [10.3024, 56.6752], [10.3016, 56.6743]], [[10.3024, 55.7657], [10.3026, 55.766], [10.3014, 55.766], [10.3024, 55.7657]], [[10.3012, 55.7669], [10.3018, 55.7673], [10.3014, 55.7675], [10.3012, 55.7669]], [[10.3006, 55.7662], [10.3016, 55.7663], [10.3013, 55.7667], [10.3006, 55.7662]], [[10.3004, 55.7654], [10.3012, 55.7655], [10.3012, 55.7657], [10.3004, 55.7654]], [[10.297, 55.7677], [10.2956, 55.7672], [10.3, 55.7655], [10.297, 55.7677]], [[10.2983, 55.7674], [10.2991, 55.7675], [10.2988, 55.768], [10.2983, 55.7674]], [[10.2936, 56.7115], [10.2947, 56.7113], [10.2948, 56.7118], [10.2936, 56.7115]], [[10.2791, 56.5921], [10.2814, 56.593], [10.2769, 56.5926], [10.2791, 56.5921]], [[10.2735, 55.0521], [10.2744, 55.0527], [10.2738, 55.0532], [10.2735, 55.0521]], [[10.2721, 55.0637], [10.2708, 55.0626], [10.2717, 55.0622], [10.2721, 55.0637]], [[10.2692, 55.0541], [10.2704, 55.0539], [10.2705, 55.0544], [10.2692, 55.0541]], [[10.2674, 56.7125], [10.2656, 56.7124], [10.2675, 56.7116], [10.2674, 56.7125]], [[10.266, 56.4756], [10.2585, 56.4761], [10.2611, 56.475], [10.266, 56.4756]], [[10.2632, 55.054], [10.2514, 55.0667], [10.2408, 55.0705], [10.2324, 55.0666], [10.2396, 55.0611], [10.2632, 55.054]], [[10.2495, 56.4772], [10.253, 56.4729], [10.2589, 56.4769], [10.2539, 56.4789], [10.2544, 56.482], [10.2515, 56.4787], [10.2495, 56.4772]], [[10.2414, 56.7186], [10.2551, 56.7134], [10.2545, 56.7152], [10.2414, 56.7186]], [[10.2399, 56.4769], [10.2507, 56.4784], [10.2532, 56.4819], [10.243, 56.4856], [10.2449, 56.4876], [10.2391, 56.4907], [10.2296, 56.483], [10.2399, 56.4769]], [[10.2435, 56.5355], [10.2437, 56.5441], [10.2479, 56.5483], [10.2402, 56.5486], [10.233, 56.5423], [10.232, 56.538], [10.2355, 56.5361], [10.2326, 56.5336], [10.2435, 56.5355]], [[10.2459, 56.7196], [10.2457, 56.7193], [10.2472, 56.7193], [10.2459, 56.7196]], [[10.2412, 56.4971], [10.2425, 56.4973], [10.242, 56.4983], [10.2412, 56.4971]], [[10.2352, 56.7071], [10.2374, 56.7074], [10.2371, 56.7085], [10.2352, 56.7071]], [[10.2315, 56.509], [10.2315, 56.5096], [10.2306, 56.5099], [10.2315, 56.509]], [[10.2065, 55.6016], [10.1951, 55.6027], [10.2002, 55.6], [10.2065, 55.6016]], [[10.1961, 55.5915], [10.1994, 55.5927], [10.1976, 55.5959], [10.1886, 55.5963], [10.1961, 55.5915]], [[10.1931, 55.6376], [10.1917, 55.6435], [10.1627, 55.6468], [10.1631, 55.6416], [10.1686, 55.6353], [10.1818, 55.6262], [10.1815, 55.6064], [10.1865, 55.606], [10.1825, 55.629], [10.1931, 55.6376]], [[10.189, 56.4713], [10.1896, 56.4718], [10.1864, 56.4717], [10.189, 56.4713]], [[10.1536, 55.5845], [10.1469, 55.5806], [10.1546, 55.5788], [10.1825, 55.5795], [10.1728, 55.5851], [10.181, 55.5883], [10.1791, 55.5891], [10.1536, 55.5845]], [[10.1707, 55.6017], [10.1817, 55.6033], [10.169, 55.6042], [10.1663, 55.5997], [10.1707, 55.6017]], [[10.1261, 55.0502], [10.1287, 55.0563], [10.1257, 55.0554], [10.1251, 55.0428], [10.1384, 55.0323], [10.1483, 55.0306], [10.1765, 55.0399], [10.1675, 55.0487], [10.1376, 55.0534], [10.1431, 55.0625], [10.13, 55.0574], [10.1331, 55.0548], [10.1261, 55.0502]], [[10.1752, 56.7055], [10.175, 56.7052], [10.1759, 56.7048], [10.1752, 56.7055]], [[10.1743, 56.7043], [10.1756, 56.7042], [10.1753, 56.7047], [10.1743, 56.7043]], [[10.1388, 55.5764], [10.1319, 55.5773], [10.1295, 55.5762], [10.1388, 55.5764]], [[10.1151, 55.142], [10.1254, 55.1456], [10.1177, 55.1455], [10.1122, 55.1426], [10.1151, 55.142]], [[10.122, 55.5777], [10.1137, 55.5757], [10.1156, 55.5728], [10.122, 55.5777]], [[10.1165, 56.4598], [10.116, 56.4596], [10.1173, 56.4587], [10.1207, 56.4587], [10.1165, 56.4598]], [[10.1015, 55.8586], [10.1017, 55.8612], [10.1171, 55.8593], [10.1195, 55.8614], [10.0977, 55.8663], [10.0586, 55.8692], [10.0591, 55.8683], [10.0553, 55.8671], [10.0563, 55.8641], [10.0457, 55.862], [10.0406, 55.8534], [10.0357, 55.8511], [10.0352, 55.8428], [10.0432, 55.8427], [10.0526, 55.8471], [10.0783, 55.8476], [10.0925, 55.8569], [10.1015, 55.8586]], [[10.1165, 55.8544], [10.1156, 55.8542], [10.1167, 55.8522], [10.1165, 55.8544]], [[10.1135, 56.4611], [10.1166, 56.4602], [10.1164, 56.4606], [10.1135, 56.4611]], [[10.1165, 56.4627], [10.1124, 56.4639], [10.1118, 56.4619], [10.1165, 56.4627]], [[10.1144, 55.5701], [10.1162, 55.5704], [10.1114, 55.5732], [10.1085, 55.5714], [10.1144, 55.5701]], [[10.1122, 56.4598], [10.1117, 56.4596], [10.1147, 56.4599], [10.1122, 56.4598]], [[10.1147, 55.133], [10.1021, 55.1363], [10.091, 55.1317], [10.0612, 55.1291], [10.1074, 55.1292], [10.1147, 55.133]], [[10.1094, 56.4625], [10.1092, 56.4614], [10.1107, 56.4613], [10.1094, 56.4625]], [[10.1103, 55.8537], [10.1105, 55.854], [10.1097, 55.8543], [10.1103, 55.8537]], [[10.1093, 56.4648], [10.1063, 56.4648], [10.1059, 56.4646], [10.1096, 56.4644], [10.1093, 56.4648]], [[10.1054, 57.049], [10.1034, 57.0486], [10.1061, 57.0471], [10.1091, 57.0474], [10.1054, 57.049]], [[10.1082, 56.4625], [10.109, 56.463], [10.1083, 56.4632], [10.1082, 56.4625]], [[10.1063, 55.1382], [10.1072, 55.1407], [10.1021, 55.1371], [10.1063, 55.1382]], [[10.1039, 56.4626], [10.1057, 56.4627], [10.1051, 56.4631], [10.1039, 56.4626]], [[10.1038, 56.4642], [10.1055, 56.4644], [10.1054, 56.4648], [10.1038, 56.4642]], [[10.1017, 56.4627], [10.103, 56.4628], [10.1024, 56.4633], [10.1017, 56.4627]], [[10.0998, 55.8246], [10.0989, 55.8277], [10.0763, 55.8351], [10.0565, 55.8307], [10.0658, 55.822], [10.081, 55.82], [10.0703, 55.8173], [10.0925, 55.8188], [10.0998, 55.8246]], [[10.0811, 55.5626], [10.0822, 55.563], [10.0814, 55.5635], [10.0811, 55.5626]], [[10.0796, 55.5617], [10.0794, 55.5607], [10.0813, 55.5606], [10.0796, 55.5617]], [[10.0722, 56.4637], [10.0727, 56.4645], [10.072, 56.4648], [10.0722, 56.4637]], [[9.9884, 54.8549], [9.9698, 54.8674], [9.9532, 54.8685], [9.9477, 54.8757], [9.9137, 54.885], [9.9084, 54.8911], [9.8986, 54.8947], [9.9004, 54.8968], [9.894748146570096, 54.89340225820197], [9.8978, 54.8937], [9.9006, 54.8919], [9.8991, 54.8916], [9.894276273196185, 54.89311858066046], [9.8663, 54.8763], [9.8844, 54.866], [9.913, 54.863], [9.9322, 54.8543], [9.9463, 54.8523], [9.9875, 54.8514], [10.0195, 54.8717], [10.0383, 54.8743], [10.0662, 54.8722], [10.0708, 54.8756], [10.0684, 54.8917], [10.0606, 54.8946], [10.0516, 54.9048], [10.0443, 54.9188], [10.0454, 54.9285], [10.0415, 54.934], [10.0273, 54.9469], [10.0054, 54.976], [9.956, 55.0106], [9.9229, 55.0209], [9.9057, 55.0197], [9.8781, 55.0279], [9.8605, 55.0381], [9.8526, 55.048], [9.8379, 55.0509], [9.8201, 55.0629], [9.7597, 55.0812], [9.7449, 55.0825], [9.6982, 55.077], [9.668, 55.0658], [9.6543, 55.0544], [9.64, 55.051], [9.641, 55.0412], [9.6465, 55.0379], [9.6903, 55.0344], [9.6765, 55.0382], [9.6871, 55.0381], [9.6982, 55.0436], [9.7074, 55.0439], [9.7079, 55.0416], [9.6998, 55.0387], [9.7109, 55.0393], [9.7141, 55.0334], [9.7194, 55.0313], [9.7056, 55.0316], [9.7068, 55.0366], [9.6986, 55.038], [9.6938, 55.0344], [9.6874, 55.0324], [9.6611, 55.0274], [9.6625, 55.021], [9.6701, 55.0206], [9.6949, 55.0069], [9.7958, 55.0108], [9.7955, 55.0049], [9.7796, 55.0008], [9.7767, 54.9972], [9.7815, 54.9946], [9.8054, 54.9962], [9.7831, 54.9897], [9.785, 54.9826], [9.8218, 54.9798], [9.8372, 54.9732], [9.8449, 54.9741], [9.8402, 54.9704], [9.8467, 54.9685], [9.8528, 54.971], [9.878, 54.9739], [9.8849, 54.9693], [9.853, 54.9696], [9.8554, 54.9664], [9.8526, 54.9641], [9.8409, 54.9655], [9.8324, 54.9566], [9.8395, 54.952], [9.8418, 54.9527], [9.8392, 54.9528], [9.8385, 54.954], [9.8548, 54.9547], [9.8577, 54.9526], [9.8366, 54.9505], [9.8355, 54.9477], [9.8414, 54.9443], [9.8555, 54.9414], [9.8823, 54.9467], [9.8836, 54.9447], [9.8408, 54.9351], [9.836, 54.9293], [9.8363, 54.9332], [9.8242, 54.9335], [9.8306, 54.9359], [9.8293, 54.9394], [9.8213, 54.9409], [9.7921, 54.9681], [9.7732, 54.9703], [9.7592, 54.9817], [9.752, 54.976], [9.76, 54.9693], [9.7629, 54.9451], [9.7789, 54.9422], [9.7709, 54.9399], [9.7649, 54.9417], [9.7636, 54.9328], [9.7702, 54.9259], [9.7701, 54.9183], [9.7816, 54.9156], [9.7853, 54.9084], [9.7834, 54.9061], [9.7996, 54.8963], [9.8324, 54.8893], [9.8819, 54.8999], [9.8844, 54.9059], [9.8897, 54.9077], [9.9063, 54.906], [9.9194, 54.8988], [9.9488, 54.8927], [9.9524, 54.8886], [9.9802, 54.8774], [9.9955, 54.8593], [9.9884, 54.8549]], [[10.0692, 56.4647], [10.0697, 56.4653], [10.0672, 56.4651], [10.0692, 56.4647]], [[10.0658, 56.4636], [10.066, 56.464], [10.0655, 56.4642], [10.0658, 56.4636]], [[10.0598, 56.4628], [10.0592, 56.4634], [10.0617, 56.4642], [10.058, 56.464], [10.0598, 56.4628]], [[10.061, 56.4636], [10.0603, 56.4632], [10.0606, 56.463], [10.061, 56.4636]], [[10.0589, 56.4618], [10.0597, 56.4623], [10.0584, 56.4625], [10.0589, 56.4618]], [[10.0583, 56.4616], [10.0584, 56.4618], [10.0576, 56.4621], [10.0583, 56.4616]], [[10.0571, 55.868], [10.0582, 55.8681], [10.0579, 55.8685], [10.0571, 55.868]], [[10.0563, 55.8675], [10.0571, 55.8677], [10.0569, 55.8681], [10.0563, 55.8675]], [[10.0569, 56.4614], [10.057, 56.4619], [10.0559, 56.462], [10.0569, 56.4614]], [[10.0536, 56.4615], [10.0535, 56.4609], [10.0557, 56.4615], [10.0536, 56.4615]], [[10.0527, 55.8638], [10.0546, 55.8641], [10.0542, 55.8646], [10.0527, 55.8638]], [[10.0513, 56.4622], [10.0543, 56.4624], [10.0539, 56.4629], [10.0513, 56.4622]], [[10.0509, 55.8636], [10.0521, 55.8639], [10.0514, 55.8643], [10.0509, 55.8636]], [[10.0438, 56.4575], [10.0442, 56.4578], [10.043, 56.458], [10.0438, 56.4575]], [[10.0406, 56.4561], [10.0429, 56.4575], [10.0368, 56.4558], [10.0406, 56.4561]], [[10.0352, 56.4548], [10.0361, 56.4549], [10.0361, 56.4553], [10.0352, 56.4548]], [[10.0303, 56.4555], [10.0329, 56.4555], [10.0322, 56.4559], [10.0303, 56.4555]], [[10.0314, 56.4547], [10.0318, 56.4551], [10.0307, 56.4553], [10.0314, 56.4547]], [[10.0297, 56.4552], [10.0253, 56.4549], [10.0271, 56.4543], [10.0297, 56.4552]], [[10.0293, 56.4554], [10.0294, 56.4555], [10.0281, 56.4557], [10.0293, 56.4554]], [[10.0248, 56.4558], [10.0276, 56.4554], [10.0276, 56.4556], [10.0248, 56.4558]], [[10.0251, 56.4535], [10.0265, 56.4536], [10.0264, 56.454], [10.0251, 56.4535]], [[10.0242, 56.4537], [10.0246, 56.4542], [10.0229, 56.4543], [10.0242, 56.4537]], [[10.0226, 56.4558], [10.0221, 56.4553], [10.0241, 56.4548], [10.0241, 56.4549], [10.0242, 56.455], [10.0245, 56.4551], [10.0239, 56.4558], [10.0226, 56.4558]], [[10.024, 55.8428], [10.0229, 55.8429], [10.0226, 55.839], [10.024, 55.8428]], [[10.0202, 55.8724], [10.0202, 55.8721], [10.0231, 55.8724], [10.0202, 55.8724]], [[10.0188, 56.4557], [10.0217, 56.4551], [10.0211, 56.4555], [10.0188, 56.4557]], [[10.0179, 56.4557], [10.0185, 56.4559], [10.018, 56.4564], [10.0179, 56.4557]], [[10.0171, 55.8717], [10.0155, 55.8709], [10.0165, 55.8707], [10.0171, 55.8717]], [[9.9976, 55.871], [9.994, 55.8669], [10.0088, 55.8653], [10.0142, 55.8702], [9.9976, 55.871]], [[10.0111, 55.146], [10.01, 55.1446], [10.0132, 55.1451], [10.0111, 55.146]], [[10.0125, 55.1418], [10.0132, 55.1419], [10.013, 55.1428], [10.0125, 55.1418]], [[10.0114, 55.143], [10.001, 55.1435], [10.0042, 55.1409], [10.0124, 55.1406], [10.0114, 55.143]], [[10.007, 55.7317], [10.0116, 55.7334], [10.0106, 55.7335], [10.0044, 55.7323], [10.007, 55.7317]], [[10.005, 55.1472], [10.0039, 55.1468], [10.0072, 55.1457], [10.005, 55.1472]], [[9.9993, 56.4566], [9.9991, 56.4562], [10.0016, 56.4551], [10.0047, 56.4568], [9.9993, 56.4566]], [[10.0027, 55.1404], [10.0004, 55.1398], [10.0007, 55.1392], [10.0027, 55.1404]], [[9.9967, 55.1389], [9.9965, 55.1386], [9.9995, 55.1393], [9.9967, 55.1389]], [[9.9882, 55.8631], [9.9879, 55.8627], [9.9917, 55.8624], [9.9882, 55.8631]], [[9.8867, 55.2486], [9.8714, 55.2538], [9.8664, 55.252], [9.8772, 55.2422], [9.8867, 55.2486]], [[9.8701, 57.0626], [9.8718, 57.0619], [9.8566, 57.0576], [9.8716, 57.0643], [9.8619, 57.0698], [9.8448, 57.0726], [9.8225, 57.0699], [9.8165, 57.0659], [9.8213, 57.0589], [9.8413, 57.0515], [9.8616, 57.0533], [9.8766, 57.062], [9.8701, 57.0626]], [[9.8689, 55.8769], [9.8684, 55.8763], [9.8712, 55.875], [9.8689, 55.8769]], [[9.8295, 54.9723], [9.8331, 54.9701], [9.8357, 54.9699], [9.8377, 54.9707], [9.8295, 54.9723]], [[9.8324, 57.0772], [9.835, 57.0775], [9.8344, 57.078], [9.8324, 57.0772]], [[9.8295, 57.0808], [9.8281, 57.0799], [9.8321, 57.0785], [9.8295, 57.0808]], [[9.8037, 55.3241], [9.7935, 55.3227], [9.7905, 55.3151], [9.7951, 55.312], [9.7972, 55.3044], [9.7946, 55.2994], [9.7988, 55.2943], [9.8293, 55.3001], [9.8318, 55.3051], [9.8249, 55.3232], [9.8174, 55.3255], [9.8061, 55.3217], [9.8144, 55.3215], [9.8126, 55.3199], [9.8064, 55.3202], [9.8045, 55.3218], [9.8068, 55.3235], [9.8037, 55.3241]], [[9.8255, 57.0813], [9.826, 57.082], [9.8238, 57.0822], [9.8255, 57.0813]], [[9.8157, 57.0687], [9.8176, 57.0696], [9.817, 57.07], [9.8157, 57.0687]], [[9.8049, 57.046], [9.8125, 57.0469], [9.8051, 57.0497], [9.7883, 57.0503], [9.8049, 57.046]], [[9.796, 55.4558], [9.8019, 55.4549], [9.7771, 55.4612], [9.7767, 55.4578], [9.7913, 55.4566], [9.7841, 55.4554], [9.7983, 55.4496], [9.8012, 55.4521], [9.796, 55.4558]], [[9.7857, 55.3275], [9.7875, 55.3259], [9.794, 55.3272], [9.7893, 55.3284], [9.7914, 55.3324], [9.787354838709676, 55.32892258064516], [9.7878, 55.3287], [9.786926582278477, 55.32855443037975], [9.7857, 55.3275]], [[9.79, 57.0935], [9.791, 57.0939], [9.7908, 57.0942], [9.79, 57.0935]], [[9.7882, 57.0939], [9.7897, 57.0943], [9.7895, 57.0948], [9.7882, 57.0939]], [[9.7862, 57.0946], [9.786, 57.0942], [9.7878, 57.0944], [9.7862, 57.0946]], [[9.7847, 57.0753], [9.7789, 57.0733], [9.7831, 57.0713], [9.7871, 57.0725], [9.7847, 57.0753]], [[9.7849, 57.0953], [9.7865, 57.0955], [9.7865, 57.0959], [9.7849, 57.0953]], [[9.7829, 57.0958], [9.7842, 57.096], [9.7842, 57.0966], [9.7829, 57.0958]], [[9.7818, 57.094], [9.7833, 57.0944], [9.7831, 57.0947], [9.7818, 57.094]], [[9.7805, 57.0956], [9.7823, 57.0951], [9.7821, 57.0958], [9.7805, 57.0956]], [[9.7801, 57.0971], [9.7812, 57.0967], [9.7814, 57.0974], [9.7801, 57.0971]], [[9.779, 57.0987], [9.7805, 57.0989], [9.7805, 57.0994], [9.779, 57.0987]], [[9.7583, 57.0959], [9.7801, 57.0958], [9.762, 57.1046], [9.7363, 57.1042], [9.7583, 57.0959]], [[9.7711, 55.2588], [9.7684, 55.2561], [9.7704, 55.2565], [9.7762, 55.2592], [9.7795, 55.2677], [9.7719, 55.2637], [9.7743, 55.2605], [9.764, 55.2636], [9.7692, 55.2601], [9.7626, 55.261], [9.7711, 55.2588]], [[9.7744, 57.0936], [9.7761, 57.0937], [9.7757, 57.0944], [9.7744, 57.0936]], [[9.7737, 57.1005], [9.7754, 57.1008], [9.7748, 57.1016], [9.7737, 57.1005]], [[9.7744, 55.2835], [9.7719, 55.2859], [9.7683, 55.2848], [9.7744, 55.2835]], [[9.7726, 57.1014], [9.7731, 57.102], [9.7722, 57.1025], [9.7726, 57.1014]], [[9.772, 55.2767], [9.7728, 55.2772], [9.772, 55.2776], [9.772, 55.2767]], [[9.7715, 57.1102], [9.7702, 57.1101], [9.7724, 57.1086], [9.7715, 57.1102]], [[9.7714, 57.0935], [9.7722, 57.0941], [9.7715, 57.0946], [9.7714, 57.0935]], [[9.7451, 57.0898], [9.7442, 57.0944], [9.7478, 57.0995], [9.7312, 57.1034], [9.7192, 57.0961], [9.6852, 57.0909], [9.667, 57.0789], [9.6516, 57.0777], [9.6523, 57.0702], [9.6666, 57.0733], [9.6977, 57.0615], [9.7269, 57.0628], [9.7479, 57.0681], [9.7687, 57.0821], [9.7717, 57.0888], [9.765, 57.0917], [9.7689, 57.0944], [9.7515, 57.0968], [9.7511, 57.0932], [9.7451, 57.0898]], [[9.7699, 57.0929], [9.7698, 57.0925], [9.7714, 57.0923], [9.7699, 57.0929]], [[9.7693, 57.1028], [9.7691, 57.1021], [9.7707, 57.102], [9.7693, 57.1028]], [[9.7675, 55.2775], [9.7694, 55.2772], [9.7696, 55.2776], [9.7675, 55.2775]], [[9.7665, 57.1131], [9.7657, 57.1126], [9.7691, 57.1104], [9.7665, 57.1131]], [[9.7269, 55.2693], [9.7276, 55.2647], [9.7345, 55.2615], [9.7358, 55.255], [9.7449, 55.2475], [9.7376, 55.25], [9.7331, 55.2609], [9.7268, 55.2578], [9.7326, 55.2515], [9.7451, 55.2465], [9.7609, 55.2477], [9.7685, 55.2549], [9.7653, 55.2537], [9.7606, 55.2579], [9.7602, 55.2661], [9.7559, 55.2716], [9.7386, 55.2726], [9.7269, 55.2693]], [[9.7641, 57.1104], [9.7638, 57.1097], [9.7654, 57.1095], [9.7641, 57.1104]], [[9.764, 57.1127], [9.7651, 57.1131], [9.7618, 57.1148], [9.764, 57.1127]], [[9.7515, 57.0667], [9.7541, 57.0698], [9.7529, 57.0699], [9.7456, 57.0657], [9.7515, 57.0667]], [[9.7409, 57.0647], [9.74, 57.064], [9.7452, 57.0639], [9.7409, 57.0647]], [[9.7437, 55.624], [9.7411, 55.6238], [9.7422, 55.6225], [9.7437, 55.624]], [[9.7382, 57.1054], [9.74, 57.1058], [9.7397, 57.1063], [9.7382, 57.1054]], [[9.7386, 57.0632], [9.7394, 57.0637], [9.7388, 57.064], [9.7386, 57.0632]], [[9.7365, 57.1065], [9.7384, 57.1069], [9.7382, 57.1074], [9.7365, 57.1065]], [[9.733008474576275, 55.6206], [9.7285, 55.6178], [9.7362, 55.619], [9.738, 55.6237], [9.733917968750005, 55.62116484375], [9.734, 55.6212], [9.7347, 55.6206], [9.733008474576275, 55.6206]], [[9.7321, 57.0633], [9.7315, 57.0627], [9.7357, 57.0633], [9.7321, 57.0633]], [[9.7304, 57.0619], [9.7143, 57.0616], [9.7162, 57.0608], [9.7304, 57.0619]], [[9.7301, 57.1048], [9.7302, 57.1052], [9.7283, 57.1052], [9.7301, 57.1048]], [[9.7239, 57.1077], [9.7211, 57.1069], [9.7252, 57.1053], [9.7285, 57.1061], [9.7239, 57.1077]], [[9.7143, 55.354], [9.725, 55.3548], [9.7099, 55.3636], [9.6984, 55.3632], [9.6882, 55.3577], [9.7013, 55.3507], [9.7143, 55.354]], [[9.7065, 57.0989], [9.7241, 57.1039], [9.7004, 57.1047], [9.6934, 57.0999], [9.7065, 57.0989]], [[9.7172, 57.0971], [9.7195, 57.0981], [9.7193, 57.0986], [9.7172, 57.0971]], [[9.7051, 55.4877], [9.6905, 55.499], [9.6794, 55.5001], [9.6764, 55.4898], [9.6952, 55.4738], [9.7104, 55.4765], [9.7177, 55.4812], [9.7173, 55.4864], [9.7051, 55.4877]], [[9.7145, 55.2883], [9.7123, 55.2876], [9.7175, 55.2858], [9.7145, 55.2883]], [[9.7084, 57.0983], [9.7076, 57.0968], [9.7151, 57.0982], [9.7084, 57.0983]], [[9.7095, 55.0339], [9.71, 55.0334], [9.7105, 55.0339], [9.7095, 55.0339]], [[9.6917, 55.0356], [9.6911, 55.0348], [9.6926, 55.0344], [9.6917, 55.0356]], [[9.6673, 57.0839], [9.6658, 57.0819], [9.6701, 57.0827], [9.671, 57.0847], [9.6673, 57.0839]], [[9.66, 55.4908], [9.6654, 55.4904], [9.6626, 55.4929], [9.66, 55.4908]], [[9.6597, 57.0796], [9.6624, 57.0809], [9.6532, 57.0829], [9.6522, 57.0802], [9.6597, 57.0796]], [[9.5557, 57.0469], [9.552, 57.045], [9.5774, 57.0409], [9.5776, 57.0464], [9.5869, 57.0509], [9.6006, 57.0486], [9.6155, 57.0524], [9.6246, 57.0631], [9.6086, 57.0732], [9.6186, 57.0829], [9.621, 57.0878], [9.6187, 57.0893], [9.646, 57.0938], [9.6483, 57.0974], [9.6438, 57.1022], [9.6296, 57.1002], [9.6342, 57.1019], [9.6317, 57.1024], [9.61, 57.0993], [9.5976, 57.0941], [9.5766, 57.0912], [9.5596, 57.0789], [9.5479, 57.0619], [9.5538, 57.0566], [9.5557, 57.0469]], [[9.6463, 57.1031], [9.6479, 57.103], [9.6481, 57.104], [9.6463, 57.1031]], [[9.6441, 57.1033], [9.646, 57.104], [9.6455, 57.1043], [9.6441, 57.1033]], [[9.6445, 57.1057], [9.6445, 57.1048], [9.6458, 57.1046], [9.6445, 57.1057]], [[9.6313, 57.1075], [9.6332, 57.1076], [9.6326, 57.1084], [9.6313, 57.1075]], [[9.6274, 57.1031], [9.6292, 57.1046], [9.6282, 57.1047], [9.6274, 57.1031]], [[9.6234, 57.1063], [9.6215, 57.1051], [9.6229, 57.1045], [9.6257, 57.1056], [9.6234, 57.1063]], [[9.62, 57.1029], [9.6239, 57.1028], [9.6222, 57.1035], [9.62, 57.1029]], [[9.6165, 57.1033], [9.6149, 57.1027], [9.6189, 57.1021], [9.6165, 57.1033]], [[9.6088, 57.1], [9.6152, 57.1012], [9.614, 57.1014], [9.6088, 57.1]], [[9.6002, 57.0958], [9.6093, 57.1007], [9.6136, 57.1022], [9.5904, 57.0946], [9.6002, 57.0958]], [[9.603, 56.9838], [9.6044, 56.9838], [9.6039, 56.9846], [9.603, 56.9838]], [[9.6008, 56.984], [9.6021, 56.9841], [9.6019, 56.9847], [9.6008, 56.984]], [[9.5998, 56.9851], [9.6013, 56.9851], [9.6009, 56.9858], [9.5998, 56.9851]], [[9.5958, 56.9827], [9.5991, 56.9838], [9.595, 56.9857], [9.5922, 56.9845], [9.5958, 56.9827]], [[9.5938, 56.9882], [9.5953, 56.9883], [9.5949, 56.9888], [9.5938, 56.9882]], [[9.593, 56.9893], [9.5946, 56.9894], [9.5942, 56.9901], [9.593, 56.9893]], [[9.591, 56.9888], [9.5925, 56.9891], [9.592, 56.9895], [9.591, 56.9888]], [[9.5892, 56.9888], [9.59, 56.9893], [9.589, 56.9896], [9.5892, 56.9888]], [[9.5889, 56.9906], [9.5893, 56.991], [9.5876, 56.9913], [9.5889, 56.9906]], [[9.5872, 57.0463], [9.5892, 57.0467], [9.5882, 57.0473], [9.5872, 57.0463]], [[9.5868, 57.0438], [9.589, 57.0439], [9.5884, 57.0447], [9.5868, 57.0438]], [[9.5883, 57.0945], [9.5842, 57.0943], [9.5845, 57.0937], [9.5883, 57.0945]], [[9.586, 56.9892], [9.5871, 56.9894], [9.5862, 56.99], [9.586, 56.9892]], [[9.583, 57.0452], [9.5827, 57.0444], [9.5847, 57.0443], [9.583, 57.0452]], [[9.5801, 57.0937], [9.5769, 57.0926], [9.5786, 57.0922], [9.5833, 57.0936], [9.5801, 57.0937]], [[9.5825, 57.0477], [9.582, 57.0483], [9.5799, 57.0469], [9.5825, 57.0477]], [[9.5795, 56.9892], [9.5811, 56.989], [9.5804, 56.99], [9.5795, 56.9892]], [[9.5792, 57.0404], [9.5806, 57.041], [9.5798, 57.0415], [9.5792, 57.0404]], [[9.5797, 57.0437], [9.5804, 57.0443], [9.5798, 57.0446], [9.5797, 57.0437]], [[9.5784, 57.0422], [9.5797, 57.0422], [9.5797, 57.0429], [9.5784, 57.0422]], [[9.578, 56.9906], [9.5792, 56.9908], [9.579, 56.9912], [9.578, 56.9906]], [[9.5776, 57.0339], [9.579, 57.0344], [9.5787, 57.0351], [9.5776, 57.0339]], [[9.5716, 57.0884], [9.5743, 57.0915], [9.5693, 57.0897], [9.5691, 57.087], [9.5716, 57.0884]], [[9.5739, 57.0339], [9.5742, 57.0348], [9.5726, 57.0345], [9.5739, 57.0339]], [[9.5734, 55.1129], [9.5719, 55.1208], [9.5591, 55.1297], [9.5501, 55.1283], [9.545, 55.1197], [9.5509, 55.1177], [9.5525, 55.1102], [9.5661, 55.1093], [9.5734, 55.1129]], [[9.5701, 57.0069], [9.5713, 57.0073], [9.5698, 57.0079], [9.5701, 57.0069]], [[9.5694, 57.0336], [9.5694, 57.0331], [9.5711, 57.033], [9.5694, 57.0336]], [[9.5684, 57.0341], [9.5702, 57.035], [9.5693, 57.0354], [9.5684, 57.0341]], [[9.5692, 57.0059], [9.5698, 57.0065], [9.5685, 57.0069], [9.5692, 57.0059]], [[9.5678, 57.0081], [9.5693, 57.0081], [9.5695, 57.0086], [9.5678, 57.0081]], [[9.5619, 57.003], [9.5677, 57.0047], [9.562, 57.0114], [9.5488, 57.0126], [9.5619, 57.003]], [[9.5677, 57.0861], [9.5674, 57.0869], [9.5646, 57.0852], [9.5677, 57.0861]], [[9.5624, 57.0355], [9.5635, 57.0367], [9.563, 57.0367], [9.5624, 57.0355]], [[9.5629, 57.0838], [9.559, 57.0805], [9.5607, 57.0798], [9.5629, 57.0838]], [[9.5615, 57.0341], [9.5618, 57.0349], [9.5604, 57.0349], [9.5615, 57.0341]], [[9.5568, 57.033], [9.5574, 57.0338], [9.5566, 57.0341], [9.5568, 57.033]], [[9.5539, 57.0319], [9.5555, 57.0325], [9.5534, 57.0329], [9.5539, 57.0319]], [[9.5504, 57.0789], [9.5463, 57.0772], [9.5498, 57.0759], [9.5554, 57.0788], [9.5504, 57.0789]], [[9.5524, 57.073], [9.5542, 57.0736], [9.553, 57.0742], [9.5524, 57.073]], [[9.5521, 57.0743], [9.5537, 57.0752], [9.5532, 57.0756], [9.5521, 57.0743]], [[9.5507, 57.036], [9.5527, 57.0364], [9.5519, 57.037], [9.5507, 57.036]], [[9.55, 57.0726], [9.5501, 57.0718], [9.552, 57.0724], [9.55, 57.0726]], [[9.5508, 57.0703], [9.5519, 57.0704], [9.5516, 57.0712], [9.5508, 57.0703]], [[9.5503, 57.0688], [9.5512, 57.0689], [9.551, 57.0698], [9.5503, 57.0688]], [[9.5498, 57.0706], [9.5487, 57.07], [9.549, 57.0697], [9.5498, 57.0706]], [[9.5466, 57.0738], [9.5487, 57.0746], [9.547, 57.0753], [9.5466, 57.0738]], [[9.5487, 57.0685], [9.5483, 57.068], [9.5486, 57.0678], [9.5487, 57.0685]], [[9.547, 57.0697], [9.5477, 57.0705], [9.5471, 57.0708], [9.547, 57.0697]], [[9.5463, 57.0337], [9.5476, 57.0345], [9.5471, 57.0348], [9.5463, 57.0337]], [[9.5459, 57.0669], [9.5475, 57.0669], [9.5473, 57.0678], [9.5459, 57.0669]], [[9.5462, 57.0635], [9.5467, 57.0642], [9.5451, 57.0644], [9.5462, 57.0635]], [[9.5312, 57.0609], [9.5356, 57.0586], [9.5327, 57.0551], [9.5342, 57.0518], [9.5459, 57.0446], [9.541, 57.0579], [9.5377, 57.0606], [9.5312, 57.0609]], [[9.5445, 57.0322], [9.5456, 57.0324], [9.5452, 57.0333], [9.5445, 57.0322]], [[9.5437, 57.0654], [9.5448, 57.0659], [9.5443, 57.0665], [9.5437, 57.0654]], [[9.5433, 57.0753], [9.5433, 57.0747], [9.5447, 57.0747], [9.5433, 57.0753]], [[9.5431, 57.0639], [9.5433, 57.0644], [9.5413, 57.0644], [9.5431, 57.0639]], [[9.5415, 57.0338], [9.5425, 57.0345], [9.5417, 57.0351], [9.5415, 57.0338]], [[9.5409, 57.016], [9.5422, 57.0163], [9.5416, 57.017], [9.5409, 57.016]], [[9.5384, 57.0652], [9.5395, 57.0656], [9.5377, 57.0662], [9.5384, 57.0652]], [[9.5342, 57.0468], [9.5382, 57.0451], [9.5377, 57.0462], [9.5342, 57.0468]], [[9.5374, 57.0654], [9.5374, 57.0658], [9.5374, 57.0659], [9.5362, 57.0649], [9.5374, 57.0653], [9.5374, 57.0654]], [[9.5363, 57.0712], [9.5365, 57.0714], [9.5349, 57.0713], [9.5363, 57.0712]], [[9.5347, 57.0181], [9.5361, 57.0184], [9.5355, 57.0191], [9.5347, 57.0181]], [[9.5352, 57.0699], [9.5316, 57.069], [9.5335, 57.0678], [9.5352, 57.0699]], [[9.5341, 57.0703], [9.5351, 57.0705], [9.5347, 57.071], [9.5341, 57.0703]], [[9.5327, 57.0651], [9.5331, 57.0658], [9.5312, 57.0657], [9.5327, 57.0651]], [[9.5317, 57.0672], [9.5329, 57.068], [9.5321, 57.0682], [9.5317, 57.0672]], [[9.529, 57.0601], [9.531, 57.0588], [9.5312, 57.0599], [9.529, 57.0601]], [[9.529, 57.0658], [9.5306, 57.0665], [9.5286, 57.0667], [9.529, 57.0658]], [[9.5286, 57.0201], [9.5284, 57.0194], [9.5303, 57.0199], [9.5286, 57.0201]], [[9.5287, 57.0505], [9.5303, 57.0511], [9.5297, 57.0516], [9.5287, 57.0505]], [[9.5264, 57.0674], [9.5301, 57.0682], [9.5294, 57.0686], [9.5264, 57.0674]], [[9.5256, 57.0586], [9.5267, 57.0592], [9.526, 57.0599], [9.5256, 57.0586]], [[9.5217, 57.0667], [9.5212, 57.0658], [9.5259, 57.0662], [9.5217, 57.0667]], [[9.5222, 57.0201], [9.5243, 57.0204], [9.524, 57.0209], [9.5222, 57.0201]], [[9.5166, 57.0645], [9.5148, 57.0626], [9.5195, 57.0633], [9.521, 57.0653], [9.5166, 57.0645]], [[9.5196, 57.0173], [9.5204, 57.0179], [9.5197, 57.0183], [9.5196, 57.0173]], [[9.5086, 57.0535], [9.52, 57.0592], [9.5118, 57.0602], [9.5065, 57.0545], [9.5086, 57.0535]], [[9.5175, 57.0345], [9.5185, 57.035], [9.5179, 57.0356], [9.5175, 57.0345]], [[9.5177, 57.0175], [9.5179, 57.0178], [9.5173, 57.018], [9.5177, 57.0175]], [[9.5178, 57.0171], [9.5165, 57.0166], [9.5168, 57.0163], [9.5178, 57.0171]], [[9.5141, 57.0351], [9.5171, 57.0359], [9.5167, 57.0363], [9.5141, 57.0351]], [[9.5116, 57.0345], [9.5161, 57.0336], [9.5158, 57.0339], [9.5116, 57.0345]], [[9.5142, 57.0161], [9.5158, 57.0166], [9.5147, 57.0169], [9.5142, 57.0161]], [[9.5145, 57.0612], [9.5154, 57.0616], [9.5145, 57.0621], [9.5145, 57.0612]], [[9.512, 57.0535], [9.5104, 57.0523], [9.5148, 57.0536], [9.512, 57.0535]], [[9.513, 57.017], [9.5138, 57.0176], [9.513, 57.018], [9.513, 57.017]], [[9.513, 57.0372], [9.5137, 57.0379], [9.5126, 57.0383], [9.513, 57.0372]], [[9.5131, 57.0159], [9.5135, 57.0165], [9.5119, 57.0163], [9.5131, 57.0159]], [[9.509, 57.0187], [9.5025, 57.0179], [9.5054, 57.0159], [9.5115, 57.0169], [9.509, 57.0187]], [[9.5088, 57.0373], [9.5111, 57.0375], [9.5103, 57.0382], [9.5088, 57.0373]], [[9.5095, 54.859], [9.506, 54.8596], [9.5073, 54.8565], [9.5106, 54.8565], [9.5095, 54.859]], [[9.5096, 57.0502], [9.5101, 57.0511], [9.5088, 57.051], [9.5096, 57.0502]], [[9.5095, 57.0468], [9.5098, 57.0473], [9.5081, 57.0477], [9.5095, 57.0468]], [[9.5082, 57.0357], [9.5091, 57.0362], [9.5083, 57.0367], [9.5082, 57.0357]], [[9.5082, 57.0345], [9.5087, 57.0352], [9.5071, 57.0354], [9.5082, 57.0345]], [[9.5082, 57.0456], [9.5085, 57.046], [9.5069, 57.0462], [9.5082, 57.0456]], [[9.5068, 57.0493], [9.5083, 57.0498], [9.5083, 57.0502], [9.5068, 57.0493]], [[9.5082, 57.0522], [9.5006, 57.0506], [9.5008, 57.0502], [9.5082, 57.0522]], [[9.5039, 57.0335], [9.5037, 57.0332], [9.5056, 57.033], [9.5039, 57.0335]], [[9.492, 57.0457], [9.4931, 57.0433], [9.5052, 57.0465], [9.4966, 57.0486], [9.492, 57.0457]], [[9.5028, 54.8596], [9.5006, 54.8587], [9.5012, 54.8567], [9.5028, 54.8596]], [[9.4984, 57.0327], [9.4966, 57.0321], [9.498, 57.0312], [9.5021, 57.0318], [9.4984, 57.0327]], [[9.5015, 57.0353], [9.5005, 57.0345], [9.5019, 57.0342], [9.5015, 57.0353]], [[9.4993, 57.034], [9.4986, 57.0335], [9.5003, 57.0332], [9.4993, 57.034]], [[9.4977, 57.0345], [9.4992, 57.035], [9.4985, 57.0355], [9.4977, 57.0345]], [[9.4954, 57.0353], [9.4971, 57.036], [9.4965, 57.0363], [9.4954, 57.0353]], [[9.4944, 57.0346], [9.4961, 57.0342], [9.4963, 57.0346], [9.4944, 57.0346]], [[9.4934, 57.0423], [9.4948, 57.0427], [9.494, 57.0431], [9.4934, 57.0423]], [[9.4938, 57.0363], [9.4943, 57.0369], [9.4932, 57.0373], [9.4938, 57.0363]], [[9.4921, 57.0319], [9.4935, 57.0326], [9.4928, 57.0331], [9.4921, 57.0319]], [[9.4905, 57.042], [9.4915, 57.0424], [9.4906, 57.043], [9.4905, 57.042]], [[9.4901, 57.0316], [9.4914, 57.0319], [9.491, 57.0324], [9.4901, 57.0316]], [[9.4891, 57.0299], [9.4904, 57.0303], [9.4897, 57.031], [9.4891, 57.0299]], [[9.4893, 57.0458], [9.4898, 57.0467], [9.4891, 57.0469], [9.4893, 57.0458]], [[9.4875, 57.0432], [9.4888, 57.0438], [9.4886, 57.0442], [9.4875, 57.0432]], [[9.4873, 57.031], [9.4887, 57.0313], [9.4878, 57.0322], [9.4873, 57.031]], [[9.4873, 57.0288], [9.4881, 57.0294], [9.4874, 57.0297], [9.4873, 57.0288]], [[9.4846, 57.0291], [9.4861, 57.0296], [9.4853, 57.03], [9.4846, 57.0291]], [[9.4851, 57.0305], [9.486, 57.031], [9.4852, 57.0316], [9.4851, 57.0305]], [[9.4793, 57.0297], [9.4811, 57.0301], [9.4802, 57.0309], [9.4793, 57.0297]], [[9.4642, 55.117], [9.4696, 55.1166], [9.471, 55.1227], [9.4653, 55.122], [9.4642, 55.117]], [[9.2583, 56.9898], [9.2393, 56.9869], [9.2498, 56.9837], [9.2633, 56.9887], [9.2583, 56.9898]], [[9.2594, 56.9734], [9.2595, 56.9738], [9.2561, 56.974], [9.2594, 56.9734]], [[9.2491, 56.6884], [9.2479, 56.6886], [9.2463, 56.6869], [9.2473, 56.6868], [9.2491, 56.6884]], [[9.2441, 56.687], [9.242, 56.6864], [9.2439, 56.6861], [9.2441, 56.687]], [[9.2416, 56.9838], [9.2429, 56.984], [9.2384, 56.985], [9.2416, 56.9838]], [[9.2403, 56.9884], [9.2417, 56.9888], [9.2397, 56.9898], [9.2403, 56.9884]], [[9.2316, 56.9918], [9.2384, 56.991], [9.2382, 56.9913], [9.2316, 56.9918]], [[9.2199, 56.993], [9.2367, 56.9873], [9.2355, 56.9896], [9.2199, 56.993]], [[9.2295, 56.9942], [9.2327, 56.994], [9.23, 56.9961], [9.2295, 56.9942]], [[9.2194, 56.9555], [9.2168, 56.9459], [9.222, 56.9472], [9.227, 56.9555], [9.2258, 56.9597], [9.2194, 56.9555]], [[9.2014, 57.0042], [9.2137, 56.9967], [9.2246, 56.9953], [9.1969, 57.0096], [9.19, 57.0188], [9.182, 57.0212], [9.1834, 57.0137], [9.1931, 57.0067], [9.2014, 57.0042]], [[9.2141, 56.9916], [9.2221, 56.9894], [9.2198, 56.9921], [9.2113, 56.995], [9.2141, 56.9916]], [[9.2032, 57.0006], [9.2135, 56.9963], [9.2126, 56.9973], [9.2032, 57.0006]], [[9.2012, 56.995], [9.2023, 56.9953], [9.2005, 56.9969], [9.2012, 56.995]], [[9.2004, 56.9995], [9.201, 57.0001], [9.1999, 57.0004], [9.2004, 56.9995]], [[9.1887, 56.7256], [9.1968, 56.7201], [9.1991, 56.7247], [9.1887, 56.7256]], [[9.1979, 57.0009], [9.1989, 57.0012], [9.1969, 57.0026], [9.1979, 57.0009]], [[9.1972, 56.997], [9.1984, 56.9973], [9.1983, 56.9978], [9.1972, 56.997]], [[9.1953, 56.9988], [9.1957, 56.9994], [9.1941, 56.9996], [9.1953, 56.9988]], [[9.1865, 57.0043], [9.1876, 57.005], [9.1869, 57.0055], [9.1865, 57.0043]], [[9.1855, 57.0014], [9.187, 57.0015], [9.1868, 57.0021], [9.1855, 57.0014]], [[9.1865, 57.0034], [9.185, 57.0034], [9.1853, 57.003], [9.1865, 57.0034]], [[9.1833, 56.7212], [9.1824, 56.7204], [9.1858, 56.72], [9.1833, 56.7212]], [[9.1807, 57.0068], [9.183, 57.0048], [9.1834, 57.0052], [9.1807, 57.0068]], [[9.1761, 57.022], [9.1772, 57.0196], [9.181, 57.0208], [9.1761, 57.022]], [[9.1743, 57.01], [9.1745, 57.0081], [9.1761, 57.0088], [9.1743, 57.01]], [[9.1743, 57.0242], [9.175, 57.0243], [9.1724, 57.0259], [9.1743, 57.0242]], [[9.172, 57.0247], [9.1708, 57.0247], [9.1719, 57.0237], [9.172, 57.0247]], [[9.1706, 57.0221], [9.1716, 57.0222], [9.1686, 57.0268], [9.1706, 57.0221]], [[9.167, 57.0181], [9.1687, 57.018], [9.1665, 57.0223], [9.1602, 57.0223], [9.167, 57.0181]], [[9.1656, 57.0142], [9.168, 57.0151], [9.1671, 57.0155], [9.1656, 57.0142]], [[9.1603, 57.0277], [9.1583, 57.0264], [9.1614, 57.0243], [9.1649, 57.0259], [9.1603, 57.0277]], [[9.1638, 57.0285], [9.1648, 57.0286], [9.1634, 57.0296], [9.1638, 57.0285]], [[9.1614, 57.0176], [9.1645, 57.0162], [9.1648, 57.0171], [9.1631, 57.02], [9.1614, 57.0176]], [[9.1571, 57.0224], [9.1595, 57.021], [9.1598, 57.0215], [9.1571, 57.0224]], [[9.1578, 57.0304], [9.1569, 57.0302], [9.1572, 57.0298], [9.1578, 57.0304]], [[9.1553, 57.0308], [9.1577, 57.0311], [9.154, 57.0328], [9.1553, 57.0308]], [[9.1561, 57.0242], [9.1572, 57.0244], [9.156, 57.0266], [9.1561, 57.0242]], [[9.1568, 57.0299], [9.1556, 57.0298], [9.1561, 57.0291], [9.1568, 57.0299]], [[9.1483, 57.0268], [9.1517, 57.0238], [9.1529, 57.0251], [9.1483, 57.0268]], [[9.1429, 57.0304], [9.1459, 57.0303], [9.1435, 57.0324], [9.1408, 57.0325], [9.1429, 57.0304]], [[9.1378, 57.0357], [9.1383, 57.0363], [9.1368, 57.0367], [9.1378, 57.0357]], [[9.1066, 56.8739], [9.0998, 56.8812], [9.1018, 56.8946], [9.089, 56.9064], [9.0823, 56.9055], [9.0705, 56.8959], [9.0764, 56.8879], [9.0943, 56.8832], [9.1118, 56.8699], [9.1216, 56.866], [9.1066, 56.8739]], [[9.1168, 57.0425], [9.1178, 57.0439], [9.1159, 57.0438], [9.1168, 57.0425]], [[8.961, 56.8393], [8.9488, 56.8332], [8.9641, 56.8269], [8.9732, 56.8142], [9.0012, 56.7978], [9.0197, 56.8037], [9.0331, 56.8221], [9.0351, 56.8216], [9.0342, 56.8173], [9.0432, 56.8192], [9.0552, 56.8166], [9.0733, 56.8222], [9.0752, 56.8264], [9.06, 56.8298], [9.0581, 56.833], [9.0605, 56.8377], [9.0743, 56.8412], [9.0276, 56.8457], [8.961, 56.8393]], [[9.0565, 56.5633], [9.0559, 56.563], [9.0564, 56.5626], [9.0565, 56.5633]], [[9.0558, 56.5621], [9.0552, 56.5616], [9.0561, 56.5616], [9.0558, 56.5621]], [[9.0543, 56.5617], [9.0531, 56.5613], [9.0532, 56.561], [9.0543, 56.5617]], [[9.0524, 56.5615], [9.0513, 56.5614], [9.0513, 56.5611], [9.0524, 56.5615]], [[9.0346, 57.0528], [9.0343, 57.0512], [9.0362, 57.0511], [9.0346, 57.0528]], [[9.0331, 56.8212], [9.033, 56.8202], [9.0345, 56.8206], [9.0331, 56.8212]], [[8.9537, 57.0369], [8.9552, 57.0375], [8.9548, 57.038], [8.9537, 57.0369]], [[8.9455, 56.9341], [8.9451, 56.932], [8.9465, 56.9318], [8.9492, 56.9342], [8.9455, 56.9341]], [[8.9355, 57.0349], [8.9323, 57.0319], [8.9464, 57.036], [8.9355, 57.0349]], [[8.9366, 56.9783], [8.9312, 56.9746], [8.9386, 56.9784], [8.9381, 56.9818], [8.9366, 56.9783]], [[8.8347, 56.7604], [8.8342, 56.7631], [8.8442, 56.775], [8.8616, 56.7805], [8.853, 56.7867], [8.8537, 56.7907], [8.8673, 56.7954], [8.8766, 56.7848], [8.8778, 56.7962], [8.8748, 56.8037], [8.8499, 56.8209], [8.8391, 56.8396], [8.8381, 56.8506], [8.8272, 56.8647], [8.8297, 56.8713], [8.8401, 56.8803], [8.8398, 56.8836], [8.8543, 56.8863], [8.8607, 56.8844], [8.8595, 56.8794], [8.8658, 56.8763], [8.8686, 56.8771], [8.8663, 56.8794], [8.8819, 56.8804], [8.8809, 56.8766], [8.8857, 56.8673], [8.881, 56.8602], [8.8865, 56.86], [8.9069, 56.9051], [8.9194, 56.9161], [8.9125, 56.9399], [8.907, 56.9445], [8.9109, 56.9551], [8.9242, 56.963], [8.924, 56.9697], [8.9274, 56.974], [8.9199, 56.9722], [8.9207, 56.9669], [8.8997, 56.9506], [8.8649, 56.9494], [8.8574, 56.9522], [8.8482, 56.9406], [8.8285, 56.9296], [8.8232, 56.9112], [8.8155, 56.9032], [8.7598, 56.8975], [8.7342, 56.8889], [8.7224, 56.8926], [8.6814, 56.8885], [8.6692, 56.8915], [8.6349, 56.8855], [8.6419, 56.8789], [8.647, 56.8593], [8.6448, 56.8534], [8.6274, 56.8393], [8.6448, 56.8381], [8.6475, 56.8323], [8.6392, 56.8289], [8.6182, 56.8315], [8.6064, 56.8228], [8.606, 56.819], [8.6557, 56.8159], [8.6641, 56.8129], [8.665, 56.8065], [8.6531, 56.8001], [8.6149, 56.7911], [8.5819, 56.7958], [8.5716, 56.7941], [8.567, 56.7878], [8.5584, 56.7849], [8.5496, 56.7902], [8.5389, 56.7868], [8.5471, 56.7781], [8.5526, 56.7643], [8.5602, 56.7626], [8.5615, 56.7608], [8.5609, 56.7578], [8.5547, 56.7545], [8.5372, 56.7558], [8.5214, 56.7469], [8.5087, 56.7456], [8.5044, 56.7393], [8.504, 56.734], [8.5067, 56.7284], [8.504, 56.7254], [8.5065, 56.7232], [8.5372, 56.7352], [8.538, 56.7403], [8.531, 56.7402], [8.5392, 56.748], [8.5449, 56.7454], [8.5387, 56.7424], [8.5395, 56.7397], [8.5719, 56.7256], [8.5742, 56.7278], [8.58, 56.726], [8.5778, 56.7293], [8.5815, 56.7311], [8.5914, 56.7298], [8.5951, 56.7232], [8.5915, 56.7184], [8.6019, 56.7164], [8.6208, 56.7215], [8.629, 56.7176], [8.6372, 56.7241], [8.6545, 56.7247], [8.6492, 56.7205], [8.6376, 56.7193], [8.6326, 56.715], [8.6592, 56.7105], [8.665, 56.7066], [8.6518, 56.7091], [8.6412, 56.705], [8.6392, 56.7109], [8.6282, 56.7135], [8.6216, 56.7116], [8.6269, 56.7146], [8.6194, 56.7134], [8.6245, 56.716], [8.6231, 56.7184], [8.6056, 56.7124], [8.608, 56.7058], [8.6191, 56.7034], [8.6225, 56.6969], [8.6365, 56.6869], [8.6323, 56.6835], [8.6359, 56.676], [8.6337, 56.6744], [8.6418, 56.6677], [8.6997, 56.6804], [8.7277, 56.68], [8.7697, 56.6899], [8.772, 56.6952], [8.7661, 56.7017], [8.7671, 56.6971], [8.7574, 56.6925], [8.7612, 56.6987], [8.796, 56.7241], [8.807, 56.7254], [8.8278, 56.7343], [8.8272, 56.7467], [8.837, 56.7525], [8.8376, 56.7619], [8.8347, 56.7604]], [[8.913, 56.9785], [8.9141, 56.9789], [8.9137, 56.9795], [8.913, 56.9785]], [[8.9095, 56.9797], [8.9075, 56.9789], [8.91, 56.9775], [8.9095, 56.9797]], [[8.8989, 56.9733], [8.9087, 56.9774], [8.9022, 56.9782], [8.8986, 56.9803], [8.8947, 56.9781], [8.8938, 56.9813], [8.8897, 56.9797], [8.8916, 56.9837], [8.8851, 56.9788], [8.8989, 56.9733]], [[8.903, 56.9787], [8.9079, 56.9796], [8.9033, 56.9797], [8.9002, 56.9803], [8.903, 56.9787]], [[8.9065, 57.0294], [8.9048, 57.0293], [8.905, 57.029], [8.9065, 57.0294]], [[8.9009, 57.0267], [8.8994, 57.0265], [8.8989, 57.026], [8.899, 57.0257], [8.9009, 57.0267]], [[8.8909, 57.0261], [8.8861, 57.0224], [8.8985, 57.0256], [8.899, 57.0276], [8.8909, 57.0261]], [[8.8928, 56.9838], [8.893, 56.9842], [8.8922, 56.9846], [8.8928, 56.9838]], [[8.8918, 57.0313], [8.8922, 57.0317], [8.8912, 57.032], [8.8918, 57.0313]], [[8.8896, 57.0322], [8.89, 57.0325], [8.889, 57.0329], [8.8896, 57.0322]], [[8.8865, 57.0218], [8.8851, 57.0216], [8.8851, 57.0211], [8.8865, 57.0218]], [[8.8837, 57.0195], [8.8847, 57.0203], [8.8841, 57.0205], [8.8837, 57.0195]], [[8.8823, 57.0191], [8.8802, 57.0188], [8.8802, 57.0184], [8.8823, 57.0191]], [[8.8792, 56.8616], [8.8804, 56.8616], [8.8796, 56.863], [8.8792, 56.8616]], [[8.8543, 57.0135], [8.8547, 57.0141], [8.8538, 57.0145], [8.8543, 57.0135]], [[8.8416, 56.8799], [8.8436, 56.8798], [8.8437, 56.8808], [8.8416, 56.8799]], [[8.8424, 56.8814], [8.8434, 56.8816], [8.8433, 56.882], [8.8424, 56.8814]], [[8.8024, 56.5669], [8.8026, 56.5682], [8.8013, 56.5684], [8.8024, 56.5669]], [[8.8005, 57.0087], [8.8015, 57.009], [8.8009, 57.0097], [8.8005, 57.0087]], [[8.7993, 57.0099], [8.8002, 57.0102], [8.8, 57.0108], [8.7993, 57.0099]], [[8.7994, 57.008], [8.7983, 57.0078], [8.7989, 57.0071], [8.7994, 57.008]], [[8.7989, 57.011], [8.7993, 57.0115], [8.798, 57.0118], [8.7989, 57.011]], [[8.7989, 57.0092], [8.7976, 57.0092], [8.7977, 57.0085], [8.7989, 57.0092]], [[8.7976, 57.0098], [8.7974, 57.0104], [8.7965, 57.0103], [8.7976, 57.0098]], [[8.7958, 57.0103], [8.7943, 57.01], [8.7944, 57.0096], [8.7958, 57.0103]], [[8.7727, 56.5495], [8.773, 56.5502], [8.7718, 56.5503], [8.7727, 56.5495]], [[8.7709, 56.5486], [8.77, 56.5488], [8.7698, 56.5483], [8.7709, 56.5486]], [[8.7664, 56.5502], [8.7613, 56.5483], [8.7708, 56.5496], [8.7664, 56.5502]], [[8.7694, 56.5481], [8.7687, 56.5478], [8.7699, 56.547], [8.7694, 56.5481]], [[8.7674, 56.5541], [8.7676, 56.555], [8.7662, 56.5548], [8.7674, 56.5541]], [[8.7661, 56.5484], [8.7658, 56.548], [8.7669, 56.5478], [8.7661, 56.5484]], [[8.7652, 56.5531], [8.7652, 56.5535], [8.7634, 56.5533], [8.7652, 56.5531]], [[8.6918, 55.1595], [8.6942, 55.1557], [8.6954, 55.1575], [8.6918, 55.1595]], [[8.6696, 55.218], [8.6708, 55.2182], [8.6706, 55.2189], [8.6696, 55.218]], [[8.6605, 56.5803], [8.6558, 56.5835], [8.6344, 56.5819], [8.6085, 56.5545], [8.6183, 56.5435], [8.618, 56.5339], [8.624, 56.5306], [8.6259, 56.5242], [8.6153, 56.5148], [8.6303, 56.521], [8.6331, 56.5296], [8.627, 56.5413], [8.6295, 56.5518], [8.6392, 56.5635], [8.6534, 56.573], [8.6439, 56.572], [8.6357, 56.5778], [8.6429, 56.5799], [8.6467, 56.5768], [8.6468, 56.5811], [8.6522, 56.5827], [8.6572, 56.5814], [8.6546, 56.5786], [8.6605, 56.5803]], [[8.6482, 56.7214], [8.6482, 56.7217], [8.6468, 56.7216], [8.6482, 56.7214]], [[8.6457, 56.7213], [8.6455, 56.7209], [8.6467, 56.7208], [8.6457, 56.7213]], [[8.6278, 56.6294], [8.6342, 56.6394], [8.6267, 56.6419], [8.6254, 56.6464], [8.6355, 56.6525], [8.6386, 56.6597], [8.6223, 56.6598], [8.6111, 56.6637], [8.586, 56.6622], [8.5871, 56.6559], [8.5818, 56.6525], [8.5944, 56.6494], [8.5987, 56.6372], [8.622, 56.627], [8.6311, 56.6183], [8.6386, 56.6179], [8.6294, 56.6224], [8.6278, 56.6294]], [[8.6313, 56.6768], [8.6348, 56.6758], [8.6316, 56.6789], [8.6313, 56.6768]], [[8.634, 56.6871], [8.6291, 56.6892], [8.6265, 56.6827], [8.634, 56.6871]], [[8.6217, 56.6875], [8.6234, 56.68], [8.6329, 56.675], [8.6249, 56.6828], [8.6272, 56.6867], [8.6217, 56.6875]], [[8.6292, 56.6792], [8.6311, 56.6798], [8.6308, 56.6829], [8.6275, 56.682], [8.6292, 56.6792]], [[8.616, 56.6895], [8.616, 56.6887], [8.6228, 56.6891], [8.616, 56.6895]], [[8.5058, 55.1677], [8.5026, 55.1633], [8.5056, 55.163], [8.4962, 55.1569], [8.4975, 55.1447], [8.4853, 55.1371], [8.4863, 55.1327], [8.4942, 55.1265], [8.4955, 55.1198], [8.4906, 55.1071], [8.5182, 55.0818], [8.5338, 55.0751], [8.5507, 55.0742], [8.5573, 55.0763], [8.5546, 55.0817], [8.5641, 55.0842], [8.5499, 55.1005], [8.5594, 55.1201], [8.5558, 55.1236], [8.5502, 55.1428], [8.565, 55.1561], [8.5684, 55.1683], [8.5963, 55.1786], [8.5972, 55.1816], [8.5932, 55.1855], [8.5681, 55.1888], [8.5416, 55.1765], [8.5199, 55.1734], [8.5058, 55.1677]], [[8.5925, 56.6768], [8.5943, 56.6781], [8.5935, 56.6788], [8.5925, 56.6768]], [[8.5516, 56.7217], [8.5575, 56.708], [8.5535, 56.7003], [8.587, 56.7086], [8.5854, 56.7147], [8.5798, 56.7175], [8.5893, 56.7231], [8.5717, 56.7246], [8.5516, 56.7217]], [[8.5878, 55.1868], [8.5887, 55.187], [8.587, 55.1882], [8.5878, 55.1868]], [[8.585, 55.1892], [8.5757, 55.1894], [8.5789, 55.1884], [8.581, 55.1885], [8.585, 55.1892]], [[8.5733, 55.2757], [8.5731, 55.2751], [8.5749, 55.275], [8.5733, 55.2757]], [[8.5734, 55.2767], [8.5748, 55.2769], [8.5743, 55.2776], [8.5734, 55.2767]], [[8.5716, 55.2877], [8.5683, 55.2849], [8.5704, 55.2841], [8.5731, 55.2846], [8.5716, 55.2877]], [[8.5727, 55.275], [8.5698, 55.2748], [8.5712, 55.271], [8.5727, 55.275]], [[8.5713, 55.2835], [8.5644, 55.2824], [8.5657, 55.2812], [8.5725, 55.2811], [8.5713, 55.2835]], [[8.5708, 56.6931], [8.5706, 56.6933], [8.5692, 56.6922], [8.5708, 56.6931]], [[8.5587, 55.2941], [8.5456, 55.2869], [8.5628, 55.2832], [8.5677, 55.2871], [8.5631, 55.2879], [8.5641, 55.2904], [8.5679, 55.2913], [8.5587, 55.2941]], [[8.5657, 55.2706], [8.5658, 55.2712], [8.5647, 55.2712], [8.5657, 55.2706]], [[8.5556, 55.2683], [8.5591, 55.2712], [8.5556, 55.271], [8.5582, 55.2756], [8.5635, 55.2751], [8.5567, 55.2797], [8.5417, 55.2812], [8.5358, 55.2754], [8.5382, 55.2693], [8.5468, 55.2649], [8.5592, 55.2648], [8.5643, 55.2708], [8.5556, 55.2683]], [[8.5609, 55.2795], [8.5641, 55.2803], [8.5639, 55.2806], [8.5609, 55.2795]], [[8.5596, 55.2785], [8.561, 55.2786], [8.5604, 55.2792], [8.5596, 55.2785]], [[8.5606, 56.7615], [8.5544, 56.7635], [8.558, 56.757], [8.5606, 56.7615]], [[8.5594, 55.2793], [8.5597, 55.2797], [8.5583, 55.2798], [8.5594, 55.2793]], [[8.5588, 56.6911], [8.5566, 56.6914], [8.5571, 56.6909], [8.5588, 56.6911]], [[8.5573, 56.7561], [8.558, 56.7565], [8.5578, 56.7569], [8.5573, 56.7561]], [[8.5491, 56.7171], [8.5485, 56.7165], [8.5513, 56.7166], [8.5491, 56.7171]], [[8.5474, 56.7194], [8.5494, 56.7181], [8.5507, 56.7204], [8.5474, 56.7194]], [[8.5473, 56.7161], [8.5459, 56.7161], [8.5458, 56.7157], [8.5473, 56.7161]], [[8.5461, 56.7175], [8.5449, 56.7172], [8.5453, 56.7168], [8.5461, 56.7175]], [[8.5396, 56.7216], [8.546, 56.7226], [8.538, 56.7226], [8.537, 56.7182], [8.5406, 56.7154], [8.5441, 56.7151], [8.5403, 56.7172], [8.5396, 56.7216]], [[8.5434, 56.7169], [8.5429, 56.7166], [8.5434, 56.7161], [8.5434, 56.7169]], [[8.5293, 56.7052], [8.5267, 56.701], [8.5425, 56.6975], [8.5404, 56.7053], [8.5293, 56.7052]], [[8.4296, 55.4283], [8.4226, 55.4253], [8.408, 55.4361], [8.4151, 55.4658], [8.3811, 55.4702], [8.3622, 55.4635], [8.3578, 55.4551], [8.3604, 55.4364], [8.3795, 55.4244], [8.4011, 55.3989], [8.411, 55.3787], [8.4337, 55.3492], [8.4561, 55.3362], [8.4645, 55.3365], [8.4782, 55.3501], [8.4692, 55.3573], [8.4721, 55.3617], [8.4689, 55.3777], [8.4482, 55.3914], [8.4487, 55.3958], [8.467, 55.4029], [8.4691, 55.4095], [8.4524, 55.4355], [8.4444, 55.4389], [8.4364, 55.4367], [8.4306, 55.4331], [8.4296, 55.4283]], [[8.4634, 55.9122], [8.4612, 55.912], [8.4657, 55.9105], [8.4634, 55.9122]], [[8.4403, 55.9088], [8.4343, 55.9102], [8.435, 55.909], [8.4403, 55.9088]], [[8.4067, 55.9176], [8.4103, 55.9144], [8.4091, 55.9098], [8.4192, 55.9114], [8.4214, 55.9087], [8.428, 55.9145], [8.4067, 55.9176]], [[8.402, 55.9226], [8.4003, 55.9209], [8.4088, 55.9182], [8.402, 55.9226]], [[8.403, 55.9149], [8.4044, 55.9154], [8.4042, 55.9159], [8.403, 55.9149]], [[8.4003, 55.9156], [8.4002, 55.9149], [8.4019, 55.9152], [8.4003, 55.9156]], [[8.3975, 55.4726], [8.3963, 55.4722], [8.3991, 55.4712], [8.4018, 55.4726], [8.3975, 55.4726]], [[8.3986, 55.9235], [8.3979, 55.9216], [8.4004, 55.9221], [8.3986, 55.9235]], [[8.3941, 55.9335], [8.3942, 55.9331], [8.3957, 55.9332], [8.3941, 55.9335]], [[8.3927, 55.9346], [8.3955, 55.9346], [8.3946, 55.9352], [8.3927, 55.9346]], [[8.3924, 55.936], [8.3935, 55.9363], [8.3932, 55.9369], [8.3924, 55.936]], [[8.3907, 55.9366], [8.3917, 55.937], [8.3912, 55.9374], [8.3907, 55.9366]], [[8.3182, 55.5134], [8.3076, 55.5225], [8.3023, 55.52], [8.3052, 55.5136], [8.3237, 55.5027], [8.3301, 55.506], [8.3292, 55.5097], [8.3182, 55.5134]], [[8.3266, 55.5841], [8.3267, 55.583], [8.3296, 55.5844], [8.3266, 55.5841]], [[8.2465, 56.1381], [8.2407, 56.1396], [8.2411, 56.1357], [8.244, 56.134], [8.2465, 56.1381]], [[8.2458, 56.7443], [8.2421, 56.7447], [8.2425, 56.7439], [8.2458, 56.7443]], [[8.2252, 56.1345], [8.2341, 56.1301], [8.2373, 56.1246], [8.2451, 56.1258], [8.2455, 56.1282], [8.2401, 56.1354], [8.2394, 56.1402], [8.2258, 56.1404], [8.2252, 56.1366], [8.2278, 56.1356], [8.2252, 56.1345]], [[8.2237, 56.7696], [8.2412, 56.7715], [8.2368, 56.7729], [8.2237, 56.7696]], [[8.1654, 56.144], [8.1601, 56.1497], [8.168, 56.1534], [8.1538, 56.1514], [8.1421, 56.1555], [8.1368, 56.1551], [8.1344, 56.1516], [8.1283, 56.1255], [8.1314, 56.1198], [8.1536, 56.1092], [8.2264, 56.0951], [8.2363, 56.0994], [8.236, 56.1049], [8.2411, 56.1102], [8.2341, 56.1171], [8.2378, 56.122], [8.2339, 56.1288], [8.2301, 56.1273], [8.2275, 56.1316], [8.2217, 56.1312], [8.213, 56.1375], [8.2153, 56.1384], [8.2033, 56.1359], [8.1965, 56.1417], [8.1922, 56.1411], [8.1981, 56.1432], [8.1956, 56.1439], [8.1654, 56.144]], [[8.2209, 56.1551], [8.2116, 56.1569], [8.1993, 56.1528], [8.2049, 56.1482], [8.2209, 56.1551]], [[8.2195, 56.6506], [8.2205, 56.6514], [8.2196, 56.6517], [8.2195, 56.6506]], [[8.2187, 56.654], [8.2194, 56.6544], [8.2181, 56.6554], [8.2187, 56.654]], [[8.2052, 56.182], [8.2071, 56.1828], [8.206, 56.1836], [8.2052, 56.182]], [[8.1934, 56.1666], [8.188, 56.1694], [8.1989, 56.1692], [8.2048, 56.1816], [8.1885, 56.1791], [8.1908, 56.1736], [8.1826, 56.1671], [8.1833, 56.1643], [8.1934, 56.1666]], [[8.1692, 56.3365], [8.1876, 56.3383], [8.1912, 56.3425], [8.1692, 56.3365]], [[8.1907, 56.6514], [8.1912, 56.6519], [8.1902, 56.6522], [8.1907, 56.6514]], [[8.189, 56.6525], [8.1879, 56.6525], [8.188, 56.652], [8.189, 56.6525]], [[8.1865, 56.6515], [8.1863, 56.6511], [8.1872, 56.6508], [8.1865, 56.6515]], [[8.173, 56.1593], [8.1852, 56.1556], [8.1831, 56.16], [8.1774, 56.1631], [8.173, 56.1593]], [[8.1827, 56.6798], [8.1819, 56.6795], [8.1819, 56.6792], [8.1827, 56.6798]], [[8.1805, 56.1627], [8.18, 56.1621], [8.1823, 56.162], [8.1805, 56.1627]], [[8.1542, 55.9697], [8.1415, 55.9721], [8.1339, 55.9698], [8.1397, 55.958], [8.1496, 55.9197], [8.1624, 55.9165], [8.1779, 55.9189], [8.1699, 55.9495], [8.1542, 55.9697]], [[8.1032, 56.0966], [8.1018, 56.087], [8.1006, 56.0387], [8.1107, 56.0132], [8.1272, 55.9865], [8.14, 55.983], [8.1474, 55.9845], [8.1375, 55.9972], [8.1346, 56.008], [8.1375, 56.0117], [8.13, 56.0348], [8.1316, 56.0447], [8.1295, 56.0459], [8.1324, 56.0506], [8.1299, 56.057], [8.1348, 56.0669], [8.1333, 56.0861], [8.1446, 56.0998], [8.1252, 56.104], [8.1092, 56.1017], [8.1032, 56.0966]], [[8.1318, 56.4293], [8.1311, 56.429], [8.1314, 56.4284], [8.1318, 56.4293]], [[8.1287, 56.397], [8.1273, 56.3968], [8.1273, 56.3964], [8.1287, 56.397]], [[8.1286, 56.3995], [8.1273, 56.3994], [8.1273, 56.3988], [8.1286, 56.3995]], [[8.128, 56.3984], [8.1275, 56.3977], [8.1285, 56.3975], [8.128, 56.3984]], [[8.1279, 56.418], [8.1266, 56.4177], [8.1267, 56.4174], [8.1279, 56.418]], [[8.1264, 56.4181], [8.127, 56.4187], [8.1259, 56.4188], [8.1264, 56.4181]], [[8.1266, 56.397], [8.127, 56.3976], [8.1258, 56.3978], [8.1266, 56.397]], [[8.1268, 56.3988], [8.1255, 56.3989], [8.1254, 56.3984], [8.1268, 56.3988]], [[8.1252, 56.419], [8.1259, 56.4196], [8.1246, 56.4198], [8.1252, 56.419]], [[8.1244, 56.4242], [8.1234, 56.424], [8.124, 56.4234], [8.1244, 56.4242]], [[8.1239, 56.4187], [8.124, 56.4191], [8.1227, 56.4193], [8.1239, 56.4187]], [[10.3599, 53.4286], [10.3721, 53.4273], [10.3722, 53.428], [10.3666, 53.4295], [10.3599, 53.4286]], [[9.977, 53.5343], [9.9576, 53.5405], [9.9448, 53.539], [9.9469, 53.5352], [9.9808, 53.5312], [9.977, 53.5343]], [[9.9856, 53.4781], [10.004, 53.4736], [10.0344, 53.4745], [10.0629, 53.4623], [10.0607, 53.4745], [10.0511, 53.4855], [10.0494, 53.4933], [10.0638, 53.5167], [10.0623, 53.5233], [10.0515, 53.5279], [10.0099, 53.5278], [9.9958, 53.5282], [9.994, 53.5274], [10.0146, 53.5167], [9.9968, 53.5238], [9.9891, 53.5308], [9.9765, 53.5296], [9.9762, 53.5214], [9.9698, 53.5061], [9.9772, 53.501], [9.9824, 53.4922], [9.9856, 53.4781]], [[10.0218, 53.5296], [9.9942, 53.5363], [9.9819, 53.5347], [9.976, 53.5349], [9.9815, 53.5318], [9.9882, 53.5313], [9.9941, 53.5286], [10.0218, 53.5296]], [[9.9555, 53.5415], [9.9762, 53.5352], [9.9871, 53.5367], [9.9661, 53.5432], [9.9555, 53.5415]], [[9.9929, 53.5464], [9.9944, 53.5454], [9.9955, 53.5459], [10.001, 53.5472], [9.9929, 53.5464]], [[9.9943, 53.5453], [9.9886, 53.5462], [9.9878, 53.5448], [9.9943, 53.5453]], [[9.9922, 53.5468], [9.9926, 53.5474], [9.987, 53.5495], [9.9839, 53.5454], [9.9886, 53.5467], [9.9922, 53.5468]], [[10.0009, 53.5442], [9.9953, 53.5426], [9.9825, 53.5415], [9.9927, 53.5385], [10.0174, 53.54], [10.0036, 53.5462], [10.0009, 53.5442]], [[10.0302, 53.5295], [10.0207, 53.5385], [10.002, 53.5366], [10.0302, 53.5295]], [[9.9825, 53.543], [9.9955, 53.543], [10.0018, 53.5459], [9.9825, 53.543]], [[9.9946, 53.5453], [10.0033, 53.5462], [10.0018, 53.5467], [9.9995, 53.5465], [9.9946, 53.5453]], [[9.9375, 53.5253], [9.9427, 53.5342], [9.9382, 53.5388], [9.9134, 53.5397], [9.9104, 53.5383], [9.932, 53.5332], [9.9272, 53.5314], [9.9375, 53.5253]], [[9.9242, 53.5172], [9.9365, 53.5169], [9.9353, 53.5253], [9.9032, 53.5394], [9.8921, 53.5392], [9.8905, 53.5349], [9.8915, 53.5313], [9.9242, 53.5172]], [[9.9672, 53.5025], [9.9747, 53.5278], [9.9709, 53.5305], [9.9471, 53.5334], [9.941, 53.5227], [9.9497, 53.5111], [9.9672, 53.5025]], [[9.8695, 53.5202], [9.8893, 53.519], [9.8874, 53.5295], [9.8836, 53.5308], [9.8749, 53.5384], [9.8598, 53.5374], [9.8099, 53.5407], [9.8408, 53.5182], [9.8695, 53.5202]], [[9.8891, 53.539], [9.8763, 53.5402], [9.8741, 53.5392], [9.8867, 53.5343], [9.8891, 53.539]], [[9.9522, 53.4903], [9.9387, 53.5026], [9.9368, 53.5099], [9.9033, 53.5115], [9.8995, 53.5123], [9.8927, 53.5185], [9.8783, 53.5188], [9.885, 53.5132], [9.8818, 53.5077], [9.8835, 53.5051], [9.9226, 53.5002], [9.9522, 53.4903]], [[9.8881, 53.5293], [9.8899, 53.5269], [9.8911, 53.5194], [9.8954, 53.5174], [9.9012, 53.5125], [9.9367, 53.5106], [9.9361, 53.5136], [9.9208, 53.5169], [9.8828, 53.5327], [9.8881, 53.5293]], [[9.9681, 53.5017], [9.9561, 53.5049], [9.9421, 53.5145], [9.9454, 53.5022], [9.9627, 53.4849], [9.983, 53.4768], [9.9811, 53.4892], [9.9742, 53.5011], [9.9701, 53.5027], [9.9681, 53.5017]], [[9.7935, 53.542], [9.7896, 53.5442], [9.7729, 53.5458], [9.7813, 53.5424], [9.7935, 53.542]], [[10.5787, 53.3565], [10.5846, 53.3587], [10.5721, 53.3591], [10.5787, 53.3565]], [[10.032, 54.6738], [10.0321, 54.6738], [10.0321, 54.6739], [10.032, 54.6738]], [[9.742, 54.5411], [9.7418, 54.5418], [9.7414, 54.5416], [9.742, 54.5411]], [[9.7993, 54.5685], [9.7977, 54.5681], [9.7979, 54.5677], [9.7993, 54.5685]], [[9.9955, 54.7071], [9.9928, 54.709], [9.9927, 54.7067], [9.9955, 54.7071]], [[10.0327, 54.6868], [10.0295, 54.6886], [10.0288, 54.6867], [10.0327, 54.6868]], [[10.0308, 54.6925], [10.0315, 54.6895], [10.0343, 54.6898], [10.0333, 54.6913], [10.0308, 54.6925]], [[10.0284, 54.6941], [10.0277, 54.6942], [10.0295, 54.6933], [10.0284, 54.6941]], [[10.0292, 54.6897], [10.0278, 54.6889], [10.0285, 54.6887], [10.0292, 54.6897]], [[10.0283, 54.6879], [10.0284, 54.6873], [10.0289, 54.688], [10.0283, 54.6879]], [[11.0776, 54.3748], [11.0802, 54.3731], [11.081, 54.3749], [11.0776, 54.3748]], [[11.0784, 54.3759], [11.0796, 54.3758], [11.0796, 54.3773], [11.0784, 54.3759]], [[10.9773, 54.3778], [10.9803, 54.3762], [10.9784, 54.3775], [10.9815, 54.3798], [10.9888, 54.3803], [10.9949, 54.3792], [11.0169, 54.3804], [11.0159, 54.3778], [11.0179, 54.3793], [11.0176, 54.3802], [11.0166, 54.3807], [10.9821, 54.3804], [10.9773, 54.3778]], [[10.2924, 54.4218], [10.2953, 54.4202], [10.2958, 54.4206], [10.2924, 54.4218]], [[11.1862, 54.4257], [11.1913, 54.4225], [11.1908, 54.4206], [11.2369, 54.413], [11.2139, 54.4139], [11.1949, 54.4098], [11.2409, 54.4124], [11.3125, 54.4026], [11.3117, 54.4089], [11.3015, 54.4195], [11.2965, 54.4318], [11.2787, 54.4462], [11.2756, 54.4563], [11.2677, 54.4636], [11.2495, 54.4729], [11.2428, 54.4852], [11.2418, 54.494], [11.2316, 54.5011], [11.1896, 54.5104], [11.1728, 54.5162], [11.1691, 54.5205], [11.1772, 54.5152], [11.1823, 54.5168], [11.1676, 54.5221], [11.0783, 54.5312], [11.0668, 54.5359], [11.0373, 54.5174], [11.0178, 54.4949], [11.0113, 54.483], [11.0052, 54.4476], [11.0101, 54.4411], [11.0252, 54.4359], [11.0307, 54.4349], [11.0326, 54.4369], [11.0206, 54.4386], [11.0194, 54.4476], [11.0303, 54.4427], [11.0433, 54.4543], [11.0507, 54.4456], [11.054, 54.4503], [11.0645, 54.4534], [11.0746, 54.449], [11.0742, 54.4459], [11.0784, 54.4497], [11.0961, 54.4452], [11.0961, 54.4392], [11.1025, 54.4324], [11.0954, 54.4229], [11.099, 54.4149], [11.095, 54.4103], [11.1198, 54.4039], [11.1785, 54.4026], [11.1821, 54.4055], [11.1618, 54.4113], [11.1736, 54.4203], [11.1889, 54.4229], [11.1862, 54.4257]], [[11.4695, 53.9717], [11.4691, 53.9704], [11.472, 53.971], [11.4695, 53.9717]], [[11.4705, 53.9684], [11.4657, 53.9652], [11.4662, 53.9635], [11.4705, 53.9684]], [[11.4759, 53.9707], [11.4717, 53.9635], [11.4794, 53.9655], [11.4759, 53.9707]], [[11.4774, 53.9639], [11.4751, 53.9634], [11.4777, 53.9614], [11.4774, 53.9639]], [[11.4922, 54.0259], [11.4967, 54.0316], [11.5026, 54.033], [11.4933, 54.0325], [11.4922, 54.0259]], [[11.4927, 53.9851], [11.4922, 53.9843], [11.4932, 53.9847], [11.4927, 53.9851]], [[11.4912, 53.986], [11.4924, 53.9856], [11.4927, 53.9859], [11.4912, 53.986]], [[11.4862, 53.9867], [11.4875, 53.9869], [11.4863, 53.9872], [11.4862, 53.9867]], [[11.4819, 53.9874], [11.4814, 53.9882], [11.4811, 53.9877], [11.4819, 53.9874]], [[11.4592, 53.9625], [11.4672, 53.9701], [11.4729, 53.98], [11.4802, 53.9818], [11.4783, 53.998], [11.4818, 54.0], [11.4822, 54.0042], [11.4844, 54.0057], [11.4833, 54.0087], [11.4858, 54.0069], [11.4825, 54.0015], [11.4877, 54.0034], [11.4887, 53.999], [11.4926, 54.0027], [11.4964, 54.0154], [11.4934, 54.0223], [11.4714, 54.0244], [11.447, 54.0214], [11.4029, 54.0083], [11.3773, 53.9952], [11.3755, 53.9853], [11.3777, 53.9758], [11.387, 53.9667], [11.3996, 53.9641], [11.4116, 53.967], [11.3863, 53.9681], [11.3934, 53.9748], [11.4005, 53.9687], [11.4098, 53.9688], [11.4278, 53.9607], [11.4317, 53.9619], [11.4278, 53.9621], [11.4267, 53.9671], [11.4298, 53.9698], [11.4277, 53.9758], [11.4304, 53.9843], [11.4273, 53.9859], [11.4456, 53.9993], [11.4464, 53.9755], [11.4414, 53.9651], [11.4479, 53.9581], [11.4562, 53.9578], [11.4534, 53.958], [11.4555, 53.9589], [11.4537, 53.9595], [11.4559, 53.9606], [11.4557, 53.961], [11.4543, 53.9612], [11.4554, 53.9618], [11.4561, 53.9621], [11.4563, 53.9625], [11.4564, 53.9625], [11.4565, 53.9625], [11.4566, 53.9625], [11.4566, 53.9626], [11.4569, 53.9618], [11.4586, 53.9622], [11.4587, 53.9623], [11.4588, 53.9623], [11.4592, 53.9625]], [[11.4262, 53.9394], [11.4232, 53.942], [11.4275, 53.9378], [11.4262, 53.9394]], [[11.2957, 53.9851], [11.2935, 53.9863], [11.2932, 53.9856], [11.2957, 53.9851]], [[11.5726, 54.0786], [11.5711, 54.0791], [11.5707, 54.0785], [11.5726, 54.0786]], [[11.5697, 54.0786], [11.5698, 54.0795], [11.5685, 54.0798], [11.5697, 54.0786]], [[11.5741, 54.0789], [11.5736, 54.0792], [11.5735, 54.0789], [11.5741, 54.0789]], [[11.5774, 54.0816], [11.5779, 54.0795], [11.5779, 54.0815], [11.5774, 54.0816]], [[12.5213, 54.3708], [12.5237, 54.3703], [12.5216, 54.3739], [12.5183, 54.3723], [12.5213, 54.3708]], [[12.5289, 54.3669], [12.5293, 54.3674], [12.5237, 54.3678], [12.5289, 54.3669]], [[12.5289, 54.3665], [12.5274, 54.3661], [12.5274, 54.3653], [12.5289, 54.3665]], [[12.5285, 54.3638], [12.5278, 54.3645], [12.5261, 54.363], [12.5285, 54.3638]], [[12.5264, 54.3588], [12.5274, 54.3582], [12.5281, 54.359], [12.5264, 54.3588]], [[12.529, 54.3576], [12.5293, 54.3563], [12.53, 54.357], [12.529, 54.3576]], [[12.5302, 54.3508], [12.5297, 54.3559], [12.5275, 54.3545], [12.5302, 54.3508]], [[12.5292, 54.3506], [12.5285, 54.3466], [12.5296, 54.3505], [12.5266, 54.3535], [12.5292, 54.3506]], [[12.5895, 54.3752], [12.5907, 54.375], [12.5905, 54.3752], [12.5895, 54.3752]], [[12.5869, 54.3745], [12.5872, 54.3794], [12.5837, 54.3774], [12.5826, 54.3755], [12.5869, 54.3745]], [[12.5966, 54.372], [12.5963, 54.3717], [12.5968, 54.3714], [12.5966, 54.372]], [[12.5749, 54.4498], [12.5712, 54.4496], [12.5719, 54.4494], [12.5749, 54.4498]], [[12.7297, 54.4045], [12.7387, 54.4111], [12.7246, 54.4125], [12.718, 54.4047], [12.7297, 54.4045]], [[12.6933, 54.4293], [12.6954, 54.4308], [12.6915, 54.4306], [12.6865, 54.4272], [12.6933, 54.4293]], [[12.6784, 54.4229], [12.6751, 54.4183], [12.682, 54.4148], [12.6933, 54.4185], [12.7203, 54.4151], [12.7312, 54.4166], [12.7301, 54.4219], [12.7239, 54.4252], [12.7113, 54.4254], [12.6981, 54.4305], [12.6908, 54.4243], [12.6784, 54.4229]], [[12.6707, 54.4162], [12.6701, 54.4211], [12.6684, 54.4189], [12.6707, 54.4162]], [[12.5187, 54.4818], [12.5287, 54.4748], [12.5325, 54.4851], [12.5294, 54.4871], [12.5187, 54.4818]], [[12.949, 54.4426], [12.9332, 54.4419], [12.9243, 54.4354], [12.9297, 54.4324], [12.9405, 54.4397], [12.9496, 54.4408], [12.9602, 54.4375], [12.9614, 54.4395], [12.949, 54.4426]], [[12.9709, 54.4378], [12.97, 54.44], [12.9678, 54.4375], [12.9709, 54.4378]], [[12.9766, 54.4375], [12.9759, 54.4398], [12.9722, 54.4389], [12.9766, 54.4375]], [[12.984, 54.4401], [12.9824, 54.4421], [12.9786, 54.4414], [12.9799, 54.4384], [12.984, 54.4401]], [[13.775, 54.0471], [13.7759, 54.0449], [13.7801, 54.0458], [13.7783, 54.0474], [13.775, 54.0471]], [[13.7807, 54.0543], [13.7848, 54.0529], [13.7853, 54.0536], [13.7821, 54.0575], [13.7807, 54.0543]], [[13.7883, 54.0635], [13.7881, 54.0654], [13.7873, 54.0648], [13.7883, 54.0635]], [[13.803, 54.0825], [13.8054, 54.08], [13.8056, 54.0844], [13.803, 54.0825]], [[13.807, 54.0789], [13.8056, 54.0788], [13.8055, 54.0785], [13.807, 54.0789]], [[13.7962, 54.1066], [13.8, 54.1059], [13.7963, 54.1077], [13.7962, 54.1066]], [[13.803, 54.1058], [13.8052, 54.0968], [13.8076, 54.0977], [13.803, 54.1058]], [[13.7888, 54.1128], [13.797, 54.1099], [13.8005, 54.1105], [13.7888, 54.1128]], [[13.7688, 54.1198], [13.7741, 54.1116], [13.7903, 54.1086], [13.7729, 54.1177], [13.7697, 54.1249], [13.7638, 54.1271], [13.7613, 54.1254], [13.7662, 54.1254], [13.7635, 54.1209], [13.7688, 54.1198]], [[13.7491, 54.1361], [13.7513, 54.1375], [13.7486, 54.1377], [13.7491, 54.1361]], [[13.4554, 54.0963], [13.4472, 54.0931], [13.4376, 54.0955], [13.4426, 54.0931], [13.4589, 54.0905], [13.4554, 54.0963]], [[13.4135, 54.1629], [13.4118, 54.1597], [13.4223, 54.1672], [13.4204, 54.1721], [13.4135, 54.1763], [13.3948, 54.1812], [13.4001, 54.1787], [13.4001, 54.1716], [13.4092, 54.169], [13.4135, 54.1629]], [[13.411, 54.1565], [13.4081, 54.1538], [13.4095, 54.1538], [13.411, 54.1565]], [[13.3898, 54.265], [13.3894, 54.2647], [13.391, 54.2643], [13.3898, 54.265]], [[13.3954, 54.2666], [13.3951, 54.2659], [13.3959, 54.2656], [13.3954, 54.2666]], [[13.3581, 54.2533], [13.3608, 54.2506], [13.3613, 54.2516], [13.3581, 54.2533]], [[13.544, 54.3235], [13.5456, 54.3275], [13.5411, 54.3321], [13.5308, 54.3265], [13.5244, 54.3165], [13.5186, 54.3146], [13.5241, 54.3099], [13.5241, 54.3148], [13.5281, 54.3185], [13.544, 54.3235]], [[13.6864, 54.3571], [13.6896, 54.358], [13.6866, 54.3598], [13.6864, 54.3571]], [[13.1214, 54.3028], [13.129, 54.3089], [13.1187, 54.311], [13.115, 54.3084], [13.1214, 54.3028]], [[13.3543, 54.1819], [13.3569, 54.184], [13.3712, 54.1816], [13.3648, 54.1851], [13.3581, 54.1849], [13.3534, 54.1835], [13.3543, 54.1819]], [[13.3549, 54.1804], [13.3557, 54.1806], [13.3555, 54.181], [13.3549, 54.1804]], [[13.3543, 54.1795], [13.3542, 54.1793], [13.3548, 54.1793], [13.3543, 54.1795]], [[13.3505, 54.176], [13.3512, 54.176], [13.3497, 54.1776], [13.3505, 54.176]], [[13.3462, 54.1693], [13.3475, 54.169], [13.3473, 54.1694], [13.3462, 54.1693]], [[13.2163, 54.3974], [13.2203, 54.4006], [13.212, 54.4021], [13.2073, 54.3977], [13.2163, 54.3974]], [[13.1196, 54.4263], [13.1241, 54.4268], [13.1153, 54.4323], [13.1196, 54.4263]], [[13.2987, 54.5399], [13.3012, 54.538], [13.301, 54.5407], [13.2987, 54.5399]], [[13.4794, 54.4375], [13.4809, 54.4364], [13.4816, 54.4382], [13.4794, 54.4375]], [[13.5137, 54.4433], [13.4982, 54.4448], [13.485, 54.4388], [13.4856, 54.4351], [13.5036, 54.435], [13.5137, 54.4433]], [[13.1642, 54.5584], [13.1626, 54.5602], [13.1735, 54.5645], [13.1616, 54.5609], [13.1642, 54.5584]], [[13.1734, 54.5608], [13.1729, 54.5625], [13.1713, 54.5618], [13.1734, 54.5608]], [[13.4981, 54.5488], [13.4958, 54.5513], [13.4949, 54.5504], [13.4981, 54.5488]], [[13.4912, 54.5514], [13.4888, 54.5522], [13.4883, 54.5518], [13.4912, 54.5514]], [[13.4954, 54.552], [13.494, 54.5524], [13.4938, 54.5522], [13.4954, 54.552]], [[13.4977, 54.5529], [13.4959, 54.5532], [13.4954, 54.553], [13.4977, 54.5529]], [[13.1251, 54.544], [13.1236, 54.5494], [13.1171, 54.5464], [13.1194, 54.5388], [13.1189, 54.544], [13.1251, 54.544]], [[13.1558, 54.5067], [13.1649, 54.5022], [13.1635, 54.5038], [13.1698, 54.5063], [13.1665, 54.5115], [13.1593, 54.5129], [13.1558, 54.5067]], [[13.2209, 54.4707], [13.2252, 54.4705], [13.2247, 54.4819], [13.2179, 54.4831], [13.2276, 54.4842], [13.2228, 54.4869], [13.2001, 54.4853], [13.1958, 54.4866], [13.1941, 54.4909], [13.1975, 54.4899], [13.1963, 54.4916], [13.1846, 54.4938], [13.1632, 54.4898], [13.1435, 54.4763], [13.1315, 54.459], [13.1233, 54.4525], [13.1206, 54.4446], [13.132, 54.4429], [13.1474, 54.4499], [13.1633, 54.4499], [13.1661, 54.4559], [13.187, 54.4595], [13.1849, 54.4659], [13.1929, 54.4644], [13.2063, 54.4694], [13.2122, 54.467], [13.213, 54.4674], [13.2149, 54.4674], [13.2209, 54.4707]], [[13.2128, 54.467], [13.2142, 54.4641], [13.2217, 54.4642], [13.2271, 54.4697], [13.2128, 54.467]], [[13.2074, 54.4658], [13.2033, 54.4657], [13.2074, 54.4654], [13.2074, 54.4658]], [[13.2006, 54.4571], [13.2017, 54.4609], [13.2096, 54.4636], [13.199, 54.4616], [13.2006, 54.4571]], [[13.2088, 54.4643], [13.2125, 54.4644], [13.2124, 54.4649], [13.2088, 54.4643]], [[14.6356, 53.473], [14.6343, 53.4741], [14.6357, 53.4769], [14.6496, 53.4787], [14.6336, 53.4778], [14.6372, 53.4952], [14.6412, 53.5004], [14.6361, 53.506], [14.6361, 53.5115], [14.629545731201894, 53.51676066311427], [14.6285, 53.501], [14.6163, 53.4869], [14.6162, 53.4796], [14.6085, 53.4753], [14.595, 53.4572], [14.6193, 53.4669], [14.6299, 53.4682], [14.6356, 53.473]], [[14.6182, 53.4535], [14.6199, 53.4589], [14.6237, 53.4557], [14.6379, 53.4564], [14.6332, 53.4497], [14.6386, 53.4501], [14.6519, 53.4642], [14.6459, 53.4725], [14.6353, 53.4714], [14.6314, 53.4679], [14.6171, 53.4624], [14.6169, 53.4559], [14.616442268041236, 53.454698453608245], [14.6182, 53.4535]], [[14.5844, 53.4296], [14.5927, 53.4236], [14.6011, 53.4226], [14.6104, 53.4268], [14.6163, 53.4336], [14.609, 53.4279], [14.6085, 53.4355], [14.5971, 53.4455], [14.6017, 53.4542], [14.6138, 53.4565], [14.616146804511278, 53.45489990601504], [14.6165, 53.4632], [14.5934, 53.4555], [14.5831, 53.4376], [14.5677, 53.4275], [14.5783, 53.43], [14.5844, 53.4296]], [[14.63683492276696, 53.43075513767629], [14.6312, 53.4312], [14.62850708024275, 53.42892784895482], [14.629, 53.428], [14.63683492276696, 53.43075513767629]], [[14.6311, 53.4201], [14.6388, 53.4306], [14.637560326456587, 53.430697868963954], [14.6266, 53.4205], [14.6267, 53.4147], [14.6275, 53.4183], [14.6326, 53.4195], [14.635292526690394, 53.41965533807829], [14.6311, 53.4201]], [[14.6161, 53.4006], [14.618, 53.4013], [14.627747695979439, 53.39946627501377], [14.6267, 53.4048], [14.6326, 53.4074], [14.6349, 53.4104], [14.6328, 53.4113], [14.6394, 53.4116], [14.6304, 53.4144], [14.6309, 53.418], [14.6377, 53.4194], [14.63648499249625, 53.419528864432216], [14.6281, 53.4178], [14.6265, 53.4132], [14.6327, 53.4109], [14.6262, 53.4121], [14.6157, 53.4028], [14.6161, 53.4006]], [[14.5321, 53.3811], [14.5257, 53.3805], [14.5115, 53.3584], [14.5303, 53.3713], [14.5321, 53.3811]], [[14.6192, 53.4285], [14.6191, 53.4286], [14.6184, 53.4285], [14.6005, 53.4217], [14.5921, 53.4228], [14.5834, 53.4289], [14.5759, 53.429], [14.558, 53.4202], [14.5811, 53.4137], [14.6172, 53.412], [14.6226, 53.4143], [14.6282, 53.4269], [14.6196, 53.4224], [14.6157, 53.425], [14.6192, 53.4285]], [[14.4829, 53.329], [14.4679, 53.3127], [14.47, 53.307], [14.4647, 53.3041], [14.4461, 53.2749], [14.4474, 53.2695], [14.4544, 53.2719], [14.4503, 53.2594], [14.4401, 53.2516], [14.4426, 53.2503], [14.447, 53.2529], [14.4649, 53.252], [14.4739, 53.2481], [14.4774, 53.2499], [14.4808, 53.2671], [14.5042, 53.3037], [14.5071, 53.3128], [14.5393, 53.3439], [14.5494, 53.3496], [14.5503, 53.3567], [14.5767, 53.3626], [14.6068, 53.3828], [14.6066, 53.3873], [14.6122, 53.3892], [14.6095, 53.3937], [14.6127, 53.404], [14.6241, 53.4128], [14.6211, 53.4113], [14.5822, 53.4125], [14.5633, 53.417], [14.5557, 53.4125], [14.5492, 53.4132], [14.5506, 53.4006], [14.5459, 53.3913], [14.5359, 53.381], [14.5324, 53.3713], [14.5123, 53.3573], [14.5, 53.3459], [14.4979, 53.3367], [14.4829, 53.329]], [[14.5456, 53.3941], [14.5437, 53.3923], [14.5435, 53.3914], [14.5456, 53.3941]], [[14.55, 53.4138], [14.5549, 53.4132], [14.5609, 53.4177], [14.5574, 53.4198], [14.55, 53.4138]], [[14.5492, 53.4163], [14.5512, 53.4173], [14.5515, 53.4178], [14.5492, 53.4163]], [[14.5538, 53.4183], [14.5549, 53.4185], [14.5549, 53.4188], [14.5538, 53.4183]], [[14.612, 53.4269], [14.6158, 53.4281], [14.6163, 53.4291], [14.6138, 53.4296], [14.612, 53.4269]], [[14.6174, 53.432], [14.6148, 53.4301], [14.6188, 53.4294], [14.6174, 53.432]], [[14.6157, 53.4636], [14.6177, 53.463], [14.6251, 53.4663], [14.6212, 53.4663], [14.6157, 53.4636]], [[14.6362, 53.4765], [14.6361, 53.4724], [14.6436, 53.4727], [14.6389, 53.4734], [14.6362, 53.4765]], [[14.642, 53.4726], [14.6363, 53.4718], [14.6431, 53.4723], [14.642, 53.4726]], [[14.402, 53.2069], [14.404, 53.1974], [14.4153, 53.2017], [14.4134, 53.2058], [14.402, 53.2069]], [[14.4214, 53.2172], [14.4177, 53.2108], [14.4124, 53.2083], [14.423, 53.2063], [14.4197, 53.2096], [14.4227, 53.2118], [14.4202, 53.2134], [14.4214, 53.2172]], [[14.4115, 53.2081], [14.4154, 53.2105], [14.4112, 53.2133], [14.4047, 53.2079], [14.4126, 53.2063], [14.4115, 53.2081]], [[14.4252, 53.2207], [14.4228, 53.2126], [14.4316, 53.224], [14.4252, 53.2207]], [[14.4377, 53.2365], [14.4395, 53.2346], [14.435, 53.2293], [14.4334, 53.2284], [14.4323, 53.2287], [14.4285, 53.2315], [14.4293, 53.2293], [14.4266, 53.2264], [14.4236, 53.2245], [14.4174, 53.2255], [14.4122, 53.2175], [14.4106, 53.2168], [14.4088, 53.2133], [14.4133, 53.2141], [14.4165, 53.2111], [14.4169, 53.2155], [14.4281, 53.224], [14.4439, 53.2319], [14.4548, 53.2337], [14.4582, 53.2378], [14.4562, 53.2385], [14.4539, 53.2407], [14.447, 53.2373], [14.4377, 53.2365]], [[14.4793, 53.2508], [14.4755, 53.2449], [14.4729, 53.2423], [14.4728, 53.2398], [14.4717, 53.2388], [14.4795, 53.2408], [14.4793, 53.2508]], [[14.4758, 53.2462], [14.4686, 53.2441], [14.4629, 53.2477], [14.4646, 53.2446], [14.462, 53.243], [14.4643, 53.2408], [14.4623, 53.241], [14.4596, 53.2426], [14.4589, 53.2391], [14.4701, 53.2387], [14.4758, 53.2462]], [[14.4581, 53.2387], [14.4592, 53.2427], [14.4601, 53.2426], [14.4614, 53.2421], [14.4625, 53.2413], [14.4639, 53.2411], [14.4598, 53.2439], [14.4427, 53.2399], [14.4385, 53.2417], [14.4431, 53.2406], [14.4521, 53.2442], [14.463, 53.2438], [14.4625, 53.2481], [14.4702, 53.2446], [14.4768, 53.2488], [14.4737, 53.2476], [14.4653, 53.2514], [14.4469, 53.2523], [14.4425, 53.2497], [14.4396, 53.2514], [14.4341, 53.2412], [14.411, 53.224], [14.4084, 53.2167], [14.4174, 53.2264], [14.4244, 53.2253], [14.4278, 53.2317], [14.4295, 53.2319], [14.4338, 53.229], [14.4386, 53.2347], [14.4366, 53.2367], [14.454, 53.241], [14.4581, 53.2387]], [[14.5353, 53.3372], [14.5321, 53.3347], [14.5303, 53.3302], [14.5355, 53.3329], [14.5353, 53.3372]], [[14.5546, 53.3545], [14.5581, 53.3576], [14.5507, 53.3547], [14.5505, 53.3486], [14.5387, 53.3393], [14.5447, 53.3423], [14.5537, 53.3444], [14.5567, 53.3486], [14.5546, 53.3545]], [[14.6137, 53.3879], [14.6079, 53.386], [14.6125, 53.3835], [14.6181, 53.3885], [14.6126, 53.3935], [14.6124, 53.3961], [14.6109, 53.3935], [14.6137, 53.3879]], [[14.6489, 53.517], [14.6477, 53.5211], [14.636, 53.5222], [14.6405, 53.5111], [14.6443, 53.509], [14.6439, 53.5132], [14.6489, 53.517]], [[14.6289, 53.5327], [14.6238, 53.5406], [14.6176, 53.5431], [14.62, 53.5376], [14.6282, 53.5326], [14.6289, 53.5327]], [[14.6114, 53.559], [14.6045, 53.5652], [14.6013, 53.5648], [14.6019, 53.5595], [14.6082, 53.5562], [14.6114, 53.559]], [[14.5913, 53.5772], [14.5941, 53.5831], [14.5874, 53.595], [14.5861, 53.5823], [14.5957, 53.56], [14.5913, 53.5772]], [[14.5668, 53.5862], [14.5776, 53.5716], [14.58, 53.5609], [14.5887, 53.5555], [14.5951, 53.5561], [14.5817, 53.5815], [14.5837, 53.5951], [14.5815, 53.5994], [14.5747, 53.6029], [14.5696, 53.5948], [14.5649, 53.5937], [14.5668, 53.5862]], [[14.5926, 53.6341], [14.597, 53.6353], [14.5968, 53.6371], [14.593, 53.6371], [14.5926, 53.6341]], [[14.253, 53.7019], [14.2689, 53.7055], [14.2695, 53.7065], [14.2635, 53.7104], [14.2494, 53.7075], [14.2487, 53.7041], [14.253, 53.7019]], [[14.2744, 53.7385], [14.2808, 53.7375], [14.2834, 53.7383], [14.28, 53.7405], [14.2744, 53.7385]], [[13.9262, 54.0161], [13.9244, 54.0225], [13.9341, 54.0267], [13.931, 54.0311], [13.9163, 54.0237], [13.918, 54.019], [13.9262, 54.0161]], [[13.8195, 53.8454], [13.8201, 53.8471], [13.8181, 53.8464], [13.8195, 53.8454]], [[13.9609, 53.9421], [13.9588, 53.9436], [13.9579, 53.9415], [13.9585, 53.941], [13.9609, 53.9421]], [[14.0314, 53.9443], [14.0332, 53.9461], [14.0319, 53.9462], [14.0314, 53.9443]], [[14.2488, 53.8979], [14.25, 53.9062], [14.2469, 53.8986], [14.2518, 53.8937], [14.2579, 53.8928], [14.2488, 53.8979]], [[14.2516, 53.9002], [14.2566, 53.906], [14.2502, 53.9014], [14.252, 53.8971], [14.2516, 53.9002]], [[14.2605, 53.9059], [14.2544, 53.903], [14.2546, 53.8961], [14.2548, 53.9008], [14.2601, 53.9048], [14.2605, 53.9059]], [[14.2594, 53.903], [14.2562, 53.9017], [14.256, 53.8977], [14.2576, 53.9017], [14.2594, 53.903]], [[14.2717, 53.881], [14.2644, 53.8742], [14.2689, 53.865], [14.2831, 53.8547], [14.2952, 53.853], [14.2957, 53.8556], [14.2825, 53.8583], [14.2766, 53.8845], [14.2604, 53.8926], [14.2559, 53.8909], [14.2715, 53.8827], [14.2717, 53.881]], [[14.2696, 53.8803], [14.2667, 53.885], [14.2639, 53.8855], [14.2696, 53.8803]], [[14.2985, 53.8538], [14.3174, 53.8651], [14.3201, 53.8677], [14.3163, 53.8674], [14.3043, 53.8581], [14.2978, 53.8564], [14.2985, 53.8538]], [[14.2973, 53.8586], [14.3057, 53.8601], [14.3074, 53.864], [14.2973, 53.8586]], [[14.317, 53.8621], [14.3201, 53.8646], [14.3125, 53.8611], [14.317, 53.8621]], [[14.3207, 53.8678], [14.3201, 53.8693], [14.3197, 53.8687], [14.3207, 53.8678]], [[14.3451, 53.8668], [14.3472, 53.8673], [14.3442, 53.868], [14.3451, 53.8668]], [[14.3853, 53.8532], [14.3863, 53.8512], [14.389, 53.851], [14.3879, 53.853], [14.3853, 53.8532]], [[14.6183, 53.8389], [14.6235, 53.8434], [14.6229, 53.8456], [14.6192, 53.843], [14.6183, 53.8389]], [[14.7177, 53.9408], [14.7222, 53.9401], [14.7231, 53.9407], [14.7197, 53.9428], [14.7177, 53.9408]], [[14.7526, 53.9195], [14.7477, 53.9162], [14.7452, 53.9109], [14.7472, 53.9097], [14.7533, 53.9168], [14.7526, 53.9195]], [[14.7477, 53.9077], [14.7473, 53.9079], [14.7473, 53.9074], [14.7477, 53.9077]], [[14.7472, 53.9051], [14.7462, 53.9058], [14.7461, 53.9046], [14.7472, 53.9051]], [[14.7046, 53.9484], [14.7111, 53.9467], [14.7471, 53.9561], [14.7508, 53.9522], [14.7573, 53.9536], [14.7591, 53.9616], [14.7538, 53.965], [14.7571, 53.9715], [14.7418, 53.9782], [14.71, 53.9784], [14.7187, 53.9702], [14.7093, 53.9649], [14.7033, 53.9549], [14.7046, 53.9484]], [[14.3437, 53.8677], [14.3406, 53.8677], [14.3443, 53.8651], [14.3437, 53.8677]], [[14.3235, 53.8739], [14.336, 53.8751], [14.335, 53.8777], [14.3374, 53.8791], [14.3282, 53.8807], [14.3234, 53.8766], [14.3235, 53.8739]], [[14.3355, 53.8739], [14.3453, 53.8751], [14.3495, 53.8764], [14.3523, 53.8804], [14.3362, 53.8805], [14.3379, 53.8786], [14.3355, 53.8739]], [[14.3658, 53.8826], [14.3725, 53.8801], [14.3663, 53.8877], [14.3574, 53.8843], [14.3432, 53.8819], [14.3565, 53.88], [14.3593, 53.8825], [14.3627, 53.8831], [14.3658, 53.8826]], [[14.3572, 53.8847], [14.3527, 53.8849], [14.3523, 53.8847], [14.3572, 53.8847]], [[14.3901, 53.8627], [14.387, 53.864], [14.3795, 53.8572], [14.3876, 53.8585], [14.3901, 53.8627]], [[14.3673, 53.8571], [14.3728, 53.8631], [14.3685, 53.8631], [14.3673, 53.8571]], [[14.3772, 53.861], [14.3735, 53.8621], [14.372, 53.8565], [14.3754, 53.8568], [14.3772, 53.861]], [[14.3864, 53.8661], [14.3805, 53.8672], [14.3717, 53.8646], [14.3783, 53.8605], [14.3864, 53.8661]], [[14.3876, 53.8679], [14.3804, 53.8745], [14.3773, 53.8721], [14.3779, 53.8674], [14.3876, 53.8679]], [[14.3656, 53.8575], [14.368, 53.8631], [14.3765, 53.8669], [14.3764, 53.8709], [14.3782, 53.8747], [14.3654, 53.8714], [14.3627, 53.8754], [14.3703, 53.8798], [14.3591, 53.8819], [14.3571, 53.8797], [14.345, 53.8741], [14.3656, 53.8575]], [[14.4067, 53.8601], [14.4169, 53.8555], [14.414, 53.8639], [14.3935, 53.8589], [14.4067, 53.8601]], [[14.417, 53.847], [14.4165, 53.852], [14.4099, 53.8531], [14.417, 53.8543], [14.4062, 53.8595], [14.3881, 53.8559], [14.3914, 53.8491], [14.3823, 53.8369], [14.4136, 53.8443], [14.417, 53.847]], [[13.9135, 54.2419], [13.9269, 54.2488], [13.9178, 54.2512], [13.909, 54.2415], [13.9135, 54.2419]], [[13.8087, 54.1711], [13.8104, 54.1701], [13.8111, 54.1708], [13.8097, 54.173], [13.8087, 54.1711]], [[13.7703, 54.2013], [13.7746, 54.2073], [13.7704, 54.2092], [13.7694, 54.1896], [13.7703, 54.2013]], [[11.6515, 53.0325], [11.6507, 53.0373], [11.6424, 53.0398], [11.6455, 53.0366], [11.6438, 53.0313], [11.6515, 53.0325]], [[11.6264, 53.0257], [11.6254, 53.024], [11.631, 53.0275], [11.6264, 53.0257]], [[11.6052, 53.0395], [11.6035, 53.0382], [11.6122, 53.0404], [11.6052, 53.0395]], [[11.4782, 53.0677], [11.4722, 53.0711], [11.4722, 53.07], [11.4782, 53.0677]], [[11.4601, 53.0799], [11.4522, 53.0791], [11.4683, 53.0745], [11.4601, 53.0799]], [[11.4246, 53.0754], [11.4335, 53.078], [11.4241, 53.0781], [11.4192, 53.0757], [11.4246, 53.0754]], [[11.3994, 53.0733], [11.3977, 53.0718], [11.3985, 53.0712], [11.4025, 53.0716], [11.3994, 53.0733]], [[11.3886, 53.0726], [11.3852, 53.067], [11.3921, 53.0711], [11.3926, 53.0733], [11.3886, 53.0726]], [[11.3494, 53.053], [11.3388, 53.0536], [11.3427, 53.0518], [11.3494, 53.053]], [[11.3044, 53.0797], [11.3034, 53.0797], [11.3125, 53.0769], [11.3044, 53.0797]], [[11.27, 53.1035], [11.2755, 53.0975], [11.2759, 53.1038], [11.2711, 53.112], [11.27, 53.1035]], [[11.251, 53.1308], [11.244, 53.1312], [11.2519, 53.1267], [11.2555, 53.1269], [11.251, 53.1308]], [[11.2379, 53.1375], [11.2367, 53.137], [11.248, 53.1331], [11.2379, 53.1375]], [[11.2213, 53.1455], [11.2215, 53.1459], [11.2185, 53.1471], [11.2129, 53.1459], [11.2213, 53.1455]], [[11.0691, 53.1531], [11.0661, 53.1556], [11.0521, 53.1581], [11.0678, 53.1476], [11.0691, 53.1531]], [[11.0494, 53.1494], [11.0505, 53.1493], [11.0499, 53.151], [11.0494, 53.1494]], [[11.0472, 53.1503], [11.0495, 53.1515], [11.0468, 53.1534], [11.0472, 53.1503]], [[11.0415, 53.1576], [11.0392, 53.1576], [11.0405, 53.1566], [11.0437, 53.1556], [11.0415, 53.1576]], [[11.0377, 53.16], [11.0373, 53.1598], [11.0388, 53.1591], [11.0377, 53.16]], [[10.992, 53.1819], [11.0068, 53.1821], [11.0041, 53.1837], [10.9884, 53.1877], [10.992, 53.1819]], [[10.963, 53.2024], [10.9706, 53.2004], [10.9653, 53.2074], [10.9551, 53.2088], [10.963, 53.2024]], [[10.939, 53.2139], [10.9416, 53.2133], [10.9391, 53.2163], [10.939, 53.2139]], [[10.9358, 53.2139], [10.9377, 53.2138], [10.9354, 53.2181], [10.9298, 53.2189], [10.9358, 53.2139]], [[10.8049, 53.2696], [10.8091, 53.2671], [10.8101, 53.2748], [10.807, 53.2746], [10.8049, 53.2696]], [[10.7033, 53.3633], [10.7075, 53.3622], [10.7077, 53.3632], [10.7027, 53.3656], [10.7033, 53.3633]], [[10.6743, 53.3647], [10.6711, 53.3637], [10.6779, 53.3647], [10.6743, 53.3647]], [[10.6554, 53.3664], [10.6648, 53.3638], [10.673, 53.3654], [10.6554, 53.3664]], [[10.6527, 53.3653], [10.655, 53.3653], [10.653, 53.3666], [10.6503, 53.3677], [10.6527, 53.3653]], [[12.8345, 55.4059], [12.8355, 55.4143], [12.8459, 55.4273], [12.8388, 55.4234], [12.8313, 55.4038], [12.8345, 55.4059]], [[12.7181, 55.8922], [12.7257, 55.9096], [12.701, 55.9196], [12.6867, 55.9217], [12.6662, 55.9197], [12.6692, 55.9128], [12.6925, 55.8994], [12.6992, 55.891], [12.7181, 55.8922]]]}, {"type": "Polygon", "coordinates": [[[4.275, 51.498], [4.275, 51.4979], [4.2749, 51.4979], [4.275, 51.498]]]}, {"type": "Polygon", "coordinates": [[[4.275, 51.4982], [4.273, 51.4987], [4.2731, 51.4988], [4.275, 51.4982]]]}, {"type": "Polygon", "coordinates": [[[3.9347, 51.6506], [3.9341, 51.6507], [3.9348, 51.6514], [3.9347, 51.6506]]]}, {"type": "Polygon", "coordinates": [[[4.6559, 51.8119], [4.6557, 51.8117], [4.6555, 51.8118], [4.6559, 51.8119]]]}, {"type": "Polygon", "coordinates": [[[4.3054, 51.935], [4.3051, 51.936], [4.3087, 51.9364], [4.3054, 51.935]]]}, {"type": "Polygon", "coordinates": [[[4.3253, 51.9551], [4.3291, 51.9556], [4.3301, 51.954], [4.3268, 51.9515], [4.3253, 51.9551]]]}, {"type": "Polygon", "coordinates": [[[4.4367, 51.9807], [4.4318, 51.9806], [4.4278, 51.9798], [4.4373, 51.9848], [4.4367, 51.9807]]]}, {"type": "Polygon", "coordinates": [[[4.4498, 52.0014], [4.4499, 52.0047], [4.456, 52.0037], [4.4542, 51.9984], [4.4498, 52.0014]]]}, {"type": "Polygon", "coordinates": [[[4.493, 52.0757], [4.4664, 52.0711], [4.458, 52.0755], [4.4577, 52.0847], [4.4767, 52.0907], [4.5017, 52.0861], [4.493, 52.0757]]]}, {"type": "Polygon", "coordinates": [[[4.6297, 52.1934], [4.6435, 52.1957], [4.6443, 52.2035], [4.6495, 52.2076], [4.6624, 52.2063], [4.6693, 52.2005], [4.6635, 52.1882], [4.6582, 52.1849], [4.65, 52.1838], [4.6431, 52.1874], [4.6325, 52.1842], [4.6297, 52.1934]]]}, {"type": "Polygon", "coordinates": [[[5.0623, 52.2399], [5.0513, 52.2515], [5.0655, 52.2597], [5.0901, 52.2584], [5.0984, 52.249], [5.0883, 52.2396], [5.0697, 52.2367], [5.0623, 52.2399]]]}, {"type": "Polygon", "coordinates": [[[5.1162, 52.3029], [5.1276, 52.2974], [5.1301, 52.289], [5.1253, 52.2866], [5.1178, 52.2887], [5.1195, 52.2961], [5.1062, 52.3094], [5.1127, 52.3098], [5.1162, 52.3029]]]}, {"type": "Polygon", "coordinates": [[[4.8886, 52.3011], [4.8878, 52.3045], [4.8936, 52.3048], [4.8925, 52.3004], [4.8886, 52.3011]]]}, {"type": "Polygon", "coordinates": [[[5.1056, 52.301], [5.0997, 52.303], [5.0999, 52.3072], [5.1056, 52.301]]]}, {"type": "Polygon", "coordinates": [[[4.9877, 52.3273], [4.9959, 52.3168], [4.9938, 52.3133], [4.9616, 52.3043], [4.9486, 52.3118], [4.9511, 52.32], [4.9784, 52.3303], [4.9877, 52.3273]]]}, {"type": "Polygon", "coordinates": [[[4.9629, 52.357], [4.9652, 52.3525], [4.9609, 52.3467], [4.9461, 52.3366], [4.913, 52.3434], [4.9138, 52.3479], [4.928, 52.3554], [4.9587, 52.3576], [4.9519, 52.3611], [4.9549, 52.3649], [4.9714, 52.3576], [4.9629, 52.357]]]}, {"type": "Polygon", "coordinates": [[[4.7532, 52.3617], [4.7635, 52.3684], [4.7777, 52.3659], [4.7735, 52.3556], [4.7586, 52.354], [4.7532, 52.3617]]]}, {"type": "Polygon", "coordinates": [[[4.7185, 52.3631], [4.7069, 52.3583], [4.6866, 52.3625], [4.6879, 52.3679], [4.6836, 52.3695], [4.7285, 52.3745], [4.7185, 52.3631]]]}, {"type": "Polygon", "coordinates": [[[5.0003, 52.3847], [4.9828, 52.3813], [4.9879, 52.3841], [5.0003, 52.3847]]]}, {"type": "Polygon", "coordinates": [[[4.9237, 52.3969], [4.9299, 52.4097], [4.9415, 52.4108], [4.9584, 52.403], [4.9387, 52.3942], [4.9237, 52.3969]]]}, {"type": "Polygon", "coordinates": [[[5.0294, 52.4014], [5.0238, 52.4038], [5.0261, 52.4071], [5.0349, 52.4075], [5.0294, 52.4014]]]}, {"type": "Polygon", "coordinates": [[[4.9927, 52.4176], [4.9805, 52.4104], [4.9815, 52.415], [4.9927, 52.4176]]]}, {"type": "Polygon", "coordinates": [[[5.0359, 52.4171], [5.008, 52.4111], [5.0351, 52.4192], [5.0496, 52.416], [5.0613, 52.4168], [5.0654, 52.4202], [5.07, 52.4199], [5.0674, 52.4158], [5.0534, 52.4143], [5.0359, 52.4171]]]}, {"type": "Polygon", "coordinates": [[[5.0075, 52.4287], [5.02, 52.4224], [5.012, 52.4166], [5.0035, 52.4172], [5.0023, 52.4271], [5.0075, 52.4287]]]}, {"type": "Polygon", "coordinates": [[[4.9528, 52.423], [4.9932, 52.4328], [4.9956, 52.4309], [4.9764, 52.4163], [4.9537, 52.4192], [4.9528, 52.423]]]}, {"type": "Polygon", "coordinates": [[[4.9665, 52.4419], [4.9863, 52.4472], [4.9939, 52.4433], [4.9904, 52.4399], [4.9727, 52.4393], [4.9665, 52.4419]]]}, {"type": "Polygon", "coordinates": [[[5.0183, 52.4592], [5.0304, 52.4567], [5.0199, 52.4481], [5.0115, 52.4493], [5.0103, 52.4562], [5.0183, 52.4592]]]}, {"type": "Polygon", "coordinates": [[[4.834, 52.4802], [4.8148, 52.4856], [4.8188, 52.4905], [4.8273, 52.4923], [4.8399, 52.4826], [4.834, 52.4802]]]}, {"type": "Polygon", "coordinates": [[[4.9156, 52.5064], [4.9218, 52.5071], [4.9257, 52.5041], [4.9244, 52.4923], [4.9057, 52.4791], [4.8905, 52.4782], [4.8631, 52.4683], [4.8454, 52.4714], [4.8383, 52.4769], [4.8427, 52.4838], [4.8674, 52.4998], [4.8944, 52.5085], [4.913, 52.5097], [4.9156, 52.5064]]]}, {"type": "Polygon", "coordinates": [[[5.0018, 52.5258], [5.0135, 52.5262], [5.0327, 52.5175], [5.0423, 52.5076], [5.0242, 52.4842], [5.0155, 52.4799], [5.0119, 52.4715], [4.9974, 52.4653], [4.9703, 52.4575], [4.9534, 52.4611], [4.958, 52.4709], [4.954, 52.4761], [4.9541, 52.4828], [4.9606, 52.4937], [5.0018, 52.5258]]]}, {"type": "Polygon", "coordinates": [[[4.7986, 52.5066], [4.792, 52.5116], [4.801, 52.5152], [4.8084, 52.5114], [4.7986, 52.5066]]]}, {"type": "Polygon", "coordinates": [[[4.7801, 52.5474], [4.7994, 52.5495], [4.8214, 52.5428], [4.8328, 52.5476], [4.8347, 52.5393], [4.8213, 52.5307], [4.8121, 52.5301], [4.791, 52.5192], [4.7908, 52.5256], [4.8026, 52.5301], [4.782, 52.5352], [4.7825, 52.5399], [4.7895, 52.5459], [4.7801, 52.5474]]]}, {"type": "Polygon", "coordinates": [[[4.803, 52.5579], [4.8192, 52.564], [4.8303, 52.5578], [4.8258, 52.5534], [4.8084, 52.5515], [4.803, 52.5579]]]}, {"type": "Polygon", "coordinates": [[[4.9445, 52.5117], [4.9211, 52.5118], [4.9068, 52.5167], [4.8889, 52.517], [4.8494, 52.5245], [4.8377, 52.5308], [4.837, 52.5398], [4.8624, 52.5626], [4.8673, 52.5741], [4.8779, 52.5774], [4.8994, 52.601], [4.9177, 52.6076], [4.9359, 52.6056], [4.9494, 52.6129], [4.9538, 52.6125], [4.9588, 52.6026], [4.9491, 52.5965], [4.9568, 52.5777], [4.9662, 52.574], [4.9663, 52.5817], [4.9789, 52.5861], [4.993, 52.5808], [4.9965, 52.5753], [4.9768, 52.5602], [4.9759, 52.5441], [4.9588, 52.5325], [4.9535, 52.516], [4.9445, 52.5117]]]}, {"type": "Polygon", "coordinates": [[[4.8289, 52.5704], [4.8247, 52.5762], [4.8165, 52.5766], [4.83, 52.5842], [4.8476, 52.5817], [4.8452, 52.5766], [4.833, 52.5708], [4.831, 52.5654], [4.8267, 52.5687], [4.8289, 52.5704]]]}, {"type": "Polygon", "coordinates": [[[4.7528, 52.5898], [4.7388, 52.5838], [4.7364, 52.6056], [4.7478, 52.6126], [4.7566, 52.6125], [4.7636, 52.6086], [4.7594, 52.6073], [4.7526, 52.5953], [4.7528, 52.5898]]]}, {"type": "Polygon", "coordinates": [[[4.7303, 52.6106], [4.7447, 52.6254], [4.7495, 52.6216], [4.7464, 52.6163], [4.7406, 52.6156], [4.7303, 52.6106]]]}, {"type": "Polygon", "coordinates": [[[4.8767, 52.6404], [4.8757, 52.634], [4.89, 52.6254], [4.8835, 52.603], [4.8691, 52.5933], [4.8536, 52.5903], [4.8457, 52.5847], [4.8409, 52.5858], [4.8368, 52.5921], [4.8151, 52.5941], [4.8154, 52.5858], [4.8111, 52.5838], [4.8101, 52.5794], [4.7932, 52.5745], [4.795, 52.5665], [4.7915, 52.5568], [4.7821, 52.5569], [4.7798, 52.5526], [4.7578, 52.5481], [4.7587, 52.5394], [4.7755, 52.5345], [4.761, 52.5356], [4.7515, 52.5309], [4.7533, 52.5215], [4.7501, 52.5179], [4.7475, 52.5189], [4.7473, 52.5345], [4.7389, 52.5272], [4.7329, 52.53], [4.7311, 52.527], [4.7223, 52.5272], [4.7247, 52.5319], [4.738, 52.5349], [4.7411, 52.5387], [4.7317, 52.5455], [4.7464, 52.546], [4.7472, 52.5527], [4.736, 52.5487], [4.738, 52.5548], [4.7433, 52.5582], [4.7402, 52.5615], [4.7411, 52.5666], [4.7515, 52.5757], [4.7672, 52.6066], [4.7697, 52.6204], [4.781, 52.6264], [4.7815, 52.6346], [4.7887, 52.6376], [4.7932, 52.6478], [4.8007, 52.6547], [4.8013, 52.6668], [4.8096, 52.673], [4.8271, 52.6744], [4.8293, 52.6777], [4.8276, 52.6906], [4.8391, 52.6966], [4.8401, 52.7106], [4.8222, 52.7084], [4.8174, 52.7111], [4.8174, 52.7146], [4.8438, 52.7176], [4.8549, 52.7222], [4.8623, 52.7181], [4.8564, 52.7123], [4.8757, 52.7114], [4.8731, 52.707], [4.8785, 52.7044], [4.8715, 52.6979], [4.8751, 52.6902], [4.8846, 52.6882], [4.8963, 52.6925], [4.8989, 52.6884], [4.9158, 52.6855], [4.8676, 52.6489], [4.8767, 52.6404]], [[4.8306, 52.6308], [4.8434, 52.6313], [4.8639, 52.6346], [4.8423, 52.646], [4.8306, 52.6308]]]}, {"type": "Polygon", "coordinates": [[[4.6881, 52.6243], [4.6968, 52.6327], [4.7107, 52.6346], [4.7128, 52.6307], [4.7013, 52.622], [4.6881, 52.6243]]]}, {"type": "Polygon", "coordinates": [[[4.6832, 52.6423], [4.6818, 52.6577], [4.7302, 52.6563], [4.7425, 52.6415], [4.7328, 52.6358], [4.7132, 52.6374], [4.7073, 52.6414], [4.6832, 52.6423]]]}, {"type": "Polygon", "coordinates": [[[4.9379, 52.6688], [4.9461, 52.6567], [4.9224, 52.6425], [4.8993, 52.6418], [4.8943, 52.6492], [4.8975, 52.6542], [4.9121, 52.6616], [4.9379, 52.6688]]]}, {"type": "Polygon", "coordinates": [[[4.9777, 52.6693], [4.9839, 52.6721], [5.0048, 52.6719], [5.0007, 52.6636], [4.9828, 52.6611], [4.9777, 52.6693]]]}, {"type": "Polygon", "coordinates": [[[4.755, 52.6898], [4.7657, 52.6877], [4.767, 52.6858], [4.7632, 52.6825], [4.7542, 52.683], [4.75, 52.6878], [4.755, 52.6898]]]}, {"type": "Polygon", "coordinates": [[[4.7691, 52.6952], [4.7637, 52.6918], [4.7526, 52.6942], [4.7501, 52.6981], [4.7541, 52.7056], [4.7631, 52.7094], [4.7711, 52.7012], [4.7691, 52.6952]]]}, {"type": "Polygon", "coordinates": [[[4.7573, 52.7111], [4.7492, 52.7086], [4.7394, 52.7103], [4.7466, 52.7155], [4.7573, 52.7111]]]}, {"type": "Polygon", "coordinates": [[[4.7776, 52.7085], [4.7721, 52.7114], [4.7805, 52.7176], [4.7901, 52.7116], [4.7776, 52.7085]]]}, {"type": "Polygon", "coordinates": [[[4.7687, 52.7147], [4.7621, 52.7161], [4.7644, 52.7215], [4.774, 52.7201], [4.7687, 52.7147]]]}, {"type": "Polygon", "coordinates": [[[4.7411, 52.7249], [4.7492, 52.7246], [4.7511, 52.7239], [4.738, 52.7206], [4.7411, 52.7249]]]}, {"type": "Polygon", "coordinates": [[[4.8149, 52.7291], [4.8139, 52.7253], [4.8198, 52.7213], [4.8086, 52.7196], [4.8029, 52.7234], [4.8102, 52.7296], [4.8149, 52.7291]]]}, {"type": "Polygon", "coordinates": [[[5.033, 52.7322], [5.0451, 52.7279], [5.036, 52.7212], [5.0256, 52.7223], [5.0264, 52.7268], [5.033, 52.7322]]]}, {"type": "Polygon", "coordinates": [[[4.7971, 52.7203], [4.7866, 52.7212], [4.7867, 52.7281], [4.7773, 52.7325], [4.7784, 52.7428], [4.7973, 52.7429], [4.794, 52.7323], [4.7989, 52.7232], [4.7971, 52.7203]]]}, {"type": "Polygon", "coordinates": [[[4.8254, 52.7382], [4.8083, 52.7371], [4.8142, 52.7453], [4.836, 52.7443], [4.8415, 52.7327], [4.8254, 52.7382]]]}, {"type": "Polygon", "coordinates": [[[5.0948, 52.7384], [5.0918, 52.741], [5.0962, 52.7443], [5.099, 52.7408], [5.0948, 52.7384]]]}, {"type": "Polygon", "coordinates": [[[4.8055, 52.7619], [4.8162, 52.7606], [4.8267, 52.751], [4.7949, 52.7458], [4.783, 52.7492], [4.7828, 52.7568], [4.7686, 52.7548], [4.771, 52.7586], [4.7856, 52.7651], [4.7918, 52.7633], [4.7931, 52.7582], [4.8055, 52.7619]]]}, {"type": "Polygon", "coordinates": [[[6.1866, 52.5229], [6.197, 52.5196], [6.1922, 52.5184], [6.1831, 52.5224], [6.1715, 52.5193], [6.1604, 52.5247], [6.1515, 52.5227], [6.1442, 52.5284], [6.1453, 52.5331], [6.1495, 52.5347], [6.1331, 52.5409], [6.1223, 52.5509], [6.1298, 52.5469], [6.1345, 52.5408], [6.1431, 52.5383], [6.1499, 52.5349], [6.1505, 52.5339], [6.1446, 52.5299], [6.1518, 52.5233], [6.159, 52.5255], [6.1655, 52.5242], [6.1725, 52.5198], [6.179, 52.5225], [6.1866, 52.5229]]]}, {"type": "Polygon", "coordinates": [[[6.0769, 52.6313], [6.0705, 52.6361], [6.0726, 52.6376], [6.0775, 52.6374], [6.0755, 52.636], [6.0794, 52.6312], [6.079, 52.619], [6.0946, 52.6069], [6.0866, 52.5917], [6.1115, 52.5795], [6.1016, 52.5741], [6.1024, 52.5705], [6.109, 52.5687], [6.1102, 52.5659], [6.1017, 52.561], [6.1215, 52.5552], [6.1193, 52.5548], [6.1223, 52.5509], [6.1139, 52.5562], [6.0999, 52.5572], [6.1064, 52.5574], [6.0995, 52.5619], [6.1082, 52.5673], [6.1006, 52.5702], [6.0998, 52.5738], [6.1095, 52.5794], [6.0859, 52.5903], [6.0853, 52.5918], [6.0935, 52.6069], [6.0757, 52.6197], [6.0769, 52.6313]]]}, {"type": "Polygon", "coordinates": [[[6.06, 52.636], [6.0602, 52.6363], [6.0602, 52.6362], [6.06, 52.636]]]}, {"type": "Polygon", "coordinates": [[[6.0602, 52.6363], [6.061, 52.637], [6.0612, 52.637], [6.0602, 52.6363]]]}, {"type": "Polygon", "coordinates": [[[5.9829, 52.8502], [5.9926, 52.8516], [5.9794, 52.8478], [5.9767, 52.8428], [5.9677, 52.8399], [5.9568, 52.8393], [5.9734, 52.8439], [5.9829, 52.8502]]]}, {"type": "Polygon", "coordinates": [[[5.6996, 52.8584], [5.6927, 52.8549], [5.6921, 52.8555], [5.6961, 52.8601], [5.6996, 52.8584]]]}, {"type": "Polygon", "coordinates": [[[5.4495, 52.8595], [5.4537, 52.8598], [5.4505, 52.8571], [5.4495, 52.8595]]]}, {"type": "Polygon", "coordinates": [[[5.6285, 52.8654], [5.6217, 52.8609], [5.6144, 52.8615], [5.6285, 52.8654]]]}, {"type": "Polygon", "coordinates": [[[5.4283, 52.8671], [5.4278, 52.8674], [5.4328, 52.8686], [5.4283, 52.8671]]]}, {"type": "Polygon", "coordinates": [[[5.427, 52.8736], [5.4292, 52.8724], [5.424, 52.8714], [5.427, 52.8736]]]}, {"type": "Polygon", "coordinates": [[[5.6925, 52.893], [5.6878, 52.8948], [5.6998, 52.8965], [5.7053, 52.8936], [5.7042, 52.8885], [5.6972, 52.8725], [5.6879, 52.8637], [5.681, 52.8627], [5.693, 52.8835], [5.6925, 52.893]]]}, {"type": "Polygon", "coordinates": [[[5.3869, 52.8838], [5.3708, 52.8849], [5.3749, 52.8883], [5.3724, 52.8922], [5.3832, 52.8929], [5.384, 52.8971], [5.3961, 52.8942], [5.3925, 52.8906], [5.3949, 52.8879], [5.3884, 52.8856], [5.3966, 52.8813], [5.386, 52.8757], [5.3872, 52.8711], [5.378, 52.8708], [5.3815, 52.8738], [5.3709, 52.8783], [5.3772, 52.8779], [5.3869, 52.8838]], [[5.3775, 52.89], [5.3818, 52.8892], [5.3821, 52.8896], [5.3775, 52.89]]]}, {"type": "Polygon", "coordinates": [[[5.4227, 52.8885], [5.4251, 52.8863], [5.4306, 52.8872], [5.4222, 52.8836], [5.421, 52.8872], [5.4159, 52.8879], [5.4227, 52.8885]]]}, {"type": "Polygon", "coordinates": [[[5.6617, 52.8841], [5.6618, 52.8878], [5.676, 52.8918], [5.6617, 52.8841]]]}, {"type": "Polygon", "coordinates": [[[5.4653, 52.892], [5.4693, 52.8896], [5.4524, 52.8882], [5.4412, 52.885], [5.4371, 52.879], [5.4331, 52.8796], [5.4328, 52.8841], [5.4432, 52.8969], [5.4507, 52.8944], [5.4624, 52.8983], [5.4522, 52.8907], [5.4653, 52.892]]]}, {"type": "Polygon", "coordinates": [[[5.7766, 52.9008], [5.7753, 52.9098], [5.7778, 52.9132], [5.7847, 52.9079], [5.8282, 52.91], [5.834, 52.9056], [5.8392, 52.892], [5.8309, 52.8838], [5.8121, 52.8774], [5.7814, 52.8793], [5.7467, 52.875], [5.7515, 52.8815], [5.7426, 52.8858], [5.7691, 52.8917], [5.7669, 52.8991], [5.7766, 52.9008]]]}, {"type": "Polygon", "coordinates": [[[5.4137, 52.8918], [5.4124, 52.8964], [5.4156, 52.8997], [5.4238, 52.8999], [5.4278, 52.8945], [5.4137, 52.8918]]]}, {"type": "Polygon", "coordinates": [[[5.4337, 52.8997], [5.4348, 52.9085], [5.4375, 52.9109], [5.4352, 52.904], [5.4382, 52.8974], [5.4337, 52.8997]]]}, {"type": "Polygon", "coordinates": [[[5.4087, 52.9033], [5.4241, 52.9094], [5.4122, 52.9033], [5.4087, 52.9033]]]}, {"type": "Polygon", "coordinates": [[[5.599, 52.908], [5.5939, 52.9157], [5.6092, 52.9263], [5.6315, 52.9326], [5.6518, 52.9323], [5.6588, 52.928], [5.6598, 52.9241], [5.6405, 52.9119], [5.6413, 52.9018], [5.624, 52.9082], [5.6132, 52.9045], [5.6134, 52.9006], [5.6187, 52.8988], [5.6167, 52.8973], [5.6088, 52.899], [5.6012, 52.9053], [5.5973, 52.9043], [5.599, 52.908]]]}, {"type": "Polygon", "coordinates": [[[5.4306, 52.9205], [5.4266, 52.9169], [5.4237, 52.9187], [5.4262, 52.9257], [5.4324, 52.927], [5.4343, 52.931], [5.4402, 52.931], [5.4386, 52.9265], [5.4442, 52.922], [5.4306, 52.9205]]]}, {"type": "Polygon", "coordinates": [[[5.4947, 52.9051], [5.4935, 52.8996], [5.4873, 52.8994], [5.4889, 52.8936], [5.4848, 52.8908], [5.4767, 52.8927], [5.4811, 52.8966], [5.4767, 52.8999], [5.4843, 52.909], [5.4858, 52.9177], [5.4801, 52.9262], [5.4672, 52.9307], [5.4791, 52.9319], [5.4843, 52.9259], [5.497, 52.9256], [5.51, 52.937], [5.5425, 52.953], [5.5441, 52.9613], [5.5488, 52.9604], [5.5489, 52.9544], [5.5598, 52.9514], [5.5854, 52.9619], [5.6096, 52.966], [5.6171, 52.9613], [5.6151, 52.9568], [5.5998, 52.9494], [5.5952, 52.9435], [5.5642, 52.9468], [5.541, 52.9298], [5.5338, 52.93], [5.5289, 52.9265], [5.5212, 52.9283], [5.4987, 52.9149], [5.4898, 52.915], [5.4882, 52.9128], [5.4947, 52.9051]]]}, {"type": "Polygon", "coordinates": [[[5.4906, 52.9341], [5.489, 52.9361], [5.4899, 52.9377], [5.495, 52.9376], [5.4906, 52.9341]]]}, {"type": "Polygon", "coordinates": [[[5.4532, 52.9385], [5.4546, 52.9407], [5.4594, 52.9431], [5.4576, 52.9409], [5.4532, 52.9385]]]}, {"type": "Polygon", "coordinates": [[[5.6841, 52.9331], [5.6779, 52.9374], [5.6796, 52.9406], [5.6773, 52.9415], [5.6851, 52.9501], [5.6817, 52.9596], [5.6982, 52.9674], [5.698, 52.9585], [5.7011, 52.9559], [5.6981, 52.9447], [5.6889, 52.9349], [5.7042, 52.9303], [5.6976, 52.93], [5.6872, 52.9232], [5.6889, 52.9213], [5.6813, 52.9201], [5.6919, 52.9273], [5.6921, 52.9329], [5.6841, 52.9331]]]}, {"type": "Polygon", "coordinates": [[[5.507, 52.9455], [5.5127, 52.9442], [5.5073, 52.9435], [5.507, 52.9455]]]}, {"type": "Polygon", "coordinates": [[[5.6331, 52.95], [5.6363, 52.9541], [5.6371, 52.9509], [5.6326, 52.9469], [5.6331, 52.95]]]}, {"type": "Polygon", "coordinates": [[[5.4767, 52.9542], [5.4756, 52.9549], [5.4778, 52.9569], [5.4767, 52.9542]]]}, {"type": "Polygon", "coordinates": [[[5.5007, 52.967], [5.5088, 52.966], [5.5089, 52.9704], [5.5175, 52.9719], [5.5133, 52.966], [5.5158, 52.9635], [5.5229, 52.9685], [5.5354, 52.9674], [5.519, 52.9586], [5.5126, 52.9609], [5.5141, 52.9635], [5.5059, 52.9636], [5.507, 52.9602], [5.501, 52.9585], [5.5032, 52.9634], [5.4983, 52.9642], [5.5007, 52.967]]]}, {"type": "Polygon", "coordinates": [[[5.4813, 52.9677], [5.4762, 52.9668], [5.4832, 52.9701], [5.4813, 52.9677]]]}, {"type": "Polygon", "coordinates": [[[5.7177, 52.9699], [5.7156, 52.9723], [5.7344, 52.9676], [5.7443, 52.9693], [5.7627, 52.9805], [5.7646, 52.9774], [5.7422, 52.9629], [5.7262, 52.9599], [5.712, 52.9665], [5.7177, 52.9699]]]}, {"type": "Polygon", "coordinates": [[[5.579, 52.9687], [5.5729, 52.968], [5.5573, 52.9752], [5.5784, 52.9764], [5.579, 52.9687]]]}, {"type": "Polygon", "coordinates": [[[5.5907, 52.9735], [5.5908, 52.9785], [5.587, 52.9804], [5.5935, 52.9812], [5.5908, 52.9793], [5.5944, 52.9754], [5.6035, 52.9742], [5.5907, 52.9735]]]}, {"type": "Polygon", "coordinates": [[[5.714, 52.9771], [5.7307, 52.9787], [5.724, 52.9771], [5.714, 52.9771]]]}, {"type": "Polygon", "coordinates": [[[5.5215, 52.9799], [5.5233, 52.9817], [5.5198, 52.9862], [5.5241, 52.9871], [5.5272, 52.9844], [5.5252, 52.9813], [5.5398, 52.9756], [5.5197, 52.9747], [5.513, 52.9821], [5.5215, 52.9799]]]}, {"type": "Polygon", "coordinates": [[[5.5059, 52.9962], [5.543, 52.9968], [5.5476, 52.9917], [5.5155, 52.9923], [5.5083, 52.9873], [5.5088, 52.9799], [5.4992, 52.9803], [5.4925, 52.97], [5.4889, 52.9685], [5.4978, 52.9847], [5.5031, 52.9856], [5.4984, 52.9893], [5.5131, 52.994], [5.5059, 52.9962]]]}, {"type": "Polygon", "coordinates": [[[5.5662, 52.9825], [5.5586, 52.9821], [5.5671, 52.9866], [5.5662, 52.9825]]]}, {"type": "Polygon", "coordinates": [[[5.5803, 52.9856], [5.5745, 52.9856], [5.5733, 52.9875], [5.5766, 52.9886], [5.5803, 52.9856]]]}, {"type": "Polygon", "coordinates": [[[5.5567, 52.989], [5.555, 52.9862], [5.5527, 52.9883], [5.5567, 52.989]]]}, {"type": "Polygon", "coordinates": [[[5.4715, 52.9855], [5.4808, 52.9958], [5.4809, 52.9923], [5.4726, 52.9836], [5.4715, 52.9855]]]}, {"type": "Polygon", "coordinates": [[[5.6919, 52.9873], [5.6831, 52.9844], [5.6698, 52.9972], [5.6804, 52.9906], [5.6885, 52.9897], [5.6854, 52.9938], [5.6947, 52.9917], [5.6999, 52.9855], [5.6919, 52.9873]]]}, {"type": "Polygon", "coordinates": [[[5.7397, 52.9945], [5.7423, 52.9923], [5.741, 52.9882], [5.7321, 52.9917], [5.7397, 52.9945]]]}, {"type": "Polygon", "coordinates": [[[5.4701, 52.9938], [5.4734, 52.9917], [5.4692, 52.9864], [5.4627, 52.9844], [5.4541, 52.9898], [5.4555, 52.9974], [5.4484, 52.9971], [5.4474, 53.0004], [5.464, 53.0016], [5.4707, 52.9975], [5.4701, 52.9938]]]}, {"type": "Polygon", "coordinates": [[[5.6279, 52.9971], [5.6217, 52.9951], [5.6185, 52.9946], [5.6279, 52.9971]]]}, {"type": "Polygon", "coordinates": [[[5.7443, 52.9981], [5.7378, 52.9969], [5.7278, 53.0004], [5.7347, 53.0036], [5.7443, 52.9981]]]}, {"type": "Polygon", "coordinates": [[[5.5331, 53.0009], [5.5314, 53.0028], [5.5327, 53.0042], [5.5393, 53.0042], [5.5331, 53.0009]]]}, {"type": "Polygon", "coordinates": [[[5.6748, 53.0065], [5.6709, 53.0028], [5.6596, 53.0024], [5.6702, 53.0105], [5.6752, 53.0079], [5.6804, 53.0095], [5.6847, 52.996], [5.6747, 53.0027], [5.6748, 53.0065]]]}, {"type": "Polygon", "coordinates": [[[5.578, 53.0051], [5.5882, 53.0049], [5.5775, 53.003], [5.578, 53.0051]]]}, {"type": "Polygon", "coordinates": [[[5.4897, 53.0054], [5.4744, 53.0017], [5.4753, 53.0079], [5.4773, 53.0025], [5.4876, 53.0069], [5.4897, 53.0054]]]}, {"type": "Polygon", "coordinates": [[[5.5326, 53.0075], [5.5312, 53.0049], [5.5247, 53.0062], [5.5326, 53.0075]]]}, {"type": "Polygon", "coordinates": [[[5.4382, 53.0048], [5.4444, 53.0103], [5.4597, 53.0098], [5.4488, 53.0076], [5.4457, 53.0039], [5.4382, 53.0048]]]}, {"type": "Polygon", "coordinates": [[[5.5736, 53.0041], [5.5682, 53.0055], [5.5723, 53.0105], [5.5717, 53.0077], [5.5736, 53.0041]]]}, {"type": "Polygon", "coordinates": [[[5.5456, 53.0104], [5.5479, 53.0058], [5.5417, 53.0051], [5.5402, 53.0091], [5.5456, 53.0104]]]}, {"type": "Polygon", "coordinates": [[[5.614, 53.009], [5.6098, 53.0066], [5.6072, 53.0087], [5.6094, 53.0092], [5.614, 53.009]]]}, {"type": "Polygon", "coordinates": [[[5.7278, 53.009], [5.7323, 53.0096], [5.732, 53.0093], [5.7278, 53.009]]]}, {"type": "Polygon", "coordinates": [[[5.6015, 53.0119], [5.6001, 53.0159], [5.6019, 53.0139], [5.6052, 53.012], [5.6015, 53.0119]]]}, {"type": "Polygon", "coordinates": [[[5.5474, 53.0136], [5.541, 53.0116], [5.5341, 53.0135], [5.5332, 53.0167], [5.5355, 53.0198], [5.5456, 53.018], [5.5474, 53.0136]]]}, {"type": "Polygon", "coordinates": [[[5.6248, 53.0123], [5.6295, 53.0179], [5.6381, 53.0234], [5.6357, 53.0201], [5.6248, 53.0123]]]}, {"type": "Polygon", "coordinates": [[[5.5154, 53.0223], [5.5275, 53.0237], [5.5321, 53.0205], [5.4966, 53.0144], [5.507, 53.0221], [5.5152, 53.0249], [5.5154, 53.0223]]]}, {"type": "Polygon", "coordinates": [[[5.7669, 53.0201], [5.7677, 53.0111], [5.7579, 53.0081], [5.7568, 53.0061], [5.7601, 53.0047], [5.7567, 53.0048], [5.7562, 53.0022], [5.7546, 53.0009], [5.7547, 53.006], [5.7398, 53.0048], [5.7479, 53.0077], [5.753, 53.0202], [5.7643, 53.0195], [5.761, 53.0225], [5.7633, 53.0264], [5.7451, 53.0206], [5.7386, 53.0141], [5.7334, 53.0144], [5.7298, 53.0225], [5.7251, 53.0198], [5.728, 53.0176], [5.7231, 53.0172], [5.7185, 53.0207], [5.6908, 53.0227], [5.6827, 53.0258], [5.7152, 53.0225], [5.7177, 53.024], [5.7158, 53.027], [5.723, 53.0296], [5.7186, 53.0237], [5.723, 53.0211], [5.7334, 53.0279], [5.7313, 53.0351], [5.7426, 53.0376], [5.7545, 53.0454], [5.7519, 53.0474], [5.7637, 53.0489], [5.7696, 53.0466], [5.7682, 53.0332], [5.7645, 53.0279], [5.7779, 53.0332], [5.7816, 53.0284], [5.789, 53.0278], [5.7924, 53.0325], [5.8019, 53.0361], [5.8004, 53.0301], [5.8061, 53.0281], [5.7949, 53.0204], [5.7761, 53.0284], [5.7669, 53.0201]], [[5.7322, 53.0226], [5.7353, 53.0274], [5.7301, 53.0246], [5.7322, 53.0226]]]}, {"type": "Polygon", "coordinates": [[[5.4511, 53.0253], [5.4548, 53.0294], [5.4385, 53.0285], [5.4381, 53.0309], [5.4445, 53.0319], [5.4368, 53.0368], [5.4409, 53.0405], [5.432, 53.0424], [5.4254, 53.0485], [5.4312, 53.0603], [5.4439, 53.0658], [5.4517, 53.063], [5.4539, 53.059], [5.4434, 53.0541], [5.4454, 53.0516], [5.4403, 53.0482], [5.4405, 53.0421], [5.4574, 53.0411], [5.4649, 53.033], [5.4621, 53.0264], [5.4639, 53.0208], [5.4741, 53.0175], [5.4738, 53.015], [5.4687, 53.0134], [5.4641, 53.0166], [5.4621, 53.0125], [5.4541, 53.0137], [5.4521, 53.0161], [5.4552, 53.0229], [5.4511, 53.0253]]]}, {"type": "Polygon", "coordinates": [[[5.8996, 53.0886], [5.8921, 53.0859], [5.8882, 53.0858], [5.8996, 53.0886]]]}, {"type": "Polygon", "coordinates": [[[5.902, 53.0976], [5.8798, 53.0919], [5.8785, 53.0901], [5.8829, 53.0892], [5.8771, 53.0847], [5.8609, 53.0801], [5.8523, 53.0818], [5.8571, 53.0874], [5.8612, 53.0847], [5.8735, 53.0879], [5.8853, 53.1003], [5.902, 53.0976]]]}, {"type": "Polygon", "coordinates": [[[6.013, 53.1045], [5.9782, 53.1064], [5.9489, 53.102], [5.9667, 53.1055], [5.9814, 53.1134], [5.9838, 53.1075], [5.9976, 53.1058], [6.0291, 53.112], [6.0407, 53.1083], [6.013, 53.1045]]]}, {"type": "Polygon", "coordinates": [[[6.0041, 53.1137], [6.0105, 53.1139], [6.0119, 53.1111], [5.9965, 53.1127], [5.9996, 53.1213], [6.0065, 53.1154], [6.0041, 53.1137]]]}, {"type": "Polygon", "coordinates": [[[6.6887, 53.1097], [6.6761, 53.126], [6.6784, 53.1302], [6.6892, 53.1339], [6.6873, 53.1436], [6.6906, 53.1465], [6.7051, 53.1441], [6.7155, 53.1347], [6.7132, 53.1266], [6.7088, 53.1237], [6.7108, 53.1201], [6.7034, 53.1128], [6.6887, 53.1097]]]}, {"type": "Polygon", "coordinates": [[[6.0764, 53.1548], [6.0687, 53.1514], [6.0608, 53.1535], [6.0532, 53.1636], [6.0535, 53.1675], [6.0618, 53.1686], [6.0766, 53.164], [6.0764, 53.1548]]]}, {"type": "Polygon", "coordinates": [[[7.3052, 53.1678], [7.3089, 53.1716], [7.33, 53.1756], [7.3368, 53.1742], [7.3189, 53.1625], [7.3084, 53.163], [7.3052, 53.1678]]]}, {"type": "Polygon", "coordinates": [[[5.9768, 53.1866], [5.9407, 53.1749], [5.9584, 53.1833], [5.9768, 53.1866]]]}, {"type": "Polygon", "coordinates": [[[7.0431, 53.1882], [7.0478, 53.1801], [7.0424, 53.1746], [7.0264, 53.1756], [7.0229, 53.1813], [7.0316, 53.1893], [7.0376, 53.1905], [7.0431, 53.1882]]]}, {"type": "Polygon", "coordinates": [[[6.0181, 53.1853], [6.0143, 53.1859], [6.0294, 53.1884], [6.0313, 53.2031], [6.0539, 53.1985], [6.0532, 53.186], [6.0486, 53.1781], [6.0321, 53.1857], [6.0181, 53.1853]]]}, {"type": "Polygon", "coordinates": [[[5.5051, 53.2028], [5.4741, 53.1993], [5.4804, 53.2021], [5.5051, 53.2028]]]}, {"type": "Polygon", "coordinates": [[[5.8858, 53.2655], [5.8835, 53.2627], [5.8875, 53.26], [5.8793, 53.2632], [5.8858, 53.2655]]]}, {"type": "Polygon", "coordinates": [[[6.9143, 53.2618], [6.9127, 53.266], [6.9178, 53.2703], [6.9268, 53.2717], [6.9235, 53.268], [6.9261, 53.2648], [6.9143, 53.2618]]]}, {"type": "Polygon", "coordinates": [[[6.8437, 53.2703], [6.8388, 53.2657], [6.8161, 53.2679], [6.801, 53.2616], [6.7954, 53.2642], [6.8054, 53.2733], [6.829, 53.2749], [6.8311, 53.2824], [6.8374, 53.2878], [6.8394, 53.2863], [6.8372, 53.2819], [6.8437, 53.2703]]]}, {"type": "Polygon", "coordinates": [[[5.932, 53.2812], [5.9409, 53.282], [5.9428, 53.2818], [5.9336, 53.276], [5.9248, 53.2743], [5.932, 53.2812]]]}, {"type": "Polygon", "coordinates": [[[5.914, 53.2789], [5.9271, 53.2836], [5.9217, 53.2801], [5.914, 53.2789]]]}, {"type": "Polygon", "coordinates": [[[6.9285, 53.2887], [6.9274, 53.2863], [6.9219, 53.2877], [6.9238, 53.2889], [6.9285, 53.2887]]]}, {"type": "Polygon", "coordinates": [[[6.8905, 53.2914], [6.9085, 53.295], [6.9089, 53.2902], [6.8971, 53.2832], [6.8856, 53.2847], [6.8905, 53.2914]]]}, {"type": "Polygon", "coordinates": [[[6.9361, 53.2924], [6.932, 53.2919], [6.9306, 53.2923], [6.9361, 53.2924]]]}, {"type": "Polygon", "coordinates": [[[6.8731, 53.2968], [6.8631, 53.2948], [6.8606, 53.2954], [6.8679, 53.2976], [6.8731, 53.2968]]]}, {"type": "Polygon", "coordinates": [[[6.8738, 53.3034], [6.8665, 53.3033], [6.8647, 53.3049], [6.8674, 53.3058], [6.8738, 53.3034]]]}, {"type": "Polygon", "coordinates": [[[7.3131, 53.362], [7.3148, 53.3608], [7.3129, 53.3614], [7.3131, 53.362]]]}, {"type": "Polygon", "coordinates": [[[7.3126, 53.3676], [7.3153, 53.3684], [7.3179, 53.3674], [7.3139, 53.3652], [7.3126, 53.3676]]]}, {"type": "Polygon", "coordinates": [[[7.3345, 53.3684], [7.3333, 53.3672], [7.3314, 53.3688], [7.3345, 53.3684]]]}, {"type": "Polygon", "coordinates": [[[7.3, 53.373], [7.3049, 53.3713], [7.3035, 53.368], [7.2927, 53.3664], [7.3, 53.373]]]}, {"type": "Polygon", "coordinates": [[[7.2758, 53.3793], [7.2806, 53.378], [7.2808, 53.3751], [7.2706, 53.3717], [7.2758, 53.3793]]]}, {"type": "Polygon", "coordinates": [[[7.3239, 53.3862], [7.3156, 53.3876], [7.3009, 53.3838], [7.3125, 53.3913], [7.331, 53.3921], [7.3239, 53.3862]]]}, {"type": "Polygon", "coordinates": [[[7.1315, 53.3943], [7.1431, 53.3954], [7.141, 53.3937], [7.1315, 53.3943]]]}, {"type": "Polygon", "coordinates": [[[7.1223, 53.3966], [7.1185, 53.3931], [7.112, 53.3942], [7.1141, 53.3959], [7.1223, 53.3966]]]}, {"type": "Polygon", "coordinates": [[[7.3048, 53.3971], [7.3131, 53.3974], [7.3096, 53.3952], [7.3048, 53.3971]]]}, {"type": "Polygon", "coordinates": [[[7.2941, 53.407], [7.314, 53.41], [7.3135, 53.407], [7.3009, 53.4046], [7.2941, 53.407]]]}, {"type": "Polygon", "coordinates": [[[7.2849, 53.4165], [7.2795, 53.4062], [7.2683, 53.4102], [7.2669, 53.4135], [7.2717, 53.4173], [7.2849, 53.4165]]]}, {"type": "Polygon", "coordinates": [[[7.3305, 53.4134], [7.3247, 53.4148], [7.3309, 53.4154], [7.3305, 53.4134]]]}, {"type": "Polygon", "coordinates": [[[7.3323, 53.4241], [7.3344, 53.4211], [7.3302, 53.4226], [7.3323, 53.4241]]]}, {"type": "Polygon", "coordinates": [[[7.285, 53.4237], [7.2836, 53.4219], [7.2816, 53.4238], [7.285, 53.4237]]]}, {"type": "Polygon", "coordinates": [[[7.3015, 53.4491], [7.3065, 53.434], [7.302, 53.4319], [7.3012, 53.4206], [7.3086, 53.4144], [7.3048, 53.4119], [7.2958, 53.4126], [7.2843, 53.4287], [7.2797, 53.4303], [7.2867, 53.4363], [7.2857, 53.4431], [7.2969, 53.4492], [7.2972, 53.4541], [7.3032, 53.4529], [7.3015, 53.4491]], [[7.2867, 53.429], [7.288, 53.4318], [7.2817, 53.4314], [7.2818, 53.4306], [7.2867, 53.429]]]}, {"type": "Polygon", "coordinates": [[[7.2638, 53.4332], [7.2655, 53.4392], [7.2755, 53.4417], [7.2702, 53.4339], [7.2638, 53.4332]]]}, {"type": "Polygon", "coordinates": [[[7.2277, 53.4576], [7.2338, 53.4572], [7.2329, 53.4551], [7.2269, 53.4529], [7.2277, 53.4576]]]}, {"type": "Polygon", "coordinates": [[[7.1766, 53.4603], [7.1822, 53.4623], [7.1837, 53.4601], [7.1766, 53.4603]]]}, {"type": "Polygon", "coordinates": [[[8.3143, 52.5035], [8.3129, 52.5309], [8.3217, 52.5376], [8.3362, 52.5317], [8.3507, 52.5328], [8.3653, 52.5124], [8.3574, 52.5116], [8.3515, 52.4952], [8.3317, 52.4884], [8.3263, 52.4925], [8.3276, 52.4948], [8.3166, 52.4951], [8.3112, 52.4987], [8.3143, 52.5035]]]}, {"type": "Polygon", "coordinates": [[[8.0152, 53.213], [8.0262, 53.2102], [8.0367, 53.2017], [8.0275, 53.1884], [8.0181, 53.1844], [7.9944, 53.1902], [7.995, 53.1965], [8.0131, 53.2066], [8.0152, 53.213]]]}, {"type": "Polygon", "coordinates": [[[8.304, 53.2816], [8.3297, 53.2725], [8.3311, 53.2691], [8.3215, 53.2643], [8.3087, 53.2665], [8.2992, 53.2574], [8.2882, 53.2629], [8.2821, 53.2718], [8.2864, 53.283], [8.304, 53.2816]]]}, {"type": "Polygon", "coordinates": [[[7.3394, 53.3603], [7.3369, 53.3612], [7.338, 53.3624], [7.3394, 53.3603]]]}, {"type": "Polygon", "coordinates": [[[7.3423, 53.4302], [7.3367, 53.4278], [7.3347, 53.43], [7.3423, 53.4302]]]}, {"type": "Polygon", "coordinates": [[[7.3322, 53.4382], [7.3364, 53.4394], [7.3365, 53.4374], [7.3322, 53.4382]]]}, {"type": "Polygon", "coordinates": [[[7.3937, 53.5356], [7.4095, 53.534], [7.4138, 53.5314], [7.4068, 53.5292], [7.3937, 53.5356]]]}, {"type": "Polygon", "coordinates": [[[7.36, 53.5365], [7.3488, 53.5391], [7.3562, 53.5414], [7.3679, 53.5398], [7.36, 53.5365]]]}, {"type": "Polygon", "coordinates": [[[7.436, 53.5435], [7.4269, 53.5409], [7.42, 53.5441], [7.4383, 53.5504], [7.4417, 53.5493], [7.436, 53.5435]]]}, {"type": "Polygon", "coordinates": [[[8.1507, 55.5451], [8.1485, 55.5449], [8.1494, 55.5453], [8.1507, 55.5451]]]}, {"type": "Polygon", "coordinates": [[[8.1013, 55.5705], [8.1016, 55.5716], [8.102, 55.5709], [8.1013, 55.5705]]]}, {"type": "Polygon", "coordinates": [[[8.1201, 55.5822], [8.1208, 55.5822], [8.1205, 55.5809], [8.1144, 55.5787], [8.1201, 55.5822]]]}, {"type": "Polygon", "coordinates": [[[8.2014, 55.5817], [8.2042, 55.5797], [8.2008, 55.5792], [8.2014, 55.5817]]]}, {"type": "Polygon", "coordinates": [[[8.1926, 55.5882], [8.1922, 55.5885], [8.1934, 55.5886], [8.1926, 55.5882]]]}, {"type": "Polygon", "coordinates": [[[8.1929, 55.59], [8.1936, 55.5896], [8.1922, 55.5898], [8.1929, 55.59]]]}, {"type": "Polygon", "coordinates": [[[8.1902, 55.5917], [8.1898, 55.5905], [8.1891, 55.5905], [8.1902, 55.5917]]]}, {"type": "Polygon", "coordinates": [[[8.1897, 55.5971], [8.1948, 55.5961], [8.1947, 55.5942], [8.1882, 55.5944], [8.1897, 55.5971]]]}, {"type": "Polygon", "coordinates": [[[8.2048, 55.597], [8.201, 55.5992], [8.2036, 55.5991], [8.2048, 55.597]]]}, {"type": "Polygon", "coordinates": [[[8.1303, 55.6149], [8.1311, 55.615], [8.1319, 55.6145], [8.1303, 55.6149]]]}, {"type": "Polygon", "coordinates": [[[8.2044, 55.6156], [8.2047, 55.6154], [8.2037, 55.6151], [8.2044, 55.6156]]]}, {"type": "Polygon", "coordinates": [[[8.1957, 55.6168], [8.1965, 55.6161], [8.1938, 55.6162], [8.1957, 55.6168]]]}, {"type": "Polygon", "coordinates": [[[8.1888, 55.6169], [8.1891, 55.6191], [8.1903, 55.6168], [8.1888, 55.6169]]]}, {"type": "Polygon", "coordinates": [[[8.1917, 55.6192], [8.1918, 55.6189], [8.1916, 55.619], [8.1917, 55.6192]]]}, {"type": "Polygon", "coordinates": [[[8.2077, 55.6229], [8.2072, 55.6232], [8.208, 55.6231], [8.2077, 55.6229]]]}, {"type": "Polygon", "coordinates": [[[8.2096, 55.6235], [8.2106, 55.6233], [8.2103, 55.6232], [8.2096, 55.6235]]]}, {"type": "Polygon", "coordinates": [[[8.2124, 55.6239], [8.214, 55.6238], [8.2135, 55.6235], [8.2124, 55.6239]]]}, {"type": "Polygon", "coordinates": [[[8.2362, 55.6256], [8.2416, 55.6257], [8.2442, 55.6248], [8.238, 55.6235], [8.2362, 55.6256]]]}, {"type": "Polygon", "coordinates": [[[8.1629, 55.6236], [8.1627, 55.6264], [8.1665, 55.6241], [8.1629, 55.6236]]]}, {"type": "Polygon", "coordinates": [[[8.1306, 55.6266], [8.1345, 55.6268], [8.1342, 55.6238], [8.1302, 55.6235], [8.1306, 55.6266]]]}, {"type": "Polygon", "coordinates": [[[8.2057, 55.6256], [8.2041, 55.6267], [8.205, 55.6268], [8.2057, 55.6256]]]}, {"type": "Polygon", "coordinates": [[[8.1997, 55.6299], [8.2008, 55.6291], [8.1991, 55.6278], [8.1971, 55.6287], [8.1997, 55.6299]]]}, {"type": "Polygon", "coordinates": [[[8.1345, 55.6302], [8.1328, 55.6285], [8.1329, 55.6292], [8.1345, 55.6302]]]}, {"type": "Polygon", "coordinates": [[[8.3392, 55.6302], [8.3415, 55.6302], [8.3406, 55.6289], [8.3392, 55.6302]]]}, {"type": "Polygon", "coordinates": [[[8.2471, 55.6324], [8.2486, 55.6322], [8.2467, 55.6321], [8.2471, 55.6324]]]}, {"type": "Polygon", "coordinates": [[[8.2257, 55.6331], [8.2265, 55.6348], [8.2324, 55.6324], [8.2257, 55.6331]]]}, {"type": "Polygon", "coordinates": [[[8.1774, 55.6356], [8.1767, 55.6354], [8.1767, 55.6356], [8.1774, 55.6356]]]}, {"type": "Polygon", "coordinates": [[[8.2527, 55.6379], [8.2558, 55.6395], [8.2647, 55.6394], [8.2619, 55.6324], [8.2543, 55.636], [8.2622, 55.6369], [8.2639, 55.6385], [8.2527, 55.6379]], [[8.261, 55.635], [8.2592, 55.6344], [8.2604, 55.6335], [8.261, 55.635]]]}, {"type": "Polygon", "coordinates": [[[8.18, 55.6364], [8.1805, 55.6369], [8.1804, 55.6361], [8.18, 55.6364]]]}, {"type": "Polygon", "coordinates": [[[8.2118, 55.6388], [8.2147, 55.638], [8.21, 55.6377], [8.2118, 55.6388]]]}, {"type": "Polygon", "coordinates": [[[8.2179, 55.641], [8.2167, 55.6418], [8.2172, 55.6418], [8.2179, 55.641]]]}, {"type": "Polygon", "coordinates": [[[8.235, 55.6427], [8.2353, 55.6426], [8.2347, 55.6424], [8.235, 55.6427]]]}, {"type": "Polygon", "coordinates": [[[8.2342, 55.6441], [8.2356, 55.6439], [8.2341, 55.6431], [8.2342, 55.6441]]]}, {"type": "Polygon", "coordinates": [[[8.232, 55.6431], [8.2307, 55.6439], [8.2334, 55.6447], [8.232, 55.6431]]]}, {"type": "Polygon", "coordinates": [[[8.2674, 55.6427], [8.2654, 55.6465], [8.273, 55.6461], [8.2727, 55.6442], [8.2674, 55.6427]]]}, {"type": "Polygon", "coordinates": [[[8.2111, 55.6469], [8.2123, 55.6456], [8.2081, 55.6445], [8.2062, 55.6474], [8.2111, 55.6469]]]}, {"type": "Polygon", "coordinates": [[[8.2045, 55.6496], [8.2093, 55.6501], [8.2091, 55.649], [8.2045, 55.6496]]]}, {"type": "Polygon", "coordinates": [[[8.1751, 55.6569], [8.1677, 55.6457], [8.1628, 55.651], [8.1636, 55.6572], [8.1708, 55.6605], [8.1751, 55.6569]]]}, {"type": "Polygon", "coordinates": [[[8.1603, 55.6599], [8.1615, 55.6613], [8.1608, 55.6599], [8.1603, 55.6599]]]}, {"type": "Polygon", "coordinates": [[[8.1624, 55.6619], [8.1633, 55.6616], [8.1625, 55.6615], [8.1624, 55.6619]]]}, {"type": "Polygon", "coordinates": [[[8.1716, 55.665], [8.1757, 55.6617], [8.1745, 55.6609], [8.1716, 55.665]]]}, {"type": "Polygon", "coordinates": [[[8.1709, 55.6675], [8.1705, 55.6685], [8.1731, 55.6687], [8.1709, 55.6675]]]}, {"type": "Polygon", "coordinates": [[[8.173, 55.6705], [8.1754, 55.673], [8.1804, 55.6691], [8.1759, 55.6687], [8.173, 55.6705]]]}, {"type": "Polygon", "coordinates": [[[8.2836, 55.6914], [8.2853, 55.6915], [8.2836, 55.6912], [8.2836, 55.6914]]]}, {"type": "Polygon", "coordinates": [[[8.2333, 55.7263], [8.2389, 55.7245], [8.2798, 55.7219], [8.2803, 55.7158], [8.2748, 55.7097], [8.2751, 55.705], [8.2666, 55.6968], [8.2728, 55.695], [8.2779, 55.6839], [8.2958, 55.6818], [8.3063, 55.684], [8.3262, 55.6771], [8.3383, 55.6768], [8.3463, 55.6745], [8.3279, 55.6751], [8.3132, 55.6795], [8.2894, 55.6789], [8.2905, 55.6747], [8.297, 55.674], [8.2972, 55.6694], [8.3025, 55.6643], [8.3154, 55.6606], [8.3084, 55.6605], [8.3071, 55.6576], [8.3012, 55.6593], [8.287, 55.6726], [8.2799, 55.6746], [8.2652, 55.6751], [8.2641, 55.6702], [8.2561, 55.6689], [8.1973, 55.6831], [8.1926, 55.6901], [8.2169, 55.7158], [8.2119, 55.7211], [8.2086, 55.7202], [8.2123, 55.7223], [8.205, 55.7234], [8.2115, 55.7228], [8.2132, 55.7275], [8.2193, 55.73], [8.2243, 55.7267], [8.2333, 55.7263]], [[8.2339, 55.7258], [8.235, 55.725], [8.2354, 55.7255], [8.2339, 55.7258]], [[8.2482, 55.722], [8.2481, 55.7211], [8.2499, 55.7213], [8.2482, 55.722]], [[8.2629, 55.6915], [8.2578, 55.6815], [8.2668, 55.6799], [8.2741, 55.6873], [8.2616, 55.6941], [8.2673, 55.6961], [8.2549, 55.6955], [8.2629, 55.6915]]]}, {"type": "Polygon", "coordinates": [[[8.1955, 55.7037], [8.1964, 55.704], [8.1952, 55.7031], [8.1929, 55.7033], [8.1955, 55.7037]]]}, {"type": "Polygon", "coordinates": [[[8.2755, 55.733], [8.2974, 55.7359], [8.3081, 55.7227], [8.286, 55.7261], [8.2848, 55.724], [8.2755, 55.733]]]}, {"type": "Polygon", "coordinates": [[[8.1993, 55.731], [8.2069, 55.7299], [8.2116, 55.7302], [8.21, 55.7281], [8.1993, 55.731]]]}, {"type": "Polygon", "coordinates": [[[8.2121, 55.7329], [8.218, 55.7337], [8.2144, 55.7322], [8.2121, 55.7329]]]}, {"type": "Polygon", "coordinates": [[[8.2223, 55.742], [8.2231, 55.7431], [8.2237, 55.7422], [8.2223, 55.742]]]}, {"type": "Polygon", "coordinates": [[[8.2503, 55.7699], [8.2458, 55.7682], [8.2461, 55.7693], [8.2503, 55.7699]]]}, {"type": "Polygon", "coordinates": [[[8.2207, 55.7768], [8.2219, 55.7743], [8.2174, 55.7761], [8.2207, 55.7768]]]}, {"type": "Polygon", "coordinates": [[[8.2306, 55.7811], [8.2287, 55.7805], [8.228, 55.7814], [8.2306, 55.7811]]]}, {"type": "Polygon", "coordinates": [[[8.2323, 55.7909], [8.2287, 55.7873], [8.2257, 55.7907], [8.2285, 55.7924], [8.2323, 55.7909]]]}, {"type": "Polygon", "coordinates": [[[8.2165, 55.8059], [8.2188, 55.8057], [8.2187, 55.8055], [8.2165, 55.8059]]]}, {"type": "Polygon", "coordinates": [[[8.2402, 55.8063], [8.2273, 55.8138], [8.2277, 55.8198], [8.2307, 55.8133], [8.2454, 55.8137], [8.2592, 55.809], [8.2593, 55.8054], [8.2688, 55.8022], [8.2721, 55.7943], [8.2649, 55.802], [8.2475, 55.809], [8.2394, 55.8085], [8.2533, 55.795], [8.2453, 55.7959], [8.2468, 55.7985], [8.2402, 55.8063]], [[8.2362, 55.8109], [8.2368, 55.8088], [8.2405, 55.8096], [8.2362, 55.8109]]]}, {"type": "Polygon", "coordinates": [[[8.327, 56.0585], [8.3388, 56.0575], [8.3372, 56.057], [8.327, 56.0585]]]}, {"type": "Polygon", "coordinates": [[[8.1225, 56.085], [8.1224, 56.0846], [8.1222, 56.0849], [8.1225, 56.085]]]}, {"type": "Polygon", "coordinates": [[[8.2971, 56.0889], [8.2978, 56.0905], [8.2995, 56.0897], [8.2971, 56.0889]]]}, {"type": "Polygon", "coordinates": [[[8.1586, 56.1125], [8.1593, 56.1119], [8.1585, 56.1124], [8.1586, 56.1125]]]}, {"type": "Polygon", "coordinates": [[[8.1561, 56.1139], [8.1545, 56.1132], [8.1544, 56.114], [8.1561, 56.1139]]]}, {"type": "Polygon", "coordinates": [[[8.2207, 56.114], [8.2205, 56.1161], [8.2216, 56.1159], [8.2207, 56.114]]]}, {"type": "Polygon", "coordinates": [[[8.2174, 56.1123], [8.2139, 56.1109], [8.2106, 56.1206], [8.2198, 56.1205], [8.2124, 56.1188], [8.2174, 56.1123]]]}, {"type": "Polygon", "coordinates": [[[8.2064, 56.123], [8.2077, 56.1244], [8.2117, 56.1237], [8.2064, 56.123]]]}, {"type": "Polygon", "coordinates": [[[8.1444, 56.1258], [8.1459, 56.1276], [8.1476, 56.126], [8.1444, 56.1258]]]}, {"type": "Polygon", "coordinates": [[[8.1449, 56.1311], [8.1435, 56.1308], [8.1449, 56.1328], [8.1449, 56.1311]]]}, {"type": "Polygon", "coordinates": [[[8.1542, 56.1316], [8.1511, 56.1323], [8.1538, 56.1356], [8.1644, 56.1311], [8.1542, 56.1316]]]}, {"type": "Polygon", "coordinates": [[[8.213, 56.134], [8.2137, 56.1335], [8.2129, 56.1333], [8.213, 56.134]]]}, {"type": "Polygon", "coordinates": [[[8.143, 56.1344], [8.1447, 56.1349], [8.1448, 56.1343], [8.143, 56.1344]]]}, {"type": "Polygon", "coordinates": [[[8.2495, 56.1433], [8.2502, 56.143], [8.2495, 56.1428], [8.2495, 56.1433]]]}, {"type": "Polygon", "coordinates": [[[8.2505, 56.1488], [8.2495, 56.1484], [8.2483, 56.1494], [8.2505, 56.1488]]]}, {"type": "Polygon", "coordinates": [[[8.1684, 56.1643], [8.1692, 56.1635], [8.1684, 56.1633], [8.1684, 56.1643]]]}, {"type": "Polygon", "coordinates": [[[8.1836, 56.1767], [8.1768, 56.1759], [8.1765, 56.1761], [8.1802, 56.177], [8.1836, 56.1767]]]}, {"type": "Polygon", "coordinates": [[[8.2581, 56.1805], [8.2542, 56.1791], [8.2522, 56.182], [8.2581, 56.1805]]]}, {"type": "Polygon", "coordinates": [[[8.1781, 56.1996], [8.1744, 56.1989], [8.1748, 56.1999], [8.1781, 56.1996]]]}, {"type": "Polygon", "coordinates": [[[8.2395, 56.2042], [8.2438, 56.2041], [8.2438, 56.2022], [8.2395, 56.2042]]]}, {"type": "Polygon", "coordinates": [[[8.2881, 56.2102], [8.2891, 56.2121], [8.2915, 56.2122], [8.2913, 56.2103], [8.2881, 56.2102]]]}, {"type": "Polygon", "coordinates": [[[8.3433, 56.2126], [8.3416, 56.211], [8.341, 56.2127], [8.3433, 56.2126]]]}, {"type": "Polygon", "coordinates": [[[8.1828, 56.2213], [8.1811, 56.2225], [8.181, 56.2229], [8.1828, 56.2213]]]}, {"type": "Polygon", "coordinates": [[[8.3033, 56.2227], [8.3032, 56.2232], [8.3051, 56.2234], [8.3033, 56.2227]]]}, {"type": "Polygon", "coordinates": [[[8.1834, 56.225], [8.1863, 56.2253], [8.1848, 56.2242], [8.1834, 56.225]]]}, {"type": "Polygon", "coordinates": [[[8.1803, 56.2354], [8.1773, 56.2374], [8.1766, 56.239], [8.1798, 56.239], [8.1803, 56.2354]]]}, {"type": "Polygon", "coordinates": [[[8.231, 56.2439], [8.2217, 56.2414], [8.2217, 56.2423], [8.231, 56.2439]]]}, {"type": "Polygon", "coordinates": [[[8.1987, 56.2546], [8.1932, 56.2511], [8.2069, 56.2493], [8.2061, 56.2431], [8.1955, 56.241], [8.1894, 56.2435], [8.1864, 56.253], [8.1649, 56.2555], [8.1987, 56.2546]]]}, {"type": "Polygon", "coordinates": [[[8.201, 56.2555], [8.202287012987012, 56.25936103896104], [8.201182352941172, 56.2603], [8.1958, 56.2603], [8.1945, 56.264], [8.2061, 56.2691], [8.2145, 56.2679], [8.2167409059899, 56.26350664483559], [8.2199, 56.262], [8.218570259404613, 56.25992014932516], [8.2221, 56.253], [8.21645551419265, 56.25661247091671], [8.216, 56.2559], [8.212655733029093, 56.25465213918996], [8.2125, 56.2544], [8.211393358278759, 56.25418110383536], [8.2093, 56.2534], [8.208949711588884, 56.253697745149445], [8.2034, 56.2526], [8.201, 56.2555]]]}, {"type": "Polygon", "coordinates": [[[8.178, 56.2653], [8.1757, 56.2628], [8.1684, 56.2666], [8.178, 56.2653]]]}, {"type": "Polygon", "coordinates": [[[8.164, 56.2702], [8.164, 56.2632], [8.1566, 56.268], [8.164, 56.2702]]]}, {"type": "Polygon", "coordinates": [[[8.3343, 56.2656], [8.3313, 56.2675], [8.3321, 56.2682], [8.3343, 56.2656]]]}, {"type": "Polygon", "coordinates": [[[8.3055, 56.2678], [8.3036, 56.2679], [8.3055, 56.2679], [8.3055, 56.2678]]]}, {"type": "Polygon", "coordinates": [[[8.2956, 56.2673], [8.295, 56.2679], [8.3022, 56.2686], [8.2956, 56.2673]]]}, {"type": "Polygon", "coordinates": [[[8.1974, 56.2798], [8.197, 56.2807], [8.2022, 56.2793], [8.1974, 56.2798]]]}, {"type": "Polygon", "coordinates": [[[8.194, 56.2888], [8.1923, 56.2894], [8.1942, 56.2901], [8.194, 56.2888]]]}, {"type": "Polygon", "coordinates": [[[8.1998, 56.293], [8.1976, 56.2925], [8.1976, 56.2932], [8.1998, 56.293]]]}, {"type": "Polygon", "coordinates": [[[8.2044, 56.2952], [8.2025, 56.2949], [8.2017, 56.2952], [8.2044, 56.2952]]]}, {"type": "Polygon", "coordinates": [[[8.157, 56.3011], [8.1546, 56.3029], [8.1608, 56.3012], [8.157, 56.3011]]]}, {"type": "Polygon", "coordinates": [[[8.1466, 56.3109], [8.1461, 56.3114], [8.1474, 56.3117], [8.1466, 56.3109]]]}, {"type": "Polygon", "coordinates": [[[8.1385, 56.3278], [8.1387, 56.3277], [8.1386, 56.3277], [8.1385, 56.3278]]]}, {"type": "Polygon", "coordinates": [[[8.1389, 56.3277], [8.1388, 56.3281], [8.1395, 56.328], [8.1392, 56.3277], [8.1389, 56.3277]]]}, {"type": "Polygon", "coordinates": [[[8.1416, 56.3287], [8.1408, 56.3289], [8.1417, 56.3289], [8.1416, 56.3287]]]}, {"type": "Polygon", "coordinates": [[[8.3054, 56.3481], [8.3074, 56.3478], [8.3065, 56.3475], [8.3054, 56.3481]]]}, {"type": "Polygon", "coordinates": [[[8.3141, 56.3495], [8.3123, 56.349], [8.313, 56.35], [8.3141, 56.3495]]]}, {"type": "Polygon", "coordinates": [[[8.318, 56.358], [8.319, 56.3575], [8.3173, 56.3571], [8.318, 56.358]]]}, {"type": "Polygon", "coordinates": [[[8.2677, 56.365], [8.2689, 56.3669], [8.2694, 56.3654], [8.2677, 56.365]]]}, {"type": "Polygon", "coordinates": [[[8.2689, 56.3736], [8.2689, 56.3754], [8.2702, 56.3741], [8.2689, 56.3736]]]}, {"type": "Polygon", "coordinates": [[[8.3069, 56.3779], [8.3081, 56.3777], [8.308, 56.3763], [8.3069, 56.3779]]]}, {"type": "Polygon", "coordinates": [[[8.3072, 56.3787], [8.3055, 56.3792], [8.306, 56.3809], [8.3072, 56.3787]]]}, {"type": "Polygon", "coordinates": [[[8.2461, 56.3835], [8.2451, 56.3847], [8.2458, 56.3851], [8.2461, 56.3835]]]}, {"type": "Polygon", "coordinates": [[[8.3173, 56.3894], [8.3166, 56.3913], [8.3186, 56.3908], [8.3173, 56.3894]]]}, {"type": "Polygon", "coordinates": [[[8.3149, 56.3929], [8.3151, 56.392], [8.3142, 56.3922], [8.3149, 56.3929]]]}, {"type": "Polygon", "coordinates": [[[8.2221, 56.3949], [8.2213, 56.3952], [8.2227, 56.3958], [8.2221, 56.3949]]]}, {"type": "Polygon", "coordinates": [[[8.2396, 56.3986], [8.2591, 56.3949], [8.253, 56.3938], [8.2325, 56.3982], [8.2396, 56.3986]]]}, {"type": "Polygon", "coordinates": [[[8.2409, 56.4098], [8.2588, 56.409], [8.2593, 56.408], [8.2539, 56.4058], [8.2409, 56.4098]]]}, {"type": "Polygon", "coordinates": [[[8.3206, 56.4555], [8.3221, 56.4547], [8.3205, 56.4549], [8.3206, 56.4555]]]}, {"type": "Polygon", "coordinates": [[[8.1744, 56.4662], [8.1769, 56.4677], [8.1823, 56.4683], [8.1805, 56.4677], [8.1744, 56.4662]]]}, {"type": "Polygon", "coordinates": [[[8.1204, 56.4711], [8.1225, 56.4709], [8.1233, 56.4643], [8.119, 56.4638], [8.1204, 56.4711]]]}, {"type": "Polygon", "coordinates": [[[8.1193, 56.5317], [8.1252, 56.5342], [8.1218, 56.5315], [8.1193, 56.5317]]]}, {"type": "Polygon", "coordinates": [[[8.3113, 56.5459], [8.3117, 56.5487], [8.3147, 56.5476], [8.3187, 56.5418], [8.3113, 56.5459]]]}, {"type": "Polygon", "coordinates": [[[8.1361, 56.5665], [8.1546, 56.5653], [8.1344, 56.5441], [8.1218, 56.5387], [8.1234, 56.5516], [8.1361, 56.5665]]]}, {"type": "Polygon", "coordinates": [[[8.2896, 56.5693], [8.2785, 56.5635], [8.276, 56.5642], [8.278, 56.5675], [8.2896, 56.5693]]]}, {"type": "Polygon", "coordinates": [[[8.1626, 56.5714], [8.1579, 56.5681], [8.1593, 56.5751], [8.166, 56.5775], [8.1626, 56.5714]]]}, {"type": "Polygon", "coordinates": [[[8.1654, 56.5802], [8.1713, 56.5827], [8.1712, 56.581], [8.1654, 56.5802]]]}, {"type": "Polygon", "coordinates": [[[8.2947, 56.5898], [8.2833, 56.5885], [8.2783, 56.591], [8.2773, 56.5965], [8.2835, 56.5974], [8.2796, 56.5951], [8.2911, 56.5957], [8.2947, 56.5898]]]}, {"type": "Polygon", "coordinates": [[[8.2604, 56.5975], [8.2629, 56.5945], [8.2522, 56.5883], [8.2476, 56.5901], [8.2434, 56.5972], [8.2449, 56.5998], [8.2604, 56.5975]]]}, {"type": "Polygon", "coordinates": [[[8.1778, 56.656], [8.1769, 56.6556], [8.1769, 56.6557], [8.1778, 56.656]]]}, {"type": "Polygon", "coordinates": [[[8.1808, 56.6568], [8.1816, 56.6567], [8.1813, 56.6564], [8.1808, 56.6568]]]}, {"type": "Polygon", "coordinates": [[[8.1765, 56.6568], [8.1764, 56.6571], [8.1773, 56.6571], [8.1765, 56.6568]]]}, {"type": "Polygon", "coordinates": [[[8.1814, 56.6582], [8.1805, 56.6579], [8.1803, 56.6581], [8.1814, 56.6582]]]}, {"type": "Polygon", "coordinates": [[[8.1771, 56.6583], [8.1764, 56.658], [8.1763, 56.6582], [8.1771, 56.6583]]]}, {"type": "Polygon", "coordinates": [[[8.1788, 56.6592], [8.1781, 56.6589], [8.1781, 56.659], [8.1788, 56.6592]]]}, {"type": "Polygon", "coordinates": [[[8.3342, 56.7647], [8.3336, 56.7648], [8.3336, 56.765], [8.3342, 56.7647]]]}, {"type": "Polygon", "coordinates": [[[8.3355, 56.7653], [8.3349, 56.7651], [8.3349, 56.7655], [8.3355, 56.7653]]]}, {"type": "Polygon", "coordinates": [[[8.3332, 56.7659], [8.3334, 56.7656], [8.3329, 56.7659], [8.3332, 56.7659]]]}, {"type": "Polygon", "coordinates": [[[8.2842, 56.7666], [8.2807, 56.7673], [8.28, 56.7676], [8.2816, 56.7678], [8.2842, 56.7666]]]}, {"type": "Polygon", "coordinates": [[[8.3245, 56.8015], [8.3198, 56.7949], [8.3024, 56.7873], [8.2803, 56.7924], [8.263, 56.7815], [8.2331, 56.7886], [8.2377, 56.7972], [8.2541, 56.8058], [8.2783, 56.807], [8.2922, 56.7935], [8.2904, 56.7976], [8.2985, 56.8073], [8.2983, 56.814], [8.3046, 56.8093], [8.3486, 56.8099], [8.3421, 56.805], [8.3245, 56.8015]]]}, {"type": "Polygon", "coordinates": [[[8.2807, 56.8124], [8.2838, 56.8122], [8.2829, 56.8107], [8.28, 56.81], [8.2807, 56.8124]]]}, {"type": "Polygon", "coordinates": [[[8.3348, 56.8215], [8.3305, 56.8179], [8.3184, 56.8231], [8.3254, 56.8314], [8.3356, 56.8334], [8.3309, 56.8241], [8.3402, 56.8212], [8.3348, 56.8215]], [[8.3306, 56.8219], [8.3286, 56.8218], [8.3289, 56.8211], [8.3306, 56.8219]]]}, {"type": "Polygon", "coordinates": [[[8.3162, 56.8343], [8.3178, 56.8366], [8.3187, 56.8353], [8.3162, 56.8343]]]}, {"type": "Polygon", "coordinates": [[[8.2766, 56.8435], [8.2773, 56.8443], [8.2783, 56.8436], [8.2766, 56.8435]]]}, {"type": "Polygon", "coordinates": [[[8.3401, 56.8454], [8.3515, 56.8483], [8.3474, 56.8432], [8.3492, 56.8407], [8.3406, 56.8443], [8.3401, 56.8454]], [[8.3462, 56.8433], [8.3461, 56.8441], [8.3451, 56.8438], [8.3462, 56.8433]], [[8.3447, 56.8449], [8.3459, 56.8456], [8.3446, 56.8452], [8.3447, 56.8449]], [[8.3418, 56.8448], [8.3427, 56.8457], [8.3415, 56.8452], [8.3418, 56.8448]]]}, {"type": "Polygon", "coordinates": [[[8.3415, 56.8934], [8.3325, 56.8946], [8.3354, 56.8951], [8.3415, 56.8934]]]}, {"type": "Polygon", "coordinates": [[[8.5281, 50.0867], [8.5525, 50.0996], [8.5642, 50.0979], [8.5821, 50.0897], [8.6258, 50.0893], [8.6579, 50.0976], [8.6813, 50.1087], [8.7178, 50.1072], [8.7484, 50.1164], [8.7545, 50.1157], [8.7669, 50.109], [8.7804, 50.1107], [8.7692, 50.1076], [8.7466, 50.115], [8.7187, 50.106], [8.6827, 50.1075], [8.6588, 50.096], [8.6286, 50.088], [8.585, 50.0882], [8.5524, 50.0985], [8.5238, 50.0804], [8.5282, 50.0681], [8.5256, 50.0634], [8.5045, 50.0501], [8.4783, 50.0408], [8.4722, 50.036], [8.4661, 50.0245], [8.4287, 50.0088], [8.4112, 49.997], [8.3986, 49.9959], [8.3704, 50.0015], [8.3511, 49.9987], [8.3197, 50.0015], [8.3082, 49.9996], [8.3168, 50.003], [8.3467, 50.0001], [8.3674, 50.0031], [8.4011, 49.997], [8.4101, 49.9982], [8.4276, 50.0099], [8.4637, 50.0247], [8.4745, 50.0405], [8.5061, 50.0525], [8.5252, 50.0647], [8.5216, 50.0772], [8.5229, 50.082], [8.5281, 50.0867]]]}, {"type": "Polygon", "coordinates": [[[8.8468, 54.9157], [8.8521, 54.9167], [8.8528, 54.9147], [8.8468, 54.9157]]]}, {"type": "Polygon", "coordinates": [[[8.7305, 54.9445], [8.7335, 54.94], [8.7291, 54.9382], [8.7244, 54.941], [8.7305, 54.9445]]]}, {"type": "Polygon", "coordinates": [[[8.8039, 54.9633], [8.8068, 54.9628], [8.8036, 54.9611], [8.8039, 54.9633]]]}, {"type": "Polygon", "coordinates": [[[8.6897, 55.011], [8.6895, 55.0095], [8.6833, 55.0077], [8.6846, 55.0123], [8.6897, 55.011]]]}, {"type": "Polygon", "coordinates": [[[8.69, 55.0278], [8.6869, 55.0256], [8.6857, 55.0282], [8.69, 55.0278]]]}, {"type": "Polygon", "coordinates": [[[8.6793, 55.0304], [8.6839, 55.0328], [8.6861, 55.0314], [8.6793, 55.0304]]]}, {"type": "Polygon", "coordinates": [[[8.6766, 55.0348], [8.6797, 55.0342], [8.6751, 55.0326], [8.6766, 55.0348]]]}, {"type": "Polygon", "coordinates": [[[8.7271, 55.0541], [8.73, 55.0523], [8.7289, 55.0466], [8.7235, 55.0508], [8.7271, 55.0541]]]}, {"type": "Polygon", "coordinates": [[[8.8393, 55.0608], [8.842, 55.061], [8.8397, 55.0599], [8.8393, 55.0608]]]}, {"type": "Polygon", "coordinates": [[[8.7471, 55.0713], [8.7465, 55.0686], [8.7437, 55.0688], [8.7443, 55.0729], [8.7471, 55.0713]]]}, {"type": "Polygon", "coordinates": [[[8.768, 55.0845], [8.7699, 55.0853], [8.7719, 55.0834], [8.768, 55.0845]]]}, {"type": "Polygon", "coordinates": [[[8.6922, 55.1089], [8.6945, 55.1102], [8.6939, 55.1087], [8.6922, 55.1089]]]}, {"type": "Polygon", "coordinates": [[[8.7587, 55.1954], [8.7653, 55.1887], [8.7557, 55.1944], [8.7587, 55.1954]]]}, {"type": "Polygon", "coordinates": [[[8.8365, 55.3151], [8.8048, 55.3185], [8.8028, 55.3191], [8.8019, 55.3213], [8.7983, 55.3221], [8.782, 55.3202], [8.7812, 55.3207], [8.7786, 55.3197], [8.7656, 55.3239], [8.7682, 55.3251], [8.7636, 55.329], [8.7774, 55.3231], [8.7951, 55.3249], [8.8121, 55.3183], [8.8401, 55.3176], [8.8438, 55.317], [8.8499, 55.3153], [8.85, 55.3148], [8.8493, 55.3122], [8.8419, 55.312], [8.8365, 55.3151]], [[8.8427, 55.3159], [8.8445, 55.3161], [8.8438, 55.3169], [8.8427, 55.3159]], [[8.8079, 55.3192], [8.8029, 55.3197], [8.804, 55.3188], [8.8079, 55.3192]], [[8.78, 55.321], [8.7813, 55.3213], [8.7812, 55.3214], [8.78, 55.321]], [[8.7752, 55.3226], [8.7759, 55.3228], [8.7755, 55.3233], [8.7752, 55.3226]], [[8.7765, 55.3221], [8.7776, 55.3223], [8.777, 55.3228], [8.7765, 55.3221]], [[8.7874, 55.3225], [8.7886, 55.3225], [8.7882, 55.3229], [8.7874, 55.3225]], [[8.7825, 55.3222], [8.7836, 55.3226], [8.7831, 55.3228], [8.7825, 55.3222]], [[8.7805, 55.3224], [8.7817, 55.3226], [8.7814, 55.323], [8.7805, 55.3224]], [[8.7833, 55.3219], [8.7812, 55.3217], [8.7843, 55.3207], [8.7833, 55.3219]]]}, {"type": "Polygon", "coordinates": [[[8.748, 55.3354], [8.7533, 55.3351], [8.7663, 55.3299], [8.7532, 55.3348], [8.7403, 55.3323], [8.7361, 55.3333], [8.7313, 55.337], [8.7208, 55.3349], [8.7188, 55.3374], [8.7095, 55.3321], [8.7089, 55.3211], [8.7013, 55.3198], [8.7015, 55.3319], [8.6987, 55.3377], [8.7036, 55.332], [8.7037, 55.3204], [8.7079, 55.3234], [8.7084, 55.3326], [8.7182, 55.338], [8.7205, 55.3375], [8.7215, 55.3358], [8.7299, 55.3379], [8.7339, 55.3368], [8.7372, 55.3337], [8.7405, 55.333], [8.748, 55.3354]]]}, {"type": "Polygon", "coordinates": [[[8.6995, 55.3536], [8.6963, 55.3572], [8.7012, 55.3539], [8.6995, 55.3536]]]}, {"type": "Polygon", "coordinates": [[[8.7837, 55.3591], [8.786, 55.362], [8.7868, 55.3611], [8.7837, 55.3591]]]}, {"type": "Polygon", "coordinates": [[[8.7955, 55.3789], [8.7971, 55.378], [8.7943, 55.3778], [8.7955, 55.3789]]]}, {"type": "Polygon", "coordinates": [[[8.4525, 55.5837], [8.4626, 55.5791], [8.4521, 55.582], [8.4525, 55.5837]]]}, {"type": "Polygon", "coordinates": [[[8.5819, 55.5983], [8.5823, 55.598], [8.5804, 55.5979], [8.5819, 55.5983]]]}, {"type": "Polygon", "coordinates": [[[8.5916, 55.5996], [8.5933, 55.5995], [8.594, 55.5978], [8.5891, 55.5985], [8.5916, 55.5996]], [[8.5928, 55.5993], [8.5919, 55.5987], [8.5928, 55.5989], [8.5928, 55.5993]]]}, {"type": "Polygon", "coordinates": [[[8.7597, 55.6919], [8.7596, 55.6906], [8.7575, 55.6909], [8.7597, 55.6919]]]}, {"type": "Polygon", "coordinates": [[[8.7558, 55.7014], [8.7535, 55.7025], [8.7555, 55.7027], [8.7588, 55.7015], [8.7558, 55.7014]]]}, {"type": "Polygon", "coordinates": [[[8.765, 55.7248], [8.772, 55.7278], [8.7738, 55.7254], [8.7671, 55.7221], [8.765, 55.7248]]]}, {"type": "Polygon", "coordinates": [[[8.7613, 55.7482], [8.7605, 55.7478], [8.7595, 55.7494], [8.7613, 55.7482]]]}, {"type": "Polygon", "coordinates": [[[8.8204, 55.7617], [8.8262, 55.7604], [8.8037, 55.7593], [8.7999, 55.7607], [8.8204, 55.7617]]]}, {"type": "Polygon", "coordinates": [[[8.4393, 55.7677], [8.4434, 55.7663], [8.4463, 55.7628], [8.4418, 55.7652], [8.4393, 55.7677]]]}, {"type": "Polygon", "coordinates": [[[8.7315, 55.7658], [8.7368, 55.7673], [8.7383, 55.7651], [8.7315, 55.7658]]]}, {"type": "Polygon", "coordinates": [[[8.4924, 55.7789], [8.4908, 55.7795], [8.4912, 55.7803], [8.4924, 55.7789]]]}, {"type": "Polygon", "coordinates": [[[8.6523, 55.7854], [8.6536, 55.7844], [8.6516, 55.7843], [8.6523, 55.7854]]]}, {"type": "Polygon", "coordinates": [[[8.5034, 55.8894], [8.5025, 55.887], [8.5015, 55.8891], [8.5034, 55.8894]]]}, {"type": "Polygon", "coordinates": [[[8.5029, 55.8908], [8.5038, 55.8926], [8.5043, 55.8927], [8.5029, 55.8908]]]}, {"type": "Polygon", "coordinates": [[[8.4146, 55.9152], [8.4149, 55.9116], [8.4127, 55.9114], [8.4146, 55.9152]]]}, {"type": "Polygon", "coordinates": [[[8.5041, 55.9187], [8.5031, 55.9184], [8.5021, 55.9189], [8.5041, 55.9187]]]}, {"type": "Polygon", "coordinates": [[[8.5013, 55.9201], [8.4983, 55.9187], [8.4952, 55.9215], [8.5129, 55.9277], [8.5125, 55.9236], [8.5055, 55.9248], [8.5051, 55.922], [8.5, 55.9228], [8.5013, 55.9201]]]}, {"type": "Polygon", "coordinates": [[[8.545, 55.9235], [8.5421, 55.9243], [8.5452, 55.9259], [8.5481, 55.9252], [8.545, 55.9235]]]}, {"type": "Polygon", "coordinates": [[[8.4843, 55.926], [8.4851, 55.9257], [8.4837, 55.9255], [8.4843, 55.926]]]}, {"type": "Polygon", "coordinates": [[[8.5202, 55.9264], [8.5162, 55.9261], [8.5155, 55.9268], [8.5181, 55.9269], [8.5202, 55.9264]]]}, {"type": "Polygon", "coordinates": [[[8.5367, 55.9298], [8.5512, 55.9286], [8.5592, 55.9316], [8.5715, 55.9292], [8.5592, 55.9307], [8.5522, 55.9275], [8.5367, 55.9298]]]}, {"type": "Polygon", "coordinates": [[[8.7839, 55.9388], [8.785, 55.9392], [8.7836, 55.9374], [8.7814, 55.9375], [8.7839, 55.9388]]]}, {"type": "Polygon", "coordinates": [[[8.579, 55.9919], [8.5761, 55.9922], [8.579, 55.9933], [8.579, 55.9919]]]}, {"type": "Polygon", "coordinates": [[[8.3497, 56.0077], [8.3557, 56.0064], [8.3475, 56.0059], [8.346, 56.0102], [8.3545, 56.0082], [8.3497, 56.0077]]]}, {"type": "Polygon", "coordinates": [[[8.3534, 56.0093], [8.3532, 56.011], [8.3549, 56.0103], [8.3534, 56.0093]]]}, {"type": "Polygon", "coordinates": [[[8.5402, 56.022], [8.5424, 56.0226], [8.5396, 56.0216], [8.5402, 56.022]]]}, {"type": "Polygon", "coordinates": [[[8.3756, 56.0692], [8.3748, 56.0698], [8.3768, 56.0695], [8.3756, 56.0692]]]}, {"type": "Polygon", "coordinates": [[[8.3908, 56.0699], [8.3895, 56.0701], [8.3894, 56.0709], [8.3908, 56.0699]]]}, {"type": "Polygon", "coordinates": [[[8.3567, 56.084], [8.3581, 56.0835], [8.3569, 56.083], [8.3567, 56.084]]]}, {"type": "Polygon", "coordinates": [[[8.5125, 56.117], [8.5139, 56.1172], [8.5137, 56.1164], [8.5125, 56.117]]]}, {"type": "Polygon", "coordinates": [[[8.6128, 56.13], [8.616, 56.1296], [8.6128, 56.1293], [8.6128, 56.13]]]}, {"type": "Polygon", "coordinates": [[[8.3945, 56.1369], [8.3945, 56.1366], [8.3943, 56.1367], [8.3945, 56.1369]]]}, {"type": "Polygon", "coordinates": [[[8.4306, 56.1387], [8.4288, 56.1394], [8.4302, 56.1394], [8.4306, 56.1387]]]}, {"type": "Polygon", "coordinates": [[[8.3619, 56.1498], [8.3662, 56.149], [8.3662, 56.1457], [8.3619, 56.1498]]]}, {"type": "Polygon", "coordinates": [[[8.5457, 56.1585], [8.5483, 56.159], [8.5473, 56.1572], [8.5457, 56.1585]]]}, {"type": "Polygon", "coordinates": [[[8.3734, 56.1635], [8.3713, 56.1589], [8.3684, 56.16], [8.3681, 56.1624], [8.3734, 56.1635]]]}, {"type": "Polygon", "coordinates": [[[8.446, 56.1666], [8.4467, 56.1672], [8.447, 56.1658], [8.446, 56.1666]]]}, {"type": "Polygon", "coordinates": [[[8.5191, 56.2088], [8.5192, 56.2091], [8.5227, 56.2082], [8.5191, 56.2088]]]}, {"type": "Polygon", "coordinates": [[[8.7265, 56.2121], [8.7232, 56.2122], [8.7269, 56.2129], [8.7265, 56.2121]]]}, {"type": "Polygon", "coordinates": [[[8.4731, 56.2169], [8.4749, 56.2191], [8.4758, 56.2185], [8.4731, 56.2169]]]}, {"type": "Polygon", "coordinates": [[[8.4643, 56.2503], [8.4659, 56.2522], [8.4671, 56.2504], [8.4643, 56.2503]]]}, {"type": "Polygon", "coordinates": [[[8.3939, 56.2527], [8.3996, 56.2554], [8.4098, 56.2506], [8.3939, 56.2527]]]}, {"type": "Polygon", "coordinates": [[[8.5185, 56.369], [8.5175, 56.3691], [8.5193, 56.3697], [8.5185, 56.369]]]}, {"type": "Polygon", "coordinates": [[[8.6466, 56.3992], [8.6434, 56.3989], [8.6474, 56.4017], [8.6466, 56.3992]]]}, {"type": "Polygon", "coordinates": [[[8.7601, 56.4098], [8.7547, 56.4084], [8.7536, 56.4114], [8.7601, 56.4098]]]}, {"type": "Polygon", "coordinates": [[[8.7549, 56.4191], [8.7491, 56.4211], [8.749, 56.425], [8.7552, 56.4216], [8.7549, 56.4191]]]}, {"type": "Polygon", "coordinates": [[[8.3655, 56.4376], [8.3679, 56.4363], [8.3641, 56.4364], [8.3655, 56.4376]]]}, {"type": "Polygon", "coordinates": [[[8.3739, 56.437], [8.3736, 56.4375], [8.3777, 56.4377], [8.3739, 56.437]]]}, {"type": "Polygon", "coordinates": [[[8.7994, 56.4561], [8.7973, 56.4558], [8.7981, 56.4571], [8.7994, 56.4561]]]}, {"type": "Polygon", "coordinates": [[[8.5133, 56.4818], [8.5136, 56.4805], [8.5113, 56.4806], [8.5133, 56.4818]]]}, {"type": "Polygon", "coordinates": [[[8.3671, 56.4904], [8.3689, 56.488], [8.3611, 56.4849], [8.3655, 56.4877], [8.3671, 56.4904]]]}, {"type": "Polygon", "coordinates": [[[8.3784, 56.4901], [8.3897, 56.49], [8.3856, 56.4894], [8.3784, 56.4901]]]}, {"type": "Polygon", "coordinates": [[[8.8255, 56.5105], [8.8293, 56.5095], [8.8269, 56.5057], [8.8241, 56.5077], [8.8255, 56.5105]]]}, {"type": "Polygon", "coordinates": [[[8.8492, 56.5226], [8.8471, 56.5235], [8.849, 56.5239], [8.8492, 56.5226]]]}, {"type": "Polygon", "coordinates": [[[8.7505, 56.5432], [8.7508, 56.5388], [8.7403, 56.5351], [8.7505, 56.5432]]]}, {"type": "Polygon", "coordinates": [[[8.5104, 56.5942], [8.5107, 56.5977], [8.5188, 56.5974], [8.5182, 56.5909], [8.5104, 56.5942]]]}, {"type": "Polygon", "coordinates": [[[8.7052, 56.6176], [8.6987, 56.6098], [8.6966, 56.614], [8.7069, 56.6216], [8.7117, 56.6184], [8.7052, 56.6176]]]}, {"type": "Polygon", "coordinates": [[[8.7771, 56.6365], [8.772, 56.6456], [8.7759, 56.6501], [8.7806, 56.6485], [8.7771, 56.6365]]]}, {"type": "Polygon", "coordinates": [[[8.8129, 56.6769], [8.8127, 56.6729], [8.8245, 56.6665], [8.8265, 56.6607], [8.8343, 56.6547], [8.828, 56.6565], [8.8206, 56.6654], [8.8052, 56.6691], [8.7991, 56.6764], [8.8129, 56.6769]]]}, {"type": "Polygon", "coordinates": [[[8.3551, 56.6899], [8.3604, 56.6922], [8.3644, 56.6913], [8.3619, 56.6894], [8.3551, 56.6899]]]}, {"type": "Polygon", "coordinates": [[[8.6808, 56.7037], [8.6782, 56.7044], [8.6826, 56.7044], [8.6808, 56.7037]]]}, {"type": "Polygon", "coordinates": [[[8.8146, 56.7325], [8.8122, 56.733], [8.8129, 56.7339], [8.8146, 56.7325]]]}, {"type": "Polygon", "coordinates": [[[8.7804, 56.765], [8.7812, 56.7619], [8.7787, 56.7617], [8.7804, 56.765]]]}, {"type": "Polygon", "coordinates": [[[8.8244, 56.7643], [8.8272, 56.7652], [8.8286, 56.7641], [8.8244, 56.7643]]]}, {"type": "Polygon", "coordinates": [[[8.6198, 56.7664], [8.6214, 56.7663], [8.6192, 56.7662], [8.6198, 56.7664]]]}, {"type": "Polygon", "coordinates": [[[8.5606, 56.7646], [8.5602, 56.7675], [8.5626, 56.7683], [8.5648, 56.7645], [8.5606, 56.7646]]]}, {"type": "Polygon", "coordinates": [[[8.8151, 56.7797], [8.8155, 56.7782], [8.8126, 56.778], [8.8118, 56.7799], [8.8151, 56.7797]]]}, {"type": "Polygon", "coordinates": [[[8.7891, 56.7804], [8.7903, 56.7801], [8.7875, 56.7801], [8.7891, 56.7804]]]}, {"type": "Polygon", "coordinates": [[[8.8034, 56.7818], [8.8039, 56.781], [8.8017, 56.7817], [8.8034, 56.7818]]]}, {"type": "Polygon", "coordinates": [[[8.3898, 56.8089], [8.3916, 56.8084], [8.3898, 56.8087], [8.3898, 56.8089]]]}, {"type": "Polygon", "coordinates": [[[8.3995, 56.8158], [8.3991, 56.8155], [8.399, 56.8159], [8.3995, 56.8158]]]}, {"type": "Polygon", "coordinates": [[[8.4018, 56.8179], [8.4034, 56.8173], [8.4025, 56.8167], [8.4018, 56.8179]]]}, {"type": "Polygon", "coordinates": [[[8.6665, 56.823], [8.6628, 56.8204], [8.6638, 56.8146], [8.6631, 56.8176], [8.6555, 56.8203], [8.6665, 56.823]]]}, {"type": "Polygon", "coordinates": [[[8.4802, 56.8189], [8.4784, 56.8172], [8.4788, 56.8198], [8.4742, 56.8217], [8.4775, 56.8214], [8.4802, 56.8189]]]}, {"type": "Polygon", "coordinates": [[[8.4967, 56.826], [8.494, 56.8252], [8.4978, 56.8267], [8.4967, 56.826]]]}, {"type": "Polygon", "coordinates": [[[8.4836, 56.827], [8.4836, 56.8265], [8.4829, 56.8271], [8.4836, 56.827]]]}, {"type": "Polygon", "coordinates": [[[8.4819, 56.8285], [8.4813, 56.829], [8.4818, 56.829], [8.4819, 56.8285]]]}, {"type": "Polygon", "coordinates": [[[8.5089, 56.8298], [8.507, 56.8304], [8.5096, 56.8301], [8.5089, 56.8298]]]}, {"type": "Polygon", "coordinates": [[[8.5953, 56.8479], [8.597, 56.8488], [8.5961, 56.8472], [8.5953, 56.8479]]]}, {"type": "Polygon", "coordinates": [[[8.3785, 56.8517], [8.3775, 56.8503], [8.3765, 56.8508], [8.3785, 56.8517]]]}, {"type": "Polygon", "coordinates": [[[8.425, 56.8467], [8.4122, 56.8517], [8.4142, 56.8569], [8.4002, 56.8668], [8.3989, 56.8756], [8.393, 56.8813], [8.3952, 56.8918], [8.4017, 56.8897], [8.4126, 56.8686], [8.4362, 56.846], [8.4374, 56.8383], [8.4441, 56.8347], [8.4415, 56.831], [8.4464, 56.8228], [8.4395, 56.826], [8.425, 56.8467]], [[8.4059, 56.8667], [8.407, 56.8679], [8.4055, 56.8672], [8.4059, 56.8667]], [[8.4028, 56.8724], [8.4033, 56.869], [8.4077, 56.8692], [8.4028, 56.8724]]]}, {"type": "Polygon", "coordinates": [[[8.5425, 56.858], [8.5401, 56.8572], [8.5412, 56.859], [8.5435, 56.8599], [8.5425, 56.858]]]}, {"type": "Polygon", "coordinates": [[[8.4547, 56.8728], [8.4568, 56.873], [8.4556, 56.872], [8.4547, 56.8728]]]}, {"type": "Polygon", "coordinates": [[[8.3635, 56.8762], [8.3659, 56.8771], [8.3665, 56.877], [8.3635, 56.8762]]]}, {"type": "Polygon", "coordinates": [[[8.518, 56.8815], [8.5138, 56.884], [8.5179, 56.8841], [8.518, 56.8815]]]}, {"type": "Polygon", "coordinates": [[[8.4482, 56.8867], [8.4325, 56.886], [8.4275, 56.8915], [8.4307, 56.8946], [8.4422, 56.8943], [8.4482, 56.8867]]]}, {"type": "Polygon", "coordinates": [[[8.5918, 56.8929], [8.5901, 56.8924], [8.5901, 56.8931], [8.5918, 56.8929]]]}, {"type": "Polygon", "coordinates": [[[8.5701, 56.9027], [8.5622, 56.9023], [8.5704, 56.9038], [8.5728, 56.9083], [8.5701, 56.9027]]]}, {"type": "Polygon", "coordinates": [[[8.4499, 56.9049], [8.4504, 56.906], [8.4514, 56.9053], [8.4499, 56.9049]]]}, {"type": "Polygon", "coordinates": [[[8.3992, 56.908], [8.403, 56.9094], [8.4077, 56.9057], [8.4019, 56.9039], [8.3992, 56.908]]]}, {"type": "Polygon", "coordinates": [[[8.3997, 56.9166], [8.3938, 56.917], [8.3909, 56.9182], [8.3926, 56.9195], [8.3997, 56.9166]]]}, {"type": "Polygon", "coordinates": [[[8.4728, 56.9323], [8.478, 56.9315], [8.4791, 56.9268], [8.4747, 56.9274], [8.4728, 56.9323]]]}, {"type": "Polygon", "coordinates": [[[8.4129, 56.927], [8.4025, 56.931], [8.4031, 56.9345], [8.422, 56.9344], [8.4129, 56.927]]]}, {"type": "Polygon", "coordinates": [[[8.5779, 56.9274], [8.5635, 56.9278], [8.5765, 56.9417], [8.5819, 56.9426], [8.5829, 56.9315], [8.5779, 56.9274]], [[8.5743, 56.9364], [8.5736, 56.935], [8.5755, 56.9345], [8.5743, 56.9364]]]}, {"type": "Polygon", "coordinates": [[[8.8486, 56.9397], [8.847, 56.9393], [8.8486, 56.9399], [8.8486, 56.9397]]]}, {"type": "Polygon", "coordinates": [[[8.4073, 56.9434], [8.4077, 56.9428], [8.407, 56.9429], [8.4073, 56.9434]]]}, {"type": "Polygon", "coordinates": [[[8.4104, 56.9434], [8.4131, 56.9449], [8.422, 56.9444], [8.4178, 56.9416], [8.4104, 56.9434]]]}, {"type": "Polygon", "coordinates": [[[8.4081, 56.9454], [8.4077, 56.9462], [8.4083, 56.9463], [8.4081, 56.9454]]]}, {"type": "Polygon", "coordinates": [[[8.4223, 56.9459], [8.4206, 56.9456], [8.4211, 56.9463], [8.4223, 56.9459]]]}, {"type": "Polygon", "coordinates": [[[8.4144, 56.9501], [8.4135, 56.9498], [8.4134, 56.9505], [8.4144, 56.9501]]]}, {"type": "Polygon", "coordinates": [[[8.5762, 56.954], [8.5543, 56.9466], [8.5342, 56.9487], [8.5172, 56.946], [8.4869, 56.953], [8.4751, 56.949], [8.4809, 56.9481], [8.4811, 56.9439], [8.4713, 56.9392], [8.4568, 56.9462], [8.4603, 56.9478], [8.4603, 56.9522], [8.4878, 56.9632], [8.4974, 56.9587], [8.5009, 56.9619], [8.5262, 56.9618], [8.5251, 56.9571], [8.5431, 56.9559], [8.5505, 56.9589], [8.5637, 56.9561], [8.5858, 56.9592], [8.5827, 56.9553], [8.5841, 56.9494], [8.5762, 56.954]], [[8.5358, 56.9498], [8.538, 56.9509], [8.5355, 56.9506], [8.5358, 56.9498]], [[8.5675, 56.9531], [8.5673, 56.954], [8.5665, 56.9533], [8.5675, 56.9531]], [[8.5777, 56.9575], [8.5788, 56.9569], [8.5792, 56.9574], [8.5777, 56.9575]], [[8.5402, 56.9514], [8.5429, 56.9494], [8.5409, 56.952], [8.5402, 56.9514]]]}, {"type": "Polygon", "coordinates": [[[8.6526, 56.9538], [8.6501, 56.9528], [8.6478, 56.9527], [8.6526, 56.9538]]]}, {"type": "Polygon", "coordinates": [[[8.4318, 56.9573], [8.4307, 56.9571], [8.4323, 56.9582], [8.4318, 56.9573]]]}, {"type": "Polygon", "coordinates": [[[8.4671, 56.9671], [8.467, 56.9701], [8.4571, 56.9704], [8.4612, 56.974], [8.4719, 56.9754], [8.4745, 56.9713], [8.4671, 56.9671]]]}, {"type": "Polygon", "coordinates": [[[8.5058, 56.9882], [8.5017, 56.9793], [8.5038, 56.9758], [8.4951, 56.9755], [8.4963, 56.9847], [8.5058, 56.9882]]]}, {"type": "Polygon", "coordinates": [[[8.6647, 56.9848], [8.6637, 56.9832], [8.6637, 56.9849], [8.6647, 56.9848]]]}, {"type": "Polygon", "coordinates": [[[8.4919, 56.9975], [8.4872, 56.9973], [8.4914, 56.9988], [8.4867, 56.9995], [8.4923, 57.0029], [8.4954, 57.0012], [8.4919, 56.9975]]]}, {"type": "Polygon", "coordinates": [[[8.7475, 57.0013], [8.746, 57.0037], [8.748, 57.0028], [8.7494, 57.0004], [8.7475, 57.0013]]]}, {"type": "Polygon", "coordinates": [[[8.7819, 57.009], [8.7835, 57.0088], [8.7814, 57.0066], [8.7819, 57.009]]]}, {"type": "Polygon", "coordinates": [[[8.5656, 57.0201], [8.5728, 57.0095], [8.5809, 57.0064], [8.5694, 57.0018], [8.5413, 57.0042], [8.5383, 57.018], [8.5338, 57.0224], [8.5398, 57.0268], [8.5526, 57.0258], [8.5656, 57.0201]]]}, {"type": "Polygon", "coordinates": [[[8.5328, 57.0284], [8.5322, 57.028], [8.5318, 57.0285], [8.5328, 57.0284]]]}, {"type": "Polygon", "coordinates": [[[8.525, 57.032], [8.5234, 57.0318], [8.5231, 57.0322], [8.525, 57.032]]]}, {"type": "Polygon", "coordinates": [[[8.6393, 57.0265], [8.6413, 57.0226], [8.632, 57.0265], [8.5973, 57.0258], [8.5914, 57.0326], [8.5834, 57.0331], [8.591, 57.0418], [8.6029, 57.0356], [8.6164, 57.0344], [8.6159, 57.0393], [8.627, 57.04], [8.6249, 57.0365], [8.6343, 57.032], [8.6339, 57.0268], [8.6546, 57.0307], [8.6525, 57.0288], [8.6623, 57.0239], [8.654, 57.0265], [8.6393, 57.0265]]]}, {"type": "Polygon", "coordinates": [[[8.5484, 57.0383], [8.5527, 57.0373], [8.5506, 57.0373], [8.5484, 57.0383]]]}, {"type": "Polygon", "coordinates": [[[8.7823, 57.0456], [8.7641, 57.048], [8.7836, 57.0493], [8.785, 57.0406], [8.7823, 57.0456]]]}, {"type": "Polygon", "coordinates": [[[8.6841, 57.0474], [8.6865, 57.0465], [8.684, 57.0472], [8.6841, 57.0474]]]}, {"type": "Polygon", "coordinates": [[[8.8296, 57.0498], [8.8408, 57.0495], [8.8435, 57.0477], [8.8296, 57.0498]]]}, {"type": "Polygon", "coordinates": [[[8.5955, 57.0525], [8.5953, 57.0524], [8.5952, 57.0527], [8.5955, 57.0525]]]}, {"type": "Polygon", "coordinates": [[[8.596, 57.0533], [8.5959, 57.053], [8.5956, 57.0532], [8.596, 57.0533]]]}, {"type": "Polygon", "coordinates": [[[8.5999, 57.0559], [8.5949, 57.0549], [8.5942, 57.056], [8.5999, 57.0559]]]}, {"type": "Polygon", "coordinates": [[[8.617, 57.061], [8.6181, 57.064], [8.6217, 57.0635], [8.6206, 57.0599], [8.617, 57.061]]]}, {"type": "Polygon", "coordinates": [[[8.5992, 57.0593], [8.6081, 57.0682], [8.6141, 57.0646], [8.6032, 57.0588], [8.5992, 57.0593]]]}, {"type": "Polygon", "coordinates": [[[8.6568, 57.0643], [8.6548, 57.065], [8.6569, 57.0658], [8.6568, 57.0643]]]}, {"type": "Polygon", "coordinates": [[[8.675, 57.0696], [8.6771, 57.0693], [8.6765, 57.0672], [8.675, 57.0696]]]}, {"type": "Polygon", "coordinates": [[[8.7025, 57.0732], [8.7087, 57.078], [8.7136, 57.0772], [8.7083, 57.0733], [8.7025, 57.0732]]]}, {"type": "Polygon", "coordinates": [[[8.6049, 57.0741], [8.601, 57.0809], [8.6084, 57.072], [8.6049, 57.0741]]]}, {"type": "Polygon", "coordinates": [[[8.7798, 57.0813], [8.791, 57.0832], [8.8125, 57.0796], [8.7849, 57.0776], [8.7798, 57.0813]]]}, {"type": "Polygon", "coordinates": [[[8.7658, 57.0836], [8.7718, 57.0818], [8.7658, 57.0816], [8.7622, 57.0827], [8.7658, 57.0836]]]}, {"type": "Polygon", "coordinates": [[[8.6414, 57.0855], [8.6408, 57.086], [8.6425, 57.0873], [8.6455, 57.086], [8.6414, 57.0855]]]}, {"type": "Polygon", "coordinates": [[[8.7489, 57.0894], [8.7692, 57.0864], [8.7728, 57.0849], [8.7613, 57.085], [8.7489, 57.0894]]]}, {"type": "Polygon", "coordinates": [[[8.6453, 57.0882], [8.6404, 57.0917], [8.6405, 57.0919], [8.6453, 57.0882]]]}, {"type": "Polygon", "coordinates": [[[8.6464, 57.0876], [8.6535, 57.0875], [8.6532, 57.0937], [8.6561, 57.0942], [8.6552, 57.0875], [8.6508, 57.0861], [8.6464, 57.0876]]]}, {"type": "Polygon", "coordinates": [[[8.6352, 57.0974], [8.637, 57.0973], [8.6361, 57.0958], [8.6352, 57.0974]]]}, {"type": "Polygon", "coordinates": [[[8.6237, 57.1022], [8.6318, 57.0993], [8.6266, 57.0997], [8.6237, 57.1022]]]}, {"type": "Polygon", "coordinates": [[[9.6502, 51.4191], [9.6496, 51.4064], [9.6469, 51.4031], [9.6419, 51.4002], [9.6038, 51.4035], [9.6296, 51.4038], [9.6405, 51.4004], [9.6481, 51.4053], [9.6494, 51.4102], [9.646, 51.4145], [9.6455, 51.4158], [9.6474, 51.4212], [9.6389, 51.4273], [9.6364, 51.4343], [9.6385, 51.4442], [9.6427, 51.4515], [9.6302, 51.4529], [9.6284, 51.456], [9.6316, 51.4603], [9.6443, 51.4682], [9.6398, 51.4733], [9.6263, 51.4758], [9.6164, 51.4829], [9.6066, 51.4936], [9.5986, 51.5064], [9.5848, 51.5166], [9.5856, 51.5204], [9.5899, 51.5239], [9.5961, 51.5239], [9.6047, 51.5214], [9.6126, 51.5248], [9.6193, 51.5319], [9.6216, 51.5421], [9.6127, 51.5488], [9.6018, 51.5655], [9.592, 51.5719], [9.5914, 51.5743], [9.5931, 51.5861], [9.5907, 51.5898], [9.5818, 51.5954], [9.5731, 51.5961], [9.5639, 51.5996], [9.5521, 51.6002], [9.5436, 51.6035], [9.5397, 51.6124], [9.557, 51.6316], [9.555, 51.6373], [9.5423, 51.6399], [9.5342, 51.6313], [9.5231, 51.6258], [9.5158, 51.6257], [9.5054, 51.6271], [9.495, 51.6313], [9.4908, 51.6359], [9.4936, 51.6459], [9.4979, 51.6514], [9.4929, 51.6576], [9.4663, 51.6531], [9.4496, 51.6428], [9.4462, 51.6431], [9.4365, 51.6483], [9.4317, 51.6481], [9.4169, 51.6429], [9.4042, 51.6363], [9.4004, 51.6353], [9.3942, 51.635], [9.3832, 51.6372], [9.3775, 51.6407], [9.3743, 51.6453], [9.3739, 51.6501], [9.3799, 51.6673], [9.3833, 51.6697], [9.397, 51.674], [9.3955, 51.68], [9.3881, 51.6855], [9.3862, 51.6901], [9.3874, 51.6914], [9.3996, 51.698], [9.4015, 51.7023], [9.4004, 51.7059], [9.39, 51.7139], [9.3868, 51.7195], [9.3873, 51.7231], [9.3939, 51.7316], [9.3801, 51.7367], [9.3751, 51.7413], [9.3755, 51.745], [9.3847, 51.7517], [9.3799, 51.7691], [9.383, 51.7733], [9.3923, 51.7765], [9.399, 51.7763], [9.4083, 51.7724], [9.4111, 51.7735], [9.4153, 51.7889], [9.4234, 51.8053], [9.417, 51.8071], [9.4108, 51.8025], [9.405, 51.8037], [9.4033, 51.8058], [9.4049, 51.8131], [9.4092, 51.8154], [9.4315, 51.8185], [9.4419, 51.8269], [9.4415, 51.8312], [9.4335, 51.8382], [9.4326, 51.841], [9.434, 51.8424], [9.4464, 51.8484], [9.4541, 51.8511], [9.4591, 51.8547], [9.4612, 51.8578], [9.4591, 51.8633], [9.4669, 51.8752], [9.4661, 51.8808], [9.4611, 51.8853], [9.4334, 51.8854], [9.4109, 51.8924], [9.4079, 51.8959], [9.4098, 51.9074], [9.412, 51.9098], [9.4201, 51.9113], [9.4346, 51.9104], [9.463, 51.9002], [9.4693, 51.9051], [9.4567, 51.9231], [9.4559, 51.9267], [9.4573, 51.9294], [9.4623, 51.9312], [9.4668, 51.931], [9.4878, 51.9232], [9.5076, 51.9291], [9.5094, 51.9386], [9.5019, 51.9504], [9.5013, 51.9592], [9.5024, 51.9623], [9.5035, 51.9642], [9.5128, 51.9767], [9.5198, 51.9818], [9.5167, 51.9867], [9.5002, 51.9964], [9.4837, 51.9947], [9.4721, 51.9878], [9.4585, 51.9843], [9.4482, 51.986], [9.4372, 51.9917], [9.4328, 51.9962], [9.4254, 52.0127], [9.4241, 52.0206], [9.4295, 52.028], [9.4274, 52.0316], [9.4153, 52.0377], [9.4053, 52.0465], [9.3572, 52.0632], [9.3528, 52.0666], [9.3672, 52.0845], [9.3528, 52.0913], [9.353, 52.0982], [9.3474, 52.1109], [9.3331, 52.1197], [9.3158, 52.1165], [9.294, 52.127], [9.286, 52.1341], [9.2827, 52.1407], [9.2683, 52.1489], [9.2668, 52.1598], [9.2533, 52.1654], [9.231, 52.1604], [9.2139, 52.1615], [9.2034, 52.1576], [9.2007, 52.1582], [9.1908, 52.1641], [9.1845, 52.1758], [9.1795, 52.1757], [9.1733, 52.17], [9.1706, 52.1691], [9.1685, 52.1694], [9.1614, 52.1724], [9.1564, 52.1812], [9.1467, 52.1853], [9.1314, 52.1757], [9.1259, 52.1746], [9.1207, 52.1749], [9.1018, 52.1804], [9.1003, 52.1844], [9.1045, 52.1899], [9.1001, 52.1938], [9.0807, 52.1899], [9.0745, 52.1909], [9.0551, 52.1978], [9.0508, 52.1968], [9.0446, 52.1908], [9.039, 52.1888], [9.0291, 52.1898], [9.0218, 52.1974], [9.0089, 52.1896], [8.9944, 52.1914], [8.9975, 52.1804], [8.9946, 52.1746], [8.9901, 52.1735], [8.9847, 52.1738], [8.9784, 52.1776], [8.9712, 52.1769], [8.9677, 52.1774], [8.9521, 52.1828], [8.9285, 52.1851], [8.9055, 52.1667], [8.9006, 52.1649], [8.881, 52.1649], [8.8739, 52.166], [8.8656, 52.1698], [8.8606, 52.1796], [8.8656, 52.1743], [8.868, 52.1692], [8.8808, 52.1655], [8.9029, 52.166], [8.9254, 52.1845], [8.9309, 52.186], [8.9523, 52.1833], [8.969, 52.1776], [8.9783, 52.1781], [8.9888, 52.1739], [8.9963, 52.1789], [8.9923, 52.1886], [8.9946, 52.1925], [9.0084, 52.1901], [9.0152, 52.1966], [9.022, 52.1979], [9.0297, 52.1903], [9.0391, 52.1894], [9.05, 52.1971], [9.0552, 52.1983], [9.0807, 52.1905], [9.0934, 52.1944], [9.1018, 52.1937], [9.1055, 52.1901], [9.1018, 52.1813], [9.1214, 52.1753], [9.1314, 52.1764], [9.1465, 52.1858], [9.1574, 52.1813], [9.1626, 52.1723], [9.1687, 52.1698], [9.1766, 52.1751], [9.1801, 52.1763], [9.1841, 52.1764], [9.1887, 52.173], [9.1914, 52.1647], [9.2017, 52.1584], [9.2159, 52.1623], [9.2307, 52.161], [9.2547, 52.1658], [9.2683, 52.1596], [9.2696, 52.1487], [9.2831, 52.1415], [9.2954, 52.1271], [9.3162, 52.117], [9.3316, 52.1207], [9.3481, 52.111], [9.3537, 52.1042], [9.3545, 52.0916], [9.3656, 52.0881], [9.3686, 52.0834], [9.3542, 52.0665], [9.4062, 52.0467], [9.4286, 52.0315], [9.4304, 52.0278], [9.4252, 52.0177], [9.4374, 51.9925], [9.4575, 51.9849], [9.4846, 51.9956], [9.5013, 51.9969], [9.517, 51.9874], [9.5207, 51.9829], [9.5192, 51.9778], [9.5022, 51.9592], [9.5027, 51.9509], [9.5109, 51.9363], [9.5108, 51.933], [9.5061, 51.9268], [9.4997, 51.9242], [9.4859, 51.9226], [9.4692, 51.9297], [9.4581, 51.9292], [9.4577, 51.9233], [9.4701, 51.9053], [9.463, 51.8997], [9.4556, 51.9001], [9.4338, 51.9098], [9.4202, 51.9107], [9.4107, 51.907], [9.4089, 51.8959], [9.4112, 51.8932], [9.4345, 51.8859], [9.4614, 51.8858], [9.4667, 51.8819], [9.4679, 51.8751], [9.4599, 51.8631], [9.4621, 51.8581], [9.4605, 51.8548], [9.4554, 51.8511], [9.4335, 51.8412], [9.442, 51.832], [9.4434, 51.8272], [9.4319, 51.8181], [9.4059, 51.8132], [9.4051, 51.8045], [9.4099, 51.803], [9.4171, 51.8077], [9.4227, 51.807], [9.4243, 51.8048], [9.4113, 51.7724], [9.4075, 51.7718], [9.3941, 51.7762], [9.381, 51.7694], [9.3858, 51.7528], [9.3757, 51.7423], [9.395, 51.7313], [9.3877, 51.7197], [9.3901, 51.7151], [9.4011, 51.7063], [9.4023, 51.7038], [9.3997, 51.6972], [9.3871, 51.6903], [9.3958, 51.6809], [9.3978, 51.6738], [9.3811, 51.667], [9.3751, 51.6469], [9.3823, 51.6384], [9.3996, 51.6357], [9.43, 51.6485], [9.4365, 51.6489], [9.4484, 51.6433], [9.4675, 51.6542], [9.493, 51.6581], [9.4989, 51.6518], [9.492, 51.6401], [9.4923, 51.6349], [9.507, 51.6273], [9.5238, 51.6267], [9.5425, 51.6404], [9.5553, 51.6379], [9.558, 51.6315], [9.5407, 51.6124], [9.5439, 51.6044], [9.5807, 51.5962], [9.5916, 51.5898], [9.5939, 51.5859], [9.5927, 51.5721], [9.6023, 51.566], [9.6141, 51.5484], [9.6222, 51.543], [9.6218, 51.5345], [9.6133, 51.5244], [9.6051, 51.5209], [9.5899, 51.5234], [9.5852, 51.5172], [9.603, 51.5029], [9.6186, 51.4819], [9.6265, 51.4765], [9.6386, 51.4746], [9.6441, 51.4705], [9.6447, 51.4663], [9.6292, 51.4556], [9.6438, 51.4513], [9.6371, 51.4356], [9.6401, 51.4272], [9.6533, 51.4195], [9.6748, 51.4165], [9.688, 51.4081], [9.7009, 51.4107], [9.7109, 51.4077], [9.7173, 51.4028], [9.7229, 51.4027], [9.7249, 51.4021], [9.7168, 51.4026], [9.7015, 51.4103], [9.6879, 51.4078], [9.6757, 51.4158], [9.6585, 51.4175], [9.6502, 51.4191]], [[9.5068, 51.9285], [9.4994, 51.9258], [9.4981, 51.9246], [9.5038, 51.9262], [9.5068, 51.9285]], [[9.5039, 51.9635], [9.5173, 51.9766], [9.5195, 51.9809], [9.5129, 51.9765], [9.5039, 51.9635]], [[8.8654, 52.1732], [8.8649, 52.1719], [8.8655, 52.1708], [8.8654, 52.1732]], [[9.3509, 52.1031], [9.3525, 52.1014], [9.3509, 52.1044], [9.3509, 52.1031]], [[9.3509, 52.105], [9.3526, 52.1042], [9.3506, 52.107], [9.3509, 52.105]], [[9.6508, 51.4197], [9.6577, 51.4179], [9.6643, 51.4174], [9.6508, 51.4197]], [[9.6647, 51.4173], [9.6649, 51.4174], [9.6643, 51.4174], [9.6647, 51.4173]], [[9.6477, 51.4201], [9.647, 51.4163], [9.648, 51.4141], [9.6499, 51.4191], [9.6477, 51.4201]], [[9.646, 51.4148], [9.6479, 51.4139], [9.6465, 51.4165], [9.646, 51.4148]]]}, {"type": "Polygon", "coordinates": [[[8.8504, 53.632], [8.8692, 53.6342], [8.8727, 53.629], [8.8656, 53.6231], [8.8549, 53.6228], [8.8454, 53.6274], [8.8504, 53.632]]]}, {"type": "Polygon", "coordinates": [[[9.3064, 54.3326], [9.3035, 54.333], [9.3038, 54.3364], [9.3082, 54.337], [9.3064, 54.3326]]]}, {"type": "Polygon", "coordinates": [[[9.2643, 54.3506], [9.2609, 54.3543], [9.2706, 54.3592], [9.2794, 54.3554], [9.2952, 54.3545], [9.2963, 54.3518], [9.288, 54.3472], [9.293, 54.3423], [9.286, 54.3443], [9.2781, 54.353], [9.2643, 54.3506]]]}, {"type": "Polygon", "coordinates": [[[9.0839, 54.3634], [9.078, 54.3617], [9.0411, 54.3668], [9.0293, 54.3712], [9.0251, 54.377], [9.0407, 54.3678], [9.0787, 54.3627], [9.0898, 54.371], [9.1051, 54.3635], [9.0897, 54.3701], [9.0839, 54.3634]]]}, {"type": "Polygon", "coordinates": [[[9.2018, 54.5987], [9.1981, 54.6006], [9.2023, 54.601], [9.2018, 54.5987]]]}, {"type": "Polygon", "coordinates": [[[8.8594, 54.8963], [8.8543, 54.897], [8.8608, 54.897], [8.8594, 54.8963]]]}, {"type": "Polygon", "coordinates": [[[8.8587, 54.9111], [8.8599, 54.9088], [8.8516, 54.9088], [8.8587, 54.9111]]]}, {"type": "Polygon", "coordinates": [[[9.2873, 54.9255], [9.2774, 54.9202], [9.2769, 54.9278], [9.2815, 54.9292], [9.2733, 54.9285], [9.2686, 54.9314], [9.2728, 54.9345], [9.2737, 54.944], [9.2733, 54.935], [9.286, 54.9294], [9.2873, 54.9255]]]}, {"type": "Polygon", "coordinates": [[[9.1539, 54.9515], [9.1555, 54.9512], [9.1535, 54.951], [9.1539, 54.9515]]]}, {"type": "Polygon", "coordinates": [[[8.9528, 54.9593], [8.954, 54.9647], [8.9587, 54.9667], [8.9604, 54.9667], [8.9565, 54.9653], [8.9572, 54.96], [8.9528, 54.9593]]]}, {"type": "Polygon", "coordinates": [[[8.9673, 54.975], [8.9688, 54.9753], [8.967, 54.9743], [8.9673, 54.975]]]}, {"type": "Polygon", "coordinates": [[[8.867, 55.0552], [8.8595, 55.0565], [8.8606, 55.0565], [8.867, 55.0552]]]}, {"type": "Polygon", "coordinates": [[[8.8512, 55.0609], [8.8533, 55.0595], [8.8499, 55.0598], [8.8466, 55.061], [8.8512, 55.0609]]]}, {"type": "Polygon", "coordinates": [[[8.9486, 55.0625], [8.9442, 55.0661], [8.9433, 55.0684], [8.9485, 55.0657], [8.9486, 55.0625]]]}, {"type": "Polygon", "coordinates": [[[9.0809, 55.1161], [9.0785, 55.1152], [9.0774, 55.1161], [9.078, 55.1163], [9.0809, 55.1161]]]}, {"type": "Polygon", "coordinates": [[[9.3086, 55.2507], [9.3086, 55.2533], [9.3093, 55.251], [9.3086, 55.2507]]]}, {"type": "Polygon", "coordinates": [[[8.8592, 55.3046], [8.8601, 55.3], [8.8553, 55.2992], [8.8491, 55.3034], [8.8592, 55.3046]]]}, {"type": "Polygon", "coordinates": [[[9.209, 55.358], [9.2032, 55.3588], [9.2117, 55.362], [9.2192, 55.3709], [9.2212, 55.3675], [9.2188, 55.3619], [9.209, 55.358]]]}, {"type": "Polygon", "coordinates": [[[9.2215, 55.3718], [9.2188, 55.3732], [9.2232, 55.3791], [9.2323, 55.3779], [9.2215, 55.3718]]]}, {"type": "Polygon", "coordinates": [[[9.2413, 55.3751], [9.2441, 55.3789], [9.2467, 55.3785], [9.2413, 55.3751]]]}, {"type": "Polygon", "coordinates": [[[9.3112, 55.4248], [9.328, 55.4296], [9.3369, 55.4277], [9.3112, 55.4248]]]}, {"type": "Polygon", "coordinates": [[[9.2872, 55.4373], [9.2953, 55.4353], [9.2839, 55.434], [9.2823, 55.4362], [9.2872, 55.4373]]]}, {"type": "Polygon", "coordinates": [[[9.0526, 55.475], [9.0529, 55.474], [9.0517, 55.4737], [9.048, 55.4759], [9.0526, 55.475]]]}, {"type": "Polygon", "coordinates": [[[9.2083, 55.4797], [9.2046, 55.4764], [9.1953, 55.4764], [9.1998, 55.4781], [9.2083, 55.4797]]]}, {"type": "Polygon", "coordinates": [[[9.2746, 55.4789], [9.2791, 55.479], [9.2694, 55.4771], [9.2746, 55.4789]]]}, {"type": "Polygon", "coordinates": [[[9.2454, 55.5842], [9.2471, 55.5841], [9.2466, 55.5832], [9.2454, 55.5842]]]}, {"type": "Polygon", "coordinates": [[[9.2444, 55.583], [9.2417, 55.5841], [9.2424, 55.5847], [9.2444, 55.583]]]}, {"type": "Polygon", "coordinates": [[[9.2783, 55.5828], [9.2711, 55.5812], [9.2717, 55.5857], [9.2778, 55.5867], [9.2783, 55.5828]]]}, {"type": "Polygon", "coordinates": [[[9.24, 55.5863], [9.2436, 55.5872], [9.2402, 55.5852], [9.24, 55.5863]]]}, {"type": "Polygon", "coordinates": [[[9.1719, 55.5941], [9.1741, 55.5931], [9.1709, 55.5935], [9.1719, 55.5941]]]}, {"type": "Polygon", "coordinates": [[[9.1056, 55.5986], [9.1071, 55.5988], [9.1062, 55.5968], [9.1036, 55.5977], [9.1056, 55.5986]]]}, {"type": "Polygon", "coordinates": [[[9.1501, 55.6015], [9.1491, 55.6024], [9.1511, 55.6024], [9.1501, 55.6015]]]}, {"type": "Polygon", "coordinates": [[[9.1444, 55.6033], [9.1448, 55.6025], [9.1417, 55.6035], [9.1444, 55.6033]]]}, {"type": "Polygon", "coordinates": [[[9.3, 55.6071], [9.3038, 55.6059], [9.2976, 55.6063], [9.3, 55.6071]]]}, {"type": "Polygon", "coordinates": [[[9.1167, 55.6072], [9.117, 55.6079], [9.1186, 55.6077], [9.1167, 55.6072]]]}, {"type": "Polygon", "coordinates": [[[9.0845, 55.611], [9.0821, 55.612], [9.0805, 55.6143], [9.0813, 55.6145], [9.0845, 55.611]]]}, {"type": "Polygon", "coordinates": [[[9.1849, 55.6163], [9.1861, 55.616], [9.186, 55.6158], [9.1849, 55.6163]]]}, {"type": "Polygon", "coordinates": [[[9.125, 55.6312], [9.121, 55.6319], [9.1218, 55.6325], [9.125, 55.6312]]]}, {"type": "Polygon", "coordinates": [[[9.1308, 55.6344], [9.1272, 55.6348], [9.1278, 55.6356], [9.1308, 55.6344]]]}, {"type": "Polygon", "coordinates": [[[9.1251, 55.6357], [9.1263, 55.6348], [9.1248, 55.6352], [9.1251, 55.6357]]]}, {"type": "Polygon", "coordinates": [[[9.1152, 55.6375], [9.1164, 55.6366], [9.1117, 55.6369], [9.1152, 55.6375]]]}, {"type": "Polygon", "coordinates": [[[9.1218, 55.6382], [9.1229, 55.6376], [9.1217, 55.638], [9.1218, 55.6382]]]}, {"type": "Polygon", "coordinates": [[[9.1265, 55.6405], [9.1281, 55.6385], [9.1211, 55.64], [9.1265, 55.6405]]]}, {"type": "Polygon", "coordinates": [[[8.9841, 55.6684], [8.9803, 55.669], [8.9878, 55.6695], [8.9841, 55.6684]]]}, {"type": "Polygon", "coordinates": [[[9.2504, 55.6805], [9.2532, 55.6816], [9.2578, 55.6798], [9.252, 55.6787], [9.2504, 55.6805]]]}, {"type": "Polygon", "coordinates": [[[9.1733, 55.6866], [9.1715, 55.686], [9.1691, 55.6872], [9.1733, 55.6866]]]}, {"type": "Polygon", "coordinates": [[[9.068, 55.7091], [9.0611, 55.7115], [9.0592, 55.714], [9.068, 55.7091]]]}, {"type": "Polygon", "coordinates": [[[9.3194, 55.7246], [9.3234, 55.7233], [9.3214, 55.7185], [9.3129, 55.7185], [9.3086, 55.7183], [9.3194, 55.7246]]]}, {"type": "Polygon", "coordinates": [[[9.0786, 55.7583], [9.084, 55.763], [9.0833, 55.7594], [9.0786, 55.7583]]]}, {"type": "Polygon", "coordinates": [[[8.9965, 55.7637], [8.9929, 55.7634], [8.9888, 55.7642], [8.9965, 55.7637]]]}, {"type": "Polygon", "coordinates": [[[9.0338, 55.7895], [9.0353, 55.7899], [9.0349, 55.7892], [9.0338, 55.7895]]]}, {"type": "Polygon", "coordinates": [[[9.0986, 55.7908], [9.1008, 55.7901], [9.0983, 55.79], [9.0986, 55.7908]]]}, {"type": "Polygon", "coordinates": [[[9.0271, 55.7911], [9.0228, 55.7914], [9.0242, 55.7935], [9.0271, 55.7911]]]}, {"type": "Polygon", "coordinates": [[[9.1047, 55.8139], [9.1058, 55.8135], [9.1018, 55.813], [9.1047, 55.8139]]]}, {"type": "Polygon", "coordinates": [[[8.8678, 55.8362], [8.8742, 55.8355], [8.8762, 55.8347], [8.8714, 55.8346], [8.8678, 55.8362]]]}, {"type": "Polygon", "coordinates": [[[9.1593, 55.8652], [9.1562, 55.865], [9.1548, 55.8656], [9.1593, 55.8652]]]}, {"type": "Polygon", "coordinates": [[[9.3221, 55.9347], [9.336, 55.9337], [9.3347, 55.9312], [9.3185, 55.9325], [9.3086, 55.9384], [9.3022, 55.9375], [9.3092, 55.9396], [9.3221, 55.9347]]]}, {"type": "Polygon", "coordinates": [[[9.253, 55.9367], [9.2494, 55.9389], [9.25, 55.9411], [9.2559, 55.9402], [9.2576, 55.9379], [9.253, 55.9367]], [[9.2512, 55.94], [9.2508, 55.9398], [9.252, 55.9392], [9.2512, 55.94]]]}, {"type": "Polygon", "coordinates": [[[9.3001, 55.939], [9.2953, 55.9426], [9.2975, 55.9426], [9.3022, 55.9405], [9.3001, 55.939]]]}, {"type": "Polygon", "coordinates": [[[9.3175, 55.9541], [9.3214, 55.9556], [9.3226, 55.9549], [9.3175, 55.9541]]]}, {"type": "Polygon", "coordinates": [[[8.9, 55.9809], [8.9016, 55.9809], [8.9019, 55.9804], [8.9, 55.9809]]]}, {"type": "Polygon", "coordinates": [[[9.0879, 55.9893], [9.089, 55.9888], [9.0866, 55.9885], [9.0879, 55.9893]]]}, {"type": "Polygon", "coordinates": [[[9.2745, 55.9966], [9.2859, 55.9913], [9.2791, 55.9901], [9.2689, 55.9941], [9.2745, 55.9966]]]}, {"type": "Polygon", "coordinates": [[[9.2655, 56.0038], [9.2633, 56.004], [9.2656, 56.0045], [9.2687, 56.0046], [9.2655, 56.0038]]]}, {"type": "Polygon", "coordinates": [[[8.8592, 56.04], [8.8596, 56.0406], [8.86, 56.04], [8.8592, 56.04]]]}, {"type": "Polygon", "coordinates": [[[9.0741, 56.0528], [9.0743, 56.0466], [9.0701, 56.0448], [9.055, 56.0482], [9.0677, 56.0535], [9.0741, 56.0528]]]}, {"type": "Polygon", "coordinates": [[[9.2263, 56.0769], [9.2283, 56.0776], [9.2287, 56.0767], [9.2263, 56.0769]]]}, {"type": "Polygon", "coordinates": [[[8.9683, 56.078], [8.9667, 56.0802], [8.9698, 56.0793], [8.9719, 56.0774], [8.9683, 56.078]]]}, {"type": "Polygon", "coordinates": [[[8.913, 56.1572], [8.9117, 56.1544], [8.905, 56.1528], [8.8999, 56.1563], [8.9008, 56.1595], [8.9084, 56.1602], [8.913, 56.1572]]]}, {"type": "Polygon", "coordinates": [[[9.272, 56.1845], [9.2694, 56.1876], [9.2729, 56.1846], [9.272, 56.1845]]]}, {"type": "Polygon", "coordinates": [[[9.2003, 56.1896], [9.1983, 56.1873], [9.1957, 56.1891], [9.1979, 56.1911], [9.2003, 56.1896]]]}, {"type": "Polygon", "coordinates": [[[9.3225, 56.1914], [9.3271, 56.1897], [9.3276, 56.1889], [9.3225, 56.1914]]]}, {"type": "Polygon", "coordinates": [[[9.3041, 56.2003], [9.3052, 56.1995], [9.3045, 56.199], [9.3006, 56.199], [9.3041, 56.2003]]]}, {"type": "Polygon", "coordinates": [[[9.1701, 56.2043], [9.1711, 56.2082], [9.1728, 56.2078], [9.1701, 56.2043]]]}, {"type": "Polygon", "coordinates": [[[9.0359, 56.2115], [9.0153, 56.2069], [9.0116, 56.2141], [9.0158, 56.2176], [9.0268, 56.2173], [9.0361, 56.2152], [9.0359, 56.2115]]]}, {"type": "Polygon", "coordinates": [[[8.8766, 56.2395], [8.875, 56.2404], [8.877, 56.2399], [8.8766, 56.2395]]]}, {"type": "Polygon", "coordinates": [[[8.8662, 56.2718], [8.8642, 56.271], [8.8637, 56.2714], [8.8662, 56.2718]]]}, {"type": "Polygon", "coordinates": [[[9.0854, 56.2933], [9.0901, 56.2933], [9.0898, 56.2905], [9.0853, 56.2909], [9.0854, 56.2933]]]}, {"type": "Polygon", "coordinates": [[[9.3332, 56.3249], [9.3309, 56.3236], [9.3271, 56.3243], [9.331, 56.3269], [9.3332, 56.3249]]]}, {"type": "Polygon", "coordinates": [[[8.9436, 56.4146], [8.943, 56.4165], [8.9444, 56.4173], [8.9436, 56.4146]]]}, {"type": "Polygon", "coordinates": [[[9.15, 56.4201], [9.146, 56.4171], [9.1438, 56.4181], [9.15, 56.4201]]]}, {"type": "Polygon", "coordinates": [[[9.21743015339664, 56.424695602629654], [9.2222, 56.424], [9.2273, 56.4252], [9.2249, 56.4223], [9.217429753667313, 56.42469047882646], [9.2169, 56.4179], [9.2091, 56.4074], [9.207, 56.4126], [9.2125, 56.4199], [9.218, 56.432], [9.21743015339664, 56.424695602629654]]]}, {"type": "Polygon", "coordinates": [[[8.9039, 56.4592], [8.9162, 56.4496], [8.9178, 56.4423], [8.9145, 56.4384], [8.9367, 56.4214], [8.9185, 56.4249], [8.9112, 56.4405], [8.9124, 56.4478], [8.9027, 56.4555], [8.9039, 56.4592]]]}, {"type": "Polygon", "coordinates": [[[8.9059, 56.4492], [8.8982, 56.4518], [8.8979, 56.4525], [8.904, 56.4528], [8.9059, 56.4492]]]}, {"type": "Polygon", "coordinates": [[[9.2633, 56.4537], [9.2611, 56.4513], [9.2574, 56.4513], [9.2608, 56.454], [9.2633, 56.4537]]]}, {"type": "Polygon", "coordinates": [[[8.8844, 56.4622], [8.8894, 56.465], [8.8954, 56.463], [8.8886, 56.4566], [8.8844, 56.4622]]]}, {"type": "Polygon", "coordinates": [[[8.9055, 56.4608], [8.9046, 56.4608], [8.9058, 56.4623], [8.9055, 56.4608]]]}, {"type": "Polygon", "coordinates": [[[9.0637, 56.4777], [9.0632, 56.4804], [9.0643, 56.4807], [9.0637, 56.4777]]]}, {"type": "Polygon", "coordinates": [[[8.8708, 56.4859], [8.8705, 56.488], [8.8714, 56.4876], [8.8708, 56.4859]]]}, {"type": "Polygon", "coordinates": [[[8.9508, 56.4923], [8.9516, 56.4928], [8.952, 56.4925], [8.9508, 56.4923]]]}, {"type": "Polygon", "coordinates": [[[8.902, 56.5063], [8.9049, 56.5156], [8.9117, 56.521], [8.9318, 56.5259], [8.9529, 56.5229], [8.9538, 56.5186], [8.9492, 56.5175], [8.9403, 56.5197], [8.9348, 56.5163], [8.9296, 56.5184], [8.9118, 56.5142], [8.9119, 56.5089], [8.9049, 56.5071], [8.8907, 56.4914], [8.8937, 56.4897], [8.8911, 56.485], [8.8968, 56.4792], [8.8857, 56.4806], [8.8823, 56.4732], [8.8795, 56.4793], [8.8851, 56.4892], [8.8889, 56.4906], [8.8829, 56.4974], [8.863, 56.4939], [8.8524, 56.497], [8.8504, 56.5025], [8.8851, 56.4986], [8.8996, 56.5024], [8.8978, 56.5067], [8.902, 56.5063]], [[8.8694, 56.4977], [8.8695, 56.4982], [8.8665, 56.4976], [8.8694, 56.4977]]]}, {"type": "Polygon", "coordinates": [[[8.8861, 56.5013], [8.8883, 56.501], [8.888, 56.5006], [8.8861, 56.5013]]]}, {"type": "Polygon", "coordinates": [[[8.9691, 56.5164], [8.9615, 56.5176], [8.9701, 56.5175], [8.9691, 56.5164]]]}, {"type": "Polygon", "coordinates": [[[9.0623, 56.5118], [9.0518, 56.5089], [9.0445, 56.5107], [9.0469, 56.5199], [9.057, 56.5272], [9.0551, 56.5318], [9.0573, 56.5356], [9.0919, 56.5456], [9.1002, 56.5517], [9.1053, 56.5481], [9.1045, 56.534], [9.0995, 56.5297], [9.0829, 56.5232], [9.076, 56.5235], [9.0623, 56.5118]]]}, {"type": "Polygon", "coordinates": [[[8.857, 56.5392], [8.8551, 56.5388], [8.8553, 56.5399], [8.857, 56.5392]]]}, {"type": "Polygon", "coordinates": [[[9.2056, 56.5439], [9.2079, 56.545], [9.2065, 56.5432], [9.2056, 56.5439]]]}, {"type": "Polygon", "coordinates": [[[8.8495, 56.5486], [8.8539, 56.5481], [8.8525, 56.5445], [8.8482, 56.5452], [8.8495, 56.5486]]]}, {"type": "Polygon", "coordinates": [[[9.0287, 56.547], [9.029, 56.5492], [9.0317, 56.5493], [9.03, 56.5455], [9.0287, 56.547]], [[9.029, 56.5474], [9.0301, 56.5476], [9.0293, 56.5479], [9.029, 56.5474]]]}, {"type": "Polygon", "coordinates": [[[8.8756, 56.5493], [8.8773, 56.552], [8.8837, 56.5522], [8.8822, 56.5502], [8.8756, 56.5493]]]}, {"type": "Polygon", "coordinates": [[[9.2399, 56.5551], [9.2346, 56.5562], [9.2401, 56.5555], [9.2399, 56.5551]]]}, {"type": "Polygon", "coordinates": [[[9.2614, 56.6038], [9.2674, 56.6037], [9.2592, 56.596], [9.2562, 56.5962], [9.2614, 56.6038]]]}, {"type": "Polygon", "coordinates": [[[9.0575, 56.6333], [9.0571, 56.6326], [9.056, 56.6345], [9.0575, 56.6333]]]}, {"type": "Polygon", "coordinates": [[[9.227, 56.6919], [9.2233, 56.6895], [9.2217, 56.6924], [9.2267, 56.6956], [9.227, 56.6919]]]}, {"type": "Polygon", "coordinates": [[[8.8736, 56.6921], [8.8746, 56.6946], [8.8781, 56.6933], [8.8773, 56.6918], [8.8736, 56.6921]]]}, {"type": "Polygon", "coordinates": [[[9.0796, 56.7128], [9.0781, 56.7239], [9.0849, 56.7268], [9.0903, 56.7217], [9.0796, 56.7128]]]}, {"type": "Polygon", "coordinates": [[[9.0047, 56.7311], [9.0048, 56.7321], [9.0059, 56.7321], [9.0047, 56.7311]]]}, {"type": "Polygon", "coordinates": [[[8.9433, 56.7712], [8.9474, 56.7682], [8.9362, 56.7641], [8.9324, 56.7687], [8.9357, 56.7755], [8.9499, 56.7855], [8.9503, 56.7778], [8.9433, 56.7712]]]}, {"type": "Polygon", "coordinates": [[[9.2541, 56.7824], [9.2551, 56.7833], [9.2555, 56.7832], [9.2541, 56.7824]]]}, {"type": "Polygon", "coordinates": [[[9.2644, 56.7889], [9.2656, 56.7858], [9.2635, 56.787], [9.2644, 56.7889]]]}, {"type": "Polygon", "coordinates": [[[9.2623, 56.7952], [9.2629, 56.7959], [9.2641, 56.7909], [9.2623, 56.7952]]]}, {"type": "Polygon", "coordinates": [[[9.2623, 56.7976], [9.2614, 56.7965], [9.2615, 56.7976], [9.2623, 56.7976]]]}, {"type": "Polygon", "coordinates": [[[8.9601, 56.7976], [8.9591, 56.7973], [8.963, 56.7995], [8.9601, 56.7976]]]}, {"type": "Polygon", "coordinates": [[[8.8588, 56.799], [8.8581, 56.798], [8.8581, 56.8001], [8.8588, 56.799]]]}, {"type": "Polygon", "coordinates": [[[9.2705, 56.8846], [9.271, 56.8786], [9.2558, 56.8797], [9.2646, 56.8851], [9.2705, 56.8846]]]}, {"type": "Polygon", "coordinates": [[[9.296, 56.9019], [9.2959, 56.8963], [9.3085, 56.8902], [9.2758, 56.8921], [9.2727, 56.8889], [9.2578, 56.8875], [9.2927, 56.9028], [9.296, 56.9019]]]}, {"type": "Polygon", "coordinates": [[[8.8941, 56.9113], [8.8889, 56.9072], [8.887, 56.9167], [8.879, 56.9272], [8.8822, 56.9279], [8.8846, 56.9218], [8.894, 56.9189], [8.8941, 56.9113]]]}, {"type": "Polygon", "coordinates": [[[8.8545, 56.9435], [8.8539, 56.9451], [8.8594, 56.9438], [8.8545, 56.9435]]]}, {"type": "Polygon", "coordinates": [[[8.8567, 56.9459], [8.8568, 56.9476], [8.8631, 56.9447], [8.8567, 56.9459]]]}, {"type": "Polygon", "coordinates": [[[8.8668, 56.947], [8.8673, 56.9479], [8.8706, 56.9485], [8.8668, 56.947]]]}, {"type": "Polygon", "coordinates": [[[9.2107, 57.0116], [9.2072, 57.0179], [9.209, 57.0199], [9.2107, 57.0116]]]}, {"type": "Polygon", "coordinates": [[[9.2072, 57.0231], [9.2052, 57.0226], [9.2049, 57.0239], [9.2072, 57.0231]]]}, {"type": "Polygon", "coordinates": [[[9.1987, 57.0265], [9.198, 57.0275], [9.199, 57.0279], [9.2008, 57.0258], [9.1987, 57.0265]]]}, {"type": "Polygon", "coordinates": [[[9.181, 57.0428], [9.1919, 57.038], [9.1811, 57.0413], [9.1764, 57.0462], [9.181, 57.0428]]]}, {"type": "Polygon", "coordinates": [[[9.1745, 57.0492], [9.1676, 57.0482], [9.1698, 57.0546], [9.1617, 57.0639], [9.1779, 57.067], [9.1855, 57.0794], [9.2044, 57.0854], [9.2233, 57.0966], [9.2, 57.0819], [9.1857, 57.0782], [9.1798, 57.0664], [9.1631, 57.0635], [9.1745, 57.0492]]]}, {"type": "Polygon", "coordinates": [[[8.9363, 57.0851], [8.9354, 57.0852], [8.9368, 57.0856], [8.9363, 57.0851]]]}, {"type": "Polygon", "coordinates": [[[8.9219, 57.0887], [8.9185, 57.086], [8.9158, 57.0875], [8.9166, 57.0887], [8.9219, 57.0887]]]}, {"type": "Polygon", "coordinates": [[[9.1182, 57.0904], [9.1233, 57.0901], [9.1259, 57.0859], [9.1182, 57.0904]]]}, {"type": "Polygon", "coordinates": [[[8.9304, 57.0856], [8.9454, 57.091], [8.9432, 57.0892], [8.9304, 57.0856]]]}, {"type": "Polygon", "coordinates": [[[8.9323, 57.0886], [8.9434, 57.0927], [8.9443, 57.0926], [8.9323, 57.0886]]]}, {"type": "Polygon", "coordinates": [[[8.9587, 57.0916], [8.9585, 57.0926], [8.9599, 57.0914], [8.9587, 57.0916]]]}, {"type": "Polygon", "coordinates": [[[8.9479, 57.0933], [8.9509, 57.096], [8.9545, 57.0966], [8.9513, 57.0943], [8.9479, 57.0933]]]}, {"type": "Polygon", "coordinates": [[[8.9479, 57.0988], [8.95, 57.0987], [8.9432, 57.0966], [8.9479, 57.0988]]]}, {"type": "Polygon", "coordinates": [[[8.8885, 57.0989], [8.8884, 57.099], [8.8912, 57.0992], [8.8885, 57.0989]]]}, {"type": "Polygon", "coordinates": [[[8.8821, 57.1024], [8.8858, 57.1014], [8.8887, 57.101], [8.8803, 57.0991], [8.8821, 57.1024]]]}, {"type": "Polygon", "coordinates": [[[8.9706, 57.1009], [8.9709, 57.1015], [8.9714, 57.1016], [8.9706, 57.1009]]]}, {"type": "Polygon", "coordinates": [[[8.8793, 57.103], [8.8798, 57.1022], [8.8789, 57.1026], [8.8793, 57.103]]]}, {"type": "Polygon", "coordinates": [[[8.9562, 57.1033], [8.9521, 57.1024], [8.9521, 57.103], [8.9562, 57.1033]]]}, {"type": "Polygon", "coordinates": [[[8.9732, 57.1026], [8.9746, 57.1036], [8.9747, 57.1035], [8.9732, 57.1026]]]}, {"type": "Polygon", "coordinates": [[[8.9097, 57.1059], [8.9057, 57.1073], [8.9108, 57.1081], [8.9097, 57.1059]]]}, {"type": "Polygon", "coordinates": [[[8.9854, 57.1131], [8.9716, 57.1036], [8.9672, 57.1022], [8.9805, 57.1113], [8.9854, 57.1131]]]}, {"type": "Polygon", "coordinates": [[[8.9665, 57.1075], [8.9643, 57.107], [8.9666, 57.1084], [8.9665, 57.1075]]]}, {"type": "Polygon", "coordinates": [[[8.982, 57.109], [8.9851, 57.1106], [8.9851, 57.1103], [8.982, 57.109]]]}, {"type": "Polygon", "coordinates": [[[8.9245, 57.1108], [8.9257, 57.1099], [8.9237, 57.11], [8.9215, 57.1123], [8.9245, 57.1108]]]}, {"type": "Polygon", "coordinates": [[[8.9283, 57.1121], [8.9221, 57.1132], [8.9227, 57.114], [8.9283, 57.1121]]]}, {"type": "Polygon", "coordinates": [[[8.9933, 57.1169], [8.9904, 57.1161], [8.9879, 57.1169], [8.9916, 57.1192], [8.9933, 57.1169]]]}, {"type": "Polygon", "coordinates": [[[8.9926, 57.1293], [8.9931, 57.1264], [8.9904, 57.1295], [8.9926, 57.1293]]]}, {"type": "Polygon", "coordinates": [[[8.9949, 57.1297], [8.9947, 57.13], [8.9952, 57.1305], [8.9949, 57.1297]]]}, {"type": "Polygon", "coordinates": [[[8.9973, 57.1319], [8.9956, 57.1323], [8.9969, 57.1332], [8.9973, 57.1319]]]}, {"type": "Polygon", "coordinates": [[[8.9531, 57.1459], [8.9596, 57.1496], [8.9621, 57.1507], [8.9623, 57.1506], [8.952, 57.1447], [8.9531, 57.1459]]]}, {"type": "Polygon", "coordinates": [[[9.3221, 52.4472], [9.3028, 52.4473], [9.2891, 52.4513], [9.2795, 52.4603], [9.2766, 52.4695], [9.3091, 52.4873], [9.3602, 52.4998], [9.3802, 52.4913], [9.3783, 52.4888], [9.3827, 52.4812], [9.3894, 52.4769], [9.3874, 52.4731], [9.3748, 52.47], [9.3735, 52.4642], [9.3573, 52.4603], [9.347, 52.4519], [9.3221, 52.4472]]]}, {"type": "Polygon", "coordinates": [[[9.5112, 53.9281], [9.5122, 53.9268], [9.5104, 53.9269], [9.5112, 53.9281]]]}, {"type": "Polygon", "coordinates": [[[9.4606, 54.2983], [9.4687, 54.3016], [9.4708, 54.3096], [9.4806, 54.3068], [9.4806, 54.2984], [9.4592, 54.2943], [9.4606, 54.2983]]]}, {"type": "Polygon", "coordinates": [[[9.3697, 54.3437], [9.361, 54.3494], [9.3569, 54.358], [9.35, 54.3611], [9.3287, 54.3581], [9.3493, 54.3672], [9.3614, 54.3669], [9.3833, 54.3742], [9.3952, 54.3737], [9.3993, 54.3702], [9.3928, 54.3654], [9.4066, 54.3623], [9.4096, 54.3546], [9.4186, 54.3462], [9.3883, 54.3508], [9.38, 54.3433], [9.3697, 54.3437]]]}, {"type": "Polygon", "coordinates": [[[9.3289, 54.3586], [9.325, 54.3614], [9.3257, 54.3695], [9.3326, 54.3715], [9.3354, 54.3683], [9.326, 54.3619], [9.3289, 54.3586]]]}, {"type": "Polygon", "coordinates": [[[9.3416, 54.379], [9.3518, 54.3829], [9.3505, 54.3789], [9.3416, 54.379]]]}, {"type": "Polygon", "coordinates": [[[9.605, 54.3877], [9.611, 54.3828], [9.6021, 54.3838], [9.605, 54.3877]]]}, {"type": "Polygon", "coordinates": [[[9.3661, 54.4004], [9.3554, 54.3965], [9.3404, 54.3838], [9.3279, 54.3977], [9.3285, 54.4082], [9.3499, 54.4147], [9.3609, 54.4137], [9.3685, 54.4053], [9.3661, 54.4004]]]}, {"type": "Polygon", "coordinates": [[[9.5441, 54.5136], [9.5457, 54.5111], [9.5453, 54.5104], [9.5419, 54.5098], [9.5448, 54.5106], [9.5437, 54.5135], [9.5391, 54.5127], [9.541, 54.5095], [9.5296, 54.5101], [9.5396, 54.5137], [9.5441, 54.5136]]]}, {"type": "Polygon", "coordinates": [[[9.5729, 54.5147], [9.5806, 54.5155], [9.5853, 54.5131], [9.5818, 54.5127], [9.5729, 54.5147]]]}, {"type": "Polygon", "coordinates": [[[9.4866, 54.5364], [9.4795, 54.536], [9.4726, 54.5401], [9.4728, 54.5428], [9.485, 54.5415], [9.4916, 54.5472], [9.4974, 54.547], [9.4866, 54.5364]]]}, {"type": "Polygon", "coordinates": [[[9.4981, 54.5524], [9.5018, 54.5531], [9.4998, 54.5512], [9.4981, 54.5524]]]}, {"type": "Polygon", "coordinates": [[[9.5456, 54.5579], [9.5379, 54.5594], [9.5428, 54.5612], [9.5456, 54.5579]]]}, {"type": "Polygon", "coordinates": [[[9.4502, 54.5596], [9.4434, 54.5625], [9.4454, 54.5643], [9.4524, 54.5637], [9.4502, 54.5596]]]}, {"type": "Polygon", "coordinates": [[[9.5652, 54.5773], [9.5895, 54.5821], [9.6001, 54.5857], [9.6023, 54.5859], [9.589, 54.5777], [9.5294, 54.568], [9.5302, 54.5712], [9.553, 54.5726], [9.5528, 54.5736], [9.5652, 54.5773]]]}, {"type": "Polygon", "coordinates": [[[9.5257, 54.5779], [9.5163, 54.5833], [9.5225, 54.5846], [9.5279, 54.5809], [9.5257, 54.5779]]]}, {"type": "Polygon", "coordinates": [[[9.4815, 54.7029], [9.4893, 54.7019], [9.4838, 54.6989], [9.4671, 54.6965], [9.4815, 54.7029]]]}, {"type": "Polygon", "coordinates": [[[9.4192, 54.7086], [9.4157, 54.7119], [9.4406, 54.7157], [9.4192, 54.7086]]]}, {"type": "Polygon", "coordinates": [[[9.4443, 54.7727], [9.437, 54.7772], [9.4418, 54.7775], [9.4443, 54.7727]]]}, {"type": "Polygon", "coordinates": [[[9.4375, 54.7805], [9.439, 54.7805], [9.4393, 54.7782], [9.4375, 54.7805]]]}, {"type": "Polygon", "coordinates": [[[9.3814, 54.7773], [9.379, 54.782], [9.3883, 54.7805], [9.3877, 54.779], [9.3814, 54.7773]]]}, {"type": "Polygon", "coordinates": [[[9.5622, 54.8251], [9.5551, 54.8231], [9.5551, 54.827], [9.5439, 54.8278], [9.5483, 54.8302], [9.5672, 54.825], [9.5714, 54.8224], [9.5718, 54.8214], [9.5622, 54.8251]]]}, {"type": "Polygon", "coordinates": [[[9.5229, 54.8354], [9.528, 54.8332], [9.5238, 54.8329], [9.5197, 54.8295], [9.5229, 54.8354]]]}, {"type": "Polygon", "coordinates": [[[9.5456, 54.8308], [9.5398, 54.8341], [9.5433, 54.837], [9.5456, 54.8308]]]}, {"type": "Polygon", "coordinates": [[[9.3976, 54.8447], [9.3906, 54.8415], [9.3978, 54.8454], [9.3976, 54.8447]]]}, {"type": "Polygon", "coordinates": [[[9.4321, 54.8673], [9.4292, 54.8633], [9.424, 54.865], [9.4222, 54.8693], [9.4296, 54.87], [9.4321, 54.8673]], [[9.4267, 54.8648], [9.4254, 54.8654], [9.4252, 54.8651], [9.4267, 54.8648]], [[9.4277, 54.8675], [9.4264, 54.8673], [9.4271, 54.8666], [9.4277, 54.8675]]]}, {"type": "Polygon", "coordinates": [[[9.5954, 54.9239], [9.5873, 54.9213], [9.5858, 54.9236], [9.5911, 54.9283], [9.6041, 54.9202], [9.5954, 54.9239]]]}, {"type": "Polygon", "coordinates": [[[9.4378, 54.9309], [9.4372, 54.9368], [9.4563, 54.9412], [9.459, 54.94], [9.4509, 54.9383], [9.4381, 54.9275], [9.4306, 54.9272], [9.4378, 54.9309]]]}, {"type": "Polygon", "coordinates": [[[9.4166, 54.9735], [9.4443, 54.9686], [9.4314, 54.9513], [9.4272, 54.9515], [9.42, 54.9589], [9.4223, 54.9649], [9.4187, 54.9628], [9.408, 54.9701], [9.4166, 54.9735]], [[9.4357, 54.9653], [9.434, 54.9665], [9.4333, 54.9658], [9.4357, 54.9653]]]}, {"type": "Polygon", "coordinates": [[[9.3919, 54.9727], [9.3846, 54.9672], [9.3805, 54.9693], [9.3896, 54.9743], [9.3919, 54.9727]], [[9.3873, 54.9706], [9.3836, 54.9705], [9.3839, 54.9692], [9.3873, 54.9706]]]}, {"type": "Polygon", "coordinates": [[[9.4727, 55.0061], [9.4641, 55.0074], [9.4636, 55.009], [9.4727, 55.0061]]]}, {"type": "Polygon", "coordinates": [[[9.502, 55.0135], [9.5023, 55.013], [9.4986, 55.0124], [9.502, 55.0135]]]}, {"type": "Polygon", "coordinates": [[[9.591, 55.0294], [9.5908, 55.0304], [9.5969, 55.0304], [9.6031, 55.0287], [9.591, 55.0294]]]}, {"type": "Polygon", "coordinates": [[[9.3906, 55.0518], [9.3959, 55.0537], [9.3963, 55.0532], [9.3906, 55.0518]]]}, {"type": "Polygon", "coordinates": [[[9.4962, 55.0602], [9.4921, 55.0634], [9.4919, 55.065], [9.497, 55.0629], [9.4962, 55.0602]]]}, {"type": "Polygon", "coordinates": [[[9.4638, 55.0797], [9.468, 55.0806], [9.4682, 55.0802], [9.4638, 55.0797]]]}, {"type": "Polygon", "coordinates": [[[9.3776, 55.0876], [9.3739, 55.0866], [9.3743, 55.0871], [9.3776, 55.0876]]]}, {"type": "Polygon", "coordinates": [[[9.4413, 55.091], [9.4387, 55.0908], [9.4391, 55.0926], [9.4413, 55.091]]]}, {"type": "Polygon", "coordinates": [[[9.4134, 55.0985], [9.4161, 55.098], [9.4124, 55.0968], [9.4134, 55.0985]]]}, {"type": "Polygon", "coordinates": [[[9.4644, 55.0982], [9.4593, 55.0961], [9.4603, 55.0967], [9.4618, 55.0998], [9.4644, 55.0982]]]}, {"type": "Polygon", "coordinates": [[[9.4004, 55.117], [9.4131, 55.1173], [9.4155, 55.1132], [9.4102, 55.1118], [9.4045, 55.1166], [9.4004, 55.117]], [[9.4101, 55.1153], [9.4114, 55.1128], [9.4141, 55.1133], [9.4101, 55.1153]]]}, {"type": "Polygon", "coordinates": [[[9.4783, 55.1315], [9.4832, 55.1345], [9.4836, 55.1334], [9.4783, 55.1315]]]}, {"type": "Polygon", "coordinates": [[[9.4992, 55.1627], [9.4928, 55.1592], [9.4908, 55.1613], [9.4941, 55.1634], [9.49, 55.1672], [9.4816, 55.1651], [9.4568, 55.1811], [9.4605, 55.1823], [9.4863, 55.1716], [9.4992, 55.1627]], [[9.48, 55.1711], [9.4851, 55.1705], [9.485, 55.171], [9.48, 55.1711]]]}, {"type": "Polygon", "coordinates": [[[9.4026, 55.1885], [9.3911, 55.1902], [9.3931, 55.1914], [9.4026, 55.1885]]]}, {"type": "Polygon", "coordinates": [[[9.3475, 55.1895], [9.3488, 55.1907], [9.3491, 55.1902], [9.3475, 55.1895]]]}, {"type": "Polygon", "coordinates": [[[9.3652, 55.1909], [9.3627, 55.1905], [9.3627, 55.1926], [9.3652, 55.1909]]]}, {"type": "Polygon", "coordinates": [[[9.3508, 55.1936], [9.3533, 55.1937], [9.354, 55.1934], [9.3517, 55.1912], [9.3508, 55.1936]]]}, {"type": "Polygon", "coordinates": [[[9.4361, 55.2147], [9.4319, 55.2124], [9.4269, 55.2142], [9.4361, 55.2147]]]}, {"type": "Polygon", "coordinates": [[[9.4539, 55.2144], [9.4541, 55.2155], [9.4561, 55.2141], [9.4539, 55.2144]]]}, {"type": "Polygon", "coordinates": [[[9.4773, 55.2505], [9.4897, 55.248], [9.4781, 55.2466], [9.4416, 55.23], [9.4176, 55.228], [9.4206, 55.2325], [9.4408, 55.2405], [9.4558, 55.2405], [9.4773, 55.2505]], [[9.4486, 55.2387], [9.4466, 55.2384], [9.4486, 55.2382], [9.4486, 55.2387]], [[9.4517, 55.2399], [9.4535, 55.2388], [9.4541, 55.2396], [9.4517, 55.2399]]]}, {"type": "Polygon", "coordinates": [[[9.3689, 55.2363], [9.3698, 55.241], [9.3592, 55.2432], [9.3495, 55.2362], [9.3581, 55.2443], [9.3705, 55.2416], [9.3721, 55.2396], [9.3715, 55.2377], [9.3689, 55.2363]]]}, {"type": "Polygon", "coordinates": [[[9.4905, 55.2481], [9.4919, 55.248], [9.4898, 55.248], [9.4905, 55.2481]]]}, {"type": "Polygon", "coordinates": [[[9.4629, 55.259], [9.4633, 55.2575], [9.4584, 55.2585], [9.457, 55.2616], [9.4629, 55.259]]]}, {"type": "Polygon", "coordinates": [[[9.4808, 55.491], [9.48, 55.491], [9.4804, 55.4912], [9.482, 55.4911], [9.4808, 55.491]]]}, {"type": "Polygon", "coordinates": [[[9.4794, 55.491], [9.4714, 55.4937], [9.4753, 55.4944], [9.4794, 55.491]]]}, {"type": "Polygon", "coordinates": [[[9.4594, 55.5215], [9.4617, 55.5211], [9.4587, 55.521], [9.4594, 55.5215]]]}, {"type": "Polygon", "coordinates": [[[9.4165, 55.5265], [9.4235, 55.5276], [9.4161, 55.5169], [9.4146, 55.5178], [9.4165, 55.5265]]]}, {"type": "Polygon", "coordinates": [[[9.5942, 55.5422], [9.5951, 55.5382], [9.5898, 55.5389], [9.5942, 55.5422]]]}, {"type": "Polygon", "coordinates": [[[9.4222, 55.5462], [9.4246, 55.5516], [9.4229, 55.553], [9.4218, 55.5551], [9.4209, 55.5619], [9.4232, 55.5638], [9.4327, 55.5547], [9.4234, 55.5535], [9.4298, 55.5454], [9.4251, 55.5414], [9.4265, 55.5448], [9.4222, 55.5462]], [[9.4257, 55.5591], [9.4254, 55.558], [9.4265, 55.5577], [9.4257, 55.5591]]]}, {"type": "Polygon", "coordinates": [[[9.4329, 55.5624], [9.4337, 55.5647], [9.4344, 55.5635], [9.4329, 55.5624]]]}, {"type": "Polygon", "coordinates": [[[9.4451, 55.5702], [9.4414, 55.5691], [9.4402, 55.5693], [9.4427, 55.5705], [9.4451, 55.5702]]]}, {"type": "Polygon", "coordinates": [[[9.3904, 55.6733], [9.3926, 55.6717], [9.3898, 55.673], [9.3904, 55.6733]]]}, {"type": "Polygon", "coordinates": [[[9.5497, 55.7225], [9.547, 55.7209], [9.5449, 55.7229], [9.5464, 55.7242], [9.5463, 55.7219], [9.5497, 55.7225]]]}, {"type": "Polygon", "coordinates": [[[9.4028, 55.7283], [9.3894, 55.7284], [9.385, 55.7314], [9.4066, 55.7371], [9.4174, 55.7371], [9.4028, 55.7283]]]}, {"type": "Polygon", "coordinates": [[[9.3631, 55.7405], [9.3612, 55.7402], [9.361, 55.7418], [9.3631, 55.7405]]]}, {"type": "Polygon", "coordinates": [[[9.4815, 55.8526], [9.4784, 55.8525], [9.4733, 55.8538], [9.4775, 55.8535], [9.4815, 55.8526]]]}, {"type": "Polygon", "coordinates": [[[9.4572, 55.8639], [9.456, 55.8608], [9.455, 55.8632], [9.4572, 55.8639]]]}, {"type": "Polygon", "coordinates": [[[9.5939, 55.8729], [9.5956, 55.8721], [9.594, 55.8712], [9.5939, 55.8729]]]}, {"type": "Polygon", "coordinates": [[[9.4621, 55.9076], [9.4624, 55.9068], [9.4596, 55.9079], [9.4621, 55.9076]]]}, {"type": "Polygon", "coordinates": [[[9.3727, 55.9303], [9.3524, 55.9384], [9.3476, 55.9378], [9.3502, 55.9358], [9.3411, 55.9358], [9.3502, 55.9408], [9.3727, 55.9333], [9.3868, 55.9237], [9.374, 55.9265], [9.3727, 55.9303]]]}, {"type": "Polygon", "coordinates": [[[9.5925, 55.9664], [9.602, 55.9626], [9.5884, 55.9651], [9.5925, 55.9664]]]}, {"type": "Polygon", "coordinates": [[[9.4369, 55.9729], [9.4393, 55.9715], [9.4364, 55.972], [9.4369, 55.9729]]]}, {"type": "Polygon", "coordinates": [[[9.4898, 55.9732], [9.483, 55.9797], [9.4876, 55.9804], [9.4918, 55.977], [9.4989, 55.9744], [9.4898, 55.9732]]]}, {"type": "Polygon", "coordinates": [[[9.4698, 55.9874], [9.4697, 55.9883], [9.4809, 55.9865], [9.4764, 55.9835], [9.4698, 55.9874]]]}, {"type": "Polygon", "coordinates": [[[9.4517, 56.0069], [9.4546, 56.0076], [9.4548, 56.0075], [9.4517, 56.0069]]]}, {"type": "Polygon", "coordinates": [[[9.4003, 56.0085], [9.4011, 56.0094], [9.4021, 56.0089], [9.4003, 56.0085]]]}, {"type": "Polygon", "coordinates": [[[9.4556, 56.0096], [9.4514, 56.0091], [9.4506, 56.0116], [9.4556, 56.0096]]]}, {"type": "Polygon", "coordinates": [[[9.5424, 56.0104], [9.5402, 56.013], [9.5427, 56.0131], [9.5466, 56.0105], [9.5424, 56.0104]]]}, {"type": "Polygon", "coordinates": [[[9.4248, 56.0172], [9.4247, 56.0192], [9.4301, 56.0165], [9.4291, 56.0114], [9.4248, 56.0172]]]}, {"type": "Polygon", "coordinates": [[[9.4061, 56.0146], [9.4083, 56.017], [9.4096, 56.0159], [9.4061, 56.0146]]]}, {"type": "Polygon", "coordinates": [[[9.4026, 56.0132], [9.378, 56.0162], [9.3763, 56.0192], [9.3937, 56.0201], [9.4026, 56.0132]]]}, {"type": "Polygon", "coordinates": [[[9.5379, 56.0138], [9.5242, 56.017], [9.5078, 56.0201], [9.5269, 56.0178], [9.5379, 56.0138]]]}, {"type": "Polygon", "coordinates": [[[9.4515, 56.0188], [9.4523, 56.0154], [9.4492, 56.017], [9.4515, 56.0188]]]}, {"type": "Polygon", "coordinates": [[[9.4995, 56.0247], [9.5004, 56.022], [9.4941, 56.0229], [9.4934, 56.0265], [9.4995, 56.0247]]]}, {"type": "Polygon", "coordinates": [[[9.4918, 56.0267], [9.4795, 56.0279], [9.4847, 56.0294], [9.4918, 56.0267]]]}, {"type": "Polygon", "coordinates": [[[9.5234, 56.0416], [9.52, 56.0437], [9.526, 56.0429], [9.5234, 56.0416]]]}, {"type": "Polygon", "coordinates": [[[9.4547, 56.0533], [9.447, 56.0552], [9.4484, 56.0589], [9.4547, 56.0533]]]}, {"type": "Polygon", "coordinates": [[[9.5524, 56.0554], [9.5507, 56.0555], [9.554, 56.0574], [9.561, 56.0575], [9.5524, 56.0554]]]}, {"type": "Polygon", "coordinates": [[[9.5532, 56.1081], [9.5461, 56.1092], [9.5465, 56.1104], [9.5541, 56.1106], [9.5532, 56.1081]]]}, {"type": "Polygon", "coordinates": [[[9.5232, 56.1228], [9.5405, 56.127], [9.5585, 56.1273], [9.5524, 56.1233], [9.5232, 56.1228]]]}, {"type": "Polygon", "coordinates": [[[9.5728, 56.129], [9.5773, 56.1298], [9.5739, 56.1263], [9.5728, 56.129]]]}, {"type": "Polygon", "coordinates": [[[9.5745, 56.1433], [9.5757, 56.1399], [9.5698, 56.1408], [9.5699, 56.1425], [9.5745, 56.1433]]]}, {"type": "Polygon", "coordinates": [[[9.4919, 56.1468], [9.4952, 56.146], [9.4941, 56.1454], [9.4919, 56.1468]]]}, {"type": "Polygon", "coordinates": [[[9.5179, 56.1455], [9.5141, 56.1442], [9.5074, 56.1532], [9.5196, 56.1576], [9.5267, 56.1557], [9.5228, 56.1526], [9.5122, 56.152], [9.5179, 56.1455]]]}, {"type": "Polygon", "coordinates": [[[9.533, 56.1543], [9.5361, 56.1548], [9.5536, 56.1471], [9.5415, 56.1471], [9.533, 56.1543]]]}, {"type": "Polygon", "coordinates": [[[9.5458, 56.1578], [9.5397, 56.1581], [9.5399, 56.1585], [9.5438, 56.1596], [9.5458, 56.1578]]]}, {"type": "Polygon", "coordinates": [[[9.5238, 56.1587], [9.5226, 56.1599], [9.5242, 56.1597], [9.5238, 56.1587]]]}, {"type": "Polygon", "coordinates": [[[9.5274, 56.1749], [9.5655, 56.1768], [9.6073, 56.1735], [9.5775, 56.1708], [9.5622, 56.1746], [9.5344, 56.1672], [9.5288, 56.1687], [9.5428, 56.1714], [9.534, 56.1735], [9.5248, 56.1716], [9.5085, 56.1598], [9.5135, 56.1684], [9.5172, 56.1678], [9.5274, 56.1749]]]}, {"type": "Polygon", "coordinates": [[[9.3827, 56.1707], [9.3778, 56.1704], [9.3711, 56.1733], [9.3677, 56.1799], [9.3806, 56.182], [9.3856, 56.1792], [9.3827, 56.1707]]]}, {"type": "Polygon", "coordinates": [[[9.5232, 56.1997], [9.5195, 56.2045], [9.5301, 56.2019], [9.5298, 56.201], [9.5232, 56.1997]]]}, {"type": "Polygon", "coordinates": [[[9.5247, 56.2607], [9.4805, 56.2508], [9.484, 56.2529], [9.4828, 56.2562], [9.5113, 56.2608], [9.5247, 56.2607]]]}, {"type": "Polygon", "coordinates": [[[9.3385, 56.2569], [9.3545, 56.2599], [9.3564, 56.2588], [9.3471, 56.2557], [9.3385, 56.2569]]]}, {"type": "Polygon", "coordinates": [[[9.5965, 56.2685], [9.6061, 56.2673], [9.5873, 56.2652], [9.5965, 56.2685]]]}, {"type": "Polygon", "coordinates": [[[9.3424, 56.3078], [9.3393, 56.3096], [9.3506, 56.3149], [9.3537, 56.3079], [9.3424, 56.3078]]]}, {"type": "Polygon", "coordinates": [[[9.3387, 56.3152], [9.3337, 56.3162], [9.3321, 56.3183], [9.338, 56.3176], [9.3387, 56.3152]]]}, {"type": "Polygon", "coordinates": [[[9.3955, 56.3391], [9.3986, 56.3424], [9.4018, 56.3407], [9.3955, 56.3391]]]}, {"type": "Polygon", "coordinates": [[[9.4122, 56.3515], [9.4142, 56.3516], [9.4134, 56.3504], [9.4122, 56.3515]]]}, {"type": "Polygon", "coordinates": [[[9.4903, 56.3538], [9.4909, 56.35], [9.4851, 56.3495], [9.4903, 56.3538]]]}, {"type": "Polygon", "coordinates": [[[9.4723, 56.3568], [9.4723, 56.3558], [9.4693, 56.3556], [9.4723, 56.3568]]]}, {"type": "Polygon", "coordinates": [[[9.5153, 56.3652], [9.5118, 56.3623], [9.508, 56.3626], [9.5103, 56.3645], [9.5153, 56.3652]]]}, {"type": "Polygon", "coordinates": [[[9.5031, 56.3816], [9.5052, 56.3804], [9.5029, 56.3808], [9.5031, 56.3816]]]}, {"type": "Polygon", "coordinates": [[[9.3308, 56.3804], [9.3339, 56.3863], [9.34, 56.3902], [9.3544, 56.3903], [9.353, 56.3946], [9.3619, 56.3964], [9.3632, 56.4013], [9.3683, 56.3999], [9.3643, 56.3972], [9.3681, 56.3875], [9.3658, 56.382], [9.3471, 56.3715], [9.3271, 56.3686], [9.328, 56.3729], [9.3391, 56.3761], [9.3541, 56.3876], [9.3442, 56.3886], [9.3308, 56.3804]]]}, {"type": "Polygon", "coordinates": [[[9.3809, 56.409], [9.394, 56.4101], [9.3942, 56.407], [9.4062, 56.4063], [9.4164, 56.3999], [9.4255, 56.4049], [9.4298, 56.4036], [9.4275, 56.3998], [9.4155, 56.3967], [9.4024, 56.4048], [9.3956, 56.4028], [9.3772, 56.4049], [9.3817, 56.4069], [9.3809, 56.409]]]}, {"type": "Polygon", "coordinates": [[[9.4479, 56.4081], [9.454, 56.4096], [9.4558, 56.4119], [9.4539, 56.4063], [9.4479, 56.4081]], [[9.4518, 56.4074], [9.4521, 56.4083], [9.4504, 56.4084], [9.4518, 56.4074]]]}, {"type": "Polygon", "coordinates": [[[9.4553, 56.4195], [9.458, 56.4189], [9.458, 56.4183], [9.4553, 56.4195]]]}, {"type": "Polygon", "coordinates": [[[9.3967, 56.4216], [9.3948, 56.4171], [9.3887, 56.4159], [9.3877, 56.4187], [9.3948, 56.4224], [9.3967, 56.4216]]]}, {"type": "Polygon", "coordinates": [[[9.4882, 56.42], [9.4944, 56.4217], [9.4967, 56.4213], [9.4952, 56.4193], [9.4882, 56.42]]]}, {"type": "Polygon", "coordinates": [[[9.4921, 56.4329], [9.49, 56.4345], [9.4965, 56.4355], [9.4921, 56.4329]]]}, {"type": "Polygon", "coordinates": [[[9.5167, 56.4368], [9.53, 56.4353], [9.5177, 56.4343], [9.5167, 56.4368]]]}, {"type": "Polygon", "coordinates": [[[9.5671, 56.4425], [9.5786, 56.4417], [9.5646, 56.4403], [9.5671, 56.4425]]]}, {"type": "Polygon", "coordinates": [[[9.4245, 56.4668], [9.4342, 56.4666], [9.4284, 56.4519], [9.42, 56.4464], [9.4173, 56.4381], [9.4191, 56.4338], [9.4115, 56.4306], [9.405, 56.4335], [9.4078, 56.4358], [9.4038, 56.4397], [9.4051, 56.4434], [9.4229, 56.4503], [9.4174, 56.4543], [9.4249, 56.4605], [9.4245, 56.4668]]]}, {"type": "Polygon", "coordinates": [[[9.5909, 56.4803], [9.5891, 56.4796], [9.5891, 56.4807], [9.5909, 56.4803]]]}, {"type": "Polygon", "coordinates": [[[9.5026, 56.4786], [9.4984, 56.4797], [9.5081, 56.4856], [9.5026, 56.4786]]]}, {"type": "Polygon", "coordinates": [[[9.4439, 56.4928], [9.4536, 56.4917], [9.4473, 56.4842], [9.4412, 56.4834], [9.4439, 56.4928]]]}, {"type": "Polygon", "coordinates": [[[9.5165, 56.4921], [9.5164, 56.4923], [9.5186, 56.4925], [9.5165, 56.4921]]]}, {"type": "Polygon", "coordinates": [[[9.4866, 56.5016], [9.4976, 56.5034], [9.499, 56.5028], [9.4988, 56.4997], [9.495, 56.4989], [9.4855, 56.4985], [9.4866, 56.5016]]]}, {"type": "Polygon", "coordinates": [[[9.5358, 56.5275], [9.5264, 56.5273], [9.5251, 56.5376], [9.5417, 56.5471], [9.5459, 56.5427], [9.5371, 56.5358], [9.5358, 56.5275]]]}, {"type": "Polygon", "coordinates": [[[9.5044, 56.5604], [9.5093, 56.5594], [9.512, 56.557], [9.5044, 56.5604]]]}, {"type": "Polygon", "coordinates": [[[9.5964, 56.5709], [9.5909, 56.557], [9.5848, 56.5578], [9.5873, 56.5631], [9.5855, 56.5697], [9.5964, 56.5709]]]}, {"type": "Polygon", "coordinates": [[[9.5896, 56.5961], [9.5879, 56.5951], [9.588, 56.5958], [9.5896, 56.5961]]]}, {"type": "Polygon", "coordinates": [[[9.5808, 56.6093], [9.5891, 56.6122], [9.592, 56.6135], [9.5914, 56.6113], [9.5808, 56.6093]]]}, {"type": "Polygon", "coordinates": [[[9.5327, 56.6276], [9.537, 56.6247], [9.5368, 56.6235], [9.5327, 56.6276]]]}, {"type": "Polygon", "coordinates": [[[9.5742, 56.6286], [9.5739, 56.6316], [9.5778, 56.6303], [9.5742, 56.6286]]]}, {"type": "Polygon", "coordinates": [[[9.3961, 56.7054], [9.3975, 56.7046], [9.3957, 56.7039], [9.3961, 56.7054]]]}, {"type": "Polygon", "coordinates": [[[9.5348, 56.7398], [9.537, 56.7382], [9.5298, 56.7393], [9.5348, 56.7398]]]}, {"type": "Polygon", "coordinates": [[[9.3364, 56.7731], [9.3341, 56.7746], [9.3366, 56.775], [9.3364, 56.7731]]]}, {"type": "Polygon", "coordinates": [[[9.5579, 56.8592], [9.5586, 56.856], [9.556, 56.8533], [9.554, 56.8563], [9.5579, 56.8592]]]}, {"type": "Polygon", "coordinates": [[[9.3864, 56.8538], [9.3795, 56.8536], [9.3785, 56.854], [9.3884, 56.8612], [9.3864, 56.8538]]]}, {"type": "Polygon", "coordinates": [[[9.4051, 56.8686], [9.3916, 56.8628], [9.3957, 56.8703], [9.4033, 56.8719], [9.4051, 56.8686]]]}, {"type": "Polygon", "coordinates": [[[9.4191, 56.8697], [9.4204, 56.8681], [9.4184, 56.8668], [9.4153, 56.8694], [9.4191, 56.8697]]]}, {"type": "Polygon", "coordinates": [[[9.4558, 56.8859], [9.4512, 56.8805], [9.4435, 56.8807], [9.444, 56.8819], [9.4558, 56.8859]]]}, {"type": "Polygon", "coordinates": [[[9.5776, 56.9169], [9.5787, 56.9148], [9.574, 56.9124], [9.5763, 56.9142], [9.5776, 56.9169]]]}, {"type": "Polygon", "coordinates": [[[9.4124, 56.9578], [9.4133, 56.9583], [9.4169, 56.9573], [9.4124, 56.9578]]]}, {"type": "Polygon", "coordinates": [[[9.4027, 56.9705], [9.4054, 56.9794], [9.4019, 56.9853], [9.4117, 56.9773], [9.4071, 56.9673], [9.4027, 56.9705]]]}, {"type": "Polygon", "coordinates": [[[9.3684, 57.0514], [9.3678, 57.0527], [9.3699, 57.053], [9.3684, 57.0514]]]}, {"type": "Polygon", "coordinates": [[[9.3877, 57.0804], [9.382, 57.0829], [9.3829, 57.0854], [9.3877, 57.0804]]]}, {"type": "Polygon", "coordinates": [[[9.5095, 57.088], [9.5115, 57.0848], [9.5113, 57.0837], [9.5081, 57.0854], [9.5095, 57.088]]]}, {"type": "Polygon", "coordinates": [[[9.5437, 57.1173], [9.5335, 57.1217], [9.5274, 57.1336], [9.5282, 57.1378], [9.5424, 57.1395], [9.5704, 57.1368], [9.5723, 57.1225], [9.5582, 57.1152], [9.5535, 57.1192], [9.5437, 57.1173]]]}, {"type": "Polygon", "coordinates": [[[9.3985, 57.1541], [9.3953, 57.1541], [9.3956, 57.1549], [9.3985, 57.1541]]]}, {"type": "Polygon", "coordinates": [[[9.5661, 57.2072], [9.5603, 57.207], [9.5619, 57.2082], [9.5661, 57.2072]]]}, {"type": "Polygon", "coordinates": [[[9.6127, 57.2098], [9.6026, 57.206], [9.5905, 57.209], [9.5955, 57.2113], [9.6127, 57.2098]]]}, {"type": "Polygon", "coordinates": [[[9.5831, 57.2133], [9.5775, 57.2115], [9.5692, 57.2118], [9.57, 57.2126], [9.5831, 57.2133]]]}, {"type": "Polygon", "coordinates": [[[9.879, 54.1756], [9.885, 54.1816], [9.8906, 54.1805], [9.8855, 54.1726], [9.8817, 54.1717], [9.879, 54.1756]]]}, {"type": "Polygon", "coordinates": [[[9.8881, 54.2119], [9.8964, 54.2025], [9.9113, 54.2154], [9.9155, 54.2144], [9.9144, 54.2088], [9.8981, 54.1959], [9.8919, 54.1982], [9.8937, 54.2023], [9.8877, 54.2081], [9.8722, 54.2117], [9.8881, 54.2119]]]}, {"type": "Polygon", "coordinates": [[[9.9307, 54.2198], [9.9407, 54.2199], [9.9323, 54.2161], [9.9307, 54.2198]]]}, {"type": "Polygon", "coordinates": [[[9.92, 54.2235], [9.9205, 54.2261], [9.9215, 54.2246], [9.92, 54.2235]]]}, {"type": "Polygon", "coordinates": [[[9.9258, 54.2306], [9.9332, 54.2373], [9.9367, 54.2354], [9.9239, 54.2189], [9.9226, 54.2237], [9.9275, 54.2253], [9.9258, 54.2306]]]}, {"type": "Polygon", "coordinates": [[[9.85, 54.2416], [9.8608, 54.2399], [9.8503, 54.2348], [9.85, 54.2416]]]}, {"type": "Polygon", "coordinates": [[[9.9282, 54.2392], [9.9297, 54.2386], [9.929, 54.2378], [9.9282, 54.2392]]]}, {"type": "Polygon", "coordinates": [[[9.9336, 54.2402], [9.935, 54.2394], [9.933, 54.2376], [9.9303, 54.2382], [9.9336, 54.2402]]]}, {"type": "Polygon", "coordinates": [[[9.855, 54.2471], [9.8521, 54.2474], [9.8541, 54.2486], [9.855, 54.2471]]]}, {"type": "Polygon", "coordinates": [[[9.8565, 54.2569], [9.853, 54.2585], [9.8568, 54.2591], [9.8565, 54.2569]]]}, {"type": "Polygon", "coordinates": [[[9.8598, 54.2621], [9.855, 54.2625], [9.8623, 54.2633], [9.8598, 54.2621]]]}, {"type": "Polygon", "coordinates": [[[9.972, 54.2858], [9.9685, 54.2856], [9.9609, 54.2688], [9.9563, 54.2698], [9.9566, 54.2737], [9.9382, 54.2769], [9.9349, 54.2811], [9.93, 54.2765], [9.9015, 54.2779], [9.9068, 54.2821], [9.9042, 54.2854], [9.9143, 54.291], [9.9163, 54.2901], [9.9098, 54.2824], [9.9162, 54.2822], [9.9206, 54.2879], [9.9289, 54.2905], [9.9505, 54.2878], [9.9546, 54.2889], [9.9514, 54.297], [9.9567, 54.3014], [9.9683, 54.2978], [9.9689, 54.2957], [9.9623, 54.2944], [9.9728, 54.2921], [9.9686, 54.2897], [9.9814, 54.2863], [9.9846, 54.2894], [9.9908, 54.2882], [9.9788, 54.2824], [9.9702, 54.2824], [9.972, 54.2858]]]}, {"type": "Polygon", "coordinates": [[[9.9267, 54.2967], [9.9289, 54.2955], [9.9276, 54.2948], [9.9251, 54.295], [9.9267, 54.2967]]]}, {"type": "Polygon", "coordinates": [[[9.6899, 54.2956], [9.6925, 54.2979], [9.7029, 54.2989], [9.6951, 54.2948], [9.6899, 54.2956]]]}, {"type": "Polygon", "coordinates": [[[9.7337, 54.3034], [9.7419, 54.3057], [9.7342, 54.3021], [9.7222, 54.303], [9.727, 54.3054], [9.7337, 54.3034]]]}, {"type": "Polygon", "coordinates": [[[9.6089, 54.3035], [9.6116, 54.3069], [9.6209, 54.305], [9.6136, 54.3018], [9.6089, 54.3035]]]}, {"type": "Polygon", "coordinates": [[[9.7449, 54.3085], [9.7499, 54.3082], [9.7455, 54.3063], [9.7449, 54.3085]]]}, {"type": "Polygon", "coordinates": [[[9.7243, 54.3375], [9.715, 54.3306], [9.7218, 54.3257], [9.7203, 54.3195], [9.7124, 54.3117], [9.6906, 54.3109], [9.6858, 54.3076], [9.6769, 54.3084], [9.6658, 54.3018], [9.6532, 54.3032], [9.6478, 54.3009], [9.6452, 54.2991], [9.6458, 54.2938], [9.6409, 54.29], [9.6434, 54.2839], [9.6315, 54.2791], [9.6381, 54.2845], [9.6405, 54.2914], [9.6444, 54.2939], [9.6442, 54.2992], [9.659, 54.3078], [9.6778, 54.3132], [9.6862, 54.3102], [9.6902, 54.312], [9.7039, 54.313], [9.7161, 54.3263], [9.7123, 54.3339], [9.714, 54.3359], [9.7364, 54.3434], [9.7429, 54.3405], [9.766, 54.3528], [9.776, 54.3509], [9.7654, 54.3438], [9.7243, 54.3375]], [[9.6636, 54.3069], [9.6609, 54.3047], [9.6645, 54.3033], [9.6674, 54.3041], [9.6636, 54.3069]], [[9.6621, 54.3064], [9.66, 54.3066], [9.6599, 54.3063], [9.6621, 54.3064]]]}, {"type": "Polygon", "coordinates": [[[9.724, 54.3856], [9.7755, 54.4057], [9.7824, 54.4037], [9.7973, 54.3902], [9.7923, 54.3851], [9.7526, 54.3724], [9.7443, 54.3708], [9.7405, 54.3753], [9.7305, 54.3733], [9.7241, 54.381], [9.724, 54.3856]]]}, {"type": "Polygon", "coordinates": [[[9.6747, 54.3874], [9.6856, 54.3916], [9.6872, 54.3959], [9.6954, 54.4001], [9.6965, 54.3966], [9.7051, 54.3954], [9.6752, 54.3813], [9.6747, 54.3874]], [[9.682, 54.3846], [9.6818, 54.3851], [9.6816, 54.3849], [9.682, 54.3846]]]}, {"type": "Polygon", "coordinates": [[[9.8517, 54.435], [9.8538, 54.4444], [9.8598, 54.4456], [9.8588, 54.4348], [9.8517, 54.435]]]}, {"type": "Polygon", "coordinates": [[[9.8826, 54.4851], [9.8779, 54.4891], [9.8982, 54.4919], [9.8961, 54.4846], [9.8826, 54.4851]]]}, {"type": "Polygon", "coordinates": [[[9.9477, 54.5042], [9.9561, 54.5041], [9.949, 54.5003], [9.9458, 54.5007], [9.9477, 54.5042]]]}, {"type": "Polygon", "coordinates": [[[9.6371, 54.7044], [9.6564, 54.7112], [9.6683, 54.7103], [9.6548, 54.7052], [9.6371, 54.7044]]]}, {"type": "Polygon", "coordinates": [[[9.9123, 54.8738], [9.9215, 54.8684], [9.9208, 54.8656], [9.9099, 54.8694], [9.9123, 54.8738]]]}, {"type": "Polygon", "coordinates": [[[9.6677, 54.9469], [9.6671, 54.9477], [9.6698, 54.949], [9.6677, 54.9469]]]}, {"type": "Polygon", "coordinates": [[[9.9172, 54.9518], [9.9202, 54.9491], [9.902, 54.947], [9.9097, 54.95], [9.9172, 54.9518]]]}, {"type": "Polygon", "coordinates": [[[9.7163, 54.9647], [9.7142, 54.9637], [9.7132, 54.9645], [9.7163, 54.9647]]]}, {"type": "Polygon", "coordinates": [[[9.7523, 55.0257], [9.7531, 55.0228], [9.758, 55.0233], [9.759, 55.0269], [9.7685, 55.0268], [9.7799, 55.0213], [9.7531, 55.0181], [9.7488, 55.0225], [9.7521, 55.0303], [9.7572, 55.0275], [9.7523, 55.0257]]]}, {"type": "Polygon", "coordinates": [[[9.738, 55.0313], [9.731, 55.0282], [9.7201, 55.0307], [9.7357, 55.0327], [9.7485, 55.03], [9.738, 55.0313]]]}, {"type": "Polygon", "coordinates": [[[9.7318, 55.0412], [9.7123, 55.0388], [9.7188, 55.0422], [9.7318, 55.0412]]]}, {"type": "Polygon", "coordinates": [[[9.6512, 55.0496], [9.645, 55.0487], [9.6462, 55.0504], [9.6512, 55.0496]]]}, {"type": "Polygon", "coordinates": [[[9.7844, 55.0504], [9.7468, 55.0608], [9.7619, 55.0595], [9.7844, 55.0504]]]}, {"type": "Polygon", "coordinates": [[[9.6962, 55.0687], [9.6963, 55.0708], [9.7054, 55.066], [9.6962, 55.0687]]]}, {"type": "Polygon", "coordinates": [[[9.8791, 55.2472], [9.8787, 55.247], [9.8793, 55.2478], [9.8802, 55.248], [9.8796, 55.2477], [9.8791, 55.2472]]]}, {"type": "Polygon", "coordinates": [[[9.8746, 55.251], [9.8748, 55.25], [9.8703, 55.2505], [9.8746, 55.251]]]}, {"type": "Polygon", "coordinates": [[[9.8081, 55.2994], [9.812, 55.2995], [9.8057, 55.2982], [9.8081, 55.2994]]]}, {"type": "Polygon", "coordinates": [[[9.7991, 55.3037], [9.8007, 55.3033], [9.8004, 55.3029], [9.7991, 55.3037]]]}, {"type": "Polygon", "coordinates": [[[9.7989, 55.3064], [9.799, 55.3089], [9.8009, 55.3094], [9.7989, 55.3064]]]}, {"type": "Polygon", "coordinates": [[[9.788, 55.3271], [9.7878, 55.3268], [9.7874, 55.3275], [9.788, 55.3271]]]}, {"type": "Polygon", "coordinates": [[[9.8022, 55.3745], [9.8028, 55.3737], [9.8016, 55.374], [9.8022, 55.3745]]]}, {"type": "Polygon", "coordinates": [[[9.9201, 55.3874], [9.9242, 55.3887], [9.929, 55.3887], [9.9235, 55.3863], [9.9201, 55.3874]]]}, {"type": "Polygon", "coordinates": [[[9.8381, 55.4162], [9.8426, 55.419], [9.8447, 55.4174], [9.8403, 55.4157], [9.8381, 55.4162]]]}, {"type": "Polygon", "coordinates": [[[9.8017, 55.4321], [9.8025, 55.4315], [9.8004, 55.4311], [9.7973, 55.432], [9.8017, 55.4321]]]}, {"type": "Polygon", "coordinates": [[[9.7614, 55.4394], [9.7657, 55.4367], [9.7596, 55.4358], [9.7564, 55.4371], [9.7614, 55.4394]]]}, {"type": "Polygon", "coordinates": [[[9.612, 55.548], [9.6127, 55.5529], [9.6183, 55.5575], [9.621, 55.5558], [9.612, 55.548]]]}, {"type": "Polygon", "coordinates": [[[9.9024, 55.7997], [9.9011, 55.7971], [9.901, 55.7996], [9.9024, 55.7997]]]}, {"type": "Polygon", "coordinates": [[[9.8482, 55.8101], [9.8424, 55.8096], [9.8418, 55.813], [9.8476, 55.8128], [9.8482, 55.8101]]]}, {"type": "Polygon", "coordinates": [[[9.7958, 55.9422], [9.7972, 55.9414], [9.7919, 55.9406], [9.7881, 55.9431], [9.7958, 55.9422]]]}, {"type": "Polygon", "coordinates": [[[9.8496, 55.9435], [9.8469, 55.9425], [9.844, 55.9435], [9.8476, 55.9441], [9.8496, 55.9435]]]}, {"type": "Polygon", "coordinates": [[[9.7311, 55.9507], [9.7268, 55.947], [9.7247, 55.9471], [9.7311, 55.9507]]]}, {"type": "Polygon", "coordinates": [[[9.7825, 55.9481], [9.7737, 55.9494], [9.7709, 55.9531], [9.7743, 55.9499], [9.7825, 55.9481]]]}, {"type": "Polygon", "coordinates": [[[9.8735, 55.954], [9.8701, 55.9531], [9.8708, 55.9575], [9.8754, 55.9659], [9.8798, 55.9676], [9.8735, 55.954]]]}, {"type": "Polygon", "coordinates": [[[9.727, 55.9819], [9.7275, 55.9814], [9.7267, 55.9809], [9.7227, 55.9815], [9.727, 55.9819]]]}, {"type": "Polygon", "coordinates": [[[9.6814, 56.0081], [9.677, 56.0121], [9.6795, 56.0126], [9.6814, 56.0081]]]}, {"type": "Polygon", "coordinates": [[[9.9191, 56.0202], [9.9272, 56.0238], [9.9236, 56.0251], [9.925, 56.0285], [9.9088, 56.0306], [9.9053, 56.0334], [9.9159, 56.0366], [9.9147, 56.0311], [9.921, 56.0292], [9.9256, 56.0315], [9.9318, 56.0291], [9.9286, 56.0259], [9.9339, 56.0261], [9.9373, 56.0308], [9.9298, 56.0368], [9.9288, 56.0414], [9.932, 56.0432], [9.9387, 56.0417], [9.9406, 56.0369], [9.9809, 56.0147], [9.9735, 56.01], [9.9574, 56.0172], [9.9306, 56.0183], [9.9292, 56.0152], [9.9414, 56.0132], [9.9426, 56.0091], [9.9204, 56.007], [9.9109, 56.0081], [9.9008, 56.0151], [9.8901, 56.0112], [9.8839, 56.0123], [9.8829, 56.0157], [9.8723, 56.014], [9.8609, 56.0209], [9.8585, 56.0208], [9.8578, 56.0173], [9.8559, 56.0168], [9.8578, 56.021], [9.8671, 56.0223], [9.881, 56.0171], [9.8951, 56.0162], [9.903, 56.0205], [9.9016, 56.0248], [9.905, 56.026], [9.9191, 56.0202]], [[9.9552, 56.0197], [9.9559, 56.0178], [9.9576, 56.0191], [9.9552, 56.0197]], [[9.9542, 56.0235], [9.9579, 56.0216], [9.9588, 56.0222], [9.9577, 56.0233], [9.9542, 56.0235]], [[9.9341, 56.0245], [9.9324, 56.0232], [9.9354, 56.0224], [9.9341, 56.0245]]]}, {"type": "Polygon", "coordinates": [[[9.6605, 56.0291], [9.6596, 56.0274], [9.6586, 56.0286], [9.6605, 56.0291]]]}, {"type": "Polygon", "coordinates": [[[9.9069, 56.0305], [9.9057, 56.029], [9.9043, 56.0298], [9.9069, 56.0305]]]}, {"type": "Polygon", "coordinates": [[[9.6561, 56.0388], [9.6563, 56.0321], [9.6504, 56.0332], [9.65, 56.0365], [9.6561, 56.0388]]]}, {"type": "Polygon", "coordinates": [[[9.6479, 56.0464], [9.6469, 56.0449], [9.6458, 56.0465], [9.6479, 56.0464]]]}, {"type": "Polygon", "coordinates": [[[9.6505, 56.0472], [9.652, 56.0479], [9.6535, 56.0468], [9.6505, 56.0472]]]}, {"type": "Polygon", "coordinates": [[[9.6604, 56.048], [9.6655, 56.0484], [9.6678, 56.0472], [9.6631, 56.0465], [9.6604, 56.048]]]}, {"type": "Polygon", "coordinates": [[[9.6794, 56.0525], [9.6794, 56.0522], [9.6783, 56.0522], [9.6794, 56.0525]]]}, {"type": "Polygon", "coordinates": [[[9.6667, 56.0548], [9.6678, 56.0543], [9.6655, 56.0546], [9.6667, 56.0548]]]}, {"type": "Polygon", "coordinates": [[[9.8736, 56.0564], [9.8718, 56.0574], [9.8744, 56.0572], [9.8736, 56.0564]]]}, {"type": "Polygon", "coordinates": [[[9.7494, 56.0574], [9.7461, 56.0623], [9.7378, 56.0613], [9.7306, 56.0644], [9.7204, 56.0568], [9.7068, 56.0533], [9.7072, 56.0487], [9.7019, 56.0466], [9.7101, 56.045], [9.7078, 56.0419], [9.7209, 56.0473], [9.7311, 56.0457], [9.7545, 56.0495], [9.7552, 56.0471], [9.7465, 56.0444], [9.7483, 56.0414], [9.752, 56.0456], [9.7796, 56.0496], [9.8298, 56.0455], [9.8362, 56.0479], [9.8334, 56.0509], [9.8373, 56.0524], [9.8505, 56.0498], [9.8546, 56.0436], [9.8415, 56.0374], [9.8351, 56.0288], [9.827, 56.0307], [9.8128, 56.026], [9.7984, 56.0285], [9.7918, 56.0337], [9.7846, 56.0296], [9.7571, 56.0306], [9.7339, 56.0359], [9.7166, 56.0352], [9.6976, 56.0416], [9.7006, 56.0473], [9.7063, 56.0489], [9.7052, 56.052], [9.7071, 56.054], [9.72, 56.0576], [9.7276, 56.0641], [9.7311, 56.0649], [9.7555, 56.0617], [9.7661, 56.0635], [9.765, 56.0713], [9.7568, 56.0772], [9.7547, 56.0812], [9.7543, 56.0905], [9.7601, 56.0839], [9.7583, 56.0767], [9.7699, 56.0713], [9.7699, 56.0631], [9.7655, 56.0565], [9.7494, 56.0574]]]}, {"type": "Polygon", "coordinates": [[[9.6505, 56.0591], [9.6528, 56.0577], [9.6499, 56.0583], [9.6505, 56.0591]]]}, {"type": "Polygon", "coordinates": [[[9.6259, 56.0588], [9.6257, 56.0589], [9.6272, 56.059], [9.6259, 56.0588]]]}, {"type": "Polygon", "coordinates": [[[9.6591, 56.0637], [9.6832, 56.0581], [9.6363, 56.0619], [9.6109, 56.0689], [9.5997, 56.0651], [9.6101, 56.0616], [9.6002, 56.062], [9.5957, 56.0632], [9.5949, 56.067], [9.6057, 56.0718], [9.5898, 56.0709], [9.613, 56.0738], [9.6435, 56.0667], [9.648, 56.0629], [9.6591, 56.0637]], [[9.611, 56.073], [9.6073, 56.0719], [9.6109, 56.0708], [9.611, 56.073]]]}, {"type": "Polygon", "coordinates": [[[9.7889, 56.0671], [9.7789, 56.0721], [9.7776, 56.0743], [9.7984, 56.0676], [9.7889, 56.0671]]]}, {"type": "Polygon", "coordinates": [[[9.7615, 56.099], [9.743808178290733, 56.095552362948965], [9.7513, 56.0947], [9.7532, 56.0924], [9.734, 56.0914], [9.7287, 56.0948], [9.7346, 56.0966], [9.742405310139624, 56.09571197070268], [9.7477, 56.1024], [9.7544, 56.1015], [9.7529, 56.1037], [9.7604, 56.1057], [9.7824, 56.105], [9.7841, 56.1024], [9.7806, 56.0974], [9.7615, 56.099]]]}, {"type": "Polygon", "coordinates": [[[9.8312, 56.1086], [9.8545, 56.1106], [9.8609, 56.1084], [9.8587, 56.1023], [9.8471, 56.1039], [9.8408, 56.1011], [9.8236, 56.1022], [9.8303, 56.105], [9.8312, 56.1086]]]}, {"type": "Polygon", "coordinates": [[[9.8124, 56.1067], [9.8159, 56.1078], [9.816, 56.1059], [9.8124, 56.1067]]]}, {"type": "Polygon", "coordinates": [[[9.6131, 56.1235], [9.6175, 56.1241], [9.6235, 56.122], [9.6211, 56.1216], [9.6131, 56.1235]]]}, {"type": "Polygon", "coordinates": [[[9.8915, 56.1245], [9.8941, 56.1256], [9.8978, 56.1262], [9.8933, 56.1223], [9.8915, 56.1245]]]}, {"type": "Polygon", "coordinates": [[[9.9138, 56.1312], [9.9209, 56.124], [9.9085, 56.1283], [9.9138, 56.1312]]]}, {"type": "Polygon", "coordinates": [[[9.603, 56.1315], [9.5935, 56.1374], [9.5815, 56.1392], [9.5772, 56.145], [9.5623, 56.1459], [9.5649, 56.1487], [9.5567, 56.1476], [9.5538, 56.1503], [9.5712, 56.1504], [9.5927, 56.1431], [9.591, 56.1382], [9.6349, 56.1295], [9.6371, 56.1273], [9.6466, 56.1277], [9.6507, 56.1245], [9.6739, 56.1286], [9.6985, 56.122], [9.6996, 56.1185], [9.7011, 56.1226], [9.7186, 56.1254], [9.7214, 56.1215], [9.7131, 56.1207], [9.7162, 56.1131], [9.7138, 56.1096], [9.7075, 56.1129], [9.711, 56.1167], [9.709, 56.1183], [9.6881, 56.1101], [9.6502, 56.1188], [9.6347, 56.1288], [9.5831, 56.1233], [9.5875, 56.1255], [9.5868, 56.1295], [9.603, 56.1315]], [[9.5706, 56.1472], [9.5706, 56.1469], [9.5724, 56.1472], [9.5706, 56.1472]], [[9.6923, 56.1173], [9.6899, 56.1176], [9.6902, 56.1169], [9.6923, 56.1173]], [[9.6851, 56.12], [9.6827, 56.1244], [9.6767, 56.1242], [9.6851, 56.12]], [[9.5883, 56.1258], [9.5879, 56.1253], [9.5891, 56.125], [9.5883, 56.1258]], [[9.6642, 56.1249], [9.6681, 56.1254], [9.6662, 56.1269], [9.6642, 56.1249]], [[9.5962, 56.1265], [9.5927, 56.1262], [9.5933, 56.1259], [9.5962, 56.1265]], [[9.6076, 56.1297], [9.6061, 56.1274], [9.6081, 56.1271], [9.6076, 56.1297]], [[9.5998, 56.128], [9.5978, 56.1264], [9.599, 56.1262], [9.5998, 56.128]]]}, {"type": "Polygon", "coordinates": [[[9.6677, 56.2171], [9.6742, 56.214], [9.6627, 56.2104], [9.6677, 56.2171]]]}, {"type": "Polygon", "coordinates": [[[9.9261, 56.2517], [9.9256, 56.2561], [9.93, 56.2547], [9.9261, 56.2517]]]}, {"type": "Polygon", "coordinates": [[[9.8179, 56.2583], [9.7968, 56.2542], [9.795, 56.2584], [9.8002, 56.2559], [9.8179, 56.2583]]]}, {"type": "Polygon", "coordinates": [[[9.9356, 56.2751], [9.9339, 56.2761], [9.9364, 56.2756], [9.9356, 56.2751]]]}, {"type": "Polygon", "coordinates": [[[9.9288, 56.2765], [9.9312, 56.2759], [9.9311, 56.2756], [9.9288, 56.2765]]]}, {"type": "Polygon", "coordinates": [[[9.9406, 56.2761], [9.937, 56.2755], [9.9392, 56.2777], [9.9426, 56.2785], [9.9406, 56.2761]]]}, {"type": "Polygon", "coordinates": [[[9.6435, 56.3255], [9.6329, 56.3251], [9.6438, 56.3262], [9.6435, 56.3255]]]}, {"type": "Polygon", "coordinates": [[[9.8442, 56.3333], [9.8482, 56.3326], [9.8505, 56.3297], [9.8467, 56.3297], [9.8442, 56.3333]]]}, {"type": "Polygon", "coordinates": [[[9.8879, 56.3935], [9.8835, 56.3895], [9.8804, 56.3896], [9.8817, 56.3907], [9.8879, 56.3935]]]}, {"type": "Polygon", "coordinates": [[[9.68, 56.4024], [9.6788, 56.4012], [9.6779, 56.4023], [9.68, 56.4024]]]}, {"type": "Polygon", "coordinates": [[[9.6727, 56.4672], [9.674, 56.4644], [9.6659, 56.4623], [9.6529, 56.4644], [9.6727, 56.4672]]]}, {"type": "Polygon", "coordinates": [[[9.8919, 56.4766], [9.9018, 56.4725], [9.8753, 56.4662], [9.856, 56.4683], [9.8505, 56.47], [9.8549, 56.4713], [9.8474, 56.4731], [9.8535, 56.4768], [9.8834, 56.472], [9.8919, 56.4766]]]}, {"type": "Polygon", "coordinates": [[[9.6887, 56.5267], [9.6846, 56.5268], [9.6835, 56.5277], [9.6887, 56.5267]]]}, {"type": "Polygon", "coordinates": [[[9.6849, 56.5538], [9.6935, 56.5577], [9.7112, 56.5605], [9.666, 56.5409], [9.6566, 56.5341], [9.6336, 56.5318], [9.6213, 56.5234], [9.6194, 56.5256], [9.593, 56.5184], [9.5987, 56.5266], [9.6112, 56.5314], [9.6596, 56.5412], [9.6651, 56.5455], [9.6822, 56.5484], [9.6849, 56.5538]]]}, {"type": "Polygon", "coordinates": [[[9.9474, 56.5478], [9.9456, 56.5482], [9.9493, 56.5497], [9.9474, 56.5478]]]}, {"type": "Polygon", "coordinates": [[[9.9493, 56.5539], [9.9481, 56.5548], [9.9533, 56.5557], [9.9493, 56.5539]]]}, {"type": "Polygon", "coordinates": [[[9.8733, 56.5874], [9.852, 56.5931], [9.8084, 56.5915], [9.8157, 56.595], [9.8467, 56.5984], [9.8609, 56.5955], [9.8812, 56.6013], [9.8853, 56.5958], [9.8733, 56.5874]]]}, {"type": "Polygon", "coordinates": [[[9.6513, 56.6021], [9.6525, 56.5922], [9.6463, 56.5893], [9.6332, 56.595], [9.6362, 56.6005], [9.6435, 56.6045], [9.6513, 56.6021]]]}, {"type": "Polygon", "coordinates": [[[9.9436, 56.5987], [9.9373, 56.597], [9.9237, 56.5985], [9.9349, 56.5999], [9.9436, 56.5987]]]}, {"type": "Polygon", "coordinates": [[[9.6403, 56.6437], [9.6424, 56.6435], [9.6398, 56.6427], [9.6403, 56.6437]]]}, {"type": "Polygon", "coordinates": [[[9.7413, 56.6489], [9.7434, 56.6467], [9.7412, 56.6463], [9.739, 56.6483], [9.7413, 56.6489]]]}, {"type": "Polygon", "coordinates": [[[9.7411, 56.6503], [9.7451, 56.6507], [9.7474, 56.6471], [9.7461, 56.6467], [9.7411, 56.6503]]]}, {"type": "Polygon", "coordinates": [[[9.7363, 56.6518], [9.7377, 56.6527], [9.7374, 56.6512], [9.7363, 56.6518]]]}, {"type": "Polygon", "coordinates": [[[9.7049, 56.6527], [9.7037, 56.6533], [9.7056, 56.6528], [9.7049, 56.6527]]]}, {"type": "Polygon", "coordinates": [[[9.8102, 56.6867], [9.815, 56.6855], [9.8069, 56.6832], [9.8045, 56.6852], [9.8102, 56.6867]]]}, {"type": "Polygon", "coordinates": [[[9.6713, 56.6857], [9.6707, 56.688], [9.674, 56.6876], [9.6737, 56.6849], [9.6713, 56.6857]]]}, {"type": "Polygon", "coordinates": [[[9.6769, 56.6933], [9.674, 56.692], [9.6707, 56.6928], [9.6751, 56.6952], [9.6769, 56.6933]]]}, {"type": "Polygon", "coordinates": [[[9.8174, 56.7176], [9.8162, 56.7224], [9.8244, 56.7221], [9.82, 56.7207], [9.8174, 56.7176]]]}, {"type": "Polygon", "coordinates": [[[9.7347, 56.7388], [9.7425, 56.7402], [9.7391, 56.738], [9.7438, 56.7348], [9.7347, 56.7388]]]}, {"type": "Polygon", "coordinates": [[[9.8322, 56.7376], [9.8325, 56.7369], [9.8262, 56.7369], [9.8286, 56.7396], [9.8322, 56.7376]]]}, {"type": "Polygon", "coordinates": [[[9.8358, 56.7393], [9.8364, 56.7384], [9.833, 56.7385], [9.8358, 56.7393]]]}, {"type": "Polygon", "coordinates": [[[9.8766, 56.7635], [9.8787, 56.7628], [9.8768, 56.7618], [9.8766, 56.7635]]]}, {"type": "Polygon", "coordinates": [[[9.837, 56.7906], [9.8345, 56.7896], [9.8341, 56.7903], [9.8349, 56.7908], [9.837, 56.7906]]]}, {"type": "Polygon", "coordinates": [[[9.8682, 56.7959], [9.8689, 56.794], [9.8674, 56.7952], [9.8682, 56.7959]]]}, {"type": "Polygon", "coordinates": [[[9.6932, 56.8004], [9.688, 56.8003], [9.6885, 56.801], [9.697, 56.8033], [9.6932, 56.8004]]]}, {"type": "Polygon", "coordinates": [[[9.9407, 56.8041], [9.95, 56.8027], [9.9494, 56.798], [9.9433, 56.7946], [9.92, 56.8002], [9.9189, 56.8049], [9.9245, 56.8111], [9.9358, 56.8104], [9.9407, 56.8041]]]}, {"type": "Polygon", "coordinates": [[[9.873, 56.8064], [9.8667, 56.8012], [9.8605, 56.8047], [9.8658, 56.8093], [9.873, 56.8064]]]}, {"type": "Polygon", "coordinates": [[[9.8865, 56.8082], [9.883, 56.8082], [9.8866, 56.8092], [9.8865, 56.8082]]]}, {"type": "Polygon", "coordinates": [[[9.8515, 56.8256], [9.8512, 56.8245], [9.8496, 56.8245], [9.8515, 56.8256]]]}, {"type": "Polygon", "coordinates": [[[9.8277, 56.8386], [9.8211, 56.838], [9.8232, 56.8445], [9.8358, 56.8469], [9.8277, 56.8386]]]}, {"type": "Polygon", "coordinates": [[[9.701, 56.8527], [9.6992, 56.8528], [9.6998, 56.8545], [9.701, 56.8527]]]}, {"type": "Polygon", "coordinates": [[[9.8063, 56.8598], [9.8051, 56.8591], [9.8038, 56.8599], [9.8063, 56.8598]]]}, {"type": "Polygon", "coordinates": [[[9.6854, 56.8696], [9.6827, 56.8766], [9.6847, 56.8785], [9.6945, 56.8692], [9.6854, 56.8696]]]}, {"type": "Polygon", "coordinates": [[[9.6674, 56.8765], [9.6743, 56.8771], [9.6769, 56.8757], [9.6674, 56.8765]]]}, {"type": "Polygon", "coordinates": [[[9.6596, 56.8765], [9.6645, 56.881], [9.642, 56.8848], [9.6472, 56.8871], [9.6611, 56.8861], [9.6586, 56.8843], [9.6654, 56.8808], [9.6625, 56.8768], [9.6654, 56.8731], [9.6596, 56.8765]]]}, {"type": "Polygon", "coordinates": [[[9.8076, 56.8973], [9.8036, 56.8982], [9.8082, 56.9009], [9.8183, 56.8943], [9.8103, 56.8918], [9.8073, 56.8848], [9.8041, 56.8916], [9.8076, 56.8973]], [[9.8054, 56.8924], [9.8052, 56.891], [9.8066, 56.8912], [9.8054, 56.8924]], [[9.8095, 56.8973], [9.8108, 56.8975], [9.8108, 56.8982], [9.8095, 56.8973]]]}, {"type": "Polygon", "coordinates": [[[9.7532, 56.9024], [9.7507, 56.8994], [9.7483, 56.9008], [9.7501, 56.9026], [9.7532, 56.9024]]]}, {"type": "Polygon", "coordinates": [[[9.7602, 56.9037], [9.7574, 56.9028], [9.7574, 56.904], [9.7602, 56.9037]]]}, {"type": "Polygon", "coordinates": [[[9.812, 56.9602], [9.8115, 56.959], [9.8096, 56.9605], [9.812, 56.9602]]]}, {"type": "Polygon", "coordinates": [[[9.9273, 56.9697], [9.9285, 56.9698], [9.928, 56.9691], [9.9273, 56.9697]]]}, {"type": "Polygon", "coordinates": [[[9.9274, 56.9759], [9.9294, 56.9751], [9.9291, 56.9745], [9.9274, 56.9759]]]}, {"type": "Polygon", "coordinates": [[[9.8456, 56.975], [9.8366, 56.9767], [9.8428, 56.977], [9.8557, 56.9743], [9.8456, 56.975]]]}, {"type": "Polygon", "coordinates": [[[9.6762, 57.1413], [9.6707, 57.141], [9.6678, 57.1417], [9.673, 57.1422], [9.6762, 57.1413]]]}, {"type": "Polygon", "coordinates": [[[9.6742, 57.1629], [9.6762, 57.163], [9.6759, 57.1619], [9.6742, 57.1629]]]}, {"type": "Polygon", "coordinates": [[[9.6698, 57.1641], [9.6713, 57.163], [9.6689, 57.1626], [9.6698, 57.1641]]]}, {"type": "Polygon", "coordinates": [[[9.6882, 57.2434], [9.6837, 57.2447], [9.6904, 57.2462], [9.7044, 57.2431], [9.6882, 57.2434]]]}, {"type": "Polygon", "coordinates": [[[9.6901, 57.2806], [9.6954, 57.282], [9.6931, 57.2807], [9.6947, 57.2781], [9.6901, 57.2806]]]}, {"type": "Polygon", "coordinates": [[[9.9274, 57.2996], [9.9338, 57.2996], [9.9237, 57.2973], [9.9274, 57.2996]]]}, {"type": "Polygon", "coordinates": [[[9.9563, 57.2968], [9.9487, 57.2976], [9.9377, 57.3005], [9.9422, 57.3013], [9.9563, 57.2968]]]}, {"type": "Polygon", "coordinates": [[[9.7574, 57.3203], [9.7693, 57.3126], [9.7731, 57.3062], [9.758, 57.3129], [9.7574, 57.3203]]]}, {"type": "Polygon", "coordinates": [[[9.7043, 57.328], [9.6991, 57.3283], [9.6915, 57.3216], [9.6922, 57.3161], [9.6982, 57.3153], [9.691, 57.3112], [9.6924, 57.3148], [9.6892, 57.3155], [9.6866, 57.3105], [9.6876, 57.3209], [9.6744, 57.3252], [9.6829, 57.3274], [9.6869, 57.3254], [9.6889, 57.3296], [9.6857, 57.3289], [9.6859, 57.3319], [9.7029, 57.3313], [9.7043, 57.328]], [[9.6935, 57.3313], [9.6928, 57.3306], [9.6977, 57.3309], [9.6935, 57.3313]]]}, {"type": "Polygon", "coordinates": [[[9.7041, 57.3207], [9.7032, 57.3189], [9.701, 57.3252], [9.7034, 57.3269], [9.7041, 57.3207]]]}, {"type": "Polygon", "coordinates": [[[9.7662, 57.3344], [9.7675, 57.3371], [9.7713, 57.3341], [9.7662, 57.3344]], [[9.7684, 57.3348], [9.7684, 57.3357], [9.7676, 57.3356], [9.7684, 57.3348]]]}, {"type": "Polygon", "coordinates": [[[9.8412, 57.3916], [9.8466, 57.3806], [9.8374, 57.3863], [9.8414, 57.3966], [9.8482, 57.3969], [9.8412, 57.3916]]]}, {"type": "Polygon", "coordinates": [[[9.7986, 57.4368], [9.8023, 57.4384], [9.8026, 57.4382], [9.8021, 57.4376], [9.7986, 57.4368]]]}, {"type": "Polygon", "coordinates": [[[9.9524, 57.4409], [9.9459, 57.4441], [9.9558, 57.4445], [9.9515, 57.4436], [9.9547, 57.4417], [9.9524, 57.4409]]]}, {"type": "Polygon", "coordinates": [[[9.9002, 57.4668], [9.9052, 57.4679], [9.9009, 57.4645], [9.8985, 57.4644], [9.9002, 57.4668]]]}, {"type": "Polygon", "coordinates": [[[9.8351, 57.4776], [9.8316, 57.4756], [9.8351, 57.4787], [9.8351, 57.4776]]]}, {"type": "Polygon", "coordinates": [[[9.8404, 57.476], [9.8405, 57.4804], [9.8411, 57.4801], [9.8404, 57.476]]]}, {"type": "Polygon", "coordinates": [[[9.8547, 57.4829], [9.861, 57.482], [9.853, 57.4817], [9.8547, 57.4829]]]}, {"type": "Polygon", "coordinates": [[[10.3249, 50.7512], [10.331, 50.7535], [10.3318, 50.7453], [10.3249, 50.7512]]]}, {"type": "Polygon", "coordinates": [[[9.9672, 50.9341], [9.9741, 50.9297], [9.9717, 50.928], [9.9642, 50.9302], [9.9672, 50.9341]]]}, {"type": "Polygon", "coordinates": [[[9.9935, 53.5487], [9.9929, 53.5488], [9.9935, 53.5488], [9.9935, 53.5487]]]}, {"type": "Polygon", "coordinates": [[[10.0158, 53.5673], [10.0136, 53.5617], [9.995, 53.5515], [9.9912, 53.5545], [10.0013, 53.5663], [10.0026, 53.5721], [10.0019, 53.5753], [9.996, 53.5818], [9.9954, 53.5826], [9.9955, 53.5833], [10.0047, 53.5769], [10.0144, 53.5808], [10.0066, 53.5753], [10.012, 53.5723], [10.0095, 53.5701], [10.0158, 53.5673]]]}, {"type": "Polygon", "coordinates": [[[10.2702, 53.8674], [10.2988, 53.8719], [10.2939, 53.8707], [10.2949, 53.8675], [10.2851, 53.869], [10.2823, 53.867], [10.2768, 53.8682], [10.2736, 53.8661], [10.2614, 53.865], [10.2588, 53.8661], [10.2631, 53.87], [10.2702, 53.8674]]]}, {"type": "Polygon", "coordinates": [[[10.2457, 53.9008], [10.2407, 53.9015], [10.2386, 53.9083], [10.2424, 53.9114], [10.2352, 53.9137], [10.2344, 53.9192], [10.2399, 53.92], [10.251, 53.9105], [10.2592, 53.9084], [10.2467, 53.9088], [10.2457, 53.9008]]]}, {"type": "Polygon", "coordinates": [[[10.3284, 53.9569], [10.34, 53.9576], [10.3415, 53.9537], [10.3362, 53.9527], [10.336, 53.9487], [10.3211, 53.9464], [10.3318, 53.939], [10.3108, 53.9408], [10.3284, 53.9569]]]}, {"type": "Polygon", "coordinates": [[[10.2921, 53.9596], [10.3038, 53.9617], [10.306, 53.9587], [10.299, 53.9563], [10.2921, 53.9596]]]}, {"type": "Polygon", "coordinates": [[[10.3351, 54.0044], [10.3364, 54.0036], [10.3356, 54.0033], [10.3351, 54.0044]]]}, {"type": "Polygon", "coordinates": [[[10.3346, 54.0083], [10.3344, 54.0051], [10.3261, 54.0125], [10.3346, 54.0083]]]}, {"type": "Polygon", "coordinates": [[[10.3318, 54.0276], [10.3383, 54.0247], [10.3316, 54.0235], [10.3251, 54.0261], [10.3318, 54.0276]]]}, {"type": "Polygon", "coordinates": [[[10.2354, 54.0789], [10.2405, 54.0826], [10.2505, 54.0816], [10.2489, 54.077], [10.2384, 54.0748], [10.2354, 54.0789]]]}, {"type": "Polygon", "coordinates": [[[10.2401, 54.0848], [10.2381, 54.0883], [10.2412, 54.0904], [10.245, 54.087], [10.2673, 54.086], [10.2693, 54.0829], [10.2671, 54.0809], [10.2401, 54.0848]]]}, {"type": "Polygon", "coordinates": [[[10.2281, 54.0994], [10.2329, 54.0955], [10.227, 54.0961], [10.2281, 54.0994]]]}, {"type": "Polygon", "coordinates": [[[10.2574, 54.0968], [10.25, 54.0949], [10.2505, 54.0918], [10.2435, 54.0937], [10.2526, 54.1109], [10.2572, 54.1075], [10.2574, 54.0968]]]}, {"type": "Polygon", "coordinates": [[[10.2245, 54.1111], [10.232, 54.1028], [10.2269, 54.1026], [10.2221, 54.1069], [10.2245, 54.1111]]]}, {"type": "Polygon", "coordinates": [[[10.2331, 54.1197], [10.2251, 54.1158], [10.2231, 54.1168], [10.2312, 54.1342], [10.2304, 54.1395], [10.2388, 54.1324], [10.2389, 54.1276], [10.2331, 54.1197]]]}, {"type": "Polygon", "coordinates": [[[10.1279, 54.1369], [10.1272, 54.1396], [10.1296, 54.1374], [10.1279, 54.1369]]]}, {"type": "Polygon", "coordinates": [[[10.1226, 54.1389], [10.1216, 54.1419], [10.1246, 54.1401], [10.1226, 54.1389]]]}, {"type": "Polygon", "coordinates": [[[10.0131, 54.1556], [10.0095, 54.1543], [10.0114, 54.1461], [10.0082, 54.1386], [10.0028, 54.1343], [9.9976, 54.1344], [9.9997, 54.1329], [9.9968, 54.1313], [9.9886, 54.1311], [9.9877, 54.1361], [10.0091, 54.156], [10.0131, 54.1556]]]}, {"type": "Polygon", "coordinates": [[[10.2569, 54.1497], [10.2563, 54.1467], [10.2506, 54.1496], [10.2569, 54.1497]]]}, {"type": "Polygon", "coordinates": [[[10.1459, 54.1509], [10.1442, 54.1455], [10.1412, 54.146], [10.1411, 54.1517], [10.1443, 54.1544], [10.1431, 54.1596], [10.1507, 54.151], [10.1459, 54.1509]], [[10.1427, 54.1507], [10.1454, 54.1511], [10.1456, 54.1521], [10.1427, 54.1507]]]}, {"type": "Polygon", "coordinates": [[[10.2135, 54.1531], [10.21, 54.1567], [10.2126, 54.1552], [10.2135, 54.1531]]]}, {"type": "Polygon", "coordinates": [[[10.1872, 54.1614], [10.1866, 54.1575], [10.1815, 54.1541], [10.1807, 54.1588], [10.1872, 54.1614]]]}, {"type": "Polygon", "coordinates": [[[10.1887, 54.1683], [10.1922, 54.1661], [10.1912, 54.1652], [10.1876, 54.1654], [10.1887, 54.1683]]]}, {"type": "Polygon", "coordinates": [[[10.0186, 54.1686], [10.0238, 54.1646], [10.0167, 54.164], [10.0139, 54.168], [10.0154, 54.1715], [10.009, 54.174], [10.0147, 54.1776], [10.0214, 54.1756], [10.0223, 54.1708], [10.0186, 54.1686]], [[10.0146, 54.1739], [10.0142, 54.1734], [10.0151, 54.1732], [10.0146, 54.1739]]]}, {"type": "Polygon", "coordinates": [[[10.1425, 54.1727], [10.145, 54.1722], [10.1452, 54.1718], [10.1425, 54.1727]]]}, {"type": "Polygon", "coordinates": [[[10.1382, 54.1737], [10.1425, 54.1764], [10.1417, 54.1712], [10.1382, 54.1737]]]}, {"type": "Polygon", "coordinates": [[[10.2179, 54.1766], [10.2213, 54.1777], [10.2242, 54.1771], [10.2207, 54.1744], [10.2179, 54.1766]]]}, {"type": "Polygon", "coordinates": [[[10.1354, 54.1819], [10.134, 54.1828], [10.1348, 54.1832], [10.1354, 54.1819]]]}, {"type": "Polygon", "coordinates": [[[10.0362, 54.1857], [10.0434, 54.1865], [10.0405, 54.1834], [10.0362, 54.1857]]]}, {"type": "Polygon", "coordinates": [[[10.3349, 54.1885], [10.3406, 54.1864], [10.3405, 54.1858], [10.3349, 54.1885]]]}, {"type": "Polygon", "coordinates": [[[10.2941, 54.1888], [10.2972, 54.1874], [10.2928, 54.189], [10.2941, 54.1888]]]}, {"type": "Polygon", "coordinates": [[[10.2853, 54.1946], [10.3022, 54.1903], [10.2923, 54.1914], [10.2834, 54.1859], [10.2804, 54.189], [10.2853, 54.1914], [10.2789, 54.192], [10.2853, 54.1946]], [[10.2882, 54.1915], [10.2873, 54.1918], [10.2871, 54.1915], [10.2882, 54.1915]], [[10.2849, 54.1932], [10.2842, 54.1937], [10.2839, 54.1934], [10.2849, 54.1932]]]}, {"type": "Polygon", "coordinates": [[[10.2084, 54.1903], [10.2182, 54.196], [10.214, 54.1896], [10.208, 54.1879], [10.2084, 54.1903]]]}, {"type": "Polygon", "coordinates": [[[10.1486, 54.1955], [10.1437, 54.1891], [10.1371, 54.1901], [10.141, 54.1978], [10.1421, 54.1977], [10.1486, 54.1955]]]}, {"type": "Polygon", "coordinates": [[[10.2684, 54.1966], [10.2658, 54.1949], [10.2637, 54.1953], [10.2653, 54.196], [10.2684, 54.1966]]]}, {"type": "Polygon", "coordinates": [[[10.3312, 54.1921], [10.3195, 54.1956], [10.3166, 54.2023], [10.3312, 54.1921]]]}, {"type": "Polygon", "coordinates": [[[10.1253, 54.1957], [10.124, 54.2026], [10.1273, 54.2095], [10.1313, 54.2096], [10.1282, 54.2139], [10.1378, 54.2135], [10.1418, 54.2104], [10.1442, 54.2049], [10.1319, 54.2045], [10.125, 54.1894], [10.1162, 54.1902], [10.1253, 54.1957]]]}, {"type": "Polygon", "coordinates": [[[10.1509, 54.2028], [10.1528, 54.1995], [10.1406, 54.1999], [10.1359, 54.2039], [10.1509, 54.2028]]]}, {"type": "Polygon", "coordinates": [[[10.2505, 54.2051], [10.2475, 54.2012], [10.243, 54.2014], [10.2505, 54.2051]]]}, {"type": "Polygon", "coordinates": [[[10.3291, 54.2097], [10.3261, 54.2103], [10.3254, 54.2114], [10.3291, 54.2097]]]}, {"type": "Polygon", "coordinates": [[[10.32, 54.2203], [10.3145, 54.2209], [10.3052, 54.2239], [10.3106, 54.2268], [10.3197, 54.2238], [10.3137, 54.2228], [10.32, 54.2203]]]}, {"type": "Polygon", "coordinates": [[[10.233, 54.2128], [10.2191, 54.2124], [10.2186, 54.2204], [10.2269, 54.2266], [10.2691, 54.2444], [10.2637, 54.2414], [10.2679, 54.2384], [10.2658, 54.2357], [10.252, 54.2335], [10.2532, 54.2313], [10.2454, 54.2283], [10.2383, 54.2283], [10.2372, 54.2161], [10.233, 54.2128]], [[10.2452, 54.2295], [10.2441, 54.2306], [10.2433, 54.2305], [10.2452, 54.2295]]]}, {"type": "Polygon", "coordinates": [[[9.976, 54.2646], [9.9839, 54.2624], [9.9693, 54.2582], [9.9718, 54.2688], [9.976, 54.2646]]]}, {"type": "Polygon", "coordinates": [[[10.0592, 54.2679], [10.0609, 54.2621], [10.0518, 54.2594], [10.0519, 54.2646], [10.0592, 54.2679]], [[10.0553, 54.2621], [10.0554, 54.2618], [10.0568, 54.2618], [10.0553, 54.2621]]]}, {"type": "Polygon", "coordinates": [[[10.0629, 54.2684], [10.0672, 54.2693], [10.068, 54.2687], [10.0658, 54.2668], [10.0629, 54.2684]]]}, {"type": "Polygon", "coordinates": [[[9.9663, 54.2706], [9.9717, 54.2784], [9.9744, 54.2734], [9.9663, 54.2706]]]}, {"type": "Polygon", "coordinates": [[[9.9752, 54.2816], [9.9794, 54.2796], [9.9744, 54.2803], [9.9752, 54.2816]]]}, {"type": "Polygon", "coordinates": [[[10.1747, 54.2803], [10.1733, 54.2887], [10.1874, 54.2812], [10.1783, 54.2779], [10.1747, 54.2803]]]}, {"type": "Polygon", "coordinates": [[[10.1006, 54.2912], [10.0947, 54.2807], [10.0913, 54.2801], [10.0888, 54.2863], [10.1006, 54.2912]], [[10.0942, 54.2879], [10.0936, 54.2873], [10.0951, 54.2868], [10.0942, 54.2879]]]}, {"type": "Polygon", "coordinates": [[[10.0962, 54.2936], [10.1015, 54.2986], [10.1043, 54.2979], [10.1011, 54.2945], [10.0962, 54.2936]]]}, {"type": "Polygon", "coordinates": [[[10.0519, 54.2976], [10.0525, 54.2959], [10.0504, 54.2967], [10.0519, 54.2976]]]}, {"type": "Polygon", "coordinates": [[[10.0595, 54.2983], [10.0634, 54.2966], [10.0697, 54.2986], [10.0607, 54.2952], [10.0595, 54.2983]]]}, {"type": "Polygon", "coordinates": [[[10.0806, 54.2994], [10.0848, 54.2958], [10.0774, 54.2956], [10.0737, 54.2979], [10.0806, 54.2994]]]}, {"type": "Polygon", "coordinates": [[[10.0305, 54.2991], [10.0295, 54.2973], [10.0365, 54.2961], [10.0188, 54.2989], [10.0305, 54.2991]]]}, {"type": "Polygon", "coordinates": [[[10.1625, 54.3007], [10.1581, 54.3044], [10.159, 54.3055], [10.1625, 54.3007]]]}, {"type": "Polygon", "coordinates": [[[9.9854, 54.3024], [9.9738, 54.3032], [9.9753, 54.3012], [9.9693, 54.3002], [9.9621, 54.303], [9.9753, 54.3066], [9.9854, 54.3024]]]}, {"type": "Polygon", "coordinates": [[[10.1715, 54.3062], [10.1743, 54.3061], [10.1713, 54.3031], [10.1715, 54.3062]]]}, {"type": "Polygon", "coordinates": [[[10.2882, 54.3186], [10.2904, 54.3227], [10.2877, 54.3247], [10.2955, 54.3315], [10.3027, 54.3323], [10.3033, 54.3278], [10.3082, 54.3263], [10.3096, 54.3225], [10.3255, 54.3218], [10.3282, 54.3178], [10.32, 54.3116], [10.3018, 54.3106], [10.295, 54.3156], [10.2983, 54.3176], [10.2882, 54.3186]]]}, {"type": "Polygon", "coordinates": [[[9.97, 54.3342], [9.9655, 54.331], [9.9684, 54.3223], [9.9662, 54.3171], [9.9507, 54.325], [9.9549, 54.3305], [9.9485, 54.3307], [9.9465, 54.3345], [9.9631, 54.341], [9.9518, 54.3421], [9.9667, 54.3422], [9.97, 54.3342]]]}, {"type": "Polygon", "coordinates": [[[10.2673, 54.3388], [10.26, 54.3424], [10.2499, 54.3406], [10.2536, 54.3444], [10.2557, 54.343], [10.2609, 54.3438], [10.2571, 54.3443], [10.2585, 54.3474], [10.2616, 54.3447], [10.269, 54.3486], [10.2673, 54.3458], [10.2703, 54.3452], [10.2677, 54.3445], [10.2756, 54.3396], [10.2668, 54.3351], [10.2673, 54.3388]], [[10.2641, 54.3446], [10.2645, 54.3434], [10.266, 54.3437], [10.2641, 54.3446]], [[10.2661, 54.3432], [10.266, 54.3429], [10.2668, 54.3428], [10.2661, 54.3432]], [[10.2637, 54.3411], [10.2638, 54.3408], [10.2644, 54.341], [10.2637, 54.3411]], [[10.2619, 54.3421], [10.2618, 54.3419], [10.2622, 54.3418], [10.2619, 54.3421]]]}, {"type": "Polygon", "coordinates": [[[10.3053, 54.3535], [10.3185, 54.3647], [10.3209, 54.3523], [10.334, 54.3494], [10.3369, 54.3449], [10.3433, 54.3482], [10.3523, 54.3476], [10.3373, 54.3426], [10.3213, 54.3441], [10.308, 54.3368], [10.3046, 54.3393], [10.3108, 54.3511], [10.3053, 54.3535]]]}, {"type": "Polygon", "coordinates": [[[10.1622, 54.4344], [10.163, 54.4319], [10.1562, 54.4292], [10.1553, 54.4323], [10.1622, 54.4344]]]}, {"type": "Polygon", "coordinates": [[[10.0242, 54.6157], [10.0273, 54.6132], [10.0236, 54.6111], [10.0246, 54.6102], [10.0278, 54.6118], [10.0251, 54.6119], [10.0273, 54.612], [10.0293, 54.6116], [10.0222, 54.6091], [10.0252, 54.608], [10.0233, 54.6009], [10.0144, 54.6014], [10.0122, 54.6084], [10.0153, 54.6131], [10.0242, 54.6157]]]}, {"type": "Polygon", "coordinates": [[[10.3003, 54.918], [10.2977, 54.9187], [10.298, 54.9192], [10.3003, 54.918]]]}, {"type": "Polygon", "coordinates": [[[10.2722, 54.9194], [10.2452, 54.9219], [10.2469, 54.9307], [10.2501, 54.9309], [10.2699, 54.9221], [10.2722, 54.9194]], [[10.2485, 54.9282], [10.251, 54.9286], [10.2508, 54.929], [10.2485, 54.9282]]]}, {"type": "Polygon", "coordinates": [[[10.2958, 55.0183], [10.2984, 55.0182], [10.307, 55.0137], [10.3054, 55.0135], [10.2958, 55.0183]]]}, {"type": "Polygon", "coordinates": [[[10.244, 55.0363], [10.2482, 55.0361], [10.2487, 55.0355], [10.248, 55.035], [10.244, 55.0363]]]}, {"type": "Polygon", "coordinates": [[[10.2975, 55.0965], [10.2996, 55.097], [10.2998, 55.0965], [10.2975, 55.0965]]]}, {"type": "Polygon", "coordinates": [[[10.2982, 55.12], [10.3002, 55.1173], [10.2933, 55.1178], [10.2941, 55.1209], [10.2982, 55.12]]]}, {"type": "Polygon", "coordinates": [[[10.2953, 55.1213], [10.2951, 55.1215], [10.2985, 55.1215], [10.2953, 55.1213]]]}, {"type": "Polygon", "coordinates": [[[10.2921, 55.1677], [10.3063, 55.1682], [10.3163, 55.1601], [10.3154, 55.1539], [10.3198, 55.1455], [10.3103, 55.1435], [10.2995, 55.1502], [10.298, 55.1547], [10.2876, 55.162], [10.2921, 55.1677]]]}, {"type": "Polygon", "coordinates": [[[10.2751, 55.1904], [10.2761, 55.1903], [10.2754, 55.1901], [10.2751, 55.1904]]]}, {"type": "Polygon", "coordinates": [[[10.1941, 55.1989], [10.1951, 55.1991], [10.1953, 55.1987], [10.1941, 55.1989]]]}, {"type": "Polygon", "coordinates": [[[10.1972, 55.1992], [10.1958, 55.1993], [10.196, 55.1994], [10.1972, 55.1992]]]}, {"type": "Polygon", "coordinates": [[[10.2007, 55.2012], [10.1996, 55.2009], [10.1998, 55.2013], [10.2007, 55.2012]]]}, {"type": "Polygon", "coordinates": [[[10.211, 55.2085], [10.2088, 55.204], [10.2014, 55.2032], [10.2045, 55.2077], [10.211, 55.2085]]]}, {"type": "Polygon", "coordinates": [[[10.0647, 55.2095], [10.0692, 55.2076], [10.0626, 55.2038], [10.0658, 55.2076], [10.0647, 55.2095]]]}, {"type": "Polygon", "coordinates": [[[10.2114, 55.2325], [10.2136, 55.2318], [10.2112, 55.2318], [10.2114, 55.2325]]]}, {"type": "Polygon", "coordinates": [[[9.9617, 55.2415], [9.9625, 55.2383], [9.9597, 55.2388], [9.9585, 55.2436], [9.9617, 55.2415]]]}, {"type": "Polygon", "coordinates": [[[9.9597, 55.2575], [9.9611, 55.2563], [9.9556, 55.256], [9.9597, 55.2575]]]}, {"type": "Polygon", "coordinates": [[[10.2209, 55.2623], [10.2162, 55.2625], [10.2174, 55.2652], [10.2209, 55.2623]]]}, {"type": "Polygon", "coordinates": [[[10.1296, 55.2705], [10.1302, 55.2786], [10.137, 55.2719], [10.1296, 55.2705]]]}, {"type": "Polygon", "coordinates": [[[10.2865, 55.3158], [10.2877, 55.3154], [10.2862, 55.3151], [10.2865, 55.3158]]]}, {"type": "Polygon", "coordinates": [[[10.322, 55.3404], [10.3198, 55.3406], [10.3197, 55.3416], [10.322, 55.3404]]]}, {"type": "Polygon", "coordinates": [[[10.2451, 55.4225], [10.2545, 55.4192], [10.2516, 55.4189], [10.2431, 55.4214], [10.2451, 55.4225]]]}, {"type": "Polygon", "coordinates": [[[10.2009, 55.4374], [10.2071, 55.4352], [10.2089, 55.4303], [10.2019, 55.4349], [10.1895, 55.4332], [10.2009, 55.4374]]]}, {"type": "Polygon", "coordinates": [[[10.2865, 55.4834], [10.2767, 55.4804], [10.2728, 55.4819], [10.274, 55.4828], [10.2865, 55.4834]]]}, {"type": "Polygon", "coordinates": [[[9.981, 55.5204], [9.9825, 55.519], [9.9795, 55.5202], [9.981, 55.5204]]]}, {"type": "Polygon", "coordinates": [[[10.3413, 55.5939], [10.3386, 55.5918], [10.3375, 55.5917], [10.3363, 55.5918], [10.3338, 55.5931], [10.3409, 55.5974], [10.3475, 55.5951], [10.3434, 55.593], [10.3413, 55.5939]]]}, {"type": "Polygon", "coordinates": [[[10.3319, 55.6002], [10.3297, 55.5973], [10.3252, 55.6015], [10.3319, 55.6002]]]}, {"type": "Polygon", "coordinates": [[[10.211, 56.0106], [10.2237, 56.0111], [10.2423, 56.0242], [10.2574, 56.0218], [10.2473, 56.0026], [10.2311, 55.9993], [10.2304, 56.0034], [10.2344, 56.0077], [10.211, 56.0106]], [[10.2425, 56.015], [10.2416, 56.0142], [10.2431, 56.0144], [10.2425, 56.015]], [[10.2464, 56.0195], [10.2431, 56.0151], [10.2496, 56.0166], [10.2464, 56.0195]], [[10.2468, 56.0213], [10.2487, 56.0192], [10.2548, 56.0194], [10.2513, 56.0216], [10.2468, 56.0213]]]}, {"type": "Polygon", "coordinates": [[[10.0227, 56.0458], [10.0252, 56.0465], [10.0262, 56.045], [10.0227, 56.0458]]]}, {"type": "Polygon", "coordinates": [[[10.0366, 56.0568], [10.0255, 56.0617], [10.0103, 56.0536], [9.9902, 56.0613], [10.0023, 56.0627], [10.0116, 56.0582], [10.0293, 56.0648], [10.0602, 56.0577], [10.0673, 56.0606], [10.0776, 56.0533], [10.0796, 56.0486], [10.0761, 56.0455], [10.0798, 56.0417], [10.0601, 56.0458], [10.0669, 56.0497], [10.0525, 56.0556], [10.0366, 56.0568]]]}, {"type": "Polygon", "coordinates": [[[9.9742, 56.1307], [9.9805, 56.128], [9.966, 56.1288], [9.9742, 56.1307]]]}, {"type": "Polygon", "coordinates": [[[10.1444, 56.1409], [10.1351, 56.137], [10.113, 56.1446], [10.0782, 56.1433], [10.1079, 56.151], [10.1201, 56.147], [10.1292, 56.1479], [10.1444, 56.1409]]]}, {"type": "Polygon", "coordinates": [[[10.1966, 56.1566], [10.1923, 56.1532], [10.1956, 56.1513], [10.1846, 56.1505], [10.1812, 56.1534], [10.1966, 56.1566]]]}, {"type": "Polygon", "coordinates": [[[10.0868, 56.195], [10.0864, 56.1968], [10.0898, 56.198], [10.0868, 56.195]]]}, {"type": "Polygon", "coordinates": [[[9.9685, 56.2179], [9.9694, 56.2164], [9.9644, 56.2129], [9.9569, 56.2143], [9.9533, 56.2173], [9.9571, 56.2199], [9.9685, 56.2179]]]}, {"type": "Polygon", "coordinates": [[[10.0061, 56.3326], [10.0079, 56.3332], [10.0069, 56.3291], [10.0041, 56.3287], [10.0061, 56.3326]]]}, {"type": "Polygon", "coordinates": [[[10.084, 56.3378], [10.0827, 56.3387], [10.0874, 56.3388], [10.084, 56.3378]]]}, {"type": "Polygon", "coordinates": [[[10.2427, 56.3533], [10.2493, 56.3537], [10.251, 56.3511], [10.2483, 56.3502], [10.2427, 56.3533]]]}, {"type": "Polygon", "coordinates": [[[10.2282, 56.3527], [10.2324, 56.3528], [10.2299, 56.3515], [10.2282, 56.3527]]]}, {"type": "Polygon", "coordinates": [[[10.187, 56.4251], [10.1774, 56.4231], [10.1674, 56.425], [10.179, 56.4291], [10.1874, 56.4283], [10.187, 56.4251]]]}, {"type": "Polygon", "coordinates": [[[10.2204, 56.4466], [10.2232, 56.4464], [10.223, 56.4453], [10.2204, 56.4466]]]}, {"type": "Polygon", "coordinates": [[[10.2067, 56.4472], [10.2113, 56.4477], [10.2133, 56.4471], [10.208, 56.445], [10.2067, 56.4472]]]}, {"type": "Polygon", "coordinates": [[[10.1005, 56.4513], [10.0999, 56.4523], [10.1024, 56.4513], [10.1005, 56.4513]]]}, {"type": "Polygon", "coordinates": [[[10.0146, 56.4581], [9.998, 56.4591], [10.0083, 56.4596], [10.0146, 56.4581]]]}, {"type": "Polygon", "coordinates": [[[9.9866, 56.4752], [9.9815, 56.4776], [9.9842, 56.4776], [9.9866, 56.4752]]]}, {"type": "Polygon", "coordinates": [[[9.9917, 56.5056], [9.9889, 56.5055], [9.9945, 56.5076], [9.9975, 56.5082], [9.9917, 56.5056]]]}, {"type": "Polygon", "coordinates": [[[10.2716, 56.575], [10.2718, 56.5752], [10.2718, 56.5751], [10.2716, 56.575]]]}, {"type": "Polygon", "coordinates": [[[9.9875, 56.6022], [9.9948, 56.6027], [9.9965, 56.6009], [9.9912, 56.6008], [9.9875, 56.6022]]]}, {"type": "Polygon", "coordinates": [[[10.0924, 56.6308], [10.0881, 56.6272], [10.0868, 56.6282], [10.0924, 56.6308]]]}, {"type": "Polygon", "coordinates": [[[10.2087, 56.6569], [10.2133, 56.6539], [10.2119, 56.6523], [10.2055, 56.6553], [10.2087, 56.6569]]]}, {"type": "Polygon", "coordinates": [[[10.1917, 56.6598], [10.192, 56.6591], [10.1906, 56.6589], [10.1917, 56.6598]]]}, {"type": "Polygon", "coordinates": [[[10.2896, 56.6601], [10.2876, 56.661], [10.2928, 56.6597], [10.2896, 56.6601]]]}, {"type": "Polygon", "coordinates": [[[10.317, 56.6673], [10.3182, 56.6677], [10.3179, 56.6671], [10.317, 56.6673]]]}, {"type": "Polygon", "coordinates": [[[10.2005, 56.6666], [10.2028, 56.669], [10.2034, 56.6683], [10.2005, 56.6666]]]}, {"type": "Polygon", "coordinates": [[[10.2669, 56.6694], [10.2672, 56.6692], [10.2669, 56.6688], [10.2669, 56.6694]]]}, {"type": "Polygon", "coordinates": [[[10.2677, 56.67], [10.2682, 56.6698], [10.2679, 56.6696], [10.2677, 56.67]]]}, {"type": "Polygon", "coordinates": [[[10.2819, 56.6752], [10.285, 56.6761], [10.2864, 56.676], [10.284, 56.6747], [10.2819, 56.6752]]]}, {"type": "Polygon", "coordinates": [[[10.3101, 56.7131], [10.3113, 56.7134], [10.3118, 56.7114], [10.3101, 56.7131]]]}, {"type": "Polygon", "coordinates": [[[10.2544, 56.7144], [10.254, 56.7145], [10.2542, 56.7145], [10.2544, 56.7144]]]}, {"type": "Polygon", "coordinates": [[[10.254, 56.7146], [10.254, 56.7145], [10.2499, 56.7161], [10.254, 56.7146]]]}, {"type": "Polygon", "coordinates": [[[10.2559, 56.7165], [10.2558, 56.7163], [10.2553, 56.7167], [10.2559, 56.7165]]]}, {"type": "Polygon", "coordinates": [[[10.2544, 56.717], [10.2535, 56.7172], [10.2526, 56.7176], [10.2544, 56.717]]]}, {"type": "Polygon", "coordinates": [[[10.2498, 56.7185], [10.2492, 56.7186], [10.249, 56.7187], [10.2498, 56.7185]]]}, {"type": "Polygon", "coordinates": [[[10.2489, 56.7188], [10.249, 56.7187], [10.2488, 56.7188], [10.2489, 56.7188]]]}, {"type": "Polygon", "coordinates": [[[10.2675, 56.7282], [10.271, 56.7281], [10.2687, 56.7267], [10.2721, 56.7246], [10.2676, 56.7261], [10.2652, 56.7231], [10.2619, 56.7238], [10.2626, 56.7272], [10.2728, 56.7304], [10.2741, 56.729], [10.2675, 56.7282]]]}, {"type": "Polygon", "coordinates": [[[10.0557, 56.815], [10.0594, 56.816], [10.0545, 56.8126], [10.0557, 56.815]]]}, {"type": "Polygon", "coordinates": [[[10.1183, 56.8579], [10.1303, 56.8584], [10.1176, 56.8527], [10.1183, 56.8579]]]}, {"type": "Polygon", "coordinates": [[[9.9607, 56.8648], [9.9529, 56.8598], [9.9566, 56.8629], [9.9607, 56.8648]]]}, {"type": "Polygon", "coordinates": [[[10.0645, 56.9269], [10.0655, 56.9272], [10.0656, 56.927], [10.0645, 56.9269]]]}, {"type": "Polygon", "coordinates": [[[10.0753, 56.9322], [10.0838, 56.9296], [10.0798, 56.9273], [10.0704, 56.9303], [10.0753, 56.9322]]]}, {"type": "Polygon", "coordinates": [[[10.0855, 56.9364], [10.084, 56.9383], [10.0867, 56.9398], [10.0927, 56.9376], [10.0855, 56.9364]]]}, {"type": "Polygon", "coordinates": [[[10.2683, 57.1516], [10.2722, 57.152], [10.2741, 57.1513], [10.2716, 57.1506], [10.2683, 57.1516]]]}, {"type": "Polygon", "coordinates": [[[10.1155, 57.176], [10.1119, 57.1794], [10.1227, 57.1769], [10.1155, 57.176]]]}, {"type": "Polygon", "coordinates": [[[10.1563, 57.2124], [10.154, 57.2136], [10.1604, 57.2131], [10.1623, 57.2123], [10.1563, 57.2124]]]}, {"type": "Polygon", "coordinates": [[[10.2603, 57.243], [10.259, 57.2432], [10.2608, 57.2434], [10.2603, 57.243]]]}, {"type": "Polygon", "coordinates": [[[10.1108, 57.2443], [10.1131, 57.2446], [10.1121, 57.244], [10.1108, 57.2443]]]}, {"type": "Polygon", "coordinates": [[[10.265, 57.2592], [10.2654, 57.2589], [10.2635, 57.2589], [10.265, 57.2592]]]}, {"type": "Polygon", "coordinates": [[[10.0898, 57.2642], [10.0903, 57.2636], [10.0873, 57.2639], [10.0898, 57.2642]]]}, {"type": "Polygon", "coordinates": [[[10.2235, 57.3376], [10.2233, 57.3363], [10.2209, 57.336], [10.2235, 57.3376]]]}, {"type": "Polygon", "coordinates": [[[10.2714, 57.3592], [10.2734, 57.3602], [10.2736, 57.3602], [10.2714, 57.3592]]]}, {"type": "Polygon", "coordinates": [[[10.1291, 57.3927], [10.1294, 57.3917], [10.1277, 57.392], [10.1291, 57.3927]]]}, {"type": "Polygon", "coordinates": [[[9.9947, 57.4197], [9.992, 57.4203], [10.0034, 57.42], [9.9947, 57.4197]]]}, {"type": "Polygon", "coordinates": [[[10.1855, 57.421], [10.189, 57.4234], [10.1891, 57.4222], [10.1855, 57.421]]]}, {"type": "Polygon", "coordinates": [[[10.0217, 57.4568], [10.0258, 57.4559], [10.0208, 57.4561], [10.0217, 57.4568]]]}, {"type": "Polygon", "coordinates": [[[10.0215, 57.56], [10.0228, 57.5555], [10.0218, 57.5545], [10.0204, 57.5563], [10.0215, 57.56]]]}, {"type": "Polygon", "coordinates": [[[10.3418, 57.6011], [10.3482, 57.5926], [10.3401, 57.5798], [10.3202, 57.5715], [10.3125, 57.5782], [10.3158, 57.5908], [10.3254, 57.5995], [10.3418, 57.6011]]]}, {"type": "Polygon", "coordinates": [[[10.6695, 53.6273], [10.6874, 53.6337], [10.7082, 53.6302], [10.6976, 53.6289], [10.691, 53.6315], [10.6796, 53.625], [10.6695, 53.6273]]]}, {"type": "Polygon", "coordinates": [[[10.3835, 53.8287], [10.3875, 53.8259], [10.3825, 53.826], [10.3835, 53.8287]]]}, {"type": "Polygon", "coordinates": [[[10.4883, 53.8283], [10.488, 53.8302], [10.4889, 53.8288], [10.4883, 53.8283]]]}, {"type": "Polygon", "coordinates": [[[10.4728, 53.8316], [10.4734, 53.8287], [10.4702, 53.828], [10.4728, 53.8316]]]}, {"type": "Polygon", "coordinates": [[[10.4803, 53.8304], [10.4777, 53.8314], [10.4779, 53.8317], [10.4803, 53.8304]]]}, {"type": "Polygon", "coordinates": [[[10.4737, 53.8336], [10.4763, 53.8357], [10.4776, 53.8318], [10.4737, 53.8336]]]}, {"type": "Polygon", "coordinates": [[[10.4947, 53.8457], [10.4892, 53.8417], [10.4854, 53.8322], [10.482, 53.8319], [10.4857, 53.8405], [10.4947, 53.8457]]]}, {"type": "Polygon", "coordinates": [[[10.3618, 53.8465], [10.3667, 53.846], [10.3667, 53.8453], [10.3618, 53.8465]]]}, {"type": "Polygon", "coordinates": [[[10.6891, 53.8608], [10.6896, 53.8602], [10.6878, 53.8586], [10.6891, 53.8608]]]}, {"type": "Polygon", "coordinates": [[[10.6936, 53.8645], [10.6973, 53.8645], [10.6923, 53.8597], [10.6899, 53.8611], [10.6936, 53.8645]]]}, {"type": "Polygon", "coordinates": [[[10.5006, 53.8683], [10.5082, 53.8745], [10.5106, 53.8731], [10.5098, 53.8708], [10.5006, 53.8683]]]}, {"type": "Polygon", "coordinates": [[[10.6634, 53.8808], [10.6675, 53.8841], [10.6775, 53.8815], [10.6728, 53.8821], [10.6634, 53.8808]]]}, {"type": "Polygon", "coordinates": [[[10.5169, 53.8852], [10.5252, 53.8885], [10.5288, 53.8878], [10.5261, 53.8849], [10.5169, 53.8852]]]}, {"type": "Polygon", "coordinates": [[[10.6822, 53.9043], [10.6855, 53.9076], [10.6841, 53.9029], [10.689, 53.9009], [10.6897, 53.8987], [10.6803, 53.8991], [10.6822, 53.9043]]]}, {"type": "Polygon", "coordinates": [[[10.3504, 53.9637], [10.3537, 53.9619], [10.3468, 53.9574], [10.3452, 53.9603], [10.3504, 53.9637]]]}, {"type": "Polygon", "coordinates": [[[10.4396, 53.971], [10.3885, 53.9744], [10.3873, 53.9774], [10.3814, 53.9774], [10.3821, 53.9798], [10.3675, 53.9835], [10.3544, 53.9911], [10.3796, 53.9849], [10.3904, 53.9759], [10.4091, 53.9773], [10.4171, 53.981], [10.4392, 53.9753], [10.4523, 53.968], [10.4571, 53.959], [10.4626, 53.9555], [10.4603, 53.9517], [10.4555, 53.9516], [10.4447, 53.9604], [10.4396, 53.971]]]}, {"type": "Polygon", "coordinates": [[[10.3503, 53.9966], [10.3552, 53.994], [10.3548, 53.9919], [10.3503, 53.9966]]]}, {"type": "Polygon", "coordinates": [[[10.5801, 53.9946], [10.5797, 53.9989], [10.5871, 53.9941], [10.5801, 53.9946]]]}, {"type": "Polygon", "coordinates": [[[10.361, 54.0176], [10.37, 54.0118], [10.3495, 54.0183], [10.361, 54.0176]]]}, {"type": "Polygon", "coordinates": [[[10.5478, 54.0276], [10.5415, 54.0254], [10.5433, 54.0323], [10.5478, 54.0276]]]}, {"type": "Polygon", "coordinates": [[[10.6982, 54.0354], [10.7031, 54.0297], [10.6989, 54.0262], [10.6864, 54.0285], [10.694, 54.0382], [10.7006, 54.0374], [10.6982, 54.0354]]]}, {"type": "Polygon", "coordinates": [[[10.536, 54.0378], [10.5468, 54.0344], [10.5468, 54.0334], [10.536, 54.0378]]]}, {"type": "Polygon", "coordinates": [[[10.7016, 54.0401], [10.6921, 54.0409], [10.691, 54.0421], [10.7003, 54.043], [10.7016, 54.0401]]]}, {"type": "Polygon", "coordinates": [[[10.5442, 54.0446], [10.5463, 54.0411], [10.5341, 54.045], [10.5442, 54.0446]]]}, {"type": "Polygon", "coordinates": [[[10.7059, 54.045], [10.7012, 54.0498], [10.7155, 54.0541], [10.7059, 54.045]]]}, {"type": "Polygon", "coordinates": [[[10.4355, 54.0532], [10.4532, 54.0513], [10.4555, 54.0484], [10.4512, 54.0469], [10.4355, 54.0532]]]}, {"type": "Polygon", "coordinates": [[[10.3812, 54.0629], [10.3993, 54.0612], [10.4252, 54.0503], [10.4002, 54.0536], [10.3812, 54.0629]]]}, {"type": "Polygon", "coordinates": [[[10.674, 54.0582], [10.6689, 54.065], [10.6793, 54.0651], [10.6824, 54.0603], [10.674, 54.0582]], [[10.6794, 54.0601], [10.6774, 54.0609], [10.6767, 54.0606], [10.6794, 54.0601]]]}, {"type": "Polygon", "coordinates": [[[10.4392, 54.0725], [10.4432, 54.0716], [10.4365, 54.0696], [10.4321, 54.07], [10.4392, 54.0725]]]}, {"type": "Polygon", "coordinates": [[[10.6799, 54.079], [10.6877, 54.0804], [10.6802, 54.0747], [10.6763, 54.0827], [10.6818, 54.0802], [10.6799, 54.079]]]}, {"type": "Polygon", "coordinates": [[[10.3966, 54.0812], [10.4012, 54.083], [10.4031, 54.082], [10.3966, 54.0812]]]}, {"type": "Polygon", "coordinates": [[[10.6291, 54.0849], [10.6277, 54.088], [10.6382, 54.0885], [10.6392, 54.0856], [10.6497, 54.0824], [10.6454, 54.0781], [10.6291, 54.0849]]]}, {"type": "Polygon", "coordinates": [[[10.3552, 54.0811], [10.3379, 54.0718], [10.3376, 54.0743], [10.3431, 54.0775], [10.3386, 54.0782], [10.3397, 54.0856], [10.3495, 54.0879], [10.3544, 54.0929], [10.3724, 54.0957], [10.3645, 54.085], [10.3512, 54.0862], [10.3499, 54.0838], [10.3552, 54.0811]], [[10.3441, 54.0766], [10.3453, 54.077], [10.3431, 54.0775], [10.3441, 54.0766]], [[10.3597, 54.088], [10.3553, 54.089], [10.3542, 54.0876], [10.3578, 54.0861], [10.3597, 54.088]], [[10.3479, 54.0816], [10.3484, 54.0819], [10.3478, 54.0818], [10.3479, 54.0816]], [[10.3439, 54.0783], [10.3446, 54.079], [10.3435, 54.0782], [10.3439, 54.0783]]]}, {"type": "Polygon", "coordinates": [[[10.565, 54.0917], [10.5615, 54.0927], [10.563, 54.0939], [10.565, 54.0917]]]}, {"type": "Polygon", "coordinates": [[[10.5763, 54.0939], [10.5783, 54.0948], [10.5785, 54.0939], [10.5763, 54.0939]]]}, {"type": "Polygon", "coordinates": [[[10.5955, 54.1302], [10.6081, 54.1339], [10.6111, 54.1324], [10.6043, 54.1278], [10.5955, 54.1302]]]}, {"type": "Polygon", "coordinates": [[[10.4524, 54.1372], [10.4481, 54.1369], [10.4533, 54.1382], [10.4524, 54.1372]]]}, {"type": "Polygon", "coordinates": [[[10.4705, 54.14], [10.4723, 54.141], [10.4795, 54.1404], [10.4748, 54.1379], [10.4705, 54.14]]]}, {"type": "Polygon", "coordinates": [[[10.4537, 54.1405], [10.4528, 54.1402], [10.453, 54.1409], [10.4537, 54.1405]]]}, {"type": "Polygon", "coordinates": [[[10.6175, 54.1397], [10.6203, 54.1424], [10.6139, 54.1433], [10.6164, 54.1493], [10.6226, 54.1476], [10.623, 54.143], [10.6386, 54.1478], [10.6668, 54.1445], [10.6481, 54.1396], [10.6397, 54.1419], [10.6307, 54.1351], [10.6213, 54.1357], [10.6214, 54.1385], [10.6175, 54.1397]], [[10.6239, 54.1394], [10.6272, 54.1399], [10.6271, 54.1401], [10.6239, 54.1394]], [[10.6315, 54.1379], [10.6323, 54.1379], [10.632, 54.1386], [10.6315, 54.1379]]]}, {"type": "Polygon", "coordinates": [[[10.457, 54.1467], [10.4557, 54.1485], [10.4572, 54.1481], [10.457, 54.1467]]]}, {"type": "Polygon", "coordinates": [[[10.465, 54.1456], [10.4722, 54.156], [10.4951, 54.1543], [10.4715, 54.1438], [10.4733, 54.1419], [10.465, 54.1456]]]}, {"type": "Polygon", "coordinates": [[[10.4584, 54.1499], [10.4613, 54.1522], [10.4619, 54.1512], [10.4584, 54.1499]]]}, {"type": "Polygon", "coordinates": [[[10.7093, 54.1509], [10.705, 54.1519], [10.7062, 54.1524], [10.7093, 54.1509]]]}, {"type": "Polygon", "coordinates": [[[10.4553, 54.1513], [10.4539, 54.1501], [10.4507, 54.1521], [10.4537, 54.154], [10.4553, 54.1513]]]}, {"type": "Polygon", "coordinates": [[[10.4663, 54.1541], [10.4656, 54.1554], [10.4675, 54.1547], [10.4663, 54.1541]]]}, {"type": "Polygon", "coordinates": [[[10.6359, 54.1536], [10.6411, 54.1605], [10.6532, 54.1593], [10.6477, 54.1524], [10.6359, 54.1536]]]}, {"type": "Polygon", "coordinates": [[[10.5012, 54.174], [10.5133, 54.1697], [10.5146, 54.1725], [10.5494, 54.1672], [10.5409, 54.1606], [10.5315, 54.1589], [10.515, 54.1634], [10.4908, 54.158], [10.4946, 54.1678], [10.4797, 54.157], [10.4774, 54.1577], [10.4805, 54.1614], [10.4779, 54.1622], [10.4576, 54.1543], [10.451, 54.1551], [10.447, 54.1506], [10.4449, 54.1498], [10.4461, 54.1402], [10.4382, 54.1266], [10.4463, 54.1282], [10.4469, 54.1333], [10.4607, 54.1374], [10.4576, 54.1398], [10.4603, 54.1419], [10.4694, 54.1352], [10.4488, 54.13], [10.4445, 54.121], [10.4383, 54.1177], [10.4326, 54.1183], [10.44, 54.125], [10.4302, 54.1212], [10.4343, 54.1112], [10.4289, 54.1065], [10.4235, 54.107], [10.428, 54.0984], [10.4276, 54.0911], [10.4192, 54.0868], [10.4177, 54.0826], [10.4108, 54.0822], [10.4064, 54.0858], [10.3967, 54.0843], [10.3999, 54.0866], [10.3938, 54.088], [10.3968, 54.0975], [10.394, 54.1013], [10.3973, 54.1034], [10.3949, 54.1073], [10.3986, 54.1144], [10.3934, 54.1212], [10.3957, 54.1295], [10.3408, 54.1184], [10.3348, 54.1234], [10.3376, 54.1321], [10.3439, 54.1325], [10.3351, 54.1378], [10.349, 54.1505], [10.3602, 54.153], [10.3691, 54.1511], [10.3768, 54.1569], [10.3774, 54.1537], [10.3842, 54.1536], [10.3838, 54.1501], [10.3972, 54.1466], [10.4006, 54.1461], [10.4034, 54.1463], [10.3954, 54.1485], [10.3975, 54.1505], [10.3942, 54.1508], [10.3932, 54.1553], [10.3864, 54.1565], [10.388, 54.1583], [10.3823, 54.1624], [10.3745, 54.1595], [10.3333, 54.1775], [10.3306, 54.1772], [10.3286, 54.1775], [10.3255, 54.1784], [10.3231, 54.1781], [10.322, 54.1781], [10.3127, 54.1815], [10.3141, 54.1839], [10.3111, 54.1861], [10.313, 54.1902], [10.306, 54.1962], [10.3059, 54.1975], [10.2885, 54.1957], [10.2826, 54.1985], [10.2891, 54.2019], [10.2812, 54.2036], [10.289, 54.2058], [10.29, 54.2098], [10.2788, 54.2078], [10.2724, 54.2098], [10.279, 54.2112], [10.2743, 54.214], [10.2828, 54.2182], [10.2839, 54.2348], [10.2863, 54.2314], [10.2847, 54.2202], [10.3016, 54.2204], [10.321, 54.2132], [10.3085, 54.2153], [10.3108, 54.2134], [10.3006, 54.2119], [10.2928, 54.2052], [10.3047, 54.2056], [10.311, 54.2016], [10.3061, 54.1962], [10.3168, 54.1902], [10.318, 54.1863], [10.3129, 54.1848], [10.3235, 54.1837], [10.3194, 54.1811], [10.3207, 54.1786], [10.3329, 54.1796], [10.338, 54.1758], [10.3525, 54.1739], [10.3608, 54.167], [10.3737, 54.1659], [10.3711, 54.1645], [10.3741, 54.1624], [10.3809, 54.1727], [10.3878, 54.1725], [10.3924, 54.1691], [10.3919, 54.1636], [10.3987, 54.1647], [10.4033, 54.1617], [10.4141, 54.1603], [10.4095, 54.1631], [10.4129, 54.1655], [10.4062, 54.166], [10.4029, 54.1631], [10.401, 54.1678], [10.4091, 54.1744], [10.4317, 54.1776], [10.4323, 54.1755], [10.4267, 54.1742], [10.4336, 54.1739], [10.4325, 54.1695], [10.4255, 54.1715], [10.4203, 54.1663], [10.4141, 54.166], [10.4148, 54.1619], [10.4197, 54.1586], [10.4307, 54.159], [10.4316, 54.1553], [10.4505, 54.155], [10.453, 54.1564], [10.4541, 54.158], [10.4599, 54.1577], [10.4606, 54.1748], [10.4647, 54.1762], [10.4777, 54.1726], [10.4831, 54.1769], [10.4832, 54.1734], [10.4882, 54.1702], [10.4856, 54.1647], [10.5012, 54.174]], [[10.3991, 54.1482], [10.4043, 54.1505], [10.4105, 54.1465], [10.409, 54.1521], [10.418, 54.1592], [10.4018, 54.1592], [10.4063, 54.1551], [10.3993, 54.1519], [10.3991, 54.1482]], [[10.3848, 54.1371], [10.3875, 54.1372], [10.388, 54.1376], [10.3864, 54.1384], [10.3848, 54.1371]], [[10.3943, 54.1343], [10.3932, 54.1351], [10.3931, 54.1347], [10.3943, 54.1343]], [[10.413, 54.1523], [10.4129, 54.1526], [10.4124, 54.1525], [10.413, 54.1523]], [[10.3546, 54.1383], [10.3534, 54.1404], [10.3486, 54.1384], [10.3546, 54.1383]], [[10.3504, 54.1339], [10.3498, 54.1343], [10.3497, 54.1343], [10.3504, 54.1339]], [[10.35, 54.133], [10.3488, 54.133], [10.3487, 54.1328], [10.35, 54.133]], [[10.4324, 54.1124], [10.43, 54.1124], [10.4304, 54.1114], [10.4324, 54.1124]], [[10.4263, 54.1158], [10.4238, 54.1163], [10.424, 54.1143], [10.4248, 54.114], [10.4263, 54.1158]], [[10.4396, 54.1435], [10.4366, 54.1423], [10.4357, 54.1406], [10.4379, 54.1412], [10.4396, 54.1435]], [[10.4308, 54.153], [10.4302, 54.1534], [10.4301, 54.1531], [10.4308, 54.153]], [[10.4107, 54.139], [10.4083, 54.1369], [10.4112, 54.1361], [10.4107, 54.139]], [[10.408, 54.1416], [10.406, 54.1442], [10.4068, 54.1464], [10.4056, 54.1435], [10.408, 54.1416]], [[10.2922, 54.2187], [10.2863, 54.2183], [10.2927, 54.2169], [10.2922, 54.2187]], [[10.2943, 54.218], [10.2962, 54.2177], [10.2943, 54.2181], [10.2943, 54.218]], [[10.2845, 54.2128], [10.2811, 54.2113], [10.2853, 54.2126], [10.2845, 54.2128]], [[10.2906, 54.2108], [10.2902, 54.2099], [10.2918, 54.2107], [10.2906, 54.2108]], [[10.2972, 54.2016], [10.296, 54.2019], [10.2959, 54.2016], [10.2972, 54.2016]], [[10.4089, 54.1676], [10.4086, 54.1679], [10.4085, 54.1676], [10.4089, 54.1676]], [[10.4111, 54.1673], [10.4101, 54.1675], [10.4099, 54.1673], [10.4111, 54.1673]], [[10.4161, 54.1691], [10.4138, 54.1687], [10.4137, 54.1685], [10.4161, 54.1691]], [[10.4186, 54.1725], [10.4184, 54.1697], [10.4211, 54.1719], [10.4186, 54.1725]], [[10.3935, 54.1308], [10.3926, 54.1313], [10.3924, 54.1307], [10.3935, 54.1308]], [[10.4035, 54.1318], [10.403, 54.1322], [10.4029, 54.1319], [10.4035, 54.1318]], [[10.4092, 54.1325], [10.4085, 54.1332], [10.4067, 54.1317], [10.4092, 54.1325]], [[10.4091, 54.1298], [10.4086, 54.1302], [10.4083, 54.1299], [10.4091, 54.1298]], [[10.485, 54.1651], [10.4829, 54.166], [10.4834, 54.1634], [10.485, 54.1651]], [[10.5273, 54.1634], [10.5257, 54.1628], [10.5258, 54.1626], [10.5273, 54.1634]], [[10.5354, 54.1659], [10.5353, 54.1661], [10.5351, 54.166], [10.5354, 54.1659]]]}, {"type": "Polygon", "coordinates": [[[10.4234, 54.1613], [10.4223, 54.1614], [10.4225, 54.1619], [10.4234, 54.1613]]]}, {"type": "Polygon", "coordinates": [[[10.7, 54.1616], [10.6974, 54.1633], [10.6988, 54.167], [10.7063, 54.1662], [10.7144, 54.1569], [10.7, 54.1616]]]}, {"type": "Polygon", "coordinates": [[[10.4432, 54.169], [10.454, 54.1662], [10.4375, 54.1597], [10.4313, 54.1621], [10.4356, 54.1671], [10.4432, 54.169]], [[10.4391, 54.1629], [10.4385, 54.1626], [10.439, 54.1626], [10.4391, 54.1629]], [[10.4353, 54.1622], [10.435, 54.1621], [10.4356, 54.1621], [10.4353, 54.1622]], [[10.4482, 54.1665], [10.4475, 54.1666], [10.4473, 54.1662], [10.4482, 54.1665]]]}, {"type": "Polygon", "coordinates": [[[10.6052, 54.1559], [10.6035, 54.1624], [10.5985, 54.166], [10.5947, 54.1638], [10.5903, 54.1692], [10.5838, 54.1643], [10.5743, 54.164], [10.5733, 54.1689], [10.5637, 54.1752], [10.5761, 54.1737], [10.5814, 54.1749], [10.5774, 54.1754], [10.5809, 54.178], [10.5804, 54.1824], [10.5901, 54.1849], [10.6027, 54.1813], [10.6182, 54.1839], [10.6234, 54.1776], [10.606, 54.1669], [10.6081, 54.1594], [10.6052, 54.1559]]]}, {"type": "Polygon", "coordinates": [[[10.4909, 54.1743], [10.4936, 54.1714], [10.4908, 54.1717], [10.4909, 54.1743]]]}, {"type": "Polygon", "coordinates": [[[10.4409, 54.1767], [10.4418, 54.1764], [10.4386, 54.1744], [10.4352, 54.1741], [10.4409, 54.1767]]]}, {"type": "Polygon", "coordinates": [[[10.4456, 54.1779], [10.4511, 54.1781], [10.4475, 54.1769], [10.4456, 54.1779]]]}, {"type": "Polygon", "coordinates": [[[10.666, 54.1807], [10.6724, 54.1809], [10.6741, 54.1788], [10.6699, 54.1759], [10.666, 54.1807]]]}, {"type": "Polygon", "coordinates": [[[10.4423, 54.1841], [10.4463, 54.1838], [10.4474, 54.1816], [10.4428, 54.1811], [10.4423, 54.1841]]]}, {"type": "Polygon", "coordinates": [[[10.4859, 54.184], [10.4896, 54.1831], [10.4872, 54.1816], [10.4859, 54.184]]]}, {"type": "Polygon", "coordinates": [[[10.6393, 54.1866], [10.6479, 54.1866], [10.6381, 54.1825], [10.629, 54.1831], [10.6393, 54.1866]]]}, {"type": "Polygon", "coordinates": [[[10.6021, 54.1851], [10.6022, 54.1845], [10.6007, 54.1845], [10.6021, 54.1851]]]}, {"type": "Polygon", "coordinates": [[[10.6532, 54.1849], [10.6586, 54.1872], [10.6619, 54.1854], [10.6595, 54.1844], [10.6532, 54.1849]]]}, {"type": "Polygon", "coordinates": [[[10.6082, 54.1857], [10.609, 54.1871], [10.6095, 54.1862], [10.6082, 54.1857]]]}, {"type": "Polygon", "coordinates": [[[10.4694, 54.1961], [10.479, 54.1952], [10.4712, 54.1929], [10.4762, 54.1921], [10.4709, 54.1834], [10.458, 54.1812], [10.4536, 54.1844], [10.4645, 54.1891], [10.4651, 54.1936], [10.4694, 54.1961]]]}, {"type": "Polygon", "coordinates": [[[10.5863, 54.1892], [10.5846, 54.189], [10.585, 54.1899], [10.5863, 54.1892]]]}, {"type": "Polygon", "coordinates": [[[10.6558, 54.1928], [10.6582, 54.1916], [10.656, 54.1896], [10.6531, 54.191], [10.6558, 54.1928]]]}, {"type": "Polygon", "coordinates": [[[10.4873, 54.1903], [10.4897, 54.1933], [10.4943, 54.1928], [10.49, 54.1898], [10.4873, 54.1903]]]}, {"type": "Polygon", "coordinates": [[[10.6316, 54.1934], [10.6346, 54.1924], [10.6333, 54.1908], [10.63, 54.1914], [10.6316, 54.1934]]]}, {"type": "Polygon", "coordinates": [[[10.6053, 54.1914], [10.5982, 54.1933], [10.5998, 54.1955], [10.6058, 54.1939], [10.6053, 54.1914]]]}, {"type": "Polygon", "coordinates": [[[10.4778, 54.2026], [10.4806, 54.2015], [10.4801, 54.1994], [10.4772, 54.2], [10.4778, 54.2026]]]}, {"type": "Polygon", "coordinates": [[[10.4431, 54.2023], [10.4422, 54.2007], [10.438, 54.2031], [10.4431, 54.2023]]]}, {"type": "Polygon", "coordinates": [[[10.6139, 54.1983], [10.6159, 54.2021], [10.612, 54.2056], [10.6193, 54.2017], [10.6139, 54.1983]]]}, {"type": "Polygon", "coordinates": [[[10.3592, 54.2013], [10.3445, 54.2043], [10.3604, 54.2019], [10.3592, 54.2013]]]}, {"type": "Polygon", "coordinates": [[[10.4937, 54.2009], [10.4922, 54.2068], [10.4988, 54.2055], [10.4998, 54.2021], [10.4937, 54.2009]]]}, {"type": "Polygon", "coordinates": [[[10.3982, 54.2062], [10.4027, 54.2098], [10.4135, 54.2068], [10.4094, 54.2045], [10.3982, 54.2062]]]}, {"type": "Polygon", "coordinates": [[[10.4859, 54.2129], [10.4773, 54.2106], [10.4716, 54.2166], [10.474, 54.2196], [10.4777, 54.2142], [10.4859, 54.2129]]]}, {"type": "Polygon", "coordinates": [[[10.5594, 54.2137], [10.5557, 54.2155], [10.5572, 54.2175], [10.5594, 54.2137]]]}, {"type": "Polygon", "coordinates": [[[10.4785, 54.2275], [10.4815, 54.2253], [10.4734, 54.2259], [10.4725, 54.2214], [10.4652, 54.2217], [10.4655, 54.2301], [10.4616, 54.2336], [10.4604, 54.2425], [10.4636, 54.2428], [10.4702, 54.2356], [10.4739, 54.2269], [10.4785, 54.2275]]]}, {"type": "Polygon", "coordinates": [[[10.5338, 54.2412], [10.5373, 54.2361], [10.5289, 54.2369], [10.5338, 54.2412]]]}, {"type": "Polygon", "coordinates": [[[10.6547, 54.2355], [10.6474, 54.2363], [10.6466, 54.2403], [10.64, 54.2408], [10.648, 54.2435], [10.6547, 54.2355]]]}, {"type": "Polygon", "coordinates": [[[10.6309, 54.2439], [10.6295, 54.2441], [10.6298, 54.2452], [10.6309, 54.2439]]]}, {"type": "Polygon", "coordinates": [[[10.651, 54.2482], [10.6569, 54.2461], [10.6544, 54.2448], [10.6488, 54.2446], [10.651, 54.2482]]]}, {"type": "Polygon", "coordinates": [[[10.6492, 54.2528], [10.6513, 54.252], [10.6543, 54.2527], [10.6497, 54.2505], [10.6492, 54.2528]]]}, {"type": "Polygon", "coordinates": [[[10.6834, 54.2605], [10.6836, 54.2573], [10.6808, 54.2575], [10.6834, 54.2605]]]}, {"type": "Polygon", "coordinates": [[[10.6687, 54.263], [10.6713, 54.2637], [10.6705, 54.2612], [10.6687, 54.263]]]}, {"type": "Polygon", "coordinates": [[[10.4791, 54.3208], [10.4914, 54.3217], [10.4971, 54.3204], [10.503, 54.3131], [10.4891, 54.3085], [10.4892, 54.3036], [10.4938, 54.3008], [10.5089, 54.3017], [10.507, 54.2998], [10.514, 54.299], [10.515, 54.2944], [10.4901, 54.2931], [10.4768, 54.2836], [10.4677, 54.2819], [10.4239, 54.2979], [10.3843, 54.3032], [10.3819, 54.3071], [10.3833, 54.3138], [10.3915, 54.3229], [10.4026, 54.3192], [10.4108, 54.3213], [10.4377, 54.3179], [10.4528, 54.3217], [10.4551, 54.3169], [10.4656, 54.3203], [10.4725, 54.3168], [10.4697, 54.3148], [10.4785, 54.3115], [10.4923, 54.3144], [10.4779, 54.3158], [10.4791, 54.3208]], [[10.4641, 54.3175], [10.463, 54.3164], [10.4654, 54.3161], [10.4641, 54.3175]]]}, {"type": "Polygon", "coordinates": [[[10.6665, 54.3046], [10.6648, 54.2985], [10.6574, 54.3031], [10.6593, 54.3065], [10.6718, 54.3078], [10.6627, 54.3125], [10.6688, 54.3117], [10.6761, 54.3162], [10.6701, 54.3116], [10.676, 54.3123], [10.6767, 54.3094], [10.6806, 54.3114], [10.6781, 54.3089], [10.6838, 54.3093], [10.689, 54.3054], [10.6754, 54.307], [10.6665, 54.3046]]]}, {"type": "Polygon", "coordinates": [[[10.66, 54.3117], [10.6589, 54.3093], [10.654, 54.3075], [10.6571, 54.3107], [10.66, 54.3117]]]}, {"type": "Polygon", "coordinates": [[[10.594, 54.3408], [10.6377, 54.3362], [10.6399, 54.3243], [10.6481, 54.3245], [10.6486, 54.3213], [10.6352, 54.3111], [10.6156, 54.3112], [10.6142, 54.3132], [10.6197, 54.3174], [10.6132, 54.3207], [10.6151, 54.324], [10.6105, 54.3334], [10.594, 54.3408]]]}, {"type": "Polygon", "coordinates": [[[10.6313, 54.3497], [10.6295, 54.3474], [10.6359, 54.3441], [10.6434, 54.3363], [10.6388, 54.3361], [10.636, 54.3405], [10.6357, 54.3435], [10.6175, 54.3526], [10.6313, 54.3497]]]}, {"type": "Polygon", "coordinates": [[[10.6751, 54.765], [10.6751, 54.7646], [10.6718, 54.7643], [10.6751, 54.765]]]}, {"type": "Polygon", "coordinates": [[[10.6529, 54.8132], [10.6582, 54.8083], [10.6502, 54.8123], [10.6529, 54.8132]]]}, {"type": "Polygon", "coordinates": [[[10.6953, 54.8993], [10.6989, 54.9062], [10.6971, 54.9078], [10.7068, 54.9072], [10.6953, 54.8993]]]}, {"type": "Polygon", "coordinates": [[[10.4126, 54.9656], [10.4233, 54.964], [10.4247, 54.9629], [10.4226, 54.9625], [10.4126, 54.9656]]]}, {"type": "Polygon", "coordinates": [[[10.4258, 54.9637], [10.4243, 54.9645], [10.427, 54.9644], [10.4258, 54.9637]]]}, {"type": "Polygon", "coordinates": [[[10.4128, 54.9667], [10.4106, 54.9667], [10.4108, 54.9669], [10.4128, 54.9667]]]}, {"type": "Polygon", "coordinates": [[[10.4084, 54.9676], [10.4087, 54.9682], [10.4094, 54.9675], [10.4084, 54.9676]]]}, {"type": "Polygon", "coordinates": [[[10.4064, 54.9689], [10.4065, 54.9696], [10.407, 54.969], [10.4064, 54.9689]]]}, {"type": "Polygon", "coordinates": [[[10.3697, 54.9723], [10.3714, 54.9715], [10.3682, 54.9716], [10.3697, 54.9723]]]}, {"type": "Polygon", "coordinates": [[[10.4307, 54.9741], [10.428, 54.974], [10.4278, 54.9758], [10.4307, 54.9741]]]}, {"type": "Polygon", "coordinates": [[[10.3796, 54.9778], [10.3817, 54.9772], [10.3768, 54.9774], [10.3796, 54.9778]]]}, {"type": "Polygon", "coordinates": [[[10.3827, 54.9812], [10.3845, 54.9806], [10.383, 54.9802], [10.3827, 54.9812]]]}, {"type": "Polygon", "coordinates": [[[10.5153, 55.0658], [10.5168, 55.0696], [10.5205, 55.071], [10.5367, 55.071], [10.5298, 55.0703], [10.5243, 55.0656], [10.5153, 55.0658]], [[10.5251, 55.0686], [10.5234, 55.0678], [10.5252, 55.0682], [10.5251, 55.0686]], [[10.5221, 55.0678], [10.5182, 55.0688], [10.518, 55.0684], [10.5221, 55.0678]], [[10.5278, 55.0696], [10.5262, 55.0686], [10.5278, 55.0689], [10.5278, 55.0696]]]}, {"type": "Polygon", "coordinates": [[[10.4823, 55.0674], [10.4738, 55.0708], [10.4935, 55.0698], [10.4823, 55.0674]]]}, {"type": "Polygon", "coordinates": [[[10.5659, 55.073], [10.5668, 55.0721], [10.5532, 55.0738], [10.5659, 55.073]]]}, {"type": "Polygon", "coordinates": [[[10.5274, 55.0743], [10.5275, 55.074], [10.5269, 55.0738], [10.5274, 55.0743]]]}, {"type": "Polygon", "coordinates": [[[10.5068, 55.0765], [10.5154, 55.078], [10.517, 55.0769], [10.5071, 55.0737], [10.5068, 55.0765]]]}, {"type": "Polygon", "coordinates": [[[10.3811, 55.1214], [10.374, 55.1221], [10.3689, 55.1296], [10.3704, 55.133], [10.3863, 55.1285], [10.3875, 55.1249], [10.3811, 55.1214]], [[10.3831, 55.1239], [10.3831, 55.125], [10.3825, 55.1241], [10.3831, 55.1239]]]}, {"type": "Polygon", "coordinates": [[[10.6681, 55.1335], [10.6721, 55.1315], [10.6679, 55.1332], [10.6681, 55.1335]]]}, {"type": "Polygon", "coordinates": [[[10.3771, 55.1423], [10.3668, 55.1447], [10.3659, 55.1485], [10.3882, 55.1479], [10.3903, 55.147], [10.3771, 55.1423]], [[10.3744, 55.1448], [10.3728, 55.1447], [10.3729, 55.1444], [10.3744, 55.1448]]]}, {"type": "Polygon", "coordinates": [[[10.699, 55.1507], [10.7012, 55.152], [10.7009, 55.1471], [10.6976, 55.1468], [10.699, 55.1507]]]}, {"type": "Polygon", "coordinates": [[[10.4139, 55.1546], [10.412, 55.1535], [10.4104, 55.1535], [10.4108, 55.1538], [10.4139, 55.1546]]]}, {"type": "Polygon", "coordinates": [[[10.5319, 55.2163], [10.5328, 55.216], [10.5319, 55.2155], [10.5319, 55.2163]]]}, {"type": "Polygon", "coordinates": [[[10.5813, 55.2346], [10.5795, 55.2326], [10.5756, 55.2311], [10.5788, 55.2346], [10.5813, 55.2346]]]}, {"type": "Polygon", "coordinates": [[[10.4728, 55.2374], [10.4673, 55.2374], [10.4716, 55.2399], [10.4728, 55.2374]]]}, {"type": "Polygon", "coordinates": [[[10.6118, 55.2392], [10.6112, 55.2394], [10.6142, 55.2396], [10.6118, 55.2392]]]}, {"type": "Polygon", "coordinates": [[[10.6255, 55.2418], [10.6209, 55.2385], [10.6151, 55.2384], [10.6203, 55.2417], [10.6255, 55.2418]]]}, {"type": "Polygon", "coordinates": [[[10.6361, 55.2463], [10.6398, 55.2459], [10.6356, 55.2445], [10.6361, 55.2463]]]}, {"type": "Polygon", "coordinates": [[[10.3694, 55.2907], [10.3708, 55.2861], [10.3659, 55.2844], [10.3641, 55.2876], [10.3694, 55.2907]]]}, {"type": "Polygon", "coordinates": [[[10.4126, 55.311], [10.4155, 55.3075], [10.4095, 55.3049], [10.4126, 55.311]]]}, {"type": "Polygon", "coordinates": [[[10.6279, 55.3332], [10.6361, 55.3408], [10.6333, 55.3352], [10.6279, 55.3332]]]}, {"type": "Polygon", "coordinates": [[[10.5927, 55.3511], [10.5923, 55.352], [10.5936, 55.3519], [10.5927, 55.3511]]]}, {"type": "Polygon", "coordinates": [[[10.6758, 55.3723], [10.6778, 55.3751], [10.6803, 55.3752], [10.6758, 55.3723]]]}, {"type": "Polygon", "coordinates": [[[10.3685, 55.4121], [10.3773, 55.4116], [10.3806, 55.4064], [10.3634, 55.4063], [10.3606, 55.4092], [10.3589, 55.4062], [10.3554, 55.4129], [10.3584, 55.415], [10.3675, 55.4149], [10.3685, 55.4121]], [[10.3779, 55.4077], [10.3763, 55.4076], [10.3773, 55.4069], [10.3779, 55.4077]], [[10.3633, 55.4094], [10.3618, 55.4131], [10.3644, 55.4139], [10.3602, 55.414], [10.3596, 55.4104], [10.3633, 55.4094]]]}, {"type": "Polygon", "coordinates": [[[10.4462, 55.4809], [10.4472, 55.4813], [10.4473, 55.4808], [10.4462, 55.4809]]]}, {"type": "Polygon", "coordinates": [[[10.4479, 55.4926], [10.453, 55.4901], [10.4514, 55.4886], [10.4454, 55.488], [10.4479, 55.4926]]]}, {"type": "Polygon", "coordinates": [[[10.607, 55.5651], [10.6073, 55.5674], [10.6078, 55.5656], [10.607, 55.5651]]]}, {"type": "Polygon", "coordinates": [[[10.5363, 56.1224], [10.5378, 56.1226], [10.5379, 56.1222], [10.5363, 56.1224]]]}, {"type": "Polygon", "coordinates": [[[10.4912, 56.1299], [10.4931, 56.1303], [10.4933, 56.1291], [10.4912, 56.1299]]]}, {"type": "Polygon", "coordinates": [[[10.5335, 56.1349], [10.5326, 56.1346], [10.5321, 56.1358], [10.5335, 56.1349]]]}, {"type": "Polygon", "coordinates": [[[10.5463, 56.147], [10.548, 56.1431], [10.5392, 56.1445], [10.5387, 56.1508], [10.5463, 56.147]]]}, {"type": "Polygon", "coordinates": [[[10.4176, 56.1818], [10.4133, 56.1802], [10.4111, 56.1817], [10.4163, 56.1868], [10.4191, 56.1864], [10.4176, 56.1818]], [[10.4172, 56.1819], [10.4158, 56.1837], [10.4124, 56.1824], [10.4143, 56.181], [10.4172, 56.1819]]]}, {"type": "Polygon", "coordinates": [[[10.569, 56.2113], [10.5712, 56.2083], [10.5686, 56.2054], [10.5655, 56.2093], [10.569, 56.2113]]]}, {"type": "Polygon", "coordinates": [[[10.6806, 56.2206], [10.6822, 56.2218], [10.6833, 56.2202], [10.6806, 56.2206]]]}, {"type": "Polygon", "coordinates": [[[10.7107, 56.2418], [10.7076, 56.2396], [10.7059, 56.2416], [10.7107, 56.2418]]]}, {"type": "Polygon", "coordinates": [[[10.7177, 56.2612], [10.7301, 56.2573], [10.6936, 56.2489], [10.6714, 56.2475], [10.6674, 56.2504], [10.6724, 56.2618], [10.7177, 56.2612]]]}, {"type": "Polygon", "coordinates": [[[10.6298, 56.2728], [10.6394, 56.2718], [10.6238, 56.2688], [10.6195, 56.2694], [10.6134, 56.2644], [10.6101, 56.2665], [10.6298, 56.2728]]]}, {"type": "Polygon", "coordinates": [[[10.6029, 56.2812], [10.6051, 56.2819], [10.6046, 56.2803], [10.6029, 56.2812]]]}, {"type": "Polygon", "coordinates": [[[10.6081, 56.2919], [10.6117, 56.2888], [10.6019, 56.2842], [10.6033, 56.2891], [10.6081, 56.2919]]]}, {"type": "Polygon", "coordinates": [[[10.5556, 56.3126], [10.5633, 56.3074], [10.5632, 56.3037], [10.5471, 56.3048], [10.5421, 56.3086], [10.5431, 56.3127], [10.5556, 56.3126]]]}, {"type": "Polygon", "coordinates": [[[10.5186, 56.3581], [10.5185, 56.3591], [10.5221, 56.3596], [10.5186, 56.3581]]]}, {"type": "Polygon", "coordinates": [[[10.5271, 56.3856], [10.5268, 56.3817], [10.5234, 56.3817], [10.5271, 56.3856]]]}, {"type": "Polygon", "coordinates": [[[10.5048, 56.408], [10.5042, 56.4096], [10.5088, 56.4104], [10.5048, 56.408]]]}, {"type": "Polygon", "coordinates": [[[10.5068, 56.4174], [10.5069, 56.4184], [10.5105, 56.4164], [10.5068, 56.4174]]]}, {"type": "Polygon", "coordinates": [[[10.3501, 56.4333], [10.3502, 56.4315], [10.3485, 56.4314], [10.3501, 56.4333]]]}, {"type": "Polygon", "coordinates": [[[10.6269, 56.4368], [10.6229, 56.4456], [10.6279, 56.4486], [10.6226, 56.4502], [10.6285, 56.4538], [10.6354, 56.4512], [10.6269, 56.4468], [10.6297, 56.4407], [10.6269, 56.4368]]]}, {"type": "Polygon", "coordinates": [[[10.4895, 56.4453], [10.488, 56.4459], [10.4897, 56.4459], [10.4895, 56.4453]]]}, {"type": "Polygon", "coordinates": [[[10.4953, 56.4553], [10.4959, 56.4483], [10.5005, 56.4443], [10.4948, 56.4456], [10.4943, 56.4498], [10.4876, 56.4557], [10.4953, 56.4553]]]}, {"type": "Polygon", "coordinates": [[[10.5588, 56.4678], [10.5623, 56.4662], [10.5608, 56.465], [10.5566, 56.4661], [10.5588, 56.4678]]]}, {"type": "Polygon", "coordinates": [[[10.4272, 57.3776], [10.4242, 57.3761], [10.4222, 57.376], [10.4243, 57.3774], [10.4272, 57.3776]]]}, {"type": "Polygon", "coordinates": [[[10.3426, 57.6215], [10.3407, 57.624], [10.3509, 57.6243], [10.3493, 57.6209], [10.3426, 57.6215]]]}, {"type": "Polygon", "coordinates": [[[10.3811, 57.6247], [10.3817, 57.6232], [10.3741, 57.623], [10.3758, 57.6256], [10.3811, 57.6247]]]}, {"type": "Polygon", "coordinates": [[[11.0884, 51.0638], [11.0803, 51.0656], [11.0789, 51.071], [11.0859, 51.0797], [11.0911, 51.0813], [11.1078, 51.0793], [11.1112, 51.0748], [11.0884, 51.0638]]]}, {"type": "Polygon", "coordinates": [[[11.0591, 51.1968], [11.0668, 51.1962], [11.0656, 51.1923], [11.0577, 51.1896], [11.0366, 51.1885], [11.0092, 51.1972], [11.0205, 51.2013], [11.0591, 51.2013], [11.0591, 51.1968]]]}, {"type": "Polygon", "coordinates": [[[11.1444, 53.1443], [11.1434, 53.1399], [11.1367, 53.1356], [11.129, 53.1353], [11.1396, 53.1385], [11.1444, 53.1443]]]}, {"type": "Polygon", "coordinates": [[[10.9738, 53.5686], [10.9792, 53.5701], [10.9803, 53.566], [10.9732, 53.5618], [10.9738, 53.5686]]]}, {"type": "Polygon", "coordinates": [[[11.1946, 53.5665], [11.1984, 53.5698], [11.1902, 53.5783], [11.2026, 53.5852], [11.1947, 53.5876], [11.2015, 53.59], [11.1991, 53.5939], [11.2037, 53.5978], [11.2073, 53.5939], [11.2072, 53.5845], [11.2014, 53.5779], [11.2053, 53.5715], [11.1988, 53.5677], [11.2008, 53.5653], [11.1946, 53.5665]], [[11.1954, 53.578], [11.1932, 53.578], [11.1964, 53.5774], [11.1954, 53.578]], [[11.1985, 53.5802], [11.1987, 53.5797], [11.1989, 53.58], [11.1985, 53.5802]]]}, {"type": "Polygon", "coordinates": [[[11.0751, 53.5876], [11.0877, 53.5817], [11.0876, 53.5773], [11.0743, 53.5794], [11.0751, 53.5876]]]}, {"type": "Polygon", "coordinates": [[[10.979, 53.5766], [10.9794, 53.5815], [10.9749, 53.5876], [10.9792, 53.59], [10.9795, 53.5945], [10.9843, 53.5942], [10.9799, 53.5872], [10.9819, 53.5792], [10.9767, 53.5727], [10.9746, 53.5755], [10.979, 53.5766]]]}, {"type": "Polygon", "coordinates": [[[10.7157, 53.5989], [10.7207, 53.5894], [10.7283, 53.584], [10.7229, 53.5822], [10.7146, 53.5883], [10.7104, 53.599], [10.7157, 53.5989]]]}, {"type": "Polygon", "coordinates": [[[10.7076, 53.6033], [10.7067, 53.6116], [10.714, 53.6104], [10.7166, 53.6035], [10.7076, 53.6033]]]}, {"type": "Polygon", "coordinates": [[[10.9219, 53.5623], [10.9184, 53.5698], [10.9047, 53.5758], [10.9098, 53.5799], [10.9059, 53.5901], [10.9119, 53.5981], [10.9078, 53.5978], [10.907, 53.6026], [10.9209, 53.6105], [10.904, 53.6147], [10.8965, 53.6209], [10.8967, 53.6113], [10.9062, 53.6087], [10.9057, 53.6054], [10.8866, 53.6126], [10.8799, 53.6123], [10.8799, 53.6154], [10.8911, 53.6139], [10.8863, 53.6156], [10.8894, 53.616], [10.8874, 53.6185], [10.8746, 53.6207], [10.8748, 53.6246], [10.8828, 53.6245], [10.8841, 53.632], [10.8729, 53.6316], [10.8593, 53.6378], [10.8852, 53.6379], [10.8997, 53.6312], [10.8982, 53.6291], [10.926, 53.6257], [10.9235, 53.6282], [10.942, 53.6404], [10.9381, 53.6502], [10.9493, 53.6583], [10.9491, 53.6611], [10.9444, 53.6595], [10.9386, 53.6661], [10.9417, 53.6686], [10.9397, 53.6733], [10.9459, 53.6752], [10.9506, 53.6734], [10.9465, 53.671], [10.9497, 53.6616], [10.9522, 53.6638], [10.9551, 53.6584], [10.9522, 53.6471], [10.9457, 53.6461], [10.9462, 53.6411], [10.9555, 53.6392], [10.9427, 53.6285], [10.9349, 53.6281], [10.9404, 53.6305], [10.935, 53.6327], [10.93, 53.6287], [10.9422, 53.6217], [10.9366, 53.6195], [10.9394, 53.6085], [10.9337, 53.6028], [10.9494, 53.6013], [10.9518, 53.5948], [10.9398, 53.594], [10.9377, 53.5981], [10.9306, 53.5983], [10.923, 53.6052], [10.9178, 53.5994], [10.9238, 53.5894], [10.9237, 53.5841], [10.9375, 53.5789], [10.9447, 53.5813], [10.9388, 53.5931], [10.9469, 53.5913], [10.9493, 53.5934], [10.9516, 53.592], [10.9481, 53.5841], [10.9564, 53.5812], [10.9501, 53.5762], [10.9483, 53.5702], [10.9317, 53.5769], [10.9356, 53.5742], [10.9308, 53.5693], [10.9504, 53.569], [10.9574, 53.5664], [10.9372, 53.5611], [10.939, 53.5527], [10.9353, 53.55], [10.9196, 53.548], [10.9204, 53.5588], [10.9104, 53.5625], [10.9153, 53.564], [10.9161, 53.5673], [10.9175, 53.5639], [10.9219, 53.5623]], [[10.9399, 53.6376], [10.939, 53.6348], [10.945, 53.6352], [10.945, 53.6357], [10.9399, 53.6376]], [[10.9469, 53.6388], [10.9447, 53.6384], [10.9488, 53.6375], [10.9469, 53.6388]], [[10.9218, 53.6166], [10.9252, 53.6187], [10.9259, 53.6198], [10.9247, 53.6199], [10.9218, 53.6166]], [[10.911, 53.5868], [10.9146, 53.586], [10.9158, 53.5868], [10.9153, 53.588], [10.911, 53.5868]], [[10.9104, 53.5892], [10.9095, 53.5897], [10.9093, 53.5896], [10.9104, 53.5892]], [[10.9276, 53.5504], [10.9275, 53.5508], [10.9272, 53.5507], [10.9276, 53.5504]]]}, {"type": "Polygon", "coordinates": [[[10.7132, 53.6109], [10.7086, 53.6186], [10.7111, 53.62], [10.7142, 53.6131], [10.7132, 53.6109]]]}, {"type": "Polygon", "coordinates": [[[10.8708, 53.6215], [10.865, 53.6204], [10.8604, 53.6235], [10.861, 53.627], [10.8703, 53.6312], [10.8638, 53.6268], [10.8701, 53.6246], [10.8708, 53.6215]]]}, {"type": "Polygon", "coordinates": [[[10.8548, 53.6438], [10.859, 53.6417], [10.8472, 53.641], [10.845, 53.6428], [10.8548, 53.6438]]]}, {"type": "Polygon", "coordinates": [[[10.8309, 53.6541], [10.8348, 53.6462], [10.8416, 53.6432], [10.8336, 53.6444], [10.8253, 53.6545], [10.8309, 53.6541]]]}, {"type": "Polygon", "coordinates": [[[10.8363, 53.6794], [10.8391, 53.6808], [10.8413, 53.6763], [10.8403, 53.676], [10.8363, 53.6794]]]}, {"type": "Polygon", "coordinates": [[[10.8882, 53.6861], [10.8917, 53.6905], [10.8968, 53.6885], [10.8922, 53.6846], [10.8882, 53.6861]]]}, {"type": "Polygon", "coordinates": [[[10.8455, 53.6842], [10.8501, 53.6889], [10.857, 53.6913], [10.8487, 53.6844], [10.8455, 53.6842]]]}, {"type": "Polygon", "coordinates": [[[10.8794, 53.6895], [10.8852, 53.6897], [10.8802, 53.6878], [10.8794, 53.6895]]]}, {"type": "Polygon", "coordinates": [[[10.934, 53.6942], [10.9461, 53.6849], [10.9186, 53.6905], [10.9257, 53.6916], [10.9279, 53.6951], [10.934, 53.6942]]]}, {"type": "Polygon", "coordinates": [[[10.9128, 53.6974], [10.9081, 53.6991], [10.9047, 53.7019], [10.9137, 53.7001], [10.9128, 53.6974]]]}, {"type": "Polygon", "coordinates": [[[10.8672, 53.6991], [10.8705, 53.7013], [10.8732, 53.7011], [10.8696, 53.6986], [10.8672, 53.6991]]]}, {"type": "Polygon", "coordinates": [[[11.1233, 53.699], [11.1201, 53.7021], [11.1191, 53.7032], [11.1229, 53.7021], [11.1233, 53.699]]]}, {"type": "Polygon", "coordinates": [[[10.8561, 53.7079], [10.8649, 53.7128], [10.8661, 53.7181], [10.8683, 53.715], [10.8675, 53.7114], [10.8601, 53.7087], [10.8626, 53.7027], [10.8528, 53.7], [10.8497, 53.7014], [10.8525, 53.7057], [10.8386, 53.7079], [10.8433, 53.7106], [10.8561, 53.7079]]]}, {"type": "Polygon", "coordinates": [[[11.2154, 53.7217], [11.2205, 53.722], [11.2221, 53.7082], [11.2189, 53.7095], [11.2204, 53.712], [11.2154, 53.7217]]]}, {"type": "Polygon", "coordinates": [[[11.0977, 53.7142], [11.0926, 53.7221], [11.0989, 53.7218], [11.1018, 53.7149], [11.0977, 53.7142]]]}, {"type": "Polygon", "coordinates": [[[10.8484, 53.7192], [10.8477, 53.7209], [10.8503, 53.721], [10.8484, 53.7192]]]}, {"type": "Polygon", "coordinates": [[[10.8336, 53.7168], [10.8387, 53.712], [10.8343, 53.7094], [10.8251, 53.711], [10.8079, 53.7243], [10.8066, 53.73], [10.8114, 53.7312], [10.8121, 53.7247], [10.8336, 53.7168]]]}, {"type": "Polygon", "coordinates": [[[11.1985, 53.7194], [11.1835, 53.7228], [11.1869, 53.7255], [11.1985, 53.7194]]]}, {"type": "Polygon", "coordinates": [[[10.8525, 53.7258], [10.8538, 53.7265], [10.857, 53.722], [10.8525, 53.7218], [10.8525, 53.7258]]]}, {"type": "Polygon", "coordinates": [[[11.1814, 53.7276], [11.1846, 53.726], [11.1794, 53.7264], [11.1814, 53.7276]]]}, {"type": "Polygon", "coordinates": [[[10.7669, 53.706], [10.7784, 53.7091], [10.786, 53.7038], [10.7825, 53.6934], [10.7617, 53.6865], [10.7589, 53.6782], [10.7536, 53.6804], [10.7545, 53.6893], [10.7626, 53.6989], [10.7767, 53.6952], [10.7765, 53.7043], [10.7728, 53.7051], [10.7673, 53.699], [10.7538, 53.702], [10.7431, 53.7142], [10.7432, 53.7259], [10.7498, 53.7332], [10.7353, 53.7429], [10.7314, 53.7499], [10.7377, 53.7677], [10.746, 53.7754], [10.7656, 53.7807], [10.77, 53.7759], [10.76, 53.7673], [10.7566, 53.759], [10.7581, 53.7471], [10.7655, 53.735], [10.7662, 53.7196], [10.7615, 53.7147], [10.7669, 53.706]]]}, {"type": "Polygon", "coordinates": [[[10.9308, 53.7344], [10.9399, 53.7334], [10.9459, 53.7288], [10.9408, 53.7261], [10.9339, 53.7278], [10.9303, 53.7205], [10.9252, 53.7207], [10.9262, 53.7291], [10.9194, 53.7307], [10.9198, 53.7391], [10.9211, 53.7414], [10.9308, 53.7344]], [[10.9261, 53.7323], [10.9261, 53.7313], [10.9272, 53.731], [10.9261, 53.7323]]]}, {"type": "Polygon", "coordinates": [[[11.1123, 53.7667], [11.107, 53.7689], [11.1135, 53.771], [11.1193, 53.7682], [11.1123, 53.7667]]]}, {"type": "Polygon", "coordinates": [[[10.8643, 53.8321], [10.8678, 53.8323], [10.8658, 53.8312], [10.8643, 53.8321]]]}, {"type": "Polygon", "coordinates": [[[10.8576, 53.8321], [10.8587, 53.834], [10.8602, 53.8327], [10.8576, 53.8321]]]}, {"type": "Polygon", "coordinates": [[[10.997, 53.8452], [11.0067, 53.8452], [11.0112, 53.8428], [10.997, 53.8452]]]}, {"type": "Polygon", "coordinates": [[[10.9259, 53.844], [10.9293, 53.8478], [10.9337, 53.8479], [10.9305, 53.8443], [10.9259, 53.844]]]}, {"type": "Polygon", "coordinates": [[[10.6972, 53.8725], [10.6985, 53.8661], [10.6935, 53.8649], [10.6968, 53.869], [10.6932, 53.8736], [10.7081, 53.8731], [10.7042, 53.8541], [10.7164, 53.857], [10.7279, 53.8557], [10.7328, 53.8475], [10.7243, 53.8435], [10.7358, 53.8431], [10.7272, 53.8408], [10.7288, 53.837], [10.7515, 53.8295], [10.7301, 53.8342], [10.725, 53.8388], [10.7216, 53.838], [10.7237, 53.8418], [10.7193, 53.8447], [10.7261, 53.8474], [10.7235, 53.8477], [10.7283, 53.8507], [10.7277, 53.8533], [10.7034, 53.853], [10.7016, 53.8592], [10.7046, 53.8692], [10.6972, 53.8725]], [[10.7259, 53.8458], [10.728, 53.8461], [10.726, 53.8467], [10.7259, 53.8458]]]}, {"type": "Polygon", "coordinates": [[[11.1674, 53.8688], [11.1701, 53.8674], [11.1685, 53.8663], [11.1637, 53.8675], [11.1674, 53.8688]]]}, {"type": "Polygon", "coordinates": [[[11.1915, 53.8686], [11.1945, 53.8693], [11.2085, 53.8685], [11.2003, 53.8669], [11.1915, 53.8686]]]}, {"type": "Polygon", "coordinates": [[[11.1675, 53.8747], [11.1751, 53.8723], [11.1819, 53.8661], [11.1652, 53.8739], [11.1677, 53.8786], [11.1675, 53.8747]]]}, {"type": "Polygon", "coordinates": [[[11.208, 53.8775], [11.2025, 53.8801], [11.1955, 53.8782], [11.1883, 53.8842], [11.1898, 53.8871], [11.2119, 53.8849], [11.2148, 53.8817], [11.208, 53.8775]], [[11.1996, 53.8845], [11.1989, 53.8839], [11.2, 53.8839], [11.1996, 53.8845]]]}, {"type": "Polygon", "coordinates": [[[10.7964, 53.8816], [10.795, 53.8818], [10.7963, 53.8857], [10.8012, 53.8865], [10.7964, 53.8816]]]}, {"type": "Polygon", "coordinates": [[[10.9132, 53.9241], [10.9301, 53.9181], [10.9376, 53.9198], [10.9497, 53.9127], [10.9638, 53.9136], [10.9686, 53.9083], [10.9636, 53.9069], [10.9593, 53.9096], [10.9627, 53.91], [10.9581, 53.9099], [10.9487, 53.9034], [10.9114, 53.8973], [10.9016, 53.9032], [10.9023, 53.9084], [10.9115, 53.9146], [10.8947, 53.918], [10.8838, 53.9245], [10.8734, 53.9137], [10.8681, 53.9145], [10.856, 53.9048], [10.8482, 53.9053], [10.8475, 53.8969], [10.819, 53.8942], [10.8168, 53.8895], [10.8064, 53.8858], [10.8009, 53.8893], [10.8019, 53.895], [10.7775, 53.8891], [10.7594, 53.8942], [10.7558, 53.8992], [10.7611, 53.9054], [10.7573, 53.9074], [10.7487, 53.906], [10.7458, 53.9073], [10.7504, 53.9077], [10.7344, 53.9094], [10.7167, 53.906], [10.7124, 53.9065], [10.7029, 53.9112], [10.6941, 53.9057], [10.7026, 53.9006], [10.7053, 53.89], [10.6925, 53.8836], [10.6901, 53.8749], [10.6799, 53.8702], [10.681, 53.865], [10.6802, 53.8621], [10.6847, 53.8594], [10.6858, 53.8575], [10.6821, 53.8556], [10.6793, 53.8555], [10.6761, 53.8562], [10.6853, 53.8579], [10.6794, 53.8623], [10.6788, 53.8702], [10.6886, 53.8756], [10.6909, 53.8838], [10.7034, 53.8895], [10.7013, 53.9004], [10.6927, 53.9055], [10.7004, 53.911], [10.7068, 53.9116], [10.7144, 53.9068], [10.7352, 53.9101], [10.7551, 53.9104], [10.7684, 53.9057], [10.7655, 53.9003], [10.7576, 53.898], [10.7801, 53.8994], [10.7869, 53.8964], [10.8014, 53.8981], [10.813, 53.8955], [10.826, 53.8981], [10.8597, 53.9139], [10.8629, 53.9201], [10.8688, 53.9178], [10.8629, 53.9237], [10.8639, 53.9331], [10.8586, 53.9397], [10.8551, 53.9537], [10.8594, 53.9568], [10.8678, 53.9558], [10.8826, 53.9603], [10.8704, 53.9547], [10.8667, 53.9463], [10.9032, 53.954], [10.9101, 53.9489], [10.8955, 53.9345], [10.8947, 53.9255], [10.8982, 53.9224], [10.9132, 53.9241]]]}, {"type": "Polygon", "coordinates": [[[10.8846, 53.9105], [10.8881, 53.9088], [10.8837, 53.9095], [10.8846, 53.9105]]]}, {"type": "Polygon", "coordinates": [[[10.7441, 53.9164], [10.7468, 53.9163], [10.7475, 53.9154], [10.7463, 53.9152], [10.7441, 53.9164]]]}, {"type": "Polygon", "coordinates": [[[10.7363, 53.9177], [10.74, 53.9176], [10.7433, 53.9164], [10.7412, 53.916], [10.7363, 53.9177]]]}, {"type": "Polygon", "coordinates": [[[10.7347, 53.9169], [10.7321, 53.9173], [10.7334, 53.9181], [10.7347, 53.9169]]]}, {"type": "Polygon", "coordinates": [[[10.8398, 53.9224], [10.8418, 53.9204], [10.8402, 53.9195], [10.8368, 53.9224], [10.8398, 53.9224]]]}, {"type": "Polygon", "coordinates": [[[10.7261, 53.9234], [10.728, 53.9231], [10.7276, 53.9225], [10.7261, 53.9234]]]}, {"type": "Polygon", "coordinates": [[[10.7369, 53.9536], [10.7381, 53.9569], [10.7442, 53.9564], [10.7427, 53.9519], [10.7369, 53.9536]]]}, {"type": "Polygon", "coordinates": [[[10.7829, 53.9394], [10.7729, 53.9499], [10.7742, 53.9582], [10.7699, 53.9629], [10.7725, 53.9693], [10.7769, 53.9745], [10.786, 53.9755], [10.7906, 53.9809], [10.8092, 53.9805], [10.8009, 53.9689], [10.7839, 53.9613], [10.7848, 53.9422], [10.7829, 53.9394]]]}, {"type": "Polygon", "coordinates": [[[10.7487, 53.9961], [10.7546, 53.9983], [10.7541, 53.9943], [10.751, 53.9929], [10.7487, 53.9961]]]}, {"type": "Polygon", "coordinates": [[[10.7157, 54.0357], [10.7123, 54.0374], [10.715, 54.0374], [10.7186, 54.0361], [10.7157, 54.0357]]]}, {"type": "Polygon", "coordinates": [[[10.7196, 54.0363], [10.7221, 54.038], [10.7249, 54.0374], [10.7229, 54.0358], [10.7196, 54.0363]]]}, {"type": "Polygon", "coordinates": [[[10.7292, 54.0709], [10.7286, 54.074], [10.7199, 54.0782], [10.7274, 54.0799], [10.7412, 54.0747], [10.7292, 54.0709]]]}, {"type": "Polygon", "coordinates": [[[10.814, 54.095], [10.8147, 54.0958], [10.8151, 54.0957], [10.8149, 54.0942], [10.814, 54.095]], [[10.8147, 54.095], [10.8147, 54.0947], [10.8148, 54.0951], [10.8147, 54.095]]]}, {"type": "Polygon", "coordinates": [[[10.7107, 54.1096], [10.719, 54.1081], [10.7177, 54.1074], [10.7107, 54.1096]]]}, {"type": "Polygon", "coordinates": [[[10.8384, 54.1071], [10.8366, 54.1107], [10.8407, 54.1123], [10.8426, 54.1184], [10.8462, 54.1173], [10.8411, 54.1115], [10.8459, 54.1064], [10.8384, 54.1071]]]}, {"type": "Polygon", "coordinates": [[[10.7882, 54.1053], [10.7938, 54.103], [10.7855, 54.1062], [10.7889, 54.1075], [10.7873, 54.1109], [10.7973, 54.1111], [10.7897, 54.1149], [10.7917, 54.1168], [10.7967, 54.1157], [10.7993, 54.1118], [10.8041, 54.114], [10.8029, 54.117], [10.81, 54.115], [10.8064, 54.1191], [10.8153, 54.1289], [10.8169, 54.1282], [10.8189, 54.13], [10.8223, 54.1308], [10.8132, 54.1264], [10.8139, 54.1236], [10.8119, 54.1202], [10.818, 54.1177], [10.8192, 54.1179], [10.8195, 54.1143], [10.8105, 54.1067], [10.804, 54.1101], [10.7882, 54.1053]], [[10.7961, 54.1148], [10.7957, 54.1158], [10.7956, 54.1148], [10.7961, 54.1148]], [[10.7905, 54.1091], [10.7898, 54.1067], [10.7917, 54.108], [10.7905, 54.1091]]]}, {"type": "Polygon", "coordinates": [[[10.7657, 54.1204], [10.7728, 54.1214], [10.7747, 54.1168], [10.7682, 54.117], [10.7657, 54.1204]]]}, {"type": "Polygon", "coordinates": [[[10.7699, 54.1232], [10.7764, 54.1229], [10.7779, 54.1222], [10.7699, 54.1232]]]}, {"type": "Polygon", "coordinates": [[[10.816, 54.1291], [10.816, 54.1289], [10.8159, 54.1289], [10.816, 54.1291]]]}, {"type": "Polygon", "coordinates": [[[10.8232, 54.1309], [10.8234, 54.1309], [10.8234, 54.1308], [10.8232, 54.1309]]]}, {"type": "Polygon", "coordinates": [[[10.8227, 54.1305], [10.8223, 54.1308], [10.8224, 54.1311], [10.8226, 54.1313], [10.8224, 54.131], [10.8224, 54.1309], [10.8232, 54.1309], [10.8227, 54.1305]]]}, {"type": "Polygon", "coordinates": [[[10.7323, 54.1399], [10.7398, 54.1373], [10.7326, 54.1361], [10.7323, 54.1399]]]}, {"type": "Polygon", "coordinates": [[[10.7046, 54.1381], [10.7124, 54.1429], [10.7148, 54.1421], [10.7105, 54.1387], [10.7046, 54.1381]]]}, {"type": "Polygon", "coordinates": [[[10.9949, 54.171], [10.997, 54.1865], [11.0036, 54.1916], [11.0197, 54.1894], [11.0246, 54.1778], [11.0357, 54.1803], [11.042, 54.1798], [11.0357, 54.1796], [11.0286, 54.174], [11.0189, 54.1754], [11.0152, 54.1672], [11.0101, 54.1653], [11.0016, 54.1651], [10.9949, 54.171]]]}, {"type": "Polygon", "coordinates": [[[10.8747, 54.2102], [10.8697, 54.213], [10.8709, 54.2144], [10.8758, 54.2164], [10.8747, 54.2102]]]}, {"type": "Polygon", "coordinates": [[[11.0763, 54.2368], [11.0689, 54.2417], [11.0418, 54.2444], [11.0262, 54.2373], [11.0338, 54.2368], [11.0306, 54.2357], [11.0305, 54.232], [11.0094, 54.2285], [10.9924, 54.2388], [10.9827, 54.2392], [10.9846, 54.2471], [10.973, 54.2509], [10.9842, 54.2499], [10.9923, 54.253], [10.9738, 54.257], [10.9704, 54.2531], [10.9518, 54.2645], [11.0032, 54.2525], [11.0271, 54.2398], [11.0383, 54.2528], [11.0557, 54.2521], [11.0662, 54.2599], [11.0647, 54.2577], [11.0709, 54.248], [11.0608, 54.2444], [11.0711, 54.2445], [11.0806, 54.2325], [11.0759, 54.2322], [11.0763, 54.2368]]]}, {"type": "Polygon", "coordinates": [[[10.8265, 54.2979], [10.8061, 54.2981], [10.7938, 54.3039], [10.8027, 54.3096], [10.8107, 54.3097], [10.8202, 54.3027], [10.849, 54.2927], [10.8265, 54.2979]]]}, {"type": "Polygon", "coordinates": [[[11.0821, 54.382], [11.0872, 54.3844], [11.0886, 54.3838], [11.0852, 54.382], [11.0821, 54.382]]]}, {"type": "Polygon", "coordinates": [[[11.0891, 54.3858], [11.088, 54.3859], [11.0898, 54.3873], [11.0921, 54.3878], [11.0891, 54.3858]]]}, {"type": "Polygon", "coordinates": [[[11.0913, 54.389], [11.0889, 54.3886], [11.0896, 54.3897], [11.0913, 54.389]]]}, {"type": "Polygon", "coordinates": [[[11.0333, 54.4749], [11.0281, 54.4677], [11.0167, 54.4626], [11.0166, 54.4578], [11.0122, 54.4556], [11.0135, 54.4815], [11.0219, 54.4871], [11.0226, 54.4794], [11.0333, 54.4749]]]}, {"type": "Polygon", "coordinates": [[[11.1969, 54.5075], [11.1931, 54.5056], [11.1966, 54.504], [11.1832, 54.5064], [11.1969, 54.5075]]]}, {"type": "Polygon", "coordinates": [[[11.0356, 54.515], [11.0392, 54.5175], [11.0377, 54.5093], [11.0296, 54.5073], [11.0356, 54.515]]]}, {"type": "Polygon", "coordinates": [[[11.1681, 54.5164], [11.1692, 54.514], [11.1656, 54.513], [11.171, 54.5142], [11.1781, 54.5112], [11.1697, 54.5109], [11.1571, 54.5147], [11.164, 54.5122], [11.1621, 54.511], [11.1529, 54.5163], [11.1497, 54.511], [11.1427, 54.5107], [11.1423, 54.5155], [11.1355, 54.5214], [11.1315, 54.5186], [11.1217, 54.5198], [11.1189, 54.5241], [11.1009, 54.5217], [11.0666, 54.5318], [11.052, 54.5263], [11.0664, 54.5346], [11.0752, 54.5303], [11.0887, 54.5292], [11.0824, 54.5282], [11.1438, 54.5224], [11.1428, 54.5189], [11.1522, 54.5218], [11.1518, 54.5194], [11.1453, 54.5189], [11.1606, 54.5155], [11.1565, 54.5203], [11.1681, 54.5164]]]}, {"type": "Polygon", "coordinates": [[[11.1845, 54.7237], [11.1884, 54.7216], [11.1791, 54.7229], [11.1865, 54.7259], [11.1845, 54.7237]]]}, {"type": "Polygon", "coordinates": [[[11.1715, 54.7264], [11.1747, 54.724], [11.1698, 54.7243], [11.1655, 54.726], [11.1715, 54.7264]]]}, {"type": "Polygon", "coordinates": [[[11.186, 54.7331], [11.1844, 54.7354], [11.1849, 54.7361], [11.186, 54.7331]]]}, {"type": "Polygon", "coordinates": [[[11.0104, 54.7613], [11.0176, 54.7621], [11.0248, 54.7579], [11.018, 54.7601], [11.0104, 54.7613]]]}, {"type": "Polygon", "coordinates": [[[10.9981, 54.7751], [10.9976, 54.7719], [10.995, 54.7739], [10.9981, 54.7751]]]}, {"type": "Polygon", "coordinates": [[[11.1876, 54.797], [11.1897, 54.7952], [11.19, 54.7968], [11.1942, 54.7988], [11.1916, 54.7919], [11.1959, 54.7928], [11.1926, 54.7908], [11.1984, 54.7891], [11.1863, 54.7868], [11.177, 54.794], [11.178, 54.7981], [11.1876, 54.797]], [[11.1924, 54.7967], [11.1912, 54.7969], [11.1912, 54.7962], [11.1924, 54.7967]], [[11.187, 54.7934], [11.1834, 54.7947], [11.1831, 54.7937], [11.187, 54.7934]], [[11.1804, 54.7958], [11.1785, 54.7957], [11.1796, 54.793], [11.1804, 54.7958]], [[11.1869, 54.7964], [11.1842, 54.7958], [11.1844, 54.7954], [11.1869, 54.7964]], [[11.1834, 54.7961], [11.1819, 54.7956], [11.1819, 54.7955], [11.1834, 54.7961]], [[11.1831, 54.7905], [11.1844, 54.7905], [11.1822, 54.7928], [11.1831, 54.7905]], [[11.1859, 54.7898], [11.184, 54.7898], [11.1861, 54.7877], [11.1859, 54.7898]], [[11.1884, 54.79], [11.1885, 54.7907], [11.1855, 54.7908], [11.1884, 54.79]]]}, {"type": "Polygon", "coordinates": [[[11.1778, 54.8183], [11.1771, 54.8186], [11.1782, 54.8189], [11.1778, 54.8183]]]}, {"type": "Polygon", "coordinates": [[[11.2058, 54.8236], [11.1998, 54.823], [11.2058, 54.8241], [11.2058, 54.8236]]]}, {"type": "Polygon", "coordinates": [[[11.0787, 54.8479], [11.0952, 54.8568], [11.1054, 54.8534], [11.0908, 54.8447], [11.0787, 54.8479]]]}, {"type": "Polygon", "coordinates": [[[11.1281, 54.9184], [11.1281, 54.9183], [11.1279, 54.9189], [11.1281, 54.9184]]]}, {"type": "Polygon", "coordinates": [[[11.2133, 54.9566], [11.2127, 54.9587], [11.2172, 54.9581], [11.2133, 54.9566]]]}, {"type": "Polygon", "coordinates": [[[10.8227, 54.9763], [10.8292, 54.9786], [10.8284, 54.9764], [10.8366, 54.9738], [10.8291, 54.9688], [10.8297, 54.9664], [10.8251, 54.9668], [10.8227, 54.9763]], [[10.8254, 54.9733], [10.8289, 54.9722], [10.8292, 54.9727], [10.8254, 54.9733]], [[10.8284, 54.9738], [10.8299, 54.9732], [10.8304, 54.9735], [10.8284, 54.9738]], [[10.8237, 54.9748], [10.825, 54.9751], [10.8236, 54.9752], [10.8237, 54.9748]], [[10.826, 54.9766], [10.8239, 54.9761], [10.827, 54.9762], [10.826, 54.9766]], [[10.8287, 54.9701], [10.8301, 54.9695], [10.8302, 54.9698], [10.8287, 54.9701]]]}, {"type": "Polygon", "coordinates": [[[10.8607, 55.0044], [10.8564, 55.0022], [10.8552, 55.0031], [10.8578, 55.0058], [10.8607, 55.0044]]]}, {"type": "Polygon", "coordinates": [[[11.1392, 55.1594], [11.1397, 55.1584], [11.1336, 55.1588], [11.1392, 55.1594]]]}, {"type": "Polygon", "coordinates": [[[11.1453, 55.1609], [11.1418, 55.159], [11.1428, 55.1617], [11.1453, 55.1642], [11.1453, 55.1609]], [[11.1438, 55.1611], [11.1449, 55.1611], [11.1448, 55.1616], [11.1438, 55.1611]]]}, {"type": "Polygon", "coordinates": [[[11.156, 55.1643], [11.1579, 55.1688], [11.1628, 55.1627], [11.1594, 55.161], [11.156, 55.1643]]]}, {"type": "Polygon", "coordinates": [[[10.71, 55.2068], [10.7122, 55.2062], [10.7099, 55.2062], [10.71, 55.2068]]]}, {"type": "Polygon", "coordinates": [[[10.7784, 55.2816], [10.7822, 55.2844], [10.7832, 55.2844], [10.7826, 55.2807], [10.7784, 55.2816]]]}, {"type": "Polygon", "coordinates": [[[10.7783, 55.3153], [10.7794, 55.3144], [10.7775, 55.3147], [10.7783, 55.3153]]]}, {"type": "Polygon", "coordinates": [[[10.7481, 55.3269], [10.7544, 55.3223], [10.7396, 55.3283], [10.7481, 55.3269]]]}, {"type": "Polygon", "coordinates": [[[11.1215, 55.3378], [11.1287, 55.3434], [11.1304, 55.3395], [11.1215, 55.3378]]]}, {"type": "Polygon", "coordinates": [[[11.1527, 55.3531], [11.144, 55.3522], [11.1521, 55.3588], [11.1617, 55.3589], [11.1643, 55.3552], [11.1501, 55.3487], [11.1483, 55.3505], [11.1527, 55.3531]]]}, {"type": "Polygon", "coordinates": [[[11.108, 55.3659], [11.1123, 55.3642], [11.1121, 55.3601], [11.102, 55.3581], [11.108, 55.3659]]]}, {"type": "Polygon", "coordinates": [[[11.2332, 55.4689], [11.2427, 55.4637], [11.2405, 55.4609], [11.2269, 55.4631], [11.2246, 55.4657], [11.2332, 55.4689]]]}, {"type": "Polygon", "coordinates": [[[11.1949, 55.5188], [11.1995, 55.5201], [11.1999, 55.5155], [11.1967, 55.5152], [11.1949, 55.5188]]]}, {"type": "Polygon", "coordinates": [[[11.2202, 55.5407], [11.21, 55.5328], [11.2064, 55.533], [11.2152, 55.5423], [11.2202, 55.5407]]]}, {"type": "Polygon", "coordinates": [[[11.0819, 55.6803], [11.0826, 55.6809], [11.0826, 55.6804], [11.0819, 55.6803]]]}, {"type": "Polygon", "coordinates": [[[11.0813, 55.6832], [11.0774, 55.6819], [11.0744, 55.6847], [11.0813, 55.6832]]]}, {"type": "Polygon", "coordinates": [[[11.0714, 55.6916], [11.0721, 55.6914], [11.072, 55.6911], [11.0714, 55.6916]]]}, {"type": "Polygon", "coordinates": [[[11.0118, 55.7297], [11.0124, 55.73], [11.0133, 55.7285], [11.0118, 55.7297]]]}, {"type": "Polygon", "coordinates": [[[11.016, 55.731], [11.0137, 55.7313], [11.0125, 55.7323], [11.016, 55.731]]]}, {"type": "Polygon", "coordinates": [[[11.0229, 55.7346], [11.0219, 55.7342], [11.0218, 55.7344], [11.0229, 55.7346]]]}, {"type": "Polygon", "coordinates": [[[11.0183, 55.7344], [11.016, 55.7338], [11.0123, 55.7355], [11.0183, 55.7344]]]}, {"type": "Polygon", "coordinates": [[[10.9385, 55.7354], [10.9406, 55.735], [10.9402, 55.7342], [10.9385, 55.7354]]]}, {"type": "Polygon", "coordinates": [[[11.169, 55.7501], [11.1653, 55.752], [11.1719, 55.7515], [11.1725, 55.7484], [11.1739, 55.7513], [11.1723, 55.7476], [11.169, 55.7501]]]}, {"type": "Polygon", "coordinates": [[[10.7116, 56.2076], [10.723, 56.2131], [10.717, 56.2076], [10.7116, 56.2076]]]}, {"type": "Polygon", "coordinates": [[[10.7146, 56.2309], [10.721, 56.2293], [10.713, 56.2252], [10.712, 56.2214], [10.7046, 56.2218], [10.7035, 56.2266], [10.7146, 56.2309]]]}, {"type": "Polygon", "coordinates": [[[10.7627, 56.2592], [10.7577, 56.2583], [10.7563, 56.2592], [10.7627, 56.2592]]]}, {"type": "Polygon", "coordinates": [[[10.82, 56.2767], [10.8188, 56.2748], [10.8153, 56.276], [10.82, 56.2767]]]}, {"type": "Polygon", "coordinates": [[[10.8061, 56.2872], [10.819, 56.2867], [10.8215, 56.2828], [10.8061, 56.2872]]]}, {"type": "Polygon", "coordinates": [[[10.9108, 56.3438], [10.9125, 56.3426], [10.9101, 56.3429], [10.9108, 56.3438]]]}, {"type": "Polygon", "coordinates": [[[10.685, 56.3859], [10.6942, 56.3943], [10.7112, 56.3946], [10.7313, 56.4073], [10.7431, 56.4091], [10.7621, 56.4053], [10.779, 56.4144], [10.7986, 56.4168], [10.8135, 56.4117], [10.8261, 56.4112], [10.8315, 56.4031], [10.8465, 56.3969], [10.8456, 56.393], [10.8377, 56.3906], [10.8305, 56.3938], [10.8052, 56.3928], [10.801, 56.3977], [10.8123, 56.4019], [10.7915, 56.409], [10.7813, 56.4002], [10.7557, 56.3979], [10.7367, 56.4001], [10.7381, 56.398], [10.7332, 56.3961], [10.7261, 56.3852], [10.7196, 56.3845], [10.7052, 56.3896], [10.684, 56.3763], [10.6871, 56.3754], [10.6733, 56.3718], [10.672, 56.3648], [10.6803, 56.3586], [10.6684, 56.3625], [10.6531, 56.3602], [10.6489, 56.3633], [10.6478, 56.3702], [10.6378, 56.3626], [10.6271, 56.3676], [10.6237, 56.3652], [10.6165, 56.3695], [10.6036, 56.3651], [10.5925, 56.3653], [10.5899, 56.3685], [10.5925, 56.3756], [10.6113, 56.3811], [10.6329, 56.3775], [10.6275, 56.3825], [10.6315, 56.386], [10.6507, 56.3875], [10.6651, 56.3835], [10.685, 56.3859]]]}, {"type": "Polygon", "coordinates": [[[10.8507, 56.4022], [10.8592, 56.404], [10.8628, 56.3961], [10.8532, 56.3978], [10.8507, 56.4022]]]}, {"type": "Polygon", "coordinates": [[[10.8906, 56.4414], [10.8925, 56.4411], [10.8919, 56.4405], [10.8906, 56.4414]]]}, {"type": "Polygon", "coordinates": [[[10.8347, 56.506], [10.8502, 56.5096], [10.8362, 56.5019], [10.8278, 56.5009], [10.8347, 56.506]]]}, {"type": "Polygon", "coordinates": [[[11.0046, 57.2504], [11.0071, 57.2515], [11.0063, 57.2496], [11.0046, 57.2504]]]}, {"type": "Polygon", "coordinates": [[[10.8935, 57.2565], [10.8825, 57.2567], [10.8771, 57.2615], [10.8833, 57.2584], [10.8935, 57.2565]]]}, {"type": "Polygon", "coordinates": [[[10.8933, 57.2611], [10.8868, 57.261], [10.884, 57.2641], [10.8933, 57.2611]]]}, {"type": "Polygon", "coordinates": [[[10.976, 57.2689], [10.9777, 57.2673], [10.9744, 57.2684], [10.976, 57.2689]]]}, {"type": "Polygon", "coordinates": [[[10.9885, 57.2695], [10.9857, 57.2724], [10.9868, 57.2727], [10.99, 57.2717], [10.9885, 57.2695]]]}, {"type": "Polygon", "coordinates": [[[11.0177, 57.277], [11.0119, 57.2753], [11.0076, 57.2753], [11.0177, 57.277]]]}, {"type": "Polygon", "coordinates": [[[10.9753, 57.2783], [10.9785, 57.2765], [10.975, 57.2779], [10.9753, 57.2783]]]}, {"type": "Polygon", "coordinates": [[[10.9683, 57.2767], [10.9639, 57.2781], [10.9639, 57.2789], [10.9683, 57.2767]]]}, {"type": "Polygon", "coordinates": [[[11.005, 57.2777], [11.0044, 57.2778], [11.0044, 57.2779], [11.005, 57.2777]]]}, {"type": "Polygon", "coordinates": [[[11.0053, 57.2785], [11.0042, 57.2785], [11.0044, 57.2788], [11.0053, 57.2785]]]}, {"type": "Polygon", "coordinates": [[[11.0139, 57.2796], [11.0157, 57.2781], [11.01, 57.2777], [11.0139, 57.2796]]]}, {"type": "Polygon", "coordinates": [[[10.9803, 57.2774], [10.9815, 57.2811], [10.9847, 57.2805], [10.9803, 57.2774]]]}, {"type": "Polygon", "coordinates": [[[11.0053, 57.2795], [11.0064, 57.2793], [11.005, 57.2794], [11.0053, 57.2795]]]}, {"type": "Polygon", "coordinates": [[[10.987, 57.2793], [10.9858, 57.2793], [10.9865, 57.2796], [10.987, 57.2793]]]}, {"type": "Polygon", "coordinates": [[[10.9524, 57.2825], [10.9619, 57.277], [10.9569, 57.2783], [10.9454, 57.2829], [10.9524, 57.2825]]]}, {"type": "Polygon", "coordinates": [[[10.9388, 57.2906], [10.9438, 57.29], [10.946, 57.288], [10.9388, 57.2906]]]}, {"type": "Polygon", "coordinates": [[[10.9768, 57.284], [10.9668, 57.2856], [10.9684, 57.2837], [10.9379, 57.2958], [10.9605, 57.2873], [10.9768, 57.284]]]}, {"type": "Polygon", "coordinates": [[[10.9531, 57.2921], [10.9537, 57.2918], [10.953, 57.2919], [10.9531, 57.2921]]]}, {"type": "Polygon", "coordinates": [[[10.9557, 57.2919], [10.9551, 57.2921], [10.9552, 57.2922], [10.9557, 57.2919]]]}, {"type": "Polygon", "coordinates": [[[10.9431, 57.2921], [10.9437, 57.2911], [10.9331, 57.2944], [10.9431, 57.2921]]]}, {"type": "Polygon", "coordinates": [[[10.9924, 57.2977], [10.9872, 57.2963], [10.9828, 57.2974], [10.9865, 57.298], [10.9924, 57.2977]]]}, {"type": "Polygon", "coordinates": [[[11.0528, 57.3023], [11.0518, 57.3006], [11.0504, 57.3009], [11.0528, 57.3023]]]}, {"type": "Polygon", "coordinates": [[[11.0556, 57.3017], [11.0572, 57.3017], [11.0556, 57.3016], [11.0556, 57.3017]]]}, {"type": "Polygon", "coordinates": [[[11.1268, 57.3043], [11.1189, 57.3016], [11.12, 57.303], [11.1268, 57.3043]]]}, {"type": "Polygon", "coordinates": [[[11.1007, 57.3043], [11.0988, 57.3046], [11.1, 57.3052], [11.1007, 57.3043]]]}, {"type": "Polygon", "coordinates": [[[11.1057, 57.3082], [11.1033, 57.306], [11.1021, 57.3062], [11.1025, 57.3068], [11.1057, 57.3082]]]}, {"type": "Polygon", "coordinates": [[[11.1509, 57.3082], [11.1475, 57.3068], [11.1429, 57.3068], [11.1472, 57.308], [11.1509, 57.3082]]]}, {"type": "Polygon", "coordinates": [[[11.4827, 52.8827], [11.4667, 52.8809], [11.4532, 52.8847], [11.4536, 52.8908], [11.4744, 52.9003], [11.501, 52.8944], [11.4948, 52.8856], [11.4827, 52.8827]]]}, {"type": "Polygon", "coordinates": [[[11.4072, 53.0426], [11.4113, 53.0397], [11.4013, 53.0442], [11.3917, 53.0554], [11.395, 53.0542], [11.405, 53.0437], [11.4203, 53.0471], [11.4266, 53.0463], [11.4072, 53.0426]]]}, {"type": "Polygon", "coordinates": [[[11.3889, 53.0617], [11.3899, 53.0611], [11.3903, 53.0604], [11.3889, 53.0617]]]}, {"type": "Polygon", "coordinates": [[[11.5203, 53.1116], [11.5379, 53.1118], [11.4968, 53.0986], [11.4886, 53.0995], [11.5203, 53.1116]]]}, {"type": "Polygon", "coordinates": [[[11.5961, 53.1441], [11.5677, 53.1284], [11.559, 53.127], [11.5759, 53.1343], [11.5839, 53.1429], [11.5961, 53.1441]]]}, {"type": "Polygon", "coordinates": [[[11.5544, 53.3928], [11.5706, 53.4001], [11.5775, 53.3926], [11.5728, 53.3896], [11.5544, 53.3928]]]}, {"type": "Polygon", "coordinates": [[[11.6237, 53.5461], [11.63, 53.5423], [11.6278, 53.54], [11.6217, 53.5416], [11.6167, 53.5347], [11.613, 53.5378], [11.6237, 53.5461]]]}, {"type": "Polygon", "coordinates": [[[11.63, 53.5553], [11.6302, 53.5511], [11.6258, 53.5524], [11.6261, 53.5575], [11.63, 53.5553]]]}, {"type": "Polygon", "coordinates": [[[11.5112, 53.5973], [11.5237, 53.6084], [11.52, 53.6107], [11.5226, 53.6146], [11.5384, 53.617], [11.5405, 53.6093], [11.5472, 53.6076], [11.5447, 53.6054], [11.539, 53.6077], [11.5339, 53.6006], [11.5277, 53.598], [11.5141, 53.5952], [11.5112, 53.5973]], [[11.5299, 53.6073], [11.5278, 53.6047], [11.53, 53.6044], [11.5299, 53.6073]], [[11.5291, 53.6118], [11.5265, 53.6112], [11.5295, 53.6095], [11.5291, 53.6118]], [[11.5369, 53.6137], [11.5375, 53.612], [11.5385, 53.6137], [11.5369, 53.6137]]]}, {"type": "Polygon", "coordinates": [[[11.5618, 53.6055], [11.56, 53.6071], [11.5626, 53.6074], [11.5618, 53.6055]]]}, {"type": "Polygon", "coordinates": [[[11.5491, 53.6054], [11.5482, 53.6088], [11.5507, 53.6106], [11.5548, 53.6066], [11.5491, 53.6054]]]}, {"type": "Polygon", "coordinates": [[[11.5707, 53.6107], [11.5724, 53.6086], [11.5697, 53.6092], [11.5707, 53.6107]]]}, {"type": "Polygon", "coordinates": [[[11.4168, 53.6016], [11.4121, 53.598], [11.4097, 53.5992], [11.4127, 53.6005], [11.4055, 53.6044], [11.3931, 53.6047], [11.3912, 53.614], [11.3797, 53.6236], [11.3896, 53.6214], [11.3873, 53.6195], [11.398, 53.614], [11.3973, 53.6192], [11.4087, 53.6205], [11.4108, 53.615], [11.4019, 53.6148], [11.3998, 53.6111], [11.4062, 53.6113], [11.4084, 53.6077], [11.4176, 53.6107], [11.4168, 53.6016]]]}, {"type": "Polygon", "coordinates": [[[11.4202, 53.6124], [11.4191, 53.6174], [11.4379, 53.6072], [11.4296, 53.6075], [11.4202, 53.6124]]]}, {"type": "Polygon", "coordinates": [[[11.5526, 53.6129], [11.5538, 53.6138], [11.5541, 53.6134], [11.5526, 53.6129]]]}, {"type": "Polygon", "coordinates": [[[11.5592, 53.6184], [11.5589, 53.6192], [11.5601, 53.619], [11.5592, 53.6184]]]}, {"type": "Polygon", "coordinates": [[[11.5501, 53.6231], [11.5545, 53.6203], [11.55, 53.6156], [11.545, 53.6171], [11.5501, 53.6231]], [[11.5495, 53.6179], [11.5503, 53.6189], [11.5472, 53.6187], [11.5495, 53.6179]]]}, {"type": "Polygon", "coordinates": [[[11.3944, 53.622], [11.395, 53.6211], [11.3927, 53.6206], [11.3944, 53.622]]]}, {"type": "Polygon", "coordinates": [[[11.5828, 53.6207], [11.5841, 53.6222], [11.5854, 53.6211], [11.5828, 53.6207]]]}, {"type": "Polygon", "coordinates": [[[11.5598, 53.6286], [11.5615, 53.6294], [11.5623, 53.6291], [11.5598, 53.6286]]]}, {"type": "Polygon", "coordinates": [[[11.5656, 53.6291], [11.5662, 53.6319], [11.5673, 53.6296], [11.5656, 53.6291]]]}, {"type": "Polygon", "coordinates": [[[11.5685, 53.633], [11.5691, 53.6326], [11.5681, 53.6322], [11.5685, 53.633]]]}, {"type": "Polygon", "coordinates": [[[11.5641, 53.6348], [11.5649, 53.6346], [11.5615, 53.6326], [11.5641, 53.6348]]]}, {"type": "Polygon", "coordinates": [[[11.5851, 53.6332], [11.5827, 53.6345], [11.586, 53.6341], [11.5851, 53.6332]]]}, {"type": "Polygon", "coordinates": [[[11.5668, 53.6342], [11.5681, 53.6354], [11.5683, 53.6346], [11.5668, 53.6342]]]}, {"type": "Polygon", "coordinates": [[[11.5705, 53.6361], [11.5717, 53.6387], [11.5742, 53.6383], [11.5705, 53.6361]]]}, {"type": "Polygon", "coordinates": [[[11.3842, 53.6409], [11.3807, 53.6401], [11.3841, 53.6383], [11.3838, 53.6326], [11.3787, 53.6394], [11.3681, 53.6423], [11.3768, 53.6426], [11.3778, 53.6463], [11.3835, 53.6444], [11.3842, 53.6409]]]}, {"type": "Polygon", "coordinates": [[[11.5714, 53.6398], [11.5684, 53.6398], [11.569, 53.6404], [11.5714, 53.6398]]]}, {"type": "Polygon", "coordinates": [[[11.3029, 53.66], [11.3098, 53.6499], [11.3224, 53.6501], [11.3416, 53.6446], [11.361, 53.6253], [11.3572, 53.6246], [11.3436, 53.6388], [11.3319, 53.6448], [11.3068, 53.6476], [11.2989, 53.6553], [11.3018, 53.6577], [11.2961, 53.6598], [11.3029, 53.66]]]}, {"type": "Polygon", "coordinates": [[[11.6093, 53.6432], [11.6079, 53.6443], [11.6096, 53.6438], [11.6093, 53.6432]]]}, {"type": "Polygon", "coordinates": [[[11.5941, 53.6461], [11.5951, 53.6481], [11.5999, 53.6487], [11.5981, 53.6454], [11.5941, 53.6461]]]}, {"type": "Polygon", "coordinates": [[[11.632, 53.6507], [11.6304, 53.6495], [11.6302, 53.6507], [11.632, 53.6507]]]}, {"type": "Polygon", "coordinates": [[[11.6204, 53.6509], [11.6196, 53.6509], [11.6196, 53.6515], [11.6204, 53.6509]]]}, {"type": "Polygon", "coordinates": [[[11.3991, 53.6617], [11.3926, 53.6616], [11.3919, 53.6581], [11.4017, 53.6477], [11.3978, 53.6459], [11.3829, 53.659], [11.3869, 53.6638], [11.3986, 53.664], [11.3991, 53.6617]]]}, {"type": "Polygon", "coordinates": [[[11.5337, 53.6589], [11.5388, 53.6599], [11.5414, 53.659], [11.5367, 53.6559], [11.5337, 53.6589]]]}, {"type": "Polygon", "coordinates": [[[11.5373, 53.6606], [11.5371, 53.662], [11.538, 53.661], [11.5373, 53.6606]]]}, {"type": "Polygon", "coordinates": [[[11.2723, 53.6783], [11.2731, 53.6751], [11.2706, 53.6754], [11.2701, 53.6792], [11.2723, 53.6783]]]}, {"type": "Polygon", "coordinates": [[[11.5384, 53.6808], [11.5417, 53.6726], [11.538, 53.6693], [11.5389, 53.664], [11.527, 53.6658], [11.5257, 53.6704], [11.532, 53.6788], [11.5274, 53.6817], [11.5295, 53.6853], [11.5254, 53.6816], [11.524, 53.6856], [11.5352, 53.6948], [11.5308, 53.6949], [11.5333, 53.6962], [11.5449, 53.6915], [11.5316, 53.6851], [11.5384, 53.6808]]]}, {"type": "Polygon", "coordinates": [[[11.6081, 53.683], [11.6083, 53.6853], [11.6103, 53.6842], [11.6081, 53.683]]]}, {"type": "Polygon", "coordinates": [[[11.3924, 53.6835], [11.3939, 53.6899], [11.3963, 53.6831], [11.3924, 53.6835]]]}, {"type": "Polygon", "coordinates": [[[11.4966, 53.7165], [11.4865, 53.7038], [11.486, 53.6908], [11.4781, 53.6868], [11.472, 53.6875], [11.4654, 53.6965], [11.4591, 53.6915], [11.4504, 53.6923], [11.4607, 53.6852], [11.4755, 53.682], [11.4855, 53.667], [11.4845, 53.6342], [11.4993, 53.628], [11.5046, 53.6209], [11.5016, 53.6111], [11.5055, 53.6063], [11.5007, 53.6025], [11.495, 53.6039], [11.4968, 53.5963], [11.492, 53.5986], [11.4881, 53.6061], [11.4753, 53.6005], [11.4661, 53.6078], [11.4533, 53.603], [11.4383, 53.6112], [11.4325, 53.6222], [11.412, 53.6223], [11.4112, 53.637], [11.4155, 53.6303], [11.4128, 53.6307], [11.4125, 53.6277], [11.4168, 53.6257], [11.4221, 53.6312], [11.4281, 53.6307], [11.4354, 53.6384], [11.4341, 53.6404], [11.4302, 53.6384], [11.428, 53.6417], [11.4314, 53.6459], [11.4351, 53.6455], [11.4366, 53.6403], [11.4539, 53.6437], [11.4559, 53.6557], [11.4513, 53.6616], [11.4359, 53.6666], [11.4266, 53.6657], [11.4222, 53.661], [11.4345, 53.6558], [11.4283, 53.648], [11.4131, 53.6465], [11.4195, 53.6452], [11.4209, 53.6373], [11.4112, 53.6377], [11.4105, 53.6448], [11.4181, 53.6586], [11.4148, 53.6625], [11.4194, 53.6664], [11.4272, 53.6674], [11.4353, 53.6742], [11.4391, 53.673], [11.4387, 53.6686], [11.4463, 53.6706], [11.442, 53.6673], [11.4486, 53.6649], [11.4519, 53.6708], [11.4504, 53.6798], [11.4352, 53.6812], [11.4387, 53.6868], [11.4371, 53.6916], [11.4428, 53.6988], [11.4253, 53.715], [11.4261, 53.7308], [11.436, 53.7388], [11.4379, 53.7493], [11.4548, 53.7565], [11.4614, 53.7648], [11.4756, 53.7665], [11.4911, 53.7759], [11.5274, 53.7852], [11.5276, 53.7817], [11.515, 53.7706], [11.4967, 53.7714], [11.4893, 53.766], [11.502, 53.7341], [11.4966, 53.7165]], [[11.4569, 53.7438], [11.4708, 53.7533], [11.4762, 53.7596], [11.4576, 53.7484], [11.4569, 53.7438]], [[11.4533, 53.7059], [11.4546, 53.7041], [11.4576, 53.7055], [11.4569, 53.7064], [11.4533, 53.7059]], [[11.4536, 53.6792], [11.4571, 53.6779], [11.4608, 53.6793], [11.4634, 53.6822], [11.4536, 53.6792]], [[11.4205, 53.6284], [11.4228, 53.6255], [11.4244, 53.6273], [11.4229, 53.6289], [11.4205, 53.6284]], [[11.4195, 53.6251], [11.418, 53.6237], [11.4202, 53.6241], [11.4195, 53.6251]], [[11.4283, 53.6305], [11.4267, 53.6285], [11.4316, 53.6293], [11.4291, 53.6315], [11.4283, 53.6305]], [[11.465, 53.6173], [11.4702, 53.6157], [11.4736, 53.6165], [11.4685, 53.625], [11.465, 53.6173]], [[11.4792, 53.6119], [11.4864, 53.6114], [11.4848, 53.6185], [11.4787, 53.6162], [11.4831, 53.6141], [11.4792, 53.6119]]]}, {"type": "Polygon", "coordinates": [[[11.3986, 53.6908], [11.412, 53.6969], [11.4096, 53.6912], [11.3986, 53.6908]]]}, {"type": "Polygon", "coordinates": [[[11.5536, 53.6988], [11.557, 53.6988], [11.5543, 53.6938], [11.5482, 53.6933], [11.5536, 53.6988]]]}, {"type": "Polygon", "coordinates": [[[11.6295, 53.6989], [11.6312, 53.6974], [11.6289, 53.6985], [11.6295, 53.6989]]]}, {"type": "Polygon", "coordinates": [[[11.5597, 53.7014], [11.5611, 53.7055], [11.5651, 53.7046], [11.5627, 53.7037], [11.5597, 53.7014]]]}, {"type": "Polygon", "coordinates": [[[11.6344, 53.7118], [11.6299, 53.7072], [11.6333, 53.701], [11.6197, 53.6991], [11.6209, 53.7066], [11.6344, 53.7118]]]}, {"type": "Polygon", "coordinates": [[[11.2779, 53.7147], [11.2724, 53.6972], [11.2625, 53.6964], [11.2698, 53.6996], [11.2718, 53.7094], [11.2779, 53.7147]]]}, {"type": "Polygon", "coordinates": [[[11.3619, 53.7123], [11.3653, 53.7136], [11.3699, 53.708], [11.3619, 53.7123]]]}, {"type": "Polygon", "coordinates": [[[11.3677, 53.7153], [11.366, 53.716], [11.3675, 53.7161], [11.3677, 53.7153]]]}, {"type": "Polygon", "coordinates": [[[11.5609, 53.7144], [11.5577, 53.7166], [11.554, 53.7145], [11.5531, 53.718], [11.5594, 53.7176], [11.5609, 53.7144]]]}, {"type": "Polygon", "coordinates": [[[11.279, 53.7226], [11.2765, 53.7239], [11.278, 53.7257], [11.279, 53.7226]]]}, {"type": "Polygon", "coordinates": [[[11.3816, 53.7215], [11.37, 53.7212], [11.3735, 53.7266], [11.3797, 53.7242], [11.3837, 53.7269], [11.3839, 53.7308], [11.3906, 53.7268], [11.3816, 53.7215]]]}, {"type": "Polygon", "coordinates": [[[11.2663, 53.7354], [11.2651, 53.7443], [11.2708, 53.7374], [11.2723, 53.7329], [11.2663, 53.7354]]]}, {"type": "Polygon", "coordinates": [[[11.5398, 53.7404], [11.5375, 53.7407], [11.5376, 53.7411], [11.5398, 53.7404]]]}, {"type": "Polygon", "coordinates": [[[11.5394, 53.7446], [11.5369, 53.7467], [11.5403, 53.7461], [11.5394, 53.7446]]]}, {"type": "Polygon", "coordinates": [[[11.2644, 53.7456], [11.2563, 53.751], [11.2569, 53.7538], [11.2644, 53.7479], [11.2644, 53.7456]]]}, {"type": "Polygon", "coordinates": [[[11.5305, 53.7595], [11.5365, 53.7578], [11.5311, 53.756], [11.5282, 53.7574], [11.5305, 53.7595]]]}, {"type": "Polygon", "coordinates": [[[11.4996, 53.7599], [11.4976, 53.7609], [11.4994, 53.762], [11.4996, 53.7599]]]}, {"type": "Polygon", "coordinates": [[[11.5114, 53.762], [11.5078, 53.7619], [11.5058, 53.7641], [11.509, 53.7643], [11.5114, 53.762]]]}, {"type": "Polygon", "coordinates": [[[11.511, 53.7653], [11.5163, 53.7677], [11.5189, 53.7673], [11.5169, 53.7655], [11.511, 53.7653]]]}, {"type": "Polygon", "coordinates": [[[11.5479, 53.7692], [11.5503, 53.7688], [11.5474, 53.7691], [11.5479, 53.7692]]]}, {"type": "Polygon", "coordinates": [[[11.5645, 53.7708], [11.5631, 53.7709], [11.5631, 53.7711], [11.5645, 53.7708]]]}, {"type": "Polygon", "coordinates": [[[11.5615, 53.7717], [11.5612, 53.7709], [11.5599, 53.7721], [11.5615, 53.7717]]]}, {"type": "Polygon", "coordinates": [[[11.5606, 53.7742], [11.5623, 53.774], [11.5608, 53.7738], [11.5606, 53.7742]]]}, {"type": "Polygon", "coordinates": [[[11.3856, 53.7768], [11.3874, 53.7849], [11.3951, 53.7854], [11.4045, 53.769], [11.3856, 53.7768]]]}, {"type": "Polygon", "coordinates": [[[11.5217, 53.7705], [11.5356, 53.7838], [11.5346, 53.7863], [11.5385, 53.7869], [11.5379, 53.7792], [11.5294, 53.7687], [11.5217, 53.7705]]]}, {"type": "Polygon", "coordinates": [[[11.5581, 53.78], [11.5536, 53.7805], [11.5556, 53.7818], [11.5581, 53.78]]]}, {"type": "Polygon", "coordinates": [[[11.5697, 53.7867], [11.5733, 53.7853], [11.5703, 53.7812], [11.5616, 53.7813], [11.5697, 53.7867]]]}, {"type": "Polygon", "coordinates": [[[11.5637, 53.7866], [11.5668, 53.7862], [11.5639, 53.7849], [11.5637, 53.7866]]]}, {"type": "Polygon", "coordinates": [[[11.3932, 53.7912], [11.3915, 53.7878], [11.3799, 53.7853], [11.3737, 53.7892], [11.3803, 53.7948], [11.3932, 53.7912]]]}, {"type": "Polygon", "coordinates": [[[11.5911, 53.789], [11.587, 53.7931], [11.5928, 53.7941], [11.5911, 53.789]]]}, {"type": "Polygon", "coordinates": [[[11.4895, 53.796], [11.4919, 53.7906], [11.4886, 53.7898], [11.4855, 53.7985], [11.4895, 53.796]]]}, {"type": "Polygon", "coordinates": [[[11.5863, 53.7951], [11.5866, 53.7945], [11.5855, 53.7946], [11.5863, 53.7951]]]}, {"type": "Polygon", "coordinates": [[[11.5811, 53.7956], [11.5816, 53.7941], [11.5803, 53.7952], [11.5811, 53.7956]]]}, {"type": "Polygon", "coordinates": [[[11.5743, 53.7945], [11.5767, 53.8013], [11.5797, 53.7959], [11.5743, 53.7945]]]}, {"type": "Polygon", "coordinates": [[[11.5512, 53.8027], [11.5523, 53.8019], [11.5513, 53.8021], [11.5512, 53.8027]]]}, {"type": "Polygon", "coordinates": [[[11.5818, 53.8045], [11.5829, 53.8027], [11.582, 53.8016], [11.5792, 53.8023], [11.5818, 53.8045]]]}, {"type": "Polygon", "coordinates": [[[11.5545, 53.8058], [11.558, 53.8056], [11.556, 53.8021], [11.5545, 53.8058]]]}, {"type": "Polygon", "coordinates": [[[11.5545, 53.8065], [11.5563, 53.8099], [11.5585, 53.8088], [11.5545, 53.8065]]]}, {"type": "Polygon", "coordinates": [[[11.5776, 53.8063], [11.5754, 53.8065], [11.5716, 53.8091], [11.5757, 53.8105], [11.5799, 53.8089], [11.5776, 53.8063]], [[11.5754, 53.8074], [11.5746, 53.8092], [11.5734, 53.8087], [11.5754, 53.8074]]]}, {"type": "Polygon", "coordinates": [[[11.5895, 53.8139], [11.5868, 53.8065], [11.584, 53.8056], [11.5831, 53.8091], [11.5868, 53.8131], [11.5895, 53.8139]]]}, {"type": "Polygon", "coordinates": [[[11.6064, 53.8123], [11.6084, 53.8093], [11.6069, 53.8086], [11.6046, 53.8105], [11.6064, 53.8123]]]}, {"type": "Polygon", "coordinates": [[[11.6117, 53.8152], [11.6278, 53.8148], [11.6199, 53.8147], [11.6212, 53.813], [11.6117, 53.8152]]]}, {"type": "Polygon", "coordinates": [[[11.6018, 53.8175], [11.6029, 53.8148], [11.6013, 53.8159], [11.6018, 53.8175]]]}, {"type": "Polygon", "coordinates": [[[11.5976, 53.8192], [11.6007, 53.8201], [11.6003, 53.8182], [11.5976, 53.8192]]]}, {"type": "Polygon", "coordinates": [[[11.272, 53.8379], [11.2824, 53.8344], [11.2775, 53.8327], [11.2706, 53.8339], [11.272, 53.8379]]]}, {"type": "Polygon", "coordinates": [[[11.341, 53.8425], [11.3378, 53.8441], [11.3414, 53.8439], [11.341, 53.8425]]]}, {"type": "Polygon", "coordinates": [[[11.3162, 53.85], [11.3158, 53.8569], [11.3076, 53.8593], [11.3204, 53.8559], [11.3257, 53.8487], [11.3224, 53.8434], [11.3162, 53.85]]]}, {"type": "Polygon", "coordinates": [[[11.6167, 53.8626], [11.6192, 53.8618], [11.6143, 53.857], [11.6167, 53.8626]]]}, {"type": "Polygon", "coordinates": [[[11.6193, 53.8774], [11.6235, 53.8783], [11.6249, 53.8777], [11.6184, 53.8734], [11.6193, 53.8774]]]}, {"type": "Polygon", "coordinates": [[[11.4751, 53.8933], [11.4843, 53.8914], [11.4804, 53.8871], [11.4898, 53.884], [11.4915, 53.8792], [11.4807, 53.8805], [11.4751, 53.8933]]]}, {"type": "Polygon", "coordinates": [[[11.4556, 53.9609], [11.4557, 53.9609], [11.4556, 53.9608], [11.4556, 53.9609]]]}, {"type": "Polygon", "coordinates": [[[11.4559, 53.9625], [11.4557, 53.9625], [11.456, 53.9626], [11.4559, 53.9625]]]}, {"type": "Polygon", "coordinates": [[[11.3473, 54.6682], [11.3522, 54.6681], [11.3464, 54.6643], [11.3428, 54.6656], [11.3473, 54.6682]]]}, {"type": "Polygon", "coordinates": [[[11.2692, 54.7011], [11.2771, 54.6993], [11.2742, 54.6978], [11.2671, 54.7008], [11.2692, 54.7011]]]}, {"type": "Polygon", "coordinates": [[[11.2802, 54.7006], [11.2806, 54.7], [11.2803, 54.7003], [11.2802, 54.7006]]]}, {"type": "Polygon", "coordinates": [[[11.28, 54.7008], [11.2802, 54.7006], [11.2801, 54.7007], [11.28, 54.7008]]]}, {"type": "Polygon", "coordinates": [[[11.2798, 54.7013], [11.28, 54.7008], [11.2798, 54.7012], [11.2798, 54.7013]]]}, {"type": "Polygon", "coordinates": [[[11.562, 54.7246], [11.5479, 54.7277], [11.562, 54.7328], [11.5848, 54.7292], [11.585, 54.7261], [11.5777, 54.7262], [11.583, 54.7183], [11.5753, 54.7131], [11.5877, 54.7158], [11.5906, 54.7112], [11.5811, 54.7083], [11.5704, 54.7108], [11.567, 54.7138], [11.567, 54.7267], [11.562, 54.7246]]]}, {"type": "Polygon", "coordinates": [[[11.5786, 54.7403], [11.5718, 54.7435], [11.5686, 54.7497], [11.5547, 54.7446], [11.5449, 54.7464], [11.5377, 54.7416], [11.5257, 54.7448], [11.5288, 54.7538], [11.5166, 54.7516], [11.5186, 54.7462], [11.5083, 54.7464], [11.4843, 54.7606], [11.4837, 54.7655], [11.4971, 54.7715], [11.4957, 54.7749], [11.524, 54.7609], [11.5299, 54.7631], [11.5523, 54.7599], [11.5573, 54.7645], [11.5691, 54.757], [11.5744, 54.7469], [11.587, 54.7406], [11.5992, 54.7454], [11.6081, 54.7332], [11.5997, 54.7373], [11.5786, 54.7403]], [[11.5177, 54.7594], [11.5183, 54.7599], [11.5143, 54.761], [11.5177, 54.7594]], [[11.5031, 54.7612], [11.5037, 54.7617], [11.4975, 54.7634], [11.4962, 54.7616], [11.5031, 54.7612]], [[11.5417, 54.7552], [11.5442, 54.7556], [11.5431, 54.7584], [11.5389, 54.7569], [11.5417, 54.7552]], [[11.5277, 54.7548], [11.529, 54.7556], [11.5263, 54.7574], [11.5277, 54.7548]], [[11.5562, 54.749], [11.5528, 54.7532], [11.5504, 54.7485], [11.5564, 54.7471], [11.5605, 54.7494], [11.5562, 54.749]], [[11.5418, 54.7497], [11.5419, 54.7502], [11.5376, 54.7501], [11.5418, 54.7497]], [[11.5386, 54.7517], [11.5395, 54.752], [11.5398, 54.7533], [11.5386, 54.7517]], [[11.4981, 54.7646], [11.4993, 54.7647], [11.4981, 54.7657], [11.4981, 54.7646]]]}, {"type": "Polygon", "coordinates": [[[11.4838, 54.7838], [11.4847, 54.786], [11.4957, 54.7838], [11.5008, 54.7753], [11.4838, 54.7838]]]}, {"type": "Polygon", "coordinates": [[[11.4071, 54.8136], [11.4083, 54.8174], [11.4118, 54.8141], [11.4071, 54.8136]]]}, {"type": "Polygon", "coordinates": [[[11.2657, 54.864], [11.2734, 54.8687], [11.2781, 54.8693], [11.2723, 54.8641], [11.2657, 54.864]]]}, {"type": "Polygon", "coordinates": [[[11.2645, 54.8951], [11.2656, 54.8954], [11.2658, 54.8924], [11.2645, 54.8951]]]}, {"type": "Polygon", "coordinates": [[[11.2955, 54.9703], [11.2955, 54.9702], [11.2951, 54.97], [11.2955, 54.9703]]]}, {"type": "Polygon", "coordinates": [[[11.6284, 55.0805], [11.6288, 55.0798], [11.6281, 55.0804], [11.6284, 55.0805]]]}, {"type": "Polygon", "coordinates": [[[11.2832, 55.2248], [11.2826, 55.2307], [11.2923, 55.2275], [11.2959, 55.2226], [11.2832, 55.2248]]]}, {"type": "Polygon", "coordinates": [[[11.2595, 55.2618], [11.2553, 55.2622], [11.2606, 55.2627], [11.264, 55.262], [11.2644, 55.2603], [11.2635, 55.2589], [11.2613, 55.2592], [11.2595, 55.2618]], [[11.2638, 55.2607], [11.2625, 55.2602], [11.2639, 55.2604], [11.2638, 55.2607]], [[11.2623, 55.2596], [11.2614, 55.2598], [11.2617, 55.2595], [11.2623, 55.2596]], [[11.2616, 55.2616], [11.2603, 55.2612], [11.2614, 55.2607], [11.2616, 55.2616]]]}, {"type": "Polygon", "coordinates": [[[11.3032, 55.2652], [11.2954, 55.2559], [11.2831, 55.2584], [11.2855, 55.2739], [11.2956, 55.279], [11.3009, 55.2783], [11.3049, 55.2693], [11.3032, 55.2652]], [[11.2951, 55.2767], [11.2943, 55.2761], [11.2962, 55.2751], [11.2951, 55.2767]]]}, {"type": "Polygon", "coordinates": [[[11.4729, 55.2708], [11.4688, 55.2712], [11.471, 55.2715], [11.4729, 55.2708]]]}, {"type": "Polygon", "coordinates": [[[11.5602, 55.2759], [11.5577, 55.2752], [11.5569, 55.2759], [11.5579, 55.2764], [11.5602, 55.2759]]]}, {"type": "Polygon", "coordinates": [[[11.5827, 55.3368], [11.5813, 55.3368], [11.5813, 55.337], [11.5827, 55.3368]]]}, {"type": "Polygon", "coordinates": [[[11.4773, 55.3429], [11.4787, 55.3457], [11.4788, 55.3427], [11.4773, 55.3429]]]}, {"type": "Polygon", "coordinates": [[[11.6477, 55.3344], [11.6565, 55.3358], [11.6502, 55.3339], [11.6521, 55.3319], [11.6341, 55.3304], [11.627, 55.3324], [11.6272, 55.3373], [11.6144, 55.3311], [11.5901, 55.3352], [11.5909, 55.3401], [11.6008, 55.351], [11.5799, 55.3566], [11.5705, 55.3634], [11.5572, 55.3646], [11.5437, 55.3739], [11.555, 55.3784], [11.5816, 55.3717], [11.5859, 55.3622], [11.6064, 55.3548], [11.6046, 55.3429], [11.608, 55.3413], [11.6477, 55.3344]]]}, {"type": "Polygon", "coordinates": [[[11.3997, 55.3823], [11.4056, 55.3803], [11.3908, 55.3798], [11.3997, 55.3823]]]}, {"type": "Polygon", "coordinates": [[[11.4129, 55.4014], [11.4158, 55.4026], [11.4166, 55.4019], [11.4129, 55.4014]]]}, {"type": "Polygon", "coordinates": [[[11.5378, 55.4337], [11.5418, 55.4326], [11.5486, 55.4437], [11.548, 55.4336], [11.5511, 55.4295], [11.5561, 55.4279], [11.5702, 55.4353], [11.5747, 55.4417], [11.5784, 55.441], [11.5764, 55.438], [11.5794, 55.4338], [11.5732, 55.4324], [11.5672, 55.4243], [11.5586, 55.4243], [11.561, 55.4204], [11.5436, 55.4203], [11.5316, 55.4276], [11.5378, 55.4337]]]}, {"type": "Polygon", "coordinates": [[[11.5531, 55.4512], [11.5559, 55.4499], [11.5495, 55.444], [11.549, 55.447], [11.5531, 55.4512]]]}, {"type": "Polygon", "coordinates": [[[11.562, 55.4525], [11.5659, 55.4573], [11.5983, 55.4533], [11.6021, 55.4441], [11.5915, 55.4478], [11.5746, 55.4433], [11.5615, 55.4482], [11.5656, 55.4513], [11.562, 55.4525]]]}, {"type": "Polygon", "coordinates": [[[11.4851, 55.4543], [11.4904, 55.4561], [11.492, 55.4525], [11.4851, 55.4543]]]}, {"type": "Polygon", "coordinates": [[[11.5348, 55.4636], [11.543, 55.4677], [11.5436, 55.4568], [11.5348, 55.4636]]]}, {"type": "Polygon", "coordinates": [[[11.5001, 55.4728], [11.5053, 55.4782], [11.5134, 55.4762], [11.5053, 55.4659], [11.4988, 55.466], [11.5001, 55.4728]]]}, {"type": "Polygon", "coordinates": [[[11.5095, 55.4782], [11.5145, 55.4824], [11.5149, 55.4786], [11.5095, 55.4782]]]}, {"type": "Polygon", "coordinates": [[[11.5217, 55.5004], [11.528, 55.5011], [11.5262, 55.4947], [11.5192, 55.4962], [11.5217, 55.5004]]]}, {"type": "Polygon", "coordinates": [[[11.5363, 55.5108], [11.527, 55.5107], [11.5292, 55.5144], [11.5358, 55.5167], [11.5363, 55.5108]]]}, {"type": "Polygon", "coordinates": [[[11.6115, 55.53], [11.6097, 55.5294], [11.6096, 55.5296], [11.6115, 55.53]]]}, {"type": "Polygon", "coordinates": [[[11.5874, 55.5731], [11.5861, 55.5717], [11.5864, 55.5737], [11.5874, 55.5731]]]}, {"type": "Polygon", "coordinates": [[[11.2808, 55.555], [11.2707, 55.5677], [11.2625, 55.5669], [11.2608, 55.5693], [11.2579, 55.566], [11.2437, 55.5691], [11.2544, 55.5698], [11.2578, 55.5726], [11.255, 55.5762], [11.2575, 55.582], [11.2862, 55.5964], [11.3042, 55.5952], [11.3125, 55.5901], [11.3166, 55.5827], [11.3154, 55.5641], [11.3101, 55.5574], [11.2993, 55.5528], [11.2808, 55.555]], [[11.2568, 55.5701], [11.2566, 55.568], [11.2577, 55.5683], [11.2568, 55.5701]]]}, {"type": "Polygon", "coordinates": [[[11.4157, 55.594], [11.4109, 55.6001], [11.4195, 55.5951], [11.4201, 55.5923], [11.4157, 55.594]]]}, {"type": "Polygon", "coordinates": [[[11.3737, 55.6006], [11.3733, 55.6007], [11.3738, 55.601], [11.3737, 55.6006]]]}, {"type": "Polygon", "coordinates": [[[11.314, 55.6135], [11.3219, 55.6223], [11.3275, 55.622], [11.3197, 55.6151], [11.314, 55.6135]]]}, {"type": "Polygon", "coordinates": [[[11.4225, 55.6221], [11.4242, 55.6217], [11.421, 55.6214], [11.4225, 55.6221]]]}, {"type": "Polygon", "coordinates": [[[11.4268, 55.6227], [11.4291, 55.6259], [11.4305, 55.6255], [11.4288, 55.623], [11.4268, 55.6227]]]}, {"type": "Polygon", "coordinates": [[[11.513, 55.6389], [11.5148, 55.6377], [11.5133, 55.6365], [11.5083, 55.6385], [11.513, 55.6389]]]}, {"type": "Polygon", "coordinates": [[[11.326, 55.6426], [11.3225, 55.6434], [11.3279, 55.6438], [11.326, 55.6426]]]}, {"type": "Polygon", "coordinates": [[[11.3228, 55.6473], [11.3229, 55.6461], [11.322, 55.6468], [11.3228, 55.6473]]]}, {"type": "Polygon", "coordinates": [[[11.3947, 55.6549], [11.3859, 55.6554], [11.3782, 55.6468], [11.3685, 55.6439], [11.3577, 55.6501], [11.3672, 55.656], [11.3926, 55.6583], [11.3913, 55.6564], [11.3947, 55.6549]], [[11.37, 55.6537], [11.3679, 55.654], [11.3658, 55.6524], [11.37, 55.6537]], [[11.3685, 55.6548], [11.3675, 55.6554], [11.3671, 55.6549], [11.3685, 55.6548]]]}, {"type": "Polygon", "coordinates": [[[11.3501, 55.6674], [11.35, 55.6662], [11.3481, 55.6668], [11.3501, 55.6674]]]}, {"type": "Polygon", "coordinates": [[[11.3429, 55.6841], [11.3441, 55.6811], [11.3415, 55.6812], [11.3429, 55.6841]]]}, {"type": "Polygon", "coordinates": [[[11.3393, 55.6837], [11.3386, 55.6835], [11.3389, 55.6839], [11.3393, 55.6837]]]}, {"type": "Polygon", "coordinates": [[[11.3777, 55.7366], [11.3749, 55.7362], [11.3737, 55.7369], [11.3777, 55.7366]]]}, {"type": "Polygon", "coordinates": [[[11.5972, 55.8885], [11.5971, 55.8838], [11.5955, 55.8856], [11.5972, 55.8885]]]}, {"type": "Polygon", "coordinates": [[[11.5297, 55.8992], [11.5293, 55.9014], [11.5307, 55.8995], [11.5297, 55.8992]]]}, {"type": "Polygon", "coordinates": [[[11.6028, 55.9214], [11.6049, 55.9202], [11.6025, 55.9189], [11.6102, 55.9201], [11.6129, 55.9172], [11.5976, 55.9142], [11.6028, 55.9214]]]}, {"type": "Polygon", "coordinates": [[[11.5481, 55.9215], [11.5499, 55.9211], [11.5493, 55.9205], [11.5454, 55.9204], [11.5481, 55.9215]]]}, {"type": "Polygon", "coordinates": [[[11.5531, 55.9206], [11.5511, 55.921], [11.5519, 55.9213], [11.5531, 55.9206]]]}, {"type": "Polygon", "coordinates": [[[11.5909, 55.9294], [11.5884, 55.9292], [11.5889, 55.9308], [11.5909, 55.9294]]]}, {"type": "Polygon", "coordinates": [[[11.593, 55.9341], [11.5765, 55.9391], [11.5748, 55.9429], [11.588, 55.9509], [11.5962, 55.9501], [11.6045, 55.9423], [11.6011, 55.9352], [11.593, 55.9341]]]}, {"type": "Polygon", "coordinates": [[[11.6656, 51.4701], [11.6585, 51.4728], [11.6757, 51.4812], [11.7119, 51.4783], [11.732, 51.4801], [11.7197, 51.4824], [11.7199, 51.4895], [11.7244, 51.4902], [11.7306, 51.4846], [11.7406, 51.4861], [11.7448, 51.4821], [11.7481, 51.4708], [11.7442, 51.4655], [11.7201, 51.4656], [11.6656, 51.4701]]]}, {"type": "Polygon", "coordinates": [[[11.6646, 51.4963], [11.6432, 51.5015], [11.6374, 51.5057], [11.6985, 51.4929], [11.6966, 51.4911], [11.7014, 51.4881], [11.6736, 51.4901], [11.6646, 51.4963]]]}, {"type": "Polygon", "coordinates": [[[11.9129, 53.4163], [11.9176, 53.4236], [11.9237, 53.4241], [11.922, 53.418], [11.9129, 53.4163]]]}, {"type": "Polygon", "coordinates": [[[11.919, 53.4328], [11.9246, 53.4401], [11.9271, 53.4401], [11.919, 53.4328]]]}, {"type": "Polygon", "coordinates": [[[11.8526, 53.4312], [11.8571, 53.4422], [11.8639, 53.4419], [11.8619, 53.4346], [11.8526, 53.4312]]]}, {"type": "Polygon", "coordinates": [[[11.8971, 53.4902], [11.8997, 53.4929], [11.9064, 53.4908], [11.8992, 53.4881], [11.8971, 53.4902]]]}, {"type": "Polygon", "coordinates": [[[11.6873, 53.5113], [11.6884, 53.5096], [11.6859, 53.5083], [11.6841, 53.5099], [11.6873, 53.5113]]]}, {"type": "Polygon", "coordinates": [[[11.6763, 53.5126], [11.6798, 53.5156], [11.6855, 53.514], [11.6831, 53.5113], [11.6763, 53.5126]]]}, {"type": "Polygon", "coordinates": [[[11.6445, 53.5775], [11.6486, 53.5761], [11.6388, 53.574], [11.6352, 53.5763], [11.6457, 53.5805], [11.6445, 53.5775]]]}, {"type": "Polygon", "coordinates": [[[11.6784, 53.5973], [11.6872, 53.5962], [11.694, 53.6013], [11.6961, 53.61], [11.7056, 53.616], [11.7139, 53.6157], [11.7181, 53.6117], [11.7068, 53.6], [11.6928, 53.5976], [11.6898, 53.5939], [11.6641, 53.5905], [11.6784, 53.5973]]]}, {"type": "Polygon", "coordinates": [[[11.7631, 53.6275], [11.758, 53.6286], [11.7594, 53.6295], [11.7631, 53.6275]]]}, {"type": "Polygon", "coordinates": [[[11.8077, 53.6328], [11.8086, 53.6324], [11.801, 53.6307], [11.8077, 53.6328]]]}, {"type": "Polygon", "coordinates": [[[11.7671, 53.6313], [11.7725, 53.6324], [11.7748, 53.6316], [11.7671, 53.6313]]]}, {"type": "Polygon", "coordinates": [[[11.8035, 53.634], [11.803, 53.6333], [11.8024, 53.6341], [11.8035, 53.634]]]}, {"type": "Polygon", "coordinates": [[[11.9454, 53.6341], [11.9445, 53.6341], [11.9444, 53.6343], [11.9454, 53.6341]]]}, {"type": "Polygon", "coordinates": [[[11.7794, 53.634], [11.7837, 53.6383], [11.785, 53.6378], [11.7794, 53.634]]]}, {"type": "Polygon", "coordinates": [[[11.8057, 53.6396], [11.8031, 53.6372], [11.8028, 53.6375], [11.8057, 53.6396]]]}, {"type": "Polygon", "coordinates": [[[11.7874, 53.6402], [11.7865, 53.6407], [11.7869, 53.6412], [11.7874, 53.6402]]]}, {"type": "Polygon", "coordinates": [[[11.7719, 53.6412], [11.7736, 53.6403], [11.7719, 53.6407], [11.7719, 53.6412]]]}, {"type": "Polygon", "coordinates": [[[11.6403, 53.6468], [11.6453, 53.6469], [11.6415, 53.6389], [11.6324, 53.6408], [11.6396, 53.6414], [11.6403, 53.6468]]]}, {"type": "Polygon", "coordinates": [[[11.7709, 53.6435], [11.7728, 53.6439], [11.7719, 53.6422], [11.7709, 53.6435]]]}, {"type": "Polygon", "coordinates": [[[11.9404, 53.6565], [11.9477, 53.6422], [11.9336, 53.6392], [11.9344, 53.6345], [11.931, 53.6335], [11.9216, 53.6464], [11.929, 53.647], [11.9299, 53.6437], [11.9345, 53.6479], [11.9323, 53.6508], [11.9231, 53.6513], [11.9227, 53.6545], [11.9404, 53.6565]]]}, {"type": "Polygon", "coordinates": [[[11.6331, 53.6467], [11.6343, 53.6451], [11.6318, 53.6442], [11.6303, 53.6472], [11.6331, 53.6467]]]}, {"type": "Polygon", "coordinates": [[[11.7774, 53.6476], [11.7843, 53.6494], [11.7895, 53.6523], [11.7901, 53.6493], [11.7809, 53.6418], [11.777, 53.6427], [11.7774, 53.6476]]]}, {"type": "Polygon", "coordinates": [[[11.8116, 53.6519], [11.8103, 53.6495], [11.8063, 53.6485], [11.8072, 53.6499], [11.8116, 53.6519]]]}, {"type": "Polygon", "coordinates": [[[11.9176, 53.653], [11.9189, 53.6525], [11.9174, 53.6524], [11.9176, 53.653]]]}, {"type": "Polygon", "coordinates": [[[11.6302, 53.6555], [11.6337, 53.6559], [11.6337, 53.6553], [11.6302, 53.6555]]]}, {"type": "Polygon", "coordinates": [[[11.7999, 53.6582], [11.7994, 53.6569], [11.7982, 53.6574], [11.7999, 53.6582]]]}, {"type": "Polygon", "coordinates": [[[11.6348, 53.6575], [11.6356, 53.6594], [11.6368, 53.6582], [11.6348, 53.6575]]]}, {"type": "Polygon", "coordinates": [[[11.6468, 53.6595], [11.6477, 53.6606], [11.648, 53.66], [11.6468, 53.6595]]]}, {"type": "Polygon", "coordinates": [[[11.9096, 53.661], [11.9123, 53.664], [11.9193, 53.6628], [11.9154, 53.658], [11.9096, 53.661]]]}, {"type": "Polygon", "coordinates": [[[11.6705, 53.6685], [11.6681, 53.6686], [11.6681, 53.6689], [11.6705, 53.6685]]]}, {"type": "Polygon", "coordinates": [[[11.7953, 53.6747], [11.8017, 53.6708], [11.7943, 53.6654], [11.7953, 53.6747]]]}, {"type": "Polygon", "coordinates": [[[11.8645, 53.6766], [11.878, 53.6751], [11.8844, 53.671], [11.8676, 53.671], [11.8645, 53.6766]]]}, {"type": "Polygon", "coordinates": [[[11.637, 53.6728], [11.6363, 53.6749], [11.638, 53.6749], [11.637, 53.6728]]]}, {"type": "Polygon", "coordinates": [[[11.6771, 53.6745], [11.6805, 53.6749], [11.6802, 53.6743], [11.6771, 53.6745]]]}, {"type": "Polygon", "coordinates": [[[11.8063, 53.6795], [11.8091, 53.676], [11.7991, 53.6757], [11.7979, 53.6779], [11.8063, 53.6795]]]}, {"type": "Polygon", "coordinates": [[[11.6613, 53.6783], [11.6595, 53.6787], [11.6599, 53.6793], [11.6613, 53.6783]]]}, {"type": "Polygon", "coordinates": [[[11.6803, 53.6816], [11.6819, 53.681], [11.68, 53.6809], [11.6803, 53.6816]]]}, {"type": "Polygon", "coordinates": [[[11.6305, 53.6844], [11.6349, 53.6853], [11.6381, 53.6832], [11.6335, 53.6811], [11.6305, 53.6844]]]}, {"type": "Polygon", "coordinates": [[[11.6955, 53.6837], [11.6972, 53.6857], [11.7043, 53.6849], [11.701, 53.6823], [11.6955, 53.6837]]]}, {"type": "Polygon", "coordinates": [[[11.8956, 53.6838], [11.8846, 53.6851], [11.8899, 53.686], [11.8956, 53.6838]]]}, {"type": "Polygon", "coordinates": [[[11.6842, 53.6845], [11.6822, 53.685], [11.6827, 53.6855], [11.6842, 53.6845]]]}, {"type": "Polygon", "coordinates": [[[11.7083, 53.6935], [11.7131, 53.697], [11.7155, 53.6956], [11.7083, 53.6935]]]}, {"type": "Polygon", "coordinates": [[[11.6493, 53.6976], [11.651, 53.6969], [11.6492, 53.6973], [11.6493, 53.6976]]]}, {"type": "Polygon", "coordinates": [[[11.7953, 53.6955], [11.7939, 53.6933], [11.786, 53.6986], [11.7902, 53.7022], [11.8015, 53.6939], [11.7953, 53.6955]]]}, {"type": "Polygon", "coordinates": [[[11.7984, 53.7], [11.7979, 53.6974], [11.7944, 53.6999], [11.7984, 53.7]]]}, {"type": "Polygon", "coordinates": [[[11.7918, 53.7028], [11.7896, 53.7028], [11.7898, 53.7035], [11.7918, 53.7028]]]}, {"type": "Polygon", "coordinates": [[[11.7781, 53.7049], [11.7823, 53.7061], [11.7827, 53.7033], [11.7791, 53.7022], [11.7834, 53.7003], [11.7777, 53.7015], [11.7781, 53.7049]]]}, {"type": "Polygon", "coordinates": [[[11.663, 53.7058], [11.6661, 53.7041], [11.6615, 53.7019], [11.6603, 53.7031], [11.663, 53.7058]]]}, {"type": "Polygon", "coordinates": [[[11.6729, 53.7078], [11.6762, 53.7072], [11.6715, 53.7065], [11.6729, 53.7078]]]}, {"type": "Polygon", "coordinates": [[[11.8962, 53.7111], [11.899, 53.7093], [11.8926, 53.7095], [11.8955, 53.7067], [11.8928, 53.7062], [11.8884, 53.7096], [11.8962, 53.7111]]]}, {"type": "Polygon", "coordinates": [[[11.6941, 53.7082], [11.6917, 53.7094], [11.6923, 53.7099], [11.6941, 53.7082]]]}, {"type": "Polygon", "coordinates": [[[11.673, 53.7096], [11.6754, 53.7103], [11.6757, 53.7095], [11.673, 53.7096]]]}, {"type": "Polygon", "coordinates": [[[11.6568, 53.7164], [11.6611, 53.7154], [11.6659, 53.7098], [11.6546, 53.7106], [11.6568, 53.7164]]]}, {"type": "Polygon", "coordinates": [[[11.7107, 53.7123], [11.7127, 53.7151], [11.7171, 53.7145], [11.7107, 53.7123]]]}, {"type": "Polygon", "coordinates": [[[11.7, 53.7168], [11.7044, 53.7144], [11.6954, 53.7121], [11.7, 53.7168]]]}, {"type": "Polygon", "coordinates": [[[11.8117, 53.72], [11.8171, 53.7169], [11.8047, 53.7121], [11.8023, 53.7168], [11.8117, 53.72]], [[11.8133, 53.7186], [11.8113, 53.7174], [11.8137, 53.7168], [11.8133, 53.7186]]]}, {"type": "Polygon", "coordinates": [[[11.8479, 53.7184], [11.8667, 53.7254], [11.8589, 53.7169], [11.8468, 53.7124], [11.8425, 53.7056], [11.8356, 53.7096], [11.8364, 53.7158], [11.8226, 53.7179], [11.8299, 53.7211], [11.8272, 53.7279], [11.8346, 53.7221], [11.845, 53.7263], [11.8408, 53.7207], [11.8479, 53.7184]], [[11.8435, 53.7102], [11.8431, 53.71], [11.8438, 53.71], [11.8435, 53.7102]]]}, {"type": "Polygon", "coordinates": [[[11.695, 53.7185], [11.6957, 53.7172], [11.6945, 53.7177], [11.695, 53.7185]]]}, {"type": "Polygon", "coordinates": [[[11.7258, 53.7181], [11.7236, 53.7198], [11.7275, 53.7212], [11.7258, 53.7181]]]}, {"type": "Polygon", "coordinates": [[[11.7007, 53.7214], [11.7009, 53.7203], [11.6966, 53.7224], [11.7007, 53.7214]]]}, {"type": "Polygon", "coordinates": [[[11.8843, 53.7164], [11.868, 53.7178], [11.8692, 53.7291], [11.8701, 53.7249], [11.8838, 53.7217], [11.8843, 53.7164]], [[11.8726, 53.7226], [11.8725, 53.7223], [11.8731, 53.7224], [11.8726, 53.7226]], [[11.8761, 53.7203], [11.8755, 53.7205], [11.8753, 53.7202], [11.8761, 53.7203]]]}, {"type": "Polygon", "coordinates": [[[11.9151, 53.7226], [11.9162, 53.7249], [11.9172, 53.7248], [11.9172, 53.7237], [11.9151, 53.7226]]]}, {"type": "Polygon", "coordinates": [[[11.6925, 53.7248], [11.6944, 53.725], [11.6929, 53.7242], [11.6925, 53.7248]]]}, {"type": "Polygon", "coordinates": [[[11.6946, 53.7267], [11.694, 53.7288], [11.6954, 53.7276], [11.6946, 53.7267]]]}, {"type": "Polygon", "coordinates": [[[11.9203, 53.7293], [11.9229, 53.7297], [11.9223, 53.7263], [11.9203, 53.7293]]]}, {"type": "Polygon", "coordinates": [[[11.8645, 53.7297], [11.8627, 53.7307], [11.8757, 53.7374], [11.8796, 53.736], [11.8645, 53.7297]]]}, {"type": "Polygon", "coordinates": [[[11.9264, 53.7316], [11.928, 53.7356], [11.9307, 53.7355], [11.9298, 53.7324], [11.9264, 53.7316]]]}, {"type": "Polygon", "coordinates": [[[11.6551, 53.7344], [11.6425, 53.7376], [11.6341, 53.7361], [11.6394, 53.7327], [11.6147, 53.733], [11.6417, 53.7395], [11.6589, 53.7378], [11.6551, 53.7344]]]}, {"type": "Polygon", "coordinates": [[[11.7741, 53.7414], [11.7794, 53.7396], [11.7796, 53.7374], [11.7741, 53.7414]]]}, {"type": "Polygon", "coordinates": [[[11.7818, 53.7438], [11.7798, 53.7447], [11.7805, 53.7452], [11.7818, 53.7438]]]}, {"type": "Polygon", "coordinates": [[[11.9314, 53.7483], [11.9337, 53.7486], [11.9331, 53.7467], [11.9304, 53.7454], [11.9314, 53.7483]]]}, {"type": "Polygon", "coordinates": [[[11.7858, 53.7506], [11.7867, 53.7493], [11.785, 53.7489], [11.7858, 53.7506]]]}, {"type": "Polygon", "coordinates": [[[11.8139, 53.7556], [11.8127, 53.7539], [11.8104, 53.7541], [11.8113, 53.7554], [11.8139, 53.7556]]]}, {"type": "Polygon", "coordinates": [[[11.8001, 53.7544], [11.8056, 53.7558], [11.8063, 53.7556], [11.8001, 53.7544]]]}, {"type": "Polygon", "coordinates": [[[11.8775, 53.7559], [11.878, 53.7553], [11.8722, 53.7553], [11.8775, 53.7559]]]}, {"type": "Polygon", "coordinates": [[[11.8792, 53.7578], [11.8778, 53.7567], [11.8757, 53.7601], [11.8792, 53.7578]]]}, {"type": "Polygon", "coordinates": [[[11.7488, 53.763], [11.7501, 53.7614], [11.7482, 53.7623], [11.7488, 53.763]]]}, {"type": "Polygon", "coordinates": [[[11.7321, 53.7664], [11.7353, 53.7636], [11.7355, 53.7629], [11.7288, 53.7646], [11.7321, 53.7664]]]}, {"type": "Polygon", "coordinates": [[[11.6637, 53.7616], [11.6607, 53.7591], [11.6504, 53.7667], [11.6495, 53.7727], [11.6521, 53.7746], [11.6655, 53.771], [11.6614, 53.7673], [11.6637, 53.7616]]]}, {"type": "Polygon", "coordinates": [[[11.7439, 53.768], [11.7438, 53.7665], [11.7401, 53.7672], [11.7439, 53.768]]]}, {"type": "Polygon", "coordinates": [[[11.7016, 53.7701], [11.7082, 53.7677], [11.7085, 53.7629], [11.698, 53.7574], [11.6981, 53.7665], [11.6951, 53.7692], [11.689, 53.767], [11.6868, 53.775], [11.6971, 53.778], [11.7085, 53.7725], [11.7016, 53.7701]]]}, {"type": "Polygon", "coordinates": [[[11.7298, 53.7718], [11.7312, 53.7735], [11.7324, 53.7713], [11.7298, 53.7718]]]}, {"type": "Polygon", "coordinates": [[[11.774, 53.7731], [11.7761, 53.7717], [11.773, 53.7719], [11.774, 53.7731]]]}, {"type": "Polygon", "coordinates": [[[11.7926, 53.776], [11.7943, 53.7745], [11.7925, 53.7752], [11.7926, 53.776]]]}, {"type": "Polygon", "coordinates": [[[11.7419, 53.7801], [11.7451, 53.7774], [11.74, 53.7761], [11.734, 53.7777], [11.7419, 53.7801]]]}, {"type": "Polygon", "coordinates": [[[11.8101, 53.7779], [11.8078, 53.7779], [11.8089, 53.7787], [11.8101, 53.7779]]]}, {"type": "Polygon", "coordinates": [[[11.7613, 53.7911], [11.7709, 53.7835], [11.7669, 53.7668], [11.7637, 53.7659], [11.7622, 53.7703], [11.7518, 53.7686], [11.7546, 53.7742], [11.761, 53.7769], [11.751, 53.7779], [11.7501, 53.7888], [11.7613, 53.7911]]]}, {"type": "Polygon", "coordinates": [[[11.7329, 53.7821], [11.7342, 53.7813], [11.7329, 53.7816], [11.7329, 53.7821]]]}, {"type": "Polygon", "coordinates": [[[11.7383, 53.7816], [11.7381, 53.7853], [11.7403, 53.784], [11.7383, 53.7816]]]}, {"type": "Polygon", "coordinates": [[[11.6843, 53.7859], [11.6875, 53.783], [11.6835, 53.7817], [11.6792, 53.7834], [11.6843, 53.7859]]]}, {"type": "Polygon", "coordinates": [[[11.7088, 53.7888], [11.7128, 53.7885], [11.7143, 53.7854], [11.7122, 53.7837], [11.7088, 53.7888]]]}, {"type": "Polygon", "coordinates": [[[11.6597, 53.7909], [11.6401, 53.785], [11.6331, 53.7861], [11.6341, 53.7901], [11.6545, 53.7934], [11.6597, 53.7909]]]}, {"type": "Polygon", "coordinates": [[[11.6996, 53.7977], [11.7066, 53.799], [11.7111, 53.7968], [11.7029, 53.7889], [11.6983, 53.79], [11.7008, 53.7918], [11.6996, 53.7977]]]}, {"type": "Polygon", "coordinates": [[[11.7068, 53.812], [11.701, 53.8022], [11.6995, 53.8054], [11.6855, 53.8068], [11.6784, 53.8137], [11.6841, 53.8269], [11.6878, 53.8289], [11.6907, 53.8207], [11.7068, 53.812]]]}, {"type": "Polygon", "coordinates": [[[11.9367, 53.8236], [11.9343, 53.8248], [11.9369, 53.8247], [11.9367, 53.8236]]]}, {"type": "Polygon", "coordinates": [[[11.9496, 53.8316], [11.9577, 53.8328], [11.9479, 53.8285], [11.9459, 53.829], [11.9496, 53.8316]]]}, {"type": "Polygon", "coordinates": [[[11.9532, 53.8365], [11.943, 53.8289], [11.9313, 53.8299], [11.9373, 53.8368], [11.949, 53.8389], [11.9532, 53.8365]]]}, {"type": "Polygon", "coordinates": [[[11.6856, 53.8599], [11.6939, 53.8483], [11.6964, 53.8521], [11.695, 53.8577], [11.7024, 53.8641], [11.7148, 53.8477], [11.7102, 53.8427], [11.6938, 53.8405], [11.6879, 53.8432], [11.681, 53.8592], [11.6856, 53.8599]]]}, {"type": "Polygon", "coordinates": [[[11.6301, 53.8591], [11.6349, 53.8548], [11.6303, 53.8548], [11.6301, 53.8591]]]}, {"type": "Polygon", "coordinates": [[[11.8024, 53.8887], [11.7886, 53.8928], [11.7904, 53.8992], [11.8038, 53.9012], [11.8084, 53.8981], [11.805, 53.8951], [11.8076, 53.8909], [11.8024, 53.8887]]]}, {"type": "Polygon", "coordinates": [[[11.8859, 54.145], [11.9018, 54.1412], [11.8973, 54.1365], [11.8724, 54.1422], [11.8742, 54.1441], [11.8859, 54.145]], [[11.8886, 54.1422], [11.8872, 54.1409], [11.8899, 54.1396], [11.8886, 54.1422]]]}, {"type": "Polygon", "coordinates": [[[11.933, 54.5855], [11.9346, 54.5832], [11.9304, 54.5842], [11.9293, 54.5867], [11.933, 54.5855]]]}, {"type": "Polygon", "coordinates": [[[11.8971, 54.6474], [11.8903, 54.6478], [11.8886, 54.6505], [11.8952, 54.6515], [11.8971, 54.6474]]]}, {"type": "Polygon", "coordinates": [[[11.7617, 54.6578], [11.7605, 54.6585], [11.7621, 54.6614], [11.7617, 54.6578]]]}, {"type": "Polygon", "coordinates": [[[11.7711, 54.6605], [11.7749, 54.6622], [11.7801, 54.6611], [11.7711, 54.6605]]]}, {"type": "Polygon", "coordinates": [[[11.7224, 54.6683], [11.7248, 54.6723], [11.726, 54.6711], [11.7247, 54.6675], [11.7224, 54.6683]]]}, {"type": "Polygon", "coordinates": [[[11.7247, 54.6862], [11.7255, 54.6826], [11.7231, 54.683], [11.7216, 54.6859], [11.7247, 54.6862]]]}, {"type": "Polygon", "coordinates": [[[11.8164, 54.8366], [11.8148, 54.8379], [11.8169, 54.8373], [11.8164, 54.8366]]]}, {"type": "Polygon", "coordinates": [[[11.9142, 54.8445], [11.9106, 54.8468], [11.9187, 54.8457], [11.9142, 54.8445]]]}, {"type": "Polygon", "coordinates": [[[11.911, 54.8953], [11.9135, 54.8973], [11.9168, 54.8972], [11.9131, 54.8965], [11.911, 54.8953]]]}, {"type": "Polygon", "coordinates": [[[11.9144, 55.0103], [11.9165, 55.0103], [11.916, 55.0087], [11.9144, 55.0103]]]}, {"type": "Polygon", "coordinates": [[[11.9381, 55.0388], [11.9363, 55.0425], [11.9403, 55.0459], [11.9477, 55.0433], [11.9487, 55.0422], [11.9381, 55.0388]]]}, {"type": "Polygon", "coordinates": [[[11.8831, 55.0562], [11.8833, 55.0612], [11.9049, 55.0594], [11.91, 55.0639], [11.9268, 55.0512], [11.9114, 55.0431], [11.8966, 55.0427], [11.888, 55.0552], [11.8831, 55.0562]]]}, {"type": "Polygon", "coordinates": [[[11.8216, 55.0629], [11.8371, 55.064], [11.8231, 55.0615], [11.8321, 55.0511], [11.8231, 55.0598], [11.8216, 55.0629]]]}, {"type": "Polygon", "coordinates": [[[11.9486, 55.1672], [11.9556, 55.1663], [11.9476, 55.1663], [11.9486, 55.1672]]]}, {"type": "Polygon", "coordinates": [[[11.9048, 55.1783], [11.9047, 55.1777], [11.9026, 55.1799], [11.9048, 55.1783]]]}, {"type": "Polygon", "coordinates": [[[11.6356, 55.2299], [11.635, 55.2306], [11.636, 55.2312], [11.6356, 55.2299]]]}, {"type": "Polygon", "coordinates": [[[11.9349, 55.2563], [11.948, 55.2561], [11.9344, 55.2544], [11.9349, 55.2563]]]}, {"type": "Polygon", "coordinates": [[[11.9507, 55.2746], [11.9512, 55.2741], [11.9504, 55.2741], [11.9507, 55.2746]]]}, {"type": "Polygon", "coordinates": [[[11.9509, 55.2785], [11.9531, 55.2781], [11.9509, 55.2782], [11.9509, 55.2785]]]}, {"type": "Polygon", "coordinates": [[[11.7296, 55.3113], [11.7362, 55.3066], [11.7354, 55.3011], [11.7296, 55.3113]]]}, {"type": "Polygon", "coordinates": [[[11.7253, 55.3097], [11.7239, 55.3104], [11.7256, 55.3107], [11.7253, 55.3097]]]}, {"type": "Polygon", "coordinates": [[[11.9342, 55.3096], [11.9369, 55.3117], [11.9366, 55.3091], [11.9342, 55.3096]]]}, {"type": "Polygon", "coordinates": [[[11.7211, 55.322], [11.724, 55.3209], [11.7239, 55.3156], [11.7216, 55.3166], [11.7211, 55.322]]]}, {"type": "Polygon", "coordinates": [[[11.6876, 55.3529], [11.69, 55.3499], [11.6803, 55.3452], [11.681, 55.3477], [11.6876, 55.3529]]]}, {"type": "Polygon", "coordinates": [[[11.6727, 55.3511], [11.6723, 55.3522], [11.6748, 55.3517], [11.6727, 55.3511]]]}, {"type": "Polygon", "coordinates": [[[11.7304, 55.4806], [11.7248, 55.4819], [11.725, 55.4848], [11.7319, 55.4848], [11.7337, 55.4839], [11.7304, 55.4806]]]}, {"type": "Polygon", "coordinates": [[[11.8301, 55.482], [11.8078, 55.4807], [11.7638, 55.4842], [11.7536, 55.4826], [11.7445, 55.4759], [11.7377, 55.483], [11.7658, 55.4905], [11.7677, 55.4876], [11.7751, 55.4891], [11.7862, 55.4861], [11.8046, 55.4877], [11.8301, 55.482]]]}, {"type": "Polygon", "coordinates": [[[11.6604, 55.4899], [11.6613, 55.4877], [11.6604, 55.4878], [11.6604, 55.4899]]]}, {"type": "Polygon", "coordinates": [[[11.7103, 55.4959], [11.7113, 55.4929], [11.6731, 55.5046], [11.6628, 55.5132], [11.6741, 55.5158], [11.6809, 55.5137], [11.6862, 55.5059], [11.7103, 55.4959]]]}, {"type": "Polygon", "coordinates": [[[11.8581, 55.513], [11.8417, 55.5175], [11.8523, 55.5264], [11.8614, 55.5256], [11.8581, 55.513]], [[11.8461, 55.5207], [11.847, 55.5183], [11.8561, 55.5162], [11.8563, 55.5231], [11.8461, 55.5207]]]}, {"type": "Polygon", "coordinates": [[[11.8705, 55.522], [11.8709, 55.5214], [11.867, 55.5211], [11.8705, 55.522]]]}, {"type": "Polygon", "coordinates": [[[11.8639, 55.5301], [11.8654, 55.5298], [11.8634, 55.5299], [11.8639, 55.5301]]]}, {"type": "Polygon", "coordinates": [[[11.8546, 55.5321], [11.8568, 55.5321], [11.8542, 55.5319], [11.8546, 55.5321]]]}, {"type": "Polygon", "coordinates": [[[11.8742, 55.5368], [11.8755, 55.5342], [11.8693, 55.531], [11.8711, 55.5344], [11.8742, 55.5368]]]}, {"type": "Polygon", "coordinates": [[[11.7231, 55.5346], [11.7217, 55.5344], [11.7222, 55.5351], [11.7231, 55.5346]]]}, {"type": "Polygon", "coordinates": [[[11.8602, 55.5926], [11.8569, 55.5941], [11.8573, 55.5945], [11.8602, 55.5926]]]}, {"type": "Polygon", "coordinates": [[[11.6933, 55.6321], [11.6877, 55.6301], [11.6828, 55.6308], [11.6891, 55.6325], [11.6933, 55.6321]]]}, {"type": "Polygon", "coordinates": [[[11.7035, 55.6343], [11.7001, 55.6336], [11.6981, 55.6335], [11.7014, 55.6347], [11.7035, 55.6343]]]}, {"type": "Polygon", "coordinates": [[[11.6678, 55.6354], [11.6683, 55.6341], [11.6673, 55.6347], [11.6678, 55.6354]]]}, {"type": "Polygon", "coordinates": [[[11.6546, 55.6413], [11.6624, 55.6398], [11.6606, 55.6392], [11.6519, 55.6403], [11.6546, 55.6413]]]}, {"type": "Polygon", "coordinates": [[[11.9043, 55.7656], [11.9022, 55.766], [11.9057, 55.7671], [11.9043, 55.7656]]]}, {"type": "Polygon", "coordinates": [[[11.8975, 55.7739], [11.9005, 55.7763], [11.9042, 55.7747], [11.8975, 55.7739]]]}, {"type": "Polygon", "coordinates": [[[11.8944, 55.8021], [11.898, 55.8012], [11.8999, 55.8004], [11.8944, 55.8021]]]}, {"type": "Polygon", "coordinates": [[[11.8821, 55.8039], [11.883, 55.8044], [11.8832, 55.8042], [11.8821, 55.8039]]]}, {"type": "Polygon", "coordinates": [[[11.8922, 55.8045], [11.8928, 55.8035], [11.8902, 55.8051], [11.8922, 55.8045]]]}, {"type": "Polygon", "coordinates": [[[11.6279, 55.9237], [11.6353, 55.9237], [11.634, 55.9232], [11.6279, 55.9237]]]}, {"type": "Polygon", "coordinates": [[[11.6367, 55.9331], [11.629, 55.9326], [11.6258, 55.936], [11.6367, 55.9331]]]}, {"type": "Polygon", "coordinates": [[[11.6777, 55.9354], [11.6745, 55.9357], [11.6758, 55.9394], [11.677, 55.938], [11.6777, 55.9354]]]}, {"type": "Polygon", "coordinates": [[[11.7423, 55.9627], [11.7434, 55.9662], [11.7482, 55.9637], [11.7461, 55.9615], [11.7423, 55.9627]]]}, {"type": "Polygon", "coordinates": [[[11.7495, 55.9698], [11.7688, 55.9744], [11.7545, 55.9685], [11.7495, 55.9698]]]}, {"type": "Polygon", "coordinates": [[[11.9888, 53.3558], [11.9935, 53.3595], [12.002, 53.3558], [11.9947, 53.3508], [11.9888, 53.3558]]]}, {"type": "Polygon", "coordinates": [[[11.9523, 53.3647], [11.9553, 53.3687], [11.9605, 53.3689], [11.9581, 53.3653], [11.9523, 53.3647]]]}, {"type": "Polygon", "coordinates": [[[12.0072, 53.3855], [12.0127, 53.3886], [12.0163, 53.3878], [12.0095, 53.3841], [12.0072, 53.3855]]]}, {"type": "Polygon", "coordinates": [[[12.0464, 53.4084], [12.0491, 53.4142], [12.0509, 53.4147], [12.0496, 53.4081], [12.0464, 53.4084]]]}, {"type": "Polygon", "coordinates": [[[12.1379, 53.4342], [12.1394, 53.4445], [12.1343, 53.4464], [12.1308, 53.4555], [12.1425, 53.4569], [12.1362, 53.4555], [12.1364, 53.4477], [12.141, 53.4454], [12.1419, 53.4377], [12.1379, 53.4342]]]}, {"type": "Polygon", "coordinates": [[[12.0539, 53.4999], [12.0553, 53.4897], [12.0493, 53.4917], [12.0497, 53.4993], [12.0539, 53.4999]]]}, {"type": "Polygon", "coordinates": [[[12.1654, 53.5033], [12.1674, 53.508], [12.1705, 53.5049], [12.1654, 53.5033]]]}, {"type": "Polygon", "coordinates": [[[12.0866, 53.5125], [12.077, 53.5053], [12.0763, 53.5011], [12.0715, 53.5004], [12.0738, 53.5059], [12.0866, 53.5125]]]}, {"type": "Polygon", "coordinates": [[[12.1697, 53.5098], [12.1723, 53.5114], [12.174, 53.5084], [12.1717, 53.5073], [12.1697, 53.5098]]]}, {"type": "Polygon", "coordinates": [[[12.1661, 53.5221], [12.1689, 53.5238], [12.1836, 53.5249], [12.1748, 53.5198], [12.1661, 53.5221]]]}, {"type": "Polygon", "coordinates": [[[12.1169, 53.5253], [12.1287, 53.5332], [12.1355, 53.5315], [12.1247, 53.5269], [12.1236, 53.5186], [12.119, 53.5171], [12.1169, 53.5253]]]}, {"type": "Polygon", "coordinates": [[[12.1854, 53.543], [12.1856, 53.5504], [12.1909, 53.5522], [12.1922, 53.5454], [12.1854, 53.543]]]}, {"type": "Polygon", "coordinates": [[[12.2291, 53.5652], [12.212, 53.5584], [12.193, 53.5586], [12.1924, 53.5657], [12.2038, 53.5744], [12.2155, 53.5671], [12.2259, 53.5677], [12.2291, 53.5652]]]}, {"type": "Polygon", "coordinates": [[[12.1841, 53.5714], [12.1754, 53.5697], [12.1549, 53.5714], [12.1514, 53.5772], [12.1603, 53.5803], [12.1763, 53.5817], [12.1872, 53.577], [12.1841, 53.5714]]]}, {"type": "Polygon", "coordinates": [[[12.0894, 53.5786], [12.0915, 53.5804], [12.1069, 53.58], [12.0914, 53.5766], [12.0894, 53.5786]]]}, {"type": "Polygon", "coordinates": [[[12.1763, 53.5857], [12.1754, 53.5825], [12.1714, 53.583], [12.1763, 53.5857]]]}, {"type": "Polygon", "coordinates": [[[12.0973, 53.5905], [12.1031, 53.5922], [12.1004, 53.5956], [12.1049, 53.6049], [12.1183, 53.6128], [12.1379, 53.6087], [12.1433, 53.6038], [12.1384, 53.586], [12.1316, 53.5786], [12.1253, 53.578], [12.1152, 53.5693], [12.1053, 53.5663], [12.0981, 53.5654], [12.0979, 53.5685], [12.0895, 53.5693], [12.0936, 53.5727], [12.098, 53.5688], [12.1045, 53.5713], [12.1095, 53.5696], [12.1199, 53.5755], [12.1089, 53.5891], [12.0973, 53.5905]]]}, {"type": "Polygon", "coordinates": [[[12.2104, 53.596], [12.2056, 53.5949], [12.2123, 53.5889], [12.2033, 53.5915], [12.2005, 53.597], [12.2127, 53.6006], [12.2082, 53.5974], [12.2104, 53.596]]]}, {"type": "Polygon", "coordinates": [[[12.2149, 53.5966], [12.2129, 53.597], [12.2143, 53.5979], [12.2149, 53.5966]]]}, {"type": "Polygon", "coordinates": [[[12.0462, 53.6094], [12.0594, 53.6095], [12.059, 53.6137], [12.0666, 53.6184], [12.0705, 53.6193], [12.0777, 53.6143], [12.0948, 53.6174], [12.0984, 53.6144], [12.0701, 53.604], [12.0769, 53.6087], [12.072, 53.6119], [12.0495, 53.6038], [12.0341, 53.606], [12.0297, 53.6103], [12.0221, 53.6065], [12.0183, 53.6096], [12.0229, 53.6131], [12.0422, 53.6132], [12.0462, 53.6094]]]}, {"type": "Polygon", "coordinates": [[[12.111, 53.6244], [12.1038, 53.626], [12.1058, 53.6285], [12.1017, 53.6327], [12.1057, 53.6292], [12.1116, 53.6313], [12.1095, 53.6269], [12.1136, 53.6233], [12.1107, 53.6218], [12.1148, 53.6196], [12.1102, 53.6219], [12.111, 53.6244]]]}, {"type": "Polygon", "coordinates": [[[12.0483, 53.6218], [12.0401, 53.6202], [12.0299, 53.6245], [12.0351, 53.6275], [12.0304, 53.628], [12.0296, 53.6335], [12.0464, 53.6376], [12.0521, 53.6439], [12.0605, 53.6425], [12.0452, 53.6336], [12.0389, 53.6344], [12.0437, 53.632], [12.0375, 53.6286], [12.0496, 53.6244], [12.0483, 53.6218]]]}, {"type": "Polygon", "coordinates": [[[11.9591, 53.6338], [11.9599, 53.6335], [11.9585, 53.6316], [11.9591, 53.6338]]]}, {"type": "Polygon", "coordinates": [[[12.1168, 53.6339], [12.1227, 53.6349], [12.1207, 53.6325], [12.1168, 53.6339]]]}, {"type": "Polygon", "coordinates": [[[11.986, 53.6336], [11.9888, 53.6355], [11.9906, 53.6352], [11.9898, 53.6335], [11.986, 53.6336]]]}, {"type": "Polygon", "coordinates": [[[12.1299, 53.6428], [12.1312, 53.6425], [12.1287, 53.6413], [12.1299, 53.6428]]]}, {"type": "Polygon", "coordinates": [[[12.1046, 53.6443], [12.1052, 53.6424], [12.0982, 53.6403], [12.0976, 53.6447], [12.1046, 53.6443]]]}, {"type": "Polygon", "coordinates": [[[12.0043, 53.642], [12.0002, 53.6475], [12.0089, 53.6494], [12.0143, 53.6473], [12.0103, 53.6449], [12.0138, 53.6423], [12.0043, 53.642]]]}, {"type": "Polygon", "coordinates": [[[11.9922, 53.645], [11.9938, 53.6476], [11.998, 53.6478], [11.9979, 53.6465], [11.9922, 53.645]]]}, {"type": "Polygon", "coordinates": [[[11.99, 53.6505], [11.9913, 53.6488], [11.9894, 53.65], [11.99, 53.6505]]]}, {"type": "Polygon", "coordinates": [[[12.1074, 53.6501], [12.1082, 53.6492], [12.1008, 53.6514], [12.1074, 53.6501]]]}, {"type": "Polygon", "coordinates": [[[12.1392, 53.6521], [12.1367, 53.6512], [12.1367, 53.6546], [12.1392, 53.6521]]]}, {"type": "Polygon", "coordinates": [[[12.0601, 53.6538], [12.0631, 53.6525], [12.0594, 53.6531], [12.0601, 53.6538]]]}, {"type": "Polygon", "coordinates": [[[12.0545, 53.6554], [12.0577, 53.6549], [12.0539, 53.655], [12.0545, 53.6554]]]}, {"type": "Polygon", "coordinates": [[[12.0244, 53.6565], [12.0253, 53.6581], [12.0267, 53.6561], [12.0244, 53.6565]]]}, {"type": "Polygon", "coordinates": [[[12.1879, 53.658], [12.1854, 53.6586], [12.1859, 53.6593], [12.1879, 53.658]]]}, {"type": "Polygon", "coordinates": [[[11.9606, 53.6598], [11.9555, 53.6542], [11.956, 53.6579], [11.9526, 53.6587], [11.9503, 53.6619], [11.9509, 53.6635], [11.9518, 53.661], [11.9606, 53.6598]]]}, {"type": "Polygon", "coordinates": [[[12.0155, 53.6584], [12.0153, 53.6596], [12.0162, 53.659], [12.0155, 53.6584]]]}, {"type": "Polygon", "coordinates": [[[12.1506, 53.6605], [12.1521, 53.6602], [12.1512, 53.6595], [12.1506, 53.6605]]]}, {"type": "Polygon", "coordinates": [[[12.0445, 53.661], [12.0478, 53.6614], [12.0463, 53.6598], [12.0445, 53.661]]]}, {"type": "Polygon", "coordinates": [[[12.1067, 53.6628], [12.1098, 53.6625], [12.1094, 53.6611], [12.1067, 53.6628]]]}, {"type": "Polygon", "coordinates": [[[12.0829, 53.663], [12.0845, 53.6608], [12.078, 53.6608], [12.0785, 53.6634], [12.0829, 53.663]]]}, {"type": "Polygon", "coordinates": [[[11.987, 53.6634], [11.9882, 53.664], [11.9883, 53.6636], [11.987, 53.6634]]]}, {"type": "Polygon", "coordinates": [[[11.9832, 53.6645], [11.9836, 53.6639], [11.983, 53.6643], [11.9832, 53.6645]]]}, {"type": "Polygon", "coordinates": [[[12.1514, 53.6655], [12.1519, 53.6644], [12.1501, 53.6648], [12.1514, 53.6655]]]}, {"type": "Polygon", "coordinates": [[[11.9589, 53.6673], [11.9603, 53.6667], [11.9585, 53.6652], [11.9589, 53.6673]]]}, {"type": "Polygon", "coordinates": [[[12.1558, 53.6665], [12.1538, 53.6665], [12.1539, 53.667], [12.1558, 53.6665]]]}, {"type": "Polygon", "coordinates": [[[12.0444, 53.6672], [12.0453, 53.6666], [12.0442, 53.6667], [12.0444, 53.6672]]]}, {"type": "Polygon", "coordinates": [[[12.0305, 53.6754], [12.0443, 53.677], [12.0387, 53.6686], [12.042, 53.6674], [12.042, 53.6637], [12.018, 53.6585], [12.0252, 53.6602], [12.0223, 53.6612], [12.0255, 53.6638], [12.0223, 53.6639], [12.0268, 53.6672], [12.0166, 53.6634], [12.0069, 53.6649], [12.0211, 53.6696], [12.0207, 53.6721], [12.0297, 53.6718], [12.0273, 53.6734], [12.0305, 53.6754]], [[12.0285, 53.6712], [12.0312, 53.667], [12.0392, 53.6709], [12.0285, 53.6712]]]}, {"type": "Polygon", "coordinates": [[[12.1762, 53.6673], [12.1819, 53.6733], [12.1851, 53.6722], [12.1805, 53.6676], [12.1762, 53.6673]]]}, {"type": "Polygon", "coordinates": [[[12.0547, 53.6718], [12.0533, 53.6717], [12.0536, 53.673], [12.0547, 53.6718]]]}, {"type": "Polygon", "coordinates": [[[12.1109, 53.6822], [12.116, 53.6776], [12.1076, 53.6717], [12.1109, 53.6822]]]}, {"type": "Polygon", "coordinates": [[[11.9948, 53.6793], [12.0022, 53.6839], [12.004, 53.6808], [11.9995, 53.6763], [11.9815, 53.6765], [11.9811, 53.6802], [11.9861, 53.682], [11.9958, 53.6829], [11.9948, 53.6793]], [[11.9858, 53.6792], [11.99, 53.6787], [11.9906, 53.6798], [11.9858, 53.6792]]]}, {"type": "Polygon", "coordinates": [[[12.1195, 53.6827], [12.1236, 53.6864], [12.1307, 53.6863], [12.1301, 53.6817], [12.1335, 53.6799], [12.1299, 53.6763], [12.1195, 53.6827]]]}, {"type": "Polygon", "coordinates": [[[12.0564, 53.6842], [12.0586, 53.6883], [12.0524, 53.6886], [12.0613, 53.6919], [12.0707, 53.6759], [12.064, 53.6802], [12.0511, 53.6788], [12.0528, 53.6808], [12.0476, 53.6805], [12.0487, 53.6859], [12.0564, 53.6842]]]}, {"type": "Polygon", "coordinates": [[[11.9622, 53.6878], [11.9647, 53.6806], [11.9469, 53.6825], [11.9477, 53.6853], [11.9622, 53.6878]]]}, {"type": "Polygon", "coordinates": [[[11.9801, 53.6947], [11.9851, 53.6905], [11.9855, 53.686], [11.9792, 53.69], [11.9801, 53.6947]]]}, {"type": "Polygon", "coordinates": [[[12.0851, 53.6915], [12.0936, 53.6964], [12.0992, 53.693], [12.098, 53.6864], [12.0851, 53.6915]]]}, {"type": "Polygon", "coordinates": [[[12.0536, 53.692], [12.0553, 53.6928], [12.0547, 53.6915], [12.0536, 53.692]]]}, {"type": "Polygon", "coordinates": [[[12.0344, 53.7004], [12.044, 53.6999], [12.044, 53.699], [12.041, 53.6974], [12.0344, 53.7004]]]}, {"type": "Polygon", "coordinates": [[[11.9773, 53.7044], [11.9797, 53.6957], [11.9753, 53.6959], [11.9762, 53.7064], [11.9794, 53.7077], [11.9773, 53.7044]]]}, {"type": "Polygon", "coordinates": [[[12.0722, 53.7064], [12.069, 53.7083], [12.0699, 53.709], [12.0722, 53.7064]]]}, {"type": "Polygon", "coordinates": [[[11.9902, 53.7077], [11.9866, 53.7089], [11.9905, 53.7092], [11.9902, 53.7077]]]}, {"type": "Polygon", "coordinates": [[[12.0033, 53.7104], [12.0063, 53.7099], [12.0064, 53.7096], [12.0033, 53.7104]]]}, {"type": "Polygon", "coordinates": [[[11.9795, 53.7105], [11.9841, 53.7128], [11.9853, 53.7116], [11.9819, 53.7093], [11.9795, 53.7105]]]}, {"type": "Polygon", "coordinates": [[[12.135, 53.7146], [12.1372, 53.7155], [12.1398, 53.7111], [12.1335, 53.7096], [12.135, 53.7146]]]}, {"type": "Polygon", "coordinates": [[[11.975, 53.7136], [11.9737, 53.7142], [11.9737, 53.7145], [11.975, 53.7136]]]}, {"type": "Polygon", "coordinates": [[[11.9589, 53.7138], [11.9613, 53.7178], [11.9656, 53.7121], [11.9636, 53.7114], [11.9589, 53.7138]]]}, {"type": "Polygon", "coordinates": [[[11.989, 53.7158], [11.9861, 53.7162], [11.9891, 53.7173], [11.989, 53.7158]]]}, {"type": "Polygon", "coordinates": [[[12.0149, 53.7167], [12.0182, 53.7213], [12.0233, 53.7207], [12.0193, 53.7174], [12.0224, 53.7121], [12.0132, 53.716], [12.0073, 53.7141], [12.004, 53.7191], [12.0115, 53.7215], [12.0149, 53.7167]]]}, {"type": "Polygon", "coordinates": [[[12.0515, 53.7122], [12.0415, 53.7125], [12.04, 53.7077], [12.0366, 53.7091], [12.0549, 53.727], [12.0611, 53.7244], [12.0581, 53.7216], [12.0586, 53.7162], [12.0515, 53.7122]]]}, {"type": "Polygon", "coordinates": [[[11.9535, 53.7218], [11.9567, 53.7196], [11.9527, 53.7198], [11.9493, 53.7189], [11.9535, 53.7218]]]}, {"type": "Polygon", "coordinates": [[[12.038, 53.7499], [12.0404, 53.7482], [12.0368, 53.7479], [12.038, 53.7499]]]}, {"type": "Polygon", "coordinates": [[[12.043, 53.753], [12.0459, 53.7516], [12.0427, 53.7518], [12.043, 53.753]]]}, {"type": "Polygon", "coordinates": [[[11.9816, 53.7548], [11.981, 53.759], [11.9846, 53.7609], [11.9862, 53.754], [11.9816, 53.7548]]]}, {"type": "Polygon", "coordinates": [[[12.0486, 53.7618], [12.0658, 53.7652], [12.0556, 53.7608], [12.0707, 53.76], [12.0545, 53.7587], [12.0509, 53.7533], [12.0485, 53.7575], [12.0532, 53.7603], [12.0462, 53.7581], [12.0486, 53.7618]]]}, {"type": "Polygon", "coordinates": [[[12.1727, 53.7578], [12.1796, 53.7551], [12.1563, 53.751], [12.1489, 53.7542], [12.1374, 53.7538], [12.1597, 53.7647], [12.196, 53.7682], [12.1998, 53.7777], [12.2106, 53.7803], [12.207, 53.7694], [12.2109, 53.7673], [12.2057, 53.7634], [12.1889, 53.7577], [12.1727, 53.7578]], [[12.1643, 53.7641], [12.1526, 53.7595], [12.1667, 53.7564], [12.176, 53.7599], [12.1643, 53.7641]]]}, {"type": "Polygon", "coordinates": [[[12.1399, 53.774], [12.1524, 53.7848], [12.1584, 53.7824], [12.1593, 53.7797], [12.1529, 53.7743], [12.1442, 53.7694], [12.1345, 53.7692], [12.1338, 53.7648], [12.1283, 53.7632], [12.1316, 53.7719], [12.1399, 53.774]]]}, {"type": "Polygon", "coordinates": [[[12.1141, 53.7921], [12.1076, 53.7893], [12.1109, 53.7836], [12.1065, 53.7809], [12.1003, 53.7826], [12.1047, 53.7906], [12.0997, 53.793], [12.1174, 53.8085], [12.1267, 53.8094], [12.1141, 53.7921]]]}, {"type": "Polygon", "coordinates": [[[11.957, 53.8053], [11.9807, 53.8102], [11.9813, 53.815], [11.9858, 53.8131], [11.9819, 53.8061], [11.9717, 53.8028], [11.957, 53.8053]]]}, {"type": "Polygon", "coordinates": [[[12.032, 53.8089], [12.0293, 53.809], [12.0315, 53.8108], [12.032, 53.8089]]]}, {"type": "Polygon", "coordinates": [[[12.0698, 53.8158], [12.0761, 53.8151], [12.0704, 53.813], [12.0648, 53.8152], [12.0698, 53.8158]]]}, {"type": "Polygon", "coordinates": [[[11.9558, 53.8357], [11.957, 53.8373], [11.9582, 53.8364], [11.9558, 53.8357]]]}, {"type": "Polygon", "coordinates": [[[11.9614, 53.8344], [11.9684, 53.8385], [11.9733, 53.8392], [11.9652, 53.8348], [11.9614, 53.8344]]]}, {"type": "Polygon", "coordinates": [[[11.9743, 53.8476], [11.9687, 53.8484], [11.971, 53.8527], [11.9804, 53.8562], [11.9758, 53.8616], [11.9865, 53.8624], [11.9913, 53.8603], [11.9876, 53.8532], [11.9744, 53.8523], [11.9743, 53.8476]]]}, {"type": "Polygon", "coordinates": [[[12.0115, 53.8562], [12.0086, 53.8575], [12.0093, 53.8584], [12.0115, 53.8562]]]}, {"type": "Polygon", "coordinates": [[[12.0172, 53.8626], [12.0167, 53.8618], [12.0159, 53.8622], [12.0172, 53.8626]]]}, {"type": "Polygon", "coordinates": [[[12.2103, 53.906], [12.2134, 53.9092], [12.2178, 53.9078], [12.2155, 53.9053], [12.2103, 53.906]]]}, {"type": "Polygon", "coordinates": [[[12.1974, 53.908], [12.2108, 53.9288], [12.2163, 53.9297], [12.2186, 53.9246], [12.2262, 53.9286], [12.2219, 53.9235], [12.2246, 53.9179], [12.2197, 53.9125], [12.2133, 53.9106], [12.2063, 53.9172], [12.2074, 53.9146], [12.2004, 53.9064], [12.1974, 53.908]]]}, {"type": "Polygon", "coordinates": [[[12.1966, 53.9174], [12.2, 53.9232], [12.2025, 53.9236], [12.1966, 53.9174]]]}, {"type": "Polygon", "coordinates": [[[12.0037, 54.7211], [12.0104, 54.722], [12.01, 54.7208], [12.0028, 54.719], [12.0037, 54.7211]]]}, {"type": "Polygon", "coordinates": [[[11.9652, 54.8366], [11.9683, 54.8369], [11.9663, 54.8326], [11.9634, 54.8336], [11.9652, 54.8366]]]}, {"type": "Polygon", "coordinates": [[[11.9724, 54.8409], [11.9725, 54.8421], [11.9767, 54.8416], [11.9724, 54.8409]]]}, {"type": "Polygon", "coordinates": [[[11.9765, 54.8461], [11.9797, 54.848], [11.9839, 54.8452], [11.9805, 54.8426], [11.9765, 54.8461]]]}, {"type": "Polygon", "coordinates": [[[12.055, 54.8822], [12.0558, 54.8824], [12.0559, 54.882], [12.055, 54.8822]]]}, {"type": "Polygon", "coordinates": [[[12.0244, 54.8827], [12.0233, 54.8826], [12.0251, 54.8851], [12.0244, 54.8827]]]}, {"type": "Polygon", "coordinates": [[[12.0191, 54.8861], [12.0186, 54.8869], [12.0224, 54.8862], [12.0191, 54.8861]]]}, {"type": "Polygon", "coordinates": [[[12.006, 54.8875], [12.0036, 54.8864], [11.9984, 54.8875], [11.9994, 54.8885], [12.006, 54.8875]]]}, {"type": "Polygon", "coordinates": [[[11.9663, 54.8921], [11.9722, 54.8922], [11.9811, 54.8888], [11.967, 54.8881], [11.9663, 54.8921]]]}, {"type": "Polygon", "coordinates": [[[12.2091, 54.9412], [12.2103, 54.9401], [12.2085, 54.9403], [12.2091, 54.9412]]]}, {"type": "Polygon", "coordinates": [[[12.1637, 54.9471], [12.181, 54.9429], [12.1815, 54.9381], [12.173, 54.94], [12.1644, 54.9467], [12.1597, 54.9457], [12.1637, 54.9471]]]}, {"type": "Polygon", "coordinates": [[[12.0302, 54.9769], [12.0279, 54.9742], [12.0218, 54.9778], [12.0219, 54.9799], [12.0254, 54.9817], [12.0264, 54.976], [12.0283, 54.9772], [12.0302, 54.9769]]]}, {"type": "Polygon", "coordinates": [[[12.0648, 54.9947], [12.0671, 54.9923], [12.0641, 54.9876], [12.0586, 54.9926], [12.0587, 54.9933], [12.0604, 54.9941], [12.0648, 54.9947]], [[12.0663, 54.9919], [12.0651, 54.9912], [12.0664, 54.9913], [12.0663, 54.9919]], [[12.063, 54.9926], [12.0629, 54.9917], [12.0637, 54.992], [12.063, 54.9926]], [[12.0645, 54.9938], [12.0623, 54.9933], [12.065, 54.9934], [12.0645, 54.9938]], [[12.0604, 54.9933], [12.059, 54.9925], [12.0607, 54.9926], [12.0604, 54.9933]]]}, {"type": "Polygon", "coordinates": [[[11.9943, 55.0036], [11.9902, 55.0078], [11.9987, 55.0124], [11.9943, 55.0036]]]}, {"type": "Polygon", "coordinates": [[[12.0095, 55.0707], [12.0117, 55.0694], [12.0092, 55.0691], [12.0095, 55.0707]]]}, {"type": "Polygon", "coordinates": [[[12.0042, 55.0706], [12.0009, 55.0712], [12.0054, 55.0713], [12.0042, 55.0706]]]}, {"type": "Polygon", "coordinates": [[[11.9981, 55.0712], [11.9934, 55.071], [11.9938, 55.0715], [11.9981, 55.0712]]]}, {"type": "Polygon", "coordinates": [[[11.9763, 55.0703], [11.9755, 55.0714], [11.9766, 55.0723], [11.9809, 55.0716], [11.9763, 55.0703]]]}, {"type": "Polygon", "coordinates": [[[12.0742, 55.0896], [12.0779, 55.0912], [12.0723, 55.0887], [12.0742, 55.0896]]]}, {"type": "Polygon", "coordinates": [[[12.0209, 55.1094], [12.0225, 55.1107], [12.0297, 55.1119], [12.0337, 55.1104], [12.0225, 55.1085], [12.0209, 55.1094]], [[12.0237, 55.1102], [12.0215, 55.1095], [12.0236, 55.109], [12.0237, 55.1102]], [[12.0296, 55.1104], [12.0287, 55.111], [12.0283, 55.1105], [12.0296, 55.1104]]]}, {"type": "Polygon", "coordinates": [[[12.1696, 55.1108], [12.1719, 55.1116], [12.1696, 55.1104], [12.1696, 55.1108]]]}, {"type": "Polygon", "coordinates": [[[12.1328, 55.1292], [12.1313, 55.1296], [12.132, 55.1296], [12.1328, 55.1292]]]}, {"type": "Polygon", "coordinates": [[[11.9576, 55.2191], [11.957, 55.2188], [11.9561, 55.2201], [11.9576, 55.2191]]]}, {"type": "Polygon", "coordinates": [[[11.9595, 55.2245], [11.961, 55.2247], [11.9596, 55.2242], [11.9595, 55.2245]]]}, {"type": "Polygon", "coordinates": [[[11.954, 55.2286], [11.9555, 55.2278], [11.9539, 55.228], [11.954, 55.2286]]]}, {"type": "Polygon", "coordinates": [[[11.9597, 55.2511], [11.957, 55.2488], [11.9547, 55.2494], [11.9546, 55.251], [11.9597, 55.2511]]]}, {"type": "Polygon", "coordinates": [[[11.9588, 55.2632], [11.9569, 55.2632], [11.9571, 55.2638], [11.9588, 55.2632]]]}, {"type": "Polygon", "coordinates": [[[11.954, 55.2853], [11.954, 55.285], [11.9517, 55.2847], [11.954, 55.2853]]]}, {"type": "Polygon", "coordinates": [[[11.9723, 55.2865], [11.9675, 55.2857], [11.9678, 55.2879], [11.9723, 55.2865]]]}, {"type": "Polygon", "coordinates": [[[12.0045, 55.2889], [12.0134, 55.2881], [12.0043, 55.2887], [12.0045, 55.2889]]]}, {"type": "Polygon", "coordinates": [[[11.9763, 55.2891], [11.9784, 55.2906], [11.9794, 55.2902], [11.9763, 55.2891]]]}, {"type": "Polygon", "coordinates": [[[12.0193, 55.2988], [12.0192, 55.2952], [12.0057, 55.2947], [12.0067, 55.2981], [12.0193, 55.2988]]]}, {"type": "Polygon", "coordinates": [[[11.9958, 55.2991], [11.9987, 55.295], [11.98, 55.2956], [11.9803, 55.3], [11.9958, 55.2991]]]}, {"type": "Polygon", "coordinates": [[[12.0169, 55.3112], [12.0185, 55.3099], [12.0162, 55.3104], [12.0169, 55.3112]]]}, {"type": "Polygon", "coordinates": [[[12.0132, 55.3194], [12.0185, 55.3205], [12.0204, 55.3174], [12.0132, 55.3194]]]}, {"type": "Polygon", "coordinates": [[[12.0119, 55.3231], [12.0143, 55.3224], [12.0116, 55.3209], [12.0119, 55.3231]]]}, {"type": "Polygon", "coordinates": [[[12.1609, 55.3764], [12.1614, 55.3757], [12.1579, 55.3754], [12.1609, 55.3764]]]}, {"type": "Polygon", "coordinates": [[[12.2213, 55.3968], [12.2186, 55.3975], [12.2196, 55.3979], [12.2227, 55.3983], [12.2213, 55.3968]]]}, {"type": "Polygon", "coordinates": [[[12.0064, 55.4863], [12.0116, 55.4866], [12.0135, 55.4847], [12.0064, 55.4863]]]}, {"type": "Polygon", "coordinates": [[[11.9853, 55.4923], [11.9931, 55.4864], [11.9935, 55.4838], [11.9849, 55.4861], [11.9853, 55.4923]]]}, {"type": "Polygon", "coordinates": [[[11.9746, 55.4973], [11.974, 55.4941], [11.9662, 55.4975], [11.9746, 55.4973]]]}, {"type": "Polygon", "coordinates": [[[12.1468, 55.5734], [12.1417, 55.5729], [12.1437, 55.5753], [12.1468, 55.5734]]]}, {"type": "Polygon", "coordinates": [[[12.0852, 55.5756], [12.0855, 55.5739], [12.0641, 55.578], [12.0852, 55.5756]]]}, {"type": "Polygon", "coordinates": [[[11.986, 55.6317], [11.984, 55.6284], [11.9801, 55.6271], [11.9811, 55.63], [11.986, 55.6317]]]}, {"type": "Polygon", "coordinates": [[[11.9888, 55.6429], [11.9866, 55.6405], [11.9854, 55.6374], [11.9829, 55.641], [11.9888, 55.6429]]]}, {"type": "Polygon", "coordinates": [[[12.0028, 55.6387], [11.9968, 55.6398], [11.9962, 55.6447], [12.0042, 55.6456], [12.0028, 55.6387]]]}, {"type": "Polygon", "coordinates": [[[12.0165, 55.6633], [12.0156, 55.6567], [12.0259, 55.6553], [12.0279, 55.6525], [12.0123, 55.6534], [12.0087, 55.6574], [12.0115, 55.6652], [12.0165, 55.6633]]]}, {"type": "Polygon", "coordinates": [[[12.0014, 55.6796], [12.0002, 55.6813], [12.0015, 55.6813], [12.0014, 55.6796]]]}, {"type": "Polygon", "coordinates": [[[12.1517, 55.7282], [12.1706, 55.7257], [12.1865, 55.7295], [12.1974, 55.7283], [12.1743, 55.7225], [12.1444, 55.7273], [12.1467, 55.7316], [12.1517, 55.7282]]]}, {"type": "Polygon", "coordinates": [[[12.131, 55.7369], [12.1277, 55.7358], [12.1273, 55.7351], [12.1276, 55.7364], [12.131, 55.7369]]]}, {"type": "Polygon", "coordinates": [[[12.0022, 55.7486], [12.0049, 55.7469], [12.0, 55.7399], [11.9888, 55.7413], [11.9901, 55.7486], [12.004, 55.7574], [12.0022, 55.7486]]]}, {"type": "Polygon", "coordinates": [[[12.2143, 55.7657], [12.2228, 55.7648], [12.2183, 55.7645], [12.2143, 55.7657]]]}, {"type": "Polygon", "coordinates": [[[12.1809, 55.7924], [12.1793, 55.7947], [12.1809, 55.7946], [12.1833, 55.7918], [12.1809, 55.7924]]]}, {"type": "Polygon", "coordinates": [[[12.1692, 55.8], [12.1747, 55.7996], [12.178, 55.7966], [12.1692, 55.7962], [12.1692, 55.8]]]}, {"type": "Polygon", "coordinates": [[[12.1211, 55.7913], [12.128, 55.7958], [12.125, 55.7979], [12.1262, 55.8023], [12.1368, 55.8092], [12.1326, 55.8024], [12.1372, 55.796], [12.1353, 55.7879], [12.1252, 55.7882], [12.1211, 55.7913]]]}, {"type": "Polygon", "coordinates": [[[12.1271, 55.8177], [12.1368, 55.8198], [12.1378, 55.824], [12.1468, 55.8236], [12.1491, 55.8207], [12.1414, 55.8195], [12.134, 55.8105], [12.1269, 55.8141], [12.1271, 55.8177]]]}, {"type": "Polygon", "coordinates": [[[12.1782, 55.8277], [12.1836, 55.8209], [12.174, 55.8235], [12.1686, 55.8287], [12.1782, 55.8277]]]}, {"type": "Polygon", "coordinates": [[[12.2111, 55.8299], [12.2274, 55.8247], [12.2339, 55.8195], [12.2029, 55.8253], [12.207, 55.8302], [12.2111, 55.8299]]]}, {"type": "Polygon", "coordinates": [[[12.1801, 55.8293], [12.1786, 55.8289], [12.1768, 55.8296], [12.1801, 55.8293]]]}, {"type": "Polygon", "coordinates": [[[12.2199, 55.8655], [12.2187, 55.8628], [12.218, 55.8641], [12.2199, 55.8655]]]}, {"type": "Polygon", "coordinates": [[[12.2096, 55.9411], [12.212, 55.9419], [12.2182, 55.9369], [12.2106, 55.9365], [12.2096, 55.9411]]]}, {"type": "Polygon", "coordinates": [[[12.0544, 55.9473], [12.0879, 55.978], [12.1024, 55.9854], [12.0716, 55.9895], [12.0591, 55.9845], [12.0649, 55.9783], [12.0611, 55.9728], [12.0514, 55.9705], [12.0361, 55.9763], [12.0358, 55.9853], [12.0395, 55.9919], [12.0642, 55.9986], [12.0697, 56.0163], [12.0784, 56.0196], [12.0822, 56.0155], [12.0967, 56.0129], [12.1074, 56.0006], [12.1371, 55.9982], [12.1482, 55.9935], [12.1539, 55.9838], [12.1502, 55.9767], [12.1639, 55.9806], [12.1845, 55.9692], [12.1807, 55.9615], [12.1702, 55.9543], [12.164, 55.9611], [12.1487, 55.9617], [12.1445, 55.9534], [12.12, 55.943], [12.0956, 55.9425], [12.092, 55.9355], [12.0857, 55.9343], [12.0648, 55.9438], [12.0543, 55.9444], [12.0544, 55.9473]]]}, {"type": "Polygon", "coordinates": [[[12.1846, 56.0218], [12.1821, 56.0223], [12.1826, 56.0229], [12.1846, 56.0218]]]}, {"type": "Polygon", "coordinates": [[[11.7799, 52.98], [11.7832, 52.9742], [11.7794, 52.9668], [11.7863, 52.9624], [11.8285, 52.9594], [11.8484, 52.9523], [11.8586, 52.9387], [11.8494, 52.9292], [11.8339, 52.9245], [11.8424, 52.9283], [11.8262, 52.926], [11.8271, 52.9156], [11.8339, 52.9116], [11.8855, 52.9082], [11.886, 52.9007], [11.8934, 52.8959], [11.9445, 52.8909], [11.958, 52.8875], [11.9531, 52.888], [11.9622, 52.8814], [11.9807, 52.8765], [11.9937, 52.8818], [12.0057, 52.8812], [12.0038, 52.8799], [12.0085, 52.8787], [12.017, 52.8853], [12.0317, 52.8842], [12.0392, 52.8877], [12.0475, 52.886], [12.0496, 52.8839], [12.0484, 52.8607], [12.0626, 52.8338], [12.0724, 52.8274], [12.0943, 52.8253], [12.0981, 52.8232], [12.0946, 52.8243], [12.0961, 52.8217], [12.1022, 52.8204], [12.096, 52.82], [12.0923, 52.8248], [12.0717, 52.8227], [12.0705, 52.8275], [12.0601, 52.8336], [12.0467, 52.861], [12.0452, 52.8858], [12.0383, 52.8867], [12.0321, 52.8831], [12.0179, 52.8846], [12.0136, 52.8818], [12.0177, 52.8748], [12.0255, 52.8719], [12.0245, 52.8574], [12.031, 52.8506], [12.0414, 52.8468], [12.0448, 52.8353], [12.0431, 52.8282], [12.0296, 52.823], [12.0242, 52.8167], [12.0271, 52.8046], [12.0391, 52.7999], [12.0417, 52.7954], [12.0413, 52.7905], [12.0337, 52.7866], [12.036, 52.7819], [12.0332, 52.7777], [12.0433, 52.7548], [12.0426, 52.7345], [12.0407, 52.7283], [12.0293, 52.7151], [12.0117, 52.6644], [12.0193, 52.6246], [12.0062, 52.611], [12.0048, 52.5984], [11.9916, 52.5776], [11.9928, 52.5586], [11.9954, 52.5556], [11.9947, 52.545], [11.9636, 52.5228], [11.959, 52.5157], [11.9636, 52.5108], [11.9864, 52.5086], [12.0037, 52.503], [12.0098, 52.4949], [12.025, 52.4923], [12.0337, 52.4869], [12.0304, 52.4776], [12.0245, 52.4747], [12.0121, 52.4774], [11.9954, 52.4909], [11.9865, 52.4842], [11.9879, 52.4757], [12.004, 52.4626], [11.9948, 52.4474], [11.9945, 52.4243], [11.9882, 52.4193], [11.9894, 52.4145], [11.9953, 52.4114], [11.9953, 52.4102], [11.9836, 52.404], [11.9917, 52.3964], [11.9917, 52.3928], [11.9913, 52.3922], [11.9834, 52.3906], [11.9806, 52.387], [11.9714, 52.3816], [11.9686, 52.3768], [11.9149, 52.3711], [11.902, 52.353], [11.8486, 52.3294], [11.8246, 52.3288], [11.8199, 52.332], [11.8209, 52.3415], [11.8179, 52.3462], [11.7993, 52.3533], [11.7914, 52.3511], [11.793, 52.3433], [11.8076, 52.3375], [11.8079, 52.3339], [11.7682, 52.31], [11.7668, 52.2963], [11.7577, 52.2801], [11.7332, 52.255], [11.724, 52.2489], [11.7067, 52.245], [11.7021, 52.2406], [11.7028, 52.2299], [11.7098, 52.2148], [11.7354, 52.2047], [11.7369, 52.2017], [11.7265, 52.1954], [11.6976, 52.1939], [11.6996, 52.1861], [11.7127, 52.1843], [11.7216, 52.1796], [11.7218, 52.1754], [11.7163, 52.1704], [11.701, 52.1708], [11.6815, 52.1851], [11.672, 52.182], [11.6724, 52.1756], [11.6818, 52.1642], [11.6619, 52.1352], [11.6525, 52.1262], [11.6598, 52.1079], [11.6766, 52.0973], [11.6808, 52.0856], [11.6858, 52.0861], [11.6916, 52.0922], [11.6975, 52.0931], [11.7005, 52.0905], [11.7023, 52.0822], [11.7206, 52.0829], [11.726, 52.0807], [11.7266, 52.0739], [11.7339, 52.0655], [11.7328, 52.0594], [11.7285, 52.0548], [11.7279, 52.0499], [11.7313, 52.047], [11.7377, 52.0483], [11.7323, 52.0512], [11.732, 52.0541], [11.7354, 52.0556], [11.7455, 52.0534], [11.7484, 52.0621], [11.7523, 52.0639], [11.7553, 52.064], [11.7568, 52.0628], [11.7547, 52.0535], [11.758, 52.0513], [11.762, 52.0522], [11.7605, 52.0576], [11.762, 52.0587], [11.7659, 52.0578], [11.7712, 52.0533], [11.774, 52.0534], [11.78, 52.061], [11.7833, 52.0622], [11.7967, 52.0552], [11.8006, 52.0406], [11.8078, 52.0402], [11.8128, 52.0434], [11.8266, 52.0422], [11.8309, 52.0448], [11.8349, 52.0453], [11.839, 52.0419], [11.8375, 52.0375], [11.8487, 52.0344], [11.8507, 52.0291], [11.8781, 52.0252], [11.8921, 52.0084], [11.8927, 52.002], [11.8862, 51.9911], [11.8853, 51.9806], [11.8934, 51.9684], [11.9313, 51.9488], [11.9476, 51.9341], [11.9655, 51.9269], [11.973, 51.9115], [12.0141, 51.8891], [12.0213, 51.8798], [12.0197, 51.868], [12.0254, 51.8638], [12.0548, 51.8597], [12.1073, 51.8724], [12.2001, 51.8792], [12.2092, 51.8764], [12.2102, 51.8619], [12.2211, 51.8584], [12.2303, 51.8639], [12.2266, 51.8757], [12.2308, 51.8811], [12.2511, 51.881], [12.2777, 51.8749], [12.3051, 51.8852], [12.3326, 51.8793], [12.3577, 51.8798], [12.361, 51.8756], [12.3587, 51.8722], [12.3482, 51.8707], [12.3329, 51.8724], [12.3307, 51.8689], [12.349, 51.8622], [12.3595, 51.85], [12.3653, 51.8482], [12.3783, 51.8496], [12.3814, 51.8604], [12.3853, 51.863], [12.4049, 51.8656], [12.4131, 51.8734], [12.4445, 51.8826], [12.4534, 51.8793], [12.4492, 51.8659], [12.46, 51.8592], [12.4776, 51.8586], [12.4813, 51.8744], [12.4941, 51.8814], [12.5058, 51.8763], [12.5028, 51.8647], [12.5063, 51.8602], [12.5123, 51.8604], [12.5191, 51.8692], [12.5252, 51.871], [12.5359, 51.8694], [12.5488, 51.862], [12.5648, 51.8681], [12.5785, 51.8681], [12.5915, 51.8558], [12.6094, 51.8631], [12.6457, 51.8577], [12.6711, 51.8631], [12.7106, 51.8532], [12.731, 51.8426], [12.7513, 51.841], [12.7553, 51.834], [12.7482, 51.8247], [12.7539, 51.8198], [12.7641, 51.8223], [12.7747, 51.8329], [12.7825, 51.8332], [12.8342, 51.8255], [12.8375, 51.8224], [12.8371, 51.8188], [12.8335, 51.8167], [12.8164, 51.8142], [12.8097, 51.8026], [12.8041, 51.7855], [12.8093, 51.7764], [12.8067, 51.7684], [12.8, 51.7645], [12.7866, 51.7629], [12.7784, 51.7553], [12.7888, 51.7509], [12.8034, 51.7568], [12.8148, 51.7559], [12.8228, 51.753], [12.8229, 51.7483], [12.8055, 51.7356], [12.8046, 51.7261], [12.8426, 51.7109], [12.8493, 51.689], [12.8406, 51.6784], [12.848, 51.6921], [12.8418, 51.7095], [12.8088, 51.7209], [12.8016, 51.7279], [12.8072, 51.7412], [12.8211, 51.7486], [12.8219, 51.7525], [12.8015, 51.7556], [12.7886, 51.7497], [12.7769, 51.7545], [12.7853, 51.7643], [12.7993, 51.766], [12.8062, 51.7701], [12.8075, 51.7761], [12.8019, 51.7862], [12.8061, 51.7931], [12.8077, 51.8053], [12.8164, 51.8162], [12.8342, 51.8184], [12.834, 51.824], [12.7776, 51.8319], [12.7647, 51.8203], [12.7538, 51.8185], [12.7466, 51.8228], [12.7467, 51.8276], [12.7531, 51.8338], [12.7494, 51.8408], [12.7303, 51.8414], [12.7108, 51.8517], [12.6701, 51.8618], [12.6482, 51.8565], [12.6112, 51.8618], [12.5914, 51.8546], [12.5845, 51.8575], [12.5805, 51.8656], [12.576, 51.8674], [12.5489, 51.8608], [12.5263, 51.8698], [12.5203, 51.8679], [12.5156, 51.8601], [12.5082, 51.8583], [12.501, 51.8627], [12.5029, 51.8766], [12.4961, 51.8794], [12.4842, 51.8741], [12.482, 51.8609], [12.478, 51.8572], [12.4672, 51.8563], [12.4493, 51.8622], [12.4468, 51.8686], [12.4517, 51.8785], [12.4454, 51.8814], [12.4194, 51.8746], [12.4051, 51.8638], [12.3851, 51.8614], [12.3809, 51.8492], [12.3708, 51.8459], [12.3588, 51.8481], [12.3468, 51.8614], [12.328, 51.8689], [12.3338, 51.8741], [12.3543, 51.8722], [12.358, 51.8743], [12.357, 51.8781], [12.3291, 51.8777], [12.3071, 51.8841], [12.2799, 51.8734], [12.2332, 51.8803], [12.2287, 51.8749], [12.2323, 51.8619], [12.2241, 51.8567], [12.2103, 51.859], [12.2069, 51.863], [12.207, 51.8756], [12.1984, 51.8777], [12.1648, 51.8729], [12.1023, 51.8697], [12.055, 51.8581], [12.0284, 51.8613], [12.0178, 51.8668], [12.0187, 51.8794], [12.0156, 51.8856], [11.9704, 51.91], [11.9632, 51.9259], [11.9487, 51.9309], [11.9313, 51.9465], [11.8889, 51.9687], [11.882, 51.9834], [11.8894, 52.0065], [11.8771, 52.0233], [11.8622, 52.0252], [11.8542, 52.02], [11.8482, 52.0107], [11.8352, 52.0079], [11.8105, 52.0126], [11.7942, 52.0285], [11.7868, 52.0316], [11.7545, 52.0217], [11.7318, 52.0261], [11.6905, 52.0507], [11.6721, 52.0814], [11.6558, 52.0948], [11.6493, 52.1061], [11.6433, 52.1078], [11.6371, 52.1139], [11.6353, 52.1207], [11.6387, 52.1259], [11.6782, 52.1625], [11.6691, 52.1756], [11.6717, 52.1851], [11.6865, 52.1863], [11.7047, 52.1717], [11.7151, 52.1718], [11.7196, 52.1756], [11.716, 52.1819], [11.6959, 52.1856], [11.6946, 52.1938], [11.7001, 52.1973], [11.7294, 52.1975], [11.7346, 52.202], [11.707, 52.2144], [11.7016, 52.2248], [11.6989, 52.24], [11.7031, 52.2453], [11.7299, 52.2548], [11.753, 52.2784], [11.7633, 52.2953], [11.7657, 52.3105], [11.7555, 52.2999], [11.7415, 52.3], [11.7465, 52.3024], [11.7555, 52.301], [11.7636, 52.3107], [11.804, 52.3338], [11.8026, 52.3371], [11.7877, 52.3439], [11.7897, 52.3531], [11.799, 52.3553], [11.8136, 52.352], [11.8246, 52.3431], [11.8228, 52.3352], [11.8444, 52.3313], [11.8769, 52.3461], [11.8952, 52.3626], [11.9099, 52.3714], [11.9376, 52.3748], [11.9393, 52.3801], [11.9286, 52.3852], [11.9264, 52.3909], [11.9655, 52.4053], [11.9751, 52.4195], [11.9852, 52.4262], [11.9826, 52.4342], [11.9999, 52.4586], [11.9985, 52.4643], [11.9816, 52.478], [11.9858, 52.4905], [11.9956, 52.4935], [12.0195, 52.4773], [12.0271, 52.4785], [12.0308, 52.4857], [12.0223, 52.491], [12.0081, 52.4937], [11.9992, 52.5022], [11.9647, 52.5084], [11.9556, 52.5147], [11.9587, 52.5229], [11.9769, 52.5358], [11.9796, 52.5414], [11.979, 52.5419], [11.9732, 52.5385], [11.966, 52.5361], [11.9795, 52.543], [11.9832, 52.5501], [11.9831, 52.5665], [11.9876, 52.5788], [11.9982, 52.5911], [12.0052, 52.6286], [12.0121, 52.6419], [12.0067, 52.6545], [12.0074, 52.6678], [12.0312, 52.7313], [12.0384, 52.7407], [12.0378, 52.7582], [12.0296, 52.7723], [12.0303, 52.7895], [12.0178, 52.8033], [12.0171, 52.8068], [12.0205, 52.8192], [12.0339, 52.8304], [12.0379, 52.8392], [12.0242, 52.847], [12.0195, 52.8613], [12.0052, 52.8677], [12.0012, 52.8717], [11.9694, 52.8716], [11.9528, 52.8838], [11.9413, 52.8883], [11.8974, 52.8914], [11.8842, 52.8963], [11.8722, 52.9072], [11.8362, 52.9085], [11.8238, 52.9135], [11.8186, 52.9183], [11.8185, 52.9265], [11.8276, 52.9344], [11.8407, 52.9381], [11.8457, 52.9427], [11.8459, 52.949], [11.8412, 52.9526], [11.7795, 52.9611], [11.7642, 52.9801], [11.7432, 52.9878], [11.7312, 52.9872], [11.6943, 52.9747], [11.6869, 52.9773], [11.6828, 52.983], [11.7013, 52.9791], [11.738, 52.9916], [11.7413, 52.9919], [11.7613, 52.9888], [11.7758, 52.9913], [11.7728, 52.9895], [11.7598, 52.9886], [11.784, 52.984], [11.7429, 52.9913], [11.7334, 52.9899], [11.7459, 52.9894], [11.7799, 52.98]], [[12.0729, 52.8269], [12.0739, 52.8233], [12.0773, 52.8251], [12.0729, 52.8269]], [[12.0411, 52.8289], [12.0412, 52.836], [12.0324, 52.8256], [12.0411, 52.8289]], [[12.0373, 52.7342], [12.031, 52.7191], [12.0374, 52.7256], [12.0408, 52.7347], [12.0373, 52.7342]], [[12.0406, 52.7955], [12.0383, 52.7921], [12.0398, 52.7912], [12.0406, 52.7955]], [[12.0371, 52.8459], [12.0325, 52.8455], [12.0399, 52.8394], [12.0403, 52.8422], [12.0371, 52.8459]], [[12.0354, 52.7986], [12.0336, 52.7944], [12.0368, 52.7926], [12.0384, 52.7971], [12.0354, 52.7986]], [[12.0344, 52.7811], [12.0326, 52.784], [12.0325, 52.7797], [12.0344, 52.7811]], [[12.0325, 52.8006], [12.0268, 52.8022], [12.0322, 52.795], [12.0325, 52.8006]], [[12.026, 52.8521], [12.0238, 52.8492], [12.0294, 52.8455], [12.026, 52.8521]], [[12.0243, 52.7061], [12.0254, 52.7053], [12.0252, 52.7066], [12.0243, 52.7061]], [[12.0207, 52.8092], [12.0203, 52.8022], [12.0244, 52.7987], [12.0246, 52.7997], [12.0207, 52.8092]], [[12.0226, 52.7023], [12.0215, 52.6963], [12.023, 52.7023], [12.0226, 52.7023]], [[11.9993, 52.8728], [12.0028, 52.8719], [12.0062, 52.8681], [12.0207, 52.8628], [12.017, 52.8721], [11.9993, 52.8728]], [[12.0143, 52.6815], [12.0193, 52.6907], [12.0199, 52.6961], [12.0162, 52.6909], [12.0143, 52.6815]], [[12.0138, 52.621], [12.0172, 52.6239], [12.0139, 52.6322], [12.0111, 52.6298], [12.0138, 52.621]], [[12.0147, 52.6741], [12.0139, 52.6754], [12.0136, 52.6721], [12.0147, 52.6741]], [[12.0118, 52.8785], [12.0015, 52.8782], [11.9951, 52.876], [12.014, 52.8747], [12.0118, 52.8785]], [[12.0081, 52.6603], [12.008, 52.6549], [12.0117, 52.6489], [12.0116, 52.6536], [12.0081, 52.6603]], [[12.0076, 52.6243], [12.0061, 52.6223], [12.0049, 52.6166], [12.0099, 52.6187], [12.0076, 52.6243]], [[12.0004, 52.8794], [11.9956, 52.8811], [11.9921, 52.8806], [12.0004, 52.8794]], [[11.9844, 52.4061], [11.9946, 52.4105], [11.987, 52.4154], [11.9862, 52.4179], [11.9934, 52.4243], [11.9928, 52.4286], [11.9763, 52.417], [11.9646, 52.4007], [11.9374, 52.3949], [11.9295, 52.3886], [11.9406, 52.3821], [11.9419, 52.3752], [11.9675, 52.3772], [11.9704, 52.3822], [11.9829, 52.3912], [11.9916, 52.3941], [11.9827, 52.4031], [11.9844, 52.4061]], [[11.9944, 52.5534], [11.9883, 52.5588], [11.9874, 52.5554], [11.9922, 52.5447], [11.9944, 52.5534]], [[11.9894, 52.4294], [11.9928, 52.4353], [11.9914, 52.4413], [11.9846, 52.4361], [11.9894, 52.4294]], [[11.9911, 52.5615], [11.9873, 52.5616], [11.9908, 52.5588], [11.9911, 52.5615]], [[11.9898, 52.5437], [11.9858, 52.5454], [11.9831, 52.5401], [11.9898, 52.5437]], [[11.9895, 52.5742], [11.9862, 52.5641], [11.9878, 52.5625], [11.9895, 52.5661], [11.9895, 52.5742]], [[11.9638, 52.8797], [11.9706, 52.8742], [11.9797, 52.8734], [11.9771, 52.8767], [11.9638, 52.8797]], [[11.9506, 52.399], [11.9592, 52.4004], [11.9659, 52.4045], [11.9588, 52.4023], [11.9506, 52.399]], [[11.8837, 52.3496], [11.8968, 52.3527], [11.9031, 52.3576], [11.9076, 52.3689], [11.8837, 52.3496]], [[11.7828, 52.0615], [11.7767, 52.0533], [11.7696, 52.0532], [11.7629, 52.0583], [11.7627, 52.0522], [11.7579, 52.0508], [11.7538, 52.053], [11.7558, 52.063], [11.7522, 52.0635], [11.7465, 52.0531], [11.7344, 52.055], [11.7325, 52.0524], [11.7377, 52.0493], [11.7384, 52.0477], [11.7304, 52.0467], [11.7273, 52.0492], [11.7271, 52.0514], [11.7279, 52.0557], [11.7334, 52.0637], [11.7277, 52.07], [11.7242, 52.081], [11.7022, 52.0814], [11.6996, 52.0907], [11.6957, 52.0927], [11.687, 52.0858], [11.6787, 52.0854], [11.6794, 52.0726], [11.6929, 52.0524], [11.7373, 52.0264], [11.7549, 52.0241], [11.7753, 52.0323], [11.787, 52.0336], [11.799, 52.0283], [11.8134, 52.0138], [11.8374, 52.0096], [11.8453, 52.0119], [11.8595, 52.0268], [11.8497, 52.0292], [11.8479, 52.0343], [11.8366, 52.0371], [11.8383, 52.0414], [11.8359, 52.0443], [11.8244, 52.0413], [11.8135, 52.0429], [11.8072, 52.0394], [11.7994, 52.0406], [11.7958, 52.0549], [11.7828, 52.0615]], [[11.8513, 52.9442], [11.8471, 52.9374], [11.8412, 52.9348], [11.8413, 52.9328], [11.8545, 52.9358], [11.8547, 52.9422], [11.8513, 52.9442]], [[11.8258, 52.9577], [11.824, 52.9589], [11.8218, 52.9586], [11.8258, 52.9577]], [[11.7727, 52.9779], [11.7766, 52.9728], [11.78, 52.9751], [11.7781, 52.978], [11.7727, 52.9779]], [[11.6564, 52.0951], [11.6738, 52.0823], [11.6759, 52.0899], [11.6727, 52.0971], [11.6508, 52.1047], [11.6564, 52.0951]], [[11.6615, 52.141], [11.6497, 52.1289], [11.6593, 52.135], [11.6615, 52.141]], [[11.6492, 52.1242], [11.645, 52.1195], [11.6535, 52.1143], [11.6586, 52.1064], [11.6492, 52.1242]], [[11.645, 52.1087], [11.6555, 52.1067], [11.6532, 52.1124], [11.6427, 52.1197], [11.643, 52.1244], [11.648, 52.1282], [11.6427, 52.1275], [11.6374, 52.1207], [11.6379, 52.1155], [11.645, 52.1087]], [[11.6531, 52.1337], [11.6521, 52.1342], [11.6521, 52.1333], [11.6531, 52.1337]], [[11.6509, 52.1264], [11.6476, 52.1264], [11.6447, 52.1242], [11.6472, 52.1235], [11.6509, 52.1264]]]}, {"type": "Polygon", "coordinates": [[[12.444, 53.3309], [12.4512, 53.3229], [12.4456, 53.316], [12.4337, 53.3174], [12.4394, 53.3309], [12.444, 53.3309]]]}, {"type": "Polygon", "coordinates": [[[12.4366, 53.3537], [12.4311, 53.3566], [12.4401, 53.3572], [12.4366, 53.3537]]]}, {"type": "Polygon", "coordinates": [[[12.4895, 53.3694], [12.4969, 53.3725], [12.5059, 53.3714], [12.497, 53.3691], [12.4954, 53.3643], [12.4875, 53.3617], [12.4895, 53.3694]]]}, {"type": "Polygon", "coordinates": [[[12.4913, 53.3788], [12.4868, 53.3768], [12.4868, 53.3784], [12.4913, 53.3788]]]}, {"type": "Polygon", "coordinates": [[[12.3451, 53.3783], [12.3544, 53.3862], [12.3647, 53.3883], [12.3574, 53.3817], [12.3451, 53.3783]]]}, {"type": "Polygon", "coordinates": [[[12.3675, 53.3901], [12.3738, 53.3945], [12.3883, 53.3872], [12.3866, 53.3859], [12.3675, 53.3901]]]}, {"type": "Polygon", "coordinates": [[[12.4721, 53.3934], [12.4739, 53.3986], [12.4799, 53.3974], [12.4767, 53.3934], [12.4721, 53.3934]]]}, {"type": "Polygon", "coordinates": [[[12.4937, 53.4069], [12.4944, 53.4043], [12.4895, 53.4031], [12.4868, 53.4067], [12.4937, 53.4069]]]}, {"type": "Polygon", "coordinates": [[[12.3792, 53.406], [12.3874, 53.4075], [12.3822, 53.4034], [12.3792, 53.406]]]}, {"type": "Polygon", "coordinates": [[[12.4043, 53.4062], [12.3993, 53.4078], [12.4173, 53.418], [12.4158, 53.4128], [12.4043, 53.4062]]]}, {"type": "Polygon", "coordinates": [[[12.4586, 53.4187], [12.4619, 53.4189], [12.4623, 53.4186], [12.4596, 53.4163], [12.4586, 53.4187]]]}, {"type": "Polygon", "coordinates": [[[12.4892, 53.4239], [12.4878, 53.4254], [12.4912, 53.4258], [12.4892, 53.4239]]]}, {"type": "Polygon", "coordinates": [[[12.2593, 53.4299], [12.2604, 53.4293], [12.2596, 53.429], [12.2593, 53.4299]]]}, {"type": "Polygon", "coordinates": [[[12.2555, 53.4357], [12.2568, 53.4369], [12.2582, 53.4324], [12.2555, 53.4357]]]}, {"type": "Polygon", "coordinates": [[[12.2619, 53.4353], [12.2636, 53.435], [12.2618, 53.435], [12.2619, 53.4353]]]}, {"type": "Polygon", "coordinates": [[[12.2516, 53.4369], [12.2553, 53.4385], [12.2526, 53.4356], [12.2538, 53.4318], [12.2516, 53.4369]]]}, {"type": "Polygon", "coordinates": [[[12.2819, 53.4357], [12.2804, 53.4385], [12.2806, 53.4388], [12.2846, 53.4368], [12.2819, 53.4357]]]}, {"type": "Polygon", "coordinates": [[[12.3164, 53.4424], [12.3174, 53.4425], [12.3173, 53.4408], [12.3164, 53.4424]]]}, {"type": "Polygon", "coordinates": [[[12.2516, 53.4428], [12.2562, 53.4479], [12.2575, 53.4457], [12.2536, 53.4402], [12.2516, 53.4428]]]}, {"type": "Polygon", "coordinates": [[[12.2583, 53.4453], [12.2605, 53.4452], [12.2581, 53.4446], [12.2583, 53.4453]]]}, {"type": "Polygon", "coordinates": [[[12.3237, 53.4396], [12.3168, 53.4473], [12.3211, 53.4509], [12.3288, 53.4472], [12.3237, 53.4396]]]}, {"type": "Polygon", "coordinates": [[[12.3081, 53.4477], [12.3101, 53.4322], [12.3005, 53.4255], [12.3048, 53.4179], [12.312, 53.4147], [12.3037, 53.4142], [12.3036, 53.4084], [12.309, 53.4053], [12.3028, 53.406], [12.3161, 53.3952], [12.3138, 53.391], [12.3005, 53.3969], [12.2701, 53.4222], [12.274, 53.4302], [12.291, 53.4356], [12.2851, 53.4466], [12.2691, 53.4566], [12.2553, 53.456], [12.2495, 53.4564], [12.2441, 53.4573], [12.2673, 53.4569], [12.2648, 53.4603], [12.2748, 53.4654], [12.2792, 53.4641], [12.2887, 53.4721], [12.2805, 53.4934], [12.2711, 53.4974], [12.2684, 53.5019], [12.2703, 53.5045], [12.2671, 53.5062], [12.2726, 53.505], [12.2761, 53.4984], [12.2825, 53.4946], [12.301, 53.4986], [12.302, 53.5023], [12.2956, 53.511], [12.2948, 53.5197], [12.2887, 53.5208], [12.2868, 53.5258], [12.2932, 53.5294], [12.3026, 53.5251], [12.3075, 53.5297], [12.3263, 53.5184], [12.3359, 53.5003], [12.343, 53.4955], [12.3675, 53.4995], [12.3724, 53.487], [12.3688, 53.4803], [12.351, 53.4748], [12.3416, 53.4594], [12.3285, 53.4525], [12.3163, 53.4535], [12.3081, 53.4477]], [[12.2764, 53.4556], [12.2776, 53.4584], [12.2747, 53.4598], [12.2742, 53.459], [12.2764, 53.4556]], [[12.2717, 53.4621], [12.2738, 53.4597], [12.2768, 53.4608], [12.2754, 53.4633], [12.2717, 53.4621]], [[12.2665, 53.4603], [12.2663, 53.4591], [12.2675, 53.4598], [12.2665, 53.4603]], [[12.3362, 53.482], [12.345, 53.4873], [12.3302, 53.4977], [12.3182, 53.4922], [12.3231, 53.4832], [12.33, 53.4784], [12.3356, 53.4782], [12.3362, 53.482]]]}, {"type": "Polygon", "coordinates": [[[12.4039, 53.4953], [12.4066, 53.4953], [12.4016, 53.4893], [12.3959, 53.4883], [12.4039, 53.4953]]]}, {"type": "Polygon", "coordinates": [[[12.4556, 53.5104], [12.4687, 53.5102], [12.4742, 53.5151], [12.4688, 53.523], [12.4724, 53.5263], [12.4789, 53.5234], [12.4902, 53.5244], [12.4984, 53.5189], [12.5077, 53.5193], [12.5047, 53.5162], [12.5115, 53.5125], [12.5096, 53.5072], [12.5188, 53.5152], [12.5194, 53.513], [12.525, 53.5153], [12.5429, 53.506], [12.5565, 53.5099], [12.5632, 53.5156], [12.5504, 53.5199], [12.5532, 53.5226], [12.5906, 53.5234], [12.614, 53.5141], [12.6175, 53.5054], [12.618, 53.492], [12.6146, 53.4847], [12.6035, 53.479], [12.5898, 53.4789], [12.5782, 53.4875], [12.5531, 53.4905], [12.5523, 53.4941], [12.5455, 53.4913], [12.545, 53.4967], [12.5275, 53.5022], [12.507, 53.5024], [12.4941, 53.4932], [12.4815, 53.4914], [12.4564, 53.4939], [12.4461, 53.4911], [12.4431, 53.4869], [12.453, 53.4801], [12.4324, 53.4732], [12.4277, 53.4668], [12.4129, 53.4615], [12.4056, 53.4635], [12.3728, 53.4598], [12.3603, 53.4621], [12.3487, 53.4688], [12.3682, 53.4665], [12.3762, 53.4626], [12.4171, 53.4642], [12.4261, 53.4712], [12.4277, 53.4771], [12.4384, 53.4803], [12.4365, 53.4896], [12.4396, 53.4924], [12.4373, 53.4969], [12.4313, 53.4988], [12.431, 53.5028], [12.4484, 53.5055], [12.4556, 53.5104]], [[12.4329, 53.4755], [12.433, 53.476], [12.4308, 53.4768], [12.4281, 53.4739], [12.4329, 53.4755]]]}, {"type": "Polygon", "coordinates": [[[12.3768, 53.4955], [12.3745, 53.4979], [12.378, 53.4967], [12.3768, 53.4955]]]}, {"type": "Polygon", "coordinates": [[[12.407, 53.4974], [12.4092, 53.4962], [12.4069, 53.4968], [12.407, 53.4974]]]}, {"type": "Polygon", "coordinates": [[[12.3538, 53.5002], [12.3414, 53.5084], [12.3518, 53.5102], [12.3538, 53.5002]]]}, {"type": "Polygon", "coordinates": [[[12.2626, 53.5078], [12.2618, 53.5111], [12.2664, 53.5087], [12.2626, 53.5078]]]}, {"type": "Polygon", "coordinates": [[[12.2827, 53.5117], [12.2877, 53.5128], [12.2886, 53.5085], [12.285, 53.5073], [12.2827, 53.5117]]]}, {"type": "Polygon", "coordinates": [[[12.2589, 53.5103], [12.2557, 53.5107], [12.255, 53.5124], [12.2573, 53.5122], [12.2589, 53.5103]]]}, {"type": "Polygon", "coordinates": [[[12.3096, 53.5406], [12.3076, 53.542], [12.3113, 53.5417], [12.3096, 53.5406]]]}, {"type": "Polygon", "coordinates": [[[12.2978, 53.5323], [12.2891, 53.5321], [12.2993, 53.5431], [12.2991, 53.5497], [12.3039, 53.5511], [12.3008, 53.5459], [12.3039, 53.5446], [12.3025, 53.5379], [12.2978, 53.5323]]]}, {"type": "Polygon", "coordinates": [[[12.3674, 53.5141], [12.3566, 53.5156], [12.3579, 53.5203], [12.3635, 53.5228], [12.3633, 53.5263], [12.3502, 53.5391], [12.3576, 53.5505], [12.3455, 53.5546], [12.3419, 53.5634], [12.3211, 53.5659], [12.3304, 53.5748], [12.3422, 53.5773], [12.35, 53.5747], [12.353, 53.5697], [12.3504, 53.5579], [12.3731, 53.5458], [12.3675, 53.5317], [12.3754, 53.5313], [12.3777, 53.5274], [12.3741, 53.5213], [12.3661, 53.5178], [12.3674, 53.5141]]]}, {"type": "Polygon", "coordinates": [[[12.2862, 53.5503], [12.2902, 53.5481], [12.2885, 53.5479], [12.2862, 53.5503]]]}, {"type": "Polygon", "coordinates": [[[12.2963, 53.5528], [12.2967, 53.5522], [12.2942, 53.5522], [12.2963, 53.5528]]]}, {"type": "Polygon", "coordinates": [[[12.3253, 53.5564], [12.334, 53.5552], [12.3298, 53.5509], [12.321, 53.5583], [12.3259, 53.5594], [12.3253, 53.5564]]]}, {"type": "Polygon", "coordinates": [[[12.493, 53.5586], [12.5014, 53.5629], [12.5042, 53.5577], [12.493, 53.5586]]]}, {"type": "Polygon", "coordinates": [[[12.26, 53.5675], [12.2607, 53.5656], [12.2588, 53.567], [12.26, 53.5675]]]}, {"type": "Polygon", "coordinates": [[[12.306, 53.5695], [12.3074, 53.5689], [12.3069, 53.5678], [12.306, 53.5695]]]}, {"type": "Polygon", "coordinates": [[[12.2616, 53.5735], [12.2618, 53.573], [12.2594, 53.5726], [12.2616, 53.5735]]]}, {"type": "Polygon", "coordinates": [[[12.5061, 53.5826], [12.4995, 53.5775], [12.4961, 53.5665], [12.4921, 53.5659], [12.4945, 53.5781], [12.5061, 53.5826]]]}, {"type": "Polygon", "coordinates": [[[12.3126, 53.5712], [12.3143, 53.5758], [12.3367, 53.5855], [12.34, 53.5847], [12.3126, 53.5712]]]}, {"type": "Polygon", "coordinates": [[[12.2236, 53.5804], [12.228, 53.5839], [12.2248, 53.59], [12.2302, 53.5908], [12.2365, 53.5857], [12.2326, 53.5816], [12.2236, 53.5804]]]}, {"type": "Polygon", "coordinates": [[[12.4304, 53.5881], [12.434, 53.5906], [12.4459, 53.5928], [12.4519, 53.5885], [12.45, 53.5847], [12.4371, 53.5829], [12.4304, 53.5881]]]}, {"type": "Polygon", "coordinates": [[[12.3158, 53.5868], [12.3078, 53.587], [12.3144, 53.5914], [12.3124, 53.592], [12.329, 53.5924], [12.3158, 53.5868]]]}, {"type": "Polygon", "coordinates": [[[12.456, 53.5923], [12.461, 53.5952], [12.4656, 53.592], [12.4607, 53.5912], [12.4669, 53.5886], [12.4604, 53.5856], [12.456, 53.5923]]]}, {"type": "Polygon", "coordinates": [[[12.2265, 53.6], [12.225, 53.6009], [12.2262, 53.6013], [12.2265, 53.6]]]}, {"type": "Polygon", "coordinates": [[[12.4542, 53.5965], [12.45, 53.6013], [12.451, 53.605], [12.4584, 53.6], [12.4542, 53.5965]]]}, {"type": "Polygon", "coordinates": [[[12.2259, 53.6023], [12.2271, 53.6022], [12.2269, 53.6017], [12.2259, 53.6023]]]}, {"type": "Polygon", "coordinates": [[[12.3938, 53.6078], [12.3916, 53.6043], [12.4038, 53.6073], [12.4051, 53.6039], [12.3868, 53.6002], [12.3858, 53.6064], [12.3938, 53.6078]]]}, {"type": "Polygon", "coordinates": [[[12.2418, 53.6091], [12.2521, 53.6103], [12.252, 53.6056], [12.2447, 53.6026], [12.2405, 53.6071], [12.2418, 53.6091]]]}, {"type": "Polygon", "coordinates": [[[12.4174, 53.6078], [12.4239, 53.6099], [12.4268, 53.6097], [12.422, 53.607], [12.4174, 53.6078]]]}, {"type": "Polygon", "coordinates": [[[12.4375, 53.6103], [12.4588, 53.6146], [12.4505, 53.6114], [12.4521, 53.6091], [12.4436, 53.6091], [12.4466, 53.6072], [12.4355, 53.6078], [12.4326, 53.6115], [12.4293, 53.6095], [12.43, 53.6122], [12.4375, 53.6103]]]}, {"type": "Polygon", "coordinates": [[[12.2299, 53.6186], [12.2334, 53.6197], [12.233, 53.6119], [12.2291, 53.6143], [12.2299, 53.6186]]]}, {"type": "Polygon", "coordinates": [[[12.2665, 53.6262], [12.27, 53.6258], [12.2688, 53.6231], [12.2644, 53.6215], [12.2665, 53.6262]]]}, {"type": "Polygon", "coordinates": [[[12.2398, 53.6233], [12.238, 53.6268], [12.2439, 53.6301], [12.2444, 53.6287], [12.2398, 53.6233]]]}, {"type": "Polygon", "coordinates": [[[12.418, 53.6296], [12.421, 53.6338], [12.4245, 53.6274], [12.421, 53.6267], [12.418, 53.6296]]]}, {"type": "Polygon", "coordinates": [[[12.3333, 53.6576], [12.3329, 53.6539], [12.323, 53.647], [12.304, 53.6434], [12.2958, 53.6371], [12.301, 53.6336], [12.3031, 53.6238], [12.2962, 53.6201], [12.3036, 53.6203], [12.3083, 53.6131], [12.2973, 53.6093], [12.2937, 53.5972], [12.2894, 53.5929], [12.2845, 53.5919], [12.2712, 53.5975], [12.2648, 53.5928], [12.26, 53.5954], [12.2622, 53.6013], [12.2599, 53.6052], [12.2655, 53.6148], [12.2766, 53.6174], [12.2937, 53.6305], [12.2892, 53.6344], [12.2824, 53.6349], [12.2831, 53.6397], [12.288, 53.6403], [12.2888, 53.6365], [12.2934, 53.6395], [12.2911, 53.6466], [12.2992, 53.6532], [12.3084, 53.6492], [12.3055, 53.6464], [12.3129, 53.6509], [12.2901, 53.6581], [12.2753, 53.6518], [12.2698, 53.6561], [12.2796, 53.6633], [12.2698, 53.6602], [12.2691, 53.6658], [12.2726, 53.6697], [12.2973, 53.6685], [12.301, 53.6657], [12.2981, 53.6585], [12.3369, 53.6679], [12.3388, 53.6632], [12.3335, 53.6624], [12.3312, 53.6585], [12.347, 53.6633], [12.3498, 53.6593], [12.3471, 53.6567], [12.3333, 53.6576]], [[12.2807, 53.6612], [12.2829, 53.6609], [12.2866, 53.6654], [12.2823, 53.6645], [12.2807, 53.6612]], [[12.2959, 53.6583], [12.2951, 53.6587], [12.2947, 53.6579], [12.2959, 53.6583]], [[12.3228, 53.6576], [12.319, 53.6598], [12.3175, 53.6561], [12.3228, 53.6576]], [[12.3127, 53.6567], [12.3118, 53.6577], [12.3111, 53.6569], [12.3127, 53.6567]], [[12.3233, 53.6525], [12.3214, 53.6534], [12.3213, 53.6516], [12.3233, 53.6525]], [[12.2959, 53.6448], [12.2951, 53.6456], [12.2952, 53.6449], [12.2959, 53.6448]], [[12.2974, 53.6471], [12.2963, 53.6475], [12.2963, 53.6473], [12.2974, 53.6471]], [[12.2895, 53.6135], [12.2831, 53.6091], [12.2855, 53.6083], [12.2895, 53.6135]], [[12.2911, 53.6126], [12.2895, 53.6111], [12.2908, 53.61], [12.2911, 53.6126]], [[12.292, 53.6074], [12.2907, 53.6072], [12.2917, 53.6068], [12.292, 53.6074]], [[12.2944, 53.6153], [12.293, 53.616], [12.296, 53.6143], [12.2944, 53.6153]], [[12.2806, 53.606], [12.2786, 53.6064], [12.279, 53.6055], [12.2806, 53.606]], [[12.285, 53.6022], [12.2812, 53.6033], [12.2814, 53.6027], [12.285, 53.6022]]]}, {"type": "Polygon", "coordinates": [[[12.2388, 53.6392], [12.2459, 53.6378], [12.2313, 53.6244], [12.2249, 53.6263], [12.2388, 53.6392]]]}, {"type": "Polygon", "coordinates": [[[12.4398, 53.6362], [12.4411, 53.6373], [12.4418, 53.6352], [12.4398, 53.6362]]]}, {"type": "Polygon", "coordinates": [[[12.2564, 53.6421], [12.2515, 53.634], [12.2485, 53.6353], [12.2491, 53.6401], [12.241, 53.641], [12.2451, 53.6462], [12.2497, 53.6405], [12.2512, 53.6446], [12.2564, 53.6421]]]}, {"type": "Polygon", "coordinates": [[[12.3985, 53.6387], [12.3932, 53.6401], [12.3919, 53.6416], [12.3985, 53.6387]]]}, {"type": "Polygon", "coordinates": [[[12.2344, 53.6397], [12.2308, 53.6425], [12.2364, 53.645], [12.2344, 53.6397]]]}, {"type": "Polygon", "coordinates": [[[12.4334, 53.6425], [12.4338, 53.6431], [12.4353, 53.6426], [12.4334, 53.6425]]]}, {"type": "Polygon", "coordinates": [[[12.3386, 53.6495], [12.3467, 53.6497], [12.3417, 53.6481], [12.3386, 53.6495]]]}, {"type": "Polygon", "coordinates": [[[12.2618, 53.6648], [12.2482, 53.6621], [12.2506, 53.665], [12.2618, 53.6648]]]}, {"type": "Polygon", "coordinates": [[[12.2405, 53.6634], [12.2363, 53.6704], [12.2454, 53.6713], [12.2405, 53.6634]]]}, {"type": "Polygon", "coordinates": [[[12.3771, 53.681], [12.3752, 53.6827], [12.3779, 53.6817], [12.3771, 53.681]]]}, {"type": "Polygon", "coordinates": [[[12.3637, 53.6897], [12.3671, 53.6897], [12.3663, 53.6855], [12.361, 53.6842], [12.3637, 53.6897]]]}, {"type": "Polygon", "coordinates": [[[12.4447, 53.6904], [12.4499, 53.6858], [12.4409, 53.688], [12.4447, 53.6904]]]}, {"type": "Polygon", "coordinates": [[[12.4509, 53.6871], [12.4487, 53.6887], [12.4508, 53.6909], [12.4566, 53.6905], [12.4509, 53.6871]]]}, {"type": "Polygon", "coordinates": [[[12.4581, 53.7381], [12.4509, 53.7433], [12.4607, 53.7457], [12.4581, 53.7381]]]}, {"type": "Polygon", "coordinates": [[[12.3511, 53.7442], [12.3497, 53.7512], [12.3548, 53.7528], [12.3613, 53.749], [12.3511, 53.7442]]]}, {"type": "Polygon", "coordinates": [[[12.3439, 53.7589], [12.3473, 53.7594], [12.3496, 53.7566], [12.3457, 53.7537], [12.3486, 53.7514], [12.3417, 53.7506], [12.3439, 53.7589]]]}, {"type": "Polygon", "coordinates": [[[12.3552, 53.7717], [12.359, 53.7756], [12.3664, 53.7774], [12.3552, 53.7717]]]}, {"type": "Polygon", "coordinates": [[[12.4388, 53.7681], [12.4381, 53.7727], [12.4551, 53.7858], [12.459, 53.7763], [12.457, 53.7729], [12.4455, 53.7655], [12.4388, 53.7681]]]}, {"type": "Polygon", "coordinates": [[[12.374, 53.7773], [12.3751, 53.7866], [12.3843, 53.7891], [12.3863, 53.7876], [12.3828, 53.7835], [12.3874, 53.7731], [12.3809, 53.7704], [12.373, 53.7761], [12.3766, 53.7773], [12.374, 53.7773]], [[12.3817, 53.7763], [12.3815, 53.7776], [12.3812, 53.7763], [12.3817, 53.7763]], [[12.3775, 53.7764], [12.3777, 53.777], [12.3772, 53.7769], [12.3775, 53.7764]]]}, {"type": "Polygon", "coordinates": [[[12.4671, 53.7842], [12.4762, 53.7894], [12.4796, 53.7869], [12.4774, 53.7836], [12.4671, 53.7842]]]}, {"type": "Polygon", "coordinates": [[[12.3147, 53.79], [12.3167, 53.7869], [12.312, 53.7855], [12.3147, 53.79]]]}, {"type": "Polygon", "coordinates": [[[12.288, 53.7941], [12.2966, 53.7882], [12.288, 53.7895], [12.288, 53.7941]]]}, {"type": "Polygon", "coordinates": [[[12.3684, 53.7922], [12.366, 53.7911], [12.3633, 53.7945], [12.366, 53.7946], [12.3684, 53.7922]]]}, {"type": "Polygon", "coordinates": [[[12.3562, 53.7942], [12.3592, 53.796], [12.3598, 53.7946], [12.3562, 53.7942]]]}, {"type": "Polygon", "coordinates": [[[12.4014, 53.8002], [12.407, 53.7972], [12.4006, 53.7925], [12.389, 53.7942], [12.399, 53.7945], [12.4014, 53.8002]]]}, {"type": "Polygon", "coordinates": [[[12.2782, 53.8013], [12.2852, 53.8003], [12.2848, 53.7975], [12.2782, 53.8013]]]}, {"type": "Polygon", "coordinates": [[[12.3596, 53.7987], [12.3564, 53.7978], [12.3593, 53.8012], [12.3596, 53.7987]]]}, {"type": "Polygon", "coordinates": [[[12.3743, 53.7998], [12.3729, 53.802], [12.3792, 53.8049], [12.3976, 53.8078], [12.3743, 53.7998]]]}, {"type": "Polygon", "coordinates": [[[12.4087, 53.805], [12.4054, 53.8064], [12.4088, 53.8114], [12.4113, 53.8091], [12.4087, 53.805]]]}, {"type": "Polygon", "coordinates": [[[12.4308, 53.8149], [12.4233, 53.8154], [12.4232, 53.8161], [12.4308, 53.8149]]]}, {"type": "Polygon", "coordinates": [[[12.3591, 53.8176], [12.3627, 53.8174], [12.3595, 53.815], [12.3573, 53.8145], [12.3591, 53.8176]]]}, {"type": "Polygon", "coordinates": [[[12.3817, 53.8193], [12.3828, 53.8186], [12.3667, 53.8202], [12.3817, 53.8193]]]}, {"type": "Polygon", "coordinates": [[[12.4512, 53.8923], [12.4526, 53.8897], [12.4486, 53.8885], [12.447, 53.8912], [12.4512, 53.8923]]]}, {"type": "Polygon", "coordinates": [[[12.4494, 53.8939], [12.4471, 53.9005], [12.453, 53.9023], [12.4518, 53.9006], [12.459, 53.8993], [12.4558, 53.8942], [12.4494, 53.8939]]]}, {"type": "Polygon", "coordinates": [[[12.2411, 53.9506], [12.2523, 53.9518], [12.2629, 53.9586], [12.2566, 53.951], [12.2417, 53.9489], [12.2449, 53.9482], [12.2376, 53.9432], [12.2289, 53.9425], [12.2259, 53.9451], [12.237, 53.9467], [12.2411, 53.9506]]]}, {"type": "Polygon", "coordinates": [[[12.4315, 54.2407], [12.4304, 54.2382], [12.4283, 54.2409], [12.4315, 54.2407]]]}, {"type": "Polygon", "coordinates": [[[12.4415, 55.0159], [12.4473, 55.0155], [12.4525, 55.0072], [12.4435, 55.0115], [12.4462, 55.0142], [12.4415, 55.0159]]]}, {"type": "Polygon", "coordinates": [[[12.449, 55.017], [12.4494, 55.0147], [12.4472, 55.0163], [12.449, 55.017]]]}, {"type": "Polygon", "coordinates": [[[12.4494, 55.0193], [12.4449, 55.018], [12.4433, 55.0198], [12.4455, 55.0217], [12.4494, 55.0193]]]}, {"type": "Polygon", "coordinates": [[[12.3911, 55.3702], [12.3898, 55.3646], [12.3876, 55.3646], [12.3879, 55.3711], [12.3911, 55.3702]]]}, {"type": "Polygon", "coordinates": [[[12.4847, 55.6772], [12.4826, 55.6739], [12.4742, 55.6734], [12.4667, 55.685], [12.4694, 55.691], [12.476, 55.6786], [12.4847, 55.6772]]]}, {"type": "Polygon", "coordinates": [[[12.2201, 55.7429], [12.2185, 55.7471], [12.2235, 55.7509], [12.2239, 55.7434], [12.2201, 55.7429]]]}, {"type": "Polygon", "coordinates": [[[12.4672, 55.7741], [12.4717, 55.7673], [12.4619, 55.765], [12.4536, 55.7724], [12.4444, 55.7726], [12.439, 55.7761], [12.4672, 55.7741]]]}, {"type": "Polygon", "coordinates": [[[12.467, 55.7764], [12.4844, 55.7791], [12.4969, 55.7727], [12.4879, 55.769], [12.467, 55.7764]]]}, {"type": "Polygon", "coordinates": [[[12.3557, 55.77], [12.3441, 55.7702], [12.3391, 55.7783], [12.3554, 55.7781], [12.3557, 55.77]]]}, {"type": "Polygon", "coordinates": [[[12.2972, 55.7777], [12.3054, 55.7764], [12.3021, 55.7731], [12.2935, 55.7719], [12.2972, 55.7777]]]}, {"type": "Polygon", "coordinates": [[[12.2828, 55.7774], [12.2909, 55.7771], [12.2896, 55.7764], [12.2828, 55.7774]]]}, {"type": "Polygon", "coordinates": [[[12.3346, 55.7797], [12.3363, 55.7785], [12.3358, 55.7781], [12.3346, 55.7797]]]}, {"type": "Polygon", "coordinates": [[[12.4332, 55.8175], [12.4391, 55.8225], [12.4598, 55.8123], [12.4463, 55.8078], [12.43, 55.8097], [12.4248, 55.8064], [12.4436, 55.7897], [12.4419, 55.7812], [12.4083, 55.7848], [12.4001, 55.7945], [12.3811, 55.8057], [12.4332, 55.8175]]]}, {"type": "Polygon", "coordinates": [[[12.3787, 55.805], [12.3633, 55.7988], [12.3401, 55.8017], [12.3679, 55.8082], [12.3787, 55.805]]]}, {"type": "Polygon", "coordinates": [[[12.4837, 55.8128], [12.4797, 55.8133], [12.4867, 55.8151], [12.4909, 55.8152], [12.4837, 55.8128]]]}, {"type": "Polygon", "coordinates": [[[12.278, 55.8196], [12.2847, 55.8216], [12.2777, 55.8171], [12.2569, 55.8179], [12.278, 55.8196]]]}, {"type": "Polygon", "coordinates": [[[12.2452, 55.8307], [12.2521, 55.8328], [12.2581, 55.8325], [12.2519, 55.8301], [12.2452, 55.8307]]]}, {"type": "Polygon", "coordinates": [[[12.2104, 55.8332], [12.2175, 55.8336], [12.2342, 55.8313], [12.2095, 55.8306], [12.2077, 55.8319], [12.2104, 55.8332]], [[12.2086, 55.8318], [12.2105, 55.8311], [12.2104, 55.8317], [12.2086, 55.8318]]]}, {"type": "Polygon", "coordinates": [[[12.4244, 55.834], [12.4223, 55.8368], [12.4279, 55.8386], [12.4244, 55.834]]]}, {"type": "Polygon", "coordinates": [[[12.2567, 55.8387], [12.2603, 55.8354], [12.2557, 55.8388], [12.2567, 55.8387]]]}, {"type": "Polygon", "coordinates": [[[12.2462, 55.8378], [12.2454, 55.8384], [12.2487, 55.8381], [12.2462, 55.8378]]]}, {"type": "Polygon", "coordinates": [[[12.4646, 55.8392], [12.4654, 55.8384], [12.4633, 55.8394], [12.4646, 55.8392]]]}, {"type": "Polygon", "coordinates": [[[12.4812, 55.8407], [12.4832, 55.8422], [12.4845, 55.8419], [12.4812, 55.8407]]]}, {"type": "Polygon", "coordinates": [[[12.4637, 55.8435], [12.4661, 55.8427], [12.4612, 55.8419], [12.4637, 55.8435]]]}, {"type": "Polygon", "coordinates": [[[12.4675, 55.8457], [12.4696, 55.8447], [12.4695, 55.8445], [12.4675, 55.8457]]]}, {"type": "Polygon", "coordinates": [[[12.4345, 55.8487], [12.4327, 55.8461], [12.4358, 55.8533], [12.4345, 55.8487]]]}, {"type": "Polygon", "coordinates": [[[12.5012, 55.8501], [12.4954, 55.8507], [12.4971, 55.8509], [12.5012, 55.8501]]]}, {"type": "Polygon", "coordinates": [[[12.3757, 55.8564], [12.3678, 55.8582], [12.3652, 55.8642], [12.3699, 55.8646], [12.3757, 55.8564]]]}, {"type": "Polygon", "coordinates": [[[12.4912, 55.8631], [12.49, 55.8641], [12.4938, 55.8657], [12.4954, 55.8643], [12.4947, 55.8638], [12.4912, 55.8631]], [[12.4943, 55.864], [12.4921, 55.8649], [12.4917, 55.8641], [12.4943, 55.864]]]}, {"type": "Polygon", "coordinates": [[[12.4172, 55.863], [12.414, 55.8673], [12.4184, 55.871], [12.4409, 55.8689], [12.4709, 55.8727], [12.465, 55.8648], [12.4407, 55.86], [12.4172, 55.863]]]}, {"type": "Polygon", "coordinates": [[[12.5014, 55.8807], [12.5014, 55.8803], [12.5008, 55.8802], [12.5014, 55.8807]]]}, {"type": "Polygon", "coordinates": [[[12.3045, 55.8839], [12.3069, 55.8771], [12.3012, 55.8837], [12.2964, 55.8852], [12.3045, 55.8839]]]}, {"type": "Polygon", "coordinates": [[[12.4041, 55.8922], [12.4074, 55.8937], [12.4147, 55.8927], [12.4141, 55.8921], [12.4041, 55.8922]]]}, {"type": "Polygon", "coordinates": [[[12.4467, 55.8956], [12.4466, 55.893], [12.4427, 55.8922], [12.4445, 55.8931], [12.4467, 55.8956]]]}, {"type": "Polygon", "coordinates": [[[12.372, 55.8978], [12.3673, 55.899], [12.3652, 55.8993], [12.3693, 55.8992], [12.372, 55.8978]]]}, {"type": "Polygon", "coordinates": [[[12.4693, 55.8991], [12.4682, 55.9043], [12.4721, 55.9024], [12.474, 55.8997], [12.4693, 55.8991]]]}, {"type": "Polygon", "coordinates": [[[12.3404, 55.905], [12.3384, 55.9076], [12.3412, 55.9071], [12.3404, 55.905]]]}, {"type": "Polygon", "coordinates": [[[12.3127, 55.9079], [12.3137, 55.9063], [12.3126, 55.9077], [12.3127, 55.9079]]]}, {"type": "Polygon", "coordinates": [[[12.3183, 55.9058], [12.3202, 55.9095], [12.3221, 55.9097], [12.3183, 55.9058]]]}, {"type": "Polygon", "coordinates": [[[12.3218, 55.913], [12.3167, 55.9153], [12.3162, 55.9166], [12.3218, 55.913]]]}, {"type": "Polygon", "coordinates": [[[12.2793, 55.9189], [12.2775, 55.9188], [12.2803, 55.9198], [12.2793, 55.9189]]]}, {"type": "Polygon", "coordinates": [[[12.3129, 55.9244], [12.314, 55.9231], [12.3091, 55.9249], [12.3129, 55.9244]]]}, {"type": "Polygon", "coordinates": [[[12.3007, 55.9274], [12.2997, 55.9264], [12.2985, 55.9277], [12.3007, 55.9274]]]}, {"type": "Polygon", "coordinates": [[[12.3117, 55.9317], [12.3137, 55.9313], [12.3139, 55.9311], [12.3117, 55.9317]]]}, {"type": "Polygon", "coordinates": [[[12.3003, 55.9369], [12.3051, 55.9368], [12.3046, 55.9311], [12.3001, 55.9297], [12.303, 55.935], [12.3003, 55.9369]]]}, {"type": "Polygon", "coordinates": [[[12.4982, 55.9397], [12.5007, 55.9378], [12.5001, 55.9375], [12.4982, 55.9397]]]}, {"type": "Polygon", "coordinates": [[[12.4692, 55.9698], [12.4606, 55.9693], [12.4679, 55.9736], [12.4692, 55.9698]]]}, {"type": "Polygon", "coordinates": [[[12.488, 55.9735], [12.4881, 55.9716], [12.4879, 55.9717], [12.488, 55.9735]]]}, {"type": "Polygon", "coordinates": [[[12.3044, 55.9861], [12.3059, 55.9828], [12.3001, 55.986], [12.3044, 55.9861]]]}, {"type": "Polygon", "coordinates": [[[12.2794, 55.9901], [12.2778, 55.9882], [12.2786, 55.9904], [12.2794, 55.9901]]]}, {"type": "Polygon", "coordinates": [[[12.4986, 55.9904], [12.4994, 55.9888], [12.4904, 55.9888], [12.4986, 55.9904]]]}, {"type": "Polygon", "coordinates": [[[12.3936, 55.9993], [12.3859, 55.9903], [12.3813, 55.977], [12.3698, 55.9752], [12.3706, 55.9686], [12.3591, 55.9648], [12.3536, 55.9689], [12.3601, 55.9737], [12.3599, 55.9769], [12.3527, 55.9795], [12.3501, 55.9851], [12.3681, 56.0154], [12.3679, 56.0278], [12.3732, 56.0348], [12.3796, 56.0361], [12.3933, 56.0302], [12.4166, 56.0343], [12.4137, 56.0249], [12.4075, 56.0215], [12.4158, 56.015], [12.42, 56.0045], [12.4103, 56.0031], [12.4063, 56.0062], [12.3936, 55.9993]]]}, {"type": "Polygon", "coordinates": [[[12.4962, 56.0192], [12.4869, 56.0261], [12.4707, 56.0257], [12.472, 56.0282], [12.4638, 56.0296], [12.4754, 56.0336], [12.4754, 56.0366], [12.4902, 56.0378], [12.4984, 56.0287], [12.4948, 56.0251], [12.4978, 56.0215], [12.5077, 56.0215], [12.4962, 56.0192]]]}, {"type": "Polygon", "coordinates": [[[12.2902, 56.0517], [12.2893, 56.0531], [12.2904, 56.0523], [12.2902, 56.0517]]]}, {"type": "Polygon", "coordinates": [[[12.2869, 56.056], [12.2891, 56.057], [12.2882, 56.0546], [12.2869, 56.056]]]}, {"type": "Polygon", "coordinates": [[[12.2682, 56.0624], [12.2706, 56.061], [12.269, 56.0585], [12.2682, 56.0624]]]}, {"type": "Polygon", "coordinates": [[[12.3271, 56.0609], [12.3073, 56.0624], [12.2966, 56.0707], [12.2975, 56.0755], [12.3055, 56.0799], [12.2983, 56.0879], [12.2987, 56.0922], [12.308, 56.097], [12.3169, 56.0912], [12.3139, 56.0879], [12.3092, 56.0905], [12.3178, 56.0807], [12.3346, 56.0779], [12.3444, 56.0711], [12.3416, 56.0671], [12.3271, 56.0609]]]}, {"type": "Polygon", "coordinates": [[[12.4516, 56.0877], [12.4567, 56.0858], [12.4521, 56.0843], [12.4516, 56.0877]]]}, {"type": "Polygon", "coordinates": [[[12.6285, 53.184], [12.6196, 53.1863], [12.6323, 53.1929], [12.636, 53.1987], [12.6515, 53.1958], [12.6294, 53.187], [12.6367, 53.179], [12.6279, 53.1801], [12.6285, 53.184]]]}, {"type": "Polygon", "coordinates": [[[12.6528, 53.2008], [12.6495, 53.2023], [12.6555, 53.2016], [12.6528, 53.2008]]]}, {"type": "Polygon", "coordinates": [[[12.6426, 53.2045], [12.6461, 53.2056], [12.6452, 53.203], [12.6425, 53.202], [12.6426, 53.2045]]]}, {"type": "Polygon", "coordinates": [[[12.6504, 53.2106], [12.6549, 53.2077], [12.6511, 53.2072], [12.6431, 53.2163], [12.6475, 53.2209], [12.6505, 53.2172], [12.6477, 53.2161], [12.6506, 53.215], [12.6584, 53.2252], [12.6611, 53.222], [12.6504, 53.2106]]]}, {"type": "Polygon", "coordinates": [[[12.6554, 53.2323], [12.6591, 53.2332], [12.6591, 53.231], [12.6554, 53.2323]]]}, {"type": "Polygon", "coordinates": [[[12.6653, 53.2406], [12.6754, 53.247], [12.6797, 53.246], [12.6809, 53.2388], [12.6779, 53.2361], [12.6658, 53.238], [12.6653, 53.2406]]]}, {"type": "Polygon", "coordinates": [[[12.6103, 53.2452], [12.6094, 53.2458], [12.6104, 53.2455], [12.6103, 53.2452]]]}, {"type": "Polygon", "coordinates": [[[12.6159, 53.2483], [12.6139, 53.2482], [12.6144, 53.249], [12.6159, 53.2483]]]}, {"type": "Polygon", "coordinates": [[[12.6189, 53.2504], [12.6204, 53.2502], [12.6203, 53.2496], [12.6189, 53.2504]]]}, {"type": "Polygon", "coordinates": [[[12.618, 53.2516], [12.6216, 53.2595], [12.6276, 53.254], [12.6213, 53.2513], [12.618, 53.2516]]]}, {"type": "Polygon", "coordinates": [[[12.6654, 53.2499], [12.6602, 53.2543], [12.6669, 53.2617], [12.6695, 53.2581], [12.6654, 53.2499]]]}, {"type": "Polygon", "coordinates": [[[12.6565, 53.2605], [12.6572, 53.2644], [12.6535, 53.2666], [12.6599, 53.2685], [12.6603, 53.2623], [12.6565, 53.2605]]]}, {"type": "Polygon", "coordinates": [[[12.7817, 53.2678], [12.7871, 53.2656], [12.7853, 53.2643], [12.7816, 53.2646], [12.7817, 53.2678]]]}, {"type": "Polygon", "coordinates": [[[12.625, 53.2679], [12.6435, 53.2695], [12.6341, 53.2652], [12.625, 53.2679]]]}, {"type": "Polygon", "coordinates": [[[12.7119, 53.2682], [12.7086, 53.2691], [12.7134, 53.2692], [12.7119, 53.2682]]]}, {"type": "Polygon", "coordinates": [[[12.6033, 53.2701], [12.6112, 53.2804], [12.6083, 53.2698], [12.6231, 53.2633], [12.6169, 53.2593], [12.6092, 53.263], [12.6033, 53.2701]]]}, {"type": "Polygon", "coordinates": [[[12.7157, 53.2734], [12.716, 53.2719], [12.7147, 53.2734], [12.7157, 53.2734]]]}, {"type": "Polygon", "coordinates": [[[12.7966, 53.278], [12.7998, 53.2761], [12.7995, 53.2759], [12.7966, 53.278]]]}, {"type": "Polygon", "coordinates": [[[12.7754, 53.2821], [12.7791, 53.2844], [12.7799, 53.281], [12.7754, 53.2821]]]}, {"type": "Polygon", "coordinates": [[[12.8065, 53.2908], [12.8008, 53.2872], [12.7959, 53.2899], [12.808, 53.2944], [12.8104, 53.2819], [12.8142, 53.2775], [12.8119, 53.2754], [12.8092, 53.275], [12.8079, 53.2723], [12.8028, 53.2783], [12.8065, 53.2908]], [[12.8124, 53.277], [12.8107, 53.2783], [12.808, 53.2768], [12.8092, 53.2751], [12.8124, 53.277]]]}, {"type": "Polygon", "coordinates": [[[12.5352, 53.2792], [12.5225, 53.2798], [12.5177, 53.2837], [12.538, 53.2895], [12.5498, 53.2855], [12.5421, 53.2853], [12.5473, 53.2838], [12.5352, 53.2792]]]}, {"type": "Polygon", "coordinates": [[[12.8014, 53.2834], [12.8, 53.2864], [12.8036, 53.2847], [12.8014, 53.2834]]]}, {"type": "Polygon", "coordinates": [[[12.508, 53.2884], [12.5053, 53.2879], [12.5034, 53.2884], [12.508, 53.2884]]]}, {"type": "Polygon", "coordinates": [[[12.717, 53.2964], [12.7144, 53.299], [12.7229, 53.2997], [12.7229, 53.2958], [12.717, 53.2964]]]}, {"type": "Polygon", "coordinates": [[[12.6214, 53.299], [12.6209, 53.2949], [12.618, 53.2957], [12.6224, 53.3029], [12.6319, 53.308], [12.637, 53.3068], [12.6296, 53.3053], [12.6214, 53.299]]]}, {"type": "Polygon", "coordinates": [[[12.8601, 53.3046], [12.8658, 53.3062], [12.8692, 53.3056], [12.8666, 53.3006], [12.8601, 53.3046]]]}, {"type": "Polygon", "coordinates": [[[12.52, 53.3031], [12.5183, 53.3064], [12.5212, 53.305], [12.52, 53.3031]]]}, {"type": "Polygon", "coordinates": [[[12.7229, 53.3177], [12.7273, 53.3053], [12.7238, 53.3054], [12.7176, 53.3145], [12.7229, 53.3177]]]}, {"type": "Polygon", "coordinates": [[[12.8436, 53.3177], [12.8489, 53.3168], [12.8478, 53.3105], [12.8425, 53.3145], [12.8436, 53.3177]]]}, {"type": "Polygon", "coordinates": [[[12.7011, 53.3145], [12.7103, 53.3156], [12.7113, 53.3139], [12.7011, 53.3145]]]}, {"type": "Polygon", "coordinates": [[[12.7748, 53.3216], [12.771, 53.3219], [12.7784, 53.3238], [12.7748, 53.3216]]]}, {"type": "Polygon", "coordinates": [[[12.8218, 53.3425], [12.8105, 53.3339], [12.8143, 53.3326], [12.8074, 53.2973], [12.798, 53.301], [12.8069, 53.3084], [12.8051, 53.316], [12.8079, 53.3181], [12.8052, 53.3212], [12.811, 53.3269], [12.8102, 53.3375], [12.817, 53.3444], [12.8175, 53.3539], [12.8314, 53.3551], [12.8327, 53.3531], [12.8245, 53.3506], [12.8218, 53.3425]], [[12.8052, 53.3034], [12.8066, 53.3037], [12.8057, 53.3044], [12.8052, 53.3034]]]}, {"type": "Polygon", "coordinates": [[[12.7877, 53.3477], [12.7859, 53.343], [12.7882, 53.3388], [12.7858, 53.3382], [12.7842, 53.3431], [12.7861, 53.349], [12.7909, 53.3524], [12.796, 53.3513], [12.7877, 53.3477]]]}, {"type": "Polygon", "coordinates": [[[12.8567, 53.3498], [12.861, 53.3502], [12.8633, 53.3465], [12.8567, 53.3498]]]}, {"type": "Polygon", "coordinates": [[[12.5257, 53.3522], [12.5215, 53.354], [12.5263, 53.3537], [12.5257, 53.3522]]]}, {"type": "Polygon", "coordinates": [[[12.8729, 53.3535], [12.8693, 53.355], [12.8732, 53.3544], [12.8729, 53.3535]]]}, {"type": "Polygon", "coordinates": [[[12.5746, 53.3541], [12.5765, 53.3553], [12.579, 53.3551], [12.5785, 53.3544], [12.5746, 53.3541]]]}, {"type": "Polygon", "coordinates": [[[12.8429, 53.3592], [12.8471, 53.3596], [12.8449, 53.3577], [12.8429, 53.3592]]]}, {"type": "Polygon", "coordinates": [[[12.5612, 53.3617], [12.5646, 53.3614], [12.5599, 53.3563], [12.5612, 53.3617]]]}, {"type": "Polygon", "coordinates": [[[12.7652, 53.3641], [12.762, 53.3663], [12.7625, 53.3686], [12.7681, 53.3668], [12.7652, 53.3641]]]}, {"type": "Polygon", "coordinates": [[[12.7869, 53.3691], [12.7925, 53.3739], [12.7995, 53.3721], [12.7929, 53.3673], [12.7964, 53.3646], [12.7928, 53.3627], [12.7869, 53.3691]]]}, {"type": "Polygon", "coordinates": [[[12.8322, 53.3621], [12.8213, 53.3578], [12.8058, 53.3655], [12.8111, 53.3723], [12.8286, 53.3789], [12.827, 53.3759], [12.8338, 53.3755], [12.8359, 53.3673], [12.8322, 53.3621]]]}, {"type": "Polygon", "coordinates": [[[12.8502, 53.3692], [12.8471, 53.3717], [12.8522, 53.3734], [12.8502, 53.3692]]]}, {"type": "Polygon", "coordinates": [[[12.604, 53.3791], [12.6037, 53.381], [12.6074, 53.3808], [12.604, 53.3791]]]}, {"type": "Polygon", "coordinates": [[[12.4999, 53.3812], [12.5045, 53.3808], [12.5023, 53.3793], [12.4999, 53.3812]]]}, {"type": "Polygon", "coordinates": [[[12.7422, 53.4555], [12.7439, 53.4615], [12.7505, 53.4656], [12.76, 53.4642], [12.7627, 53.4593], [12.7615, 53.4498], [12.7533, 53.4462], [12.7616, 53.4419], [12.7589, 53.4393], [12.7735, 53.44], [12.7714, 53.4382], [12.774, 53.4357], [12.7861, 53.4341], [12.7868, 53.4315], [12.7798, 53.4201], [12.7827, 53.4031], [12.7802, 53.3912], [12.7672, 53.3761], [12.7379, 53.3692], [12.7436, 53.3621], [12.7271, 53.3587], [12.7289, 53.356], [12.7259, 53.3512], [12.726, 53.3578], [12.7179, 53.3538], [12.7146, 53.3488], [12.7211, 53.3506], [12.7216, 53.3401], [12.7173, 53.3375], [12.7132, 53.3209], [12.6998, 53.3236], [12.6888, 53.3159], [12.6848, 53.3072], [12.6906, 53.2953], [12.6881, 53.2877], [12.6935, 53.2876], [12.7048, 53.2953], [12.7205, 53.2901], [12.7103, 53.2895], [12.6992, 53.2837], [12.7007, 53.2766], [12.7149, 53.2808], [12.718, 53.2806], [12.7189, 53.2767], [12.7027, 53.2734], [12.6921, 53.2755], [12.6946, 53.2706], [12.7029, 53.2697], [12.7036, 53.2599], [12.717, 53.2615], [12.7136, 53.2656], [12.7221, 53.2673], [12.7191, 53.257], [12.707, 53.2542], [12.6979, 53.2589], [12.6942, 53.2539], [12.6822, 53.2534], [12.6808, 53.2498], [12.6748, 53.2479], [12.6727, 53.2495], [12.6778, 53.2545], [12.6859, 53.2555], [12.6905, 53.2607], [12.6933, 53.2673], [12.6886, 53.2744], [12.6915, 53.278], [12.6959, 53.277], [12.6918, 53.2855], [12.674, 53.2815], [12.6656, 53.2728], [12.6468, 53.2747], [12.6603, 53.2757], [12.6617, 53.2797], [12.6665, 53.2763], [12.6715, 53.2824], [12.6717, 53.2862], [12.668, 53.2886], [12.6857, 53.2938], [12.681, 53.3082], [12.6837, 53.3153], [12.6901, 53.3187], [12.6973, 53.3293], [12.6917, 53.3308], [12.6838, 53.3394], [12.6839, 53.3451], [12.6933, 53.3462], [12.6943, 53.3659], [12.6889, 53.372], [12.688, 53.3812], [12.6745, 53.3932], [12.6804, 53.3984], [12.6736, 53.404], [12.6668, 53.4026], [12.6537, 53.3915], [12.6355, 53.3918], [12.6195, 53.3858], [12.6165, 53.3786], [12.6301, 53.3791], [12.6249, 53.3756], [12.6112, 53.3758], [12.6089, 53.3778], [12.6134, 53.3805], [12.6088, 53.384], [12.6187, 53.3864], [12.6271, 53.3938], [12.6251, 53.4007], [12.6303, 53.4044], [12.629, 53.4167], [12.6235, 53.4259], [12.62, 53.4292], [12.5943, 53.4281], [12.5892, 53.4243], [12.5796, 53.4239], [12.5897, 53.4413], [12.5918, 53.4381], [12.6026, 53.4437], [12.6087, 53.4537], [12.6166, 53.4587], [12.6191, 53.4686], [12.6303, 53.485], [12.6452, 53.4932], [12.6513, 53.5034], [12.634, 53.5021], [12.634, 53.5062], [12.6244, 53.5061], [12.6166, 53.5086], [12.6335, 53.5093], [12.6354, 53.5035], [12.641, 53.5037], [12.6595, 53.5147], [12.6602, 53.5179], [12.6906, 53.512], [12.6903, 53.5049], [12.685, 53.5019], [12.6623, 53.5008], [12.6569, 53.4879], [12.6616, 53.4818], [12.693, 53.4675], [12.7005, 53.4668], [12.7264, 53.4498], [12.7409, 53.4456], [12.747, 53.4478], [12.7422, 53.4555]], [[12.7125, 53.34], [12.7188, 53.3412], [12.7159, 53.3455], [12.7101, 53.3428], [12.7125, 53.34]], [[12.7117, 53.3308], [12.7095, 53.3337], [12.708, 53.3306], [12.7117, 53.3308]], [[12.6929, 53.3378], [12.6934, 53.3395], [12.6923, 53.3379], [12.6929, 53.3378]], [[12.6456, 53.3921], [12.6483, 53.3994], [12.6547, 53.4072], [12.6447, 53.4052], [12.645, 53.3966], [12.6384, 53.3967], [12.6456, 53.3921]], [[12.6785, 53.2539], [12.6803, 53.2528], [12.6811, 53.2546], [12.6785, 53.2539]]]}, {"type": "Polygon", "coordinates": [[[12.5393, 53.3812], [12.5432, 53.3846], [12.5441, 53.3847], [12.5435, 53.3818], [12.5393, 53.3812]]]}, {"type": "Polygon", "coordinates": [[[12.8672, 53.3847], [12.864, 53.3859], [12.8673, 53.3865], [12.8672, 53.3847]]]}, {"type": "Polygon", "coordinates": [[[12.8468, 53.3866], [12.8487, 53.386], [12.8481, 53.3852], [12.8468, 53.3866]]]}, {"type": "Polygon", "coordinates": [[[12.5415, 53.3939], [12.5362, 53.3896], [12.5354, 53.3925], [12.5367, 53.3904], [12.5386, 53.3943], [12.5415, 53.3939]]]}, {"type": "Polygon", "coordinates": [[[12.548, 53.3958], [12.5506, 53.3988], [12.5519, 53.3984], [12.548, 53.3958]]]}, {"type": "Polygon", "coordinates": [[[12.5461, 53.4022], [12.5539, 53.4042], [12.5438, 53.3994], [12.5461, 53.4022]]]}, {"type": "Polygon", "coordinates": [[[12.5914, 53.3977], [12.5914, 53.4018], [12.5991, 53.4083], [12.597, 53.4006], [12.5914, 53.3977]]]}, {"type": "Polygon", "coordinates": [[[12.515, 53.4155], [12.5189, 53.4146], [12.517, 53.4104], [12.5057, 53.4053], [12.4992, 53.4054], [12.4984, 53.4079], [12.515, 53.4155]]]}, {"type": "Polygon", "coordinates": [[[12.6138, 53.4115], [12.6161, 53.4135], [12.6171, 53.4107], [12.6138, 53.4115]]]}, {"type": "Polygon", "coordinates": [[[12.4999, 53.4239], [12.5004, 53.4303], [12.5049, 53.4258], [12.4999, 53.4239]]]}, {"type": "Polygon", "coordinates": [[[12.8592, 53.4236], [12.8624, 53.4247], [12.8619, 53.4353], [12.8674, 53.4212], [12.8592, 53.4236]]]}, {"type": "Polygon", "coordinates": [[[12.8302, 53.4169], [12.8386, 53.4201], [12.8376, 53.4221], [12.8251, 53.4239], [12.8279, 53.419], [12.8198, 53.4192], [12.8172, 53.421], [12.8212, 53.4309], [12.812, 53.4269], [12.7957, 53.4339], [12.7938, 53.4376], [12.7997, 53.4468], [12.7936, 53.4521], [12.7965, 53.454], [12.8098, 53.4485], [12.82, 53.4391], [12.8368, 53.4398], [12.8341, 53.438], [12.8371, 53.4336], [12.8476, 53.43], [12.8482, 53.4226], [12.84, 53.4092], [12.8302, 53.4169]]]}, {"type": "Polygon", "coordinates": [[[12.833, 53.4481], [12.8318, 53.4489], [12.8322, 53.4495], [12.833, 53.4481]]]}, {"type": "Polygon", "coordinates": [[[12.8542, 53.4511], [12.8587, 53.4505], [12.8529, 53.448], [12.8502, 53.4487], [12.8542, 53.4511]]]}, {"type": "Polygon", "coordinates": [[[12.8212, 53.4509], [12.8229, 53.4551], [12.8297, 53.449], [12.8278, 53.448], [12.8212, 53.4509]]]}, {"type": "Polygon", "coordinates": [[[12.8234, 53.4591], [12.8225, 53.4595], [12.8233, 53.4596], [12.8234, 53.4591]]]}, {"type": "Polygon", "coordinates": [[[12.5234, 53.4654], [12.5315, 53.4648], [12.5273, 53.4602], [12.5097, 53.4573], [12.5212, 53.461], [12.5234, 53.4654]]]}, {"type": "Polygon", "coordinates": [[[12.5062, 53.4657], [12.5051, 53.4651], [12.5051, 53.4659], [12.5062, 53.4657]]]}, {"type": "Polygon", "coordinates": [[[12.7183, 53.473], [12.7207, 53.4707], [12.7145, 53.4653], [12.7065, 53.4661], [12.7183, 53.473]]]}, {"type": "Polygon", "coordinates": [[[12.7667, 53.4692], [12.7712, 53.4751], [12.7752, 53.4745], [12.7743, 53.4702], [12.7667, 53.4692]]]}, {"type": "Polygon", "coordinates": [[[12.7, 53.4778], [12.7066, 53.4782], [12.709, 53.4753], [12.707, 53.471], [12.6981, 53.475], [12.7, 53.4778]]]}, {"type": "Polygon", "coordinates": [[[12.6769, 53.4826], [12.678, 53.481], [12.6772, 53.4805], [12.6769, 53.4826]]]}, {"type": "Polygon", "coordinates": [[[12.6775, 53.4839], [12.6789, 53.4843], [12.6788, 53.4833], [12.6775, 53.4839]]]}, {"type": "Polygon", "coordinates": [[[12.763, 53.4883], [12.7697, 53.4861], [12.7657, 53.4817], [12.763, 53.4883]]]}, {"type": "Polygon", "coordinates": [[[12.5443, 53.4824], [12.5362, 53.489], [12.5484, 53.485], [12.5443, 53.4824]]]}, {"type": "Polygon", "coordinates": [[[12.5347, 53.4863], [12.5356, 53.4851], [12.5326, 53.4854], [12.5347, 53.4863]]]}, {"type": "Polygon", "coordinates": [[[12.5291, 53.4893], [12.5317, 53.4872], [12.5288, 53.4888], [12.5291, 53.4893]]]}, {"type": "Polygon", "coordinates": [[[12.5352, 53.4883], [12.5335, 53.4885], [12.5333, 53.4901], [12.5352, 53.4883]]]}, {"type": "Polygon", "coordinates": [[[12.5198, 53.4904], [12.5253, 53.4893], [12.5244, 53.4885], [12.5178, 53.4888], [12.5198, 53.4904]]]}, {"type": "Polygon", "coordinates": [[[12.7362, 53.488], [12.7358, 53.49], [12.7396, 53.4912], [12.7362, 53.488]]]}, {"type": "Polygon", "coordinates": [[[12.7497, 53.4876], [12.7488, 53.4931], [12.7647, 53.4964], [12.7513, 53.4913], [12.7497, 53.4876]]]}, {"type": "Polygon", "coordinates": [[[12.7126, 53.4997], [12.7107, 53.4916], [12.7188, 53.489], [12.7192, 53.4838], [12.7155, 53.4819], [12.7067, 53.485], [12.7063, 53.4908], [12.7007, 53.4978], [12.6891, 53.5021], [12.7011, 53.5033], [12.7126, 53.4997]], [[12.7085, 53.4957], [12.7051, 53.4957], [12.7044, 53.4952], [12.7067, 53.4936], [12.7085, 53.4957]]]}, {"type": "Polygon", "coordinates": [[[12.5421, 53.494], [12.5385, 53.4905], [12.5333, 53.4939], [12.5321, 53.4902], [12.5297, 53.494], [12.5258, 53.4907], [12.5078, 53.4948], [12.5129, 53.4972], [12.5346, 53.494], [12.5373, 53.4961], [12.5421, 53.494]]]}, {"type": "Polygon", "coordinates": [[[12.8053, 53.4985], [12.8079, 53.499], [12.8116, 53.4952], [12.8064, 53.4938], [12.8053, 53.4985]]]}, {"type": "Polygon", "coordinates": [[[12.8329, 53.4996], [12.837, 53.4903], [12.8317, 53.4905], [12.8334, 53.4939], [12.829, 53.4957], [12.8284, 53.5022], [12.8309, 53.4985], [12.8353, 53.5038], [12.8329, 53.4996]]]}, {"type": "Polygon", "coordinates": [[[12.7663, 53.5001], [12.7688, 53.5032], [12.7721, 53.5031], [12.771, 53.4991], [12.7663, 53.5001]]]}, {"type": "Polygon", "coordinates": [[[12.7175, 53.5046], [12.7138, 53.5063], [12.7179, 53.5075], [12.7175, 53.5046]]]}, {"type": "Polygon", "coordinates": [[[12.6818, 53.5158], [12.6847, 53.5158], [12.6839, 53.5151], [12.6818, 53.5158]]]}, {"type": "Polygon", "coordinates": [[[12.5698, 53.5294], [12.5764, 53.5272], [12.5748, 53.5251], [12.5673, 53.5265], [12.5698, 53.5294]]]}, {"type": "Polygon", "coordinates": [[[12.688, 53.5158], [12.6933, 53.5177], [12.6865, 53.525], [12.6891, 53.5409], [12.698, 53.5404], [12.6923, 53.5348], [12.6966, 53.5239], [12.7074, 53.5293], [12.6929, 53.5154], [12.688, 53.5158]]]}, {"type": "Polygon", "coordinates": [[[12.5166, 53.5159], [12.5176, 53.5199], [12.5313, 53.5286], [12.5313, 53.5314], [12.5398, 53.5294], [12.5463, 53.5329], [12.5517, 53.5427], [12.5576, 53.5415], [12.5563, 53.5328], [12.5452, 53.5299], [12.5451, 53.5213], [12.5282, 53.5219], [12.5166, 53.5159]]]}, {"type": "Polygon", "coordinates": [[[12.5584, 53.5285], [12.5594, 53.5313], [12.566, 53.5289], [12.5646, 53.5278], [12.5584, 53.5285]]]}, {"type": "Polygon", "coordinates": [[[12.8559, 53.5413], [12.8563, 53.5389], [12.8451, 53.5408], [12.8473, 53.5421], [12.8617, 53.5437], [12.8559, 53.5413]]]}, {"type": "Polygon", "coordinates": [[[12.5179, 53.555], [12.5276, 53.5535], [12.5329, 53.5475], [12.5317, 53.5395], [12.5199, 53.5429], [12.5235, 53.5509], [12.5179, 53.555]]]}, {"type": "Polygon", "coordinates": [[[12.5541, 53.5471], [12.5563, 53.5545], [12.5628, 53.5581], [12.5601, 53.5502], [12.5541, 53.5471]]]}, {"type": "Polygon", "coordinates": [[[12.5063, 53.5613], [12.5038, 53.5622], [12.5086, 53.5623], [12.5063, 53.5613]]]}, {"type": "Polygon", "coordinates": [[[12.7966, 53.5483], [12.7862, 53.55], [12.7725, 53.5688], [12.7827, 53.576], [12.7981, 53.5671], [12.8011, 53.5543], [12.7966, 53.5483]]]}, {"type": "Polygon", "coordinates": [[[12.5275, 53.5706], [12.5225, 53.5656], [12.5131, 53.5639], [12.5231, 53.5677], [12.5242, 53.5713], [12.5275, 53.5706]]]}, {"type": "Polygon", "coordinates": [[[12.5215, 53.5744], [12.5122, 53.5707], [12.5025, 53.5743], [12.5033, 53.5772], [12.5228, 53.5779], [12.5215, 53.5744]]]}, {"type": "Polygon", "coordinates": [[[12.8384, 53.5816], [12.8414, 53.5791], [12.8407, 53.5783], [12.8384, 53.5816]]]}, {"type": "Polygon", "coordinates": [[[12.8481, 53.5862], [12.8547, 53.5798], [12.8478, 53.5766], [12.8428, 53.5805], [12.8429, 53.5843], [12.8481, 53.5862]]]}, {"type": "Polygon", "coordinates": [[[12.5139, 53.5834], [12.519, 53.5909], [12.5235, 53.5908], [12.5257, 53.5968], [12.5225, 53.6021], [12.529, 53.6036], [12.5311, 53.5956], [12.5362, 53.5906], [12.5218, 53.59], [12.5179, 53.5819], [12.5084, 53.5812], [12.5139, 53.5834]]]}, {"type": "Polygon", "coordinates": [[[12.8403, 53.5894], [12.8272, 53.5964], [12.8414, 53.6046], [12.8498, 53.6032], [12.8539, 53.596], [12.8529, 53.5908], [12.8481, 53.5882], [12.8403, 53.5894]]]}, {"type": "Polygon", "coordinates": [[[12.7513, 53.6052], [12.7515, 53.6088], [12.7592, 53.6184], [12.7719, 53.6241], [12.7513, 53.6052]]]}, {"type": "Polygon", "coordinates": [[[12.5421, 53.625], [12.548, 53.611], [12.5463, 53.6038], [12.5316, 53.604], [12.5427, 53.6073], [12.5432, 53.6137], [12.537, 53.6152], [12.5342, 53.6255], [12.5306, 53.625], [12.5363, 53.6287], [12.5421, 53.625]], [[12.5393, 53.617], [12.5415, 53.6186], [12.5404, 53.6193], [12.5393, 53.617]]]}, {"type": "Polygon", "coordinates": [[[12.6336, 53.6286], [12.6219, 53.6309], [12.6288, 53.6321], [12.6336, 53.6286]]]}, {"type": "Polygon", "coordinates": [[[12.8724, 53.6292], [12.8697, 53.631], [12.8696, 53.6321], [12.8723, 53.6326], [12.8724, 53.6292]]]}, {"type": "Polygon", "coordinates": [[[12.8621, 53.6297], [12.8599, 53.6319], [12.8525, 53.6266], [12.8596, 53.6368], [12.8647, 53.6361], [12.8621, 53.6297]]]}, {"type": "Polygon", "coordinates": [[[12.847, 53.6421], [12.8478, 53.6429], [12.8502, 53.6406], [12.847, 53.6421]]]}, {"type": "Polygon", "coordinates": [[[12.6893, 53.6549], [12.6952, 53.6551], [12.699, 53.6593], [12.7015, 53.6582], [12.6959, 53.6517], [12.6893, 53.6549]]]}, {"type": "Polygon", "coordinates": [[[12.5755, 53.6557], [12.5739, 53.6575], [12.5762, 53.6565], [12.5755, 53.6557]]]}, {"type": "Polygon", "coordinates": [[[12.6285, 53.6589], [12.6304, 53.6584], [12.6285, 53.6584], [12.6285, 53.6589]]]}, {"type": "Polygon", "coordinates": [[[12.6334, 53.6642], [12.6357, 53.6608], [12.6344, 53.6606], [12.6334, 53.6642]]]}, {"type": "Polygon", "coordinates": [[[12.7004, 53.6641], [12.7038, 53.663], [12.7032, 53.6611], [12.7004, 53.6641]]]}, {"type": "Polygon", "coordinates": [[[12.7356, 53.6684], [12.7338, 53.6686], [12.7353, 53.6693], [12.7356, 53.6684]]]}, {"type": "Polygon", "coordinates": [[[12.5552, 53.6802], [12.5585, 53.684], [12.565, 53.6805], [12.5552, 53.6802]]]}, {"type": "Polygon", "coordinates": [[[12.6441, 53.6887], [12.6363, 53.6835], [12.6201, 53.6804], [12.6269, 53.6764], [12.624, 53.6708], [12.617, 53.667], [12.5947, 53.6658], [12.5851, 53.6623], [12.5704, 53.6704], [12.568, 53.6755], [12.5722, 53.6792], [12.5873, 53.68], [12.5972, 53.6857], [12.6229, 53.6906], [12.6256, 53.7002], [12.6374, 53.7154], [12.6607, 53.7232], [12.6722, 53.7209], [12.661, 53.7104], [12.6567, 53.6997], [12.6441, 53.6887]]]}, {"type": "Polygon", "coordinates": [[[12.8338, 53.7726], [12.8338, 53.7727], [12.8339, 53.7727], [12.8338, 53.7726]]]}, {"type": "Polygon", "coordinates": [[[12.8707, 53.7923], [12.8705, 53.7923], [12.8705, 53.7924], [12.8707, 53.7923]]]}, {"type": "Polygon", "coordinates": [[[12.6265, 53.7956], [12.6254, 53.7939], [12.6051, 53.786], [12.6038, 53.7825], [12.593, 53.785], [12.5904, 53.7816], [12.5807, 53.7811], [12.583, 53.7877], [12.5885, 53.7901], [12.5872, 53.7939], [12.5936, 53.7942], [12.589, 53.8007], [12.5938, 53.7988], [12.6009, 53.8044], [12.6049, 53.8029], [12.6045, 53.7992], [12.6275, 53.7998], [12.6214, 53.7967], [12.6265, 53.7956]], [[12.6013, 53.7943], [12.5927, 53.7872], [12.5981, 53.789], [12.6013, 53.7943]], [[12.6027, 53.7908], [12.601, 53.7918], [12.6015, 53.7903], [12.6027, 53.7908]], [[12.583, 53.7831], [12.5884, 53.7856], [12.5908, 53.7862], [12.5877, 53.787], [12.583, 53.7831]]]}, {"type": "Polygon", "coordinates": [[[12.8717, 53.794], [12.8721, 53.794], [12.8717, 53.7936], [12.8717, 53.794]]]}, {"type": "Polygon", "coordinates": [[[12.9136, 53.8425], [12.9101, 53.8287], [12.9118, 53.8228], [12.9004, 53.8129], [12.8975, 53.8051], [12.8767, 53.803], [12.8648, 53.7853], [12.8574, 53.7802], [12.84, 53.7724], [12.8387, 53.7732], [12.8362, 53.7719], [12.8355, 53.773], [12.8281, 53.7721], [12.816, 53.7668], [12.8004, 53.7752], [12.8106, 53.7899], [12.8158, 53.7929], [12.8139, 53.7939], [12.8211, 53.7969], [12.8235, 53.8033], [12.82, 53.8059], [12.8205, 53.8099], [12.8243, 53.8161], [12.8675, 53.8336], [12.8936, 53.8488], [12.903, 53.8487], [12.9136, 53.8425]], [[12.8158, 53.7926], [12.8157, 53.7927], [12.8153, 53.7926], [12.8158, 53.7926]]]}, {"type": "Polygon", "coordinates": [[[12.8296, 54.3502], [12.832, 54.3493], [12.8283, 54.3499], [12.8296, 54.3502]]]}, {"type": "Polygon", "coordinates": [[[12.7107, 54.3755], [12.7147, 54.3788], [12.7184, 54.3769], [12.7154, 54.3735], [12.7107, 54.3755]]]}, {"type": "Polygon", "coordinates": [[[12.6287, 54.4286], [12.6309, 54.427], [12.6263, 54.4287], [12.6287, 54.4286]]]}, {"type": "Polygon", "coordinates": [[[12.6141, 54.4334], [12.6197, 54.4331], [12.6265, 54.4297], [12.6141, 54.4334]]]}, {"type": "Polygon", "coordinates": [[[12.6025, 54.4484], [12.6026, 54.4449], [12.6017, 54.4456], [12.6025, 54.4484]]]}, {"type": "Polygon", "coordinates": [[[12.519, 54.9841], [12.5249, 54.9844], [12.5254, 54.9828], [12.519, 54.9841]]]}, {"type": "Polygon", "coordinates": [[[12.5158, 54.992], [12.5144, 54.993], [12.5169, 54.9931], [12.5158, 54.992]]]}, {"type": "Polygon", "coordinates": [[[12.5205, 54.994], [12.519, 54.995], [12.521, 54.9951], [12.5205, 54.994]]]}, {"type": "Polygon", "coordinates": [[[12.5027, 54.9994], [12.5039, 54.9973], [12.5028, 54.9973], [12.5027, 54.9994]]]}, {"type": "Polygon", "coordinates": [[[12.5486, 55.7217], [12.5462, 55.7225], [12.5546, 55.7229], [12.5486, 55.7217]]]}, {"type": "Polygon", "coordinates": [[[12.5295, 55.7506], [12.5343, 55.7531], [12.5375, 55.7446], [12.5335, 55.7441], [12.5295, 55.7506]]]}, {"type": "Polygon", "coordinates": [[[12.5426, 55.7586], [12.5336, 55.7598], [12.5417, 55.7603], [12.5426, 55.7586]]]}, {"type": "Polygon", "coordinates": [[[12.5444, 55.764], [12.5417, 55.7612], [12.5379, 55.7643], [12.5444, 55.764]]]}, {"type": "Polygon", "coordinates": [[[12.5469, 55.8296], [12.5466, 55.8296], [12.5465, 55.8311], [12.5469, 55.8296]]]}, {"type": "Polygon", "coordinates": [[[12.5218, 55.8373], [12.5227, 55.8382], [12.5244, 55.8384], [12.5218, 55.8373]]]}, {"type": "Polygon", "coordinates": [[[12.5197, 55.84], [12.5208, 55.838], [12.5185, 55.8376], [12.5197, 55.84]]]}, {"type": "Polygon", "coordinates": [[[12.524, 55.8416], [12.5214, 55.8408], [12.5213, 55.8414], [12.524, 55.8416]]]}, {"type": "Polygon", "coordinates": [[[12.5462, 55.8593], [12.5463, 55.8585], [12.5459, 55.8592], [12.5462, 55.8593]]]}, {"type": "Polygon", "coordinates": [[[12.557, 55.8669], [12.5555, 55.8671], [12.556, 55.8678], [12.557, 55.8669]]]}, {"type": "Polygon", "coordinates": [[[12.5038, 55.8682], [12.5028, 55.8687], [12.5034, 55.8696], [12.5038, 55.8682]]]}, {"type": "Polygon", "coordinates": [[[12.5174, 55.8692], [12.517, 55.8695], [12.5192, 55.8698], [12.5174, 55.8692]]]}, {"type": "Polygon", "coordinates": [[[12.5478, 55.8723], [12.5452, 55.8705], [12.5451, 55.8707], [12.5478, 55.8723]]]}, {"type": "Polygon", "coordinates": [[[12.5035, 55.8783], [12.5043, 55.878], [12.5034, 55.8778], [12.5035, 55.8783]]]}, {"type": "Polygon", "coordinates": [[[12.5034, 55.8799], [12.5036, 55.8795], [12.503, 55.8792], [12.5034, 55.8799]]]}, {"type": "Polygon", "coordinates": [[[12.5207, 55.8845], [12.5204, 55.8854], [12.5229, 55.8854], [12.5207, 55.8845]]]}, {"type": "Polygon", "coordinates": [[[12.5054, 56.0066], [12.5091, 56.0042], [12.5094, 56.002], [12.5051, 56.0045], [12.5054, 56.0066]]]}, {"type": "Polygon", "coordinates": [[[12.5837, 56.015], [12.583, 56.0148], [12.5811, 56.015], [12.5837, 56.015]]]}, {"type": "Polygon", "coordinates": [[[12.5943, 56.0222], [12.5935, 56.0204], [12.5927, 56.0213], [12.5943, 56.0222]]]}, {"type": "Polygon", "coordinates": [[[12.5982, 56.0229], [12.5965, 56.0232], [12.5983, 56.0243], [12.6004, 56.024], [12.5982, 56.0229]]]}, {"type": "Polygon", "coordinates": [[[12.54, 56.0488], [12.5374, 56.0496], [12.5383, 56.051], [12.54, 56.0488]]]}, {"type": "Polygon", "coordinates": [[[12.532, 56.0575], [12.5361, 56.0564], [12.5316, 56.0567], [12.532, 56.0575]]]}, {"type": "Polygon", "coordinates": [[[12.5225, 56.0684], [12.5224, 56.0677], [12.5221, 56.0677], [12.5225, 56.0684]]]}, {"type": "Polygon", "coordinates": [[[14.0228, 52.7979], [14.0171, 52.8015], [14.0095, 52.8006], [14.004, 52.8024], [14.0018, 52.8036], [14.0017, 52.8068], [13.9938, 52.804], [13.998, 52.8037], [14.0018, 52.8014], [13.9919, 52.803], [13.9858, 52.8085], [13.9802, 52.8078], [13.9644, 52.8126], [13.9607, 52.8155], [13.9593, 52.82], [13.9616, 52.8217], [13.9691, 52.8258], [13.9767, 52.8264], [13.9778, 52.8338], [13.975, 52.8367], [13.9734, 52.8408], [13.9754, 52.8472], [13.973, 52.8474], [13.9725, 52.8485], [13.9757, 52.8527], [13.9818, 52.8538], [13.9866, 52.8563], [13.9875, 52.8574], [13.9821, 52.8554], [13.9826, 52.8607], [13.9728, 52.8584], [13.9665, 52.8514], [13.9701, 52.8524], [13.9713, 52.8511], [13.9686, 52.8482], [13.967, 52.8504], [13.9629, 52.8436], [13.9658, 52.8506], [13.9632, 52.8485], [13.9583, 52.8477], [13.9632, 52.8492], [13.9618, 52.8519], [13.9689, 52.8597], [13.9882, 52.8618], [14.0139, 52.8601], [14.0377, 52.8646], [14.0341, 52.8604], [14.0351, 52.856], [14.0337, 52.8518], [14.0007, 52.8376], [13.9905, 52.8346], [13.9877, 52.829], [14.0043, 52.821], [14.0255, 52.8043], [14.0624, 52.8096], [14.0306, 52.8038], [14.0293, 52.796], [14.0228, 52.7979]], [[13.9984, 52.8605], [13.9949, 52.8607], [13.9939, 52.8593], [13.9958, 52.8582], [13.9984, 52.8605]], [[13.9932, 52.8606], [13.9893, 52.8604], [13.9875, 52.8559], [13.9733, 52.8484], [13.9759, 52.8473], [13.9762, 52.8466], [13.9762, 52.8362], [13.9793, 52.8399], [13.9775, 52.8422], [13.9807, 52.8448], [13.9777, 52.8445], [13.9772, 52.846], [13.9824, 52.8504], [13.994, 52.8568], [13.9932, 52.8606]], [[14.0019, 52.858], [14.0028, 52.8592], [13.996, 52.858], [13.9899, 52.8522], [13.9977, 52.8569], [14.0019, 52.858]], [[13.9943, 52.8537], [14.0045, 52.854], [13.9993, 52.8548], [14.005, 52.8593], [13.9943, 52.8537]], [[14.0061, 52.8546], [14.0058, 52.8528], [14.0066, 52.8546], [14.0061, 52.8546]], [[13.9987, 52.8534], [14.001, 52.8524], [14.0027, 52.8531], [14.0008, 52.853], [13.9987, 52.8534]], [[14.0036, 52.8519], [14.0026, 52.8523], [14.0028, 52.8517], [14.0036, 52.8519]], [[14.0083, 52.8529], [14.006, 52.8514], [14.0091, 52.8523], [14.0083, 52.8529]], [[14.0143, 52.8546], [14.017, 52.853], [14.0128, 52.8526], [14.0129, 52.8479], [14.0041, 52.8498], [14.0053, 52.8457], [14.0005, 52.852], [13.9938, 52.8496], [13.9974, 52.8536], [13.9838, 52.8505], [13.9778, 52.8458], [13.9813, 52.8458], [13.9793, 52.8282], [13.9909, 52.836], [14.032, 52.852], [14.0342, 52.8542], [14.0333, 52.8607], [14.0353, 52.8634], [14.0313, 52.8625], [14.0296, 52.856], [14.019, 52.8504], [14.0226, 52.8539], [14.0193, 52.8564], [14.0143, 52.8546]], [[13.9609, 52.8198], [13.9605, 52.8167], [13.9632, 52.8141], [13.9662, 52.8183], [13.9609, 52.8198]], [[13.9629, 52.8214], [13.9664, 52.8215], [13.9667, 52.8232], [13.9629, 52.8214]], [[14.0031, 52.8035], [14.0095, 52.8013], [14.0143, 52.8025], [14.0201, 52.801], [14.0268, 52.7975], [14.029, 52.7991], [14.0164, 52.8075], [14.0111, 52.8153], [13.9894, 52.8254], [13.9861, 52.8305], [13.9762, 52.825], [13.9671, 52.8237], [13.9658, 52.8129], [13.9838, 52.8142], [13.989, 52.8117], [13.9891, 52.8102], [13.9928, 52.8115], [13.999, 52.8109], [14.0034, 52.8093], [13.9887, 52.8097], [13.9807, 52.8135], [13.9915, 52.8054], [14.0029, 52.8071], [14.0031, 52.8035]], [[13.9779, 52.8137], [13.9702, 52.8118], [13.9841, 52.8091], [13.9779, 52.8137]]]}, {"type": "Polygon", "coordinates": [[[13.7659, 52.9722], [13.761, 52.9808], [13.7529, 52.9832], [13.7538, 52.9863], [13.7747, 52.9924], [13.7953, 52.9865], [13.8045, 52.9869], [13.8123, 52.9709], [13.8042, 52.9667], [13.8051, 52.9637], [13.7989, 52.9622], [13.7996, 52.9642], [13.7804, 52.9653], [13.7659, 52.9722]]]}, {"type": "Polygon", "coordinates": [[[12.9475, 53.2827], [12.9516, 53.2821], [12.9503, 53.2816], [12.9475, 53.2827]]]}, {"type": "Polygon", "coordinates": [[[12.9342, 53.285], [12.9367, 53.2881], [12.9458, 53.2837], [12.9398, 53.2835], [12.9342, 53.285]]]}, {"type": "Polygon", "coordinates": [[[12.8977, 53.2976], [12.903, 53.3037], [12.9071, 53.2975], [12.9055, 53.296], [12.8977, 53.2976]]]}, {"type": "Polygon", "coordinates": [[[13.0288, 53.2953], [13.0226, 53.3005], [13.0176, 53.3002], [13.0149, 53.2944], [12.9992, 53.2922], [12.9995, 53.2978], [12.989, 53.282], [12.9786, 53.2823], [12.9769, 53.2796], [12.972, 53.2851], [12.9727, 53.2909], [12.9669, 53.2904], [13.0032, 53.3026], [13.0034, 53.3059], [13.0111, 53.3097], [13.0065, 53.3109], [13.0099, 53.3214], [13.0104, 53.3145], [13.0145, 53.3122], [13.0206, 53.3151], [13.0265, 53.3089], [13.0288, 53.2953]]]}, {"type": "Polygon", "coordinates": [[[12.9348, 53.3007], [12.9384, 53.3055], [12.9445, 53.3053], [12.9451, 53.311], [12.9413, 53.3143], [12.9491, 53.3197], [12.9684, 53.31], [12.9726, 53.3112], [12.9738, 53.3082], [12.9644, 53.3008], [12.9407, 53.2964], [12.9463, 53.2917], [12.9392, 53.2927], [12.9348, 53.3007]]]}, {"type": "Polygon", "coordinates": [[[12.9019, 53.3211], [12.9048, 53.3225], [12.9153, 53.3249], [12.9181, 53.3225], [12.9164, 53.3149], [12.9027, 53.3172], [12.9019, 53.3211]]]}, {"type": "Polygon", "coordinates": [[[12.9455, 53.3227], [12.9446, 53.3243], [12.946, 53.3243], [12.9455, 53.3227]]]}, {"type": "Polygon", "coordinates": [[[12.9333, 53.3407], [12.9373, 53.3421], [12.9355, 53.3376], [12.9423, 53.3278], [12.9318, 53.3243], [12.9363, 53.3301], [12.9333, 53.3407]]]}, {"type": "Polygon", "coordinates": [[[12.9477, 53.3386], [12.9447, 53.3417], [12.9481, 53.3408], [12.9477, 53.3386]]]}, {"type": "Polygon", "coordinates": [[[12.9408, 53.3412], [12.9426, 53.3416], [12.9428, 53.3408], [12.9408, 53.3412]]]}, {"type": "Polygon", "coordinates": [[[12.9207, 53.3433], [12.9256, 53.3422], [12.9244, 53.3398], [12.9205, 53.3406], [12.9207, 53.3433]]]}, {"type": "Polygon", "coordinates": [[[12.9606, 53.3473], [12.9638, 53.3555], [12.9566, 53.3503], [12.9535, 53.3544], [12.9605, 53.3572], [12.9677, 53.3547], [12.9761, 53.3597], [12.9661, 53.3588], [12.9604, 53.3642], [12.9632, 53.3709], [12.9803, 53.3687], [12.978, 53.3565], [12.9831, 53.3542], [12.9756, 53.3483], [12.9771, 53.3377], [12.973, 53.3315], [12.9742, 53.328], [12.9638, 53.3204], [12.9568, 53.3321], [12.9634, 53.3402], [12.9606, 53.3473]]]}, {"type": "Polygon", "coordinates": [[[12.9525, 53.3445], [12.9468, 53.3453], [12.9528, 53.3475], [12.9525, 53.3445]]]}, {"type": "Polygon", "coordinates": [[[12.869, 53.3477], [12.8719, 53.3491], [12.8774, 53.3475], [12.8741, 53.3435], [12.869, 53.3477]]]}, {"type": "Polygon", "coordinates": [[[12.9126, 53.3488], [12.9214, 53.3474], [12.9187, 53.3448], [12.9126, 53.3488]]]}, {"type": "Polygon", "coordinates": [[[12.9069, 53.3593], [12.9119, 53.3509], [12.907, 53.343], [12.9001, 53.3408], [12.8903, 53.3468], [12.8897, 53.3519], [12.8785, 53.3559], [12.8816, 53.3589], [12.8943, 53.3554], [12.9069, 53.3593]], [[12.901, 53.3495], [12.901, 53.3498], [12.8968, 53.3493], [12.901, 53.3495]]]}, {"type": "Polygon", "coordinates": [[[13.0116, 53.3531], [13.0093, 53.3544], [13.012, 53.3547], [13.0116, 53.3531]]]}, {"type": "Polygon", "coordinates": [[[12.9463, 53.3572], [12.944, 53.3522], [12.9464, 53.3496], [12.9386, 53.3527], [12.9384, 53.3612], [12.9463, 53.3572]]]}, {"type": "Polygon", "coordinates": [[[13.0068, 53.3551], [13.0057, 53.3558], [13.0067, 53.3562], [13.0068, 53.3551]]]}, {"type": "Polygon", "coordinates": [[[13.0108, 53.3583], [13.0115, 53.3573], [13.0076, 53.358], [13.0108, 53.3583]]]}, {"type": "Polygon", "coordinates": [[[13.8485, 53.3575], [13.862, 53.3658], [13.8771, 53.368], [13.8855, 53.3626], [13.8782, 53.3556], [13.8585, 53.3491], [13.8497, 53.3507], [13.8485, 53.3575]]]}, {"type": "Polygon", "coordinates": [[[13.0406, 53.3731], [13.0507, 53.3706], [13.0537, 53.3667], [13.0435, 53.3514], [13.032, 53.3479], [13.0182, 53.3548], [13.0276, 53.3705], [13.0406, 53.3731]]]}, {"type": "Polygon", "coordinates": [[[13.0023, 53.3625], [13.0048, 53.3685], [13.0066, 53.3625], [13.0023, 53.3625]]]}, {"type": "Polygon", "coordinates": [[[13.0703, 53.3654], [13.0722, 53.3679], [13.078, 53.3658], [13.0758, 53.3648], [13.0703, 53.3654]]]}, {"type": "Polygon", "coordinates": [[[12.9156, 53.3693], [12.9197, 53.3706], [12.9173, 53.3684], [12.9156, 53.3693]]]}, {"type": "Polygon", "coordinates": [[[12.9094, 53.3704], [12.9122, 53.3717], [12.9125, 53.3698], [12.9094, 53.3704]]]}, {"type": "Polygon", "coordinates": [[[13.0066, 53.3701], [13.0045, 53.3737], [13.0112, 53.3739], [13.0066, 53.3701]]]}, {"type": "Polygon", "coordinates": [[[12.9626, 53.3751], [12.9589, 53.3748], [12.9603, 53.3761], [12.9626, 53.3751]]]}, {"type": "Polygon", "coordinates": [[[12.9252, 53.3804], [12.9284, 53.3778], [12.9229, 53.374], [12.9138, 53.375], [12.9126, 53.3787], [12.9252, 53.3804]], [[12.9224, 53.3777], [12.9252, 53.3761], [12.9264, 53.3765], [12.9263, 53.377], [12.9224, 53.3777]]]}, {"type": "Polygon", "coordinates": [[[12.8751, 53.3864], [12.8924, 53.3839], [12.8889, 53.3741], [12.8734, 53.3786], [12.8751, 53.3864]]]}, {"type": "Polygon", "coordinates": [[[12.9304, 53.3816], [12.9317, 53.3803], [12.9306, 53.3799], [12.9304, 53.3816]]]}, {"type": "Polygon", "coordinates": [[[12.9404, 53.3842], [12.9388, 53.385], [12.9406, 53.385], [12.9404, 53.3842]]]}, {"type": "Polygon", "coordinates": [[[12.9982, 53.3868], [12.9977, 53.39], [13.0, 53.3876], [12.9982, 53.3868]]]}, {"type": "Polygon", "coordinates": [[[13.1063, 53.3968], [13.1049, 53.3892], [13.0989, 53.3841], [13.0943, 53.3833], [13.1023, 53.39], [13.1022, 53.3969], [13.1063, 53.3968]]]}, {"type": "Polygon", "coordinates": [[[12.8749, 53.3911], [12.8777, 53.39], [12.8763, 53.3895], [12.8716, 53.3899], [12.8749, 53.3911]]]}, {"type": "Polygon", "coordinates": [[[12.8989, 53.3918], [12.9013, 53.3912], [12.9012, 53.3899], [12.8989, 53.3918]]]}, {"type": "Polygon", "coordinates": [[[13.0932, 53.3895], [13.0901, 53.3922], [13.0947, 53.3925], [13.0932, 53.3895]]]}, {"type": "Polygon", "coordinates": [[[12.9508, 53.3857], [12.953, 53.3927], [12.944, 53.3958], [12.9541, 53.3964], [12.9538, 53.3927], [12.9595, 53.3914], [12.9587, 53.3869], [12.9508, 53.3857]]]}, {"type": "Polygon", "coordinates": [[[12.8976, 53.3998], [12.8926, 53.3956], [12.8855, 53.397], [12.8867, 53.39], [12.8813, 53.3905], [12.8834, 53.3937], [12.88, 53.3951], [12.8811, 53.3987], [12.8976, 53.3998]]]}, {"type": "Polygon", "coordinates": [[[13.1204, 53.4023], [13.1236, 53.4004], [13.1122, 53.398], [13.1104, 53.3997], [13.1204, 53.4023]]]}, {"type": "Polygon", "coordinates": [[[12.9495, 53.4018], [12.953, 53.4015], [12.9515, 53.4001], [12.9495, 53.4018]]]}, {"type": "Polygon", "coordinates": [[[13.1244, 53.4039], [13.1286, 53.4068], [13.1376, 53.4057], [13.1291, 53.4024], [13.1244, 53.4039]]]}, {"type": "Polygon", "coordinates": [[[12.9734, 53.4096], [12.9754, 53.4089], [12.9725, 53.4055], [12.9858, 53.4067], [12.9775, 53.4028], [12.9717, 53.4036], [12.9699, 53.4075], [12.9734, 53.4096]]]}, {"type": "Polygon", "coordinates": [[[12.8997, 53.4062], [12.9036, 53.4075], [12.9062, 53.407], [12.9052, 53.4059], [12.8997, 53.4062]]]}, {"type": "Polygon", "coordinates": [[[12.978, 53.409], [12.977, 53.4089], [12.9773, 53.4096], [12.978, 53.409]]]}, {"type": "Polygon", "coordinates": [[[12.9902, 53.4112], [12.993, 53.4101], [12.9916, 53.4089], [12.9902, 53.4112]]]}, {"type": "Polygon", "coordinates": [[[12.9682, 53.4096], [12.9616, 53.4118], [12.9645, 53.4122], [12.9682, 53.4096]]]}, {"type": "Polygon", "coordinates": [[[12.9854, 53.4143], [12.9964, 53.4143], [12.9927, 53.4119], [12.9943, 53.414], [12.9854, 53.4143]]]}, {"type": "Polygon", "coordinates": [[[12.9305, 53.4151], [12.9328, 53.427], [12.9485, 53.4255], [12.9541, 53.4174], [12.9461, 53.4117], [12.9473, 53.4072], [12.9415, 53.4044], [12.9292, 53.407], [12.9404, 53.4098], [12.9331, 53.4114], [12.9305, 53.4151]]]}, {"type": "Polygon", "coordinates": [[[12.9027, 53.424], [12.9047, 53.4258], [12.9121, 53.419], [12.9141, 53.4106], [12.9076, 53.4092], [12.907, 53.4199], [12.9027, 53.424]]]}, {"type": "Polygon", "coordinates": [[[12.9626, 53.423], [12.9678, 53.4209], [12.9629, 53.4188], [12.9626, 53.423]]]}, {"type": "Polygon", "coordinates": [[[13.1164, 53.4223], [13.1179, 53.4205], [13.1143, 53.4196], [13.1164, 53.4223]]]}, {"type": "Polygon", "coordinates": [[[13.0772, 53.42], [13.0758, 53.4221], [13.0793, 53.4212], [13.0772, 53.42]]]}, {"type": "Polygon", "coordinates": [[[12.9859, 53.4284], [12.9844, 53.4306], [12.9882, 53.43], [12.9859, 53.4284]]]}, {"type": "Polygon", "coordinates": [[[12.9668, 53.4337], [12.9695, 53.4369], [12.9719, 53.4305], [12.9663, 53.4245], [12.9661, 53.4298], [12.9704, 53.4317], [12.9668, 53.4337]]]}, {"type": "Polygon", "coordinates": [[[13.0775, 53.4327], [13.0788, 53.4323], [13.0783, 53.431], [13.0775, 53.4327]]]}, {"type": "Polygon", "coordinates": [[[12.9831, 53.4325], [12.9737, 53.4353], [12.9761, 53.4394], [12.9854, 53.4371], [12.9811, 53.4348], [12.9831, 53.4325]]]}, {"type": "Polygon", "coordinates": [[[12.9612, 53.4373], [12.9634, 53.4383], [12.9663, 53.4375], [12.9635, 53.4353], [12.9612, 53.4373]]]}, {"type": "Polygon", "coordinates": [[[13.1278, 53.4379], [13.1274, 53.4395], [13.1281, 53.4392], [13.1278, 53.4379]]]}, {"type": "Polygon", "coordinates": [[[12.9496, 53.4374], [12.9422, 53.4374], [12.9415, 53.4403], [12.9474, 53.441], [12.9496, 53.4374]]]}, {"type": "Polygon", "coordinates": [[[12.9413, 53.4417], [12.9407, 53.4414], [12.9399, 53.4421], [12.9413, 53.4417]]]}, {"type": "Polygon", "coordinates": [[[12.961, 53.4435], [12.9666, 53.441], [12.9657, 53.4405], [12.961, 53.4435]]]}, {"type": "Polygon", "coordinates": [[[13.1161, 53.4421], [13.115, 53.4434], [13.1167, 53.4435], [13.1161, 53.4421]]]}, {"type": "Polygon", "coordinates": [[[12.8802, 53.4502], [12.884, 53.4511], [12.8785, 53.4462], [12.88, 53.4438], [12.8889, 53.4386], [12.8779, 53.4449], [12.8802, 53.4502]]]}, {"type": "Polygon", "coordinates": [[[12.9712, 53.449], [12.9739, 53.4517], [12.9785, 53.447], [12.9749, 53.4461], [12.9712, 53.449]]]}, {"type": "Polygon", "coordinates": [[[12.9489, 53.4478], [12.9442, 53.4428], [12.9403, 53.4469], [12.9495, 53.4517], [12.9497, 53.4555], [12.9527, 53.4549], [12.9541, 53.4469], [12.9489, 53.4478]]]}, {"type": "Polygon", "coordinates": [[[13.2027, 53.4594], [13.2004, 53.4549], [13.2057, 53.4457], [13.1983, 53.4539], [13.2027, 53.4594]]]}, {"type": "Polygon", "coordinates": [[[12.9443, 53.4521], [12.9433, 53.4552], [12.9465, 53.4545], [12.9443, 53.4521]]]}, {"type": "Polygon", "coordinates": [[[12.9391, 53.4538], [12.935, 53.4567], [12.9382, 53.4565], [12.9391, 53.4538]]]}, {"type": "Polygon", "coordinates": [[[12.8908, 53.4549], [12.8843, 53.4557], [12.8915, 53.4561], [12.8908, 53.4549]]]}, {"type": "Polygon", "coordinates": [[[13.1546, 53.4555], [13.1725, 53.462], [13.1774, 53.4601], [13.1788, 53.4531], [13.1713, 53.445], [13.1593, 53.4442], [13.1425, 53.4501], [13.1373, 53.4584], [13.1606, 53.4682], [13.1606, 53.4618], [13.1546, 53.4555]], [[13.1707, 53.4558], [13.1733, 53.4557], [13.1726, 53.4574], [13.1707, 53.4558]], [[13.1455, 53.4544], [13.1454, 53.4541], [13.1464, 53.4541], [13.1455, 53.4544]]]}, {"type": "Polygon", "coordinates": [[[12.9439, 53.459], [12.9443, 53.4578], [12.9395, 53.4594], [12.9439, 53.459]]]}, {"type": "Polygon", "coordinates": [[[12.9387, 53.4616], [12.9413, 53.4616], [12.9412, 53.4606], [12.9387, 53.4616]]]}, {"type": "Polygon", "coordinates": [[[12.9322, 53.461], [12.9278, 53.4635], [12.931, 53.4651], [12.9322, 53.461]]]}, {"type": "Polygon", "coordinates": [[[13.0363, 53.4586], [13.0361, 53.4635], [13.0432, 53.4683], [13.0559, 53.4698], [13.0669, 53.4665], [13.043, 53.4637], [13.0363, 53.4586]]]}, {"type": "Polygon", "coordinates": [[[12.9219, 53.4684], [12.9267, 53.467], [12.9252, 53.4654], [12.9219, 53.4684]]]}, {"type": "Polygon", "coordinates": [[[13.0786, 53.4709], [13.0806, 53.4704], [13.0695, 53.4661], [13.0786, 53.4709]]]}, {"type": "Polygon", "coordinates": [[[12.98, 53.4698], [12.9862, 53.4718], [12.9874, 53.4709], [12.98, 53.4698]]]}, {"type": "Polygon", "coordinates": [[[13.0954, 53.4717], [13.0902, 53.4744], [13.0908, 53.4721], [13.0828, 53.4725], [13.0924, 53.4756], [13.0954, 53.4717]]]}, {"type": "Polygon", "coordinates": [[[12.913, 53.4778], [12.9182, 53.4756], [12.9204, 53.4697], [12.9156, 53.4732], [12.913, 53.4778]]]}, {"type": "Polygon", "coordinates": [[[12.928, 53.4788], [12.9287, 53.4814], [12.9322, 53.4811], [12.9367, 53.4737], [12.9364, 53.4687], [12.932, 53.4682], [12.928, 53.4788]]]}, {"type": "Polygon", "coordinates": [[[12.9931, 53.4793], [12.9951, 53.4827], [12.997, 53.4794], [12.9941, 53.4763], [12.9931, 53.4793]]]}, {"type": "Polygon", "coordinates": [[[12.9159, 53.4848], [12.9192, 53.4869], [12.9198, 53.4836], [12.9159, 53.4848]]]}, {"type": "Polygon", "coordinates": [[[12.9256, 53.4846], [12.9234, 53.4886], [12.9261, 53.4882], [12.9256, 53.4846]]]}, {"type": "Polygon", "coordinates": [[[13.0921, 53.499], [13.0964, 53.4951], [13.0895, 53.4889], [13.0932, 53.4874], [13.0932, 53.481], [13.0897, 53.479], [13.0809, 53.4852], [13.0878, 53.4899], [13.0878, 53.4977], [13.094, 53.5036], [13.0921, 53.499]]]}, {"type": "Polygon", "coordinates": [[[13.1188, 53.5017], [13.1202, 53.493], [13.1178, 53.4929], [13.1123, 53.501], [13.1188, 53.5017]]]}, {"type": "Polygon", "coordinates": [[[13.0901, 53.5102], [13.0932, 53.5092], [13.0919, 53.5084], [13.0901, 53.5102]]]}, {"type": "Polygon", "coordinates": [[[13.0724, 53.5048], [13.0649, 53.5042], [13.0634, 53.5052], [13.0736, 53.5155], [13.0796, 53.5065], [13.0761, 53.5059], [13.0739, 53.5098], [13.0724, 53.5048]], [[13.0696, 53.5097], [13.0685, 53.5064], [13.0701, 53.5047], [13.0706, 53.5052], [13.0696, 53.5097]]]}, {"type": "Polygon", "coordinates": [[[13.2471, 53.5501], [13.2546, 53.5443], [13.2548, 53.5371], [13.2428, 53.5311], [13.2401, 53.5238], [13.2289, 53.5151], [13.22, 53.5029], [13.2197, 53.4952], [13.2105, 53.4844], [13.2022, 53.4832], [13.1865, 53.4725], [13.1793, 53.4704], [13.1745, 53.4708], [13.1634, 53.4735], [13.1579, 53.4796], [13.1614, 53.4863], [13.1779, 53.4941], [13.1852, 53.4938], [13.1845, 53.4985], [13.2081, 53.5139], [13.2059, 53.5195], [13.2207, 53.5303], [13.22, 53.5354], [13.2296, 53.5446], [13.2471, 53.5501]]]}, {"type": "Polygon", "coordinates": [[[13.0289, 53.5111], [13.0235, 53.5109], [13.0232, 53.5128], [13.0289, 53.5111]]]}, {"type": "Polygon", "coordinates": [[[12.8854, 53.5194], [12.8849, 53.5176], [12.8826, 53.5195], [12.8854, 53.5194]]]}, {"type": "Polygon", "coordinates": [[[12.891, 53.524], [12.8932, 53.5248], [12.8929, 53.5232], [12.891, 53.524]]]}, {"type": "Polygon", "coordinates": [[[12.8843, 53.5247], [12.8856, 53.5236], [12.8835, 53.5234], [12.8843, 53.5247]]]}, {"type": "Polygon", "coordinates": [[[13.0952, 53.5219], [13.094, 53.5282], [13.0865, 53.5281], [13.0875, 53.5331], [13.0917, 53.5329], [13.0985, 53.5282], [13.0999, 53.5202], [13.0952, 53.5219]]]}, {"type": "Polygon", "coordinates": [[[13.1037, 53.5207], [13.1112, 53.54], [13.1147, 53.5372], [13.1126, 53.518], [13.1037, 53.5207]]]}, {"type": "Polygon", "coordinates": [[[13.0768, 53.5337], [13.0776, 53.534], [13.0818, 53.5258], [13.0776, 53.5257], [13.0768, 53.5337]]]}, {"type": "Polygon", "coordinates": [[[13.0725, 53.5371], [13.075, 53.539], [13.0745, 53.5375], [13.0722, 53.534], [13.0725, 53.5371]]]}, {"type": "Polygon", "coordinates": [[[13.0242, 53.5387], [13.0302, 53.5372], [13.0295, 53.535], [13.0242, 53.5387]]]}, {"type": "Polygon", "coordinates": [[[13.0833, 53.5439], [13.0815, 53.545], [13.0852, 53.5457], [13.0833, 53.5439]]]}, {"type": "Polygon", "coordinates": [[[13.0917, 53.5603], [13.0884, 53.5488], [13.0869, 53.5593], [13.0947, 53.5685], [13.0987, 53.5692], [13.1045, 53.5682], [13.108, 53.5638], [13.0917, 53.5603]]]}, {"type": "Polygon", "coordinates": [[[13.0765, 53.5617], [13.08, 53.5603], [13.0756, 53.5579], [13.0735, 53.5586], [13.0765, 53.5617]]]}, {"type": "Polygon", "coordinates": [[[13.1283, 53.573], [13.1306, 53.5708], [13.1297, 53.5696], [13.1264, 53.5702], [13.1283, 53.573]]]}, {"type": "Polygon", "coordinates": [[[13.0661, 53.58], [13.0725, 53.5742], [13.0727, 53.5683], [13.0681, 53.5695], [13.0645, 53.5771], [13.0661, 53.58]]]}, {"type": "Polygon", "coordinates": [[[13.0284, 53.5905], [13.036, 53.5905], [13.0396, 53.5852], [13.0284, 53.5905]]]}, {"type": "Polygon", "coordinates": [[[13.0826, 53.6182], [13.0888, 53.6126], [13.0856, 53.6064], [13.0907, 53.5971], [13.0838, 53.5977], [13.087, 53.5937], [13.082, 53.5937], [13.0784, 53.5975], [13.0831, 53.6022], [13.081, 53.6089], [13.0852, 53.6143], [13.0826, 53.6182]]]}, {"type": "Polygon", "coordinates": [[[13.7513, 53.6091], [13.7125, 53.6204], [13.7033, 53.6302], [13.707, 53.6373], [13.7159, 53.6408], [13.7261, 53.64], [13.7369, 53.6338], [13.736, 53.6284], [13.7296, 53.6253], [13.7471, 53.6268], [13.7593, 53.6218], [13.7634, 53.6155], [13.7548, 53.6149], [13.7572, 53.6123], [13.7513, 53.6091]]]}, {"type": "Polygon", "coordinates": [[[13.0842, 53.6282], [13.0885, 53.6298], [13.0866, 53.6276], [13.0834, 53.6263], [13.0842, 53.6282]]]}, {"type": "Polygon", "coordinates": [[[13.0891, 53.6332], [13.0892, 53.6356], [13.091, 53.6348], [13.0891, 53.6332]]]}, {"type": "Polygon", "coordinates": [[[13.0891, 53.6405], [13.0799, 53.6492], [13.0887, 53.6563], [13.0856, 53.6596], [13.0913, 53.6602], [13.0886, 53.6537], [13.0932, 53.6506], [13.0868, 53.6452], [13.0891, 53.6405]], [[13.0869, 53.6511], [13.0875, 53.6492], [13.0884, 53.6506], [13.0869, 53.6511]]]}, {"type": "Polygon", "coordinates": [[[13.7419, 53.6837], [13.7534, 53.6905], [13.7556, 53.6891], [13.7507, 53.6834], [13.7419, 53.6837]]]}, {"type": "Polygon", "coordinates": [[[13.6804, 53.7067], [13.6961, 53.6993], [13.6577, 53.6984], [13.6487, 53.7002], [13.6448, 53.7051], [13.651, 53.7095], [13.6804, 53.7067]]]}, {"type": "Polygon", "coordinates": [[[12.959, 53.7031], [12.9463, 53.7101], [12.9478, 53.7142], [12.9523, 53.715], [12.9561, 53.7104], [12.9674, 53.7087], [12.9603, 53.7067], [12.959, 53.7031]], [[12.9559, 53.7073], [12.9556, 53.7065], [12.9575, 53.707], [12.9559, 53.7073]]]}, {"type": "Polygon", "coordinates": [[[13.0297, 53.7289], [13.0364, 53.7242], [13.036, 53.7202], [13.0254, 53.7185], [13.0338, 53.7218], [13.0297, 53.7289]]]}, {"type": "Polygon", "coordinates": [[[12.9185, 53.727], [12.9154, 53.7286], [12.9193, 53.7276], [12.9185, 53.727]]]}, {"type": "Polygon", "coordinates": [[[12.9225, 53.7275], [12.9233, 53.7321], [12.9317, 53.7325], [12.9254, 53.7308], [12.9225, 53.7275]]]}, {"type": "Polygon", "coordinates": [[[14.0087, 53.7564], [14.0048, 53.7585], [14.0057, 53.7597], [14.0087, 53.7564]]]}, {"type": "Polygon", "coordinates": [[[12.8731, 53.795], [12.8729, 53.7949], [12.873, 53.795], [12.8731, 53.795]]]}, {"type": "Polygon", "coordinates": [[[12.8747, 53.7969], [12.8745, 53.797], [12.8748, 53.797], [12.8747, 53.7969]]]}, {"type": "Polygon", "coordinates": [[[14.0806, 53.9121], [14.0914, 53.9029], [14.0815, 53.8988], [14.0736, 53.9032], [14.0725, 53.9112], [14.0806, 53.9121]]]}, {"type": "Polygon", "coordinates": [[[14.0577, 53.9836], [14.0548, 53.9848], [14.058, 53.9868], [14.0577, 53.9836]]]}, {"type": "Polygon", "coordinates": [[[14.0633, 54.0067], [14.0632, 54.0131], [14.07, 54.0128], [14.0633, 54.0067]]]}, {"type": "Polygon", "coordinates": [[[14.0275, 54.0393], [14.0297, 54.041], [14.0371, 54.0356], [14.0368, 54.0322], [14.0275, 54.0393]]]}, {"type": "Polygon", "coordinates": [[[13.8662, 54.0502], [13.8664, 54.0481], [13.8649, 54.0491], [13.8662, 54.0502]]]}, {"type": "Polygon", "coordinates": [[[13.8225, 54.0937], [13.8285, 54.0915], [13.822, 54.0931], [13.8225, 54.0937]]]}, {"type": "Polygon", "coordinates": [[[13.8293, 54.097], [13.8206, 54.101], [13.8161, 54.1047], [13.8477, 54.0882], [13.8306, 54.0904], [13.8341, 54.0902], [13.8293, 54.097]]]}, {"type": "Polygon", "coordinates": [[[13.7689, 54.1439], [13.7775, 54.1494], [13.7853, 54.1453], [13.7825, 54.1424], [13.7689, 54.1439]]]}, {"type": "Polygon", "coordinates": [[[13.6801, 54.1615], [13.6853, 54.1659], [13.695, 54.1643], [13.6875, 54.1586], [13.6801, 54.1615]]]}, {"type": "Polygon", "coordinates": [[[12.8874, 54.1887], [12.8707, 54.1913], [12.867, 54.195], [12.8821, 54.2001], [12.8961, 54.1927], [12.8874, 54.1887]]]}, {"type": "Polygon", "coordinates": [[[13.0123, 54.2378], [13.0378, 54.2481], [13.0553, 54.2432], [13.0419, 54.2444], [13.0396, 54.2412], [13.0136, 54.2331], [13.0123, 54.2378]]]}, {"type": "Polygon", "coordinates": [[[12.9872, 54.2785], [12.9905, 54.2858], [13.0105, 54.2826], [13.0169, 54.2734], [13.0243, 54.2714], [13.029, 54.2632], [13.0253, 54.2609], [13.0205, 54.264], [13.0123, 54.2608], [13.0033, 54.2622], [13.0013, 54.2664], [12.9955, 54.267], [12.9965, 54.2744], [12.9918, 54.2738], [12.9872, 54.2785]]]}, {"type": "Polygon", "coordinates": [[[13.1586, 54.2929], [13.1534, 54.2953], [13.1552, 54.2956], [13.1586, 54.2929]]]}, {"type": "Polygon", "coordinates": [[[13.156, 54.2989], [13.1742, 54.2945], [13.1717, 54.2927], [13.156, 54.2989]]]}, {"type": "Polygon", "coordinates": [[[12.9861, 54.2927], [12.9906, 54.2968], [12.9888, 54.3002], [12.9938, 54.3006], [12.9968, 54.2967], [12.9936, 54.2918], [12.9861, 54.2927]]]}, {"type": "Polygon", "coordinates": [[[13.08, 54.3078], [13.0965, 54.3116], [13.0855, 54.3026], [13.08, 54.3078]]]}, {"type": "Polygon", "coordinates": [[[13.0837, 54.3098], [13.0804, 54.3094], [13.082, 54.3149], [13.0698, 54.314], [13.0601, 54.3177], [13.0807, 54.316], [13.0879, 54.3182], [13.0837, 54.3098]], [[13.0821, 54.316], [13.0828, 54.3157], [13.0835, 54.3163], [13.0821, 54.316]]]}, {"type": "Polygon", "coordinates": [[[12.9039, 54.3577], [12.8942, 54.3581], [12.8977, 54.3587], [12.8971, 54.3614], [12.9016, 54.3629], [12.9049, 54.3604], [12.9039, 54.3577]]]}, {"type": "Polygon", "coordinates": [[[13.0262, 54.3741], [13.0316, 54.3787], [13.0391, 54.3798], [13.0382, 54.3766], [13.0262, 54.3741]]]}, {"type": "Polygon", "coordinates": [[[13.2696, 54.3806], [13.2716, 54.3807], [13.2744, 54.3797], [13.2729, 54.3788], [13.2696, 54.3806]]]}, {"type": "Polygon", "coordinates": [[[13.5847, 54.3893], [13.5865, 54.3985], [13.5929, 54.4038], [13.607, 54.3996], [13.5847, 54.3893]]]}, {"type": "Polygon", "coordinates": [[[13.4147, 54.4329], [13.415, 54.4344], [13.4179, 54.4345], [13.4147, 54.4329]]]}, {"type": "Polygon", "coordinates": [[[13.474, 54.4459], [13.4611, 54.4403], [13.458, 54.4418], [13.4589, 54.4469], [13.4687, 54.4488], [13.474, 54.4459]]]}, {"type": "Polygon", "coordinates": [[[13.5701, 54.4833], [13.5596, 54.4892], [13.5694, 54.4898], [13.5761, 54.4856], [13.5701, 54.4833]]]}, {"type": "Polygon", "coordinates": [[[13.5274, 54.4946], [13.5314, 54.4989], [13.5375, 54.4986], [13.5512, 54.4885], [13.5274, 54.4946]]]}, {"type": "Polygon", "coordinates": [[[13.3985, 54.511], [13.4036, 54.5097], [13.4002, 54.5046], [13.39, 54.504], [13.3985, 54.511]]]}, {"type": "Polygon", "coordinates": [[[13.0959, 54.5286], [13.0957, 54.5294], [13.0981, 54.529], [13.0959, 54.5286]]]}, {"type": "Polygon", "coordinates": [[[13.2241, 54.6279], [13.2259, 54.6261], [13.2233, 54.626], [13.2241, 54.6279]]]}, {"type": "Polygon", "coordinates": [[[14.5494, 52.3604], [14.5514, 52.3699], [14.5465, 52.3807], [14.5325, 52.3968], [14.5334, 52.4014], [14.5446, 52.4125], [14.5434, 52.4263], [14.5477, 52.4335], [14.5629, 52.4408], [14.5752, 52.4381], [14.5846, 52.4491], [14.6074, 52.4646], [14.612, 52.4776], [14.6263, 52.4846], [14.6345, 52.4951], [14.6281, 52.5028], [14.6196, 52.5012], [14.6114, 52.5027], [14.5967, 52.517], [14.6055, 52.5243], [14.6028, 52.5304], [14.606, 52.5379], [14.6236, 52.5483], [14.616, 52.5528], [14.6164, 52.5563], [14.6381, 52.5656], [14.6185, 52.5548], [14.6263, 52.551], [14.6265, 52.5477], [14.6104, 52.5392], [14.606, 52.5321], [14.615, 52.5107], [14.634, 52.5015], [14.6364, 52.4923], [14.6286, 52.4835], [14.6145, 52.4757], [14.6097, 52.4637], [14.5872, 52.4484], [14.5769, 52.4371], [14.5616, 52.4386], [14.5478, 52.4303], [14.5458, 52.4243], [14.5481, 52.4129], [14.5357, 52.3973], [14.549, 52.3817], [14.5626, 52.3704], [14.5548, 52.3537], [14.5566, 52.3493], [14.5748, 52.347], [14.5804, 52.3426], [14.58, 52.3143], [14.5766, 52.314], [14.5737, 52.3217], [14.5605, 52.327], [14.5569, 52.3346], [14.558, 52.3442], [14.5504, 52.3553], [14.5494, 52.3604]], [[14.553, 52.3738], [14.5502, 52.3599], [14.5525, 52.3541], [14.5611, 52.369], [14.5507, 52.378], [14.553, 52.3738]], [[14.5587, 52.3463], [14.5633, 52.3413], [14.5644, 52.336], [14.5625, 52.33], [14.5776, 52.3223], [14.5771, 52.3436], [14.5587, 52.3463]], [[14.5575, 52.3356], [14.5609, 52.3299], [14.5627, 52.3401], [14.5588, 52.3439], [14.5575, 52.3356]], [[14.615, 52.5091], [14.6074, 52.5221], [14.6011, 52.5181], [14.6146, 52.5029], [14.6247, 52.5051], [14.615, 52.5091]]]}, {"type": "Polygon", "coordinates": [[[14.3572, 52.7586], [14.3653, 52.7563], [14.3609, 52.7532], [14.3603, 52.7441], [14.3583, 52.7577], [14.3468, 52.7574], [14.3319, 52.7599], [14.3515, 52.7514], [14.3591, 52.7431], [14.377, 52.7346], [14.3883, 52.7196], [14.4248, 52.6967], [14.434, 52.6827], [14.4521, 52.6782], [14.459, 52.6736], [14.4644, 52.6635], [14.4735, 52.6569], [14.4797, 52.6322], [14.499, 52.6263], [14.5151, 52.6367], [14.5223, 52.6367], [14.5292, 52.6323], [14.5304, 52.6227], [14.5342, 52.6208], [14.5626, 52.6253], [14.5673, 52.6239], [14.6006, 52.6047], [14.6183, 52.5847], [14.6393, 52.5756], [14.6404, 52.5688], [14.6352, 52.5663], [14.6388, 52.5714], [14.6366, 52.5743], [14.6152, 52.5844], [14.5679, 52.6217], [14.5602, 52.6236], [14.5445, 52.6193], [14.5325, 52.62], [14.5287, 52.6233], [14.5261, 52.6328], [14.5207, 52.6349], [14.5144, 52.6342], [14.5029, 52.6253], [14.4908, 52.6253], [14.4794, 52.6294], [14.4735, 52.639], [14.4717, 52.6555], [14.462, 52.6623], [14.4541, 52.6746], [14.433, 52.681], [14.4255, 52.6925], [14.4045, 52.7082], [14.3792, 52.7202], [14.3749, 52.7306], [14.3568, 52.7344], [14.3481, 52.7484], [14.3262, 52.7598], [14.3106, 52.7615], [14.3058, 52.7541], [14.2978, 52.7504], [14.2958, 52.7413], [14.2905, 52.7381], [14.28, 52.7428], [14.2649, 52.7408], [14.2542, 52.7442], [14.2325, 52.7407], [14.2199, 52.7422], [14.2131, 52.7386], [14.2183, 52.7426], [14.2234, 52.7434], [14.2307, 52.7415], [14.2397, 52.7444], [14.2509, 52.7454], [14.2654, 52.7417], [14.278, 52.7439], [14.2921, 52.74], [14.2968, 52.7518], [14.3141, 52.7648], [14.3435, 52.7586], [14.3572, 52.7586]], [[14.3524, 52.7494], [14.3399, 52.7544], [14.3513, 52.7481], [14.3585, 52.7358], [14.3759, 52.7329], [14.3592, 52.7416], [14.3524, 52.7494]], [[14.3767, 52.7298], [14.3796, 52.7222], [14.3858, 52.7199], [14.3809, 52.7285], [14.3767, 52.7298]], [[14.5863, 52.6101], [14.6068, 52.5958], [14.599, 52.6046], [14.5863, 52.6101]]]}, {"type": "Polygon", "coordinates": [[[14.2143, 52.7383], [14.1886, 52.7267], [14.1731, 52.7225], [14.1444, 52.721], [14.1455, 52.7177], [14.1513, 52.7178], [14.1626, 52.7147], [14.1449, 52.7172], [14.1542, 52.7115], [14.1413, 52.7132], [14.1432, 52.7216], [14.1354, 52.7414], [14.1326, 52.743], [14.1324, 52.7464], [14.1289, 52.7479], [14.1258, 52.7554], [14.1261, 52.759], [14.1299, 52.7545], [14.14, 52.754], [14.1482, 52.748], [14.1519, 52.7434], [14.1545, 52.7364], [14.1543, 52.7343], [14.1594, 52.7318], [14.1631, 52.7274], [14.1702, 52.7237], [14.1879, 52.7269], [14.1953, 52.7313], [14.2143, 52.7383]], [[14.1527, 52.7235], [14.1451, 52.7276], [14.1421, 52.7259], [14.1508, 52.7217], [14.1527, 52.7235]], [[14.1415, 52.729], [14.149, 52.727], [14.1551, 52.7229], [14.1711, 52.7229], [14.1636, 52.7264], [14.1539, 52.7344], [14.149, 52.7463], [14.1441, 52.7495], [14.1446, 52.7464], [14.1395, 52.7533], [14.1304, 52.7527], [14.1265, 52.7577], [14.1296, 52.7485], [14.1337, 52.746], [14.1415, 52.729]]]}, {"type": "Polygon", "coordinates": [[[14.0868, 52.8182], [14.1018, 52.8253], [14.0994, 52.8238], [14.1075, 52.8267], [14.1196, 52.828], [14.1269, 52.8228], [14.1085, 52.8263], [14.0945, 52.8213], [14.1004, 52.8192], [14.0926, 52.8191], [14.0983, 52.8181], [14.1026, 52.8198], [14.1087, 52.8201], [14.1008, 52.8173], [14.0814, 52.8178], [14.078, 52.8128], [14.0821, 52.8124], [14.0641, 52.8098], [14.0675, 52.8077], [14.067, 52.8025], [14.0797, 52.7991], [14.0855, 52.7937], [14.0966, 52.7931], [14.1006, 52.7917], [14.1027, 52.7867], [14.0984, 52.7835], [14.0998, 52.7804], [14.1091, 52.7784], [14.1187, 52.7748], [14.1196, 52.7729], [14.1164, 52.7672], [14.1259, 52.7618], [14.1272, 52.7589], [14.1152, 52.7678], [14.1184, 52.7739], [14.0986, 52.7806], [14.0976, 52.7835], [14.1014, 52.7866], [14.0996, 52.7912], [14.0854, 52.7932], [14.0792, 52.7985], [14.0663, 52.8021], [14.0666, 52.8075], [14.0618, 52.81], [14.0808, 52.8195], [14.0687, 52.8113], [14.0751, 52.8116], [14.0831, 52.8217], [14.0953, 52.8295], [14.0884, 52.824], [14.0995, 52.8247], [14.0871, 52.8231], [14.0829, 52.8197], [14.0891, 52.8194], [14.0844, 52.8183], [14.0868, 52.8182]]]}, {"type": "Polygon", "coordinates": [[[15.3831, 52.8081], [15.3815, 52.8088], [15.382, 52.8092], [15.3831, 52.8081]]]}, {"type": "Polygon", "coordinates": [[[15.386, 52.8111], [15.3868, 52.8097], [15.3823, 52.8112], [15.386, 52.8111]]]}, {"type": "Polygon", "coordinates": [[[15.3612, 52.8151], [15.3595, 52.8195], [15.3699, 52.814], [15.3679, 52.8137], [15.3612, 52.8151]]]}, {"type": "Polygon", "coordinates": [[[15.4307, 52.8182], [15.4301, 52.8157], [15.4272, 52.8199], [15.4307, 52.8182]]]}, {"type": "Polygon", "coordinates": [[[15.3498, 52.8204], [15.346252941176486, 52.82158235294117], [15.3549, 52.8173], [15.3445, 52.8176], [15.3402, 52.8198], [15.3444, 52.8225], [15.346229622458866, 52.82159390125847], [15.3496, 52.8209], [15.3498, 52.8204]]]}, {"type": "Polygon", "coordinates": [[[15.4153, 52.8255], [15.4239, 52.8215], [15.4248, 52.8183], [15.4161, 52.8219], [15.4153, 52.8255]]]}, {"type": "Polygon", "coordinates": [[[14.1269, 52.8228], [14.13, 52.8237], [14.1284, 52.8228], [14.1269, 52.8228]]]}, {"type": "Polygon", "coordinates": [[[15.3417, 52.8224], [15.3393, 52.825], [15.3429, 52.8236], [15.3417, 52.8224]]]}, {"type": "Polygon", "coordinates": [[[15.4009, 52.8335], [15.4019, 52.8296], [15.3993, 52.8329], [15.4009, 52.8335]]]}, {"type": "Polygon", "coordinates": [[[15.3836, 52.8327], [15.3816, 52.8326], [15.3822, 52.833], [15.3836, 52.8327]]]}, {"type": "Polygon", "coordinates": [[[15.3229, 52.8372], [15.316, 52.8373], [15.3262, 52.8261], [15.3168, 52.8296], [15.3177, 52.833], [15.3121, 52.8406], [15.3229, 52.8372]]]}, {"type": "Polygon", "coordinates": [[[15.3797, 52.8355], [15.3907, 52.8368], [15.3963, 52.8359], [15.3797, 52.8355]]]}, {"type": "Polygon", "coordinates": [[[15.3388, 52.847], [15.3577, 52.8391], [15.3585, 52.8374], [15.3388, 52.847]]]}, {"type": "Polygon", "coordinates": [[[15.3199, 52.857], [15.3177, 52.8593], [15.3198, 52.8611], [15.3319, 52.8532], [15.3434, 52.8518], [15.357, 52.8454], [15.3316, 52.8515], [15.3199, 52.857]]]}, {"type": "Polygon", "coordinates": [[[15.5401, 52.8799], [15.5429, 52.8769], [15.5401, 52.8765], [15.5401, 52.8799]]]}, {"type": "Polygon", "coordinates": [[[15.5252, 52.8891], [15.5398, 52.8809], [15.5361, 52.8809], [15.5252, 52.8891]]]}, {"type": "Polygon", "coordinates": [[[14.3565, 53.0723], [14.3505, 53.0767], [14.3601, 53.0742], [14.3672, 53.0883], [14.369778433367243, 53.10377060020346], [14.3556, 53.0988], [14.3524, 53.0939], [14.3542, 53.0903], [14.3484, 53.089], [14.3513, 53.0857], [14.35, 53.0779], [14.3228, 53.0692], [14.3177, 53.0593], [14.2803, 53.048], [14.2809, 53.0396], [14.29, 53.0366], [14.2918, 53.0331], [14.281, 53.0251], [14.2734, 53.0232], [14.2632, 53.0233], [14.2494, 53.0161], [14.2184, 53.007], [14.211, 52.9956], [14.2137, 52.9906], [14.2103, 52.9868], [14.1891, 52.9791], [14.1727, 52.9741], [14.1623, 52.9644], [14.1455, 52.961], [14.1411, 52.9517], [14.1452, 52.9445], [14.1459, 52.9329], [14.1741, 52.9229], [14.152, 52.9283], [14.1586, 52.9209], [14.1502, 52.9076], [14.1621, 52.8878], [14.1581, 52.8781], [14.1474, 52.8705], [14.1385, 52.868], [14.096, 52.87], [14.0731, 52.8638], [14.0377, 52.864], [14.0735, 52.8648], [14.0843, 52.8699], [14.0978, 52.8715], [14.1366, 52.869], [14.1456, 52.8714], [14.1576, 52.8815], [14.1587, 52.8875], [14.1488, 52.8996], [14.1468, 52.9069], [14.1336, 52.9089], [14.1412, 52.9044], [14.1323, 52.9092], [14.1254, 52.9229], [14.1267, 52.9294], [14.141, 52.9355], [14.1421, 52.9445], [14.1379, 52.9504], [14.1415, 52.9621], [14.133, 52.9648], [14.1286, 52.971], [14.1235, 52.9649], [14.1245, 52.9698], [14.1334, 52.9758], [14.138, 52.9769], [14.1383, 52.9779], [14.1319, 52.9817], [14.1249, 52.9813], [14.1146, 52.9769], [14.1103, 52.9714], [14.1107, 52.9661], [14.1073, 52.9547], [14.1091, 52.9519], [14.1101, 52.947], [14.1115, 52.9452], [14.122, 52.9359], [14.1221, 52.9316], [14.1093, 52.947], [14.1057, 52.9573], [14.1105, 52.9739], [14.1154, 52.978], [14.1412, 52.9875], [14.1526, 52.9889], [14.1713, 52.9889], [14.1751, 52.9924], [14.2022, 52.9969], [14.2174, 53.0078], [14.2485, 53.0169], [14.2592, 53.024], [14.2794, 53.0256], [14.2831, 53.0305], [14.2907, 53.0332], [14.2795, 53.0392], [14.2787, 53.0486], [14.3156, 53.0606], [14.3212, 53.07], [14.3494, 53.0794], [14.3476, 53.0893], [14.3535, 53.0908], [14.3512, 53.0937], [14.355, 53.0994], [14.3654, 53.1025], [14.3753, 53.1104], [14.3815, 53.1341], [14.3916, 53.1506], [14.3887, 53.1596], [14.3796, 53.1706], [14.3762, 53.169], [14.379, 53.1609], [14.3736, 53.1577], [14.3815, 53.1554], [14.3837, 53.1526], [14.3766, 53.1487], [14.3781, 53.1473], [14.3749, 53.1422], [14.3758, 53.1493], [14.3821, 53.1536], [14.373, 53.1555], [14.3696, 53.1485], [14.3678, 53.1536], [14.3645, 53.1519], [14.3696, 53.1594], [14.3607, 53.1581], [14.3598, 53.1512], [14.3691, 53.141], [14.371, 53.1361], [14.3657, 53.1322], [14.3673, 53.1255], [14.3625, 53.1233], [14.3658, 53.1216], [14.3658, 53.1205], [14.3616, 53.1232], [14.3665, 53.1257], [14.3645, 53.1308], [14.3668, 53.134], [14.37, 53.1367], [14.3569, 53.1544], [14.3596, 53.1584], [14.3668, 53.161], [14.3655, 53.1716], [14.3746, 53.197], [14.3718, 53.1923], [14.3634, 53.1911], [14.3631, 53.1828], [14.3604, 53.18], [14.3616, 53.1902], [14.3637, 53.192], [14.3714, 53.1933], [14.3746, 53.1995], [14.3778, 53.1986], [14.377, 53.1937], [14.3683, 53.1703], [14.3718, 53.1606], [14.3763, 53.1606], [14.3747, 53.1698], [14.3776, 53.1712], [14.3822, 53.171], [14.3949, 53.1513], [14.3849, 53.1345], [14.3794, 53.1112], [14.373, 53.1049], [14.3705, 53.0889], [14.3581, 53.0681], [14.3585, 53.0641], [14.3567, 53.0695], [14.3547, 53.0677], [14.3576, 53.0714], [14.3449, 53.0692], [14.3411, 53.0672], [14.3362, 53.0664], [14.3445, 53.07], [14.3565, 53.0723]], [[14.2622, 53.0241], [14.2589, 53.0234], [14.2579, 53.0228], [14.2622, 53.0241]], [[14.2045, 52.9855], [14.1914, 52.9878], [14.1848, 52.9794], [14.2045, 52.9855]], [[14.1827, 52.9896], [14.2086, 52.9881], [14.2115, 52.991], [14.2091, 52.996], [14.2143, 53.0041], [14.2063, 52.9951], [14.2048, 52.9977], [14.1916, 52.9936], [14.175, 52.9915], [14.1745, 52.9889], [14.1827, 52.9896]], [[14.1454, 52.9835], [14.1426, 52.9874], [14.129, 52.9827], [14.135, 52.981], [14.1357, 52.9818], [14.1383, 52.9821], [14.1439, 52.9815], [14.1454, 52.9835]], [[14.146, 52.9831], [14.1554, 52.9828], [14.1555, 52.9878], [14.1437, 52.9872], [14.146, 52.9831]], [[14.1496, 52.979], [14.1507, 52.982], [14.1477, 52.9792], [14.1358, 52.9813], [14.143, 52.9757], [14.1496, 52.979]], [[14.1648, 52.9852], [14.1571, 52.9873], [14.1559, 52.9824], [14.1497, 52.9784], [14.1421, 52.9751], [14.1328, 52.9751], [14.1331, 52.9701], [14.1432, 52.962], [14.1611, 52.9662], [14.1665, 52.973], [14.1847, 52.9816], [14.1774, 52.9812], [14.1849, 52.9822], [14.1765, 52.9855], [14.1728, 52.9861], [14.1712, 52.9848], [14.1648, 52.9852]], [[14.1588, 52.988], [14.1707, 52.9851], [14.1729, 52.9876], [14.1707, 52.9882], [14.1588, 52.988]], [[14.1738, 52.9873], [14.1819, 52.9862], [14.1854, 52.9827], [14.1883, 52.9866], [14.1738, 52.9873]], [[14.1813, 52.9858], [14.1789, 52.9848], [14.182, 52.9851], [14.1813, 52.9858]], [[14.1512, 52.9278], [14.1431, 52.9336], [14.142, 52.928], [14.1512, 52.9278]], [[14.14, 52.9324], [14.136, 52.932], [14.1404, 52.9275], [14.1413, 52.9284], [14.14, 52.9324]], [[14.1366, 52.9303], [14.1311, 52.926], [14.1318, 52.9124], [14.1501, 52.9094], [14.1501, 52.9132], [14.1396, 52.9217], [14.1366, 52.9303]], [[14.1408, 52.9216], [14.1476, 52.9212], [14.1476, 52.9239], [14.1414, 52.9244], [14.1408, 52.9216]], [[14.1513, 52.9245], [14.1519, 52.9207], [14.1466, 52.9197], [14.1531, 52.9176], [14.1562, 52.9204], [14.1513, 52.9245]], [[14.3678, 53.1648], [14.3678, 53.1618], [14.3691, 53.1608], [14.3678, 53.1648]]]}, {"type": "Polygon", "coordinates": [[[14.3843, 53.2089], [14.3816, 53.2089], [14.3812, 53.2123], [14.3843, 53.2089]]]}, {"type": "Polygon", "coordinates": [[[14.9056, 53.2446], [14.9166, 53.2179], [14.9098, 53.2095], [14.8823, 53.2139], [14.8627, 53.2278], [14.859, 53.2721], [14.8663, 53.2774], [14.8736, 53.2773], [14.8699, 53.2945], [14.8878, 53.3152], [14.9041, 53.3425], [14.915, 53.3513], [14.9288, 53.3478], [14.9317, 53.3421], [14.9292, 53.3353], [14.9176, 53.3228], [14.9068, 53.2952], [14.8991, 53.2892], [14.9047, 53.2581], [14.8998, 53.2471], [14.9056, 53.2446]]]}, {"type": "Polygon", "coordinates": [[[14.6498, 53.2887], [14.6524, 53.2878], [14.6449, 53.2863], [14.6498, 53.2887]]]}, {"type": "Polygon", "coordinates": [[[14.8447, 53.2868], [14.8598, 53.2815], [14.8533, 53.2773], [14.8414, 53.2836], [14.8344, 53.298], [14.8447, 53.2868]]]}, {"type": "Polygon", "coordinates": [[[14.6879, 53.2904], [14.7076, 53.2853], [14.6696, 53.2884], [14.6797, 53.2961], [14.6786, 53.293], [14.6899, 53.2943], [14.692, 53.2915], [14.6879, 53.2904]]]}, {"type": "Polygon", "coordinates": [[[14.8237, 53.2881], [14.8188, 53.2937], [14.8289, 53.2887], [14.8237, 53.2881]]]}, {"type": "Polygon", "coordinates": [[[14.8368, 53.2885], [14.8243, 53.2941], [14.8209, 53.297], [14.8206, 53.3001], [14.8218, 53.2964], [14.8368, 53.2885]]]}, {"type": "Polygon", "coordinates": [[[14.8596, 53.3094], [14.8602, 53.3068], [14.8551, 53.3078], [14.8596, 53.3094]]]}, {"type": "Polygon", "coordinates": [[[14.6271, 53.31], [14.637, 53.3154], [14.6463, 53.3073], [14.6282, 53.3061], [14.6271, 53.31]]]}, {"type": "Polygon", "coordinates": [[[14.661, 53.3091], [14.6586, 53.3145], [14.6644, 53.3149], [14.6651, 53.3141], [14.661, 53.3091]]]}, {"type": "Polygon", "coordinates": [[[14.663, 53.3947], [14.6655, 53.3933], [14.6632, 53.3944], [14.663, 53.3947]]]}, {"type": "Polygon", "coordinates": [[[14.2347, 53.4477], [14.2399, 53.4458], [14.2155, 53.4446], [14.2184, 53.4475], [14.2347, 53.4477]]]}, {"type": "Polygon", "coordinates": [[[14.2687, 53.4491], [14.2714, 53.4458], [14.2655, 53.4459], [14.2687, 53.4491]]]}, {"type": "Polygon", "coordinates": [[[14.3102, 53.4476], [14.3138, 53.4533], [14.3179, 53.4531], [14.3168, 53.4429], [14.3102, 53.4476]]]}, {"type": "Polygon", "coordinates": [[[14.2508, 53.4681], [14.2569, 53.4704], [14.2588, 53.4789], [14.2657, 53.4809], [14.262, 53.4753], [14.2619, 53.4645], [14.2414, 53.4562], [14.2399, 53.458], [14.2484, 53.4618], [14.2508, 53.4681]]]}, {"type": "Polygon", "coordinates": [[[14.4964, 53.4683], [14.4952, 53.4695], [14.4988, 53.4687], [14.4964, 53.4683]]]}, {"type": "Polygon", "coordinates": [[[14.4783, 53.4796], [14.4779, 53.4762], [14.4846, 53.4719], [14.474, 53.4751], [14.4724, 53.4796], [14.4637, 53.4809], [14.4783, 53.4796]]]}, {"type": "Polygon", "coordinates": [[[14.3017, 53.4963], [14.3056, 53.499], [14.309, 53.4987], [14.3079, 53.4975], [14.3017, 53.4963]]]}, {"type": "Polygon", "coordinates": [[[14.4645, 53.5006], [14.4688, 53.499], [14.4688, 53.498], [14.4649, 53.497], [14.4645, 53.5006]]]}, {"type": "Polygon", "coordinates": [[[14.2841, 53.505], [14.2783, 53.5069], [14.2848, 53.5066], [14.2841, 53.505]]]}, {"type": "Polygon", "coordinates": [[[14.3079, 53.5092], [14.3105, 53.5087], [14.3079, 53.507], [14.3079, 53.5092]]]}, {"type": "Polygon", "coordinates": [[[14.1815, 53.5167], [14.1756, 53.5189], [14.1759, 53.5211], [14.187, 53.5188], [14.1899, 53.5095], [14.1871, 53.5086], [14.1815, 53.5167]]]}, {"type": "Polygon", "coordinates": [[[14.1282, 53.5232], [14.1277, 53.5305], [14.1324, 53.5298], [14.1322, 53.5231], [14.1282, 53.5232]]]}, {"type": "Polygon", "coordinates": [[[14.3134, 53.5331], [14.321, 53.5357], [14.3215, 53.5306], [14.3134, 53.5331]]]}, {"type": "Polygon", "coordinates": [[[14.1256, 53.5331], [14.1219, 53.5334], [14.1217, 53.526], [14.1109, 53.5348], [14.1146, 53.5416], [14.1122, 53.5462], [14.1256, 53.5375], [14.1256, 53.5331]]]}, {"type": "Polygon", "coordinates": [[[14.2051, 53.5453], [14.2082, 53.5435], [14.1906, 53.5366], [14.1885, 53.5398], [14.2051, 53.5453]]]}, {"type": "Polygon", "coordinates": [[[14.3786, 53.5519], [14.3672, 53.5505], [14.3526, 53.5603], [14.3481, 53.5707], [14.3516, 53.5769], [14.3574, 53.5775], [14.3818, 53.5637], [14.3786, 53.5519]]]}, {"type": "Polygon", "coordinates": [[[14.3027, 53.5585], [14.3099, 53.5625], [14.3094, 53.5675], [14.3012, 53.567], [14.3021, 53.5721], [14.3176, 53.5725], [14.3178, 53.5663], [14.3077, 53.5572], [14.3027, 53.5585]]]}, {"type": "Polygon", "coordinates": [[[14.3007, 53.5714], [14.2929, 53.5638], [14.2863, 53.5654], [14.2954, 53.5719], [14.3007, 53.5714]]]}, {"type": "Polygon", "coordinates": [[[14.2449, 53.599], [14.2391, 53.6043], [14.246, 53.6042], [14.2449, 53.599]]]}, {"type": "Polygon", "coordinates": [[[14.3743, 53.6184], [14.3717, 53.6198], [14.3732, 53.6207], [14.3743, 53.6184]]]}, {"type": "Polygon", "coordinates": [[[14.4626, 53.6303], [14.467, 53.6279], [14.4474, 53.619], [14.4414, 53.6204], [14.4426, 53.6267], [14.4499, 53.6303], [14.4626, 53.6303]]]}, {"type": "Polygon", "coordinates": [[[14.4006, 53.6305], [14.4008, 53.6368], [14.4108, 53.6307], [14.407, 53.6254], [14.4006, 53.6305]]]}, {"type": "Polygon", "coordinates": [[[14.3809, 53.6399], [14.3845, 53.6392], [14.3835, 53.6332], [14.3748, 53.6331], [14.3809, 53.6399]]]}, {"type": "Polygon", "coordinates": [[[14.2103, 53.6428], [14.2092, 53.6434], [14.2102, 53.6429], [14.2103, 53.6428]]]}, {"type": "Polygon", "coordinates": [[[14.0965, 53.6449], [14.1149, 53.6422], [14.103, 53.6416], [14.0965, 53.6449]]]}, {"type": "Polygon", "coordinates": [[[14.2064, 53.6472], [14.1956, 53.6498], [14.1923, 53.6541], [14.1954, 53.6647], [14.2036, 53.6715], [14.2139, 53.6712], [14.232, 53.6477], [14.2364, 53.6506], [14.2415, 53.6478], [14.2549, 53.6255], [14.263, 53.6236], [14.2309, 53.6251], [14.2278, 53.6316], [14.2339, 53.6362], [14.213, 53.6408], [14.2064, 53.6472]]]}, {"type": "Polygon", "coordinates": [[[14.3032, 53.6521], [14.3083, 53.6498], [14.3029, 53.6459], [14.2926, 53.6473], [14.3032, 53.6521]]]}, {"type": "Polygon", "coordinates": [[[14.2903, 53.6449], [14.2789, 53.6455], [14.2787, 53.6558], [14.2911, 53.6592], [14.2903, 53.6449]]]}, {"type": "Polygon", "coordinates": [[[14.1065, 53.6878], [14.1015, 53.6881], [14.0985, 53.6934], [14.1012, 53.6989], [14.109, 53.7003], [14.1119, 53.6988], [14.1125, 53.6922], [14.1065, 53.6878]]]}, {"type": "Polygon", "coordinates": [[[14.757, 53.7412], [14.7575, 53.7408], [14.7541, 53.7413], [14.757, 53.7412]]]}, {"type": "Polygon", "coordinates": [[[14.7596, 53.7569], [14.7534, 53.7574], [14.7647, 53.7589], [14.7633, 53.7569], [14.7704, 53.7532], [14.7697, 53.7488], [14.7526, 53.7504], [14.7596, 53.7569]]]}, {"type": "Polygon", "coordinates": [[[14.9731, 53.8203], [14.9797, 53.82], [14.9856, 53.8147], [14.9799, 53.813], [14.9731, 53.8203]]]}, {"type": "Polygon", "coordinates": [[[14.9638, 53.8304], [14.9753, 53.8242], [14.9658, 53.8218], [14.9599, 53.8257], [14.9596, 53.8292], [14.9638, 53.8304]]]}, {"type": "Polygon", "coordinates": [[[14.6999, 53.8375], [14.7066, 53.8429], [14.7125, 53.8402], [14.7119, 53.8368], [14.7035, 53.8339], [14.7074, 53.827], [14.7077, 53.8133], [14.6965, 53.8112], [14.6899, 53.8216], [14.6944, 53.8384], [14.6999, 53.8375]]]}, {"type": "Polygon", "coordinates": [[[14.9552, 53.8354], [14.9558, 53.8338], [14.9463, 53.8325], [14.9398, 53.8388], [14.9552, 53.8354]]]}, {"type": "Polygon", "coordinates": [[[14.7198, 53.8626], [14.7146, 53.8483], [14.7086, 53.8482], [14.7049, 53.8522], [14.7077, 53.8599], [14.7198, 53.8626]]]}, {"type": "Polygon", "coordinates": [[[14.8475, 53.894], [14.8617, 53.8901], [14.8794, 53.8881], [14.8621, 53.888], [14.8475, 53.894]]]}, {"type": "Polygon", "coordinates": [[[14.1739, 53.8996], [14.1778, 53.9037], [14.1808, 53.9006], [14.1962, 53.9026], [14.207, 53.8938], [14.1835, 53.8919], [14.1739, 53.8996]]]}, {"type": "Polygon", "coordinates": [[[14.1595, 53.9016], [14.1579, 53.9041], [14.1605, 53.904], [14.1595, 53.9016]]]}, {"type": "Polygon", "coordinates": [[[14.1879, 53.9101], [14.1887, 53.9104], [14.1893, 53.9087], [14.1879, 53.9101]]]}, {"type": "Polygon", "coordinates": [[[14.1827, 53.9147], [14.1798, 53.913], [14.1659, 53.9175], [14.1695, 53.9207], [14.1812, 53.9177], [14.1827, 53.9147]]]}, {"type": "Polygon", "coordinates": [[[14.5352, 53.9244], [14.5305, 53.9258], [14.5362, 53.9275], [14.5352, 53.9244]]]}, {"type": "Polygon", "coordinates": [[[14.1416, 53.9189], [14.1333, 53.9179], [14.1099, 53.922], [14.1051, 53.9337], [14.1081, 53.9364], [14.1073, 53.9418], [14.116, 53.9484], [14.1303, 53.9498], [14.1319, 53.9592], [14.1397, 53.9586], [14.1407, 53.9503], [14.1285, 53.9468], [14.1237, 53.9418], [14.1212, 53.9318], [14.1272, 53.9271], [14.1258, 53.9294], [14.1311, 53.9317], [14.1474, 53.9295], [14.1493, 53.9243], [14.1416, 53.9189]]]}, {"type": "Polygon", "coordinates": [[[14.5632, 53.9483], [14.5704, 53.9403], [14.5786, 53.94], [14.5686, 53.9332], [14.5575, 53.9369], [14.5514, 53.9324], [14.5473, 53.9352], [14.5396, 53.9328], [14.5588, 53.9416], [14.5522, 53.9437], [14.5632, 53.9483]]]}, {"type": "Polygon", "coordinates": [[[14.5799, 53.9464], [14.5882, 53.9493], [14.5935, 53.9471], [14.5857, 53.943], [14.5799, 53.9464]]]}, {"type": "Polygon", "coordinates": [[[14.1132, 53.9591], [14.115, 53.9538], [14.11, 53.9506], [14.108, 53.9561], [14.1132, 53.9591]]]}, {"type": "Polygon", "coordinates": [[[14.5711, 53.956], [14.5694, 53.9605], [14.5758, 53.9619], [14.5711, 53.956]]]}, {"type": "Polygon", "coordinates": [[[14.6081, 53.9645], [14.6157, 53.9622], [14.6114, 53.9562], [14.6027, 53.9539], [14.6069, 53.9575], [14.6081, 53.9645]]]}, {"type": "Polygon", "coordinates": [[[14.0828, 53.9612], [14.0728, 53.9684], [14.0756, 53.9748], [14.0836, 53.9773], [14.0999, 53.9781], [14.1066, 53.973], [14.1016, 53.9615], [14.0852, 53.9593], [14.0862, 53.9484], [14.0773, 53.9453], [14.0709, 53.9496], [14.0722, 53.9551], [14.0672, 53.9635], [14.0828, 53.9612]]]}, {"type": "Polygon", "coordinates": [[[14.1109, 53.9671], [14.1199, 53.9657], [14.1182, 53.9597], [14.1106, 53.961], [14.1109, 53.9671]]]}, {"type": "Polygon", "coordinates": [[[14.1453, 53.9702], [14.1495, 53.9667], [14.1461, 53.9643], [14.1416, 53.9641], [14.1453, 53.9702]]]}, {"type": "Polygon", "coordinates": [[[14.6074, 53.9672], [14.6058, 53.969], [14.6082, 53.9691], [14.6074, 53.9672]]]}, {"type": "Polygon", "coordinates": [[[14.6432, 53.9898], [14.6555, 53.9914], [14.6653, 53.9854], [14.6751, 53.9901], [14.6713, 53.9812], [14.6589, 53.9728], [14.6592, 53.9695], [14.6506, 53.9617], [14.6443, 53.9631], [14.6365, 53.9731], [14.6353, 53.9812], [14.6432, 53.9898]]]}, {"type": "Polygon", "coordinates": [[[14.1112, 53.9812], [14.1097, 53.9821], [14.1122, 53.9847], [14.1112, 53.9812]]]}, {"type": "Polygon", "coordinates": [[[14.9516, 54.0551], [14.9669, 54.0621], [14.9945, 54.0681], [15.0119, 54.0607], [14.9964, 54.0503], [14.9859, 54.0491], [14.9823, 54.0449], [14.973, 54.045], [14.97, 54.0402], [14.9632, 54.0397], [14.9505, 54.0489], [14.9516, 54.0551]]]}, {"type": "Polygon", "coordinates": [[[15.0803, 54.0938], [15.1082, 54.0941], [15.1133, 54.0897], [15.1112, 54.0854], [15.1022, 54.0819], [15.0816, 54.0862], [15.0803, 54.0938]]]}, {"type": "Polygon", "coordinates": [[[15.1392, 54.0977], [15.1455, 54.0973], [15.1482, 54.0939], [15.1429, 54.0882], [15.1326, 54.0938], [15.1392, 54.0977]]]}, {"type": "Polygon", "coordinates": [[[15.3846, 54.1377], [15.3808, 54.1327], [15.3712, 54.1319], [15.3604, 54.1363], [15.3557, 54.145], [15.344, 54.1426], [15.341, 54.1461], [15.344, 54.1492], [15.3549, 54.1495], [15.3631, 54.1535], [15.3838, 54.1527], [15.3889, 54.1545], [15.387, 54.1586], [15.3893, 54.1589], [15.3901, 54.1543], [15.3802, 54.1494], [15.397, 54.1521], [15.4039, 54.1452], [15.3942, 54.1362], [15.3846, 54.1377]]]}, {"type": "Polygon", "coordinates": [[[14.9464, 55.02], [14.9484, 55.0197], [14.9458, 55.0192], [14.9464, 55.02]]]}, {"type": "Polygon", "coordinates": [[[14.9764, 55.0456], [14.9877, 55.047], [14.9884, 55.0446], [14.9764, 55.0456]]]}, {"type": "Polygon", "coordinates": [[[15.1129, 55.0528], [15.1064, 55.0533], [15.1151, 55.0535], [15.1129, 55.0528]]]}, {"type": "Polygon", "coordinates": [[[15.1265, 55.0588], [15.1242, 55.0554], [15.1188, 55.054], [15.1241, 55.0579], [15.1265, 55.0588]]]}, {"type": "Polygon", "coordinates": [[[14.7338, 55.0834], [14.7352, 55.0824], [14.7333, 55.082], [14.7338, 55.0834]]]}, {"type": "Polygon", "coordinates": [[[14.7527, 55.0832], [14.7528, 55.0831], [14.752, 55.0834], [14.7527, 55.0832]]]}, {"type": "Polygon", "coordinates": [[[14.7303, 55.0837], [14.7324, 55.0838], [14.7324, 55.0835], [14.7303, 55.0837]]]}, {"type": "Polygon", "coordinates": [[[15.0839, 55.0874], [15.0826, 55.0869], [15.0825, 55.0874], [15.0839, 55.0874]]]}, {"type": "Polygon", "coordinates": [[[14.7069, 55.095], [14.7065, 55.0946], [14.7064, 55.095], [14.7069, 55.095]]]}, {"type": "Polygon", "coordinates": [[[14.8712, 55.0969], [14.8783, 55.0937], [14.8743, 55.094], [14.8712, 55.0969]]]}, {"type": "Polygon", "coordinates": [[[14.7697, 55.0956], [14.7697, 55.0964], [14.7712, 55.0951], [14.7697, 55.0956]]]}, {"type": "Polygon", "coordinates": [[[14.9615, 55.097], [14.9627, 55.0962], [14.96, 55.0954], [14.9615, 55.097]]]}, {"type": "Polygon", "coordinates": [[[14.8039, 55.0963], [14.805, 55.0969], [14.8052, 55.0967], [14.8039, 55.0963]]]}, {"type": "Polygon", "coordinates": [[[14.866, 55.1014], [14.8742, 55.1019], [14.8759, 55.0996], [14.8693, 55.0972], [14.866, 55.1014]]]}, {"type": "Polygon", "coordinates": [[[14.9554, 55.0998], [14.9521, 55.1006], [14.9542, 55.1015], [14.9577, 55.1012], [14.9554, 55.0998]]]}, {"type": "Polygon", "coordinates": [[[14.808, 55.1008], [14.8054, 55.102], [14.8068, 55.102], [14.808, 55.1008]]]}, {"type": "Polygon", "coordinates": [[[14.9188, 55.1036], [14.9182, 55.1027], [14.9172, 55.1033], [14.9188, 55.1036]]]}, {"type": "Polygon", "coordinates": [[[14.9258, 55.1034], [14.9258, 55.1042], [14.9279, 55.1035], [14.9258, 55.1034]]]}, {"type": "Polygon", "coordinates": [[[15.0091, 55.1044], [15.0038, 55.1033], [15.0102, 55.1055], [15.0091, 55.1044]]]}, {"type": "Polygon", "coordinates": [[[15.016, 55.108], [15.0219, 55.1024], [15.0172, 55.1016], [15.0117, 55.1065], [15.016, 55.108]]]}, {"type": "Polygon", "coordinates": [[[14.7574, 55.1128], [14.7584, 55.1121], [14.7577, 55.1113], [14.7574, 55.1128]]]}, {"type": "Polygon", "coordinates": [[[14.9495, 55.1156], [14.9481, 55.1164], [14.9482, 55.1168], [14.9495, 55.1156]]]}, {"type": "Polygon", "coordinates": [[[14.8724, 55.1155], [14.8744, 55.1175], [14.8751, 55.1175], [14.875, 55.1168], [14.8724, 55.1155]]]}, {"type": "Polygon", "coordinates": [[[14.8926, 55.1179], [14.8931, 55.1173], [14.8923, 55.1173], [14.8926, 55.1179]]]}, {"type": "Polygon", "coordinates": [[[14.8745, 55.1188], [14.8734, 55.1182], [14.873, 55.1194], [14.8745, 55.1188]]]}, {"type": "Polygon", "coordinates": [[[14.8776, 55.1202], [14.8783, 55.1192], [14.8778, 55.119], [14.8776, 55.1202]]]}, {"type": "Polygon", "coordinates": [[[14.8643, 55.1241], [14.8643, 55.1261], [14.8647, 55.1242], [14.8643, 55.1241]]]}, {"type": "Polygon", "coordinates": [[[14.8807, 55.1288], [14.8785, 55.1235], [14.876, 55.1229], [14.8765, 55.1253], [14.8807, 55.1288]]]}, {"type": "Polygon", "coordinates": [[[14.8776, 55.1325], [14.8771, 55.1329], [14.878, 55.1328], [14.8776, 55.1325]]]}, {"type": "Polygon", "coordinates": [[[14.8757, 55.1338], [14.8761, 55.1339], [14.8763, 55.1332], [14.8757, 55.1338]]]}, {"type": "Polygon", "coordinates": [[[14.9183, 55.1414], [14.9251, 55.1411], [14.9198, 55.1358], [14.9183, 55.1414]]]}, {"type": "Polygon", "coordinates": [[[14.8543, 55.1619], [14.8567, 55.1633], [14.8573, 55.1631], [14.8543, 55.1619]]]}, {"type": "Polygon", "coordinates": [[[14.8755, 55.1656], [14.8755, 55.1667], [14.8758, 55.1666], [14.8755, 55.1656]]]}, {"type": "Polygon", "coordinates": [[[14.874, 55.174], [14.8684, 55.1718], [14.8689, 55.1724], [14.874, 55.174]]]}, {"type": "Polygon", "coordinates": [[[14.8937, 55.1768], [14.8915, 55.1752], [14.8912, 55.1759], [14.8937, 55.1768]]]}, {"type": "Polygon", "coordinates": [[[14.8683, 55.1837], [14.8695, 55.1838], [14.8682, 55.1815], [14.8683, 55.1837]]]}, {"type": "Polygon", "coordinates": [[[14.8376, 55.1994], [14.8391, 55.2021], [14.839, 55.1999], [14.8376, 55.1994]]]}, {"type": "Polygon", "coordinates": [[[14.8333, 55.2016], [14.8323, 55.2], [14.832, 55.2013], [14.8333, 55.2016]]]}, {"type": "Polygon", "coordinates": [[[14.8586, 55.2069], [14.8583, 55.204], [14.856, 55.2039], [14.8559, 55.2057], [14.8586, 55.2069]]]}, {"type": "Polygon", "coordinates": [[[14.761, 55.2287], [14.7585, 55.2284], [14.7631, 55.2305], [14.761, 55.2287]]]}, {"type": "Polygon", "coordinates": [[[14.7826, 55.2319], [14.7832, 55.2317], [14.7792, 55.2316], [14.7826, 55.2319]]]}, {"type": "Polygon", "coordinates": [[[14.7686, 55.2319], [14.7687, 55.2318], [14.7682, 55.2316], [14.7686, 55.2319]]]}, {"type": "Polygon", "coordinates": [[[14.8334, 55.2469], [14.8339, 55.2467], [14.8337, 55.2466], [14.8334, 55.2469]]]}, {"type": "Polygon", "coordinates": [[[14.826, 55.255], [14.8254, 55.255], [14.8256, 55.2552], [14.826, 55.255]]]}, {"type": "Polygon", "coordinates": [[[14.76, 55.2597], [14.7603, 55.2594], [14.7596, 55.2592], [14.76, 55.2597]]]}, {"type": "Polygon", "coordinates": [[[14.7834, 55.2714], [14.7851, 55.2736], [14.782, 55.2756], [14.7865, 55.2762], [14.7859, 55.2731], [14.7834, 55.2714]]]}, {"type": "Polygon", "coordinates": [[[14.7807, 55.2869], [14.7843, 55.2874], [14.7768, 55.2839], [14.7807, 55.2869]]]}, {"type": "LineString", "coordinates": [[4.2727, 51.4987], [4.2726, 51.4987]]}, {"type": "LineString", "coordinates": [[4.2237, 51.5314], [4.2237, 51.5313]]}, {"type": "LineString", "coordinates": [[4.2237, 51.5313], [4.2237, 51.5312]]}, {"type": "LineString", "coordinates": [[3.9809, 51.8177], [3.9808, 51.8176]]}, {"type": "LineString", "coordinates": [[4.2237, 51.5311], [4.2237, 51.5312]]}, {"type": "LineString", "coordinates": [[5.0408, 52.5112], [5.0409, 52.5112]]}, {"type": "LineString", "coordinates": [[10.8157, 54.1288], [10.8158, 54.1289]]}, {"type": "LineString", "coordinates": [[10.8158, 54.1289], [10.8159, 54.1289]]}, {"type": "LineString", "coordinates": [[10.817, 54.1283], [10.8169, 54.1283]]}, {"type": "LineString", "coordinates": [[10.8226, 54.1313], [10.8227, 54.1314]]}, {"type": "LineString", "coordinates": [[10.8224, 54.131], [10.8225, 54.131]]}, {"type": "LineString", "coordinates": [[10.8156, 54.1189], [10.8157, 54.1189]]}, {"type": "LineString", "coordinates": [[10.8193, 54.1178], [10.8194, 54.1178]]}, {"type": "LineString", "coordinates": [[10.8194, 54.1178], [10.8194, 54.1179]]}, {"type": "LineString", "coordinates": [[9.4897, 55.248], [9.4898, 55.248]]}, {"type": "LineString", "coordinates": [[12.4417, 54.2447], [12.4418, 54.2447]]}, {"type": "LineString", "coordinates": [[12.3711, 54.2626], [12.371, 54.2626]]}, {"type": "LineString", "coordinates": [[15.1269, 55.059], [15.1268, 55.059]]}, {"type": "LineString", "coordinates": [[14.752, 55.0834], [14.7519, 55.0834]]}, {"type": "LineString", "coordinates": [[11.4338, 54.6465], [11.4337, 54.6465]]}, {"type": "LineString", "coordinates": [[10.3361, 55.5917], [10.3363, 55.5918]]}, {"type": "LineString", "coordinates": [[11.8317, 55.0498], [11.8318, 55.0499]]}, {"type": "LineString", "coordinates": [[11.0816, 55.6812], [11.0816, 55.6811]]}, {"type": "LineString", "coordinates": [[8.7559, 55.195], [8.7558, 55.195]]}, {"type": "LineString", "coordinates": [[8.7816, 55.3202], [8.7815, 55.3202]]}, {"type": "LineString", "coordinates": [[8.7815, 55.3202], [8.7813, 55.3202]]}, {"type": "LineString", "coordinates": [[8.7834, 55.3213], [8.7833, 55.3213]]}, {"type": "LineString", "coordinates": [[8.7833, 55.3213], [8.7832, 55.3213]]}, {"type": "LineString", "coordinates": [[8.7832, 55.3213], [8.783, 55.3213]]}, {"type": "LineString", "coordinates": [[8.783, 55.3213], [8.7829, 55.3213]]}, {"type": "LineString", "coordinates": [[9.4794, 55.491], [9.4795, 55.491]]}, {"type": "LineString", "coordinates": [[9.4795, 55.491], [9.4796, 55.491]]}, {"type": "LineString", "coordinates": [[9.4796, 55.491], [9.48, 55.491]]}, {"type": "LineString", "coordinates": [[10.2487, 56.7188], [10.2488, 56.7188]]}, {"type": "LineString", "coordinates": [[8.9714, 57.1016], [8.9715, 57.1016]]}, {"type": "LineString", "coordinates": [[10.4222, 57.376], [10.4221, 57.376]]}, {"type": "LineString", "coordinates": [[10.4221, 57.376], [10.422, 57.376]]}, {"type": "LineString", "coordinates": [[8.1387, 56.3277], [8.1389, 56.3277]]}, {"type": "LineString", "coordinates": [[10.0178, 54.6934], [10.0179, 54.6934]]}, {"type": "LineString", "coordinates": [[10.6768, 54.3166], [10.6761, 54.3162]]}, {"type": "LineString", "coordinates": [[11.0731, 54.3752], [11.073, 54.3752]]}, {"type": "LineString", "coordinates": [[9.8308, 54.4695], [9.8309, 54.4695]]}, {"type": "LineString", "coordinates": [[11.4553, 53.9604], [11.4554, 53.9604]]}, {"type": "LineString", "coordinates": [[11.4552, 53.9626], [11.4551, 53.9626]]}, {"type": "LineString", "coordinates": [[11.4565, 53.9625], [11.4565, 53.9626]]}, {"type": "LineString", "coordinates": [[11.4588, 53.9623], [11.4588, 53.9624]]}, {"type": "LineString", "coordinates": [[11.4592, 53.9626], [11.4591, 53.9626]]}, {"type": "LineString", "coordinates": [[12.8728, 53.7948], [12.8729, 53.7949]]}, {"type": "LineString", "coordinates": [[12.9119, 53.8245], [12.912, 53.8245]]}, {"type": "LineString", "coordinates": [[12.8744, 53.7971], [12.8744, 53.797]]}, {"type": "LineString", "coordinates": [[12.8741, 53.797], [12.8743, 53.797]]}, {"type": "LineString", "coordinates": [[12.8704, 53.7923], [12.8705, 53.7923]]}]}}]}