slug	glossary_key	minted	status	replaced_by	content_sha256	modified
abc	abc	2026-09-18	active		91be5c81909bf923a7e400cd4e42c7c580885fce8763d2821060eba62b781f47	2026-09-29
abesshere	abesshere	2026-09-18	active		9b7d3ef8d334cd9325d3fcfadb4a09a1abd0e4a15dfb90f12e8eb98ade23e42b	2026-09-29
abillementte	abillementte	2026-09-18	active		729281dff1c98ad0a336011e194b1eb7604bb905dc2fe2b7f6fc7f7d4ed08bb0	2026-09-29
abiz	abiz	2026-09-18	active		8d22fefb2e9da87f6842fc655470cf5a4927f54fbdc044ec73a7815610ec9e11	2026-09-29
acarigo	acarigo	2026-09-18	active		0ad6cf95d428eacaf88db1b978742fdaab17872c9a6157b9087f789d83ea1735	2026-09-29
acern	acern	2026-09-18	active		363e78e8995f948b4adf3cb2e103c89fbf12c3a2e3f02d444796ae88f96aab06	2026-09-29
adze	adze	2026-09-18	active		0211919ab56a4921fdf32a6fd85a724cbb0094ee3418894638bf11dd25093359	2026-09-29
aglett	aglett	2026-09-18	active		64a4031971113128722d14f3b49f0ae94a11eef66b8ae1a9de9e79088696aeb6	2026-09-29
agnus-dei	agnus dei	2026-09-18	active		55937fc92a6ee6cbcda4dd14a943e1facfeb15523253be696a8523276081b61c	2026-09-29
aguler	aguler	2026-09-18	active		e32eb68f2b5d1c07596377844c5e799a6a48e439aa84ab7df4c78d484c6c7a36	2026-09-29
alabaster	alabaster	2026-09-18	active		dba14516abaeffb1dd2887a6e1240be82471da3eef61e2251f859b99946c04bc	2026-10-03
albiis	albiis	2026-09-18	active		85d4449dcab058aa7c5a95f1ea52e02d6d21e98e8943c861d0cecc8ce7d2468b	2026-09-29
ale	ale	2026-09-18	active		43cb922422cd3dff5c480274f6e4421c3f2c36f38c20785a1feb49088e41ebdf	2026-10-03
alfany	alfany	2026-09-18	active		7cfe8c5813cd7c7bb28ecd3de07b648304e00acec2fc2ce7577739eeec4eb52b	2026-09-29
alkenemye	alkenemye	2026-09-18	active		424492b0fa17658fa1acd37126ffd6679e6347f3495b4bf62c54dc92d308a7a3	2026-09-29
alluta	alluta	2026-09-18	active		985ff11bd312f8b00419fa9060a3ef5cf75a51a6b925528375608219e857c46f	2026-10-03
almain-rivets	almain-rivets	2026-09-18	active		3c365a2cbd1a9d6c22c95918dab6a330f6daa95c3a5d30d2163f626618c7018b	2026-10-03
almanacs	almanacs	2026-09-18	active		4e6a4f545aeb9a68dba7745740f4c5c63b22e98dc38d50f81cc767bcb83bdd1f	2026-09-29
almond	almond	2026-09-18	active		a1db9872be0836caaed435730f1a1f2fe4f6cb14d36edecf4be1669bf848aa93	2026-10-03
aloe-socotrina	aloe socotrina	2026-09-18	active		c144a966bc4f94edd5e3f604d59afa8b76b978a915a24a8cb202bd87519083d3	2026-09-29
aloes	aloes	2026-09-18	active		bb26f2a37107b55d66be6d655148222399dcfacd2b37d4a63fdfc525669843ad	2026-09-29
aloeswood	aloeswood	2026-09-18	active		1d8ea443ff9bdfbebf6b1ad51bc8a682149590f42fd99aa0ce3a3c403d282d53	2026-09-29
aloperdion	aloperdion’	2026-09-18	active		74aa8451979f4a4c6be3de171d25f0223d5dc746374987ecb964a757f51a8295	2026-09-29
altar-cloth	altar cloth	2026-09-18	active		e17f3cb9ef2ea30825dc023b664c71195d3a252b6c02bc6cd8e597ace97a92c2	2026-09-29
altar-front	altar front	2026-09-18	active		c285f8dae1f18e30867acebad26cc9beae86a936bbbdda8cef470c800882838d	2026-09-29
altare	altare	2026-09-18	active		23d91d6e4471b164ba421fcb53910d4feb312026d6522246752cbdda86402c41	2026-09-29
altes	altes	2026-09-18	active		9b52fb3b6cc295fdf7b726f50605f378a38c360606c3ac7cdeea947ceaba66db	2026-09-29
alum	alum	2026-09-18	active		7ecfc090907b3d6a7ce1b6e3f4408d5a9c73a34c13a3eb71c8cadd44a08358c8	2026-10-03
amber	amber	2026-09-18	active		3cf979c469bb41ce3d260ef4e5967de561103a8e6fb66f142991e978f95967ea	2026-10-03
amber-drugge	amber drugge	2026-09-18	active		de42887ff8fbea634c595e9353876ebc70c770b275f2c5384e7b9b942a0572c8	2026-09-29
ambergris	ambergris	2026-09-18	active		23e823cf4ab69366b7f0b4ac59c46e9a4fd8d00c10a29a3b3f3e3bc5c4d45959	2026-09-29
ambry	ambry	2026-09-18	active		b488a7afc1d485bca16d5d9ce09ebd39b51cba3cdcbc1de546d0b0cb506bdf47	2026-09-29
ameryn	ameryn	2026-09-18	active		ddeb3f341dbdd4f5b851716e858e2862dbab96b74b95cec68001f529a214c3c6	2026-09-29
amomum	amomum	2026-09-18	active		4297e811c6a82d358cfb33c1c2c43ac09412a2186add932677aed71419a98f5d	2026-09-29
amstedes	amstedes	2026-09-18	active		d4f9af814303ae9a2758463b78fca9557a5119ab371e9c6a2fc173bec31524ed	2026-09-29
anaparte	anaparte	2026-09-18	active		3179c7df52486ec30741efabecae9f26f7015d7423b36ca3ccfca7cbbe3401bd	2026-09-29
anchor	anchor	2026-09-18	active		7262b078980587f1af1236c8223ac4e6a105382126102aaab18d333cbea8582a	2026-09-29
anchovy	anchovy	2026-09-18	active		360d3d7bd29f697b5ae4a0d8d88381a4446c01355016c92dc468c9c3e878b06b	2026-09-29
andirons	andirons	2026-09-18	active		c9332592c7128d908903bc91e3c8e2e210ed38cdcadc6cd0aaa5f22a2907616a	2026-10-03
andsellis	andsellis	2026-09-18	active		580f7b47583490c8a539b222a731707269e24b06afee9459b96be8ad659dc570	2026-09-29
anella	anella	2026-09-18	active		2f01a351202bb54eb6f9b3316c797bbbb3e7a830db1ecff69204f51d478b6c99	2026-09-29
angell	angell	2026-09-18	active		7f746324e262c78fd8fb874aa8d631430c040ac7437c141d993bede68ffbea23	2026-09-29
anguille-recentes	anguille recentes	2026-09-18	active		514ec666b69adb64fd299d023c5c3fe3278e670266e6601320fac6c9c78688b4	2026-09-29
anise	anise	2026-09-18	active		195afce62743557e36fb358b0121b897270ce8717039a327a9453ae8bff28761	2026-10-03
aniseed	aniseed	2026-09-18	active		dc99de4af28067b435f2ede741f5a6409aabc36637bb1112af744b633ded1118	2026-10-03
anlet	anlet	2026-09-18	active		2e230e01e0bdbef7041b8c3387c69f5acfb4933b68b9f21ad9039ad5f7d7ec11	2026-10-03
antimony	antimony	2026-09-18	active		55febe5214ac1ef195dab7a691564c5b07e5891cecd009d48491d85358a80428	2026-09-29
antipera	antipera	2026-09-18	active		868eb37aecc806a2ab728e4d2af013376f864af098373cf353dadd0c88e0d1af	2026-09-29
antisole-papanerum	antisole papanerum	2026-09-18	active		3f0bedee782e1c4e1ea12bc1335d36b9d6465bac60ae9e4757d104cb81eb45ff	2026-09-29
anvil	anvil	2026-09-18	active		72af23a1ce112b586671ae4eee4df582b920e0b4c0f9a0d0c88cadaf9871a5c9	2026-09-29
anye	anye	2026-09-18	active		54a9e5073f04451d4d1149cdbd405d9b28d67ed7280de8c32a3084c9f9a03e4a	2026-10-03
ape	ape	2026-09-18	active		5fb065839cf3f60ab37a2e04da3f62db785b326e9eb77e3927ae72b985c519a9	2026-10-03
apothecary-pot	apothecary pot	2026-09-18	active		0d32c017907389cb266c7e1aa5d54042024eca112f817d35f6aec4b81ebcea69	2026-09-29
apple	apple	2026-09-18	active		147a42978e2dd9fd46dcb2ce72caaf2c5ad240e0470b5dffec49ee93b35a92f3	2026-10-03
aqua-rosarum	aqua rosarum	2026-09-18	active		e4e3e14c5acddd52113b75bdacc1877f5a46e7e494cdd3ab5c0e596260bed7c5	2026-09-29
aquanorum	aquanorum	2026-09-18	active		c90abed9483259bbd9f9d3e3a4ecb97f49b380601b50ccbfa3abbd8bd4dbe393	2026-09-29
aquavite	aquavite	2026-09-18	active		b8571d37a48e99564f108c534da3c5f9e5c6d3a86f597c1a86a01bcfe75de3b8	2026-09-29
aras	aras	2026-09-18	active		695b9ba76d09e041d8b8b1fccf8a2f5dde609c2d570f614c89cfa115f8fdeb32	2026-09-29
arblast-threde	arblast threde	2026-09-18	active		490abbe51dddb538f2689b3bafb4964f5b7418de6cdd54a3fb4b070172eebc16	2026-09-29
arca-stele	arca stele	2026-09-18	active		798ddd4d96dd381a0ef0a1928cd23a8920865ad39dea868eecfa3a8e7ae0b2fa	2026-09-29
archis	archis	2026-09-18	active		9f7028735f140ebc6c79e898141ef3076a5ce4e1e5a6ea04617327e58bc851c6	2026-09-29
arghede	arghede	2026-09-18	active		6f35d3af15dd6f7157e2df378e427f24a755e84c88ccd10c4a24a8c64b841244	2026-09-29
arme-plate	arme plate	2026-09-18	active		e2a9d55a5f35ac190f5ee56651d7a30835f818b1c0dfe3a21291e639c92b95ee	2026-09-29
armenian-bole	armenian bole	2026-09-18	active		4201082ef7ab3920960dadb2a37d6ccb4526fc0725a26cb61c17a29951775c50	2026-09-29
arming-nail	arming nail	2026-09-18	active		1e4cda9a6a2f94e82b5f277e6545a50e808ca7baf704da0a3fa429d74d17c9df	2026-09-29
armour	armour	2026-09-18	active		5f9df29647a8c30b8d79b1587e68b0c151f50077acfe8b0306fd4184b906e61e	2026-09-29
arnyk	arnyk	2026-09-18	active		ca37259aaa966244627f7061f8f5766062b44721b82585af4005e1f6e16ee791	2026-09-29
arowschaft	arowschaft	2026-09-18	active		aaf4c14f08202d61b722d75956681dcbacec55770739ede9f0497ac18080de2e	2026-09-29
arras	arras	2026-09-18	active		17446e3afd3ff31751d9b328dcff4b64c2c34fb8ec883565f97a5e658377c0d6	2026-09-29
arrow	arrow	2026-09-18	active		26ce4c7c2acb201f056110b5f5bd987397566ad10bbc0ad26b3549019e539af0	2026-09-29
ars	ars'	2026-09-18	active		d27784b38773ca7a9e930e75b555cee03514461423d814eec35ca959963ee687	2026-09-29
arsenic	arsenic	2026-09-18	active		ff66366f1ff48d6395fb6a6b552c6abefb9777db105d8ef7536f6fbea190e89f	2026-09-29
ash-blue	ash-blue	2026-09-18	active		773d88ebf932206c3754ddaafc38fd7b5404e6cd05219b59e90dde1adf7d6956	2026-09-29
ashes	ashes	2026-09-18	active		7496a2f57e3414d59890cbdf26b9db284e209f856b6116a9bc28b76d1243b886	2026-10-03
ashes-2	ashes_2	2026-09-18	active		410484e8b22cc22eea10fee11fd4cab01d44d662930f9eebe54f5ed82142104d	2026-09-29
aspergillum	aspergillum	2026-09-18	active		d620a7723d62665e05f490f835246f2d526253c0baecadaffc2bb89ec60aeedf	2026-09-29
attaby	attaby	2026-09-18	active		95873053a1189a30a5931da320e846e29dc0d0e72bdb239697c428819f0131a0	2026-09-29
auca-salsa	auca salsa	2026-09-18	active		5e70d11239cdfc0049b58dd40b95c815c77cfb61fc521d7bcc14ab415d64b78d	2026-09-29
aula-operis	aula operis	2026-09-18	active		7ac79ff68b44b94027a07a6987ab2eec3c31dae149ea3ac5f4767f0b38964d98	2026-09-29
aum	aum	2026-09-18	active		3d54d986b7fb468cf91d600ce23d99ee63b8e87c44d95e01197e9c25f89f38c1	2026-10-03
aune	aune	2026-09-18	active		2ad2ed73ad8a6343440cb47cefea7a2daa5ab069f792f50af50fcaec34382ef7	2026-09-29
aune-2	aune_2	2026-09-18	active		bcbc75aa1dfbacdd0e4150e19f49d9260536f44c33be61bbb55ef12e3937b6a5	2026-09-29
austin	austin	2026-09-18	active		12fceeb23f64a7ae16fac4217185fd94ea995b3691be0b6deef7502890fedb4d	2026-09-29
authiple	authiple	2026-09-18	active		50025d11a66d7c57913b9592df3731beef14a1a2e7f82731ba2afe950d366f76	2026-10-03
aventaile	aventaile	2026-09-18	active		95a266eb053d69469d0412ee6a18f4e93aba6243fcc915980384c6a4877d2880	2026-09-29
awl	awl	2026-09-18	active		314ae0599ca6a2b55e7ac5e40a667130cef3ab87a6d192a013a74951a7d93aa6	2026-09-29
awl-blade	awl blade	2026-09-18	active		9eaba932bc1d7863f4cc694a5451268843f9806d16540fde6978d22b04be2bc5	2026-10-03
awl-haft	awl haft	2026-09-18	active		771e6f4b676111358bf2770b0c2604d4e83fc62ff4190dc34fdb565c41ae7edd	2026-09-29
awl-pieces	awl pieces	2026-09-18	active		a227e7421da9ff5542e790a878cefa11b978e3fdba8f764d22bfaa50c54f06b4	2026-09-29
axe	axe	2026-09-18	active		6a5e29b72530449835f0ad5c0042305e0bd4e3a3f41ba1d29c7970acaa20e084	2026-09-29
axe-2	axe_2	2026-09-18	active		c3be467c8cd35a5ccf7fa78af755a961313754aea8b3ac769cd2824c3ccb896c	2026-09-29
azure	azure	2026-09-18	active		f65580a87506eb4b9f36911b41adcdbe725cb7b85b30803130cac1f3c25e606b	2026-10-03
baby	baby	2026-09-18	active		db5cab632f990891f7e1f316eb2735f5e9ff5cf533d4e4fd426dc739f13b2f4b	2026-09-29
back	back	2026-09-18	active		e2ddf2f0b1108e3131099769b1d721a6a7c20512cdbad5378b47bc9e10396337	2026-10-03
back-fur	back fur	2026-09-18	active		8b7d30f5ba79a9d37879e2af2d3d69501196d34c5d9cf7e7b9376d13cd9e573e	2026-09-29
back-wombes	back wombes	2026-09-18	active		df1a76fb552518927d92229b4fc24f2d56736647f6992bbc365988826238508e	2026-09-29
bacon	bacon	2026-09-18	active		06198c66cae0915a93e5513a6dd148cf1593133df093d78b1e13aa291fe60044	2026-10-03
bag	bag	2026-09-18	active		360bde9ec5f0236b0100ad7e0c6480aff0cde15d2cd2d6afa470229ba52d117c	2026-10-03
bag-ring	bag ring	2026-09-18	active		95f93e40c9b776944e2915e6b310a46be647ac3e861ffe0ea25ad5327f2dcaa7	2026-09-29
bagpipes	bagpipes	2026-09-18	active		976622ec2091b0e299ed2e9583231fc25c3555539c7c0495cd57b32573549d83	2026-09-29
baize	baize	2026-09-18	active		6559498034bdf1cfba524972ef00f87e2d53ae2e97dcf00cfa0dc39e7ef0f672	2026-09-29
bakestone	bakestone	2026-09-18	active		af022a7cac90609da1660db45eaba719e44a3a3f601145b04bdeaf0f008f9f22	2026-09-29
balance	balance	2026-09-18	active		604fb2a0e1712b517cadbae78fbf8bfba29812ce3c78306a1f6236650603fb65	2026-10-03
balance-beam	balance beam	2026-09-18	active		09fd2f0446cd9c8b77c5c8d29804398784680f650a714f45105558c36daa4945	2026-09-29
balas	balas	2026-09-18	active		97b5f27134771c5387fcdaf073ef101bc379e617836db13a03e45b5eee7954a6	2026-09-29
baldachin	baldachin	2026-09-18	active		18828ed96fb4e852b724585af75e5ea453f62b5c059b05f4cd5a5debf417cc7a	2026-10-03
baldric	baldric	2026-09-18	active		fd066986a43e0dca0385ffee1c8973a7e1b3f7518d8ac3c445b6a9b1454b0412	2026-09-29
bale	bale	2026-09-18	active		b90a19eab8bfd7fd39d58af8065690eccc24798a01c6212e19b816eed56360d9	2026-10-03
balet	balet	2026-09-18	active		8e00e6d177bd701ce5fb1578da1963ea5607f85a368c5c53f64f09039a2782e7	2026-10-03
ball	ball	2026-09-18	active		ad9a1cd4c4e98bf1836a33c0cd3722d0bd2103975ca6961465a880489829dc93	2026-10-03
ballast	ballast	2026-09-18	active		ddb3dd01481d9ce9a821a4fd7750c9a24ad0ea8259d0a83b28e3db8523ac8083	2026-09-29
ballestave	ballestave	2026-09-18	active		0f67d539a983eb37e378a84e98de937c4738ca9595f625f8e602dbc24b396374	2026-09-29
balon	balon	2026-09-18	active		5e1be378c55eedb8a2bcfd3129a9652119934cd1a48ee9c5a4c7c84ee21827a7	2026-09-29
balsamum	balsamum	2026-09-18	active		bc10825e76f5b9a0b2ffbcb63d01e1b10f69de7df8fefcd12e8e3b69459d1010	2026-09-29
band	band	2026-09-18	active		ddde1de1d20873f50d85adce1665b6aa1d927f240713fc8e8f90a682eaa1d693	2026-09-29
band-2	band_2	2026-09-18	active		5a4e11fda3d239bdc002c5cae0d64b0c54a893de94215ae1254ce6ff51ee617e	2026-10-03
baner	baner	2026-09-18	active		ff60e792e58370d80c880ecf0f1b1bda7d686c2dcb5533ca20bdd4977291968c	2026-09-29
banker	banker	2026-09-18	active		d075cce1b40208791382444480409eebeb5fc2ff5d22492c77c63e10215188fc	2026-10-03
banner	banner	2026-09-18	active		ba5b9825db1a696450781a78ccdb2c60cbdbbf2eea7151830230356ac622e8fa	2026-09-29
bar	bar	2026-09-18	active		c2cb09109ccf2c8fdceeb828a3d3b1f770c446c2a06dfeb30811c39bd3332c3f	2026-10-03
baras	baras	2026-09-18	active		d26c9b82d99225547538f8219725fc0c05d1051fa00a17ac35531b356b156403	2026-10-03
barb	barb	2026-09-18	active		d61a63b305876b7c1c6de024eebd9dde15c96cdf5be53926fd71feaa334a79c3	2026-09-29
barbours-potte	barbours potte	2026-09-18	active		54ad168252b7e81fefba8d4f482975519117964e4a8d7b527679c99dc3cd9c7a	2026-09-29
bard	bard	2026-09-18	active		44382572936858171eba189282333888fe011464623c851c1501b0dc6fc57e3b	2026-10-03
barehide	barehide	2026-09-18	active		f1bbda0d67c5778d1dc847d1b86fe5db99b1a787d2a9435bb09659a6f95a1a62	2026-09-29
barges	barges	2026-09-18	active		8c6deb5ea290f0caa41e750b68a7db0f0c01deeca47908f26f9256d4539a42e5	2026-09-29
barley	barley	2026-09-18	active		72b952f70bbc17d330a338c39ecd12349c044760a8f5043c7200a535b30bdaec	2026-09-29
baroled	baroled	2026-09-18	active		6d306a1ba74fe014a33269d3fe90e4b000eed33cc32c7711bed806ca604e6aa9	2026-09-29
barrel	barrel	2026-09-18	active		b1564b9d61f9ff25c409aa045b8ee955b713d1cf0a5096ee4d1936c5c4376c82	2026-10-03
barrelhead	barrelhead	2026-09-18	active		b301b66a9cdf396dd99f91cecfdc78b6489c78ff825f938fc2888c78e9433f81	2026-10-03
barris	barris	2026-09-18	active		4216d736fdb0aa9c4001a323e309a9467d89796104e8f2c87b8f97826390e970	2026-09-29
basalicon	basalicon	2026-09-18	active		b5cbf74ba6074f627f2eea102fb53281e3ce82c7b5eeb893692217a63ad93ce8	2026-09-29
basan	basan	2026-09-18	active		9f6444ba75041fe22cfdce6ec851af9dc559c9ddd07df50992013ae061f3708a	2026-10-03
base	base	2026-10-03	active		fc3bc3825b54f43095962b01f288cff365d36b427350887e07649d00d4e66ab8	2026-10-03
baselard	baselard	2026-09-18	active		23e528d854a0855d7d2374a7da03b79af27b0f6c78c187145fcf8f5cea0240f2	2026-09-29
bashron	bashron	2026-09-18	active		b48a7dae36a1b4ed91e73b0e5dfe9310bc2f3343ba1ff77fa95dd041a3ed7a0d	2026-09-29
basil-seed	basil seed	2026-09-18	active		b690374f307c64146cdb2acffdce4a5013aba7f2c2bf0e50167741bb94c3634a	2026-09-29
basin	basin	2026-09-18	active		f1012741059631de36c0270ad39abbee1afd73f5b5f4b8e685cab32407799024	2026-10-03
basket	basket	2026-09-18	active		a6e24425b6e7fc4a54c0ea2754829ad1b2de5ee036b0113af1f9153fb53d60c3	2026-10-03
basnet	basnet	2026-09-18	active		618597ea12fe289217a411434cc2f7d45c302dbad2d41382c7ac6242e042a8c1	2026-09-29
basours	basours	2026-09-18	active		3b5036ddf7b53f5122232fe8f1b8306001f7c06f891db3082b973088d00d6711	2026-09-29
bast	bast	2026-09-18	active		84774162f77676d67ccc039f5b7d327c7f575b4b60dc45fa92ff2692327cb5e5	2026-10-03
bast-rope	bast rope	2026-09-18	active		a6d802891c09ef6c1be9aa274c22db013c7a147e7972a51d261f61339c612fdd	2026-09-29
bastard	bastard	2026-09-18	active		76520f087df990819d9a78785f72c163d8dce8644bbd88ef7fd36fa86d9dec6d	2026-10-03
bastard-egre	bastard egre	2026-09-18	active		34cb2f8635e0da018a74e49aed447db11b8e3934e60020fe6cf941b457fb26bb	2026-09-29
bastard-long	bastard long	2026-09-18	active		66e7034a894d1c619761454925d8971ee51707dbe41e3fd985cc9b66359d6677	2026-09-29
bastard-short	bastard short	2026-09-18	active		74fee0875f97fea14ed070c1e4fc14b5b7f829134fbc5da034c57f69e9577a1e	2026-09-29
batella	batella	2026-09-18	active		ae936c01ba6dd5b0f7593725373290f326eb81acfb17453619db0af8728eb956	2026-10-03
batelle-hamer	batelle hamer	2026-09-18	active		687724b4320b4abf1103ffd417c34e2db9f6b0945e6c1b3592bb57abd8100bc7	2026-09-29
baton	baton	2026-09-18	active		0373995901250935216bb1e5a55e121663c62c6b352a557808b00772668d60dc	2026-09-29
battery	battery	2026-09-18	active		15187fd7ae727ef699680114bbecf522a423c9a4eb6abcf49854090828cf425a	2026-10-03
battle-axe	battle-axe	2026-09-18	active		a3c071c028fb26365c726fa7149369207352f298a96e3ca161777b5edf9523dc	2026-09-29
bavier	bavier	2026-09-18	active		6c4d9dd5deefed4fabd677444ab079b328e0296467bfdd0c50dfaa5914669062	2026-09-29
bay-oil	bay oil	2026-09-18	active		7b312b286206990b40dff067fda1aafb9655facd5087dda5af92dd1ce4dccf16	2026-09-29
bayboyr	bayboyr	2026-09-18	active		2d50415f356aac8daa3e49a8db7bb47fa701d06bec7fcca82d917346f2b39d37	2026-09-29
bayres	bayres	2026-09-18	active		46a6d63ad2551696257c236b0202c28ed574e11e7979185a695f045cb575ce7e	2026-09-29
bays	bays	2026-09-18	active		b33f2bfb22732b1b9ab250e5a58214fcbe48eb7681a4c0640a94ded84577094a	2026-09-29
bazer-skynns	bazer skynns	2026-09-18	active		caa45e9abe5545bd34599e0e5f287a5dd9b2dfcfa7eb1fde398a05971964aa63	2026-09-29
bead	bead	2026-09-18	active		1301d5c1f962754355e982c313807d6433ea5e59113c711e43a90c6311ca427c	2026-10-03
beadstone	beadstone	2026-09-18	active		b7e3c1cd2ed82743f8f596dad64dc1d66e758fa7ac80281f32436b6f1c0c0058	2026-09-29
bean	bean	2026-09-18	active		9f36ff408835c0e56f0319294f18b2ed05b49fcb4a667e302aa488626034cee3	2026-10-03
bear	bear	2026-09-18	active		9cc5c4077cbbaefc43372191a3b8d627ec9af0e2da2bf8e41de40b178fddb819	2026-09-29
beaver	beaver	2026-09-18	active		9548ea225ecaed4c49721ac8ffca91bba931010345da87de494425c73fda69dd	2026-09-29
becyne	becyne	2026-09-18	active		f4c0829135719bfe4d26f91808aac1a3dda8358fef050f5ab9ee96bfbe34690e	2026-09-29
bed-hangings	bed hangings	2026-09-18	active		c04b9b0a33bef1adbb28496c14e067cee55c88e1217731b60c5ce218cac6d5b0	2026-10-03
bedclothes	bedclothes	2026-09-18	active		cfdb28c50f1a784401251ee5a7ff8160b496cb1a0d5f86e01c3f2bc095a79369	2026-09-29
bedstead	bedstead	2026-09-18	active		15f791956bd391d0ae2c0cdd8209bbfc4f01a6edfc9410da0ce954aa6328d915	2026-10-03
beech-board	beech board	2026-09-18	active		f68f44ce71754c56ee9a80a75a44b6cea07a1cf324bc9daf444e1c0b872c6240	2026-09-29
beef	beef	2026-09-18	active		60cdc8a387a12ef9cbe16c6cc476aa4443c73fcb46913cb5e0e2c655364b3957	2026-09-29
beer	beer	2026-09-18	active		9252d77161bd722ca68d622bf7e818063f608335167ed28c1023800ee87db38a	2026-10-03
beer-barowe	beer barowe	2026-09-18	active		4c18d4fcf663c3d8a9557df2632ada6476f8005e34f6cac4ea037a556224b4aa	2026-09-29
beer-pot	beer pot	2026-09-18	active		1ea09ccc7961ba40960d62957ddcc53b5277db93392a03816c615326867d0acc	2026-09-29
beeregar	beeregar	2026-09-18	active		9ad3b6040f6752dcfc877605065236624193fd650ecd48605665035b4ef396b1	2026-09-29
belefust	belefust	2026-09-18	active		225228fe092c792b3a4c6c4319a19c486113a69573a3ecf53e1cc56c6cda07bd	2026-09-29
bell	bell	2026-09-18	active		cff9a5a008b52b0cf7ddda81575348738e1b13d22127cd8637216c624c421fa8	2026-09-29
bell-metal	bell metal	2026-09-18	active		e30f830023be9447d449bcba6a387d61492565fea948eeb7523b1365eda7821d	2026-09-29
bellow	bellow	2026-09-18	active		ff3ecf5313c1506f6f76c66459306f21692d7070f572f38cc8c45293aae651c4	2026-10-03
belyborde	belyborde	2026-09-18	active		0ce6ccca2c79e40db433e243e49b5cf3fa42077fbb3886eaf23f4b5bd828feb2	2026-09-29
bende	bende	2026-09-18	active		b741f7328c0c1909c3fd758449167ab0e38058f5a34aa47a7d75dd739cd37108	2026-09-29
beret	beret	2026-09-18	active		d6e8cadd1a8bce1e7c4e9a6dbdacaee6c7c3c17db7349609e53b0a5560c24412	2026-10-03
besys	besys	2026-09-18	active		a0bce94963fea4efde000dc6942192ae1c4913f18388eb5b4dfcd903c856b894	2026-09-29
bice	bice	2026-09-18	active		fce86cff515b63be4cec2ee7bfb223e51b976482cf58a864e1e7a6f7b1c6b7a0	2026-09-29
bier-cloth	bier cloth	2026-09-18	active		5c86ca6bbd312f658b93daa9f561efceed6e466b14cbdf5f8b3cd27681eb89dc	2026-09-29
bilettum	bilettum	2026-09-18	active		ca52370e9faa2d40997bc0b77c6a31c136675a0770e9ee4072e9ed9077c0f65e	2026-09-29
bill	bill	2026-09-18	active		69824654daedad8d8d9c35890359d0303ea266bdd1da2498ef1e5f40bc7b694b	2026-09-29
bird-bolt	bird-bolt	2026-09-18	active		446b3daefb380b7a3421c422da4b1e93ffee4c61b3e1419de914c63ac6e0e29c	2026-09-29
birdlime	birdlime	2026-09-18	active		6e55bc7c4a6e634dc9d0a72afa07873903df2b5ac626739dd10ff07100da5f80	2026-09-29
biscuit	biscuit	2026-09-18	active		33061485dc8a82812274cecdf6df5620a3e84e0c3ad7c447c4fe11a69ad5546a	2026-09-29
bisilke	bisilke	2026-09-18	active		56809caf55a5d420cff323d165ea375bd22b126d8035771feee8aeeb2379016c	2026-09-29
bismuth	bismuth	2026-09-18	active		7dced5d0fd7280ad15955e49e23f3aa3e0c13f7edb2c160ac61130c7da04c774	2026-09-29
bit	bit	2026-09-18	active		728569f15724307212dd635ae5a7c6a8bb7dfd7514b7fddc07c45e61e4ae9e8a	2026-10-03
bit-pro-cithera	bit’ pro cithera	2026-09-18	active		36c874dd22bf7805ebebb54f9375688ba8c6ed71a2e0ee732e2ee6394ee6ab59	2026-09-29
bitor	bitor	2026-09-18	active		9caf73bf53b78bd6b2e934df822310c5b20b44fc2c9cd475567f59c3d309aaba	2026-09-29
bitor-2	bitor_2	2026-09-18	active		f4e68a0631833eed194bb89e79a8fdb545640d272fd998b0f6ad25d974f65388	2026-09-29
bitumen	bitumen	2026-09-18	active		7737caab045649af8365c3941339e86b4681c7bcfd5237833c8f210ec86ba4b2	2026-09-29
black-earth	black earth	2026-09-18	active		16fea588d3b915d62caeeda797c7c0b0e647b048fad6c8978672e47db3c3e062	2026-09-29
black-soap	black soap	2026-09-18	active		5d25dbb82241c67c23a57a4defbf2a3e1abde0485247e6c53a4d14747111d543	2026-09-29
blackstone	blackstone	2026-09-18	active		a134d7bdbe2fcc0b40b3099c1351205cf7a51958da0d5b0f7c372f753ea2a837	2026-09-29
bladd	bladd	2026-09-18	active		dde0b166f4cc97500b13e24f18ca20501779b6f9b71521f68a6acd3370ea9509	2026-09-29
blade	blade	2026-09-18	active		b7c8aa6c0096ffe9606862233cd53978067ffad6a698fd5472b85c1fb14a139f	2026-10-03
blanket	blanket	2026-09-18	active		df8ba7412a91a85aff3c2303b383331023bb8bf89cccd655fef4c90d67d68b1c	2026-09-29
blaundrell	blaundrell	2026-09-18	active		350a34ebd4c7f1eca8623644546ff32473001171b9c30d093a3e651c9bb58ce4	2026-09-29
block	block	2026-09-18	active		1dda76a4870b140d35df393821772345fd074249ca498ef8887076987cf961f4	2026-10-03
blotto	blotto	2026-09-18	active		4557259da4ca81bad7be2328613e7d020aecdbd6b97f051adc4be20105c7f6c8	2026-09-29
bloweyng-horn	bloweyng horn	2026-09-18	active		220e156cf0f7ce04c2a6555829f7519aad202d3cdb4bd50bd681a7b7ff7fc49d	2026-09-29
blowpipe	blowpipe	2026-09-18	active		c8ffa5f1c86dde42e4c3cf705f57f56d496db5041a64ecce5c11933a8eb1ccde	2026-09-29
boar-spear	boar spear	2026-09-18	active		aa06797fb9a3056797d4cfa770f5f7a356377333d59a8725bc6b98959f9f28d1	2026-09-29
board	board	2026-09-18	active		e8150a19a732652dad9057123ade85cd95ac420baf69cf5d1386d6dbb9ade849	2026-10-03
board-2	board_2	2026-09-18	active		2724e1894618024ac5b6c111a635fdbaa1af9d0a523364ca58d02e80ae06270b	2026-10-03
bobbin	bobbin	2026-09-18	active		0b5e85173177ea75e23fb5e9a6cd9c88f60f08b2fa69a2d9d4aaa258748d6694	2026-09-29
bobnail	bobnail	2026-09-18	active		9d73b910d2ca9ab86d9a89c981985720f505c7dfab802ffc499dccb75a0ea7c8	2026-09-29
bocarsyn	bocarsyn	2026-09-18	active		b86643b4e74767d749f872eb0827c95623abab2efe8e10ed1cc22d0c6bf0c9f1	2026-09-29
boce	boce	2026-09-18	active		5c86207bc7fd1526e452d901182324eee1d5ccb4395da1021cb2f7f3cc2c4b12	2026-09-29
bockfell-rone	bockfell rone	2026-09-18	active		339b4c3f6f9fda18c4cd412239f67852670d2e44bae8a2cb1314e1d3f1b5c25a	2026-09-29
bodkin	bodkin	2026-09-18	active		f253ca07054959cffc3e27f9f51afc12c3c3d095e7d4971a5d08b3730b84041b	2026-10-03
boget	boget	2026-09-18	active		c10f2f6faaed000feec1536402cf9085db76ec2a4b3c8a418552c4d44bce4c9f	2026-09-29
bogiette	bogiette	2026-09-18	active		713be6af163afa7a8fac96a6aaeaa8c6942122d7409767a8198d8a76595444ee	2026-09-29
bollard	bollard	2026-09-18	active		7a1a6fd7d4870b53f782f5cfec7f4b4bbb0b7e8249c3a7a1f1736939034f971d	2026-09-29
bolster	bolster	2026-09-18	active		4792ca594d96c7322687174899fa400a8aa7db4df1b13eea70627ec62a7fdde9	2026-09-29
bolt-2	bolt_2	2026-09-18	active		31829bff2f654f49047f321cbe58e52a8c86635e2cf6bed225f507e1e256bfd0	2026-09-29
bolt-3	bolt_3	2026-09-18	active		77e983cfeec69e2a7238265c754bcf39a5e1ca93a6f43ce5ffc73bb25872e475	2026-10-03
bolting-cloth-2	bolting cloth_2	2026-09-18	active		3302c4c6fedfc9e2457ca2e2921e2daacaf55f1bd035fbfb0570d41364bb8e2f	2026-10-03
bombard	bombard	2026-09-18	active		67fa35a511cce45cde9a4cb0460677dfd33f3d8c8e0c5b5a7089019461772e95	2026-09-29
bombasine	bombasine	2026-09-18	active		d5d4534ce58c0c7c8f544d03f24939a8196955e713a3c5b73da90fa6e9f6caeb	2026-09-29
bond-2	bond_2	2026-09-18	active		edb71d0095b2adf7146b36948e200976aef761e169ba308bd19eda7ef4b1088f	2026-09-29
bong	bong	2026-09-18	active		ebe1e3c74a5e08a721926de961f822567c470c58f4d0e7f9ef4d107bf23e4c10	2026-09-29
bonnet	bonnet	2026-09-18	active		462ccde9ce78acbd7030c58f72507ca8db0aecdea9df41d12eb55b45b7594280	2026-10-03
bonnet-de-seille	bonnet de seille	2026-09-18	active		a442f1ca9fcd76023b22fb94f72ee96c3302efcc7b2d0d0e19cc6253b3d1374c	2026-09-29
bonum-opus	bonum opus	2026-09-18	active		38d382681337787e4960bffb1639edfe7ec7b4c982337215e6f6d4a28b233817	2026-09-29
bonys-de-sturgyn	bonys de sturgyn	2026-09-18	active		043e9c0c6b9b5ffb88f749a482c7e1f85bb310c6af419767ef0b6a0a9c315ec1	2026-09-29
book	book	2026-09-18	active		c6f9f7122122292f66a5ffb2626494173a7d26d3321f64d81c2191369b2e5588	2026-10-03
book-of-gold	book of gold	2026-09-18	active		a4dc2198fff1f995876c1dc29e940989e35ea740b5a9273935ebd09bebc128e1	2026-09-29
book-of-silver	book of silver	2026-09-18	active		b40a51c8900a806911bb54561c40a51fa60bd025f15d836d159a1d008fbbfb2e	2026-09-29
boots	boots	2026-09-18	active		81ed345f3f720ebef2a404dea40f4fc1fb94047cc555ae3bb57ba7bea236b0ae	2026-10-03
bor	bor	2026-09-18	active		8bfe0dc4016c82533a13f7e0357fd4aebb912632d9dc60fa75f386b36f817ce1	2026-09-29
borax	borax	2026-09-18	active		f64b89608b9776e0e86865ce4b01baa043563a86a6c85a9b9a00b6cac68cb77e	2026-10-03
bord-alexander	bord alexander	2026-09-18	active		e31dec16d9293e272e2b11fffd95553b2720f3bcc96c0eb3d950652d98bc4a12	2026-09-29
border	border	2026-09-18	active		627162f98483707934f0cfa483132299e32f068971a25b2d738e285e3da92afa	2026-10-03
bore	bore	2026-09-18	active		a423d4c8ffb2c6c83a61e25d49663f92557260b7bdea708504b83ddf927f7e49	2026-09-29
boss	boss	2026-09-18	active		3a92937e9169c698d84252c8e6a562d1d12b340a249205354f0b28ce33540b04	2026-09-29
bostan	bostan'	2026-09-18	active		849881494063aff3ed6cf76cdce8a9b13e85cc960c28ac82fc4097dcb5e9c5f5	2026-09-29
bostelle	bostelle	2026-09-18	active		ea16ddd4746ad9ba36ba0965042e06284953cd929cd00a0db3075e1e75ab82eb	2026-09-29
bote	bote	2026-09-18	active		9563addfc7a3f78f3d0b9571ce42f4ad74631c218392dd1c5c694b7798ab1bcb	2026-09-29
botellus-2	botellus_2	2026-09-18	active		2b84e478b6d6b66df7dc1bedaf94fa26efc52f932ad38b1a959292728c352661	2026-09-29
botenet	botenet	2026-09-18	active		05461cab64d30885dfe773b0635c45cbf1d3564f8373e9cb228b440518fc9e7a	2026-09-29
botes	botes	2026-09-18	active		d7f0d0e7e3287ebc30fccd67fa8198b150f7c3bf6c404b2c683e78147a8a0d87	2026-09-29
botom	botom	2026-09-18	active		8f02b755007a79fd2946485deafec34aaa34890c6209b9d10f595dcaaba7da5c	2026-09-29
bottle	bottle	2026-09-18	active		6b2701f48165501ad96ada5699705684a162533fa8eb3223d6fa5e9eaf7feb24	2026-10-03
bottom	bottom	2026-09-18	active		6f0fa7c0c10e53683ee73103995d3e41d6328507c8f81b5ec42f3a186bbad855	2026-10-03
bottom-2	bottom_2	2026-09-18	active		c6d66710311535a383889f77abda206b1cf2ddfe0dbec77995fd220488ff2a5a	2026-09-29
bottom-of-a-basyn	bottom of a basyn	2026-09-18	active		b6b4e7405b6419df3286da28362f53c016e535d43873ea94e8f89d4ff8868c8e	2026-09-29
bougemen	bougemen	2026-09-18	active		796dcf12928e73cb590df65d23c0cc71bfd1a929270090661a7206b60a08bf13	2026-09-29
bovum-parve-pecie-scisse-de-collis-et-ventribus	bovum parve pecie scisse de collis et ventribus	2026-09-18	active		83f708272d96652494494d16c0baa370385ac169be6988b65891cf7ed343bd1d	2026-10-03
bow	bow	2026-09-18	active		91811bc7cee7c8d575b519d007bf2fb59d863c84d009a4640020b0745cc56d86	2026-10-03
bow-case	bow case	2026-09-18	active		928c5f37dbb6378f8299412a8bd336adc018e9757e47fd04b16d0b3c84fce147	2026-09-29
bowl	bowl	2026-09-18	active		e0a9e31d4a0f27f00461db752da3fc899b19c92b7cf5dcb364cc195fdcad41d6	2026-10-03
bowstave	bowstave	2026-09-18	active		330ee166310ff7b575d78bc2280ef83ec2dc5b6bf4782b8761d3e257783f9363	2026-10-03
bowstring	bowstring	2026-09-18	active		6f64c16d329eb1470738a5846d57c1f684c79d088fdff44d439a1d3c74228c0d	2026-09-29
box	box	2026-09-18	active		26824504b8d7f93c382845a6bfc5a3976ea2b91a98c2ab9c505b5f513e66d708	2026-10-03
boxstave	boxstave	2026-09-18	active		6d4603a7232aaec127d1b895e89b20ff8c0fea9259e3fe9748e1749ad79d4463	2026-09-29
boxwood	boxwood	2026-09-18	active		b65dcd66955fb5c7468296ffafea665211c88e35826953cce8792304dacf4a06	2026-10-03
boylle	boylle	2026-09-18	active		3cb228443addc24f74fc603239fdb6fd42bcc5ac40e5d6db10e33fa415ecedf5	2026-09-29
brabant-cloth	brabant cloth	2026-09-18	active		f9a42d8e9b7faedcd68d38be85a456e471b2cf7d7f4dd3a3138cd7f0c28a7a8b	2026-10-03
bracer	bracer	2026-09-18	active		bec92b5b66b51ed595f8eb0a863beab969e0634edf0d6d95f7e24c6a738697f6	2026-09-29
bracium	bracium	2026-09-18	active		3bf3bc4cf97dfb393780a076b0faf9a2dc2754dffc1c906f6a1d5ca4f31a11c1	2026-09-29
branch	branch	2026-09-18	active		45a3c48c9223f14e67637e80ae9c8478a6eced90abe2373689c7b59864c3e7f6	2026-09-29
branding-iron	branding iron	2026-09-18	active		c5905be5ae8c63a78f8a9572bf7da1fe9f6bcedc8eeb31c77046f0d2a57ac6f0	2026-09-29
brasa	brasa	2026-09-18	active		3c6d18bfde014b460f7673a1ba2a0b0a643a9b1c7c96d4eb4713ab8c07be7cb8	2026-09-29
brasher	brasher	2026-09-18	active		c2d527fcdfc66c0393c5e075052e83688553c9f51fa830c528449936eab5d6f1	2026-09-29
brass	brass	2026-09-18	active		9a690ea32d8258ececbba6165d9369ed48f159d346a7dde642ed573dd2d01889	2026-10-03
brassel	brassel	2026-09-18	active		4ffde6f8cec003d6b3d8a3c81623eae0d53a64de683ba66d0bdae1d034036e9a	2026-10-03
brawn	brawn	2026-09-18	active		7df9964076e84bfbb11293ba5d38fe1cef70933a3e602aa60e7460713acb738e	2026-09-29
breeches	breeches	2026-09-18	active		6a76b486f5f710143618eba67301fa029c3bc8eae1cf1d3c9fbb3afcfaf4caea	2026-09-29
breechgirdle	breechgirdle	2026-09-18	active		621f4432563019ffd44833cb7fc95c92e479e90b91ae727f58ad36345669254a	2026-09-29
brest	brest	2026-09-18	active		2c85649ed8bc3effd4556ed0acebb4b1650bf96a9b75761bf7da3e118553dbd8	2026-10-03
breten-pecia	breten pecia	2026-09-18	active		31dca23e8ab470effdb75489815b41c1490c8de838104ff0f5e2f7469281efd2	2026-09-29
brewe	brewe	2026-09-18	active		21db3331f5aef4e3a7513a6035e59c0e9d68be18af3064456f611dd624840f2e	2026-10-03
brick	brick	2026-09-18	active		4b2559ff796a6c793ffc9a8c3ac5c8ffad04b349ee2c2bdca609f087d386e246	2026-09-29
brickle	brickle	2026-09-18	active		3c02726c635fda610df25cd8fdc91832c5b4405656e61d7446b84faf9ab4d630	2026-09-29
bridge	bridge	2026-09-18	active		1439e73598306ba9c29b3908d6bd3837b7111a8f0e9b26e652e993c774614ed1	2026-09-29
bridgewater	bridgewater	2026-09-18	active		f14c645e237449fd99658efae2c51e9f38a3144918ae8014538988601566c022	2026-09-29
bridle	bridle	2026-09-18	active		671afcd084f4cf4aaf5c7c3284db5864bfbfc18cdfd1093e69168ba0b32a21ee	2026-09-29
brigander	brigander	2026-09-18	active		0be9d23ed197d69d2f36c6de84a8034e24b1ba17eb58ac19a3f09ff59db7b400	2026-10-03
bristle	bristle	2026-09-18	active		015907582298f5aa0ece7dd9230e42334a6df007cd2ba29f65eeb5a2c09bf5ba	2026-10-03
broadcloth	broadcloth	2026-09-18	active		34850948ffa665ffb0c0743f4e45018e25f18789da8c5301a8e7d684d14ba91e	2026-10-03
brons	brons	2026-09-18	active		5c28e371668af5cd8abcaa8859728123208d65d26a28ba1eb7571c66e05dd967	2026-09-29
brooch	brooch	2026-09-18	active		93cc0e74c3ff44d6ce6419cef72a7316df5ccf27cee2bb58ccaaac6c6ddba202	2026-10-03
broom	broom	2026-09-18	active		28fbc034927aceaca626bb6ba324c857fbf1a9efe1fe1ef5f1288efbd39b67f0	2026-09-29
browne-earth	browne earth	2026-09-18	active		605eea365ae498878b0b6292697cd91b9d9af96f3bf436ac323ebc0f6595ba5c	2026-09-29
bruse	bruse	2026-09-18	active		39ecb361824bdd0cf06e021442b51a67253cdd52aeb9bb0e75816a0c8e2d673a	2026-09-29
bruselles	bruselles	2026-09-18	active		0aa15a56f4256e1c9179266e51f25a15e737b73584581a7764353087137a24d8	2026-10-03
brush	brush	2026-09-18	active		348ac03744511cd2e50969eef6d9aab569781491755a97ced620a1ee3c4f2986	2026-10-03
brylles	brylles	2026-09-18	active		417f74d47c76e20ef3c5ef7f8b1476d4d9ceb71d63250426d4d04c044e2bf134	2026-09-29
buck	buck	2026-09-18	active		c5ba4e60b4223353f599b47ad34b015aedbb38b7ade335d0bbe5101e45eb7c5c	2026-10-03
bucket	bucket	2026-09-18	active		b396981ffab1cfeaca71a44c4b7633812702c90c97206e33195ab09aaba545cf	2026-09-29
buckhorn	buckhorn	2026-09-18	active		6910b6debd8ab13df6f606866a6f180039e6a37f58d86bd31338fc8eeaf0ccce	2026-09-29
buckle	buckle	2026-09-18	active		be4e1990cae601067c8d3bff34360d2fcce55ebc99bc9daac0c11d2324ff6e03	2026-10-03
buckler	buckler	2026-09-18	active		8dd7310ec8b89f0e33582136091c2f0913383193215692e6cf35933f1b5f9c4b	2026-09-29
buckram	buckram	2026-09-18	active		8a0d0d843f56e6837c56f2b2edcfceaaed02da1e0cc58694a343f9d1e0858093	2026-10-03
buckskin	buckskin	2026-09-18	active		05f84b374884995845f1c53deebd2bcf71f715ac3369ca6ccad690c11f3b6bd7	2026-10-03
budge	budge	2026-09-18	active		7ec8c9877083e1128a9b4a7a1ea9de8436c28ccd08a9d7067ae282767ffdae04	2026-10-03
buff-hide	buff hide	2026-09-18	active		8b00fdf472388e730e660b1e3b84878d3e6988c886c8eba5ebd4feb7b7fa96a1	2026-10-03
bugle	bugle	2026-09-18	active		9598349b4c64476728d6290743afae7b4a3c0607f3f5fade3699b9b01a2f0d7c	2026-09-29
bullion	bullion	2026-09-18	active		1bb04a7b2f3664853226db5039d95c2b3a588807bd8599aeaa9f16d321be3f72	2026-09-29
bullion-2	bullion_2	2026-09-18	active		38addcd1f50c1812dfcb3363014dd028c0744144c0e22b8a8f683f7427f16d9d	2026-09-29
bunch	bunch	2026-09-18	active		d308e582cd1df9bf63fcada63d56cce98e8e7cd3070269203fb8634d0f7d3335	2026-10-03
bunde	bunde	2026-09-18	active		fc683a37ad19d307eba1a578a303fe70053a948d1bf4679e25c22d8619e9a535	2026-09-29
bundle	bundle	2026-09-18	active		391b90d555211b24014c44f0af59011676ffd61b8389eaa0352c4f4f5716678e	2026-10-03
bung	bung	2026-09-18	active		1bfea380ed285c596f8bbd0e0cbe7cf2f9d5bb480b02d5afd04dd76d31c0de3c	2026-09-29
bunne	bunne	2026-09-18	active		2f1b89d14b3a6cbfeb0cff99783693f8822c7dbbb8b980125fb190543585a49d	2026-09-29
bush	bush	2026-09-18	active		61cab047fc7359fbe91260a96acc00459072a4b2d23f0851815a10cad56258bd	2026-09-29
bushel	bushel	2026-09-18	active		09d0732f959a4cf016eb8ba5c0199dee893598a7f097bc6c703d6356828e6c58	2026-10-03
buske	buske	2026-09-18	active		cdfa715653b11213679be99c4813fc14838b920389f2477cacb556499f3fd533	2026-10-03
buskin	buskin	2026-09-18	active		5369734486f5a707c04fe36def6610001e5110d567401fa614835404e1a80ba0	2026-09-29
bustian	bustian	2026-09-18	active		cb8ee431b3178512e41bd9a497ac629b81f0510a776f539d78cb2b4607a9bdab	2026-10-03
butt-2	butt_2	2026-09-18	active		1995c0f56a53bf90e2ebab6de924b6f36bbc5cda6bd17b228411a35002103887	2026-10-03
butter	butter	2026-09-18	active		b4e07bfcccac29def204e97dc638a0e10c9b45d9c56680646b6e1e54a1d3ad03	2026-09-29
buttnet	buttnet	2026-09-18	active		46df4afb0009c2c9bd8bb2752f602eeabb1ab0660605385c23c932d87ce6d877	2026-09-29
button	button	2026-09-18	active		39a8cb741cae931e253c7c653c1c6e0552924dcd23886758d958ed04e2bbfaf5	2026-09-29
cabase	cabase	2026-09-18	active		451a74e67a7f45e38d99bb5e36d73edc205abcf8edb53d168ac262cc45b6f7e3	2026-09-29
cabbage	cabbage	2026-09-18	active		8e098ed9337a63df4dc3a65889219ea09234992bca9b5eefd20a3fae86da6ec2	2026-10-03
cabe	cabe	2026-09-18	active		50513e3ae371269432c333a243c404b239a0f631834220e257e1162718660c88	2026-09-29
cable	cable	2026-09-18	active		d5381bc97a5576464db3f985047d600a3a0173acf4e40933cf25aa6a79a244f2	2026-10-03
cabolez	cabolez	2026-09-18	active		dfa56440ec9b415a6b690cd40f059d1b402104b929a7ec53a7a447e1b241f9fb	2026-09-29
cacabus	cacabus	2026-09-18	active		9cc3ffd754ca9d348a172c4be5bfc7ef2d481cd76173b439c7cf2009f83094a4	2026-09-29
cache	cache	2026-09-18	active		164e916e6ccee662ba0344fb0ff867589d3921245fc5308a12392542dd8cdda7	2026-09-29
caddis	caddis	2026-09-18	active		6e04d41fb95267c9018ec2860c6ca6c39c3f22d2f254c2076b6600d91d5810dc	2026-09-29
caddis-2	caddis_2	2026-09-18	active		7d1341add4fa82b08162c93855ee764c9f47f3bea62f723f097bb2d82312b683	2026-10-03
cade	cade	2026-09-18	active		d184216a8420278e83dffb2683dd4a7acc8b09f8f661560c8a370bb1a0913d82	2026-10-03
cade-4	cade_4	2026-09-18	active		6f150f796502a6323da78c86ae29fadd5519bfef75a454d1bafc75f20669b6c9	2026-09-29
cadmone	cadmone	2026-09-18	active		5731759eb96b548c449186e927b4349b64a8138d30c284791b8fb2c1acecc3dd	2026-09-29
caen-stone	caen stone	2026-09-18	active		ea88694955d2a1962df1491d158de37115cc7395c06ce10b3ed1eeeeb9e53107	2026-09-29
caffa	caffa	2026-09-18	active		ab887923ec641a106153a567f4ff44ccbe501c1cb9c2e7a38e44996ee2ab3b6e	2026-09-29
cage	cage	2026-09-18	active		cfa97963062f5a65b867435b7cb807429f17fcd2818d98d67278188a37e8d36d	2026-10-03
cage-2	cage_2	2026-09-18	active		c1fa4a7b3d5175d43e908c016fd12b0b30800d60e46b77b558bfdaeab633d756	2026-10-03
cake	cake	2026-09-18	active		43f9922cbfb87d4de4f870ae4a476c8693777047f5298fae12fbbd65945c71e8	2026-09-29
cake-4	cake_4	2026-09-18	active		90cedf193a3d756f488c3177415b65c3e9af3b5770b114618b34381846ef8aa4	2026-10-03
cakesmolt	cakesmolt	2026-09-18	active		e6583c908afa74af3fb09f6b7cf5eea60099cba3f077f76d947e8e3d2e06dabd	2026-09-29
calaber	calaber	2026-09-18	active		b6d529a8659a18fc7b9bfd9ebe27ea783c4f9f1302cd18c7db2a45bd57e548a4	2026-10-03
calamar	calamar	2026-09-18	active		a72ac23da54b6fdaf7ed01d94389feab748a14e57563df8bb0a1d22c6ee41c52	2026-09-29
calamine	calamine	2026-09-18	active		47f2f087d2a5c892dd98740eeb481bc024afb027ecf5e554dd0fd17d39d55d26	2026-09-29
calamore	calamore	2026-09-18	active		0713027084e14a23488195e87e4be105732a8d4611c57c776340443a9c1a762e	2026-09-29
calamus	calamus	2026-09-18	active		41e1aacb0e12e8bebaa03c18d340695437832e689065723be6160c772439919d	2026-10-03
calandra	calandra	2026-09-18	active		d3ef17b5fe5af5b2c34afc44d9ebc280e840567b4eea2a7600a24503e4add129	2026-09-29
calendars	calendars	2026-09-18	active		9efb9785b38f3c92a043b6e915a260128c2856c30cd662ce0a72e90e36c90ae2	2026-09-29
calf	calf	2026-09-18	active		310034a4bf1650b0cdfd959624635139da473a5676c6d0eef365d59543b63c14	2026-09-29
calfskin	calfskin	2026-09-18	active		e465d03677464f9816bf1bc847ae1cfb24d1d81bde4bf018d6ed885a6e6267c4	2026-10-03
calico	calico	2026-09-18	active		b5681f5f5bacf3a066ca00b0d14af46397d38e6d4fe4ad91344f60c94771ef78	2026-09-29
callys	callys	2026-09-18	active		44c5ddec5cba2fb781137d9a3dbfecf9e7c3dcc979fd44ab628714159332927d	2026-09-29
caltrop	caltrop	2026-09-18	active		07d6d6e847afa9ececfb129debc5e47152aa5834f094464ea6c6966a9b6778c2	2026-09-29
cambholt	cambholt	2026-09-18	active		5f2898861eb2682658c21ef3fad32e8c7102df9adf71c014e1c3355dc5bdf5e3	2026-09-29
cambric	cambric	2026-09-18	active		4103dfb55dec85ff1ad1d70b26d504f8472f0629486a803202f7af7f761e3cca	2026-10-03
cambrige	cambrige	2026-09-18	active		f7dad09636a7de7dbf09d52bef9d90519fce7c190edeea52cb5bbcee70893d7d	2026-10-03
camisia	camisia	2026-09-18	active		6307dc23e4b36c3a26cc3bc66645c508cc0077fe8df899c445e3715bddc8cfb3	2026-09-29
camlet	camlet	2026-09-18	active		d6fc3a04226edac0c145223fa25a09defcf0ef120e8ae94703ca93d7c77b674b	2026-10-03
campanella	campanella	2026-09-18	active		c3679da9370ea5026bd32d82989f41c0b6c88510418b12d2b7179e0e6aebedaf	2026-10-03
camphor	camphor	2026-09-18	active		b6685415b6b3c7d0a0db39faf5d96f86f0ebf80161947e0526236cd89a7b87e7	2026-09-29
camstock	camstock	2026-09-18	active		887ca1e4af46b8b04e7e49bb8c6a00b41fb7f419ec450ca6e0bacdf4d147af51	2026-09-29
can	can	2026-09-18	active		80b37f7523dff1df9e57a9d498db46f2ff026796138edf19ce592e4becf09d2d	2026-09-29
canak	canak	2026-09-18	active		343fac0a15c85c6a7868272cb8fed945aac30d09e8f1cc8a2d12350ea887d626	2026-09-29
candle	candle	2026-09-18	active		e4f2bac29c8a06b93283abf61d9445bca978f234fa642c77452abb88431aa952	2026-10-03
candle-holder	candle holder	2026-09-18	active		6ed6580427a0cce45a15d2063f18d8390b052e46afe45bc1041387abeaae04f2	2026-10-03
candle-pece	candle pece	2026-09-18	active		4d629db6c9d9d1814cdb199d901799f64d9c321fd7a5c256ab41dc262c7f95ee	2026-09-29
candle-plate	candle plate	2026-09-18	active		4de30513a2a350b051dcfd1426f0643185e3d9d26c367ded319e8eb4e13bb07c	2026-09-29
candle-snuffer	candle snuffer	2026-09-18	active		ee9980c95f96d4be533af55a8f78b958213600402c53e2ecc65278313e8ca937	2026-10-03
candlecase	candlecase	2026-09-18	active		669beabb05b3aded1458db01042d3df707073c65ca305ccac5b6f569e7d21bc9	2026-09-29
candlewick	candlewick	2026-09-18	active		116cb4140e232edbcb3750e53794c866e8657d7fa51dbfa06a283d6fd4bc7847	2026-09-29
candy	candy	2026-09-18	active		d717618ee8fdba746d2fcc22950dcd48f25e000dcd0c420c4c6402e0a4058e8b	2026-10-03
cane-2	cane_2	2026-09-18	active		bfca3a3a28e44f41afb88824eb32e54fe7f2c8b0a8ea1ca2f85041dc51738ed9	2026-09-29
canell	canell	2026-09-18	active		632b07edc1f16ec0e01a41308af11209a8bb501342e71937c93b9e716a9a0b7e	2026-09-29
cangions	cangions	2026-09-18	active		ea28de5a9601c5775d970a85475d274ba479e845e72cc786976d08af89e5eb2b	2026-09-29
canister	canister	2026-09-18	active		fda9fdd238465bb5a01f069a441e71c17b2648da85b44206d5a0652b4cd3c4bb	2026-09-29
cantar	cantar	2026-09-18	active		850bf954960c75e012725807c5cc2e463182dc8d187f83bbcd528cbd3696dfbb	2026-09-29
cantariades	cantariades	2026-09-18	active		4ebbdda22fdeac330bd252fdef673b939986fa95189e0e6b4450ef091ca5416c	2026-09-29
cantrey	cantrey	2026-09-18	active		fbe06d413df19a3bbca15c93993694cf26728290732dc66614a19d96ce8fbca2	2026-09-29
canvas	canvas	2026-09-18	active		29107d149e321efda9e94f71aee86f8a3769d2a6e23ed65fd4316dd77fcbc09b	2026-10-03
cap	cap	2026-09-18	active		35360b47cae8c02de06a94423bb95955c6f42de752e27d4d261a3067edd7c959	2026-10-03
capa	capa	2026-09-18	active		0125a4fab028ca94743744ae0018a19d53ece45bcc170719749f032f36bb4643	2026-09-29
cape	cape	2026-09-18	active		fe564c02b0f2fa674a79cc3e715ecff856ee627a65b813a2d3b91f53d6e5a366	2026-09-29
capedo	capedo	2026-09-18	active		e659414a19bd0728a6c4dbdb5291e34731d29423a2fd2a7c33df88744f7ebb20	2026-09-29
caper	caper	2026-09-18	active		9b88694f3dbf1464d2d7ddbf2f6b8d2b5b1e6f3d0ab412870cb21dd34454b0d8	2026-09-29
capito	capito	2026-09-18	active		41a8bde872e45162d3d08afbbb3cb6e67329950d876b584841d7d9c56291ba75	2026-10-03
caput	caput	2026-09-18	active		25aff4fc166672bce42f12a0ec55cdb15fd74c6af1a2c5379e567dcb063eba8e	2026-09-29
caraway-seed	caraway seed	2026-09-18	active		4b272975a48c6d5840ac181a2b17451f278bf79ccba7453a89955d01adec6971	2026-10-03
card	card	2026-09-18	active		9a7fe3776a63017fd92d80ba4686b8d3fac7a9e9a8acd920d8a7dc57ae2a8b3d	2026-10-03
card-board	card board	2026-09-18	active		e38bf63e6617c419cf5d44c426a50fd444fd6c45aac9a6fe9a155ba84110a4ba	2026-09-29
card-nails	card nails	2026-09-18	active		cb7f04d61cc0e091ae53ae9c5ca477ce85109e359de91d4a80753a4ff1067963	2026-09-29
cardamom	cardamom	2026-09-18	active		6aa3bf82733867444e13df7ae1bb2a3912d37ce1154511d641fbf732160aa304	2026-09-29
carde-3	carde_3	2026-09-18	active		a07a38444b63810f95b39ec0754417a4302406bb8d41db387b047040bb844d24	2026-10-03
cardinal	cardinal	2026-09-18	active		bdf22ffab57eeca6be040b7668f7861e49ac69da93ad52cca316d87ff0596153	2026-09-29
cark	cark	2026-09-18	active		68f787a42761454e73e04bf9e9da696285d14d536debbd43c50cefae69e7e4e4	2026-09-29
caro	caro	2026-09-18	active		5db6f050f0462dd6cab6e07d901159f73b82aea678b917a622c63e81699877c3	2026-09-29
carob	carob	2026-09-18	active		3ee4ea9af22da4c61a068ae25e4c81ebe487139c8bd98c1ab098b43e8335b9dd	2026-09-29
carpet	carpet	2026-09-18	active		ef62ed99c5e3fb4eb5eefc65719a3cb930060489e25c0ab3ebe758b3091b42ae	2026-10-03
carpobalsamum	carpobalsamum	2026-09-18	active		b075e9e7cc32dbce141f33a93f07399fa2a0ca666f5a58ad18c0e9702af81d32	2026-09-29
cart	cart	2026-09-18	active		720660a8aabc561d894fa8e55702a7fa8a12a6efd720762b333d7d367b20fb63	2026-09-29
carta	carta	2026-09-18	active		fb4a19984d27f7c8b810ad05710d34557185fed2d5c9f7ec3b70c302cb9d2d1c	2026-10-03
carvel	carvel	2026-09-18	active		6a2e50bd57c7b7bb26a744921850c62250bef19a3c4504a8d3ad8eea9b54f692	2026-09-29
casdok	casdok	2026-09-18	active		94b3160d93e8638be5ef26132f321edf6e7740c4195a66afde486598f7372964	2026-10-03
case	case	2026-09-18	active		2c1710f81e070faf9460a41bc7cf45656d6079fdc2b60e4465c85d21ac0e3f5e	2026-10-03
casie-nove-et-vetere	casie nove et vetere	2026-09-18	active		bd2d957f1d872e13f24e11c6909380a6297b615e848a8311cfacde4775aba7d4	2026-09-29
casket	casket	2026-09-18	active		ed89658ae570645f5590ed5031a44fb99438f271a3e96f90d6017eb5afa6ca69	2026-10-03
casselyne	casselyne	2026-09-18	active		cab922fe2858358c0bbd779834dc2cb60455bbb6f0f39645a8f4ff62c8e3f6bb	2026-09-29
cassia	cassia	2026-09-18	active		45e523f1812aacdd2ee2a24741ccbc3a5d4bca970e08df6668204182e511fa37	2026-09-29
cassia-fistula	cassia fistula	2026-09-18	active		7b48489f8005d9936b9e353f393f141ea6fedb9409ad7a62a05c70c9911e950b	2026-10-03
cassia-lignea	cassia lignea	2026-09-18	active		df7d69704c0b54f11b1aae1fe4c11cf9d2be1868a3bf6a8eb0bc9f8f83420583	2026-09-29
cassock	cassock	2026-09-18	active		1dce2e66896578465b613d1880d96c02632f5fa07501f50e426793d701b07edb	2026-09-29
cast	cast	2026-09-18	active		833e96ad39230fd0a34643938d6283246022ca656766d0cbf3f7d02f750e36cc	2026-09-29
castiledons	castiledons	2026-09-18	active		4555baedd81e3ca15e8e4f85d156486fa1ef7d1d9854d7b3b1daaf86b86f5cc5	2026-09-29
casting-glass	casting glass	2026-09-18	active		bbd8a690096a7250561f07f76c1b1bf39880dfda65bc80f8dfc9292f0dfc4a83	2026-09-29
cat	cat	2026-09-18	active		2e90b4b34f289fc7d5c0ffef561b2db5b5bbfd6dc23a6fa2ff251d13ff891059	2026-09-29
cat-fur	cat fur	2026-09-18	active		f7c07b346ae01d46618d52a8579a785b6dc247404f31fc5b5fd66c333c44d49b	2026-10-03
cat-gold	cat-gold	2026-09-18	active		09704f10abc7368bff09657fee026e3595085e4aaa1f8c38af9551f362e82146	2026-09-29
cathedra	cathedra	2026-09-18	active		02ee5c27e1cd3b614decebfa341ef6f2f6fdfe273aafce2f8c3283d503928531	2026-10-03
catt-pought	catt pought	2026-09-18	active		6bb28e8499bb17771daee4d1d091adff07a56692680e844304bdd60ec32284ad	2026-09-29
caugion	caugion	2026-09-18	active		ca8c92d7bb0621e37a0dd5ddf79529043dadcb90f1cb8cda2bc84e6b7785d40b	2026-09-29
caul	caul	2026-09-18	active		162fa2e22bf6ddd9f7e97ebbf6399e154187e8380331d1c31f2fff048cd7a682	2026-09-29
cauldron-2	cauldron_2	2026-09-18	active		72c6c99fbd2bb44b36aeca065754e32fe73bd7b02991066f3554e6e09dfd62d1	2026-09-29
caulse-powlles	caulse powlles	2026-09-18	active		87d5bbf75dd93c588df768162fe05062515216ceb36309e9a2fe20e6e3787fea	2026-09-29
cavella	cavella	2026-09-18	active		619bc2f60c5a2a9b2eca895b0eb616db4ec740fa2ebad52061f7425b7d191f63	2026-09-29
celure	celure	2026-09-18	active		0e6e44224ee02453f006ff8cb242ab9aa88585ff8be72b6522245342169cad5d	2026-09-29
cenail	cenail	2026-09-18	active		96f52d3ba0fd2d7629d99a669f939bd5c008eee36672b1bb5d303d4ae8380816	2026-09-29
censer	censer	2026-09-18	active		59b6601cbe0951fa10cffa1a7752a31b8f7a6338c2a5b09dcb24ce54750dff84	2026-09-29
cepis	cepis	2026-09-18	active		1cda92e34753b4ead0cbbf30ba6fdd3228b060e2db0ffbe1ecf0e2064ebbb0ed	2026-09-29
cer	cer'	2026-09-18	active		3c6dbf7507e590cbda12d6ba0edf23dd1e98590fce4f673b06dd4c9d1748da6c	2026-09-29
ceres	ceres	2026-09-18	active		52b56799b7d41b40b49372ba901665356a707e98fb280e26b344c4115d7bab5e	2026-09-29
ceruse	ceruse	2026-09-18	active		46cf5c6e6d9eaf42dabeae65bbfbed9e375765f3b560f73c0e54b955cf2fdb13	2026-09-29
cestelez	cestelez	2026-09-18	active		015d188ecbb695d5fbeab61a7660bd34ac95148908dc8d46edfad1e8a6b0e13c	2026-09-29
ceviell	ceviell	2026-09-18	active		590544d2893bf547f865e1728c0053898bc1932aaf53aa1dae346e47294e60a4	2026-09-29
ceyer	ceyer	2026-09-18	active		59317a98e5fb2e3cb1e20fd120646fd06debde51b37935fb5687360872275d29	2026-09-29
chafer	chafer	2026-09-18	active		913aac2266de8e22b0d0c502b2ef398adea0ef6d95a01efe22977eb4e132b1f0	2026-10-03
chafing-ball	chafing ball	2026-09-18	active		2085dc7fb4dfc8a170bdb26f598a7c24c6bc7262110866360e4d86db504e8fe7	2026-09-29
chain	chain	2026-09-18	active		24e9272c7e9cc34749e42a250e61efe9b36de14844db1865de8cb918146cf3da	2026-09-29
chair	chair	2026-09-18	active		c7c94353ae0e1bd3a6f28441aea1a16a795841ee6f26c103ba1d57f143f925ba	2026-09-29
chalcedony	chalcedony	2026-09-18	active		95260b8fa3a333b7ea2839c58a8acb517ab9efaaeb7e97ffbb60570dd86f3315	2026-09-29
chalder	chalder	2026-09-18	active		13ba6c4559c284389bace1bd41719a6d1d78717596b91f7e72f7d51892fc65e6	2026-10-03
chalk	chalk	2026-09-18	active		495c4eede7c77f910a7b2a5c83ff43cd55df16e234c7b6e601c25f33b8bf125d	2026-10-03
chamber-pot	chamber pot	2026-09-18	active		1af647339ede9def85494b0506ad78f1174115f680839ad0ea605be0056f673e	2026-09-29
chambleyn	chambleyn	2026-09-18	active		bb766fc412f4d682638d8a3b3ea063067d344167cb2150243ef3952d0a918a2d	2026-10-03
champs	champs	2026-09-18	active		979cf496a98bd9a8467654705805b402278385bcd1978fe3c93bfad85ce863e4	2026-09-29
chape	chape	2026-09-18	active		3f93eaee5bac36d6433c134d1c74e4ee056c2cb71e4a8edfd3b8e7affd68341c	2026-09-29
chapelet	chapelet	2026-09-18	active		00d30f9c8dec068d6f2d125d1e9af4961a85f6c4c398e4f6e62f367b58ab9e4a	2026-09-29
charding-bond	charding bond	2026-09-18	active		38ae47fd4d98bd1c0de01c1668d3cf557155120d24c1afcf582469ef803ceb82	2026-09-29
charge	charge	2026-09-18	active		7cf29680960781c68f6e347d0b0936c92da9d64f4945375c5b40dc35a88dabc9	2026-09-29
charger	charger	2026-09-18	active		3928ad0f193c2104919dca24e6e6f4f087d05683d942b28662e758b3034a3769	2026-09-29
charnel	charnel	2026-09-18	active		fa3520e528039828736492f652391eadaacbc2a76e86b5a2f0d2b502f00838ec	2026-09-29
chasuble	chasuble	2026-09-18	active		0dae30528aaecfd1749e0e6accebee6d2f548e495df7466a7e1351169558559a	2026-09-29
check	check	2026-09-18	active		7a2c36f34f6895e999dc98f102564773ddbd1f5a6ad38d5d7c6d0f52de00c3aa	2026-09-29
cheese	cheese	2026-09-18	active		da76297013776261268acac3fd8c4772949dbb8a3081949e134b3f152a57c390	2026-10-03
cheese-bore	cheese bore	2026-09-18	active		6e23dbe28baedeaba7724f58b24800fc142afdc2a692f67ea9c3faf9f24ea9d1	2026-09-29
chess	chess	2026-09-18	active		82d06764ec657e13457b4728514096690f0c42862d1adc462f908f57a6e186ea	2026-09-29
chessboard	chessboard	2026-09-18	active		e68b8bef7bccd798c03b290c173b1d6e2be6ec4d034d231d113e721d1974c791	2026-09-29
chessmen	chessmen	2026-09-18	active		130c4c7681020ec9d71e3d2f8db3d69fb0c51d4a1c9b3b61d1407b4d2a44d683	2026-10-03
chest	chest	2026-09-18	active		843e742b0fb753784e5d63333d2f1ca4f694e02097b40a9bbe46f2188bf69738	2026-10-03
chestnut	chestnut	2026-09-18	active		cb02f47b969257fb4ed224ae720997238dec2fdced3451d6ed73e3080c9ddbe9	2026-09-29
cheverellus	cheverellus	2026-09-18	active		60747f76771d9a2a17d0a4841dd0f7bd9a72fa37a4225233a3ec5999284639d1	2026-10-03
childreware	childreware	2026-09-18	active		1a88b00cbc805422a787cf527097d09a95fe6c5ab430e4390826ed8febc65a8b	2026-09-29
chisel	chisel	2026-09-18	active		7cd6f29c7bf63992c6f82dc2439f1a791550ff9f3f44dd1da7cc8fbb8e9f6289	2026-10-03
chlonyet-wyet	chlonyet wyet	2026-09-18	active		86279f6e41d2656494497a1c5d3299ba1348034acc95cc8899891983498ac620	2026-09-29
chock	chock	2026-09-18	active		a9d3e49ef9d52f5639ac2ff48a4892a45b24259a52241db4c8a36ba425d13c6b	2026-09-29
cibis	cibis	2026-09-18	active		0973a37b11a4b05b5c60915702d01544a3fcb19bd58f1c3e21d8ec7b68eea5a3	2026-09-29
ciclatoun	ciclatoun	2026-09-18	active		3e1e06beedcc9662fdfe925fabcb8645c7f8e9237bf1a99ae80541567c04b026	2026-09-29
cider	cider	2026-09-18	active		5ed24d422fd094752d43847ff4517e739ec7567635ad43057b6d454f4fc366a6	2026-09-29
cilos	cilos	2026-09-18	active		f04b986010e4061a13f2f0fc41ee445cd29e476be3491d163fcfc5b8c754d47d	2026-09-29
cinnabar	cinnabar	2026-09-18	active		eb8bb23fb1e61797e247332260add51e15ce60c84c5484a3e34662a45ec17bf8	2026-09-29
cinnamon	cinnamon	2026-09-18	active		58cb1a39d99ddacdd4cb9d1a994cdcaf61b9fbc175d8420bc70eba94ab40b589	2026-10-03
ciste	ciste	2026-09-18	deprecated	chest	a853e2c026a44185eee2fbf6db70c5f5924b5e1a5cb6c5b2d96ed545f3c82f70	2026-10-03
citron	citron	2026-09-18	active		1a92e939ba52807def669762e7a206d3d1d1a588880ba68d38d9ac1cb1e660b4	2026-09-29
citronade	citronade	2026-09-18	active		10fae9f20cad4f371774bc1540eaa083aa7483a5a4cc5409d177aabdfcac3723	2026-09-29
cittern	cittern	2026-09-18	active		28fa0acb7feb7b58e9ae38065f6eccff8c3a58de849a1072265a44f442763f51	2026-10-03
clapboard	clapboard	2026-09-18	active		7087b1ae8e77a7d1dbc9380d8de29ead92338488bd82df71dcbc899430b9a8ee	2026-10-03
clarion	clarion	2026-09-18	active		89a3baf1e64b21b4d8355f63f7f9e19b1225c2286e62018eb9b8e6d2787fcc48	2026-09-29
clasps	clasps	2026-09-18	active		3e7f98894ec13b19649f24b64d5043abf7de6cd91e85bc4cec3350204482b52b	2026-09-29
clavichord	clavichord	2026-09-18	active		9f0854a2cd72866c0f525ce84725f1d0c5a3af0fb438232ad4b9d8704c746e41	2026-10-03
clavichord-string	clavichord string	2026-09-18	active		cbfb5069f0e71e84c7384fe6ff7a46e2569b3cfb9ad1b7e1e459adf6fbdaef01	2026-09-29
claw	claw	2026-09-18	active		3ba43648a862f774380910b0e31dbd2dfb056daa40f0016716850fc9f6d26d1c	2026-09-29
clesme	clesme	2026-09-18	active		18f48f1b36ccf41d7707b3d4c6c00a142c6467e7ccee5d4ce173a42f0b5a2789	2026-10-03
clift-colene	clift colene	2026-09-18	active		90ec7ba8b9ea3a01da0da2a751119a2badb61bd87a7139d99116dd9bb565e209	2026-09-29
cloak	cloak	2026-09-18	active		5d125a3a1102663cfc7baa7349d083a94a08202f34285e0f24ff0a656a63feaf	2026-09-29
clock	clock	2026-09-18	active		30f48d88fee9874798b74d1f1a9f095b80c33e963a6e4470687db2d2608d8662	2026-09-29
clog	clog	2026-09-18	active		c98f5190957c9136abed9f0d3432214ffd2b8ec56dca0fa16ee5acf99fb4ba4e	2026-10-03
cloke-cum-1-chyme	cloke cum 1 chyme	2026-09-18	active		df3a0f1306f30611e6c661dbb4d26c6e679d83aca10849b93be1530e979b95bd	2026-09-29
cloth	cloth	2026-09-18	active		48dddd012d49949834927605e44a2d2b4b8a2c200736bb2e1daa814783e16d05	2026-10-03
cloughth	cloughth	2026-09-18	active		7ea7950234bc5fbd159125b13714606e0904695af8e621af7f0ca9639537e3c8	2026-09-29
clout	clout	2026-09-18	active		05f0ce252d9ed3eb6f8e0ad2abd12c62b98ed0584a949831b388f064cf485c41	2026-10-03
clove	clove	2026-09-18	active		bc7a012c82fb968ab614683a93e9e4fb9222142561cd5593750bc70009ffdd18	2026-10-03
clove-2	clove_2	2026-09-18	active		5a2980068523bacbbd0b4ae5034efe5f10e73a9c246d62809b41f82ec4d60459	2026-10-03
clyster	clyster	2026-09-18	active		b27fb362ba635285645681dcc1b0b3296bd2864540f8ada966f36601b8e58ba4	2026-10-03
coal	coal	2026-09-18	active		f782e0f8fbd558b2ed01b9513e44d0d844197b5952e60edf26f664385f8c6365	2026-10-03
coat	coat	2026-09-18	active		ad63a9ce15a5cb50e613e3ab6ed4efe0beef2f830ead61ebed56122bfc70fea7	2026-10-03
cobble	cobble	2026-09-18	active		faffd5529c8770f6655fe4fddd0fc290926196367756ca205a7aa878d9c47d73	2026-09-29
cock	cock	2026-09-18	active		adf2d8a6b0aba4e62a5ef8459488ba8377d8103a7a6de3d641f38438e38bd1cc	2026-10-03
cock-bell	cock-bell	2026-09-18	active		57bc0ed673d3053c29edb45d00153c0f464dfb94e747ba8e6e5653d416c6379d	2026-09-29
cockade	cockade	2026-09-18	active		b0f777b57a74c45943e82dc2902d03ff3febb78686043d9aae4d2e707130d959	2026-09-29
cod	cod	2026-09-18	active		d5a3a415e32717597a7dc1f698c8448b8488a3bcad1d64890ddff7c8b566faf8	2026-10-03
cod-head	cod head	2026-09-18	active		bac0800ff8576cce61d49681c34813794b2f95fd2dbf4fa8b4b05cc070112b70	2026-09-29
code	code	2026-09-18	active		a4d64ade5bb8da58f1ef86784aebb596863a00c2e0daa93fe2924930cd2d51eb	2026-09-29
codling	codling	2026-09-18	active		b9c3224852e1764310c99ae6659a6ce3b09d606e1acf2f17d864bb4d4939c4c2	2026-10-03
coffer	coffer	2026-09-18	active		d2758c3d494cbb8f7686ebe80fed7ac9ceeb67c5b61b216c1c91b8ccf0d19b47	2026-10-03
coffin	coffin	2026-09-18	active		015825684fb72e7b306b9393bf5d167dd0f990fc2f3d18606fe41865830ffdf0	2026-10-03
cofterelle	cofterelle	2026-09-18	active		e3e2c972ab2addbb3cc57c80ee37aee200361f0958af6a41ed30b89d12139af8	2026-09-29
cogboards	cogboards	2026-09-18	active		fb087904919312e789f41687528a32ff8f906e8a34c4a1dfae720af3ce683c15	2026-09-29
coif	coif	2026-09-18	active		dfe3e97376e6a12553a94aa353d5abcfb495f1dfa1f42f0d4026ce1b6163c9c5	2026-10-03
colberd	colberd	2026-09-18	active		7fc45d75b468670b83167f482ec377003c839394d46e6fb280774147286dd36b	2026-09-29
colefish	colefish	2026-09-18	active		0223bb010b8b2c54ab73d6afcd029fedfc04673cbd00663342b47b61b1b07df9	2026-10-03
colenbyne	colenbyne	2026-09-18	active		82499442a9954d08f6bdc9ff78dd8cbcc4c799a158487f29ba9f1bba77675a49	2026-09-29
collar	collar	2026-09-18	active		2b357152f15a0a788a7a38b93bacb1551cf522f7623d9fc2ffd4e1601d73bf9f	2026-10-03
collum-cervorum	collum cervorum	2026-09-18	active		8e196d6fdd36ce64f945719afe1c0286884c12897d7b48c4a9d387382672d73c	2026-09-29
colobium	colobium	2026-09-18	active		6463966d18bad86ee049a560c3973f81e6994a655e9985b0948208af709a3f25	2026-10-03
colocynth	colocynth	2026-09-18	active		30a870125a231e9b4aaf8853fda87c9d13e09d618b7673c60f2eb158e6205fbc	2026-09-29
colour	colour	2026-09-18	active		f5312b944d7bfba5e4bb2f03d672d6aa560ccff3a7ac7f986ff3f1ead61cccd4	2026-10-03
colvys	colvys	2026-09-18	active		f9270eb43c68958d8a5959bb0859d5bb5ccfc499684ba9714fcb6786bb5d971c	2026-09-29
comb	comb	2026-09-18	active		44f947399cd1a3c78fbed1c768d08ef8baa957365eb21fae40b2780ce6a95b58	2026-10-03
combhead	combhead	2026-09-18	active		f566ac42ff8c082f68e51a2be3930cb21b444fd8b450a867995ff015f1281c6f	2026-09-29
comfit	comfit	2026-09-18	active		a8fda8e8b4563837738889d4ac8d00adf072725f59a388c1dc353018b21f63f9	2026-10-03
comfrey	comfrey	2026-09-18	active		963bf6898d26ae5d8e47af43134568be013ef8c8abdb7f69cb54d550552101ec	2026-09-29
commode	commode	2026-09-18	active		2467c73d2e20141b908858f66bc747e3a614c52d2c6eaea0b36d8d46fc0be297	2026-10-03
compass	compass	2026-09-18	active		03038cbbd87eab5c71e801b5299043c0fc3f9c73e53d44f21b8cc11341e01703	2026-09-29
compote	compote	2026-09-18	active		a83251794ee3b828dd27627fcd1f40bae844536bc7080fb9489b360bd4b96e3c	2026-10-03
conduit	conduit	2026-09-18	active		fbfe784f1ceca5c055cfb07905027ce782aa899da54fab9d2b04a4bd3028cddb	2026-10-03
conduit-2	conduit_2	2026-09-18	active		c06feb57cbfda7334b61eee03eff7cc5baac404260c5cff748705a8123a47755	2026-09-29
conek	conek	2026-09-18	active		fd8a15052f147d9c13f91f53d92c3a1b74a22001377985b3f108872964c137bd	2026-09-29
conger	conger	2026-09-18	active		e0c1fffaa59dba55f51e2fa60cf1b3e33368ebdb912904479f41bc1f30e9e0f8	2026-09-29
conris-greye	conris greye	2026-09-18	active		657ff66191b700b5925a16a2d9d305d2283d37b2f19afb2dbb56e5f58add5ee4	2026-09-29
conserve	conserve	2026-09-18	active		dc3657fec2c174170c47169a1e4dba12f0f869614dbce89b3ae847bbd451abcf	2026-09-29
cooker	cooker	2026-09-18	active		f3822dfafdf98d038de5a610a48df6448e3031c91f3150e6df128d438790ea1f	2026-10-03
coop	coop	2026-09-18	active		1f413b12c7d219ee5790eacd23b5a25b88141b11b54499be9a940b083011a03a	2026-09-29
copa-et-vestementum-et-alia-ornamenta-sacerdotalium	copa et vestementum et alia ornamenta sacerdotalium	2026-09-18	active		244c5a4b984cdae6f72bcbddc024b19f4b52558c38e2f7ec3f0ef4d6b3f32064	2026-09-29
cope	cope	2026-09-18	active		617c3ad7e20076c3f9423f919b400257b80a91505bfb6c2b66aa1997593fb1b2	2026-10-03
coporokens	coporokens	2026-09-18	active		df7a34f22fdced291e57f3b252dc663d9e01af7fa90d00e1e4f3e1b2c2f793fc	2026-09-29
copper	copper	2026-09-18	active		56de741cfc0e0b3e871e842a7da8d2797431b3f8d219a135dee07274eddccdd9	2026-10-03
copper-drosse	copper drosse	2026-09-18	active		e83ccc796fa2c46dab02a0afc165dd356b806b196f23dbfae71c99ef900b1d6d	2026-09-29
copper-gold	copper gold	2026-09-18	active		2ec1bd9ca6bfe4c6e758a50fec617465bbb7f8dd409d51459d20edf6aba275b2	2026-09-29
copperas	copperas	2026-09-18	active		21de3c32a0478a57bc0dd8616fcffa708cd0a90c1a30d3ad16541dd525167d6c	2026-10-03
copyn	copyn	2026-09-18	active		f26c635615245869338bcd30bd5174de96d2ad87ce9f169e759c1d74e49828ac	2026-09-29
coral	coral	2026-09-18	active		b21710ea0b9a5081c7c56b54710f553baf508b5434df8aa4945d883f1efffa28	2026-09-29
cord	cord	2026-09-18	active		ac1a00d5c40ac530a6d50402d2b334cdd08e9bcb9081dfd67ab213d328dd7e20	2026-09-29
cord-2	cord_2	2026-09-18	active		281f47331f3960e189f0bf77748afa88db8a41901591903d52b9cfc5d0ff7612	2026-09-29
cordecappe	cordecappe	2026-09-18	active		255b5de657d59bb3a3c71faaad32dd72b4488cf6ddb1ca3c919efbe228eca711	2026-09-29
cordwain	cordwain	2026-09-18	active		5477c0a8bed49c722e2e30096c8e296f42b3ddaef224a95870e9b95eb4bf6ef0	2026-10-03
cores	cores	2026-09-18	active		cb72d0a464cf5898f9226ae5cb2fff2382ee4a2dfcef18be9eaf97b7c7c19b96	2026-09-29
corf	corf	2026-09-18	active		d7eee59a789c1594a5b44205d54723d7517b2176cee7767bef20a6ab9f304096	2026-10-03
coriander	coriander	2026-09-18	active		5d16e3833256e4d5e5c2b35492afafc74cfbf7874ca8b06164ebf6d7f055f030	2026-09-29
coriondle	coriondle	2026-09-18	active		7e907c331f61d5bf33c9ecc178d8ebf47087ab791008dc8266c436bbf6c40b5e	2026-09-29
cork	cork	2026-09-18	active		7434adbc464f5bf9301a450c75028d76855a6b10e87bbb882999d286bcbc8bc9	2026-10-03
cork-2	cork_2	2026-09-18	active		ad9029fc9fa79e49503a7a4344395524776ba9a19419606f7c5676327d54d1b6	2026-09-29
corn-powder	corn-powder	2026-09-18	active		fba743d881a1c5afac380c21c0f2291f7cf4ed269bd8da86c5facb696b555462	2026-10-03
cornet	cornet	2026-09-18	active		7013ca5e1a1f4c96ae01f71a7a825faef730333279e564202e687d036cf4e959	2026-09-29
corslet	corslet	2026-09-18	active		fa6981a3a8efd1bb9ed5d1d06743d077e4b3a6e3402b319ae50b037a8426c66e	2026-09-29
coster	coster	2026-09-18	active		646847645b6e10b3d1b08607a17a054679626857ee74f7217330e72273e4675d	2026-09-29
costmary	costmary	2026-09-18	active		be62727b5a8853b94f25b9c5fe6597adc50d0b211f86a9bc00f5ee9aa1fd868a	2026-10-03
cothnyles	cothnyles	2026-09-18	active		98f9838aff44fa9c1814ee563edf6154b0e09fe697b49146fa78cab7ab2ffc72	2026-09-29
cotinlges	cotinlges	2026-09-18	active		597661b2d9b6449ab379d7d4cc1635bf29079d63434e862c3942886363b0e1e6	2026-09-29
cotton-8	cotton_8	2026-09-18	active		a346b95ab2d96aa2732d5e56135de119297f79c817d60977de7d0073d11c8949	2026-10-03
counter	counter	2026-09-18	active		29a40d62dd79cb829334a74e397800cfd4f683e5d290af7e507331af976f198c	2026-10-03
counter-2	counter_2	2026-09-18	active		730cffadc2b458d46eba0251ba0b04ad6668085540d88c7139537cd7487a243d	2026-09-29
counter-3	counter_3	2026-09-18	active		fe37829e4a85d8ac4f03616e29ec3359197d144acc68b6b4f060f0a311c6a477	2026-10-03
counterpane	counterpane	2026-09-18	active		d69c98a1c870cffd4fc2bf41f0eade967a04b37a3ddb1fe38886f3f4457926b1	2026-09-29
coupernaile	coupernaile	2026-09-18	active		742f7519da4f261b872744642ca93bb8fa14ea7d9442cc80a2de0f69a897f723	2026-09-29
couple	couple	2026-09-18	active		bdc8432d93b581161dfe70643a7635803061a8ebe6d4fea55262e163ad787b7c	2026-10-03
coursse	coursse	2026-09-18	active		1b7e78fd35fb4ea096feb4b3ed9040188b1c78671699439bfc293c282e27defb	2026-10-03
cover	cover	2026-09-18	active		95e5a069651b2ac191b03a83e6302424c4c70227e98195e2b42d81957d133e61	2026-09-29
covercle	covercle	2026-09-18	active		405ba924c27c620caa565df4b530fbfceea1d157ad9e0751e2df5a320cda30a3	2026-09-29
coveritalle	coveritalle	2026-09-18	active		2458d2ff9b44bf064032f75910b3b1f1d96c4a5e7fb4e47453748fde18e31f61	2026-09-29
coverlet	coverlet	2026-09-18	active		96d200cc36a2446ee2db84c0c6a27147ec111dba03428803c135d8288cac2cc7	2026-10-03
coveryng	coveryng	2026-09-18	active		0ba32558415d086aed76700d7756f489c65e149c18919ca0ff17beb040a47cfd	2026-09-29
cow	cow	2026-09-18	active		843f3f4dea5f347794caa6aabdddebae4dcda89adfdaaab188a8bc3d044de32c	2026-09-29
cow-bell	cow bell	2026-09-18	active		5053f81c27e774898d598437c22e5063206c62d5fda87710ddab435a6eecf1ce	2026-09-29
cow-et-calf	cow et calf	2026-09-18	active		19f06cabeeaf7c45710584acd67fa3f3f44f9a6bacdf2ec8a2a3ab673ed79ca2	2026-09-29
cow-skin	cow-skin	2026-09-18	active		feb382220646aa1c3abf83d6821b149acdcfa72d9a81bb40cf98f9743acbdab1	2026-09-29
cradle	cradle	2026-09-18	active		af8c3d0223041bbebc1909f92024d985af87d4778d838bebdf654d0b7ef21622	2026-10-03
cradle-2	cradle_2	2026-09-18	active		5ce8e75f111d14da0d3e9f575adc07b68cff23439db136b53e1ddc19891fab80	2026-10-03
cradle-band	cradle band	2026-09-18	active		3c75dac1ca9ecae6811b0736b87b111fe0507a0fd278c36c4590eb679932ee75	2026-09-29
cradle-cloth	cradle cloth	2026-09-18	active		1080513bcfc19a08adf367aa560b9e2cd02beeca6c134a9761e63da8fa9ce4ce	2026-09-29
crame	crame	2026-09-18	active		15a7ed07ce76c007bf7ebbe1b1da3eb19384e1335524e09ae1f44930464326d6	2026-09-29
cramp-ring	cramp ring	2026-09-18	active		98e1499c104895bf9f8a7943f40b564ed29e2114fb8c22af72daf8fb919e6b12	2026-09-29
crampet	crampet	2026-09-18	active		11a19f1702cfe8d813eff86825e4517276d4f16387bdab0a877450b410e59e25	2026-09-29
crane	crane	2026-09-18	active		fc0097795a5f047700ab8131428d63929fc7bc7c89c5a5a29312716856feabc4	2026-09-29
cratch-brush	cratch brush	2026-09-18	active		d237dd19309b0f2d8a3ef5ca9d1577ee4f2791d220f8ac1872b33940afe3b172	2026-09-29
cratching-wire	cratching wire	2026-09-18	active		89a987c70b43552bffbaa5c3b25725c613d0865f60f606b45791d8057f5c6be2	2026-09-29
cremil	cremil	2026-09-18	active		1a45c2345a497357937e43648f67ac338a657bc241396d14bfb49789f2fed563	2026-09-29
crenytt	crenytt	2026-09-18	active		1ccd4c8415de4b900ee22bb4634a63f98569a1a4c9bc6e070e16e918832c9b34	2026-09-29
crespine	crespine	2026-09-18	active		8cee2add0c0599c9f48ba2ab4c563b52ece4e9bfbb0b3f8a60b4147a22daebd6	2026-09-29
crest	crest	2026-09-18	active		74b5c4f6a410ba74936dcc17bdff1d85bc88650527c5f7dd864edbc90d60ad02	2026-10-03
creuette	creuette	2026-09-18	active		d17dc4a94eab8e57d0def9807485c2afaea65af50fcd66cc0e851e5b82ffacf8	2026-09-29
crewel	crewel	2026-09-18	active		dcae6a2f93ff30b5c6fc39ad21bdd328b81ddabf5aed00ec4d0be67b935692b4	2026-10-03
crinets	crinets	2026-09-18	active		81feec08b7864bb0ea3119300e6a432ac3950e79053580e1a1ea1930a23c6f25	2026-09-29
cristalle-2	cristalle_2	2026-09-18	active		1de29b6182ec04712864506f6e763875c53f74a12f617359aebd70345a6bd0b6	2026-10-03
cron	cron	2026-09-18	active		99e21a5ac6c5d33ee4148bf66f20afc39fc66ff56f8764a9936fe2236b7a2626	2026-09-29
crop	crop	2026-09-18	active		7e913f44b3d8aa0afa666f70a5570e8c8629a636bc8de17f3916f98a6aa1a128	2026-09-29
crop-2	crop_2	2026-09-18	active		f1625f99f2fa96d077cf8bc54844fe03c23e0cc80e8b0436c4dd1ac1a28b9fd1	2026-10-03
cropling	cropling	2026-09-18	active		09d93de13406109cdb3e6d4947f177fca60e06cadd5c0b76352492985f5c7aa4	2026-09-29
crose	crose	2026-09-18	active		9782b8a7538b56060dd263047de2e5d9b692586477495e1f8e6c4a6d2954884f	2026-09-29
cross	cross	2026-09-18	active		a34709b0f126310ad8ff6594dc1815fdfa721c766beaeb86a92134d0b35848d8	2026-10-03
crossbow	crossbow	2026-09-18	active		e3d0cd66b5599c7590273f125f611d49ac0063aa64e85b20675f9efe66112dfd	2026-10-03
crossbow-bolt	crossbow bolt	2026-09-18	active		ed58c4387327018090c123cf6bb0d23a1c15ea4824cdcc33ee42f19e632c71cb	2026-09-29
crossbow-lath-2	crossbow lath_2	2026-09-18	active		a0bfd95047fde397daa2133d2eba725a49687d63f2402a4dc041d6479719b0bb	2026-10-03
crossbow-rods	crossbow rods	2026-09-18	active		91450e5134762c5d8158952c926baf1120a38e84653d92072e4bf6a395b0c010	2026-09-29
crossbow-stone	crossbow stone	2026-09-18	active		8a4fc4d578ead4dc1bff212b779e3a16b11483a6958f09cc29ef14a03341f245	2026-09-29
crossbow-thread	crossbow thread	2026-09-18	active		c48321203e085da7db2f404d66b52fe6deafac1d8e75ebe2171bf92d39e530c0	2026-09-29
crossbow-tiller	crossbow tiller	2026-09-18	active		dd96cf4ab8660559665d3d61707998e571a7dece80e7b71b688bac4a55f6b88c	2026-09-29
crossbow-wood	crossbow wood	2026-09-18	active		ee7e45061396e59240c1822973cf1368461d6ea987abed35460891d83885e5aa	2026-09-29
crucifix	crucifix	2026-09-18	active		4c4d779f63dc05e418fe1eb0da97acb02b9592945f908dcffd29533904a13ecf	2026-09-29
crude	crude	2026-09-18	active		c4a515a6069798c549ff26eb44f3795db8c1113eea7b72673cfab453235c4c6a	2026-09-29
cruet	cruet	2026-09-18	active		2dbdf9aa24a6247b6569cf1fd4bab97a91e7aa7c4ed53a3be4dba4f0f5e0db83	2026-09-29
crull	crull	2026-09-18	active		a4dfc26bc8c500038da13266ef55719fbaf3307daa8ae8276e14ee90579f7045	2026-09-29
crups-cases	crups cases	2026-09-18	active		d44d94db2209c75b624c6ea8035613c5575eeb1fd7b86ea225ee8c579eb4d97d	2026-09-29
cruse	cruse	2026-09-18	active		b8115db60fbec1d3a91f5ea7c2bed2f863c524e6120b55bafdbc0885c0041b83	2026-10-03
crystal	crystal	2026-09-18	active		fccc160bf6b04caa5ba00e42f3b4d05c9378589f8dd171330f62804be999b2ef	2026-10-03
crystaline	crystaline	2026-09-18	active		54caf856f2c9b6ced2b4dba71b93ad39961a33845b81b8e4c4df1b97b066b2f1	2026-09-29
cuac	cuac’	2026-09-18	active		aded7781b09f8464f1cdc18b1ff3224b7f566e33f5a130993d802aac37978542	2026-09-29
cubeb	cubeb	2026-09-18	active		f3c08975a4fb531c15d9983283d6cf78b168041856e5fc2bc0435b48e409749f	2026-10-03
cueyne	cueyne	2026-09-18	active		0fca372ba614abd297c7eb4cb427ca0e046a114b187d3151a74a84a3055dbaf3	2026-09-29
cuirass	cuirass	2026-09-18	active		8509fcb58113141f4999ca0284688798bfa20001cdf0c347f4197641039a2df7	2026-09-29
cuisse	cuisse	2026-09-18	active		3452e2592ff5943a5228466ffad0c880506882ba45a50e3fe8e0ce5be384ffbd	2026-10-03
cumin	cumin	2026-09-18	active		b981151c71c15f4338395375cbbcdf2e2ef84aed476c6724ccf66bb91fa45f0d	2026-10-03
cup	cup	2026-09-18	active		aff504a94dd88c9ec56e94b17035dcf97dd755db181ea551d6c8f7bda8bd4e54	2026-09-29
cup-2	cup_2	2026-09-18	active		48aa37fa7abfdc6c4a8bae68061eef62147e2c5953f70eae69fa041d6491b056	2026-10-03
cupboard	cupboard	2026-09-18	active		4352f5f547d030f4f629bdb65cd742bae600d07d75f027c5713b48140feb21e5	2026-10-03
cupboard-2	cupboard_2	2026-09-18	active		ee74e482438402c83c5ab8837e09aa531e04e14b70c0fd85f2a5c65bedbdb034	2026-10-03
cupla	cupla	2026-09-18	active		ba68223d6ecce00a93dfeaecd926d632df6d6409629aeefce11dce3bc23e6ec5	2026-09-29
curb-for-bridles	curb for bridles	2026-09-18	active		d8fe1a8b554ba4d8022dd552c6fafe01af536ad140188ccaf1854cbf6ec55ae0	2026-09-29
currant	currant	2026-09-18	active		81690447244dca4b2a7a21152931cef8b4cf6342ddf739a19177d099cabe65b6	2026-10-03
curtain	curtain	2026-09-18	active		dac3f1609360a599be05417d9f41a13c3c5d84a086a61d86a7daf3ed828ac859	2026-10-03
cushion	cushion	2026-09-18	active		6e79de0ca09802f29eab59cd79386a1b4a83e8158b1d253a1b5a353a9a2bb7cf	2026-10-03
cushion-cloth	cushion-cloth	2026-09-18	active		3d497e5b43a9357d8847d9f5d453acf5392d9357e5eb3343f323357631407474	2026-10-03
cutes	cutes	2026-09-18	active		c00c8f698f719fc843d6c62f66838793ab1000107d5ab9224aae77803a137c94	2026-10-03
cutting-board	cutting board	2026-09-18	active		3c02ce4842fb34a42f3846689b07d492748a62b5220c6c88f973363f1e0efdd4	2026-10-03
cuttings	cuttings	2026-09-18	active		786e437d19a72208f342332f052de8123e6beda92f1c5ef4728741e5fd82acaf	2026-09-29
cuttlebone	cuttlebone	2026-09-18	active		a04cf9801bd5cf1ac69ee6fbddb7823e9a6e22422704e740975ee0dba9f3c3af	2026-10-03
cypress	cypress	2026-09-18	active		04a8173b406be96ca284e69a3a17b2de0a73fbee305964d7c2d2569e6f94cc7a	2026-09-29
cypress-2	cypress_2	2026-09-18	active		9534b7bcabd4b5ffcdb4017f3d7e53040ab93b7bf9d1c9441796123d9c4903b8	2026-10-03
dace	dace	2026-09-18	active		d2ef1a282b66172546d6f2cb6dea81c4d2926d55630534f4fbd6b22301305d93	2026-09-29
dagger	dagger	2026-09-18	active		b9aaa5d34aa47cec751f700ad3552c9b237704404331c53b2384a74f3a250bc1	2026-10-03
dagswain	dagswain	2026-09-18	active		9212399288bcd0b9af370074123c9ca4a43e0fcfcdecee6514edcdad31c6dfee	2026-09-29
damasio	damasio	2026-09-18	active		066f865d2ca3069cb4c4318e4bb7f8f34e32b3cc9206e15ba9063e6e1fa0c707	2026-09-29
damask	damask	2026-09-18	active		398b49493bc5831fb48b5b50ad86a7a436ee0c2c18eacfc9cfe9f51332da3f5b	2026-10-03
date	date	2026-09-18	active		7d9aee58637c64aca48b008db449e888f0c240fb733799e49413ebdb0fc96ef6	2026-10-03
deal	deal	2026-09-18	active		448d248f194be3465260924238de9e14f562d4d387aebe5a57eaee90fb2276db	2026-09-29
decorated-page	decorated page	2026-09-18	active		079f30f44af8e04c44c4bb5ee028e25d7997d5d95458733ac2e2b3510fd970d9	2026-09-29
deer-horn	deer horn	2026-09-18	active		4410640d2406b5d24a4da944e803ad440d75f46eca92af61b743a124182213f4	2026-09-29
deer-smolt	deer smolt	2026-09-18	active		6a6d87c5050492a1ff22310132c2f64f8aa4205356f4400675170a6b6284face	2026-09-29
demi-lance	demi lance	2026-09-18	active		7ed0579b92308b0f5c1061a3b6c6404b8375a7d8a13d76ecacac83c43e7199e3	2026-10-03
derkend	derkend’	2026-09-18	active		ce8be4c72ed8ef581ce4164005c59e34db02318f0a2f7f337f6ab6b55529d6db	2026-09-29
desk	desk	2026-09-18	active		780c270d24c156ac7cb271d4f774c60ab4e1e22f0882fadc6493c7059b1502f1	2026-09-29
deteny	deteny	2026-09-18	active		3f6afaedce71bf1383bbe6189a2e62ae7205879a4e12af45c20b06f0df7f05af	2026-09-29
devon	devon	2026-09-18	active		607d4e1187571c55c9591e48e902bf98e669402c6a3b6372793fb588d6e4c2e1	2026-09-29
diachylon	diachylon	2026-09-18	active		8570b950b2a1996c2b4ca7180ae4d0f2009f9f603f75ff789178c4b0c53e138d	2026-09-29
dial	dial	2026-09-18	active		40cf36e96dc92ca6527cfa255d28d78e82c33a522748a158055050fc33482c91	2026-10-03
dial-bord	dial bord	2026-09-18	active		02563a44ac4d4eacff46fda9ef0f19850a9c400b0482eac199e7f81e86fdb81e	2026-09-29
dial-case	dial case	2026-09-18	active		b6190504765e8ac78972b72d2a2e1ac6c4593fb6ff3db19afe3f9b2525a2bca2	2026-09-29
diamond	diamond	2026-09-18	active		84c87e0da60ceacc2c64af8f1569bf667af176cb14413e42db333126da79654e	2026-09-29
diaper	diaper	2026-09-18	active		8f41125b71464de8189592861046aa9c7a8894769df35c285bff12aa59ee07a6	2026-10-03
dice	dice	2026-09-18	active		a621dc9eb62fa36d407ce143fedbe69b96e31f6b5cceb315d90f54c8139bea99	2026-09-29
dicker	dicker	2026-09-18	active		2ac8548113726434c4c33bc2ef5c560fda690a2e0f70edd7f88d0d9e6a75e6d0	2026-10-03
dimidio-soy	dimidio soy	2026-09-18	active		2cc5cb7e238df90a7addcff34a02d74a45d52b8897a67dfdba7d0c1f498f8f18	2026-09-29
diptica	diptica	2026-09-18	active		5c6e9d8e67d7ca5cc7bb8df0631b9e96ce28dd98f2ae5deee68f7c8831ca05cb	2026-10-03
disc-vacuus	disc[..] vacuus	2026-09-18	active		d36833609cf0bf759dfd27d13f6bc8a8c2ffa15f8b94125adbb772a77447fb45	2026-09-29
dish	dish	2026-09-18	active		473188dcc7680db4357a0f68e97847a7669b4ad8941d65567b767b497f01cd96	2026-10-03
distaff	distaff	2026-09-18	active		e46ab893cd3fb7667f52d7a053588818cbac9f86ae0a672f7b914c956fbf0299	2026-09-29
dog-chain	dog chain	2026-09-18	active		bbde75d3b3bcb93f314a47ca2c300601b2f742c97e057f04b877c9ceb2c6ccbb	2026-10-03
dog-collar	dog collar	2026-09-18	active		3c7a949c02f98ef028b3b963fa3324a4efb525ba83f894b1f06e4bd397e191e0	2026-09-29
dog-hook	dog-hook	2026-09-18	active		09008a63891261c70d9c817b269fb2b0cfb086b6d47b14d333fe64c8075e068b	2026-10-03
dog-skin	dog skin	2026-09-18	active		d5fe244615c1ca326d922f3342a017a70309741014eca9f01e6ecc64e41f4360	2026-09-29
dogge-drave	dogge-drave	2026-09-18	active		17e1f16c8a48e4f8f00ee534507606c6ea7e8e1cd1083f34be77ae4ed92f28bc	2026-09-29
dogger	dogger	2026-09-18	active		068f16c699760aca8aa6f84e86984d20bea760fe0e4acbaf8c0afe50db470b71	2026-09-29
dogstone	dogstone	2026-09-18	active		77c2ba615818dd72b20309f47fb37c37be71244dc475cd2bdcaa7029b0bbdd13	2026-09-29
domicilium	domicilium	2026-09-18	active		999912147d66ef06697e2285250a2594ecaaefdc629ee114b2b2ac8a07396414	2026-09-29
dornick	dornick	2026-09-18	active		585e7137472c2a806f2e8b288dd3ce9b1f86f403aaf341602c29d58583a4a3b5	2026-10-03
dorse	dorse	2026-09-18	active		d589b9e00d0461ca8be634fff612a64a0f360f58df7b81a9e48321e5ecce66a9	2026-09-29
dory	dory	2026-09-18	active		0fffc6516cb3b2e9c1aa09888ad24db605e068d0e432d952c8ca2a0a8184849e	2026-09-29
dosser	dosser	2026-09-18	active		431a5843b19cf83617a2739fba39eb5dd591322b09b2df2552feadb8e81a4c7f	2026-09-29
dosser-2	dosser_2	2026-09-18	active		73beb42b06397a81dcf9ff39713be8ad290fe7b240c98ff94491e141f65d2078	2026-09-29
dossil	dossil	2026-09-18	active		045a997870bbd4e22668729dada0cac8b3a82a5fbb404eb3598ffccc013cbf21	2026-09-29
double	double	2026-09-18	active		37841d1b0988e5f95e448ad7596b813414958dee3dde89ab3903ac6c107f01ac	2026-09-29
doubler	doubler	2026-09-18	active		5683d4de3f9452d0706a2ecef8977c258acb55ec15c11ed5ed6bc0a71402678d	2026-10-03
doubles	doubles	2026-09-18	active		f91241711782b93b33eff0087e85c815db213bd2866910aa108b5c65f98f1efd	2026-10-03
doublet	doublet	2026-09-18	active		4cd6bce96dd453eb047a6b5cb083f3183382384436269c08a37f8c4025fc976b	2026-10-03
dowel	dowel	2026-09-18	active		5d03519d534265f620b4daa35f59f3b25a66c41813d81c04edacfcfec3a1f1c8	2026-09-29
dowlas	dowlas	2026-09-18	active		a13e14a10c32621134208b5ab3be2a4b6542f91f60aac1cabf8e3dde0b1a0707	2026-10-03
down	down	2026-09-18	active		9f85b9b756ada65335d12152d42c66f63875cc5018f9e8780525cbd61a02a07c	2026-10-03
dozen	dozen	2026-09-18	active		ef7dff5a86dfd84df70c9c569c9efab6392ca909b8de72c31d06b0819be414f9	2026-10-03
dozen-cloth	dozen cloth	2026-09-18	active		68966f5e03ee203fcc8427eae1470d881168308176b33a9f258082fb8e7a8996	2026-10-03
drape	drape	2026-09-18	active		55818ec8783fe41e8713d1500706fc5d332eed9dcdc9ac7bf667d3a88a46c077	2026-09-29
dried-fish	dried fish	2026-09-18	active		471a652b9df5b394a313b5cce60bf81e5d6bd8c7202521913494340d7e8ebf62	2026-09-29
drinking-beaker	drinking beaker	2026-09-18	active		667d6db3bde5e37c77059e0f5648e2288ad1a9b55c2c954b1b26b6cd759c5bda	2026-09-29
drinking-horn	drinking horn	2026-09-18	active		d993073c32e718d0d821cfa743bb93345bfdd10185ec146ee27d7973ff2f1871	2026-09-29
dripping-pan	dripping pan	2026-09-18	active		d6af28e349e3cce008bbe6b9b9d87f99aeeee8ad90355b5e350edc531d906b20	2026-09-29
drugs	drugs	2026-09-18	active		a67fa2e77a6b554472ae6f7ec54b14f1beeb49edf48d12d4d2e0ee5e401480c9	2026-10-03
drum	drum	2026-09-18	active		6ecabe48ed395f73089ed885870ffece67ba24f6fbe19e291ac781bea216a23e	2026-09-29
dry-vat	dry vat	2026-09-18	active		e6e418fc344e2fae769ece7e3529f32a14c84ffe57601011e064143cb13fd281	2026-09-29
dudgeon	dudgeon	2026-09-18	active		a23a6e5ef3b98785f74ba1c30e1f619fe9ee45f081c80a3fcca3708822a5495b	2026-10-03
dulcimer	dulcimer	2026-09-18	active		7e9c8beb484beded3b51a95f4ddb3d270affdf80b9da487de3b7aef908e47739	2026-09-29
dust-of-perfaume	dust of perfaume	2026-09-18	active		295477aa55c454e31001ff00c9e090f0140fcb06ea766c72ce76fa6c4153be2a	2026-09-29
dye	dye	2026-09-18	active		bef3fa60f9fc0b2b3771d26e199fd2d61d803e92d230ef1f23bfd73c9ef6107b	2026-09-29
dyves	dyves	2026-09-18	active		06980bd21e21de750e3bec1ab4cd1001fc7c7ecf2bf6415db3c567f48536a7c1	2026-09-29
ear-pick	ear-pick	2026-09-18	active		ff62b2470708f4fd6ab286262a5ea5115697ba1f2c3edf29c9f74df154f41769	2026-09-29
earthen-pottinger	earthen pottinger	2026-09-18	active		21f01e7ec7c820c1eee86795c6fc61ff3d73d3097d5d2ef669a02550543584d9	2026-09-29
earthen-vessel	earthen vessel	2026-09-18	active		0334cdacc76f50393ff88738f6da2d1413591210dd0bbe4ecc07ada5f2b83bfd	2026-09-29
earthenware	earthenware	2026-09-18	active		018fce1a76ae9c6017bc85ab7e401ac50fc5bf1a5dc712064651529c8bb25eff	2026-09-29
eel	eel	2026-09-18	active		2793e168d76ab9ea009790fdc130928152a88588c77106da4ea1ed9a94765961	2026-10-03
egg	egg	2026-09-18	active		6b020b4e48049b482fb910db64a9befe23ffe248304c8fcbb4e2b30f3b4ef06e	2026-09-29
egge	egge	2026-09-18	active		ab9ae809cd6354d08690a57435bbb7a349f2810141613e0cc4ef5abfebe30eb5	2026-09-29
eightendel	eightendel	2026-09-18	active		a988cd84960813784b2b2967ca991386052fe8a4e6b4b95e9cbefc82e2a46cc7	2026-09-29
electrum	electrum	2026-09-18	active		d7676c4efdb22a9a7c49df2dd3b0c0d075d36be61880418bc891b52e66d8fb24	2026-10-03
elephant-tusks	elephant tusks	2026-09-18	active		3857dac61cdffe03706e9a14b758c7a096776ee230c01ce2ebca0535f4dfdc46	2026-10-03
elfins	elfins	2026-09-18	active		ddbbbe7492a3ddf1156bffd3eec38c1172aa6d60d1e358dbfb123b153f2e168f	2026-09-29
elk-hide	elk hide	2026-09-18	active		65637a08b9cf9f589bdb1cec8d4fa45384483a1377479542e9199d1f1c4372f4	2026-09-29
elk-horn	elk horn	2026-09-18	active		c7c66cd8f7f20ab221e0350e905ceeea969e22f59e408e02f83c4480ffd5a9a0	2026-09-29
ell	ell	2026-09-18	active		4aad4040277614291ff7689b830d4030f3339a371d71fe95947ea4a052cd5263	2026-10-03
elm-boards	elm boards	2026-09-18	active		d017158d21ba3c03fd015f594fe3978b0cf302ae03a2e0cfa1194d9ef1e2c81a	2026-09-29
eloue-terre	eloue terre	2026-09-18	active		ae4095ad097721e599dbe1579d95b679e4551598dec21afd8734c88e733c9420	2026-09-29
emerald	emerald	2026-09-18	active		35adf14d8ebbeab14c3511576cee15f1d7501531e54bd1c2b2386be349883e57	2026-09-29
emery	emery	2026-09-18	active		6ebee46039ec23111ba8201272ac53cf560a9e0052cedb31071bd85c603eff73	2026-10-03
emessh-fell	emessh fell	2026-09-18	active		ed511bec8c996f96b0879d2063a3f339cc2816992a413e2833ed49422ea08358	2026-09-29
end	end	2026-09-18	active		03941aaee0131687ac4573b540c99e35a02a6bccc7d747eaa9349c4ee309ca09	2026-10-03
end-2	end_2	2026-09-18	active		e8acde840fb6537a14a335fe64ed11193145c984140797e99d66676439856a3b	2026-10-03
endelee-burgonie	endelee burgonie	2026-09-18	active		a9840ea80ac153cc64e0df796fbf020ac53878bfacb9b0ceaef5ad9571ffce70	2026-09-29
engraving-hafts	engraving hafts	2026-09-18	active		a5c9b18e15b24bec65c7fa7f50a65875ad8954722aaa1561aa1f3e35aa76f511	2026-09-29
ermine	ermine	2026-09-18	active		91d1fc2e8054ed95be54c8d9dd223a80709069f71616f4fb7cbf283a879e5707	2026-09-29
estridge-wool	estridge wool	2026-09-18	active		e09a658f01ab74cdb67b5a0e8ee2da3ac66e685b8526da4e9bfeb19785e17eed	2026-09-29
esustun	esustun	2026-09-18	active		a8b149fce4516b58218594a351c9b48e8671b68888668355ac16a05442f78848	2026-09-29
euphorbium	euphorbium	2026-09-18	active		e1ab0d9a1a9e5ba11c449d36d053bba42e3405f5db1390cbe1e9b55e789f8c99	2026-09-29
ewer	ewer	2026-09-18	active		2d0ca5334ddd9cde97d2862354f26193c1ddd69bc8b57d948d219c66e39d6050	2026-09-29
face	face	2026-09-18	active		1715feba6c0bea5c3c47d2c4cda4b3c16b27b3a83907402c3a960eb503c7afcc	2026-09-29
faex	faex	2026-09-18	active		1ce752ce414e1817f6a900b53eab216f595925f06f07eb0050de93a6be9b1993	2026-09-29
faggot	faggot	2026-09-18	active		60ff6eba7bcaf6531456a3965ef95a42bb27219e01bf000ae5a64471c1cfe8dd	2026-09-29
faggot-2	faggot_2	2026-09-18	active		eec8004afe69d18cc9e042385d2f422874892f80afa91e44b9fe0f6816e9ca6c	2026-09-29
fagottus	fagottus	2026-09-18	active		03fbbdb69d85c19c2a8d6b64c4ef8b68693dd32a9b6f139c21aae6e38b986b4c	2026-10-03
falcon	falcon	2026-09-18	active		d56e6059ff44c77dd63c979a54c0aa0d0e39ae0fe967c27cf41d5146016b307d	2026-10-03
falding	falding	2026-09-18	active		99c02c909494da8aaf8d95fe9a560a790bfdd715b07e2298a7769a4f49a6d346	2026-09-29
falle	falle	2026-09-18	active		f13eac15ea8bedfc2b823b2d398fe29f9897bac56fba363bfa8fb875634e68c3	2026-09-29
falx	falx	2026-09-18	active		929b88936c1b24d300589280ac4779857c1c6f7944b0301aac7b98a6f00b17e1	2026-09-29
faml-pro-tabulis	faml’ pro tabulis	2026-09-18	active		13fcbbcbe7bdae2f5dba9760a67fb72b0d74d40d24a1fb30b6acb945cc1f5b49	2026-09-29
fanne	fanne	2026-09-18	active		f88fcdbf5f076d2b8c2abce6fa7f2ed752037b75aeff64e556de2d135cf1e5c6	2026-10-03
fardel	fardel	2026-09-18	active		52bcabcf7b948dab71a5adca14556676dc8aae17f3b5370693ba033d900ed3f2	2026-10-03
fardelette	fardelette	2026-09-18	active		001359c6a05471eea88a9d7597b03f547b7125db34be374fca80a8dc1ee16460	2026-09-29
farinula	farinula	2026-09-18	active		54741f0d0edec90ee867c83f755a1920664ed1fafed57fca19eb9bd2ebdffc7c	2026-09-29
fart	fart	2026-09-18	active		ade453e911579ff25f39093186847d09d033dd623252cb0674f9ee961d721ca7	2026-09-29
fasule	fasule	2026-09-18	active		60daa7f8dd73f5399064e8c2fb16145cb4a5de628bb706ca96926f35cd2efa3e	2026-09-29
fathom	fathom	2026-09-18	active		63948236b9d3c263ed32f68eb2f89688ab599e0f1d3d5ba63f258271d63fe123	2026-09-29
faucet	faucet	2026-09-18	active		a88466f3094040f6da086596c8c708191e5e0890bb5d0389add9c9c2f9310896	2026-09-29
featherbed	featherbed	2026-09-18	active		a996ece45812a8d22deb27fde293d30ff60f97197678b296a3a00b1ce01c02a4	2026-10-03
feathers	feathers	2026-09-18	active		9a2c03bd64c1b5d37e2c0a2cb60f690abbbfab0d518917260bcb170a7f05fef7	2026-10-03
felt	felt	2026-09-18	active		9957888730dd6c2bebb4fffe235dbf5fdbfd675b6533ad30c67cb361ad53b239	2026-10-03
felt-hat	felt hat	2026-09-18	active		b2822396410ead73a9148bd101ac7dbe40fcd63c4821fec5d2419f7e1a607ef5	2026-09-29
felthere	felthere	2026-09-18	active		b96ce617e57cece7f1497a919cff7cc5dd49e682abbdf11935dfa189ff64490e	2026-09-29
fene	fene	2026-09-18	active		a84202b37da784393155704fe27f5ca4a0d56b04eef63b100d48e8819ad59d28	2026-09-29
fenester	fenester	2026-09-18	active		38ae10d0dade5c3e9854fd54ec17aa363e87bb5cac5b998a3e14a973128488a6	2026-09-29
fennel	fennel	2026-09-18	active		0b411824f05da7407850c76e002ecf75060b74d57ebbb62227a87e1054aff991	2026-09-29
fenugreek	fenugreek	2026-09-18	active		106c61a95906b40cb2cb1263a6d9cc3d2a05b8e75d2a69ed9289b1b9db41a5d7	2026-10-03
ferret	ferret	2026-09-18	active		94b874fb3cfc0964f07a5d77a96ec3c41cd933419329efabac03c3bbe52a4655	2026-09-29
fiddle	fiddle	2026-09-18	active		094477b42c80ecd6d5f8a6053c2ac052c4e6d4ccfee1332884ea7089c4599a2b	2026-09-29
fig	fig	2026-09-18	active		421db1b82abbc394d8916aaf0cb8d5c1717f71bbbee1f36080e8fb9613e23828	2026-10-03
fig-2	fig_2	2026-09-18	active		3a89c8b2b29d1231e2ffefc4dc14004f0f5f9e767cc52e6aa6d9fab7a1d3b4f5	2026-09-29
fig-dote	fig-dote	2026-09-18	active		53e6ed70db28217a5eaf9ffa51069da3d8dd30572938cd8bdb5009e1293b18e8	2026-09-29
figorum-casiis	figorum casiis	2026-09-18	active		56b9dbb7389b8ad90c1156c0e3cbe1018c5a938384ba08abb1732ac42559fd4f	2026-09-29
file	file	2026-09-18	active		d3d8d5241644426a092616d2b2488f631ac89cc0b9a034a55068be17a8cb8465	2026-09-29
filette	filette	2026-09-18	active		33e8d86d80e3b93199bda590dc792515077bb0b5beedb5ae0ca493396067d2ab	2026-09-29
fillet	fillet	2026-09-18	active		9a7feb342f737b1e4289c2b846f5fc04dad3dc9dc74b16e1a08793d618e9436c	2026-09-29
finger-ring	finger ring	2026-09-18	active		541df8dc88102bbdde2c5cc913733c047d67293d01bc288f18aa90574ca64902	2026-10-03
fir-boards	fir boards	2026-09-18	active		54e7d4a8dd53e8b67473fa71223f6efece621b4d471277c938bc48f7fa4e83bf	2026-09-29
fire-iron	fire iron	2026-09-18	active		6fa40dc714f1e02de761968e9f7f1b9b8201fedc847e83371f10aa54070f03ca	2026-09-29
fire-pan	fire pan	2026-09-18	active		2de051f80c6ef01b031d6f0e58e72d674314ea63572d4525b0403b218aab1344	2026-09-29
fire-shovel-blade	fire shovel blade	2026-09-18	active		55ebd354482cc7fe9926c320e296bfa1a03970bfaebbf642fcf8ebe25cdc6a04	2026-09-29
fireback	fireback	2026-09-18	active		4b637341476e5350ef598f721e077157609bb0a422fda57117cd6d7c48cb0a08	2026-09-29
firkin	firkin	2026-09-18	active		d036b45fd091085fcbb4c1bf7e12989805e45c07546711f278905eedbd6965df	2026-10-03
fish	fish	2026-09-18	active		0e362fe95b807decf42bcd1bb4a8ba19f5cd9be71ab737650ca4caca40c1a16d	2026-10-03
fish-hook	fish-hook	2026-09-18	active		3df17fb9a68f8e40cf9537e60dafdc3a3643bca74ecb649dfdbcf4aff06a7af1	2026-09-29
fishing-line	fishing line	2026-09-18	active		24edc0ccb73bf88306857bbab0e6e769f71514fb4536e11bfbc3ded01093be00	2026-09-29
fisshesmer	fisshesmer	2026-09-18	active		4b5e7cea1166b2c4fb42077579b896c1795a6042e71f68ca488622366bc11483	2026-09-29
fistula	fistula	2026-09-18	active		6f473df4b3731a79a032ffe645d13408c24fb1e37a3a02e7afc61208f77badeb	2026-09-29
fitches	fitches	2026-09-18	active		a350d04033dcad9c3e5e5744f03fc11cd11180256981cfe937ddb49f4d778623	2026-10-03
flaian	flaian’	2026-09-18	active		8a5ae19281de9cd69eb179d17db38534a2ea33246d1b24613d8a64465a510770	2026-09-29
flail-stone	flail-stone	2026-09-18	active		9771c77cdf673dffc8152c90febcf17e1e03e5946736e56119a683b76065098b	2026-09-29
flancard	flancard	2026-09-18	active		7ff8b9062e041e2040ec8d72b9af768544d444533b8028a1a920a8d44be69027	2026-09-29
flannel	flannel	2026-09-18	active		6a0ff56b9523753c761d5481c7576f1ad9c0ea8b529fcc775d00b73c24c726d4	2026-09-29
flanny	flanny	2026-09-18	active		c476d40f1d8218d3d76e149d7a7bef5124dc2517a53cfaf7f796b4b6151a268e	2026-09-29
flappis-mayle	flappis mayle	2026-09-18	active		75a0bdae90a140359cf0532a0984a45f85d91696a8104df4db8ffce34d9546a9	2026-09-29
flask	flask	2026-09-18	active		07908c5613b40d16d9fe77cde9cdd66a3b67bb7dc5da08f84df7e2fe0ee93fd6	2026-09-29
flaskete	flaskete	2026-09-18	active		59925705c12bb6296338fb152b3a106965d4347396d7fd6d22563271acda9bda	2026-10-03
flatfish	flatfish	2026-09-18	active		0c13c0e4e0b1348d69a560a175304ce950c7dfc96038bdf98249a86ea7104bee	2026-09-29
flatte	flatte	2026-09-18	active		e7e5d3c622411f26230c62c50fd51835061b67953d7cf941e689af0cf6acb63f	2026-09-29
flax	flax	2026-09-18	active		c93d356c228b3ed2bf56b9df3094ddbf289af0a1adc20b03e691a54c3dcfddb7	2026-10-03
flax-brush	flax brush	2026-09-18	active		ea4c4617d61582c754456fda38f891767c604502291b373e8630999e4e035e06	2026-09-29
flax-hards	flax hards	2026-09-18	active		98854fe183691a72d10cee427a5c653be1938394512bb2aba0f776f60601ae17	2026-09-29
flemish-cloth	flemish cloth	2026-09-18	active		2cf9c60a9de6c23478cc5f48f3aefb010ec0f6ad209ed9a0b120692d3ab46eae	2026-10-03
flitch	flitch	2026-09-18	active		c72b16b21773313d4cc9b6f75fe50b52d57aabf4065da06a24a6dc3b5b553cde	2026-09-29
flock	flock	2026-09-18	active		57fe041db9f993fd083427b2ae46c7efb32963e4ab9b0590228225512f722094	2026-09-29
florey	florey	2026-09-18	active		b9a54d28c2e154f282c68181da0ae400f3089fcf4c2d24d4a04a33c2912636a1	2026-09-29
flot	flot	2026-09-18	active		3c0c2a9072b12ddae0a39cd1275bdeeaded1940c69a9429296238a48a6116a13	2026-09-29
flounder	flounder	2026-09-18	active		c604976a7211bc407cd91cae2282874baf7ee46b0986fcc6257e1e6b148be955	2026-09-29
flour	flour	2026-09-18	active		85128a9ec0ce6f70e2fa3660a36a18d493f6c9c09ab746c0168fbc01f330b4df	2026-10-03
flour-canel	flour canel	2026-09-18	active		0a7135b4b488694187c9b87d82401d789527d1c1ee3b4fa850104fdf05169ada	2026-09-29
flowers-of-horn-and-silk	flowers of horn and silk	2026-09-18	active		dc8c23e269d9d1554a553863bda4905ff9015959ad5c9185452b25c29c3a5e2e	2026-09-29
flute	flute	2026-09-18	active		7e2f9bb0f78a15bf2da91acb8b5b640c8daf9dd410c00148f6e1d33078e85200	2026-09-29
foin	foin	2026-09-18	active		9003b3a9acb3fcf7211ed4041e4dc401514e4a099ad1abf56b2b011ce832a36c	2026-10-03
foist	foist	2026-09-18	active		8e0498ad1d9fba66399794e2779b5c6f12e716108a83756c89a040d88220b377	2026-09-29
fol	fol’	2026-09-18	active		b9eac50bdc8cb71390c6863b4d72e06489f853260c18b60bf24274aba326bb72	2026-09-29
fold	fold	2026-09-18	active		50c319cf68c27d548e8f45d94821e2bc523c9b2d26711d789a7eaac4fed6e199	2026-09-29
folen-canus	folen canus	2026-09-18	active		54b40f87ba514e6971c6d0357cfa03748dd59624b7f7816c54878a8316a8b40a	2026-09-29
foot	foot	2026-09-18	active		4502cf50e2441b5f4ebb60dd4841a4f78b6796839179ebef0f3177cb90f8ee28	2026-09-29
foot-glass	foot glass	2026-09-18	active		f15adbe2ba13e59ede4503c3a4344590ef08d78af6e7c73f95ee5da6ebe833ee	2026-09-29
footstone	footstone	2026-09-18	active		40002e0ea82097ebf68e2b3967ec49c79cc4ba3df4584b080f578ec7daff7f8d	2026-09-29
forcer-2	forcer_2	2026-09-18	active		a97e5acca054c7190076289a5adc739add7927b64ccab8487c0cc2c5d1b5c316	2026-10-03
forel	forel	2026-09-18	active		db2b022cd5608721d7f33eb1fb602720c8dfa11c7e1c9aa9ab43981f4b58a812	2026-10-03
fork	fork	2026-09-18	active		d14c60cf5df8484036940fe46dc98abe9d54ce6b567ae93ace489a82bb836bb9	2026-09-29
form	form	2026-09-18	active		b45b601eb11e154f9fea2ea17bb93c53af89bd625d51215c56f991ae753f9190	2026-10-03
formars	formars	2026-09-18	active		d1a20c3d31113a7fb6991889298a138e31804f051f1f768fb1c0055c8d541c36	2026-09-29
formula	formula	2026-09-18	active		18dc66e8f02a25ef37d2ae2cbceb28f9083ad9326351bf6f2aee4dcac5633245	2026-09-29
fother	fother	2026-09-18	active		782f6042e3a5e84567ef2ece522dec998e7e70507a67e581269b66581731ee0f	2026-09-29
fox	fox	2026-09-18	active		6c8973c9d906ca0c5eb80b0266c4da5591e4cc7037bd7308ac48bda318e5eb0c	2026-10-03
fraile	fraile	2026-09-18	active		c074a1138da67e5820ef7d9b663cf5b5f8560d2f197020cead876924e01c6844	2026-10-03
frankincense	frankincense	2026-09-18	active		3c6be7a965ee5174710b3d13fc31672552d390cebc0a703a526cceb652b2f404	2026-10-03
fringe	fringe	2026-09-18	active		17714bd8066f83eb55806d10b21367b6fe383e11b80db530f3c73744c25cbb39	2026-10-03
frise	frise	2026-09-18	active		579301a96a09d3b04919c63ca51e57b7d85e57279190f684435ca408d62db5c4	2026-09-29
frizado	frizado	2026-09-18	active		ef9400ff81685733e107727adb3205aa5dcd442fe629cb3ddfa651b76893974c	2026-10-03
fruit	fruit	2026-09-18	active		8603277be41a17a7c2dffd4a64a8c0f433078cb49d18e20b49bd65ecccb9cd8c	2026-09-29
fryde-ynglyse-woll	fryde ynglyse woll	2026-09-18	active		348b1e9fb68005436b1c84a00c0d49b129eca3e5b5ba0f97a4ca31db3b35816f	2026-09-29
frying-pan	frying pan	2026-09-18	active		f90ed1eb5bc55032bd5251df3782a495b0141cebfe8277870529d318314e1949	2026-10-03
frys	frys	2026-09-18	active		a6cd6d15195f70fac12883fb26c8151f938af21608b5f081c692343d08121b23	2026-10-03
fuesyng-powdre	fuesyng powdre	2026-09-18	active		423f351ccbc1fea0e4ffe4a416eba974ddd60f51726fd7889b0c84be34b68d9e	2026-09-29
fullers-earth	fuller's earth	2026-09-18	active		14a18647766b9e9e7b4d3d96a449b228ea28d3e6c04b9394635cbbd9a1d5bea7	2026-09-29
fur	fur	2026-09-18	active		0524d9c5f712965a74a59391e3c24f094e2002e89df5d87d1edce6daf4852bbe	2026-10-03
furniture-foot	furniture foot	2026-09-18	active		606eb7dc0fc7376d5b7c49038c0e488669877ac973ddc4399705216467bb5f58	2026-09-29
furthindell	furthindell	2026-09-18	active		3faf7b54c6eb1c2a20356178698d95bd01d6e42682981bedbe104c3ea7331ad0	2026-09-29
fusk	fusk	2026-09-18	active		b94ea4d81d5de778af074dd7567711ac94a47c9835c54bcc427b92b91dac0b25	2026-09-29
fust	fust	2026-09-18	active		f37db4ba5b9b71b59d50bd1ac83742091cf79209ce1c40056328b0bf49ffe20a	2026-09-29
fuster	fuster	2026-09-18	active		92cefeef8fe976ac8ebf92d528a2e76d860e6b7f73fb4f0e7666e12a3f8b29e5	2026-09-29
fustian	fustian	2026-09-18	active		282785b336244004ada5ef4d3b6e654e3df980e08c6e489ef7f8343485484052	2026-10-03
fustic	fustic	2026-09-18	active		eed322a701e9cfb2f66c6a5b0d3b0c451350f702685d8460796cf662304c9652	2026-09-29
fustici	fustici	2026-09-18	active		d22494da3e65aaa8305e6d786a00ea7d7cc4127f48746d8620bf5090f7456b70	2026-09-29
fustulum	fustulum	2026-09-18	active		deab0369ee5902008c558af55f8768b1c3340fe4509516ae12508c36c2f1cd9b	2026-09-29
fustum	fustum	2026-09-18	active		3b43f1b8f7f3c7ecb31b848dfb98067cdc009cb1e9a826f2c2c080a03ec714dc	2026-09-29
fythe	fythe	2026-09-18	active		60a3cb5a2454b140aef4d19cf73b5d8af7d48d20a2dc737d7bd80654ad8a8d6f	2026-09-29
gabardine	gabardine	2026-09-18	active		008e19700c5b762cbb8bfde12ecddfe78429e3ade326c565a294ee3e4395e94b	2026-09-29
gable	gable	2026-09-18	active		9cadd21ceff4fd15cb38f09c72d98a5976452d5c43b3cd718a1fb89c94a20d3d	2026-10-03
galbanum	galbanum	2026-09-18	active		d1eae33336264c71a04c424213d14501cc89177dbe9767d3406f54e6e32ff037	2026-09-29
galingale	galingale	2026-09-18	active		8c438eb6949852827a055759b83c7cc0a8b2c2c6f6d8648ac4f727da714bdfd1	2026-10-03
galiot	galiot	2026-09-18	active		77c21660bac313be80af2e0e6a02a76268941ff2a81967eb9fe316d3c71d2a6e	2026-09-29
gall	gall	2026-09-18	active		1d6f722005066ff250b4c36320cd24ff5b7da1aaa8b141ac2e22a8f4167b9fc0	2026-10-03
gallinis	gallinis	2026-09-18	active		772fedb3e554b19a6246aba38878b2f612474c368e7d104c186bfa196613629c	2026-09-29
gallipot	gallipot	2026-09-18	active		717cf99929967caf2ef0ef59033a340370efc622295f5a72c9f4ec2a167a5346	2026-10-03
gallon	gallon	2026-09-18	active		4b179ddb359dc6a7a4f0e4b2c58fe23d712584496368579527b76b80c477c165	2026-09-29
galosh	galosh	2026-09-18	active		011a31c9d710dd87e324ed7d23c8c4c64e0be6920a3c50b20ae818ae1cd819ac	2026-09-29
gamahe	gamahe	2026-09-18	active		01dbb9446f1784ed9bdbfa6035cb0b7353cb34848c79af7f1c5f0faa1ecaab2e	2026-09-29
game	game	2026-09-18	active		5aa4d280bd2d3e45b52ca5f65a301bc7fa4fc50d7b487727d34f2790a8c209b9	2026-10-03
ganlar	ganlar	2026-09-18	active		f65572d21c2e9a93eb4b09367b3f68cf2c3f2c6b656c1fac5f12a88cba4508aa	2026-09-29
garba	garba	2026-09-18	active		dbabd5fee1d1c741c5b7f7cbfbc848a44461e1c35e30b471e02c01ed99c2f23c	2026-09-29
garbelle	garbelle	2026-09-18	active		5dfdd52a72e48dc766bf5484706c1c674974593a910471a0ff551c451a4fe214	2026-10-03
garde-bras	garde-bras	2026-09-18	active		f3281100ad51a47b20aa79a147a92c4214116a0506162ea450e7526c51137c3f	2026-09-29
gardeviance	gardeviance	2026-09-18	active		7bab6d7e0f52fc073f56aa104c39b0948b4aab8353ed953dc64b2b5467d29986	2026-09-29
garlic	garlic	2026-09-18	active		cf44c72b511f78a24439bfaf6c5304703d72997b4aa4c16bf6ac9c9c911f609f	2026-10-03
garment	garment	2026-09-18	active		274346f88963cc15ffd910191877206f75a419210e4c7c74bd946fe6a367addc	2026-09-29
garner	garner	2026-09-18	active		22f6f9f4705e8968f8f32495a3790d4b57d5be6dbdef07b569060a5606536a7e	2026-09-29
garner-2	garner_2	2026-09-18	active		d7b0db3611e135e209d20b34f834ff60c155ed87b32d0817a871c98f54cdcc42	2026-09-29
garnet	garnet	2026-09-18	active		9055c7eeefe60e8fc45645c5594a36f52fbd16570f237ab1f6e4bb83649c98ea	2026-09-29
garnisch-vasorum-electri	garnisch vasorum electri	2026-09-18	active		d094deaf9ffc6bfa12711b47de40e3698521dd658c1a5bb9b08bc06b66c02a4e	2026-09-29
garon	garon'	2026-09-18	active		12e52413ec135136e9c0950bba79e09239816e41ddd8759d62f5681e9dae8eda	2026-09-29
garres	garres	2026-09-18	active		a43a8593d58966fe0f81398c67926624dfdfdda5b0e759166136fb0f915cb22a	2026-09-29
garter	garter	2026-09-18	active		38d7dd2f6213bdb349ac79d899f13b63baab225fca37ba9b6fda2ac20f1e6b24	2026-09-29
gaud	gaud	2026-09-18	active		f2a58aab7d29e22d05fc9bf47848e89bc3f45138b0ad62a5e415ccea161a0255	2026-09-29
gaulte	gaulte	2026-09-18	active		dd0dabad05adeac6f7e8ed8ada7a9e60c4ae5169ceb0e65758bded28012c39c5	2026-09-29
gauntlet	gauntlet	2026-09-18	active		2e9cd5f5cc145c04a6b75a037bb58543cb38f84d5edb55674c69211f34d69bf2	2026-09-29
gawde	gawde	2026-09-18	active		f36e8ef8ee7fa2227f165cd4d63dd117944ab300b28daf27815fbb812af74a96	2026-09-29
gelenche	gelenche	2026-09-18	active		9ea70c59e3637da1e8148b4983b10c6b59616dcfa136b98289191cf281086ed5	2026-09-29
generale	generale	2026-09-18	active		de5ca9093297ab98fc5e74e711c3f996e0174f2a1d0f152e84632565096ac16f	2026-09-29
genet	genet	2026-09-18	active		c68a8f52648f613e9721e13b03d24e6c481976dba59e5c4c9aec3ef13fcf41b2	2026-10-03
gentian	gentian	2026-09-18	active		44b3a1e698bc12d3fe083ddb2806b7cb3ef601dc07b86f06e9606005efd07bdd	2026-09-29
gethers	gethers	2026-09-18	active		1475df3cd2a4877917761ff1417a701ed796b2fcd6aa724165c2794e0758cce1	2026-09-29
gewgaw	gewgaw	2026-09-18	active		bf7da18a762ea2a4f3a315d6221c31ed152317f9d15b1f5963022650e8073984	2026-09-29
ghent-cloth	ghent cloth	2026-09-18	active		9f40f25ff38dac1224d672712fe3c29e43e752c110199e82d8a68d60c9f804de	2026-10-03
gheter	gheter	2026-09-18	active		e1948703e89e2dd82ab8010c1a19460b4a62c6cfedd8217252a14c3f554507b3	2026-09-29
gimlet	gimlet	2026-09-18	active		6abf5f9673814d1a439cdbe522858b55ed6c4fce52134bc937396a7daf42960c	2026-09-29
ginger	ginger	2026-09-18	active		2b25f1547d87e8298de4a97ccdba22d1bfe8fc36f764520628a3433ac49b7706	2026-10-03
gingerbread	gingerbread	2026-09-18	active		90d5935827ef7e92707634f1e503c5d13a265b959b88b54b264e0f8af4ea283d	2026-09-29
gipser	gipser	2026-09-18	active		83611fb7778d092f3c80697b3ea71bbecc0f235d5dff9173e0259fb13790f0b2	2026-09-29
gipser-ring	gipser ring	2026-09-18	active		7dd14e49500c4a8d7c921c0daea3cbf6de631c03eeb97ffb21f8483cda733ac2	2026-09-29
girdle	girdle	2026-09-18	active		2d790bf9884b60e9ebf4b3d051ee325c60b7373263c0fd899abd3e42a3cd395b	2026-10-03
girth	girth	2026-09-18	active		cf6f559e826a1813e2249fe23cc8fc9e85d287e452323263fc33a72a9187fc55	2026-09-29
glasboordes	glasboordes	2026-09-18	active		6fd5c9d1f3258708eb78ad8e31cb355397bba33a84f41a130b48901f081dd569	2026-09-29
glasces-waterys	glasces waterys	2026-09-18	active		d3be9288c9d2756bb5f4a31a0b304c1410ec631bfc13b9787353ddcab1737ec3	2026-09-29
glass	glass	2026-09-18	active		c0289591168b86ad00b8a12027cb30b3aeb9d84af2f1187f7372edb8c6a37bdf	2026-10-03
glass-3	glass_3	2026-09-18	active		04503f2384d097c5ef6c8fc28b4fb3341dcaa667ecf5b3581e2dc634be566091	2026-10-03
glass-measure	glass (measure)	2026-09-18	active		bc69048525ec7dba4873bad08676e4a5dbe78d349f8d2c1d2a67acd9fc02f4d4	2026-09-29
glensforthes	glensforthes	2026-09-18	active		9505cb2c1e8803ffe56d84cb24a6a988bc4fdaafc2b2ae6f1c37d54285c8e2b9	2026-09-29
glove	glove	2026-09-18	active		81d38f49ff33a31840c4d99f57a5239524745089367d73e06cb5edcfaaa62c08	2026-10-03
glovers-shreds	glover’s shreds	2026-09-18	active		5dae856feacf5eb1800a4c6aaa3e105097389c3cca147302cecd276df2bef9ee	2026-09-29
glue	glue	2026-09-18	active		0da10a48ae75a777dfc0ac5c0d9594fe6796f124abb29addafb6baba69c0a550	2026-10-03
goat-hair	goat hair	2026-09-18	active		33a18e2f7e4f64aacb2441d015b6a2ec9679f71608cbd2fd646435905a230b47	2026-09-29
goat-hair-brush	goat-hair brush	2026-09-18	active		ccc83a2eefcb56341a8e4b77353f1e8ac79a2d09ec598cbcbe23c426a6939a61	2026-09-29
goat-skin	goat skin	2026-09-18	active		2bf49f5898c14fc588410f6922cf5020c4e34d97c6c772a8a34b6771af4385b0	2026-10-03
goblet	goblet	2026-09-18	active		965a78fcece819b324198bbfb61de412f6fc3d189925dd4a4482031fe9d4be65	2026-10-03
gode	gode	2026-09-18	active		b9f53b5d0e14675545dbdaf50549c8baf3f3eaa7eec4a4ebe2e37d401e393df1	2026-10-03
goge	goge	2026-09-18	active		f2bbcd9c010813b5cc7cecfbf7293a99d8f404ca721508b41da54db692c09a7f	2026-09-29
gold-and-silver	gold and silver	2026-09-18	active		a5e6aba587082fb83431fa5ab1adffde869e06115e32ef54a1577be313874e41	2026-09-29
gold-bee	gold bee	2026-09-18	active		b220de61823b5db1e6a827b78834e3421effb9bbdb087fa15aadcf3cb6d9a3f3	2026-09-29
gold-leaf	gold leaf	2026-09-18	active		2439ac4b08d7db87c456f377500c8a24eeb2ede4ce4ba1a0f2fb171dbf1f52a6	2026-09-29
gold-pipe	gold pipe	2026-09-18	active		728060a31eb50fb6bb835edbc8b5bf86afed9f1412b53d5a394a23a32b77be33	2026-09-29
gold-thread	gold thread	2026-09-18	active		a4b8f74d02af6e498bc2d4648a85176c97a2c09877e53e6014b959714cbf1602	2026-10-03
goldskin	goldskin	2026-09-18	active		45eb77bb484753a45fef57c86ef72032e6779d1ecd3bbb5fa7ef7f52f8cc27c0	2026-09-29
goldweight	goldweight	2026-09-18	active		665aea200dc2f23728c2ad417cfa2553a4aaa932fba1a298d981f4f8333108c4	2026-09-29
gorget	gorget	2026-09-18	active		fe36346ef83236cbf8aefe26c8e62ab7605ab6d27755a1a1453bcad8e052cdfe	2026-10-03
goshawk	goshawk	2026-09-18	active		f5913aed08955421e10996261f0b2cbe6ce9e27d32d3cc6cb99f7b8e1dce9f8d	2026-10-03
gourd	gourd	2026-09-18	active		800243757e321e075365c6920fc436bba8ab2bb6aa7a2a2e2c66fca42db80e24	2026-09-29
gown	gown	2026-09-18	active		3f525c0855d14760713c5ddec4348cc9e254c15ef32378ff2cd9a4c5e8847afc	2026-10-03
grandes	grandes	2026-09-18	active		18117773ed5a09fce70745a452812f60b323be619612fd6a730e18961ecc8e07	2026-09-29
grane	grane	2026-09-18	active		5def185bf9a5f162f38b5aaf9e8668a88e32466003ac98fb86b82c71d64c3eab	2026-09-29
granum	granum	2026-09-18	active		b022357d15345d071a4a5bc970b837c82c22df5a3f9c37c0e748662728a487ad	2026-10-03
grater	grater	2026-09-18	active		f1f200c2f1d8468e7ff72e44c4be789fb3af72718d8173a55fb5bb07896553e4	2026-10-03
gravel	gravel	2026-09-18	active		4d0a6e74a8e6c607887f9fed4816b533101503ac1cf8fa06275c17df5d8de7f7	2026-09-29
graving-iron	graving iron	2026-09-18	active		c421c25f406abcfc8a4b4716d570ad60bb918d2f49de80d0355ba03c2ea66ec7	2026-09-29
grease	grease	2026-09-18	active		707ea52155a6d6118552341a497ce39ea25af669e915b71eddac79463ed84019	2026-09-29
green	green	2026-09-18	active		219e0809a2691f088f197bce8fe4fea6eec63c5d40793a4187f748fbe6c3e498	2026-10-03
greening	greening	2026-09-18	active		801ccf6d453f83e87edb397f972728a983dde5fa91c156a253bc934a67ab12e9	2026-09-29
greenstone	greenstone	2026-09-18	active		ffd78cfce0ca0e2d84a8093dc898e2c3cf642e10b864a6abdb7ab53cdf2734f3	2026-09-29
grey	grey	2026-09-18	active		b7393f4fdd408bb10f3e2284fb7f2facfa97fc5d7036255bc9c8af0c74449eb0	2026-10-03
greynes	greynes	2026-09-18	active		9a58fd50ee99be7608cde6d35fb44e877d689235cedc9494de9284266924eb45	2026-10-03
griddle	griddle	2026-09-18	active		e5c487887924774033438aa52760445ccc91a9389540f036e4ed616be6b3b97f	2026-09-29
gridiron	gridiron	2026-09-18	active		b2872e3ab8fab950f1ff38f8f685a98d883d873e5d425ddeee5be2414d791f65	2026-09-29
grill	grill	2026-09-18	active		364db665a7d45ef47be15daa572a2f5b9a08b857e9feb88a5d084e4cde4cf8ac	2026-09-29
grindstone	grindstone	2026-09-18	active		9af214ec331e5274889e2c1bb1786fcd4ae09ee5badebb7c3c17a1a6bb58a736	2026-09-29
gripes-egg	gripe's egg	2026-09-18	active		e0c26acd49b6e85620e7ea58d32b9b70b6dfe22f9028dbf8b23bb3a62408fbde	2026-09-29
griyrornes	griyrornes	2026-09-18	active		f2980a61bd6a8700416636d0d7c74c761f369c1dc9dcf13a7c9b93330e553c9a	2026-09-29
grocery	grocery	2026-09-18	active		ea9223a81778969d045a7560936833aadfa9002c139fdc4cf989cf3aafeb09c4	2026-09-29
grogram	grogram	2026-09-18	active		9268e78a683a2b1720db1ca647762e4e38d9243f592667d116f40776d9425cf3	2026-09-29
gross	gross	2026-09-18	active		1eb89d73ae3b40142ff5fb45873fe03a71a077912b3c4a2555329af113690787	2026-10-03
gull	gull	2026-09-18	active		d818619f3d3b0c7f98395bbb98b32da3d05e4b565e700427260df5dc3d7e773b	2026-10-03
gum	gum	2026-09-18	active		f146597875e7a68d2f98680d1e674f537df43b821e9dbf24b29f5bd76dea291c	2026-10-03
gum-arabic	gum arabic	2026-09-18	active		d7229d78e7717417e155f7690779c40145e655a951089cd5ad2862790b44f9ba	2026-09-29
gum-of-needles	gum of needles	2026-09-18	active		b82b0845e0b312ed0492dfb635b2e829f667b38cb21ed99ac3ad1264ac8ef084	2026-09-29
gun	gun	2026-09-18	active		2f821139c18e4d58ba6cb2cc6a32e0e76d76be804c7c84227d9ce64352bf38de	2026-10-03
gun-horn	gun horn	2026-09-18	active		a64299178b6f1f7dd290c3a845580c666d0bebc99623246a1125e868fc9f35d8	2026-10-03
gunlock	gunlock	2026-09-18	active		35a887b5451d295767fe28393045a3da054e97eea6741cf15f70a985653edbcc	2026-09-29
gunnys-acuum	gunnys acuum	2026-09-18	active		dafabd6ac665dedfa2457f223bab4a77acaff330196f46cc4ae0c382fc34608e	2026-09-29
gunpowder	gunpowder	2026-09-18	active		18c36c5b3f779940b697dc5fe0b1a90dbcf83f5098f9eab8f57022b7fd58539c	2026-10-03
gunstone	gunstone	2026-09-18	active		cb7aa0357315a079e0370144782478d6179a99fa2663ca8b6fdde5716506734f	2026-10-03
gusset	gusset	2026-09-18	active		68007419f6aacd4df16a80e5daa81ab888e1bbb388a11ff82766a3fe65815a50	2026-09-29
gutter-stone	gutter stone	2026-09-18	active		8a476e0bdc458045f502e91b5803225721c745e2f7e03b6cda21bd67fda3faaa	2026-09-29
gyrfalcon	gyrfalcon	2026-09-18	active		9fe1870204e7f62380ec0d2563b8f34a9e649ea003158039f00b9cd3853bec91	2026-09-29
gytefatte	gytefatte	2026-09-18	active		87310b50e8d7333f35c5739305269d1958ce9eb2caaea148d598acf44592c43a	2026-09-29
haberdashery	haberdashery	2026-09-18	active		c4a2538eda28647f18f68aca615dcd5e28829f43e9ce4ac17f8d5a8452781e1d	2026-10-03
haberdine	haberdine	2026-09-18	active		b24e7e40cb5d4b332b0c964b01ecd3ab0480c26b3bd6a992a50dffe7ee0c81d2	2026-09-29
habergeon	habergeon	2026-09-18	active		91644f7e810895fd339429584dacb528f7710d963f44155b59d795c4ac04c97b	2026-09-29
hack	hack	2026-09-18	active		f77ee63718961b18d2b405e17a9ce6035306a69168ae8b9f8d54f2bdc84bc969	2026-09-29
haddock	haddock	2026-09-18	active		cfb3a05d5eaf871e98fedff2dc4a29df89d9ca34fdf93891c7c5dff3d85def63	2026-09-29
haft	haft	2026-09-18	active		30b881bd1669dfdc4c20726f27c315dc74de8e7ddff193859ebb55115bb8a5a8	2026-10-03
haiger-blade	haiger blade	2026-09-18	active		8efc6883f643c399a22c06554ab11b8f155f663a57afda2c1cb88f7147ae95ef	2026-09-29
hainaut	hainaut	2026-09-18	active		15af345414d7fb4e4b8c2ed77920a774bf2c84886425a2e6b0c947c140777a47	2026-10-03
hair	hair	2026-09-18	active		404debcca06243876655a32019b0ca1eef08452469a0a611a6a1ac4cb7c663f2	2026-10-03
hairbrush	hairbrush	2026-09-18	active		9555a06f63a94f72258794071722ae393aedf7f3ab282c7fa7c49606e8bd618d	2026-09-29
hake	hake	2026-09-18	active		868f58a2404e000d4b2ff43d3df20657d3a86c362fe3ab0a0a4508141070c5e4	2026-09-29
hake-2	hake_2	2026-09-18	active		6a0125f1666ef959868f569d30cea4a1f887e41acb9da3b6f6caa2260e5c8b93	2026-09-29
halberd	halberd	2026-09-18	active		eabe26bae149dc941a076f59772ee954f6de565d7634af76dbd51deabd57e7f9	2026-10-03
haldes	haldes	2026-09-18	active		f0130546754a89bef0ed15dde8a0d7ddc86ff1cbd50e3bb7f9dc2ace7fd8b959	2026-09-29
half-grown-fish	half-grown fish	2026-09-18	active		f5b218d3c2de7ec467c2cf3c29d8f728ae9db86e1ff1880344fd68a6ac3dbb13	2026-09-29
halibut	halibut	2026-09-18	active		de817973ed1598a9c6a14df9d77d7a0b017a24e6a63045e9df169367180f6a39	2026-09-29
halsar	halsar	2026-09-18	active		08a9461d2d70e8621094ca20426bf8deafbbbe9799c6c90ea45b492435329495	2026-10-03
hammer	hammer	2026-09-18	active		73d0619ce1be2886880e0d3a085a66830814a4653243a33dea44cd3df67d5644	2026-09-29
hamper	hamper	2026-09-18	active		6fce88e56d1836c18e6bb2a9cd329e054d60301681c1d26c8105172b6a84683e	2026-10-03
hand-gun	hand gun	2026-09-18	active		18caca964caaa980d0192d86d6852ad78b602e38ebad6f8f01df693a7fc54beb	2026-10-03
handkerchief	handkerchief	2026-09-18	active		e38fb11782a45dcbd6776011c4466654866773c0bcc0f8830b52153c302b2d25	2026-09-29
handleband	handleband	2026-09-18	active		7b0f0035af661e096fe33c7110afc407f0299cb376f9b0586a38ea4b409d0b55	2026-10-03
handles-pro-fullers	handles pro fullers	2026-09-18	active		63e5266e1857a93a803b967b06230a91a0f5ba9c7173f5af630f0def25bc4618	2026-09-29
hanger	hanger	2026-09-18	active		7c8a3e9fb5ac7079cc15614f0aff4a5ed564dd0edd3e6fdc70ae0677abfc9ea5	2026-09-29
hanger-2	hanger_2	2026-09-18	active		59bdf1609bb13aa284799149e34efb0deafc3df4d889a8a72707cbb5c15a8e35	2026-09-29
hanging	hanging	2026-09-18	active		f540bd9c2746faa277f5856fc0e93ab2843950080f550fd461ae5e2e79c2f7f6	2026-10-03
hanke	hanke	2026-09-18	active		9005cdf14128db0e6f1fef576388c90bfd41594f6b7f6b87365fd394da3a7a32	2026-09-29
hard	hard’	2026-09-18	active		74cf19738bc648d1b7579f779938b770ffc54ad312732b6f37e57a5894bdfd1c	2026-09-29
hardware	hardware	2026-09-18	active		579cebc415b9ea5558994ddc65ad15513ca128cda459f10f99f9f0b1ff791526	2026-09-29
hare	hare	2026-09-18	active		326ee5073d9fdd63548b529702487b62574dd440f5fa30089381b8624a632091	2026-10-03
harnesdales	harnesdales	2026-09-18	active		fef1804f8489ceab9a911b7eb033d066fdd9de760ccbd8d1c3e0c2b444f48b7f	2026-09-29
harness	harness	2026-09-18	active		ce3f47f4e8cf7b032d7186767e7022b757d66a840217f398a3ccf94a7523a4e5	2026-10-03
harp-string	harp string	2026-09-18	active		853c8c054a3753f3ad60eaa789ba6a3aedf6b074a8efe9275d50736bd1c131df	2026-10-03
harpsichord	harpsichord	2026-09-18	active		0948f4dfae6cfda40a8bbdb43c599ae60e004207438f3ea89ac0a83ecaa0ce60	2026-09-29
harquebus	harquebus	2026-09-18	active		d980cce72525d9e43c4545087ad47c94e28de219d83c55bbbb811e0f32a80e1b	2026-10-03
hart-horn	hart horn	2026-09-18	active		6847b789ed49c37e862c41ba00223c9e882c5fb236a3ed63e617d5696c028267	2026-09-29
harts-head	hart's head	2026-09-18	active		3639cfbd167e3da2cae35f5cda0dc84c1caac6320ed21bb38fe4652162e76e8e	2026-09-29
hasborough-stone	hasborough stone	2026-09-18	active		359db5c5c14d1157a81efced53dbf8d4a230b6396ffacd46228dfb71b69627b6	2026-09-29
hat	hat	2026-09-18	active		e4cbd0b1c994e711af2886cc1513a6dfcc424fd399442e71e820e6ef4e0e4833	2026-10-03
hat-hair	hat hair	2026-09-18	active		bf9cc4c383ec19c9faa73a20c38666ca5c4322613e6b9fc2964ef8dbf67afb75	2026-09-29
hat-wool	hat wool	2026-09-18	active		df4eff7e4911f64699710f3d4cd54e59fe38cbaa818bd4f02b3f97c72da3b2a0	2026-09-29
hatband	hatband	2026-09-18	active		b8843285344a1d46a8a663e95056527bb8de695f012ae691d01b187530864289	2026-09-29
hatchel	hatchel	2026-09-18	active		364abebda5491c6f372d7bd657cc377a5e563edef406101586d71a068a585da8	2026-09-29
hatchet	hatchet	2026-09-18	active		cfc32b41d71261d3ec9265ff8f16ec82254298461d01efe5475e1aafe03d6207	2026-09-29
hattener-plat	hattener plat	2026-09-18	active		eaa182f1663e8f9322ac26cd6e456ebdc649363424bb3fb6bafc6ef8390fdd52	2026-09-29
hatters-card	hatter's card	2026-09-18	active		2978955501f45de3b142d25d54bdfea8ee7e39f30961f9eea36eacfe84b9bb0d	2026-09-29
hatters-stock	hatter's stock	2026-09-18	active		14ee768ba699b6488bf1e0071d3b8f05bcf623705df950bbc1cb210bd2bed752	2026-09-29
haubawe	haubawe	2026-09-18	active		bd079a520ee7fceed0063523969d18e156cfdcaf7a6963842ebfed93e8c3837a	2026-09-29
hauberk	hauberk	2026-09-18	active		224dd12708863184706fcf42ad6db6d5c02c56525bbb33d4a611035512238b6c	2026-09-29
haunch	haunch	2026-09-18	active		4039cd6e6288511a2ba0408f41c20ebccf004d101930e4f3bfe365229a7c89b3	2026-09-29
hawk	hawk	2026-09-18	active		1090894e9078b87686319e71ea2e901c229d8a4e52ee2120c009591697568066	2026-10-03
hawk-bell	hawk bell	2026-09-18	active		896d09202689bcaf9b98bfc9af8419f19cfed913b2107c97f0fb40328040e7e7	2026-09-29
hawk-laver	hawk laver	2026-09-18	active		384e3b2b2b0223b04c80e463a10ab14235ba59c83916c61427d44cd358a4c693	2026-09-29
hawkbag-ring	hawkbag ring	2026-09-18	active		c58c4c4d00854616b3aaed86736563063f3546dad5a05e6e037f3d517f22cb3f	2026-09-29
hawking-glove	hawking glove	2026-09-18	active		194f70456ad27514decad7b52fb3ab0443ab3bdfc7fe7df80d0e81e9d452a5c6	2026-09-29
hawks-hood	hawk's hood	2026-09-18	active		3262870aa1b5923cb4541aabc05ae9749eba8c04d243a5210f4243b0ff030722	2026-10-03
hawser	hawser	2026-09-18	active		bac2c334b01b01fcc4cf63d6d2dd9dee71101ecb796b31c682cb327ca9bc8981	2026-09-29
hazelnut	hazelnut	2026-09-18	active		14a30b1ee4187e9d198335659b7aa3ab6fc212893d81d5276884752d48a793e1	2026-09-29
head-nail	head nail	2026-09-18	active		510495535d8201624910f02e522c8de1c848c9383b33dc31a027a56d2bbe203e	2026-10-03
head-piece	head-piece	2026-09-18	active		2f9e1a18b42cb96305d0c5d99e3f944039e9e4e47ade415cc3467240b679fc2a	2026-09-29
head-plate-for-a-horse	head plate for a horse	2026-09-18	active		21d28f809def40f7f94d8cf93c56bc1b8b8032cf6e9da95ab5949b97ec485b85	2026-09-29
heath	heath	2026-09-18	active		c68e2fe49243a3bb2c4a5c91b8a833270ea3e20db6ca914ce5684bfc72d985b4	2026-09-29
hedde	hedde	2026-09-18	active		8a37e7df1c71a295643dc237e9f4b282d843b0037475047f539e44149139f665	2026-10-03
hedge	hedge	2026-09-18	active		7adeb760cf339148e2ee27094aaa49f94c30dba79b06ec02129e904c61f8674a	2026-09-29
hedlake	hedlake	2026-09-18	active		4b924efb6cc364808a545c2caab0cca04ea95d23efc065a4f11de64358770b3d	2026-10-03
hedlok	hedlok	2026-09-18	active		4b296de10001182bb020ca0e5ed61daffb79324f209b92db267c0a4ef4a1afef	2026-09-29
helm	helm	2026-09-18	active		1ec7320c7e813b235ea183262b908aa3fb57db6e7dc1939f04b20fcfc2a442f4	2026-09-29
helsing	helsing	2026-09-18	active		eef2a23880a9d3aa37f0f0252598da8c77cd08c342d24712400af42d617b9482	2026-09-29
hemp	hemp	2026-09-18	active		21500ff98e55e0aee077599cc8d54baf1bf2db0d9a7db43274f5edd935e604eb	2026-10-03
hempseed	hempseed	2026-09-18	active		080a173d8acbbf9141e147c3f09f42ce1bd177a7d9900cce1f58c094651dde07	2026-09-29
herenshew	herenshew	2026-09-18	active		f930f6c2562958f957fdf1c36e701727ac745cdb34f9fd01a7bf78e5413be7d2	2026-10-03
heres	heres	2026-09-18	active		98fc62b02869e26b2ef559f882bb1431e211ab4259913ea6e2c41c80aca2ed6f	2026-09-29
heresede	heresede	2026-09-18	active		43b93c1eb41328669346e0e0329ec6581dcd9be772b5de94e40ec4f1f0ed236a	2026-09-29
herford-linen	herford linen	2026-09-18	active		d969e3fc4c1ce3cafa1fd67dbb6ab5b0d96f86ce9d330e23b8ef8f983911f655	2026-10-03
heron	heron	2026-09-18	active		8ea57747404a7843ce0f12005970bc9796d3a8726496ec7a452a73ec82584ef7	2026-09-29
herring	herring	2026-09-18	active		4c7259bba9634f1d7e009280ab36da08dd2b11ab03d5b68aeb59088106c542f2	2026-10-03
herring-oil	herring oil	2026-09-18	active		aa8ad61d308ff4dd11810da5824e70bb21c5fe419d9e7a35111efee9cde1a796	2026-09-29
herthe-piccis	herthe piccis	2026-09-18	active		a4f52e3e1bd220615e3ecbd01fd4870a26b101f0ad8dac9989155444322c3b1a	2026-09-29
herwark	herwark	2026-09-18	active		c018504ed974abaab03628d5ed5f251465fadaf87695d17505053b8db61c3a57	2026-10-03
hide	hide	2026-09-18	active		65aa25131a3f6a00ab7586854b20fa01b31aa1c1c62fc558f966332d841371de	2026-10-03
hilwort	hilwort	2026-09-18	active		c9486711b31d6b708183f26937fde28760107f9173ff32ae0fcc47c4c612d785	2026-09-29
hinderlaken	hinderlaken	2026-09-18	active		5154c4e133415178b90b63ae6d6e554376fe5d933a7fdcabb818c0c035f7cbfb	2026-09-29
hinderland	hinderland	2026-09-18	active		1770c882deea797ef57bc39549361ad17569ba4adacd86b95eff6bd528b61ac1	2026-09-29
hinge	hinge	2026-09-18	active		92ebd067de1983a6d544aa550520bc343e558b4c27fcd10a144acd9f5a7b9353	2026-10-03
hod	hod	2026-09-18	active		77b07d85ef3deb5b131ab0307a5c49c051d54a816a5116d5bd93dbbfc49f4448	2026-10-03
hog-fat	hog fat	2026-09-18	active		9362783095f460c9267cc6b15881f885743ea994982e59268a4beffd00f92a9c	2026-09-29
hogshead	hogshead	2026-09-18	active		f16f3273bb470f20ff0b5f78faf593355273f2539bd0dab4a6cfb8c029bb5b72	2026-10-03
hokende	hokende	2026-09-18	active		c8ff45266b369b20a250de768dfb07b85dcb666659dbb89507ec5be9c94ef355	2026-09-29
hoker	hoker	2026-09-18	active		b29129a6aa64d6ae2e54d552d96fb350926ece3af014f743af953ad1da79c8ef	2026-09-29
hol	hol’	2026-09-18	active		d9f4f631d3ac69e910f6935e6563e774600a025f67a0e10d449dd17ce7fabab2	2026-09-29
holbride	holbride	2026-09-18	active		75ae13bad8be7f1d74d5551d40258bb41ece0d5cf16347a17433a34d47d4c3f8	2026-10-03
holland-cloth	holland cloth	2026-09-18	active		ca332a41369137b26323e0a6de8ad07b4f1d521fd64bc7608a902604a3d19dcf	2026-10-03
holmose	holmose	2026-09-18	active		a5be91182618d2e52fea98e7b96a9b54a14acb97ef10969627d23deaab67ff01	2026-09-29
holron	holron	2026-09-18	active		9349e492270ce8471610569508e054337819d1f505e4e7f9201d02d20971bfcd	2026-09-29
holy-water-stoup	holy water stoup	2026-09-18	active		a5b7295b212a5bc501e58c0d43f4649985747ee8fa2983a24c176534edc92a0b	2026-09-29
holywater-potte	holywater potte	2026-09-18	active		0cf60fb2f2e0b7a48302a147baab2026df8e46262d5606c85d59872bf2da2b3f	2026-09-29
hone	hone	2026-09-18	active		f107a1e21d9ae298d34e93e827a255708a0b03420a8547af56419eedd137086b	2026-09-29
honey	honey	2026-09-18	active		dccf25dcab36d6d9126b6aa1b4be036ce350a712bf75e7915ccfae61a269969f	2026-10-03
hongel	hongel	2026-09-18	active		12e5f58294c40e8070fa9065643620add66bd77209203ccf9c75c44f22c9f267	2026-09-29
hood	hood	2026-09-18	active		7d94b0ce5fba7dfc9be19f725fca4d0ca6536c8ae78be818529efc7466451b6b	2026-09-29
hook	hook	2026-09-18	active		9b6db2c6ab0d985c56e7d8d42857e009b5becafe46c3289226ba32d3a7a62f31	2026-10-03
hoop-2	hoop_2	2026-09-18	active		ca4915c2c7ea0830d9bc5aa0a0952636399a079b4c9042dbaa789d5cef4376ba	2026-09-29
hops	hops	2026-09-18	active		bad018b80c7c403c858310dd582402c734f6025a1117ed650da89004cabd275f	2026-10-03
horn	horn	2026-09-18	active		f3962c4b939a9203ebf448ce03723e83ee607af8c72af10463e7d0b17f7d16bf	2026-10-03
horn-3	horn_3	2026-09-18	active		fa07b19ed4aa20afa985bf74864a85f3044e17f97f76f5ae7462f61494b08bec	2026-09-29
horn-tip	horn tip	2026-09-18	active		c5fac6d82d303820f2ca8748118f59a7cdcd4304e8ea33d6365754f1ea57b9da	2026-10-03
horos	horos	2026-09-18	active		94473a3bedd83937606f0475aedb1d47884b3b0b66debb57dc28eb9a1496750d	2026-10-03
horse	horse	2026-09-18	active		3a5dbeecec918e9bd44edd1e90d59485f02cecffbe5f7d8b5afd9b2b5d9c9a1c	2026-09-29
horse-bell	horse bell	2026-09-18	active		a2c9d718b7462ca994fcebe5ce48f560b7c9191b832bd4e94a8b7aa4200e2b22	2026-10-03
horse-cloth	horse cloth	2026-09-18	active		3cf6b4b85d9ef261be468a093b3cfa4f0043fdd2b51fd0dbb8e4c8bca0b03f82	2026-09-29
horse-collar	horse collar	2026-09-18	active		c2a1451b7a1af7198c9c26e64c90edc0d70386f41db3f04b756531ede5ce1541	2026-09-29
horse-comb	horse comb	2026-09-18	active		fef4b80f24fe998b645e0c69ffef8cb033fd644bcd5e4d542e298a8027c1ba12	2026-10-03
horse-harness	horse harness	2026-09-18	active		b2d65e7baf6ac1d0381694778ede3064468d413a8bf79e931a653722d2b9cbf6	2026-09-29
horse-heal	horse-heal	2026-09-18	active		411819dfa87f9d7efa9e5e419599705b35e0a4bb429e1413cec135875927b5fe	2026-09-29
horse-mill	horse-mill	2026-09-18	active		650072d7bfb8b9ccf5f1ff0e8fa7326915b5e989418c01710525796e8cd34ce7	2026-09-29
horse-neck-with-baviers	horse neck with baviers	2026-09-18	active		80d483e4efc056ff9b8fc9f4c0cfd12ac0656aee92754893a9aa3a5aac721ff4	2026-09-29
horse-tail	horse tail	2026-09-18	active		bd735b669c2c3655a150086f74505ec8c1e00ff4252f10913029ee45effca69c	2026-09-29
horsepack	horsepack	2026-09-18	active		33b1db5b0ab760d2cce784b73492ff58593adaa679a2854d8941c98cf88fc275	2026-09-29
horseshoe	horseshoe	2026-09-18	active		1813f92bcc1f9f468255568fdb48e4bb15b494114c550636a042e684bfadcc40	2026-09-29
hose	hose	2026-09-18	active		534ac2cc17896a859b0f604afdbdc3666174e96e245c0e3beb2430476f2f5ce3	2026-10-03
hourglass	hourglass	2026-09-18	active		86ca8cc921f78f027d3f932c40dc2dc249a2891f970527ad2ec86d48e66acbbd	2026-09-29
howshold	howshold	2026-09-18	active		6c652b6509e11ba4292fbbe59bbd350879a981128ad4d929b9683d6a2521988e	2026-09-29
huke	huke	2026-09-18	active		016816a5f2cdd57137e4b2ff2d9d190b4fe05bd467852956fdd77f2aa1b3fbe5	2026-09-29
hundredweight	hundredweight	2026-09-18	active		66476cdcea913172b08af79a7b9e3b4186f5f869d194f5b6a62b8e53c4be62b9	2026-10-03
hungrewark	hungrewark	2026-09-18	active		a9af28f147510e4a1c2d0bbb38f1d3b2ccef1220b9b5b6687c1682df82fe9bff	2026-09-29
hupis	hupis	2026-09-18	active		03535a44b4ee6dda147fe9fd6d115aaba111d89a142c489d2c5c37fb07861f80	2026-10-03
hure	hure	2026-09-18	active		9fa17defa1de6dcd8afe0380f78a0a7f22ea0bbd3c239569a543907456df350f	2026-10-03
huse	huse	2026-09-18	active		03ac787cb37c4721860854ccbd22a9a53ef626c7d6c77cebac72a731be584ec4	2026-10-03
huspelle	huspelle	2026-09-18	active		c901f19024a35f7dfb44a36f8dd0bcdf91213b4c27f12f491e7ab6c769df1f44	2026-09-29
hylt	hylt	2026-09-18	active		52d10110c31868e40b6aae72856a363849be82342a195378a1c9aaced4d994a8	2026-09-29
hynges-fur	hynges fur	2026-09-18	active		d23431877e979aa7e105629e5b750cf2e0d528690bf4b803b1b08fda7b1fd25d	2026-09-29
icles	icles	2026-09-18	active		2f1f7689c25aa895b9777d5675e3b619db2e5e29164d67d608c8c2bfeb444da0	2026-09-29
image	image	2026-09-18	active		46dff96be0997b24e8519afecda1f73dd4b87fd165085e1b20235ac0905f5425	2026-09-29
image-of-pity	image of pity	2026-09-18	active		324aa39a59e578a37add423325b60bb43619308aa9e2e3469ea557d14a8fee9d	2026-09-29
imagery	imagery	2026-09-18	active		bf56217fe8bc50ad988b137cfccf1818fa75e4182ead0f2df35dd8fa9abf461a	2026-09-29
imperial	imperial	2026-09-18	active		e8e703c2108a460280d8ca9d5e86ab161b80047f797e2db08963c2940bffba75	2026-09-29
incaustum	incaustum	2026-09-18	active		b5fc102d427db0ee1cced5995c4f423be091fd956fda3be7d4aba36226bd916d	2026-09-29
incense	incense	2026-09-18	active		6df1f9bfeff835d4f608478850dc3498094c1f1d3e8f3201258d3cc5ba766d4c	2026-09-29
inckle-rolle	inckle rolle	2026-09-18	active		6318d8f5c9fd3a62150d410b037258859fb2cf99e564e5c97276d8ae4fbc74f9	2026-09-29
indigo	indigo	2026-09-18	active		0c42631bbd51ed4fabb59e49e900dd305ee611ac092159a3ac659c8bd99354b5	2026-10-03
ink	ink	2026-09-18	active		94c89b5ce3d3966ad9e8a3c01a4272cae396db68983be9ed9f33b0134f882476	2026-10-03
inkhorn	inkhorn	2026-09-18	active		03c5f8880c38e1639d4b62184a722723f3dccf35cdbeb5d53dc2cd91086c6384	2026-10-03
inkle	inkle	2026-09-18	active		81ea1c752e99b18e30e2fb0115fd176a5e5accaa06517888297fcb817403e66c	2026-10-03
instruments-for-spits	instruments for spits	2026-09-18	active		bfe94240a9d6425492a8826763c3d5c5f55eb9cf9c7bc212079c7dd73fddf102	2026-09-29
iperling	iperling	2026-09-18	active		7c437f560fb7f9e7c305834d5eb9e064d4f77a5b3cf0fa666ec48cdf33b7fc2c	2026-10-03
ireos	ireos	2026-09-18	active		0af66d75f5d82d7c309b1cc973102443d15bddea35fd02548639bfe8f325c94e	2026-10-03
iron	iron	2026-09-18	active		3876e033aa7eddacce25bdac9e22e6c25aae5815659dc74838f4f845cf6deb3f	2026-10-03
iron-2	iron_2	2026-09-18	active		324963c3f4a87487683e2099ebf001b901558817b8bfc71024fe1c730244b7f4	2026-09-29
iron-dowbles	iron dowbles	2026-09-18	active		50b0474067e7ea8fd3b3e3629ba16ac4ec1bb838e20b2fdb7f6526796493f448	2026-09-29
iron-rod	iron rod	2026-09-18	active		ae10afb43ff971030a057eb0b753af7a11bbbd023512ecb28904fa3886ec01f5	2026-09-29
iron-wire	iron wire	2026-09-18	active		6f7a4aa52d595b09f6eb3f5e89291df980b2e8314836fd5d783ad98bab161a4e	2026-09-29
isinglass	isinglass	2026-09-18	active		2535a63c16cc70b45d0ae3de9af294a6ccc6d242bfa8774db02952a48e9778ee	2026-10-03
isles	isles	2026-09-18	active		4a96fe3857ceb5d22160fcc743bc234728a39ac8ad9211d779ed82cc65a8c493	2026-09-29
istoria-diversa	istoria diversa	2026-09-18	active		adfef62035a3e3551f2a476f6fdabe295cc0e884698e6c64ffd236f43e98620d	2026-09-29
itching-powder	itching powder	2026-09-18	active		51b8b645fe41ff209a379c12e4ba7bbd0ae42d0c5428b08c2d8164c2e93b149e	2026-09-29
ivory	ivory	2026-09-18	active		cd538a1ffcd6b7bbd69f70c8ca29dcce92a0bdbd4e53a691b36ecb083eae519b	2026-10-03
jacinth	jacinth	2026-09-18	active		f6da572f25ed6ff999f6c57ca63cfb89a26a42d3489e5770a2061adeedf84b9a	2026-09-29
jacket	jacket	2026-09-18	active		b22bda4ca2ef1ac68132172804f576e9995112da7725fe03a772d22507681c95	2026-09-29
jape	jape	2026-09-18	active		aef166bd6a135d6dd00c849fa39829b8b31b268ebbf274bc4b282bfe43b1f307	2026-09-29
jar	jar	2026-09-18	active		afad3fa288d18780a14cd63a223eafbf68daf7b84f7dd9857b5959eff0bb7450	2026-10-03
jasper	jasper	2026-09-18	active		c0d6943a4255905f72b1a7a233e0fd3de2d7c9003efeb622b5e91c193d57f56b	2026-09-29
javelin	javelin	2026-09-18	active		30d573232b3a0ea2fe497a0fa6ed6096f4d1e0bbc4cd780dd3a19eb11d7443fa	2026-09-29
javelin-head	javelin head	2026-09-18	active		75004dffa3ef10357d6ba30b89f41faf5705799a3beaa99314af6bd0aae267a9	2026-09-29
javelin-stave	javelin stave	2026-09-18	active		9cd87199bd05188070b8a67c1ff1c44203b7d6196ae2cbcf36e12cfbae54b9c0	2026-09-29
jazerant	jazerant	2026-09-18	active		b2b22b61f8ae13d33a172938d14f27522896aec1fa6b7f8b61cc050ee3dd4ff1	2026-09-29
jencialle	jencialle	2026-09-18	active		e00bcdbb40728f870ee47acea11882946372615ed88199a461092dd3ee3d2390	2026-09-29
jerkin	jerkin	2026-09-18	active		5b3c30e0c18a8b79317940a2fb631ddc39688a79efef5c3fb64c3479f56daa39	2026-09-29
jesus	jesus	2026-09-18	active		f86f1264c60746a508a6fdbbafac53e8924cef94d6f6bbd0f70a1ae415e3ffb8	2026-09-29
jet	jet	2026-09-18	active		5b6c2982f3573ad9c10336b8f41179c85a63216c1e40427978b0f2a4789ed1fd	2026-10-03
jews-harp	jew’s harp	2026-09-18	active		5edd6d9cf1a6087c4ece0888caa1955bc3fc5303de92285534b8d890e08acce6	2026-09-29
jointur	jointur	2026-09-18	active		05c4557bf5786107af9da9fff908fe3a886efc97512fdbf285182b18e55a81e3	2026-09-29
jolys-pot	jolys pot	2026-09-18	active		fadb3c96dec832b5d21c6ccd22042ab69d125031885bff642f36594faa0f0cca	2026-09-29
jorsamons	jorsamons	2026-09-18	active		1505b986f22ba71260d167ac22606cdc0c7b18179871e1468bc566695b61ae6a	2026-09-29
jug	jug	2026-09-18	active		f4e799671662f535297ec2b19bdb5afb65e9f04f16dd22663d587d3197ffea01	2026-09-29
kassis	kassis	2026-09-18	active		230b20ef776c940d8ae7d2ebf99abae24c1659b15b0e14cd502328ec77b22cbd	2026-09-29
katera	katera	2026-09-18	active		484d3bad72472b370e996574fae86d49ef3031889d9767bba78b37d9df865155	2026-09-29
kaysen	kaysen	2026-09-18	active		4d71241d360e2aba597b46505f769e3b6f6dcff094d5acf969959ec36059edcf	2026-09-29
keeve	keeve	2026-09-18	active		1f7164328326f7eb7755e55202241b7d55bb333069e22c7f724d64f80341f402	2026-09-29
kellyng-here	kellyng here	2026-09-18	active		42ec675327a05a1f6c82c93acbc33ff4752b6a641bf78eb767ac5c19d672667c	2026-09-29
kendale	kendale	2026-09-18	active		108864d1dc9c3e6f878cee0aea1ad9eff26287abf8fda3a06d7343a47414bf87	2026-09-29
kerchief	kerchief	2026-09-18	active		6b6da3d657b79642709e9521c1f7baa36ea520c789388ad98a76cbae76ab60c8	2026-10-03
kersey	kersey	2026-09-18	active		aed0039c5a453782e1043b609eaa564a6c5a14ee9d01431b8e0886992bcf6507	2026-10-03
kettle	kettle	2026-09-18	active		c396250dced3fd76f67b0d1149c675ac6da8500a97944cee7f02c3f1a6f0ef96	2026-10-03
kettle-hat	kettle-hat	2026-09-18	active		88046899f44577586314c5d6e5a3cd8cb72ce9c34f0d1c15f79836166c3a8dc6	2026-09-29
kettleband	kettleband	2026-09-18	active		8d14965acdf49f9757ad7b6f47e15fbb52db2ba4fbb3fc401ea94a21da333db2	2026-09-29
key-knob	key knob	2026-09-18	active		d6d8c11145d62b108211307abcb83b2316ae970d06cdc56ed0ca9846c3c506ad	2026-10-03
keyring	keyring	2026-09-18	active		f6d327bb3953c0a6fe417ecd9b734a32d9a15dc6c32c33b7325402ee8a59de73	2026-09-29
kilderkin	kilderkin	2026-09-18	active		e6989e12dd7582fedb4f8ebcc9e89341daa6efc1b9ddc71924b789ad2aac19a4	2026-10-03
kintofes	kintofes	2026-09-18	active		88ec4178ad51ff0b9260d0d2bc142a745916048fc5c6aeca566c124f11d8cfed	2026-09-29
kip	kip	2026-09-18	active		3f27b4041214e64167eacc0f797cb1c7ebd4f53257e2162262d23202b1130888	2026-10-03
knarholt	knarholt	2026-09-18	active		37040e6c09a4465672099d147323c7bb20e86f9437577656e3990b9432a4dbac	2026-09-29
knife	knife	2026-09-18	active		dcbc8a29e9305025c3182a9daaedffd445e91de73b37f45e907e8f3a6c69767b	2026-10-03
knob	knob	2026-09-18	active		c659f3568cb926736da0d16b735a9de951c62d490150b408dd3b72c928cb14f7	2026-10-03
knope	knope	2026-09-18	active		4fbab74b350515080f4fce7241fa1b83dafba48d16ef4558588f92d75569f9ef	2026-09-29
knot	knot	2026-09-18	active		7a205525cfe9bd6ddd50d421d823fae81ac116147b926e73f1636eade7dfff8d	2026-09-29
kyd-felles	kyd felles	2026-09-18	active		845eaa4eeb3016cb235b9fde3082a9f6ead68e6f76b1026a81cf8af775a2186e	2026-09-29
kyppe	kyppe	2026-09-18	active		de6631e70198c441cf46068f055fd7fe30c1e2458dc2878197daefc0dced0d1f	2026-09-29
kyttyng-of-hornes	kyttyng of hornes	2026-09-18	active		081c4545e952e10816e9be1892d9616a54aaa3051331df89be6416aa0b5f5078	2026-09-29
kyve-eel	kyve eel	2026-09-18	active		34ec40f2cf8c2b2ed11c3cc1a442ed43348a268ece6827da7b611e4da6b8ca56	2026-10-03
lac	lac	2026-09-18	active		5c0e5e532f357c34910fe465f086287b95b3c4beeb373f6e58980d058ef9e11d	2026-09-29
lace	lace	2026-09-18	active		a1f9dcd98ce811ef3eedf9585a8335e7762f2d6b684926f226a6bce12470e834	2026-10-03
ladle	ladle	2026-09-18	active		b6f6ac72e18672f580b2b8138b8df9eee0a79e6f07ad6f6efe9b0941cd9531bc	2026-10-03
lam	lam	2026-09-18	active		c4ceef220a3b6dbc432d3febd04402a6576e3a88f1c4a37b967630d2d9087495	2026-09-29
lamb	lamb	2026-09-18	active		46a7831c296b94ed2957cdbdd45bce45fd05dfcb33036b3872e1dedbe097b529	2026-10-03
lamb-shank	lamb shank	2026-09-18	active		003fbbc52af1acbd63b78c08538a041dc550bdc7e0a0567d945987922179d42b	2026-09-29
lambz-ficches	lambz ficches	2026-09-18	active		5608834c350e3c2bc46597987b30e577a5f6719273e043bc18da8f3c5673ec9a	2026-09-29
lame-armour	lame (armour)	2026-09-18	active		fb4bacab6859505db6e245ceb2538fd1fbf6920cbc75e2ee396f07bd294a648a	2026-09-29
lamp	lamp	2026-09-18	active		454114365590cafcaa6b4c4738a5e764c79607ebc0fd7521f7399acf132bee92	2026-10-03
lampan	lampan	2026-09-18	active		80cec9b12894011fbe4a07530ca2afd2a871ba5c45bf0742b9363257eca08670	2026-09-29
lampas	lampas	2026-09-18	active		fc33543e77b24f305bc0b8b181f1eb95a378990739773c9a12418aba947dc4c2	2026-09-29
lampay	lampay	2026-09-18	active		fa89e88b67a72033a2b9c9d8ab3e283f8bd34c45a426cc92413142a2f609711c	2026-09-29
lamprey	lamprey	2026-09-18	active		8eb2ec6c0aad8da12a39bc4b23308fdec3f11e58461bd668dd2ca392c491a706	2026-09-29
lance	lance	2026-09-18	active		74fe60e5c722f7f1b79e75a6e6507424ccd9db325b302aefdb5a322ce2564ae9	2026-10-03
laneret	laneret	2026-09-18	active		d00551eabffdccd07fcbac11fdfed936587b2d6187c2d6b3b00587701695cf75	2026-09-29
languet	languet	2026-09-18	active		4b2d8c0074bcf821dd33f6db79c954f9a80274f43e49d968ca23d61e7f730e8e	2026-09-29
lanterfoyste	lanterfoyste	2026-09-18	active		2cc4e983c42d364d254e3f956ea7971fe7a8019327773b9c08390490ccc0c5ca	2026-09-29
lantern	lantern	2026-09-18	active		5955a67873202c0fc09883c49483cfac988d6c14ce80ecaa8697adc5c3f7fd80	2026-10-03
lapidum	lapidum	2026-09-18	active		eec07d046f8452e70af002f36953940cc7c878711257324a925912aded23c522	2026-10-03
lasche	lasche	2026-09-18	active		8ea66220d824bf7573b57a9fd0d110e394e3c9835ef664627c2528cbc9ff14c4	2026-10-03
last	last	2026-09-18	active		492544e579eeedb460cba4f8e841552d9d6448910e80b79a4f9490582edf768e	2026-10-03
last-6	last_6	2026-09-18	active		82e3ae55271861bc99ff2a42cf83388767b19f16edb1c1d6138cbc65c347e0b5	2026-10-03
latch	latch	2026-09-18	active		c0c5454fc9e6f762e61fa0a92c5fa89ea00f7c5f4bc04c4903a28b3fe139bdc8	2026-09-29
latch-2	latch_2	2026-09-18	active		2e2da68ddeac0b5f1062b32679abd6c4a321c09fb45479416cf008e966f61949	2026-09-29
lath	lath	2026-09-18	active		8b90828be394396df777eefe0e9e81e5f4053144e8c628434f4093e12096b176	2026-10-03
lath-nail	lath nail	2026-09-18	active		751c58d4045c4caf5c087b29d048505cb4f3af1897ff0b8d977259f753d14a24	2026-09-29
latten	latten	2026-09-18	active		2648cbf1aad2e3bc2e9c76c65a0be4d399b09fdce5b0883d195cf663a51005ec	2026-10-03
lattice	lattice	2026-09-18	active		e6280e35b26474c41190edc3fe49605786e62bbb2a88aa1f3a6c453d8a5e2db2	2026-09-29
laudanum	laudanum	2026-09-18	active		43cde5b38d486c03ea0a40be5522e45922f03db55d561c7c799760b9665c476f	2026-09-29
lavat	lavat	2026-09-18	active		afd18e63811778ba954070f6f4834c806ae8a14dacb17d9fabe20ad4be6e8976	2026-09-29
laver	laver	2026-09-18	active		e2daa644e464ee24a03053bd776584883533b8385f7f34daf32b36d77fc57b89	2026-10-03
lawn	lawn	2026-09-18	active		908ced5093c8a58b12b8a12644a59fc7f711ce9ee24df85ee71fe736699c9ec1	2026-09-29
lead	lead	2026-09-18	active		9a305edf61b6e9d32647eb4710e5d93086d50f54becdb5ccf50233dc2a8c5b6e	2026-10-03
leaf	leaf	2026-09-18	active		7d3f2a4c66920fbcc07e082f7b4095bc6ee5379a8f3104921e5d0187ba1b075b	2026-10-03
leash	leash	2026-09-18	active		8125120c6ada03b314d8cd55d82be0ce83f1661aa58da489f75cd47756f3fd0b	2026-09-29
leather	leather	2026-09-18	active		799adb330f88eb9d0bf683aaafda794ec7afe1d989830a17968f44237c997c7e	2026-10-03
leather-covering-for-a-salette	leather covering for a salette	2026-09-18	active		43f5038dd07c07bb41042c49cd408a4068f190c6b7df74788e949b81d9c66ee5	2026-09-29
leather-pieces	leather pieces	2026-09-18	active		f154f26374150213b4d09852e21b1ba2248a510da2c818581458c1b1c753cdaa	2026-09-29
lecc	lecc'	2026-09-18	active		e46c955719a4eb99590e10a4c91a45fb498c70a8f152c3567d425ec3cff00228	2026-09-29
lectern	lectern	2026-09-18	active		cc9452870e74c780e47f9e6760574f0da0132edddf0a976386a709a4eaf0c282	2026-09-29
lees	lees	2026-09-18	active		a13c3892e1c655679276f94d06e68b560cf17440ee868154fd28825e3e96fd1d	2026-09-29
legharness	legharness	2026-09-18	active		f5aab6fe44a16313e60491029535f4862aa1f7757d80601a71c452f519cf5331	2026-09-29
lellis	lellis	2026-09-18	active		3b7fdb7f32fb5c17c1f8d1773aadec73673528814845214797e31a652f6ba3c4	2026-09-29
lemons	lemons	2026-09-18	active		797eefa25c7cfa3a7758316b7d08f155e1798fc2a21c9786aa0223f29e22f6f7	2026-10-03
leopardus	leopardus	2026-09-18	active		58dcf764b4a10f50eb93e187612b71093dbe68824e8d1d095ad113d7187d2d57	2026-09-29
letterbox	letterbox	2026-09-18	active		4a795d2f1c4c739d4fe735859ea1be8b61ae346a6c6bc568b0b4e0f23ef31bcb	2026-09-29
lettrye	lettrye	2026-09-18	active		df350429009197c3e33eb9c16ba099589e04a5ca9361ff33d399b7535d6f128c	2026-09-29
lettuis	lettuis	2026-09-18	active		169c81f3910a79b21932bc860f4a6cbc6526ec323fec19167b92363c2751126a	2026-10-03
leuwin	leuwin	2026-09-18	active		aa5ef23025d6152698f9ee9b75245b9edac2628be5c6fc5df4a37787f9271015	2026-09-29
levyrsmolt	levyrsmolt	2026-09-18	active		4423f51af346226ccf867b5258d9c5b5bf2187f53cf33d8b5959b3bf248999af	2026-09-29
lewark	lewark	2026-09-18	active		7c58a6799ba13cc827ba737e3e56a3090c68fab9b1b35008081b176314344dd4	2026-09-29
lezard-wombez	lezard wombez	2026-09-18	active		439d990c61ed823a757fae2987d4a62f7aceb5b1ed01429b54ad7feab0a4fb13	2026-09-29
libri-de-venis	libri de venis	2026-09-18	active		2635aa048700d9080b1b089fd9eb207322b53f6be2294016f86bc14afa4a3630	2026-09-29
licoppe	licoppe	2026-09-18	active		bbd2fdffeb0cad0307213a6346bcbcef8fc314e3ebea5657bcd57734b4e54b7b	2026-09-29
licorice	licorice	2026-09-18	active		f5e4be713437ffb27be6e788cee5ac34cf87b04f629481236c33b5ed46356257	2026-10-03
lidholt	lidholt	2026-09-18	active		bdeac4ede73269e2254da5cc573d45b18bc2190430e74741af63b3791df1e954	2026-09-29
liere	liere	2026-09-18	active		2f5cd2dc9fda0b63b13caf7c9094f7ff523564add475d3c7e648ddeb17f781ae	2026-09-29
lignum-vitae	lignum vitae	2026-09-18	active		e478308a0362e06315724656c6e33a6510d11d9e2dc867c0d6a1c2fc6fefc512	2026-10-03
ligula	ligula	2026-09-18	active		57d300498be678a7d0936b57e71f5dd062c99214f834ed1d23d4aa438c8e0b2b	2026-09-29
lime	lime	2026-09-18	active		4f828c75e383abfbc44799c33322e12803b231647f33511fc6fc945791739b0a	2026-09-29
lime-board	lime board	2026-09-18	active		a00c142cd11dd4177b0406f9033c3dbfc8b8024b2a96e80944145378387c06b8	2026-09-29
line	line	2026-09-18	active		cfbb8749a616ba69d0f7eac95d9a8f923e29690231239fa2a957ac77f2192be4	2026-10-03
linen-cloth	linen cloth	2026-09-18	active		95a2131624dffae07a9ba9ddbfe2e7501b6184144a3640cad0717e23b2e5e263	2026-09-29
ling	ling	2026-09-18	active		a32881072e08de10cb5eaddb6a0d13206f270fdacc95ed8281eb9a34079d1f02	2026-10-03
lining	lining	2026-09-18	active		0615b0acc4517983f644bb66d227c72565c4ef73af8152f1f8b7ccabd7a11d89	2026-09-29
linseed-oil	linseed oil	2026-09-18	active		4e58847d4f2a36e8181ca3057c9d5433c2e02b3af6082f747655b32ab073363b	2026-10-03
linsey-woolsey	linsey-woolsey	2026-09-18	active		7deed811607bef07a6453a00f0bfeac38aecaff3560893031a10b465b460eb37	2026-09-29
lint	lint	2026-09-18	active		6d928566a99a7a08e01b6ac24b5307ef1521551f14fcf50787893e37a1850e7a	2026-09-29
lioness	lioness	2026-09-18	active		bfec99d26918dbf59d9056eace1d1be41e514d006d6120beed450aca97329250	2026-09-29
lipe-for-veils	lipe for veils	2026-09-18	active		7bc457ac9351c92eeb69721c31fbef4e0cf5f2896525341dc510c40a2aa5d3b5	2026-10-03
list	list	2026-09-18	active		b729a988c83b425868fcca2718bce7f6274b6db63b3646652660e811a4f3c20d	2026-09-29
litmus	litmus	2026-09-18	active		d25a4da6e9a0cd6afc9d7835804040afab17cb815cf277b7dfd2f2e54c3d7443	2026-10-03
livery	livery	2026-09-18	active		024a7ac46648b68218e3aa29777fe6116a712d653b21d66aca0802201b76deec	2026-09-29
load	load	2026-09-18	active		5f5c5948ab50ff9d62a1590a36d47903a6ca7830782ce6fe51faac961f9514ad	2026-09-29
loaf	loaf	2026-09-18	active		66ecf96266e3c00db752d3919d318e544994adbc3f6865441f95bd7e3389808b	2026-10-03
lob	lob	2026-09-18	active		4b0208eea40d4609704d99e95c4c1a1bf2abc000a6895aafa5ff15194eb67ddd	2026-09-29
lock	lock	2026-09-18	active		4e32276a5ed57fe6a201112f4034c076d32a41fb99b8df5f4d43eab4a2e42d92	2026-10-03
lock-2	lock_2	2026-09-18	active		e8948d7bf0818df98637ffe56753b80b8231d0fddea0f2ab0225b219501d1b1d	2026-09-29
locked-glassz	locked glassz	2026-09-18	active		81e4f88448d2215e991148dbbe51f26b4c482d4270c27178297630d8a55b44a4	2026-09-29
lockram	lockram	2026-09-18	active		758f1b23d86ff359573a5cd1461ed2e7d35edfcc1e36b521ca0994bef2a06abe	2026-10-03
loculus	loculus	2026-09-18	active		09e51c1e2ff12f180ab95159fb62c95d97fdbeeb8388a142396a1b08e879e18c	2026-09-29
loke-2	loke_2	2026-09-18	active		ddb474fcf015e864cbb4ec7846e6cfc9b681ad35da0144a02d0070376dcc81ec	2026-09-29
loldena	loldena	2026-09-18	active		13740674e523a11b81f0a5d707333e6cd73c8b10bb683443f04c6e3db71af30c	2026-09-29
longcloth	longcloth	2026-09-18	active		4d95ab392e0cd4cebccb2be556d7d5720754e47f5851ed2665d13c61df3accdc	2026-10-03
longpoint	longpoint	2026-09-18	active		65758baba71de0da8670fe988c648291be616fd6522b1f6123875249b9bffa17	2026-09-29
looking-glass	looking glass	2026-09-18	active		7d5bcc08435c133ceea95dc7b6d97b9950c08e753f07b252c04b091fe6737c94	2026-10-03
loon-bock	loon bock	2026-09-18	active		39e5a6c48761801be70335f3affd22962a1511fd0a91851018dc3dae5a712b13	2026-09-29
loop	loop	2026-09-18	active		5216a9b854860e8dbd99d60dee051274e4accf48a016cd40858fff96d20fa81a	2026-09-29
loose	loose	2026-09-18	active		0bdd04c06bff46e4b1e380954a3a8fcf3072ca3060ab8d6518029ab591746aed	2026-09-29
lostes	lostes	2026-09-18	active		44806167f343f0a04383075dcc82428dbb491db081bef0f8eae07bbe8dfdf8b6	2026-09-29
lote	lote	2026-09-18	active		38e76ec980e6d01e54b2200513c24265acf51fa19796022f278f26285a395a06	2026-09-29
lottfyshe	lottfyshe	2026-09-18	active		19a8868c60a05d48854c6a90446001a3be0cb15484c906495752ddc2df8f8622	2026-09-29
luce	luce	2026-09-18	active		4952e01465089122f96f465da30c328b28db22e088e8fc14e485764957d0291d	2026-09-29
lucepond	lucepond	2026-09-18	active		be6ee4bc225df0a91f6c859aab4cab720bb68e1295324e7cf7bec14b4c75bf60	2026-09-29
lucern	lucern	2026-09-18	active		ed658f358384b9ae27ea4fcd4d0164baa4d54b91a093c2c9822abbfc007fd9c8	2026-10-03
lure	lure	2026-09-18	active		4d333b4e5c3d73dabeb54225f15043d260bdd001c2973c26371cf5d712049e73	2026-10-03
lute	lute	2026-09-18	active		8c03eba86991b00f560967c632882656e169004644e72e98e9f17acd4ec5657a	2026-10-03
lutum	lutum	2026-09-18	active		42159fdba59993ff0a4138e314536eb085b59c67676a59f61c9c12ab6e1c3fae	2026-09-29
lyckes	lyckes	2026-09-18	active		1db98bb3fde40623ce12603c152ee14f8163d1cd420f1118aa6b6d27d8f2a640	2026-09-29
lyke-skynne	lyke skynne	2026-09-18	active		84a66a5da90d1cb96530741fdf0e5f31c3f1b1c957e5627df9d46d7c280adaf9	2026-09-29
lyrnes	lyrnes	2026-09-18	active		811bee8e22a4b18e799a18b5a6896d03d00de24c8cd3f8af19e92b9b8e1c49de	2026-09-29
mace	mace	2026-09-18	active		8dff64cce4ab2f0e1c88586bf5b75386d1b26acfe8db1f7ef48acdb97837b9ad	2026-10-03
mace-sceptre	mace (sceptre)	2026-09-18	active		dceb30517035f55d31dfbc4ea6b88b4d11fb3e601a4b8a0ceeedae18eda9962c	2026-09-29
mackerel	mackerel	2026-09-18	active		808fbac8d7052c784098f5c0e389f1193cf39ea82c704af590535fae41715697	2026-10-03
madder	madder	2026-09-18	active		8ae591ed076f042e6b0151907988d34e839db7ff85dcf86d7e13a5aecd3efcc3	2026-10-03
maidenhair	maidenhair	2026-09-18	active		cfd195fd1b8bb3fd29f33950606b55e9f8b18b11d37341e426ed545395d56763	2026-09-29
mail	mail	2026-09-18	active		2f48c9054d7600f624b99a86714d7f580c570786214f52b1c62e39145535ac95	2026-10-03
mail-bonnet	mail bonnet	2026-09-18	active		7b1629135967a4eb21ce996c5c79a232d0baae34dcebaebd323dee1140c55dd2	2026-09-29
mail-breeches	mail breeches	2026-09-18	active		ebe59c70b607d622b8addd676199864fc6df02e16e53e807a5ff2e0f1201714a	2026-09-29
mais	mais	2026-09-18	active		ee3004b8f4f3b6cef6afec900aab92ff7bc22ce476197107ea7991ae2531c467	2026-10-03
mala	mala	2026-09-18	active		8a037642ab1e32f5a1064838c636ebad3652804c083fbc11c17d31f52c8a3e9d	2026-10-03
maldestone	maldestone	2026-09-18	active		89e7fb912a39846b19f48d3ba1c6f55c92ecbe1f8a820b423e8101308c350f94	2026-09-29
mallard	mallard	2026-09-18	active		181f6993a1714b3af9dee75d27472489037cb58f27b2520ef2028c858851d63c	2026-09-29
malmesy	malmesy	2026-09-18	active		3460bf8e10b71e1683e5b3d4ab90719410eace145cbc7b66e0bb6450975563f0	2026-10-03
malmsey-vinegar	malmsey vinegar	2026-09-18	active		55d2e85b2ed5fe810593591691c6f5e9b5725b07777f19e85d0d8fe25ec625ca	2026-09-29
malt	malt	2026-09-18	active		d352aea0cc1289d092c404bb66d83baa8f3904b0ea1937b16e9dffb1585e2d92	2026-10-03
malter	malter	2026-09-18	active		75ec24e82723ed4e80710f201f558a71e60b6c8376151f1bf34316242531747a	2026-09-29
manacle	manacle	2026-09-18	active		3a5e96ec121e6ebb642391a13afcdf5b2747531dabd82ac1ef0c19f5868ce8c5	2026-09-29
manna	manna	2026-09-18	active		6144266e8f7ca0b964540c5280a01a5aa05bae425693d04c9d4ce8dd8fc762b6	2026-09-29
mantelet	mantelet	2026-09-18	active		c5e12772082f7d5318d25d1c1292a00dd2ab48270a82696405191c5ebd88d6b9	2026-10-03
mantelle	mantelle	2026-09-18	active		22fdb82b854cfd6422bfae55184776ea6be6eeb90a3731914f68fbae6e219981	2026-10-03
mantica	mantica	2026-09-18	active		d8f18a05428a3835fd7ac0855d45a56343c2f4bdd6c55dd520036c140f1af5f3	2026-10-03
manuelle	manuelle	2026-09-18	active		956c9986e8925c594feef117649e10919c1f8ab108e6f3fff67eb26a68c25814	2026-09-29
mappa	mappa	2026-09-18	active		650800948c05ce6cb09235d9a6d01cc577a7f471b4124768b20b27e319baef1f	2026-09-29
mapus-mundi	mapus mundi	2026-09-18	active		56ce956f6f6b3fdc4609fe776b2442da391e32ae6c642de6e03bd274d1e6fbd7	2026-09-29
marbill-ston	marbill ston	2026-09-18	active		6f35d68314c9f3fc721119bfb92f51d7f043cba5f4f80259cb2d1e29631b5fd2	2026-09-29
marblers-plate	marblers plate	2026-09-18	active		5dba3ed0dbe0c5a1f23a11c9cc8d2ccd475b102829563337e12d6f048b6a11f6	2026-09-29
mark	mark	2026-09-18	active		dc6f665512c9169aaeee4c48675c340aa220cd78a5ed16a88ed3b2455de5e320	2026-10-03
mark-2	mark_2	2026-09-18	active		ba9191308812e3ce2122f4030eb4d13c3f57c1645b01724ba627c9255af453c4	2026-09-29
marking-hook	marking hook	2026-09-18	active		ebe43328ecef24920592819cc8e2c81008420bfdded2054520125d70d7a6c199	2026-09-29
marking-stone	marking stone	2026-09-18	active		8606bc13ddbd4a29577ba3475610300f8eb0f70bb40b49c6b0eafce53ecd4773	2026-09-29
marmalade	marmalade	2026-09-18	active		a68bf9f17933456570bc30efd7ae9fbd7c26dde2be0e6f10d15b9f01802fcf2a	2026-09-29
marmeset	marmeset	2026-09-18	active		502442d76f14f7e08f6a895f50da0f107dc97831c04a69bcae650e465ab0ad50	2026-09-29
marten	marten	2026-09-18	active		f226c73ddac61c36fc17967bd90ef6472bab413a0216693fa16904389f6506f3	2026-09-29
mase	mase	2026-09-18	active		36bbb77c789ac85f8673d7a62b34693e7406663d8c28a1136a3d08d5e127c04c	2026-09-29
maser	maser	2026-09-18	active		52a1b2308030a0b35cccf5c614073dbc7b1146e81ba52cdae48437be7832a3e9	2026-09-29
masewerk	masewerk	2026-09-18	active		8d67280baa7fecdbb3c5fb7230f7043b93b150293ed6c53f045ffdf9703aaaca	2026-09-29
maslin	maslin	2026-09-18	active		95f585d6acabdca0a8864c0a5ace36c2342117a4cc211a84e05fdac15506a50a	2026-09-29
masse	masse	2026-09-18	active		e7ba68f14ef14b8c972ef874259ba5bb5fc4dcac42f77c5721b30866b93afcce	2026-09-29
massicot	massicot	2026-09-18	active		10a99c4c3d9e03b7287a36bad87df9bfd9c890f803f02ef439bb155c7ff04133	2026-09-29
mast	mast	2026-09-18	active		2b841969e04cee0fb2809b36992ca99a42361514aceb3195305beb74b83c183c	2026-09-29
mast-3	mast_3	2026-09-18	active		2e5718783f8336916d9cbb63e9c5b0b88a435e460c371523481bd02fdfb48622	2026-10-03
mastike	mastike	2026-09-18	active		8a4ad365032d78c55edba3925cc9572a4ff1f3ea8c9d2b4dfba6abee2c70e587	2026-09-29
match	match	2026-09-18	active		82232e0337c79b383df855727d7235a7209c115a6ef3f8f6b9d408f802d6802f	2026-10-03
mathes	mathes	2026-09-18	active		e52b971a254142c602376281c2d759bf2c14b5c4ca4fe3a1373186dd3da68ee6	2026-09-29
matstole	matstole	2026-09-18	active		4451fb08074225763d50fa934ba21ded1c29da66f21e08dcf9704a2553b3d4dd	2026-09-29
matta	matta	2026-09-18	active		36d170c6e9eba62690004d0a10c957b6e5d2c0a55b03c0ee8a98f1205d6b9d60	2026-09-29
mattress	mattress	2026-09-18	active		a25ae7fc40a3f03a57f8f88a9e09bc7b61026c307638793551568d0bc846d931	2026-09-29
matys	matys	2026-09-18	active		b1c96280196581af3450f2a33586d3ea9a9fd45df804a451d5bf8e8c68efe7f8	2026-09-29
maund	maund	2026-09-18	active		2603379938360925bdec6942e53f6230f8446361fdfdbbb1cb5c18c4b584678f	2026-10-03
meal	meal	2026-09-18	active		50e7b7a17f608f2bbbc1e57385b161becb88eeef050a5a6c473f87433c7c1748	2026-10-03
measure	measure	2026-09-18	active		dd33802e52ceeeac5184629bf3567742ef60fee465e85b2c6dab8d9609139768	2026-09-29
meat	meat	2026-09-18	active		4b5fe7286d25c86556f45c52345f3a38a5d3f0c43a4808c1a63f1eadb86e6dae	2026-10-03
mece	mece	2026-09-18	active		4844cf714f4715a265fedb71c0b1e7d748e39afc8a0a9029cfebcb2440306a16	2026-09-29
mede	mede	2026-09-18	active		f0c815af8233e577f31c36ca68331c39d626d10a6f32953c556bc1c994e6766b	2026-09-29
medlar	medlar	2026-09-18	active		f6c425f9bae0873e955030e5b10df6815cd624e88951a6779f5217fcc3c626f1	2026-09-29
medle-garn	medle garn	2026-09-18	active		11d50fecbea4c580790c1980118f62127e4e1abde0e8b719c663388ab4af0838	2026-09-29
melting-pot	melting pot	2026-09-18	active		1479eca7d3c908fb22dabc2ba5b7a5c783bb6b3d528b221ed7aaa471507b5de7	2026-09-29
melyng-niger	melyng niger	2026-09-18	active		7a9d5d291e8256d87d54ccdddbe5868756fba0ac54c74d1e3d2cee64db70877f	2026-09-29
menever	menever	2026-09-18	active		66151c46dd155262fa0ad9d349c343314465d1f704c77f0abbc0e1642d0ac49b	2026-09-29
mercery	mercery	2026-09-18	active		f4a95f5d6b1cba35de021226e5512ebdc6310becd469a9d48fcbf0f32199bbe9	2026-09-29
mercimonia-minuta	mercimonia minuta	2026-09-18	active		128faa61820200bfd6551834c083e26dda73dffdd1e1cd98063ed24fd00632ea	2026-09-29
mercuric-chloride	mercuric chloride	2026-09-18	active		d435d1f9009c67a426029e7fb82d14f6d17a6aa8860f52e4f106e482f348f5db	2026-09-29
meremium	meremium	2026-09-18	active		86feca1006830d2528c72c1229b6e0827c3e633052944695bf5e225460167d5e	2026-09-29
merling	merling	2026-09-18	active		fb3b1919ddb3bce58d2f62d7c51050ea83071c670a8460896353036135a69eb7	2026-09-29
mesane	mesane	2026-09-18	active		06dec924495ee516048e98cd8e5d39bab7776469dcacd7a6ea7d0666e84cd3a2	2026-09-29
messing-plate	messing plate	2026-09-18	active		5a3e47da1f1c1667a664733c1d6650cd22f6451edc276a08ccfd0203fcfc6b17	2026-09-29
metal	metal	2026-09-18	active		159d8b719332b8b5ddef4b35f77fd71e1d092b9f6645c5b26b65d8cbdd1d8cd1	2026-10-03
meyse	meyse	2026-09-18	active		85470c2883d881e6f2f56243e8c05339869203073af07dcb40c4121ca9b6efae	2026-09-29
midde	midde	2026-09-18	active		4e4e089ae23a19755623a7f261f25cb75cab4a2f23aa04bb6e8ffa3d6ac0917c	2026-09-29
middelwolle	middelwolle	2026-09-18	active		c7a3d04fffccda901a01ba2cd70806c6c4fc052d427b521915b8af57195facd9	2026-09-29
middilhorn	middilhorn	2026-09-18	active		917523b55e8f9bda900d94a12edcbcc0c9f21a602f68fb67d749dd0633c5e6d1	2026-09-29
middle-eel	middle eel	2026-09-18	active		85234cfc0e709c7b5515fe80ced7d7cc000db2a125535da1a0f117252bad0495	2026-09-29
middlegood	middlegood	2026-09-18	active		1317fc89d614e4063352188ca1f5d0a0079af74235a68c8e601f41323998231b	2026-09-29
mideltille	mideltille	2026-09-18	active		28ebf0cb3cb3384ffbd9072cb2ec36ac29e7e71183a95fa7d9726c54366f769a	2026-09-29
milan-cap	milan cap	2026-09-18	active		9b180fc149d9f3a0f15f0386aa85e3a2fb2702bbe328fb75763fad8ab6ffce71	2026-09-29
millene-gold	millene gold	2026-09-18	active		f0b4e7b284ee9c4e0087d199ce6f461977bacba73ff587d1f26c788912a63f71	2026-09-29
millstone	millstone	2026-09-18	active		2c97c71380d59eea58dab7ad3d79e4e7994ea265c380b376ab24be6a6d284819	2026-10-03
minikin	minikin	2026-09-18	active		adfb0b537041fb6ae3acfb3600bcc331428cbe23320973feff6bc44f38f120cd	2026-09-29
minsters	minsters	2026-09-18	active		e38e6c2d87aa30ab5e3eceb85a036807dc49cade0f18704115179d7e6465accf	2026-09-29
mirrour	mirrour	2026-09-18	active		7d294805524079cddd4bf081b1d1d65c236b38da99609a9d50411d83d5742580	2026-09-29
missal	missal	2026-09-18	active		90c73178fba328d10f222158b2f1893432e5bb3ceec540dcdd4248d8e28bf4ba	2026-09-29
mistelle	mistelle	2026-09-18	active		d594d17db6fd58769f77e957d1b944694fc2b50db4f0be6d44d00bcdb91856a0	2026-09-29
mithridate	mithridate	2026-09-18	active		a00e0ccc37cb879663733ea2afdc6a1c9a09cefba22f3e9b1b29ec46e26a37ac	2026-09-29
mittes	mittes	2026-09-18	active		142fa3958c190a81473a6639121e14dd2a06fb708db662cf5b00488de1980043	2026-09-29
mockado	mockado	2026-09-18	active		338de1cf0cf8ae5293b9ffa72478e06f37ed2748d5e772bd6dc98087ac9c5d44	2026-09-29
mokares	mokares	2026-09-18	active		83b82043322e0302b10c89d03bee203ed075009850dae173eda9b8959f92dee9	2026-10-03
molasses	molasses	2026-09-18	active		2be1f74946d5f5b5362e163c4aa0db187198cfcad3289b0ab16b1022b2afac77	2026-09-29
mome	mome	2026-09-18	active		829efa2bda7ef478ed596b1adb2b9838b680bcbcdba40d81191fedfc2ba182b0	2026-09-29
morion	morion	2026-09-18	active		b75131033ba2c0a22189b56b907d4705267b3dad9ae4b6aaf265fa6ff11dd58c	2026-09-29
morkin	morkin	2026-09-18	active		8f311b395f90bbb815d2ba9e4e65873895e9bd963a708a5c4b10abd8dc12849d	2026-09-29
morris-pike	morris-pike	2026-09-18	active		cea62f877de0f70a4a5476c08bf11c1dee8b9f0a1372b0d7d585c46d72fafa4c	2026-10-03
mortar	mortar	2026-09-18	active		6817e346a3f9fa04afede1e8b91b7d0bfdb93bbc858476464d006c6438fac041	2026-09-29
morten	morten	2026-09-18	active		5f3f16da74d9d748e31f850f9408d7421f653c3eecaa52f21f78cc33128eac95	2026-09-29
moryng	moryng	2026-09-18	active		09a22688dc5053483af4c767dfbe21fb9505df17f3e0139b1730fbc688fbb8e1	2026-09-29
mosse	mosse	2026-09-18	active		6e20ec970ad49389b6bb0ee1bbef1ef60ddf75db32015f32d126de9443f53ced	2026-09-29
motey	motey	2026-09-18	active		bcf5a658f0e10e5348b1f3a4f4438b90fe13f109d11d1b148ecc3635e7faca4d	2026-09-29
motley	motley	2026-09-18	active		67c489a9a51491c14e737f4d778563c7e50cbeeab9d94ce9240e274fad7299e8	2026-09-29
mould	mould	2026-09-18	active		4a8e64aa8f23967cd95353e1205e4922a5e9f482e6cfd0fbbad6c6b2528a4484	2026-09-29
mouse-fur	mouse fur	2026-09-18	active		5ed4479402963ddc04902dfd7740726eacadd86b8e2551baf86cc2da5387e5b7	2026-09-29
mouse-trap	mouse trap	2026-09-18	active		6e5243bdc98ab9fd34f86ec8fcb1bf02f4e57ddd26bbf7550df857cc09f8364c	2026-09-29
mownt	mownt	2026-09-18	active		e75f7fae951bb6e994b2eda5d322094bff308b86d9ee0b377eec510b90a1137a	2026-09-29
mowntayn	mowntayn	2026-09-18	active		1ff2e49bc6c8e1994e7918a96f5b0e7b0f4e120117a31cd8e03ec0211fa84d07	2026-10-03
moy	moy	2026-09-18	active		00b3cbb2fa4438d51289063d82233cc4f5f0023142f405d2bf959b957530db47	2026-09-29
muckender	muckender	2026-09-18	active		2606500be427d2b02acdca4b4ffe89f59a49124f3f45bd99bf03d05271650a6a	2026-09-29
muddell	muddell	2026-09-18	active		259b2b51eafdaaebe5848b902b7b8bb14f926be5b54feebbb1b8928a8c4aa68d	2026-09-29
mudfish	mudfish	2026-09-18	active		0670578010ef20b68ded1bd4b0f86044d86631b3c02d9e460cad7595667d8af3	2026-09-29
muid	muid	2026-09-18	active		49d17ddd1b1a00646f8ac95deceaf28cfd7422eb1d91ef46b1763d385f1044d9	2026-09-29
mull	mull	2026-09-18	active		ba236d1e7b96b7f5824818048f4fa6f37b83c09f9f928a7abc78d3e3fa7a59b9	2026-10-03
mull-madder	mull madder	2026-09-18	active		f9b2fb6dca5773d88e8bd5c3de6ebc07965dcedad96b85150b4b680c8a19112a	2026-09-29
mullen	mullen	2026-09-18	active		c2ffed3e9920327254cf5d2125ab71e63efe57ef4ba6d2443814bdcd331ae14e	2026-09-29
mummie	mummie	2026-09-18	active		0dd84a5e9ee5095bf7ed025abdf6920ec5731eb39d41fa189ecfc0c523589509	2026-09-29
mureligus	mureligus	2026-09-18	active		53ad8ed34b5cdfee2e93561e2ae9ec8fdbe42bc0d22adbd6e9ccb4cc9f6bd3db	2026-09-29
murena	murena	2026-09-18	active		1f7db71daf149ef16937e89c1435e558aed6978b94aa2b5f87e61fede521d034	2026-09-29
murra	murra	2026-09-18	active		70e8b3d5fff1976863c4fb10b5fb07b277ca0f653b4d67d8b426345ead6a3ee1	2026-09-29
murrey	murrey	2026-09-18	active		c9b4f441fd1d40f72e8059cf024cd03610fc9871c68f73c90dfef9becdf707da	2026-09-29
murure	murure	2026-09-18	active		8fa01ce59f5e0b9027ac5c0be1efafac28a8f7b20d6deddebeda9f47ef71721f	2026-09-29
musball-2	musball_2	2026-09-18	active		925bb0376d9c24ca3e2cf6568fa126076048d31730ea8c2bbb78a39d0279280d	2026-09-29
musk	musk	2026-09-18	active		bb033fd4f066cbd92d52847aa6288b2fab0e62bb3941d74616e4d8fa1cbee531	2026-09-29
musk-box	musk box	2026-09-18	active		885ea7aa9e4995ea6a534d54e0401f05e8166565bd9862ddcfc91109b4e5a21b	2026-09-29
muskball	muskball	2026-09-18	active		b4a055ebcfb4d69ee908469e7ab49809f609d75da736e3dccf92f3108cf5129e	2026-09-29
mustard	mustard	2026-09-18	active		15e00ff7d995b89be98fe706827bc389a9e168fa6e49ed0aaca2f9b9fc091824	2026-09-29
mustard-quern	mustard quern	2026-09-18	active		432cd2ba9d7f7c7632dcc7fefb5487c62d612d73112d53e7bd75dd7b2c17018b	2026-09-29
mustard-seed	mustard seed	2026-09-18	active		29e1ead8fda17e1177e9e368271908a894becab25544152b29a154b993d96801	2026-10-03
mycamble	mycamble	2026-09-18	active		66a5b1b2149d4316055e3829766509b8d8697b175ea40e79e5ced9ccd4ac23b3	2026-09-29
mynk	mynk	2026-09-18	active		7828330ff04ad55b4036ed7f6b1dc06aa632686195c310570c8fa8db729c0ad4	2026-10-03
mynydone	mynydone	2026-09-18	active		7ad18b37f1eb9e0c25eff5cd872c65e3335c3b64cc0627178a8f99381b98d69f	2026-09-29
myrobalanen	myrobalanen	2026-09-18	active		a8c60ea4f878d7bcd8b7f2d90c8f163b5daaf41b17e8565a4b0103dc3ddc309b	2026-09-29
myrrh	myrrh	2026-09-18	active		932d9a051c8a779d6062fb932fdca8e283e8ad9c9f312672273227fa9954651c	2026-09-29
nail	nail	2026-09-18	active		5c4b399b9b981b9c5e9bea1403bb6ba3743abd326477da75bdd4f76277783833	2026-10-03
nale	nale	2026-09-18	active		04bef858703d715812fb0ef694bf9a4efd1f27c7d0c0168b870f5fb697a3f94c	2026-09-29
naperie	naperie	2026-09-18	active		183ad5fe90b2fde472c3d4a66c89660b7676643f97c0766dc3d0516ccbd17844	2026-10-03
napkin	napkin	2026-09-18	active		06dca3d79b190923a33553d1ed3962c9a91e05771b6a1d3aa19e4cb4dd071b5d	2026-10-03
naples	naples	2026-09-18	active		a9a92542cc53f8a88674341e72a6a579dbeb16b5b8df5d54cc06782bee0dea7f	2026-09-29
napron	napron	2026-09-18	active		26b48778d3721da5eabd735338e8e5862ad11d75571cd40f26f828448483f2e1	2026-09-29
narrowcloth	narrowcloth	2026-09-18	active		be331032516c83efbdaab13c634455cd7cf8e6151ebf830ea4b57679ba02ec41	2026-10-03
nauern-leges	nauern leges	2026-09-18	active		07002d9d982103012eaf4adfbd562a1f2051e9bd7f931e5568db631dca58d938	2026-09-29
nave	nave	2026-09-18	active		653b8f78f89a6cce95006ce2192045ca5734ac01092d1849a3db4704157e840b	2026-10-03
navet	navet	2026-09-18	active		93fafce67ee1d8dee8a76e73ab7cafb5f29b4fb57c05feff2b5b07305be4a59a	2026-09-29
needle	needle	2026-09-18	active		570dad8fd3e4a5eacceff45e67b6d3a60ae6dc9d24fa3f4dd9e519b64fb70863	2026-10-03
nest	nest	2026-09-18	active		3adf287db6ca61fc0010be5b8f777078336774bf5996f0bdfa86fe4ca67beb8d	2026-10-03
net-horn	net horn	2026-09-18	active		97ee924b61bc4d71f34118eedc597f1f63d65021b3f202fa738785d74f0c66c6	2026-09-29
nette	nette	2026-09-18	active		e5dc663a3fb076d3b7e3df969087580b5f0b1a87b3beeadb35bb288814a8100f	2026-09-29
newberrye-whites	newberrye whites	2026-09-18	active		864f739679af36ae1ee6b2cb12d2c28c7f8d36bc6bd10ba4af6bbb9f90f0dbc6	2026-10-03
newland-fyshe	newland fyshe	2026-09-18	active		553ea10ace06900ab3b4945b26bf1cb25195cbf7b23f84fe5da6f80d24e2103c	2026-09-29
night-gown	night gown	2026-09-18	active		9a304ef9b7cad37d4676f6d68408b8c612a2478d3438859c0778743f3e5937af	2026-10-03
nightcap	nightcap	2026-09-18	active		c9e81561b2ed32b00ce3b12482017c6b06a2b17370c0ef2e4a294338959a42ba	2026-09-29
niperfeld	niperfeld	2026-09-18	active		4c36784fea0d4f27a6b1dd59f4185d5d766abd9f135bac106e9f3d369d93b0a8	2026-10-03
nippers	nippers	2026-09-18	active		5a75b8538c885aef4f8b566bb0c5c5f98464644a119013d11716ea963bfae73c	2026-09-29
nist	nist	2026-09-18	active		d0627f74276dd53dec5e8fd29c5f74f1557a474a3c8b6aeba54af4e4b82c6e01	2026-09-29
nisus	nisus	2026-09-18	active		ce0a3ba7f4e8746d8f2a34800b332a737ba736c97b827278f09deaa22ebd1c59	2026-10-03
nivelles	nivelles	2026-09-18	active		9a413008c8952bd02b1781d1af23c2f30252aaaf51077ec0eb3278db1283a6c3	2026-10-03
nodc	nodc’	2026-09-18	active		91778906e037045686a1ae0c880dc6e6c431db3dc758ae5f832bb12b63c2d25f	2026-09-29
nonacille	nonacille	2026-09-18	active		9f2e5dd76bb5cc4d93149fedb9d48535e3d07b3817d48405f095dd215a8f22a6	2026-09-29
northern	northern	2026-09-18	active		90e6f6511913af8400808d1c3ed171520483bee6abba2b9ac31d3a5e5f16cef7	2026-10-03
nubs-of-silk	nubs of silk	2026-09-18	active		ce8b17acf8a439a094b010b5f84d476bc385cffb159b7b4bcd60df264633e3c7	2026-10-03
nullas	nullas	2026-09-18	active		0a945ccfe6d06e0579cda25be92881de09d33b6eb321d2a127548b3db5b46c69	2026-10-03
nut	nut	2026-09-18	active		4608f95673df2c5328fca1ed984243e9a403dc7b37a1f09245eabcd587632544	2026-10-03
nut-tree-wood	nut-tree wood	2026-09-18	active		0df133192b5606dece5a9d86f7758a2570ced05426d0c727b2fea8c81911c0c1	2026-09-29
nutcracker	nutcracker	2026-09-18	active		27c7afa027fdcdada7fff0659f6ce2481cc29c94b344d44e3bf380d08515ba8a	2026-09-29
nutcracker-2	nutcracker_2	2026-09-18	active		f17f562cb7cd470ab0493227920855a29129a033431d3aefcd6834a2afd6c85f	2026-09-29
nutmeg	nutmeg	2026-09-18	active		a4c6950dadb4a16dabd4b86d52d4946e29bedf2cf51761e939f2bb894f1b3b27	2026-10-03
nuttes	nuttes	2026-09-18	active		4aee6097086c5f3d4cceb187f7a43c9d4353d4e06e04804dbddfd315b99eb7af	2026-09-29
nux-vomica	nux vomica	2026-09-18	active		e62a6d17051a88c2b257f3c38747c19a4bc05371f18bc6c85485fb623c87b112	2026-09-29
nyfle	nyfle	2026-09-18	active		5e97653dfd3cfda344b9e641251a24a4214882cd28cd4f1921f4a9c3a418a961	2026-09-29
nyght-coyve	nyght coyve	2026-09-18	active		421f10b89834caa3eae4d927ff12507beb3ce335c95d37f8ca331dfe9c6b1430	2026-09-29
oakum	oakum	2026-09-18	active		f8f301c097cf0961255489708147c3a0fc2a5b61fb3ab814e54bd702ca7eab97	2026-10-03
oar	oar	2026-09-18	active		c28316668306d989d7556b49ce3555e727b61f3b1586f25f126c139f984c92b1	2026-10-03
oatmeal	oatmeal	2026-09-18	active		74ab530bee1388dacdab6d062ccb199121e780769f02b507cffdd63d50c8590e	2026-09-29
oats	oats	2026-09-18	active		167ed4a232bbf6934d1949a3632d41420663fcd784e72ad3328358a749def761	2026-10-03
obba	obba	2026-09-18	active		b3ad3eab6bdd2d3d82b4fc9b04e7abc1967ca1965350b4901a19073d3edb08d2	2026-09-29
obley	obley	2026-09-18	active		447dff51d53654e244fa1034eac57671b290e570cb05f58edd8984d76a3a7fa1	2026-09-29
ocakan	ocakan	2026-09-18	active		cd9c0ada230cab386d31a967eb5b8e4bc704165fd1d1553dcf5bb0d22147fabc	2026-09-29
ochre	ochre	2026-09-18	active		e41343ac3b383f894d479d50c807423ee44f8eedce64e3d6d72e514588038a44	2026-09-29
ocrum	ocrum	2026-09-18	active		5fe0c9709f027520a8312917d714ee0fd41225da8f662c0b44132002852dada8	2026-09-29
odmette	odmette	2026-09-18	active		d576f1e5d39a7ff29fb2c9ade9ab2993cb3ad4da6bfc380ccf1ce3afb452504b	2026-09-29
odners-clothe	odners clothe	2026-09-18	active		87d4baf1b8491710f30245fbee05bbe4ba3a167c95879d95034a82ff38906634	2026-09-29
oil	oil	2026-09-18	active		8832c18acf407fb248225c21331bd748f5796e6a137e72404c6a1cef3c5e8efa	2026-10-03
oil-of-mace	oil of mace	2026-09-18	active		d3b63e71424bdcfa1b531a7cfa22a4d7db956a29fcd3738b388ef289714c6b53	2026-09-29
ointment	ointment	2026-09-18	active		a47ff1023c8e56dafc2744e0336c1570597bda03b36183ec4ea07f0a6d4df30e	2026-09-29
oldrams-cloth	oldrams cloth	2026-09-18	active		da858ecd34ff8d160684ece02ecc71606fde292463af91d1b0ae68c3b86db67f	2026-09-29
oleron	oleron	2026-09-18	active		85c4dcf2343eec96fff787dd658b8fafba0287aab279716c0019fbb1500e3b3b	2026-10-03
olibanorum	olibanorum	2026-09-18	active		1310e49b1951f02151e15d6a670a5146dd960d1ae09f8e06237922a50a2ff7d3	2026-09-29
olive	olive	2026-09-18	active		88f1c04d0d585a5aba9271e80744064e37e7a7f39f46f942862e387705e8f4fb	2026-10-03
olle	olle	2026-09-18	active		89c662f9fa0d731f315b06d5b17d0117cabb3389f4e221a21a80546f9768d479	2026-10-03
onion	onion	2026-09-18	active		0a46d90a1bbe7ca8c0ef10d3d67f377d18af9cb054b6b47abf6c58d14765b439	2026-10-03
onion-seed	onion seed	2026-09-18	active		130cbcfb1f3144c4ce6280376a7506ce6d45d52ad6f161a85d70a56dc2945b5c	2026-10-03
oper-gold	oper gold	2026-09-18	active		afbceb9b3db5085bfe6fceb57c456ef96b59e1de53d68a1b177432c83c3d14fc	2026-09-29
opporis	opporis	2026-09-18	active		b283eb5c9b517893e32f5b3e216eed554c3438e98d1871d9bcc1ed5bae31c8c7	2026-09-29
orange	orange	2026-09-18	active		0da2902c5cedb57795884f966cb25739f095648d3b2503bca6d69e8494814af9	2026-10-03
orangeado	orangeado	2026-09-18	active		b4667f788e6462f432c9ff85d1755fa4a9889ec2e1f4df20e9d1419030f69a22	2026-09-29
orcanet	orcanet	2026-09-18	active		0c4c177ea81209de05846cb25ac3ad5c36b51c2f63a37bb3b282d6b80f8c954c	2026-09-29
orchil	orchil	2026-09-18	active		d3638c28a3cb15761676438e7e3ba165a3bd37c848f728e04a364b84df5021ff	2026-10-03
oreholte	oreholte	2026-09-18	active		b6a77eced64b48b569c3a6af3cc6a839a5f80adc06723f255bcc55ee48bb1d72	2026-09-29
oreshaft	oreshaft	2026-09-18	active		f7d800b4ec67bd89e189de67c6605635531127ff21168f285faa7c22507bb55d	2026-09-29
orfrei	orfrei	2026-09-18	active		9295299ee02c8fadd1b01d706b658c48ecdf72210251e5020ef80f151f87c718	2026-09-29
orgament	orgament	2026-09-18	active		dc11db55b236f779c89d50aa4c01d7d6f1537ce76a29dd7d562a61f4197e41a5	2026-09-29
organs	organs	2026-09-18	active		7a39724f34ba382482d4d232a78d24a23d16608f9ef02e60d6e072d414b5615d	2026-09-29
orgoni	orgoni	2026-09-18	active		7f1a99892d13ca9fc7f89c61e8fdee14e4ddf7846f3885f4fa7a293a1180206c	2026-09-29
orgylle	orgylle	2026-09-18	active		ac8c234d5c4823a8e2833da4de67bfb952eb4c66cfb15d8e6a630500bd57b34e	2026-09-29
orientalle	orientalle	2026-09-18	active		146711c434595463e8b0b2a9db3020d21a2d02f4b47f761bb43c89ea798419bf	2026-09-29
orious	orious	2026-09-18	active		2976538040b3a3849556d21e1b2fcfd6883e0d88dfac1fe1c7d0361aef42a961	2026-09-29
ornset	ornset	2026-09-18	active		30e8589870de7cdee0e88d76cdca9388734930eec973213f01a54b1100079cc7	2026-09-29
orpiment	orpiment	2026-09-18	active		0e12c8cd3953d32c108924838c65fcf0fd148317e10e8c2649e6c6071de9c9b0	2026-09-29
orpnett	orpnett	2026-09-18	active		60a6247e72a9fc891566e1bd806e1407226a422c45e5be9a8977c91df893583a	2026-09-29
orrwiltt	orrwiltt	2026-09-18	active		0b0a39203d6574e2be792faaf5e66c6029dacacee6db20d56b9e35d031bfefd4	2026-09-29
orseret	orseret	2026-09-18	active		26ce8d14c486b3151a8227d72c24e2e8b1c5fd663941baee45e8c83442c8f90e	2026-09-29
orsidue	orsidue	2026-09-18	active		b7ed2ac3e389d714eaf1b1e53f46ea26e58c6484e2eaebf8d0ad3cc2d524641b	2026-10-03
oryngebed	oryngebed	2026-09-18	active		198491388e40ef321f000b0273968f2a1e4fa677083d9a0ecb840d59a454a62b	2026-09-29
os-de-corde-cervi	os de corde cervi	2026-09-18	active		9a871c7c856291a900973ccac6e974daf56d2a12acab524aeb4fd1dd93a2d859	2026-09-29
osbarnes	osbarnes	2026-09-18	active		9ec9465aa05970060a9f131c05a6bc50516a2f83bf92bc4e0e88575ddb8fc93c	2026-09-29
osefatte	osefatte	2026-09-18	active		d23dc77cbc05def237a5ddf998f0d702639bf5d1d5ca73cfec18df4a14dcb390	2026-09-29
osier-rods	osier rods	2026-09-18	active		0864dbd589ed57d81cdf9a7502253d70feb24902e99d4ac638fc3caf94f68d67	2026-09-29
osmund	osmund	2026-09-18	active		b20581397ea90586a3e4b4c891cb5bcba7166297cfd0284bdc5c117103df4060	2026-10-03
osnaburg	osnaburg	2026-09-18	active		02f48cf6e462f45bbb361cd22175902f69985ec24fef17f69fc0db5d1ff7cbf0	2026-10-03
otter	otter	2026-09-18	active		c0c5adafcca8fa66ab9956b98e1a3e7546507b018f5f9f7de2c2ad8e31361a9d	2026-09-29
ouche	ouche	2026-09-18	active		5b9f8887a467c00be7be39b70cf7acac1efa68e5cabc4b70fc213054923fb758	2026-09-29
ounce	ounce	2026-09-18	active		e69d8e9d3db0dbeaafb4ed1b60cdacd8b2758cc84075b463a3a2b949e8bc05da	2026-09-29
ounce-balaunce	ounce balaunce	2026-09-18	active		7b6a83d1d0978ca1c73597240d409df778524c56c14626ef449163a435105f5b	2026-09-29
oveyn	oveyn	2026-09-18	active		c9356591f4f451642bd6e2f41df91abf2c1a432c46088bfe86a532f7fa4f1e30	2026-09-29
ox	ox	2026-09-18	active		bd462d532dd56dac6302b1c97162dc52bfb051322b5ecde6c2aba924e9f0efe1	2026-10-03
ox-head	ox head	2026-09-18	active		89af2b19d8d453cc9ff3126d8abbb984f43ac1bf60a970bb3e48c826d425c479	2026-09-29
ox-horn	ox horn	2026-09-18	active		fab52c8baa13d94ac9215c246f54664de490c722e1dbfb2c2a00a13eab625958	2026-09-29
ox-meat	ox-meat	2026-09-18	active		e860df95f66a8a456c03210d76a149b171ac5898f5467178a4d4819859846920	2026-09-29
ox-sinew	ox sinew	2026-09-18	active		2889ad06ac7876af4bfc9bf27a0e433814904101a0f76002200e75eb76c33f11	2026-09-29
pack	pack	2026-09-18	active		ad25ac87dd2c1caaf0717a6bd4c75f8dbaadc4a178f2c72c13f4a31e24f4e71b	2026-10-03
pack-needle	pack needle	2026-09-18	active		60fe26a3e9f090dd27cc2c3b225166953ab3d52fdb5a1af5d0978dea031f864d	2026-09-29
pack-rope	pack rope	2026-09-18	active		aaac81b52009c8d2800029baa7a8fa1a5cb7ed59be2e67f74f57a40540ba291b	2026-09-29
packduck	packduck	2026-09-18	active		31497cf95446436532bcd62bd5d45ecb3072371bfac8a19cb4874f9fad1bfd3e	2026-09-29
packet	packet	2026-09-18	active		478b7b073e4a9c5bb19c1a1c13bdfd8396b0476e1c015a649df66a179380c1f6	2026-09-29
packing	packing	2026-09-18	active		57e6589e83ca332efaebb298f4d271e5a64ad060132cf46bf1aac31a33d1ba1a	2026-09-29
packing-sheet	packing sheet	2026-09-18	active		5b48b2175d0f1847751da0b1d015b5198ebe8bf7813da4fdff7eabec255eb1bf	2026-09-29
packthread-bottom	packthread bottom	2026-09-18	active		fafe35dfa5c7029db4e98d899673d1d1d9d656dc61d10d4bdd09638237712f9a	2026-09-29
packthrede	packthrede	2026-09-18	active		21a7bbab05adcbeefc5b800e912e069966b0b3f8074de6f4465a1b9f229dfe00	2026-10-03
padlock	padlock	2026-09-18	active		7d88572a608bbcc0a5910db020a6d617f8a6df03500acd24a57220d35704e5ea	2026-09-29
pagan	pagan'	2026-09-18	active		36b150653bb6ff1b8221970c41a4552a1672b3dbcdb8c4ac872630f5975fd13c	2026-09-29
pail	pail	2026-09-18	active		1bf26300a6e21b4ec67cab1c7b5406bec4c89bcf5228b8d7e03f0ec84be6ac33	2026-09-29
painted-glass	painted glass	2026-09-18	active		de4a6870e55c1a2b63dbbaeb58d620fc47205947a8e19841146b9751f74b3637	2026-09-29
painted-paper	painted paper	2026-09-18	active		7b588af6f47de569b806e4f342a218bbb71bcd8bfa0673587526313d43c24da6	2026-09-29
pair	pair	2026-09-18	active		243fe5c6a45193014a02f5b929191f262b22c951e0c16de98be9b73c7be86ac6	2026-10-03
pal	pal	2026-09-18	active		0cfd7abafb76cdb24edc6741cfbd350bb6f913d5bc9208d71000584b2c941720	2026-09-29
palat-serici	palat serici	2026-09-18	active		4b4127527d40d1beb9aed65ec0eff1a4d4ff8b01db83aa468977021f4d4fb830	2026-09-29
palette	palette	2026-09-18	active		8c99f5643a1ee5dad219efef5b8282f15a4772b9050c1935400527cbfe94f362	2026-09-29
palette-2	palette_2	2026-09-18	active		0dd1217980da0736e25a7bc9f483c31f898eabd10d2c482d1ac446b4a114623f	2026-09-29
paltock	paltock	2026-09-18	active		17e131b04f58b9afd2f7d2fbe877006e213de0d5a7a77fbfbbbcb270dce60519	2026-09-29
pampilion	pampilion	2026-09-18	active		dbf1f9b6d97c4dfaa8bec32ce919b229089b9f621b767aca39d65ee53b9fcf5d	2026-09-29
pan	pan	2026-09-18	active		ff42743e1f5aeff332201a688277f035d5ce0d73fae44770b948269155c940e5	2026-10-03
panax	panax	2026-09-18	active		6779cd65946d73184a29c9d252878a417d2a81f84b91972775e078153b99a88c	2026-09-29
panchere	panchere	2026-09-18	active		067770fcd9617812982eddb981146600fc0e1e380ec45072d5ad15188663fd78	2026-09-29
panches	panches	2026-09-18	active		01580e69f6d019c7027cfa4c85faf5b4af8b02728f18046cf5aad75aa6fa1d73	2026-09-29
pane	pane	2026-09-18	active		8e9723e90446e621911e9f486521fa51f413acd6c1111aa674695c4bf6f6dbf7	2026-09-29
panel	panel	2026-09-18	active		778e94b7556889b76201c3c004a0de99e6561a598f2d19633c7c1d07d122c779	2026-09-29
panellus	panellus	2026-09-18	active		80196e45ddbaa557c939b2a71aa4c5a0ac9f601a71b5d36283b28b406098064a	2026-09-29
panier	panier	2026-09-18	active		cf194f8ea71aea6ce67f85fad11ef39c9a0589ca2a391c34afc2a72d23c70b3b	2026-10-03
panis	panis	2026-09-18	active		8234addc4023b5cc7c3812a516694ec519e33b78ee1e94d22317c8d8cac99b07	2026-09-29
pann	pann’	2026-09-18	active		2c86e08be0f180246b8556844ee22eb7929c1b6d8ab9dc68e0d5e29a0ce7851d	2026-09-29
pannell	pannell	2026-09-18	active		7369cb294eecfa24b27f7e08b2824a59dbe56a2d604fe71f980697b5b142b480	2026-09-29
pantelette-2	pantelette_2	2026-09-18	active		13627b5579f66a9038c458bcbbc6800c0fe1dd767858680a538018a067b2be13	2026-09-29
papelot	papelot	2026-09-18	active		502ec645d74c2801dcd33e003bbd60ed152116d41ecfb6568f4a010e16e21ca1	2026-09-29
paper	paper	2026-09-18	active		d25afbbfa7feba3ff27319e5f7a4fce9559c0253c6ed83e1b8d68a25bf4e1aba	2026-10-03
paper-measure	paper (measure)	2026-09-18	active		7047568b9f4926f752dc9d5d3c3f4568e6f5a2499f6958734c4006d2e607be5d	2026-10-03
papez	papez	2026-09-18	active		311120beecb24fa657cd7e63cc4cb5fdde97dbc3196b4a4535cbaa3d76fa8b94	2026-09-29
pappannys	pappannys	2026-09-18	active		c7fc55a6219293db4a6d79a3efbe08d3f362d5065aeb39afc7a75790670df477	2026-09-29
papyn	papyn	2026-09-18	active		b24e2dc8e82ed9da57d5011ddab2daeea321cd0d0ae8197de343d0f87e4d4809	2026-09-29
parchment	parchment	2026-09-18	active		7c13a398b062542dab0dbe4dd7faa4840ad8584d27ef2ca61877101a747530c8	2026-10-03
park-worke	park worke	2026-09-18	active		bafdb47082fe568396e25341b537d9420cebf1c5b95fa71e6cf0d051affa9a2e	2026-09-29
parpes	parpes	2026-09-18	active		7c1ae5f3524c99e1101931274100bb176a3579e07d92633053e3eeb81f8f47b4	2026-09-29
partelette	partelette	2026-09-18	active		38bdb56460107dd7b2a74bfcc65f2a376a9d6ba2f8a9bb4d0757330c3671aa26	2026-09-29
partisan	partisan	2026-09-18	active		152be7cf874471ead66111e4f4014f4edd8e6126f021c7fd8c363bda6f0f9049	2026-10-03
parys	parys	2026-09-18	active		82183265480494460272172942297982e7880bb14e7438377fdcf9dba2fdd5b2	2026-10-03
passement	passement	2026-09-18	active		c083a43af165cce6a9cbea7944247fca1f518fe0dbc09498115bcbeeefde2afa	2026-10-03
passion-book	passion book	2026-09-18	active		1b55a002aed214d15eb9bfc15b580cf96b5cc412ba2a83b0840d00b077708ba4	2026-09-29
paste-board	paste board	2026-09-18	active		115cf0d840f584b9937c26caeb1f0bca2bd697d25e202865362401711d5f8e8e	2026-09-29
pastre-pares	pastre pares	2026-09-18	active		5701047b80e2ff14fcf08cfe1041c33b9ce8deab7b26b6ff327e525ed9182360	2026-09-29
patene-nayle	patene nayle	2026-09-18	active		527147f4ba8dbd49b4ab4d4af9a001e458a31710aa31da3b41f21c5b44a893b2	2026-09-29
paternoster	paternoster	2026-09-18	active		f3cc9e45637d86fe4bf1e82e36ce2353994c1a7f138fa2dcd60980726e672d13	2026-09-29
patinholt	patinholt	2026-09-18	active		eb2baa787de49f486866a969e0b1464014abfa3e6ce93d6d39cebacafdfacefc	2026-09-29
pattens	pattens	2026-09-18	active		1d10253d7a0a7d36911bb765949c87bb2de1458c78566e80b5ab74c00e95634c	2026-10-03
patyngale	patyngale	2026-09-18	active		808687b5f437758416715c7eaf00f5f6c9cb0e4de200c5ef4fbcbe2128bcccaf	2026-09-29
patyntree	patyntree	2026-09-18	active		7f3167358bee4617b51a6d8b2a961b90b78c060c896a936929db6ce2a2c85c26	2026-09-29
paukener	paukener	2026-09-18	active		79a623218d9c948a53a2c55c228a3c7a6c4a5e882ae818569642c450db4c4604	2026-09-29
paunche	paunche	2026-09-18	active		80edb0505a62a371f5b7d1361dc2c3163bf82e43a0473c5685aa7338e3af8ac8	2026-09-29
pauntener	pauntener	2026-09-18	active		d8b978300ef7330c4c2a1914f7709cf812bf2a0dab7668701a7fa337b8183655	2026-10-03
pavilion	pavilion	2026-09-18	active		641646d0e53029c2ad3b449e765e19569ae7819539fb30fb32f91c4adc180bf9	2026-09-29
paving-stone	paving stone	2026-09-18	active		1bd49a0404edfee33b2d479bb25f1244d6f5a83e03e50a27dc7a23cbe9ac67aa	2026-10-03
paving-tile	paving tile	2026-09-18	active		66b3109f3a14bb448e961c55b604188fe12b6b32ee756d6311246acb61a46a03	2026-10-03
pavise	pavise	2026-09-18	active		6c2152c161af0af9f7275983178a421b1d8b9bc33834c243a02bdec7089402b4	2026-09-29
pax	pax	2026-09-18	active		88aa6f7354de97bc8724fdf3a750583aa4c67432d3c28aaa9eeae803285f7b48	2026-10-03
paynt-dyshes	paynt dyshes	2026-09-18	active		1a396bb641109758b1193204b37c616c1827cb17251cdb6dbb52c6aeddeddd00	2026-10-03
paynters-oyle	paynters oyle	2026-09-18	active		d53a508c8fc0ddbfd9c23cd9deeb6eab1d63caa9161da9c7b77a278206a9820d	2026-09-29
pea	pea	2026-09-18	active		b978e139e0748351a476a4b73af833feb1ee1716a97dbdd3b1fab5ac404f50a9	2026-09-29
pear	pear	2026-09-18	active		0df3e8fdc73b421866db95fe0a962419034c34d61f7b874caa13b29cb5a6d0d0	2026-10-03
pearl	pearl	2026-09-18	active		fe0bb96dcfb5e466cf425820068eb82492d9e469444be74b63c907674473154d	2026-09-29
peche	peche	2026-09-18	active		283a91fc2c1925a45ba57b2bd40f0da6055a38fc8a73698c15086dc9abfb2176	2026-09-29
pecia	pecia	2026-09-18	active		116d2e53a3d552c145874eda434173d140e81386f5be3ef45a37d9406c6d77d9	2026-10-03
pecten-2	pecten_2	2026-09-18	active		68d6df67eee4f762fdfbfce89ecae9fbff07ee7b7ceecc0b574a5d83f03849ac	2026-09-29
peintes	peintes	2026-09-18	active		79f319e36e10366e9ce5ab7ec3e3b40671b0440dd3b640e0f493881c1f3cd985	2026-09-29
pekerelle	pekerelle	2026-09-18	active		4c11d793355e1f05e4f3e5997117486e3588c1c2d5851518e2bb6b1388ca77c9	2026-10-03
pelette	pelette	2026-09-18	active		e8a82dd50d539b1c42b877aef70b242f986e1d1ef3e776f005d8bf8efc85aaea	2026-09-29
pelican	pelican	2026-09-18	active		866c2b2c4bf3d8f8bf7f9d083348737bf852088bd28c0f5a965feb25b70a1f8f	2026-10-03
pellis-pople	pellis pople	2026-09-18	active		8ff33d779df74429e7c0b4aa20586d9c25805df8167937ac8ea1acc7bdc54f34	2026-09-29
pelt	pelt	2026-09-18	active		44b31ba37fb3ac7471ed8cdcae27cd486242e9815aa34421fcf20d9667c3410b	2026-10-03
pen	pen	2026-09-18	active		1a93670b355d5695835250899d1154e3621aa5103087d582fa4b9708f69802ad	2026-09-29
pen-2	pen_2	2026-09-18	active		70abc4ad5f0b85466cb971b8693727acd74481dddee9209bead2ef9e1cb3785c	2026-09-29
pen-case	pen case	2026-09-18	active		f8e42fdb926e174c14100bf074d092b4459183edefc1a0527f85320f4351995c	2026-09-29
pen-knife	pen knife	2026-09-18	active		fd42a324ee04f2f904d5dcadab3a5d41b8349948b5dd34c11e40dfd57d03209c	2026-09-29
penartifices	penartifices	2026-09-18	active		191e40f87bd9c6de8831a9ebf9eb1448008afaa32d2b6e118b87908732737f83	2026-09-29
pendantes-argenti	pendantes argenti	2026-09-18	active		9227b0f2adb6362f0eb28aa1ef81217f97dd7624504fa1cfe385cb9b57af3265	2026-09-29
penistone	penistone	2026-09-18	active		bc1901583215ff7aa96bdee04a53583877bf9e7734919885d47d1453226e7cf9	2026-09-29
pennete	pennete	2026-09-18	active		1512f58c442e7a70892fcae8b88f678133731c271e09a40e6d7f8c060e518aa2	2026-09-29
pentice-cloth	pentice cloth	2026-09-18	active		b4508b3e63c80b265e7461c08f4e594e125505399f3589cb873750c1e6161a2a	2026-10-03
penwhite	penwhite	2026-09-18	active		947131db2c6c33bf0d9ecb1409bc70cfaf12ef81712382b66d3bf927c2f9f924	2026-10-03
peony	peony	2026-09-18	active		b3a04525771fcb3ffe240ead2d9a9413f339491700fcadf05276d83339301372	2026-09-29
peper	peper	2026-09-18	active		7200b9c6ae2d5d16db18c0d6cb75b80d4b5f087da968e5d106f2ff9e16c5e3a4	2026-10-03
pepper-box	pepper box	2026-09-18	active		f27ea11bf43cb59be3932e145cf83d1b44202560a2bfa7b2f830e8e886453574	2026-09-29
pepper-mill	pepper mill	2026-09-18	active		aab7523c4988404007583ac89e2720dac2deb10b525cef3ad21a91edc3948418	2026-09-29
pepper-quern	pepper quern	2026-09-18	active		b63b3c7015d1456aa55a4ea59bba0699b84a317f7302b5926c0f194a5b1a6598	2026-09-29
pere	pere	2026-09-18	active		017751e4c99714cca258691e02446178ad838cd2f38f008873e70103ae2806fc	2026-09-29
perfume	perfume	2026-09-18	active		d624b558bb5a3d946b78a31f80d117199fdf0a31c54bca8a4741455cf3fe7a61	2026-09-29
peri	peri	2026-09-18	active		4116914c45b5b9b7e212395dcf23a800b4566a575d705e6ddbdde85eb3931c99	2026-09-29
perlesins	perlesins	2026-09-18	active		646583b60012804456c30fcdaf197f5a9013884454eae729e9034c743b680ae3	2026-09-29
perrosin	perrosin	2026-09-18	active		beb1eedeaad54504642a1f8cdb6192bbcacbddbea772c68156df3fab7bca6dd5	2026-09-29
perry	perry	2026-09-18	active		cbbca0efb1052f26aeea61e2626a05b8c6df8ac61f5a5663e5084cbb653da4da	2026-09-29
pestle	pestle	2026-09-18	active		5cf55257a72ec0a3a02a6b0df960d890841d18412d17275336802fbd7e9ec3e7	2026-09-29
pesys	pesys	2026-09-18	active		9537092673f22282942018b314a73b7b6bc5ebcbe8bd8d52f7bb865d1d8bfb81	2026-09-29
petra	petra	2026-09-18	active		fb6800a37a8cd917bb19965fe145c68fed414f648a44496fab98a34b55b8775e	2026-09-29
petraria	petraria	2026-09-18	active		a831ff6b91c7181cecec9e50e7847ad4bf7cd09417109f1a9966bd0b30e1994b	2026-10-03
petre-glass	petre glass	2026-09-18	active		2c41ef9f16e87612d6c38082d99969cb44af9ff9d4969b521362640b0e619fa0	2026-09-29
petticoat	petticoat	2026-09-18	active		9d720b6095c973fbd1bd52eca82ab37918abedc76cc6e42f68e1f9925af015db	2026-10-03
pewter	pewter	2026-09-18	active		6b72accbe8440ea629969bb2a47d75ab3e3fa825956d121133350e223f11fcef	2026-10-03
peytral	peytral	2026-09-18	active		21626a47ce44afc8a7f412a47675651e204188a2fb839a66dbe4be582ac517a9	2026-09-29
pichelo	pichelo	2026-09-18	active		a8838681be725982151dab30cce31aaf016d9ca66a8b01f2c86baa1bb60b4084	2026-09-29
pictura	pictura	2026-09-18	active		39548662a72130bb169fc34a612e85ac5163dd84de31c6b635f621a25ab34776	2026-09-29
picture	picture	2026-09-18	active		6bac639fa9c853dfbac52cf172277cb345ffc5d2c51982bc617332b38b109d3b	2026-10-03
piercer	piercer	2026-09-18	active		53869eba50c485e6779eb6510b7b388fc8b69bac334e2ba727fc42d34280c0c5	2026-10-03
pig	pig	2026-09-18	active		cdb5785df7c6f3598c2d59b11e95d8993dca2b054d8ee651000f07c03f9dad2a	2026-09-29
pike	pike	2026-09-18	active		d40291ea0855f5436857a15caa91fb5ea14de10fdcca9ef0aa9d203c3f313e65	2026-10-03
pikestaff	pikestaff	2026-09-18	active		57e2421f579e158ff3452300a4ddf5b5acdd341e162ed6214e077b2a22e81423	2026-09-29
pilch	pilch	2026-09-18	active		bdc00ef1d0f206b536bb2fc9bd4dbfb1c3aefc943ddfece5f19d6d34c4844ebc	2026-09-29
pilchard	pilchard	2026-09-18	active		1ffd5e199de993e7e76104cbe769760104345223938d152bef5982d4d6b01a92	2026-09-29
piles	piles	2026-09-18	active		6c35f5c54d84820e33eec65761add1a56c57c53400bef00651de4bbbd2ca96c7	2026-09-29
pill-fishe	pill fishe	2026-09-18	active		b5fee0708f4de6fd2365113d29613a39d83e112cb50f20487710937a59366a94	2026-09-29
pillar	pillar	2026-09-18	active		0917779fd75e9e409227cd62a72913320d092a6732aae66df67bcb888fea5a93	2026-09-29
pillow	pillow	2026-09-18	active		f6fda787460223ad44f6bc4e462ee587a5f4bf81ff4d807c3bd75247dad39a71	2026-10-03
pillowcase	pillowcase	2026-09-18	active		dd7d564f8d9e7e2b3183e620ea7f6cca5b1cfbee1b0e5e06ef81a32e3f5cddcf	2026-09-29
pin	pin	2026-09-18	active		4175cd6be388e99d73415005d982d02316376393b7f988f2dbfea5514256e7de	2026-10-03
pin-case	pin case	2026-09-18	active		1a76cf7638ad6030de3ebf8a878b3cdc1313f05393d33548aca738e62ab9e382	2026-10-03
pincers	pincers	2026-09-18	active		40acec0e5be6649232e0942807a89e53e0d45e477dfcc414b3ee8b5199f2eae6	2026-09-29
pincherna	pincherna	2026-09-18	active		067d57101db4ab01614aa10733a4afabf557d300f73e37d377dd7e282da91bf7	2026-09-29
pincushion	pincushion	2026-09-18	active		d1b017d3607ea5ed99b7092b3f794e65177018bef667c35b364f5d48c673a362	2026-09-29
pine-nut	pine nut	2026-09-18	active		0310b91ca832683790ebee9fccd424359770d8bf4b54e2f3c69242ba1a03354b	2026-09-29
pinnacle	pinnacle	2026-09-18	active		e255fae04747121f0264d33164e9403c9ae7f7a0d4fd7fb7abab00a944bef762	2026-09-29
pint-pot	pint pot	2026-09-18	active		7e77f9fd34753e21d23970c3396e4417e24c1635930927be7b689df1035931fc	2026-09-29
pip	pip'	2026-09-18	active		27e93a90d095b17876ebad91fb1577459d834177153defbd047da65a50a48ce0	2026-09-29
pipe	pipe	2026-09-18	active		dc0044a8607e344760dd2e5d7823be3ed60747fadd3fd71cdc70c200929a6c85	2026-10-03
pipe-instrument	pipe (instrument)	2026-09-18	active		5a60843317698f21ce4a770007b20fdc4fd3fc16e85ceabab50ce3b76c69beb2	2026-10-03
pipe-weight	pipe (weight)	2026-09-18	active		b7234dbf90d39c033e76fa9e0ede4a861936c91ecfb476749fb7c6c6aa6ac945	2026-10-03
pippin	pippin	2026-09-18	active		1407290ed64316527eea1e5502d4552766cc7b7de4b9b716ca068113eca3bf2c	2026-09-29
pips	pips	2026-09-18	active		461410d40813c58785663ee9f0b39bfb2784eebacd9d3ca1361d2e3f01dd705a	2026-09-29
pipyde	pipyde	2026-09-18	active		700fba86147782acb559f8c9e4a378d013530b6e73af0b7c93baae72cd07aa64	2026-09-29
pisane	pisane	2026-09-18	active		171f607ba474d4c1a62070f3fd633ba83311d61d3abaed129c3d8741cafc2c79	2026-09-29
piscer	piscer’	2026-09-18	active		a6d730c432af3f8ed555737365f1751a00c94104da08be12624cfbf2bece1c45	2026-10-03
piseres	piseres	2026-09-18	active		ba8a616e1db0088729c0d727a3672f556ed99f885ea3e6fc42855b6ad4add702	2026-09-29
pistacio	pistacio	2026-09-18	active		ef7f291d0acd8430e76813475d1cd4b6ec841c824f3b7402b32c71e880023408	2026-09-29
pitch	pitch	2026-09-18	active		3a41bb81f62d724630d71feb1471c24064ffff1ee13aac1d2b97f44c62e982a2	2026-10-03
plaice	plaice	2026-09-18	active		f7e015fa0a4e347d8ada582cfd57ba3d3040b1f3ed9dcc3eb61f0a43d3423e06	2026-10-03
planing-iron	planing iron	2026-09-18	active		816b8473a66e01710657c0d4084f6507f7cb2f0d3abdcfcd9fe3202435462369	2026-09-29
plank	plank	2026-09-18	active		4cd7ecc4f8d5e8ff3df4a4c8fac3ae8a1a8a86820e6ca1b09d8536872dabf9e4	2026-09-29
plaster	plaster	2026-09-18	active		a18a7e51ee6e4460317c2dc616253fa5b7b9f8077b0324316405b809c1da6baf	2026-09-29
plate	plate	2026-09-18	active		0e4d25417ef3f588562da01fda3bbc9d87013731e194154a0b7c4085307442e3	2026-10-03
plate-3	plate_3	2026-09-18	active		73445b10c5e38fced5d0f9f03368244de4842a33da051bad0569940017c623f4	2026-10-03
platenail	platenail	2026-09-18	active		c3cfda4d7feb53eebb1252ef0384cf29462124763a975c3c7f88d14aaf4e2126	2026-09-29
platter	platter	2026-09-18	active		18d8f8426f5217915f70f008457b96668e5122f8019758f123c4ca0f9ee3d15d	2026-09-29
platus-depictis	platus depictis	2026-09-18	active		85923844366b51476785095cc0724c3dfe2c90bdd7dfaeddc18b14b2535879e7	2026-09-29
playing-card	playing card	2026-09-18	active		532ab171b640b0e5028c715e2525d990c35de248fe60e6d968e9054d0e92e0b8	2026-10-03
playing-table	playing table	2026-09-18	active		4920496cedf1306f1368552acd6c1abf089f8ff5656e28b1a4cff07c104cdebb	2026-09-29
playne	playne	2026-09-18	active		ec739cd6c86d249b25f0973d0ca4e81917d0657e6e29c382e71c9c3fbd2fc781	2026-10-03
plesaunce	plesaunce	2026-09-18	active		5879991d3864cd4d7866eb8da40b0d281f7ca2d85b2f70efa4ec8d16edc30883	2026-10-03
plica	plica	2026-09-18	active		0e7627d195f02b58f632fef2913a9b20633bd183e66c603e4c89f5447c52a9e5	2026-09-29
pliers	pliers	2026-09-18	active		a7e7971b7fe45a69f5fdfa58dfd6a105f8e48b47495cac7ebd7e5104b050b80a	2026-10-03
ployement	ployement	2026-09-18	active		7f3dbb51e86fdebfb066acbd46ac92fdfc1d4d43de37456ddd05e5aa0e0dd44a	2026-09-29
pocket	pocket	2026-09-18	active		a5fee5c184d8880a8e4e015f2aa4383b440c780886bcb02065d8e12568b762b3	2026-10-03
podoleswerk	podoleswerk	2026-09-18	active		a2f006cb8eb4f60e6feef053fac4e4c33d905fa21b926e6e3047995e6b46606a	2026-09-29
poignet	poignet	2026-09-18	active		75a32bcaf818ffbe00da5a99e6489ed489316e3d6f7f16803877450eef4a118a	2026-09-29
point	point	2026-09-18	active		99aa92e9c1ea170a99efd6b809cccd5921b4c5355448ed3676e7c4752fa39aef	2026-10-03
poise	poise	2026-09-18	active		a667b02d1a025b970441d2205e02d7616585b41cdff60fec88758ee17fe8acae	2026-09-29
poiz	poiz	2026-09-18	active		be167404fb6b4624b0e5756148e6c6d167d667c87c0746bba147dc4e66289d89	2026-09-29
poke	poke	2026-09-18	active		906c6944ae714674a13acdc8356d076fef2281a4c9962915f5b34c7675f38555	2026-10-03
polane	polane	2026-09-18	active		2ddf8d3666fd6c9dd1378135cf2942075b369179fc7a1eaccbe8069c15cd80af	2026-09-29
polard	polard	2026-09-18	active		0180897b4cd7d66a20f68ff34bb59f7761ac01ab341e7658273eafd397747bf9	2026-09-29
poldavy	poldavy	2026-09-18	active		72593ed50c29d1cea0fddb970c51d9f4a3ade1ee5fd582a6cc1cac6591c34865	2026-10-03
pole	pole	2026-09-18	active		3d8bd25603954d541543ccfbaa7c3acde98b94db21dd97ce06f843071455e4bf	2026-09-29
poleaxe	poleaxe	2026-09-18	active		1577eec01f2faf254262cdd47b292fe611248f1fd6eb2456c3a0040672ddb576	2026-09-29
pomander	pomander	2026-09-18	active		d16806b8259baa574149cf199cf27c628b776293bd5d3cea9dd632b41e56c4a9	2026-09-29
pomegranate	pomegranate	2026-09-18	active		f63b54fd891bec55f04109049fbc04f22d1527716a4b72e766b95c02ae9b1238	2026-09-29
pomegranate-cloth	pomegranate cloth	2026-09-18	active		54e9caef0daa5962368899b30011d5160a3435d1bb7b5e229316584020d96c43	2026-09-29
pommel	pommel	2026-09-18	active		3fe32cb6a7989e19d8339ca5262ba217ea421ba9b5820f8363a983dbe7058b2f	2026-10-03
pommelle-pro-lectis	pommelle pro lectis	2026-09-18	active		d25be6ba0bf3f55755545b944f925c5f938b23804db85d943d70c3dc90254245	2026-09-29
pondus	pondus	2026-09-18	active		c95dbb10b05462b5a082d9a134764525a3a00ad5651b6d5ad2e8e422ec62d57d	2026-09-29
popenag	popenag'	2026-09-18	active		b3d3f235bdca23dd80e6938e554484d27d2231b92dee04c33fab03ff6d91214f	2026-09-29
popette	popette	2026-09-18	active		93126944b6e7f6d5fcea1c454966c64a0470d5160045e30af4ea1ef6d889dec3	2026-10-03
popille	popille	2026-09-18	active		a0c21cce89b81311610206bf07f88ee44c5b99e3b821de206b38c6e9868e25c3	2026-10-03
popinjay	popinjay	2026-09-18	active		7382ac262a022bd7a6512873fb525cce99bc04f36df72b5b1d07dc87923eebcd	2026-09-29
poppeys	poppeys	2026-09-18	active		102c622a6fcb9937905edce0c3598c287314f3c8dfecbbe92758e1157bdc6460	2026-09-29
popping	popping	2026-09-18	active		1c96061e1da9810fea9c3eee3c100a3130f899c159047987934c4e328218f0eb	2026-09-29
poppte	poppte	2026-09-18	active		1e2b053cab78c564c090c9efa0c43a27666e08ce22879cf923d50859876b1188	2026-09-29
poppy-seed	poppy seed	2026-09-18	active		1af24287585420512281aa31dfb385cc101ffd6e9dde53a15246b2db6b9c1915	2026-09-29
populeon	populeon	2026-09-18	active		713735b8756738f302edfb961453c9c6f998873cddccd7d6b8d687ff63c158a3	2026-09-29
porcis	porcis	2026-09-18	active		4aceb3cd12e477ac227008f227335b9fe4a233f0c554fd5b0a65f027e1e52a02	2026-09-29
porcupine	porcupine	2026-09-18	active		12e4378cedb6024a421693f273217f3668297fee08b5af182982a5dad970fb26	2026-09-29
porpoise	porpoise	2026-09-18	active		feb2f2e91454ce5695af555ad98431242efad38336c91815633ce72e5a6d1b75	2026-09-29
portagium	portagium	2026-09-18	active		703de4cbd9fd5f1028b3f154a7895cba640a84ba6ba52927df79c3d925c62b8c	2026-09-29
portas	portas	2026-09-18	active		c4f11756880c381fabca1c42aee98e62a245ae37972cbaa5c91e5a613181e845	2026-09-29
portative-organ	portative organ	2026-09-18	active		c6fd845346b127fcbb3eca7207eb2629855ab25ee50e99c6543fc3209626b156	2026-09-29
porting-skynn	porting skynn	2026-09-18	active		a584b6174ba42649d0363af5c4249ba506ccc4841da132f8c575143c60a53fd5	2026-09-29
post	post	2026-09-18	active		256eeb9a6df0cdf821268c8f369b61d2096c3a7b68139bb21674a62546d168cb	2026-10-03
post-cultellorum	post cultellorum	2026-09-18	active		3323c46f1c5cfd4fa3207b8165a9103294f1d212ed5b51865f5ef905c628f7ee	2026-09-29
pot	pot	2026-09-18	active		81628b2b509893af9e3fd9c38804a2f57165ab713c0f5824d2a4120b6b270f96	2026-10-03
pot-hanger	pot hanger	2026-09-18	active		085ad875b0b352300414647b45430cd3b0b47b1239891206b6272eda35d10a7f	2026-09-29
pot-measure	pot (measure)	2026-09-18	active		6dc10b8385cd62986e2bffa81891cf658e0272761eb78d66575ea8bccb9899db	2026-10-03
potash	potash	2026-09-18	active		ceb3a9e9ffa8cefbc2e7770ca6260cde9da08d4a17db1df1ce1864a56b8c7c8c	2026-09-29
pote	pote	2026-09-18	active		a2214828f56f06ba3e4cc2464ca930e0b71b6030c662420f76f76abd0442bc92	2026-09-29
potel-pot	potel pot	2026-09-18	active		b30e693d88265fa1823fcb3a3487afc57d5bccbaf87a6bede220cc5080d8541f	2026-09-29
potelle	potelle	2026-09-18	active		234ebda3c3e25b424ae9a18c35bc0823bc7cd54d299cb7d967bc5438d5897699	2026-09-29
poticary-drynk	poticary drynk	2026-09-18	active		8be86321542cccf7d1cc6537ae0c35004c530456ac023269c5ae15195fcf5801	2026-09-29
potsuger	potsuger	2026-09-18	active		dd8cf9f1e1a9ff8028e9598b141286420d0830c550ff313ddd2ac7ab4285c0f9	2026-09-29
potters-clay	potter's clay	2026-09-18	active		c095d7d570bf6691cf815977ee1b9301f85996d28ed5b69e2352101bb4fffab1	2026-09-29
pouch	pouch	2026-09-18	active		e0dd438361e459ce329e2b286e8ca51a82c54096434eb34b28af16e3a864ffdb	2026-10-03
poucheryng	poucheryng	2026-09-18	active		9469546d19228a910debe986839963b9355571333a423bc046709188dd94de9e	2026-10-03
pouldron	pouldron	2026-09-18	active		bc30b33b0d48e18e548bd958197206de1046e31dba0bf6c933c99f0604ed93be	2026-09-29
pound	pound	2026-09-18	active		f2c3117a54bda74a8b2b673631ca8bdb9b3b7deee9a4e8c42a8505398ccad339	2026-10-03
powder	powder	2026-09-18	active		97a201d86692c3e9748aa9077350f3fb3213682f056b19504b6de1135a3a88c1	2026-10-03
powderbox	powderbox	2026-09-18	active		9922c6c717eb03b589720cf52ffa57c6337b6e1cca200eb9b961f1fbfcfb0976	2026-09-29
poynes	poynes	2026-09-18	active		6df2d71f02cf7c42d0441a026a2e212f866d482b3c31aef0ce5dcfe113f1469c	2026-09-29
prage	prage	2026-09-18	active		eb32c48d3697e457d5801bd59f1bf26230a4c54b2258824292641524b964e247	2026-09-29
prechyng-stole	prechyng stole	2026-09-18	active		4d4650ce4dff19d95233a6fe6aaa51ea2a7618a59a18fa9a00818c883ee82146	2026-09-29
precula	precula	2026-09-18	active		60b7bba85b3731b25f7b4fb1f4b0a62eb02c1266e12ce61ff650b27d78cc0f75	2026-09-29
prekar	prekar	2026-09-18	active		3d11e9324a171ffbaff3a4db9c49e11eb0f5c15c4dbc40e32c40e13378477111	2026-09-29
prent-pro-bokes	prent pro bokes	2026-09-18	active		3feccad708bba65d3d430d6ecd4b0f1c0bbaa62eba56c8b022eff9ed2b2270a0	2026-09-29
presais	presais	2026-09-18	active		c795111482b479e5d98902f036f00bc226384ba3411849748cdd97e0e639a47a	2026-09-29
presbord	presbord	2026-09-18	active		31b3d31cebb44ffd0a973bd59f74ff2241a43f044b8d7f95581bce6ea5301c66	2026-09-29
press	press	2026-09-18	active		efad35f11da43ceff6e11565577fba3606971ba0703250a92d1bb50ea13066c9	2026-09-29
primer	primer	2026-09-18	active		91e7cb14f4f99a37a2ec2112f981155f95442762fab41653ab7080f332cc9418	2026-10-03
printars-oyle	printars oyle	2026-09-18	active		2e5eb7b7ef119a178778d036553514167614541be20bbb00319f18b2cf6565ba	2026-09-29
printed-paper	printed paper	2026-09-18	active		13fb374bbe4f54b1206f1f744cfc535615f6e79423e16bf5dc0f8d0b4931201a	2026-09-29
prucewerk	prucewerk	2026-09-18	active		6cad473d4e92e5918f17323d08e07e69082b54d467ee58952b91ecb16e2cfcdf	2026-09-29
prune	prune	2026-09-18	active		1d0f1e4e45a64f97d15575bb6f707cea44a04978d36482dab36bad7e77a591a3	2026-10-03
puffin	puffin	2026-09-18	active		50ae366f78dd121f18b37fda2ad783263f610cf7375ba8e0de147301c2947c45	2026-09-29
puke	puke	2026-09-18	active		74919c0f9c6d2d2b92335973ee4c0f26271de338bab14940bfd27407124a3d89	2026-09-29
pulmier	pulmier	2026-09-18	active		b1c5ab9368ae8209ff5598b5d6cb38dbfb122f0ebe71f0c49e74b59e789a5cbc	2026-09-29
pulpicasse	pulpicasse	2026-09-18	active		1a2b04c8346cfc0c96ea859cff1c1a9f0aa459eae0df2edb8c2b736569da8b65	2026-09-29
pulte	pulte	2026-09-18	active		0f5bf1360926432b532d69332381aef3d066befc15f2eed254c30f532490dbc6	2026-09-29
pulver-passelarge	pulver passelarge	2026-09-18	active		67e82c3cf75490787e5de45f6800ca0795baea154f9692d1ad3982cec3a213e7	2026-09-29
pulver-pro-pellibus	pulver pro pellibus	2026-09-18	active		0c13bf4353804ea79f583a4c55108f532710e777774b28d30e261386a5139b5a	2026-09-29
pulver-violet	pulver violet	2026-09-18	active		45e11bd4c8d54ad4710f2449b7544211dccea834af186e6836c0d92ed042d46a	2026-09-29
pulvis	pulvis	2026-09-18	active		e6e219071dd890ac320705bfd06682e6efbe256da840edfb9dfcdf4e5c3ae052	2026-09-29
pumice	pumice	2026-09-18	active		369c955774c48c3d73b9b1e64abfdc41319f0456becada067bc856b576f2c2f5	2026-09-29
puncheon	puncheon	2026-09-18	active		54f01b86e1d44b3cee3e42b88aea29b55f60f389a66afaf1cf34e3aeb97f66b6	2026-10-03
puncheon-2	puncheon_2	2026-09-18	active		0b5e24b214713f23a1cc72763d0758b49b4b2d25e5c21f818b338c0cc870d626	2026-09-29
puntellum	puntellum	2026-09-18	active		a253324b37ac38202d18874cce49f15830678cf4304cd35c54ca4fc348bff690	2026-09-29
pured	pured	2026-09-18	active		5050816d1e54c66f4ad9a6dfaafed1546622ff31349010aa91c22136a20a1b25	2026-09-29
purse	purse	2026-09-18	active		0f1bf4827d296ccbe71e22958ed810886f1617a6da17d3915c1e73669063bdf5	2026-10-03
purynges	purynges	2026-09-18	active		82f0ed02769de61d3e45438f17cdded7ae0d3c55de64d16d569c22fcba326897	2026-09-29
put	put’	2026-09-18	active		6e0b599ea10d76829fafba20ab49d1102af8ffdf54ed59d4f42e083ead0dc133	2026-09-29
putrum	putrum	2026-09-18	active		d5655e0e496252a9a54b6a24744ab5f81f3b652e314bb5ee6d39c8bb2a212797	2026-09-29
pyamonde	pyamonde	2026-09-18	active		5e8bd79d44804259e0b5151e737107bfb6a502626fed8eff5cbf4691faaaf0dd	2026-09-29
pyd-fish	pyd fish	2026-09-18	active		654c909b7a0a469c86f18edc350d14014f5346028f9b74f192004fa849a5c2d7	2026-09-29
pympernel	pympernel	2026-09-18	active		00bc3fb6917fd30c0c38d5e703e65b1611217d4f74d7cf40a0291cf66e279ed9	2026-10-03
pyx	pyx	2026-09-18	active		58c0e6e25fcc4172c0cc8b08b285edac3bd0f7e7b78a18f38f24b2cf8be46e20	2026-09-29
quail	quail	2026-09-18	active		b411872198b285310c6162c7dafdae7faa19d3117461f6f7cb23a6732a6fd56c	2026-10-03
quarelle	quarelle	2026-09-18	active		1cb24e3f0f7b32f5759d92a8f0cd1aad76fa06a069cef4a0240d1d472d06ea5f	2026-09-29
quarrelle	quarrelle	2026-09-18	active		d1380667d31bc9fb05b666009733c3b6874b58346a682e0986da2d78309ca9ce	2026-09-29
quarry	quarry	2026-09-18	active		4a04fe7097fd1f1e2fdb91c139e9cfc3504414b6b5f5aa0d9db611e2ac815c6a	2026-09-29
quart	quart	2026-09-18	active		1861a83417ca651b62694def312d3d2f3b3516c7d1f73f296f842ae581c653c2	2026-09-29
quartellus	quartellus	2026-09-18	active		21365c7f1fd5f5cdada0bb4b9ea9aa64e349f0bffb58fa32db5c1cf759667f68	2026-09-29
quartellus-2	quartellus_2	2026-09-18	active		e582f471d293fd7801ca3c8e83c743e36ac6a70045541b5183daffd3629be948	2026-10-03
quarter	quarter	2026-09-18	active		cb035e1b7f91fa62d07ce6e6c7feea92a981d74312449223756a95cacdcab38d	2026-10-03
quarter-game	quarter game	2026-09-18	active		449d20230393e0065a910daa482ce4ce651fdf802d804f323c96fcaa93d07781	2026-09-29
quern	quern	2026-09-18	active		64b244feb73b859770bd1c8db82bb920942d09309f3cf280224d15c86b7169cb	2026-09-29
quern-2	quern_2	2026-09-18	active		dc206b56cf51b349d98f1439337a1d5a374de98bbf0dbcc4c1f5f85177f89f9d	2026-09-29
quernstone	quernstone	2026-09-18	active		0018e854829c3790bb965c9b8890f37164ff631eddf9e2945086166f1c20af25	2026-10-03
quicksilver	quicksilver	2026-09-18	active		2bf600e823373dc98d6f2e9b466654f492e39c4b4fededc24d0540cc62df6490	2026-10-03
quille	quille	2026-09-18	active		ecd95b464997cb467508d375751a39fbf911da0bcdb07e4754cf8ca48b133065	2026-09-29
quilt	quilt	2026-09-18	active		37cc7ffab53fa0412587b7558b679c1a19ef0b1ff7468ed71139776bb63ff4f7	2026-10-03
quince-cheese	quince cheese	2026-09-18	active		c3cda4c8ffea0b182922f552fca74e582e79256622d6a91a55735740935860a6	2026-09-29
quintal	quintal	2026-09-18	active		58ef2879edf450b60514dce555f80519409f2bcc2ef61571fdf4bd07c2d231c8	2026-10-03
quintern	quintern	2026-09-18	active		7c93ac51a4035fd95f29150af6cd3e9f85578dca105f9fc8127ef6be6c6514a1	2026-09-29
quire	quire	2026-09-18	active		739f5e70027c1492c9b8fd074799a8cee57112671379e7a746fbe385d60e4707	2026-09-29
quiver	quiver	2026-09-18	active		93f2bf5a4ace1bb5cce51ee3ecbcc436a63ed1b9e74a90ac0050af488a2f03aa	2026-10-03
rabbit-skin	rabbit skin	2026-09-18	active		beb0e59ab540e3cb2582e287822dc7bc70071f6faf6af434d1f460821bc20881	2026-10-03
racamas	racamas	2026-09-18	active		4cab72497706211d7d7948d15ca9dd1458ed0d5e334e4b25d29a5f0f713c9b44	2026-09-29
racket	racket	2026-09-18	active		53cde164020ad897a450ac782f2bb2a3bf920a016d3285d9e992d217592c43c7	2026-10-03
rafter	rafter	2026-09-18	active		9b07ef6e7f22b6993e81afca553b9f5091492497fe8014bc6b4cbf3fd58cb9db	2026-10-03
rags	rags	2026-09-18	active		92d206ef9aa551c52ac2830e309c4e0de7efeb29914a94d016d8b7422e4d8f85	2026-09-29
raisin	raisin	2026-09-18	active		a1ef74ae5c063250a633b0fdf184a4d824babf410649a9829a8a6bf624d5e291	2026-10-03
rake	rake	2026-09-18	active		e51d851291443725a7ac58dba9935936bce6c660e8d799ef9b0cc22a3b8499b2	2026-09-29
rape-oil	rape oil	2026-09-18	active		ff45903d4f7d272d34b7382a92458cc137e537db1e09e109c4bdaf8f50e802d0	2026-09-29
rape-seed	rape seed	2026-09-18	active		6be66611644af2ab0a6e0e3cf007d0ea208b730fe82890e1a1f25bf3ade7c1df	2026-09-29
rapier	rapier	2026-09-18	active		f23c1bc82e18ab1a6e1f530c83632c0e98e21b5ee4e39384f3689f13fe0af3cd	2026-09-29
raputicum	raputicum	2026-09-18	active		46f61d6b5afde61a4fbd76c41f15f2177a53a2fb9c2914f4bd8a73e0db64cb5a	2026-09-29
raser	raser	2026-09-18	active		8def4d14248767c78e59deb336432e3ecdd047ec9e854aa1c81e816e7ea2e485	2026-09-29
raspatum	raspatum	2026-09-18	active		ec71543c7c35ec8c8e68ddc34c552978e1b7347afb5d2559b56fe97f1a5a69a3	2026-09-29
raste	raste	2026-09-18	active		0c6deef61b38428182e1db87c7f5cbae4853af96038722e2809f4062c8a9d64a	2026-09-29
rattle	rattle	2026-09-18	active		58efee9f9284bebe67fb276462d6ee65e3e5fc04949ff04a5afe188df1343563	2026-09-29
ravellum	ravellum	2026-09-18	active		bcd9aebc5c627ab93223edfc02801885aee1a5fc125936914534aaf4f70aed09	2026-09-29
ray	ray	2026-09-18	active		d24a342f5b7433587b7ee6d50c52cb652ec1f73c497c1170605d5a313a144073	2026-09-29
razor	razor	2026-09-18	active		df92b8b3475d8d3b54bceba0368b8fc05bd70c8ef2065cd917e9dfbf17174bf9	2026-10-03
realgar	realgar	2026-09-18	active		0e4b69ddfb14e836defb82363c8a8080a78b18a6605a7048c8a5cfd054a06c6e	2026-09-29
ream	ream	2026-09-18	active		9ae4d1dbb50458d761534d5bde77bc601323ea0583f91cba84f21c77a0e18a92	2026-10-03
reames	reames	2026-09-18	active		913e5bdb72d9af4633c9e991c7fe4413c3ac1c16ecd0f6b866f2c10b6387213d	2026-09-29
recorder	recorder	2026-09-18	active		3dc5b35ce85d42a392f8e6bc2b88a6ceaaf3803bf43d3cf07ee7123b63b73f8b	2026-10-03
red-earth	red earth	2026-09-18	active		76e211715f32b21324555e64e63939f1025e8a58913ee593e7614fffe35621fe	2026-09-29
red-eel	red eel	2026-09-18	active		ffa58e75df1745744768a71594e8219414c2e70de11a1e3c096e5179035dd0dd	2026-09-29
red-lead	red lead	2026-09-18	active		e41efcbf7a86705d277150dfbe7ef2089735cc23adaed525fd207e1c198496b8	2026-09-29
redelcard	redelcard	2026-09-18	active		b103d6671e19f98ecc6187e7fe8533cc5ed3755001d7e366425a9480186689f6	2026-09-29
redewerk	redewerk	2026-09-18	active		5d89c7395e77127d9b4280473491648229a15f0eedd66082fbdcd83b1abdf1ea	2026-09-29
redlether	redlether	2026-09-18	active		3e4af2d1c569e7fe634cf80c4b6423785dbd0a637a9c4e21834e8c47bca2cca0	2026-09-29
reed	reed	2026-09-18	active		dec0abbe1e00e3bef0ae180f35ef61e3dfd08354be10d4d525502822053e9962	2026-10-03
reel	reel	2026-09-18	active		a4c986ae3ab37c94a9ac4dfd86822ac1ac927a01b94a7f42e7b61e78c1059550	2026-10-03
regals	regals	2026-09-18	active		e1d4783bc56c16ac0831bb634ced408e8fa93798084f70324cc6624080b6a6fc	2026-09-29
relesaunce	relesaunce	2026-09-18	active		ff6f8391d62a5e16f7abd47b7e9aa8c4803a3487a3d223e7c66caf7e29314fa1	2026-09-29
remnants	remnants	2026-09-18	active		aba7681741032fc3d4cfe0b4eefe0713f55ae66e7561bb0d0445fd0266d93ed9	2026-10-03
rennet	rennet	2026-09-18	active		cd5ec544990d34fbd931b87720f04fdfa4f74aa66143525a5a447ed7a2d3f918	2026-09-29
rerebrace	rerebrace	2026-09-18	active		9cbe8a5895af0913a851da249dc96c000468b5c921488e262aa05bdd5128c192	2026-09-29
reredos	reredos	2026-09-18	active		5484db0486f9a5ce887406e202bb5de1170989b2470ddb1ef6908a792340dbcb	2026-09-29
rese	rese	2026-09-18	active		10e180e1cf5400820945638d0ca0b518c58fc652ac128d56d89d02d1da721696	2026-09-29
rest	rest	2026-09-18	active		04a1a7369f1c0cb579da4be55e25b3930ec5e130cec5c19e33c86f6712beb0be	2026-09-29
rethe	rethe	2026-09-18	active		448bcce6188485f177ea72d209d545fdf857e8f2d9e57e22ea17abae7a590b38	2026-09-29
reticule	reticule	2026-09-18	active		498356202b3b920c637f8d12ffe9ce1af618e6cb751f7eca4908226ff0f3a9a8	2026-09-29
rewer	rewer	2026-09-18	active		c5bf20fd76e47d97a19b6d3227f54ee7fa979b3d39760bbc633a80b7f96b13e9	2026-09-29
reynz	reynz	2026-09-18	active		941911b58854c515ccebc4e59eda1bc13881838a0ab465868cbe55faf5cfbd1a	2026-09-29
rhubarb	rhubarb	2026-09-18	active		3c1bd5c45cb4e933e79b245a895e67a603a4dccfae7785835fb79ec8ce0bac16	2026-09-29
ribbon	ribbon	2026-09-18	active		b9da8279379e4baf8114802816666cbc4ed97c673b69536c41581491d675f033	2026-10-03
rice	rice	2026-09-18	active		7da1177cf536e31eb67f3788b98d59124c028f5be785b253dd266ffb4263366c	2026-10-03
riding-hammer	riding hammer	2026-09-18	active		4ae64932db2cfe0f9242b911e3bc5bf17af5ddf20ea8e70bbbdeca3c8130772e	2026-09-29
rig-otter	rig’ otter	2026-09-18	active		645f39dde0886ba01105c2b6068b19d0440887f1f208f69dd50940a29a2673f5	2026-09-29
righe	righe	2026-09-18	active		56845af5732141a2721b8a8025cb1b13409c4b142da98bac3e54ffabce7a5231	2026-09-29
righolt	righolt	2026-09-18	active		8c409bb07ecece276fd68acddb3a9ca041aff5610ec1529fb96f915cf9c67d4c	2026-10-03
ring	ring	2026-09-18	active		dbcfc5a42b6fd929d6f290ce8d2a3b5e0c0b3abab79efc8e8a7b00f759024eda	2026-10-03
ring-bag	ring bag	2026-09-18	active		05f3c2c0a683ee692c54ffc45900acea1c626e8ae4d14dd6e706168b65ab59c7	2026-09-29
ringe	ringe	2026-09-18	active		bd5690082311cc61ee3b426bf506f7f1f7b5ff3692eeeb872a5ef61b421aa0e0	2026-09-29
rip	rip	2026-09-18	active		441744d04d0f154c5a86cba136b3a8a7612ddf3b8cbc0be789ffe03064725f97	2026-09-29
rivet	rivet	2026-09-18	active		95ca13bb1ddea62070c7a51db3ad4763f1984fea0cd19f4040cb2c21f3986ce9	2026-09-29
roba	roba	2026-09-18	active		c9d832f6f6c89962f6cb7e79ca251ca31547bdf5bb40ea5a7385b44914c69984	2026-10-03
robe	robe	2026-09-18	active		fb6d55ea791a345259f0f4acdf49cfbd5d55b0b3d7c3b3cec61bfac7f908246f	2026-09-29
rod	rod	2026-09-18	active		1faf3965378c89fca52cda9c5a4bafc4618b08cc4cf1a04c674ed3a493887767	2026-10-03
roda	roda	2026-09-18	active		0a8ac66ff20425bc1539904ed8100e204b5f5ab0cf5b5ef19d9f5c1499bcb41b	2026-10-03
roe	roe	2026-09-18	active		dcad6268fcf74496361505bbac7b0bd042d3d29d88e80b7630276d928e2a004c	2026-09-29
roe-skin	roe skin	2026-09-18	active		c3c0098493021a509c3360f714aebae68c8803a3b09c1571136d56f01c5cb4e8	2026-09-29
roll	roll	2026-09-18	active		e9380339a853900d9818485eced3e4ec93a6cb13a1f60b06e79f4e6ea5cd5d84	2026-10-03
romislowes	romislowes	2026-09-18	active		eaa7bb314d8a074514adf48c04cffeb9e4de34c85b9110ffec9bdef1285b8162	2026-09-29
roof-nail	roof nail	2026-09-18	active		29d1f297886cb29aafb8ec7d044c57d91479f8104d4926ae45b92530802f2bf7	2026-09-29
roote	roote	2026-09-18	active		d11c801d2537474d06631bf5540959d5329f960ca29840f6d76ddb0b84c9323c	2026-09-29
rope	rope	2026-09-18	active		88df573f3c93875de1dc8635447e2cf67c56705981c124b557e2de70825d1cc7	2026-10-03
rose	rose	2026-09-18	active		e868eeede1ea0a1592e28cfec3bbe4d167a3ac82bea189c09b074c81f437aa8d	2026-09-29
rose-gall	rose gall	2026-09-18	active		d27f92930931c76236578ea008c6565d56a485fa8a3d483f1d84a1e917e09e77	2026-09-29
rose-of-jericho	rose of jericho	2026-09-18	active		f86e4844249180104033ec0baa23de61081c864cf48ed73e67c251e1931add4d	2026-09-29
roset	roset	2026-09-18	active		d0a4204212c10e0ca723b65f232e69ecbc0ccb1f4dafdd51febdb1bbf3f74536	2026-10-03
rosin	rosin	2026-09-18	active		b09bdc661c1b1228032839247e18b1a06a491396cc2c70cad598996c0a95b2bf	2026-10-03
rosse	rosse	2026-09-18	active		3a443e754cc13818a5d1f297000046320f31d7a210f6f2fe4cd1469b1ccca829	2026-09-29
rotys	rotys	2026-09-18	active		2d3f3a2ae2f84d4784e9dcabdda33382723e4594673ee702b4ddc07f9724db9b	2026-10-03
rough-hat	rough hat	2026-09-18	active		e26ac48c065aeff3eb0898d86a922ab700b730269b48958f5a793c791adefb08	2026-09-29
round-cum-diversis-images	round cum diversis images	2026-09-18	active		c3b640b81a0a8937bc4d88308567a5eb69b4461c6b6ff0ff05ee851fc205cca9	2026-09-29
rounde-borde	rounde borde	2026-09-18	active		4874ffb349a02ea9ec1363bd105ba1820d435ff7bcd8af76cd7ff445bc3401cf	2026-09-29
roundelle	roundelle	2026-09-18	active		9f01e04291561bca9396487c3270421ec101e6694e7898b385afb0ee1427ef5c	2026-09-29
rub	rub’	2026-09-18	active		04e28b8b513a7e9db8364d948d45765eb914c1460af095ece1e5d7fdefc8f767	2026-09-29
rubber	rubber	2026-09-18	active		3db9c02c0ad33ef72c96d6059b12c561c29ddb88181f0a4c1f7fb782cc1ea13d	2026-10-03
rubii	rubii	2026-09-18	active		28d93b1e42238ba89509a969a51886375c9e712e5e599b052cc6068b96992c92	2026-10-03
rubstone	rubstone	2026-09-18	active		91ad2454562913ffbd6fe35533269356cb5645da41f016bd30c6bf89502f1247	2026-09-29
ruby	ruby	2026-09-18	active		52153006173f30aa11da22b15d05313fdd86e924a9960a8e904a8405a08cd3ca	2026-10-03
ruet-horn	ruet horn	2026-09-18	active		de6824810c6ea7ac96f441c3152e7f252ef36b24d8da7ee44246bf63ea3f016d	2026-10-03
ruet-sede	ruet sede	2026-09-18	active		382ed3912af213b39fd997eef912ad8de406f5fc54ea77db0e93fec16a340aeb	2026-09-29
rumney	rumney	2026-09-18	active		e5180b6c1502935ae477dd561da10621c0bd96e26ab8d68595b1bb07847a193a	2026-09-29
runlet	runlet	2026-09-18	active		1e93ec54db829090826f440aa08201043a7b88eb544b7b470d0e185aa2846ded	2026-09-29
rus	rus'	2026-09-18	active		dfb9b9b1de87467d199feecadf699b73b0fb7d0dbd127f21e694b4edee975f64	2026-09-29
ruse	ruse	2026-09-18	active		a9a2443f7736c6b932f8e218b974ae51b899fec91ba97b065ae56139d693cf88	2026-10-03
rusels-brod	rusels brod	2026-09-18	active		152e2fdc57275a83b019e0251f1fdb650d078de48bff7e4132212d4b6f3401a8	2026-09-29
rush	rush	2026-09-18	active		b8337f6fa4266e7c40a88695617509c1913f09a643f543ae95e03c3ce98af743	2026-09-29
rushware	rushware	2026-09-18	active		7f4746851617f15fbc1dc783f01ed3e3aef46424c332603aa4acd29da15ca197	2026-09-29
ruskin	ruskin	2026-09-18	active		9b1098eb0addedc3067d906c740ef50307381e4746e7aedf4338fa2137e495e6	2026-10-03
russel	russel	2026-09-18	active		b22b1b52cefb8f9651b94943b3115902dc61337215a954d8ae5af030a4cdff71	2026-09-29
russet	russet	2026-09-18	active		22e2462da0dfe78c1ac4e31879f7234ec6d72311a9202b6ba3592657ca4eb531	2026-10-03
russhe-oile	russhe oile	2026-09-18	active		2a0f99faeb9bf500c49d71e72b9f1d195e973192ae0d459ebdf0c5f54a8f013b	2026-09-29
russhe-pith	russhe pith	2026-09-18	active		ee9461c66ec23dc66169b83933ceb11ef8a8c2de232e23964a2a889e1676e086	2026-09-29
rye	rye	2026-09-18	active		d644bcf3b240fb4558455e41e119e4d8e56865904a3e9fbdeda793d8d27a80de	2026-10-03
sable	sable	2026-09-18	active		eb12704cc83a33faa606e67ae6668ac6f37ff2e358bcd5354985577bebdd07aa	2026-10-03
saccses	saccses	2026-09-18	active		529b45ce7088e924edb32800ef27beca216dafc826a7b51354dc86a1ffe7d9f6	2026-09-29
saceler	saceler	2026-09-18	active		d9e53b48e6e61a6f89691ea7df2d7f8c8943148e302ab2706c059d92a52a44f3	2026-09-29
sack	sack	2026-09-18	active		d53751699f32d238a92d4398191c5dc5374c962c935ca0b636f9b2336da7c285	2026-10-03
sack-bell	sack bell	2026-09-18	active		bd9bf5ab4533af06d67ad4eea9bfb1561f8d139bb95a79e0affb075993c60863	2026-09-29
sack-cloth	sack cloth	2026-09-18	active		5f7b7ddd84636ea415b0375879e84d0b5aa4d937c75c624159e3f9546b268e30	2026-09-29
sack-wine	sack wine	2026-10-03	active		3ad5c9a930dcc366bde5b27d38195c87050208194f377a73ca211554f230e946	2026-10-03
sackbut	sackbut	2026-09-18	active		1187783c0b8f704abfccd7ff30bc5e270e511bee3416a35dd4ae5b8d4676fbaa	2026-09-29
sackette	sackette	2026-09-18	active		4d141c8a7025a2e31f11cab1a63ad1b996a737857bf34112c795e4c2e2c20fcc	2026-09-29
sacring-bell	sacring bell	2026-09-18	active		b090c5394e7417d998404c993c721c51cc4091f8b4005b4165db0cd4d6154163	2026-09-29
saddle-cloth	saddle-cloth	2026-09-18	active		b6eea64edc2f1fde61f26be94794c68c2bafeadb1fe73d5704f78f9718da6367	2026-09-29
saddle-felt	saddle felt	2026-09-18	active		6ffd016e424d30e8714734f183840eee320ec0888977dbf6d1ffe3e91f9dc1fc	2026-09-29
saddle-plate	saddle plate	2026-09-18	active		e9041fceaa70be0752d897904dbce9824f0498b5401a52d044d015aa83736bf6	2026-09-29
saddle-tree	saddle-tree	2026-09-18	active		a6f55e9900430f2f07127de0b2003794b47e7f71156fd9c30b6bf379c069d31f	2026-09-29
sadele	sadele	2026-09-18	active		410b782ce7c89fcbf631b7c69f94ef0b5599ebb109f29809ebc84fb4ffcba78e	2026-10-03
safflour	safflour	2026-09-18	active		792b9075f414f046bd49fc3330033c66842ce8a70b7b0fc725d5efb7f2f2fa1b	2026-09-29
saffron	saffron	2026-09-18	active		18cd33e375bff91850e345ada780d8606f5e9b29f813df99484b23615f454262	2026-10-03
sail	sail	2026-09-18	active		d58866adbf0c3f0179c1a9d18cead5494d799fbc27f62a318e23e9a07b4d5ef5	2026-09-29
sail-needle	sail needle	2026-09-18	active		05af6e3c1cada4871bbcc9f1eaeececc4cdda87b705158577afd6f2724395d5b	2026-09-29
sail-yard	sail yard	2026-09-18	active		ec06003867530814316326ff7f3369b013a35facc8ca78dcf3c3926111602b35	2026-09-29
sailcloth	sailcloth	2026-09-18	active		75ba4fa48d5c0332a7f081bf9800c1eca1f29883eab0a81b3d2dca58f5ba0844	2026-09-29
salammoniac	salammoniac	2026-09-18	active		181bf56ddb4179b76a0538b683bbcfa47bd644c217cdf9f3309ff71770826ef9	2026-09-29
salciches	salciches	2026-09-18	active		9c8d2aa874dcd94e18e433c9ff793a949a27e4d6dea4d67892b9e75405fa8fca	2026-09-29
salette	salette	2026-09-18	active		1f5869012ba3d3f7c216f69fc7c5edee8f67028e3cc2cbcec630fa91e71fa132	2026-10-03
salmon	salmon	2026-09-18	active		e8ae11184d62d33fcc8b11004bfbde82bdcf8075510320621ef50511305aff36	2026-10-03
salmul-flandrie	salmul flandrie	2026-09-18	active		d2a3beb2fdd359df7cb7698647a71ab6b31ae3c921d9cf8fe13265f067f011e5	2026-09-29
salt	salt	2026-09-18	active		690d5d23bdc486be53a489712888d4b5c7c392a0dc9e246e045d5291c2a1c309	2026-10-03
salt-cellar	salt cellar	2026-09-18	active		49ef56b039a994693bcb0ee6200d7f87775a471594c2b8be03eda1b87471b0e1	2026-10-03
salted-ox-tongue	salted ox-tongue	2026-09-18	active		de46f98aaf5229479e0dc554d5a8998c30cb459b85530567085633642e7c872f	2026-10-03
saltfish	saltfish	2026-09-18	active		3f5b25318e2c91bceee3e57b26da85b62da6c395b956ef7eb6fdf1ed4d0fccf7	2026-09-29
saltige	saltige	2026-09-18	active		f3e069b2e75f1bed08f53e480f6fbaf35ec636688c46281247d3b16a653a91df	2026-09-29
saltpetre	saltpetre	2026-09-18	active		9a47361f3e6cc5f8c1032b7ed157300271b361ec9fe3e40832ce1882b3a05db2	2026-10-03
salutacio-beate-marie-et-tribus-magis	salutacio beate marie et tribus magis	2026-09-18	active		fce477a2a72934f8d7d811ab1e5654b6933a99db7e3f08af298ef0ce14d0dc29	2026-09-29
sanap	sanap	2026-09-18	active		57f410eca2240c7b1f5e06fa901f0e0ae96b74514ea224ad6b9cea5154634db2	2026-09-29
sancicles	sancicles	2026-09-18	active		0d940ba248b1db620c62afcee1dd6b1da584f94bbba2a62bf0ab01c6cc932b96	2026-09-29
sand-box	sand box	2026-09-18	active		a36c883a2e6691cb70233bc50725a4173ad179b5c0f1fd50526a27978a96bd5a	2026-09-29
sandalwood	sandalwood	2026-09-18	active		ae98f9353ca0b8f93f5979ffde9a801e48f943c33ecd5d14c914c4d6bcaec95f	2026-09-29
sanguis-draconis	sanguis draconis	2026-09-18	active		67da68f96d69f4c9f4ac08c97d090a4be24df639e99fd07e7be8896432646aa6	2026-09-29
sapphire	sapphire	2026-09-18	active		ac64242685626bf237a1a5eddc089ab410ce9c70d46de51a7610b1dea7856389	2026-09-29
sarcocolla	sarcocolla	2026-09-18	active		419e7728e6bdc65a3a0aeec7a0cb839f0da192477ca4cb31909140414c4f1a4a	2026-09-29
sardine	sardine	2026-09-18	active		479788da70e8957fa6547f29232e85f8b12466d3538c14aa6906c4cd39db6e36	2026-09-29
sarpler	sarpler	2026-09-18	active		48934829cfdf163a175306fddb38e4635469126d5f9e6632924c720b496a4511	2026-10-03
sarrez	sarrez	2026-09-18	active		2c82b9ca7da9c58c7525419d2afb6215800f15e7804853b6352869fe9c56674b	2026-09-29
sarsenet	sarsenet	2026-09-18	active		246494a82643fe6aef0f16af133aa1bb15484c5ed9bd6cc930ad7203b0633f83	2026-10-03
satin	satin	2026-09-18	active		aa56978f0a7b3ad732e77f714bab70ca4d4a74b6b3aa65b8a9b96df8e86ead76	2026-10-03
saturnand	saturnand	2026-09-18	active		3de67275f09c3168f5e90d79355b9aa1e25568a14fc628e0ffb79f5db0878b85	2026-09-29
saucer	saucer	2026-09-18	active		24c4663f33e10477c3dfcb22c2c2d363b0a6230879c847be8e0b3df481e173d9	2026-09-29
sausechelle	sausechelle	2026-09-18	active		b41deef7cfcfbd2910d8b7fd6abc36e940c97086c8febf3fa5ae71233ddd53f7	2026-09-29
saverne	saverne	2026-09-18	active		a53329cee0c3da4f816874ec2fd88a31236993655d3dbdaed96823465c660a1c	2026-09-29
saw	saw	2026-09-18	active		eceebdd7914eb02b9094dc3dfd7afd9429940d1711a9c3c2759d0d985621840b	2026-10-03
sawlter-tynne	sawlter tynne	2026-09-18	active		03bcd54e4a5191cf966c0b3c53c94ff14d2ed6c809578510e47a67e2bef389db	2026-09-29
sawtre-borde	sawtre borde	2026-09-18	active		3aa0c88bba6a09541f5025d75c09605b5cca177b7b854cf2a0d9d24ad3dbd9cb	2026-09-29
say	say	2026-09-18	active		e260a7179a5d79970eba1707286551a6be0fc9d19801c4d1cb94a028b0c9ed85	2026-10-03
sayntt	sayntt	2026-09-18	active		848804bef105d9d232c02a164c1f0fb56345ae95aef9f9f0038f7919edf048e0	2026-09-29
scabellum	scabellum	2026-09-18	active		89a806710fba34ccf977c87945afa6c59672d26b494194616542631c6dbf6307	2026-09-29
scale	scale	2026-09-18	active		41ec5d21b5da9f8e2b5265be1568a6b13378bc1918a829c62e544a395e3d9aac	2026-10-03
scammony	scammony	2026-09-18	active		7c0f748224af512fbd7c5fb2522369538042fe3e6e6d4f21e067306781769b5f	2026-09-29
scapero	scapero	2026-09-18	active		f4356b6601758eb6dd902964033e20a45a214a0466abf9c4c1b315236c27d65b	2026-09-29
scarlet	scarlet	2026-09-18	active		5090a07b08064d0b172e2827beb1ab6f5c141d0c9ab5135f869d74b6565edb46	2026-10-03
scatula	scatula	2026-09-18	active		bdb752780f02e2976db9c82f48ec88074e15fcaf4b13220045d18f4eb71de8b9	2026-09-29
sceryos	sceryos	2026-09-18	active		8417f33a39de9c951f9daa7e10a20e1150a486959e1a9fca4e2693c39a62e583	2026-09-29
scharp-northwark	scharp’ northwark	2026-09-18	active		d7e46a7c2ec18e868a3f48f7dd7bada7d6dd082f5f1c72cd0b3db1e9ec2d5763	2026-09-29
schepeskyn	schepeskyn	2026-09-18	active		963f4be8358a967d2e8c132fa312b258141af00d2d0882105ff18457c6254023	2026-10-03
schippond	schippond	2026-09-18	active		c9914bef314f9f9de54c36840a7ffe01a85b04141027c87fa2dda1c13b449bf5	2026-09-29
schittille	schittille	2026-09-18	active		5d48dbf9842698be4c05b2ab66c3fb79029c5e27d02f4c929bfc35936a99fea8	2026-09-29
scindula	scindula	2026-09-18	active		22724bf522e25a25bdf4d64aed6ee6b4559aabf7fb2368f566a1c316465fa1e3	2026-09-29
scissors	scissors	2026-09-18	active		3bf12f722aad24b3467cb9cf89ceab1b3707b0893c19c3db6efd3b3e3921258b	2026-10-03
sclave-encense	sclave encense	2026-09-18	active		2d8fa27b007571964e589b5926d46ad52d3453ef4fea5f86df57c5bb6a2e7411	2026-09-29
sclavin	sclavin	2026-09-18	active		895a1b3f1a178001e41a45a19579a85f1c8c4be765652856ba8ba0c8fa9a9819	2026-09-29
sconce	sconce	2026-09-18	active		238b59f38c6e18d65b606bf16fefedb40dd63ba5244a084582ac2fde0dffbf0a	2026-09-29
sconys-clothe	sconys clothe	2026-09-18	active		3d1bfb3af39988cad397aad2725c96acde079e20d3ff0c5b5663c72221666f4a	2026-09-29
scoop	scoop	2026-09-18	active		14db0f94e5e01a0fad37b2afcae60dca2799db2d18e03ae5ad428f167733c45c	2026-09-29
scope	scope	2026-09-18	active		111acff85e18e4e2351d5ca16f389f034512fcc9255c674bc80ed2aabe90858c	2026-09-29
scoria	scoria	2026-09-18	active		b8ac35de41b83d2a68aa968bfa5bce59eabe897b69b54dd5a40269a32e85bfa7	2026-09-29
scottish-fells	scottish fells	2026-09-18	active		45b77aebec691a4c75577a10fe9e648dc8720eb94ff4cf6c834bcb37eb6d7a87	2026-09-29
scouring-stone	scouring stone	2026-09-18	active		99d7979b4fcd6ee6496645d6ae831d55419eaa91c451554c935a9d9fc96ba9d3	2026-09-29
scoyse	scoyse	2026-09-18	active		68e3ca536bc2ef2c76c8b374251fb1e6d9a82912c5b87e372d12b608426050d1	2026-09-29
screen	screen	2026-09-18	active		5237d6c37342e884fa7297b39ea3f60c3e1cee3b1a6116e36b0624e61ac62dfc	2026-10-03
scrip-glas	scrip glas	2026-09-18	active		7fc64b018669bffcf147eb3efbc287f765dc9605f338eb3d618077893bfb5a72	2026-09-29
scucord	scucord	2026-09-18	active		a686d927469a3541db8f183c8f06142b8781c9cb3f1e2e326fb1fb895dc8b7d3	2026-09-29
scummer	scummer	2026-09-18	active		6b54379ec075bca64c01553ff7e31ffff33c26db6df959d05e9366f6a7afa76e	2026-09-29
scutefatt	scutefatt	2026-09-18	active		7d3ec7e4aaeecd76c09ed75703d9ce5422e0a197321f7f48f45127864650849a	2026-09-29
scutella	scutella	2026-09-18	active		a37fcc7894daa297a3c7ae7241d4b3dba1aadc366295afb89855ee0a031b3524	2026-10-03
scythe	scythe	2026-09-18	active		9fbc30bbc44c4595fc4e0c2729adee50f462ecb209063665352ac4590ffeb626	2026-09-29
sea-dog	sea dog	2026-09-18	active		17c6b5620393cf6d23487f4f0f4618998206032cc8fe5d66ba5e948b6a359031	2026-09-29
seal	seal	2026-09-18	active		04672316a6ecad7e941d8fa3c165be4516a3913f773210d3c7895c3ada54f71c	2026-10-03
seal-blubber	seal blubber	2026-09-18	active		28e46315567d0950fafef7d7d680af7fc3ef2c48e1fb5b28d4f53996eb540447	2026-10-03
sealing-thread	sealing thread	2026-09-18	active		d736692bad41abcbeddefcf917f33e61f023fea8b4b837dfba8e0c5838072fda	2026-09-29
seam	seam	2026-09-18	active		65979a1bd9ba45f0aecc1bb0ae3a9aceddafad334894fb25adc597e54fea2574	2026-09-29
seam-2	seam_2	2026-09-18	active		4543566f5697faeb18f82d1eefadcaf9e489405dbe6c55145b2d750c996fa369	2026-09-29
sede-pro-potage	sede pro potage	2026-09-18	active		1860ef0e202d9a1a5ab475bd4fb3f77716da26d04e515f0855acdf15e996265f	2026-09-29
sedes	sedes	2026-09-18	active		354cebab1606285210cbc8c2f76a191505b3f6e621df702d26e58f9acda07143	2026-10-03
sedurnade	sedurnade	2026-09-18	active		05534c27c2f8e751f2fe84b91111a8220534c48967efc3188c27f10e994ea48a	2026-09-29
seed	seed	2026-09-18	active		bbbdef75c8c721608fe2bb46f1a091b856a8773b3a24558006b0a3371cdb3a23	2026-10-03
seed-pearl	seed pearl	2026-09-18	active		2b40e1e06e37ec6ea529310d72766bf0401bcb5f500e2738024e638213e657c7	2026-09-29
seint-johan-hedde	seint johan hedde	2026-09-18	active		bc1b321a022ed8315f1f983564fa2fc8a1300f6e937511de390e993569f17ca2	2026-09-29
selandes	selandes	2026-09-18	active		15997f5d388c3166f34a2546383440978b4a0c7ffe6eb0ed107db296548ecd33	2026-09-29
sendal	sendal	2026-09-18	active		057a87a01c467c6e53f9631d54db138967bbafde3a593c818b91d239347e7022	2026-10-03
sendres	sendres	2026-09-18	active		eefeba0345088c961a194dfac12bc23db9a3ea36c2a457cc9ef223740d0a3076	2026-09-29
senicoddes	senicoddes	2026-09-18	active		7461e47484b840464589abe088f764ec12ba5bae1417a5c3cff1b0f5740b41db	2026-09-29
senna	senna	2026-09-18	active		149437d04ddf18415e3476e7be3772dc86ffb60710e99adfe1366063dd205543	2026-09-29
serapin	serapin	2026-09-18	active		da15705cd40fd979908efa3c31eee6832d0311fd19f5d0051f4f4ca5854778e1	2026-09-29
serers-crosbowes	serers crosbowes	2026-09-18	active		97dd2c872f35f317078084e5a3be8794f47be9e3922ee0e7041e087856eb832d	2026-09-29
serge	serge	2026-09-18	active		8c7782b1bdfd003ec56d64d392a936fa7ef0b328ca90344b28d6312e87923246	2026-10-03
seron	seron	2026-09-18	active		3bb951227515149470560d1f20d36cb05fe70984cc7823a6b3cf2057299148e0	2026-10-03
serpentine	serpentine	2026-09-18	active		d0b4c69b71d20f2df1a7f17dc1a99a5b49948639cf8fdfa4f4f25f1ac241da58	2026-09-29
set	set	2026-09-18	active		5e665d49c626671fb6085fd19b44b4a0959aabf59044ea9285bf2ca6a7a17095	2026-10-03
set-of-cauldrons	set of cauldrons	2026-09-18	active		998813b3316233c8e3760473a007abc43168dfef5b3728a9afbabe6837abe981	2026-09-29
set-of-kettles	set of kettles	2026-09-18	active		e1888340211f2bbb964c179014965a70df4798ebaa2a654978d2714512eb28cd	2026-10-03
setwall	setwall	2026-09-18	active		0fb46628b96ad29004ec78ce0821b7b0d359efbebbfe66f92608bed2d9a5ce53	2026-10-03
setyll-longe	setyll longe	2026-09-18	active		9194544da18078adeab9c19768804c305633f319168ed8db8dd204e140dccd33	2026-09-29
shaffrons	shaffrons	2026-09-18	active		3d5413227fed794dfa69d07e213f7ba9319a639ce45cc8b5c35dec51988ed74d	2026-09-29
shaft	shaft	2026-09-18	active		f2989c1821abf9da50061a0ed4a3d0bfb294179e242f96a6ebcb67773a5a3435	2026-09-29
shaft-case	shaft case	2026-09-18	active		a2f56bcf129b770ac20ca16b335ba275f5fa454f83c8e27c32adb315a1c78816	2026-09-29
shaft-eel	shaft eel	2026-09-18	active		0a60f7a5cebe5222ddd0a3f50af670e7ebfab020e7478029013b06b6e5242ed1	2026-09-29
shallot	shallot	2026-09-18	active		ea541b593e9a4290752e722683d1b30cda78f6adf017daff5664f8a6ecc45c80	2026-09-29
shank	shank	2026-09-18	active		e3912119b832d0e967df1d27e50cf59009396ca25bd10a95c5f6b2b804c35535	2026-10-03
shapiders	shapiders	2026-09-18	active		7c2e217aba30722ba94add6b799b8d87b628484085d6944514d4406639098606	2026-09-29
shaping-board	shaping board	2026-09-18	active		6199f5ba69fe5e0e8883413f304000ecb45905c07e617f8390d9bb834b217ed6	2026-09-29
shaven	shaven	2026-09-18	active		924fbff44dd5308a8d74155c9d446c43340476cddef5793d00b07d63ec22b576	2026-09-29
shavyng-borde	shavyng borde	2026-09-18	active		d81c00a8f1e1b4faaaed4a265e0b9ed6259351e3de57e6db5b6865a52ad88761	2026-09-29
sheaf	sheaf	2026-09-18	active		de71ad2a31d460121ab6790b857b7668f7ec107d7abc183a3f73154fe934f87b	2026-10-03
shearman-flock	shearman flock	2026-09-18	active		e2a8346ecf4f2150ac4bd65abc6436cd5550e79826fdc9c060fc231a09de3ce2	2026-09-29
sheath	sheath	2026-09-18	active		8ce8beaf8b59a90785f4ed27b9cbf01ea590d8a336312ed736b8efe74a0890d5	2026-10-03
sheep-bell	sheep bell	2026-09-18	active		e68c8f8768d95043e02b9e7b439185467f4a9ad0173e7fed8cc4e70902572c67	2026-09-29
sheep-leather	sheep leather	2026-09-18	active		0e8f30f1f9798876a307539a350db4252f3854c854cf58954745b79985f8d457	2026-09-29
sheepskin	sheepskin	2026-09-18	active		b8eac86a26147ebd85a9b77b24c63ab198b07be5226fddca7665786052c81da4	2026-10-03
sheet	sheet	2026-09-18	active		d4364138189614e2e721d3c59eb3a5e09947eaf04eaa11c85b6018f9febfa5d7	2026-10-03
shelle	shelle	2026-09-18	active		eed124b1fcbcd2fe642d7e79c66f078511a739d12eb4079742554118726cbac2	2026-09-29
sherd	sherd	2026-09-18	active		34cf125b01418ae70d9006e0dc5c61e3d2cdfd0d036aa097d965e82041968d08	2026-09-29
shield	shield	2026-09-18	active		e1f87d7b81ce3801a5c6cb0b088cfa274750bccd23303f45d226e03d41e0d238	2026-09-29
shield-2	shield_2	2026-09-18	active		3333e135d4fb475ab866926e98bb5440ece926acfbed859d640c16d91e717e04	2026-10-03
shiermens-sheres	shiermens sheres	2026-09-18	active		c1b65f8e303a3ae53500e523776db0c32f96c4d09f5683d3c54ffb6ebaf39815	2026-09-29
ship	ship	2026-09-18	active		58af161617e5798e21e1df5e5bbce69cb619153e1679f3156af6560fadcfc97f	2026-10-03
shipboard	shipboard	2026-09-18	active		71345ce99c405ceed2c67298879a2cb4d556559304ea32459f289070c4c1e284	2026-09-29
shirt	shirt	2026-09-18	active		738e1d5ba5f9063cbb9d9cb9bae81487a6d6c05f19316ebea538408120713be8	2026-10-03
shirt-of-mail	shirt of mail	2026-09-18	active		ebd2dc7c25c09f0f4d5b683fa34d49e87f72fb9d87238cac388e3b3017cfaee1	2026-09-29
shock	shock	2026-09-18	active		4769cd899b63281c833d8d8d751347c804b5cc4b067266545fe84043a09f70c8	2026-10-03
shoe	shoe	2026-09-18	active		e287d9f3e9b0ecadc6f74a4293ddcdd15431e6d98e35aebd7624d1ec881681c3	2026-09-29
shoe-buckle	shoe buckle	2026-09-18	active		5f30d18fc7307b29166543fc14d0b8a8f8c7e13c4f2d492c26cebea8b654735f	2026-10-03
shoehorn	shoehorn	2026-09-18	active		0ae2e3f41dc6c662328f088cab633f76fb51a3299457cc898cc0025700cb5112	2026-09-29
shoelace	shoelace	2026-09-18	active		4d6c5eb63904df9e63d5016014dd7f0e96d189530246e207fdce3629cf1f445a	2026-10-03
shooting-glove	shooting glove	2026-09-18	active		107ac8daf19859eaf44ae0e5d8f173bbeaacf78618738f55c54ef5893dd09032	2026-09-29
shope-shete	shope shete	2026-09-18	active		5f799e9cb98aed297e00a215f833ae70e34a0f3b2671c7898cb2b3b20eab53a2	2026-09-29
shortcloth	shortcloth	2026-09-18	active		f2a110a3a312e186d9847062c00e89a9a1fb4caeb9dc17b8a13dd3702c30695d	2026-10-03
shoulder-piece	shoulder piece	2026-09-18	active		a7979dd0b8268d7a256411448385f3a496cde6817178d098e1bd831fc3300cb4	2026-09-29
shovel	shovel	2026-09-18	active		884502916465c8e6a33b16cd8ca7dba21bc3c71845a991475008c21696d33721	2026-09-29
shovelard	shovelard	2026-09-18	active		30de1e5d2d883e2d81cce0eb7986e1782cba49534a5e0c35eac3003e0d3165a0	2026-09-29
shronys	shronys	2026-09-18	active		39f264051d34d5d698185319b21bfdb75cf4429cead06f2d99a3b09bca134479	2026-09-29
shuttle	shuttle	2026-09-18	active		60d5ce6f54b87757cd6874b9912cad316c1b720bc04f4718533ebad01691b034	2026-09-29
shyvel	shyvel	2026-09-18	active		42e677a567c32aea7f44bcd6308fb01d4190142948ba27bcc1ddbf94df1a7154	2026-09-29
sickle	sickle	2026-09-18	active		918fc297de1fd30e1976e8571045f6a42cc756841ed06ee59c906abf4b1693f3	2026-09-29
sict	sict’	2026-09-18	active		558521b2e4d609ab9b1ed20f130a925e8bb15155c9719d880c56f75d8ca6120d	2026-10-03
siepell	sie’pell	2026-09-18	active		2d03f7dfb536fd7311857ebfac5ebfd6cff1d0bd1c98369ac0a2c681ff4b0967	2026-09-29
sieve	sieve	2026-09-18	active		ee5ec8f96ac9808266ffeb4dfeb3cac0b3e46d9f265112f0d9fa4e5d183b89a9	2026-10-03
sight-angle	sight-angle	2026-09-18	active		c84bf471fd1e28b2ea6090d4bb4b6306273a711ca38df8eb2bc34146623b022d	2026-09-29
signet	signet	2026-09-18	active		69d84f0a00080cebecb0bce64534bca05f8cf7ca76ef8938aab53c1941084c8f	2026-10-03
signis	signis	2026-09-18	active		c59f5d3c9cd15d8a9b41a1339f2129cabb8feef16efd201db7668352a727477f	2026-09-29
silk	silk	2026-09-18	active		f66cae7e9cd7d8007fcbe0a5820ddcdeec8fdd0f797b414cac916500de017bf0	2026-10-03
silles	silles	2026-09-18	active		97e493e91bfb5c06cd36dabfd499b7adee67eec13e7e46f22ab3cbf4df40280e	2026-09-29
silver	silver	2026-09-18	active		e94272070389fee8cfde8e26a98e2c27e1418bc6be0f7c6d6165e9cafec4d15f	2026-10-03
silver-leaf	silver leaf	2026-09-18	active		b79937eb65756197f49bfd52535768b767d82e89af3b55bcbfc661325dc943cc	2026-09-29
simbl-pro-glewe	simbl’ pro glewe	2026-09-18	active		3afced716b4e92bd4a26685f010f66858138b4ce50f4f09d7d4e9e463e8830eb	2026-09-29
sinerdes	sinerdes	2026-09-18	active		bf56237fbba0bf5382498ec7f2b046d5f57da313904942ae58f4a0ca831dac0a	2026-09-29
sinew	sinew	2026-09-18	active		8bc657317b8026e6e290807a9be641acde1b8687a96f06a3e71683093e375767	2026-09-29
singe	singe	2026-09-18	active		a72fd30a2e795bfb0b3576db3dd548cb34b1036db483e9e64ea1c271971d1b52	2026-09-29
singing-bread	singing bread	2026-09-18	active		b3c4822b0fd7def0da778abb421b01c4d4b5beab31713557e04da1fed8133908	2026-09-29
singnetes	singnetes	2026-09-18	active		0b8a78dbb842734faa5112020c014f311c573e70251812d9a5f7215808aa57a7	2026-09-29
siroppes-diversi-pro-medecine	siroppes diversi pro medecine	2026-09-18	active		ccb848c9cfeb7386cb8d4ed6be41043e79238934495c05ab4cccd8a1e342ef9d	2026-09-29
sirpis-pro-capucinis	sirpis pro capucinis	2026-09-18	active		6289cd1e93c33369aab1af7279d4b5d880320972665439d12829064994960441	2026-09-29
skabard	skabard	2026-09-18	active		b20344d94ce6576848746457183133ffdd771f1b2f750375b1a22895166e127d	2026-10-03
skate	skate	2026-09-18	active		a21573d760be44809432e0907e60ae50fb0a336b785eb7790525513ca78ad5eb	2026-09-29
skein	skein	2026-09-18	active		ef062db065e6754a5c47ba332fa7e1fd450148c752c29a6ec935377ddc2ef23d	2026-10-03
skeven	skeven	2026-09-18	active		4a2fd9f980cd1080dfbdf39ef2a0ccb6167c887d700ef4594880dea036d790e2	2026-09-29
skipple	skipple	2026-09-18	active		801aa5571f3bb5041fed20c0af96eb58d9b60732080bed567a1ef8b62f378425	2026-10-03
skirt	skirt	2026-09-18	active		922b679e15ed82001982bc7da00d6024942a2bd509f7bc1c3b0ebdc6c2f5df22	2026-09-29
skive	skive	2026-09-18	active		8e7c1eaec8873fce0dcca57070545801e0dff7f083270d042691de604a09e220	2026-10-03
skiving	skiving	2026-09-18	active		19d5eef98d316c13285231a760fa32ac5ac4baae8bb6f114abb51aecd30b14ef	2026-09-29
skonewark	skonewark	2026-09-18	active		e0d30c6bd501097665f9b1b642e4569b0f0d14934162c49ea36c50bf62350d04	2026-09-29
skope	skope	2026-09-18	active		98f43e5db6988d6600638ba15a36cc8faa5ec6206f5f4694b8395f8678da2924	2026-09-29
skoven	skoven	2026-09-18	active		6b301e480e2de68659138ff780631ee4cfb3745c91d99361f85be19fa4d48699	2026-09-29
skrene	skrene	2026-09-18	active		41e9ec7485e16bdb8578feb07fee7406a23efca551cc6a52f9eac346c59daf5a	2026-09-29
skull	skull	2026-09-18	active		49f8f8ced11f8c8e0d30e4102990c727ea9437806622d884be23aa7e41d2123b	2026-10-03
slab	slab	2026-09-18	active		06751cf35bf23642a94d7a5683e0f63792349c1366c51795f9e39e4072deddb4	2026-09-29
slay	slay	2026-09-18	active		ebef01bd98a8c1f7feccf00908f49f629d73858da59ace79682b7819da034281	2026-09-29
sleeve-2	sleeve_2	2026-09-18	active		1f4854fca4235855284c84f10b5f3954c753984ce1ad503f1b8e1246937068ac	2026-09-29
sleeve-mail	sleeve mail	2026-09-18	active		a106d9ffa32a1a64ce89184c752b9eeeebc4c8109584dacfa7beb8188809aa2b	2026-09-29
slickstone	slickstone	2026-09-18	active		b400dd022d7066411840eda3e7c27bcae2fed71f78374c27247c166db26c1097	2026-10-03
sling	sling	2026-09-18	active		af6ef7ce8dcb820f27798e26e88e22332d3416f512006912c483d408e41ab873	2026-09-29
slip	slip	2026-09-18	active		c59a5c070567974f974a4836c02ae5b534fa3f8c2158835bea624050c0958d79	2026-09-29
slipper	slipper	2026-09-18	active		577965c6858477c49e7404b7e8b2c50a88fa6ea2503414c2d58e512061ab1d41	2026-09-29
slipstone	slipstone	2026-09-18	active		2e169dec9161690d954678f56037f860b4658e0891adab4891fa2fa1430113bc	2026-09-29
slott-fatte	slott fatte	2026-09-18	active		392724cbce235176a23431eb0f17ace454efa074e990ce7f3ff4b7bb950b0385	2026-09-29
smere	smere	2026-09-18	active		d51cba98fc63f4518ce72b343e9088a9149eea183de3522656546c5363cdd51e	2026-09-29
smock	smock	2026-09-18	active		6dc57b1572e73e80d8a9e1e71c5a82b1b4913eef73de1e72bbbc02d43826f77e	2026-09-29
smolenswark	smolenswark	2026-09-18	active		3b506fdddb12b9fcceeffd2258766075b8ca8ad36751d6f398fcc546c7a06690	2026-09-29
smolt	smolt	2026-09-18	active		772733b7d27c8ffb9b637c80a994ec03c1a43a1e3e7fd547b819b277afeac0c4	2026-10-03
smythes-duste	smythes duste	2026-09-18	active		ca51a528de381656c6b9efe3a0aa387432b7fa71297c0677583f9d32e43667e6	2026-09-29
soap	soap	2026-09-18	active		4761667db4b621e34936e2d16836bc545b3d27f5af6143f67cb5dfe77582f6aa	2026-10-03
soap-box	soap box	2026-09-18	active		ee4bac9c52b2d94855d4b79865dd7ff28766ec7b19300c9fe7700ec66978e33f	2026-10-03
soldering-iron	soldering iron	2026-09-18	active		abdecf9deb4166eae8c768ae1c7be18ad9f90604abf483bd1213345b295acc41	2026-09-29
sole	sole	2026-09-18	active		fa060a94cbb27cbfb83d544325502d614749e3ec2a92b6ab2f96286ccddd0dc0	2026-09-29
sole-2	sole_2	2026-09-18	active		d05b424a0d56553ec2659c1c98853195b69833419c13bb851f8090edaa776b4e	2026-09-29
somer	somer	2026-09-18	active		6f4fa9fd09e6bd34ab06512f5ff88aa12d7874c8792c64c1613cf6d2c84d407b	2026-09-29
sonnters	sonnters	2026-09-18	active		4b8cc09faad3ddf5f2c6868b2fe405b48c0e0ff999981d5ab4cbc38ad7b845cb	2026-09-29
sort	sort	2026-09-18	active		8d5322281e33f5736b0253725015d43f2955a0aacaee0cad690de471a38d1a88	2026-09-29
sortelet	sortelet	2026-09-18	active		b2876aaa823cb6a304f312cce885750047e1cad80bc11062f1d28fef36c269dc	2026-09-29
soultwiche	soultwiche	2026-09-18	active		0dd9a2d0462238fa87b16902c4fd36e560068a5c465576971d8cd00aeaf18520	2026-10-03
sound	sound	2026-09-18	active		594568d8dc4d6dbbb2f534508c71f5ec2fde04851341726bd2b181d65ddf9462	2026-09-29
sounding-lead	sounding lead	2026-09-18	active		670b20d75745043d21e8f769ff02986ea6e66ccc5d7dee28c6ef763d1f7c7af7	2026-09-29
spade	spade	2026-09-18	active		9b00188c433095cab2e4aafa8e2a1c39b22ee12a189df1bd7024c6fbad2aae01	2026-09-29
spaltum	spaltum	2026-09-18	active		0b9cd59b8d54baeb70646a0c42e3a36cf7e028080ebe0ffbcdfb48f3b4387518	2026-09-29
spangle	spangle	2026-09-18	active		c7e888b88d3c03208261413309a9a50cdc96d01a513d90e33d98bcf467de7b3d	2026-09-29
spanish-skin	spanish skin	2026-09-18	active		c7139ae000df7ea3a010a90b3361662138ad5e1182c6fc92c03b77a175b3155f	2026-09-29
spar	spar	2026-09-18	active		90ee3c9c407988b01f3fb9a0814b0a7d3b5ba51c15e8223f2291460a58acbf10	2026-10-03
sparrow-hawk	sparrow-hawk	2026-09-18	active		83fe813981bb227f302cd107f7c0846c59815498925c4306e6d29ff5671d9547	2026-09-29
spatula	spatula	2026-09-18	active		f05ddf2c0879a9076be895860457ca6ce741f030ad24ec47344b3252aeb21830	2026-09-29
spear	spear	2026-09-18	active		e0661fafae24202b1f7166f95470d02d646c04fa2db948b14a7d2f6ab7a167bf	2026-09-29
spear-head	spear head	2026-09-18	active		ab731bf519ece2aea6d18ffdcaff5fb78098343167edda828058ab4696512ed2	2026-09-29
speciis	speciis	2026-09-18	active		bdcc5ca245a4e946775022f7caec3d8663eba732eb623e234d3fe65cf963163d	2026-10-03
spectacle-case	spectacle case	2026-09-18	active		2c2700cefb5296636011678a6cce72a991f95d405ba22e32159899ba085f511d	2026-09-29
spectacles	spectacles	2026-09-18	active		0d4e4953d4646ba394696e49e762dd73b8994f48f2520e12de8261cb318071cc	2026-10-03
spelebord	spelebord	2026-09-18	active		e962ff74db9308cd6ed601ae294ffce729226dedbbd22852faaa2efdc91473dc	2026-09-29
spenle	spenle	2026-09-18	active		0840ed6aa34676abc7a53b15d4fd7097b0e58bbf1c002624c8226bc71ba188fd	2026-09-29
spentre	spentre	2026-09-18	active		3de0bd6326bc7d94f952523fc86f287a0d0a0efcf01248e1057544ee6bcdc459	2026-09-29
spereshaft	spereshaft	2026-09-18	active		332079b89498a0d63007174a0b8a3c7ec7d205ecf444036ffbaccfb3095ec38c	2026-09-29
spermaceti	spermaceti	2026-09-18	active		72334863fbf1d7eaa1c8fa57789c6df83805aa677dedd127641c4b125328a5a1	2026-09-29
spice-bread	spice bread	2026-09-18	active		8425deb8e7d2072c3e74c087be29b27876623b014720c070aa67366b2581ca34	2026-09-29
spice-cake	spice cake	2026-09-18	active		ee9267f4f5c284eed1fb418be9e26cfc1f0c6378abc394f9bce73255504c2ac5	2026-09-29
spices	spices	2026-09-18	active		dbe9c0130b0374e250c5c8f73a6ea29746aa933e964500389bef6bf395c7e1d8	2026-10-03
spigge	spigge	2026-09-18	active		43fdcb47bb806b4f37023687a5c57c03783d2454e34a7c81afd0dcbac9253d02	2026-09-29
spigot	spigot	2026-09-18	active		64a2cfe2486fe0161c8241f6e3c1f901ab9170f1d96caf24cb3ea02c528356d6	2026-09-29
spigurnade	spigurnade	2026-09-18	active		b8e3f9f7a60ba7ed2bb8377786636b9bd076748c5ec493dd17d80646a6eb8730	2026-09-29
spike-oil	spike oil	2026-09-18	active		4c94e59c110c7e7edee08c44999d3673d1ee5c9035c332511cc322d8266b642c	2026-09-29
spikenard	spikenard	2026-09-18	active		3beb4ddabcb4dba4e71ba4f12cbdef6ccf4d02fe95e6539247d32586011a81ae	2026-10-03
spinal	spinal	2026-09-18	active		4daa3de36a880b9451d504c1b6a02339d2dbb80d6ae80f0a2a3f147d6f9755f4	2026-10-03
spincter	spincter	2026-09-18	active		1069c624a781adbb5c015c0b7f350b851d2a25762c2e7a625f7665871c34e1ce	2026-09-29
spindle	spindle	2026-09-18	active		926fe30418fe2b029c2c457b544c4b73f4d0c753730a857bd213dd821b2ed41e	2026-09-29
spinning-wheel	spinning-wheel	2026-09-18	active		727c7586d8bb1435833cb2eba5715ca0850a0d2a68942536d030fcaf1a1d7644	2026-09-29
spintre	spintre	2026-09-18	active		5b5e76e382c1f9748b62ff5fbe6bb6497e85bef114966325bc0c011a3a1edc52	2026-09-29
spit	spit	2026-09-18	active		22745b6eeefbc0b0a3cac8059432e23ec3190df5c1eed6d1985b2a259ba84899	2026-09-29
splint	splint	2026-09-18	active		e6f06bdca4dc381c49bd884bf3ad5cd129f8368d5187b5a2228e7353fedb3fc6	2026-10-03
splitter	splitter	2026-09-18	active		fb77bf42a97a9f324b69528f5d72e44de27d972ba6ef7430a057ad161d75fe37	2026-09-29
spodium	spodium	2026-09-18	active		f08f8d7be343b686059cd9f2158fc7732a4a252d58e88a61f7aacbcc969b222d	2026-09-29
sponge	sponge	2026-09-18	active		e59a18cc99bae79b8026c037eccfc53f131b5260731ed7bf8c11cdee8f986f98	2026-09-29
sponhattys	sponhattys	2026-09-18	active		039147f8eb1b84aa70a1e7975bdf03f1eea48c9c7c0a679e7f004810d5ecbb14	2026-09-29
spoon	spoon	2026-09-18	active		7143d4e36777e4a378936c53d1e506f0ddbafc1e115c3e6bb242d9ba65436c81	2026-10-03
sport	sport	2026-09-18	active		c80ab9845be9634387e387615546adb8204c6b4107802fb957c4ee599b732592	2026-10-03
sportelle	sportelle	2026-09-18	active		707252b03560ea407c052f630ec0b0e46f93938f567defcdf6948f0172aaf7e6	2026-09-29
spout	spout	2026-09-18	active		5c2ce2628a1a072021bba085422fcc25923d388f8368d1a95de503a874c7ea12	2026-09-29
sprat	sprat	2026-09-18	active		c67db3d5491c22de3dec02722d77212b298e35c32f6becf385c142acf52d1894	2026-10-03
spring	spring	2026-09-18	active		4bc895a26f1aeb929dc9e0d5af8bddc09ad1b85c0e78264c70351f35f7f65485	2026-09-29
spring-lock	spring-lock	2026-09-18	active		acaf7233ebefc93ef20e8cad86dba58666cea2920ea9550bddd6b90ba0a7797e	2026-09-29
spur	spur	2026-09-18	active		03db1b477b459af4607424b104a51533a1e540e482f028a45305d6c30ff83f35	2026-10-03
spurge	spurge	2026-09-18	active		132f59fdcdeca0a3d1791b103f69744a3214dcdc1b1c142afb2f81b65eec26c3	2026-09-29
squirrel	squirrel	2026-09-18	active		70e3e2aad7ae407424a252553c098eac6e9c93921db6c9caac0969424147598c	2026-09-29
squirt	squirt	2026-09-18	active		e3187ece99f66c37d8a6f22fb1ca6a2afe6b877039943209ca5cbf6f0349b9b0	2026-09-29
st-anthony-bell	st anthony bell	2026-09-18	active		4e3094dc012a2cf583173334f762cbac5d785643c5cb897de3e7eca307db028c	2026-09-29
stamen	stamen	2026-09-18	active		35f311252477111e83fd90c79b62c4b98005031c09d1109efdaba02028657395	2026-10-03
standard	standard	2026-09-18	active		921fec045390da034ed34f1e3fad69ae87c8c904c7f62a8b22902efd0b856a06	2026-09-29
standard-2	standard_2	2026-09-18	active		d4d482ec93ff28b86bdcb564a53524875541207cbb46988aceb658c27cb39b4e	2026-09-29
stander-cum-cultellis	stander cum cultellis	2026-09-18	active		31fab82460cf9c9a6dafc4adaa491a7b734293c0593685669dc231931a922d15	2026-09-29
standish	standish	2026-09-18	active		7d8298db023f59ed3b8d68e3795e97f1b28103e17714e24c85797d2bc9e1c796	2026-10-03
staple	staple	2026-09-18	active		333e7e73f3405ea15056598c89af5825f1d6c9b21ec1193eacfb18484e2a6d77	2026-09-29
staple-fish	staple fish	2026-09-18	active		b0f4b379b7f8b7785d745537f0610ac5687515ae19ac741d117c9b85a3f1300d	2026-10-03
starch	starch	2026-09-18	active		122c432b5aa8975324f2b3c8d57a7b51e3ce2beaa6c3d6f6a7d9425d2ebc41ee	2026-09-29
startup	startup	2026-09-18	active		5f13cc39809fed86f1d0c5a7a578b57e0b744013e713106df387006ab15e131e	2026-09-29
stauro-pro	stauro pro	2026-09-18	active		162daaf77b65fa65f2563ba67ff919b3d96afec1a709b67cb799db1f5a535370	2026-09-29
stave	stave	2026-09-18	active		b49001c02100a1ac6598179f9f9fa3a7e8015ec34005616d07799f5b1a013c40	2026-09-29
stavesacre	stavesacre	2026-09-18	active		e809a775b67c245be9dc2ac04167bc666773d902b4d5f8a86f515c13055b05b6	2026-09-29
steege	steege	2026-09-18	active		2117ed3a37d7e6b844f9f43a03230830c9a4ca252685a10d14fab2f4d96fd8cb	2026-09-29
steel	steel	2026-09-18	active		7757880690f89209b2df385d768785f5c39b1d5d55b1d6bf7eed2b96c5ba2195	2026-10-03
stelle	stelle	2026-09-18	active		c53536b4d6f782a86a0eae13d75e2d5d7946672614f19195ea8e02727ad1a2c2	2026-09-29
stepeholt	stepeholt	2026-09-18	active		f35cdfc8f501f17955e8f42c2747fe8c72a13075882b13a063405ef6f15f99a6	2026-09-29
stewpot	stewpot	2026-09-18	active		d029f4367c2899c523c08483c7780564c91abbc3376d43aeba63d8ede5cdf708	2026-09-29
stike	stike	2026-09-18	active		b80525e666b893afa464c002bb4859f4b1e51a6758d0a745268c2976725fa521	2026-09-29
still	still	2026-09-18	active		95e6f2d647c89ad323ad4b3d0509298be62e00e0d4ed3b85f6761edac837b3af	2026-09-29
stirrup	stirrup	2026-09-18	active		159cec355c5d1708190163751aa6c49cdf736ac197842534845ccc7d5cfde5d4	2026-09-29
stock-lock	stock-lock	2026-09-18	active		537814ef68f050133b2933e712eec198a12f849f20397b188cb52c68605b4cb3	2026-09-29
stockbridge	stockbridge	2026-09-18	active		2cf5b20f43ddcec13859a29ad6383e8e729fe91a8ec6fbd8acc6360e14a8645c	2026-09-29
stockfish	stockfish	2026-09-18	active		6ef5bfa94fd191f09cb9ac57399ba83faf9b163523a7a1dad1f32b13779bcf83	2026-10-03
stockings	stockings	2026-09-18	active		2f37b4193c6b3b4286ebdd17df6a5e538fa8b41ea255ba6ffff3618b3e6a57f7	2026-09-29
stole	stole	2026-09-18	active		931fb0d1c9793d9592b2a18199504dd5af8474dc553a2d1d13eaabf5f2a38d35	2026-09-29
stoleholt	stoleholt	2026-09-18	active		96ade9028a8d93c6aba5232dddd5fcb563763c3ed503fc33ae22a2b05f1216a3	2026-09-29
stomacher	stomacher	2026-09-18	active		cf0c7373faea554a2706afc243761a5ba7c3800382c9911efe11ceb6234e0d1e	2026-09-29
ston	ston	2026-09-18	active		4c9f80d6def645fc6a3ec862835e0c8870534a3d4cf146861a45f78d298645bf	2026-09-29
stondinglassez	stondinglassez	2026-09-18	active		b405665b2e83e8210df312760d4036e3ab191d5f6bbf680fa037d736dec75010	2026-09-29
stone	stone	2026-09-18	active		8dab1e6d57865bd7899d1620fc1188e82bbbf637a0243da51a26111fdbab5f79	2026-10-03
stone-2	stone_2	2026-09-18	active		d19d21f3121da69c793dc058b69b24bc8afc08930bebc9a8eabcbaaf6e0ae2fb	2026-09-29
stone-bow	stone-bow	2026-09-18	active		50caf1e0884b931f57de8734acffdd116b4aaaf50d737c281b16e9c7058c77d7	2026-09-29
stool	stool	2026-09-18	active		67f030c162c01f8baf641d84253a9dc4f40d88584db60bd8954b6ac66b918e0e	2026-09-29
stool-2	stool_2	2026-09-18	active		a9f3096072b2b19d23088dff0e50b8df912c1c4871d598230dee0d3b3aa41bdc	2026-09-29
stoop	stoop	2026-09-18	active		823da4d0a06fd8b188cc5047be06b9ee3b2dac7c54120b361629bb040ca4da4a	2026-09-29
stoop-measure	stoop (measure)	2026-09-18	active		39a84ba2221fb6caf690ef1316bc21d0d35807442ab47f0068fbaacde87557a4	2026-09-29
stoppa	stoppa	2026-09-18	active		56d489de214c44f4a9bb4b740e6ea294e7722b2f9f36724e313008079f495332	2026-09-29
storax	storax	2026-09-18	active		50ffd4dbfbd68daf9c7fd664575e38d7261cb1318400ddc5f3c7af7c160576d5	2026-09-29
store	store	2026-09-18	active		4324f59c68fe477de10b39c9305716900f0dff7e1a4532c67c8c8e825399b732	2026-09-29
stork	stork	2026-09-18	active		5ccc2987bc5f10e49ea8e79b59110369ae3e56d50113134c86096de9645ad2d4	2026-09-29
straboros	straboros	2026-09-18	active		c238af07f3411092d5f5182a3cd6007bb9202fcb095edccf7966b809e309dd01	2026-09-29
stragulatum	stragulatum	2026-09-18	active		fd6bf49728c8ce785a5ab4c4157ab5c138ce42c7912b4e8de3588bc70ee1393a	2026-09-29
straite	straite	2026-09-18	active		64d5fb2dbebc27c7260e7c7d32fb93176f65c09f1bf0fd8db54c2ca54af9cfe3	2026-09-29
stranlyng	stranlyng	2026-09-18	active		114d41448eff8d278ae48c4283413643893e72e0f65fe534835657346c517fe8	2026-09-29
strau	strau	2026-09-18	active		f6c9b084b5a89adc7542efa3d333de790a24813f8891f3eff9bf1319494abbbb	2026-09-29
straw	straw	2026-09-18	active		6766201ea47f9c3e969bb7750e409027c120003cc267cd53b473fdd6a1255d47	2026-10-03
straw-measure	straw (measure)	2026-09-18	active		ff2d2abf2aeb4d29b7a8197f5a5e53f4440886be99d5080af4c84889a0610b50	2026-10-03
streng	streng	2026-09-18	active		2bb12ecf9a45e91e5c9b5d3711b4c93733febbc505d356f0f7b0daa8e4a6ba16	2026-10-03
strike	strike	2026-09-18	active		d8dad7d0b2d796a3a267d08c8d2709db75fd6c9ea8788b3d181763f2d03cb873	2026-09-29
stub-eel	stub eel	2026-09-18	active		b7179fcff78cc5fa6c07ac83e5a8602d134aa814a0a4f6bbc236858b7cc40661	2026-10-03
stud	stud	2026-09-18	active		1973a270a929100757663b376e6a31c1770ebf1d51bde22d7630bd6ad9ea9efc	2026-09-29
stuff	stuff	2026-09-18	active		0f8adddcf11330604793caa80b9e69048ce9c18b63e996e5c138343970507063	2026-09-29
stur	stur	2026-09-18	active		a90dc3b9b22cd54674a35ecb4b0b39de2ad72719d198d41adc1b2cd14bf5da6e	2026-10-03
sturgeon	sturgeon	2026-09-18	active		606a288c41c7a903cbc4a1218edc61d129262ef70ca654561cf537145f183294	2026-10-03
styped	styped	2026-09-18	active		51b45858d0f860f9111eb7698e9d5aa5773209d035dff7800f62c09fe98c872c	2026-09-29
succade	succade	2026-09-18	active		38f6ec5ea5456bf084c87213882fb19452b615ef49c583597e1146c59e96c2b3	2026-10-03
suethwark	suethwark	2026-09-18	active		c8be826bab5b134217e2d9317c203bece3e9d6b74efd2b753e77f3b6ed0c61bd	2026-09-29
sugar	sugar	2026-09-18	active		110bfa1ce4a6a797432d09bbc39c66222fb385a2b7d2f37066612a34d13d7c89	2026-10-03
sugar-candy	sugar candy	2026-09-18	active		cd5c4793a85fa0e2fe3796fd67d8e63eb534a6410425616a40928a0ab5a0cf63	2026-10-03
sugar-loaf	sugar loaf	2026-09-18	active		e1bc282aa4863cab5ad0b87f0b0b3cea2b55ecaa7b11094517ce8d0d83bdecb2	2026-09-29
sulphur	sulphur	2026-09-18	active		03d1e199ca884477c33df28c55c120342c7de1267e72924715d3a8bdecf2b0cf	2026-09-29
suma	suma	2026-09-18	active		87d1f03cbb53c4a26c6cfc1c20c3440c367e111a8633b8842988139e6a2936d8	2026-10-03
sumac	sumac	2026-09-18	active		f3476e57157de4e5a02066f75d4f4fa2f87002ece869a41ae308c85d087e7fcc	2026-09-29
swan	swan	2026-09-18	active		264d5e39e79ae419cb49d0afb66c9c1283cc12e84e9cc7dda027dd24092c2d92	2026-09-29
swan-2	swan_2	2026-09-18	active		bb6c8add72ce068a0b4363aaff078c78dd7a9852d340e6c08a3554c6f493b977	2026-09-29
swan-feathers	swan feathers	2026-09-18	active		e3e081b68a84f87b83115f9605d395998e33b2b5975b7eb8d95ff6cb79ebaa12	2026-10-03
swarf	swarf	2026-09-18	active		d5281f539a490986b6614e3d1b1a64ac30930ab4157e50bd7931d26a8647dc6e	2026-10-03
swerdespen	swerdespen	2026-09-18	active		0123cf26f5e5d2004978dc2d3bdf6f41e3fe0fcb274cb375588a069cfba4cb94	2026-09-29
swingle	swingle	2026-09-18	active		a776db8d9e07b7d0497bfa38c6834445467491ff4731d4126a99b888c25847cd	2026-09-29
sword	sword	2026-09-18	active		922ae0d61bfc1a88609961f0c9b997af23070a7c9cbcbec40549a4e425c22016	2026-10-03
sword-blade	sword blade	2026-09-18	active		487b9308ab2c2f147387f58916ffa4018b7d92551807c3b50abf301a9c1fb5ba	2026-10-03
sword-scale	sword scale	2026-09-18	active		045a6e6241c0771b613f48d0f12b2c53542c679d95516d70f61fa000aaf3485b	2026-09-29
symer	symer	2026-09-18	active		e0bfb9bb61e1ed56f0c3d7249bf3e4a095f213364df731b32cc8a12a973d2939	2026-10-03
syrup	syrup	2026-09-18	active		7a38e6c001ad41163a41daa3de112fdac83aac78bc7eecd2a505bce8d7600f01	2026-09-29
systers-teli	systers teli	2026-09-18	active		27bb4edaed3280af193f43ea6a7938e98cc50eedbee602730def82ba4bb12592	2026-09-29
tabard	tabard	2026-09-18	active		e0afdb3ebfa3935578a19db7be0bf44dccc66cd7286a82f8dabfeb844896e721	2026-09-29
taber-pipe	taber pipe	2026-09-18	active		cccc7a18a40708126d7dfd431f55f1cb46b9f13d8e151402e1f0f7daa1565dce	2026-09-29
taberelle	taberelle	2026-09-18	active		fbb4908a65d2250b643899b4ced9769ad502323700b9d1e9880394b3ea2d3fc2	2026-09-29
tabernaculum	tabernaculum	2026-09-18	active		4e9e1f8030c74e51d5dd0029470452a973c38e6ee5acd7fb07f19607e67ca74e	2026-09-29
tabises-stone	tabises stone	2026-09-18	active		cd3dbed3abfd12c9604cfa35a8555887247d8018777ea7060ae29837a725ef0a	2026-09-29
table-2	table_2	2026-09-18	active		e23904b95b9c7e23a0602a155f1a15db4be5d8c8f2b8e1dd3d5e69bab321f544	2026-10-03
tablecloth	tablecloth	2026-09-18	active		b1e448b4e3b3777fc2d1416f11e136dfd005a1ecfd667793ba9f3909bbcd37f1	2026-09-29
tablemen	tablemen	2026-09-18	active		61bd18310ab7d932e65b34e3a2de4e8e37bb82533e089b0d2c9ab4ac7071854a	2026-09-29
tablet	tablet	2026-09-18	active		13d22deb2a9fe731e33954bfe4462c6c92256529574d42dd95dafd43abcc47a5	2026-10-03
tabyl-pro-altare	tabyl pro altare	2026-09-18	active		34f926c8b2442606694ce5001be03a53f03bdb213718c6f17c6b87f3e0541ec6	2026-09-29
tacking-thread	tacking thread	2026-09-18	active		112a72054d458a2a6f611d58434a6d697ac1bfb562d33aecf4343d50ad7b1ee1	2026-09-29
taffeta	taffeta	2026-09-18	active		44553fe5da663bdc4a4f7d6d0d53e892cd637f4b0cedea7c4399666a047080ee	2026-10-03
tailloke	tailloke	2026-09-18	active		29fa3aa3bde8e9256bc1679f3d1125632547eec2b97c5b715273d309184b7dd8	2026-09-29
tak-nedels	tak nedels	2026-09-18	active		727d748b15cff0596e0881731fd321eae8034af7cd21c3c1f665c2240dbc6401	2026-09-29
taknaille	taknaille	2026-09-18	active		7224a859ed50c43682963d9f9b42b04de9082b91107f85fd7296d60091cbfc92	2026-10-03
tale	tale	2026-09-18	active		6c4974ca23ff45535f4a447f31a90d4510ce943f9f76f4b0b55d63cb869a1079	2026-10-03
tale-2	tale_2	2026-09-18	active		c9e05be217823e8db892fab974751ea606d825755a051d7475b2f248e1e1648a	2026-09-29
tall	tall	2026-09-18	active		212b41f01cff62e75071ff1281242b379fda082ce1840ab3e86afdbfb415a372	2026-09-29
tallia	tallia	2026-09-18	active		a80a9a5974d62c598d2caee43df3a05fdbf3e3adca09a3359e735526630dd27e	2026-10-03
tallonye	tallonye	2026-09-18	active		4cd66a13712ce99126564b40b70cce74a2078047a39bf34ff374be3f79695da6	2026-09-29
tallow	tallow	2026-09-18	active		1769bfcb659b8a95f0a230a729a81fd287077f7a3726d2797677e3db5ea07989	2026-10-03
talwood	talwood	2026-09-18	active		46cae68e1f7fb88c60f1a6e5fd2d1e8c455c0171c0a4c4a5165e4d768c9d83a5	2026-09-29
tamarind	tamarind	2026-09-18	active		d004514916d469e2992c8a20e70569f6ee32ce3ab904b7b39dbcfb790bc75ae1	2026-09-29
tankard	tankard	2026-09-18	active		d89f3eda08726335eb5ca25e799f5a9d4d9507da1a627dd1c695a0503b6e91fc	2026-09-29
tap	tap	2026-09-18	active		5386494d163c23d244419b4fa14fd344661a0f021d7cb9d41e0255ab126617e2	2026-09-29
tape	tape	2026-09-18	active		1c9d674c25ffbc961778bdaa7eddb86566e63535f3d2a0bb18345693c108a9f3	2026-09-29
tapestry	tapestry	2026-09-18	active		c0430c2efbec2470a8c520bcd400547f1d391441ed087dc4f88b1445777d81b3	2026-10-03
tapet	tapet	2026-09-18	active		d0fa70f709fa7a00a77b2682e7af08a88b0606849d8288ff2a10518de2415b56	2026-09-29
tapis	tapis	2026-09-18	active		0090a3c14d5d7dba2b39f9f23eb75b7200b75d8bf576b84420c8d067812da1d9	2026-09-29
tapis-2	tapis_2	2026-09-18	active		facc0d1473930cf176a8982201731f5e76e4c3b41db5752991151aaa13222ae1	2026-09-29
tapnet	tapnet	2026-09-18	active		2098c41ad1b6f745376bf3e57cfaef96b529129fc730cc4080d265be4aea014a	2026-09-29
tar	tar	2026-09-18	active		149d9153ef08a8694f60634c663596e849746d7b63336b1cfbf01793578ad61a	2026-10-03
target	target	2026-09-18	active		bd9e50860916512784324de42f8c1420b0c56bf7c4156e9440ae702c947ae3b3	2026-10-03
tartarin	tartarin	2026-09-18	active		4eff641926c1717ecfc73d122a71e8b9e23f12d7d50e170ebb55305b5449413c	2026-10-03
tassa	tassa	2026-09-18	active		55a73252ab7d6d902c0e7dde5dd998baf96863ca7d056a06dcff5f62e56bc5bc	2026-09-29
tassel	tassel	2026-09-18	active		a9c88086004f551f36aee9a52bb29e042986c21fb3aa8010f6551b2151ebe5ce	2026-09-29
taster	taster	2026-09-18	active		06a4912e6faf16cc78ab48f9c71efd3f8663f32f4cc610a5f9b5a463637c008c	2026-09-29
tates-visre	tates visre	2026-09-18	active		f807bbea605b4945903c3df1ded43e4862cee7ca9842594f07b71eedbf44ddf0	2026-09-29
tavele	tavele	2026-09-18	active		7c76abfa1cd2144d77698cffe553111deb683dfa99cd9c8da2864e941129eb9e	2026-09-29
tavelin	tavelin	2026-09-18	active		b58f2c80cc031deb390716705707ff00e5cc011d78a1286e884fe3f908edefa6	2026-10-03
taverindes	taverindes	2026-09-18	active		542e799c6cac1d76b28d4ca91ab7fc3d082810fd37f75b93a353f620f153bd89	2026-09-29
teasel	teasel	2026-09-18	active		ffcf4874d4f5543884151e20367e8ddd24c49f4d5494cb612e5c35db5feeadc0	2026-10-03
teeth	teeth	2026-09-18	active		da1a2230ca966483da6a5a92dae267179b02143d350a8ce0ed72ad91aa02fc78	2026-09-29
teler	teler	2026-09-18	active		5a0645858edc540f70687bc522d19bcd2313d9b548e10723779e44bb48b57812	2026-09-29
tell	tell’	2026-09-18	active		19d713804a10dbf7bbf9c38d94f42786fe546b721f0d66366490e6721c205280	2026-09-29
tench	tench	2026-09-18	active		59191ce8cfd907e27e6d874c387778a898d005edafdf05efff496ef60562295a	2026-09-29
tendron	tendron	2026-09-18	active		091fae7d81d0cb7d40b9a13b8eef3df2b90d85a91bfbe1149e2159469f22fb13	2026-09-29
tennis-ball	tennis ball	2026-09-18	active		f3184d198aaab31182d3537333245807b46fcb33c629ca8cf6e7246ceb946eff	2026-10-03
tent	tent	2026-09-18	active		0c7ecdf486b84d5b2ba2b4ad2a4009c57b831059cd933e334701cb7f37e5f1c4	2026-09-29
tenterhook	tenterhook	2026-09-18	active		9d2803f2c26da65d2ba926ecee0866923def1098211177a91b6a57051a600edb	2026-09-29
ter	ter'	2026-09-18	active		33fa4e7d3d179c6cb57f61c5d1b8f404e9ed720b9cb0c05bd8e6f442d13731a4	2026-09-29
terlinge	terlinge	2026-09-18	active		c3b16e1610c5f822cfe11db49247464ba59b9bb9da5b149f785a4fc2e0c81dc4	2026-09-29
terlyson	terlyson	2026-09-18	active		8eb6c650418efb78c1534dbd9ce18cca2470f0e2ee341fc3b71736db7eb18e9b	2026-09-29
termelet	termelet	2026-09-18	active		9c0aeec94187b65611585e0d4aab57ec69998f3a01144a7894eeaccbb3b3e7e5	2026-09-29
terra-sigillata	terra sigillata	2026-09-18	active		d9f1ae7037e68cba5795424a63fc4022d482e364493148a774856909272740b8	2026-09-29
terrelle-for-purces	terrelle for purces	2026-09-18	active		95b85838779049299a9692bc15bfecb8e0b5354ac59bcf8ae6096571c7ce9bd3	2026-09-29
terres	terres	2026-09-18	active		9feb3e70675f410b1068a0e4e02199bb9cbf064541d24c3ef7c6c2697146befb	2026-09-29
terret	terret	2026-09-18	active		b565281727730f48beb6f4f68c48b6da094dbff41b8192db325c3cd6b2447ac5	2026-09-29
tester	tester	2026-09-18	active		5d7cdb211a0554a049daf7df8df0064da72a2c35e27f0917e6c12e2360ae3b87	2026-09-29
tew	tew	2026-09-18	active		ff2e48f7937e555e3ad3829c4f9eb9313ab81ce6dd1e44874073c78522370dd8	2026-09-29
theriac	theriac	2026-09-18	active		01837e7764481b187afc44a775e69355ec967525857015945ab1102063cac2a3	2026-09-29
thiksmolt	thiksmolt	2026-09-18	active		695eddd5eb5f573515d1137e7a5bf2e0ac45370c6502c2a3cf2fec2cdb1b5ad2	2026-09-29
thimble	thimble	2026-09-18	active		e86037bad35f8d2290ab53ab44fb3b66a3c3d715d0039b388bd9493e2413ec0d	2026-10-03
thimble-case	thimble case	2026-09-18	active		56ee1fc51f8d64058e5accc5bdab63d2e86ff4d03a69b069d39f443d5007a92a	2026-09-29
thornback	thornback	2026-09-18	active		8665f1661803726d038ef76bb9ace07825c0c70ae88eb7fad2e5cbe94e4f8b49	2026-09-29
thousandweight-2	thousandweight_2	2026-09-18	active		f0b12403320052fd473ca804264d87a0430b609290aa3c9e8950174ffa2c031b	2026-10-03
thread	thread	2026-09-18	active		0cfaabbecbf963a7be850a2d5d00dc47444036bd2ce250df9f3e1abf839c4f8b	2026-10-03
three-quarter-packs	three quarter packs	2026-09-18	active		fe2371b14b92dd854cf4073314ef7222323f589e056db00598a3c6fa3ad79824	2026-09-29
thrum	thrum	2026-09-18	active		0bd206d76bd4742f59d5c367ececfdf53f9a0da4d1f499e6167c2b215f4a8310	2026-10-03
thymiama	thymiama	2026-09-18	active		df45477333df2a9db47c03a39cc98ae58c4601bdf14a06d16c87e96f3a3fe81d	2026-09-29
tick	tick	2026-09-18	active		4403346fb41170e2dabf5d1bcbebc03acc9fc491360da021d8c6c0d9924d5fec	2026-10-03
tick-2	tick_2	2026-09-18	active		a23b7ce25127bd1fd6c7b5da48ef517264ecbbe4fcb75ff2d491bd85811b6453	2026-09-29
tierce	tierce	2026-09-18	active		c7fa01171ed46295d809abc03ec612f89562f9513efdb96ac85324a959fd687d	2026-10-03
tiercel	tiercel	2026-09-18	active		e0783ad2fd2252046ba0fe971ad33b39208070e6c0682917c156915966b7f164	2026-10-03
tile	tile	2026-09-18	active		152e61c6c1f40f47099a8da09a375b63853819e12465fbaee90291b6610cf5b4	2026-09-29
timber	timber	2026-09-18	active		24bd0af27fea6b3b8c81f5fdb947d3cb4ae04cdd1d826c3a7173e1ffff04345f	2026-10-03
tin	tin	2026-09-18	active		6d375461886ccf337fe852f16b0e864b81a504449ab1a72f9b80d0b56d21d5cf	2026-10-03
tin-foil	tin foil	2026-09-18	active		42c980ccea0223b6689c29562dbcfbe2cc192fc9a577f11c40915770ee5dbe76	2026-09-29
tin-piece	tin piece	2026-09-18	active		021b55ee7e737154b9fec4c717720b8535c09c44e0e6a546282160df3560708b	2026-09-29
tin-work	tin work	2026-09-18	active		77367c92e0955db0763ef753b65e8a060540ac1d668307dd9243befe7e1feb01	2026-09-29
tinsel	tinsel	2026-09-18	active		6afe4ad4723936dc688dc60d321bd4aa435278fbb096d12225f274fd4988c5e3	2026-09-29
titling	titling	2026-09-18	active		41e20e95706eac3505e28e96861a4781399bbc028e8e2c25346bb10a1a9bb0c8	2026-09-29
toga	toga	2026-09-18	active		9ab5f7a22a9d97a06f7c63ec53b4c0d7e3ccc4bac55542df4f108e7c8f443ecb	2026-09-29
ton-flex	ton’ flex	2026-09-18	active		9a62d59bf3766a323376b8a3cb430a794e06f601154c4eb752d2ffa61f5dfc8a	2026-09-29
tone	tone	2026-09-18	active		e5c6fa15801cf9dd5436cc35126f0df31f57d835aa6a5de63ac7dc4dae9e2f54	2026-09-29
tonekyn	tonekyn	2026-09-18	active		23a41a68636ad1481336de573e8734456d91b45478e1212cefa7e98ec8e13d46	2026-09-29
tonell	tonell’	2026-09-18	active		99a2eff4ad7677af765b92023af4802f6ff16ba108f894a39c7c4bddcc6e4f21	2026-09-29
toney	toney	2026-09-18	active		0463dfdd6d3a7b9862ce8987bf70882dcbffb80cbeaa70c490c7acb3d1d086d3	2026-09-29
tongs	tongs	2026-09-18	active		a08150a67c763ddc0e94479c8f3151129c63519379215751aace95ccf6b3d360	2026-09-29
tongue	tongue	2026-09-18	active		9bf8b32a0eeaf8b671a38f3559dfe212f3c27a13cd5f7921709484dd282102b0	2026-09-29
tonnante	tonnante	2026-09-18	active		466f3d70ead4261a0b54e815b2d787e2d2795265e66353d510bfec79d37fdab3	2026-09-29
tonyne	tonyne	2026-09-18	active		d924505802768972337dc2954d3a1cb8a2712b94bbf176765df8ae31eab981d8	2026-09-29
tool	tool	2026-09-18	active		999549a868c3a4a319f62e69334d76a265063febee7b3de8d1e21943c43b7ae6	2026-09-29
tooth-pick	tooth pick	2026-09-18	active		8ecd3aebb874329714547d729ee3927f74be7994da51491019aa199d2ec001dd	2026-09-29
top-brush	top brush	2026-09-18	active		0433c4460e5cd589129bd1e85e7615c37ccdabe7842ef7c1addbcdd0f28efbb3	2026-09-29
toppe	toppe	2026-09-18	active		63c78bb5a39456d4af223f7357285e41a6d5603412e1da06fa039bc791215ae5	2026-09-29
torch-staff	torch staff	2026-09-18	active		88d43c31311aa0a2d812a886e006b242fdb5be45502bbe6dd1f93044e14f324b	2026-09-29
torch-wick	torch wick	2026-09-18	active		d7035d809ce1883419458dd6f12edf228416e6e714f88344732b8ea65ac8a764	2026-09-29
tornebroch	tornebroch	2026-09-18	active		0b79c1f95b38e6577d71aed59acbab364b81d77ccd942c60f3a3cae4c6ef6f8e	2026-09-29
tourte	tourte	2026-09-18	active		a8cc42620d046e1a9214eb20010bf669ecad5f453e88ca1a661ffc28de6fbff4	2026-09-29
tow	tow	2026-09-18	active		9b25abc2c74ea1c2e490873376bbddb39def42bea90a549e28d01498d433e843	2026-09-29
towe	towe	2026-09-18	active		9594531d2df040330ddce8f9e07eac1c0cdc0a41e565f63a7596b05803e771e5	2026-09-29
towel	towel	2026-09-18	active		d4f44d307b5e5ec187c29f29c160bd167ddd03d61e91f5465b22642f7e499494	2026-10-03
towelling-diaper	towelling diaper	2026-09-18	active		c02b30bb015b4b5805eebb46ddb2aca231766f23fbc3f712d6f08a276c1c72fc	2026-10-03
traff-argenti	traff' argenti	2026-09-18	active		15d3f00aa31fdf182f08a283bf201380ef894e57c9d408fb0445585d4a34d682	2026-09-29
tragacanth	tragacanth	2026-09-18	active		0bdffe175e29a67e35953e6914849599f5dd49a25f210eb04f8ff47b9ff9e822	2026-09-29
train-oil	train-oil	2026-09-18	active		3dea2bdff9cfe94c9fa9fb772fb876615979ab8721b9f95c8b87c762383a83e2	2026-10-03
trap	trap	2026-09-18	active		4d82c042e34123b89c206066a2c5522d52e84c874bfaed189b3a19eeafa504b3	2026-09-29
trapping	trapping	2026-09-18	active		1c2e9c9c1d8cb5beebb6d450d316c7266e680d4258113412a9c69e5ad661aa72	2026-09-29
trash	trash	2026-09-18	active		d1d8657b862a47cbf934c495e5f6676def6073cd53d55366eb96cd027ca0b892	2026-09-29
tray	tray	2026-09-18	active		f9e1092f1177b2d8de25d4960e5aaea87a0d020e50ca6903d8a3b40a5491d1b6	2026-09-29
treacle	treacle	2026-09-18	active		8a8b804e78cfdb1cc39422e51c140a16bc2b74d7bfbc576ef6d7fc9781b2b8b4	2026-10-03
trebedes	trebedes	2026-09-18	active		c28492c5acf968bfe6846f707c3093f461a3963df9bbedc46341aa62aa97e7b3	2026-09-29
tree-potte	tree potte	2026-09-18	active		e1a7a9d9449d142587763dac566d58a2e46bd767112312f9bc42c7f469f3ef39	2026-09-29
tree-pro-glasses	tree pro glasses	2026-09-18	active		328f10ffaf1fb8a73ce55c1ddd46ee1731bff4ab5e410ce7dfcf753059fc604c	2026-09-29
treillis	treillis	2026-09-18	active		4802e510ba0967dee776e69fc81ed649de59e3b73b8730336cd4d4ac75739409	2026-09-29
trele	trele	2026-09-18	active		c0232bc6d82b202c93d0c7a82f98b22182f7d653966a26c7525d22d73fa9c25b	2026-09-29
trencher	trencher	2026-09-18	active		558292633c32894dc7ace472300ce1a094e40864ccaf0e880588b3c985773244	2026-10-03
trendel	trendel	2026-09-18	active		f84f9705d7a661c03cb44b31083454acbc06a6a91c45ff60ca650d75c1d5636e	2026-09-29
trestle	trestle	2026-09-18	active		eab4b8a2624499c2554abb968ba773826c40d67ca64f396384b0c44d5a5377ac	2026-09-29
trifle	trifle	2026-09-18	active		95bfe91696272d643dbd9c5ee7d925ba37aeffd7e08bd1ac2ec98f13b61ab559	2026-09-29
trifle-2	trifle_2	2026-09-18	active		70969572ac3364dee20622e6a164dfb79bcaf7e99ff35ed86c31a62771ed0094	2026-09-29
trinket	trinket	2026-09-18	active		06e0719ae808b17aba0e095a40be0f771fc2e1e7a3198899f7413f3ffad17a1c	2026-09-29
trivet	trivet	2026-09-18	active		04e8ffa9da79b34665f18c5d6ff7cbfc3a618e0c6b49aa28cd22829c27f04251	2026-09-29
triyn	triyn	2026-09-18	active		c638cbe900a21cd93c0adfc02111379028566a946ea5c0ff92d2000b19357fa4	2026-09-29
troines	troines	2026-09-18	active		0b67061b1a447938cb71bd94610638d5f8a43f26adf985841f07569e38baba41	2026-09-29
trough	trough	2026-09-18	active		01fb44a0b7a8497a793c5d9f7be88aef02d4df829d5b65e3195afd419ac9a6f8	2026-10-03
troweelles-pro-spores	troweelles pro spores	2026-09-18	active		9d1d67df0c0f581702e2d4040115e2872d2e4f78f0cf445e5e780f730b3c27b3	2026-09-29
trowel	trowel	2026-09-18	active		d4fbd057df731c2e33fa78394a217bb026298a2cf79b45c23370c59d55f2685d	2026-09-29
troy	troy	2026-09-18	active		cfb67502a22e4890a933a48f35fc33656361771be3f23208ba6d27114ea01c4e	2026-10-03
trubulla	trubulla	2026-09-18	active		a539856ce51b3b42288c2db95fb613c93f4eca4e23ddf4d685f1568e0903c33c	2026-10-03
trumpe-cum-gladiis	trumpe cum gladiis	2026-09-18	active		9af7d0ab60211a9638e6eb40e99363671b1cbdaf757ef4d16b2a05ca23796413	2026-09-29
trumpe-glass	trumpe glass	2026-09-18	active		1c7cee983ff3e66eeb3fd3780c850bee9d5cf870fa5ea7383810dc5b803f33c8	2026-09-29
trumpet	trumpet	2026-09-18	active		6057ffedb71e76258c4cbbb0ba70f06f8c8f926467c575571d9f6aa74f830a79	2026-09-29
truncus-pro-galoches	truncus pro galoches	2026-09-18	active		1b5cbef6758bbd8dcb29939bd0b72017f531ee30947edd8277fe18a86cbf4580	2026-09-29
trunk-2	trunk_2	2026-09-18	active		857a1217e5aa7368b2f1540a38bb5fb3cad2269996a6e14483be3f2f3e11a56d	2026-09-29
trunselle	trunselle	2026-09-18	active		7ae3965299988ae90fafde4995c67aa1d96b9ee9872d77e937edea02076807f6	2026-09-29
truss	truss	2026-09-18	active		4604ea63254c59510626413f477db6b33309a4e41571f1d75d14b53e597184dd	2026-10-03
truss-2	truss_2	2026-09-18	active		5c101b19a20f4cc337b60d0763d041d2153c7f8a4a48daf0ee6f8ffb6ef3650b	2026-09-29
trussing-bed	trussing bed	2026-09-18	active		0c12b65f1165a0480f9b04221ba5166ce1c73e13bdcb0cdfbd81a08fdbc951b9	2026-10-03
trussing-chest	trussing chest	2026-09-18	active		885d24ba96b1f268b81187214aa75fd89b05fc073a3c0c9200a33fb5ae918f7a	2026-09-29
trussing-coffer	trussing coffer	2026-09-18	active		059cecf1c57e1f01ffa8bc7f7a5e3b1d772f22fd48cfe4955df0e6f10db42d26	2026-09-29
tub	tub	2026-09-18	active		fb1ca151d98eac0dddd0b1c3f10fdcbcef480b4460a195c810a9c4483cb37add	2026-09-29
tuckyng-gerdele	tuckyng gerdele	2026-09-18	active		1650740b70a4d7f3853cf9dfa1d2a049a032e419ccb7914ff6f881cf7c8ff7ab	2026-09-29
tufte	tufte	2026-09-18	active		15318f9f6222382e20c99348887616119d8dff89e1c28d7fa82c5590cf5ffa65	2026-09-29
tuille	tuille	2026-09-18	active		6a61e9520b002cab9b595e92fcb30ea317626b1a66cf150cb9c784fe22e07b49	2026-09-29
tuke-2	tuke_2	2026-09-18	active		ad8566bd4d1edd131c30d1ac45462980a69c46c84ab05bf58bff867de3673b5a	2026-10-03
tun	tun	2026-09-18	active		74a13c2e526891855606b0484431fa19122cd2f7538c2b1ae63557fdd0cdf3c0	2026-10-03
tunic	tunic	2026-09-18	active		c376e32cad3a811006aef952924970278a6d43c8ce779d42d27fb609c81f7634	2026-10-03
tunny	tunny	2026-09-18	active		16f5a952def7980080281403978e5c816a8cb0f60cace4749be1c4ad9f849fbc	2026-09-29
turbot	turbot	2026-09-18	active		3e1b0d18aa84da34e98a9c373bce8852be5d1bd0890c017e8e3445bf99f710ac	2026-10-03
turmeric	turmeric	2026-09-18	active		8daab20e9ddb27ee11ff0a74a6b9c19ac8ac7aed4812beb691a4beceb885f7db	2026-10-03
turnbroach	turnbroach	2026-09-18	active		2255512825a93d33890e7f80eb711f6207e19904f141ad227561fb4d287e7aad	2026-09-29
turnip	turnip	2026-09-18	active		685ec2f6cc399c167d1ea92c83fa365fc3e9ac5613b5f8f16e46d6c8c2dce60b	2026-09-29
turnip-2	turnip_2	2026-09-18	active		37ed75fd2c186e3f537879377014657cdc487ce0abf04b2bc49ddeefe8709636	2026-09-29
turnsole	turnsole	2026-09-18	active		fce1d319f063f04fe685db31b98166f49f958bbb77f252af88c999331d9a14ca	2026-10-03
turpentine	turpentine	2026-09-18	active		6697af72d046b84d89bc009a3c6095dfe5f7277f317c3a04895e703d4caa4bcf	2026-10-03
turpeth	turpeth	2026-09-18	active		751f4eb72fc9ac2ad8708a5e1003563e31ca12cc9fa1c7c7051651cfd0f4779d	2026-09-29
turtle-dove	turtle dove	2026-09-18	active		ed2a949f1993377d9f199d3a3d8713b6e174011bd937d4236dd27387d6d9468b	2026-09-29
twill	twill	2026-09-18	active		8bc0471b3444a28eb515e843e549092b9bedec3ea3ef5c3c3ac7908b5b375745	2026-09-29
twine	twine	2026-09-18	active		434057dc5c674a9285c9112e1d4af9990575d33886033f7b4cedb3750cf3be49	2026-09-29
tynyamyn	tynyamyn	2026-09-18	active		b4f08334b144c4430644a2fb04b2f1a98751036e642a785d9eaad95b4c538968	2026-09-29
umple	umple	2026-09-18	active		81af6376ee5ad226e8227c9343bbea52db950f7413cae0d2f97d7b6627ac8bed	2026-09-29
uncia	uncia	2026-09-18	active		9650e4cf5a0393c946f327dc41e99e6a638c089d273780bec280530608d14d28	2026-10-03
unguentum	unguentum	2026-09-18	active		decc374448bdca99d95932d42afe199d73c1268559387ae880b9d610f8589bdd	2026-09-29
unicorn-horn	unicorn horn	2026-09-18	active		b539ac449f4b47213faf83010185aba061d730e2c1ecd79bc95f95c2423b9093	2026-09-29
urchell	urchell	2026-09-18	active		b86ac19e05e93cd53ebb863f81b951af366f644f7dfa6803fcbe2050d36519b4	2026-09-29
uryas	uryas	2026-09-18	active		7fc749b78b0c56734c4218567878b68df78cedcc4a208cc964ab2ca63b72b0f4	2026-09-29
uter	uter	2026-09-18	active		d70a6859b9c2007935f294536c2a142e1b252ae1e7eaef8f3748bfcedd1ea352	2026-09-29
vaile	vaile	2026-09-18	active		da71c7181262f88f44d97114e8f280d8036cfc3f6fb8625dce487cd7aba20816	2026-09-29
valance	valance	2026-09-18	active		76b21af990585b19feaae63edfaaaf57e4609b269fa07a6e1c55147bc7c68551	2026-09-29
valett	valett	2026-09-18	active		8ac130cddc5c0ce9487c7e1692428ca82b76eb0453ca409579658c798099ba25	2026-09-29
valise	valise	2026-09-18	active		d16bdc28a125eace3453029ca177af744b7973ebf935ee9388ec476da4f5b89f	2026-09-29
vambrace	vambrace	2026-09-18	active		8f59f2bf891e6daa86cfc05083c355cbd43916cecec93b9b7e026774754ba9e0	2026-09-29
varnish	varnish	2026-09-18	active		09c39783f57c7c2ef5f9ae21a49cc8103b34ef19c1607d88208dd3fb14a73a6b	2026-10-03
vasa	vasa	2026-09-18	active		5eda08a6485448e18739d0a9235780d228617e6b6dfa96d499a1e6ab432dba52	2026-10-03
vases-vitri	vases vitri	2026-09-18	active		18c8273bb9a2a3bc52532d305a2a68ec1c88f631a95a1a6cd749212019e35500	2026-09-29
vat	vat	2026-09-18	active		b4d70e7e7db7e7e2e798a15e6705b1b24efe8cf7867a94c5ed90feb4a6b420e8	2026-10-03
vegetable-oil	vegetable oil	2026-09-18	active		e5255f75a29ccc2acedc6ecf86232cb7b24708eb243ef32b03556bd651ee49ad	2026-09-29
veil	veil	2026-09-18	active		ab04f785f82e51b82301070cd8e7caccc77903076f60c44065a2cca68263a341	2026-09-29
velvet	velvet	2026-09-18	active		4f94d307811c17d5b4274d8fe5ff90a0d628d8ddcb15e5f4bf45c556bfb2434c	2026-10-03
venice-gold	venice gold	2026-09-18	active		92eb4f4155e032d062f15b966b08532aec790aa5e66452ec40fee03c556c4ddb	2026-09-29
venice-silver	venice silver	2026-09-18	active		238446e398f0aff388806c8bd74fcf3d2283da03bf5c30c98088109005ca72bf	2026-09-29
venons	venons	2026-09-18	active		af814158568ee32d5767450c77cc57d0235571c79544b1f8671d3a758c0967d5	2026-09-29
ventris-bovis	ventris bovis	2026-09-18	active		b2acd0731dadf58274d2dc3a5118fb5d7568a37c2b3d4256e3941293504592e4	2026-09-29
verdegres	verdegres	2026-09-18	active		de8cc7fca77b195ab6d1a1e04a8ba47b50c7537e06061a8b43bb8d788e81b6c8	2026-10-03
verdicere	verdicere	2026-09-18	active		02b561e68be4123aa1b18688e3e5844b73228b81b7db1e5abd86cf6e5633a3cb	2026-09-29
verdram	verdram	2026-09-18	active		a7819285357ff8f6acc640908490eb09d84b5e15308389f904aaaf9bcbd2fdf5	2026-09-29
verdure	verdure	2026-09-18	active		e18593b27bb53a67b7ad04b3c46d85e07fdde3fbda68861f8fc1aaab718585be	2026-10-03
verg	verg’	2026-09-18	active		da48804d25b1a95aab5c80e5ae99c7cdb17e922e7a12804b4c32381e5aa75f47	2026-09-29
verjuice	verjuice	2026-09-18	active		c8e4f6c6ab68c17b36209117d2646339d59ab8ff16e565a05947739ca1838bc2	2026-10-03
vermelion	vermelion	2026-09-18	active		bbce8de9c0ad8d60ab8535eb26cf2dddb05d3671fc8c50339d94884cebec4f29	2026-10-03
vermicelli	vermicelli	2026-09-18	active		68b5369e7347be3b67646d274148591f956801f3a61edfc91075ad65b7899207	2026-09-29
verriculum	verriculum	2026-09-18	active		68800291792cef2d637eef7341d374287ece79695854fe27d33b77468702fee1	2026-09-29
vest	vest	2026-09-18	active		4a9c076781f3689d5fa412caf1d62a013d012487e97c0cbeaf2a7bc2eca59029	2026-09-29
vestment	vestment	2026-09-18	active		50620fd860f7fad444096c13f99f70861b1174803e49d5b999121ca19be96f10	2026-10-03
vestura	vestura	2026-09-18	active		8f295c0b6c9d55110369754d64c53d9215f03542c5491f75ac480f35b9a7f934	2026-09-29
vetch	vetch	2026-09-18	active		4c4fd780681f127d7a14ac010a08dd91c8fcb0f00953ae01bef3d3d4e8cbe8b6	2026-09-29
vial	vial	2026-09-18	active		4f9ae8bbe2f9ee2ee108607092e709c584510b21a0687b5fe870308f6aa9b8fc	2026-09-29
vice	vice	2026-09-18	active		db3bc4c1f958439ecd870ae09dfb16b05902898edb287264d3779b43ad843c26	2026-09-29
vine-shoots	vine shoots	2026-09-18	active		12da6964c93ad8455fbed64fc1b127289538cf9e95960061e474882263dbd7d5	2026-09-29
vinegar	vinegar	2026-09-18	active		a83bc26a53f93e0356f9d034d74222402cdd13af2e14a190e8ef2bcd4045aea6	2026-10-03
viniter	viniter	2026-09-18	active		0cd267ba4f6b8fa3b401c5c83154408f62ddbe04e39ca3581e92632f5f93eb08	2026-09-29
violet	violet	2026-09-18	active		6af2677bcba736c8b377a35999b4d3ec547e3d5ecac68e42e2ea1d3eee99da56	2026-09-29
virehed	virehed	2026-09-18	active		3fcf46d58f1389ce2c30bae991b659b2ec26cafa3c60461f5f18dac3f5baf3c4	2026-09-29
virga	virga	2026-09-18	active		6dea8e08f9fb0f7b18ff1b55f59196ae381a0bf2542e11fd0dc6ffb7f285e700	2026-10-03
virginal	virginal	2026-09-18	active		1ae3e94358da730e7b8a6cc59fb3e3279e09b24894efb3b7be7ee084f4f56b07	2026-09-29
visor	visor	2026-09-18	active		e46565202017091b503ab38a91a0018e3a9f8c118d7dfd24dd3842cc6f1b8f20	2026-09-29
vita-facta	vita facta	2026-09-18	active		1f09e7dd79c616c64850013d9836bf9fea6c6bdb4db9ec926318fa2319fd1258	2026-09-29
vitar	vitar	2026-09-18	active		089fbac9093f43f8984aa2825c48aa9a3aa1b06e3f82c86dbd8d5b511848d4b2	2026-10-03
vitriol	vitriol	2026-09-18	active		7ce9cc7f0b7c116ca5a3ea85166366bf7e756014cf8632b40379361a6eaa5aa1	2026-09-29
vitry	vitry	2026-09-18	active		223999f7be72ba9b5d2657cf3b321957487fb64171139cba04bf9b3a8a6a43eb	2026-09-29
vlischis	vlischis	2026-09-18	active		aace1fb23a2e80d502023e238420597da671a47725ddc2e8025b06b54c02731b	2026-09-29
vogiette	vogiette	2026-09-18	active		909391990b42f0a239a60b0e5f7f09fca8dfa55ae4104dbb24dbe9511bf39895	2026-09-29
volumen	volumen	2026-09-18	active		e4cd672a57e8bf828c5e9b7926b43c88f87bdee243c914de706f0871d190d9a0	2026-09-29
voluper	voluper	2026-09-18	active		50177958a2009751428571ea09dcc3e31d1d2ab0fd9acd6e0f8752db62e23a43	2026-09-29
wadmal	wadmal	2026-09-18	active		5caeff338b78963c5b732c972d669e1cebe54721f3d7814b00e0be3e6836b8f2	2026-10-03
wafer-iron	wafer-iron	2026-09-18	active		9895e4c862fd8891f6a364a328df8d5563de909305b369350575a4670d5c30f7	2026-09-29
wain	wain	2026-09-18	active		9093ee03cd75f786188e5f6b8f367e86d8820495b7910df726a6b0ac8105362f	2026-09-29
wainscot	wainscot	2026-09-18	active		e11b1daf25a5840aca9bdc14165d93a6aaabdda3eb8498c38939db1d278b142c	2026-10-03
waistcoat	waistcoat	2026-09-18	active		0fb375f724ed322e2e8e8be9434ec7b9992d4240d2bb9ab8c5cbf752f3956f76	2026-09-29
wale	wale	2026-09-18	active		b3c306381cf24c591e55c5e5dac82a35857c92c9faeae6b32675d73ab697c783	2026-09-29
wallet	wallet	2026-09-18	active		d57bfc1d2ca558b534c27d4ebc80d03da70cec2b8a6df9cc6e5f1c95b0a528bd	2026-09-29
walnut	walnut	2026-09-18	active		5412db70b5b185e685d75c08fa740cc11852b4fcf3677f3738b34cd439fbdbe9	2026-09-29
warden	warden	2026-09-18	active		3eec7f21491c07cbba3fd96f4cfecff08c93fb10f0f9f9778ded5e511c94f15e	2026-10-03
wardenape	wardenape	2026-09-18	active		58d3043092d7dbf03e96870d75d6cea1e3f232e0873a6669f165e78c2dde1918	2026-09-29
wark	wark	2026-09-18	active		9f043c9ad3064bdae4a9aa2a866fc72c9b16c477dfd3c0172ca183e2089c5f78	2026-09-29
warkyng	warkyng	2026-09-18	active		cf9e50af30be61dc3a8a502218a47f886678d3974501152f604aecb94c261f2b	2026-09-29
warpe	warpe	2026-09-18	active		01ed2aeadf20fef0592aadf466c0cdb2c93f307d6386aec65c669fd913ea9305	2026-09-29
washing-ball	washing ball	2026-09-18	active		b16c06256c31e903eff058c565f5de8bd1a39f558519da079f3b9a02f1a4277b	2026-09-29
washing-bowl	washing bowl	2026-09-18	active		cf6d8ce24960d801b6300313c1c961191873cb4dcb10127f3354aed478988a10	2026-09-29
water-butt	water-butt	2026-09-18	active		abcc4be6b287f2119a0bf9e00cb7718e1e664db42f573a604b820a72e8665a04	2026-09-29
water-cloth	water cloth	2026-09-18	active		8164d90500765c34fcd03ebbc4ae375c15431c3cd7a9cfaf3b8b8c6f71728393	2026-09-29
water-mouse	water-mouse	2026-09-18	active		ce191a9e81650d0e41a6aefee725530a6966bd7a3cab40f2b41b2037e71510fc	2026-09-29
wax	wax	2026-09-18	active		29b12285196e854989e4cc07d5ef3fe0443059b8c0f12d966a902308e993e11a	2026-10-03
wax-torch	wax torch	2026-09-18	active		8b8346b85b04bdb83d17352a7d5e9ec6166257401dee6ec4b4fc27ebffac9bbc	2026-09-29
weavers-reed	weaver's reed	2026-09-18	active		8d725efb112d73c4810bb34d5a95b294728f65956382707e62f1513a1f7a3158	2026-09-29
weight	weight	2026-09-18	active		965807c9f963bf0d17fd7803d3e28c25601e93253786c98f634ab16ebea70184	2026-10-03
weights	weights	2026-09-18	active		08fcc72c03e6492fba37d4d084ed5b3f668cf005d086e48d67c1d8e92605893c	2026-09-29
weld	weld	2026-09-18	active		2c5b4e5331b313a33a5226bd7bfb19dca932fbb3afc062ebe037c4cdf5ad10c5	2026-09-29
wemme	wemme	2026-09-18	active		7d289d40f725734ae187d7dc646375bde1401fc1e0cad1da028f43cc37206988	2026-09-29
werg	werg	2026-09-18	active		c973e7f7071efd7d8cde18da3b75bac5656d103052624391e2e327e046f35c71	2026-09-29
werk	werk	2026-09-18	active		b079fd31c503d7d454c19c28cbf76cf91477a6b019546a6de18093782c0419bf	2026-10-03
werkbarellus	werkbarellus	2026-09-18	active		9194af23448f5cd6d5d171efe353069e0194afddeebd851cd78ce6d5be81eec4	2026-10-03
western	western	2026-09-18	active		57a7b1104a965894843f34589084a32a3d7bf3a6f636f94b15192800ca4d3f90	2026-10-03
wey	wey	2026-09-18	active		41e7a84c82590afcfc718270911d3677e7a359500cd551401beeef39cfb3454a	2026-10-03
whales-fyne	whales fyne	2026-09-18	active		2066b5b1fef88ec8e4caa461e286c5b3928cbeb47c5a16b60733802baa104867	2026-10-03
whalesgrece	whalesgrece	2026-09-18	active		3189abd40f08f95ec66462b536f0027aad5a0427bfac83e4be4b092af6d14727	2026-09-29
whalesmolte	whalesmolte	2026-09-18	active		667961d363d47092542bd23414754b10cdbcb0e27a79a02f329b1f8217cae562	2026-09-29
wharvel	wharvel	2026-09-18	active		bec472f070cc30b390649a8baf73a5dc6d662efee888b5e342e9ba3f251b3799	2026-09-29
whasshing-betelle	whasshing betelle	2026-09-18	active		42ee42321638f4f3c5e32b17092adaced6098600e71585a8ab3da3438ea405bb	2026-09-29
wheat	wheat	2026-09-18	active		6e4e3d804cc81f2caf70919d093af64765025101970a72d5faac3f72f2ef34b6	2026-10-03
whetstone	whetstone	2026-09-18	active		6f9963d7508c0383ef72de09ef78241d3966f0f85deb7a0e4a2ecaec03b1e65c	2026-10-03
whip	whip	2026-09-18	active		60ff1727786363cae367c6e6c71979d29b1c2d7aa7994a5b0e3bea07631dc9c7	2026-09-29
whipcord	whipcord	2026-09-18	active		19085f082949c6df9fdad3bd852b820ec22a068c84654ec7e6354aa54463087d	2026-09-29
whipstock	whipstock	2026-09-18	active		f48d256b566583fcfeff668c58523b155b1bcba367bec623a0d00b63e05dee32	2026-09-29
whisk	whisk	2026-09-18	active		4cb28ef4359aaeb88116610cf602e4d7f1c2d3e3a29750eeddf05b3751334775	2026-09-29
whistle	whistle	2026-09-18	active		f5032520235b2064784745ea54dd5e2ef0dfde9c728f26e8fdef83826db72273	2026-09-29
white-cloth	white cloth	2026-10-03	active		72fdfed9dc45154a3338368d70ac8f5bda5bbd83db7ecf37abf22d26c3c3bfcc	2026-10-03
white-lead	white lead	2026-09-18	active		bd525349f6463e9fa549fe50ab8ddfebf0f2cf52e1a16d232d64c738a8bf58f1	2026-10-03
whiting	whiting	2026-09-18	active		76f99ca7c5f2b5d997520492dd47058e6ba10885a958a093828a1f39f7d711f7	2026-09-29
whitner-threde	whitner threde	2026-09-18	active		5af91b212e10b8dd90d07472d9c3a50c8f0d2b7cf486d719e1cac4efa6f1e132	2026-09-29
whittle	whittle	2026-09-18	active		e7e1db2fe54ce2e8b8eef36dee74013667002f4602a043a002f01f67852e897d	2026-10-03
wick	wick	2026-09-18	active		a165b4c01d2b8adbe2f840045a09ba8fc3ee6e5f33e32dfad577f0f89fd9a672	2026-09-29
wicker	wicker	2026-09-18	active		6edc3e1e088ed41bb58e22cb6ac22b88a24cdf27a6f8e3250db5ba22bb15c0f0	2026-10-03
wicker-bottle	wicker bottle	2026-09-18	active		de3a3cf95179f1d8bcc9dba2da7afe424532c48ba4e9282f0091bd50477d0896	2026-09-29
willoborde	willoborde	2026-09-18	active		cd95e8b6398025754d343056333819e704e591b0644c7188455c9f9f950227d8	2026-09-29
wimble	wimble	2026-09-18	active		de1c668955ea2b6552413fd55f536d3351f3c7d7d176583c15168fd5bf3062bf	2026-09-29
wimble-iron	wimble iron	2026-09-18	active		70bd588081c578f54051834013405609eabffac13dbcbdd17015195f0593f063	2026-09-29
wimple	wimple	2026-09-18	active		e716f1d99c4e3f813f9fdb620be407a48cd4f2e2e1f59ef211afcce7d091ac68	2026-09-29
windlass	windlass	2026-09-18	active		0d7be145db0fed57d8a349f02f7061312a9d440387018ca41be88f48b0908d51	2026-09-29
wine	wine	2026-09-18	active		9c084d4c2b7546c3fb0ab67d48bc0da1671411669038b3567ec03b3973d07d4c	2026-10-03
winestone	winestone	2026-09-18	active		8aa6666e7c7652741dc0aab09173665e517f60883b30465a4880ce5454e16e25	2026-10-03
winnow	winnow	2026-09-18	active		06d885ae7b4799ba433d3fbe84acf9c6871c4282c24ec466b3dbd8410f02a4e2	2026-09-29
wire	wire	2026-09-18	active		bee33f872004b8787cec0c7159b96e13c90b4c28fc54f97f8666ef7f21e6cc9b	2026-10-03
wisp	wisp	2026-09-18	active		53498db4d5dd34419140b08e11274f38a09bb1e415e352d815c4ce5042c853e5	2026-09-29
woad	woad	2026-09-18	active		603bc1dfcf1c69a44584bfa4a6f24ca66db533ec419938fae78911ae4a2b295d	2026-10-03
wolf	wolf	2026-09-18	active		9f75e113b9bf7abfb0ea0f1aa404bee1776c93ad95c11cac9f5caeb5f12d611f	2026-09-29
wood	wood	2026-09-18	active		0e8023b1dd5d6cc1c2212f2708727d04b582fb777272591d69fc2f08be2404b9	2026-09-29
woodash	woodash	2026-09-18	active		c05cff4388b7f2a2d5ac2576ab83786066a7d5103f385cb103fae45ecfeba7bb	2026-09-29
woodknife	woodknife	2026-09-18	active		dc00d95bf5f1a6a95f6443e41adebcdb597fa6ca272f94dcf53fda9299bc8c6d	2026-09-29
woodknife-blade	woodknife blade	2026-09-18	active		9292782f8a25359569a81a50f530c3e1bc114678ef123cc5e0d2ef7809032713	2026-10-03
woodstave	woodstave	2026-09-18	active		580dc8a076c0f12a20bc6a2bc2542cf81d03c8e545674d8439e663d600499f45	2026-09-29
wool	wool	2026-09-18	active		617670db6bbda156333948b71a20fb67b4df16545fcb4a2c6564d7b544b504f5	2026-10-03
wool-card	wool card	2026-09-18	active		9042afb6b92cabca644b9e94745a990d6cd5dfadcdf5a93c308a3d15a269f249	2026-09-29
wool-comb	wool comb	2026-09-18	active		d5493ad2d7761eee1bd919cbeede73f05b6becd655f71289fd8c6552704004ab	2026-09-29
woolen-colour	woolen colour	2026-09-18	active		ac271f2079a4904717ae563bd4440b3fbf34029bb195a6c2e18ced9e773d78fd	2026-10-03
woolfell	woolfell	2026-09-29	active		92fb78aaff41de95dbe32502d2936229ea4c05f61eb64397834457a9afc31ef4	2026-10-03
wormseed	wormseed	2026-09-18	active		de248412e8fbc548c7cb3a64692381019af67d20cd829af859dd80c05353c772	2026-10-03
worsted	worsted	2026-09-18	active		713126e3e50c5bdb55037b40150cf383144019adf6a347d8fd09259ea41b1a19	2026-10-03
wrapper	wrapper	2026-09-18	active		0ce95865c78e527a8074ab054802a3ff66bce2d979ef3000a983efb9f1f411ea	2026-09-29
wrest-pro-harpys	wrest pro harpys	2026-09-18	active		1a862ca156e4033c871f1f9cdcc8e0df5bddbf6953e28808dbc3e3ff521c0828	2026-09-29
writing-tablet	writing tablet	2026-09-18	active		ac1e7577e251b3b878354ce2513da01cbd63737b1a06b9abfc960381dca86d9a	2026-09-29
wyning	wyning	2026-09-18	active		759cab8406c38ff9920dffb3d1a72ce5edaa45b2279aed4fde76965cd584ac2f	2026-09-29
yard	yard	2026-09-18	active		3d4a12e14dd3af0df8d9600b80b96e56ccb319bbe6d35f6c3f0f4a81811e2058	2026-10-03
yarn	yarn	2026-09-18	active		51fcb3bc3550c094f827bb6238b6f820a90ce2fa88be09ffda166a4f008514f1	2026-10-03
yewaner	yewaner	2026-09-18	active		a01e972f7db90993cde72ffa47e5373232354884b9f350161a765b1fae69f3ae	2026-09-29
yones	yones	2026-09-18	active		503bc8a65c9f1a2205f59b4802b591bfef0b55662fd94ad7c80d11f92f191fde	2026-09-29
