Canonical_Word	Aliases
a	a
ab	ab
abc	abc
abci	abci, abcy, absi, absie, absye
abek	abek
aberdashrie	aberdashrie, aberdasshrie
abesher	abesher, abesshere
abhortorum	abhortorum
abie	abie, abye
abilement	abilement, abillementte
abind	abind, abinde
abiz	abiz
abl	abl, able
abov	abov, above
abro	abro
absque	absque
ac	ac
acarigo	acarigo
acci	acci, aci
acco	acco, aco
accu	accu, acu
accum	accum, acum
acerbi	acerbi
acern	acern, acerne
achim	achim
achtendel	achtendel, achtendele
acob	acob
acobi	acobi
acobo	acobo
acobu	acobu
acri	acri
acs	acs, acse, ax, axe
actor	actor
acuum	acuum
ad	ad, add, adde, ade
addse	addse, ads, adse
adductorum	adductorum, aductorum
addy	addy, adi
administrator	administrator, administratore
admirali	admirali, admiralli
adnet	adnet, adnette
ado	ado
adzi	adzi
ael	ael, al, ale, all, alle
afforsayd	afforsayd, aforsaid
affrettata	affrettata, afretata
ag	ag, age
against	against
ageler	ageler, aggeler
agelot	agelot, agelotte
ager	ager, agger
agglette	agglette, aglet, aglett, aglette
agn	agn, agne, an, ane, anne, aun, aune
agneli	agneli, agnelli
agnellorum	agnellorum, agnelorum
agnet	agnet
agni	agni
agniculorum	agniculorum
agnini	agnini
agnorum	agnorum
agoson	agoson
agr	agr, agre
agri	agri
aguler	aguler, agulere
agulet	agulet, agulete
aguleti	aguleti, aguletti
aguletorum	aguletorum, agulettorum
ai	ai, ay, I, i, y
aibrok	aibrok, aybroke
aid	aid
aidink	aidink, aydinke
aie	aie, aii, aye
aiello	aiello, aielo, elow, elowe
aifan	aifan, ayfan, fan, fanne, phan, phanne
aiing	aiing, aying
ail	ail, ayle
aili	aili, ailli
ain	ain, ayn
ais	ais, aisse
aish	aish, aissh
aishez	aishez, aysshez
aister	aister
ait	ait, ayte
ak	ak, ake, aque
aka	aka
akar	akar
akin	akin, akyn
akli	akli, akly
ala	ala
alabaster	alabaster
alabastr	alabastr, alabastre
alabastri	alabastri
alabastro	alabastro
alablaster	alablaster, allablaster
alablastro	alablastro
alam	alam, alame, allam, allame
alb	alb, albe
alba	alba
albarum	albarum
albaster	albaster
albei	albei
albertin	albertin, albertyn
albez	albez
albi	albi, albii, alby, allbi
alblad	alblad, alblade, allblade
albladi	albladi, alblady, allbladi
alblaster	alblaster, alblastr, alblastre
alblastri	alblastri
albo	albo
alborum	alborum
albuet	albuet
album	album
albz	albz
ald	ald, alde
aldarman	aldarman, alldarman
alden	alden
alderman	alderman
aldermanno	aldermanno, aldermano
aldo	aldo
aleblad	aleblad, alleblade
alebladi	alebladi, alleblady
aleblaster	aleblaster, alleblaster
alec	alec, allece
aleci	aleci, alleci
alecibu	alecibu, allecibu
alecti	alecti, allecti
alegatum	alegatum, allegatum
alehaft	alehaft, allehafte
alei	alei, allei, olei, oley
aleiren	aleiren, alleyrene
alentin	alentin, alentyne
aler	aler
aleres	aleres, aleresse
alesecr	alesecr, allesecre
alew	alew, alewe
alexander	alexander, alexandr, alexandre
alf	alf, allffe
alfani	alfani, alfany
alfeni	alfeni, alfeny, alphenie, alphenye
alfford	alfford, alford
alfher	alfher, alfhere
alfini	alfini, alfyni
alhaffte	alhaffte, alhaft, alhafte, allhafte
alhafti	alhafti, alhafty
alheft	alheft, alhefte
ali	ali, alli, ally
alia	alia
aliam	aliam
alibastr	alibastr, allibastre
alibi	alibi
alici	alici
alien	alien
aliengena	aliengena
aliengiena	aliengiena
aliengienam	aliengienam
alienigea	alienigea
alienigen	alienigen, alienigene
alienigena	alienigena
alienigenam	alienigenam, alienigenem
alienigenarum	alienigenarum
alienigeni	alienigeni
alienigeno	alienigeno
alienigenorum	alienigenorum
alienigna	alienigna
alii	alii, aliii, allii
alim	alim, alym
alimini	alimini, alymini
alinr	alinr, alynr
alio	alio
aliopoteca	aliopoteca
aliorum	aliorum
aliqua	aliqua
aliquibu	aliquibu
aliquo	aliquo
aliquorum	aliquorum
aliren	aliren, aliron, allyren, allyrene, alyren, alyrene, alyron, alyrone
alirin	alirin, aliryn
alirinz	alirinz, alyrynz
alirn	alirn, alirne, alyrne
alisaunder	alisaunder, alisaundr, alisaundre, alysaundre, alyssaunder
aliter	aliter
alizandr	alizandr, alizandre
alkamin	alkamin, alkamyn
alkenami	alkenami, alkenamy
alkenemie	alkenemie, alkenemye
allmonde	allmonde, almond, almonde
allni	allni, alni
allo	allo, alo, alow, alowe
alloie	alloie, aloie
alloipatice	alloipatice, aloipatic
allom	allom, allome, alom, alome
allum	allum, allume, alum, alume
allute	allute, alut
almanax	almanax
almand	almand, almande, almund, almunde
almandi	almandi, almandy
almari	almari, almary
almarie	almarie
almaund	almaund, almaunde
almend	almend, almende
almeri	almeri, almery
almiral	almiral, almyrall
almon	almon
almondez	almondez
almondi	almondi
almoton	almoton
almound	almound, almounde
alna	alna
alnarum	alnarum
aloe	aloe
aloei	aloei, aloey
aloepatica	aloepatica
aloez	aloez
aloperdion	aloperdion
alphanim	alphanim
alsarum	alsarum
also	also
alson	alson
alt	alt, alte
altar	altar, altare, alter, aulter
altari	altari
altazar	altazar
altera	altera
altero	altero
alton	alton
alumin	alumin, alumine
alumini	alumini
am	am, ame
amail	amail, amaille, amayl, amaylle
ambasador	ambasador, ambassadore
ambasator	ambasator, ambassatore
ambasiator	ambasiator, ambassiatore
amber	amber, ambr, ambre
ambir	ambir
ameil	ameil, ameille, ameylle
amel	amel, amell, amelle
amerie	amerie, amerye
amerin	amerin, ameryn
amfer	amfer
amgidallorum	amgidallorum, amgidalorum
ami	ami
amigdalarum	amigdalarum, amigdolarum
amigdallorum	amigdallorum, amigdalorum, amigdollorum, amigdolorum, amygdolorum
amigeal	amigeal, amigealle
amigolorum	amigolorum
amil	amil, amylle
ammonyak	ammonyak, amoniak
amomo	amomo
among	among
amptonie	amptonie
amsted	amsted, amstede
anap	anap, anape
anapart	anapart, anaparte
anapul	anapul, anapulle
anata	anata, annata
anavia	anavia
anc	anc, ance, ank, anke
anchov	anchov, anchove
ancr	ancr, ancre, anker
ancra	ancra
ancta	ancta
and	and, ande, aund, aunde
anda	anda
andeiern	andeiern, andeyern, andeyerne, andiron, andyron, aundiron, aundyron
andelet	andelet, andelete, andelette, andellete
ander	ander, andr, aunder
anderi	anderi, andery
andfeld	andfeld, andfelde
andglet	andglet, andglette
andie	andie
andisi	andisi
andlet	andlet, andlette, aundlet, aundlette
andlot	andlot, andlote
andrin	andrin, andryn
andseli	andseli, andselli
andvili	andvili, andvilli
anei	anei, annei, anney
anel	anel, anelle
anelet	anelet, anelette
anelot	anelot, anelotte, anlet, anlette
anesed	anesed, anesede, anessede, annesed, annesede, annessed, annessede
anexa	anexa, annexa
anexum	anexum, annexum
anfeldi	anfeldi
ang	ang
angdlet	angdlet, angdlette
angel	angel, angele, angell
angellorum	angellorum, angelorum
angilarum	angilarum, angillarum
anglet	anglet, anglette
angnellorum	angnellorum, angnelorum
angnorum	angnorum
angu	angu
anguilarum	anguilarum, anguillarum
anguili	anguili, anguilli
anguillarum	anguillarum, anguilllarum
anguini	anguini
angul	angul, angule
angularum	angularum, angullarum
angulet	angulet, angulette
anguli	anguli, angulli
anguuilarum	anguuilarum, anguuillarum
angwilarum	angwilarum, angwillarum
ani	ani, anni, any
anie	anie, anye, auni, auny
animalibu	animalibu
anis	anis, annyse, anyse
anised	anised, anisede, annisede, annysede, annyssede, anysede, aunised, aunysede
aniseed	aniseed, annyseede
anno	anno, ano
annorum	annorum, anorum
annotata	annotata, anotata
annotatam	annotatam, anotatam
annotatum	annotatum, anotatum
annulorum	annulorum, anullorum, anulorum
anson	anson
ant	ant, ante
antea	antea
antedicti	antedicti
antedicto	antedicto
antemoign	antemoign, antemoin, antemoygne, antemoyne
antemonie	antemonie, antemonye
antimoni	antimoni, antymony
antiperi	antiperi
antisol	antisol, antisole
antutu	antutu
anu	anu
anul	anul, anule
anuli	anuli, anulli
anulo	anulo
anveld	anveld, anvelde
anvelt	anvelt, anvelte
anvild	anvild, anvilde
anz	anz
ao	ao
ap	ap, ape
apan	apan
aparatu	aparatu, apparatu
aparet	aparet, apparet
apec	apec
apel	apel, appelle
apen	apen
aper	aper, apper
aperato	aperato
apern	apern
apert	apert, aperte, apperte
aperti	aperti, apperti
apl	apl, aple, apple
aplu	aplu, applu
apon	apon, apone, appon
apond	apond
apoun	apoun
appreciata	appreciata, apreciata
appreciati	appreciati, apreciati
appreciato	appreciato, apreciato
appul	appul, appule, appull, appulle, apul, apule, apulle
appuli	appuli, apuli
appunctatum	appunctatum, apunctatum
appunctuatum	appunctuatum, apunctuatum
apron	apron
aptati	aptati
apud	apud
aqua	aqua
aquam	aquam
aquanorum	aquanorum
aquavit	aquavit, aquavite
aquevit	aquevit, aquevite
aquevita	aquevita
aquila	aquila
ar	ar, are, arre, r, rr, rre
ara	ara
arabek	arabek, arabeke
arabi	arabi, araby
arardo	arardo, arrardo, rardo, rrardo
arb	arb
arblast	arblast, arblaste
arblaster	arblaster
arblasti	arblasti
arca	arca
arcenek	arcenek, arsenek
arcenico	arcenico
arcenik	arcenik, arcenyk, arsenik, arsenyk, arsenyke, arsnek, arsneke, arsnick, arsnik, arsnyck, arsnyk, arssnek
archer	archer
archi	archi
archiepiscopo	archiepiscopo
arci	arci, arcy
arco	arco
arcubu	arcubu
arcuum	arcuum
ard	ard, arde
ardeli	ardeli, ardelli
ardello	ardello, ardelo
ardenti	ardenti
ardo	ardo
arebek	arebek, arrebek
areli	areli, arelli
arello	arello, arelo
arg	arg, arge
argal	argal, argall, argalle, argel, argell, argelle, argul, argule, argull, argulle
argent	argent, argente
argentearum	argentearum
argentee	argentee
argentei	argentei
argenti	argenti
argento	argento
argheblast	argheblast, argheblaste
arghed	arghed, arghede
argoil	argoil, argoylle
arguil	arguil, arguille
ari	ari, arry, ary
aria	aria
aridi	aridi
arie	arie, eri
arii	arii
arin	arin, aryn
ariorum	ariorum
arm	arm, arme
arman	arman, armen, armin, armyn
armano	armano
armicudia	armicudia
armicudii	armicudii
armicudio	armicudio
armicudiorum	armicudiorum
armiger	armiger
armigeri	armigeri
armigero	armigero
armil	armil, armylle
armilausa	armilausa
arming	arming, armyng
armingnail	armingnail, armyngnaylle
armonak	armonak
armoneak	armoneak, armonek
armoniac	armoniac, armoniak, armoniake, armonyac, armonyak, armonyake
armorer	armorer
armour	armour
armulausi	armulausi
arn	arn
arnement	arnement
arnemouth	arnemouth
arnik	arnik, arnyke
arow	arow, arowe, arrow, arrowe, auro, ro, row, rowe, wrow
arowblast	arowblast, arowblaste
arowblasti	arowblasti
arowez	arowez, arrowez
arowschafti	arowschafti, arowschafty
arowshaft	arowshaft, arowshafte
arpelarii	arpelarii, arpellarii
arpleri	arpleri
arsinik	arsinik, arsinyk
artholomeo	artholomeo
artin	artin, artyn
arto	arto
artson	artson
arum	arum, eram
arwaie	arwaie
arwhowshafti	arwhowshafti, arwhowshafty
as	as
asch	asch, ash, assch, assh
aschi	aschi, asschi
aschrie	aschrie, asherie, ashrie, asshrie, asuri
asconie	asconie
ashen	ashen, asshen
asheri	asheri, ashery
ashez	ashez, asshez
ashi	ashi, asshi
asignatum	asignatum, assignatum
asis	asis, assise
asisa	asisa, assisa
asshrie	asshrie, assshrie
astarachia	astarachia
asti	asti, asty
asur	asur, asure
asuree	asuree
at	at, att, atte
atabi	atabi, attaby
atabie	atabie, attabye
atanio	atanio, atanyo
aterina	aterina
atingen	atingen, attingen
atingent	atingent, attingente
atingunt	atingunt, attingunt
aton	aton
ator	ator, atore
atoribu	atoribu
atornati	atornati, attornati
atornato	atornato, attornato
atornatum	atornatum, attornatum
au	au, o, oh
aucarum	aucarum
aud	aud, aude
auditor	auditor
augh	augh, aw, awe
aughtendel	aughtendel, aughtendelle
aughtendeli	aughtendeli, aughtendelli
aughtindel	aughtindel, aughtindelle, aughtyndel, aughtyndelle
aughtindeli	aughtindeli, aughtindelli
auglet	auglet, auglette
augustin	augustin, augustyn
aul	aul, aull
aula	aula
aulblad	aulblad, aulblade
aum	aum, aume, awm, awme
aumber	aumber, aumbr, aumbre, awmber
aumi	aumi, aumy
aundeiren	aundeiren
aundeiron	aundeiron, aundeyron
aundiern	aundiern
aundirin	aundirin, aundyryn
aundo	aundo
aunei	aunei, auney
aunelet	aunelet, aunelette
auneletez	auneletez, aunelettez
aunesed	aunesed, aunesede, aunessed, aunessede
aunesid	aunesid, aunesside
aunlet	aunlet
aur	aur, aure, er, ere, euer, heur, heure, ir, oer, oere, reigh, reighe, ur, yre
aurearum	aurearum
aureatarum	aureatarum
auree	auree, rea, ri, rie, ry, rye
aurefoil	aurefoil, aurefoille
aurei	aurei, righ, righe, ryghe
aurepartie	aurepartie, aurepartye
auri	auri, aurri, ori, orie, ory, orye
aurifabri	aurifabri
aurum	aurum, orum
aut	aut
auter	auter, outr, outre
av	av, ave
avelanarum	avelanarum, avellanarum
avelani	avelani, avellani
avelanorum	avelanorum
aven	aven, avene
avenarum	avenarum
aventail	aventail, aventaile, aventaille
aventali	aventali, aventalli
avert	avert
avi	avi
avo	avo
avu	avu
awer	awer, or, ore
awmez	awmez
awmond	awmond, awmonde
awn	awn, awne
awndern	awndern
awndevil	awndevil, awndevyle
awndiren	awndiren, awndyren
awndiron	awndiron, awndyron
awndorn	awndorn
awnez	awnez
awter	awter
axi	axi, axy
azafetida	azafetida
azuri	azuri
ba	ba
babi	babi, baby
babie	babie, babye
bac	bac, bace, back, backe, bak, bake, bakke
backez	backez
baco	baco
bacon	bacon, bacone, baken
baconi	baconi
baconibu	baconibu
bacoun	bacoun
bacston	bacston, bacstone, bakston, bakstone, baxston, baxstone
baculi	baculi
bacun	bacun, bakon, bakone
badekin	badekin, badekyn
bag	bag, bage, bagg, bagge
baga	baga, bagga
bagepipi	bagepipi, baggepipi
baggi	baggi, baggy, bagi, bogee
bago	bago
bagpip	bagpip, bagpipe, bagpype
bagpipi	bagpipi, bagpipii, bagpipy, bagpypi, bagpypy
bai	bai, bay, bi, by
baiboir	baiboir, bayboyr
baie	baie, baye
baiez	baiez, bayez
bail	bail, baile
bair	bair, bayre, bear, beare
baish	baish, baissh, bayssh
baishron	baishron, baysshrone
baishrun	baishrun, baysshrune
baishrunez	baishrunez, baisshrunez, baysshrunez
baker	baker
bakeston	bakeston, bakestone
bakez	bakez, bakkez
baki	baki, bakky
bakstoni	bakstoni, bakstony
bakstonz	bakstonz
bal	bal, bale, ball, balle
bala	bala, balla
balac	balac, balace
balacez	balacez
balam	balam
balan	balan, ballan
balanc	balanc, balance, balenc, balence, ballance
balancez	balancez
balans	balans, balens, ballanse, ballense
balastrerio	balastrerio, ballastrerio
balaun	balaun
balaunc	balaunc, balaunce, ballaunce
balauncez	balauncez
bald	bald
baldakin	baldakin, baldakyn
baldeken	baldeken, baldekene
baldekin	baldekin, baldekyn, baldekyne
baldekini	baldekini
baldk	baldk
baldkin	baldkin, baldkyn, baldkyne
balei	balei, baley
balestav	balestav, ballestave
balestrerio	balestrerio, ballestrerio
balet	balet, balete, balett, balette, ballet, ballete, ballett, ballette
baleti	baleti, baletti, balletti
baleto	baleto, baletto, balleto
balettum	balettum, baletum
balettz	balettz, baletz, balletz
balez	balez
bali	bali, balli, bally, baly
balinger	balinger, balyngger
balist	balist
balista	balista
balisti	balisti
balistrerio	balistrerio
balkin	balkin, balkyn
balloke	balloke, balok
balmat	balmat
balon	balon
balsami	balsami
balsamo	balsamo
bam	bam, bame
bancker	bancker, banker, bankere, bankker, bankor, banquer, banquere
bancor	bancor
bancour	bancour
band	band, bande
baner	baner, banner
bankar	bankar
bankeri	bankeri
banquir	banquir, banquire
bar	bar, bare, barr, barre
bara	bara
barb	barb, barbe
barbero	barbero
barbier	barbier
barbitonsoribu	barbitonsoribu
barbor	barbor, barbour
bard	bard, barde
bardi	bardi, bardy
barehid	barehid, barehide
barel	barel, barele, barell, barelle, barrel, barrell, barrelle
barela	barela, barella
bareld	bareld, barreld
bareled	bareled, barelled
barelez	barelez, barellez, barrellez
barelholt	barelholt, barellholt
bareli	bareli, barelli, barellli, barreli, barrelli
barello	barello, barelo, barrello
barellorum	barellorum, barelorum, barrellorum
barellum	barellum, barelum, barrellum
baret	baret, barete
barg	barg, barge
barga	barga, bargia
bargam	bargam
bargea	bargea
bargiam	bargiam
barheid	barheid, barheyde
bari	bari, barri, barry
baril	baril, barril, baryle
barili	barili, barilli, barrilli
barka	barka
barlai	barlai, barlay, barli, barly
barlei	barlei, barley
baroled	baroled
baronibu	baronibu
barow	barow, barowe, borough, borow, borowe
basaliconi	basaliconi, basalicony
basan	basan, basane
basanarum	basanarum
basc	basc, bask, baske
basch	basch, bash, bassch, bassh
bascheron	bascheron, bascherone, basheron, basherone, basherun, basherune, bashrun, bashrune, basscheron, bassheron, bassherone, basshrune
basein	basein, baseyn
basel	basel, basell, baselle, bassel, bassell
baselard	baselard, baselarde, basellard, basellarde
baselardi	baselardi
baselardorum	baselardorum
basen	basen, basene, bashon, bason, basone, bassen, basshon
basenet	basenet, basenette, basnet, basnette
baseni	baseni
basheroun	basheroun, bassheroun
basherunez	basherunez, bashrunez, basshrunez
bashor	bashor, basshor
bashron	bashron, basshron
bashroni	bashroni
basil	basil, basille, basylle
basiliconi	basiliconi
basin	basin, bassin, bassyn, basyn, basyne, basynne
basinet	basinet, basinette, basynette
basing	basing, basyng
baskat	baskat, baskate
basket	basket, baskete, baskett, baskette, bassket
basketi	basketi, basketti, basketty
basketo	basketo, basketto
basketorum	basketorum, baskettorum
baskit	baskit, baskyt, baskyte, baskytt
baslard	baslard, baslarde
baslardi	baslardi
baslardorum	baslardorum
basoun	basoun, basoune
basour	basour, bazer
bast	bast, baste
bastard	bastard, bastarde, basterd, basterde, bastered, basterede
bastardi	bastardi
bastardo	bastardo
basti	basti, basty
bastrop	bastrop, bastrope
bastropez	bastropez
bastropi	bastropi
bat	bat, bate, batte
batam	batam
batel	batel, batelle
batela	batela, batella
batelam	batelam, batellam
bateli	bateli, batelli
batello	batello, batelo, battello
bateport	bateport, bateporte
bateri	bateri, batery, batteri, battery
baterie	baterie, baterye
batiport	batiport, batyporte
baton	baton
batr	batr, batre, battre
batrei	batrei, batrey, battrey
batri	batri, batrie, batrii, batry, batrye, battri, battry, battrye
battury	battury, baturi
baud	baud
baudekin	baudekin, baudekyn
baudekini	baudekini
baudekino	baudekino
bauderik	bauderik, bauderike
baukerham	baukerham
baul	baul, baule, bawl, bawle, bawlle
baum	baum, baume, bawm, bawme
baunker	baunker, baunkere, bonker
baveour	baveour, bavier
baver	baver, baveur
baviour	baviour, bavyour
baw	baw, bawe
bawdekin	bawdekin, bawdekyn
bawdekinum	bawdekinum, bawdekynum
bawdkin	bawdkin, bawdkyn
bawestring	bawestring, bawestrynge
bawstav	bawstav, bawstave
bazel	bazel, bazell
be	be, bee, bie, bye
bead	bead, beade, beed, beede, beid, beyde
beadi	beadi, beady
beam	beam, beame
bean	bean, beane, bin, byn
beat	beat, beate, bit, bitte, bytte
bech	bech, beche, bek, beke
becin	becin, becyne, busin, busyn
bed	bed, bedd, bedde, bede
bedcloth	bedcloth, bedclothe
beddez	beddez, bedez
beddi	beddi, beddy, bedi, bedy
bedestad	bedestad, bedestade
bedeston	bedeston, bedestone
bedestoni	bedestoni, bedestony
bedsted	bedsted, bedstede
beer	beer, beere, beir, beire, beyr, beyre, bier, biere, bierre, byer, byere
bef	bef, beff
beforsaid	beforsaid
being	being
beker	beker
bel	bel, bele, bell, belle
beland	beland
belandin	belandin, belandine, belandyn
belefust	belefust, belefuste
belendin	belendin, belendyn, belendyne
belet	belet, belete, belette
beli	beli, belli, belly, bely
belibord	belibord, belyborde
belie	belie, belye
beliez	beliez
bellow	bellow, bellowe, below, belowe
bellowez	bellowez, belowez
bellowi	bellowi, bellowy, belowi, belowy
belong	belong
belt	belt, belte
bem	bem, beme
ben	ben, bene
bend	bend, bende
bendez	bendez
bendi	bendi, bendy
benediccioni	benediccioni, benedicioni
benedicta	benedicta
beni	beni, beny
benker	benker
beover	beover
bequer	bequer, bewker, bewkere
ber	ber, bere, berre, bir, byr, byre
berecloth	berecloth, bereclothe
beregour	beregour
berepot	berepot, berepotte
beret	beret, berete
beretr	beretr, beretre
beretri	beretri
beri	beri, berri, berry, bery
berie	berie, berye
beril	beril, berille
bernicat	bernicat, bernycat
bert	bert
berto	berto
besed	besed, besede
beseid	beseid, beseyd, beseyde
besi	besi, besy
besid	besid, beside, bessyde, besyd, besyde, biesid, bieside
besied	besied, besyed, besyede, bieseid, bieseide
besom	besom, besome
beson	beson
best	best, beste
bestii	bestii
bet	bet, bete
betel	betel, betelle
beten	beten
betin	betin, bettyn, betyn
between	between
bev	bev, beve
beveour	beveour, bevir
bever	bever, bevere, bevour
beverag	beverag, beverage
beveri	beveri, bevery
bewg	bewg, bewge
bewir	bewir, bewyr
bibendo	bibendo
bibenti	bibenti
bic	bic, byce
biera	biera
biga	biga
bigi	bigi
biker	biker, bikere
bil	bil, bille
bilam	bilam, billam
bilet	bilet, bilett, bilette, billet, billete, billette
binder	binder, bynder
binding	binding, bindyng, bynding, byndyng
binson	binson, bynson
birdelim	birdelim, birdlim, birdlyme, byrdelyme, byrdlyme
bis	bis, bise, byse
biselk	biselk, byselke
bisid	bisid, byside, bysyd, bysyde
bisilk	bisilk, bisilke, bysilk, bysilke, bysylk, bysylke
bisken	bisken
bisket	bisket, biskett, byskett
bisom	bisom, bysome, byssom, byssome
bisor	bisor
bisti	bisti
bitez	bitez, bittez
bitor	bitor
bitoribu	bitoribu
bitumini	bitumini
bla	bla
blaad	blaad, blaade
black	black, blacke, blak, blake, blakke
blackston	blackston, blackstone, blakston, blakstone
blad	blad, blade
bladdi	bladdi, bladi, blady
bladsith	bladsith, bladsithe
blaksop	blaksop, blaksope
blanc	blanc, blance, blank, blanke
blanci	blanci
blancket	blancket, blanckete, blanckett, blanckette, blanket, blankete, blankett, blankette
blandket	blandket, blandkete
blanketi	blanketi, blanketti
blaudrellorum	blaudrellorum, blaudrelorum
blaunckat	blaunckat, blaunckate
blaundereli	blaundereli, blaunderelli
blaunderellorum	blaunderellorum, blaunderelorum
blaundrellorum	blaundrellorum, blaundrelorum
blaunket	blaunket
bleched	bleched
bleked	bleked, blekked
blekid	blekid
blenketh	blenketh
bleu	bleu, blew, blewe, blue
blewing	blewing, blewynge
bli	bli, bly
blo	blo, blow, blowe
blober	blober
bloc	bloc, block, blocke, blok, bloke, blokke
blodii	blodii
blodio	blodio
bloiing	bloiing, bloying
blokez	blokez, blokkez
bloki	bloki, bloky
bloto	bloto, blotto
blouing	blouing, blouinge, blouyng
bloweing	bloweing, bloweyng, blowing, blowyng, blowynge
blower	blower
blowinghorn	blowinghorn, blowinghorne, blowynghorne
blowinghorni	blowinghorni, blowynghorni
blox	blox, bloxe
bo	bo
boan	boan, boane
bobi	bobi
bobin	bobin, bobyn
bobnail	bobnail, bobnaille
bobo	bobo
bobu	bobu
boc	boc, boce, bock, bok, boke
bocal	bocal, bocale, bocalle, bocl, bocle, bokal, bokale, bokil, bokille, bokkylle, bokl, bokle, bokyl, bokylle
bocarsin	bocarsin, bocarsyn
bocasin	bocasin, bocasyn, bokasin, bokasyn, bokasyne
boceram	boceram, bocerame
bocher	bocher
boci	boci, bocy, bosi, bossi, bossy
bockeram	bockeram, bockerame, bockram, bocram, bokeram, bokerame, bokram
bockfel	bockfel, bockfell
bodg	bodg, bodge
bodken	bodken
bodkin	bodkin, bodkyn, bodkyne
bof	bof, boff, boffe
bog	bog, boge, bogge
bogei	bogei, bogey
boget	boget
boggy	boggy, bogi, bogy
bogie	bogie, bogye
bogiet	bogiet, bogiette
boil	boil, boylle
boilion	boilion, boillion
boillon	boillon, boilon
boitken	boitken, boytken
bokehorni	bokehorni, bokehorny
bokel	bokel, bokele, bokelle
bokelarum	bokelarum, bokellarum
bokeler	bokeler, bokelere
bokeli	bokeli, bokelli, bokely
bokerami	bokerami, bokeramy
bokeramz	bokeramz
bokerham	bokerham
boket	boket, bokett, bokette
boki	boki
bokili	bokili, bokilli
bokli	bokli
bokon	bokon
bol	bol, bole, bolle
bolard	bolard, bolarde, bollard, bollarde
bolein	bolein, boleyn
bolen	bolen, bollon, bolon, bolone
bolez	bolez, bollez
bolian	bolian, bolyan
bolin	bolin, bolioun, bolioune, bolyn
bolion	bolion, bolyon
bolster	bolster, bolstere, bolstr, bolstre
bolsteri	bolsteri, bolstery
bolt	bolt, bolte, boltte
boltel	boltel, boltell
bolteli	bolteli, boltelli
bolter	bolter, boulter
bolti	bolti
boltz	boltz
bombarder	bombarder, bombardere
bon	bon, bone, bonne
bonch	bonch, bonche
bonchez	bonchez
bonchi	bonchi, bonchii, bonchy
bond	bond, bonde
bondel	bondel, bondele, bondell, bondelle
bondelez	bondelez, bondellez
bondeli	bondeli, bondelli
bondello	bondello, bondelo
bondson	bondson
bonet	bonet, bonete, bonett, bonette, bonnete, bonnette
boneti	boneti, bonetti
bong	bong, bonge
boni	boni, bony
boo	boo, bu
booc	booc, booce, boock, boocke
boof	boof, booff, booffe
boog	boog, booge
book	book, booke
boon	boon, boone
boord	boord, boorde, bourd, bourde
boot	boot, boote
booth	booth, buth, buthe
bor	bor, bore
bora	bora, borra
borac	borac, borace
boras	boras, borase
borax	borax
borckloth	borckloth
borcloth	borcloth, borclothe
bord	bord, bordde, borde, bored, borede
bordalexandro	bordalexandro
bordalisandr	bordalisandr, bordalisandre
bordalisaundr	bordalisaundr, bordalisaundre
bordcloth	bordcloth, bordclothe
bordclothez	bordclothez
bordealexandr	bordealexandr, bordealexandre
bordealisaundr	bordealisaundr, bordealisaundre
bordecloth	bordecloth, bordeclothe
borded	borded
border	border
bordi	bordi, bordy
bori	bori, bory
boria	boria
borkecloth	borkecloth
borkloth	borkloth
born	born, borne
bos	bos, bose, boss
bosceli	bosceli, boscelli
bosci	bosci
bosel	bosel, bossel
bosez	bosez, bossez
bosgez	bosgez
boshel	boshel, boshelle
bostan	bostan
bostel	bostel, bostelle
boster	boster
bot	bot, bote, botte
bota	bota
botal	botal, botl, botle, bottalle, bottle
botam	botam
botel	botel, botele, botell, botelle, bottel, bottele, bottell, bottelle
botela	botela, botella
botelez	botelez, bottellez
boteli	boteli, botelli
botellorum	botellorum, botelorum
boten	boten, botten
botenet	botenet
both	both, bothe
bothemholt	bothemholt
bothen	bothen, bothun
bothom	bothom
bothum	bothum
boti	boti, botti
botiler	botiler, botiller
botinholt	botinholt, botynholt
botiri	botiri
botken	botken
botkin	botkin, botkyn
boto	boto
botom	botom, botome, bottom, bottome, botum
boton	boton, botton
botoun	botoun
bouckram	bouckram
boudekin	boudekin, boudekyn
boudg	boudg, boudge
bougeman	bougeman
boult	boult, boulte
boum	boum
boun	boun, boune
bounch	bounch
bounchez	bounchez
bounchi	bounchi
bound	bound, bounde, bownd
boundel	boundel, boundele, boundell, boundelle
boundeli	boundeli, boundelli
bounden	bounden
bourdalisaundr	bourdalisaundr, bourdalisaundre
boushel	boushel, bousshelle
boustav	boustav, boustave
boustavi	boustavi
bouwi	bouwi
bov	bov, bove
bovi	bovi
bovibu	bovibu
bovin	bovin
bovini	bovini
bovinorum	bovinorum
bovinum	bovinum
boviu	boviu
bovium	bovium
bovum	bovum
bovuum	bovuum
bow	bow, bowe
bowcasi	bowcasi
bower	bower
bowestav	bowestav, bowestave
bowestavi	bowestavi, bowestavy
bowestreng	bowestreng, bowestrenge
bowestring	bowestring, bowestringe
bowet	bowet, bowett
bowez	bowez
bowg	bowg, bowge
bowi	bowi, bowy
bowing	bowing
bowl	bowl, bowle
bowlt	bowlt, bowltte
bowltel	bowltel, bowltell, bowltelle
bowlter	bowlter
bowstav	bowstav, bowstave
bowstavez	bowstavez
bowstavi	bowstavi, bowstavy
bowstaw	bowstaw, bowstawe
bowstreng	bowstreng, bowstrenge
bowstring	bowstring, bowstringe
box	box, boxe
boxa	boxa
boxarum	boxarum
boxbed	boxbed, boxbede
boxc	boxc, boxce
boxi	boxi, boxxi, boxy
boxin	boxin, boxyn
boxst	boxst
boxstav	boxstav, boxstave
bozth	bozth
bra	bra
brac	brac, brak
bracarum	bracarum, braccarum
bracchio	bracchio, brachio
bracer	bracer
brachez	brachez
bracia	bracia
bracii	bracii, brasii
bracil	bracil, bracile, bracille
braham	braham
braket	braket, brakette
branch	branch
branched	branched
branteson	branteson, brantesson
bras	bras, brase, brasse
brasei	brasei
brasel	brasel, brasele, brasell, braselle, brasil, brasile, brasille, brassell, brasselle, brasyle, brasyll, brasylle
brasen	brasen
braser	braser, brasere
braseri	braseri, brasery
brasher	brasher
brasi	brasi, broshi, brosshi
brasiator	brasiator, brasiatore
brasier	brasier
brasili	brasili, brasilli
brasillo	brasillo, brasilo
braun	braun, braune, brawn
braunch	braunch, braunche
braunchi	braunchi, brawnchi
brazel	brazel, brazell
brazil	brazil, brazylle
bread	bread, breade, bred, brede
break	break
brechi	brechi
breck	breck, brecke, brek, breke
bregander	bregander, bregandere
breganderi	breganderi, bregandery
bregandin	bregandin, bregandyne, bregandynne, brigandin, brigandine, brigandyn, brigandyne, brigandynne, brygandyn, brygandyne
bregerdil	bregerdil, bregerdille
bregirdil	bregirdil, bregirdille
bregirdul	bregirdul, bregirdulle
bregrandor	bregrandor
breid	breid, breide
brekeston	brekeston, brekestone
brekling	brekling, breklynge
brekston	brekston, brekstone
brem	brem, breme
bremston	bremston, bremstone
brent	brent
bresel	bresel, bresell
bresh	bresh, bressh
brest	brest, breste
brestel	brestel, brestelle
brestplat	brestplat, brestplate
breten	breten
brev	brev, breve
brevi	brevi
brevia	brevia
brew	brew
brewer	brewer
brewi	brewi
brewing	brewing, brewyng
bri	bri
brick	brick, bricke, brik, brike, bryke
bridel	bridel, bridele, bridelle, brydell, brydelle
bridg	bridg, bridge
bridil	bridil, bridile, bridille, brydill, brydille, brydylle
briel	briel, bril, brille, bryelle
brigaindin	brigaindin, brygayndyn
brigandein	brigandein, brigandeyn
brigander	brigander, brigandere, brygander, brygandere
brigandinez	brigandinez, brigandynez
brigandir	brigandir
brigantin	brigantin
brigendin	brigendin, brygendyne
brikeston	brikeston, brykestone
briklan	briklan, bryklan
brikston	brikston, brikstone
brimeston	brimeston, brymeston, brymestone, brymmestone
brimston	brimston, brimstone, brymston, brymstone
brisel	brisel, brysselle
bristal	bristal, bristel, bristele, bristell, bristelle, bristil, bristill, bristille, bristl, bristle, bristylle, brystalle, brystelle, brystille, brystle, brystylle
bristeli	bristeli, bristely
bristeplat	bristeplat, bristeplate
bristli	bristli, bristly
brit	brit, britt
broch	broch, broche
brochadid	brochadid, brochadyd
broched	broched
brochez	brochez
brochi	brochi, brochy
brochid	brochid
brod	brod, brode
broderd	broderd, brodered
brodred	brodred
brodri	brodri, brodry
broidered	broidered, broyderede
brok	brok, broke
broken	broken, brokene
broket	broket, brokete, brokett, brokette
broketi	broketi, broketti
broketorum	broketorum, brokettorum, brokkettorum
broketz	broketz
brokin	brokin, brokyn
brom	brom, brome
bromez	bromez
bromi	bromi, bromy
bron	bron
brood	brood, broode
brorum	brorum
brosch	brosch
broschi	broschi
brosel	brosel, broselle
brosh	brosh, brossh
brouch	brouch
broudred	broudred
broun	broun, broune
browded	browded
browderer	browderer
brown	brown, browne
bruarii	bruarii
bruch	bruch
brus	brus, brusch, bruse, brush, brussch, brussh
bruschi	bruschi, bruschy
brushen	brushen, brushon, brusshen
brushez	brushez, brusshez
brushi	brushi, brusshi, brusshy
brustel	brustel, brustelle, brustl, brustle
brustli	brustli, brustly
buck	buck, buk, buke, bukk, bukke
buckaram	buckaram, buckarame, buckeram, buckerame, buckram, buckrame
buckfel	buckfel, buckfell
bucl	bucl, bucle
bucram	bucram, bukeram, bukerame, bukram
budg	budg, budge
buegil	buegil, buegille, bugl, bugle, bugul, bugull
buf	buf, bufe, buff, buffe
bug	bug, buge
bugd	bugd, bugde
bugi	bugi, bugy
bugil	bugil, bugille, bugyll, bugylle
buker	buker
bukerham	bukerham
buketo	buketo, buketto
bukheer	bukheer
bukil	bukil, bukylle
bukl	bukl, bukle
bukskin	bukskin, bukskyne
bulein	bulein, bulleyn
buleteli	buleteli, buletelli
bulion	bulion, bullyon
bulstar	bulstar
bult	bult
bultar	bultar, bulter
bultel	bultel, bultell, bultelle
bulteli	bulteli, bultelli
bultello	bultello, bultelo
bumbard	bumbard, bumbarde
bumbardario	bumbardario
bumbasin	bumbasin, bumbasyne
bumbsin	bumbsin, bumbsyn
bunch	bunch, bunche
bunchez	bunchez
bunchi	bunchi, bunchy
bunchz	bunchz
bund	bund, bunde
bundel	bundel, bundele, bundell, bundelle, bundl, bundle
bundeli	bundeli, bundelli
bundello	bundello, bundelo
bundellorum	bundellorum, bundelorum
bundellum	bundellum, bundelum
bundil	bundil, bundille, bundyll
bunel	bunel, bunelle
buneli	buneli, bunelli
bunez	bunez, bunnez
bunsch	bunsch
burci	burci
burd	burd, burde
burgenc	burgenc
burgens	burgens, burgense
burgensi	burgensi
buri	buri, bury
burn	burn, burne
burnigat	burnigat, burnygate
burnt	burnt
bursa	bursa
bursarum	bursarum
bursh	bursh, burssh
bursi	bursi, bursy
busceli	busceli, buscelli
buscello	buscello, buscelo
buschel	buschel, buschelle, busschelle
buscheli	buscheli, buschelli, buseli, busselli
buselo	buselo, bussello
busg	busg, busge
busgai	busgai, busgay
busgaiz	busgaiz, busgayz
busgaz	busgaz
busgew	busgew
busgez	busgez
busgin	busgin, busgyn
bush	bush
bushel	bushel, bushele, bushell, bushelle, bushil, busshel, busshele, busshell, busshelle, busshylle
busheli	busheli, busshelli
bushi	bushi, busshi
buskein	buskein, buskeyne
buskin	buskin, buskyn
bustean	bustean
bustein	bustein, busteyn
bustian	bustian, bustion, bustyan, bustyon
bustiani	bustiani
but	but, bute, butt, butte
buteli	buteli, butelli
butenet	butenet, buttenette
buter	buter, butter, buttur, butur, buture
buteri	buteri, butteri
buti	buti, butti, butty
butir	butir, butire, buttir, butyr, butyre
butiri	butiri, buttiri, butyri
butiro	butiro
buton	buton, button
butour	butour, buttour
butr	butr, buttre
butri	butri, buttri
buttz	buttz, butz
buturi	buturi
ca	ca, cka
cab	cab, cabe
cabach	cabach, cabache
cabag	cabag, cabage
cabagi	cabagi
cabala	cabala
cabas	cabas, cabase
cabbege	cabbege, cabeg, cabege
cabel	cabel, cabell
cabela	cabela, cabella
cabelaw	cabelaw, cabelawe
cabelhow	cabelhow, cabelhowe
cabellowe	cabellowe, cabelow, cabelowe
cabelogh	cabelogh, cabeloghe
cabelowi	cabelowi, cabelowy
cabig	cabig, cabige, cabyge
cabil	cabil, cabille, cabl, cable, cabul, cabule, cabull, cabulle, cabylle
cabli	cabli, cably
cabocch	cabocch, caboch, caboche
cabochi	cabochi, cabochy
cabochz	cabochz
cabog	cabog, caboge
cabogi	cabogi
cabolez	cabolez
cabudg	cabudg, cabudge
cabula	cabula
cabuli	cabuli
cac	cac, cace, cak, cakc, cakce, cake, kak, kake
caca	caca
cacabi	cacabi
cacabo	cacabo
cacaborum	cacaborum
cach	cach, cache, kach, kache
caci	caci, casi, cassi, casy, kasi, kassi
cacii	cacii, casii, cassii, kasii
cad	cad, cadde, cade
cada	cada, cadda
cadac	cadac, cadace
caddez	caddez, cadez
caddy	caddy, cadi, cady
cadg	cadg, cadge
cadmon	cadmon, cadmone
cado	cado
cafa	cafa, caffa
cag	cag, cage, cagge, kag, kagge
cairsai	cairsai, cayrsay
cairsei	cairsei, cayrssey
cakabi	cakabi
cakesmolt	cakesmolt
caki	caki, caky, cocki, cocky, kaki, kaky
cal	cal, cale, call, calle
calab	calab, calabe
calaber	calaber, calabere
calabi	calabi
calabir	calabir, calabire, calabour, calabr, calabre, calabur, callabre
calabri	calabri
calabro	calabro
calabrorum	calabrorum
calafavo	calafavo
calamar	calamar
calamarorum	calamarorum
calamarum	calamarum, calammarum
calamin	calamin, calamine, calamyn, calamyne
calamit	calamit, calamite
calamita	calamita, calamyta
calamor	calamor, calamore
calamu	calamu
calaptrorum	calaptrorum
calc	calc, calce
calcarium	calcarium
calcarum	calcarum
calcedon	calcedon, calcedone
calci	calci, calsi
calciorum	calciorum
calder	calder
calebi	calebi
calech	calech
calecow	calecow, calecowe
caled	caled, called
calender	calender, calendr, calendre, kalender, kalendere
calepstr	calepstr, calepstre
calepstri	calepstri
calepti	calepti
caleptr	caleptr, caleptre
caleptri	caleptri
caleptriorum	caleptriorum
caleptrorum	caleptrorum
calf	calf, calfe, calffe
calgarum	calgarum
calgiarum	calgiarum
cali	cali, cally
calib	calib, calibe
caliber	caliber, calibur, calyber
calibi	calibi
calibr	calibr, calibre
calibrorum	calibrorum
calico	calico
calicoo	calicoo, callicoo
calid	calid, callyd
calig	calig, calige
caligarium	caligarium
caligarum	caligarum, calligarum, kaligarum
caligi	caligi
caligini	caligini
calimerwerk	calimerwerk, calymerwerk
calmin	calmin, calmyn
calminar	calminar, calmynar
calopodiorum	calopodiorum
calsedon	calsedon
calsichel	calsichel, calsichelle
caltero	caltero
caltrap	caltrap, caltrappe
caltrapi	caltrapi, caltrappi
calv	calv, calve
calvi	calvi, colvi, colvy
camafir	camafir
cambholt	cambholt
cambrek	cambrek, cambreke
cambrii	cambrii
camera	camera
camerario	camerario
camfer	camfer, camfr, camfre
camisarum	camisarum
camisiarum	camisiarum
camisii	camisii
camisiorum	camisiorum
campana	campana
campanarum	campanarum
campani	campani
camperinolarum	camperinolarum, camperinollarum
campernolarum	campernolarum, campernollarum
camphier	camphier
camstok	camstok, camstoke
can	can, cane, canne, kan, kanne
canab	canab, canabe
canaber	canaber
canaberi	canaberi
canabi	canabi, cannabi, kanabi
canafistola	canafistola
canak	canak
canal	canal, canale, canalle
canap	canap, canape
canaperz	canaperz
canapi	canapi
cancelarie	cancelarie, cancellarie
cancelarii	cancelarii, cancellarii
cancelario	cancelario, cancellario
cand	cand
candel	candel, candell, candelle, candl, candle
candelaborum	candelaborum
candelabri	candelabri, candellabri
candelabro	candelabro
candelabrorum	candelabrorum, candelebrorum, candellabrorum
candelaro	candelaro
candelarum	candelarum, candellarum
candelcas	candelcas, candelcase
candelebri	candelebri
candelewek	candelewek
candeli	candeli, candelli
candelibri	candelibri, candellibri
candellorum	candellorum, candelorum
candellweke	candellweke, candelwek, candelweke
candelplat	candelplat, candelplate
candelstick	candelstick, candelsticke, candelstik, candelstike, candelstikke, candelstycke, candelstyk, candelstyke, candelstykke
candelsticki	candelsticki, candelstycky
candelwick	candelwick, candelwik, candelwike, candelwyk, candelwyke
candewek	candewek
candi	candi, candie, candy, candye
candil	candil, candille
candilarum	candilarum, candillarum, candyllarum
candilgarn	candilgarn, candilgarne
candilgern	candilgern
candili	candili, candilli
candiliarn	candiliarn, candilyarn
candilstick	candilstick, candilsticke, candilstik, candilstike, candilstikke, candilstycke, candilstyke, candilstykke, candylsticke, candylstyke, candylstykke
candilstiki	candilstiki
candilweik	candilweik
candilwek	candilwek, candilweke, candilwic, candilwick, candilwik, candilwike, candilwyk, candilwyke, candylweke, candylwyk, candylwyke
candularum	candularum, candullarum
caneb	caneb
canebi	canebi, caneby
canel	canel, canele, canell, canelle
caneston	caneston, canestone
caneva	caneva
canez	canez
cangion	cangion
cani	cani, canny, cany, conie
canibi	canibi
canibu	canibu
canil	canil, canylle
caninarum	caninarum
canini	canini
canistr	canistr, canystre
canstek	canstek, cansteke
canstik	canstik, canstike
cantari	cantari
cantaria	cantaria
cantariad	cantariad, cantariade
cantarid	cantarid, cantaride
canterel	canterel, canterell
cantrei	cantrei, cantrey
canu	canu
canum	canum
canv	canv, canve
canva	canva, kanva
canvaz	canvaz
canvi	canvi, canvy
cap	cap, cape, capp, cappe
capa	capa, cappa
capar	capar, cappar
capars	capars, caparse
caparum	caparum, capparum
caped	caped
capel	capel, capelle
capela	capela, capella
capelano	capelano, capellano
capelarum	capelarum, capellarum
capeli	capeli, capelli
caper	caper, capper
caperi	caperi
capewerk	capewerk, cappewerk
capi	capi, cappi, cappy, kapi, kappi
capicii	capicii, capisii
capicio	capicio, capisio
capiciorum	capiciorum
capili	capili, capilli
capir	capir, capire, capr, capre, capyr
capiscii	capiscii
capit	capit, capite
capital	capital, capitall
capitalium	capitalium
capitanei	capitanei
capitaneo	capitaneo
capitel	capitel, capitell
capitibu	capitibu
capitonibu	capitonibu
cappu	cappu, capu, kappu, kapu
caprarum	caprarum
capri	capri, capry
caprinarum	caprinarum
caprini	caprini
caprinorum	caprinorum
capriolorum	capriolorum
capron	capron, caprone
caprorum	caprorum
capucii	capucii
capucini	capucini
capur	capur
capusini	capusini
car	car
carab	carab, carabe
carac	carac, carrace, karac, karace
caraca	caraca, carraca, carraka, carrraka, karaca, karraca
carak	carak, carrake
caraka	caraka, carraka
carawai	carawai, caraway, carraway
carawaie	carawaie, carawaye
carawaised	carawaised, carawaysede
carbo	carbo
carbon	carbon, carbone
carboni	carboni
carbonum	carbonum
carc	carc, carce, cark, carke, kark, karke
carcandi	carcandi
carcandum	carcandum
carcata	carcata
carcati	carcati
carcato	carcato
carci	carci, carrsi, carsee, carseie, carseye, carsi, carsie, carsii, carsseye, carssi, carssy, carssye, carsy, carsye, carsyi, karsee, karseie, karseye, karsi, karsie, karssi, karssy, karssye, karsy
card	card, carde, kard, karde
carda	carda
cardamomi	cardamomi
cardarum	cardarum, kardarum
cardebord	cardebord, cardeborde
cardemoin	cardemoin, cardemoyne
cardenail	cardenail, cardenaile, cardenaille, cardenaylle
cardenal	cardenal, cardenalle, cardinal, cardinall, cardinalle, cardynalle
cardez	cardez
cardi	cardi, cardy, kardi
cardmon	cardmon, cardmone
cardnail	cardnail, cardnaille, cardnayle
cardnal	cardnal, cardnall
cardo	cardo
cardomomi	cardomomi
cardorum	cardorum
cared	cared, carede
cares	cares, carese
caresei	caresei, caresey
caresi	caresi, caresy
careti	careti, caretti
carewei	carewei, carrewey
carg	carg, carge
cargez	cargez
cargi	cargi, cargii
cargia	cargia
cariandam	cariandam, cariandum
carisimo	carisimo, carissimo
carital	carital, caritall, caritalle
cariz	cariz, caryze, keriz, kerize
carleta	carleta
carn	carn, carne
carnal	carnal, carnall, carnel, karnel, karnell
carni	carni
carnibu	carnibu
carnium	carnium
carob	carob, carobe
carpat	carpat, carpatte, carpet, carpete, carpett, carpette, karpet, karpett, karpette
carpentario	carpentario
carpenter	carpenter
carpentero	carpentero
carpeti	carpeti, carpetti, carpetty
carpeto	carpeto, carpetto
carpetz	carpetz
carpintario	carpintario
carpinter	carpinter, carpynter, karpinter, karpynter
carpit	carpit, carpite, carpitt, carpitte, carpyte, carpytte, karpit, karpitte, karpytte
carpobalsami	carpobalsami
cars	cars, carse, carss, carsse, carz, carze, kars, karse, karss, karsse
carsa	carsa, karsa
carsai	carsai, carsay, carssay, karsai, karsay, karssay
carsaie	carsaie, carsaye, carssaye, karsaie, karsaye, karssaye
carsei	carsei, carsey, carssei, carssey, karsei, karsey, karssey
carseiz	carseiz, carseyz
carstrieg	carstrieg, carstriege
cart	cart, carte
carta	carta
carti	carti
carved	carved, karved
carvel	carvel, carvele
carwai	carwai, carway
carzaie	carzaie, carzaye
carzeie	carzeie, carzeye, carzi, carzie, carzye
cas	cas, case, cass, casse
casa	casa, casia, cassa, cassia
casafista	casafista
casafistola	casafistola, cassaffistola, cassafistola
casaphistol	casaphistol, cassaphistole
casdok	casdok
casduz	casduz, cassduz
cased	cased
casedok	casedok, casedoke
casedonie	casedonie, cassedonye
casee	casee
casei	casei, cassei
caseii	caseii
caselin	caselin, casselyne
caseo	caseo
caset	caset, casette
caseu	caseu, casseu
casez	casez
casiafistola	casiafistola, cassiafistola
casiafistul	casiafistul, casiafistule, cassiafistule
casiafistula	casiafistula, cassiafistula
casiafustul	casiafustul, cassiafustule
casiaph	casiaph, cassiaph
casiaphistul	casiaphistul, cassiaphistule
casie	casie
casifistola	casifistola
casiofistola	casiofistola
casiorum	casiorum
caskat	caskat, caskate
casket	casket, caskete, caskette, kasket, kaskette
casock	casock, cassocke
casofistola	casofistola
cason	cason, casson
cast	cast, caste, kast
castafistula	castafistula
casteng	casteng
castiafustul	castiafustul, castiafustule
castildon	castildon
casting	casting
castridg	castridg, castridge
castrig	castrig, castrige
casula	casula
cat	cat, cate, catt, catte, kat, katte
cata	cata
catel	catel, catell
cateni	cateni
cateswomb	cateswomb, catteswombe
cathedra	cathedra
cathedrarum	cathedrarum
cathedri	cathedri
cathener	cathener
cato	cato
cator	cator, catore
catoribu	catoribu
catorum	catorum
catulinorum	catulinorum
catulorum	catulorum
cauderon	cauderon
caudron	caudron, cawdron, cawdrone
caudroun	caudroun, cawderoun, cawdroun
caugion	caugion
caul	caul, caule, col, cole, colle
cauls	cauls, caulse
caunva	caunva
caus	caus, cause
cauwel	cauwel, cauwelle
cav	cav, cave
caveli	caveli, cavelli
cawdern	cawdern
cawl	cawl, cawle, cawlle
cawldern	cawldern
caws	caws, cawse
cci	cci, ce, chee, ci
cebelow	cebelow
cedula	cedula
ceier	ceier, ceyer, shier, shiere
cel	cel, cell
cela	cela, cella, sela, sella
celarii	celarii, cellarii
celdar	celdar
celder	celder, celdere
celi	celi, celli, seli, selli
celo	celo
celour	celour, celoure, celur, celure
celtica	celtica, seltica
celura	celura
celuri	celuri
cen	cen, cene, sen, sene
cenail	cenail
cenapii	cenapii, cenappii, senapii
cenciam	cenciam
cendal	cendal, cendale, sendal, sendale, sendall, sendalle, sendel, sendelle
cenenti	cenenti
ceni	ceni, ceny, seni, seny
cent	cent
centen	centen, centene
centena	centena
centenam	centenam
centenaria	centenaria
centenarii	centenarii
centener	centener
centenerii	centenerii
centeni	centeni
cententi	cententi
centinarii	centinarii
centineri	centineri, centinerii
centum	centum
cep	cep, cepe, sep, sepe, shep, shepe, sheppe
cepa	cepa
ceparum	ceparum, cepparum
cepi	cepi, ceppi, schepi, scheppi, scheppy, schepy, sepi, shepi, shepy
cepo	cepo, sepo
cer	cer, cere, cerre
cera	cera
cerci	cerci
cereticarum	cereticarum
ceri	ceri, cery
cerici	cerici
cerico	cerico
cericum	cericum
cerip	cerip, ceryppe
ceron	ceron
cerotecarum	cerotecarum
ceroteci	ceroteci
cers	cers, cerse, cerss, sers, serse
cersai	cersai, cerssay
cersi	cersi, cerssy, cersy, sersee
certa	certa, serta
certain	certain, certayn, certen, certene, certtayn, serten, sertene
certein	certein, certeyn, sertein, serteyn
certi	certi, shirti
certificacion	certificacion, certificacione
certificationem	certificationem
certo	certo
cerurarum	cerurarum
ceruri	ceruri
cervesie	cervesie, cervesye
cervilibu	cervilibu
cervilium	cervilium
cervisie	cervisie, servicii, servisie
cervium	cervium
cervorum	cervorum, servorum
cesam	cesam, cessam
ceson	ceson, seson, sesone
cest	cest, ceste
cesta	cesta
cestelez	cestelez
cesti	cesti
cestr	cestr, cestre
ceta	ceta
cetarum	cetarum
ceteri	ceteri
cetual	cetual, cetuale
ceviel	ceviel, ceviell
cf	cf
ch	ch, che
cha	cha
chader	chader
chael	chael, chaele
chafer	chafer, chaffer
chaffing	chaffing, chaffyng, chafing, chafyng
chaffor	chaffor, chaffore, chafor
chafforne	chafforne, chaforn
chaffour	chaffour, chafour
chaffron	chaffron, chafron
chafir	chafir
chafourz	chafourz
chafowr	chafowr, chafowre
chafr	chafr, chafre
chaftel	chaftel, chaftelle
chaiar	chaiar, chaier, chayar, chayer, cheier, cheir, cheyer, cheyr, cheyre
chain	chain, chayne
chaior	chaior, chayore, cheior, cheyor, chior
chair	chair, chayre, chayrre
chal	chal, challe
chalder	chalder, chaulder, chauldr, chauldre, chawlder
chaldern	chaldern, chalderne, chauldourn, chauldourne
chaldier	chaldier
chaldr	chaldr, chaldre
chaldra	chaldra
chaldri	chaldri
chaldron	chaldron
chalk	chalk, chalke, chock, chocke
chalon	chalon
chambelet	chambelet
chamber	chamber
chambir	chambir, chambyr
chamblet	chamblet, chamblete, chamblette
chamblot	chamblot, chamblote, chamblotte
chambr	chambr, chambre
chamelet	chamelet, chamelete, chamelett, chamelette, chamellet
chamelot	chamelot, chamelote, chamelotte
chamelt	chamelt
chamfer	chamfer, chamfr, chamfre
chamlet	chamlet, chamlete, chamlett, chamlette, chamlot, chamlote, chamlotte
chamleti	chamleti, chamletti
chamolet	chamolet, chamolete
champ	champ
chandler	chandler, chandlere
chap	chap, chape
chapelet	chapelet, chapelete, chapelette, chapellete, chappelette
chard	chard
charding	charding
chardquin	chardquin, chardquyn
charg	charg, charge
chargeour	chargeour, chargour
chargeourz	chargeourz, chargourz
chargia	chargia
chargiam	chargiam
chargii	chargii
charnel	charnel, charnelle
chat	chat, chatte
chauder	chauder, chaudr, chaudre, chawder, chawdr, chawdre
chaudirn	chaudirn, chaudirne, chawdern, chawderne, chawdirn, chawdyrne
chauffyng	chauffyng, chaufing
chaufour	chaufour
chaufourz	chaufourz
chaumber	chaumber, chaumbr, chaumbre
chaumlet	chaumlet, chaumlette
chaundr	chaundr, chaundre
chaungeabil	chaungeabil, chaungeabill
chaving	chaving
chavor	chavor
chawdren	chawdren, chawdrene
chawfour	chawfour
check	check, checke, chek, cheke
checked	checked, cheked, chekked
checkid	checkid, checkyd, chekid, chekkid
chees	chees, cheese
chei	chei
chein	chein, cheyn, cheyne
cheiner	cheiner, cheyner
cheinez	cheinez, cheynez
cheini	cheini, cheyny
cheis	cheis, cheise, chies, chiese
cheker	cheker
cheket	cheket, chekett
chelaundr	chelaundr, chelaundre
chenez	chenez
chep	chep
cher	cher, chere
cherveli	cherveli, chervelli
ches	ches, chese, chess, chesse
chesel	chesel, cheselle
cheseman	cheseman, chesemen, chesseman, chessemene
chesemein	chesemein, chessemeyne
chesenut	chesenut, chesenutte
chesepal	chesepal
chesepil	chesepil, chesepille
chesez	chesez, chessez
chesi	chesi, chesy
chesmain	chesmain, chesmayne
chesman	chesman
chesmein	chesmein, chesmeyne
chesmeinei	chesmeinei, chesmeyney
chesmeini	chesmeini, chessmeyny
chesmen	chesmen, chesmene
chest	chest, cheste
chestein	chestein, chesteyne
chesten	chesten
chesti	chesti
chestman	chestman
chetel	chetel, chetelle
chevereli	chevereli, cheverelli
cheverello	cheverello, cheverelo
cheverellorum	cheverellorum, cheverelorum
chez	chez
chezil	chezil, chezille
chi	chi
chia	chia
chiesel	chiesel, chiessel
chii	chii
child	child
childer	childer
childeren	childeren
childern	childern
children	children
childrewar	childrewar, childreware
chim	chim, chyme
chimen	chimen, chymene
chimi	chimi, chimy
chimnei	chimnei, chymney
chimnie	chimnie, chimnye
chiphi	chiphi
chiplb	chiplb
chipond	chipond, chippond
chist	chist, chiste, chyste
chistman	chistman
chitil	chitil, chittille
chloniet	chloniet, chlonyet
cho	cho
cholaoTroter	cholaoTroter, cholaoTrotter
chomblet	chomblet, chomblette
chopelen	chopelen
choping	choping, chopping
chort	chort, chorte, coreat, cort, court
choth	choth, chothe
chothi	chothi, chothy
chouch	chouch, chouche
chow	chow
cht	cht
cia	cia
cibi	cibi
ciciri	ciciri
ciclaton	ciclaton, ciclatone, siclaton
ciclatoun	ciclatoun, siclatoun
cie	cie, see, seie, seye, si, sie, sy, sye
cii	cii
ciligini	ciligini, siligini
cilk	cilk, cylke, shilk, shilke, silk, silke, sylk, sylke
cilo	cilo
cilour	cilour, cilur, cilure
cimea	cimea, semea, simia
cimia	cimia
cimo	cimo
cinamom	cinamom, cynamom, cynamome
cinamomi	cinamomi, cynamomi
cinamon	cinamon, cynamon, cynamone
cinapii	cinapii
cindularum	cindularum, scindularum, sindularum
cinemon	cinemon, cinemone
cineri	cineri
cinerum	cinerum
ciniger	ciniger
cinomomi	cinomomi
cio	cio, sho, show, showe, so
cipharum	cipharum
ciphi	ciphi, siffi, sifi
cipho	cipho
ciphorum	ciphorum
cipr	cipr, cipre
cipres	cipres, cipresse
cir	cir, cire, scher, schere, ser, sere, sher, shere, sherre, sir
circacola	circacola
cirici	cirici
cirico	cirico
cirop	cirop, cirope, cyrope, scirop, scirope, sciroppe, scirrop, scyrop, scyrope, scyroppe, scyrrop, sirop, sirope, siroppe, sirrop, sirrope, syrop, syrope, syroppe, syrrop, syrrope
cirotecarum	cirotecarum, cyrotecarum, sirotecarum
ciroteci	ciroteci
cirotectarum	cirotectarum
cirothecarum	cirothecarum
ciroticarum	ciroticarum
cirparum	cirparum
cirpi	cirpi, sirpi
cirupo	cirupo, cyrupo
cisco	cisco
cisor	cisor, cissor, sciser, scisser, siser, sisor, sissor, sissore, sysser
cisour	cisour, cissour, scisour, scissour, scissur, scissure, scisur, scisure, scyssure, sisur, sysur
cist	cist, ciste, cyst, cyste
cista	cista, cysta, scista, sista
cistam	cistam
cistarum	cistarum
cisti	cisti, cisty, cysti, scisti, sisti
citernado	citernado
cithara	cithara
cithera	cithera
citrenad	citrenad, citrenade, sitrenad, sitrenade
citrili	citrili, citrilli
citrinad	citrinad, citrinade, citronad, citronade, sitrinad, sitrinade, sitronad
citronat	citronat, citronate, sitronat, sitronate, sytronate
citroni	citroni
citurnad	citurnad, citurnade
civ	civ, cive, siv, sive, syve
civi	civi
civibu	civibu
civitat	civitat, civitate
civitati	civitati
ck	ck, cke
cl	cl, cle
clairicord	clairicord, clayrycorde
claiv	claiv
clap	clap, clape
clapbord	clapbord, clapborde
clapburd	clapburd, clapburde
clapcer	clapcer
clapehold	clapehold, clappehold
clapeholt	clapeholt, clappeholte
claphold	claphold, clapholde
clapholt	clapholt, clapholte, clapholtt, clappholt
clapold	clapold
claps	claps, clapse
clapsez	clapsez
clapsi	clapsi, clapsy
claricord	claricord, claricorde, clarycorde
clarion	clarion
clasp	clasp, claspe
claspi	claspi, claspy
clausarum	clausarum
clav	clav
clavi	clavi
clavicord	clavicord, clavicorde
claviculi	claviculi
clavisimbali	clavisimbali
clavium	clavium
clavo	clavo
clavorum	clavorum
clavu	clavu
clawark	clawark
cleket	cleket, clekette
cleketorum	cleketorum, clekettorum
clerico	clerico
clesm	clesm, clesme
clift	clift, clifte
clifti	clifti
cliketorum	cliketorum, clikettorum
clipclap	clipclap, clipclapp, clipclappe, clipeclap, clippclap, clippclapp, clippeclap, clypclappe
clipclop	clipclop
clism	clism, clysme
clist	clist, cliste, clyste
clithi	clithi
clo	clo, clow, clowe, klo
cloath	cloath, cloathe
cloethez	cloethez
clog	clog, cloge, clogge
cloith	cloith, cloithe, cloyth
clok	clok, cloke
clook	clook, clooke
clopbord	clopbord, clopborde
clopburd	clopburd, clopburde
clopholt	clopholt
clos	clos, close, closse
clot	clot, clotte
cloth	cloth, clothe, clotthe
clother	clother, clothere
clothes	clothes
clothez	clothez
clothi	clothi, clothie, clothy, clothye, clotthi, klothi, klothy
clothu	clothu
clothwerkar	clothwerkar
clothz	clothz
clought	clought, cloughte, clout, cloute, cloutte, clouwt, clouwte
cloughth	cloughth
clouk	clouk, clouke
clous	clous
clouth	clouth, clouthe
clouti	clouti
clouting	clouting, cloutyng
cloutz	cloutz
clov	clov, clove
clovez	clovez
clovi	clovi, clovy
clowez	clowez
clowi	clowi, clowy
clows	clows, clowse
clowt	clowt, clowte, clowtte
clowtz	clowtz
clut	clut, clute
co	co
coal	coal, coale, kol, kole
coar	coar, cor, core, corr
cob	cob
cobard	cobard, cobarde, cobbarde
cobborde	cobborde, cobord, coborde
coberd	coberd
cobet	cobet, cobette
cobi	cobi
cobler	cobler
cobo	cobo
cocard	cocard, cocarde
coch	coch, coche, cock, cocke, cok, coke, kaak, kaake
cocleari	cocleari
coclearibu	coclearibu
cocliaribu	cocliaribu
cocliarium	cocliarium
cod	cod, codd, codde, code
coddi	coddi, coddy, codi
codhed	codhed, codhede
codished	codished, codishede
codling	codling, codlinge, codlyng, codlynge
codshed	codshed, codshede
cofen	cofen, coffen
cofer	cofer, cofere, coffer, coffere, cofferr, kofer
coferi	coferi
coffi	coffi, cofi
coffin	coffin, coffyn, coffyne, cofin, cofine, cofyn
coffir	coffir, coffirre, coffyr, cofir, cofire, cofirre, cofyr
coffre	coffre, cofr, cofre
cofino	cofino, cofyno
cofri	cofri
cofterel	cofterel, cofterelle
cogbord	cogbord
cogbordi	cogbordi, cogbordy
cogebordez	cogebordez, coggebordez
cogwar	cogwar, cogware
coief	coief, coyeffe
coif	coif, coyffe
coifarum	coifarum, coiffarum
coishen	coishen, coishon, coison, coysshen, coysshon, coysson
coiv	coiv, coyve
cokard	cokard, cokarde, cokerd, cokkarde
cokbel	cokbel, cokbelle
coker	coker, cokere
coket	coket, cokette
coketi	coketi, coketti
coketo	coketo, coketto
cokliarium	cokliarium
cola	cola, colla
colaquintela	colaquintela
colarati	colarati
colarum	colarum, collarum
colberd	colberd, colberde
colder	colder
colebed	colebed, colebede
colector	colector, collectore
colectoribu	colectoribu, collectoribu
colectorum	colectorum, collectorum
colefish	colefish, colefissh, colefisshe
colenbin	colenbin, colenbyne
coler	coler, colere, coller
colerd	colerd, colered, collered
colerid	colerid
coli	coli, colli, coly
coliander	coliander
coliaunder	coliaunder, coliaundr, coliaundre, collyaunder
coliquintida	coliquintida, coliquyntida
colirid	colirid
collorede	collorede, colord, colored, coloured, cullored, culored
collorum	collorum, colorum
collquintida	collquintida, colquintida
colmein	colmein, colmeyne
colobii	colobii
colobio	colobio
coloquintica	coloquintica
coloquintida	coloquintida, coloquyntyda
color	color, colore, colour, coloure
colorati	colorati
colorato	colorato
coloratorum	coloratorum
colori	colori, colory
coloribu	coloribu
colorid	colorid, coloryd
colourz	colourz
colowred	colowred
columbin	columbin, columbyn, columbyne
com	com, come, komb, kombe
coman	coman
comb	comb, combe
combehed	combehed, combehede
combez	combez
combhed	combhed, combhede
combi	combi, comby
combusti	combusti
combz	combz
comeb	comeb, comebe
comeplit	comeplit
cometo	cometo
comfeccioni	comfeccioni, comfecioni
comfect	comfect, comfecte
comferi	comferi, comfery
comfet	comfet, comfete, comfett, comfette, comffette
comfeti	comfeti, comfetti
comffytte	comffytte, comfit, comfytte
comfitz	comfitz
comin	comin, commyn, commyne, comyn
comit	comit, comite
comitatu	comitatu
comiti	comiti
comito	comito, comyto
commorante	commorante, comorant
commune	commune, comun
communi	communi, comuni
communibu	communibu, comunibu
como	como
compa	compa, cumpa
compac	compac, compace
compain	compain, compayn, compayne
compais	compais, compayse
compan	compan
compania	compania
compano	compano
compas	compas, compase, compass, compasse
compasez	compasez, compassez
compasi	compasi, compassi, compasy
compassz	compassz, compasz
complet	complet, complete, complett
completion	completion
compon	compon, compone
compost	compost
compoti	compoti
compotorio	compotorio
compotum	compotum
compter	compter
computariorum	computariorum
con	con, cone
concervi	concervi, concervy, conservi, conservy
concesam	concesam, concessam
condit	condit, condite
conek	conek
conent	conent
confeccion	confeccion, confeccione, confeccyon, confecion
confeccioni	confeccioni, confecioni
confect	confect
confecta	confecta
confectam	confectam
confectarum	confectarum
confection	confection
confectioni	confectioni
confederatum	confederatum
confesion	confesion, confession
confesioun	confesioun, confessioun
confet	confet, confete
confeti	confeti
confitur	confitur, confiture
confracti	confracti
congari	congari, congary
conger	conger, conggour, congour
congr	congr, congre, kongr, kongre
congur	congur, congure
coni	coni, cony
coniculi	coniculi, coniculli
coniculini	coniculini
conicullorum	conicullorum, coniculorum
coniskin	coniskin, connyskyn, conyskyn, conyskynne, conysskyn
conquestum	conquestum
conri	conri
consanguineo	consanguineo
conselio	conselio
conserv	conserv, conserve
conserva	conserva
conservo	conservo
consideratum	consideratum
consilio	consilio
consilium	consilium
constabularii	constabularii
cont	cont, conte
conta	conta
contain	contain, contayn
containg	containg, contayng
containing	containing, containyng, contayning, contayninge, contaynyng, contaynynge
contan	contan
contani	contani
contaning	contaning, contanyng, contening, contenyng, contenynge
conteiing	conteiing, conteyinge
conteineng	conteineng, conteyneng
conteinin	conteinin, conteynyn
conteining	conteining, conteynnyng, conteynyng, conteynynge, contining, contteyninge, contyninge
conteit	conteit, conteyt
contenc	contenc, contence
contencion	contencion
conteneing	conteneing, contenneyng
content	content, contente, contentt, contentte
contenta	contenta
conter	conter, cunter
conterfait	conterfait, conterfaitt
conterfet	conterfet, conterfete
contet	contet
contiencium	contiencium
contient	contient, contiente
contientibu	contientibu
contin	contin, contine
continen	continen, continene
continencium	continencium
continenibu	continenibu
continent	continent, continente
continentem	continentem
continentibu	continentibu
continetur	continetur
contingentibu	contingentibu
continued	continued
contour	contour
contrafactorum	contrafactorum
contrafet	contrafet, contrafete, contrafette, contrefet, contrefete, contrefette
contrarotulamentum	contrarotulamentum
cood	cood, coode
cool	cool, coole
cooli	cooli, cooly
cooper	cooper, coopper, cuper
cooperatorii	cooperatorii
cooperatorio	cooperatorio
cooperti	cooperti
coopertorii	coopertorii
coopertorio	coopertorio
coopertorum	coopertorum
coopertur	coopertur, cooperture
cooperturi	cooperturi
cop	cop, cope, copp, coppe
copara	copara, coppara
copbord	copbord, copborde
copebord	copebord, coppebord, coppeborde
coper	coper, copere, coperou, copor, coporou, copper, coppere, copperou, coppor, copporou, copr, copre, copur
copera	copera, coppera
coperi	coperi
copero	copero, coppero
coperos	coperos, coperose, coperosse, coporos, coporose, copperose, copprose, copros, coprose, coprosse
copertorii	copertorii
copertorio	copertorio
coperu	coperu, copperu
cophini	cophini
copi	copi, coppi
copil	copil, copill
copin	copin, coppyn, copyn
copir	copir, copyr
copiro	copiro, copyrro
copl	copl, cople, copple
copli	copli
copling	copling, coplyng
copord	copord, coppord
coporo	coporo, copporo
coporoken	coporoken
copras	copras, coprasse
copri	copri
copro	copro
copul	copul, copule, copull, copulle
copula	copula
copuli	copuli
cora	cora
corac	corac, corace
coracez	coracez
corag	corag, corage
corail	corail, coraille
coral	coral, corale, corall, coralle, corrall
corali	corali, coralli
corallo	corallo, coralo
coran	coran, corran
coranc	coranc, corance
corant	corant, corante, corrante, corrantte
coranth	coranth, corranth
corantz	corantz, corrantz
coratorum	coratorum, corratorum
coraun	coraun
coraunc	coraunc, coraunce
coraunt	coraunt, corraunte
corc	corc, corce, cork, corke, kork, korke
corchif	corchif, corchiffe
cord	cord, corde, corrde
cordarum	cordarum
cordcap	cordcap, cordcappe
cordecap	cordecap, cordecappe
cordener	cordener
cordewain	cordewain, cordewayn, cordewayne
cordewan	cordewan, cordewane, cordewen, cordewene
cordewein	cordewein, cordeweyn, cordeweyne
cordewin	cordewin, cordewyn, cordewyne
cordez	cordez
cordi	cordi
cordiner	cordiner, cordyner
cordkapi	cordkapi, cordkappi
cordkappu	cordkappu, cordkapu
cordw	cordw
cordwai	cordwai, cordway
cordwain	cordwain, cordwayn, cordwayne
cordwan	cordwan
cordwein	cordwein, cordweyn, cordweyne
cordwin	cordwin, cordwyn
corea	corea, coria, corria
coreatarum	coreatarum
coree	coree, corii, corrii
corei	corei
coreo	coreo, corio
corf	corf, corfe, corff, corffe, korf, korff
corfer	corfer
corffy	corffy, corfi, corfy
corffz	corffz, corfz
coriondl	coriondl, coriondle
coriorum	coriorum, corriorum
corium	corium
cornet	cornet, cornette
cornibu	cornibu
cornu	cornu
cornubu	cornubu
cornuum	cornuum
corrupt	corrupt, corupt
corrupti	corrupti, corupti
corruptorum	corruptorum, coruptorum
corrutpett	corrutpett, corutpet
cors	cors, corse, corsse, cours, course, coursse
corsaie	corsaie, corsaye
corsei	corsei, corssey, kersei, kersey, kerssey
corselet	corselet, corselete, corselette
corset	corset, corsette
corsi	corsi, corssy, corsy
corslet	corslet, corslete, corslette
cortein	cortein, corteyn
corten	corten, courten
cortin	cortin, cortyn, courtin
corto	corto
corv	corv, corve
corvi	corvi, corvy
corwin	corwin, corwyn
corx	corx
coschen	coschen
coschin	coschin, coschyn
coschon	coschon
coshen	coshen, coshon, cosshen, cosshon
coshin	coshin, coshyn, cosshyn
coshing	coshing, coshyng
coster	coster, costere
costmari	costmari, costmary
costrez	costrez
cot	cot, cote, cott, cotte
cotelbon	cotelbon, cotelbone
cotelboni	cotelboni
cotellorum	cotellorum, cotelorum
coten	coten, coton, cotone, cotten, cotton, cottone, cottun, cotun, koton, kotton, kottone
cothnil	cothnil, cothnyle
cotil	cotil, cotille
cotilbon	cotilbon, cotilbone, cottilbone
cotilboni	cotilboni, cotilbony, cotillbony
cotilbonz	cotilbonz
cotin	cotin, cottyn, cotyn
cotinlg	cotinlg, cotinlge
coto	coto, cotto
cotoni	cotoni, cottoni
cotono	cotono, cottono
cotorum	cotorum
cotoun	cotoun, cottoun
cotounz	cotounz, cottounz
coubbord	coubbord, coubord
couch	couch, couche, cowch, cowche
coulerd	coulerd, coullerd
coultellorum	coultellorum, coultelorum
coumb	coumb, coumbe
counger	counger
couniskin	couniskin, couniskyn
counter	counter, countere, countor, countter, countur, cownter, cowntr, cowntre
counterfait	counterfait
counterfet	counterfet, counterfete, counterfett, counterfette, cownterfet
counteri	counteri
counting	counting
counto	counto
countour	countour, cowntour, kountour
countourz	countourz
countrefet	countrefet, countrefete, countrefette
countrefetz	countrefetz
coup	coup, coupe, cu, kew, kewe, que
coupbord	coupbord, coupborde, coupebord, cupebord, cuppeborde
couper	couper
coupernail	coupernail, coupernaile
coupl	coupl, couple
coupul	coupul, coupulle
cour	cour
courcomb	courcomb, courcombe
courz	courz
coushon	coushon, cousshon, kaisen, kaysen
couton	couton, cowten, cowton
coutour	coutour
cover	cover
coverchef	coverchef
covercl	covercl, covercle, coverkel, coverkele, coverkl, coverkle
coverd	coverd, coverde, covered
coveri	coveri, covery
coverid	coverid
covering	covering, coveringe, coveryng, coverynge, kovering, koverynge
coverital	coverital, coveritalle
coverlet	coverlet, coverlete, coverlett, coverlette, koverlet, koverlete, koverlette
coverleti	coverleti, coverletti
coverleto	coverleto, coverletto
coverletorum	coverletorum
coverlight	coverlight, coverlighte
coverlit	coverlit, coverlite, coverlitt, coverlitte, coverlyt, coverlyte, coverlytt, coverlytte, koverlit, koverlyte
coverliti	coverliti
coverlito	coverlito
coverlitz	coverlitz
covirlet	covirlet, covirlette
cow	cow, cowe, kow
cowbel	cowbel, cowbelle, kowebel, kowebelle
cowmpter	cowmpter
cownpter	cownpter
cowp	cowp, cowpe
cowper	cowper
cowpi	cowpi
cowpul	cowpul, cowpulle
cowrs	cowrs, cowrse
cowshen	cowshen
cowterfet	cowterfet
cowverlet	cowverlet, cowverlette
cr	cr, cur, cure, curr, ker, kir, kyre
cracche	cracche, crach, crache
cracching	cracching, cracchyng, craching
cradel	cradel, cradelle
cradil	cradil, cradille
crai	crai, cray
craiar	craiar, crayar
craish	craish, craissh, craysshe, cursai, cursay, kersai, kersay, kerssai
crak	crak, crake
craker	craker, crakker
cram	cram, crame
cramp	cramp, crampe
crampet	crampet, crampette
cran	cran, crane
crasch	crasch, crasche
crash	crash, crasshe
cred	cred, crede
crek	crek, creke
cremel	cremel, cremele, cremelle, cremil, cremille, cremyll, cremylle
cremensen	cremensen
cremesen	cremesen
cremesin	cremesin, cremesyn
cremez	cremez
cremi	cremi, cremy
cremisen	cremisen, cremysen
cremisin	cremisin, cremysin, cremysyn
cremison	cremison, cremyson
cremsin	cremsin, cremsyn
crenit	crenit, crenytt
cres	cres, cresse, curs, curse, kers, kerse, kerss
crescencia	crescencia
crescloth	crescloth, cresclothe
cresh	cresh, cresshe
crest	crest, creste
cresta	cresta
crestcloth	crestcloth, crestclothe
cresti	cresti
creuc	creuc, creuce, crewc, crewce
creuet	creuet, creuette, curt, curte
creuz	creuz, creuze, crews, crewse, crues, cruese
crewci	crewci, cruci, crucy
crewel	crewel, crewell, cruel, cruell, cruelle
crewet	crewet, crewette
crewsi	crewsi, crusi, crusy
crimel	crimel, crimelle, crimil, crimile, crimille, crimul, crimule, crymylle
crimesan	crimesan
crimesin	crimesin, crymesin, crymesyn
crimisen	crimisen
crimisin	crimisin
crimping	crimping, crympyng
crimsen	crimsen, crimsin, crymsen, crymsyn
crimson	crimson, crymson
crinen	crinen, crynen
crinibu	crinibu
crinsen	crinsen, crynsen
crinul	crinul, crinule
crisp	crisp, cryspe
cristal	cristal, cristall, cristalle, cristil, cristille
cristalin	cristalin, cristaline, cristalyne, crystaline
cristi	cristi, cristy
cristigrai	cristigrai, cristygray
cro	cro
croc	croc, croce, crock, crocke
croci	croci
crol	crol, crolle
cron	cron
crop	crop, crope, croppe
cropeling	cropeling, cropelinge
cropi	cropi, croppi, croppy
cropling	cropling, croplinge, croplyng, croplynge
cros	cros, crose, cross, crosse
crosbo	crosbo, crosbow, crosbowe
crosbough	crosbough, crossboughe
crosbowefili	crosbowefili
crosbowez	crosbowez
crosbowfili	crosbowfili
crosbowi	crosbowi, crosbowy, crossbowy
crosebow	crosebow, crosebowe, crossebowe
crosebowi	crosebowi, crossebowi
crosez	crosez, crossez
crosi	crosi, crossi, crossy
crownid	crownid, crownyd
crowsbow	crowsbow, crowsbowe
crowsbowi	crowsbowi, crowsbowy
cru	cru
cruc	cruc, cruce
crucibu	crucibu
crucifix	crucifix
crucifixez	crucifixez
crucifixi	crucifixi
crucifixo	crucifixo
crud	crud, crude
cruda	cruda
crudarum	crudarum
crudi	crudi
crudo	crudo
crudorum	crudorum
cruet	cruet, cruete, cruette
crueti	crueti, cruetti
cruil	cruil, cruylle
crul	crul, crule, crull, crulle
crup	crup
crus	crus, cruss
crusez	crusez
cruti	cruti
crws	crws, crwse
ctavo	ctavo
cuac	cuac
cubbord	cubbord, cubord, cupbord, cupborde, cupbourd, cupbourde, cuppborde
cuein	cuein, cueyne
cuidam	cuidam
cuilibet	cuilibet, quilibet
cuishen	cuishen, cuysshen, quischen, quishen, quishon, quishone, quison, quisshon, quisson, quyschen, quyshen, quyshene, quyshon, quysshen, quysshon, quysshone, quysson, qwishen, qwishon, qwison, qwisshon, qwisson, qwyshen, qwyshene, qwyshon, qwysshon, qwyssone
cuiu	cuiu, cuju
cuiusdam	cuiusdam, cujusdam
cuiuslibet	cuiuslibet, cujuslibet
culered	culered, cullered
culmin	culmin, culmyn
culorum	culorum
cult	cult
cultel	cultel, cultell
culteli	culteli, cultelli
cultello	cultello, cultelo
cultellorum	cultellorum, cultelorum
cultelltorum	cultelltorum, culteltorum
cultelx	cultelx
cum	cum
cumpaci	cumpaci
cundit	cundit, cundyt
cunditz	cunditz
cunger	cunger
cungr	cungr, cungre
cuni	cuni, cunii
cuniculorum	cuniculorum
cunicuorum	cunicuorum
cup	cup, cupe, cuppe
cupbard	cupbard
cupbordi	cupbordi, cupbordy
cuperi	cuperi
cupi	cupi, cuppi, cuppy, cupy
cupli	cupli
cupri	cupri
cupro	cupro
cura	cura
curac	curac, curace
curacez	curacez
curaciarum	curaciarum
cural	cural, curall, curalle
curan	curan, curran
curant	curant, curante, currante, currantte
curaun	curaun, curraun
curaunt	curaunt, curraunte
curbi	curbi, curby
curchif	curchif, curchiffe, kerchief, kerchiefe, kerchieffe, kerchif, kerchiffe, kirchif, kirchiffe, kyrchife
curcomb	curcomb, curcombe
curie	curie
curta	curta
curtein	curtein, curteyn
curten	curten, curtene
curti	curti
curtin	curtin, curtine, curtyn, curtyne
curtinarum	curtinarum
curtini	curtini
curto	curto
curtorum	curtorum
curtu	curtu
curtum	curtum
cuschen	cuschen
cuschon	cuschon
cushen	cushen, cushin, cushon, cushyn, cusshen, cusshene, cusshin, cusshon, cusshyn
cushi	cushi, cusshi
cushoncloth	cushoncloth, cusshonclothe
cust	cust, cust'
cust'2d	cust'2d
cust'3	cust'3
cust'40	cust'40
cust'7	cust'7
custod	custod, custode
custodia	custodia
custom	custom, custum, custume
custuma	custuma
custumarii	custumarii
custumarum	custumarum
custumato	custumato
custumi	custumi
cut	cut, cute, cutte
cutel	cutel, cuttell, cuttelle
cutelbon	cutelbon, cutilbon, cuttelbon, cuttilbone
cutelboni	cutelboni, cutilboni, cuttelbony, cuttilbony
cutil	cutil, cuttille, cuttylle
cuting	cuting, cutting, cuttinge, cuttyng, cuttynge
cwet	cwet, cwette
cwit	cwit, cwyte, quit
d	d, dde, de, di, dy
da	da
daat	daat, daate
dAbervil	dAbervil, dAbervile
dAcatero	dAcatero
dAcateroo	dAcateroo
dAcoron	dAcoron
dAcoroum	dAcoroum
dAcoroun	dAcoroun
dacr	dacr, dacre
dacra	dacra
dacram	dacram
dacri	dacri, dakri
dacrum	dacrum
dactul	dactul, dactule
dactulorum	dactulorum
dAgafa	dAgafa, dAgapha
dagar	dagar, daggar
dager	dager, dagere, dagger, daggere
daggour	daggour, dagour
dagker	dagker, dagkere
dagswain	dagswain, dagswayne
dai	dai, day, die, dye
daie	daie, daye
daker	daker, dakere, deker
dakeri	dakeri, dekeri
dAlagret	dAlagret, dAlagrete
dAlbania	dAlbania
dAlbert	dAlbert
dalbi	dalbi, dalby
dAlbist	dAlbist
dAldamo	dAldamo
dAldeia	dAldeia, dAldeya
dalena	dalena
dAles	dAles, dAlese
dalisandr	dalisandr, dalisandre
dAlmain	dAlmain, dAlmayne
dAlsa	dAlsa
dAlsan	dAlsan, dAlsane
dAlsor	dAlsor, dAlsore
dAlvis	dAlvis, dAlvyse
dAlzato	dAlzato
dam	dam
dAmadon	dAmadon
damasc	damasc, damasce, damask, damaske
damascen	damascen
damasci	damasci
damasio	damasio
damast	damast
damsk	damsk, damske
dAmster	dAmster
danc	danc, dance, dank, danke
dAncon	dAncon, dAncone
dAncoro	dAncoro
dAndalo	dAndalo
dAndrea	dAndrea
dAndrego	dAndrego
dAndrig	dAndrig, dAndrige
dAndrivesto	dAndrivesto, dAndryvesto
dAnitvor	dAnitvor, dAnytvore
dAntever	dAntever, dAntevere, dAntevor, dAntevore
dAntevori	dAntevori, dAntevory
dAnthon	dAnthon
dAnthonio	dAnthonio
dAntifer	dAntifer, dAntifere
dAntifero	dAntifero
dAntiver	dAntiver, dAntivor, dAntivore, dAntyver, dAntyvor, dAntyvore
dAntiveri	dAntiveri, dAntyvery
dAntivori	dAntivori, dAntivorie, dAntivory, dAntivorye, dAntyvory, dAntyvorye
dAntonio	dAntonio, dAntonyo
dAnwarp	dAnwarp
dar	dar
dAracheta	dAracheta
dAragon	dAragon
dAragos	dAragos, dAragose
dAragoso	dAragoso
dAragoz	dAragoz, dAragoze
dAragus	dAragus, dAragusse
dArbolanch	dArbolanch, dArbolanche
dArcie	dArcie, dArcye
dArest	dArest
dArga	dArga
dArgas	dArgas, dArgasse
dArgement	dArgement
dArisaval	dArisaval, dArissavale
dars	dars, darse
dart	dart, darte
dArtosapalo	dArtosapalo
dAsa	dAsa, dAssa
dashrie	dashrie
dat	dat, date, datte
data	data
dAtagoren	dAtagoren
datam	datam
dAtecero	dAtecero
datez	datez, dattez
dati	dati, daty
datlo	datlo
dato	dato
dattule	dattule, datul
datum	datum
dAudr	dAudr, dAudre
dAudrew	dAudrew
dAurea	dAurea
dav	dav, dave
dAvans	dAvans, dAvanse
dAveris	dAveris, dAverise
davi	davi, davy
dcock	dcock
deal	deal, deale, deall, dealle, deel, deele, deelle, dil, dille
deaurat	deaurat
deaurata	deaurata
deauratarum	deauratarum
deaurati	deaurati
deaurato	deaurato
deauratorum	deauratorum
debent	debent
deberet	deberet
debil	debil, debile, debyll
debili	debili, debilli
debilibu	debilibu
debilium	debilium, debillium
debt	debt
decano	decano
decar	decar, dekar, dikar, dykar
decem	decem
decim	decim
decimo	decimo
decimoquinto	decimoquinto
decker	decker, dekr, dekre
decri	decri
dedli	dedli, dedly
deficit	deficit
defracti	defracti
defuncti	defuncti
degalam	degalam
degeon	degeon, digeon
dei	dei, dey
deind	deind, deinde
deion	deion, dian
dekir	dekir, dekyr, dekyre
del	del, dele, dell, delle
dela	dela, della
delarum	delarum, dellarum
deli	deli, delli, delly, dely
deliverd	deliverd, delivered, delyverd, delyvered
dem	dem
demi	demi, demie, demy, demye
demid	demid, demyd
den	den, dene
denarii	denarii
denariorum	denariorum
dencens	dencens, dencense
dencium	dencium
dent	dent, dente
dEnteber	dEnteber
dentibu	dentibu
dEntiver	dEntiver, dEntivor, dEntyver, dEntyvor
dEntivir	dEntivir, dEntyvyr
dep	dep
departid	departid
depectorum	depectorum
depiciti	depiciti
depict	depict
depicta	depicta
depictarum	depictarum
depicti	depicti, depictti, depycty
depicto	depicto
depictorum	depictorum
deptuatum	deptuatum
deptutatum	deptutatum
deputati	deputati
deputato	deputato
deputatum	deputatum
der	der, dere, dir, dr, dre
dEragoz	dEragoz, dEragoze
deresmolt	deresmolt, deresmolte
derkend	derkend
desimo	desimo
desk	desk, deske
deteni	deteni, deteny
dev	dev
deveria	deveria
deverii	deverii
dewer	dewer
dg	dg, dge
diaculum	diaculum, dyaculum
dial	dial, dialle, dyal, dyalle
diali	diali, dyally
diamand	diamand, dyamande
diamant	diamant
diamanti	diamanti, dyamanti
diaper	diaper, diepar, dyaper, dyapere
diapir	diapir, dyapyr
diapour	diapour, dyapour
diapr	diapr, dyapre
diaqualii	diaqualii
diaul	diaul, diawl, dyaule, dyawle
dic	dic, dice
dict	dict, dicte
dicta	dicta
dictam	dictam, dictum
dictarum	dictarum
dicti	dicti
dicto	dicto
dictorum	dictorum
dictu	dictu
dicunt	dicunt
diebu	diebu
died	died, dyed
diem	diem
dieper	dieper, dyeper
dier	dier, dyer
diferent	diferent, different
digena	digena
digon	digon
diker	diker, dikere, dyker
dikeri	dikeri
dilecti	dilecti
dilectorum	dilectorum
dilow	dilow
dimand	dimand, dymande
dimidia	dimidia
dimidiam	dimidiam, dimidium
dimidie	dimidie, dimidii
dimidio	dimidio
dimidiorum	dimidiorum
dimie	dimie, dymye
ding	ding, dyng
dinger	dinger
diol	diol, diolle, dyolle
diptani	diptani
dipticorum	dipticorum
directa	directa
directi	directi
directo	directo
directum	directum
dIrland	dIrland, dIrlande
dis	dis, disch, dish, dissch, dissh, dysch, dyse, dyssh
disc	disc
dischi	dischi
disci	disci, dishi, disshi, disshy
discorum	discorum
dispersit	dispersit
distav	distav, distave
distavi	distavi, dystavy
div	div, dyve
diver	diver, dyver
diverci	diverci
divercisalii	divercisalii
diveri	diveri
divers	divers, diverse
diversa	diversa
diversarum	diversarum
diversi	diversi
diverso	diverso
diversorum	diversorum
dmundo	dmundo
do	do, du, due
doad	doad, doade
doat	doat, doate
dobbille	dobbille, dobil, dobille
dobel	dobel, dobele, dobelle
dobeler	dobeler
dobelet	dobelet, dobelette, doblet, doblete, doblette
dobl	dobl, doble, dobul, dobulle
doctor	doctor, doctore
dod	dod, dode
doesen	doesen
dog	dog, doge, dogge
dogchain	dogchain, dogchayne
dogchainez	dogchainez, dogchaynez
dogen	dogen, doggene, doggion, dogion, dogyon
dogeon	dogeon, dogeone
dogeounz	dogeounz
doger	doger, dogger
dogeston	dogeston, dogestone, doggestone
dogestoni	dogestoni, doggestony
dogfisch	dogfisch
doggien	doggien, dogien, dogyen
doghok	doghok, doghoke
dogon	dogon
dogskin	dogskin, dogskynne
dogston	dogston, dogstone
dogstonez	dogstonez
dogstoni	dogstoni, dogstony
dogstonz	dogstonz
doion	doion, doione
doistrech	doistrech, doistreche
dol	dol
dolei	dolei
dolet	dolet, dollette
doli	doli, dolii, dolli, dollii, doly
dolia	dolia
dolio	dolio, dollio
doliorum	doliorum
dolium	dolium
domicilio	domicilio
domin	domin, domine
domina	domina
domini	domini
domino	domino
don	don, done
dooad	dooad, dooade, dood, doode
doosen	doosen, doossen, dusen
doplet	doplet, doplette
dor	dor, dore, dorre
dOrdonea	dOrdonea
dOreo	dOreo, dOrio, dOrreo, dOryo
dors	dors, dorse
dorsi	dorsi
dorso	dorso
dorum	dorum
dosei	dosei, dossei
dosein	dosein, doseyn, doseyne, dossein, dosseyn
doseini	doseini, dosseini
dosen	dosen, dosene, dosin, doson, dossen, dossene, dossin, dossine, dosson, dossone, dossyn, dossyne, dosun, dosyn, dosyne
dosena	dosena, dosenna, dossena
dosenam	dosenam, dossenam
dosenarum	dosenarum, dossenarum
dosenez	dosenez, dossenez
doseni	doseni, dosenni, doseny, dosseni, dossenni, dosseny
dosenia	dosenia, dossenia
doseniu	doseniu, dosseniu
dosensi	dosensi, dossensi
doser	doser, dosere
doshen	doshen, dosshen
dosienc	dosienc, dossyence
dosini	dosini, dosyny
doubel	doubel, doubele, dowbl, dowble
doubelet	doubelet, dowblet, dowblete, dowblette
doubl	doubl, double, dubl, duble
doublet	doublet, doublette
doubli	doubli, doubly
dougla	dougla
doula	doula, dowla
doun	doun, doune
doupl	doupl, douple
dovet	dovet, dovett
dowbil	dowbil, dowbill
dowbli	dowbli, dowbly
dowcemer	dowcemer
dowghla	dowghla
dowl	dowl, dowle
down	down, downe
dowsen	dowsen, dowsin, dowson, dowssen, dowssynn
dozen	dozen
dozin	dozin, dozine
dozon	dozon
draconi	draconi
drag	drag, dragge
draganto	draganto
drai	drai, dray, dri, drie, dry, drye
drap	drap, drape
draper	draper
drapz	drapz
draw	draw, drawe
drea	drea
dreg	dreg, drege
dreit	dreit
drenking	drenking, drenkyng
dreping	dreping, drepyng
dresed	dresed, dressed
dresid	dresid, dressyd
dresing	dresing, dressyng
dried	dried, dryed
drifish	drifish, dryfysshe
dright	dright
drincking	drincking, drinckinge, drinckyng, dringking, drinking, drinkinge, drinkyng, dryngkyng, drynking, drynkyng, drynkynge
drink	drink, drynk, drynke
drinkeng	drinkeng, drynkeng
drinkinglas	drinkinglas, drynkkynglass
driping	driping, dripinge, dripyng, drypping, dryppyng, drypyng
drog	drog, droge, drogge
drogagant	drogagant
drogar	drogar, droger, drogere, droggar
droggi	droggi, drogi
droog	droog, drooge
droping	droping, droppyng
dros	dros, drosse
drug	drug, drugge
drugaria	drugaria
drugarie	drugarie, druggarie
drugeri	drugeri, drugery, druggery
drugerie	drugerie, druggerie
dsaw	dsaw, dsawe
dson	dson
dua	dua
duabu	duabu
dubbil	dubbil, dubil
dublet	dublet, dublete, dublette
duc	duc, duce, duk, duke
ducatu	ducatu
ducenti	ducenti
ducesa	ducesa, ducessa
ducesam	ducesam, ducessam
duci	duci
ducisa	ducisa, ducissa
dugla	dugla
dulc	dulc, dulce, dulk, dulke
dulci	dulci
dulcu	dulcu
duo	duo
duob	duob
duobu	duobu
duodecem	duodecem
duodecim	duodecim
duodecimo	duodecimo
duoden	duoden, duodene
duodena	duodena
duodenarum	duodenarum
duodeni	duodeni
dupl	dupl, duple
duplario	duplario
duplariorum	duplariorum
dupleti	dupleti, dupletti
dupletorum	dupletorum, duplettorum
duplic	duplic, duplice
duplicati	duplicati, dupplicati
duplicato	duplicato
duplicatorum	duplicatorum, dupplicatorum
duplicem	duplicem
duplici	duplici
duplicibu	duplicibu
duplicium	duplicium
duri	duri
dusena	dusena, dussena
duseni	duseni, dusseni
dushel	dushel, dusshel
dusin	dusin, dussyn
dust	dust, duste
dwaie	dwaie
dward	dward
dwin	dwin, dwyn
dwsin	dwsin, dwssynn
e	e, ee
ea	ea, ia
each	each
ead	ead
eadem	eadem
eagr	eagr, eagre, eger
eal	eal, eale, eel, eele, eell, eelle, eloue, iel, iele, il, ile, ille, yel, yele, yelle, yle
ean	ean, eane, ian
eandem	eandem
earth	earth, erth, erthe
earthen	earthen, erthen, erthin, erthine, erthyn
earum	earum
easnach	easnach
eastrich	eastrich
eastridg	eastridg, eastridge
eati	eati
ebruarii	ebruarii
ec	ec, ece, ek
ecembri	ecembri
echt	echt
ecia	ecia
ecii	ecii
ecsep	ecsep
ecto	ecto
ed	ed
edewal	edewal
edorum	edorum
eelarum	eelarum, eellarum
efectum	efectum, effectum
eford	eford, eforde
eg	eg, egge
egalam	egalam
egar	egar, egr, egre
eghtendel	eghtendel, eghtendele, eghtendelle
eghtendeli	eghtendeli, eghtendelli
eghtindel	eghtindel, eghtyndell
egi	egi
egir	egir
egni	egni
egri	egri
ehi	ehi, ehy
ei	ei, ey
eich	eich, eyche
eichong	eichong, eychong
eidem	eidem
eightdeli	eightdeli, eightdelli
eightendel	eightendel, eightendele, eightendelle
eightendelei	eightendelei, eightendeley
eightendeli	eightendeli
eightendolii	eightendolii
eightondel	eightondel, eightondelle
eil	eil, eylle
ein	ein, eyn, eyne, ioun, youn
einerson	einerson, eynersson
eiren	eiren, eron, eyren, run, rune
eirstric	eirstric, eirstrice
eisdem	eisdem
eister	eister, eyster
eistric	eistric, eistrice, eistrich, eystrich
eitendel	eitendel, eytendelle
eitindel	eitindel, eytyndelle
eiu	eiu, eju, iue, jue
eiusdem	eiusdem, ejusdem
ekini	ekini
el	el, ele, ell, elle, l, ll, lle
elabri	elabri
elandin	elandin, elandyn
elanin	elanin, elanyn
elarg	elarg, elarge
elarum	elarum, ellarum, ilarum, illarum
elburgh	elburgh
elchior	elchior
eld	eld
eldar	eldar
elder	elder, ellder
electi	electi
electri	electri, ellectri
elephanti	elephanti
elerd	elerd
eleto	eleto, eletto
elevaunt	elevaunt, elevaunte
elfin	elfin
eli	eli, elli, elly, ely
elibu	elibu, ellibu
elie	elie, elye
elin	elin, elyn
elison	elison, elysson
elist	elist
elivaunt	elivaunt, elyvaunte
elk	elk, elke
elki	elki, elky
elm	elm, elme
elman	elman
elminbord	elminbord, elmynborde
elmo	elmo
elneie	elneie, elneye
eltoheu	eltoheu
elton	elton
em	em, eme
embraudati	embraudati, embroudati, embrouddati
embraudato	embraudato, embroudato
embrodered	embrodered
embrodred	embrodred
embrouded	embrouded
emer	emer, emere
emeraud	emeraud, emeraude
emerawd	emerawd, emerawde
emeri	emeri, emerry, emery
emesh	emesh, emessh
emori	emori, emorie, emory, emorye
emploi	emploi, employ
empta	empta
empti	empti, emptie, empty, emptye
emti	emti, emty
en	en, ene, enei, eney, ennei, n, nn, nne
enal	enal, enalle, enl, enle
enau	enau
enaunt	enaunt, enaunte
enbraudati	enbraudati
enbroderd	enbroderd
enbrodred	enbrodred
enbroudati	enbroudati
enbroudato	enbroudato
enbroudatum	enbroudatum
enbrouded	enbrouded
enbroudered	enbroudered
enbrowdid	enbrowdid, enbrowdyd
encen	encen
encenc	encenc, encence
encens	encens, encense
encion	encion
encl	encl, encle
end	end, ende
enda	enda
ender	ender
endez	endez
endi	endi, endy
endison	endison, endisson
endlee	endlee
enea	enea, enia, ennea, enya
enedict	enedict
enedicto	enedicto
enee	enee, eni, ennee
enel	enel, enele
eneo	eneo, enio, enneo
enesburgh	enesburgh
enet	enet, enette
enforbin	enforbin
enii	enii, ennii
enri	enri, enry
enrico	enrico
ensen	ensen
ensenc	ensenc, ensence
ensens	ensens, ensense
ensi	ensi
ent	ent, ente
enterd	enterd, entered
enterid	enterid, enteryd
entibu	entibu
entri	entri, entry
eo	eo
eod	eod, eode
eodem	eodem
eodm	eodm, eodme
eonardo	eonardo
eorgeo	eorgeo, eorgio
eorum	eorum
eorundem	eorundem
eparum	eparum
epatic	epatic, epatice
episcopi	episcopi
episcopo	episcopo
eptembri	eptembri
equ	equ
equi	equi
equinorum	equinorum
equo	equo
equorum	equorum
equum	equum
eral	eral, eralle
erantibu	erantibu
erardo	erardo
erarum	erarum
erased	erased
erasur	erasur, erasure
erati	erati
ercator	ercator, ercatore
erchef	erchef
erd	erd, erde, rd
erdasherie	erdasherie, erdashri, erdashrie, erdashry, erdassherie, erdasshrie, irdashrie
eren	eren
ereo	ereo, erio, erryo, eryo
ereth	ereth, erethe
erici	erici
erico	erico
erii	erii
erik	erik, erike
erios	erios, eryose
erit	erit
erkin	erkin, erkyn
erland	erland
erm	erm
ermin	ermin, ermyn, ermyne
erminz	erminz, ermynz
ermouth	ermouth
ern	ern, irn, irne, rn, rne, yrn, yrne
ernaundo	ernaundo, rnaundo
ernemouth	ernemouth
ero	ero
eror	eror, error
erpleri	erpleri
ert	ert, rt, rtt
erunt	erunt
es	es, esse, s, sse
esbi	esbi, esby
esham	esham, essham
eshaunt	eshaunt
esimo	esimo
eskipacionem	eskipacionem, eskippacionem
eskipacioni	eskipacioni, eskippacioni
eskipacionibu	eskipacionibu, eskippacionibu
eskipandum	eskipandum, eskippandum
eskipata	eskipata, eskippata
eskipati	eskipati, eskippati
eskipato	eskipato, eskippato
esmeri	esmeri
eso	eso
eson	eson, esson
est	est, este
esterig	esterig, esterige
estireg	estireg, estirege
estr	estr, estre
estrech	estrech, estreche, estrich, estriche, estryche
estredg	estredg, estredge
estreg	estreg, estrege
estridg	estridg, estridge, estrydge
estrig	estrig, estryge
esul	esul, esule
esustun	esustun
et	et, ette
eta	eta
etc	etc
etendel	etendel, etendelle
ether	ether, ither, yther
eti	eti, etti
eto	eto, etto
etri	etri
etro	etro
eu	eu, ew, iew, jewe, oo
eundem	eundem
euson	euson, eusson
evel	evel, evele
even	even
everi	everi, every
everie	everie, everye
evil	evil, evyll
evin	evin, evyn
evonie	evonie
ewar	ewar
ewari	ewari
ewcast	ewcast
ewel	ewel, ewell
ewer	ewer, ewere
ewick	ewick, ewicke
ewland	ewland
ewour	ewour
ews	ews, ewse
ex	ex, x, xx
exandro	exandro
executor	executor, executore
executric	executric, executrice
exeunt	exeunt, exeunte
exeuntibu	exeuntibu
existent	existent, existente
existentibu	existentibu
existentium	existentium
exitu	exitu
expectando	expectando
expendabili	expendabili
expendibl	expendibl, expendible
extera	extera
exterea	exterea
exteri	exteri
exteria	exteria
exto	exto
extr	extr
extra	extra
extranea	extranea
exunt	exunt, exunte
ezar	ezar
f	f, ff
fa	fa
faa	faa
fabarum	fabarum
fabro	fabro
fac	fac, face
facez	facez
faci	faci, facy
faciencia	faciencia
faciencium	faciencium
faciendo	faciendo
facient	facient, faciente
facientibu	facientibu
faciunt	faciunt
fackter	fackter, facter, factor, factore
facon	facon, facone
fact	fact, facte
facta	facta
factam	factam
facti	facti
facto	facto
factorem	factorem
factori	factori
factoribu	factoribu
factour	factour
fadello	fadello, fadelo
fagot	fagot, fagote, fagott, fagotte
fal	fal, fale, falle
faland	faland, fallande
falcibu	falcibu
falcon	falcon
falconibu	falconibu
falding	falding, faldinge
fali	fali, falli
falsi	falsi
faml	faml
famulo	famulo
fanez	fanez, fannez
fanget	fanget
fangot	fangot, fangott, fangotte
fangoti	fangoti, fangotti
fangoto	fangoto, fangotto
fani	fani, fanni, fanny, phani
far	far
faradel	faradel, faradell
fard	fard, farde
farddel	farddel, fardel, fardell, fardelle
fardekin	fardekin, fardekyn
fardela	fardela, fardella
fardelet	fardelet, fardelette, fardellette
fardelez	fardelez, fardellez
fardeli	fardeli, fardelli
fardello	fardello, fardelo
fardellu	fardellu, fardelu
fardellum	fardellum, fardelum
fardil	fardil, fardille, fardyll, fardylle
fardili	fardili, fardilli
farding	farding, fardyng
fardl	fardl, fardle
fareli	fareli, farelli
farin	farin, farine
farina	farina
farinul	farinul, farinule
farinuli	farinuli
fart	fart, farte
fartei	fartei, fartey
farthel	farthel, farthell
farthendel	farthendel, farthendelle
fartu	fartu
fas	fas, fase, fass
fastein	fastein, fasteyn
fasul	fasul, fasule
fasulez	fasulez
fat	fat, fate, fatt, fatte
fatez	fatez, fattez
father	father
fathom	fathom, fathome
fati	fati, fatti, fatty
fato	fato, fatto
fattz	fattz, fatz
faucet	faucet, faucette
faucon	faucon, faucone, fawcon, fawcone, fawken, fawkon
fauset	fauset, fausete, fausett
fawkin	fawkin, fawkyn
fawn	fawn, fawne
fawnskin	fawnskin, fawnskynne
fawt	fawt
fe	fe
fecch	fecch, fech
fecheou	fecheou, fechiou
fecheu	fecheu, fechew, fechewe
fecheux	fecheux
fechuuz	fechuuz
feci	feci
fecibu	fecibu
fedal	fedal, fedalle, fedel, fedelle
fedderbedde	fedderbedde, fedderbede, federbed, federbedde, federbede
feddir	feddir, fedir, fedyr
feder	feder, federe
federbeddy	federbeddy, federbedi, fedirbeddy, fedirbedi
federi	federi, federy
fedirbed	fedirbed, fedirbedde, fedirbede, fedyrbed, fedyrbedde
fedirbedz	fedirbedz
feir	feir, feire, fier
fel	fel, felle
feld	feld, ffeld
felet	felet, felette
felipario	felipario, fellipario
fellte	fellte, felltte, felt, felte, feltt, feltte, phellte, phelt, phelte, pheltte
felman	felman
felthat	felthat, felthatte
felther	felther, felthere
felti	felti
feltz	feltz, pheltz
felvet	felvet
femina	femina
feminea	feminea
femini	femini
fen	fen, fene
fenecrek	fenecrek, fenecreke, fenecrik, fenecrike
fenekrek	fenekrek, fenekreke, fenicrek, fenycrek, fenycreke
fenel	fenel, fenelle
fenestr	fenestr, fenestre
feniculi	feniculi
feniegrek	feniegrek
fenkrek	fenkrek, fenkreke
fer	fer, ferr, ferre, fir, fire, fr, fur, fure, furr, furre, fyre, fyrr, fyrre
ferdekin	ferdekin, ferdekyn, firdeken, firdekin, firdekyn
ferdel	ferdel, ferdell, ferdelle
ferdindelo	ferdindelo, ferdyndello
ferdkin	ferdkin, ferdkyn
ferendeli	ferendeli, ferendelli
ferendello	ferendello, ferendelo
ferendellum	ferendellum, ferendelum
feret	feret
feri	feri, ferri, ferrri
ferken	ferken, firken, furken, fyrken, fyrkene
ferkin	ferkin, ferkyn, ferrkin, firkin, firkyn, fyrkyn
fero	fero, ferro
ferondeli	ferondeli, ferondelli
ferrt	ferrt, fert, ferte
ferthekin	ferthekin, ferthekyn
ferthendel	ferthendel, ferthendele, ferthendelle, firthendel, firthendelle
ferthkin	ferthkin, ferthkyn, firthkin, firthkyn
ferthkinz	ferthkinz, ferthkynz
fesantz	fesantz
fesaunc	fesaunc, fesaunce
feschkin	feschkin
fesician	fesician, fesycian
festum	festum
fet	fet, fete
fetant	fetant, fetante
fether	fether, fethir, fethr, fethre, fethur
fetherbed	fetherbed, fetherbedd, fetherbedde, fetherbede, fettherbed
fetherbeddy	fetherbeddy, fetherbedi, fetherbedy
fetherebed	fetherebed
fetherfed	fetherfed
fethirbed	fethirbed, fethirbedd, fethirbedde, fethirbede, fethyrbed, fethyrbedde
fewlken	fewlken
ffler	ffler, fler
fic	fic
ficch	ficch, fich, fiche, fitch, fitche, fycche, fych, fytch
ficcheux	ficcheux, ficheux, fichow, fichowe, fycheux
ficchew	ficchew, ficheu, fichew, fichewe, fichou, fitchew, fycheu, fychew, fychewe, fychou
ficchewz	ficchewz, fichewz
ficcorum	ficcorum, ficorum
ficheou	ficheou
fichewez	fichewez, fychewez
fichewi	fichewi
fichi	fichi, fychy
fici	fici, fisi
ficu	ficu
ficuler	ficuler
ficum	ficum
ficuum	ficuum, fycuum
fiel	fiel, fil, file, fyelle, fyl, fyle
fig	fig, fige, figg, figge, fyge, fygge
figgi	figgi, figi, fygi, fygy
figori	figori
figorum	figorum
figu	figu
figur	figur, fygure
figurati	figurati
figured	figured, fygured
figuri	figuri, figury, fygury
fila	fila
filati	filati
filer	filer, filler
filet	filet, filette
fili	fili, filii, filli, fyli, phili
filing	filing, filinge, filyng, fyling, fylinge, fylyng, fylynge
filio	filio
filo	filo
filt	filt, fylt
fin	fin, fine, fyn, fyne, fynne, phin, phyn
finem	finem
fini	fini
finient	finient, finiente
fino	fino
fiol	fiol, fiole, fyolle
firbourd	firbourd, firbourde
firdindeli	firdindeli, firdindelli
firing	firing, fyryng
firmaculorum	firmaculorum
first	first, furst, furste
fisch	fisch, fish, fishe, fissh, fisshe, fysche, fysh, fyshe, fyssh, fysshe, phesh, pheshe, phish, phishe
fisched	fisched
fischok	fischok, fischoke
fishesmer	fishesmer, fishsmer, fisshesmer, fisshsmer, fisshsmere
fishing	fishing, fisshing, fyshyng, fysshyng
fishlin	fishlin, fisshlyn
fisico	fisico
fisicorum	fisicorum
fistola	fistola
fistul	fistul, fistule
fistula	fistula
fistularum	fistularum, fistullarum
fistuli	fistuli
fith	fith, fythe
fla	fla
flack	flack, flacke
flaket	flaket, flakkette
flancard	flancard, flancarde
flanel	flanel, flanell, flannel, flannell, flannelle
flani	flani, flanny
flankard	flankard, flankarde, flankerd, flankerde
flanker	flanker
flapi	flapi, flappi
flask	flask, flaske
flasket	flasket, flaskete, flaskett, flaskette, flasskette
flat	flat, flate, flatt, flatte
flatfisch	flatfisch, flatfische, flatfysch
flatfish	flatfish, flatfissh, flatfisshe
flax	flax, flaxe
flaxen	flaxen
fleccher	fleccher, flecher
fleccheri	fleccheri, flecheri
flech	flech
flechi	flechi, flechy
fleilstaun	fleilstaun, fleilstaune
flesing	flesing
flex	flex, flexe
flic	flic, flicc, flicch, flich, fliche, flik, flikke, flycch, flych
flichi	flichi, flitchi, flycchi
flitch	flitch
flock	flock, flocke, flok, floke, flokke
floit	floit, floyte, floytte
floiti	floiti, floyty
floki	floki, flokki
flor	flor, flore, florre
floraun	floraun
florei	florei, florey
florenc	florenc, florence
floret	floret, florett
flori	flori, florie, flory, florye
floribu	floribu
flort	flort
flosa	flosa
flot	flot, flote, flotte
floti	floti, floty
flotis	flotis, flotise
flouer	flouer
flounder	flounder
flour	flour, floure, flower
flourd	flourd, flowerd
flowir	flowir
flowr	flowr, flowre
flox	flox, floxe
fo	fo
focer	focer
focheux	focheux
fodder	fodder, foder
fodera	fodera
foderbed	foderbed, foderbedde
foderi	foderi
fodir	fodir
fodr	fodr, fodre
fodra	fodra
fodri	fodri
fodro	fodro, fodrow
foien	foien, foyene
foiet	foiet, foyet
foil	foil, foile, foille, foyl, foyle, foylle
foin	foin, foyn, foyne
foinez	foinez, foynez
foini	foini, foyny
foion	foion, foyon
foist	foist, foyste
foit	foit, foyte
fok	fok, fokke
fol	fol
folcie	folcie
fold	fold, folde
folded	folded
folder	folder, foldr, foldre
foldi	foldi, foldy
folding	folding, foldyng
foldri	foldri
folen	folen
folii	folii
folio	folio
foliorum	foliorum
follow	follow, folow
followythe	followythe, foloweth, folowith, folowyth
foloeth	foloeth, foloethe
foloith	foloith
foot	foot, foote
for	for, fore, forr, forur, forure, four, foure
forc	forc, fork, forke
forcer	forcer, forcere, forser, forsere
forceri	forceri
forcerii	forcerii
forcerio	forcerio
forceriorum	forceriorum
ford	ford
fordel	fordel, fordell
forder	forder
fordr	fordr, fordre
forel	forel, forrell, forrelle
forkin	forkin, forkyn
forlaken	forlaken
form	form, forme
forma	forma
formagii	formagii
formar	formar
former	former
formuli	formuli
forpic	forpic, forpice
forpicibu	forpicibu
forpicium	forpicium
forpicum	forpicum
forrura	forrura, forura
forsaid	forsaid, forsayd
forsier	forsier
fort	fort, forte
forther	forther
fostik	fostik, fostyk
fot	fot, fote, fotte
foteman	foteman
foteston	foteston, fotestone, fottestone
fother	fother, fothere
fothera	fothera
fotheri	fotheri
fothir	fothir, fothr, fothre, fothyr
fothira	fothira
fotston	fotston, fotstone
foulder	foulder, fulder
fouldr	fouldr, fouldre, fuldr, fuldre
foundr	foundr, foundre
fourtie	fourtie, fourtye
fowder	fowder, fowdr, fowdre
fower	fower
fox	fox, foxe
foxkin	foxkin, foxkyn
fracti	fracti
fracto	fracto
fractorum	fractorum
fraiel	fraiel, frayell
fraieli	fraieli, fraielli, frayelli
fraiello	fraiello, fraielo, frayello
frail	frail, fraile, fraille, frayle, fraylle
frailez	frailez, fraylez
fraili	fraili, frailli, fraylli
fraillo	fraillo, frailo, frayllo
fralez	fralez
franc	franc, france, frank, franke
franckensenc	franckensenc, franckensence, frankensenc, frankensence
frankencen	frankencen
frankensen	frankensen
frankensens	frankensens, frankensense
frankinsen	frankinsen, frankynsen
frankinsenc	frankinsenc, frankynsence
frasour	frasour
frasur	frasur, frasure
frat	frat
fratr	fratr, fratre
fratrum	fratrum
frec	frec, frece
freillo	freillo, freilo
freing	freing, freinge, fring, fringe, fryng, frynge
freis	freis, freise, freyse, friz, frize, fryze
freng	freng, frenge, frieng, fryeng
frengi	frengi
freni	freni
freno	freno
fres	fres, frese, fresse
fresado	fresado, fresadoe, fressado
fresadow	fresadow, fresadowe
fresavo	fresavo
fresch	fresch, fresche, fresh, freshe
freseado	freseado
fresed	fresed
fresii	fresii, frisi
frez	frez, freze
frezad	frezad
frezado	frezado
fri	fri, fry
fric	fric, frice, friec, fryce, fryece
fricezado	fricezado, frycezado
fricii	fricii, frisii, frysii
frid	frid, fryde
frido	frido
fries	fries, friese, friesse, fryese
friing	friing, friyng, friynge, frying, fryinge, fryyng
frindg	frindg, frindge
fringed	fringed, frynged
fris	fris, frise, frish, frisse, fryse, frysh, frysse
frisad	frisad, frysad, frysade
frisadi	frisadi
frisado	frisado, frisadoe
frisadon	frisadon, frysadon
frisadow	frisadow, frisadowe
friseado	friseado, friseadow, friseadowe
frisid	frisid
frisio	frisio
frizado	frizado, fryzado
from	from, frum, frume
frontel	frontel, frontelle
fruct	fruct, fructe
fructu	fructu
fructuum	fructuum
fruit	fruit, fruyte
frumenti	frumenti
frumento	frumento
frut	frut, frute
fu	fu
fuder	fuder
fuer	fuer, fuerre
fuerst	fuerst
fuerunt	fuerunt
fuesing	fuesing, fuesyng
ful	ful, fule, full, fulle
fuler	fuler, fuller
fullonibu	fullonibu, fulonibu
fun	fun, fune
fungearum	fungearum
fungei	fungei
funger	funger
fungia	fungia
fungiarum	fungiarum
fungii	fungii
funi	funi, funy
furati	furati, furrati
furd	furd, furde, fured, furred
furi	furi, furri, furry
furid	furid, furryd
furrur	furrur, furur
furrura	furrura, furura
furrurarum	furrurarum, fururarum
furruri	furruri, fururi
furthindel	furthindel, furthindell
fusi	fusi, fussy
fusk	fusk
fust	fust
fustean	fustean, fustien, fustin
fustein	fustein, fusteyn
fusti	fusti
fustian	fustian, fustiane, fustion, fustyan, fustyon
fustici	fustici
fustick	fustick, fustik, fustike, fustyk, fustyke
fustiian	fustiian, fustiyan
fustuk	fustuk
fustula	fustula
fustulorum	fustulorum
ga	ga
gabardin	gabardin, gabardine
gabaren	gabaren, gabarene
gabel	gabel, gabelle
gabiliern	gabiliern, gabilyerne
gadered	gadered
gaderid	gaderid
gaie	gaie, gaye
gal	gal, gall, galle
galach	galach, galache
galag	galag, galage, galeg, galege
galban	galban, galbane
galbani	galbani
galbanum	galbanum
galboni	galboni
galea	galea, gallea
galee	galee
galei	galei, galley
galeie	galeie, galeye
galepot	galepot, gallepotte
galez	galez, gallez
gali	gali, gally, galy
galia	galia
galie	galie, gallye
galiepot	galiepot, galyepotte
galing	galing, galinge
galinga	galinga, galynga
galingal	galingal, galingale, galingalle, galyngale, galyngalle
galini	galini, gallini
galion	galion, gallion
galiot	galiot
galipot	galipot, galipotte, gallipote, gallipotte, gallypotte, galypote, galypotte
galipotez	galipotez, gallipotez
gallon	gallon, galon, galone
gallorum	gallorum, galorum
galoch	galoch, galoche
galoner	galoner, galonere
gam	gam, game
gamahoo	gamahoo
gamez	gamez
gami	gami, gamy
ganlar	ganlar
gantelet	gantelet, gantelette
gar	gar, garre
garba	garba
garbel	garbel, garbele, garbell, garbelle, garbl, garble, garbol, garbole
garbeler	garbeler, garbelere
garbelera	garbelera
garbellure	garbellure, garbelur, garbelure
garbelour	garbelour, garbeloure
garbelura	garbelura
garbi	garbi
garbil	garbil, garbylle
garboler	garboler
gard	gard, garde
gardbra	gardbra, gardebra
gardbrac	gardbrac, gardbrace, gardebrac, gardebrace
gardebras	gardebras, gardebrase
gardeviand	gardeviand, gardeviande
gardeviaund	gardeviaund, gardeviaunde
garding	garding, gardyng
gardo	gardo
gariofel	gariofel, garriofele
gariofeli	gariofeli, garriofeli
gariofili	gariofili
garlek	garlek, garlick, garlicke, garlik, garlike, garlyck, garlycke, garlyk, garlyke
garment	garment, garmente
garn	garn
garnad	garnad, garnade
garnario	garnario
garnati	garnati
garner	garner
garnerii	garnerii
garnesh	garnesh, garnessh, garnisch, garnische, garnish, garnysh
garnet	garnet, garnete, garnette
garneti	garneti, garnetti
garni	garni
garnisato	garnisato
garnished	garnished, garnysshed
garnishid	garnishid, garnysshid
garnisiati	garnisiati
garon	garon
garter	garter
garterii	garterii
garth	garth, garthe
garthi	garthi, garthy
garum	garum
gaudi	gaudi, gaudy
gaul	gaul, gaule, gawl, gawle, gawlle
gauld	gauld, gaulde
gauldi	gauldi
gault	gault, gaulte
gaunlot	gaunlot, gaunlotte
gaunselet	gaunselet, gaunselette
gauntelaunt	gauntelaunt, gauntelaunte
gaunteler	gaunteler
gauntelet	gauntelet, gauntelette
gauntlet	gauntlet, gauntlette, gaunttlette, gawntlet, gawntlette
gauntlot	gauntlot, gauntlotte
gawd	gawd, gawde
gawdei	gawdei, gawdey
gawshawk	gawshawk, gawshawke
gcofr	gcofr, gcofre
ge	ge, gui
geat	geat, geet
gelbrigth	gelbrigth
gelench	gelench
gelofr	gelofr, gelofre
gemelet	gemelet, gemelete, gemelette, gemelot, gemelotte
gemeleti	gemeleti, gemeletty
gena	gena
gencian	gencian, gencyan
gencium	gencium, gencyum
general	general, generale, generalle
generali	generali
generosi	generosi
generosorum	generosorum
genet	genet, genete
gent	gent
gentil	gentil, gentille, gentylle
gentilman	gentilman, gentyllman, gentylman
geo	geo, gio
geot	geot, geott
ger	ger, gerre, gr, gre
gerbel	gerbel, gerbelle
gerdel	gerdel, gerdele, gerdelle, girdel, girdele, girdell, girdelle, girdl, girdle, gurdel, gurdelle, gyrdell, gyrdelle
gerdil	gerdil, gerdylle, girdil, girdille, gyrdille, gyrdylle
gerea	gerea
gerfalcon	gerfalcon
gerk	gerk
gerken	gerken
gerl	gerl, girl, girle
gerlick	gerlick, gerlicke
gero	gero
gers	gers, gerse, gres, grese
gerth	gerth, gerthe, girth, girthe
geseron	geseron, gesseron
geshed	geshed, geshede
get	get, gete, gett, gette
getefat	getefat, getefatte
getern	getern, geterne
gether	gether
gewgav	gewgav, gewgave
gh	gh, ghe
gheter	gheter
ght	ght
gi	gi, gy
giat	giat
giet	giet, giett
gigaw	gigaw, gygawe
gil	gil, gille, gylle
gilbi	gilbi, gilby
gilded	gilded
gilt	gilt, gilte, gylt, gylte, gyltt
gimelet	gimelet, gymelette
gimelot	gimelot, gymelotte
gimeloti	gimeloti, gymelotty
gimlet	gimlet, gimlot, gymlet, gymlette, gymlotte
giner	giner, gynner
gingebr	gingebr, gingebre
gingebri	gingebri
ginger	ginger, gynger
gingerbred	gingerbred, gingerbrede
gingiberi	gingiberi
gingir	gingir, gyngir, gyngyr
gipcer	gipcer, gipcere, gipser, gypser
gipsier	gipsier, gypsiere
gipsieri	gipsieri
girdeli	girdeli, girdelli
girdiern	girdiern, gyrdyerne
girkin	girkin, girkyn
girthweb	girthweb, girthwebbe
girthwebbi	girthwebbi, girthwebi
gistro	gistro
gitefat	gitefat, gytefatte
gitern	gitern, gittern, gyttern
gitorn	gitorn, gittorn, gyttorn, gyttorne
gla	gla
glac	glac, glace
glaci	glaci, glacy
gladii	gladii
gladiorum	gladiorum
gland	gland
glas	glas, glase, glash, glass, glasse, glassh, glassz, glasz
glasboord	glasboord, glasboorde
glasc	glasc, glasce
glasez	glasez, glassez
glasi	glasi, glassi, glasy
glaucei	glaucei
glew	glew, glewe
glister	glister, glyster
glov	glov, glove
glova	glova
glover	glover
glovez	glovez
glovi	glovi, glovy
glowez	glowez
glowi	glowi
gn	gn, oun, oune
gni	gni, ne, ni, nni
go	go
goad	goad, goade
goat	goat, goate, goatt
goatskin	goatskin
gobblette	gobblette, goblet, goblette
gobelet	gobelet, gobelette
gobet	gobet, gobette
god	god, godde, gode
goda	goda
goddi	goddi, godi, gody
godewerk	godewerk
gog	gog, goge
goith	goith, goyth, goythe
gol	gol, golle
gold	gold, golde
goldesmith	goldesmith, goldesmythe, goldsmith, goldsmythe
goldesmithi	goldesmithi, goldesmythi
goldskin	goldskin, goldskyn, goldskynne
goldweight	goldweight, goldweighte, goldweyghte
goli	goli, golli, golly
gom	gom, gome, gomme
gon	gon, gone, gonn, gonne
gonelack	gonelack, gonnelack
goneston	goneston, gonestone, gonneston
gonez	gonez, gonnez
goni	goni, gonny, gony
gonnpowder	gonnpowder, gonpouder, gonpowder
gonstoni	gonstoni, gonstony
goo	goo, gu
good	good, goodde, goode
gooda	gooda
goodi	goodi
goold	goold, goolde
goon	goon, goonne
goord	goord, goorde
goos	goos, goose
goosehauk	goosehauk, goossehauke
gooshawk	gooshawk, gooshawke
goot	goot, goote, goott
gord	gord, gorde, gourd, gourde
gorg	gorg, gorge
gorget	gorget, gorgette
gorgiet	gorgiet, gorgiette
goriet	goriet, goriett, goriette
gorshawk	gorshawk, gorshawke
gos	gos, gose, gosse
gosehauk	gosehauk, gossehauke
gosehawk	gosehawk, gosehawke
goset	goset, gossette
gosha	gosha
goshak	goshak, goshake
goshauk	goshauk, goshauke
goshawk	goshawk, goshawke, gosshawke
got	got, gote, gott, gotte
gotebrush	gotebrush, gotebrussh
gotefel	gotefel, gotefelle
goter	goter
goterston	goterston, goterstone, gotterstone
goth	goth, gothe
goti	goti, gotti, gotty
gotisher	gotisher, gotyshere
goton	goton, gotton
gotskin	gotskin
gotz	gotz
goun	goun, goune
gouni	gouni, gounny, gowni, gownny
gour	gour
gow	gow
gown	gown, gowne
gowshawk	gowshawk, gowshawke
graf	graf, graffe
grai	grai, gray, greie, greye
graie	graie, graye
grain	grain, graine, grayn, grayne, grein, greine, greyn, greyne
grainez	grainez, graynez
graini	graini, grayny
graiwark	graiwark, graiwerk, graywark, graywerk, graywerke
gran	gran, grane
granario	granario
granati	granati
granatorum	granatorum
grand	grand, grande
grandi	grandi
grando	grando
grani	grani, grany
grano	grano, grrano
granorio	granorio
granorum	granorum
grantid	grantid, grantyd
grat	grat, grate
grater	grater
grati	grati, graty
graturarum	graturarum
graunt	graunt
gravel	gravel, gravell
graving	graving, gravyng
great	great, greate
grec	grec, grece
grediern	grediern, gredyern
greet	greet, greett
grei	grei, grey
greinding	greinding, grinding, grindinge, grindyng, gryndinge, gryndyng
greinez	greinez, greynez
greini	greini, greyny
greinz	greinz, greynz
greiwark	greiwark, greiwerk, greywark, greywerk
gren	gren, grene, grenne
grener	grener
greni	greni, greny
grening	grening, grenyng
gret	gret, grete, grett
griddli	griddli, gridli
griiorn	griiorn, griyorne
gril	gril, grile, grille
grili	grili, grilli
grin	grin, gryn
grindeston	grindeston, grindestone, gryndestone
grindingston	grindingston, gryndyngstone
grindston	grindston, grindstone, gryndstone
grindstonez	grindstonez, gryndstonez
grindstoni	grindstoni, gryndstony
gringston	gringston, gryngstone
grinst	grinst
grinston	grinston, grinstone, grynston, grynstone
grinstoni	grinstoni, grynstony
grip	grip, gripe, grype
gro	gro
grobisa	grobisa, grobissa
groc	groc, groce
grocer	grocer
groceri	groceri, grocery
grocerie	grocerie
grocero	grocero
grograin	grograin, grograyn, grograyne
groo	groo
gros	gros, grose, gross, grosse
grosarum	grosarum, grossarum
groser	groser
grosi	grosi, grossi
groso	groso, grosso
grosorum	grosorum, grossorum
grot	grot, grote
ground	ground, grounde
gtil	gtil, gtyle
gton	gton
guald	guald, gualde
gualdi	gualdi, gualldi
gud	gud, gudde
gudi	gudi
gul	gul, gull, gulle
gulfish	gulfish
guli	guli, gulli, gully
gum	gum, gume, gumme
gumi	gumi, gummi, gummy
gun	gun, gune, gunne
gunez	gunez
guni	guni, gunny, guny
gunpouder	gunpouder, gunpowder
gunstoni	gunstoni, gunstony
gurset	gurset, gursette
guset	guset, gussete, gussette
guter	guter, gutter
gutern	gutern, guterne
gwaldi	gwaldi
ha	ha
hab	hab
habardash	habardash, habardassh, haberdasch, haberdasche, haberdash, haberdashe, haberdassh, haberdasshe
habardashar	habardashar, habardasher
habent	habent
haberd	haberd
haberdaser	haberdaser, haberdasser
haberdasharia	haberdasharia, haberdassharia
haberdasher	haberdasher, haberdashir, haberdashyr
haberdasheri	haberdasheri, haberdasshery
haberdasheria	haberdasheria
haberdashrie	haberdashrie, haberdasshrie
haberdin	haberdin, haberdyne
habergen	habergen, habergon
habergeon	habergeon, habergeone
haberieoun	haberieoun
haberion	haberion, haberione
haberioun	haberioun
habir	habir
habird	habird
habirdash	habirdash, habirdassh, habirdasshe
habirdashwar	habirdashwar, habirdasshware
habirgeon	habirgeon
habordaser	habordaser
habordasher	habordasher, habordassher
haburdasch	haburdasch, haburdash, haburdassh
haburdaschwar	haburdaschwar, haburdaschware
haburdasher	haburdasher
haburdasheria	haburdasheria
haburdasherie	haburdasherie, haburdashri, haburdashry
haburgon	haburgon
haburion	haburion
hac	hac, hack, hacke, hak, hake
hachel	hachel, hachelle
hachet	hachet, hachete, hachette
haddocke	haddocke, haddok, haddoke, haddokke, hadock, hadocke, hadok, hadoke, hadokk, hadokke
haft	haft, hafte, halft, halfte
hafti	hafti, hafty
hagbus	hagbus, hagbuss
hagbush	hagbush, hagbussh, haggbush, haggbussh
hagbushi	hagbushi, hagbusshi
hagebus	hagebus, hagebusse
hagebush	hagebush, hagebussh, haggebush, haggebushe, haggebussh
haiger	haiger
hakbush	hakbush, hakbussh
hakenei	hakenei, hakeney
hal	hal, hall
halbard	halbard, halbarde, halberd, halberde
halbart	halbart, halbarte
halberdez	halberdez
hald	hald, halde
haldok	haldok, haldoke
halec	halec
haleci	haleci, halleci
half	half, halfe, halff, halffe, hallfe
halffie	halffie, halfie
halfwexfish	halfwexfish, halfwexfissh
halibut	halibut, halibutte, halybutte
halic	halic
halici	halici
haliwater	haliwater, halywater
halpenei	halpenei, halpeney
halpeni	halpeni, halpeny
halser	halser
halsing	halsing, halsynge
halster	halster
ham	ham, hamme
hamar	hamar, hamare
hamer	hamer, hamere, hammer
hammour	hammour, hamour
hamourz	hamourz
hampar	hampar, hamper, hampere, hampper, hamppere
hamperi	hamperi, hampperi
han	han, hane, hanne, hon, hone
hand	hand, hande
handbrom	handbrom, handbrome
handcherchev	handcherchev
handel	handel, handl, handle
handelband	handelband, handelbande
handgon	handgon, handgonn, handgonne
handgonez	handgonez, handgonnez
handil	handil, handille
handilbond	handilbond, handilbonde
handkercher	handkercher
handlebondez	handlebondez
handsheri	handsheri, handshery
hang	hang
hanger	hanger
hangil	hangil, hangylle
hanging	hanging, hanginge, hangyng
hangingbed	hangingbed, hangingbedde
hangon	hangon, hangone
hani	hani, hanni
hank	hank, hanke
hanson	hanson
har	har, hare
hard	hard, harde
hardewar	hardewar, hardeware, hardwar, hardware
hardorum	hardorum
harenei	harenei
harl	harl, harle
harn	harn, harne
harnasiati	harnasiati
harnasii	harnasii
harnasio	harnasio
harnei	harnei, harney
harnes	harnes, harness
harneseal	harneseal, harnesealle
harnesed	harnesed
harnesi	harnesi
harnesio	harnesio
harnez	harnez
harnie	harnie, harnye
harp	harp, harpe
harpestreng	harpestreng, harpestrenge
harpi	harpi, harpy
harpistring	harpistring, harpistrynge
harpsting	harpsting, harpstinge
harpstreng	harpstreng, harpstrenge
harpstring	harpstring, harpstringe, harpstrynge
harqubush	harqubush
hart	hart, harte
harth	harth, harthe
hasillnotte	hasillnotte, hasilnot
hasilnoti	hasilnoti
hat	hat, hate, hatt, hatte
hatband	hatband, hatbande
hatbond	hatbond, hatbonde
hatchet	hatchet, hatchette
hateheer	hateheer, hatteheer
hateher	hateher, hater, hattehere, hatter
hatener	hatener, hattener
hatesher	hatesher, hatteshere
hath	hath, hatthe
hatheer	hatheer, hattheer
hatheir	hatheir, hatheyr
hather	hather, hathere, hatthere
hati	hati, hatti, hatty
hatti	hatti, hattty
hattwoll	hattwoll, hattwolle, hatwol, hatwolle
hattz	hattz, hatz
hatwool	hatwool, hatwoolle
hatwul	hatwul, hatwull
haubaw	haubaw, haubawe
hauk	hauk, hauke, hawk, hawke
haukesbag	haukesbag, haukesbage, hawkesbag, hawkesbagge
haukesbel	haukesbel, haukesbelle
hauki	hauki, hauky, hawki, hawky
haukisbag	haukisbag, haukisbage, haukysbage
haulf	haulf, haulfe, hawlf, hawllffe
haund	haund, haunde
hauuser	hauuser
hawberd	hawberd, hawberde
hawdberd	hawdberd, hawdberde
hawek	hawek, haweke
hawf	hawf
hawght	hawght
hawkbag	hawkbag, hawkebag, hawkebagge
hawser	hawser
he	he
head	head, heade
hear	hear, heare, hearr, hearre, heer, heere
heath	heath, heathe
hebergeonz	hebergeonz
hechel	hechel, hechelle, hekil, hekl, hekle, hekyl
hechil	hechil, hechill, hechille
hechild	hechild
hed	hed, hedde, hede, heed, heede, hid, hide, hyde
hedclavi	hedclavi
hedclavorum	hedclavorum
heddid	heddid, hedid
hedi	hedi
hedlack	hedlack, hedlacke, hedlak, hedlake
hedlaken	hedlaken
hedlakin	hedlakin, hedlakyn
hedlok	hedlok
hednail	hednail, hednaile, hednaille
hednaili	hednaili
hedpec	hedpec, hedpece
heg	heg, hegge
heir	heir, heire, heyr, heyre
heiring	heiring, heyrynge
hel	hel
helm	helm, helme
helmet	helmet, helmette
helsing	helsing, helsyng, helsynge
helvid	helvid, helvide
hem	hem
hemp	hemp, hempe, hemppe
hempsed	hempsed, hempsede
hen	hen
henderland	henderland
heng	heng, henge
hengi	hengi
henging	henging
henkehorni	henkehorni, henkehorny
henson	henson, hensson
her	her, here, herre, hur, hure, hurre
herbrush	herbrush, herbrussh
herd	herd, herde
hereafter	hereafter
heredibu	heredibu
heren	heren
herenshew	herenshew, herenshewe
heresed	heresed, heresede
herewark	herewark
herewerk	herewerk, herewerke
heri	heri, hery
herin	herin, heryn
hering	hering, heringe, herring, herringe, herryng, herrynge, heryng, herynge
heringseim	heringseim, heryngseyme
heringsmolt	heringsmolt, heryngsmolt, heryngsmolte
hern	hern, herne, hirn, hyrne
hernei	hernei, herney
hernes	hernes, hernese, herness
hernesew	hernesew, hernesewe
herni	herni, herny
hernisew	hernisew, hernisewe
hernsew	hernsew, hernsewe
heron	heron, herone
hert	hert, herte, hertte
herth	herth, herthe, hurth, hurthe
herthez	herthez
hervestman	hervestman
herwark	herwark, herwarke, herwerk
heson	heson
heth	heth, hethe
hewer	hewer, hewr, hewre
hi	hi, hy
hic	hic
hidi	hidi, hydi
hightindel	hightindel, hyghtyndelle
hilipo	hilipo, hilippo
hilt	hilt, hylte
him	him, hym, hyme
hinc	hinc
hinchorn	hinchorn, hinchorne, hynchorne
hinckhorn	hinckhorn, hinkhorn, hynckhorne
hind	hind, hynde
hindecalf	hindecalf, hyndecalfe
hinderlaken	hinderlaken
hinderlan	hinderlan, hinderlane
hinderland	hinderland, hinderlande, hindreland, hynderlande
hinderlani	hinderlani
hinderlend	hinderlend, hinderlende
hinderlond	hinderlond, hindrelond, hindrelonde
hing	hing, hinge, hynge
hinkho	hinkho
hinkorn	hinkorn, hinkorne, hynkorne
hirin	hirin, hiryn
historiarum	historiarum
hit	hit
hman	hman
hn	hn
ho	ho
hoc	hoc, hok, hoke, hokke
hod	hod, hodde, hode
hodi	hodi
hodleck	hodleck
hog	hog, hogg, hogge
hogesed	hogesed, hoggesede
hogeshead	hogeshead, hoggeshead, hoggesheade
hogeshed	hogeshed, hogeshede, hoggeshed, hoggeshedd, hoggeshedde, hoggeshede
hogeshedez	hogeshedez, hoggeshedez
hogesheed	hogesheed, hoggesheede
hogesheid	hogesheid, hoggesheide
hogghede	hogghede, hoghed, hoghede
hoggished	hoggished, hoggishede, hogished
hoggshede	hoggshede, hogshed, hogshede
hogshead	hogshead
hoia	hoia, hoya
hokend	hokend, hokende
hoker	hoker
hoki	hoki, hoky
hokson	hokson
hol	hol, hole
holao	holao
holberd	holberd, holberde
holebard	holebard, holebarde
holewater	holewater
holewort	holewort, holeworte
holi	holi, holy
holiwater	holiwater, hollywater, holywater
hollock	hollock, holock
hollow	hollow, holow
holmas	holmas, holmase
holmasi	holmasi
holmes	holmes, holmese, holmess
holmos	holmos, holmose
holron	holron
holt	holt
holwort	holwort, holworte
hom	hom, home
homa	homa
homas	homas, homase
homasi	homasi
homer	homer
homin	homin, homine
hominibu	hominibu
homo	homo
honei	honei, honney
hong	hong, honge
honi	honi, honii, honni, hony
honio	honio
hood	hood, hoode
hoogeshed	hoogeshed, hoogeshede
hook	hook, hooke
hool	hool, hoole, hoolle
hoop	hoop, hoope, hooppe
hoopi	hoopi
hoos	hoos, hoose
hop	hop, hope, hopp, hoppe
hopez	hopez, hoppez
hopi	hopi, hoppi, hoppy, hopy
hoppz	hoppz, hopz
hopsak	hopsak, hopsake
hor	hor, hore
horc	horc, horce
horilogio	horilogio
horn	horn, horne, hornne
hornez	hornez
horni	horni, hornie, horny, hornye
hors	hors, horse, horsse
horsbit	horsbit, horsbitte
horscom	horscom, horscomb, horscombe, horscome, horsecomb, horsecombe
horscombez	horscombez
horscombi	horscombi
horscombz	horscombz
horseman	horseman, horsman, horsmane
horsgirth	horsgirth, horsgirthe
horskoler	horskoler, horskoller
horsmil	horsmil, horsmylle
horstail	horstail, horstaille, horstayle
hos	hos, hose
hosen	hosen
hosi	hosi
hosin	hosin, hossyn, hosyn
hotinbakar	hotinbakar, hotynbakar
hou	hou
houkend	houkend, houkende
houlk	houlk, houlke
houndefisch	houndefisch
houndstoni	houndstoni, houndstony
houndstoun	houndstoun, houndstoune
housen	housen
howmas	howmas, howmass
howmes	howmes, howmese
howshold	howshold, howsholde
hson	hson, son, sson, suein, sueyn
ht	ht
huc	huc, huk, huke
hudreth	hudreth, hudrethe
hugborugh	hugborugh
hugrewark	hugrewark
huic	huic
huiu	huiu, huju
huiusmodi	huiusmodi, hujusmodi
hunc	hunc
hundred	hundred
hundredwaight	hundredwaight, hundredwait, hundredwayt
hundredweight	hundredweight
huni	huni, huny
huri	huri, hury
husk	husk, huske
huspel	huspel, huspelle
iacent	iacent, jacente
iacentem	iacentem, jacentem
iai	iai, jay
iak	iak, jak, jakke
iaket	iaket, jaket
iaknap	iaknap, jaknap
iam	iam
iamson	iamson
iano	iano
ianson	ianson, yanson
iap	iap, jape
iar	iar, jar, jarre
iara	iara, jarra
iard	iard, yard, yarde
iardin	iardin, jardyn, jardyne
iarfawcon	iarfawcon, jarfawcon
iari	iari, jarri, jarry
iarn	iarn, yarn, yarne
iasinet	iasinet, jasynete
iaspar	iaspar, iasper, jaspar, jasper
iavelen	iavelen, javelen, javellen
iavelin	iavelin, javelin, javelyn
iaveling	iaveling, javelinge, javelynge
ibald	ibald
ibi	ibi
ibidem	ibidem
ibu	ibu
ic	ic, ick, ik, ike, yce
icardo	icardo
icata	icata
icato	icato
icenciam	icenciam
ichael	ichael, ichaele, icl, icle
iching	iching, ychyng
icholao	icholao
ico	ico
icolao	icolao
icti	icti
ictorum	ictorum
idan	idan, ydan
idem	idem
idio	idio
ido	ido
idua	idua
ie	ie, ii, ye
ieard	ieard, ierd, yearde, yerd, yerde
iearn	iearn, iern, yearne, yern, yerne
iearthen	iearthen, ierthen, yearthen, yerthen
ieat	ieat, ieet, jeatt, jeet
iello	iello, ielo, ielow, yellow, yelow, yelowe
ien	ien, ign, igne, in, ine, yene, yn, yne
iencial	iencial, jencialle
ienet	ienet, jenete, jenette, jennete, jennette
ieneti	ieneti, jenetti
ienetz	ienetz, jenetz
ienigena	ienigena
ient	ient
ier	ier, jer, jerr, jerre, yer
ierdez	ierdez, yerdez
ierdi	ierdi, yerdy
ierdz	ierdz, yerdz
ierfawcon	ierfawcon, ierfawkon, jerfawcon, jerfawkon
ieri	ieri, jerry
ierin	ierin, jeryne
ierkin	ierkin, jerkin, jerkyn
ierth	ierth, yerth, yerthe
iesper	iesper, jesper
iestern	iestern, jesterne
iet	iet, jet, jete, jett
iethendeal	iethendeal, yethendeale
iewaner	iewaner, yewaner
iewelour	iewelour, jewellour
iffith	iffith, ifith
ifin	ifin, yffyn
ig	ig
igena	igena
igewater	igewater
ight	ight, it, yt, ytt
igno	igno
ignoto	ignoto
igo	igo
iiet	iiet, jiet, jiett
iiii	iiii, iiij
iirken	iirken, iurken, iurkin, jirken, jurken, jurkin
ila	ila, illa
ilei	ilei, iley
ilelmi	ilelmi, illelmi
ilelmo	ilelmo, illelmo
ilena	ilena, illena
ili	ili, yly
iliam	iliam, illiam
iliamson	iliamson, illiamson
illorum	illorum, ilorum
ilman	ilman, ylman
imag	imag, image, ymage
imagen	imagen, ymagene
imager	imager, imagere
imageri	imageri, imagery, ymagery
imagi	imagi, ymagi
imagin	imagin, ymagine
imagini	imagini, ymagini
imaginibu	imaginibu, ymaginibu, ymagynibu
imaginum	imaginum, ymaginum
imagri	imagri, imagry
iman	iman, yman
imber	imber, ymber
imbrodred	imbrodred
imo	imo
imon	imon, imone
imper	imper, impere
impereal	impereal, ympereal, ympereall
imperial	imperial, imperiall, imperialle, ymperiall, ymperialle, ymperyal, ymperyale, ymperyall
imperiali	imperiali, ymperiali
impesatorum	impesatorum, impessatorum
imploi	imploi, imploy
impresati	impresati, impressati
impresato	impresato, impressato
impresatorum	impresatorum, impressatorum
impresi	impresi, impressi
impresonie	impresonie, impressonie
ina	ina
inaldo	inaldo
inanelo	inanelo, ynanello
inarum	inarum
inbie	inbie, ynbie
inbrowderid	inbrowderid
incausti	incausti
incensi	incensi
inchol	inchol, incholl
incipient	incipient, incipiente
inckhorn	inckhorn, inckhorne, inkhorn, inkhorne, ynkhorn, ynkhorne
inckl	inckl, incl, incle, inkel, inkell, inkelle, inkil, inkill, inkille, inkl, inkyll, inkylle, ynckle, yncle, ynkell, ynkelle, ynkill, ynkille, ynkle, ynkyll, ynkylle
incorn	incorn, incorne
incornibu	incornibu
incudi	incudi
incudibu	incudibu
ind	ind, inde, ynde
indentid	indentid
indenturam	indenturam
inderland	inderland, ynderlande
inderlond	inderlond
indi	indi
indigen	indigen, indigene
indigena	indigena
indigenam	indigenam
indigenarum	indigenarum
indigenea	indigenea
indigeni	indigeni
indigeno	indigeno
indigiena	indigiena
indindigena	indindigena
iner	iner, inner, ynner
inewel	inewel, ynewell
inferiu	inferiu
infra	infra
infrascripti	infrascripti
infrascripto	infrascripto
ing	ing, yng, ynge
inger	inger
ingkhorni	ingkhorni, yngkhorny
ingkorn	ingkorn
ington	ington, yngton
inhabitancium	inhabitancium
inhabitant	inhabitant, inhabitante
inhabitantibu	inhabitantibu
ini	ini
inigena	inigena
ink	ink, inke, ynk, ynke
inkausto	inkausto, ynkausto
inkehorn	inkehorn, inkehorne, ynkehorn, ynkehorne
inkehorni	inkehorni, inkehorny, ynnkehorny
inkho	inkho, ynkho
inkhorni	inkhorni, inkhorny, ynkhorni, ynkhorny
inkorn	inkorn, inkorne
inlegat	inlegat, inlegate
inligati	inligati
inligato	inligato
inligatorum	inligatorum
ino	ino
inoperati	inoperati
inorum	inorum
inskot	inskot, ynskote
instrument	instrument, instrumente
insula	insula
intal	intal, intalle
integro	integro
inter	inter
interlined	interlined
into	into
intrant	intrant, intrante
intravit	intravit
inula	inula
invicti	invicti
invinctor	invinctor
io	io
iocalio	iocalio, jocalio
ioci	ioci, joci
iofili	iofili
ioiner	ioiner, ioinour, joyner, joynour
iointour	iointour, joyntour
ioli	ioli, joly
iolow	iolow, yolowe
ioman	ioman, iomen, yoman, yomene
ion	ion, yon, yone
iong	iong, yong
ionger	ionger, yonger
iorn	iorn, yorn
iorsamon	iorsamon, jorsamon
iorum	iorum
ioung	ioung, younge
iounger	iounger, younger
iountour	iountour, jountour
iour	iour, jour
iowngar	iowngar, yowngar
ipol	ipol, ipolle
ipsiu	ipsiu
ipso	ipso
ipsorum	ipsorum
ipsum	ipsum
irb	irb, irbe
iremonger	iremonger
iren	iren, yren, yrene
irenwir	irenwir, irenwyre
ireo	ireo, irreo, yreo, yrreo
irgi	irgi, rgi
irin	irin, yryn, yryne
irio	irio, yrio, yryo
irios	irios, yryose
iron	iron, irone, yron, yrone
irotulata	irotulata, irrotulata, irrotullata
irotulatarum	irotulatarum, irrotulatarum
irotulatum	irotulatum, irrotulatum
is	is, ise
isa	isa, issa
isco	isco
isel	isel, isell, isselle
isembra	isembra
isempla	isempla
isen	isen
isenglas	isenglas, ysenglasse
iser	iser, yser
isingla	isingla
isinglas	isinglas, isinnglas, isinnglass
isl	isl, isle
isom	isom
ison	ison, ysson
isot	isot, isott, isotte
ispanie	ispanie
ista	ista
istoriarum	istoriarum
istorii	istorii
istro	istro
istul	istul
item	item
iter	iter, ytter
iterswik	iterswik, ytterswik, ytterswyke
ith	ith, yth
itn	itn, itne
iu	iu
ium	ium
iunior	iunior, junior, juniore
iuniori	iuniori, juniori
iurat	iurat, juratte
iust	iust, just
iusting	iusting, justing, justyng
iuxta	iuxta, juxta
ivald	ivald, yvald
ivano	ivano, yvano
iver	iver, ivere, iverei, iverey, ivor, ivore, yver, yvere, yvor, yvore, yvorre
iveri	iveri, ivery, yveri, yvery
iverie	iverie, iverye, yverye
ivori	ivori, ivorie, yvori, yvory, yvorye
iward	iward, yward
k	k, kei, key, kke
kaia	kaia, kaya
kalderkin	kalderkin, kalderkyn
kalf	kalf
karin	karin, karyne
karisai	karisai, karisay, karysai
karisei	karisei, karysei
karkumer	karkumer
karlet	karlet, karlett
karseei	karseei, karseey
karvid	karvid, karvyd
kateram	kateram
ke	ke, keie, keye, ki, ky
kearsi	kearsi, kearsy, kerseie, kerseye, kersi, kerssi, kerssy, kersy
ked	ked, kedde, kede
keg	keg, kegge
keiband	keiband, keybande
keibandi	keibandi, keybandy
keibond	keibond, keybonde
keip	keip, keyppe, kip, kipe, kippe, kyp, kype, kyppe
keithong	keithong, keythonge
keiv	keiv, keyve, kiv, kyv, kyve
keivel	keivel, keyvele, kivel, kyvele, kyvelle
kel	kel, kell, kelle
kelderkin	kelderkin, kelderkyn
keli	keli, kelly
keling	keling, kellyng
kempster	kempster
kemster	kemster
kendal	kendal, kendale, kendall, kendalle
kental	kental, kentalle
kepic	kepic
kerc	kerc, kerce, kerch
kercei	kercei, kercey
kerchef	kerchef, kerchefe, kercheffe, kirchef, kirchefe
kercher	kercher
kerchev	kerchev, kercheve
kerchi	kerchi, kerchy
kerd	kerd, kerde
kereie	kereie, kereye
keresi	keresi, keresy
kerpat	kerpat
kerpet	kerpet, kerpete, kerpette
kerpit	kerpit, kerpite, kerpitte, kerpyt, kerpytt, kerpytte
kersaie	kersaie, kersaye
kersaiz	kersaiz, kersayze
kerseiz	kerseiz, kerseyz
kerser	kerser
kerved	kerved
kerverchef	kerverchef
kervid	kervid, kervyd
kerving	kerving, kervyng
kerzai	kerzai, kerzay
kerzaiz	kerzaiz, kerzayz
ketel	ketel, ketele, ketell, ketelle, ketil, ketile, ketill, ketille, ketl, ketle, kettel, kettele, kettell, kettelle, kettil, kettile, kettill, kettille, kettle, kettyle, kettylle, ketyl, ketyll, ketylle
ketelband	ketelband, ketelbande, kettelbande
keteli	keteli, ketelli, ketely
ketilband	ketilband, kettilbande
ketilhat	ketilhat, ketilhatte
ketul	ketul, ketulle
kev	kev, keve
keveel	keveel, keveele, keveelle
keveelarum	keveelarum, keveellarum
kevel	kevel, kevelle
keveling	keveling, kevelynge
kever	kever
keverch	keverch
keverchef	keverchef, keverchefe
keverchief	keverchief, keverchiefe, keverchif, keverchife, keverchiffe
kevering	kevering, keveryng
keverlet	keverlet, keverlett, keverlette
keverlit	keverlit, keverlite, keverlytte
kevington	kevington
kewra	kewra
kham	kham
khorn	khorn, khorne
kib	kib, kybe
kibi	kibi, kybby
kiboring	kiboring, kyborynge
kid	kid, kidde, kyd, kydd, kydde, kyde
kidfel	kidfel, kidfelle, kydfell
kidskin	kidskin, kidskyn, kidskynne, kydskynne
kif	kif, kyffe
kil	kil
kilderkin	kilderkin, kilderkyn, kildirkin, kildirkyn, kildyrkyn, kylderkyn, kyldirkyn
kildrekin	kildrekin, kildrekyn
kildrkin	kildrkin
kimering	kimering, kymering
kin	kin, kyn, kyne
kinderkin	kinderkin, kynderkyn
kindirkin	kindirkin, kyndirkyn
kiner	kiner, kynner
king	king, kinge, kyng, kynge, kyngge
kino	kino
kintal	kintal, kintale, kintall, kintalle, kinttalle, kyntal, kyntale, kyntalle
kintallo	kintallo, kintalo, kyntallo
kintel	kintel, kintelle
kinthof	kinthof, kinthofe
kinv	kinv, kynve
kipa	kipa, kippa, kyppa
kipi	kipi, kippi, kippy, kyppi
kipo	kipo, kippo
kish	kish, kysshe
kiting	kiting, kyttynge
kiveel	kiveel, kyveele, kyveelle
kiveli	kiveli, kyvely
klei	klei, kley, klie
kloth	kloth, klothe
knap	knap
knarholt	knarholt, knarrholt
knet	knet, knett, net, nette
knif	knif, knife, knyfe
knight	knight, knyght, night, nyght
knit	knit, knitte, knyt, knytt, knytte
knith	knith, knyth
kniv	kniv, knyve
knivez	knivez, knyvez
knivi	knivi, knyvy
knob	knob, nob, nobb, nobbe, nobe
knop	knop, knoppe
knoporum	knoporum, knopporum
knot	knot, knotte, not, note, notte
knoti	knoti, knotty, noti, notti
kombi	kombi, komby
kotel	kotel, kotelle
kotie	kotie, kotye
kowbel	kowbel, kowbelle
krepin	krepin, krepyn
kuran	kuran, kurran
la	la
laak	laak, laake, lock, locke, lok, loke, lokk, lokke
labastr	labastr, labastre
lac	lac, lace, lak, lake
laca	laca
lacez	lacez, lasez
lach	lach
laci	laci, lacy, lasi, lasy
lacing	lacing, lacyng
lad	lad
ladani	ladani
laddelle	laddelle, ladel, ladele, ladelle
laden	laden
ladil	ladil, ladille, ladylle
ladl	ladl, ladle
lag	lag, lage
lageni	lageni
lai	lai, lie, lye
laisch	laisch, laish, laissh, laisshe, laysshe
laison	laison, laysson
laked	laked
laken	laken
lal	lal, lalle
lam	lam, lamb, lambe, lame
lambi	lambi, lamby
lambshank	lambshank, lambshanke
lambskin	lambskin, lambskine, lambskyn, lamskin, lamskyn, lamskynne
lambz	lambz
lameskin	lameskin, lameskynne
lamfel	lamfel, lamfelle
lamin	lamin
lamp	lamp, lampe
lampadarum	lampadarum
lampadi	lampadi
lampaie	lampaie, lampaye
lampan	lampan
lampasduik	lampasduik, lampasduyk
lampasduk	lampasduk, lampasduke
lampatibu	lampatibu
lampedi	lampedi
lampi	lampi, lampy
lamppreye	lamppreye, lamprai, lampray, lampreie, lampreye
lampr	lampr, lampre
lamprei	lamprei, lamprey
lampres	lampres, lamprese
lan	lan, lane
lana	lana, lanna
lanarum	lanarum
lanc	lanc, lance
lancea	lancea
lanceam	lanceam
lancearum	lancearum
lancei	lancei
lancii	lancii
land	land, lande, lland
lanearum	lanearum
lanei	lanei
laneo	laneo
laneorum	laneorum
laneret	laneret, lanerette
lang	lang, lange
langart	langart
langot	langot, langott
lani	lani
lanini	lanini
lano	lano
lant	lant, lante
lantarn	lantarn, lantern, lanterne
lanter	lanter
lanterfoist	lanterfoist, lanterfoyste
lanterna	lanterna
lanternhorn	lanternhorn, lanternhorne
lanterni	lanterni, lanterny
lanthorn	lanthorn, lanthorne
lantorn	lantorn, lantorne
lantron	lantron, lantrone
lantroni	lantroni, lantrony
lantu	lantu
lanu	lanu
lanuarum	lanuarum
lanut	lanut, lanute
lanuta	lanuta
lanutarum	lanutarum
lanuti	lanuti
lanutu	lanutu
lapdani	lapdani, lapdanni
lapi	lapi
lapid	lapid, lapide
lapidi	lapidi
lapidibu	lapidibu
lapidorum	lapidorum
lar	lar
lardo	lardo
larg	larg, large
largi	largi
largo	largo
largum	largum
larium	larium
larum	larum
las	las, lase, lass, lasse
lasch	lasch, lasche, lash, lashe, lassh, lasshe
lasing	lasing, lassing, lasyng, lasynge
last	last, laste
lasta	lasta
lastagii	lastagii
lastagio	lastagio
lasti	lasti, lasty
lasto	lasto
lastum	lastum
lat	lat, late, lot, lote
laten	laten, latene, latten, lattene
lath	lath, lathe, latthe
lathi	lathi, lathy, latthi
lathnail	lathnail, lathnaile, lathnaille, lathnayle, lathnaylle, latthnaille
lati	lati
latic	latic, latice, latyce
latin	latin, laton, latone, latton, lattone, lattyn, latyn, latyne
latisnail	latisnail, latisnaille
latomi	latomi
latorn	latorn, latorne
laumprai	laumprai, laumpray
laumprei	laumprei, laumprey
laun	laun, laune, lawn, lawne
launc	launc, launce, lawnc, lawnce
launcea	launcea
launceo	launceo
launei	launei
launt	launt, launte
launtern	launtern, launterne
launtron	launtron
laus	laus, lause, laws, lawsse
laut	laut, laute
lavacr	lavacr, lavacre
lavacri	lavacri
lavacro	lavacro
lavacrorum	lavacrorum
lavat	lavat
lavatorii	lavatorii
lavatorio	lavatorio
lavent	lavent
laver	laver, lavere
lavi	lavi
lavin	lavin, lavyn
lavor	lavor, lavore, lavour, lavoure
lavorii	lavorii
lavorio	lavorio
lavourez	lavourez
lavourz	lavourz
lawen	lawen
lawin	lawin, lawyn
lawour	lawour
lax	lax
lb	lb
lbi	lbi
lbum	lbum
lchior	lchior
lci	lci
ld	ld, lde
ldi	ldi
ldson	ldson
le	le
lead	lead, leade, led, lede
leamond	leamond, leamonde, limond, lymmonde, lymonde
lebard	lebard, lebarde
lec	lec, lecc, lece
lecenc	lecenc, lecence
leci	leci, lleci
lect	lect
lecti	lecti
lecto	lecto, lektow, lektowe
lectorum	lectorum
lectron	lectron, lectrone
lectum	lectum
ledar	ledar, leddar, ledder, leder, ledr, ledre
leddir	leddir, leddyr, ledir, ledyr
ledil	ledil, ledille
ledolit	ledolit, lledolit
leed	leed, leede
lef	lef, leff
left	left
leg	leg, lege, legg, legge
legalibu	legalibu
legati	legati
legatorii	legatorii
legehernei	legehernei, leggeherney
legei	legei
legharn	legharn, legharne
legharnei	legharnei, legharney
leghern	leghern, legherne
leghernei	leghernei, legherney
legi	legi, legy
legio	legio
lei	lei, ley
lein	lein, leyne, lien, lign, lin, line, lyn, lyne, lynn, lynne
leli	leli, lelli
lelmi	lelmi, llelmi
lelmo	lelmo, llelmo
leman	leman, limon, limone, lymon, lymone
lemaund	lemaund, lemaunde
lemel	lemel, lemelle
lemen	lemen, lemene
lemon	lemon, lemone
lemond	lemond, lemonde
lemoni	lemoni, lemony
len	len, lene, llen
lentin	lentin, lentyne
leoman	leoman
leomon	leomon, leomone
leopard	leopard
leopardo	leopardo
lepil	lepil, lepille
leporarii	leporarii
leporum	leporum
lepul	lepul, lepulle
ler	ler, lir, lyre
les	les, lese
lEsclus	lEsclus, lEscluse
lesei	lesei, lessey
lesen	lesen, lessen
lesez	lesez
lesiam	lesiam
leson	leson, lesson
lestagio	lestagio
let	let, lette, lewet, lewett
letel	letel, letelle, letil, letl, letle, letyll
leten	leten, letene
letern	letern, letterne
leteu	leteu
leteus	leteus, leteuse
letew	letew, letewe
letewark	letewark
letewerk	letewerk
letewez	letewez
letewi	letewi, letewy, lettewi
letework	letework, leteworke
lether	lether, lethere, lethr, lethre, lethur, letther
lethir	lethir
leti	leti, letti, letty, lety
letirbox	letirbox, lettirbox
letmo	letmo
letmos	letmos, letmose
leto	leto, letto
letow	letow, letowe, lettow, lettowe
letowark	letowark, lettowark
letowerk	letowerk, lettowerk, lettowwerk
letowork	letowork, lettowork
letr	letr, lettre
letrin	letrin, lettryne
letron	letron, lettrone
lettuce	lettuce, letuc, letuce
lettue	lettue, letue
lettuse	lettuse, letus, letuse
lettwy	lettwy, letwi, letwy
letu	letu
letues	letues, letuese, letuesse
letw	letw, letwe
letwis	letwis, letwyse
lev	lev, leve
levant	levant, levante
leverei	leverei, leverey
levez	levez
levi	levi, levy
levirsmolt	levirsmolt, levyrsmolt
levour	levour
lew	lew, loo
lewark	lewark
lewent	lewent
lewt	lewt, lewte, luet, luete, luett, luit, luytte
lexandro	lexandro
lez	lez
lezard	lezard
li	li, lli, lly, ly
liam	liam, lliam
liamson	liamson, lliamson
libard	libard, libarde, liberd, liberde, lybarde
liber	liber
liberat	liberat, liberate
liberato	liberato
liberatum	liberatum
libert	libert, lybert
libeter	libeter
libiter	libiter
libr	libr, libre
libra	libra
libri	libri
libro	libro
librorum	librorum
libu	libu, llibu
liccori	liccori, liccory, licori, licory, liquori, liquory, lycori, lycory, lyquory
licen	licen, lison, lycen, lycene, lyson
licenc	licenc, licence, lycence
licencia	licencia
licenciam	licenciam
licensiam	licensiam
licentiam	licentiam
lich	lich, liche
lick	lick, licke, lik, liqu, lycke, lyke
lickerist	lickerist
licop	licop, licoppe
licor	licor, licore, lycore
licora	licora, lycora
licoric	licoric, licorice, licoryce, lycorice
licoricie	licoricie
licoris	licoris, licorise
licoru	licoru
licour	licour
licsen	licsen, lycsen
lidholt	lidholt
liem	liem, lieme, lim, lime, lyme
lienigena	lienigena
lier	lier, liere, liour, lyer, lyour
liez	liez, liz, lyze
ligati	ligati
ligato	ligato
ligatorum	ligatorum
lighter	lighter
ligna	ligna
lignei	lignei
ligni	ligni
ligno	ligno, lygno
lignorum	lignorum
lignum	lignum
ligui	ligui
ligularum	ligularum
liguli	liguli
lii	lii
liker	liker, likere
likores	likores, likoresse
lil	lil
limand	limand, limande
limin	limin, lymyn
limo	limo, lymo
limonz	limonz, lymonz
limoun	limoun, lymoun
linaga	linaga
linbord	linbord, lynborde
lincanc	lincanc, lyncance
lincet	lincet
lind	lind, lynde
linebord	linebord, lynebord
lined	lined, lyned
linei	linei
linen	linen, linnen, lynen, lynnen
liner	liner, linere
linesed	linesed, lynesede
linesei	linesei, linesey
linez	linez, lynez
ling	ling, linge, lyng, lynge, lyngge
lingi	lingi, lyngi
lingn	lingn
lingni	lingni
lingno	lingno, lyngno
lingnum	lingnum
lingorum	lingorum
linguarum	linguarum
lingui	lingui
lini	lini, linni, lynni
linin	linin, linyn, lynnyn, lynyn
lining	lining, linyng, lyning, lyninge, lynyng, lynynge
liningi	liningi, lynyngi
lino	lino
lins	lins, linse
linsed	linsed, lynsed, lynsede
linsei	linsei, linsey, lynsey
linseie	linseie, lynseye
linsiwolsi	linsiwolsi, lynsywolsy
lint	lint, lynt
linthaminum	linthaminum
lintheaminum	lintheaminum, lyntheaminum
linthiamin	linthiamin, linthiamine
linthiaminibu	linthiaminibu
linthiaminum	linthiaminum, lynthiaminum
linzei	linzei, lynzey
lio	lio
lion	lion, lyone
lior	lior, lyor
liot	liot, liott
liquefacti	liquefacti
liquet	liquet
liquid	liquid, liquide
liquidi	liquidi
liquiricie	liquiricie
lirn	lirn, lyrne
lisa	lisa, lyssa
lisan	lisan, lysan, lyssan
lisanc	lisanc, lyssance
lisaun	lisaun, lysaun
lisaunc	lisaunc, lyssaunce
lisen	lisen, lissen, lysen, lyssen
lisenc	lisenc, lysenc, lysence, lyssence
lisencia	lisencia
lisenciam	lisenciam
lisens	lisens, lisense, lysense, lyssense
lisin	lisin, lyssyn, lysyn
lislb	lislb, lyslb
list	list, liste, lyst, lyste
listi	listi, listy, lysty
litel	litel, litelle, lytell, lytelle, lyttell
litemos	litemos, litmos, litmose, littemose, littmose, littmosse, lytemose, lytmose, lytmosse, lyttemose, lyttmose, lyttmosse
litera	litera, littera
literarum	literarum, litterarum
literi	literi, litteri
lithiaminium	lithiaminium
litil	litil, litille, litl, litle, littill, little, lyttle, lyttyll, lytyl, lytyll
litmo	litmo, littmo, lytmo
litmou	litmou, lytmou
litmous	litmous, lytmouse, lytmousse
liver	liver, livere
livero	livero
liversmolt	liversmolt, liversmolte, lyversmolt
lizan	lizan, lyzan
lk	lk, lke
llo	llo, lo, low
llounso	llounso, lounso
lm	lm, lme
lman	lman
lmer	lmer
lmesei	lmesei, lmesey
lmo	lmo
lmon	lmon
lni	lni
loaf	loaf
lob	lob, lobbe
locked	locked
locki	locki, locky
lockpurc	lockpurc, lockpurce, lokpurc, lokpurce
lockram	lockram
locoram	locoram, lokeram, lokerame, lokram
loculi	loculi
loculo	loculo
lod	lod, lode
lodg	lodg, lodge
lof	lof, loff, loffe
log	log, loge
loing	loing, loynge
lois	lois
loki	loki, lokki, lokky, loky
lokin	lokin
loking	loking, lokinge, lokkyng, lokyng
loldana	loldana
loldano	loldano
loldena	loldena
lombroorn	lombroorn
lon	lon, lone
long	long, longe, longh
longarum	longarum
longer	longer
longi	longi
longo	longo
longorum	longorum
longpel	longpel
longpoint	longpoint, longpointe
longsetil	longsetil, longsetille
longskain	longskain, longskayn, longskayne
longskein	longskein, longskeyn, longskeyne
lonie	lonie
lood	lood, loode
loof	loof
look	look, looke
loon	loon
loos	loos, loose, loosse
lopi	lopi, lopy
lor	lor, lore, lour
lord	lord, lorde
lorica	lorica
lorici	lorici, loryci
lorum	lorum
los	los, lose, losse
losen	losen, lossen
lost	lost, loste
lotfish	lotfish, lottfyshe
loton	loton
loung	loung, lounge
lov	lov, love
lovez	lovez
lovi	lovi, lovy
lowng	lowng
lows	lows, lowse, lowsse
lox	lox, loxe
lpium	lpium
lson	lson
lter	lter
ltero	ltero
lub	lub, lubbe, lube
lucepond	lucepond
lucerna	lucerna
lucerni	lucerni
lucewark	lucewark
lucewerk	lucewerk, lucewerke
luer	luer
lueseid	lueseid
lumbricorum	lumbricorum
lupi	lupi
luram	luram
lusard	lusard
lusarn	lusarn
lusern	lusern, luserne
lusor	lusor, lusore
lusori	lusori
lusorn	lusorn
lusorum	lusorum
lustr	lustr, lustre
luswark	luswark, luswarke, luswerk
lut	lut, lute, lutt
lutez	lutez
luti	luti, luty
luto	luto
luzern	luzern
lver	lver
lveri	lveri
lverisati	lverisati
lvero	lvero
lvet	lvet, lvette
lwin	lwin, lwyn
lwt	lwt, lwte
ma	ma
mac	mac, mace, mak, make
macado	macado, maccado
macchi	macchi, machi
macer	macer
macez	macez
mach	mach, mok
maci	maci, masi
maciz	maciz
mad	mad, made
madar	madar, madr, madre
madder	madder, mader
maddir	maddir, madir, madire, madur, madure, madyr
madefact	madefact, madefacte
madefacti	madefacti
madefactorum	madefactorum
madidati	madidati
madidi	madidi
mag	mag
maggni	maggni, magni
magi	magi
magist	magist
magister	magister
magisto	magisto
magistri	magistri
magistro	magistro
magistrum	magistrum
magn	magn, magne, man
magna	magna
magnarum	magnarum
magno	magno
magnorum	magnorum
magnum	magnum
mai	mai, may, mei, mey
maiesti	maiesti, majesty
maiistro	maiistro, mayistro
mail	mail, maile, maill, maille, mayle, maylle
mailing	mailing, maylyng
maior	maior, major, mayor, mir, mirre, myrre
maiori	maiori, majori
maister	maister
maker	maker
makerel	makerel, makerele, makerelle, makkerelle
makerellorum	makerellorum, makerelorum
makkrelle	makkrelle, makrel, makrelle
mal	mal, male
mala	mala
malard	malard, mallarde
maldeston	maldeston, maldestone
maldri	maldri
mali	mali, mally, maly
malmesi	malmesi, malmesy
malos	malos, malose
malt	malt, malte
mana	mana, manna
manacl	manacl, manacle, mannacle
mand	mand, mande
manda	manda
mandarum	mandarum
mandatum	mandatum
mandi	mandi
mani	mani, moni, mony
manibu	manibu
manicarum	manicarum
manici	manici
maniver	maniver
manno	manno, mano
manor	manor
manteca	manteca
mantel	mantel, mantele, mantell, mantelle, mantl, mantle, manttell, manttelle
mantelet	mantelet, mantelette
mantelez	mantelez, mantellez
manteli	manteli, mantelli
mantello	mantello, mantelo
mantellorum	mantellorum, mantelorum
mantelx	mantelx
mantica	mantica
mantici	mantici
mantil	mantil, mantille, mantylle
mantili	mantili, mantilli
manubrii	manubrii
manubriorum	manubriorum
manuel	manuel, manuelle
manutegerio	manutegerio
manutegeriorum	manutegeriorum
manutergii	manutergii
manutergio	manutergio
manutergiorum	manutergiorum
map	map, mappe
mapa	mapa, mappa
maparum	maparum, mapparum
mapi	mapi, mappi
mapl	mapl, maple
mapu	mapu
mar	mar, mare
marbelai	marbelai
marbelar	marbelar
marbil	marbil, marbill, marbyll
marbl	marbl, marble
marblar	marblar
marbler	marbler
marc	marc, mark, marke
marca	marca
marcandisi	marcandisi, marcandysi
marcarum	marcarum
marcator	marcator, marcatore
marcatoribu	marcatoribu
marcatorum	marcatorum
marchand	marchand
marchant	marchant
marchaunt	marchaunt, marchaunte
marchion	marchion, marchione
marenarii	marenarii
marenerii	marenerii
marespik	marespik, marespike
marginated	marginated
marienarii	marienarii
marienerii	marienerii
marin	marin, marine
marina	marina
marinarii	marinarii, marynarii
marinario	marinario
mariner	mariner, maryner
marinerii	marinerii, marynerii
marineru	marineru
marini	marini
marino	marino
marinor	marinor, marynor
marinorum	marinorum
marionarii	marionarii
marionariorum	marionariorum
marking	marking, markyng
marmalad	marmalad, marmalade
marmalado	marmalado
marmelad	marmelad, marmelade, marmilad, marmylade
marmelada	marmelada
marmeset	marmeset, marmesete
marmoset	marmoset
marmulad	marmulad, marmulade
mart	mart
marten	marten, martin, martyne
marteren	marteren, martren
marterin	marterin, marteryn, martrin
marterinz	marterinz, marterynz, martrinz
martern	martern, martirn
marteron	marteron, marterone, martron, martrone
martirin	martirin, martiryn, martyrin, martyryn
martirinarum	martirinarum
martirini	martirini
martr	martr, martur
martrinarum	martrinarum
martronz	martronz
martrounz	martrounz
mas	mas, mase, masse
maser	maser
maserclog	maserclog, maserclogge
masercloggy	masercloggy, maserclogi
masewerk	masewerk
mask	mask
mast	mast, maste
mastar	mastar
master	master
masti	masti, masty
mastick	mastick, mastik, mastike, mastyk, mastyke
masticot	masticot, mastycote
masto	masto
mat	mat, matt, matte
mata	mata, matta
match	match, matche
matchi	matchi
matera	matera
matero	matero
math	math, mathe
mather	mather
mati	mati, matti, maty
matracibu	matracibu
matres	matres, matrese, matress
matstol	matstol, matstole
maunbrii	maunbrii
maund	maund, maunde, mawnd, mawnde
maunda	maunda
maundam	maundam
maundarum	maundarum
maundez	maundez
maundi	maundi, maundy
mauntel	mauntel, mauntelle, maunttelle
mauntergii	mauntergii
mauntergio	mauntergio
mberlen	mberlen, mberlene
mbi	mbi, mby
me	me, mi, my
meal	meal, meale, meall, meel, meele, mil, mile, mille, mylle
measan	measan
measanz	measanz
mec	mec, mece
meci	meci, mesi
med	med, mede
medapal	medapal, medapale
meddell	meddell, medel, medelle, medl, medle
medean	medean
medecin	medecin, medecine
mediant	mediant, mediante
medieta	medieta
medii	medii
medio	medio, midio
medisan	medisan, medisane
medler	medler
medridat	medridat
medridati	medridati
meger	meger
meikin	meikin, meykyn
meinee	meinee, meynee
meis	meis, meise, meyse
meisa	meisa
meisi	meisi
mel	mel, mele, melle
melac	melac, melace
melacei	melacei
melad	melad, melade
melas	melas, melase
melaso	melaso
melatso	melatso
meli	meli, melli
meling	meling, melyng
melon	melon, melone
melt	melt
melting	melting, meltyng
meltingpot	meltingpot, meltyngpotte
membran	membran, membrane
memorandi	memorandi
men	men, mene
menever	menever, menevere
menik	menik, menyke
meniver	meniver, menyver, menyvere
mensi	mensi
menutorum	menutorum
meo	meo
mer	mer, mere
merbeler	merbeler
merbler	merbler
merc	merc, merk, merke
merca	merca
mercadisi	mercadisi
mercandi	mercandi, mercandy
mercandis	mercandis, mercandise
mercandisa	mercandisa
mercandisi	mercandisi, mercandysi
mercato	mercato
mercator	mercator, mercatore
mercatorem	mercatorem
mercatori	mercatori
mercatoribu	mercatoribu
mercatorum	mercatorum
mercatric	mercatric, mercatrice
merccer	merccer, mercer, mercere, merser
mercenerio	mercenerio
merceria	merceria
mercerie	mercerie
mercero	mercero
merchandisi	merchandisi
merchant	merchant
mercimonii	mercimonii
merecer	merecer
meremii	meremii
merking	merking, merkyng
merlin	merlin, merlyn, merlyne
merling	merling, merlinge, merlyng, merlynge
mermalad	mermalad, mermalade
mermelad	mermelad, mermelade
merour	merour, merrour
merton	merton
mertron	mertron
mes	mes, mese, mess, messe
mesa	mesa
mesan	mesan, mesane, messan
mesand	mesand, mesande
mesanz	mesanz
mesing	mesing, messing
meslin	meslin, meslyn
meson	meson
mestlin	mestlin, mestlyn
mesur	mesur, mesure
met	met, mete, mett
metal	metal, metall, metil, mettyll, mettylle
metein	metein, meteyn
metel	metel, metell, metelle, mettell, mettelle
meu	meu, mew, mewe
mews	mews
micambl	micambl, mycamble
mid	mid, midd, midde, myd
middel	middel, middell, middelle, middil, middill, middille, middle, middylle, midel, midell, midelle, midil, midill, midl, midle, midyll, myddel, myddell, myddelle, myddle, myddylle, mydel, mydell, mydelle, mydill, mydille, mydle, mydyl, mydyle, mydylle
middelcapp	middelcapp, midelcap
middeleellarum	middeleellarum, middleellarum, mideleelarum, midleelarum
middelelarum	middelelarum, middelellarum, midelelarum, midellellarum, myddelellarum
middelele	middelele, middelell, midelel, midelell, midelelle
middelelli	middelelli, middellelli, mideleli, myddelelli
middelhorne	middelhorne, midelhorn
middeling	middeling, mideling
middilel	middilel, middilele, middilelle, middillell, midilel
middilellarum	middilellarum, midilelarum
middilhorne	middilhorne, midilhorn
mideltil	mideltil, mideltille
mier	mier, miere
milaci	milaci, millacy
milario	milario
milas	milas, milase
milenario	milenario, millenario
mileni	mileni, milleni
mileston	mileston, millestone, mylestone
milestoni	milestoni, millestony, myllestony
miliaria	miliaria
miliarii	miliarii, milliarii
miliario	miliario
miliariorum	miliariorum
miliarium	miliarium
milit	milit, milite
militem	militem
militi	militi, milliti
militibu	militibu
millstone	millstone, milston, milstone, myllstone, mylston, mylstone
millstony	millstony, milstoni, milstony, myllstony, mylstony
milneston	milneston, mylneston, mylnestone
milnstoni	milnstoni, mylnstony
milstonez	milstonez
milstonie	milstonie, milstonye
milting	milting, myltyng
miltingpot	miltingpot, myltyngpotte
mima	mima
min	min, myn
miniken	miniken, myniken
minikin	minikin
miniver	miniver, mynyver
mink	mink, minke, mynk, mynke
minki	minki, mynki, mynky
minu	minu
minuta	minuta
minuti	minuti
mirabel	mirabel
mirabilani	mirabilani
mirabilon	mirabilon, myrabilone
mirabolanc	mirabolanc, myrabolance
mirabulon	mirabulon, myrabulone
mirobolani	mirobolani, myrobolani
miror	miror, myrror
mirour	mirour, mirrour, myrrour
mirourz	mirourz, mirrourz, myrrourz
mis	mis, mise, myse
misal	misal, missal
mistel	mistel, mistell, mistelle, mistil, mistille, mistylle, mystelle, mystil, mystille, mystyl, mystylle
mistelbed	mistelbed, mistelbede, mystelbede
mistelden	mistelden, mysteldene
misteldin	misteldin, mysteldyne
mistelin	mistelin, mistelyn, mistelyne, mystelyn, mystelyne
mistelioni	mistelioni
mistilbed	mistilbed, mystillbede
mistilden	mistilden, mystyldene
mistilioni	mistilioni, mistillioni, mystilioni
mistlin	mistlin, mystlyne
mit	mit, mitte
mita	mita, mytta
mith	mith, myth
mixti	mixti
mixtorum	mixtorum
mlet	mlet, mlete
mo	mo, mow, mowe
mocado	mocado, moccado, mokado
moccidewe	moccidewe, mocidew
mockad	mockad, mockade
mockado	mockado
mockadoo	mockadoo
mod	mod, mode
modii	modii
modir	modir
modo	modo
moi	moi, moy
moie	moie, moye
mokeder	mokeder
mol	mol, mole, molle
molarii	molarii
molariorum	molariorum
mold	mold, molde
moldi	moldi
molen	molen, mollen
molosi	molosi, molosy
molt	molt, molte
moltini	moltini
molton	molton
moltoni	moltoni
mom	mom, mome
momi	momi, mommy
mon	mon
monasterii	monasterii
monata	monata
mond	mond, monde
mondo	mondo
monseignur	monseignur
monsieur	monsieur
mont	mont
montana	montana
montano	montano
montanorum	montanorum
moold	moold, moolde
mor	mor, more, morre, mour
moram	moram
morc	morc, morce
morein	morein, moreyn
morespik	morespik, morespike, morespyke, morispik, moryspyke
mori	mori, morri, mory
morian	morian, morion
moring	moring, morynge
morken	morken
morkin	morkin, morkyn
morlian	morlian
mort	mort, morte
mortar	mortar, morter
mortekin	mortekin, mortekyn
morten	morten
morti	morti, morty
mortkin	mortkin, mortkyn
mortui	mortui
morum	morum
mos	mos, mosse
mosk	mosk, moske
mosterdquern	mosterdquern, mosterdquerne
mosterdston	mosterdston, mosterdstone
mostred	mostred
mot	mot, mote
motel	motel, motele, motelle, mottele, mottelle
motelei	motelei, moteley, motelley, motlei, motley, mottelei, motteley, mottelley, mottley
mother	mother
motheten	motheten
moti	moti, moty
motl	motl, motle
motli	motli, motly
mouceli	mouceli, moucelli
moui	moui, mouy
mounceli	mounceli, mouncelli
mound	mound, mounde
mount	mount, mounte, mountte, mownt
mous	mous, mouse
mousel	mousel
mowez	mowez
mowi	mowi, mowy
mson	mson
mud	mud, mudde
muddefissh	muddefissh, mudefish
muddell	muddell, mudel
mudffisch	mudffisch, mudfisch
mudfish	mudfish, mudfisshe
muksaten	muksaten, muksatten
mul	mul, mull, mulle
mulieribu	mulieribu
mulmader	mulmader
multi	multi
multing	multing
multoni	multoni
mumia	mumia, mummya
muncki	muncki, muncky
mundi	mundi
munsel	munsel, munselle
mur	mur, murre
mura	mura, murra
murei	murei, murrey
mureligi	mureligi
mureligiarum	mureligiarum
mureligorum	mureligorum
muren	muren
murenarum	murenarum
mureni	mureni
muri	muri
murilegorum	murilegorum
murur	murur, murure
musbal	musbal, musballe
muscadel	muscadel, muscadell, muscadelle
muscatarum	muscatarum
muscati	muscati
musk	musk, muske
muskatarum	muskatarum
mustard	mustard, mustarde, musterd, musterde
mustardesed	mustardesed, mustardesede
mustardmil	mustardmil, mustardmille, musterdmil, musterdmille
mustardmili	mustardmili, mustardmilli
mustardquern	mustardquern, mustardquerne
mustardsed	mustardsed, mustardsede, musterdsed, musterdsede
mustardstoni	mustardstoni, mustardstony
mustcatarum	mustcatarum
musted	musted
muster	muster
musterdqueren	musterdqueren
musterdquerenston	musterdquerenston, musterdquerenstone
musterdseed	musterdseed
musterdston	musterdston, musterdstone
musterquerenston	musterquerenston, musterquerenstone
mustersed	mustersed, mustersede
musterveler	musterveler
mustervelerz	mustervelerz
musti	musti, musty
na	na
nab	nab
nail	nail, naile, naille, nayle, nayll, naylle
naili	naili, nayly
nal	nal, nale, nall
naldo	naldo
nam	nam, name
nando	nando
naper	naper, napere
naperi	naperi, napery
naperie	naperie
napet	napet, nappet
napken	napken
napkin	napkin, napkyn, napkyne
napri	napri, naprie, napry
napron	napron
nar	nar, narr
nardo	nardo
nariw	nariw, naryw
naro	naro, narro
narou	narou, narrou
narow	narow, narowe, narrow, narrowe
narum	narum
nat	nat
nato	nato
nau	nau, nnau, no
nauern	nauern
nav	nav, nave
navern	navern
navi	navi, navy
navibu	navibu
naviculo	naviculo
navie	navie
navim	navim
naw	naw, nawe
nbie	nbie, nbye
ncato	ncato
nchi	nchi
ncie	ncie
ncisco	ncisco
ncket	ncket, nckett
nd	nd, nde
ndelarum	ndelarum, ndellarum
nder	nder
ndewich	ndewich
ndigena	ndigena
nec	nec, neck, necke
necki	necki, necky
neckid	neckid, neckyd
nect	nect, necte
ned	ned, nned
nedel	nedel, nedele, nedell, nedelle, nedl, nedle, nedul, nedulle
nedeli	nedeli, nedelly, nedely, nedili, nedilly
nedil	nedil, nedile, nedille, nedyl, nedyle, nedylle
nedilz	nedilz, nedyllz
nedkid	nedkid
nedli	nedli
nedrith	nedrith, nedryth
negociator	negociator, negociatore
negociatori	negociatori
negosiatori	negosiatori
negotiatori	negotiatori
negri	negri
nei	nei, ney
nek	nek, nekke, nich, niche
nekid	nekid, nekyd
neld	neld, nelde
nelei	nelei, neley
neli	neli, nelii
nelio	nelio, nellio
nellorum	nellorum, nelorum
nepea	nepea
ner	ner
nerin	nerin, neryne
nert	nert
nervi	nervi
nest	nest, neste
nesti	nesti, nesty
nether	nether
neue	neue
new	new, newe, nu
newel	newel, newell
ng	ng, nge
ngelist	ngelist
nger	nger
ngton	ngton
nian	nian
nichhil	nichhil, nichil
nichiil	nichiil
niddille	niddille, nidil
nidel	nidel, nydelle
nidi	nidi
niel	niel, nil, nill, nyell
niful	niful, nyfulle
nightcap	nightcap, nyghtcap, nyghtcappe
nigr	nigr, nigre
nigra	nigra
nigrarum	nigrarum
nigratorum	nigratorum
nigri	nigri, nygri
nigro	nigro
nigrorum	nigrorum
nigrum	nigrum
nigth	nigth, nygth
nii	nii
nin	nin, nyne
ning	ning, nyng
nington	nington, nyngton
nio	nio
niper	niper, nypper
nis	nis, nise, nish, nyssh
nisi	nisi, nissi
niso	niso, nisso
nist	nist
nk	nk, nke
nobi	nobi
noct	noct, nocte
noctibu	noctibu
nodc	nodc
noduli	noduli
noir	noir, noire
nok	nok
nold	nold, nolde
noldo	noldo
noman	noman
nomin	nomin, nomine
nomina	nomina
non	non, none, nonne
nona	nona
nonacil	nonacil, nonacille
nono	nono
nor	nor, nour, noure
norden	norden
noro	noro
northern	northern
northon	northon, northone
northwark	northwark
nostri	nostri
nostro	nostro
nota	nota
notcraker	notcraker, notcrakker
notemeg	notemeg, nottemegge
notemig	notemig, notemigge
notemug	notemug, notemuge
notmeg	notmeg, notmege, notmegge
notmeggy	notmeggy, notmegi
notmig	notmig, notmyge, notmygge
notmoig	notmoig, notmoygge
notmug	notmug, notmuge
nouniginta	nouniginta
nov	nov, nove
novaculi	novaculi
novem	novem, novum
novi	novi
novo	novo
novorum	novorum
nown	nown, nowne
nri	nri, nry
nrico	nrico
nskot	nskot, nskotte
nslon	nslon
nson	nson, nsson
nst	nst
nt	nt
nthoni	nthoni
nthonii	nthonii
nthonio	nthonio
nti	nti
ntinentibu	ntinentibu
nton	nton
ntonio	ntonio
ntum	ntum
ntut	ntut
nubie	nubie
nuci	nuci
nucibu	nucibu
nucium	nucium
nucum	nucum
nula	nula, nulla
num	num
nunc	nunc
nuper	nuper
nut	nut, nutte
nuti	nuti
nutmeg	nutmeg, nutmege, nutmegg, nutmegge, nuttmege, nuttmegge, nuutmeg, nuuttmegge
nutmig	nutmig, nutmige, nutmyg, nutmyge, nutmygge, nuttmygge
nutmoig	nutmoig, nutmoyge, nutmoygge
nutmug	nutmug, nutmuge
nutree	nutree, nuttree
nva	nva
ob	ob
oba	oba, obba
obarum	obarum, obbarum
obelei	obelei, obeley
obert	obert
oberto	oberto
obligatorium	obligatorium
obo	obo
obu	obu
oc	oc
ocakan	ocakan
ocal	ocal, ocale
ocam	ocam, ocame, occam, okam
ocar	ocar, okar
ocata	ocata
ocia	ocia
ockam	ockam, ocum, ocume
ocker	ocker, oker
ocr	ocr, ocre
ocram	ocram
ocrum	ocrum
oct	oct
octavo	octavo
octingenti	octingenti
octo	octo
octoginti	octoginti
od	od, ode
odem	odem
odenet	odenet, odenette
odi	odi, ody
odmet	odmet, odmette
odwin	odwin, odwyn
oesteridg	oesteridg, oesteridge
of	of, off
offre	offre, ofr
og	og, ogge
oght	oght, ot, ote, otte
ohan	ohan, ohanne
ohani	ohani, ohanni
ohn	ohn, un, unne
oiel	oiel, oyell
oil	oil, oile, oill, oille, oyle, oylle
oilberi	oilberi
oilee	oilee, oylee
oileii	oileii, oyleii
oilet	oilet, oylet
oilie	oilie, oillie
oinet	oinet, oynet
oinetarum	oinetarum, oynettarum
oinetsed	oinetsed, oynetsed, oynetsede
oinin	oinin, oynyn
oinion	oinion, oinyon, oynyon
oinon	oinon, oynon
oint	oint, ointe
ointement	ointement, oyntemente
oisterich	oisterich, oysteriche
oistreg	oistreg, oystrege, oystregge
oistrich	oistrich, oistriche
ok	ok, oke
okeril	okeril, okerill
oket	oket
okir	okir, okyr
okr	okr, okre
ol	ol, olao, ole, olle, ul, ule, ull
ola	ola, olla
olan	olan
oland	oland
olard	olard, ollard
olarum	olarum, ollarum
olbeck	olbeck, olbecke
olcie	olcie
old	old, olde, olld, ollde, owld, owlde
oldo	oldo
olee	olee, oleie, oleye
oleii	oleii
oleo	oleo
oleron	oleron, olerone
oli	oli, olli
olibanorum	olibanorum
olif	olif, olyffe
olifaunt	olifaunt, olyfaunte
olii	olii, ollii
oliv	oliv, olive, olyve
olivant	olivant, olyvante
olivarum	olivarum
olivez	olivez, olyvez
olivi	olivi, olyvy
olk	olk, olke
olo	olo
olom	olom
olomeu	olomeu
olron	olron
olroni	olroni, olrony
olwort	olwort
om	om, ome, um
oma	oma
omited	omited, omitted
omo	omo
on	on, one
onato	onato
onbound	onbound, onbownd, onbownde
onc	onc, once
oncoverd	oncoverd, oncoverde
ond	ond, onde
ondian	ondian
oneion	oneion, oneyon
oneli	oneli, onely
oneon	oneon
onerantur	onerantur
onerat	onerat, onerate
oneratur	oneratur
oneri	oneri
oneribu	oneribu
ong	ong, onge
onger	onger
ongson	ongson
oni	oni
onien	onien, onyen
onieon	onieon, onyeon
oniet	oniet, onyet
onietsed	onietsed, onyetsede
onimo	onimo
onion	onion, onyon
onioni	onioni, onyoni
onisia	onisia
onli	onli, onlie, only, onlye
onto	onto
onz	onz, onze
ood	ood, oode
oon	oon
op	op, ope
oper	oper
operat	operat, operate
operatarum	operatarum
operati	operati
operatie	operatie
operatorum	operatorum
operatur	operatur
operi	operi
opi	opi, oppy
opon	opon
opori	opori, oppori
orang	orang, orange
orchal	orchal, orchall, orchalle, orchel, orchele, orchell, orchelle, orchil, orchylle
orchaul	orchaul
ord	ord
ordano	ordano
ordei	ordei
ordeii	ordeii
ordii	ordii
ordini	ordini
oreevin	oreevin, oreevyn
oreholt	oreholt, oreholte
oreleg	oreleg, orelege, orleg, orlege
oreng	oreng, orenge, orengge, oring, oringe, orrenge, orrengge, orringe, orrynge, orynge
orengez	orengez
orengi	orengi, orrengi
oreo	oreo, orio, orreo, oryo
oreshaft	oreshaft, oreshafte
oreven	oreven, orevene
orevin	orevin, orevyn
orfer	orfer, orffre, orfr, orfre, orfur
orferon	orferon, orfferon
orferu	orferu, orfferu
orfew	orfew, orffew
orffrei	orffrei, orfrei, orfrey
orffresse	orffresse, orfres
orfra	orfra
org	org, orge
orgami	orgami
organ	organ, orgon, orgone
organi	organi, organy
organorum	organorum
orgauns	orgauns, orgaunse
orgeng	orgeng, orgenge
orgii	orgii
orgil	orgil, orgylle
orgio	orgio
orgoni	orgoni
oribu	oribu
orid	orid
oriental	oriental, orientale, orientalle, oryentalle
orientalibu	orientalibu
oringado	oringado, oryngado
oringebedi	oringebedi, oryngebedy
oriou	oriou, oryou
ork	ork, orke
orkenet	orkenet
orlag	orlag, orlage
orlagi	orlagi
orlagio	orlagio
orn	orn, orne
ornamentorum	ornamentorum
ornando	ornando
orneli	orneli
ornset	ornset
ornubie	ornubie
orpement	orpement, orpment
orpiment	orpiment, orpyment
orpin	orpin, orpyne
orpnet	orpnet, orpnett
orrwiltte	orrwiltte, orwilt
orsad	orsad
orsadi	orsadi, orsady
orsadin	orsadin, orsadyne
orsel	orsel, orselle
orseret	orseret
orsodi	orsodi, orsody
orsted	orsted
ort	ort, ortt
os	os, ose, osse
osefat	osefat, osefatte
osemo	osemo
osemond	osemond, osemonde, ossemonde
osemondi	osemondi
osemound	osemound, osemounde
osemund	osemund, osemunde
oseni	oseni, osseni
osi	osi, ossi
osibu	osibu, ossibu
osier	osier, osyer
osio	osio
osmond	osmond, osmonde, osmund
osmondi	osmondi
osmound	osmound
ostensum	ostensum
ostredg	ostredg, ostredge
ostreg	ostreg, ostrege
ostrich	ostrich, ostriche
otel	otel, otell, ottell
otemel	otemel, otemele, otemell
oter	oter, otr, otre, otter, ottere, ottre
oteri	oteri, otery
oterskin	oterskin, otterskyn
oth	oth, othe
other	other
otherwis	otherwis, otherwyse
oti	oti
otir	otir, otyr, otyre
otmel	otmel, otmele, otmell
oton	oton
otrez	otrez
otri	otri, otry
ouc	ouc
ouch	ouch, ouche
oumb	oumb, oumbe
ounc	ounc, ounce
ouncii	ouncii
oundel	oundel, oundell
ounian	ounian, ounyan
ounion	ounion, ounyon, ounyone
ounso	ounso
ount	ount
ountioi	ountioi, ountjoy
ounz	ounz, ounze
our	our, oure, owr, owre
ov	ov, ove
ovein	ovein, oveyn
oven	oven
over	over
ovi	ovi
ovibu	ovibu
ovil	ovil, ovile, ovill
ovilinarum	ovilinarum, ovillinarum
ovilini	ovilini
ovilium	ovilium
ovini	ovini
ovinum	ovinum
ovium	ovium
ovorum	ovorum
owail	owail, owaille
owar	owar, oware
owch	owch, owche
owchi	owchi
ower	ower, owere
owing	owing, owyng
owit	owit, owytt
owl	owl, owle
owlet	owlet
own	own, owne
owst	owst
owth	owth
ox	ox, oxe
oxhorn	oxhorn, oxhorne
oxhorni	oxhorni, oxhorny
oz	oz
ozemond	ozemond
ozemondi	ozemondi
ozemundi	ozemundi
ozmondez	ozmondez
p	p, pe, pee, pp, ppe
pa	pa
pac	pac, pacc, pace, pack, packe, packk, packke, pak, pake, pakk, pakke
pacatori	pacatori, paccatori
pacatoribu	pacatoribu, paccatoribu
pacci	pacci, paci, pochi
pacckyd	pacckyd, packid, packyd
pacco	pacco, paco
pacduk	pacduk, packduck, packducke, pakduk, pakduke
pacement	pacement
pacfili	pacfili, pacfilli, packfili, pakfili, pakfilli
packd	packd, packde
packed	packed, packt, packte, pakt
packet	packet, packett, packette, packkett
packethred	packethred
packi	packi, packy
packing	packing, packyng
packo	packo
packthred	packthred, packthrede, pacthred, pacthrede, pakthred, pakthrede
packtred	packtred
pacnedil	pacnedil, pacnedille
paddelokke	paddelokke, padelok
padduck	padduck, paduck
padlock	padlock, padlocke, padlok, padloke, padlokke
padlox	padlox
padok	padok, padoke
pag	pag, page
pagan	pagan
pagduck	pagduck, pagducke
pai	pai, pay
paiak	paiak, payakk
paieing	paieing, payeynge
paier	paier, paiere, payer, payere
paieth	paieth, payeth
pail	pail, paile, payle, paylle
pailet	pailet, paylette
pailez	pailez
paili	paili, payly
painer	painer, payner
paingston	paingston, payngstone
painted	painted, paintid, paynted, payntid, payntyd
painter	painter, payntere
pair	pair, paire, payr, payre, payrre, pear, peare, pearre
pairn	pairn
paitrel	paitrel, paytrelle
pakaie	pakaie, pakaye
pakatori	pakatori, pakkatori
paked	paked
pakefili	pakefili
paket	paket, pakete, pakett, pakette, pakket, pakkett, pakkette
pakethred	pakethred, pakkethred
pakfil	pakfil
paki	paki, pakki, pakky
pakid	pakid, pakyd
paking	paking, pakking, pakkyng, pakyng
pakit	pakit, pakytt
pakko	pakko, pako
pakrop	pakrop, pakrope
pakthrid	pakthrid
palat	palat, palate
palati	palati, palatti
palet	palet, palette
paleti	paleti, paletti
paletorum	paletorum, palettorum
pali	pali, paly
palomber	palomber
paltok	paltok, paltoke
paltoki	paltoki
pampileon	pampileon, pampyleon
pan	pan, pane, pann, panne
panad	panad, panade
panarii	panarii, pannarii
panario	panario, pannario
pancer	pancer, pancere, panser
panch	panch
pancher	pancher, panchere
panchour	panchour
panel	panel, panele, panelle, pannell
paneli	paneli, panelli
paner	paner, panner
panez	panez, pannez
pani	pani, panni, panny, pany
panibu	panibu
panier	panier, pannyer, panyer
panii	panii, pannii
paniker	paniker
panil	panil, pannyle
panisi	panisi, panyssy
pankever	pankever
panno	panno, pano
pannorum	pannorum, panorum
pannu	pannu, panu
pannum	pannum, panum
pantelet	pantelet, pantelette
papaga	papaga, popaga
papagai	papagai, papagay, popagai, popagay
papanerum	papanerum
papani	papani, pappanny
papar	papar
papegai	papegai, papegay
papeir	papeir
papelet	papelet, papelette
papellotte	papellotte, papelot, papelotte
papeloti	papeloti
papengei	papengei, papengey
paper	paper, papere
paperi	paperi
papez	papez
papi	papi
papin	papin, papyn
papingei	papingei, papyngey
papiniae	papiniae, papynjae
papiniai	papiniai, papynjay
papir	papir, papire, pappir, papyr, papyrr
papiri	papiri
papiro	papiro
papirorum	papirorum
par	par, pare, parr, parre
paradisi	paradisi, paradisy, paradysi
parcel	parcel, parcell, parcelle
parcela	parcela, parcella
parceli	parceli, parcelli
parcemana	parcemana
parcement	parcement, parsement, parsment
parcemin	parcemin, parcemyn
parchem	parchem, parcheme
parchement	parchement
parchemin	parchemin, parchemyne
parchment	parchment
parchmet	parchmet
parel	parel, parrell
parem	parem
parf	parf
parfunid	parfunid, parfunyd
pargameno	pargameno
pargement	pargement
pari	pari
paria	paria
paribu	paribu, parribu
paring	paring, paryng
parir	parir, paryre
parium	parium
park	park, parke
parket	parket, parkete
parkwerk	parkwerk
parl	parl, parle
parp	parp, parpe
parsello	parsello, parselo
part	part, parte
partelet	partelet, partelette, partlet, partlett
partem	partem
partesin	partesin, partesyn
parti	parti, partie
partibu	partibu
particula	particula
partizan	partizan
parv	parv, parve
parva	parva
parvarum	parvarum
parvi	parvi, parvy
parvium	parvium
parvo	parvo
parvorum	parvorum
parvum	parvum
pas	pas, pase
paselard	paselard, passelarde
paselarg	paselarg, passelarge, passellarge
pasemain	pasemain, passemain
pasemam	pasemam, passemam
paseram	paseram, passeram
pasion	pasion, passion, passione
paslad	paslad, passlade
paslarg	paslarg, paslarge
pasmain	pasmain, passmayne
past	past, paste
pasteli	pasteli, pastelli
pastr	pastr, pastre
patela	patela, patella
patelarum	patelarum, patellarum
pateli	pateli, patelli, pattelli
patello	patello, patelo
patellorum	patellorum, patelorum
paten	paten, patene, patten
patenail	patenail, patennaille, patennaylle
patencium	patencium
patenclog	patenclog, patenclogge
patent	patent, patente
patenti	patenti
patentibu	patentibu
patentium	patentium
paternoster	paternoster, paternostere, paternostr, paternostre
patet	patet
patin	patin, patyn
patinail	patinail, patinnaille, patynnaille, patynnaylle
patinclog	patinclog, patinclogge, patynclogge
patingal	patingal, patyngale
patinholt	patinholt, patynholt, patynholte
patinmaker	patinmaker
patintree	patintree, patyntree
patinz	patinz, patynz
patron	patron, patrone
patroni	patroni
patrono	patrono
patronu	patronu
patronum	patronum
pauch	pauch, pawch
paukener	paukener
paunch	paunch, paunche
pauncher	pauncher, paunchere
pauncheri	pauncheri
paunchier	paunchier
paunchour	paunchour
pauns	pauns, paunse
pauntener	pauntener
pauper	pauper
pauperi	pauperi
paupir	paupir
paupiri	paupiri
pautener	pautener, pautenere
pauteneri	pauteneri
paves	paves, pavese
pavi	pavi, pavy
pavilion	pavilion, pavilyon, pavylyon
pavin	pavin, pavyn
paving	paving, pavinge, pavyng, pavynge
pavingeston	pavingeston, pavyngestone
pavingetil	pavingetil, pavyngetyle
pavingston	pavingston, pavingstone, pavyngston, pavyngstone
pavingtil	pavingtil, pavingtile, pavingtyle, pavyngtil, pavyngtile, pavyngtille, pavyngtyle, pavyngtylle
pavingtilez	pavingtilez, pavyngtilez
pavington	pavington, pavyngtone
pavinston	pavinston, pavynstone
pavis	pavis, pavise
pavisez	pavisez, pavyssez
pawtener	pawtener, pawtenere
pax	pax
paxbred	paxbred, paxbrede, paxebred, paxebrede
paxi	paxi
peac	peac, peace, pic, picce, pice, pick, picke, piec, piece, pik, pike, pikke, pyce, pyk, pyke
peasen	peasen, pisan
peauter	peauter
pec	pec, pecce, pece, pech
pecci	pecci, peci, pecii, pecy, pesi, pessy, pesy
peced	peced
pecez	pecez
pecheling	pecheling, pechelyng
pecia	pecia
peciam	peciam
peciarum	peciarum
pecie	pecie
pecing	pecing, pecyng, pesing, pesyng, pesynge
pecium	pecium
pecten	pecten, pectene, pectin, pectine
pectener	pectener
pectenibu	pectenibu
pectentum	pectentum
pectenum	pectenum
pectinibu	pectinibu
pectinum	pectinum
ped	ped, pede, pet, pete
pedibu	pedibu
pei	pei, pey
peier	peier, peyer
peint	peint, peinte, peynt, peynte, pient, pyent
peinted	peinted, peynted
peintid	peintid, peyntid
peintour	peintour, peyntour
peintouri	peintouri, peyntouri
peir	peir, peire, peyr, peyre
pekerel	pekerel, pekerelle
pel	pel, pele, pell, pelle
pelarii	pelarii, pellarii
pelem	pelem, pellem
peleri	peleri
pelet	pelet, pelette
peleti	peleti, peletti
pelew	pelew, pelewe
peli	peli, pelli
pelibu	pelibu, pellibu
pelican	pelican, pellican, pellycan
pelipario	pelipario, pellipario
peliu	peliu, pelliu
pelium	pelium, pellium
pelman	pelman
pelow	pelow, pelowe
pelowi	pelowi, pelowy
pelt	pelt, pelte
pelter	pelter, peltr, peltre
pelteri	pelteri, peltery
peltri	peltri, peltrie, peltrii, peltry, peltrye
peltria	peltria
pelvi	pelvi, pelvy
pelvibu	pelvibu
pelvium	pelvium
pelw	pelw, pelwe
pelwi	pelwi, pelwy
pelwou	pelwou
pen	pen, penne
penar	penar, pener, pennar, pennare, penner, pennere
penarii	penarii, pennarii
penariorum	penariorum, pennariorum
penartific	penartific, penartifice
penartiphi	penartiphi, pennartiphi
penarum	penarum, pennarum
pendant	pendant, pendante, pendent, pendente
pendaunt	pendaunt
pendencium	pendencium
pendenti	pendenti
pendentibu	pendentibu
pendentium	pendentium
peneri	peneri, penneri
peneston	peneston, penestone, penneston, pennestone
penet	penet, pennete, pennette
peni	peni, penni, penny, peny
penikston	penikston, penikstone
penir	penir, penyr
penis	penis
penistan	penistan, penystan
peniston	peniston, pennyston, pennystone, penyston, penystone
penistonez	penistonez, penystonez
penistoni	penistoni, penystony
pentour	pentour
penultima	penultima
penultimo	penultimo
peper	peper, pepere, pepper
peperi	peperi, pepperi
peperquarn	peperquarn, peperquarne
peperquern	peperquern, peperquerne
peperquerni	peperquerni
pepin	pepin, pepyn, pepynne
pepir	pepir, peppir, pepyr
pepirquirn	pepirquirn, pepyrquyrne
per	per, pere, pir, pr, pre, pur, pure
percameni	percameni
percamenti	percamenti
percement	percement
percer	percer, perser, persor, persour
perchement	perchement
percisen	percisen, perrcisen
perdonatur	perdonatur
pererosin	pererosin
peresin	peresin, peresyne, perresyn
perewsen	perewsen
perfaum	perfaum, perfaume
perfum	perfum, perfume
pergameni	pergameni
pergameno	pergameno
pergamino	pergamino
perham	perham
peri	peri, pery, pueri
periclitati	periclitati
perie	perie, perye, piri
perl	perl, perle, perll, pirl, pirle
perlesin	perlesin
perlez	perlez
perlmensir	perlmensir, perlmensire
permacit	permacit, permacite, permacyte
permitat	permitat, permittat
permitatum	permitatum, permittatum
pern	pern, perne
perni	perni
perosen	perosen, perosene, perosin, perosyn, perrosen
persemont	persemont
perserern	perserern, persererne
pervenient	pervenient, perveniente
pes	pes, pese, pess, pesse
pesantz	pesantz, pessantz
pesen	pesen
peskin	peskin
pestel	pestel, pestelle
peter	peter
peticoot	peticoot, pettycoote
peticot	peticot, peticote, peticotte, petticotte, pettycote, petycote, petycotte
petilii	petilii, petillii
petir	petir, petyr
petiri	petiri
petit	petit
petito	petito
petr	petr, petre
petra	petra
petrarum	petrarum
petri	petri
peuk	peuk, peuke, pewk, pewke, pook, pooke
pewter	pewter, puter
pez	pez, peze
phano	phano
pi	pi
piamond	piamond, pyamonde
picche	picche, pich, piche, pitch, pitche, pych, pyche, pytche
picci	picci, pici, picii, pisi
pichard	pichard, picharde
pichelo	pichelo
piching	piching, pychyng
pichling	pichling, pychlyng
pickling	pickling, picling, pikeling, pikelyng, pikling, piklyng, pycklyng, pyclyng, pykeling, pykelinge, pykelyng, pykling, pyklyng
pictatoribu	pictatoribu
picth	picth, picthe
picti	picti, pycti
picto	picto
pictoribu	pictoribu
pictorum	pictorum
pictour	pictour
pictur	pictur, picture
picturi	picturi
pidfish	pidfish, pidfisshe, pydfish
pighling	pighling, pighlinge, pighlyng, pighlynge, pyghling, pyghlinge, pyghlyng, pyghlynge
pightlin	pightlin, pightline
pightling	pightling, pightlinge, pightlyng, pightlynge, pyghtling, pyghtlinge
pigthling	pigthling
piip	piip, piipe
pikar	pikar
piked	piked, pyked
piker	piker, pyker
piki	piki, pyky
piking	piking, pykkyng
pil	pil, pile, pill, pille, pyle
pila	pila
pilarum	pilarum, pillarum
pilato	pilato
pilaw	pilaw, pillawe
pilch	pilch, pilche, pylch
pilchard	pilchard, pilcharde, pylcharde
pilcherd	pilcherd, pilcherde, pylcherde
pilchi	pilchi, pylchi, pylchy
piler	piler, piller
pilew	pilew, pillewe
pili	pili, pilli
pilibu	pilibu, pillibu
pilloghe	pilloghe, pilogh
pillohe	pillohe, pillow, pillowe, pillowhe, piloh, pilow, pilowe, pilowh, pilowhe, pyllowe, pylow, pylowe
pillou	pillou, pilou
pilo	pilo
pilorum	pilorum
pilosarum	pilosarum
pilosi	pilosi
pilot	pilot, pilote, pilott, pylot, pylote
piloto	piloto, pyloto
pilw	pilw, pilwe
pimel	pimel, pymmell
pimienti	pimienti
pimper	pimper, pymper
pimperel	pimperel, pymperel, pymperele
pimpereli	pimpereli, pimperely
pimperiel	pimperiel, pymperiele
pimperneelarum	pimperneelarum, pimpernelarum, pimpernellarum, pymperneellarum, pympernellarum
pimpernel	pimpernel, pimpernele, pimpernelle, pympernel, pympernele, pympernelle
pimperneli	pimperneli, pimpernelli, pympernelli
pin	pin, pine, pinn, pinne, pyn, pyne, pynn, pynne
pinacl	pinacl, pinacle, pynacle
pinar	pinar
pincac	pincac, pincace, pyncace
pincas	pincas, pincase, pyncase
pincherni	pincherni
pinchornez	pinchornez, pynchornez
pind	pind, pynd, pynde
pineapl	pineapl, pyneaple
piner	piner, pynner
pinewhit	pinewhit, pynewhytte
pinez	pinez, pynnez
pini	pini, pinni, pinny, pynni, pynny, pyny
pinser	pinser, pinsour, pynser, pynsour
pinsin	pinsin, pynsyn
pinson	pinson, pynson
pinsoun	pinsoun, pynsoun
pint	pint, pinte, pynt, pynte
pintpot	pintpot, pintpotte
pintz	pintz, pyntz
pinwhit	pinwhit, pinwhite
pion	pion, pyone
pip	pip, pipe, pippe, pyp, pype, pyppe
pipa	pipa, pippa
pipam	pipam
pipen	pipen, pippen, pypen, pypenne, pyppen
piper	piper, pipere
piperi	piperi, pipery
pipernelarum	pipernelarum, pypernellarum
piperqueren	piperqueren
piperqweren	piperqweren
pipez	pipez
pipi	pipi, pippi, pipy, pyppy, pypy
pipid	pipid, pipyde
pipin	pipin, pippin, pippyn, pipyn, pypin, pyppin, pyppine, pyppyn, pyppyne, pypyn, pypynne
pipon	pipon, pippon
pipz	pipz
pirld	pirld, pirled
pirli	pirli, pirly
pirling	pirling
pirorum	pirorum
pis	pis, pise
pisarum	pisarum
pisc	pisc, pisce
piscator	piscator, piscatore
piscenario	piscenario
pisceri	pisceri
pisci	pisci
piscibu	piscibu, pisscibu, pyscibu
piscium	piscium, pyscium
piscum	piscum
piser	piser, pisere
pisibu	pisibu, pissibu
pisium	pisium, pissium
pistak	pistak, pistake
pit	pit, pyt
piteling	piteling, pitelinge, pitelyng, pitelynge
pith	pith, pithe
pitheling	pitheling, pithelyng
pithling	pithling, pithlinge, pithlyng, pythlynge
pitling	pitling, pitlinge, pytling
pitoribu	pitoribu, pittoribu
pix	pix
pixi	pixi
pixid	pixid, pixide
pixidibu	pixidibu
pixidum	pixidum
pizarum	pizarum
pl	pl, pul, pule
plaat	plaat
plac	plac, place
placuerit	placuerit
plaes	plaes, plaesse
plai	plai, play
plaic	plaic, plaice, playce
plaie	plaie, playe
plaieing	plaieing, playeing
plaieng	plaieng, playeng, pleing, pleyng
plaiing	plaiing, plaing, plaiyng, playing, playng, playnge
plain	plain, plaine, playn, playne
plais	plais, plaise, playse, playsse
plaister	plaister, plaistr, plaistre, plaistur, plaisture, playster
plaistour	plaistour
plan	plan, plane, planne
plana	plana
planing	planing, planyng, planynge
plank	plank, planke
plano	plano
plas	plas, plasse
plaster	plaster, plastr, plastre
plat	plat, plate, platt, platte
platarum	platarum
platearum	platearum
platei	platei
platel	platel, platelle
platenail	platenail, platenaille
plater	plater, platere, platter
platerarum	platerarum
platerz	platerz, platterz
platez	platez
platffissh	platffissh, platfish, platfissh
platfisch	platfisch, platfysch
plati	plati, platy
platnail	platnail, platnaille
platr	platr, plattre
plaustri	plaustri
plaustro	plaustro
pleiing	pleiing, pleying
plein	plein, pleine
plen	plen, plene
pleni	pleni
pleniu	pleniu
pleri	pleri
plester	plester
plici	plici
plight	plight
plis	plis, plise
plit	plit, plite, plyt, plyte
ploi	ploi, ploy
ploie	ploie, ploye
plu	plu
pludo	pludo
plum	plum, plumb, plumbe, plume
plumarum	plumarum
plumbei	plumbei
plumbeo	plumbeo
plumbi	plumbi, plumby
plumbo	plumbo
plumer	plumer
plumi	plumi
plumorum	plumorum
pluribu	pluribu
pluscularum	pluscularum
plusculi	plusculi
pluverii	pluverii
pman	pman
po	po, ppo
poced	poced, post, poste
poceti	poceti, pocetti
poceto	poceto, pocetto
poch	poch, poche, pock, pocke, pok, poke, pokke
pochio	pochio
pocket	pocket, pockete, pockett, pockette, pokat, pokate, pokit, pokyt
pocketi	pocketi, pocketti
pocketo	pocketo, pocketto
pockettz	pockettz, pocketz
podil	podil, podille
podoleswerk	podoleswerk
poeman	poeman
poi	poi, poy
poient	poient, poyente
poinet	poinet, poynet, poynette
poineti	poineti, poynetti
point	point, pointe, poynte, poyntte
pointez	pointez, poyntez
pointi	pointi, poynti
pointmaker	pointmaker, poyntmaker
pointz	pointz, poyntz
poisi	poisi, poysi
poiz	poiz
poket	poket, pokete, pokett, pokette, pokket, pokkete, pokkett, pokkette
poketa	poketa, poketta
poketez	poketez, pokettez
poketh	poketh
poketi	poketi, poketti, pokety
poketo	poketo, poketto
pokettulo	pokettulo, poketulo
pokettz	pokettz, poketz
pokez	pokez
poki	poki, pokky, poky
pokt	pokt, poktte
pol	pol, pole, polle
polain	polain, polayne
polainwark	polainwark, polaynwark
polan	polan, polane
polanewerk	polanewerk
polanwark	polanwark
polard	polard, polarde
polax	polax, pollax
polaxi	polaxi, polaxy, pollaxi
polcat	polcat, polcatte
poldav	poldav, poldave
poldavez	poldavez
poldavi	poldavi, poldavy
poldavie	poldavie, polldavye
poldron	poldron
poleax	poleax
poleinwark	poleinwark, poleynwark
polex	polex, pollex
polhax	polhax
poli	poli, polly
pollour	pollour, polour
pom	pom, pome
pomambr	pomambr, pomambre
pomandr	pomandr, pomandre
pomaner	pomaner
pomarum	pomarum
pomas	pomas, pomase
pomasi	pomasi
pomaunder	pomaunder, pomaundr, pomaundre, pomawnder, pommawnder
pomegarnad	pomegarnad, pomegarnade
pomegarnard	pomegarnard, pomegarnarde
pomegarnat	pomegarnat, pomegarnate
pomegarnet	pomegarnet, pomegarnette
pomegarneti	pomegarneti, pomegarnetti
pomegranat	pomegranat, pomegranate
pomegranet	pomegranet, pomegranette
pomei	pomei
pomel	pomel, pomelle, pomil, pommelle, pomylle
pomergarnat	pomergarnat, pomergarnate
pomerum	pomerum
pomes	pomes, pomese
pomgarnet	pomgarnet, pomgarnete, pomgarnette
pomi	pomi, pomy
pomigarnet	pomigarnet, pomigarnette
pomis	pomis, pomyse
pomorum	pomorum
ponch	ponch
poncheon	poncheon, ponchon, ponchone
ponchien	ponchien, ponchiene
ponchio	ponchio
ponchion	ponchion, ponchione, ponchyon, ponchyone
ponchoun	ponchoun
pond	pond, ponde
pondeant	pondeant, pondeante
pondel	pondel, pondelle
ponden	ponden
pondent	pondent
pondera	pondera
ponderant	ponderant, ponderante
ponderantem	ponderantem
ponderanti	ponderanti
ponderantibu	ponderantibu
ponderantribu	ponderantribu
ponderatibu	ponderatibu
ponderi	ponderi
pondir	pondir, pondyr
poniet	poniet, ponyette
ponit	ponit, ponyte
pont	pont, ponte
pontela	pontela, pontella
ponteli	ponteli, pontelli
pookat	pookat, pookate, pooket, pookete, pookett, pookette
poot	poot, poote
popei	popei, poppey
popeiai	popeiai, popejay
popel	popel, popelle
popellorum	popellorum, popelorum
popelot	popelot, poppelote
popenag	popenag
popesed	popesed, popesede
popet	popet, popette, poppette
popi	popi, poppi
popil	popil, popille, popl, pople, popylle
popili	popili, popilli
popilion	popilion, popylyon
popillorum	popillorum, popilorum
popin	popin, popyn
poping	poping, poppyng
popingai	popingai, popingay, popyngay
popingaie	popingaie, popingaii, popyngaye
popingei	popingei, popingey, popyngey
popingiai	popingiai, popingjay
popiniai	popiniai, popinjay
popli	popli
poplo	poplo
poplorum	poplorum
poplu	poplu
poppte	poppte, popt
popul	popul, populle
porci	porci
porco	porco
porcorum	porcorum
porcuum	porcuum
porpei	porpei, porpey
porpes	porpes, porpese
porpo	porpo
porpos	porpos, porpose
porpus	porpus, porpusse
porsi	porsi, porssi
port	port, porte
portagii	portagii
portagio	portagio
portatif	portatif
portativ	portativ, portative
portcules	portcules, portculess
porting	porting
portpin	portpin, portpyn, portpyne
portu	portu
portue	portue
portulat	portulat
portulato	portulato
portum	portum
posibli	posibli, possibly
posta	posta
postea	postea
posti	posti
pot	pot, pote, pott, potte
potag	potag, potage
potasch	potasch
potash	potash, potassh
potecarii	potecarii
poted	poted, potted
potel	potel, potell, potelle, pottelle
poteler	poteler, potelere, potellere, pottellere
poteli	poteli, potelli
potelpot	potelpot, potelpotte
potencher	potencher
poter	poter, potter
potez	potez, pottez
poth	poth, pothe
poti	poti, potti, potty
poticar	poticar, poticare
poticari	poticari, poticary
potsuger	potsuger
pottz	pottz, potz
pouch	pouch, pouche, powch, powche
pouchering	pouchering, poucheringe, poucherynge, pouchring, pouchrynge, powchring, powchrynge
pouchez	pouchez
pouchi	pouchi, powchi, powchy
pouder	pouder, powder, powdere, powdr, powdre
poudir	poudir, powdir
poudr	poudr, poudre
poudrati	poudrati
poudrebox	poudrebox
pought	pought, poughte
pounc	pounc, pounce
pounchering	pounchering, pouncherynge
pounchion	pounchion
pounchon	pounchon, pounchone
pounchong	pounchong, pounchonge
pound	pound, pounde, pownd, pownde
pounderant	pounderant, pounderante
pounderantibu	pounderantibu
poundgarnet	poundgarnet, poundgarnette
pours	pours, pourse
pow	pow
powchez	powchez
powderbox	powderbox, powdirbox
powl	powl, powlle
powld	powld, powlde
powldav	powldav, powldave
powt	powt, powte
powther	powther
prag	prag, prage, pragge
prak	prak, prake
precedent	precedent, precedente
precedenti	precedenti
precedentibu	precedentibu
preching	preching, prechyng
preci	preci
precii	precii
precularum	precularum
preculi	preculi
pred	pred
predic	predic
predict	predict, predicte
predicta	predicta, predycta
predictam	predictam, predictum
predicti	predicti
predicto	predicto
predictorum	predictorum
predictu	predictu
prefacto	prefacto
prefata	prefata
prefati	prefati
prefato	prefato
preist	preist, preyst, prist, pryste
prekar	prekar
preking	preking, prekyng
premer	premer, premere, premmer
prenominati	prenominati
prenominato	prenominato
prenotati	prenotati
prenotato	prenotato
prent	prent, prente
prented	prented
prentid	prentid, prentyd
pres	pres, press, presse
presai	presai
presbordi	presbordi, presbordy
prescripti	prescripti
prescripto	prescripto
presed	presed, pressed
presi	presi, pressi
presid	presid, pressid, presyd
presing	presing, pressing, pressyng
prest	prest
preterio	preterio
pretextu	pretextu
preun	preun, preune, prewn, prewne, proun, proune, pruen, pruene
prewni	prewni, prewny, pruni, pruny
pri	pri
pria	pria
priam	priam
pric	pric, price
priled	priled, prilled
prili	prili, puerili
prima	prima
primer	primer, primere, prymer, prymmer
primeri	primeri
primo	primo
primour	primour
prin	prin, pryne
printar	printar
printed	printed, printid, printyd, prynted
printing	printing, pryntyng
printng	printng, pryntnge
prior	prior, priore
priori	priori
pris	pris, prise
priscium	priscium
priu	priu
privato	privato
pro	pro
proien	proien, proyen
proin	proin, proyn, proyne
proinez	proinez, proynez
proini	proini, proyni
proisn	proisn, proysne
pronosticacioun	pronosticacioun
prop	prop
propri	propri, proprii
propria	propria
propriam	propriam
prout	prout
provenienti	provenienti
provest	provest
provinc	provinc, province
provincie	provincie
prown	prown, prowne
prowni	prowni, prowny
proxim	proxim, proxime
proxima	proxima
pruin	pruin, pruyne
prumorum	prumorum
prun	prun, prune, prunne
prunez	prunez
pruno	pruno
prunorum	prunorum
prwni	prwni, prwny
ptembri	ptembri
ptimo	ptimo
pu	pu
puch	puch, puche
puerilibu	puerilibu, puerillibu
puerilium	puerilium
puffin	puffin, pufin
pulpicas	pulpicas, pulpicasse
pult	pult, pulte
pultez	pultez
pultz	pultz
pulver	pulver, pulvere
pulveri	pulveri
pulveribu	pulveribu
pulverisati	pulverisati
pulverizata	pulverizata
pulverizati	pulverizati
pulverizato	pulverizato
pulverizatu	pulverizatu
pulw	pulw, pulwe
punch	punch
puncheon	puncheon, punchon, punchone, punchun
punchion	punchion, punchione, puncion
punct	punct, puncte
puncti	puncti
punctuatum	punctuatum
puntela	puntela, puntella
punteli	punteli, puntelli
pupai	pupai, puppay
pupet	pupet, puppette
purc	purc, purce
purci	purci, purcy
pured	pured
puring	puring, purynge
purpil	purpil, purpill, purpille, purpl, purple, purpylle
purpul	purpul, purpull, purpulle
purpur	purpur, purpure
purs	purs, purse, purss
purveiour	purveiour, purveour, purvier, purviour, purvyere, purvyour
purver	purver
pusan	pusan
put	put
putred	putred
putri	putri
putrid	putrid, putride
putridarum	putridarum
putridi	putridi
putridorum	putridorum
qu	qu
qua	qua
quacumque	quacumque
quadam	quadam
quaderpel	quaderpel, quaderpelle
quadespel	quadespel, quadespelle
quadraginta	quadraginta
quadrata	quadrata
quadrati	quadrati
quael	quael, quaele
quaer	quaer
quaier	quaier, quayer, queier, queir, queyer, queyr
quail	quail, quaile, quaille, quayle, quaylle, qwail, qwayle
quailepip	quailepip, quaylepipe
quailez	quailez, quaylez
quaili	quaili, quailli, quaily, quayly
quair	quair, quaire, quayr
qual	qual, quale
quali	quali, qualy
qualibet	qualibet
quam	quam
quandam	quandam, quondam, quondem
quantitat	quantitat, quantitate
quantitatem	quantitatem
quar	quar
quarel	quarel, quarelle, quarrelle
quareli	quareli, quarelli
quarn	quarn, quarne
quarneston	quarneston, quarnestone
quarntern	quarntern
quart	quart, quarte
quartam	quartam
quarteli	quarteli, quartelli
quartepot	quartepot, quartepotte
quarter	quarter, quartere
quarteren	quarteren, quartren
quarteri	quarteri, quarterri
quarteria	quarteria
quarterii	quarterii, quarterrii
quarterio	quarterio
quarterium	quarterium
quartern	quartern, quartirn, quarttyrne
quarteron	quarteron, quartron, quartrone
quarterspel	quarterspel, quarterspelle
quartespel	quartespel, quartespelle, quartesspelle, quartspel, quartspelle
quartez	quartez
quarto	quarto
quartodecimo	quartodecimo
quarton	quarton
quartpot	quartpot, quartpotte
quartrespel	quartrespel, quartrespelle
quartuor	quartuor
quartz	quartz
quarum	quarum
quaterni	quaterni, quaternii
quaterspel	quaterspel, quaterspelle
quatraginta	quatraginta
quatrata	quatrata
quatuor	quatuor
quatuordecem	quatuordecem
quatuordecim	quatuordecim
queled	queled, quelled
quelibet	quelibet
queren	queren, qweren, qwerene
querenston	querenston, querenstone, querenstonne, qwerenston
querenstoni	querenstoni, querenstony
querenstonz	querenstonz
querin	querin, queryn
quern	quern, querne, quirn, quyrne
querneston	querneston, quernestone, quirneston, quyrnestone
quernestonez	quernestonez
quernestoni	quernestoni, quernestony
querni	querni, querny
quernston	quernston, quernstone, quirnston, quyrnstone
quernstonez	quernstonez
quernstoni	quernstoni, quernstony
quernstonz	quernstonz
querstonez	querstonez
queshon	queshon, quesshon
qui	qui
quia	quia
quibib	quibib, quybibbe, quybibe, quybybe
quibibi	quibibi, quibiby
quibibu	quibibu
quibu	quibu
quibuscumque	quibuscumque
quibusdam	quibusdam
quibuslibet	quibuslibet
quicksilver	quicksilver, quicksyllver, quicksylver, quiksilver, quyksilver, quyksilvere, quyksylver
quicksilvir	quicksilvir, quicksylvyr, quycksylvyr
quidem	quidem
quielt	quielt, quielte
quik	quik, quique, quyk
quikesilver	quikesilver, quykesylver
quil	quil, quile, quille, quyle, quylle, qwil, qwille
quili	quili, quylli
quilt	quilt, quilte, quyllte, quylt, quylte, quyltte, qwilt, qwylt, qwylte
quilted	quilted, quylted, qwilted
quilti	quilti, quylti, quylty
quiltid	quiltid, quyltyd
quiltr	quiltr, quyltre
quindecem	quindecem
quindecim	quindecim, quyndecim
quingenti	quingenti
quinquaginta	quinquaginta
quinque	quinque
quint	quint, quynt
quintal	quintal, quintall, quintalle, quyntall, quyntalle
quintali	quintali, quintalli
quintallo	quintallo, quintalo, quyntallo
quintallum	quintallum, quintalum
quintam	quintam
quintern	quintern, quyntern
quintillo	quintillo, quintilo
quinto	quinto
quintodecimo	quintodecimo
quischin	quischin, quischyn, quishin, quishyn, quisin, quisshin, quissyn, quyshin, quyshine, quyshyn, quyshyne, quysshyn
quischoun	quischoun, quishoun, quisshoun, quysshoun
quisen	quisen, qushon, qusshon, quysen
quiseni	quiseni, quisseni
quisheni	quisheni, quysheni
quishoncloth	quishoncloth, quisshonclothe
quishonz	quishonz, quisshonz
quishounz	quishounz, quisshounz
quitson	quitson
quntal	quntal, quntalle
quod	quod
quodam	quodam
quoif	quoif, quoyffe
quoishen	quoishen, quoishon, quoisshon, quoysshen
quoison	quoison, quoysson
quolibet	quolibet
quorum	quorum
quorumcumque	quorumcumque
quoshin	quoshin, quosshyn
qwischon	qwischon, qwysschon
qwisin	qwisin, qwissin, qwyssin
ra	ra, rogh
raban	raban, rabane
rabik	rabik
raboto	raboto
rac	rac, rack, racke, rak, rake, rakke, wrack, wracke, wrak, wrake
racemo	racemo
racemonorum	racemonorum
racemorum	racemorum
racen	racen, rason, rasson
racenorum	racenorum, rasenorum
racimorum	racimorum
racin	racin, racyn, rasin, rasyn
racinonrum	racinonrum
racinorum	racinorum
rackat	rackat, rackate
racket	racket, rackete, rackette
rackez	rackez
rackmorn	rackmorn, rackmorne
racoma	racoma
racon	racon
radiati	radiati
radiato	radiato
radiatorum	radiatorum
radici	radici
raemnent	raemnent
rafter	rafter
rag	rag, rage, ragge
ragma	ragma
ragmas	ragmas, ragmasse
rai	rai, ray
raid	raid, rayd
raie	raie, raye
raied	raied, rayed
raiket	raiket, raikete, raket, rakete, rakette, rakkette
raim	raim, raime
raiper	raiper, raipir, raper, rapper, raypper, rayppyre, wraper, wrapere, wrapper, wrappere
raipier	raipier, rapier, rayppyere
raised	raised, raysed
raisen	raisen, raysen
raisid	raisid, rayside
raison	raison, raisson, rayson
rakama	rakama
rakema	rakema
rakemati	rakemati
rakma	rakma
ral	ral, rall
ralk	ralk, ralke
ram	ram, rame
ramo	ramo
rancisco	rancisco
rannte	rannte, rant
rano	rano
rap	rap, rape, rapp, rappe, wrap, wrape, wrapp
rapar	rapar, rapir, rappar, wrapar, wrapare, wrapor, wrapore, wrappar, wrappare, wrappor
raparum	raparum
rapi	rapi, rapy
raputicum	raputicum
rard	rard
rasemorum	rasemorum
rasen	rasen
rasenc	rasenc, rasennce
raser	raser, rasere, rasor, rasser
raseri	raseri, raserry
rasinorum	rasinorum
rasorii	rasorii
rasoun	rasoun, rasoune
rasour	rasour, rasoure, rassour, rasur, rasure
rasouri	rasouri
rasourz	rasourz
raspai	raspai, raspay
rast	rast, raste
rastow	rastow
rasuri	rasuri
ratam	ratam
ratel	ratel, ratelle, rattel, rattelle
ratil	ratil, rattille, rattylle
ratl	ratl, ratle, rattle
ratorum	ratorum
rauncisco	rauncisco
rav	rav, rave
ravel	ravel, ravell
raveli	raveli, ravelli
ravi	ravi
raw	raw, rawe
rawl	rawl, rawlle
rbelur	rbelur, rbelure
rcator	rcator, rcatore
rdeli	rdeli, rdelli
rdi	rdi
rdo	rdo
re	re
read	read, reade, red, redde, rede
reali	reali, realli, rili
realm	realm, realme
ream	ream, reame
reami	reami, reamy
reasen	reasen, rison, risson
reason	reason, reasone, resen
reati	reati
reban	reban, rebane, riban, ribon, ryban, rybone
reband	reband, rebande, riband, ribande, ribband, ribbande, rybande
rebani	rebani, ribani
rebond	rebond, rebonde, ribond, ribonde, rybonde
rebu	rebu, ribu
recarcandum	recarcandum
recardancum	recardancum
recardandum	recardandum
recencibu	recencibu, resencibu
recencium	recencium, recensium
recenor	recenor
recensibu	recensibu
recent	recent
recenti	recenti
recentibu	recentibu
receptam	receptam
recin	recin
recorda	recorda
recorded	recorded
recorder	recorder, recordere
rect	rect, recte
reddendo	reddendo, redendo
redegrai	redegrai, redegray
redegrei	redegrei, redegrey
redelaisch	redelaisch
redelarum	redelarum, redellarum
redelasch	redelasch, redelash, redelasshe
redelcard	redelcard
redeled	redeled, redelede
redewark	redewark
redewerk	redewerk, redewerke
redework	redework
redgrai	redgrai, redgray
redgrei	redgrei, redgrey
redi	redi, redy
redlaisch	redlaisch, redlaish, redlayssh
redlasch	redlasch, redlasche, redlassch
redlether	redlether
redwark	redwark, redwerk, redwork
redwie	redwie, redwye
redwod	redwod, redwode
redwood	redwood, redwoode
reed	reed, reede
reedelarum	reedelarum, reedellarum
reedwerk	reedwerk
reel	reel, reelle
reem	reem, reeme
reepa	reepa
reepi	reepi, repi, reppi, ripi, rippi
refeit	refeit, refeyte
reffu	reffu, refu
reffuse	reffuse, refus, refuse
reffutz	reffutz, refutz
refuc	refuc, refuce
refut	refut, refute
refuz	refuz
reg	reg, rege
regarl	regarl, regarle
regea	regea
regem	regem
regi	regi
regin	regin, regine
regina	regina
regni	regni
regnum	regnum
regold	regold, rigold
rei	rei, rey
reighi	reighi, reyghi
reinet	reinet, reynnette
reisalgar	reisalgar
reisen	reisen, reison, reisson, reysen
reiset	reiset, reyssete
reisid	reisid, reysyd
reisin	reisin, reisyn, reysin, reysyn
reising	reising, reysynge
reisoun	reisoun, resoun, reysoun
rek	rek, rekke, ric, rice, rik, rike, ryce
rel	rel, rell, relle
relesanz	relesanz
relesaunc	relesaunc, relesaunce, relisaunc, relisaunce, relysaunce
reli	reli, rely
relisan	relisan
relisanc	relisanc, relisance, relysance
relisaun	relisaun
relisauns	relisauns, relisaunse, relisaunz
relizanc	relizanc, relizance
relizaunc	relizaunc, relizaunce
relusanc	relusanc, relusance
rem	rem, reme, rewm, rewme
remanant	remanant, remanante
remanen	remanen
remanent	remanent, remanente
remanentem	remanentem
remanenti	remanenti
remanento	remanento
remant	remant, remante
remanunt	remanunt, remanunte
remaund	remaund, remaunde
remaunt	remaunt, remaunte
rembland	rembland, remblande
remeholt	remeholt
remembratori	remembratori
rememoratori	rememoratori
remenant	remenant, remenante
remenanti	remenanti
remenaunt	remenaunt, remenaunte
remenenti	remenenti
rement	rement
remet	remet, remete
remez	remez
remholt	remholt
remi	remi, remy, rewmi, rewmy
reminent	reminent, remynentte
remland	remland, remlande
remlant	remlant, remlante, remlantte
remnant	remnant, remnante, remnantte
remnaunt	remnaunt, remnaunte, remnauntte
renaunt	renaunt, renaunte
rencii	rencii
renet	renet, renete, renette, rennette
reneti	reneti, renetti
reng	reng, renge
rening	rening, rennyng, rennynge
reobarb	reobarb, reobarbe
reopantico	reopantico
rep	rep, repe, repp
repa	repa, reppa, ripa, rippa, ryppa
repontikum	repontikum
rer	rer, rere
rerebra	rerebra
rerebrac	rerebrac, rerebrace
reredo	reredo
res	res, rese
resalgar	resalgar, risalgar, rysalgar
resalger	resalger
resenti	resenti
resentibu	resentibu
reser	reser, resere
resham	resham, ressham
resiancium	resiancium
resiantibu	resiantibu
residencium	residencium
residuo	residuo
resin	resin, reson, ressin, resson, resyn
resinorum	resinorum
resm	resm, resme
resorciencium	resorciencium
resorcientibu	resorcientibu
resorcientium	resorcientium
respondent	respondent
responderi	responderi
rest	rest, reste
retaso	retaso
retenta	retenta
retentam	retentam
reth	reth, rethe
rethei	rethei
rethi	rethi
retibu	retibu
reticul	reticul, reticule
retinent	retinent
reuet	reuet, reuette, root, roote, ruet, ruett
reul	reul, reule, rool, roole, roolle, roul, roule, roulle
reum	reum, reume, riam
reven	reven
revet	revet, revete, revette
rew	rew, roo, ru
rewbarb	rewbarb, rewbarbe
rewer	rewer
rewet	rewet, rewette
rg	rg, urgh
rgii	rgii
rgio	rgio
ria	ria
rial	rial, riall, rialle, ryall, ryalle
riali	riali, rialli
riani	riani
rianson	rianson
ribarb	ribarb, ribarbe
ribaund	ribaund, ribaunde
ribbed	ribbed, ribed
ribend	ribend, ribende, rybende
ribid	ribid, rybbyd
ribind	ribind, ribynde
rich	rich, riche
rici	rici
rico	rico
rideli	rideli, ridelli
ridi	ridi
riding	riding, rydyng
rift	rift, rifte
rigal	rigal, rigalle
righolt	righolt
right	right, ryght, ryghte
righti	righti, righty
rigolt	rigolt
rigt	rigt, rygt
rigu	rigu
rii	rii
rikson	rikson, riksson
rimo	rimo
rin	rin, rryn, ryne
rinet	rinet, rynnette
ring	ring, ringe, rynge
ringi	ringi, ryngi
rining	rining, rynnyng
rip	rip, ripe, rippe, ryppe
ripland	ripland, riplande
riplond	riplond
ris	ris, rise, rish, rissh, risshe, ryse
risel	risel, rysel
risii	risii
rism	rism, risme, rysme
risma	risma
rismi	rismi
ristiani	ristiani
ristofr	ristofr, ristofre
riven	riven, rivene
rivet	rivet, rivette, ryvet, ryvette
rlof	rlof, rloff
rman	rman
rmano	rmano
rnard	rnard
rnold	rnold, rnolde
rnoldo	rnoldo
rnubie	rnubie
roan	roan, roane, rown, rowne
roap	roap, roape, roappe
rob	rob, robe
roba	roba
robber	robber, rober
robbyng	robbyng, robing
roch	roch, roche, rok, rokke
rod	rod, rodd, rodde, rode
roda	roda
rodam	rodam
roddi	roddi, roddy, rodi, rody
roeli	roeli, roelly, roli, rolli, rolly, roly
rof	rof, rofe, roff
roffnaille	roffnaille, rofnail
roial	roial, roiall, royall, royalle
rol	rol, role, roll, rolle
rola	rola, rolla
rolam	rolam, rollam
rolarum	rolarum, rollarum
rolez	rolez, rollez
rolo	rolo
rombi	rombi, romby
romislow	romislow, romislowe
romslo	romslo
ron	ron, rone
rond	rond, ronde
rondelet	rondelet
rondeleti	rondeleti, rondeletti, rondelletti
rondeleto	rondeleto, rondeletto, rondelletto
rondlet	rondlet, rondlette
ronich	ronich, ronyche
roobi	roobi, rubbie, rubee, rubi, rubie, rubii, ruby, rubye
rood	rood, roode
room	room
roop	roop, roope
roosen	roosen
rooskini	rooskini, rooskynny
rop	rop, rope, ropp, roppe
roper	roper, roppere
ropez	ropez
ropi	ropi, roppi, roppy, ropy
ropz	ropz
rorum	rorum
ros	ros, rose, rosse
rosarum	rosarum
rosein	rosein, roseyn
rosekin	rosekin, rossekynn
rosel	rosel
rosen	rosen, rossen
rosengal	rosengal, rosengall
roset	roset, rosett, rosette, rosset, rossett
rosez	rosez
rosi	rosi
rosin	rosin, rosine, rossyn, rosyn, rosyne
roskin	roskin, roskynne
roson	roson, rosson
rot	rot, rote, rotte
rotaso	rotaso
roth	roth, rothe
rothi	rothi
roti	roti, roty
roton	roton
rotuli	rotuli
rotullorum	rotullorum, rotulorum
rotulo	rotulo
rotund	rotund, rotunde
rotunda	rotunda
rotundarum	rotundarum
rotundi	rotundi
rough	rough, roughe
roughat	roughat, roughatte
rought	rought, wrought
round	round, rounde
roundel	roundel, roundelle
roundelet	roundelet
roundeleti	roundeleti, roundelletti
roundeleto	roundeleto, roundeletto, roundelletto
roundtabil	roundtabil
routh	routh
rov	rov, rove
rovi	rovi, rovy
rowgh	rowgh, rowghe
rowi	rowi
rowl	rowl, rowle, rowlle
rowli	rowli
rownd	rownd, rownde
rowz	rowz
rp	rp
rpelarii	rpelarii, rpellarii
rpeti	rpeti, rpetti
rsted	rsted, rstede
rster	rster
rsu	rsu
rten	rten
rtholomeo	rtholomeo
rti	rti, urti
rtino	rtino
rtugali	rtugali
rub	rub, rube
ruband	ruband, rubande
rubar	rubar, rubbar
rubarb	rubarb, rubarbe
rubarber	rubarber, rubarbere
rubarbi	rubarbi
rubard	rubard
rubber	rubber, ruber
rubbing	rubbing, rubbyng, rubbynge, rubing
rubbyngstone	rubbyngstone, rubingston
rubea	rubea
rubearum	rubearum
rubei	rubei
rubeo	rubeo, rubio
rubeorum	rubeorum, rubiorum
rubini	rubini
rubino	rubino
rubri	rubri
rubston	rubston
rugh	rugh, rughe
rum	rum
rumbi	rumbi, rumby
rundelet	rundelet, rundelett, rundelette
rundeleti	rundeleti, rundeletti
rundeleto	rundeleto, rundeletto
runet	runet, runette
runez	runez
runlet	runlet
runz	runz
rupti	rupti
rus	rus, ruse, rush, russhe
ruset	ruset, russet, russete, russett, russette
rusewark	rusewark, russewark
rusewerk	rusewerk, russewerk, russewerke
rushewar	rushewar, russheware
rusken	rusken
ruskin	ruskin, ruskyn, ruskynne
rusking	rusking, russkynge
russutt	russutt, rusut
rusti	rusti, rusty
rustid	rustid
ruswerk	ruswerk
rvicie	rvicie
rvo	rvo
rward	rward, rwarde
sa	sa
sabil	sabil, sabille, sabylle
sabl	sabl, sable, sabul, sabulle
sabli	sabli
sac	sac, sacc, sacce, sace, sack, sacke, sak, sake, sakk, sakke
sacbush	sacbush, sacbussh
saccci	saccci, sacci
saccco	saccco, sacco, sacko
sacci	sacci, saccy, saci
sacco	sacco, saco
saccorum	saccorum, sacorum
saccse	saccse, sacs
saccu	saccu, sacu
sacculo	sacculo, saculo
saccum	saccum, sacum
saceler	saceler
sacerdotalium	sacerdotalium
sackei	sackei
sacket	sacket, sackette
sacki	sacki, sacky
sacramentum	sacramentum
sacring	sacring, sacringe, sacryng
saculi	saculi, saculli
sacuu	sacuu
saddeler	saddeler, sadeler
saddelle	saddelle, sadel, sadele, sadell, sadelle
saddylle	saddylle, sadil, sadill, sadille, sadylle
sadeltree	sadeltree
sadilhow	sadilhow, sadillhow
sadillz	sadillz, sadilz
sadl	sadl, sadle, sadul, sadulle
sadlar	sadlar
sadler	sadler
sadli	sadli
saem	saem
saferon	saferon, saferone, safferon, safferone
saffier	saffier, safier
safflour	safflour, saffloure, saflour
safforn	safforn, saforn
saffran	saffran, saffron, safran, safron
saffroni	saffroni, safroni
safir	safir, safyre
sagea	sagea
sagitarum	sagitarum, sagittarum
sagiti	sagiti, sagitti
sai	sai, say
said	said, sayd, sayde, sed, sede, shed
saie	saie, saii, saye, sayi
saiez	saiez, sayez
sail	sail, saille, sailt, sayle, saylt
saim	saim, sayme
saint	saint, sayntt
saip	saip, saipe
saket	saket, sakett, sakette, sakkette
saketo	saketo, saketto
saki	saki, sakki, sakky
sal	sal, sale
salad	salad, salade
salar	salar, salare
salat	salat, salate, salatte
salcarum	salcarum
salci	salci
salcich	salcich
salcorum	salcorum
saler	saler, salere, sceler, sceller, selour
salesmolt	salesmolt
salet	salet, salett, salette, sallete, sallette
saleti	saleti, saletty
sali	sali, salli
salic	salic
sallmonde	sallmonde, salmond
salman	salman, salmon, salmone
salmonak	salmonak
salmondi	salmondi
salmoni	salmoni
salmonibu	salmonibu
salmonum	salmonum
salmul	salmul
salpeter	salpeter, salpetr, salpetre
salpetir	salpetir
salpetri	salpetri
sals	sals, salse
salsa	salsa
salsar	salsar, salsare
salsarii	salsarii
salsarum	salsarum
salsatarum	salsatarum
salsi	salsi
salso	salso
salsorum	salsorum
salt	salt, salte, saltt, saltte, sault
saltceler	saltceler, saltseler, saltseller
saltepeter	saltepeter
saltfisch	saltfisch, saltfische
saltfish	saltfish, saltfishe, saltfissh, saltfisshe
salti	salti
saltig	saltig, saltige
salto	salto
saltpeter	saltpeter, salttpeter
saltpetir	saltpetir, saltpetyr
saltpetr	saltpetr, saltpetre
saltsaler	saltsaler, saltsaller
saltsmolt	saltsmolt
salutacion	salutacion, salutacione
salv	salv, salve
salver	salver
sam	sam, same, sham
samal	samal, samall
samon	samon
samond	samond, samonde
samondi	samondi
samoni	samoni
sanapa	sanapa
sanapez	sanapez
sancicl	sancicl, sancicle
sanct	sanct, sancte
sancta	sancta
sancti	sancti
sand	sand, sande
sandal	sandal, sandalle
sandali	sandali
sandalo	sandalo
sander	sander, sandr, sandre
sanderi	sanderi, sandri, sandry
sangu	sangu
sangui	sangui
sanguini	sanguini
saop	saop, saope
sap	sap, sape, shap, shape
saparum	saparum
saphir	saphir, saphire
saphiri	saphiri
sapler	sapler
sapon	sapon, sapone
saponi	saponi
sapouni	sapouni
sar	sar, sarr, sarre
sararum	sararum, sarrarum, serarum
sarc	sarc, sarce
sarcenet	sarcenet, sarcenete, sarcenett, sarcenette, sarsenet, sarsenete, sarsenette
sarcinat	sarcinat
sarcinet	sarcinet, sarcinett, sarcynet, sarsinet, sarsinette, sarsynette
sardin	sardin, sardyn
sarez	sarez, sarrez
sarg	sarg, sarge
sargez	sargez
sargi	sargi, sargie, sargy, sargye
sari	sari, sarri, sarry
sarici	sarici
sarnet	sarnet, sarnette
sarpel	sarpel
sarpelarii	sarpelarii, sarpellarii, sarrpelarii, sarrpellarii
sarpelariio	sarpelariio, sarpellariio
sarpelario	sarpelario, sarpellario, sarrpellario
sarpelerii	sarpelerii, sarpellerii
sarplelarii	sarplelarii, sarrplellarii
sarpler	sarpler
sarpleri	sarpleri
sarplerii	sarplerii
sarplerio	sarplerio
sarplero	sarplero
sarsinat	sarsinat
saser	saser, sasere
sat	sat
satan	satan, satane
satein	satein, sateyn, sateyne
saten	saten, satene, satin, satine, saton, satone, satten, sattin, satton, sattyn, sattyne, satyn, satyne
satinati	satinati
satul	satul, satule
saturnand	saturnand
saucer	saucer, saucere
saunder	saunder, saundr, saundre
saundi	saundi, saundy
saundir	saundir
saundri	saundri, saundrii, saundry
saundrz	saundrz
sausechel	sausechel, sausechelle
sauser	sauser, sausere
sautr	sautr, sautre, sawtr, sawtre
sautri	sautri, sautry
sav	sav, save
savern	savern, saverne
saw	saw, sawe, shaw, shawe
sawez	sawez
sawi	sawi, sawy
sawlter	sawlter
sawmon	sawmon
sawser	sawser
sb	sb
sb'12	sb'12
sc	sc, sk, ske
scabeli	scabeli, scabelli
scabellorum	scabellorum, scabelorum
scacarii	scacarii, scaccarii
scainez	scainez, scaynez
scal	scal, scale, scalle, skal, skale, skalle
scalco	scalco
scaldid	scaldid, scaldyd
scali	scali, scaly, skali
scalk	scalk, scock, scocke, scok, scoke, scokk, scokke, skoc, skok, skoke, skokke
scamon	scamon, scamone
scamoni	scamoni, scamony
scamonia	scamonia
scamonie	scamonie, scamonye
scaperoni	scaperoni
scarlat	scarlat, scarlet, scarlete, scarlett, scarlette, sckarlet, sckarlett, skarelet, skarlet, skarlete, skarlett, skarlette
scarlata	scarlata
scarlect	scarlect, scarlecte
scarleta	scarleta, scarletta
scat	scat, scate, skat, skate
scatula	scatula
scatuli	scatuli
scerio	scerio, sceryo
sceven	sceven, scevene
sch	sch, ssche
schafftellarum	schafftellarum, schaftelarum, shafteelarum, shafteellarum, shaftelarum, shaftellarum
schafourz	schafourz
schaft	schaft, shaft, shafte
schaftel	schaftel, schaftele, schaftelle, shaftel, shaftele, shaftelle
schank	schank, schanke, shank, shanke, shankke
schankez	schankez
schanki	schanki, schanky, shanki, shanky
schaping	schaping, schapyng
scharlet	scharlet, scharlette, sharlet
scharleta	scharleta
scharp	scharp
schaven	schaven
schaving	schaving, schavyng, schavynge, shaving, shavyng
schear	schear, sheer, sheere, shor
scheing	scheing, scheyng, sing, singe
schep	schep, schepe
schepar	schepar, schepare, sper, spere, spur, spurre
schepeskin	schepeskin, schepeskyn, shepeskin, shepeskyn, shepesskin, shepesskyn
scheri	scheri, schery, seri, sheri, sherri, shery
scherman	scherman, sherman
schert	schert, scherte, shert, sherte, shertte, shirt, shirte, shuirt, shurt, shurte, shuyrte, shwrt, shwrte, shyrte
schet	schet, schete, set, sette, shet, shete, shette
schetel	schetel, schetelle, schettelle, stel, stele, stell, stelle
schetil	schetil, schettile, schitil, schittille
schetz	schetz
schip	schip, schyp, schype, seap, seape, sheep, ship, shipe, shipp, shippe, shyp, shype, shypp
schipelb	schipelb, schippelb
schiplb	schiplb, schipplb
schipond	schipond, schippond, shipond, shippond, shipponde
schipound	schipound, schippounde
schitel	schitel, schyttel
schoiing	schoiing, schoying
schoing	schoing, schoyng, sewing, sewyng
schok	schok
schola	schola
scholac	scholac, scholace, sholac, sholace
scholaci	scholaci, scholacy, sholaci, sholacy
schorling	schorling, schorlynge, shorling, shorlinge, shorlyng, shorlynge
schort	schort, schorte, schortt, schortte, shoort, shorht, shorrt, short, shorte, shortt, shortte, sort, sorte, sortt
schorth	schorth, schorthe, shorth, shorthe, sorth, sorthe
schot	schot, schote, schott, sut, sutte
schoten	schoten, schotten
schotin	schotin, schotyn
schoton	schoton, schotton
schovel	schovel, shovil, shovylle
scilicet	scilicet
scinamom	scinamom, scynamom, scynamome
scinamomi	scinamomi, scynamomi
scinamon	scinamon, scinomon, scynamon, scynomon
scinaper	scinaper, scynaper
scinculi	scinculi
scinduli	scinduli
scingularum	scingularum
scisarum	scisarum, scissarum
scisi	scisi, scissi, sicci, sici
scisoribu	scisoribu, scissoribu
scium	scium
scivanello	scivanello, scivanelo
sckarelet	sckarelet, sckarelett
sclaivan	sclaivan, sclayvane
sclav	sclav, sclave
sclavain	sclavain, sclavayn, sclavayne
sclavin	sclavin, sclavyn
sclev	sclev, scleve
scloth	scloth, sclothe
scois	scois, scoyse
scol	scol, scolle, skol, skole
scolaribu	scolaribu
scolk	scolk, scolke, skolk, skolke
scomer	scomer, skomer
scomourz	scomourz
sconc	sconc, sconce
scons	scons, sconse
scoop	scoop, scoope
scop	scop, scope, skop, skope
scopi	scopi, scopy
scor	scor, score
scoria	scoria
scoringtil	scoringtil, scoringtyle
scotilbon	scotilbon, scotilbone
scowring	scowring, scowryng, skouring, skouryng
scren	scren, screne, skren, skrene
screni	screni, screny, skreni, skreny
screvan	screvan, screvane
scribabil	scribabil, scribabile, scribabl, scribable, skribabel, skribabelle
scribabili	scribabili
scriban	scriban
scribano	scribano
scrip	scrip
scriptum	scriptum
scriva	scriva
scrivabil	scrivabil, scrivabille, scrivabl, scrivable, scrivabylle, skrivabl, skryvable
scrivabili	scrivabili
scrivabul	scrivabul, scrivabulle
scrivan	scrivan, scrivane, skriven, skryven
scrivanello	scrivanello, scrivanelo, scryvanello, skrivanello, skrivanelo
scrivano	scrivano, scryvano
scucord	scucord
scul	scul, scule, sculle, skul, skulle
scutefat	scutefat, scutefatte
scuteli	scuteli, scutelli
scuto	scuto
scutuli	scutuli
se	se
sead	sead, seade, seed, seede, sid, side, syde
seal	seal, seale, seall, sealle, seel, sil, sille
seald	seald, sealde, sealed
seali	seali
seasned	seasned
season	season, seasone
seasond	seasond
seasoned	seasoned
seasonid	seasonid, seasonyd
sebot	sebot, sebotte
sebut	sebut, sebutte
sec	sec
secol	secol, secolle
secon	secon
second	second, secund, secunde
secondo	secondo, secundo
secunda	secunda
secundi	secundi
seda	seda
sedeval	sedeval, sedevalle
sedi	sedi, sedy
sedual	sedual, seduale
sedurnad	sedurnad, sedurnade
sedwal	sedwal, sedwale
seecoli	seecoli
seferand	seferand
seferon	seferon, seferone
seguli	seguli
sei	sei, sey
seil	seil, seille, seyle
seim	seim, seyme
sel	sel, sele, selle, ssele
selar	selar, seler
selesmolt	selesmolt, selesmolte, selesmoltte
seligini	seligini
seling	seling
selltre	selltre, seltr
selsmolt	selsmolt, selsmolte, selsmoltt
selura	selura
seluri	seluri
sem	sem, seme
semi	semi, semii
semin	semin, semine
semini	semini
senamon	senamon, senamone
senap	senap, senape
senc	senc, sence
sendr	sendr, sendre
senei	senei, senney
senep	senep, senepe
senescallo	senescallo, senescalo
senew	senew, senewe
sengel	sengel, sengell, sengil, sengill, sengille, sengylle
sengl	sengl, sengle
senicod	senicod, senicodde
senieur	senieur
senior	senior, seniore
seniori	seniori
sens	sens, sense
senser	senser
senui	senui, senuy
seosened	seosened
separat	separat, separate
separum	separum
seplero	seplero
septem	septem
septemo	septemo
septimo	septimo, septymo
septuaginta	septuaginta
sequent	sequent, sequente
sequentem	sequentem
sequenti	sequenti
sera	sera
seraphin	seraphin
sercenet	sercenet, sercenete, sercenett, sercenette, sersenet, sersenete, sersenette
sercenetz	sercenetz
serer	serer
serg	serg, serge
serici	serici
serico	serico
serisi	serisi
serivicie	serivicie
sero	sero
seron	seron
serop	serop, serope, seroppe, serrop
serotecarum	serotecarum
serotikarum	serotikarum
serpelarii	serpelarii, serpellarii
serpelario	serpelario, serpellario
serpeleri	serpeleri
serpelerii	serpelerii, serpellerii
serpentin	serpentin, serpentyn
serplera	serplera
serpleri	serpleri
serplero	serplero
serpluri	serpluri
serpluro	serpluro
sersinet	sersinet, sersinette, sersynette
sersnet	sersnet, sersnette
sertain	sertain, sertayn, sertayne
sertin	sertin, sertyn
serurarum	serurarum
seruri	seruri
serusie	serusie
servi	servi
servicie	servicie, servycie
servient	servient, serviente
servientibu	servientibu
sesened	sesened
seser	seser
sesned	sesned
sesoned	sesoned
sesour	sesour, sessour
setil	setil, setyll
setrenad	setrenad, setronad
setrinad	setrinad, setrinade
setual	setual, setuale
seu	seu, shew, shoe, su, sue
seuger	seuger
seugour	seugour, sewger, sewgr, sewgre, suger, sugour, sugur, sugure
sev	sev, seve, shev, sheve
sevi	sevi, shevi
sewer	sewer
sewn	sewn
sex	sex
sexdecem	sexdecem
sexdecim	sexdecim
sexto	sexto
sextodecimo	sextodecimo
sford	sford
sh	sh, she
shafteel	shafteel, shafteell, shafteelle
shafteli	shafteli, shaftelli
shamlet	shamlet, shamlete
shapider	shapider
sharman	sharman
sharrt	sharrt, sharrte, shart, sharte, shartt, shartte
shaunk	shaunk, shaunkke
shaven	shaven
shavin	shavin, shavyn
sheet	sheet, sheete, sit, site
shef	shef, shefe, sheff, sheffe
shel	shel, shelle
sheld	sheld, shelde
sheldi	sheldi
shepebel	shepebel, shepebelle
shepel	shepel, shepelle
shepep	shepep, shepepe
shepesbel	shepesbel, shepesbelle
shepisbel	shepisbel, shepisbelle
shepisleder	shepisleder
shepleder	shepleder
sheppskyn	sheppskyn, shepskin, shepskyn
shepster	shepster
shept	shept
sherd	sherd, sherde, suerd, suerde, swerd, swerde, swird, swurd, swurde, swyrd, swyrde
shereman	shereman, sheremen
shermans	shermans, shermanse
shermansher	shermansher, shermanshere
shermansheri	shermansheri, shermanshery
shermen	shermen
sherth	sherth, sherthe
shetel	shetel, shetele, shetelle, shetil, shetill, shetille, shettel, shettelle, shettylle, shetyl, shetylle
sheth	sheth, shethe
shether	shether
shethet	shethet, shethete
shethi	shethi
sheti	sheti, shety
shetinglov	shetinglov, shetynglove
shetinglovez	shetinglovez, shetynglovez
shetz	shetz
shewi	shewi, shewy, sui
shiermen	shiermen
shiert	shiert, shierte
shipbord	shipbord, shippborde
shipepond	shipepond, shippepond
shipepound	shipepound, shippepounde
shipid	shipid, shippyd, shyppyd
shiplb	shiplb, shipplb
shipound	shipound, shipownd, shippound, shypownde
shitil	shitil, shittille, shittylle
shivel	shivel, shyvel
shobokil	shobokil, shobokylle
shock	shock, shocke, shok, shoke, shokk, shokke
shofel	shofel
shoi	shoi, shoy, soi, soy
shois	shois
sholacez	sholacez
sholacz	sholacz
sholas	sholas, sholase
sholasi	sholasi
sholv	sholv, sholve
shomak	shomak, shomake, somack
shomaker	shomaker, shomaker', showmaker
shook	shook, shooke
shoolacez	shoolacez
shop	shop, shope, sop, sope, sopp, soppe
shorn	shorn, shorne
shot	shot, shott, sot, ssotte
shoten	shoten, shoton, shotten, shotton
shotin	shotin, shotyn
shoting	shoting, shotyng
shourt	shourt, shourte
shovel	shovel, shovele, shovelle
shovelard	shovelard, shovelarde
showl	showl, showle
showli	showli, showly, soli, soly
showrt	showrt, showrte, showrtt
shred	shred, shredd, shredde, shrede
shredi	shredi, shredy
shroni	shroni, shrony
shulder	shulder
sian	sian, syan
sibi	sibi
sic	sic, sicc
sicarum	sicarum, siccarum
siccorum	siccorum, sicorum
sict	sict
sicut	sicut
sider	sider
sidron	sidron, sydron
sie'pel	sie'pel, sie'pell
siex	siex, six, sixe, syex, syxe
sif	sif, syffe
sigali	sigali
sigelant	sigelant, sigelante
sigilati	sigilati, sigillati
sigilato	sigilato, sigillato
sigili	sigili, sigilli
sigillo	sigillo, sigilo
signati	signati
signato	signato
signet	signet, signette
signi	signi
signo	signo
silion	silion, ssilion
sillver	sillver, silver, sylver
silvestrum	silvestrum
silvir	silvir, sylvyr
simbl	simbl
simea	simea
simei	simei
simeii	simeii
simer	simer, symer
simii	simii
similiter	similiter
simo	simo
simpl	simpl, simple, symple
simplic	simplic, simplice
simplicem	simplicem
simplici	simplici
simplicibu	simplicibu
simplicium	simplicium
sin	sin, sine, syn
sinaman	sinaman, sinamon, sinamone, sinomon, sinomone, sinomun, synamon, synamone, synnaman, synnamon, synomun
sinamom	sinamom, sinamomb, sinamombe, synamom, synamomb, synamome
sinamomi	sinamomi
sinamonb	sinamonb, synamonbe
sinamond	sinamond, sinamonde, synamonde, synnamond, synnamonde
sinamoni	sinamoni
sinamound	sinamound, sinnamounde, synnamound, synnamounde
sinamun	sinamun
sinaper	sinaper, synaper
sinapi	sinapi
sinapii	sinapii
sindal	sindal, sindel, sindelle, syndale
sindati	sindati
sinduli	sinduli
sinegrano	sinegrano
sinerd	sinerd, sinerde
singel	singel, singelle, singil, singile, singl, single, syngelle, syngille, syngle
singing	singing, synginge
singnet	singnet, singnete
singson	singson, ssyngsson
singuli	singuli
singulorum	singulorum, syngulorum
sinomomi	sinomomi, synomomi
sinopr	sinopr, synopre
sintronat	sintronat, sintronate
sinw	sinw, sinwe, synwe
sio	sio
siphi	siphi, syphi, syphy
sipr	sipr, sipre
sirci	sirci
sirici	sirici
sirico	sirico
sirrupe	sirrupe, sirup
sisour	sisour, sisoure, sissour, sysour, syssour
sith	sith, sithe, sythe
skabard	skabard, skabarde
skaberd	skaberd, skaberde
skail	skail, skayle
skain	skain, skayn, skayne
skarnelet	skarnelet, skarnelett
skedefat	skedefat, skedefatte
skeil	skeil, skeyle
skein	skein, skeyn, skeyne
skeined	skeined, skeyned
skeini	skeini, skeyny
skeiv	skeiv, skeyve
skeiven	skeiven, skeven, skevene, skeyvene
sken	sken, skene
skener	skener
skenid	skenid, skenyd
skepel	skepel, skepelle
skert	skert, skerte, squert, squerte
sketefat	sketefat, sketefatte
sketevat	sketevat, sketevate
sketevati	sketevati
skev	skev, skeve
skevenes	skevenes, skevenesse
skevenez	skevenez
skeveni	skeveni, skeveny
skevi	skevi, skevy
skevin	skevin, skevyn, skevyne
skil	skil, skylle
skili	skili, skilli
skin	skin, skine, skinne, skyn, skyne, skynn, skynne
skiner	skiner, skiner', skyner, skynner, skynner'
skinez	skinez, skynez, skynnez
skini	skini, skyni, skynni, skynny, skyny
skins	skins, skinz, skynsse, skynz
skiper	skiper, skipper
skirel	skirel, skyrelle
skit	skit, skyt
skitfat	skitfat, skytfatte
skiv	skiv, skyve
skiven	skiven, skyvene
skivez	skivez, skyvez
skivi	skivi, skyvi, skyvy
skiving	skiving, skyvyng
sknofer	sknofer, sknoffer
skoming	skoming, skomyng
skonewark	skonewark
skoring	skoring, skoryng
skoven	skoven
skrevener	skrevener
skrivenelo	skrivenelo, skryvenello
skuli	skuli, skulli
slab	slab, slabb, slabbe
slap	slap, slape
slavi	slavi
slavin	slavin, slavyn, slavyne
slawter	slawter
sleie	sleie, sleye
slev	slev, sleve
slevi	slevi
sling	sling, slynge
slip	slip, slipe, slippe, slype, slypp, slyppe
sliper	sliper, slypper
slipesteen	slipesteen
slot	slot, slott
sloth	sloth, slothe
slup	slup, sluppe
smail	smail, smayll, smaylle
smak	smak, smake
smal	smal, smale, small, smalle
smaul	smaul, smaulle, smawl, smawle, smawll, smawlle
smer	smer, smere, somer
smero	smero
smigmati	smigmati
smith	smith, smythe
smok	smok, smokke
smolein	smolein, smoleyn
smoleinswerk	smoleinswerk, smoleynswerk
smolenswark	smolenswark, smolenswerk
smolenwark	smolenwark
smolenwerk	smolenwerk
smoling	smoling, smolinge, smollyng, smolynge
smolt	smolt, smolte
smoth	smoth, smothe
snofer	snofer, snoffer
snufar	snufar, snuffar
soap	soap, soape, soapp
socad	socad, socade, soccade, suckad, suckade
socat	socat, socate, socatt
societa	societa
societat	societat, societate
societati	societati
socii	socii
socio	socio
sociorum	sociorum
soip	soip, soipe
soir	soir
sokeling	sokeling, sokelyng
soket	soket, sokett
sol	sol, sole
solet	solet, sollette
solvendo	solvendo
solvendum	solvendum
solvit	solvit
som	som, some, somme
sonarum	sonarum
soni	soni
sonnter	sonnter, sonter
soop	soop, soope, sooppe, soup, soupe
sopebut	sopebut, sopebutte
soper	soper
sorch	sorch, sorche
soron	soron
sorop	sorop, sorope
soroticarum	soroticarum
sortelet	sortelet
sortez	sortez
sorti	sorti, sorty
sorum	sorum
soto	soto, sotto
sotular	sotular, sotulare
sotularibu	sotularibu
sotularium	sotularium
sotularum	sotularum
sotulorium	sotulorium
sound	sound, sounde
soundi	soundi, soundy
soverein	soverein, soverreyne
sovereingn	sovereingn, sovereingne
sower	sower
sowter	sowter
spadi	spadi, spady
spaltum	spaltum
spang	spang, spange
spangel	spangel, spangelle
spangi	spangi
spangil	spangil, spangill
spar	spar, spare, sparr, sparre
spari	spari, sparri, sparry, spary
sparmaseti	sparmaseti, sparmasety
sparohawk	sparohawk, sparohawke
sparvar	sparvar
spatuli	spatuli
specibu	specibu
speciebu	speciebu
specieriarum	specieriarum
specierum	specierum
specificati	specificati
specii	specii
spectacl	spectacl, spectacle, spectaclle, spectakl, spectakle
spectaclez	spectaclez
spectacul	spectacul, spectacule, spectaculle
spectaculi	spectaculi, spectaculy
spectakel	spectakel, spectakele, spectakelle, spektakel, spektakelle
spectakil	spectakil, spectakille, spectakylle, spectucl, spectucle
specula	specula
speculi	speculi
specullorum	specullorum, speculorum
speculo	speculo
spel	spel, spele
spelebord	spelebord, speleborde
spena	spena
spenal	spenal, spenale, spenall, spenalle, spenel, spenell, spenl, spenle
spendabili	spendabili
spendabl	spendabl, spendable, spendeabl, spendeable
spendabli	spendabli
spendel	spendel, spendelle
spentr	spentr, spentre
sperehed	sperehed, sperehede
sperehedi	sperehedi
spereschaft	spereschaft, spereschafte
spereshaft	spereshaft, spereshafte
sperhed	sperhed, sperhede
speri	speri, spery
spermacet	spermacet, spermacete
sperman	sperman
spershaft	spershaft, spershafte
spershafti	spershafti, spershafty
sperver	sperver
spet	spet, spete
spi	spi, spy
spic	spic, spice, spik, spike, spyce, spyke
spica	spica, spyca
spicebred	spicebred
spicecak	spicecak, spicecake, spicekak, spicekake, spisecak, spisekak, spycekake, spysecake, spysekake
spicecaki	spicecaki, spicecaky
spiced	spiced
spig	spig, spigge
spigot	spigot, spygotte
spigurnad	spigurnad, spigurnade
spikenard	spikenard, spykenard
spikernad	spikernad, spykernad
spiknard	spiknard, spyknard
spinal	spinal, spinall, spinalle, spynal, spynall, spynalle
spinct	spinct, spincte
spincter	spincter
spincterum	spincterum
spinctiner	spinctiner
spindel	spindel, spyndel, spyndelle
spindil	spindil, spyndil, spyndille
spinel	spinel, spinelle, spinl, spinol, spynell, spynle, spynoll
spining	spining, spyning, spynnyng
spintr	spintr, spintre
spis	spis, spise, spyse
spisati	spisati
spisatorum	spisatorum
spised	spised
spiskak	spiskak, spyskake
spit	spit, spitte
splent	splent, splente, splentte
splenter	splenter, splentere
splenthat	splenthat, splenthatte
splentr	splentr, splentre
splet	splet, splete, splette
spleter	spleter, spletter
spletri	spletri, spletry
splint	splint, splynt, splynte, splyntte
splinter	splinter, splintr, splintre
split	split, splitt, splitte, splytte
spliter	spliter, splitter
spodeam	spodeam
spodii	spodii
spol	spol, spole
spon	spon, spone
spong	spong, sponge
spongi	spongi
sponhati	sponhati, sponhatty
sponi	sponi, spony
spor	spor, spore, sporre
spori	spori, sporri, sporry, spory
sport	sport, sporte
sporta	sporta
sportarum	sportarum
sportel	sportel, sportelle
sporti	sporti
spoun	spoun, spoune
spoundg	spoundg, spoundge
spout	spout, spoute
spowng	spowng, spownge
spowt	spowt, spowte
sprat	sprat, spratte
sprig	sprig, sprige, sprygge
spring	spring, sprynge
springlok	springlok, springlokke
sproot	sproot, sproote
sprot	sprot, sprote, sprotte
sprotz	sprotz
spung	spung, spunge
spurez	spurez, spurrez
squamon	squamon, squamone
squar	squar, square
squeral	squeral, squeralle
squerel	squerel, squerell, squerelle
squirel	squirel, squirelle, squirrel, squyrell, squyrelle, squyrrelle
squirl	squirl, squyrlle
squirt	squirt, squirte, squyrte
st	st, ste, strit, strytte
sta	sta
stach	stach, stache
stacio	stacio
stacion	stacion, stacione
stacionibu	stacionibu
staf	staf, staffe, stav, stave
stag	stag, stage, stagge
stagni	stagni
stagnum	stagnum
staich	staich, stayche
stained	stained, stayned
stairgeon	stairgeon
staman	staman, stamin, stamyn, stamyne
stameni	stameni
stamini	stamini, stamyni
stan	stan, stane
standar	standar
standard	standard, standarde, standerd, standred, standrede
stander	stander
standert	standert, standerte
standing	standing, standyng
standis	standis, standisch, standish, standiss, standissh, standisshe, standysh, standyssh
standischi	standischi
standishi	standishi, standisshi
stanei	stanei, stannei
stani	stani, stanni
stanii	stanii, stannii
stanno	stanno, stano
stantin	stantin, stantyn
stantino	stantino
stap	stap
stapil	stapil, stapill, stapille, stapylle
stapl	stapl, staple, stapul, stapule, stapull, stapulle
staplefish	staplefish, staplefissh
staplul	staplul, staplule
stapu	stapu
stapulam	stapulam
starch	starch, starche
stargeon	stargeon
startopi	startopi, startoppi
stat	stat, state
staundisch	staundisch
stauro	stauro
stavesacr	stavesacr, stavesacre
stavesacree	stavesacree
stavez	stavez
stavi	stavi, stavy
stavisacr	stavisacr, stavisacre, stavisaker
sted	sted, stede, steid, steyde
steeg	steeg, steege
steel	steel, steele, stiel, stiele, stielle, stil, stile, still, stille, styele, styelle, stylle
steined	steined, steyned
stelei	stelei, steley
stelin	stelin, stelyn
stepeholt	stepeholt
ster	ster, str, stre, strou
sterch	sterch, sterche
steri	steri
steropi	steropi, steroppi
stert	stert, sterte
sterveling	sterveling, stervelinge, stervelynge
stew	stew
stewd	stewd
stewing	stewing, stewyng
sthred	sthred
sti	sti, sty
stian	stian
stibil	stibil, stybylle
stibuleel	stibuleel, stybuleelle
stiched	stiched
stick	stick, sticke, stik, stike, stikke, stycke, styke, stykke
sticking	sticking, stickyng
stii	stii
stilatorii	stilatorii, stillatorii
sting	sting, stinge, styng
stinking	stinking, stinkyng, stynking, stynkkyng
stiped	stiped, styped
stirch	stirch, stirche, styrch, styrche
stirip	stirip, styrip
stirop	stirop, stirope, stiroppe, styrop, styrope, styropp, styroppe, styrrop, styrrope
stiropez	stiropez, styroppez
stiropi	stiropi, stiroppi, styroppi, styroppy
stirup	stirup, stirupe
sto	sto
stobbylelle	stobbylelle, stobilel
stobelelarum	stobelelarum, stobellellarum
stobeleli	stobeleli, stobelelli
stobil	stobil, stobill, stobille
stobileel	stobileel, stobyleelle
stobileeli	stobileeli, stobileelli
stobileli	stobileli, stobilelli, stobillelli
stobl	stobl, stoble
stocbred	stocbred, stocbrede, stockbred, stockbrede, stokbred, stokbrede
stocfisch	stocfisch, stocfissch, stockefisch, stokfisch, stokfische, stokfissch, stokfysch
stocfish	stocfish, stocfishe, stockefish, stockefishe, stockefyshe, stockfish, stockfishe, stockfysh, stockfyshe, stockphesh, stockpheshe, stockphish, stockphishe, stokffishe, stokffissh, stokfish, stokfishe, stokfissh, stokfisshe, stokfysh, stokfyshe, stokfysshe, stokphesh, stokpheshe
stock	stock, stocke, stok, stoke, stokke
stockefich	stockefich, stockefiche
stockephesh	stockephesh, stockepheshe
stockfishmonger	stockfishmonger, stockfisshmonger
stockloki	stockloki, stocklokky, stokloki, stoklokky
stockph	stockph, stockphe
stoclock	stoclock, stoclocke, stoklock, stoklocke, stoklok, stokloke, stoklokke
stoclocki	stoclocki, stoclocky
stof	stof, stoffe
stokbrig	stokbrig, stokbrige
stokebred	stokebred, stokebrede
stokefisch	stokefisch, stokefysch
stokefish	stokefish, stokefisshe, stokkefysshe
stokephesh	stokephesh, stokepheshe, stokephish, stokephishe
stokfischmonger	stokfischmonger, stokfysschmonger
stoki	stoki, stokky
stol	stol, stole, stolle
stoleholt	stoleholt
stoli	stoli, stoly
stomacher	stomacher
stomager	stomager
ston	ston, stone, stonne
stonding	stonding
stondinglasez	stondinglasez, stondynglassez
stonen	stonen
stonez	stonez
stoni	stoni, stony
stool	stool
stoon	stoon, stoone
stoop	stoop
stop	stop, stope, stopp, stoppe
stopi	stopi, stoppi, stoppy, stopy
stor	stor, store
stora	stora
storax	storax
storgen	storgen, storgion
storgeon	storgeon, storgin, storgyn, storgyne
storgeoni	storgeoni
storgoin	storgoin, storgoyne
storgon	storgon
stori	stori, story
storioni	storioni
storiouni	storiouni
stork	stork, storke
stoun	stoun, stoune
stourgeon	stourgeon
stourgion	stourgion
stourgoin	stourgoin, stourgoyn
stoveelarum	stoveelarum, stoveellarum
straboro	straboro
stragt	stragt, stragte
stragulati	stragulati
stragulatorum	stragulatorum
straight	straight, straighte, strait, strayte, straytte, streight, streyghte
stramin	stramin, stramine
stramini	stramini
stranling	stranling, stranlynge
strat	strat, strate, stratte
strau	strau, straue
strauez	strauez
strauz	strauz
straw	straw, strawe
strawen	strawen, strawene
strawez	strawez
strawi	strawi, strawy
strawin	strawin
strawn	strawn, strawne
strect	strect, strecte
stree	stree, strie, strye
streiner	streiner, streyner
streit	streit, streyte, streytte
streng	streng, strenge
strenging	strenging
stret	stret, strete, strett, strette
strici	strici
strict	strict, stricte
stricta	stricta
stricti	stricti
stricto	stricto
strictorum	strictorum
strictu	strictu
strined	strined
string	string, stringe, stryng, strynge, stryngge
stringing	stringing, stringyng, strynging, stryngyng
strip	strip
stripd	stripd, strypd
striped	striped, stripede, stripped, stryped
stripid	stripid
stros	stros, strose
strow	strow, strowe
strowi	strowi, strowy
strows	strows, strowse, strowsse
struck	struck
structu	structu
stub	stub, stubb, stubbe, stube
stubbele	stubbele, stubbelle, stubel, stubele, stubelle
stubbelellarum	stubbelellarum, stubelelarum
stubbelelli	stubbelelli, stubeleli
stubbilelle	stubbilelle, stubilel, stubilelle
stubeel	stubeel, stubeelle
stubiel	stubiel, stubyele
stubl	stubl, stuble
stubling	stubling, stublinge, stublyng, stublynge
stud	stud, studde
stuf	stuf, stuff
stum	stum
sturgen	sturgen, sturgeon, sturgeone, sturgion, sturgyon
sturgeoni	sturgeoni, sturgioni
sturgin	sturgin, sturgyn
sturgiun	sturgiun
sturgoien	sturgoien, sturgoyen
sturgoin	sturgoin, sturgoyn
sturgon	sturgon, sturgone
sturgoni	sturgoni
sturion	sturion, sturione
sturioni	sturioni
sua	sua
suam	suam
sub	sub
sub'a	sub'a
subditi	subditi
subdito	subdito
sublim	sublim, sublime
sublimat	sublimat
sublimati	sublimati
submersi	submersi
subsequentli	subsequentli, subsequently
subsidi	subsidi, subsidii
subsidia	subsidia
subsidio	subsidio
subsidiorum	subsidiorum
subsidium	subsidium
sucad	sucad, sucade, succade
sucado	sucado, succado
sucar	sucar, sucarr
sucat	sucat, sucate, succate, succatt
succor	succor, sucor
sucket	sucket, suckett
sucr	sucr, sucre
suethwark	suethwark
sugar	sugar
sugir	sugir, sugyr
sugor	sugor
sugr	sugr, sugre
sugra	sugra
suket	suket
sulfr	sulfr, sulfre, sulphar, sulphare, sulphur, sulphure
sulphiri	sulphiri
sulphuri	sulphuri
sum	sum, summe
suma	suma, summa
sumak	sumak
sumam	sumam, summam
sumi	sumi, summi, summy
sunt	sunt
suo	suo
suorum	suorum
super	super
superind	superind, superinde
superoner	superoner, superonere
supisa	supisa, supissa
supra	supra
supradicta	supradicta
supradictam	supradictam, supradictum
supradicti	supradicti
supradicto	supradicto
sutoribu	sutoribu
sutorum	sutorum
suum	suum
swan	swan, swane, swanne
swanequil	swanequil, swanequylle
swanquil	swanquil, swanquylle
sward	sward, swarde, swoord, swoorde
swarf	swarf, swarff
sweat	sweat, swet, swete
sweerd	sweerd, sweerde
sweet	sweet
swein	swein, sweyne
swerdblad	swerdblad, swerdblade
swerdbladi	swerdbladi, swerdblady
swerdespeni	swerdespeni, swerdespeny
swerdi	swerdi, swerdy
swerdscal	swerdscal, swerdscale
swerdscali	swerdscali, swerdscaly
swethenw	swethenw, swethenwe
swetheswark	swetheswark, swetheswerk
swethewerk	swethewerk, swethewerke
swethi	swethi
swethiswerk	swethiswerk
swethwerk	swethwerk
swik	swik, swyk, swyke
swin	swin, swynne
swinesgr	swinesgr, swynesgre
swingli	swingli, swyngly
swingling	swingling, swynglyng
swoping	swoping
sword	sword, sworde
t	t, te, ti, tt, tte, tti, ty
ta	ta
taar	taar, tar, tare, tarr, tarre
tabardi	tabardi
tabel	tabel, tabele, tabell, tabelle, tabil, tabile, tabille, tabl, table, tabul, tabule, tabull, tabulle, tabyl, tabylle
tabelar	tabelar, tabelare
tabelarum	tabelarum, tabellarum
tabeler	tabeler, tabelere
tabeling	tabeling, tabellyng
taber	taber
taberel	taberel, taberelle
taberet	taberet, taberrette
tabernacl	tabernacl, tabernacle
tabernaculi	tabernaculi
tabilarum	tabilarum, tabillarum
tabilet	tabilet, tabillette
tabili	tabili, tabilli
tabilman	tabilman, tabylman
tabir	tabir, tabyr
tabis	tabis, tabise
tableman	tableman, tablemen, tablemene
tablemein	tablemein, tablemeyne
tabler	tabler, tablere
tablera	tablera
tablet	tablet, tablete, tablett, tablette
tableti	tableti, tabletti
tableto	tableto, tabletto
tabletorum	tabletorum, tablettorum
tabli	tabli, tably
tabula	tabula
tabularum	tabularum, tabullarum
tabuli	tabuli, tabulli
tabur	tabur
tack	tack, tacke, tak, take
taf	taf, taffe
tafat	tafat, tafate, taffate
tafata	tafata, taffata
tafati	tafati, taffaty
tafet	tafet, taffete, taphet, taphete
tafeta	tafeta, taffeta
taffita	taffita, taffyta, tafita, tafyta
taffta	taffta, tafta
tagni	tagni
taiel	taiel, tayele, teil, teylle, tiel, tielle, til, tile, tyele, tyelle, tyle
tail	tail, taille, tayle, taylle
tailer	tailer, taillour, tailor, tailour, tayler, tayllor, tayllour, taylor, taylore, taylour
taili	taili, taily
tailloke	tailloke, tailok
taint	taint, tainte
taisil	taisil, taysylle
taker	taker
taking	taking, takking
taknail	taknail, taknaille
tal	tal, tale, tall, talle
talaugh	talaugh
talea	talea
talefili	talefili
talei	talei
talfili	talfili
talii	talii, tallii
tallonye	tallonye, talonie
tallow	tallow, talow, talowe
talour	talour
talwod	talwod, talwode
tam	tam
tamerin	tamerin, tameryne
tanararum	tanararum, tannararum
tanarum	tanarum, tannarum
tanata	tanata, tannata
tanatarum	tanatarum, tannatarum
tanati	tanati, tannati
tanato	tanato, tannato
tanatorum	tanatorum, tannatorum
tancard	tancard, tancarde
tanckard	tanckard, tanckarde, tanckerd, tanckerde, tankard, tankarde, tankerd, tankerde, tankkarde
taned	taned, tanned
tani	tani, tanni
tanker	tanker
tanntarum	tanntarum, tantarum
tantum	tantum
tap	tap, tape, tappe
tapeceri	tapeceri, tapecery
taper	taper, tapere
tapeser	tapeser, tapesere, tapser
tapeseri	tapeseri, tapesery, tapessery
tapeseria	tapeseria, tapesseria
tapeserie	tapeserie
tapesri	tapesri, tapesry, tapserie, tapserye, tapsri, tapsry
tapester	tapester, tapestere
tapesteri	tapesteri, tapestery
tapesterie	tapesterie
tapestr	tapestr, tapestre, tappestre
tapestri	tapestri, tapestrie, tapestrii, tapestry, tapestrye, tappestri, tappestrii
tapet	tapet, tapette, tappette, topet, topette, toppete, toppette
tapeti	tapeti, tapetti
taphat	taphat, taphate
taphata	taphata
tapheta	tapheta
tapi	tapi
tapiser	tapiser
tapiserie	tapiserie
tapist	tapist
tapisteri	tapisteri, tapistery
tapisteria	tapisteria
tapisterie	tapisterie, tapistri, tapistrie, tapistry, tapistrye, tappystry, tapystrye
tapistr	tapistr, tapistre, tapystre
tapistrei	tapistrei, tapistrey, tapystrey
tapiti	tapiti, tapitti
tapnet	tapnet, tapnete, tapnette
tapseri	tapseri, tapsery
tapseria	tapseria
tapstar	tapstar, tapstare
tapster	tapster, tapstere, tapstr, tapstre
tapsteri	tapsteri, tapstery
tapstri	tapstri, tapstrie, tapstry, tapstrye
tapstriwerk	tapstriwerk, tapstrywerk
taptistr	taptistr, taptistre
taptstri	taptstri, taptstry
tapul	tapul, tapule
tara	tara, tarra, tera, terra
targad	targad, targade
targat	targat, targatte, target, targete, targette
tarmaret	tarmaret, tarmarett, tarmerit, tarmerite
tarmarit	tarmarit, tarmarite, tarmaryte
tarsel	tarsel, tarsell, tarselle, tarssele
tartar	tartar, tartare
tartarin	tartarin, tartarine, tartaryn
tartarinz	tartarinz, tartarynz
tartaron	tartaron, tartron
tarterin	tarterin, tarterine, tarteryn, tarteryne, tartrin, tartryn
tartern	tartern, tarterne
tartorn	tartorn
tartren	tartren, tartrene
tasal	tasal, tassalle, tesel, tesselle
taseil	taseil, taseille
tasel	tasel, tasele, tasell, taselle, tashel, tassel, tassell, tasselle, tasshelle
taseli	taseli, tasselli
tasi	tasi, tassi
tasil	tasil, tasile, tasille, tassille, tassylle, tasyl, tasyle, tasylle
tastour	tastour
tat	tat, tate
tatata	tatata, tattata
taten	taten
tauati	tauati
taued	taued
taunckard	taunckard, taunckarde
taureati	taureati
tavati	tavati
tavel	tavel, tavele
tavelin	tavelin, tavelyn
taveling	taveling, tavelinge
tavelon	tavelon, tavelone
taverind	taverind, taverinde
tavilin	tavilin, tavilyn, tavylin
tavillon	tavillon, tavilon, tavilone
tavlin	tavlin, tavlyn
tavo	tavo
taw	taw, tawe
tawail	tawail, tawaille
tawati	tawati
tawd	tawd, tawde, tawed, tawede
tawid	tawid, tawide, tawyd
tawnei	tawnei, tawney
tawni	tawni, tawny
tazel	tazel, tazelle, tazil, tazille
tecarum	tecarum
teeld	teeld, teelde, tild, tylde
teer	teer, tier
teguli	teguli
tehed	tehed
teint	teint, teinte
teith	teith
tek	tek, teke
teki	teki, teky
teking	teking, tekyng
tel	tel, tele, tell, telle
tela	tela, tella
teld	teld, telde
teldi	teldi, teldy
telei	telei
teli	teli, telli, tely
tellorum	tellorum, telorum
tellure	tellure, telor, telur
teman	teman
tembri	tembri
tempor	tempor, tempore
tempu	tempu
ten	ten, tene, tenne
tenber	tenber, tenbere
tenbergh	tenbergh
tench	tench
tenchi	tenchi
tendel	tendel, tendelle
tendron	tendron
teneful	teneful, tennefulle
tenentur	tenentur
teni	teni, tenni, tenny, teny
tenin	tenin, tennyne
tenisbali	tenisbali, tenysbally
tenorem	tenorem
tent	tent, tente
tephano	tephano
ter	ter, tere, terr, terre, tr, tre, trou, tur
teram	teram, terram, tram
terc	terc, terce, turk, turke
tercia	tercia
terciam	terciam
tercian	tercian, terciane
tercio	tercio
terciodecimo	terciodecimo
tercion	tercion
terearum	terearum, terrearum
terei	terei, terrei
terel	terel, terrelle
tergat	tergat, tergate
tergo	tergo
teri	teri
teritorio	teritorio, territorio
terling	terling, terlinge, terlyng, terlynge
terlison	terlison, terlyson
termaret	termaret, termarett, termeret, termerett
termelet	termelet
termentin	termentin, termentyn, termentyne
termentini	termentini
termino	termino
tern	tern
tero	tero
teron	teron, terone
ters	ters, terse, turs, turse
tersian	tersian
tersio	tersio, terssyo
tertio	tertio
tesil	tesil, tesylle
teson	teson, tesson
test	test, teste
testamenti	testamenti
testatum	testatum
tester	tester, testere, testr, testre, testur
testificantem	testificantem
testour	testour
testourz	testourz
testum	testum
testura	testura
testuri	testuri
teteling	teteling, tetelyng
teth	teth, tethe
teuk	teuk, teuke
teven	teven
tew	tew
tewed	tewed
tewel	tewel, tewelle
tewk	tewk, tewke
tezel	tezel
th	th, the
that	that
thedin	thedin, thedyn
thei	thei
theim	theim, theym
their	their
thelder	thelder
thema	thema
themel	themel, themele, themelle, themil, themyle, themyll, themylle
then	then
ther	ther, there, thr, thre
therd	therd, third, thred, thredde, threde, thyrd
thereof	thereof
therin	therin
therof	therof, theroff
thes	thes, these
thesaurario	thesaurario
thewson	thewson
thi	thi
thiksmolt	thiksmolt, thiksmolte
thimbel	thimbel, thimbl, thimble, thimbul, thymbelle, thymble, thymbulle
thimbil	thimbil, thymbille, thymbyl, thymbylle
thimbilz	thimbilz, thymbillz
thimel	thimel, thimil, thymel, thymelle, thymmylle
thing	thing, thynge
thirti	thirti, thyrtty
thkin	thkin, thkyn
tho	tho
tholomeo	tholomeo
thong	thong, thonge
thoni	thoni
thonio	thonio
thorn	thorn, thorne
thornbak	thornbak, thornbake
thornebak	thornebak, thornebakke
thousand	thousand
thousandweight	thousandweight
thousandwight	thousandwight
thowsant	thowsant
thread	thread, threade
thredden	thredden, threden, thredene
thredirn	thredirn, thredyrne
threed	threed
threid	threid
thrid	thrid, thride
throm	throm, throme, thromme
thromed	thromed
thromez	thromez, thrommez
thromi	thromi, thrommy, thromy
throt	throt, throte, throtte
throtez	throtez
through	through
thrum	thrum, thrume, thrumme
thrumez	thrumez, thrummez
thrumi	thrumi, thrummy
thrumin	thrumin, thrumyn
thrummz	thrummz, thrumz
thu	thu
thuri	thuri
tic	tic, tice, tick, ticke, tik, tike, tikk, tikke, tycke, tyke, tykke
tica	tica
tici	tici
ticteling	ticteling, tictelynge
tid	tid
tiek	tiek, tieke
tikez	tikez
tiki	tiki, tyki, tykki, tyky
tildi	tildi, tyldi
tiler	tiler, tiller, tyller
tileri	tileri, tylleri
tilez	tilez, tylez
tili	tili, tyli, tylly, tyly
tilie	tilie, tyllye
tillour	tillour, tilour
timber	timber, timbr, timbre, tymber, tymbr, tymbre
timbir	timbir, tymbir, tymbyr
timean	timean, tymean
timian	timian, tymyan, tymyane
timpi	timpi, tympy
tin	tin, tyn, tyne, tynn, tynne
tincti	tincti
tincto	tincto
tinctorum	tinctorum
tinfoil	tinfoil, tinfoile, tynfoil, tynfoile, tynfoille, tynfoyle, tynfoyll, tynfoylle
ting	ting, tyng
tingal	tingal, tingale
tingla	tingla, tyngla
tiniamin	tiniamin, tynyamyn
tino	tino
tinsalt	tinsalt, tynsalte
tinsed	tinsed, tynsed
tinsel	tinsel, tinsell, tynsel, tynsell, tynselle
tinseld	tinseld, tynseld
tinsen	tinsen, tynsen
tinsin	tinsin, tynsyn
tinsit	tinsit, tynsyt
tio	tio
tip	tip, tippe, typ, type, typp, typpe
tiphorin	tiphorin, typhorin
tiphorn	tiphorn, typhorne
tiphorni	tiphorni, typhorni
tipi	tipi, tippi, typpi
tiriac	tiriac
tiriaci	tiriaci
tiseu	tiseu, tisew, tisseu, tyssewe
tishew	tishew, tishu, tisshew, tissu, tisu, tisue, tyshew, tyshewe, tyshu, tysshew, tyssue
tishw	tishw, tyshwe
titeling	titeling, titelinge, titelynge, tytelynge
titling	titling, titlinge, titlyng, titlynge, tytlinge, tytlyng, tytlynge
tleman	tleman
tlow	tlow
tnaken	tnaken
to	to, tto
toali	toali, toaly
toga	toga
togi	togi, togy
toheu	toheu
toil	toil, toyle
toked	toked, tokked
toking	toking, tokyng
tol	tol, tole, tolle
toli	toli
tOmer	tOmer
ton	ton, tone, tonne, tton, ttun, tun, tunne
tonag	tonag, tonage
tonant	tonant, tonnante
tonei	tonei, toney
tonekin	tonekin, tonekyn
tonel	tonel, tonell
tonello	tonello, tonelo, tonnello
tong	tong, tonge
toni	toni, tonie, tonny, tony, tonye
tonin	tonin, tonyn, tonyne
tonio	tonio
tooel	tooel, tooelle, tool, toole, tuel, tuelle
toon	toon
tooth	tooth
top	top, topp, toppe
topbrush	topbrush, topbrussh
topenet	topenet, topenete, topenette, toppenete, toppenette
topinet	topinet, toppynette
topineti	topineti, toppynetti
topnet	topnet, topnete, topnette
toppz	toppz, topz
tor	tor, tore, torr
torch	torch, torche
torcheweik	torcheweik, torcheweike
torchewek	torchewek, torcheweke
torchweck	torchweck
toret	toret, torette, turet, turrette
tormert	tormert
tornebroch	tornebroch
tornesel	tornesel, torneselle
tornesol	tornesol, tornesole, tornesolle, tornsol, tornsolle
torpentin	torpentin, torpentyn, torpentyne
torpintin	torpintin, torpyntyne
tortarum	tortarum
totali	totali
toth	toth, tothe
toto	toto
toual	toual, toualle, tul, tule
touci	touci, toucy
tourkei	tourkei, tourkey
tourmentin	tourmentin, tourmentyne
tourner	tourner
tournesoil	tournesoil, tournesoille, turnesoil, turnesoille
tournsol	tournsol, tournsolle, turnesol, turnesole, turnsol, turnsole, turnsoll, turnsolle
tow	tow, towe
towail	towail, towaill, towaille, towayle, towaylle
towal	towal, towall, towalle, towel, towele, towell, towelle
toweleng	toweleng, towellenge
toweli	toweli, towelli
toweling	toweling, towellyng, towelyng
tower	tower
towid	towid
towling	towling, towlyng
town	town, towne
tozel	tozel, tozelle
tra	tra
trabi	trabi, traby
traducendi	traducendi
traducendum	traducendum
traducta	traducta
traducto	traducto
traf	traf, traff
trai	trai, tray, tree, treie, treye
traie	traie, traye
train	train, trayne
tran	tran, trane, tranne
trancher	trancher
tranchour	tranchour
transmarina	transmarina
trap	trap, trappe
traping	traping, trappynge
tras	tras, trasse
trash	trash, trashe, trassh, trasshe
trashi	trashi
treacl	treacl, treacle
trebed	trebed, trebede
trebet	trebet
trecesimo	trecesimo, trecessimo
treen	treen, treene
trei	trei, trey
treinket	treinket, treinkette
trel	trel, trele
tren	tren, trene, trenn
trench	trench, trenche
trenchar	trenchar
trencheof	trencheof, trencheoffe
trencheour	trencheour, trencher, trenchere, trenchur
trenchon	trenchon
trenchor	trenchor
trenchour	trenchour, trenchoure
trenchourz	trenchourz
trendal	trendal, trendall, trendel, trendell, trendelle
trenscher	trenscher, trenschere, trensher, trenshere
trescenti	trescenti
tresdecem	tresdecem
tresdecim	tresdecim
tresel	tresel
tresteli	tresteli
trevet	trevet, trevette
trewel	trewel, trewelle
trewn	trewn, trewne, troun, troune
trewni	trewni, trewny, truni, truny
tri	tri, try
tria	tria
triacl	triacl, triacle, triakl, triakle, tryacl, tryacle
triacul	triacul, triaculle
triakel	triakel, triakelle, tryakell, tryakelle
triakil	triakil, triakile, triakille, triakyle, triakylle, tryakylle
tribu	tribu
tricesimo	tricesimo, tricessimo
trien	trien, tryen
trifl	trifl, trifle, trifol, trifole
triful	triful, trifulle
triginta	triginta
triin	triin, triyn
tril	tril, trille
trimed	trimed, trimmed, trymed, trymmed
trindel	trindel, tryndelle
trip	trip, tripe
triplic	triplic, triplice
triplicati	triplicati
tris	tris, tryss
trisel	trisel, trisell
tristili	tristili, tristilli
tro	tro, trow, trowe
troc	troc, troce
troes	troes, troesse
troi	troi, troy
troie	troie, troye
troien	troien
troin	troin, troine, troyne
troini	troini, troyny
tromp	tromp, trompe
trompi	trompi
tron	tron, trone
tronck	tronck, troncke, tronk, tronke
troni	troni, trony
tros	tros, trose, tross, trosse
trosc	trosc, trosce
trosed	trosed, trossed
trosi	trosi, trossi
troump	troump, troumpe
trouni	trouni, trouny
trous	trous, trouse, trouss, trousse
trouvi	trouvi
troweel	troweel, troweelle
trowel	trowel, trowelle
trowez	trowez
trowh	trowh, trowhe
trowhez	trowhez
trowi	trowi, trowy
trows	trows, trowse, trowsse
tru	tru
trubularum	trubularum, trubullarum
truk	truk
trump	trump, trumpe
trumpet	trumpet
trumsel	trumsel, trumselle
trun	trun, trune
trunci	trunci
trunez	trunez
trunk	trunk, trunke
trunsel	trunsel, trunselle
trus	trus, truse, trush, truss, trusse, trussh
truseie	truseie, trusi, trusseye, trussi, trussy, trusy
trushing	trushing, trusing, trusshing, trussing, trussyng
trust	trust
truw	truw
truz	truz
trw	trw, trwe
trws	trws, trwse, trwss, trwsse
trwsi	trwsi, trwssy
tsei	tsei, tsey
tu	tu, two
tubbi	tubbi, tubi
tuck	tuck, tucke
tuckid	tuckid, tuckyd
tucking	tucking, tuckkyng, tuckyng
tuek	tuek, tueke
tuk	tuk, tuke
tuked	tuked, tukked
tuki	tuki
tukid	tukid, tukkid
tuking	tuking, tukking, tukkyng
tulorum	tulorum
tum	tum
tunc	tunc
tunicarum	tunicarum
tunici	tunici
turbeti	turbeti, turbety
turbit	turbit, turbite, turbitt, turbitte, turbyt, turbyte, turbytt
turbut	turbut, turbutt
turmarik	turmarik
turmentin	turmentin, turmentyn, turmentyne
turmerik	turmerik, turmeryk
turnebroch	turnebroch
turnep	turnep, turnepe, turneppe, turnop, turnope
turnesal	turnesal, turnesalle, turnsal, turnsalle, turnsel, turnsell, turnselle
turpentin	turpentin, turpentine, turpentyn, turpentyne
turpintin	turpintin, turpintyn, turpyntyn, turpyntyne
turpitin	turpitin, turpytyn
turput	turput, turputte
turteri	turteri
turturei	turturei
turturum	turturum
twentie	twentie, twentye
twili	twili, twilly
twin	twin, twyne
twined	twined, twyned
twisted	twisted, twysted
tworth	tworth
ua	ua
uard	uard
uarum	uarum
ub	ub, ubbe
ubie	ubie
ublar	ublar
uc	uc, uce, uch, uche, uck, ucke
uca	uca
ue	ue, ui
uf	uf
ug	ug, ugh
ughson	ughson
ugraunt	ugraunt
ukmanton	ukmanton
ulc	ulc, ulce
ulci	ulci
uleron	uleron, ullerone
uln	uln, ulne
ulna	ulna
ulnam	ulnam
ulnarum	ulnarum
ulni	ulni
ulorum	ulorum
ulpho	ulpho
ulron	ulron
ulsbush	ulsbush, ulsbushe
ult	ult
ultimo	ultimo
ultra	ultra
ultramarina	ultramarina
ultron	ultron
uma	uma, umma
umbi	umbi
umbr	umbr, umbre
umpil	umpil, umpille, umpl, umple, umpylle
umpul	umpul, umpulle
una	una
unam	unam
unbond	unbond, unbonde
unbound	unbound, unbounde, unbownd, unbownde
unc	unc, unce
uncast	uncast
unci	unci, uncii
uncia	uncia
unciam	unciam
uncoverd	uncoverd, uncoverde, uncovered, uncoverede
unctuatum	unctuatum
und	und, unde
undecem	undecem
undecim	undecim
undecimo	undecimo
under	under
undi	undi
undir	undir, undyr
undo	undo
undresed	undresed, undressed
undrest	undrest
ungerofed	ungerofed
ungilt	ungilt, ungylt
unguenti	unguenti
unguentum	unguentum
unheted	unheted
uni	uni
unicorn	unicorn, unicorne
uniculorum	uniculorum
union	union, unnyon, unyon
uniu	uniu
unlie	unlie, unlye
uno	uno
unpacked	unpacked
unpaintid	unpaintid, unpayntid
unpaked	unpaked, unpakked
unseason	unseason
unseasoned	unseasoned
unso	unso
unspon	unspon, unspone
unt	unt, unte
untaued	untaued
untawed	untawed
untawid	untawid, untawyd
untewed	untewed
unto	unto
untraceabl	untraceabl, untraceable
unu	unu
unum	unum
unwaterd	unwaterd
unwrought	unwrought
unwrougth	unwrougth
unwrowght	unwrowght
uobu	uobu
up	up
uplici	uplici
upon	upon, upone, uppon
urchel	urchel, urchell
urencio	urencio
uri	uri
uria	uria, urya
uringh	uringh, uryngh
urnel	urnel, urnelle
ursi	ursi
urso	urso
us	us, use
usati	usati
usque	usque
ust	ust
usti	usti
ustian	ustian, ustion, ustione
ustum	ustum
ut	ut, ute, utt
utensilibu	utensilibu
uterum	uterum
utkin	utkin, utkyn
utkino	utkino
utribu	utribu
utrium	utrium
utroque	utroque
uum	uum
uwel	uwel
ux	ux
uxor	uxor, uxore
va	va
vac	vac
vaca	vaca, vacca
vacarum	vacarum, vaccarum
vacci	vacci, vaci, vasi
vaccini	vaccini, vacini
vacua	vacua
vacuarum	vacuarum
vacui	vacui
vacuorum	vacuorum
vag	vag, vage, vagh, vaghe
vaga	vaga
vagam	vagam
vagi	vagi
vagii	vagii
vai	vai, vay, vie, vye
vaigi	vaigi
vail	vail, vaile, veil, veile
valan	valan
valanc	valanc, valance
vald	vald, valde
valen	valen, vallen
valesio	valesio
valet	valet, valett
valeto	valeto, valetto
valeur	valeur
valew	valew
vali	vali
valis	valis, valise
valisii	valisii
valor	valor
valorem	valorem, valurem
valori	valori
valorum	valorum
value	value
valwet	valwet
vam	vam
vambra	vambra
vambrac	vambrac, vambrace
vambras	vambras, vambrase
van	van, vane, vanne
vanbrac	vanbrac, vanbrace
vani	vani, vanni, vanny
var	var, varre
variant	variant
varii	varii
varni	varni, varny
varnish	varnish, varnisshe, varnyshe, varnyssh, varnysshe
vas	vas, vase
vasa	vasa
vasorum	vasorum
vat	vat, vate, vatte
vati	vati, vatti
vato	vato, vatto
vaumbra	vaumbra
ve	ve, vi, vj, vy
vegi	vegi
veiniger	veiniger, veinigere
vel	vel, vell
velewet	velewet, velewette
veli	veli
vellut	vellut, vellute, velut, velute
velluti	velluti, veluti
vellvet	vellvet, vellvett, vellvette, velvet, velvete, velvett, velvette
velo	velo
velutati	velutati
veluto	veluto
velvetat	velvetat
velvetati	velvetati
velveti	velveti, velvetti
velveto	velveto
velwet	velwet, velwett, velwette
velwetati	velwetati
velwit	velwit, velwyt
vembri	vembri
ven	ven
venager	venager
vendit	vendit, vendite
venecrek	venecrek, venecreke, venecrick
veneger	veneger
venegir	venegir, venegire, venegyr
venegr	venegr, venegre
venegri	venegri
veneri	veneri
venicrek	venicrek, venycreke
venicrick	venicrick
venieger	venieger, vineger, vinegor, viniegr, viniegre, viniger, vinigere, vinygere, vyneger, vynyger
venient	venient, veniente
veniger	veniger, venigere
venigr	venigr, venigre
venon	venon
ventr	ventr
ventribu	ventribu
ventrum	ventrum
ver	ver, vere, verre, vir, virr, virre
verdegr	verdegr, verdegre
verdegrec	verdegrec, verdegrece
verdegres	verdegres, verdegrese
verder	verder, verdur, verdure
verdgr	verdgr, verdgre
verdgrec	verdgrec, verdgrece
verdgres	verdgres, verdgrese
verdicer	verdicer, verdicere
verdiou	verdiou, verdjou
verdir	verdir, verdyr
verdour	verdour, verdoure
verdram	verdram
vereiou	vereiou, verejou, veriou, verjou
verez	verez, verrez
verg	verg, verge, virg, virge
verga	verga
vergam	vergam
vergenal	vergenal, vergenalle
vergeo	vergeo
vergi	vergi, virgi
vergr	vergr, vergre
vergrec	vergrec, vergrece
vergres	vergres, vergrese
veri	veri, verri
veriam	veriam
vericuli	vericuli, verriculi
vericulorum	vericulorum, verriculorum
veridi	veridi
veriew	veriew
veriows	veriows, veriowse
verkin	verkin, verkyn, virkin, virkyn, vyrkyn
verking	verking, verkynge
vermail	vermail, vermaile
vermelin	vermelin, vermelyn
vermelion	vermelion
vermelon	vermelon, vermelone
vermibu	vermibu
vermilin	vermilin, vermylyn
vermilion	vermilion, vermylyon
vermilon	vermilon, vermilone, vermylon, vermylone
vermilond	vermilond, vermylond
vermisel	vermisel, vermisele
vermulon	vermulon
vernesh	vernesh, verneshe, vernis, vernisch, vernische, vernise, vernish, vernishe, vernissh, vernisshe, vernysch, vernysh, vernyshe, vernyssh, vernysshe
verni	verni, verny
vernich	vernich, verniche
vero	vero
verofacti	verofacti
versu	versu
vert	vert, verte
vertegr	vertegr, vertegre
vertegrec	vertegrec, vertegrece, vertgrec, vertgrece
vertgr	vertgr, vertgre
vertgres	vertgres, vertgrese
vertius	vertius, vertjuse
veru	veru
ves	ves, vess
vesel	vesel, vessell, vesselle
vesie	vesie
vesment	vesment
veson	veson
vesour	vesour
vest	vest, veste
vestament	vestament
vestementi	vestementi
vestibu	vestibu
vestiment	vestiment, vestimente, vestymente
vestimenti	vestimenti
vestment	vestment, vestmente
vestmenti	vestmenti
vesturi	vesturi
vesur	vesur, vesure
vet	vet, vete, vette
vetant	vetant
veter	veter, vetere
vetera	vetera
veterem	veterem
veteri	veteri, vetery
veteribu	veteribu
veterie	veterie, vetri
veterum	veterum, vetrum
vetreal	vetreal, vetreall
vial	vial, viale, vialle
viaul	viaul, vyaule
vic	vic, vice
vicecomit	vicecomit, vicecomite
vicecomiti	vicecomiti
vicelicet	vicelicet
vicesimo	vicesimo, vicessimo
vicie	vicie
vicini	vicini
vicount	vicount, vicounte
vid	vid
videlicet	videlicet
vidua	vidua
viel	viel, viele, vil, vile, ville, vyle
vif	vif, viffe
viginti	viginti
vigorie	vigorie
vii	vii, vij
viii	viii, viij
vila	vila, villa
vilag	vilag, vilage
vilam	vilam, villam
vin	vin, vine, vyn, vyne
vinager	vinager, vynager
vineagr	vineagr, vineagre
vinegr	vinegr, vinegre, vynegre
ving	ving, vynge
vini	vini
viniagr	viniagr, viniagre
viniegri	viniegri
viniter	viniter
viniVasconie	viniVasconie
vino	vino
vinston	vinston, vynstone
vinum	vinum, vynum
viol	viol, viole, violle
violet	violet, viollet, vyolet
virdi	virdi
virdkin	virdkin, virdkyn
virehed	virehed, virehede
virerii	virerii, virrerii
virga	virga
virgarum	virgarum
virgati	virgati
virginal	virginal, virginale, virginalle, virgynalle
viri	viri, virri
viridi	viridi, virydi
viridium	viridium
virtut	virtut, virtute
viscount	viscount
viser	viser, visor, vyser, vysor
visour	visour, visr, visre, visur, visure, vyssour
vistri	vistri
vit	vit, vite, vyte
vitee	vitee
vitelario	vitelario, vitellario
viter	viter, vitere
viteri	viteri, vitery, vittery
vitie	vitie
vitilinorum	vitilinorum
vitiri	vitiri
vitr	vitr, vitre
vitreal	vitreal, vytreall
vitri	vitri, vitrie, vitry, vitrye
vitrial	vitrial, vitriall, vitrialle, vitriol, vitriole
vitrioli	vitrioli, vitriolli
vitro	vitro
vittulorum	vittulorum, vitullorum, vitulorum
vitu	vitu
vitul	vitul
vitularum	vitularum
vituli	vituli
vitulini	vitulini
vitulium	vitulium
vium	vium
viv	viv, vyve
vivi	vivi
vivo	vivo
vlischi	vlischi
vo	vo
vocat	vocat, vocate
vocata	vocata
vocatarum	vocatarum
vocati	vocati
vocato	vocato
vocatorum	vocatorum
vogiet	vogiet, vogiette
voliper	voliper, volipere
volumina	volumina
voluminibu	voluminibu
voluper	voluper
von	von
vonie	vonie
votston	votston, votstone
vri	vri, vry
vrien	vrien, vryen
vriez	vriez
vulen	vulen, vullen
vulpin	vulpin, vulpyn
vulpini	vulpini
vulpium	vulpium
wa	wa
wabbok	wabbok, wabok
wadmal	wadmal, wadmalle
wadmol	wadmol, wadmole, wadmolle
wadnet	wadnet, wadnette
wafr	wafr, wafre
wag	wag, wage
waga	waga
waght	waght
wagi	wagi
wai	wai, way
waid	waid, waide
waie	waie, waye
waieght	waieght, wheat, wheate, whit, white, whitte, whyt, whyte, whytt, whytte, wit, witt, wyt, wyte, wytte
waier	waier, wayer
waigh	waigh, wei, weigh, weighe, wey
waight	waight, wait, wayght, wayghte, wayte, weight, weighte, weyght, weyghte
wain	wain, wayne
wainescot	wainescot, waineskot, waynescot, waynescote, waynescott, waynescotte, wayneskote, wayneskotte
wainiskot	wainiskot, wayniskote
wainkot	wainkot, waynkotte
wainsc	wainsc
wainscat	wainscat, waynscat
wainscot	wainscot, wainscote, wainscott, wainscotte, wainskot, waynscot, waynscote, waynscott, waynscotte, waynskot, waynskote, waynskott, waynskotte
wainscoth	wainscoth, waynscothe
wainscoti	wainscoti, waynscoti, waynscotti
wainscotz	wainscotz, waynscotz
wainskoot	wainskoot, waynskoote
wainston	wainston, waynstone
wair	wair, waire
waisheng	waisheng, wayssheng
waix	waix, wayxe
wal	wal, wale, walle
walenot	walenot, wallenote
walet	walet, walette, wallet, wallete, wallett
wallnote	wallnote, wallnotte, walnot, walnote, walnotte
wallnute	wallnute, wallnutte, walnut, walnute, walnutte
walnucum	walnucum
wan	wan
wanscot	wanscot, wanscotte
war	war, ware, warr, warre
waraper	waraper, warappere
warbel	warbel, warbelle
ward	ward, warde
wardebra	wardebra
wardebrac	wardebrac, wardebrace
wardebras	wardebras, wardebrasse
warden	warden, wardon
wardenap	wardenap, wardenape
wardoun	wardoun
wark	wark, warke
warkfat	warkfat, warkfatt
warkin	warkin, warkyn
warking	warking, warkynge
warnapi	warnapi, warnappi
warp	warp, warpe, warpp, warppe
warper	warper, warpper
warpi	warpi
washing	washing, washynge
wast	wast, waste
wastcot	wastcot, wastcote
wastecot	wastecot, wastecote
water	water, watere
wateri	wateri, watery
waterlagen	waterlagen
waterlaken	waterlaken
waterlakin	waterlakin, waterlakyn
watermi	watermi, watermy
watermiz	watermiz, watermyz
waw	waw, wawe
wax	wax, waxe
we	we, weie, weye
web	web, webb, webbe, webe
wed	wed
wedow	wedow
weght	weght, wet, wete, wett, whet, whete, whett, whette
weighth	weighth, weyghth
weigt	weigt, weygte
weik	weik, wek, weke, weyke, wik, wike, wyke
wein	wein, weyne, win, wine, wyn, wyne
weinescot	weinescot, weineskot, weynescote, weynescott, weynescotte, weyneskotte
weiniscot	weiniscot, weynyscote
weinscot	weinscot, weinscote, weinskot, weynscot, weynscote, weynscotte, weynskotte
weinscoti	weinscoti, weynscoti
weir	weir, weire, weyr, weyre, wier, wiere, wyer, wyere
weker	weker
wekerid	wekerid
wel	wel, well, welle
weld	weld, welde
weler	weler, weller
welvet	welvet, welvett, welvette
welveti	welveti, welvetty
welwet	welwet, welwete
wem	wem, wemme
wening	wening, wenyng
wenow	wenow, wenowe
wenscot	wenscot
wepcord	wepcord, wepcorde
wer	wer, wher, where, wir, wire, wyr, wyre
werder	werder
werg	werg, werge
werk	werk, werke, work, worke
werkbarello	werkbarello, werkbarelo
werkebarello	werkebarello, werkebarelo
werkefat	werkefat, werkefate, werkefatte
werkfat	werkfat, werkfate, werkfatte, werkffatte
werki	werki, werky
werkin	werkin, werkyn
wernisch	wernisch, wernysch
werp	werp, werpe, werppe
wes	wes, wese
wesstone	wesstone, weston, westone
wesstony	wesstony, westoni, westony
western	western, westerne
westren	westren, westron, westrone
wever	wever, wiver, wyver
wevir	wevir
wewer	wewer
wex	wex
wg	wg, wge
wh	wh, whe
whal	whal, whale
whalesgrec	whalesgrec, whalesgrece
whalesmolt	whalesmolt, whalesmolte
whareof	whareof, whereof, wherof, wheroff
wharf	wharf
wharfel	wharfel
wharvel	wharvel
wharveli	wharveli, wharvely
whashing	whashing, whasshing
whel	whel, whele, wul, wule, wull, wulle
wherin	wherin
whervel	whervel, whervele
whestan	whestan, whestane
wheston	wheston, whestone
whestoni	whestoni, whestony
wheteston	wheteston, whettestone, whitston, whitstone, whytstone
whetston	whetston, whetstone
whetstonez	whetstonez
whetstoni	whetstoni, whetstony
which	which, whiche, whyche, wich, wiche, wych, wyche
whiet	whiet, whyet, whyett
whight	whight, whyght, wight, wyght, wyghte
whip	whip, whippe
whipcord	whipcord
whipecord	whipecord, whippecorde
whiped	whiped, whipped
whipestik	whipestik, whippestikke
whiskar	whiskar, whisker, whyskere, wisker, wyskere
whispi	whispi, whyspi, wispi
whistel	whistel, whistelle, whistil, whistille, wistel, wistelle, wistl, wistle
whistling	whistling, whistlyng
whited	whited, whitted
whitel	whitel, whitelle, whytelle
whiteston	whiteston, whitestone, whytestone
whitestoni	whitestoni, whitestony
whith	whith, whithe
whiti	whiti, whity, wietie, wyettye
whitid	whitid
whiting	whiting, whitinge, whytinge, whytyng
whitner	whitner
whitstoni	whitstoni, whytstony
wiar	wiar, wyar, wyarr, wyarre
wichi	wichi, wychi
wickar	wickar, wicker, wikir, wyckar, wycker, wykyr
wickerd	wickerd, wickerde
wiet	wiet, wyet, wyette
wikar	wikar, wykar
wiker	wiker, wyker, wykere
wild	wild, wilde, wylde
willoborde	willoborde, wilobord
willow	willow, wilow
wimbel	wimbel, wimbl, wimbul, wymbelle, wymble, wymbulle
wimbil	wimbil, wymbill, wymbille, wymbyll, wymbylle
wimbleiron	wimbleiron, wymbleyron
wimel	wimel, wymelle
winard	winard, wynard
windalc	windalc, wyndalce
windas	windas, wyndase, wyndass
windasi	windasi, wyndassy
windel	windel, windl, wyndelle, wyndle
winding	winding, wyndyng, wyndynge
windlas	windlas, wyndlase
window	window, wyndow
wineger	wineger, wyneger
wineston	wineston, wynestone
wing	wing, wyng
wining	wining, wynnyng, wynnynge, wynyng
winlac	winlac, wynlace
winow	winow, wynow, wynowe
winston	winston, winstone, wynstone
winstoni	winstoni, wynstony
wirgenal	wirgenal, wyrgenalle
wiron	wiron, wyrone
wisp	wisp, wispe
wispstiel	wispstiel, wispstielle
wispstil	wispstil, wispstile
with	with, withe, wyth, wythe
withi	withi, wythy
without	without
withowt	withowt, withowte
wiv	wiv, wyv
wl	wl, wle
wlerd	wlerd
wlpium	wlpium
wn	wn, wne
wo	wo
woad	woad, woade
woadmal	woadmal, woadmall
woadmol	woadmol, woadmolle
wod	wod, wode
wodasch	wodasch, wodash, wodassh
wodenet	wodenet, wodenette
wodenot	wodenot, wodenotte
wodknif	wodknif, wodknyffe
wodmol	wodmol, wodmolle
wodnet	wodnet, wodnete, wodnette
wodnot	wodnot, wodnotte
wol	wol, wole, woll, wolle
wolcomb	wolcomb, wolcombe, wolecomb, wollecombe
wold	wold, wolde
wolehern	wolehern, wolleherne
wolen	wolen, wollen, wollene
wolf	wolf, wolfe, wulf
wolin	wolin, wollyn, wolyne
wolsei	wolsei, wolsey
wom	wom, wome
woman	woman
womb	womb, wombe, woom, woomb, woombe, woome
wombez	wombez
wombi	wombi, womby
wombz	wombz
women	women
woo	woo
wood	wood, woode
woodenot	woodenot, woodenotte
woodnet	woodnet, woodnete, woodnette
woodnot	woodnot, woodnote
wool	wool, woole, wooll, woolle
woold	woold, woolde
woolen	woolen
woorsted	woorsted, woorstede
word	word
wormesed	wormesed, wormesede
wormeseed	wormeseed
wormised	wormised, wormyssed
wormsed	wormsed, wormsede
worsitor	worsitor, worssyttor, worsytor
worst	worst
worstead	worstead, worsteade
worsted	worsted, worstedde, worstede, wursted, wurstede
worstedz	worstedz
worster	worster
worstid	worstid, worstide, worstyd, worstyde
wort	wort, worte
wostarid	wostarid, wostaryde
wosted	wosted, wostede
woul	woul, woulle
woumbz	woumbz
woursted	woursted, wourstede
wourstid	wourstid, wourstide
wox	wox
woxen	woxen
wraparz	wraparz
wraperi	wraperi
wrapid	wrapid, wrapyd
wraping	wraping, wrapping
wrapir	wrapir, wrapr, wrapre
wrapri	wrapri
wraupar	wraupar, wrawpar
wrek	wrek, wreke
wresti	wresti, wresty
writin	writin
writing	writing, writinge, writyng, wryting, wryttyng, wrytyng
wroght	wroght, wrowt, wrowte
wropar	wropar, wroppar
wroper	wroper, wropper
wrough	wrough
wrougth	wrougth
wrowght	wrowght
wson	wson
wstav	wstav, wstave
wud	wud, wudd
wudden	wudden, wuden
wulen	wulen, wullen
wullsey	wullsey, wulsei, wulsey
wulseie	wulseie, wulseye
wusted	wusted, wustede
xeunt	xeunt, xeunte
xi	xi, xj
xto	xto
zaffrani	zaffrani, zafrani
zebelin	zebelin
zinzeberi	zinzeberi, zinziberi, zinzibery
zinziber	zinziber, zinzibere
zinziperi	zinziperi
ziziberi	ziziberi
zon	zon, zone
zona	zona
zonarum	zonarum
zoni	zoni, zony
