Canonical_Word	Aliases
Aarda	Aarda
Ababois	Ababois, Ababoys
Abad	Abad, Abade
Abadea	Abadea
Abaragh	Abaragh, Abarragh
Abas	Abas, Abbas
Abat	Abat, Abbate
Abberby	Abberby, Aberbi, Aberby
Abberbys	Abberbys, Aberbis, Aburbis, Aburbys, Aburbyse
Abberto	Abberto, Aberto
Abbes	Abbes, Abes
Abbey	Abbey, Abei, Abey
Abbis	Abbis, Abbys, Abis
Abbobos	Abbobos, Abobos
Abbot	Abbot, Abbote, Abbott, Abbotte, Abot
Abbs	Abbs, Abs
Abebis	Abebis, Abebys
Abel	Abel, Abele, Abell, Abelle
Abeliana	Abeliana, Abelliana
Abelson	Abelson
Abeola	Abeola
Aber	Aber, Abere
Aberbiez	Aberbiez, Aberbiz
Aberi	Aberi, Abery
Aberought	Aberought
Abeson	Abeson, Abesson
Abingdon	Abingdon, Abyngdon
Abington	Abington, Abyngton
Abirden	Abirden
Abisher	Abisher, Abissher
Abkerbis	Abkerbis, Abkerbys
Abl	Abl, Able, Ubl, Uble
Ablenes	Ablenes, Ablenese
Ablin	Ablin, Ablyne
Ablon	Ablon
Abourn	Abourn, Abourne
Abowro	Abowro
Abra	Abra
Abraham	Abraham
Abrahamus	Abrahamus
Abram	Abram, Abrame
Abreham	Abreham
Abrei	Abrei, Abrey
Abrie	Abrie, Abrye
Abright	Abright
Abrowgh	Abrowgh
Absagen	Absagen
Absagon	Absagon
Absolm	Absolm, Absolme
Absoln	Absoln, Absolne
Aburbic	Aburbic, Aburbice
Aburden	Aburden
Aburdin	Aburdin, Aburdyn
Acaus	Acaus, Acause
Acelino	Acelino
Aceseta	Aceseta
Achebar	Achebar
Acheli	Acheli, Achely, Asheleie, Asheleye, Asheli, Asshely
Achelie	Achelie
Achet	Achet
Achia	Achia
Acon	Acon, Acone
Acord	Acord, Acorde
Acorda	Acorda
Acordo	Acordo
Acordza	Acordza
Acourt	Acourt, Acourte
Acous	Acous, Acouse
Acows	Acows
Acr	Acr, Acre
Acreman	Acreman
Acres	Acres
Acton	Acton
Actoris	Actoris, Actorys
Ad	Ad, Ade
Ada	Ada
Adaga	Adaga
Adam	Adam, Adame, Adamme, Addam
Adama	Adama
Adamai	Adamai, Adamay
Adames	Adames
Adami	Adami
Adamis	Adamis, Adamys
Adamo	Adamo
Adams	Adams
Adamson	Adamson, Adamsson
Adderbury	Adderbury, Aderburi
Adderton	Adderton, Aderton
Addessone	Addessone, Adeson, Adson
Addiano	Addiano, Adiano
Addyson	Addyson, Adison, Adyson
Adee	Adee
Adelai	Adelai, Adelay
Adem	Adem, Ademe
Ademsted	Ademsted
Aden	Aden, Adene
Adenet	Adenet, Adenette
Adenot	Adenot, Adenott
Ader	Ader, Adr
Adernes	Adernes
Adgar	Adgar, Adgare
Adhuc	Adhuc
Adi	Adi, Ady
Adiens	Adiens
Adinfeld	Adinfeld, Adynfeld
Adis	Adis, Adys
Adl	Adl, Adle
Adlai	Adlai, Adlay
Adlerd	Adlerd
Adli	Adli, Adly
Admond	Admond, Admonde
Admound	Admound
Adock	Adock
Adolf	Adolf, Adolfe
Adolif	Adolif, Adoliff, Adoliffe
Adolph	Adolph, Adolphe
Adolpho	Adolpho
Adorn	Adorn, Adorne
Adorna	Adorna
Adorno	Adorno
Adrano	Adrano
Adrean	Adrean
Adreani	Adreani
Adreano	Adreano
Adreanson	Adreanson, Adreansson
Adren	Adren
Adrian	Adrian, Adriane, Adryan, Adryane
Adriandson	Adriandson, Adryandson
Adrianeson	Adrianeson, Adrianesson, Adrianson, Adriansson, Adryaneson, Adryanesson, Adryanson, Adryansson
Adriani	Adriani, Adryani
Adriano	Adriano, Adryano
Adrians	Adrians, Adryans
Adrianum	Adrianum
Adrianus	Adrianus
Adrieni	Adrieni, Adrieny
Adrienson	Adrienson, Adryenson
Adrion	Adrion
Adronico	Adronico
Adulpho	Adulpho
Adventur	Adventur, Adventure
Adwik	Adwik, Adwyke
Ae	Ae
Aenden	Aenden
Aevenon	Aevenon
Afel	Afel, Affel
Afen	Afen, Affen, Affene
Afeno	Afeno, Affenno
Afew	Afew, Affew
Affin	Affin, Affyn, Afin
Affley	Affley, Aflei
Affons	Affons, Affonse, Afons
Affonso	Affonso, Afonso
Affouns	Affouns, Afouns
Affricano	Affricano, Affrikano, Africano, Afrikano
Affys	Affys, Afis
After	After
Afwed	Afwed, Afwede
Agaila	Agaila, Agayla
Agar	Agar, Agare
Agas	Agas
Agat	Agat, Agate
Agencourt	Agencourt
Agenega	Agenega
Agenot	Agenot, Agenott
Ager	Ager, Agere
Agera	Agera, Agerra
Agero	Agero
Agerot	Agerot, Agerott
Agir	Agir, Agyr
Agnes	Agnes
Agnet	Agnet, Agnete
Agneta	Agneta
Agnus	Agnus
Agon	Agon
Agoos	Agoos
Agorinan	Agorinan, Agorynan
Agour	Agour, Agr, Agre
Aguado	Aguado
Agulon	Agulon
Agur	Agur, Oger, Ogger, Ogr, Ogre
Aguri	Aguri, Agury
Agus	Agus
Ahiselin	Ahiselin, Ahysseline
Aiardera	Aiardera, Ayardera
Aicam	Aicam, Aycam
Aichelei	Aichelei, Aicheley
Aier	Aier, Ayer, Ayerre, Eier, Eyer, Ier, Iur, Jer, Jerre, Jur, Yere
Aieres	Aieres, Ayeres
Aiflear	Aiflear, Ayfflear
Aikam	Aikam, Aykam
Aikham	Aikham, Aykham
Aikin	Aikin, Aykyn
Aikon	Aikon, Aykon
Ail	Ail, Ayl
Ailerich	Ailerich, Ailrich, Aylerych, Ayleryche, Aylriche
Ailesbi	Ailesbi, Aylesby
Ailesbur	Ailesbur, Aylesbur
Ailesford	Ailesford, Aylesford, Aylesforde, Ayllesford
Ailesforth	Ailesforth, Aylesforth
Ailesham	Ailesham, Aylesham
Aileton	Aileton, Ailton, Ayleton, Aylleton, Aylton
Ailewin	Ailewin, Alewin, Alewyn, Allewyn, Aylewyn
Aileworth	Aileworth, Ailworth, Ayleworth, Ayleworthe, Aylworth, Aylworthe
Ailmer	Ailmer, Aylmer, Aylmere
Aimerit	Aimerit, Aymerit
Ain	Ain, Ayne
Ainoldi	Ainoldi, Aynoldi
Ainot	Ainot, Aynote
Ains	Ains, Ayns
Aiquem	Aiquem, Ayquem
Air	Air, Aire, Heir, Heyr
Aires	Aires, Aries, Aryes, Ayres
Airis	Airis, Ayris, Eris, Erish, Eryse, Erysh
Airus	Airus, Ayrus
Aischebi	Aischebi, Aischeby
Aischton	Aischton
Aish	Aish, Ayssh, Aysshe, Ish, Ishe
Aisheton	Aisheton, Ayssheton
Aiston	Aiston, Ayston
Aithorp	Aithorp, Aythorppe
Ak	Ak, Ake
Akars	Akars
Akechin	Akechin, Akechyn
Akeiser	Akeiser, Akeyser
Aken	Aken, Akun
Aker	Aker, Akker
Akerman	Akerman
Akin	Akin, Akyn
Akris	Akris, Akrys
Al	Al, Ale, All
Al'cust	Al'cust
Ala	Ala
Alabaster	Alabaster
Alafonso	Alafonso
Alagreto	Alagreto
Alain	Alain, Alayn, Alayne
Alamanno	Alamanno, Alamano
Alamir	Alamir, Alamyre
Alamo	Alamo
Alan	Alan, Alane
Alanan	Alanan, Alanane
Alani	Alani, Allani
Alano	Alano, Allano
Alarada	Alarada
Alaram	Alaram
Alard	Alard, Alarde, Allard, Allarde, Olard, Olarde, Ollard
Alardeson	Alardeson, Alardesson, Alardison, Alardisson, Allardesson, Allardisson, Olardeson, Olardesson, Ollardesson
Alardi	Alardi, Allardi, Olardi
Alardin	Alardin, Alardyne
Alardini	Alardini
Alardo	Alardo, Allardo, Olardo
Alardson	Alardson, Allardson, Allardsson, Olardson, Ollardson
Alars	Alars
Alart	Alart, Olart, Olarte
Alartson	Alartson
Alas	Alas, Allas
Alb	Alb, Albe
Alba	Alba
Alban	Alban
Albanesio	Albanesio
Albani	Albani, Albanie, Albany
Albania	Albania, Albanya
Albanis	Albanis, Albanyse
Albano	Albano
Albaro	Albaro, Albarro
Albart	Albart
Albarto	Albarto
Albenesio	Albenesio
Albera	Albera
Alberbi	Alberbi, Alberby
Alberdin	Alberdin, Alberdyn
Alberga	Alberga
Alberis	Alberis, Alberys
Albero	Albero
Albers	Albers
Albert	Albert, Alberte
Albertes	Albertes
Alberti	Alberti
Albertin	Albertin, Albertyn
Albertison	Albertison, Albertisson
Alberto	Alberto
Alberton	Alberton, Albertone
Albertson	Albertson, Albertsson
Alberus	Alberus
Albes	Albes
Albight	Albight, Albyght
Albin	Albin, Albyn, Albyne
Albirbi	Albirbi, Albirby, Albyrby
Albirto	Albirto
Albis	Albis, Albys
Albista	Albista
Albister	Albister
Albisto	Albisto
Albistour	Albistour, Albystour
Alblaster	Alblaster
Albon	Albon
Albonel	Albonel, Albonelle
Alboni	Alboni, Albony
Alborough	Alborough, Alborow, Alborowe
Alborought	Alborought
Alborowgh	Alborowgh
Alborugh	Alborugh
Albow	Albow, Albowe
Albr	Albr, Albre
Albrak	Albrak
Albrandi	Albrandi
Albrecht	Albrecht
Albreght	Albreght, Albreiht, Albrit, Albryt
Albreigith	Albreigith
Albreigth	Albreigth
Albret	Albret, Allbret
Albri	Albri, Albry, Alburi, Albury
Albricht	Albricht
Albrigh	Albrigh, Albrygh
Albright	Albright, Albrighte, Albryght, Aulbright
Albrighteson	Albrighteson, Albrightesson
Albrightson	Albrightson, Albrightsson, Albryghtsson
Albrigth	Albrigth
Albritson	Albritson, Albritsson
Albrough	Albrough
Albrugh	Albrugh
Alburgh	Alburgh, Alburghe
Albus	Albus
Albustro	Albustro
Alcam	Alcam
Alchaka	Alchaka
Alcheta	Alcheta
Alcok	Alcok, Alcoke
Alcowit	Alcowit, Alcowyte
Aldabi	Aldabi, Aldaby
Aldag	Aldag, Aldage
Aldai	Aldai, Alday
Aldaie	Aldaie, Aldaye
Aldam	Aldam, Aldham
Aldar	Aldar, Aldare
Aldars	Aldars
Aldarsie	Aldarsie
Aldavi	Aldavi, Aldavy
Aldburgh	Aldburgh, Aldburghe
Aldebrando	Aldebrando
Aldedai	Aldedai, Aldeday
Aldei	Aldei, Aldey
Aldeia	Aldeia, Aldeya
Alden	Alden, Aldene, Allden
Alder	Alder
Alderbrando	Alderbrando
Aldernes	Aldernes, Aldernesse, Alderns
Aldernez	Aldernez
Aldernis	Aldernis, Aldernys
Alders	Alders
Alderson	Alderson
Alderston	Alderston
Alderton	Alderton
Aldi	Aldi, Aldy
Aldirnes	Aldirnes
Aldislee	Aldislee, Aldyslee
Aldobrando	Aldobrando
Aldred	Aldred
Aldri	Aldri, Aldry
Aldulpho	Aldulpho
Aldwik	Aldwik, Aldwyk
Aleard	Aleard, Alerd, Alleard
Alebrando	Alebrando
Alec	Alec, Allec
Aleceo	Aleceo, Alecio, Alleceo, Allecio
Alecia	Alecia
Aledobrando	Aledobrando, Alledobrando
Alee	Alee
Alefons	Alefons, Allefons
Alegant	Alegant
Alegret	Alegret, Alegrete
Alegreto	Alegreto, Allegreto
Alei	Alei, Aley
Aleido	Aleido, Aleydo
Alein	Alein, Aleyn, Aleyne, Alleyn
Aleini	Aleini, Aleyni
Aleino	Aleino, Aleyno
Aleinson	Aleinson, Aleynson
Aleis	Aleis, Aleys, Alleys
Alekin	Alekin, Allekyn
Alemaign	Alemaign, Alemaigne
Alemaika	Alemaika, Alemayka
Alemania	Alemania, Alemanya
Alemen	Alemen, Alemene
Alen	Alen, Alene, Allen
Aleni	Aleni
Alenia	Alenia, Alenya
Aleno	Aleno
Alenson	Alenson, Allenson
Aler	Aler
Aleras	Aleras, Alleras
Alerdes	Alerdes, Allerdes
Alerdeson	Alerdeson, Alerdesson
Alerdson	Alerdson, Allerdson
Alereson	Alereson
Alero	Alero
Alerson	Alerson, Allerson
Alersoun	Alersoun, Allersoune
Ales	Ales, Alese, Alles
Alesandro	Alesandro
Aleseo	Aleseo, Alesio, Allesio
Alesford	Alesford
Alest	Alest, Aleste
Alestr	Alestr, Alestre, Allestre
Alet	Alet, Alett, Allet
Aleton	Aleton
Aleveri	Aleveri
Alevis	Alevis, Allevisse
Aleviso	Aleviso
Alewel	Alewel, Allewell, Allewelle
Alewis	Alewis, Alewys
Alewiso	Alewiso, Allewiso
Alexand	Alexand
Alexander	Alexander, Alexandr, Alexandre, Allexander
Alexandero	Alexandero
Alexando	Alexando
Alexandrea	Alexandrea
Alexandree	Alexandree, Alexandri, Alexandry
Alexandreo	Alexandreo, Alexandrio
Alexandrino	Alexandrino
Alexandro	Alexandro, Allexandro
Alexaunder	Alexaunder, Alexaundr, Alexaundre
Alexaundrio	Alexaundrio
Alexaundro	Alexaundro
Alexis	Alexis
Alexsander	Alexsander, Allexsander
Alexsandr	Alexsandr
Alexsandro	Alexsandro
Alf	Alf, Alff
Alfekin	Alfekin, Alfekyn
Alferes	Alferes
Alferis	Alferis, Alferys
Alfero	Alfero
Alffold	Alffold, Alffolde, Alfold, Alfolde
Alffons	Alffons, Alfons, Alfonse
Alffonso	Alffonso, Alfonso, Alfonsso, Allfonso, Alphonso
Alfford	Alfford, Alford, Alforde
Alffounce	Alffounce, Alfounc, Alfounce
Alffouns	Alffouns, Alffounse, Alfouns, Alfounse
Alffourde	Alffourde, Alfourd
Alffray	Alffray, Alfrai, Alfray
Alfonc	Alfonc, Alfonce, Allfonce
Alfonsi	Alfonsi
Alfonsina	Alfonsina
Alfor	Alfor
Alfounsi	Alfounsi
Alfounso	Alfounso
Alfownc	Alfownc, Alfownce
Alfreck	Alfreck, Alfrek, Alfreke
Alfus	Alfus
Algar	Algar, Algare
Algari	Algari, Algary
Alger	Alger
Algir	Algir
Algod	Algod, Algode
Algood	Algood, Algoode, Allgood
Algor	Algor, Algore, Algour
Algreto	Algreto
Ali	Ali, Ally
Aliard	Aliard
Aliat	Aliat, Aliatt, Alyatt
Aliato	Aliato
Aliaven	Aliaven
Alic	Alic, Alice
Alicia	Alicia
Alie	Alie, Alye
Aliedo	Aliedo
Alien	Alien
Alienig	Alienig
Alienson	Alienson
Alieto	Alieto, Alyetto
Alif	Alif, Alyffe
Aligant	Aligant, Alygant
Aliger	Aliger
Alin	Alin, Allin, Allyn, Allyne, Alyn, Alyne
Alington	Alington, Allyngton, Alyngton
Alinson	Alinson, Allinson, Allynson, Alynson
Alinxio	Alinxio
Aliom	Aliom
Aliometi	Aliometi
Alis	Alis, Allis, Allys, Alys
Alisandr	Alisandr, Alisandre
Alisaunder	Alisaunder, Alisaundr, Alisaundre, Alysaunder
Alisaundro	Alisaundro
Alisforth	Alisforth
Alison	Alison, Alyson
Aliver	Aliver, Allyver
Alixandro	Alixandro
Alkasa	Alkasa, Alkassa
Alkeir	Alkeir, Alkeyr
Alkemer	Alkemer
Alkinton	Alkinton, Alkynton
Alkmor	Alkmor, Alkmore
Alkok	Alkok
Allmane	Allmane, Alman, Almane
Allmene	Allmene, Almen, Almene
Allmianus	Allmianus, Almianus
Allo	Allo, Alo, Alow, Alowe
Alloff	Alloff, Alof
Allon	Allon, Alon
Allonso	Allonso, Allonsso, Alonso
Allonsum	Allonsum, Alonsum
Allot	Allot, Alot
Allouns	Allouns, Alouns, Alounse
Allounsi	Allounsi, Alounsi
Allounso	Allounso, Allounsso, Alounso
Allounssum	Allounssum, Allounsum, Alounsum
Allowiso	Allowiso, Alowiso
Allows	Allows, Allowse, Alos, Alowes, Alows, Alowse
Allowys	Allowys, Alowis
Allunso	Allunso, Alunso
Allvero	Allvero, Alvero
Allverus	Allverus, Alverus
Allwey	Allwey, Alwei
Allwine	Allwine, Allwyn, Alwin, Alwine, Alwyn, Alwyne
Almado	Almado
Almain	Almain, Almayn, Almayne
Almanea	Almanea
Almania	Almania
Almanie	Almanie, Almannie
Almanno	Almanno, Almano
Almein	Almein, Almeyn
Almesica	Almesica, Almessica
Almin	Almin, Almyn, Almyne
Almon	Almon, Almone
Almond	Almond
Almoro	Almoro
Alnei	Alnei, Alney
Alnes	Alnes
Alogat	Alogat, Alogate
Aloie	Aloie, Aloye
Alois	Alois, Aloys
Aloish	Aloish, Aloishe
Alom	Alom
Alono	Alono
Aloos	Aloos
Alouf	Alouf, Alouff
Alouncio	Alouncio
Alowenso	Alowenso
Alowez	Alowez
Alownso	Alownso
Alowt	Alowt, Alowte
Alowuso	Alowuso
Alp	Alp, Alpe
Alphons	Alphons
Alpount	Alpount, Alpounte
Alpounto	Alpounto
Alrik	Alrik, Alryke
Alsa	Alsa
Alsak	Alsak
Alsast	Alsast, Alsaste
Alsat	Alsat, Alsate, Alsatt, Alsatte
Alsato	Alsato
Alsegil	Alsegil, Alsegylle
Alses	Alses
Alseta	Alseta, Alsetta
Alshaco	Alshaco
Alsola	Alsola
Alson	Alson, Alsone
Alsop	Alsop, Alsope, Alsoppe
Alsten	Alsten, Alstene
Alston	Alston, Alstone
Altevic	Altevic, Altevice
Althai	Althai, Althay
Altham	Altham
Althorp	Althorp, Althorpe
Althrop	Althrop
Altowit	Altowit, Altowyte
Altrop	Altrop, Altrope, Altroppe
Alv	Alv, Alve
Alvaredo	Alvaredo
Alvarie	Alvarie
Alvaris	Alvaris, Alveris
Alvaro	Alvaro
Alvarus	Alvarus
Alvei	Alvei, Alvey
Alvenanc	Alvenanc, Alvenance
Alver	Alver, Alvor
Alveredi	Alveredi
Alveredo	Alveredo
Alveres	Alveres, Alvers, Alverse
Alveri	Alveri, Alvery
Alverianus	Alverianus, Alveryanus
Alvering	Alvering, Alveryng
AlveroIanus	AlveroIanus, AlveroYanus
Alveron	Alveron
Alveros	Alveros
Alverson	Alverson
Alverton	Alverton
Alverum	Alverum
Alves	Alves
Alvesto	Alvesto
Alveus	Alveus
Alvinxs	Alvinxs, Alvinxse
Alvis	Alvis, Alvys
Alvizo	Alvizo
Alvo	Alvo, Alvow, Alvowe
Alvolus	Alvolus
Alvons	Alvons
Alvoro	Alvoro
Alvus	Alvus
Alwein	Alwein, Alweyn
Alwen	Alwen
Alwino	Alwino, Alwyno
Am	Am, Amb
Amad	Amad, Amade
Amadee	Amadee, Amadi, Amady
Amado	Amado
Amanew	Amanew, Amanewe
Amant	Amant
Amarank	Amarank
Amarigo	Amarigo
Amasa	Amasa, Amassa
Amaso	Amaso, Amasso
Ambilbright	Ambilbright
Ambing	Ambing, Ambyng
Ambison	Ambison, Ambyson
Ambl	Ambl, Amble
Ambling	Ambling, Amblyng
Ambolan	Ambolan, Ambolane
Amborogh	Amborogh
Ambras	Ambras, Ambrase
Ambres	Ambres
Ambros	Ambros, Ambrose, Ambrosse
Ambroseo	Ambroseo, Ambrosio, Ambrossio
Ambrosii	Ambrosii
Ambroson	Ambroson, Ambrosson
Amceles	Amceles, Amcelles
Amcot	Amcot, Amcott
Amcotes	Amcotes, Amcottes
Amcotz	Amcotz
Ameckes	Ameckes, Ammeckes
Amedew	Amedew, Amedewe
Amedw	Amedw, Amedwe
Amegr	Amegr, Amegre
Amelin	Amelin, Amelyn
Amelot	Amelot
Amelrik	Amelrik, Amelryk
Amener	Amener
Amenew	Amenew, Amenewe
Amenw	Amenw, Amenwe
Ameral	Ameral, Ameralle, Amerel, Amerell
Amerank	Amerank
Amerei	Amerei, Amerey
Amerford	Amerford
Ameri	Ameri, Amery
Amero	Amero
Ameroun	Ameroun
Amerselop	Amerselop, Amerselope
Amersham	Amersham, Amerssham
Amerson	Amerson
Ames	Ames
Amesica	Amesica, Amessica
Amesio	Amesio
Amfrion	Amfrion, Amfrione
Amfriono	Amfriono
Amfron	Amfron
Amias	Amias, Amyas
Amick	Amick, Amycke
Amigo	Amigo, Amygo
Amik	Amik, Amyk
Aminew	Aminew, Aminewe, Amynewe
Aminidon	Aminidon, Amynydon
Amion	Amion, Amyone
Amis	Amis, Amys
Amleie	Amleie, Amleye
Amleigh	Amleigh
Amlin	Amlin, Amlyn
Amling	Amling, Amlyng
Amoie	Amoie, Amoye
Amon	Amon, Amone
Amonew	Amonew, Amonewe
Amor	Amor
Amoreta	Amoreta
Amorgin	Amorgin, Amorgyn
Amori	Amori, Amory
Amound	Amound, Amounde
Amow	Amow, Amowe
Amownd	Amownd
Ampigeon	Ampigeon
Amport	Amport
Amportes	Amportes
Ams	Ams
Amsterdam	Amsterdam
Amtil	Amtil, Amtyll
Amulong	Amulong, Amulonge
Amusco	Amusco, Amusko
Amusto	Amusto
An	An, Anne
Ana	Ana, Anna
Analdo	Analdo
Anapl	Anapl, Anaple
Anaples	Anaples
Anapul	Anapul, Anapulle
Ancas	Ancas
Ancel	Ancel, Ancell, Ancelle, Ansel, Ansell, Anselle
Ancelino	Ancelino
Ancelot	Ancelot, Ancelott
Ancheta	Ancheta
Ancol	Ancol, Ancoll
Ancroft	Ancroft
And	And, Ande
Andameta	Andameta
Andaro	Andaro, Andarro
Andarow	Andarow, Andarowe, Anddro, Andro, Androe
Andebek	Andebek
Ander	Ander, Andere, Andr, Andre
Anderbi	Anderbi, Anderby
Anderea	Anderea, Andrea, Andria
Andereas	Andereas, Andrias, Andryas
Andernack	Andernack
Andernak	Andernak, Andernake, Andirnak
Andernark	Andernark
Andero	Andero, Anderro
Andersli	Andersli
Anderson	Anderson, Andersson, Andirson, Andrson
Anderton	Anderton
Anderwin	Anderwin, Anderwyn
Andeslei	Andeslei, Andesley
Andeson	Andeson
Andewarp	Andewarp, Andewarpe
Andewerp	Andewerp
Andiswik	Andiswik, Andyswyk
Andraca	Andraca, Andraka
Andream	Andream
Andreas	Andreas
Andreason	Andreason, Andreasson, Andreson, Andresson, Andreweson, Andrewesson
Andree	Andree
Andrees	Andrees, Andreies, Andreyes
Andrei	Andrei
Andrel	Andrel, Andrele, Andrelle
Andreo	Andreo
Andreos	Andreos
Andres	Andres
Andret	Andret, Andrete
Andreus	Andreus
Andreuson	Andreuson, Andreusson
Andrew	Andrew, Andrewe, Andrue
Andrewes	Andrewes, Andrews, Androos
Andrewis	Andrewis, Andris, Andrys
Andrewson	Andrewson, Andrewsson
Andrian	Andrian
Andriani	Andriani
Andrianson	Andrianson, Andryanson
Andric	Andric, Andrice
Androes	Androes
Andron	Andron, Androne
Andronico	Andronico, Andronyco
Androp	Androp, Andrope
Andros	Andros
Androw	Androw, Androwe
Andrweson	Andrweson, Andrwesson
Andson	Andson
Andus	Andus
Andward	Andward
Andwarp	Andwarp, Andwarpe, Andwarpp, Andwarppe, Andwerp, Andwerpe, Andwerpp
Andwarpia	Andwarpia
Andwon	Andwon
Anea	Anea
Anelo	Anelo
Anerow	Anerow, Anerowe
Anes	Anes, Annes, Aunes
Aneslei	Aneslei, Anesley
Aneson	Aneson, Anesson, Anessone, Anson
Aneweta	Aneweta, Anneweta
Anfan	Anfan
Anfflion	Anfflion, Anflion, Anflione, Aunflion, Aunflione, Aunflyon
Anffylde	Anffylde, Anfild
Ang	Ang, Ange
Angeano	Angeano
Angei	Angei, Angey
Angeie	Angeie, Angeye
Angel	Angel, Angell, Angelle
Angeli	Angeli
Angelico	Angelico
Angelin	Angelin, Angelyn
Angelino	Angelino, Angelyno
Angello	Angello, Angelo
Angelot	Angelot, Angelott
Angelus	Angelus
Angeo	Angeo
Angerot	Angerot, Angerott
Angevin	Angevin, Angevyn, Angevyne
Angew	Angew, Angewe
Angewin	Angewin, Angewyn
Angial	Angial, Angyalle
Angiei	Angiei, Angiey
Anglad	Anglad, Anglade
Anglelo	Anglelo
Anglia	Anglia
Anglie	Anglie
Angora	Angora
Angoren	Angoren
Anguil	Anguil, Anguill, Anguyll
Angul	Angul, Angull, Aungel, Aungell, Aungelle
Angwil	Angwil, Angwyll
Ani	Ani, Any
Anie	Anie, Anye
Aniel	Aniel, Anyell, Anyelle
Anis	Anis, Anniss, Anys
Anises	Anises, Anyses
Anker	Anker
Anketil	Anketil, Anketill
Ankiat	Ankiat, Ankyatt
Anlaf	Anlaf, Anlaff
Anlebi	Anlebi, Anleby
Anno	Anno, Ano
Annota	Annota, Anota
Annote	Annote, Anot
Anol	Anol, Anolle
Anos	Anos
Anpero	Anpero
Anrod	Anrod
Ansam	Ansam, Ansame, Aunsham
Ansan	Ansan
Anselei	Anselei, Anseley
Anselen	Anselen
Anseleson	Anseleson, Ansellesson
Anselin	Anselin, Ansselin
Anselmo	Anselmo
Anselot	Anselot
Anserdam	Anserdam, Anserdame
Ansew	Ansew
Anslei	Anslei, Ansley, Auneslei, Aunesley
Ansli	Ansli, Ansly
Anso	Anso, Ansow, Ansowe
Anstlin	Anstlin, Anstlyn
Ant	Ant, Ante
Antecroft	Antecroft
Antekil	Antekil, Antekylle
Antho	Antho
Anthoin	Anthoin, Anthoine
Anthon	Anthon, Anthone
Anthonea	Anthonea, Anthonia
Anthonei	Anthonei, Anthoney
Anthoneo	Anthoneo, Anthonio, Anthonyo
Anthoni	Anthoni, Anthony
Anthonian	Anthonian, Anthoniane
Anthonie	Anthonie, Anthonye
Anthonies	Anthonies, Anthonyes
Anthonii	Anthonii
Anthonis	Anthonis, Anthonys
Anthonison	Anthonison, Anthonyson
Anthonium	Anthonium
Anthonius	Anthonius
Anthrop	Anthrop, Anthrope, Anthropp
Anthuns	Anthuns
Antico	Antico
Antiknap	Antiknap, Antiknape
Antinian	Antinian, Antynyan
Antivari	Antivari, Antivary
Antiveri	Antiveri, Antivery, Antyvery
Antivor	Antivor, Antyvor, Antyvore
Antivori	Antivori, Antivory, Antyvory
Anto	Anto
Antoin	Antoin, Antoine, Antoyn, Antoyne
Anton	Anton, Antone
Antoneo	Antoneo
Antoni	Antoni, Antony
Antonie	Antonie, Antonye
Antonies	Antonies, Antonyes
Antonii	Antonii
Antonio	Antonio, Antonyo, Anttonio
Antonis	Antonis, Antonys
Antonison	Antonison, Antonyson, Antonysson
Antonium	Antonium
Antonius	Antonius
Antono	Antono
Antouneo	Antouneo
Anus	Anus
Anwarp	Anwarp, Anwarpe
Anwort	Anwort
Ap	Ap, Ape, Appe
Apalva	Apalva, Appalva
Apat	Apat, Apate
Apegeter	Apegeter
Apegetor	Apegetor
Apel	Apel, Apelle
Apelierd	Apelierd
Apelman	Apelman
Apelton	Apelton, Appelton
Apengeter	Apengeter, Appengeter, Appengetter
Apengetor	Apengetor, Apengettur, Apengetur, Appengettur
Apengiter	Apengiter, Appengiter
Apengitor	Apengitor, Appengitor
Apenter	Apenter, Appenter
Aper	Aper, Apr
Aperl	Aperl, Aperle
Aperlei	Aperlei, Aperley
Apesford	Apesford, Appesford
Apewek	Apewek, Appeweke
Apilard	Apilard, Appylard
Apilton	Apilton, Appilton, Appylton
Apingeter	Apingeter, Appingeter
Apinsceht	Apinsceht, Appinsceht
Apinsket	Apinsket, Apynsket
Apirwai	Apirwai, Apirway
Apis	Apis, Appis
Apl	Apl, Aple
Aplei	Aplei, Appley
Apleierd	Apleierd, Apleyerd, Apleyerde, Apliard, Aplyard, Appleyerd, Appliard, Appliarde, Applyard
Aplesencia	Aplesencia, Applesencia
Apli	Apli, Aply
Aplierd	Aplierd, Aplyerd, Applierd, Applierde, Applyerd, Applyerde
Aplus	Aplus
Aport	Aport, Aporte
Apostolo	Apostolo
Apprilis	Apprilis, Apprillis, Aprilis, Aprillis
Apps	Apps, Aps
Appulby	Appulby, Apulbi
Appulman	Appulman, Apulman
Appulton	Appulton, Apulton
Aprel	Aprel, Aprell, Aprelle
Apres	Apres
April	April, Aprille, Apryll
Apruel	Apruel, Apruell
Apulierd	Apulierd, Apulyerd
Aqua	Aqua
Aquitaniam	Aquitaniam
Ar	Ar
Arabek	Arabek
Arabi	Arabi, Araby, Rabi, Raby, Robi, Roby
Arabie	Arabie, Arabye
Arabik	Arabik, Arabyk
Araga	Araga, Arraga
Arago	Arago, Arrago
Aragon	Aragon
Aragonso	Aragonso
Aragori	Aragori, Arragory
Aragosa	Aragosa, Aragossa
Aragusa	Aragusa
Aramboro	Aramboro
Aramew	Aramew, Arramew
Aramoa	Aramoa, Arramoa
Aramor	Aramor, Aramore
Arana	Arana, Aranna
Aranboro	Aranboro
Arand	Arand, Rond, Ronde
Aranda	Aranda, Arranda
Arano	Arano, Arrano, Rano
Arara	Arara, Arrara
Ararania	Ararania, Araranya
Aras	Aras, Arras, Arrasse
Arasa	Arasa, Arrassa
Arasabia	Arasabia
Arasavala	Arasavala, Arassavala
Arata	Arata
Aratea	Aratea, Arratea
Aratsa	Aratsa
Aratza	Aratza
Aravas	Aravas
Arbalesa	Arbalesa
Arbart	Arbart, Arbarte
Arbber	Arbber, Arber
Arbelago	Arbelago
Arbena	Arbena
Arbergh	Arbergh
Arberi	Arberi, Arbery
Arberto	Arberto
Arbeta	Arbeta
Arbeto	Arbeto, Arbetto
Arbida	Arbida
Arbis	Arbis
Arbito	Arbito
Arblaster	Arblaster
Arbok	Arbok, Arboke
Arbolancea	Arbolancea
Arbolanch	Arbolanch, Arbolanche
Arbolancha	Arbolancha, Arbolancia
Arbolancka	Arbolancka
Arbolaunch	Arbolaunch, Arbolaunche
Arboles	Arboles
Arbolonsa	Arbolonsa
Arbot	Arbot, Arbote
Arboteson	Arboteson, Arbotesson
Arbotson	Arbotson
Arcal	Arcal, Arcalle, Archel, Archell
Arcana	Arcana
Arcani	Arcani, Arcany
Arcano	Arcano
Arcelino	Arcelino
Arceveco	Arceveco
Arch	Arch, Arche
Archal	Archal, Archalle
Archar	Archar, Archer
Archata	Archata
Archeak	Archeak
Archebolt	Archebolt
Archelis	Archelis
Archemenda	Archemenda
Archenek	Archenek
Archero	Archero
Arches	Arches
Archeta	Archeta
Archevalet	Archevalet, Archevalett
Archevalo	Archevalo
Archibaldi	Archibaldi
Archier	Archier
Archiero	Archiero
Archiles	Archiles, Archilles
Archilis	Archilis, Archillis
Archivalet	Archivalet
Archur	Archur
Arcois	Arcois, Arcoys
Arcos	Arcos, Arcose
Arculus	Arculus
Ard	Ard, Arde
Ardea	Ardea
Ardef	Ardef
Ardel	Ardel, Ardelle
Ardenborgh	Ardenborgh, Ardenburgh
Ardernes	Ardernes
Arderwick	Arderwick, Arderwicke
Ardeson	Ardeson, Ardesson, Ardessone, Ardison, Ardisson
Ardingol	Ardingol, Ardyngole
Ardonea	Ardonea
Ardson	Ardson
Ardwai	Ardwai, Ardway
Areaga	Areaga, Arreaga
Arean	Arean, Areane
Areata	Areata, Arreata
Arebenga	Arebenga
Arechega	Arechega, Arrechega
Arecta	Arecta
Aregio	Aregio, Arregio
Aremon	Aremon
Arendo	Arendo
Arensa	Arensa
Arenterea	Arenterea, Arentria, Renterea, Rentria
Arentes	Arentes
Areola	Areola
Arerago	Arerago
Arerea	Arerea
Ares	Ares, Arres, Ars, Arsse
Aresabal	Aresabal, Aressaballe
Aresaval	Aresaval, Aressavalle
Aresavalo	Aresavalo, Aressavalo
Areseval	Areseval, Aressevale
Aresheta	Aresheta
Aresmend	Aresmend, Aresmende
Aresmenda	Aresmenda
Aresmendo	Aresmendo
Aresobea	Aresobea
Aresola	Aresola, Aressola
Aresta	Aresta
Arestar	Arestar, Arestare
Aresumenda	Aresumenda
Areta	Areta, Aretta, Arretta
Areva	Areva
Arg	Arg, Arge
Argaria	Argaria
Argarm	Argarm, Argarme
Argaston	Argaston
Argement	Argement
Argent	Argent
Argentin	Argentin, Argentyn
Argomedo	Argomedo
Argomet	Argomet
Argui	Argui, Arguy
Argurto	Argurto
Ariaga	Ariaga, Aryaga
Arian	Arian, Aryan
Arias	Arias
Aricha	Aricha, Arycha
Aricheta	Aricheta
Arieata	Arieata
Arien	Arien, Erin, Eryn
Arieta	Arieta, Arietta, Aryetta
Ariga	Ariga
Arigo	Arigo
Arinet	Arinet, Arrynet
Aringorem	Aringorem, Aryngorem
Ariola	Ariola
Ariota	Ariota
Aris	Aris, Arrys, Arys, Aryse, Ris, Rise, Rys, Ryse, Rysse
Arisaga	Arisaga
Arisaval	Arisaval, Arisavale
Arisavallo	Arisavallo, Arisavalo
Arismaker	Arismaker, Arysmaker
Arismed	Arismed, Arismede
Arismenda	Arismenda, Arysmenda
Arismendi	Arismendi, Arismendy, Arysmendy
Arista	Arista, Rista, Rysta
Arkai	Arkai, Arkay
Arkcland	Arkcland
Arkei	Arkei, Arkey
Arkenego	Arkenego
Arkeno	Arkeno
Arkereo	Arkereo
Arkil	Arkil, Arkyle
Arkin	Arkin, Arkyn
Arkinbaldo	Arkinbaldo
Arlandson	Arlandson
Arlanson	Arlanson
Arlen	Arlen
Arletes	Arletes, Arlettes
Arleto	Arleto, Arletto
Arllounson	Arllounson, Arlounson
Arlond	Arlond
Arlondson	Arlondson
Arlonson	Arlonson
Arlotson	Arlotson
Arlounso	Arlounso
Arman	Arman, Armen, Armon, Armone
Armarigo	Armarigo
Armas	Armas
Armendus	Armendus
Armerer	Armerer, Armorour, Armurer
Armes	Armes, Arms
Armesberi	Armesberi, Armesbery
Armeston	Armeston, Armestone
Armestrong	Armestrong, Armestronge
Armestroung	Armestroung, Armestrounge
Armet	Armet, Armett
Armew	Armew, Armewe
Armewes	Armewes, Armews
Armewth	Armewth, Armewthe
Armis	Armis, Armys
Armisberi	Armisberi, Armisbery, Armysbery
Armisberie	Armisberie, Armysberye
Armitag	Armitag, Armitage
Armor	Armor
Armorer	Armorer
Armorum	Armorum
Armusko	Armusko
Armuth	Armuth, Armuthe
Arn	Arn, Arne, Arnewei, Arnewey
Arnald	Arnald, Arnalde, Arnold, Arnolde
Arnaldeson	Arnaldeson, Arnaldesone, Arnaldesson, Arnaldison, Arnaldisson
Arnaldi	Arnaldi, Arnaldy
Arnaldo	Arnaldo
Arnaldson	Arnaldson, Arnaldsone, Arnaldsson
Arnando	Arnando
Arnani	Arnani, Arnany
Arnaud	Arnaud, Arno, Arnow, Arnowe
Arnawd	Arnawd, Arnawde
Arnawdin	Arnawdin, Arnawdyn
Arnbergh	Arnbergh, Arnebergh, Arneberghe
Arnd	Arnd, Arnde, Arned, Arnnd
Arndeson	Arndeson, Arnndeson, Arnndesson
Arndson	Arndson
Arnebolt	Arnebolt, Arnebolte
Arneborw	Arneborw
Arneburi	Arneburi, Arnebury
Arnedeson	Arnedeson, Arnedesson
Arnedson	Arnedson
Arnei	Arnei, Arney
Arnemoth	Arnemoth, Arnemouth
Arnemowth	Arnemowth
Arnesthorp	Arnesthorp, Arnesthorpe
Arneta	Arneta, Arnetta
Arnew	Arnew, Arnewe
Arneweie	Arneweie, Arneweye
Arnod	Arnod
Arnol	Arnol, Arnoll, Arnolle
Arnoldes	Arnoldes
Arnoldeson	Arnoldeson, Arnoldesson, Arnoldison, Arnoldisson, Arnoldysson
Arnoldffyn	Arnoldffyn, Arnoldffyne, Arnoldfin, Arnoldfyne, Arnoldfynne
Arnoldfini	Arnoldfini
Arnoldi	Arnoldi
Arnoldia	Arnoldia
Arnoldo	Arnoldo
Arnoldson	Arnoldson, Arnoldsson
Arnoldus	Arnoldus
Arnolt	Arnolt
Arnson	Arnson, Arnsson
Arnster	Arnster
Arnwei	Arnwei, Arnwey
Aro	Aro, Arro
Arocha	Arocha
Arochea	Arochea
Arogasa	Arogasa, Arrogassa
Arogosa	Arogosa, Arrogosa, Arrogossa
Arogustia	Arogustia
Arola	Arola, Arrola
Arosmend	Arosmend, Arosmende
Aroug	Aroug, Arrouge
Arow	Arow, Arowe, Auro, Ro, Roe, Row, Rowe, Wro
Arowd	Arowd, Arowde
Arsa	Arsa, Arssa
Arsaval	Arsaval, Arsavale, Arssavalle
Arsavala	Arsavala, Arssavalla
Arsavalea	Arsavalea, Arsavallea
Arsavalo	Arsavalo, Arssavallo
Arsenegra	Arsenegra, Arssenegra
Arsenio	Arsenio
Arser	Arser
Arsik	Arsik, Arssyk
Arsinegra	Arsinegra
Arso	Arso, Arsso
Arson	Arson
Arsuo	Arsuo
Art	Art, Arte, Artte
Artach	Artach, Artache
Artas	Artas, Artasse
Artasa	Artasa, Artassa
Arteca	Arteca
Artek	Artek
Artelico	Artelico
Artem	Artem
Arten	Arten
Artes	Artes
Arteson	Arteson, Artesson
Arteta	Arteta
Artheri	Artheri
Arthur	Arthur, Arthure
Arthuri	Arthuri
Arthuris	Arthuris
Arthuro	Arthuro
Artiago	Artiago
Artilago	Artilago, Artylago
Artis	Artis, Artys
Artisa	Artisa, Artissa
Artiso	Artiso, Artisso
Artobo	Artobo
Artoch	Artoch, Artoche
Artolosa	Artolosa
Artor	Artor, Artur
Artough	Artough, Arttough
Artour	Artour
Artson	Artson
Arturo	Arturo
Aruckes	Aruckes
Arun	Arun
Arund	Arund, Arunde
Arundel	Arundel, Arundell
Arusavallo	Arusavallo, Arusavalo
Arvida	Arvida
Arwehed	Arwehed
As	As, Asse
Asa	Asa, Assa
Asai	Asai, Assay
Asala	Asala
Asareto	Asareto
Asato	Asato, Assato
Asaveda	Asaveda, Assaveda
Asb	Asb, Asbe
Asbek	Asbek
Asbert	Asbert
Asburn	Asburn, Asburne, Aschebourn, Aschebourne, Ascheburn, Ascheburne, Asheborn, Ashebourn, Asschebourne, Asscheburne, Assheborne, Asshebourne
Ascelino	Ascelino
Ascelmi	Ascelmi
Asch	Asch, Asche, Ash, Ashe, Assh, Asshe
Aschburi	Aschburi, Aschbury, Asheburi, Asshebury
Aschelak	Aschelak, Asschelake
Aschewel	Aschewel, Aschewelle, Ashewel, Asshewell, Asshewelle
Ascin	Ascin, Ascine, Osin, Osyn
Ascue	Ascue, Askoo, Askue
Asdrina	Asdrina, Asdryna
Asebek	Asebek
Asebert	Asebert, Assebert
Asebi	Asebi, Aseby
Aseborn	Aseborn, Asseborn
Asela	Asela
Aselen	Aselen, Asselen
Aseleson	Aseleson, Assellesson
Aselin	Aselin, Asselin, Asselyn
Aselino	Aselino, Asselino, Assellyno
Asens	Asens, Assens
Aserman	Aserman
Aserva	Aserva, Asserva
Aseta	Aseta, Assetta
Asezar	Asezar, Assezar
Asgod	Asgod, Asgode
Asham	Asham
Ashbi	Ashbi, Asshby
Ashebi	Ashebi, Assheby
Ashebie	Ashebie, Ashebye
Ashecomb	Ashecomb, Ashkam, Askeham, Asshecombe
Asheford	Asheford, Assheford
Ashelei	Ashelei, Asheley, Assheley
Asheler	Asheler, Assheler
Ashelin	Ashelin, Ashelyn
Ashem	Ashem, Assheme
Asheman	Asheman, Assheman
Asher	Asher, Ashir, Asshyr
Asherhous	Asherhous, Assherhouse
Ashering	Ashering, Asheryng
Ashet	Ashet, Ashette
Asheton	Asheton, Assheton
Ashford	Ashford, Asshford
Ashing	Ashing
Ashlei	Ashlei, Ashley, Aslei, Asley, Asshley
Ashton	Ashton, Asshton, Asston, Aston, Astone
Ashwel	Ashwel, Ashwelle, Asshwell, Asshwelle
Asign	Asign, Assign, Assigne
Asilino	Asilino, Assilino
Asinega	Asinega, Asynega
Asingn	Asingn, Assingne
Asinus	Asinus, Assinnus
Asio	Asio, Assio
Ask	Ask, Aske
Askaie	Askaie, Askaye
Askam	Askam
Askano	Askano
Askein	Askein, Askeyne
Asken	Asken
Askero	Askero
Asket	Asket, Askett, Askot
Askew	Askew, Askewe, Asskew
Askham	Askham
Askow	Askow
Asla	Asla
Aslak	Aslak
Aslam	Aslam
Aslen	Aslen, Asslen, Asslene
Asleno	Asleno
Asles	Asles
Aslin	Aslin, Asline, Aslyn, Aslyne, Asslin, Asslyn
Aslino	Aslino, Asslino
Asmak	Asmak, Asmake
Asmer	Asmer
Asmis	Asmis, Asmys, Assmis
Asmond	Asmond, Asmonde
Asna	Asna
Aso	Aso, Asso
Asolino	Asolino, Assolino, Assolyno
Asolo	Asolo
Ason	Ason, Asson
Asordus	Asordus, Assordus
Aspen	Aspen
Asper	Asper, Aspere, Assper
Aspero	Aspero
Asperon	Asperon
Aspira	Aspira
Assua	Assua, Asua
Assuerus	Assuerus, Asuerus
Assura	Assura, Asura
Assuraga	Assuraga, Asuraga
Assuriago	Assuriago, Asuriago
Ast	Ast, Aste
Astadila	Astadila
Astas	Astas, Astasse
Astavila	Astavila
Astegarevea	Astegarevea
Astel	Astel, Astell
Astelei	Astelei, Asteley, Astelley
Astelin	Astelin, Astelyn
Aster	Aster, Astor, Astore, Astr, Astre
Astevilio	Astevilio
Astevis	Astevis, Astevys
Astigarivea	Astigarivea, Astigarivia, Astigarivya
Astin	Astin, Astine
Astivelio	Astivelio, Astivileo, Astivilio
Astivila	Astivila
Astlei	Astlei, Astley
Astlen	Astlen
Astlin	Astlin, Astlyn, Astlyne
Astlino	Astlino, Astlyno
Astobila	Astobila, Astobilla
Astodel	Astodel, Astodele
Astodillo	Astodillo, Astodilo, Astodyllo
Astorga	Astorga
Astort	Astort
Astovila	Astovila, Astovilla
Astovillo	Astovillo, Astovilo
Astraie	Astraie, Astraye
Astri	Astri, Astrie, Astry, Astrye
Astrich	Astrich, Astriche, Astrych
Astrish	Astrish, Astryshe
Astrokisa	Astrokisa, Astrokissa
Astucand	Astucand
Asturias	Asturias
Astwik	Astwik, Astwike
Asvil	Asvil, Asvile
Atagor	Atagor, Atagur, Attagore, Attagur
Atagoren	Atagoren, Attagoren
Atagorie	Atagorie, Attagorye
Atain	Atain, Attayne
Atekenson	Atekenson, Attekenson
Atenaich	Atenaich, Attenaich
Atenich	Atenich, Attenich
Atenisch	Atenisch, Attenisch
Aterdern	Aterdern, Atterderne
Athelam	Athelam
Athelard	Athelard
Atherl	Atherl, Atherle
Atherlei	Atherlei, Atherley
Atherton	Atherton
Atherwik	Atherwik, Atherwyk
Athow	Athow, Athowe
Athur	Athur, Atthur
Atkinges	Atkinges, Atkynges
Atkins	Atkins, Atkyns, Attkins, Attkyns
Atkinson	Atkinson, Atkynnson, Atkynson, Atkynsson, Attkynson
Atmaker	Atmaker
Atobel	Atobel, Attobell
Atol	Atol, Attoll
Atola	Atola, Attolla
Atowot	Atowot, Attowot
Atredern	Atredern, Attrederne
Attwele	Attwele, Attwell, Attwelle, Atwel, Atwell, Atwelle
Attwyll	Attwyll, Atwil, Atwill, Atwille, Atwyll, Atwylle
Atuda	Atuda
Atweles	Atweles, Atwelles
Atwood	Atwood
Aubrei	Aubrei, Aubrey, Awbrei, Awbrey
Auco	Auco
Aucton	Aucton
Auctor	Auctor, Auctore
Auctoris	Auctoris, Auctorys
Audanet	Audanet
Auddonance	Auddonance, Audonanc
Audebi	Audebi, Audeby
Audel	Audel, Audele, Odel, Odele
Audelei	Audelei, Audeley
Audemer	Audemer
Audesl	Audesl, Audesle
Audeslei	Audeslei, Audesley
Audeson	Audeson
Audlebi	Audlebi, Audleby
Audlei	Audlei, Audley, Awdlei, Awdley
Audleis	Audleis, Audleys
Audli	Audli, Audly
Audoeno	Audoeno
Audr	Audr
Audrei	Audrei, Audrey
Audres	Audres
Audrian	Audrian, Audriane, Audryan, Awdrian
Audriano	Audriano, Awdriano
Audrianson	Audrianson
Audseli	Audseli, Audsely
Audslei	Audslei, Audsley
Audwin	Audwin, Audwyn, Awdwin, Awdwyn
Aug	Aug, Awgust
Auger	Auger, Awger
Aught	Aught, Aughte, Awt, Awte
Augir	Augir, Augyr
Augo	Augo
Augu	Augu
Augulon	Augulon
Augus	Augus
August	August, Auguste
Augusti	Augusti, Augustie, Augustii, Augusty
Augustin	Augustin, Augustine, Augustyn, Augustyne
Augustini	Augustini
Augustino	Augustino, Augustyno, Awgustino
Augusto	Augusto
Aulberto	Aulberto
Aulbertson	Aulbertson
Aulbrightson	Aulbrightson
Aulcelmo	Aulcelmo
Auldred	Auldred
Auldrich	Auldrich, Auldriche, Awldrich, Awldriche
Aulerns	Aulerns, Aullerns
Aulfonses	Aulfonses
Aulfonso	Aulfonso
Aulford	Aulford, Aulforde
Aulkesa	Aulkesa, Aulkessa
Aulsa	Aulsa
Aultham	Aultham
Aulveri	Aulveri
Aulvero	Aulvero
Aulvoro	Aulvoro
Aumer	Aumer
Aunceham	Aunceham
Auncel	Auncel, Auncell, Auncelle, Aunsel, Aunsele, Aunsell, Aunselle
Auncher	Auncher, Auntchor
Aunei	Aunei, Auney
Auneis	Auneis, Auneys
Aung	Aung
Aunger	Aunger
Aunis	Aunis
Aunislei	Aunislei, Aunysley
Aunsei	Aunsei, Aunsey
Auntres	Auntres
Auntros	Auntros, Auntrose
Aurea	Aurea
Aurelio	Aurelio
Aureo	Aureo, Reo
Auria	Auria
Aurio	Aurio, Oreo
Aurod	Aurod, Aurode, Rod, Rode, Wrod, Wrode
Austein	Austein, Austeyn
Austen	Austen, Austin, Auston, Austyn, Austyne, Awsten, Awston
Austr	Austr, Austre
Authorp	Authorp, Authorpe, Authorppe, Awthorp, Awthorpe, Awthorpp, Awthorppe
Authur	Authur, Authure
Autson	Autson
Auvero	Auvero
Auwern	Auwern
Aux	Aux, Auxe, Ow, Owe
Ava	Ava, Eva
Avaunt	Avaunt
Avelin	Avelin, Avelyn
Avelion	Avelion
Aveman	Aveman
Avenant	Avenant
Avenaunt	Avenaunt
Avenel	Avenel, Avenelle
Avenelt	Avenelt
Aveni	Aveni, Aveny
Avening	Avening, Avenyng
Avenon	Avenon
Avenor	Avenor, Avenour
Avent	Avent, Aventte
Aventur	Aventur, Aventure
Aveo	Aveo
Avera	Avera
Averai	Averai, Averay
Averaie	Averaie, Averaye
Averedo	Averedo
Averei	Averei, Averey
Averel	Averel, Averell
Averi	Averi, Avery
Averiani	Averiani
Averie	Averie
Averil	Averil, Averylle
Avering	Avering, Averyng
Averio	Averio
Avermew	Avermew
Aves	Aves
Avic	Avic, Avice
Avis	Avis, Avise, Avys, Avyse
Avixio	Avixio
Avus	Avus
Aw	Aw, Awe
Awai	Awai, Away
Awbes	Awbes
Awbis	Awbis
Awbri	Awbri, Awbrie, Awbry, Awbrye
Awdelei	Awdelei, Awdeley
Awdeleie	Awdeleie, Awdeleye, Awdeli, Awdely
Awdeleis	Awdeleis
Awdlai	Awdlai, Awdlay
Awdleis	Awdleis, Awdleys
Awdmar	Awdmar
Awei	Awei, Awey
Awerus	Awerus
Awesten	Awesten
Awg	Awg, Awge
Awgei	Awgei, Awgey
Awgi	Awgi, Awgy
Awgustin	Awgustin, Awgustine
Awinsham	Awinsham, Awynsham
Awmener	Awmener
Awnceham	Awnceham
Awncel	Awncel, Awncell, Awncelle, Awnsel, Awnsell
Awns	Awns, Awnse
Awnsham	Awnsham
Awpart	Awpart
Awst	Awst
Awstin	Awstin, Awstine, Awstyn, Awstyne
Awstright	Awstright, Oughstright
Awtenus	Awtenus
Awthenes	Awthenes
Axei	Axei, Axey
Ba	Ba
Baat	Baat, Bot, Bote, Bott, Botte
Babar	Babar
Babarin	Babarin, Babaryn
Babbecombe	Babbecombe, Babecomb
Babington	Babington, Babyngton
Babler	Babler
Babrok	Babrok, Babroke
Babtist	Babtist
Babtista	Babtista
Bac	Bac, Bace, Back, Backe, Bak, Bake, Bakke
Bacar	Bacar, Bakar, Bakkar
Baccoun	Baccoun, Bacoun, Bacoune
Bach	Bach, Bache, Boch, Bock, Bok, Boke
Bachcroft	Bachcroft, Bachcrofte, Bachecroft, Bachecrofte
Bacheford	Bacheford
Bacheler	Bacheler
Bachels	Bachels
Bachiler	Bachiler
Backar	Backar
Backen	Backen, Bakon
Backer	Backer
Backman	Backman
Backton	Backton, Bacton, Bakton
Bacon	Bacon, Baken
Bacster	Bacster, Bakster, Baxster, Baxter
Badbi	Badbi, Badby, Baddby
Badcock	Badcock, Badcocke, Badcok, Badcoke
Baderck	Baderck, Badercke
Badewer	Badewer
Badiano	Badiano
Badner	Badner
Badower	Badower
Bads	Bads, Badse
Badsard	Badsard
Badwino	Badwino
Bafeld	Bafeld, Baffelde
Baffo	Baffo, Bafo
Bafford	Bafford, Baford
Baffyld	Baffyld, Baffylde, Bafild
Bag	Bag, Bagge
Bagard	Bagard
Bagecroft	Bagecroft, Bagecrofte
Bagot	Bagot
Bagthwait	Bagthwait, Bagthwaite, Bagthwayte
Bagthwart	Bagthwart
Bagthweit	Bagthweit, Bagthweyt
Bahaw	Bahaw, Bahawe
Bai	Bai, Bay
Baian	Baian, Bayan
Baiard	Baiard, Bayard
Baiart	Baiart, Bayart
Baibrok	Baibrok, Baybrok, Baybroke
Baicer	Baicer, Baycer, Buser, Busser
Baidok	Baidok, Baydok
Baie	Baie, Baye
Baier	Baier, Bayer
Baierd	Baierd, Bayerd
Baies	Baies, Bayes
Baieson	Baieson, Baison, Baisson, Bayesson, Bayson, Baysson
Baigueta	Baigueta
Baiing	Baiing, Baying
Bail	Bail, Baile, Baille, Bayle
Bailard	Bailard
Baildon	Baildon
Bailei	Bailei, Bayley
Bailes	Bailes, Bales, Balles
Baileson	Baileson, Bayleson
Bailet	Bailet, Baylet, Baylett
Baili	Baili, Bailie, Bailli, Bailly, Baillye, Baily, Bailye, Baylie, Baylly, Bayly, Baylye
Bailin	Bailin, Baylyn
Bailo	Bailo
Baimer	Baimer, Baymer
Bain	Bain, Bayne
Bainam	Bainam, Baynam
Bainard	Bainard, Bainerd, Baynard, Baynerd
Bainbrig	Bainbrig, Baynbrigge
Baineham	Baineham, Bainham, Bayneham, Baynham
Baines	Baines, Banes, Bannes, Baynes
Baington	Baington, Bayngton
Bainig	Bainig, Baynyg
Baining	Baining, Baynyng
Bainos	Bainos, Baynos
Bainton	Bainton, Baynton
Baion	Baion, Bajon, Bajone, Bayon
Baiona	Baiona, Bajona, Bajonna, Bayona
Baionam	Baionam, Bajonam
Baiones	Baiones
Baira	Baira
Bairflet	Bairflet, Bayrflete
Baischian	Baischian, Bayschyan
Bait	Bait, Bayte
Baiton	Baiton, Batin, Batyn, Bayton, Betain, Betayne
Bakard	Bakard, Bakkard
Bakber	Bakber, Bakbere
Bakberd	Bakberd
Bakchild	Bakchild, Bakchilde
Bakeber	Bakeber, Bakebere
Baker	Baker, Bakerr, Bakker, Balker
Bakeraie	Bakeraie, Bakeraye
Bakers	Bakers
Bakington	Bakington, Bakyngton
Bal	Bal, Bale, Ball, Balle
Balaie	Balaie, Balaye
Balan	Balan
Balanc	Balanc, Balance
Baland	Baland
Balanger	Balanger
Balans	Balans, Balanse, Balens
Balar	Balar
Balard	Balard, Ballard, Ballarde
Balasio	Balasio, Balasyo
Balauncemaker	Balauncemaker
Balauns	Balauns, Balaunse
Balaunsmaker	Balaunsmaker
Balbani	Balbani, Balbany
Balbi	Balbi, Balbie, Balby, Balbye
Balbin	Balbin, Balbyn, Balbyne
Balbinus	Balbinus
Balbo	Balbo
Bald	Bald, Balde
Baldebelso	Baldebelso
Baldebelson	Baldebelson
Balderi	Balderi, Baldery
Baldewin	Baldewin, Baldewyn, Baldin, Baldyn
Baldewino	Baldewino, Baldewyno
Baldi	Baldi, Baldy
Balding	Balding, Baldynge
Baldisch	Baldisch
Baldo	Baldo
Baldobelson	Baldobelson
Baldolet	Baldolet, Baledolet, Baledolete
Baldor	Baldor, Baldore
Baldr	Baldr, Baldre
Baldri	Baldri, Baldrie, Baldry, Baldrye
Baldwin	Baldwin, Baldwyn
Baldwino	Baldwino
Balecod	Balecod, Balecodde
Balegea	Balegea
Balehorn	Balehorn, Ballehorne
Balei	Balei, Balley
Balerd	Balerd, Ballerd
Balert	Balert, Ballert
Balesia	Balesia
Balesila	Balesila, Ballessilla
Balesilia	Balesilia, Balessilia
Balesio	Balesio
Balestr	Balestr, Balestre
Balet	Balet, Ballet
Balfot	Balfot, Balfote
Balgis	Balgis, Ballgys
Bali	Bali, Balie, Bally, Ballye, Baly
Balifet	Balifet, Ballyffett
Balifot	Balifot, Balyffot
Baligaunt	Baligaunt, Balygaunte
Baling	Baling, Ballynge
Baliot	Baliot, Baliote
Balis	Balis, Ballys
Balisila	Balisila, Balisilla, Balissilla, Ballissilla
Balitza	Balitza, Balytza
Balivet	Balivet, Ballyvet, Balyvet
Balk	Balk, Balke
Balman	Balman
Balmazedo	Balmazedo
Balsam	Balsam, Balsame
Balsamo	Balsamo
Balsar	Balsar
Balser	Balser
Balsham	Balsham
Balson	Balson
Balst	Balst
Balt	Balt
Baltasar	Baltasar
Baltazar	Baltazar
Baltazaro	Baltazaro
Baltazer	Baltazer
Baltezar	Baltezar
Balthasar	Balthasar, Balthaser
Balthazar	Balthazar, Balthazer
Balthazor	Balthazor
Balther	Balther
Baltheser	Baltheser
Balthiser	Balthiser
Balthizer	Balthizer
Baltiser	Baltiser, Baltizor
Baltizar	Baltizar
Baltizaris	Baltizaris
Baltizer	Baltizer
Baltri	Baltri, Baltry
Bam	Bam, Bamb, Bambe, Bame, Bamme
Bamar	Bamar, Bamare, Bomar
Bambow	Bambow
Bamford	Bamford
Ban	Ban, Bane
Banaster	Banaster, Banastr, Banastre, Bannaster
Banastri	Banastri, Banastry
Banberi	Banberi, Banbery
Banburi	Banburi, Banbury
Banch	Banch, Banche
Banchow	Banchow, Banchowe
Banck	Banck, Bancke, Bank, Banke, Banncke
Banckes	Banckes, Bankes, Bannckes, Bannkes
Banco	Banco, Bancow, Bancowe, Bankow, Bankowe
Bancroft	Bancroft, Bancrofte
Band	Band, Bande
Baner	Baner, Banner
Banester	Banester, Banestr, Banestre, Bannester
Banestier	Banestier, Banestir, Bannestier
Banet	Banet, Bannet
Bangel	Bangel, Bangell, Bangelle
Bangh	Bangh, Banghe
Bangil	Bangil, Bangill, Bangille, Bangyll, Bangylle
Bangora	Bangora
Bangwhait	Bangwhait, Bangwhayte
Bania	Bania, Bannya
Baniard	Baniard, Bannyard, Banyard
Banias	Banias, Banyas
Banirchid	Banirchid, Banirchide
Banistar	Banistar, Banystar
Banister	Banister, Bannister, Bannyster, Banyster
Bankeir	Bankeir, Bankeyr
Banken	Banken
Bankenot	Bankenot, Banknot, Banknott
Bankis	Bankis, Bankys
Banst	Banst, Banste
Banstan	Banstan
Bansted	Bansted
Baphams	Baphams
Baptisa	Baptisa
Baptist	Baptist, Baptiste, Baptyst
Baptista	Baptista, Baptysta
Baptistam	Baptistam
Baptisto	Baptisto
Bar	Bar, Bare, Barr, Barre
Bara	Bara, Barra
Barabara	Barabara, Barrabara
Baradei	Baradei, Baradey, Barradey
Baradew	Baradew
Baradi	Baradi, Barady
Baragin	Baragin, Baragyn
Baragon	Baragon
Baram	Baram
Baranda	Baranda
Barando	Barando
Baranis	Baranis, Barranys
Barans	Barans
Baranstis	Baranstis, Baranstys
Barantin	Barantin, Barantyn
Barard	Barard
Baras	Baras, Barras
Baraseta	Baraseta, Barraseta
Barastico	Barastico
Barastigo	Barastigo
Barasweta	Barasweta
Barat	Barat
Baratram	Baratram
Barb	Barb, Barbe
Barbara	Barbara
Barbarego	Barbarego
Barbarigo	Barbarigo, Barbarygo
Barbaro	Barbaro
Barbarosa	Barbarosa
Barbas	Barbas
Barbelei	Barbelei, Barbeley
Barbelur	Barbelur, Barbelure
Barbeo	Barbeo
Barber	Barber, Barbere, Barbor, Barbour, Barboure, Barbr, Barbre, Barbur
Barbera	Barbera
Barberio	Barberio
Barberior	Barberior
Barbernson	Barbernson
Barbero	Barbero
Barbes	Barbes
Barbew	Barbew, Barbewe, Barbu
Barbi	Barbi, Barby
Barbier	Barbier
Barbil	Barbil, Barbille
Barbo	Barbo
Barbori	Barbori, Barbory
Barboro	Barboro
Barbos	Barbos, Barbose
Barbosa	Barbosa
Barc	Barc, Barce, Barck, Barcke, Bark, Barke
Barcam	Barcam, Barkam
Barcellona	Barcellona, Barcelona
Barckeman	Barckeman
Barckman	Barckman, Barkeman, Barkman
Barcos	Barcos, Barcosse
Bard	Bard, Barde
Bardeger	Bardeger
Barden	Barden, Bardene
Barder	Barder
Bardero	Bardero
Bardes	Bardes
Bardeslei	Bardeslei, Bardesley
Bardeson	Bardeson, Bardesson, Bardessone, Bardison, Bardisson
Bardew	Bardew, Bardewe
Bardewich	Bardewich, Bardewiche
Bardewik	Bardewik, Bardewyk
Bardi	Bardi, Bardy
Bardigar	Bardigar, Bardiger, Bardyger
Bardigier	Bardigier
Bardin	Bardin, Bardyne
Bardinger	Bardinger, Bardynger
Bardislei	Bardislei, Bardisley
Bardman	Bardman
Bardo	Bardo, Bardow, Bardowe
Bardolf	Bardolf, Bardolfe, Bardolffe
Bardolfeson	Bardolfeson, Bardolfesson
Bardon	Bardon
Bardowich	Bardowich
Bardslei	Bardslei, Bardsley
Bardson	Bardson
Barduci	Barduci
Bardus	Bardus
Bardwich	Bardwich, Bardwiche, Bardwyche
Bareca	Bareca, Barreca
Barei	Barei
Barel	Barel, Barell, Barelle
Baren	Baren
Barenard	Barenard
Barendo	Barendo
Barentin	Barentin, Barentine, Barentyn, Barentyne
Barer	Barer, Barrer
Bares	Bares, Barres, Bures
Baresti	Baresti, Baresty
Bareswet	Bareswet, Bareswette
Baresweta	Baresweta, Bareswetta
Baret	Baret, Barett, Barette, Barret, Barrett
Bareta	Bareta, Baretta
Bareton	Bareton
Barew	Barew, Barewe
Barfeld	Barfeld, Barfelde, Barffeld
Barffote	Barffote, Barfot, Barfote, Barfott, Barfotte
Barflet	Barflet, Barflete
Barfoteson	Barfoteson
Barg	Barg, Barge, Bargh, Barghe
Bargaden	Bargaden
Bargadin	Bargadin, Bargadyn
Bargag	Bargag, Bargage
Bargain	Bargain, Bargaine, Bargan, Bargane, Bargayn, Bargayne, Bargen, Barghen, Bargon
Bargam	Bargam
Bargein	Bargein, Bargeine, Bargeyn, Bargeyne
Bargelow	Bargelow, Bargelowe
Bargeman	Bargeman
Barges	Barges
Bargin	Bargin, Bargyn
Barhol	Barhol, Barholl
Barholson	Barholson
Bari	Bari, Barie, Barry, Barrye
Barias	Barias
Bariber	Bariber
Barion	Barion, Baryon
Baris	Baris, Barys
Barkai	Barkai, Barkay
Barkar	Barkar, Barkare
Barkei	Barkei, Barkey
Barken	Barken
Barkenrad	Barkenrad, Barkenrade
Barker	Barker
Barkeri	Barkeri, Barkery
Barkerul	Barkerul, Barkerule
Barkes	Barkes
Barkin	Barkin, Barkyn, Barkyne
Barkinder	Barkinder
Barking	Barking, Barkyng, Barkynge
Barkingrod	Barkingrod, Barkyngrode
Barkinrad	Barkinrad, Barkynrade
Barkis	Barkis, Barkys
Barklei	Barklei, Barkley
Barklin	Barklin
Barl	Barl, Barle, Barlle
Barlei	Barlei, Barley
Barli	Barli, Barlie, Barly
Barlin	Barlin, Barline
Barling	Barling, Barlyng
Barlingham	Barlingham, Barlyngham
Barlow	Barlow, Barlowe
Barmeo	Barmeo
Barmew	Barmew
Barmis	Barmis, Barmys
Barn	Barn, Barne, Barnewei, Barnewey
Barnab	Barnab, Barnabe
Barnaba	Barnaba
Barnabi	Barnabi, Barnaby
Barnabo	Barnabo
Barnaca	Barnaca
Barnar	Barnar, Barner
Barnard	Barnard, Barnarde
Barnardi	Barnardi
Barnardo	Barnardo
Barnardson	Barnardson
Barnardum	Barnardum
Barnavil	Barnavil, Barnavile
Barnefeld	Barnefeld
Barneholm	Barneholm
Barnek	Barnek
Barnel	Barnel, Barnell, Barnewel, Barnewell
Barnerd	Barnerd, Barnerde
Barnes	Barnes, Barnnes, Barnns, Barns
Barnested	Barnested, Barnestede
Barnet	Barnet, Barnett
Barnevolt	Barnevolt
Barnew	Barnew
Barnfeld	Barnfeld
Barnies	Barnies, Barnyes
Barnis	Barnis, Barnys
Barnordo	Barnordo
Barnwei	Barnwei, Barnwey
Barnwel	Barnwel, Barnwell
Baroch	Baroch, Brock, Brocke, Brok, Broke
Barocheta	Barocheta
Baroldeson	Baroldeson, Baroldesone
Baron	Baron, Barone
Baronis	Baronis
Barons	Barons
Baronsel	Baronsel, Baronsell
Baronson	Baronson
Baroo	Baroo, Berew
Barosa	Barosa
Barosp	Barosp, Barospe
Barot	Barot, Barrot, Barut, Boret
Barough	Barough, Baroughe
Baroun	Baroun, Baroune
Barow	Barow, Barowe, Barrow, Barrowe, Boro, Borough, Boroughe, Borow, Borowe, Borrow, Borrowe, Bro
Barowden	Barowden
Barowgh	Barowgh, Browgh, Browghe
Barrus	Barrus, Barus
Bars	Bars, Barse, Barsse
Barselan	Barselan, Barselane
Barsia	Barsia
Barslei	Barslei, Barsley
Barsola	Barsola
Barstapl	Barstapl, Barstaple, Barstaplle
Barstow	Barstow, Barstowe
Bart	Bart, Barte, Bartt, Bartte
Bartanton	Bartanton, Bartantone
Bartaram	Bartaram
Bartelet	Bartelet, Bartlet
Bartello	Bartello, Bartelo
Bartelmew	Bartelmew, Bartelmewe
Bartelot	Bartelot, Bartelote, Bartelott, Bartelotte
Barteram	Barteram, Bartram
Barteson	Barteson, Bartesson
Bartet	Bartet
Barth	Barth, Barthe
Barthasar	Barthasar
Barthelemew	Barthelemew, Barthellemew
Barthelmew	Barthelmew, Barthelmewe
Barthen	Barthen
Barthenson	Barthenson, Barthensson, Barthunson, Barthunsson
Bartheu	Bartheu, Barthew
Barthi	Barthi, Barthy
Barthilew	Barthilew, Barthilewe
Barthillmewe	Barthillmewe, Barthilmew, Barthilmewe, Barthyllmew
Barthilmeo	Barthilmeo
Barthiser	Barthiser
Barthlomeo	Barthlomeo
Bartholi	Bartholi
Bartholin	Bartholin, Bartholyn
Barthollomew	Barthollomew, Bartholomew, Bartholomewe
Bartholmeo	Bartholmeo
Bartholmew	Bartholmew
Bartholom	Bartholom, Bartholome
Bartholomei	Bartholomei
Bartholomeii	Bartholomeii
Bartholomeo	Bartholomeo
Bartholomeum	Bartholomeum
Bartholomeus	Bartholomeus
Bartholot	Bartholot
Bartholow	Bartholow, Bartholowe
Barthomew	Barthomew
Barthundowghter	Barthundowghter
Barthunxdoghter	Barthunxdoghter
Barthuson	Barthuson
Barti	Barti, Bartie, Barty
Bartiano	Bartiano
Bartier	Bartier, Bartir, Bartire
Bartil	Bartil, Bartylle
Bartildes	Bartildes, Bartyldes
Bartilison	Bartilison, Bartilisson
Bartilmew	Bartilmew, Bartilmewe, Barttyllmew, Barttyllmewe, Bartyllmew, Bartylmew, Bartylmewe
Bartilomew	Bartilomew, Barttillomew
Bartilot	Bartilot, Bartilott
Bartin	Bartin, Bartyn
Bartino	Bartino
Bartlat	Bartlat
Bartlis	Bartlis, Bartlys
Bartlot	Bartlot, Bartlott, Bartlotte
Bartman	Bartman
Barto	Barto
Bartold	Bartold
Bartoles	Bartoles
Bartolet	Bartolet
Bartolf	Bartolf, Bartolfe, Bartolffe
Barton	Barton, Bartone, Barttone
Bartot	Bartot
Bartour	Bartour
Bartrami	Bartrami
Bartramo	Bartramo
Bartrem	Bartrem
Bartrham	Bartrham
Bartson	Bartson
Bartucium	Bartucium
Bartul	Bartul, Bartull
Bartum	Bartum
Bartusio	Bartusio
Barving	Barving, Barvyng
Barwick	Barwick, Barwyck
Bas	Bas, Base, Basse
Basa	Basa, Basia, Bassa, Bassia
Basabat	Basabat, Bassabate
Basaldo	Basaldo, Bassaldo
Basam	Basam, Basame
Basan	Basan
Basanal	Basanal, Bassanale
Basara	Basara, Bassarra
Basard	Basard, Bosard, Bossard
Basato	Basato, Bassato
Basaval	Basaval, Bassavale, Bassavalle
Basavalo	Basavalo, Bassavalo
Basch	Basch, Basche, Bash, Bashe
Baschion	Baschion, Baschyon
Bascho	Bascho
Basco	Basco
Basedon	Basedon, Bassedon
Basefeld	Basefeld
Baseford	Baseford, Baseforde, Basseford, Basseforde
Baseie	Baseie, Baseye
Basel	Basel, Bassell
Baselei	Baselei, Baseley
Baseleie	Baseleie, Baseleye
Baseler	Baseler, Basseler
Baselio	Baselio
Baselon	Baselon, Basselone
Basener	Basener
Baseo	Baseo
Baser	Baser, Basser
Basert	Basert, Bassert
Baset	Baset, Basett, Basset, Bassete, Bassett, Boset, Bosset
Baseval	Baseval, Bassevale
Basewal	Basewal, Basewalle
Basfeld	Basfeld
Basford	Basford, Basforde
Basher	Basher, Bassher
Bashman	Bashman
Basi	Basi, Bassy
Basil	Basil, Basylle
Basileo	Basileo, Basilio
Basin	Basin, Bassyn, Basyn
Basing	Basing, Bassing, Basyng
Bask	Bask, Baske
Baska	Baska
Baskarfeild	Baskarfeild
Baskei	Baskei, Baskey
Baskerfeild	Baskerfeild, Baskerfild, Baskerfyld
Baskerfeld	Baskerfeld
Baskervil	Baskervil, Baskervile
Basket	Basket
Basketmakar	Basketmakar
Baslei	Baslei, Basley
Baslon	Baslon
Bason	Bason, Basson
Bast	Bast, Baste
Bastano	Bastano
Bastanum	Bastanum
Bastar	Bastar
Bastard	Bastard
Bastean	Bastean
Basteano	Basteano
Basteon	Basteon
Basterwik	Basterwik, Basterwyke
Bastes	Bastes
Bastewik	Bastewik, Bastewyke
Bastian	Bastian, Bastiane, Bastyan
Bastiani	Bastiani
Bastiano	Bastiano, Bastyano
Bastias	Bastias, Bastyas
Bastida	Bastida
Bastien	Bastien, Baston
Bastier	Bastier, Bastyer
Bastilend	Bastilend
Bastines	Bastines, Bastynes
Bastion	Bastion, Bastyon
Bastow	Bastow, Bastowe
Baswet	Baswet, Baswett
Baswit	Baswit, Baswitt
Bat	Bat, Bate, Batt, Batte
Batail	Batail, Bataile, Bataill, Bataille, Batayle
Batailia	Batailia, Bataylia
Batain	Batain, Battayne
Batal	Batal, Batale, Batalle, Botal, Botall, Botalle, Bottall, Bottalle
Batali	Batali, Bataly
Batalia	Batalia
Bateil	Bateil, Bateill
Batel	Batel, Batelle
Bateman	Bateman
Bater	Bater, Batter
Bateron	Bateron
Bates	Bates, Battes
Bateser	Bateser
Batet	Batet, Batett
Batgen	Batgen
Bath	Bath, Bathe
Bathing	Bathing, Bathyng
Bathur	Bathur
Batie	Batie
Batier	Batier
Batildes	Batildes
Batildis	Batildis
Batman	Batman, Battman
Batmanson	Batmanson
Baton	Baton, Batton
Batot	Batot
Batram	Batram
Batrel	Batrel, Batrell
Batrin	Batrin, Batryn
Batron	Batron
Batur	Batur, Bature
Baudenthorp	Baudenthorp
Baudevinson	Baudevinson, Baudevynson
Baudewin	Baudewin, Baudewyn, Baudewyne
Baudewino	Baudewino
Baudin	Baudin, Baudyn
Baudinson	Baudinson, Baudynson
Baudowin	Baudowin, Baudowyn
Baudr	Baudr, Baudre
Baudrie	Baudrie, Bawdri, Bawdry
Baudwin	Baudwin, Baudwyn, Bawdwin, Bawdwyn
Baudwino	Baudwino, Bawdwino, Bawdwyno
Baufitz	Baufitz
Baughraugh	Baughraugh
Baul	Baul, Baule
Bauldwin	Bauldwin, Bauldwyn, Bawldwin, Bawldwyn
Baulthazer	Baulthazer
Bausam	Bausam, Baussamme
Bav	Bav, Bave
Bavard	Bavard
Bavarin	Bavarin, Bavaryn
Bavei	Bavei, Bavey
Baven	Baven, Bavon
Bavent	Bavent
Baverin	Baverin, Baveryn
Bavering	Bavering
Baviser	Baviser, Bavyser
Bavith	Bavith
Bavo	Bavo
Bawd	Bawd, Bawde
Bawdekin	Bawdekin, Bawdekyn
Bawden	Bawden
Bawdet	Bawdet
Bawdewin	Bawdewin, Bawdewyn, Bawdewyne, Bawdin, Bawdyn
Bawdewino	Bawdewino, Bawdewyno
Bawdnet	Bawdnet
Bawdonet	Bawdonet
Bawech	Bawech, Baweche
Bawen	Bawen
Bawerin	Bawerin, Baweryn
Bawith	Bawith
Bawldri	Bawldri, Bawldry
Bawn	Bawn
Bawsak	Bawsak
Baxstar	Baxstar
Be	Be, Bee, Beie, Beye, Bie, Bye
Beaceo	Beaceo
Beach	Beach, Beache
Beago	Beago, Bigow, Bygow
Beagr	Beagr, Beagre
Beal	Beal, Beale, Bealle, Beel, Beele, Beelle, Bil, Bille, Byl, Byle, Bylle
Beam	Beam, Beame, Beem, Beeme, Bim, Bimb, Bymbe, Byme
Beamond	Beamond, Bemond, Bewmond
Beamound	Beamound, Bemound
Beamownt	Beamownt, Bewmount, Bewmounte
Bean	Bean, Beane, Been
Beancko	Beancko, Beanco, Beanko
Beank	Beank, Beanque, Beinc, Beynce
Beans	Beans, Bins, Byns
Bear	Bear, Beare, Bearre
Beas	Beas, Bease, Beasse, Buis, Buys
Beasa	Beasa, Beassa
Beaseo	Beaseo, Beazeo
Beasio	Beasio
Beat	Beat, Beate
Beata	Beata
Beatric	Beatric, Beatrice
Beatris	Beatris, Beatryse
Beatrus	Beatrus
Beauchamp	Beauchamp, Beauchampe
Beauffitz	Beauffitz, Beaufitz
Beauford	Beauford
Beaugrant	Beaugrant
Beaugraunt	Beaugraunt
Beaulie	Beaulie, Beaulye, Boli, Bolly
Beaulien	Beaulien, Beaulyen
Beaulieu	Beaulieu
Beaulin	Beaulin, Beaulyn
Beaumond	Beaumond
Beaumont	Beaumont
Beaupen	Beaupen, Beaupene, Beaupenei, Beaupeney
Beaupeni	Beaupeni, Beaupeny
Beauston	Beauston
Beawpeni	Beawpeni, Beawpeny
Bebela	Bebela
Bebl	Bebl, Beble
Becal	Becal, Becall
Bech	Bech, Beche, Beck, Becke, Bek, Beke, Bekk, Bekke
Becham	Becham, Bechame
Bechamp	Bechamp
Bechar	Bechar
Becher	Becher, Bechir, Becker, Beker, Bekere
Beching	Beching, Bechyng
Bechum	Bechum, Bekam
Beckat	Beckat
Beckeman	Beckeman
Becket	Becket, Beckett
Beckman	Beckman, Bekeman, Bekman
Becon	Becon, Becone
Bed	Bed
Beda	Beda
Bedal	Bedal, Bedale, Bedalle
Bedam	Bedam
Bedaw	Bedaw, Bedawe
Bedea	Bedea
Bedeford	Bedeford, Bedeforde
Bedefordie	Bedefordie
Bedel	Bedel, Bedell, Bedelle
Bedelcomb	Bedelcomb, Bedelcombe
Beden	Beden, Bedon
Bedeson	Bedeson
Bedet	Bedet
Bedevil	Bedevil, Bedevyle
Bedewa	Bedewa
Bedfforde	Bedfforde, Bedford
Bedia	Bedia
Bedian	Bedian, Bedyan
Bedil	Bedil, Bedille, Bedylle
Bedilcom	Bedilcom, Bedilcome
Bedingclop	Bedingclop
Bedington	Bedington, Bedyngton
Bedkins	Bedkins, Bedkyns
Bedmaker	Bedmaker
Bedmor	Bedmor, Bedmore
Bedna	Bedna
Bedot	Bedot, Bedott
Bedston	Bedston
Bedwa	Bedwa
Beer	Beer, Beir, Beyr, Beyre
Beerman	Beerman
Beermes	Beermes
Bef	Bef, Beffe
Befard	Befard
Befot	Befot, Befott
Beg	Beg
Begl	Begl, Begle
Begod	Begod
Begona	Begona
Begonia	Begonia
Begraunt	Begraunt
Beheld	Beheld
Behof	Behof, Behoff
Behold	Behold, Beholde
Beholdemed	Beholdemed, Beholdemede
Behow	Behow, Behowe
Bei	Bei, Bey
Beiasiosa	Beiasiosa, Beyasiosa
Beier	Beier, Beyer
Beikar	Beikar, Beykar, Bikar, Bykar
Beiker	Beiker, Biker, Byker
Beilei	Beilei, Beyley
Beilmari	Beilmari, Beilmary
Beinam	Beinam, Beynam
Beineham	Beineham, Beinham, Beyneham, Beynham
Beington	Beington, Beyngton
Beinton	Beinton, Beynton
Beirbruiar	Beirbruiar
Beirebrewar	Beirebrewar, Beirebreware
Beirer	Beirer, Beyrer
Beison	Beison, Beyson, Bison, Byson, Bysson
Beisper	Beisper, Beysper
Beiston	Beiston, Beystone
Beites	Beites, Beytes
Beiwhit	Beiwhit, Beywhyt
Bekehowson	Bekehowson
Bekel	Bekel, Bekelle
Bekenet	Bekenet
Bekensal	Bekensal, Bekensall, Bekensalle
Bekerer	Bekerer, Bekerere
Bekering	Bekering, Bekeryng
Beket	Beket, Bekett, Bekette, Bekkette
Bekin	Bekin, Bekyn
Bekingdon	Bekingdon, Bekyngdon
Bekingham	Bekingham
Bekinsal	Bekinsal, Bekinsall
Bekir	Bekir
Beksew	Beksew
Bekwith	Bekwith, Bekwyth
Bel	Bel, Bele, Bell, Belle
Beladego	Beladego
Belagaie	Belagaie, Belagaye
Belai	Belai, Bellay
Belami	Belami, Bellamy
Belamie	Belamie, Bellamie, Bellamye
Belamo	Belamo
Belandi	Belandi, Belandy
Belani	Belani, Bellany
Belans	Belans
Belar	Belar, Bellar
Belard	Belard
Belardes	Belardes
Belarin	Belarin, Bellaryn
Belas	Belas, Bellas
Belaso	Belaso
Belavest	Belavest, Belaveste
Belavot	Belavot, Bellavote
Belbow	Belbow
Belbrig	Belbrig, Belbrigge
Belchambr	Belchambr, Belchambre
Belcher	Belcher
Belchior	Belchior
Belchor	Belchor, Belker
Beld	Beld, Belde
Belebi	Belebi, Beleby
Belebin	Belebin, Bellebyn
Belegio	Belegio
Belegrav	Belegrav, Bellegrave
Belehai	Belehai, Belehay
Belela	Belela
Belem	Belem
Belena	Belena
Belenger	Belenger
Belening	Belening, Belenyng
Beler	Beler
Beles	Beles, Belles
Belesdon	Belesdon, Bellesdon
Belesin	Belesin, Belesyne
Belet	Belet, Bellett
Beleter	Beleter, Belleter
Belevider	Belevider, Belevyder
Belfort	Belfort, Belforte
Belgai	Belgai, Belgay
Belgrav	Belgrav, Belgrave
Belhowgen	Belhowgen
Belhowis	Belhowis, Belhowys
Beli	Beli, Belly
Belialio	Belialio
Belimaker	Belimaker, Belymaker
Belin	Belin, Bellyn, Belyn, Belyne
Beling	Beling, Belling, Bellyng, Belyng
Belingam	Belingam, Belyngame
Belingbergh	Belingbergh, Belingburgh, Belyngbergh
Belinger	Belinger, Belynger
Belingham	Belingham, Belyngham
Belington	Belington, Belyngton, Blington, Blyngton
Belisardo	Belisardo
Belivant	Belivant, Bellyvantte
Beliveder	Beliveder, Belyveder
Belizardo	Belizardo
Bello	Bello, Belo
Belloso	Belloso, Beloso
Bellow	Bellow, Below
Belmaker	Belmaker
Belon	Belon
Belot	Belot
Beloun	Beloun
Belowmaker	Belowmaker
Belsar	Belsar
Belser	Belser
Belster	Belster
Belt	Belt
Beltik	Beltik
Beltinees	Beltinees, Beltynees
Beltolt	Beltolt
Belton	Belton
Beltram	Beltram, Beltrame
Beltramo	Beltramo
Beltrano	Beltrano
Belvider	Belvider, Belvyder
Belvil	Belvil, Belvyle
Belvor	Belvor, Belvore
Bem	Bem, Beme
Bembo	Bembo, Bembow, Bembowe
Bemck	Bemck, Bemcke
Bemil	Bemil, Bemylle
Bemoamd	Bemoamd
Bemoun	Bemoun
Ben	Ben, Bene, Benne
Benalio	Benalio
Benam	Benam
Benas	Benas, Benase
Benasdo	Benasdo
Benaught	Benaught
Benbath	Benbath, Benbathe
Benbow	Benbow, Benbowe
Bench	Bench, Benche
Benchekin	Benchekin, Benchekyn
Benchelei	Benchelei, Bencheley
Benchevin	Benchevin, Benchevyn
Bend	Bend, Bende
Bender	Bender
Bendick	Bendick
Bendicto	Bendicto
Bendisch	Bendisch, Bendish, Bendissh, Bendysch
Bendlei	Bendlei, Bendley
Bendon	Bendon
Beneaqua	Beneaqua
Benecop	Benecop, Benecope
Beneden	Beneden, Benedene
Benedic	Benedic, Benedick, Benedicke, Benedik, Benedyk, Bennedicke
Benedicco	Benedicco, Benedico
Benedici	Benedici
Benedict	Benedict
Benedicta	Benedicta
Benedicti	Benedicti
Benedicto	Benedicto
Benedictum	Benedictum
Benedictus	Benedictus
Benediso	Benediso
Benedson	Benedson, Bennedson
Beneflet	Beneflet, Beneflete, Benflet, Benflete
Benegas	Benegas, Benegase
Beneit	Beneit, Benet, Benett, Benette, Beneyt, Benit, Bennet, Bennett, Benyt
Benek	Benek, Bennek
Benert	Benert
Benes	Benes, Benis, Bennes, Benys
Beneson	Beneson, Benison, Benneson, Bennison, Bennyson, Benyson
Beneth	Beneth, Benethe
Beneto	Beneto, Benetto
Benewel	Benewel, Benewell
Benewin	Benewin, Benewyn
Benham	Benham
Beni	Beni, Benny
Beniamen	Beniamen, Beniamin, Benjamen, Benjamine, Benjamyn, Benyamyn
Benifeld	Benifeld, Benyfeld
Benington	Benington, Bennyngton, Benyngton
Benir	Benir, Benyre
Benkensap	Benkensap, Benkensapp
Benkin	Benkin, Benkyn
Benkins	Benkins, Benkyns
Benkles	Benkles
Benlei	Benlei, Benley
Benodid	Benodid, Benodyd
Benrack	Benrack, Benracke
Bens	Bens
Bensen	Bensen, Benson
Benshil	Benshil, Benshille
Benslee	Benslee
Benslei	Benslei, Bensley
Benst	Benst
Bensted	Bensted
Bent	Bent
Bental	Bental, Bentale, Bentl, Bentle
Bentbow	Bentbow
Bentel	Bentel, Bentele
Bentelei	Bentelei, Benteley
Benten	Benten, Benton
Bentham	Bentham
Benthen	Benthen
Bentis	Bentis, Bentys
Bentlai	Bentlai, Bentlay
Bentlei	Bentlei, Bentley
Benvin	Benvin, Benvyn
Benvixi	Benvixi
Benwin	Benwin, Benwyn
Beogander	Beogander
Ber	Ber, Bere, Br, Bre, Bur, Bure, Burr, Burre
Berad	Berad, Berrade
Beram	Beram, Bram, Brame
Berando	Berando, Berrando
Berard	Berard, Berarde, Berrard
Beras	Beras
Berbarins	Berbarins
Berbi	Berbi, Berby
Berbruer	Berbruer
Bercam	Bercam, Berkam
Berch	Berch, Berk, Berke, Burk, Burke
Bercham	Bercham
Bercheham	Bercheham
Berchem	Berchem, Berkham
Bercus	Bercus
Berd	Berd, Berde, Bird, Birde, Burd, Burde, Byrd, Byrde
Berdam	Berdam
Berdeger	Berdeger
Berdegran	Berdegran, Berdegrane
Berdelin	Berdelin, Berdelyn
Berdemaker	Berdemaker
Berdeson	Berdeson, Berdesson
Berdewik	Berdewik
Berdmor	Berdmor, Berdmore
Berdo	Berdo, Burdeux
Berdon	Berdon
Berebow	Berebow, Berebowe
Berebrewer	Berebrewer, Berebruer
Berebrig	Berebrig, Berebrige
Bereck	Bereck, Berrecke
Beref	Beref, Bereff, Bereffe
Bereflet	Bereflet, Bereflete, Berfflete, Berflet, Berflete, Berflette
Berel	Berel, Berell
Bereman	Bereman, Berman, Burman
Beremor	Beremor, Beremore, Bremor, Bremore
Berendes	Berendes
Berenes	Berenes
Berenger	Berenger
Beres	Beres, Berres
Bereson	Bereson, Beresson, Bureson, Buresson
Beret	Beret, Berete
Bereta	Bereta, Berretta
Beretank	Beretank, Beretanke
Berewik	Berewik, Berewyk
Berg	Berg, Berge, Bergh, Berghe, Burg, Burgh, Burghe
Bergar	Bergar, Bergare, Berger, Burger, Burgher
Bergara	Bergara
Bergen	Bergen, Berghen, Bergon, Burgain, Burgayn, Burgayne, Burgen, Burgene, Burgon, Burgone
Bergewen	Bergewen
Berghman	Berghman
Bergin	Bergin, Bergyn, Burgin, Burgyn, Burgyne
Bergrav	Bergrav, Bergrave, Burgrav, Burgrave, Burgrov, Burgrove
Berham	Berham
Beri	Beri, Berri, Berry, Bery, Burie, Burye
Berickes	Berickes
Berie	Berie, Berye
Beriel	Beriel, Beryell, Beryelle, Biriel, Byriell
Berif	Berif, Beriff, Beryf, Beryff
Berik	Berik, Beryk
Berikenrod	Berikenrod, Berykkenrode
Berikinrod	Berikinrod, Berikkynrode
Beril	Beril, Berylle
Bering	Bering, Beringe, Buring, Buryng
Beringarius	Beringarius
Beringarnis	Beringarnis
Beringeros	Beringeros, Beringerose
Beringfros	Beringfros, Beryngfros
Beringhof	Beringhof, Beringhofe, Beringhoff, Berynghof, Berynghofe, Berynghoff, Berynghoffe
Beringvras	Beringvras, Beryngvras
Beringvres	Beringvres, Beryngvres
Berinkhof	Berinkhof, Berinkhofe
Berinvras	Berinvras, Berynvras
Berion	Berion
Beris	Beris, Berise, Berrys, Berys, Beryss, Buris, Burys
Berkeman	Berkeman, Berkman, Birkman, Byrkman
Berken	Berken, Burken, Burkin, Burkyn
Berkenrad	Berkenrad, Berkenrade
Berkenrod	Berkenrod, Berkenrode
Berker	Berker
Berkfild	Berkfild
Berkin	Berkin, Berkyn
Berking	Berking, Berkyng, Berkynge
Berkingrad	Berkingrad, Berkyngrade
Berkinrad	Berkinrad, Berkinrade, Berkynrade
Berkinrod	Berkinrod, Berkynrode
Berkins	Berkins, Birkins, Burkins, Burkyns, Byrkyns
Berklei	Berklei, Berkley
Berkwik	Berkwik, Berkwyk
Berl	Berl, Berle, Burl, Burle
Berlaw	Berlaw, Berlawe
Berlei	Berlei, Berley, Burlei, Burley, Bwrlei, Bwrley
Berlein	Berlein, Berleyn
Berling	Berling, Berlyng, Birling
Berlot	Berlot
Bermeo	Bermeo
Bermeon	Bermeon
Bermew	Bermew
Bermingham	Bermingham, Bermyngham
Bermond	Bermond
Bern	Bern, Berne, Bernne, Brouwn, Burn, Burne
Bernaba	Bernaba
Bernabi	Bernabi, Bernaby
Bernabo	Bernabo
Bernard	Bernard, Bernarde
Bernardi	Bernardi
Bernardin	Bernardin, Bernardyn
Bernardo	Bernardo
Bernardon	Bernardon
Bernardson	Bernardson
Bernardus	Bernardus
Bernaton	Bernaton
Bernd	Bernd, Bernde, Bernnd, Bernt, Bernte
Bernea	Bernea
Bernefeld	Bernefeld
Berneholm	Berneholm, Berneholme
Bernei	Bernei, Berney
Bernens	Bernens
Berneo	Berneo
Bernerd	Bernerd
Bernes	Bernes, Bernesse, Bernnes, Berns, Burnes, Burns
Berneson	Berneson, Bernesson, Bernison, Bernisson
Bernested	Bernested
Bernesten	Bernesten, Bernestene
Bernet	Bernet
Berneux	Berneux, Burneux
Bernew	Bernew, Bernewe, Burnew
Bernewel	Bernewel, Bernewell, Bernewelle, Burnal, Burnall, Burnel, Burnell, Burnelle, Burnol, Burnoll, Burnolle
Bernez	Bernez
Bernfeld	Bernfeld
Berni	Berni, Bernny
Bernicok	Bernicok, Bernycok
Bernicol	Bernicol, Bernycolle
Bernicot	Bernicot, Bernicote, Bernycot
Bernis	Bernis, Bernys, Burnis, Burnys
Bernoi	Bernoi, Bernoy, Burnoi, Burnoy
Bernoie	Bernoie, Bernoye
Bernoio	Bernoio, Bernoyo
Bernsted	Bernsted, Bernstede
Bernstein	Bernstein, Bernsteyn
Bernteson	Bernteson
Berntson	Berntson, Berntsson
Bernvil	Bernvil, Bernville
Bernwei	Bernwei, Bernwey
Bero	Bero, Berow
Berob	Berob, Berobe
Berold	Berold
Beromi	Beromi, Berromy
Beronica	Beronica
Beronson	Beronson
Berop	Berop, Berrope
Berospi	Berospi, Berospy
Berquitson	Berquitson
Bers	Bers, Berse, Burs, Burse, Bursse
Bersa	Bersa, Bursa
Berseie	Berseie, Berseye
Berst	Berst, Burst, Burste
Berstapl	Berstapl, Berstaple
Bert	Bert, Berte, Bertt, Bertte, Burght, Burt, Burte
Bertaunt	Bertaunt
Bertegran	Bertegran, Bertegrane
Bertellot	Bertellot, Bertelot, Bertilot
Bertelotson	Bertelotson
Berteram	Berteram
Berteron	Berteron
Berteson	Berteson, Bertesson
Bertet	Bertet
Berthelmowson	Berthelmowson, Berthelmowsson
Bertholomei	Bertholomei
Bertholomeo	Bertholomeo
Berthram	Berthram
Berthshor	Berthshor, Berthshore
Bertik	Bertik, Bertyk
Bertilmew	Bertilmew, Bertilmewe
Bertin	Bertin, Bertine, Bertyn, Bertyne
Bertini	Bertini
Bertino	Bertino
Bertlet	Bertlet, Bertlett
Bertlot	Bertlot, Bertlott
Bertman	Bertman
Berto	Berto
Bertold	Bertold, Bertolde
Bertoldi	Bertoldi
Bertoldo	Bertoldo
Bertolf	Bertolf, Bertolff
Bertolod	Bertolod, Bertolode
Bertolt	Bertolt
Berton	Berton, Birton, Burton, Burtun, Byrton
Bertot	Bertot, Bertott
Bertram	Bertram
Bertramson	Bertramson, Bertramsson
Bertremson	Bertremson
Bertrucan	Bertrucan
Bertson	Bertson
Bertuch	Bertuch, Bertuche
Bertus	Bertus, Bertuse
Bertuso	Bertuso
Berus	Berus
Berw	Berw, Berwe
Berward	Berward, Burward, Burwarde
Berwardeson	Berwardeson, Berwardesson
Berwardi	Berwardi
Berwardson	Berwardson, Berwardsson
Berwel	Berwel, Berwelle, Burwel, Burwell, Burwelle
Berwhirst	Berwhirst
Berwiceson	Berwiceson, Berwycesson
Berwik	Berwik, Berwyk
Berwinson	Berwinson, Berwynsson
Berwiteson	Berwiteson, Berwitesson, Berwytesson
Berwold	Berwold
Bes	Bes, Bese, Besse
Besal	Besal, Besale, Bisel, Bysell
Besalia	Besalia
Besco	Besco
Bescount	Bescount
Beseler	Beseler, Besoler, Besseler
Besemer	Besemer, Besemere
Besen	Besen, Bessen
Besena	Besena
Beset	Beset, Besset
Beseuth	Beseuth
Besewick	Besewick, Besewicke
Besewik	Besewik, Besewyk, Besewyke
Besian	Besian, Bewson, Buison, Buysson
Besil	Besil, Besille
Besion	Besion, Besyon
Beslew	Beslew, Beslewe
Besmer	Besmer, Besmere
Besom	Besom, Besome
Beson	Beson, Besson
Besswett	Besswett, Beswet
Best	Best, Beste
Bestain	Bestain, Bestayne
Bestian	Bestian
Bestiano	Bestiano
Beston	Beston
Beswel	Beswel, Beswell
Beswick	Beswick, Beswicke, Beswik, Beswyck, Beswycke, Beswyk, Beswyke
Bet	Bet, Bett, Bette
Betama	Betama
Betelee	Betelee
Betemar	Betemar
Betenson	Betenson, Bettensson
Beteri	Beteri, Bettery
Betes	Betes, Bettes
Betesham	Betesham
Beteson	Beteson, Betteson, Bettesson
Bethea	Bethea
Betil	Betil, Betille, Betylle, Bewtil, Bewtylle
Betin	Betin, Betyn
Betis	Betis, Bettys
Betisman	Betisman, Bettisman
Betison	Betison, Bettisson, Bettysson
Betkin	Betkin, Betkyn
Betman	Betman
Betnam	Betnam
Beton	Beton
Betori	Betori, Betory
Betoris	Betoris, Betorys
Betow	Betow, Betowe
Betr	Betr, Betre
Betsman	Betsman
Betson	Betson, Betsson
Beuffitz	Beuffitz, Beufitz
Beugraunt	Beugraunt
Beulacourt	Beulacourt
Beumont	Beumont
Beumount	Beumount
Beupen	Beupen, Beupene
Beupeni	Beupeni, Beupeny
Bevak	Bevak
Beveaqua	Beveaqua
Beveland	Beveland
Bevelond	Bevelond, Bevelonde
Bevelton	Bevelton
Bevenlond	Bevenlond
Bever	Bever
Beverin	Beverin, Beveryn
Beverlei	Beverlei, Beverley
Beverling	Beverling, Beverlyng
Beverman	Beverman
Bevers	Bevers
Beversham	Beversham
Beverson	Beverson
Bevesbek	Bevesbek
Bevesbok	Bevesbok, Bevesboke
Bevier	Bevier, Bevir, Bevyr
Bevil	Bevil, Bevyle, Bevylle
Bevino	Bevino
Bevis	Bevis, Bevys
Bevisbok	Bevisbok, Bevisboke, Bevysbok
Bewaies	Bewaies, Bewayes
Bewden	Bewden
Bewenson	Bewenson
Bewes	Bewes, Bewese, Boos, Boose
Beweth	Beweth
Bewfeld	Bewfeld, Bifeld, Byfeld, Byfelde, Byffeld
Bewfford	Bewfford, Bewford
Bewfis	Bewfis, Bewfise
Bewik	Bewik, Bewike
Bewil	Bewil, Bewille
Bewit	Bewit, Bewyt, Biwhit, Bywhytte
Bewith	Bewith, Bewyth, Biwith, Bywith, Bywithe, Bywyth, Bywythe
Bewsamiso	Bewsamiso, Bewsamyso
Bewtel	Bewtel
Bewtuson	Bewtuson
Bewulf	Bewulf
Biam	Biam, Byam, Byame
Bian	Bian, Byan
Bianus	Bianus, Byanus
Bibal	Bibal, Biballe
Bibdon	Bibdon
Bibi	Bibi, Byby
Bibrok	Bibrok, Bybrok
Bic	Bic, Bice, Bick, Bickke, Bik, Byce, Byke
Bichiano	Bichiano, Bychiano
Bicker	Bicker, Bycker
Bicknar	Bicknar, Bickner, Biknar, Bikner, Byckner, Byknar, Bykner
Bicroft	Bicroft, Bycrofte
Bid	Bid, Byde
Bidal	Bidal, Bidall
Bidania	Bidania, Bydania
Bidaw	Bidaw, Bydaw
Bidbrok	Bidbrok, Bidbroke
Bidebrok	Bidebrok, Bydebroke
Biden	Biden, Bidon, Byden, Bydone
Bider	Bider, Byder
Bides	Bides, Bydes
Bidingham	Bidingham, Bidyngham
Bidnei	Bidnei, Bydney
Bidoit	Bidoit, Bydoit
Bierbek	Bierbek, Byerbek
Bierbrewar	Bierbrewar
Bierbruar	Bierbruar, Bierbruer
Bifel	Bifel, Bifell
Bifild	Bifild, Byfyld
Bifold	Bifold, Byfold
Big	Big, Bige, Bigg, Bigge, Byg, Bygge
Bigbrok	Bigbrok, Bygbrok
Bigen	Bigen, Biggen
Biger	Biger, Byger
Biges	Biges, Bigges
Bigier	Bigier, Bygyer
Biging	Biging, Byggynge, Bygyng, Bygynge
Biglam	Biglam
Bigland	Bigland
Biglond	Biglond, Byglond
Bignal	Bignal, Bignale
Bigod	Bigod, Bigode, Bygod, Bygode
Bigot	Bigot, Bigott
Biham	Biham, Byham
Bikbrok	Bikbrok, Bikbroke
Bikering	Bikering, Bikeryng
Bikring	Bikring, Bykryng
Bila	Bila, Billa
Bilai	Bilai, Byllay
Biland	Biland, Byland
Bilar	Bilar, Billare
Bilarial	Bilarial, Billaryalle
Bilbao	Bilbao
Bilbaw	Bilbaw, Bylbawe
Bilbishos	Bilbishos, Bilbishose
Bilbo	Bilbo, Bilboe, Bilbow, Bilbowe, Bylbo, Bylbow, Bylbowe
Bilboa	Bilboa
Bilboo	Bilboo, Bylboo
Bildesden	Bildesden
Bildesola	Bildesola
Bilerada	Bilerada, Byllerada
Bilerado	Bilerado, Billerado, Byllerado
Bilesden	Bilesden, Billesden, Byllesden
Bilesdon	Bilesdon, Billesdon, Byllesdon
Bilet	Bilet, Billet, Billett
Biletin	Biletin, Billetyn
Biliek	Biliek, Billyeke
Biling	Biling, Billing, Billyng, Billynge, Byllyng
Bilingai	Bilingai, Byllyngay
Bilingeslei	Bilingeslei, Billingesley, Byllingesley, Byllyngesley
Bilingslei	Bilingslei, Billingsley, Billyngsley
Bilington	Bilington, Billington, Billyngton, Byllington, Byllyngton
Bilinston	Bilinston, Billinston
Biliok	Biliok, Bylliok
Bilisdon	Bilisdon, Billisdon, Billysdon, Byllysdon
Bilison	Bilison, Byllyson
Biliter	Biliter, Byllyter
Billorado	Billorado, Bilorado, Byllorado
Bilond	Bilond, Bylonde
Bilorato	Bilorato, Byllorato
Bilot	Bilot, Bylot
Bilter	Bilter
Bilton	Bilton, Bylton
Bimbo	Bimbo, Bimbow, Bymbo, Bymbow
Bimseli	Bimseli, Bymsely
Bindersli	Bindersli, Byndersly
Bineth	Bineth, Bynethe
Bing	Bing, Bingh, Byng
Bingam	Bingam, Byngam, Byngame, Bynngam
Bingham	Bingham, Binghame, Byngham
Binglaie	Binglaie, Bynglaye
Binglei	Binglei, Bingley, Byngley
Bingli	Bingli, Byngly
Binham	Binham, Bynham
Biniamino	Biniamino, Bynyamino
Binight	Binight, Bynyght
Binis	Binis, Bynys
Binkes	Binkes, Bynkes
Binston	Binston, Bynstone
Binwin	Binwin, Bynwyn
Birch	Birch, Birche, Burch, Burche, Byrche
Bircham	Bircham
Birchensha	Birchensha
Birchenshaw	Birchenshaw, Birchenshawe, Burchenshaw, Burchenshawe
Birchis	Birchis
Birdebrok	Birdebrok, Byrdebroke
Birdesal	Birdesal, Birdesale, Byrdesale
Birding	Birding, Byrdynge
Birdux	Birdux
Birhon	Birhon, Brun, Brune, Brunne, Bruwn, Bruwne, Byrhon
Birkehed	Birkehed, Birkehede
Birkhed	Birkhed, Byrkhed
Birlac	Birlac, Birlace, Burlac, Burlace
Birson	Birson, Burson
Bis	Bis, Bise, Bys
Bisar	Bisar, Bysar
Bisborn	Bisborn, Bysborne
Biscai	Biscai, Biscay, Biskai, Byscay, Byskay
Biscalis	Biscalis
Biscara	Biscara, Biscarra
Biscaro	Biscaro
Bischop	Bischop, Bischope, Bischopp, Bischoppe, Bishop, Bishope, Bishopp, Bishoppe, Bisschopp, Bisshop, Bisshope, Bisshopp, Bisshoppe, Byschoppe, Byshop, Byshope, Byshopp, Bysschopp, Bysshop, Bysshope, Bysshopp, Bysshoppe
Bischoping	Bischoping
Biscoi	Biscoi, Byscoy
Biscoie	Biscoie, Byscoye
Biscopin	Biscopin, Biscopyn
Biscoping	Biscoping, Biscopinge, Biscopyng, Byscoping, Byscopyng
Biscopink	Biscopink, Biscopynke, Byscopynke
Bisdail	Bisdail, Bisdaile
Bisdal	Bisdal, Bisdall, Bisdalle, Bysdall, Bysdalle
Biseman	Biseman
Bisena	Bisena, Bissena, Byssena
Bisend	Bisend
Biser	Biser, Byser
Biseria	Biseria, Bisseria
Bisero	Bisero, Bysero
Biset	Biset, Byset, Bysett, Bysette, Byssete
Bisetr	Bisetr, Bysetr
Biship	Biship, Bishipp, Byship, Bysshipp
Bishot	Bishot, Bysshote
Bisit	Bisit, Bysyt
Bisk	Bisk, Biske
Biskaia	Biskaia
Biskaie	Biskaie, Biskaye, Byskaye
Biskei	Biskei, Biskey
Biskeie	Biskeie, Byskeye
Biskersold	Biskersold
Biskin	Biskin, Bysskyn
Bisn	Bisn, Byssne
Bispi	Bispi
Bisping	Bisping, Bispinge, Bispyng, Bysping, Byspyng
Bistaeno	Bistaeno
Bistaino	Bistaino, Bistayno
Bister	Bister
Bistin	Bistin, Bysttyn
Biston	Biston, Bistonne, Byston, Bystone
Bisworth	Bisworth, Bisworthe
Bitans	Bitans
Bitecow	Bitecow, Bytecowe
Bitekow	Bitekow, Bytekowe
Biten	Biten, Biton, Bitone, Bytten
Biter	Biter, Bitter, Bytter
Bitoft	Bitoft, Bytoft
Bitot	Bitot, Bytot
Bitwith	Bitwith
Bivel	Bivel, Byvelle
Bivin	Bivin, Byvyn
Biwit	Biwit, Bywyt
Bixman	Bixman
Bl	Bl, Bul, Bule, Bull, Bulle
Blac	Blac, Blace, Black, Blacke, Blak, Blake
Blacbourn	Blacbourn, Blacbourne, Blackborn, Blackborne, Blakborn, Blakborne, Blakbourn, Blakbourne, Blakburn, Blakburne
Blaceo	Blaceo, Blaseo
Blackaie	Blackaie
Blackard	Blackard
Blackei	Blackei, Blackey
Blackeie	Blackeie, Blackeye
Blackenei	Blackenei, Blackeney
Blacki	Blacki, Blacky
Blacklei	Blacklei, Blackley
Blackleis	Blackleis, Blackleys
Blacklow	Blacklow, Blacklowe
Blacklowes	Blacklowes
Blackman	Blackman, Blakman
Blag	Blag, Blage, Blagg, Blagge
Blagaia	Blagaia, Blagaya
Blainith	Blainith, Blaynyth
Blakard	Blakard
Blakberd	Blakberd
Blakebourn	Blakebourn, Blakebourne
Blakeci	Blakeci, Blakecy
Blakei	Blakei, Blakey
Blakeie	Blakeie, Blakeye
Blakeman	Blakeman
Blakenai	Blakenai, Blakenay
Blakenei	Blakenei, Blakeney
Blakenhal	Blakenhal, Blakenhale
Blaker	Blaker, Blakker
Blakherst	Blakherst
Blaki	Blaki, Blaky
Blakmor	Blakmor, Blakmore
Blaktoft	Blaktoft, Blaktofte
Blalak	Blalak, Blallak
Blanch	Blanch, Blanche
Blanck	Blanck, Blancke, Blank, Blanke
Blanckard	Blanckard, Blankard, Blankerd, Blankerde
Blanco	Blanco, Blanko
Bland	Bland, Blande
Blanehith	Blanehith
Blanka	Blanka
Blankal	Blankal, Blankalle, Blankel, Blankell
Blankeflour	Blankeflour
Blanker	Blanker
Blanket	Blanket, Blankett
Blankfford	Blankfford, Blankford
Blas	Blas, Blase, Blasse
Blasia	Blasia
Blasio	Blasio
Blask	Blask, Blaske
Blaster	Blaster
Blatman	Blatman
Blaunch	Blaunch, Blaunche
Blaunck	Blaunck, Blauncke, Blaunk, Blaunke
Blaund	Blaund
Blaunkard	Blaunkard
Blaunkcard	Blaunkcard
Blaunlei	Blaunlei, Blaunley
Blaw	Blaw, Blawe
Blazeo	Blazeo
Bledlow	Bledlow, Bledlowe
Blegeia	Blegeia, Blegeya
Bleiken	Bleiken, Bleyken
Bleinith	Bleinith, Bleynyth
Blek	Blek, Bleke
Bleken	Bleken, Blekin, Blekyn
Blencansop	Blencansop
Blenkansop	Blenkansop, Blenkansope
Blenkesop	Blenkesop, Blenkesopp
Blesing	Blesing, Blessyng
Bleteriswek	Bleteriswek, Bleterisweke, Bleteriswik, Bleteryswik
Bleterswek	Bleterswek, Bletersweke, Bleterswik, Bleterswyk, Bleterswyke
Blevak	Blevak, Blevake
Blewm	Blewm, Blewme
Bliard	Bliard, Blyarde
Bliborough	Bliborough, Blyborough
Bliburgh	Bliburgh, Blyburgh
Blidon	Blidon
Blie	Blie, Blis, Blye, Blys, Blyse, Blysse
Bliet	Bliet, Bliot, Blyet, Blyote, Blyotte
Blight	Blight, Blyght
Blik	Blik, Blike, Blyke
Blindbai	Blindbai, Blyndbay
Blindepai	Blindepai, Blyndepay
Blindepaie	Blindepaie, Blyndepaie, Blyndepaye
Blising	Blising, Blissing, Blissyng, Blyssyng
Bliterswek	Bliterswek, Bliterswik, Bliterswike, Bliterswyk, Bliterswyke, Blitterswik, Blitterswyk, Blitterswyke, Bliturswik, Blyterswyk, Blyterswyke, Blyttersweke, Blytterswik, Blytterswyk, Blytterswyke, Blytturswyke
Blith	Blith, Blithe, Blyth, Blythe
Blitha	Blitha
Blitirswik	Blitirswik, Blytirswike
Bliton	Bliton, Blitone, Blyton
Blo	Blo, Blow, Blowe
Blob	Blob
Blobal	Blobal, Blobale, Bloball, Bloballe, Blobel, Blobelle
Bloberd	Bloberd
Blobol	Blobol, Blobole, Bloboll, Blobolle
Blobold	Blobold
Blobolt	Blobolt
Blobuld	Blobuld
Block	Block, Blocke, Blok, Bloke, Blokke
Blocknel	Blocknel, Blocknell
Blodlow	Blodlow, Blodlowe
Blofeld	Blofeld, Blofelde
Bloi	Bloi, Bloy
Bloker	Bloker, Blokker
Blokesham	Blokesham, Blokkesham, Bloxam
Blokonled	Blokonled
Blom	Blom, Blome
Blomard	Blomard, Blomarde
Blomat	Blomat, Blomatt
Blomdal	Blomdal, Blomdall, Blomdalle
Blomendal	Blomendal, Blomendale
Blomenow	Blomenow
Blomer	Blomer
Blomert	Blomert
Blomet	Blomet
Blomidal	Blomidal, Blomydalle
Bloming	Bloming, Blomyng
Blomvil	Blomvil, Blomvile, Blomville, Blomvyle, Blomvylle
Blond	Blond, Blonde
Blondel	Blondel, Blondell
Blondevil	Blondevil, Blondevile
Blondil	Blondil, Blondyll
Blonk	Blonk, Blonke
Blont	Blont
Blood	Blood
Blook	Blook
Blos	Blos, Blosse
Bloswold	Bloswold
Blound	Blound, Blounde
Blounk	Blounk, Blounke
Blount	Blount, Blounte
Blovil	Blovil, Blovill, Bloville
Blowar	Blowar, Bloware
Blowbol	Blowbol, Blowboll, Blowbolle, Blowebol, Bloweboll
Blowefeld	Blowefeld, Blowefelde
Blower	Blower
Blowfeld	Blowfeld, Blowfelde
Blowier	Blowier, Blowyer
Blowm	Blowm, Blowme
Blowmdal	Blowmdal, Blowmdall
Blowmeard	Blowmeard
Blowmenow	Blowmenow, Blowmenowe
Blowndal	Blowndal, Blowndall
Bloxham	Bloxham
Blum	Blum, Blume
Blumdel	Blumdel, Blumdell
Blumvil	Blumvil, Blumvile
Blund	Blund, Blunde
Blundal	Blundal, Blundall, Blundel, Blundell, Blundelle
Blundelet	Blundelet
Blunk	Blunk, Blunke
Blunt	Blunt
Blus	Blus
Bluseman	Bluseman
Bo	Bo
Boab	Boab, Boabe
Bobbert	Bobbert, Bobert
Bobel	Bobel, Bobell
Bobelard	Bobelard
Bobi	Bobi, Boby
Bocam	Bocam
Bocas	Bocas, Bokas
Bocaso	Bocaso, Bocasso
Boccher	Boccher, Bocher
Bochar	Bochar
Bochier	Bochier
Bockman	Bockman
Bocler	Bocler
Bocot	Bocot, Bocote
Bod	Bod, Bodde, Bode
Bodder	Bodder, Boder
Bodea	Bodea
Bodenclap	Bodenclap, Bodenclapp
Bodenclop	Bodenclop
Bodenham	Bodenham
Bodenwerder	Bodenwerder
Boderich	Boderich, Boderiche
Bodet	Bodet, Bodett
Bodevil	Bodevil, Bodevile, Bodevyle
Bodewil	Bodewil, Bodewyle
Bodewin	Bodewin, Bodewyn, Bodin, Bodyn, Bowdewin, Bowdewyn, Bowdin, Bowdyn
Bodgelock	Bodgelock, Bodgelocke
Bodi	Bodi, Bodie, Body, Bodye
Bodia	Bodia, Bodya
Bodiam	Bodiam, Bodyam
Bodiham	Bodiham, Bodyham
Bodinclop	Bodinclop, Bodinclopp, Bodincloppe, Bodynclop, Bodynclopp, Bodyncloppe
Bodindorp	Bodindorp, Bodyndorp
Bodingclop	Bodingclop
Bodington	Bodington
Bodinson	Bodinson, Bodynson, Bowdenson, Bowdensson
Bodinwerder	Bodinwerder, Bodynwerder, Bowdenwarder, Bowdenwerder, Bowdinwarder, Bowdinwerder, Bowdynwarder, Bowdynwerder
Bodit	Bodit, Boditt, Bodyt, Bowdet, Bowdit, Bowdyt
Bodlei	Bodlei, Bodley
Bodleie	Bodleie, Bodleye
Bodna	Bodna
Bodnar	Bodnar
Bodnor	Bodnor, Bodnore
Bodo	Bodo, Bodow, Bodowe, Bowdo
Bodoa	Bodoa
Bodom	Bodom, Bodome
Bodon	Bodon, Bowden, Bowdon
Bodowa	Bodowa
Bodower	Bodower
Bodsam	Bodsam
Bodua	Bodua
Bodvil	Bodvil, Bodvyle
Bodwa	Bodwa
Bodwai	Bodwai, Bodway
Bodwin	Bodwin, Bodwyn
Bodwino	Bodwino
Bodwinson	Bodwinson, Bodwynson
Boem	Boem, Boeme
Boemen	Boemen, Boman, Bomen, Bowman
Boeswel	Boeswel, Boeswell
Boeta	Boeta
Bof	Bof, Boffe
Bogadon	Bogadon
Bogan	Bogan, Bogon
Bogar	Bogar
Bogard	Bogard, Bogarde
Bogart	Bogart, Bogarte
Bogel	Bogel, Bogell
Bogen	Bogen
Boger	Boger, Bogere, Bowger
Bogi	Bogi, Bogy
Bogil	Bogil, Bogill, Bogl, Bogle, Bogul, Bogull
Bogis	Bogis, Bogys
Bogo	Bogo
Boi	Boi, Boy
Boia	Boia
Boian	Boian, Boyan, Boyane
Boiana	Boiana, Boyana
Boiano	Boiano, Boyano
Boiar	Boiar
Boiard	Boiard, Boyarde
Boias	Boias, Boyas
Boic	Boic, Boyce
Boicio	Boicio
Boicot	Boicot, Boikot, Boycot, Boycote, Boycott, Boycotte, Boykot, Boykott
Boicus	Boicus, Boycus
Boiden	Boiden, Boidon, Boyden, Boydon
Boidens	Boidens, Boydens
Boidin	Boidin, Boydyn
Boidok	Boidok, Boydok
Boie	Boie, Boye
Boiens	Boiens, Boyens
Boier	Boier, Boyer
Boiers	Boiers, Boyers
Boies	Boies, Boyes
Boiet	Boiet, Boyet
Boiez	Boiez, Boyez
Boik	Boik, Boyke
Boiker	Boiker, Boyker
Boikin	Boikin, Boykyn
Boil	Boil, Boile, Boill, Boille, Boyle, Boyll, Boylle
Boilond	Boilond, Boylonde
Boilson	Boilson, Boylson
Boin	Boin, Boyne
Boindon	Boindon, Boyndon
Boines	Boines, Boynes
Boink	Boink, Boynk, Boynke
Boio	Boio, Boiseo, Boyo
Bois	Bois, Boise, Boys, Boyse, Boysse
Boisenborn	Boisenborn, Boysenborne
Boisoit	Boisoit, Boysoyt
Boison	Boison, Boyson, Boysson
Boisons	Boisons, Boysons
Boist	Boist, Boyst
Boit	Boit, Boyt, Boyte
Boites	Boites, Boytes
Boithison	Boithison
Bokeden	Bokeden
Bokel	Bokel, Bokell
Bokeland	Bokeland, Bokelande
Bokeler	Bokeler
Bokelman	Bokelman
Bokelond	Bokelond
Bokeman	Bokeman
Boken	Boken
Bokenden	Bokenden
Bokerman	Bokerman
Bokes	Bokes
Boket	Boket, Bokett, Bucket, Buckett
Bokham	Bokham
Bokil	Bokil, Bokille, Bokylle
Bokilman	Bokilman, Bokylman
Bokilond	Bokilond, Bokyllond
Bokingham	Bokingham, Bokyngham
Bokinhil	Bokinhil, Bokynhille
Bokins	Bokins, Bokyns
Bokland	Bokland
Bol	Bol, Bole, Boll, Bolle
Bolad	Bolad, Bolade
Bolain	Bolain, Bolan, Bolane, Bolayn, Bolen, Bollen, Bollene
Boland	Boland, Bolland, Bowland, Bowlande
Bolard	Bolard, Bollard, Bollarde
Bolas	Bolas, Bowlas
Bolatin	Bolatin, Bolatyn
Bold	Bold, Bolde, Bowld, Bowlde
Bolden	Bolden, Boldon
Boldewini	Boldewini
Boldinson	Boldinson, Boldynson, Boldynsson
Boldmer	Boldmer
Boldmond	Boldmond, Boldmonde
Boldow	Boldow, Boldowe
Boldwin	Boldwin, Boldwyn
Boldwini	Boldwini
Boldwino	Boldwino
Boleg	Boleg, Bolege
Bolei	Bolei, Bolley
Boleia	Boleia
Boleies	Boleies, Bolleyes
Bolein	Bolein, Boleyn, Boleyne
Bolekin	Bolekin, Bolekyn, Bollekyn
Boler	Boler, Boller
Bolerd	Bolerd, Bollerd
Boles	Boles, Bolles, Bowles, Bowlles
Bolesia	Bolesia
Bolimer	Bolimer
Bolinborgh	Bolinborgh
Boling	Boling, Bollyng, Bolynge
Bolingbrok	Bolingbrok, Bolingbroke
Bolinges	Bolinges
Bolington	Bolington
Bolis	Bolis, Bollys, Bowlis, Bowllis, Bowllys, Bowlys
Bolloniam	Bolloniam, Boloniam
Bollow	Bollow, Bolow
Bolmer	Bolmer
Bolnei	Bolnei, Bolney
Bolnest	Bolnest, Bolneste
Boloca	Boloca
Boloin	Boloin, Boloyne
Bolonin	Bolonin, Bolonyne
Bolscamp	Bolscamp, Bolscampe
Bolsen	Bolsen
Bolston	Bolston
Bolt	Bolt, Bolte
Bolter	Bolter
Boltes	Boltes
Bolthorp	Bolthorp
Bolton	Bolton
Boltram	Boltram
Bom	Bom, Bome
Bombard	Bombard
Bombardo	Bombardo
Bombargo	Bombargo
Bomberg	Bomberg, Bomberge
Bombergo	Bombergo
Bombil	Bombil, Bombyll
Bombler	Bombler
Bomeg	Bomeg, Bomege
Bomegar	Bomegar, Bomegare
Bomegard	Bomegard
Bomehower	Bomehower
Bomelt	Bomelt, Bommelt
Bomer	Bomer, Bowmer
Bomerdero	Bomerdero
Bomerenwerder	Bomerenwerder
Bomgard	Bomgard
Bomlei	Bomlei, Bomley
Bomslut	Bomslut, Bomslute
Bomsted	Bomsted
Bon	Bon, Bone, Bonne
Bona	Bona
Bonacors	Bonacors
Bonacours	Bonacours
Bonai	Bonai, Bonay
Bonam	Bonam
Bonamason	Bonamason
Bonar	Bonar, Boner, Bonere, Bonnar, Bonnare, Bonner, Bonnere, Bonnor, Bonor, Bonore, Bowner
Bonard	Bonard, Bonarde
Bonardo	Bonardo
Bonat	Bonat, Bonate
Bonaventur	Bonaventur, Bonaventure
Bonaventura	Bonaventura
Bonaver	Bonaver, Bonavere
Bonavetur	Bonavetur
Bonavic	Bonavic, Bonavice
Bonavie	Bonavie
Bonavis	Bonavis, Bonavise, Bonavyse
Bonaviso	Bonaviso
Bond	Bond, Bonde
Bondag	Bondag, Bondage
Bondea	Bondea
Bondemer	Bondemer, Bondimer, Bondymer, Bondymere
Bondewai	Bondewai, Bondeway
Bondflix	Bondflix, Bondflyx
Bondhurst	Bondhurst
Bondi	Bondi, Bondy
Bondock	Bondock, Bondocke
Boneaventur	Boneaventur
Boneavero	Boneavero
Bonechan	Bonechan, Bonechane
Bonecr	Bonecr, Bonecre
Bonedemer	Bonedemer, Bonedemere
Bonefac	Bonefac, Boneface
Bonefacio	Bonefacio
Bonefai	Bonefai, Bonefay
Bonefaunt	Bonefaunt
Bonegard	Bonegard, Bonegarde
Bonel	Bonel, Bonell, Bonil, Bonill
Bonent	Bonent
Bonerd	Bonerd
Bonert	Bonert
Bones	Bones, Bownes
Bonesoms	Bonesoms
Boneson	Boneson, Bonesson
Bonet	Bonet, Bonett, Bonette, Bonnett
Boneta	Boneta, Bonetta
Bonetemp	Bonetemp, Bonetempe
Bonethen	Bonethen, Bonethon
Boneto	Boneto, Bonetto
Boneventur	Boneventur, Boneventure
Bonevesin	Bonevesin
Boneviag	Boneviag, Bonevyag
Bonevic	Bonevic, Bonevice
Bonevil	Bonevil, Bonevyle
Bonevis	Bonevis, Bonevise, Bonevyse
Boneviso	Boneviso, Bonevyso
Bonevix	Bonevix
Bonevixi	Bonevixi
Bonewik	Bonewik
Bonfei	Bonfei, Bonfey
Bong	Bong
Bongard	Bongard
Bonham	Bonham
Bonhorst	Bonhorst
Bonhurst	Bonhurst, Bonhurste
Boni	Boni, Bony
Bonian	Bonian, Bonyan
Boniard	Boniard, Bonyard
Boniega	Boniega
Bonier	Bonier
Bonifac	Bonifac, Boniface, Bonyface
Bonifas	Bonifas, Bonyfas
Bonifaunt	Bonifaunt, Bonyfaunt, Bonyfaunte
Bonin	Bonin, Bonyne
Boning	Boning, Bonnyng, Bonnynge, Bonyng
Boninges	Boninges, Bonnynges
Boninghous	Boninghous, Bonynghous
Boninghows	Boninghows, Bonynghows
Bonita	Bonita, Bonytta
Bonivic	Bonivic, Bonyvice
Bonivis	Bonivis, Bonyvise
Bonk	Bonk, Bonke
Bono	Bono
Bonoil	Bonoil, Bonoyl
Bonora	Bonora
Bonour	Bonour, Bonoure
Bonovel	Bonovel, Bonovell
Bonovis	Bonovis, Bonovise
Bonow	Bonow
Bonowr	Bonowr
Bons	Bons, Bonse
Bonsomis	Bonsomis, Bonsomys
Bonsoms	Bonsoms
Bonson	Bonson
Bontemp	Bontemp
Bontet	Bontet
Bonting	Bonting, Bontyng
Bonventur	Bonventur, Bonventure
Bonves	Bonves
Bonvic	Bonvic, Bonvice, Bonvyce
Bonvies	Bonvies, Bonviz, Bonvize
Bonvil	Bonvil, Bonvyle
Bonvis	Bonvis, Bonvise, Bonvisse, Bonvys, Bonvyse
Bonviso	Bonviso
Bonvix	Bonvix, Bonvixe, Bonvyx, Bonvyxe
Bonvixi	Bonvixi, Bonvyxi
Boo	Boo, Bu
Booda	Booda
Book	Book, Booke
Bookbinder	Bookbinder, Bookbynder
Booken	Booken
Bool	Bool, Boolle
Booles	Booles
Boon	Boon
Boondock	Boondock
Boorn	Boorn, Boorne
Boot	Boot, Boote, Boott
Bootes	Bootes
Booth	Booth, Boothe
Bor	Bor, Bore
Boraci	Boraci, Boracy
Borando	Borando
Boras	Boras, Borasse
Borb	Borb
Bord	Bord, Borde
Borda	Borda
Borded	Borded
Bordet	Bordet
Bordeus	Bordeus
Bordon	Bordon
Bordugal	Bordugal
Borel	Borel, Borelle
Boremester	Boremester, Bormestr, Bormestre
Borenson	Borenson
Borentin	Borentin, Borentyne
Boreo	Boreo
Bores	Bores, Bours
Borford	Borford, Borforde
Borg	Borg, Borge
Borgances	Borgances
Borgard	Borgard
Borgarden	Borgarden
Borgas	Borgas
Borghward	Borghward
Borgon	Borgon
Borgonie	Borgonie
Borie	Borie
Boring	Boring, Boryng
Bork	Bork
Borkaie	Borkaie, Borkaye
Borken	Borken
Borkin	Borkin, Borkyn
Borl	Borl, Borle, Borlle
Borlai	Borlai, Borlay, Borli, Borlie, Borlly, Borly
Borlaie	Borlaie, Borlaye
Borlei	Borlei, Borley
Bormal	Bormal, Bormall
Born	Born, Borne, Bourn, Bourne
Bornei	Bornei, Borney
Bornek	Bornek, Borneke
Bornel	Bornel, Bornelle, Bournel, Bournell
Bornelei	Bornelei, Borneley
Bornes	Bornes, Bournes
Bornherst	Bornherst
Bornicot	Bornicot, Bornycot
Bornoi	Bornoi, Bornoy
Bornor	Bornor
Borogh	Borogh, Boroghe, Braugh
Boroie	Boroie, Borroye
Boroman	Boroman
Boromei	Boromei, Boromey
Boromeo	Boromeo
Borono	Borono
Boroughs	Boroughs
Borought	Borought, Borowght
Borowars	Borowars
Borowgh	Borowgh
Borowholt	Borowholt
Borowmester	Borowmester
Borown	Borown, Borowne
Borowold	Borowold
Borp	Borp, Borpe
Borth	Borth, Borthe
Borwel	Borwel, Borwell
Borwet	Borwet
Bos	Bos, Bose, Bosh, Bosse, Bosshe
Bosam	Bosam, Bosham, Bossham
Bosan	Bosan, Bosane
Bosano	Bosano
Bosans	Bosans
Bosanz	Bosanz
Bosat	Bosat, Bossate
Bosato	Bosato, Bossato
Bosbek	Bosbek
Bosco	Bosco
Boscoping	Boscoping, Boscopyng
Boselar	Boselar
Boser	Boser, Bosere, Bossere, Bowser
Boseworth	Boseworth
Bosit	Bosit, Bosytte
Bosk	Bosk, Boske
Boskin	Boskin, Boskyn
Bosma	Bosma
Bosner	Bosner
Boso	Boso, Bosso
Bosolver	Bosolver
Bosom	Bosom, Bosome, Bossome
Bosomis	Bosomis, Bosomys
Bosoms	Bosoms
Boson	Boson
Bosor	Bosor, Bossor, Bowcer
Bosoum	Bosoum
Bost	Bost, Boste
Bostelar	Bostelar, Bosteler
Bosto	Bosto
Bostock	Bostock, Bostocke
Bostok	Bostok, Bostoke
Boston	Boston, Bostone
Bostowm	Bostowm, Bostowme
Bosum	Bosum
Bosun	Bosun
Boswel	Boswel, Boswell
Boswerth	Boswerth, Boswerthe
Bosworth	Bosworth
Botard	Botard
Botas	Botas
Botehil	Botehil, Botehill, Botehille, Botehylle
Boteil	Boteil, Boteill
Botekar	Botekar, Botekarre
Botel	Botel, Botelle, Bottelle, Bowtel, Bowtelle
Boteler	Boteler, Boteller, Botteler, Botteller
Botelio	Botelio
Boteman	Boteman
Boten	Boten, Botten
Botener	Botener
Boteraunt	Boteraunt, Botteraunt
Boterei	Boterei, Boterey
Boterel	Boterel, Boterelle, Botterelle
Boteri	Boteri, Botery, Bottery
Boterworth	Boterworth, Boterworthe, Botterworth
Botes	Botes, Bottes
Boteser	Boteser
Botewgaw	Botewgaw, Botewgawe
Both	Both, Bothe
Bothewel	Bothewel, Bothewell
Bothomsel	Bothomsel, Bothomsell
Bothumsel	Bothumsel, Bothumsell
Botier	Botier
Botil	Botil, Bottill
Botiler	Botiler, Botyler, Botyller
Botin	Botin, Botyn
Botiner	Botiner, Botyner
Botkow	Botkow, Botkowe
Botler	Botler
Botman	Botman
Botmer	Botmer
Botolf	Botolf, Bottolff
Boton	Boton, Botton, Bowghton, Bowton
Botoner	Botoner
Botonew	Botonew, Botonewe
Botord	Botord, Bottord
Botorem	Botorem, Botoreme
Botri	Botri, Botrie, Botry, Botrye, Bottry
Botsack	Botsack, Botsacke
Botsak	Botsak, Botsake
Botschaw	Botschaw, Botschawe, Botshaw, Botshawe
Botshain	Botshain, Botshayn
Botston	Botston
Bottulle	Bottulle, Botul
Bouch	Bouch, Bouche
Bouchar	Bouchar, Bouchare, Bouser, Bowsor
Bouchei	Bouchei, Bouchey
Bouchier	Bouchier, Boughchier
Boudenson	Boudenson, Boudensson
Boudenwarder	Boudenwarder
Boudeson	Boudeson, Boudesson, Boudison, Boudisson
Boudewin	Boudewin, Boudewine, Boudewyn
Boudewini	Boudewini
Boudewino	Boudewino, Boudewyno
Boudin	Boudin, Boudyn
Boudinson	Boudinson, Boudinsson, Boudynson, Boudynsson
Boudinwarder	Boudinwarder, Boudynwarder
Boudit	Boudit, Bouditt
Boudith	Boudith, Boudyth
Boueromeo	Boueromeo
Bougard	Bougard, Bougarde
Bougcher	Bougcher
Bough	Bough, Boughe, Bow, Bowe
Boughier	Boughier
Boughton	Boughton
Bougil	Bougil, Bougill, Bougyll
Bougl	Bougl, Bougle
Bouket	Bouket, Buket
Bould	Bould, Boulde
Boulton	Boulton
Boum	Boum
Bouman	Bouman
Boumer	Boumer
Boumsted	Boumsted
Boun	Boun, Boune
Bounaventur	Bounaventur
Bouncl	Bouncl, Bouncle
Bound	Bound, Bounde, Bownd, Bownde
Bouner	Bouner
Bounew	Bounew, Bounewe
Bounpain	Bounpain, Bounpayne
Bounvis	Bounvis, Bounvyse
Bounvix	Bounvix, Bounvyx
Bouoromeo	Bouoromeo
Bour	Bour, Bourre, Bower, Bowr, Bowre
Bourcheger	Bourcheger
Bourcher	Bourcher
Bourchier	Bourchier
Bourd	Bourd, Bourde
Bourdwel	Bourdwel, Bourdwell
Bouremeo	Bouremeo
Bourgh	Bourgh, Bourghe
Bourghchier	Bourghchier
Bourghgat	Bourghgat
Bourkins	Bourkins, Bourkyns
Bourlai	Bourlai, Bourlay, Bourleie, Bourleye
Bourlei	Bourlei, Bourley
Bourman	Bourman
Bourneman	Bourneman
Bourninghil	Bourninghil, Bournynghille
Bourom	Bourom
Bouromai	Bouromai, Bouromay
Bouromei	Bouromei, Bouromey
Bouromeo	Bouromeo
Bouroromeo	Bouroromeo
Boursor	Boursor
Bourtkei	Bourtkei, Bourttkey
Bous	Bous, Bouse
Bouson	Bouson
Boutenholt	Boutenholt
Bouth	Bouth, Bouthe
Bouwolter	Bouwolter
Bovelin	Bovelin, Bovelyn
Bovelkin	Bovelkin, Bovelkyn
Bovelond	Bovelond
Boven	Boven
Bovenson	Bovenson
Bover	Bover
Boverc	Boverc
Bovert	Bovert
Boves	Boves
Bovesan	Bovesan
Boveton	Boveton
Bovi	Bovi, Bovy
Bovian	Bovian, Bovyan
Bovin	Bovin
Boving	Boving, Bovyng
Bovis	Bovis, Bovys
Bowai	Bowai, Boway
Bowan	Bowan
Bowanson	Bowanson
Bowar	Bowar
Bowbrok	Bowbrok, Bowbroke
Bowchelik	Bowchelik
Bowdai	Bowdai, Bowday
Bowded	Bowded
Bowdeneson	Bowdeneson, Bowdennesson
Bowder	Bowder
Bowderikes	Bowderikes
Bowdes	Bowdes
Bowdewinson	Bowdewinson, Bowdewynson, Bowdinson, Bowdynson, Bowdynsson
Bowdna	Bowdna
Bowdwin	Bowdwin, Bowdwyn
Bowei	Bowei, Bowey
Boweier	Boweier, Boweyer
Bowel	Bowel, Bowell
Boweles	Boweles, Bowelles
Bowels	Bowels
Bowen	Bowen, Bowin, Bowyn
Bowens	Bowens
Bowenson	Bowenson, Bowensson
Bowerleis	Bowerleis, Bowerleys
Bowes	Bowes
Bowet	Bowet, Bowett, Bowette
Bowetes	Bowetes, Bowettes
Bowez	Bowez
Bowgard	Bowgard, Bowgarde
Bowi	Bowi, Bowy
Bowiar	Bowiar, Bowyar
Bowier	Bowier, Bowyer
Bowing	Bowing, Bowinge
Bowini	Bowini
Bowins	Bowins, Bowyns
Bowis	Bowis, Bowys
Bowisemis	Bowisemis, Bowysemyse
Bowit	Bowit, Bowyt
Bowkber	Bowkber
Bowken	Bowken
Bowker	Bowker
Bowl	Bowl, Bowle
Bowlins	Bowlins, Bowlyns
Bowlton	Bowlton
Bowmaker	Bowmaker
Bowmaster	Bowmaster
Bown	Bown, Bowne, Bowwne
Bowndock	Bowndock
Bownson	Bownson
Bowrd	Bowrd, Bowrde
Bowren	Bowren
Bowrgh	Bowrgh, Bowrghe
Bowring	Bowring, Bowryng
Bowrlaie	Bowrlaie, Bowrlaye
Bowrlei	Bowrlei, Bowrley
Bowrleie	Bowrleie, Bowrleye, Bowrli, Bowrlly, Bowrly
Bows	Bows, Bowse, Bowsse
Bowsok	Bowsok
Bowson	Bowson, Bowsone
Bowt	Bowt, Bowte
Bowter	Bowter
Bowtil	Bowtil, Bowtylle
Bowtot	Bowtot
Box	Box, Boxe
Boxon	Boxon, Boxson
Boxsum	Boxsum
Boxton	Boxton
Boz	Boz
Bra	Bra
Brabain	Brabain, Brabayn, Brabon, Brabone
Braban	Braban, Brabane
Brabanc	Brabanc, Brabance
Brabancia	Brabancia
Brabancie	Brabancie
Braband	Braband, Brabande
Brabander	Brabander, Brabandor
Brabandes	Brabandes
Brabans	Brabans
Brabant	Brabant
Brabantie	Brabantie
Brabaunt	Brabaunt
Brabener	Brabener
Brabent	Brabent
Brabin	Brabin, Brabyn
Brabond	Brabond, Brabonde
Brabrand	Brabrand, Brabrande
Brabson	Brabson, Brabsun
Braburi	Braburi, Brabury
Brac	Brac, Brace, Brack, Brak, Brake
Brach	Brach, Brache
Braci	Braci, Bracy
Bracie	Bracie, Bracye, Brasi, Brasie, Brassye, Brasy, Brasye
Brackelei	Brackelei, Brackeley
Brackeler	Brackeler
Brackeli	Brackeli, Brackely
Bracklai	Bracklai, Bracklay
Bracklei	Bracklei, Brackleie, Brackley, Brackleye, Brackli, Bracklie, Brackly, Bracklye, Braklei, Brakleie, Brakley, Brakleye, Braklie
Brackman	Brackman
Braclei	Braclei, Bracley
Bracton	Bracton
Brad	Brad, Bradde, Brade
Bradbans	Bradbans
Bradberi	Bradberi, Bradbery
Bradbur	Bradbur, Bradbure
Bradburi	Bradburi, Bradburie, Bradburry, Bradbury, Bradburye
Bradcok	Bradcok, Bradcoke
Braddock	Braddock, Braddocke, Bradock, Bradocke, Bradok, Bradoke
Bradeberi	Bradeberi, Bradebery
Bradeburi	Bradeburi, Bradebury
Bradefeld	Bradefeld
Bradeleie	Bradeleie, Bradeleye
Bradesworth	Bradesworth
Bradfeld	Bradfeld, Bradfelde
Bradfford	Bradfford, Bradford
Bradherst	Bradherst
Brading	Brading, Bradyng
Bradlei	Bradlei, Bradley
Bradli	Bradli, Bradlie, Bradly
Bradman	Bradman
Brado	Brado
Bradschaw	Bradschaw, Bradschawe, Bradshaw, Bradshawe
Bradsei	Bradsei, Bradsey
Bradsha	Bradsha
Bradshaa	Bradshaa
Bradwai	Bradwai, Bradway
Bradwel	Bradwel, Bradwelle
Braedefeld	Braedefeld
Brag	Brag, Brage
Braga	Braga
Bragadin	Bragadin, Bragadyn, Bragadyne
Bragandin	Bragandin, Bragandine, Bragandyn, Bragandyne
Bragh	Bragh
Braghing	Braghing, Braghyng
Bragindin	Bragindin, Bragyndyne
Brago	Brago
Brai	Brai, Bray, Bree, Bri, Brie, Bris, Bry, Brye, Brys, Bryse
Braiand	Braiand, Brayand
Braiard	Braiard, Brayard
Braibrok	Braibrok, Braybrok, Braybroke
Braicot	Braicot
Braie	Braie, Braye
Braierd	Braierd, Brayerd
Braifeld	Braifeld, Brayfeld, Brayfelde
Braifild	Braifild, Brayfild, Brayfyld
Braiford	Braiford, Brayford
Brailon	Brailon
Braimwod	Braimwod, Braymwodde
Brain	Brain, Brayn
Braindford	Braindford, Brayndford
Braineford	Braineford, Brayneford
Brainford	Brainford, Braynfford, Braynford, Braynforde
Brainten	Brainten, Braynten
Braisie	Braisie, Braysye
Braitoft	Braitoft, Braytoft, Braytofte
Braiton	Braiton, Brayton
Brakatin	Brakatin, Brakatyn
Braken	Braken
Brakin	Brakin, Brakyn
Braklis	Braklis
Bralelsthorp	Bralelsthorp, Brallelsthorp
Bramager	Bramager
Bramanger	Bramanger
Brambil	Brambil, Brambill, Brambille, Brambyll
Bramblei	Bramblei, Brambley
Brameford	Brameford
Bramer	Bramer, Brammer
Bramford	Bramford
Bramlei	Bramlei, Bramley
Brampforth	Brampforth
Brampton	Brampton
Bramsch	Bramsch, Bramsche, Bramsh, Bramshe
Bran	Bran
Brana	Brana
Branch	Branch, Branche
Branco	Branco
Brand	Brand, Brande
Brandebeck	Brandebeck
Brandebek	Brandebek, Brandebeke
Branden	Branden, Brandon
Brandes	Brandes
Brandeson	Brandeson, Brandesson
Brandiso	Brandiso, Brandisso
Brandlei	Brandlei, Brandley
Brandlin	Brandlin, Brandlyn
Brandolin	Brandolin, Brandolyn
Brandred	Brandred
Branfeld	Branfeld
Brang	Brang, Brange
Brangewein	Brangewein, Brangeweyn
Brangwain	Brangwain, Brangwayn
Brangwein	Brangwein, Brangweyn, Brangweyne
Braninger	Braninger, Branninger
Brankin	Brankin, Brankyn
Branktr	Branktr, Branktre
Bransbi	Bransbi, Bransby
Branston	Branston
Brant	Brant, Brante
Bras	Bras, Brase, Brasse
Brasbrig	Brasbrig, Brasbryg, Brasbryge, Brasbrygge
Brasbrik	Brasbrik, Brasbryk
Brasbrug	Brasbrug
Brasebrig	Brasebrig, Brasebryg
Brasei	Brasei, Brasey, Brassey
Braseier	Braseier, Braseyer
Brasel	Brasel, Brasell
Braseles	Braseles, Brasselles
Brasia	Brasia, Brassia, Brasya
Brasier	Brasier, Brasyer
Brasii	Brasii
Brasio	Brasio, Brassio
Brason	Brason, Brasson
Brast	Brast, Braste
Braswick	Braswick, Braswicke
Brat	Brat, Bratt, Bratte
Brato	Brato
Brauckelei	Brauckelei, Brauckeley
Braughinee	Braughinee, Braughynee
Braughing	Braughing, Braughyng, Braughynge
Brauhing	Brauhing, Brauhynge
Braunch	Braunch, Braunche, Brawnch, Brawnche
Braunkin	Braunkin, Braunkyn
Braunsted	Braunsted
Brawghin	Brawghin, Brawghyn
Brawghing	Brawghing, Brawghyng
Brawigh	Brawigh, Brawighe
Brawm	Brawm, Brawme
Brawn	Brawn, Brawne
Bream	Bream, Breame, Brim, Brymme
Breamer	Breamer, Bremer
Breamond	Breamond
Breamont	Breamont
Breamound	Breamound
Breamount	Breamount
Brean	Brean, Breane, Brin, Bryn, Bryne
Breaster	Breaster, Brester
Brebas	Brebas
Brebir	Brebir
Brebis	Brebis
Brecham	Brecham
Brechenal	Brechenal, Brechenale
Breckar	Breckar
Breckhow	Breckhow, Breckhowe
Brecknel	Brecknel, Brecknell
Bred	Bred, Bredde, Brede
Breda	Breda
Bredal	Bredal, Bredalle
Bredbrik	Bredbrik, Bredbryk
Bredcot	Bredcot, Bredcote
Bredecot	Bredecot, Bredecote
Bredefeld	Bredefeld, Bredeffeld
Bredeford	Bredeford
Brederloo	Brederloo
Bredeslei	Bredeslei, Bredesley
Bredesol	Bredesol, Bredesole
Bredges	Bredges
Bredil	Bredil, Bredylle
Breding	Breding, Bredyng
Bredkirk	Bredkirk, Bredkirke, Bredkyrk, Bredkyrke
Bredock	Bredock, Bredocke
Bredon	Bredon
Breerlei	Breerlei, Breerley, Brierlei, Bryerley
Brefehawt	Brefehawt, Brefehawte
Brefhaut	Brefhaut, Brefhaute
Breg	Breg, Brege
Bregandin	Bregandin, Bregandyne, Brigandin, Brygandyne
Bregendin	Bregendin, Bregendyne
Breges	Breges, Bregges
Bregis	Bregis, Bregys
Breian	Breian, Breyane
Breiard	Breiard, Breyard
Breimer	Breimer, Breymer
Breimond	Breimond, Breymond
Brek	Brek, Breke
Brekeden	Brekeden
Brekehowson	Brekehowson
Brekel	Brekel, Brekell, Brekil, Brekyll
Brekelis	Brekelis, Brekelys
Brekelsei	Brekelsei, Brekelsey
Brekeman	Brekeman, Brekman
Breker	Breker
Brekerfeld	Brekerfeld, Brekirfeld, Brekyrfeld
Brekesper	Brekesper, Brekespere
Brekilsee	Brekilsee, Brekylsee
Brekilsei	Brekilsei, Brekilsey, Brekylsey
Brekilzee	Brekilzee, Brekylzee
Brekinfeld	Brekinfeld, Brekynfeld
Brekingfeld	Brekingfeld, Brekkyngfeld
Breklis	Breklis, Breklys
Breksper	Breksper, Brekspere
Brekton	Brekton
Brel	Brel, Brele, Brelle
Breli	Breli, Brely
Brem	Brem, Breme
Bremanger	Bremanger
Brembil	Brembil, Brembill
Brembr	Brembr, Brembre
Bremel	Bremel, Bremelle
Bremen	Bremen
Bremes	Bremes
Bremis	Bremis, Bremys
Bremond	Bremond
Bremont	Bremont, Bremonte, Bremontt
Bremount	Bremount, Bremountt, Bremountte, Bremownt
Brempton	Brempton
Brems	Brems
Bren	Bren, Brenne
Brend	Brend, Brende
Brendon	Brendon
Brendwod	Brendwod, Brendwode
Breneon	Breneon
Brening	Brening, Brennyng
Brenion	Brenion, Brenyon
Brent	Brent, Brente, Brentt, Brentte
Brenteson	Brenteson
Brentfeld	Brentfeld
Brenton	Brenton
Brer	Brer, Brere, Brir, Bryre
Brerelei	Brerelei, Brereley
Breres	Breres
Breris	Breris, Brerys
Brerlei	Brerlei, Brerley
Brero	Brero
Bres	Bres, Brese
Bresar	Bresar
Bresei	Bresei, Bresey, Bressey
Bresel	Bresel, Bresell, Breselle
Breseles	Breseles, Breselles
Bresels	Bresels, Bressels
Breses	Breses
Breset	Breset, Bresett
Bresi	Bresi, Bressy, Bresy
Bresie	Bresie, Bressie, Bressye
Bresing	Bresing, Bressing
Bresket	Bresket, Breskett
Breston	Breston
Brestow	Brestow, Brestowe
Bresur	Bresur, Brisour
Bret	Bret, Brete, Brett
Bretaign	Bretaign, Bretaigne
Bretain	Bretain, Bretayn, Bretayne
Bretaing	Bretaing
Bretan	Bretan, Bretane, Breton, Bretone, Brettan, Bretton
Bretania	Bretania, Bretannia
Bretanie	Bretanie, Bretannie
Breteain	Breteain, Breteayn
Bretein	Bretein, Breteyn, Breteyne
Breten	Breten, Bretene, Bretten
Bretforth	Bretforth, Bretforthe
Breth	Breth
Bretheling	Bretheling, Brethelyng
Bretin	Bretin, Brettyn
Breting	Breting, Bretting
Bretis	Bretis, Brettys
Bretondona	Bretondona
Bretonik	Bretonik, Bretonyke
Bretram	Bretram
Brettun	Brettun, Bretun, Britain, Britan, Britayne, Briton, Britone, Brittan, Brittayn, Britton, Brittone, Brytayne, Brytone, Brytton, Bryttone
Breuer	Breuer, Brewer, Bruer
Brevem	Brevem
Brevio	Brevio
Brevs	Brevs
Brewar	Brewar, Breware, Bruwar
Brewel	Brewel, Brewelle
Breweldr	Breweldr, Breweldre
Breweler	Breweler, Breweller
Brewerkin	Brewerkin, Brewerkyn
Brewes	Brewes, Brews
Brewier	Brewier
Brewister	Brewister, Brewyster
Brewker	Brewker
Brewl	Brewl, Brewle
Brewlar	Brewlar, Brewler, Brewller, Bruiler, Bruyller
Brewleman	Brewleman, Brewlman, Bruleman
Brewn	Brewn, Brewne, Broun, Broune
Brewnel	Brewnel, Brewnell, Brunal
Brewning	Brewning, Brewnyng, Bruning, Brunnyng, Brunyng
Brewster	Brewster, Brewstr, Brewstre
Briak	Briak, Bryak
Brial	Brial, Briall, Bryall, Bryalle
Brian	Brian, Briane, Brion, Bryan, Bryane, Bryon
Brianch	Brianch, Brianche
Briand	Briand, Bryand
Briani	Briani
Briano	Briano
Briant	Briant, Bryant
Briard	Briard, Bryard
Briarlei	Briarlei, Bryarley
Briart	Briart, Briarte, Bryart, Bryarte
Briat	Briat, Briatt, Briet, Briot, Bryat, Bryatt, Bryet, Bryett, Bryot, Bryotte
Bric	Bric, Brice, Brich, Briche, Brik, Brike, Bryce, Bryk, Brykke
Bricii	Bricii, Brisie, Bryssye
Brickelsei	Brickelsei, Brickelsey, Brikelsei, Brikelsey, Brikkelsey, Brykelsey, Brykkelsey
Brickeman	Brickeman
Brickes	Brickes, Brix, Bryckes, Bryx
Bricklei	Bricklei, Brickley, Briklie
Brickman	Brickman, Brikeman, Brikman, Bryckman, Brykeman, Brykman
Bricknel	Bricknel, Bricknell
Brid	Brid, Bride, Bryd, Bryde
Brida	Brida
Bridak	Bridak
Bridal	Bridal, Brydalle
Bridbrok	Bridbrok, Bridbroke, Briddbroke, Briddebroke, Bridebrok, Brydbrok, Brydbroke, Brydebroke
Briddesale	Briddesale, Bridesal
Briddesang	Briddesang, Bridesang
Bridg	Bridg, Bridge, Brydge
Bridges	Bridges, Brydges
Bridgewater	Bridgewater, Brydgewater
Bridgewaters	Bridgewaters
Bridgewatir	Bridgewatir
Bridgis	Bridgis, Briggis, Brigis, Brydgis, Brygis
Bridgrat	Bridgrat, Brydgrat
Bridkirk	Bridkirk, Bridkirke
Bridling	Bridling, Bridlyng
Bridport	Bridport
Bridsal	Bridsal, Bridsall
Bridwater	Bridwater
Bridwaters	Bridwaters
Briedged	Briedged
Briel	Briel, Brielle, Bril, Brille, Bryell, Bryelle, Brylle
Brielt	Brielt, Bryelt
Brien	Brien, Bryen
Briert	Briert
Briewrich	Briewrich, Briewriche
Brig	Brig, Brige, Brigg, Brygg, Brygge
Brigand	Brigand, Brigande
Briganden	Briganden, Bryganden
Brigeford	Brigeford, Briggefford
Brigenden	Brigenden, Briggenden, Bryggenden
Brigeon	Brigeon
Briger	Briger, Brygger
Briges	Briges, Brigges, Bryges, Brygges
Brigewatars	Brigewatars, Brygewatars
Brigewater	Brigewater, Briggewater, Brigwater, Brygwater
Brigewaters	Brigewaters, Brigwaters, Brygwaters
Bright	Bright, Bryght
Brightled	Brightled, Bryghtled
Brightman	Brightman
Brighton	Brighton, Briten, Britten, Brittene, Bryghton, Bryten, Brytten
Brightwel	Brightwel, Brightwell, Bryghtwell
Brigida	Brigida
Brigioun	Brigioun
Brigolus	Brigolus
Brigthwel	Brigthwel, Brigthwell
Brikel	Brikel, Brikil, Brikill, Brykell, Brykille, Brykyll
Brikeles	Brikeles, Brykelles
Brikelis	Brikelis, Brikelys, Briklis
Brikelsai	Brikelsai, Brikilsai, Brykelsay, Brykylsay
Brikelsee	Brikelsee, Brikelseie, Brykelsee, Brykelseye
Brikenden	Brikenden, Brykenden
Brikener	Brikener, Brykennerre
Brikes	Brikes
Brikeslei	Brikeslei, Brykesley
Brikhed	Brikhed, Brykhede
Brikhil	Brikhil, Brikhill
Brikhils	Brikhils
Brikilbank	Brikilbank, Brykylbank
Brikilsee	Brikilsee, Brykylsee
Brikilsei	Brikilsei, Brikilsey, Brikylsey, Brykilsey, Brykylsey
Brikilsworth	Brikilsworth, Brikylsworth, Brykylsworth
Brikilzee	Brikilzee, Brykylzee
Brikles	Brikles, Briklesse
Briklesei	Briklesei, Briklessey, Bryklessey
Briklilsei	Briklilsei, Brykklylsey
Briklisworth	Briklisworth, Bryklysworth
Brikmans	Brikmans, Brykmans
Briksis	Briksis
Brikton	Brikton
Briles	Briles, Brylles
Brileton	Brileton
Brimston	Brimston, Brimstone
Brinaner	Brinaner
Brinck	Brinck, Brink, Brynk
Brincklie	Brincklie, Brincklye, Brinklei, Brynkley
Brincklo	Brincklo, Brinklo, Brinkloe, Brynklo
Brincklow	Brincklow, Brincklowe, Brinklow, Brinklowe, Bryncklow, Bryncklowe, Brynklow, Brynklowe
Brinclo	Brinclo, Brinclow, Brynclow
Bring	Bring
Bringbourn	Bringbourn, Bringbourne
Bringham	Bringham
Brington	Brington
Brining	Brining, Brynyng
Brinion	Brinion, Brynyon
Brinkbourn	Brinkbourn, Brynkbourne
Brinkelo	Brinkelo, Brynkelo
Brinkelot	Brinkelot, Brynkelot
Brinkelow	Brinkelow, Brynkelow, Brynkelowe
Brinkhorst	Brinkhorst, Brynkhorste
Brinklaw	Brinklaw, Brynklawe
Brisard	Brisard, Brissard
Briscat	Briscat, Briskat, Bryskat, Bryskate
Brisel	Brisel, Brisele, Brissel, Brissell, Brisselle, Brysel, Brysele, Brysell, Bryselle, Brysselle
Briselaw	Briselaw, Briselawe
Briseles	Briseles, Briselles, Brisselles, Brysselles
Brisels	Brisels, Brisiles, Brissells, Brissels, Bryssylles
Brisil	Brisil, Brissyll, Brissylle
Brision	Brision
Brisked	Brisked, Brysked
Brisket	Brisket, Briskett, Briskot, Brysket, Bryskett, Brysskett
Briskhold	Briskhold, Bryskhold
Briskit	Briskit, Briskitt, Briskyt, Bryskyt, Bryskytt
Briskow	Briskow, Bryskowe
Brislei	Brislei, Brisley, Bristlei, Bristley, Brysley
Brisli	Brisli, Brislie, Brysly, Bryslye
Brisons	Brisons, Brissons
Bristal	Bristal, Bristall, Bristol, Bristolle
Bristaw	Bristaw, Bristawe
Bristin	Bristin, Bristyn
Bristo	Bristo, Bristoe, Bristow, Bristowe, Brystow, Brystowe
Bristolia	Bristolia, Bristollia
Bristoliam	Bristoliam, Bristolliam
Bristolie	Bristolie, Bristollie
Briston	Briston, Bryston
Briswod	Briswod, Bryswode
Brit	Brit, Brite, Britt, Britte, Bryt, Brytt, Brytte
Britania	Britania, Britannia
Britanie	Britanie, Britannie
Britel	Britel, Brytelle
Britendona	Britendona, Brittendona
British	British, Brittyshe, Brittysshe, Bryttysh, Brytyshe
Britland	Britland, Brittland
Brixham	Brixham
Brixis	Brixis, Bryxis
Brixworth	Brixworth
Brnilow	Brnilow, Brnylowe
Brocas	Brocas
Broch	Broch, Broche
Brockehos	Brockehos, Brockehose
Brockhous	Brockhous, Brockhouse
Brocl	Brocl, Brocle
Broclar	Broclar
Brocton	Brocton
Brod	Brod, Brodde, Brode
Broda	Broda
Broddesword	Broddesword, Brodesword
Broddesworth	Broddesworth, Brodesworth
Brodeber	Brodeber, Brodebere
Brodefeld	Brodefeld
Brodehurst	Brodehurst
Broder	Broder
Brodet	Brodet
Brodhurst	Brodhurst
Brodisworth	Brodisworth, Brodysworthe
Brodkak	Brodkak, Brodkake
Brodkark	Brodkark, Brodkarke
Brodkerk	Brodkerk, Brodkerke, Brodkirk, Brodkyrke
Brodridg	Brodridg
Brodsha	Brodsha
Brodwin	Brodwin, Brodwyn
Brogelman	Brogelman
Broges	Broges
Broghard	Broghard
Broghton	Broghton
Brogken	Brogken
Brograv	Brograv, Brograve
Broier	Broier, Broyer
Broihan	Broihan, Broyhane
Broin	Broin, Broyn, Broyne
Broinel	Broinel, Broynelle
Brokar	Brokar, Brokare, Broker, Brokker
Brokehov	Brokehov, Brokehove
Brokehoven	Brokehoven
Brokehow	Brokehow
Brokehows	Brokehows, Brokehowse, Brokhows, Brokhowse
Brokehowsen	Brokehowsen
Brokehowson	Brokehowson
Brokehwson	Brokehwson
Brokelman	Brokelman
Brokeman	Brokeman
Brokes	Brokes
Brokesbi	Brokesbi, Brokesby
Brokford	Brokford
Brokin	Brokin, Brokyn
Brokisbi	Brokisbi, Brokysby
Brokman	Brokman
Brol	Brol, Brole
Brolesthorp	Brolesthorp, Brollesthorp
Brom	Brom, Brome
Bromberd	Bromberd
Bromel	Bromel, Bromelle, Bromewel, Bromewelle
Bromelei	Bromelei, Brommeley
Bromer	Bromer, Bromere
Bromested	Bromested
Bromfeld	Bromfeld
Bromford	Bromford
Bromound	Bromound
Brompsted	Brompsted, Brompstede
Brompton	Brompton
Bromson	Bromson
Bromsted	Bromsted, Bromstede, Bromstid
Bromston	Bromston
Bromwel	Bromwel, Bromwelle
Bron	Bron, Brone
Bronard	Bronard
Brond	Brond
Brondel	Brondel, Brondell
Brondes	Brondes
Bronebil	Bronebil, Bronebill
Bronel	Bronel, Bronelle
Broneson	Broneson, Bronesone
Bronet	Bronet, Bronett
Bronian	Bronian, Bronyan
Bronion	Bronion, Bronyon
Bronsen	Bronsen, Bronson
Bronshaven	Bronshaven
Bronswichis	Bronswichis
Bronswik	Bronswik, Bronswyk, Bronswyke
Brook	Brook, Brooke
Brookes	Brookes
Brookhows	Brookhows, Brookhowse
Brosel	Brosel, Broselle
Brosin	Brosin, Brosyn
Brotehaghen	Brotehaghen
Brotel	Brotel, Brottell
Brother	Brother
Brothers	Brothers
Brough	Brough, Broughe, Brow, Browe
Broughen	Broughen
Broughing	Broughing, Broughyng
Broughow	Broughow, Broughowe
Broughsel	Broughsel, Broughselle
Broughton	Broughton
Broumor	Broumor
Brounalis	Brounalis
Bround	Bround, Brounde
Brouner	Brouner
Brounesmith	Brounesmith, Brounesmyth
Brouneswik	Brouneswik, Brouneswike, Brouneswyk, Brouneswyke
Brouneswikes	Brouneswikes, Brouneswykes, Brounneswykes
Brouning	Brouning, Brounyng, Browning, Brownyng
Brounis	Brounis
Brouniswik	Brouniswik, Brounyswyke, Browniswik, Brownyswik
Brouns	Brouns, Brownes
Brounsfild	Brounsfild
Brounsmith	Brounsmith, Brounsmyth, Brownesmith, Brownesmithe, Brownesmythe, Brownsmith, Brownsmythe
Brounswik	Brounswik, Brounswyk, Brounswyke, Browneswik, Browneswyk, Brownswik, Brownswyk, Brownswyke
Brounswin	Brounswin, Brounswyn
Browar	Browar, Broware
Broweler	Broweler, Broweller
Browen	Browen
Brower	Brower
Browerken	Browerken
Browerkin	Browerkin, Browerkyn
Browght	Browght
Browkehowson	Browkehowson, Browkehowsson
Browler	Browler
Brown	Brown, Browne, Brownne, Browwne
Brownel	Brownel, Brownell
Browner	Browner
Brownerig	Brownerig, Browneryge
Browneswich	Browneswich, Browneswiche, Browneswyche
Brownflet	Brownflet
Brownow	Brownow, Brownowe
Bruar	Bruar
Bruard	Bruard
Bruc	Bruc, Bruce, Bruck, Brucke, Bruk, Bruke
Bruchers	Bruchers
Bruckhorst	Bruckhorst, Bruckhorste
Bruckhurst	Bruckhurst, Brukhurst
Brudg	Brudg, Brudge
Bruelar	Bruelar, Bruellar
Brueleler	Brueleler
Brueleman	Brueleman
Brueler	Brueler, Brueller, Bruler
Bruelman	Bruelman
Bruenson	Bruenson
Brueswik	Brueswik, Brueswyke
Bruet	Bruet, Bruett
Bruetallus	Bruetallus, Bruetalus
Brug	Brug, Bruge, Brugg, Brugge
Bruges	Bruges, Brugges
Brugez	Brugez, Bruggez
Bruggh	Bruggh, Brugh, Brughe
Brugis	Brugis
Brular	Brular, Brulare
Brulman	Brulman
Brum	Brum, Brumme
Brumpton	Brumpton
Brumptoun	Brumptoun
Brunch	Brunch, Brunche
Brundel	Brundel, Brundell
Brunel	Brunel, Brunell, Brunelle
Bruneswik	Bruneswik, Bruneswyk
Brunet	Brunet, Brunett
Bruniel	Bruniel, Brunyell, Brunyelle
Brunion	Brunion, Brunyon
Brunswek	Brunswek, Brunswik, Brunswyk, Brunswyke
Brus	Brus, Brush, Brusse, Brussh
Brusard	Brusard, Brussard
Brusegan	Brusegan
Brusel	Brusel, Brusele, Brusell, Bruselle, Brussel, Brussele, Brussell, Brusselle
Bruseles	Bruseles, Bruselles, Brusheles, Brushelles, Brusselles, Brusshelles
Brusels	Brusels, Brusiles, Brusilles, Brussels, Brussilles, Brussylles, Brusylles
Bruseo	Bruseo
Brushel	Brushel, Brushelle, Brushil, Brushille, Brusshell, Brusshelle
Brushl	Brushl, Brusshle
Brusil	Brusil, Brusill, Brusille, Brussill, Brusyll, Brusylle
Brusk	Brusk
Brusket	Brusket
Brust	Brust, Bruste
Brustel	Brustel, Brustell
Bruster	Bruster
Brustun	Brustun
Bruweler	Bruweler, Bruweller
Brwster	Brwster
Buch	Buch, Buche
Buchaier	Buchaier, Buchayer
Bucher	Bucher, Bucker
Buck	Buck, Bucke, Buk, Buke, Bukke
Bucking	Bucking, Buckyng
Buckingham	Buckingham, Buckyngham
Buckinghamshir	Buckinghamshir, Buckinghamshire
Buckland	Buckland, Bucklande
Bucklei	Bucklei, Buckley
Bucklond	Bucklond, Buklond
Bucknei	Bucknei, Buckney
Bucknel	Bucknel, Bucknelle, Buknel, Buknelle
Bucks	Bucks
Buckson	Buckson, Bucson, Bukson, Buxson
Buckton	Buckton, Bukton
Bud	Bud, Budd, Budde
Budder	Budder, Buder
Buddes	Buddes, Budes
Buden	Buden
Budener	Budener
Budow	Budow, Budowe
Budwai	Budwai, Budway
Buelun	Buelun, Bullon, Bulon
Bufelin	Bufelin, Buffelyn
Bufet	Bufet, Buffet, Buffett
Buffkyn	Buffkyn, Bufkin
Bufford	Bufford, Buford
Bug	Bug, Buge, Bugge
Bugberd	Bugberd
Bughal	Bughal, Bughalle
Bugk	Bugk, Bugke
Bugwith	Bugwith, Bugwyth
Bukberd	Bukberd, Bukkberd
Bukeberd	Bukeberd, Bukkeberd
Bukeland	Bukeland, Bukelande, Bukland, Buklande
Bukelond	Bukelond, Bukelonde
Bukeman	Bukeman
Buker	Buker
Bukes	Bukes, Bukkes
Bukesdoughter	Bukesdoughter, Bukkesdoughter
Bukhoft	Bukhoft, Bukhofte
Bukholt	Bukholt, Bukholte
Bukil	Bukil, Bukyll, Bukylle
Bukingham	Bukingham, Bukyngham
Bukington	Bukington, Bukyngton
Bukl	Bukl, Bukle
Buktenal	Buktenal, Buktenall
Bukthorp	Bukthorp
Bula	Bula, Bulla
Bulard	Bulard, Bullard
Bulbi	Bulbi, Bulby
Bulcok	Bulcok
Bulderdick	Bulderdick, Bulderdicke
Buldon	Buldon
Bulehawt	Bulehawt, Bullehawte
Bulei	Bulei, Bulley
Buleie	Buleie, Buli, Bulie, Bulleye, Bullie, Bully, Bullye
Bulein	Bulein, Bulleyn
Bulekin	Bulekin, Bullekyn
Bulen	Bulen, Bullen, Bullene
Buler	Buler
Bulescamp	Bulescamp, Bullescamp, Bullescampe, Bullesscampe
Bulesdon	Bulesdon, Bulisdon, Bulisdun, Bullesdon, Bullysdon, Bullysdune
Bulet	Bulet
Bulford	Bulford
Bulhawt	Bulhawt, Bulhawte
Bulin	Bulin, Bullyn
Bulingbergh	Bulingbergh, Bullyngbergh
Bulingslei	Bulingslei, Bulingsley
Bulkelei	Bulkelei, Bulkeley
Bulkin	Bulkin, Bulkyn
Bulklei	Bulklei, Bulkley
Bullo	Bullo, Bulo
Bullocke	Bullocke, Bullok, Bulloke, Bulock, Bulok
Bullonia	Bullonia, Bulonia
Bulloyn	Bulloyn, Buloin
Bulmar	Bulmar, Bulmer
Bulscamp	Bulscamp, Bulsecamp, Bulsecampe, Bulskamp, Bulskampp
Bulschamp	Bulschamp
Bulsen	Bulsen
Bulsher	Bulsher
Bulster	Bulster
Bulstorp	Bulstorp
Bulstrod	Bulstrod, Bulstrode
Bulstrowd	Bulstrowd, Bulstrowde
Bulstrud	Bulstrud, Bulstrude
Bult	Bult, Bulte
Bulter	Bulter
Bultho	Bultho
Bulthorp	Bulthorp
Bulting	Bulting, Bultyng
Bulton	Bulton
Bumbard	Bumbard
Bumbarder	Bumbarder
Bumbardin	Bumbardin, Bumbardyn
Bumbargo	Bumbargo
Bumberdin	Bumberdin, Bumberdyn
Bumberg	Bumberg, Bumberge
Bumbergo	Bumbergo
Bumbiler	Bumbiler, Bumbiller
Bumbler	Bumbler
Bumes	Bumes
Bumpsted	Bumpsted, Bumpstedd, Bumpstede
Bumpted	Bumpted
Bumsted	Bumsted
Bun	Bun, Bunne
Bunbi	Bunbi, Bunby
Bund	Bund, Bunde
Bundel	Bundel
Bundock	Bundock, Bundocke, Bunduck, Bunducke
Bundok	Bundok, Bundoke
Bundot	Bundot
Buner	Buner, Bunner
Bunes	Bunes
Bung	Bung, Bunge
Bungaw	Bungaw, Bungawe
Bunglei	Bunglei, Bungley
Bungo	Bungo, Bungow, Bungowe
Bunhaw	Bunhaw, Bunhawe
Bunsted	Bunsted
Bunter	Bunter
Bunting	Bunting, Buntyng
Buque	Buque
Burai	Burai, Burray
Burbach	Burbach, Burbache
Burbag	Burbag, Burbage
Burbai	Burbai, Burbay
Burbank	Burbank, Burbanke
Burbich	Burbich
Burbon	Burbon
Burbow	Burbow, Burbowe
Burcher	Burcher
Burchier	Burchier
Burcot	Burcot, Burcott
Burda	Burda
Burdam	Burdam
Burdegal	Burdegal, Burdegale
Burdegala	Burdegala
Burdegalam	Burdegalam
Burdel	Burdel, Burdele, Burdelle
Burden	Burden, Burdon
Burdenaw	Burdenaw, Burdenawe
Burdeos	Burdeos
Burdeoux	Burdeoux
Burdet	Burdet, Burdett
Burdeus	Burdeus
Burdevel	Burdevel, Burdevell
Burdew	Burdew, Burdewe
Burdewi	Burdewi, Burdewy
Burdewx	Burdewx
Burdinal	Burdinal, Burdinall
Burdith	Burdith
Burdock	Burdock, Burduk, Burduke
Burdox	Burdox
Burdugala	Burdugala
Burdugalie	Burdugalie
Bureham	Bureham
Burel	Burel, Burelle, Burrell, Burrelle
Burfeld	Burfeld, Burfelde
Burffote	Burffote, Burfot
Burford	Burford, Burforde
Burgaden	Burgaden, Burgadene
Burgan	Burgan
Burgard	Burgard, Burgarde
Burgardeson	Burgardeson, Burgardesson
Burgareo	Burgareo
Burgein	Burgein, Burgeyn
Burgeis	Burgeis, Burgeys
Burgentrik	Burgentrik
Burges	Burges, Burgesse
Burghil	Burghil, Burghill
Burghkon	Burghkon
Burghschir	Burghschir, Burghschyre
Burghwag	Burghwag, Burghwage
Burgis	Burgis
Burgo	Burgo
Burgoin	Burgoin, Burgoyn, Burgoyne
Burgois	Burgois, Burgoys
Burgond	Burgond
Burgondie	Burgondie
Burgonia	Burgonia
Burgonian	Burgonian
Burgonie	Burgonie
Burgons	Burgons, Burgonse
Burgoun	Burgoun
Burgundia	Burgundia
Burgundie	Burgundie
Burgus	Burgus
Burhag	Burhag, Burhage
Burham	Burham
Burhold	Burhold
Buri	Buri, Bury
Burin	Burin, Buryn
Burkens	Burkens
Burkert	Burkert
Burkie	Burkie, Burkye
Burksnider	Burksnider, Burksnyder
Burlai	Burlai, Burlay, Burleie, Burleye, Burli, Burlie, Burly, Burlye
Burlaie	Burlaie, Burlaye
Burlas	Burlas
Burleon	Burleon
Burles	Burles
Burlew	Burlew
Burlier	Burlier
Burnail	Burnail, Burnaill
Burnald	Burnald
Burnam	Burnam, Burneham, Burnham
Burnant	Burnant
Burndam	Burndam
Burnebi	Burnebi, Burneby
Burnegil	Burnegil, Burnegyll
Burnehil	Burnehil, Burnehill
Burnehoult	Burnehoult
Burneman	Burneman
Burneston	Burneston, Burnestone
Burnet	Burnet, Burnete, Burnett
Burnholt	Burnholt
Burnighil	Burnighil, Burnyghille
Burninghil	Burninghil, Burninghill, Burninghille, Burnynghill, Burnynghille, Burnynghyll
Burnold	Burnold, Burnolde
Buron	Buron
Buroughs	Buroughs
Burpoil	Burpoil, Burpoylle
Burschamp	Burschamp, Burschampe
Burscheham	Burscheham
Bursdon	Bursdon, Bursdone
Bursekamp	Bursekamp, Bursekampe
Burseld	Burseld
Burser	Burser, Bursher, Burssher
Burshap	Burshap, Burshapp
Burskin	Burskin, Burskyn
Burslap	Burslap, Burslape, Burslapp
Burslop	Burslop, Burslopp
Bursoun	Bursoun
Burstushaw	Burstushaw, Burstushawe
Burthres	Burthres
Burtowgh	Burtowgh, Burtowghe
Burugh	Burugh, Burughe
Burvord	Burvord
Burwaser	Burwaser, Burwasser
Burwin	Burwin, Burwyn
Bus	Bus, Buse, Buss, Busse
Busato	Busato, Bussato
Busbie	Busbie
Busch	Busch, Busche, Bush, Bushe, Bussch, Bussh, Busshe
Buschei	Buschei, Busschei
Buschelman	Buschelman, Buselman, Busschelman, Busselman
Buscopink	Buscopink, Buscopynk, Buscopynke
Buseham	Buseham
Buseler	Buseler, Busseler
Busenet	Busenet, Bussenett
Buserie	Buserie, Buserye
Busfeld	Busfeld, Busfelde
Bushan	Bushan, Bushen, Busshan, Busshen
Bushei	Bushei, Busshey
Bushel	Bushel, Busshell
Bushelman	Bushelman, Busshelman
Busher	Busher, Bushere, Bussher, Busshere
Bushi	Bushi, Busshy
Bushop	Bushop, Bushope, Bushopp, Busshop, Busshopp, Busshoppe
Bushup	Bushup
Busil	Busil, Busill
Busk	Busk, Buske, Busske
Busken	Busken
Busker	Busker
Buskes	Buskes
Busketar	Busketar
Buskin	Buskin, Buskyn
Buskis	Buskis, Buskys
Buskop	Buskop
Buslei	Buslei, Bussley
Buslerd	Buslerd
Buslie	Buslie
Busling	Busling, Buslyng
Buson	Buson, Busson
Busop	Busop, Bussopp
Bust	Bust, Buste
Bustard	Bustard
Busteler	Busteler
Bustensa	Bustensa
Busthorp	Busthorp
Buston	Buston
Bustrod	Bustrod, Bustrode
But	But, Bute, Butt, Butte
Butard	Butard, Buterd, Buttard, Butterd
Butchers	Butchers
Butel	Butel, Butelle
Butelar	Butelar, Buttelar
Buteler	Buteler, Butteler
Buter	Buter, Buterei, Buterey, Butter, Butterey
Buteram	Buteram, Butteram
Buteri	Buteri, Butery, Buttery
Buterie	Buterie, Buterye
Buterson	Buterson, Butterson
Buterworth	Buterworth, Butterworth
Buteson	Buteson, Butison, Buttesson, Buttysson
Butil	Butil, Buttill, Buttille, Buttyll
Butin	Butin, Butyn
Buting	Buting, Buttyng
Butinot	Butinot, Buttynot
Butir	Butir, Buttir
Butlar	Butlar, Butler, Buttlar, Buttler
Butleir	Butleir
Buton	Buton, Button
Butr	Butr, Butre, Buttre
Butri	Butri, Butry, Buttry
Butron	Butron
Butsak	Butsak
Butschaw	Butschaw, Butschawe, Butshaw, Butshawe
Butson	Butson
Butsow	Butsow, Butsowe
Buttull	Buttull, Buttulle, Butul
Butulp	Butulp, Butulpe
Buvin	Buvin
Buxton	Buxton
Bwik	Bwik, Bwyk
Ca	Ca
Cabal	Cabal, Caball
Cabala	Cabala, Caballa
Cabar	Cabar, Cabare
Cabeasolo	Cabeasolo
Cabelion	Cabelion, Cabelyon
Cabelon	Cabelon
Cabernis	Cabernis, Cabernys
Cabesa	Cabesa, Cabessa
Cabl	Cabl, Cable, Cabul, Cabulle
Caboca	Caboca
Caboch	Caboch, Caboche
Cabot	Cabot, Cabote
Cabota	Cabota
Cabourn	Cabourn, Cabourne
Cacandrie	Cacandrie
Cacche	Cacche, Cach, Cache
Cacchemareye	Cacchemareye, Cachemareie
Cachborn	Cachborn, Cachborne
Cachea	Cachea
Cachelov	Cachelov, Cachelove
Cachin	Cachin, Cachyn
Cachmereie	Cachmereie, Cachmereye
Cackow	Cackow, Cackowe
Cad	Cad, Cade
Cadagna	Cadagna
Cadago	Cadago
Cadeo	Cadeo
Cadernis	Cadernis, Cadernys
Cadesbi	Cadesbi, Cadesby
Cadew	Cadew, Cadewe
Cadez	Cadez
Cadin	Cadin, Cadyn
Cadona	Cadona
Cadra	Cadra
Caen	Caen, Can, Cane, Cann, Canne, Kan, Kane
Cafa	Cafa, Caffa
Cafawes	Cafawes
Caffote	Caffote, Cafot
Caftoun	Caftoun
Cag	Cag, Cage
Cageano	Cageano
Cagent	Cagent
Cagna	Cagna
Cai	Cai, Cay, Kai, Kay
Caiard	Caiard, Cayard, Kaiard, Kayard
Caiart	Caiart, Cayart, Kaiart, Kayart
Caido	Caido, Caydo
Caie	Caie, Caye, Kaie, Kaye
Caient	Caient
Caiert	Caiert, Cayertt, Kaiert, Kayert, Kayertt
Cail	Cail, Caille, Calewei, Callewey, Cayle, Kail, Kayle
Cailer	Cailer, Caler, Cayler
Cailhet	Cailhet, Caylhet
Cain	Cain, Caine, Cayn, Kenei, Keney, Kenney
Caines	Caines, Canes, Caynes
Cair	Cair, Caire, Cayr
Cais	Cais, Cays, Kais, Kays
Caisar	Caisar, Caysar, Kaisar, Kaysar, Keisar, Keysar
Caiser	Caiser, Keiser, Keisor, Keyser, Keysor
Caisin	Caisin, Caysyn
Caison	Caison, Cayson, Caysson
Caitif	Caitif, Caytyf
Cak	Cak, Cake, Kak, Kake
Cakew	Cakew, Cakewe
Caks	Caks
Cal	Cal, Cale, Calle
Cala	Cala, Calla
Calafaco	Calafaco
Calafado	Calafado
Calafano	Calafano
Calafao	Calafao
Calafat	Calafat
Calafato	Calafato
Calaphado	Calaphado
Calardo	Calardo
Calasatin	Calasatin, Calasatyn
Calavertes	Calavertes, Callavertes
Calavro	Calavro
Calawais	Calawais, Calaways
Calawartes	Calawartes
Calberi	Calberi, Calbery
Calcarin	Calcarin, Calcaryn
Calcot	Calcot, Calcote, Calcott, Calcotte
Calcroft	Calcroft
Cald	Cald, Calde
Caldar	Caldar
Caldebeck	Caldebeck, Caldebecke
Caldeham	Caldeham
Caldei	Caldei, Caldey
Calderon	Calderon
Calderot	Calderot
Calderus	Calderus
Caldewel	Caldewel, Caldewell, Caldewelle
Caldez	Caldez
Caldianes	Caldianes
Caldie	Caldie, Caldye
Caleag	Caleag, Calleage
Calecia	Calecia, Calisia
Caleciam	Caleciam
Calecium	Calecium
Calefact	Calefact, Calefacte
Calefas	Calefas
Calefat	Calefat, Calefate
Calegar	Calegar
Calego	Calego
Calei	Calei, Calley, Keighlei, Kelei, Kelley, Keyghley
Caleigo	Caleigo, Caleygo
Caleis	Caleis, Caleys, Calleis, Calleys
Caleng	Caleng, Calenge
Calentua	Calentua
Cales	Cales, Calles
Calesia	Calesia
Calesiam	Calesiam, Callesiam
Calesie	Calesie
Calesis	Calesis
Calestiga	Calestiga
Calet	Calet, Callet, Callett
Calf	Calf, Calfe, Calffe
Cali	Cali, Caly
Calic	Calic, Callic
Calicia	Calicia
Caliciam	Caliciam
Calier	Calier
Calies	Calies, Callyesse, Calyesse
Caligar	Caligar, Caligare, Caliger
Calin	Calin, Callyn, Calyn
Calina	Calina, Calyna
Calinger	Calinger, Calynger
Calinthorp	Calinthorp, Calynthorpp
Calio	Calio
Calion	Calion
Caliot	Caliot, Caliott, Calyot
Calis	Calis, Callis, Callys, Calys, Calyse
Calisiam	Calisiam
Calisie	Calisie
Calkar	Calkar
Calker	Calker
Calket	Calket
Calkot	Calkot, Calkote, Calkott
Calloo	Calloo, Caloo
Callotrop	Callotrop, Calotrop
Callow	Callow, Callowe, Calow, Calowe, Kalow, Kalowe
Callthorp	Callthorp, Calthorp, Calthorpe
Calltrope	Calltrope, Caltrop, Caltrope, Caltroppe
Callubertes	Callubertes, Calubertes
Callvacant	Callvacant, Callvacante, Calvacant, Calvacante, Calvacantt, Calvacantte
Callvacaunt	Callvacaunt, Calvacaunnte, Calvacaunt, Calvacaunte, Calvacauntte
Callverwell	Callverwell, Calverwel
Callwaye	Callwaye, Calwaie, Calwaye
Calmain	Calmain, Calmayne
Calman	Calman
Calnbertes	Calnbertes
Caloflela	Caloflela
Calogrea	Calogrea
Calonga	Calonga
Caloro	Caloro
Cals	Cals, Calse
Calsiam	Calsiam
Calson	Calson
Calthrop	Calthrop, Calthrope, Calthropp, Calthroppe
Calton	Calton
Calul	Calul, Calull
Calv	Calv, Calve
Calvacanti	Calvacanti
Calvacat	Calvacat
Calvain	Calvain, Calvayne
Calvant	Calvant
Calvaris	Calvaris
Calvart	Calvart
Calvarus	Calvarus
Calvecant	Calvecant
Calverberk	Calverberk
Calvercant	Calvercant, Calvercante
Calverlei	Calverlei, Calverley
Calvero	Calvero
Calvertes	Calvertes
Calverus	Calverus
Calveshie	Calveshie, Calveshye
Calvet	Calvet, Calvett
Calvo	Calvo
Calwars	Calwars
Calwart	Calwart
Calwei	Calwei, Calwey, Kalwai, Kalway
Calworson	Calworson, Calworsson
Calworth	Calworth
Calwot	Calwot
Cam	Cam, Camb, Cambe, Came, Kam, Kame
Camachio	Camachio
Camadchago	Camadchago
Camba	Camba
Camber	Camber, Cambere, Cambr, Cambre
Camberer	Camberer
Camberi	Camberi
Cambers	Cambers, Cambrs
Cambes	Cambes
Cambi	Cambi, Camby
Cambian	Cambian, Cambyan
Cambier	Cambier, Cambyer
Cambio	Cambio
Cambis	Cambis, Cambys
Cambmaker	Cambmaker
Cambo	Cambo
Camboa	Camboa
Cambol	Cambol, Camboll
Cambreg	Cambreg, Cambregg, Cambrig, Cambrigge, Cambrygg
Cambres	Cambres
Cambridg	Cambridg, Cambridge
Cambrik	Cambrik
Camel	Camel, Camele, Camell, Camelle
Cameleto	Cameleto
Camelias	Camelias, Camelyas
Cameliers	Cameliers
Camelin	Camelin, Camelyn
Camelio	Camelio
Camelo	Camelo
Camelova	Camelova
Camena	Camena
Cameno	Cameno
Cameo	Cameo
Camer	Camer
Cameraga	Cameraga
Camereaga	Camereaga
Camergo	Camergo
Cameri	Cameri, Camery
Cameriaga	Cameriaga
Cameric	Cameric, Camerick, Camericke, Camerik, Camerike, Cameryck, Cameryk, Cameryke
Camerikes	Camerikes
Camero	Camero, Camerro
Camerow	Camerow, Camerowe
Camersal	Camersal, Camersale
Camerser	Camerser
Camersik	Camersik, Camersyke
Camevil	Camevil, Camevyle
Camewai	Camewai, Cammeway
Camfer	Camfer, Camfere
Camil	Camil, Camyle, Camylle, Comewel, Comewell
Camin	Camin, Camyne
Camina	Camina, Camyna
Camis	Camis, Camys
Camon	Camon, Camone
Camona	Camona
Camond	Camond
Camons	Camons, Colmans, Colmanse
Camows	Camows
Camp	Camp, Campe, Kamp, Kampe
Campagn	Campagn, Campagne
Campaign	Campaign, Campaigne, Campain, Campaine, Campayn, Campayne
Campan	Campan, Campane
Campana	Campana
Campanel	Campanel
Campano	Campano
Camper	Camper
Campes	Campes, Camps
Campi	Campi, Campy
Campin	Campin, Campyn
Campino	Campino, Kampino
Campion	Campion, Campyon
Campis	Campis, Campys
Campman	Campman
Campo	Campo
Campoch	Campoch, Campoche, Campuch, Campuche
Campsal	Campsal, Campsall, Campsalle
Campso	Campso
Campucci	Campucci, Campuci
Campuldo	Campuldo
Campus	Campus
Cams	Cams
Camus	Camus
Camvil	Camvil, Camvyle
Camzoul	Camzoul, Camzoule
Cana	Cana, Canna
Canac	Canac, Canace
Canal	Canal, Canale, Canall, Canalle
Canam	Canam
Canan	Canan
Canari	Canari, Canary
Canasin	Canasin, Canasyn
Canburgh	Canburgh
Cand	Cand, Cande
Candai	Candai, Canday
Candan	Candan
Candea	Candea, Candia
Candel	Candel, Candell
Candelei	Candelei, Candeley
Candeler	Candeler
Candet	Candet
Candie	Candie
Canea	Canea, Conia, Conya
Caneg	Caneg, Cannege
Canegeter	Canegeter, Canegetter, Canigeter, Canigetter, Cannegeter, Cannegetter, Canygetter, Kanegeter
Canegheter	Canegheter, Cannegheter
Canel	Canel, Canelle, Cannelle
Canelas	Canelas, Canellas
Canelero	Canelero
Canello	Canello, Canelo
Canena	Canena
Canengeter	Canengeter, Canengetter
Canepart	Canepart
Canerego	Canerego
Canesian	Canesian, Canesyan
Caneson	Caneson, Canesson
Canever	Canever, Canevere
Canevot	Canevot, Canevote
Canew	Canew, Canewe
Canewet	Canewet, Canewete
Cang	Cang, Cange
Canges	Canges
Cangeter	Cangeter
Cangheter	Cangheter
Cangis	Cangis, Cangys
Canie	Canie, Canye
Canik	Canik, Canike
Canin	Canin, Canyn
Canina	Canina
Caning	Caning, Canyng
Caninges	Caninges, Canynges, Canyngges
Caningeter	Caningeter, Canyngeter
Caniolo	Caniolo, Canyolo
Canis	Canis, Kanis, Kanys
Canisa	Canisa, Canissa
Canisan	Canisan, Canisen, Canison, Canysan, Canysen, Canyson, Canysson
Canisean	Canisean, Canysean
Canisian	Canisian, Canysian
Caniver	Caniver, Canyver
Canivor	Canivor, Canyvor, Canyvore
Canizean	Canizean, Canyzean
Canizian	Canizian, Canyzian, Canyziane
Canizoul	Canizoul, Canizoule, Canyzoule, Conizoul, Conyzoule
Cankerel	Cankerel, Cankerell
Cannon	Cannon, Canon
Cano	Cano, Conow, Conowe
Canoun	Canoun
Canouns	Canouns
Canow	Canow, Canowe
Canson	Canson, Cansone
Canstelin	Canstelin, Canstelyn
Canston	Canston
Cant	Cant, Cante, Kant
Cantal	Cantal, Cantalle
Cantela	Cantela
Canteler	Canteler
Cantelew	Cantelew, Cantelewe
Cantelow	Cantelow, Cantelowe
Canter	Canter, Cantor
Canteran	Canteran
Cantewel	Cantewel, Cantewell
Cantlow	Cantlow, Cantlowe
Canto	Canto
Cantrei	Cantrei, Cantrey
Cantuariensis	Cantuariensis
Cantwel	Cantwel, Cantwell, Cantwelle
Canul	Canul, Canule
Canus	Canus
Canz	Canz, Canze
Cap	Cap, Cape, Cappe
Capalain	Capalain, Capalayn
Capar	Capar, Cappar
Caparans	Caparans
Capatan	Capatan
Capel	Capel, Capele, Capell, Capelle, Cappell, Cappelle
Capela	Capela, Capella
Capelen	Capelen, Cappelen
Capeler	Capeler, Capeller, Cappeller
Capelin	Capelin, Capelyn, Cappellyn
Capello	Capello, Capelo
Capenegro	Capenegro
Caper	Caper, Capper
Caperon	Caperon
Capers	Capers
Caperson	Caperson
Capes	Capes, Cappes
Capil	Capil, Capille, Capl, Caple, Capylle
Capilman	Capilman
Capis	Capis, Cappis
Capitan	Capitan, Capitane
Caplein	Caplein, Capleyn
Caplen	Caplen
Capler	Capler
Caplin	Caplin, Caplyn
Capman	Capman, Copman
Capmanno	Capmanno, Capmano
Capon	Capon, Capone
Capona	Capona
Capranc	Capranc, Caprance
Capransa	Capransa
Capranso	Capranso
Caprin	Caprin, Caprine
Caprino	Caprino
Capron	Capron, Caprone
Captain	Captain, Captayn
Capurn	Capurn, Capurne
Car	Car, Care, Carr, Carre
Carabon	Carabon, Carrabon
Carais	Carais, Carays
Carald	Carald, Caralde
Caraldo	Caraldo
Carand	Carand, Carrand
Carat	Carat, Caret, Carette, Carrate, Carret, Carrett, Kerit, Keryt
Caraunt	Caraunt
Carav	Carav, Carave
Caravalio	Caravalio
Caravelo	Caravelo, Karavelo
Carbar	Carbar
Carbel	Carbel, Carbell, Carbol, Carboll
Carbon	Carbon
Carbonar	Carbonar
Carbonas	Carbonas
Carboner	Carboner
Carbotson	Carbotson
Carbrow	Carbrow, Carbrowe
Carcano	Carcano, Carkano
Card	Card, Kard
Cardemaker	Cardemaker, Cardmaker
Carden	Carden, Cardene, Karden
Cardenal	Cardenal, Cardenall, Cardinal, Cardynale
Cardenehugh	Cardenehugh
Carder	Carder
Cardic	Cardic, Cardyce
Cardier	Cardier
Cardif	Cardif, Cardyff
Cardin	Cardin, Cardyn, Cardyne, Kardin, Kardyn
Cardinawt	Cardinawt, Cardynawte
Cardini	Cardini
Cardon	Cardon
Cardoso	Cardoso
Carea	Carea, Carrea
Careadon	Careadon
Carechiago	Carechiago
Cared	Cared, Carred
Caredan	Caredan
Careira	Careira, Carreira, Karera
Carel	Carel, Carell, Carelle, Carrell
Caren	Caren
Carener	Carener
Carens	Carens
Careo	Careo
Careon	Careon
Carer	Carer, Carrer
Carera	Carera, Carrera
Cares	Cares
Careta	Careta
Careto	Careto, Caretto
Carew	Carew, Carewe
Carewaie	Carewaie, Carrewaie
Carf	Carf, Carff
Carg	Carg, Cargge
Cargoli	Cargoli, Cargoly
Cari	Cari, Cary
Cariado	Cariado, Carriado
Cariaga	Cariaga
Carian	Carian, Carion, Carione, Carrion, Carryan, Carryon, Caryan, Caryon
Cariango	Cariango
Cariar	Cariar, Carriare
Carican	Carican, Carrycan
Carid	Carid, Caryd
Carie	Carie, Carrye, Carye, Keri, Kery
Carien	Carien, Caryen
Cariet	Cariet
Caril	Caril, Carile, Carill, Carille, Carrill, Carryll, Caryll, Carylle
Carin	Carin, Caryne
Carino	Carino
Cariol	Cariol, Cariolle
Carira	Carira
Caris	Caris, Carris, Carrys
Cariveran	Cariveran, Carryveran
Cark	Cark, Carke
Carkison	Carkison, Carkisson
Carl	Carl, Carle, Carll, Carlle, Karl, Karlle
Carlar	Carlar, Carlare, Carler, Karler
Carlehil	Carlehil, Carlehill, Carlhil, Carlhyll
Carleil	Carleil, Carleyll
Carlel	Carlel, Carlell, Carlelle
Carlesil	Carlesil, Carlesill
Carleton	Carleton, Carlton
Carlil	Carlil, Carlille, Carlyle, Carlyll, Carlylle, Karlil, Karlylle
Carlis	Carlis, Carlys
Carlman	Carlman
Carlo	Carlo
Carlowik	Carlowik
Carmagor	Carmagor, Carmagore
Carmardeux	Carmardeux
Carmel	Carmel, Carmell
Carmeler	Carmeler
Carmew	Carmew, Carmewe
Carminkel	Carminkel, Carminkelle
Carmo	Carmo
Carmoln	Carmoln, Carmolne
Carn	Carn, Carne
Carnag	Carnag, Carnage
Carnato	Carnato
Carnebol	Carnebol, Carnebole
Carneca	Carneca
Carnero	Carnero
Carnesek	Carnesek
Carnew	Carnew
Carnis	Carnis
Carno	Carno
Carnois	Carnois, Carnoys
Carnulas	Carnulas, Carnullas
Caro	Caro
Caroch	Caroch, Caroche, Croc, Croce, Crok, Croke
Caroe	Caroe, Crew, Crewe, Cru
Caroga	Caroga
Carol	Carol, Carroll
Carold	Carold, Carolde
Caroli	Caroli, Carolli
Carollo	Carollo, Carolo, Carrollo
Caron	Caron, Carone, Carron
Carow	Carow, Carowe, Carrow, Carrowe
Carpen	Carpen
Carpentar	Carpentar, Carpenter, Carpentere
Carpentir	Carpentir, Carpentyr
Carpin	Carpin, Carpyn
Carpinter	Carpinter, Carpynter
Carpintir	Carpintir, Carpyntyr
Carselato	Carselato, Carsellatto
Carson	Carson, Carsten, Karsten
Carstang	Carstang, Carstange
Carston	Carston
Carswel	Carswel, Carswelle
Cart	Cart, Carte
Cartalanaga	Cartalanaga
Cartalanago	Cartalanago
Cartar	Cartar, Carter
Cartaro	Cartaro
Cartelag	Cartelag, Cartelage
Cartes	Cartes
Cartlag	Cartlag, Cartlage
Cartmail	Cartmail, Cartmayle
Carto	Carto
Cartrik	Cartrik, Cartryke
Cartrop	Cartrop, Cartrope
Carug	Carug, Caruge
Carus	Carus, Caruse
Carusa	Carusa
Caruso	Caruso
Carval	Carval, Carvalle, Carvel, Carvell, Carvelle, Karvel, Karvelle
Carvales	Carvales
Carverick	Carverick
Carwal	Carwal, Carwall
Carwei	Carwei, Carwey
Carwel	Carwel, Carwelle
Carwen	Carwen
Cas	Cas, Case, Casse
Casa	Casa, Cassa
Casablanka	Casablanka
Casach	Casach, Casache
Casad	Casad, Cassad
Casado	Casado, Cassado
Casan	Casan, Cassan, Cassane
Casana	Casana, Cassana
Casander	Casander
Casandro	Casandro, Cassandro
Casano	Casano
Casanov	Casanov, Cassanove
Casanova	Casanova, Cassanova
Casant	Casant
Casanuba	Casanuba, Cassanuba
Casar	Casar, Cassare, Cosher, Cossher
Casav	Casav, Casave
Casaver	Casaver, Cassaver
Casaw	Casaw, Cassaw
Casawis	Casawis, Cassawis
Casdock	Casdock
Casdok	Casdok, Casdoke, Casduck, Casduk, Casduke
Caseak	Caseak, Caseake
Casedok	Casedok
Caseduk	Caseduk, Casseduke
Casefot	Casefot, Cassefot
Casehous	Casehous
Casei	Casei, Cassey, Kesei, Kesey
Caseie	Caseie, Casseye
Casel	Casel, Cassell, Casselle
Caselin	Caselin, Casselyne
Caselmag	Caselmag, Caselmage
Caselman	Caselman, Cassellman
Casen	Casen, Cason, Casson
Casendrino	Casendrino, Cassendryno
Casenost	Casenost
Caser	Caser
Casera	Casera
Casereta	Casereta, Caseretta
Caset	Caset, Casset, Coset, Cosett
Casethorp	Casethorp, Cassethorp
Casew	Casew, Casewe, Cassewe
Casewal	Casewal, Cassewalle
Casewis	Casewis, Cassewis
Cashous	Cashous
Casi	Casi, Cassy
Casian	Casian, Casyan
Casiani	Casiani
Casie	Casie, Cassie, Cassye, Casye
Casier	Casier, Casyer
Casiler	Casiler
Casin	Casin, Cassyn, Cassynne, Casyn, Casyne
Casina	Casina, Casyna
Casino	Casino
Cask	Cask, Caske
Casker	Casker
Casler	Casler
Casma	Casma, Cassma
Casner	Casner, Cassner
Casobel	Casobel, Cassobel
Casos	Casos, Cassos
Casow	Casow, Cassowe
Caspar	Caspar, Casper, Casspar, Kasper
Casperin	Casperin, Casperyn
Cast	Cast
Casta	Casta
Castalano	Castalano
Castalin	Castalin, Castalyn
Castehoush	Castehoush, Castehoushe
Castein	Castein, Casteine
Casteker	Casteker
Castel	Castel, Castele, Castell, Castelle
Castela	Castela
Castelaker	Castelaker
Castelan	Castelan, Castellan, Castelon
Castelano	Castelano
Castelas	Castelas
Castelego	Castelego
Castelen	Castelen, Castelene
Castelenega	Castelenega, Castellenega
Castelfort	Castelfort, Castelforte
Castelia	Castelia
Castelin	Castelin, Casteline, Castellyn, Castelyn
Castello	Castello, Castelo
Castelmaker	Castelmaker
Castelnovo	Castelnovo
Castelond	Castelond
Casten	Casten, Caston, Castone
Caster	Caster, Castor, Castr, Castre, Kaster
Casterling	Casterling
Castern	Castern
Casthorp	Casthorp, Casthorpe, Castorp, Castorpe
Casticar	Casticar
Castiker	Castiker
Castil	Castil, Castile, Castill, Castille, Castyll
Castilia	Castilia
Castilian	Castilian
Castilin	Castilin, Castilyn, Castylyn
Castilion	Castilion
Castin	Castin, Castyn
Castinecha	Castinecha, Castynecha
Castini	Castini
Castiniago	Castiniago, Castynyago
Castkelton	Castkelton
Castl	Castl, Castle
Castlan	Castlan
Castlen	Castlen
Castlian	Castlian, Castlyan
Castlin	Castlin, Castlyn, Castlyne
Castliner	Castliner, Castlyner
Castlok	Castlok, Castloke
Castondet	Castondet, Castondett
Castow	Castow
Castra	Castra
Castrei	Castrei, Castrey
Castri	Castri
Castrick	Castrick, Castrik, Castryck, Castryke
Castridg	Castridg, Castridge
Castrig	Castrig, Castrige
Castro	Castro
Castrop	Castrop, Castropp
Castrum	Castrum
Castvelt	Castvelt
Cat	Cat, Catte, Kat, Kate
Catagor	Catagor, Catagore
Catain	Catain, Catayn, Catayne, Cattayn
Catalana	Catalana
Catalanaga	Catalanaga, Katalanaga
Catalanago	Catalanago
Catalanega	Catalanega
Catalenaga	Catalenaga, Catalinaga, Catalynaga, Katalenaga
Catalenega	Catalenega
Catalinago	Catalinago, Catalynago
Catan	Catan, Catane, Cattan
Catana	Catana
Catanea	Catanea
Cataneo	Cataneo
Catanio	Catanio
Catano	Catano
Catapan	Catapan
Catapeizero	Catapeizero, Catapeyzero
Catapesaro	Catapesaro
Catapezaro	Catapezaro
Cataro	Cataro
Catchmaid	Catchmaid, Catchmayde
Catein	Catein, Cateyn
Catel	Catel, Catell, Catelle, Cattell
Catelan	Catelan
Catelanega	Catelanega
Catelenaga	Catelenaga, Catelinaga, Katelenaga
Catelenega	Catelenega, Catellenega
Cateli	Cateli
Catelin	Catelin, Catelyn, Catlin, Catline, Catlyn
Catelina	Catelina, Catelyna
Catelingson	Catelingson, Cattelyngson
Catellonia	Catellonia, Catelonia, Cattellonia
Catenburgh	Catenburgh, Cattenburghe
Catepesero	Catepesero
Cater	Cater, Caterei, Caterey, Kater
Cateral	Cateral, Caterall, Cateralle
Cateria	Cateria
Caterin	Caterin, Cateryn, Katerin, Katerine, Kateryn, Kateryne
Caterina	Caterina, Katerina, Kateryna
Cateris	Cateris
Catermains	Catermains, Catermayns
Catero	Catero, Cattero
Cates	Cates, Cattes, Kates, Kattes
Catesbi	Catesbi, Catesby
Catew	Catew, Catewe
Catewik	Catewik, Cattewyk
Cateworth	Cateworth, Catteworth, Catteworthe
Cathena	Cathena
Catherina	Catherina
Catingbright	Catingbright, Cattingbright
Catinus	Catinus, Catynus
Catis	Catis, Cattis, Cattys
Catisbi	Catisbi, Catisby
Cato	Cato
Caton	Caton, Catton
Catonio	Catonio
Cator	Cator, Catore
Catour	Catour
Catr	Catr, Catre
Catro	Catro
Catsow	Catsow, Catsowe
Catsworth	Catsworth
Cattworth	Cattworth, Catworth, Catworthe
Catwer	Catwer
Catwik	Catwik, Catwyk, Catwyke
Cauch	Cauch, Cauche, Cawch, Cawche
Caudebek	Caudebek
Caul	Caul, Caule, Col, Cole, Coll, Colle
Caulson	Caulson
Caulthorp	Caulthorp, Caulthorpe
Caumbr	Caumbr, Caumbre
Caundi	Caundi, Caundy
Caundisch	Caundisch
Caung	Caung, Caunge
Caunli	Caunli, Caunly
Caunsian	Caunsian, Caunsyan
Caunsom	Caunsom
Caunt	Caunt, Cauntt, Cauntte
Cauntlow	Cauntlow, Cauntlowe
Caus	Caus, Cause
Causa	Causa
Causad	Causad, Caussade
Causer	Causer
Causes	Causes
Causon	Causon
Causton	Causton, Coston
Cauxson	Cauxson, Cauxsson
Cauxton	Cauxton
Cauz	Cauz, Cawes, Caws, Cawse
Cav	Cav, Cave
Cavadistria	Cavadistria
Caval	Caval, Cavall, Cavalle
Cavalar	Cavalar, Cavallar, Cavallare
Cavalari	Cavalari, Cavalary, Cavallary
Cavalcant	Cavalcant, Cavalcante, Cavalchant
Cavalcanti	Cavalcanti, Cavalcanty
Cavalcaunt	Cavalcaunt, Cavalcauntte
Cavaler	Cavaler, Cavalere, Cavaller, Cavallere
Cavalin	Cavalin, Cavalyn
Cavan	Cavan, Caven
Cavarlaie	Cavarlaie, Cavarlaye
Cavas	Cavas, Cavase
Cavaso	Cavaso, Cavasso
Cavatort	Cavatort, Cavatorte
Cavecant	Cavecant, Cavecantt
Cavel	Cavel, Cavelle
Cavelana	Cavelana, Cavellana
Cavelar	Cavelar, Cavellare
Cavelarie	Cavelarie, Cavellarye
Cavelcant	Cavelcant, Cavelcante
Cavelcanto	Cavelcanto
Cavelecant	Cavelecant
Caveler	Caveler, Cavelere
Cavelero	Cavelero
Cavelier	Cavelier
Cavendich	Cavendich, Cavendiche
Cavendish	Cavendish
Caver	Caver, Cavere
Caverar	Caverar, Caverare
Caverisan	Caverisan, Caverysan
Caverlei	Caverlei, Caverley
Caversa	Caversa
Caviler	Caviler, Cavyler
Cavintr	Cavintr, Cavyntre
Caw	Caw, Cawe, Kaw, Kawe
Cawak	Cawak
Cawbin	Cawbin, Cawbyn
Cawcer	Cawcer, Cawcere
Cawda	Cawda
Cawdan	Cawdan
Cawder	Cawder
Cawdestria	Cawdestria
Cawdi	Cawdi, Cawdie, Cawdy, Cawdye
Cawel	Cawel, Cawell, Cowel, Cowelle
Cawer	Cawer, Cawr, Cawre, Cor, Core, Corr, Corre
Caweson	Caweson, Cawesson
Cawldebek	Cawldebek
Cawlei	Cawlei, Cawley
Cawn	Cawn
Cawnch	Cawnch, Cawnche
Cawod	Cawod, Cawode
Cawood	Cawood
Cawot	Cawot
Cawpers	Cawpers
Cawson	Cawson, Cawsson
Cawster	Cawster, Coster
Cawston	Cawston, Cawstone, Costen
Cawswaie	Cawswaie, Cawswaye
Caxston	Caxston, Caxton
Cazado	Cazado
Cazesaga	Cazesaga
Cazesago	Cazesago
Cazina	Cazina
Ce	Ce
Ceba	Ceba, Ciba, Cyba, Seba, Siba
Cebersham	Cebersham
Cecil	Cecil, Cecile, Cecille
Cecili	Cecili, Cecyly
Cecilia	Cecilia
Ceciliam	Ceciliam
Cecilie	Cecilie, Cicilie, Cicilye
Cecilio	Cecilio, Cicelio, Cicilio
Cefeman	Cefeman, Ceffeman
Ceiol	Ceiol, Ceiole
Celarna	Celarna, Selarna
Celdron	Celdron, Cheldren
Celi	Celi, Celly, Cely, Seli, Selie, Sellie, Selly, Sely, Selye, Sheli, Shelly
Celiock	Celiock, Celiocke, Celyocke, Ciliock, Ciliocke
Celiok	Celiok, Celyoke
Celion	Celion, Cellyon
Cellon	Cellon, Celon
Cellos	Cellos, Cellowes, Celos, Celose, Celowes
Celo	Celo
Celoit	Celoit, Celoyt
Cembitoris	Cembitoris, Sembitoris
Cemp	Cemp, Cempe
Cen	Cen, Cene, Sen, Sene, Senne, Shen, Shene
Cenepl	Cenepl, Ceneple
Cenington	Cenington, Cenyngton
Cenintun	Cenintun, Cenyntune
Cent	Cent, Sent, Sente
Centerin	Centerin, Centeryn
Centoro	Centoro
Centr	Centr, Senter, Sentor, Sentr, Sentre
Centurio	Centurio, Senturio
Centurion	Centurion, Centuryon, Senturion, Senturyon
Centurioun	Centurioun
Cer	Cer, Cere, Chur
Cera	Cera, Sara, Sarra, Shera
Cereler	Cereler
Cerestor	Cerestor, Cerestore, Serestor, Serestore
Cerestori	Cerestori, Cerestory, Serestori, Serestorie, Serestory
Cerk	Cerk, Cerke, Cherch, Cherche
Cerlis	Cerlis, Cerlys
Ces	Ces, Cesse, Ses, Sesse
Cesewel	Cesewel, Cesewell
Cesilia	Cesilia
Cesphero	Cesphero
Cest	Cest, Ceste, Sest, Seste
Cesta	Cesta, Sesta
Cestacio	Cestacio
Cester	Cester
Cestie	Cestie, Cestye
Ceta	Ceta, Seta, Setta
Ceux	Ceux, Ch, Che
Ceves	Ceves
Cevilia	Cevilia
Cha	Cha
Chabo	Chabo
Chach	Chach, Chache
Chachmaid	Chachmaid, Chachmayde
Chacomb	Chacomb, Chacombe
Chadewik	Chadewik, Chadewyk
Chadwik	Chadwik, Chadwyk, Chadwyke
Chafenei	Chafenei, Chafeney
Chafer	Chafer, Chaffer
Chafir	Chafir, Chafyr, Chafyre
Chagoean	Chagoean
Chaien	Chaien, Chayen
Chailes	Chailes, Chailles, Chales
Chain	Chain, Chayn, Chayne
Chainei	Chainei, Chainey
Chaines	Chaines, Chaynes
Chaini	Chaini, Chayny
Chaker	Chaker
Chal	Chal, Chall
Chalaphado	Chalaphado
Chalinor	Chalinor
Chalmelei	Chalmelei, Chalmeley
Chaloner	Chaloner
Chalow	Chalow, Chalowe
Chalton	Chalton
Chamachio	Chamachio
Chaman	Chaman
Chamb	Chamb, Chambe
Chambar	Chambar, Chambour, Chambr, Chambre, Chambur, Chambure
Chambarlin	Chambarlin, Chambarlyn
Chamber	Chamber
Chamberes	Chamberes, Chambers
Chamberlain	Chamberlain, Chamberlaine, Chamberlayn, Chamberlayne, Chamberlen
Chamberlein	Chamberlein, Chamberleyn, Chamberleyne
Chamberlin	Chamberlin, Chamberlyn, Chamberlyne
Chambes	Chambes
Chambir	Chambir, Chambyr
Chambirlain	Chambirlain, Chambirlayn
Chambirlein	Chambirlein, Chambirleyn, Chamburlein, Chamburleyn, Chambyrleyn
Chamblei	Chamblei, Chambley
Chambneldi	Chambneldi, Chambneldy
Chambrelain	Chambrelain
Chambres	Chambres
Chambrlin	Chambrlin, Chambrlyn
Chamerlin	Chamerlin, Chamerlyn
Chamlei	Chamlei, Chamley
Chamond	Chamond
Champ	Champ, Champe
Champain	Champain, Champayn, Champayne, Champpayn
Champan	Champan, Champane
Champant	Champant, Champante
Champantir	Champantir
Champart	Champart, Champarte
Champein	Champein, Champeyn, Champeyne, Champpeyn
Champenei	Champenei, Champeney
Champeneis	Champeneis, Champeneys
Champenes	Champenes, Champenese
Champian	Champian, Champion, Champione, Champyan, Champyon, Champyone
Champis	Champis, Champys
Champman	Champman
Champnei	Champnei, Champney
Champneis	Champneis, Champneys
Champnes	Champnes, Champnese
Chandeler	Chandeler
Chandelmaker	Chandelmaker
Chandler	Chandler
Changeor	Changeor
Chansing	Chansing, Chansyng
Chap	Chap
Chapa	Chapa, Chappa
Chapel	Chapel, Chapell, Chapelle
Chapelein	Chapelein, Chapeleyn
Chapeo	Chapeo
Chapereta	Chapereta
Chaplei	Chaplei, Chapley
Chaplein	Chaplein, Chapleyn
Chaplen	Chaplen
Chaplin	Chaplin, Chaplyn
Chapman	Chapman, Chapmane, Chappman
Chard	Chard, Charde
Charel	Charel, Charelle
Chariaria	Chariaria
Chark	Chark
Charkrak	Charkrak
Charles	Charles, Chas, Chasse
Charlez	Charlez
Charlis	Charlis, Charllys, Charlys
Charlni	Charlni, Charlny
Charlot	Charlot
Charman	Charman
Charoli	Charoli
Charolo	Charolo
Charolus	Charolus, Charrollus
Charsai	Charsai, Charsay
Charsei	Charsei, Charsey, Charssey
Chartes	Chartes
Chartirlei	Chartirlei, Chartirley
Chartsei	Chartsei, Chartsey
Charva	Charva
Chasareta	Chasareta
Chaser	Chaser
Chaserow	Chaserow, Chasserowe
Chasi	Chasi, Chassy
Chasie	Chasie, Chassye
Chatchmaid	Chatchmaid, Chatchmayd
Chaterlei	Chaterlei, Chaterley
Chatok	Chatok, Chattok, Chattoke
Chaufer	Chaufer, Chauffer
Chauffyr	Chauffyr, Chaufir, Chaufyr
Chaulmelei	Chaulmelei, Chaulmeley
Chaumber	Chaumber, Chaumbr, Chaumbre, Chaumbur
Chaumberlain	Chaumberlain, Chaumberlayne
Chaumberlein	Chaumberlein, Chaumberleyn, Chaumberleyne
Chaumberlin	Chaumberlin, Chaumberlyn, Chaumberlyne
Chaumblei	Chaumblei, Chaumbley
Chaumbrelain	Chaumbrelain
Chaumpion	Chaumpion
Chaunceler	Chaunceler, Chaunceller, Chauncellour, Chauncelor, Chauncelour
Chaundel	Chaundel, Chaundelle
Chaundeler	Chaundeler
Chaunder	Chaunder, Chaundr, Chaundre
Chaundler	Chaundler
Chaundnei	Chaundnei, Chaundney
Chaunesei	Chaunesei, Chaunessey
Chaungeour	Chaungeour
Chaungheter	Chaungheter
Chaungour	Chaungour
Chav	Chav, Chave
Chava	Chava
Chavel	Chavel
Chaveler	Chaveler
Chavenei	Chavenei, Chaveney
Chaver	Chaver, Chaverre
Chaverer	Chaverer
Chavi	Chavi, Chavy
Chawdebet	Chawdebet, Chawdebett
Chawel	Chawel, Chawelle
Chawngehour	Chawngehour, Chawngehoure
Chawri	Chawri, Chawry
Chawser	Chawser
Cheber	Cheber
Chechelei	Chechelei, Checheley
Checheli	Checheli, Chechely
Checoras	Checoras
Chedeldon	Chedeldon
Chein	Chein, Cheyne
Cheinei	Cheinei, Cheyney
Cheini	Cheini, Cheyny
Cheirpetit	Cheirpetit, Cherpetit, Cherpetite
Chek	Chek, Cheke
Chekin	Chekin, Chekyn
Cheksond	Cheksond
Chelebief	Chelebief, Chellebyeff
Cheling	Cheling
Chelmesford	Chelmesford
Chemin	Chemin, Chemyn
Cheni	Cheni, Cheny
Chenin	Chenin, Chenyn
Chequelar	Chequelar, Chequellar
Chercheerd	Chercheerd
Chercheman	Chercheman
Cherchesei	Cherchesei, Cherchesey
Cherchsei	Cherchsei, Cherchsey
Chereborgh	Chereborgh
Cherer	Cherer
Cherifa	Cherifa, Cheryffa
Cherpetiit	Cherpetiit, Cherpetiyt
Chersai	Chersai, Chersay
Chersei	Chersei, Chersey, Cherssey
Cherson	Cherson
Chertes	Chertes, Chertese, Chertsai, Chertsay
Chertesei	Chertesei, Chertesey, Chertsei, Chertsey
Cherteseie	Cherteseie, Cherteseye, Chertsi, Chertsy
Cherva	Cherva
Ches	Ches, Chesse
Cheseman	Cheseman, Chesseman
Chesman	Chesman
Chesmanger	Chesmanger
Chest	Chest, Cheste
Chestar	Chestar, Chester, Chestr, Chestre, Chestur
Chestein	Chestein, Chesteyn
Chestel	Chestel, Chestell
Chesten	Chesten
Chesterton	Chesterton
Chestir	Chestir, Chestyr
Chestland	Chestland
Chestman	Chestman
Cheston	Cheston
Chestor	Chestor
Chet	Chet
Chevales	Chevales, Chevalles, Chevals
Chevalier	Chevalier
Chevalx	Chevalx
Chevami	Chevami, Chevamy
Cheveler	Cheveler
Chever	Chever, Cheverre
Chevera	Chevera, Cheverra
Cheverel	Cheverel, Cheverelle
Chevers	Chevers
Chevon	Chevon
Chewgo	Chewgo
Chich	Chich
Chichelei	Chichelei, Chicheley, Chycheley
Chicheli	Chicheli, Chichely, Chychely
Chierpetit	Chierpetit
Child	Child, Childe, Chylde
Childerhous	Childerhous, Chylderhouse
Children	Children
Chilei	Chilei, Chilley
Chili	Chili, Chylly
Chilot	Chilot, Chylott
Chilton	Chilton
Chinal	Chinal, Chynall
Chinalx	Chinalx, Chynnalx
Chinor	Chinor, Chynnor, Chynore
Chinting	Chinting, Chyntyng
Chipnal	Chipnal, Chypnall
Chirch	Chirch, Chirche, Chyrch, Chyrche
Chircheiard	Chircheiard, Chircheyard, Chirchierd, Chirchyerde
Chircheierd	Chircheierd, Chircheyerd
Chircheman	Chircheman, Chyrcheman
Chircherd	Chircherd
Chirchesei	Chirchesei, Chirchesey, Chirchessey
Chirstofer	Chirstofer, Chirstoffer
Chirstovar	Chirstovar
Chitok	Chitok, Chittok, Chittoke, Chyttok
Chivaler	Chivaler
Chivales	Chivales, Chyvales, Chyvalles
Chiwaren	Chiwaren
Chois	Chois, Choyse
Chok	Chok, Choke
Cholmelei	Cholmelei, Cholmeley
Cholmeli	Cholmeli, Cholmely
Cholmlei	Cholmlei, Cholmley
Chomblei	Chomblei, Chombley
Chomelei	Chomelei, Chomeley
Chomlei	Chomlei, Chomley
Choo	Choo
Chopin	Chopin, Choppyn
Chors	Chors, Chorse, Cores, Cors, Corse, Corsse, Cours, Course
Chorsi	Chorsi, Corsi, Corsy
Chos	Chos, Chose
Chosei	Chosei, Chosey
Chotinbakar	Chotinbakar, Chottinbakar
Chresteani	Chresteani
Chrichirch	Chrichirch, Chrychyrche, Crichirch, Crychyrche
Chrisitian	Chrisitian
Christ	Christ, Christe
Christean	Christean, Christien, Cristean, Cristin, Cristine, Cristyn, Crystyne
Christeon	Christeon, Cristeon
Christfero	Christfero
Christi	Christi, Cristi, Crysty
Christian	Christian, Christiane, Christion, Christyan, Christyon, Chrystian, Cristian, Cristion, Cristyan, Cristyon, Crystian, Crystyan
Christiana	Christiana
Christiani	Christiani
Christiano	Christiano, Cristiano, Cristyano
Christianson	Christianson, Cristianson, Cristiansson, Cristyanson, Cristyansson
Christianus	Christianus, Christyanus
Christinum	Christinum, Christynum
Christison	Christison, Cristeson, Cristison
Christmas	Christmas
Christofer	Christofer, Christoffer, Cristofer, Cristofere, Crystofer, Crystoffer
Christoferi	Christoferi, Cristoferi, Cristofery
Christofero	Christofero, Christoffero, Cristofero, Crystofero
Christoferus	Christoferus, Cristoferus
Christoffor	Christoffor, Christofor, Christofore, Christopher, Cristoffore, Cristofor, Cristofore, Cristopher, Crystofor
Christoffur	Christoffur, Christofur, Christofure, Cristofur, Crystoffur
Christofir	Christofir, Christofyr
Christofori	Christofori, Cristofori
Christoforo	Christoforo, Christophoro, Cristoforo
Christoforum	Christoforum
Christoforus	Christoforus, Cristoforus
Christofr	Christofr, Christofre, Cristoffre, Cristofr, Cristofre
Christomas	Christomas
Christop	Christop
Christopheri	Christopheri, Cristopheri
Christophero	Christophero, Cristophero
Christus	Christus
Chuliagn	Chuliagn, Chuliagne
Church	Church, Churche
Churstel	Churstel, Churstell
Cian	Cian, Cin, Cine, Cyan, Shin, Shyne, Sin, Syne, Synne
Ciceli	Ciceli, Cicely
Cicil	Cicil, Cycile
Cicilia	Cicilia
Cicklat	Cicklat, Cicklate
Ciel	Ciel, Cil, Cyell, Seal, Seale, Shil, Shill, Sil, Syl
Ciler	Ciler, Cyller
Cims	Cims, Cyms
Ciner	Ciner, Cyner
Cinin	Cinin, Cynyn
Cink	Cink, Cynk, Scink, Scynk, Sink, Synk, Synke
Ciol	Ciol, Cyoll, Cyolle
Ciperis	Ciperis, Cipris, Ciprys
Cipers	Cipers, Cipres, Cipresse, Cypers, Cypres
Cipr	Cipr, Cipre
Cipri	Cipri
Ciprian	Ciprian, Cipryan
Cipriano	Cipriano
Cipriel	Cipriel, Ciprielle
Cipro	Cipro, Cypro
Cir	Cir, Cire, Cyre, Sair, Saire, Sayr, Sayre, Scer, Scere, Ser, Sere, Sher, Shere, Sir, Suer, Sur, Sure, Surr, Surre, Syr
Cirel	Cirel, Cirrell
Cirian	Cirian
Cirk	Cirk, Cyrke, Serk, Serke
Cista	Cista
Cistona	Cistona, Sistona
Citee	Citee, Cytee
Cither	Cither
Civil	Civil, Civile, Civille, Cyvyle, Sivel, Sivil, Siville, Syvelle, Syvill
Civilia	Civilia
Civilis	Civilis, Civilys
Cl	Cl, Cle
Claboit	Claboit, Claboyt
Clabot	Clabot, Clabott
Clabow	Clabow
Claes	Claes, Claese
Clai	Clai, Clay, Clee, Cleie, Cleye, Cli, Cly
Claibrok	Claibrok, Claybrok
Claic	Claic, Clayce
Claidon	Claidon, Claydon
Claie	Claie, Claye
Claies	Claies, Clayes
Claieson	Claieson, Claiesson, Clayesson
Claifeld	Claifeld, Clayfeld
Claikin	Claikin, Claykyn
Claim	Claim, Clayme
Claimond	Claimond, Claymond, Claymonde
Claimont	Claimont, Claymont
Claimound	Claimound, Claymounde
Claimount	Claimount, Claymount, Claymounte, Claymountte
Clain	Clain, Clayn, Clayne
Clais	Clais, Claise, Claiss, Claisse, Clays, Clayse, Claysse, Klais, Klays
Claislambson	Claislambson
Claison	Claison, Claisson, Claissone, Clayson, Claysson
Claisoun	Claisoun, Clayssoun
Claitman	Claitman
Claiton	Claiton, Clayton
Claius	Claius, Clayus
Claivant	Claivant, Clayvant
Claives	Claives, Clayves
Clam	Clam, Clamme
Clamp	Clamp, Clampe
Clampard	Clampard
Clanet	Clanet
Clanis	Clanis
Clanvil	Clanvil, Clanville
Claont	Claont
Clapman	Clapman
Clapton	Clapton
Clar	Clar, Clare
Clara	Clara
Claramont	Claramont, Claramonte
Clarck	Clarck, Clarcke, Clark, Clarke
Clarel	Clarel, Clarell
Claremont	Claremont, Claremonte
Clarenc	Clarenc, Clarence
Clarencins	Clarencins, Clarencyns
Clarens	Clarens
Claret	Claret
Claringbolt	Claringbolt, Claringbolte
Claris	Claris, Clarys
Clarkeson	Clarkeson
Clarkson	Clarkson
Claro	Claro
Clas	Clas, Classe
Claselar	Claselar, Classelare
Clason	Clason
Claston	Claston
Clatman	Clatman
Claton	Claton
Claud	Claud, Claude
Claus	Claus
Clavarisia	Clavarisia
Claver	Claver
Claveris	Claveris, Claveryse, Claverysse
Clavero	Clavero
Claw	Claw, Clawe
Claward	Claward
Clawardson	Clawardson
Clawis	Clawis
Clawond	Clawond
Claworth	Claworth, Claworthe
Clawson	Clawson
Claxton	Claxton
Clearck	Clearck
Cleark	Cleark, Clearke, Clerc, Clerck, Clercke, Clerk, Clerke, Klerk
Cleaster	Cleaster
Clebart	Clebart
Clebek	Clebek
Clebord	Clebord
Clebot	Clebot
Clec	Clec, Clece, Clek, Cleke
Clecher	Clecher, Cletcher
Cleei	Cleei, Cleey
Clef	Clef, Clefe, Cleffe
Clefto	Clefto
Cleherst	Cleherst
Clehorst	Clehorst
Clei	Clei, Cley
Cleihurst	Cleihurst, Cleyhurst
Cleimond	Cleimond, Cleymond
Clein	Clein, Cleyn
Cleinsmith	Cleinsmith, Cleynsmyth
Cleis	Cleis, Cleisse, Cleys
Cleison	Cleison, Cleysson
Cleiton	Cleiton, Cleyton
Cleiving	Cleiving, Cleyvyng
Clem	Clem, Cleme
Clemant	Clemant, Clement, Clemente
Clemaw	Clemaw, Clemawe
Clemencio	Clemencio
Clemens	Clemens
Clementes	Clementes
Clementi	Clementi
Clementis	Clementis
Clemento	Clemento
Clemer	Clemer
Clemond	Clemond
Clemsford	Clemsford
Clen	Clen, Clene, Clun, Clune
Clench	Clench, Clenche
Clenhand	Clenhand
Clenhond	Clenhond, Clenhonde
Clenton	Clenton
Cler	Cler, Clere
Cleremont	Cleremont
Clerkson	Clerkson
Clero	Clero
Clesto	Clesto
Clethen	Clethen
Clev	Clev, Cleve
Clever	Clever
Clevesadel	Clevesadel, Clevesadell
Clevinghous	Clevinghous, Clevynghous
Clewar	Clewar, Cleware
Cleward	Cleward
Clewerth	Clewerth, Clewerthe
Clewinkhous	Clewinkhous, Clewynkhous
Clewinth	Clewinth, Clewinthe
Cleworth	Cleworth, Cleworthe
Clideraw	Clideraw, Clyderawe
Cliderow	Cliderow, Cliderowe, Clyderowe
Clif	Clif, Cliffe, Clyfe, Clyff, Clyffe
Clifford	Clifford, Cliford, Clyfford
Clifto	Clifto, Clyfto
Clifton	Clifton, Clyfton
Cliftoo	Cliftoo
Climaw	Climaw, Clymawe
Clinch	Clinch, Clynche
Clinck	Clinck, Clink, Clynck, Clynk, Clynke, Klink, Klynk
Clinton	Clinton, Clynton, Clyntton, Clynttone
Clintons	Clintons, Clyntons, Clynttons
Cliping	Cliping, Clipping, Clippinge, Clippyng, Clippynge, Clypping, Clyppyng, Clyppynge
Clipingham	Clipingham, Clippingham
Clison	Clison, Clyson
Clist	Clist, Cliste
Clisto	Clisto
Cliston	Cliston
Cliv	Cliv, Clyve
Clo	Clo, Clow, Clowe
Cloc	Cloc, Cloce, Clock, Clok, Cloke
Clocard	Clocard, Clocarde
Clocken	Clocken
Clockin	Clockin, Clockyn
Clofelt	Clofelt
Clois	Clois
Clokemaker	Clokemaker
Cloken	Cloken, Clokin, Clokyn, Klokin, Klokyn
Clokener	Clokener, Clokkener
Cloker	Cloker, Clokker
Clokner	Clokner
Clon	Clon, Clone
Cloner	Cloner
Clook	Clook
Cloos	Cloos
Clopham	Clopham
Cloppton	Cloppton, Clopton
Clos	Clos, Close, Closse
Closher	Closher, Clossher
Clot	Clot, Clote, Clott, Clotte
Cloter	Cloter
Cloting	Cloting, Clotyng
Clotis	Clotis, Clottys
Clotman	Clotman
Clough	Clough, Cloughe
Cloun	Cloun, Cloune
Clouter	Clouter
Clouth	Clouth
Cloveli	Cloveli, Clovely
Clover	Clover
Clowerth	Clowerth, Clowerthe
Clowgh	Clowgh, Clowghe
Clown	Clown
Clud	Clud, Cludde
Cluelen	Cluelen, Cluellen
Clusener	Clusener
Clusner	Clusner
Cnapard	Cnapard, Cnappard
Cnoting	Cnoting, Cnottyng
Co	Co
Coales	Coales
Coan	Coan, Coane
Coap	Coap, Coape
Coard	Coard, Coarde, Cord, Kord, Korde
Coardes	Coardes
Coart	Coart
Coast	Coast
Cob	Cob, Cobbe
Cobar	Cobar, Cobare
Cobcol	Cobcol, Cobcolle
Coben	Coben
Cobham	Cobham
Cobhold	Cobhold
Cobl	Cobl, Coble
Coblei	Coblei, Cobley
Cobler	Cobler
Coblow	Coblow, Coblowe
Cobold	Cobold
Cobrot	Cobrot, Cobrote
Coch	Coch, Coche, Cock, Cocke, Cok, Coke, Cokk, Cokke, Kock, Kocke, Kok, Koke
Cochena	Cochena
Cochil	Cochil, Cochill
Cochin	Cochin, Cochyn
Cockam	Cockam
Cockarain	Cockarain, Cockaraine
Cockaram	Cockaram, Cockeram, Cockerame
Cockarel	Cockarel, Cockarell, Cockerel, Cockerell
Cocken	Cocken
Cocker	Cocker
Cockerham	Cockerham
Cockeril	Cockeril, Cockerill
Cockes	Cockes, Coksai, Coksay, Cox, Coxe
Cockeson	Cockeson, Cockesson, Cockison, Cockisson
Cocket	Cocket
Cockin	Cockin, Cockyn
Cockis	Cockis
Cockmer	Cockmer
Cockow	Cockow, Cockowe
Cockrel	Cockrel, Cockrell, Cockrelle, Kockrel, Kockrell
Cockson	Cockson, Cokson, Coxon
Cocksuld	Cocksuld, Cocksulde
Cocok	Cocok, Cocoke
Cod	Cod, Codde, Code
Coddyngton	Coddyngton, Codington
Codemus	Codemus
Codewin	Codewin, Codewyn
Codfardson	Codfardson
Codil	Codil, Codill
Codisbi	Codisbi, Codisby
Codman	Codman
Codnam	Codnam
Coechek	Coechek, Coecheke
Coffyn	Coffyn, Cofin, Cofyn
Cofinson	Cofinson, Cofynsson
Cog	Cog, Cogge
Cogan	Cogan
Cogemol	Cogemol, Coggemolle
Cogener	Cogener
Cogesal	Cogesal, Cogesale, Cogeshal, Coggesale, Coggeshale, Coggesshale
Cogo	Cogo
Cogsal	Cogsal, Cogsale
Cohith	Cohith, Cohithe
Coi	Coi, Coy
Coiard	Coiard, Coyard
Coie	Coie, Cois, Coye, Coys, Coyse, Koie, Kois, Koye, Koys
Coien	Coien, Coyen
Coiko	Coiko, Coyko
Coil	Coil, Coyle, Coylle
Coiling	Coiling, Coillyng
Coin	Coin, Coyn, Coyne, Koin, Koyne
Coinars	Coinars, Coynars
Coinder	Coinder, Coynder, Koinder, Koynder
Coinis	Coinis, Coynys
Coinoit	Coinoit, Coynoyt
Coinrin	Coinrin, Coynryn
Coisiler	Coisiler, Coysiler
Coison	Coison
Cokarahn	Cokarahn
Cokard	Cokard
Cokarel	Cokarel, Cokarell
Cokcok	Cokcok
Cokel	Cokel, Cokell, Cokelle
Cokelet	Cokelet, Cokelett
Coken	Coken
Coker	Coker
Cokeraham	Cokeraham
Cokerahm	Cokerahm, Cokrahm
Cokeram	Cokeram
Cokerel	Cokerel, Cokerell, Cokerelle, Cokrel, Cokrell, Kokerel, Kokerelle
Cokerham	Cokerham, Kokerham
Cokeril	Cokeril, Cokerill
Cokero	Cokero
Cokeron	Cokeron
Cokes	Cokes, Cokkes
Cokesei	Cokesei, Cokesey
Cokeshed	Cokeshed, Cokkeshed
Cokeson	Cokeson, Cokesson, Cokkesson
Coket	Coket, Cokket
Cokherhed	Cokherhed, Cokherhede
Cokin	Cokin, Cokyn, Colkin, Colkyn
Cokis	Cokis, Cokkis, Cokkys
Cokished	Cokished, Cokkyshede
Coklei	Coklei, Cokley
Cokler	Cokler
Coklet	Coklet, Koklet
Coklot	Coklot
Cokman	Cokman
Cokork	Cokork, Cokorke
Cokow	Cokow, Cokowe
Cokraham	Cokraham
Coksei	Coksei, Coksey
Coksel	Coksel, Cokselle
Cokston	Cokston, Cokstone, Coxston, Coxton
Cola	Cola
Colac	Colac, Colace
Colag	Colag, Collage
Colain	Colain, Colayn, Colen, Colene, Collen, Collene, Collon, Collone, Colon, Colone
Colangio	Colangio
Colar	Colar, Colare, Coler, Collar, Coller, Koler
Colard	Colard, Collard
Colardo	Colardo, Collardo
Colas	Colas
Colbi	Colbi, Colby
Colborn	Colborn, Colborne, Colburn, Colburne
Colcel	Colcel, Colcell, Colcelle, Collcell, Collcelle, Colsel, Colsele, Colsell, Colselle, Colshil, Colshill, Colshille
Colcester	Colcester
Colcestr	Colcestr, Colcestre
Colcestria	Colcestria
Colcestriam	Colcestriam
Colchester	Colchester
Colchestr	Colchestr, Colchestre, Colchestur
Colchough	Colchough
Colclogh	Colclogh, Colcloghe, Collcloghe
Colclorsh	Colclorsh, Colclorshe
Colcloth	Colcloth
Colclough	Colclough, Colcloughe, Collclough
Colclowgh	Colclowgh, Colclowghe
Coldam	Coldam, Coldham
Coldeham	Coldeham
Colder	Colder
Coldering	Coldering, Colderyng
Colders	Colders
Coldisborow	Coldisborow, Coldisborowe
Coldrington	Coldrington, Coldryngton
Coldveld	Coldveld
Colean	Colean, Coleon, Colian, Colyan
Coleandris	Coleandris, Coleandrys
Colebart	Colebart, Collebart
Colecto	Colecto, Collecto
Colefox	Colefox, Colfox
Coleham	Coleham
Colehowgh	Colehowgh, Colehowghe
Colein	Colein, Coleine, Coleyn, Coleyne
Coleinson	Coleinson, Coleynsson
Coleit	Coleit, Coleyt, Colit, Collyt, Colyt
Coleman	Coleman, Colleman, Collman, Colman
Colemounto	Colemounto, Colemountto
Colenbergh	Colenbergh, Collenbergh
Colendria	Colendria
Colener	Colener, Coliner, Colliner, Collyner, Colyner
Colenet	Colenet, Colenett
Colenger	Colenger, Collenger
Colenges	Colenges, Collenges
Colenie	Colenie
Colenil	Colenil, Collenill
Coleno	Coleno
Colens	Colens, Collens
Colepit	Colepit
Colered	Colered, Collered, Colred, Colrede
Colermaker	Colermaker, Collermaker
Coles	Coles, Colles
Coleser	Coleser
Coleson	Coleson, Colesson, Colleson, Collesson
Colet	Colet, Colett, Colette, Collet, Collete, Collett
Coleta	Coleta, Coletta
Coleton	Coleton, Collettone, Colton
Colevan	Colevan, Colevane
Colevet	Colevet, Colevett, Colevette, Collevet
Colf	Colf, Colff
Colfax	Colfax, Colffax
Colfer	Colfer
Coliar	Coliar, Colyar, Colyare
Colica	Colica
Colican	Colican, Collycan
Coliclogh	Coliclogh, Colicloghe
Colidano	Colidano
Colier	Colier, Collier, Collyer, Colyer
Coliet	Coliet
Colifox	Colifox, Colyfox
Colihed	Colihed
Colihood	Colihood, Collyhoode, Colyhoode
Colik	Colik, Colike, Collik
Colim	Colim, Collum, Colum, Colym
Colin	Colin, Coline, Collin, Colline, Collyn, Colyn, Colyne, Kolin
Colina	Colina, Colyna
Colinbergh	Colinbergh, Colinburgh, Colynbergh, Colynburgh
Colines	Colines, Colins, Collins, Collyns, Colynnes, Colyns
Colinet	Colinet, Collynet, Colynet
Colineto	Colineto, Collyneto
Coling	Coling, Colling, Collinge
Colinga	Colinga, Colynga
Colingbergh	Colingbergh, Colingburgh, Colyngbergh, Colyngburgh
Colinges	Colinges, Collinges, Collynges
Colingham	Colingham, Colyngham
Colinghood	Colinghood, Collynghood
Colingwood	Colingwood, Collyngwood, Colyngwood
Colinham	Colinham, Colynham
Colinhod	Colinhod, Collynhode, Colynhode
Colinow	Colinow, Collinowe
Colinson	Colinson, Colynson
Colion	Colion, Collyon, Colyon, Colyone
Colis	Colis, Collis, Collys
Colisnur	Colisnur, Collysnur
Colison	Colison
Coliva	Coliva, Colyva
Colivet	Colivet, Colivett, Collivett, Colyvet, Colyvett
Colkar	Colkar
Colket	Colket
Collmer	Collmer, Colmer, Comber
Collonia	Collonia, Colonia
Collonie	Collonie, Colonie
Collow	Collow, Colow
Colmag	Colmag, Colmage
Colmansee	Colmansee
Colmount	Colmount
Coln	Coln, Colne
Colnar	Colnar
Colner	Colner
Colom	Colom, Colome
Colonea	Colonea
Coloner	Coloner
Colongas	Colongas
Colongis	Colongis
Colono	Colono
Colop	Colop, Colope
Colora	Colora
Colot	Colot, Colott
Colown	Colown, Colowne
Colquit	Colquit, Colquyte
Colsil	Colsil, Colsill, Colsille, Colsylle
Colson	Colson
Colston	Colston, Colstone
Colt	Colt, Colte
Colthestr	Colthestr, Colthestre
Colthorp	Colthorp, Colthorpe
Columes	Columes
Colv	Colv, Colve
Colvaker	Colvaker
Colvener	Colvener
Colvert	Colvert
Colvil	Colvil, Colvile, Colvyle, Colvylle
Colwais	Colwais, Colways
Colwel	Colwel, Colwelle, Colwil, Colwyll
Colwich	Colwich, Colwyche
Com	Com, Come
Comago	Comago
Coman	Coman
Comant	Comant
Comb	Comb, Combe
Combemaker	Combemaker
Combers	Combers
Combes	Combes
Combis	Combis, Combys
Combmaker	Combmaker
Combold	Combold, Cumbold
Combro	Combro
Comeles	Comeles
Comen	Comen, Common, Comon
Comendares	Comendares
Comendarit	Comendarit, Commendarit, Commendaritt
Comendus	Comendus
Comer	Comer
Comeris	Comeris, Comerys
Comertin	Comertin
Comes	Comes, Commes
Cometibus	Cometibus
Comew	Comew
Comeweletews	Comeweletews
Comeweltews	Comeweltews
Comeweltoheus	Comeweltoheus
Comeweltohous	Comeweltohous
Comfeter	Comfeter
Comford	Comford, Comforde
Comfort	Comfort, Comforte
Comian	Comian, Comyan
Comier	Comier, Comyer
Comil	Comil, Comylle
Comilias	Comilias, Comylias
Comin	Comin, Comyn
Comis	Comis, Comys
Comiser	Comiser, Commisser
Comito	Comito, Comyto
Comlen	Comlen
Como	Como
Comp	Comp, Compe
Compagn	Compagn, Compagne, Compan, Compane
Compaign	Compaign, Compaigne, Compaygne
Compain	Compain, Compaine, Compayn, Compayne
Compaingn	Compaingn, Compayngne
Compainie	Compainie
Companei	Companei, Companey
Compani	Compani, Company
Companie	Companie, Companye
Companiet	Companiet, Companyet
Companion	Companion, Companyon
Compart	Compart
Comper	Comper, Cumpar
Compestela	Compestela, Compestella
Compledo	Compledo
Complei	Complei, Compley
Compleudo	Compleudo, Compludo
Complewdo	Complewdo
Complido	Complido
Complud	Complud, Complude
Compoch	Compoch, Compoche
Componet	Componet
Comport	Comport
Compostel	Compostel, Compostell
Compostela	Compostela, Compostella
Compright	Compright
Compt	Compt
Compton	Compton, Comptone
Con	Con, Cone, Conne
Conado	Conado
Conago	Conago
Conam	Conam
Conan	Conan
Conand	Conand
Conant	Conant, Connant
Conbon	Conbon
Concepcio	Concepcio
Concepcion	Concepcion
Concepsion	Concepsion
Conception	Conception
Concilio	Concilio
Concordie	Concordie, Concordye
Cond	Cond, Conde
Conda	Conda
Condan	Condan, Condon
Condebasolo	Condebasolo, Condebassolo
Condeit	Condeit, Condeyt
Condel	Condel, Condelle
Condelaw	Condelaw, Condelawe
Condi	Condi, Condy
Condolo	Condolo
Conduit	Conduit, Conduyt
Condurato	Condurato
Conei	Conei, Coney
Conel	Conel, Connell
Conenkil	Conenkil, Conenkill
Coner	Coner, Conere, Conner
Conerod	Conerod, Conerode
Conever	Conever
Congas	Congas
Conger	Conger
Conhil	Conhil, Conhylle
Conhow	Conhow, Conhowe
Coni	Coni, Cony
Coniano	Coniano, Conyano
Coniard	Coniard, Conyard
Coniars	Coniars, Conyars
Conias	Conias, Conyas
Coniers	Coniers, Conyers
Coniet	Coniet, Conyet, Conyett
Coniford	Coniford, Conyford
Conihed	Conihed, Conyhed, Conyhede
Conihod	Conihod, Conyhod
Conincl	Conincl, Conincle
Coninder	Coninder, Conynder
Coning	Coning, Connynge, Conyng, Conynge
Coningeshof	Coningeshof, Conyngeshof, Conyngeshofe, Conyngeshoffe
Coniot	Coniot, Coniott, Conyott
Conisburgh	Conisburgh, Conysburgh
Conishof	Conishof, Conyshof, Conyshofe, Conysshoffe
Conishoft	Conishoft, Conyshoft
Conishov	Conishov, Conyshove
Conisol	Conisol, Conysole
Conison	Conison, Conysson
Conisoul	Conisoul, Conisoule
Conizol	Conizol, Conyzole
Connor	Connor, Conor, Conore
Conowl	Conowl
Conpludo	Conpludo
Conquet	Conquet
Conquit	Conquit, Conquyt
Conrad	Conrad, Conrade
Conradeson	Conradeson, Conradesson
Conradi	Conradi
Conrado	Conrado
Conrat	Conrat, Conratte
Conrin	Conrin, Conrine, Conryn, Conryne
Conring	Conring, Conryng
Cons	Cons, Conse
Consalvi	Consalvi
Consalvo	Consalvo
Consalvus	Consalvus
Consam	Consam
Consant	Consant
Consedew	Consedew, Consedewe
Consert	Consert
Consolar	Consolar, Consolare
Consolata	Consolata
Conson	Conson
Consonao	Consonao
Consonavi	Consonavi, Consonavy
Consort	Consort
Constabl	Constabl, Constable, Cunstabl, Cunstable
Constanc	Constanc, Constance
Constano	Constano
Constans	Constans
Constant	Constant
Constantin	Constantin, Constantyn, Constantyne
Constantini	Constantini, Constantyni
Constantino	Constantino, Constantyno
Constantinobl	Constantinobl, Constantynnoble, Constantynoble
Constantinopl	Constantinopl, Constantynnople, Constantynople
Constantinopol	Constantinopol, Constantinopole
Constantinopolin	Constantinopolin
Constantinopolo	Constantinopolo, Constantynopolo
Constinopoli	Constinopoli
Cont	Cont, Conte
Contant	Contant
Contarin	Contarin, Contaryn, Conterin, Conteryn, Conteryne
Contclan	Contclan, Contclane
Contenci	Contenci, Contency
Conteren	Conteren, Conterene
Conterina	Conterina, Conteryna
Conterino	Conterino, Conteryno
Contes	Contes
Continuation	Continuation
Contman	Contman
Contres	Contres
Conus	Conus
Convert	Convert
Convinant	Convinant
Conwei	Conwei, Conwey
Conweie	Conweie
Conzecion	Conzecion
Conzol	Conzol, Conzolle
Conzoul	Conzoul, Conzoule
Coo	Coo
Coock	Coock, Coocke
Coockes	Coockes
Cook	Cook, Cooke, Kook, Kooke
Cookes	Cookes
Cool	Cool, Coole, Cooll, Coolle
Coop	Coop, Coope
Cooper	Cooper, Cuper, Cupere, Cupper, Kewper, Kuper, Kupere
Coos	Coos, Coose
Cootes	Cootes, Cutes, Cuttes
Cop	Cop, Cope, Coppe
Copan	Copan, Copane
Copar	Copar, Coper, Coppere
Copcat	Copcat
Copcot	Copcot, Copcote, Copcott
Copeger	Copeger, Coppeger
Copeland	Copeland
Copelei	Copelei, Copeley
Copeler	Copeler, Coppeler
Copeman	Copeman
Copen	Copen, Coppen
Copenel	Copenel, Copenell, Copenelle
Copenger	Copenger, Coppenger
Copens	Copens
Coperpol	Coperpol, Copperpolle
Copersmith	Copersmith, Copersmyth, Coppersmyth
Copeson	Copeson, Copison, Coppeson, Coppesson, Coppisson
Cophard	Cophard
Copil	Copil, Copylle
Copildick	Copildick, Copildik, Copildyke, Copylldycke
Copildrier	Copildrier, Copildryer
Copilman	Copilman
Copin	Copin, Coppin, Coppine, Coppyn, Coppyne, Coppynne, Copyn, Copyne
Copindal	Copindal, Copyndale
Copiner	Copiner, Coppyner
Copineson	Copineson, Coppynnesson
Coping	Coping, Copping, Coppyng, Copyng
Copinger	Copinger, Coppinger, Coppynger, Copynger
Copins	Copins, Coppins
Copinson	Copinson, Copynson, Copynsson
Copis	Copis, Coppis, Coppys
Copland	Copland, Coplande
Coplei	Coplei, Copley, Coppley
Copleie	Copleie, Coppleye
Copleman	Copleman
Copler	Copler
Coplet	Coplet, Coplett
Coplin	Coplin
Coplogh	Coplogh
Coplond	Coplond, Coplonde, Copplond
Coploond	Coploond, Coploonde
Copo	Copo, Coppo
Copon	Copon
Copranso	Copranso
Copranus	Copranus
Copschef	Copschef
Copsol	Copsol, Copsole
Copson	Copson
Copton	Copton
Coptot	Coptot, Coptott
Coquet	Coquet
Corad	Corad, Corade
Corado	Corado
Coral	Coral, Coralle
Coranc	Coranc, Corance
Corans	Corans, Coranse, Corens, Correns
Coranton	Coranton
Corario	Corario
Coras	Coras, Corase
Corasin	Corasin, Corasyn
Coratic	Coratic, Coratice, Coratyce
Coratis	Coratis, Coratyse
Coraunc	Coraunc, Coraunce, Corraunce
Coraunces	Coraunces, Corraunces
Corauns	Corauns, Coraunse, Corrauns
Corbek	Corbek
Corbet	Corbet, Corbett, Corbette
Corbi	Corbi, Corby
Corbison	Corbison, Corbisson
Corbrand	Corbrand
Corbrond	Corbrond, Corbronde
Corci	Corci, Corcy
Corcie	Corcie, Corcye
Cordea	Cordea, Cordia
Corden	Corden, Cordewain, Cordon
Corder	Corder
Cordet	Cordet, Cordett
Cordeval	Cordeval, Cordevale
Cordewaner	Cordewaner
Cordewein	Cordewein, Cordeweyn
Cordewener	Cordewener
Cordier	Cordier, Cordyer
Cordin	Cordin, Cordyn
Cordivil	Cordivil, Cordyvyle
Cordua	Cordua
Corduras	Corduras
Cordwa	Cordwa
Cordwain	Cordwain, Cordwayn, Cordwayne
Corea	Corea
Coreano	Coreano
Corecheaga	Corecheaga
Corected	Corected, Corrected
Corel	Corel, Corell
Coren	Coren, Corene, Corren, Correne
Corenc	Corenc, Corence, Corrence
Coreno	Coreno, Correno
Coreson	Coreson, Corison, Correson, Corresson, Corryson
Corfeson	Corfeson, Corffeson, Corffesson
Corfu	Corfu
Cori	Cori, Corie, Cory, Corye
Coric	Coric, Corik, Coryce, Coryke
Corien	Corien, Corin, Corryen, Corryn, Coryn, Coryne
Corinc	Corinc, Corynce
Corinden	Corinden, Corynden
Corindon	Corindon
Corines	Corines
Coringdon	Coringdon
Coringham	Coringham, Corryngham
Corino	Corino, Corrino
Corins	Corins, Corryns, Coryns
Corinson	Corinson, Corynson
Cork	Cork, Corke
Corkenton	Corkenton
Corl	Corl, Corle
Corlew	Corlew, Corlewe
Corliont	Corliont
Corloson	Corloson
Corman	Corman, Koreman
Cormond	Cormond
Corn	Corn, Corne
Cornato	Cornato
Corneborough	Corneborough
Corneburgh	Corneburgh
Cornehil	Cornehil, Cornehill, Cornehille, Cornehylle
Cornel	Cornel, Cornele, Cornell, Cornelle
Cornelei	Cornelei, Corneley
Corneleii	Corneleii
Corneleo	Corneleo
Corneles	Corneles, Cornelles
Corneleson	Corneleson, Cornelesson, Cornelleson
Corneli	Corneli, Cornelli, Cornely
Cornelie	Cornelie, Cornelii, Cornellii
Corneliis	Corneliis, Cornelijs
Corneliison	Corneliison, Cornelliisson, Cornelyisson
Cornelio	Cornelio, Cornellio, Cornelyo, Corrnelio
Cornelis	Cornelis, Cornellis, Cornellys, Cornelys
Cornelison	Cornelison, Cornelisson, Cornellison, Cornellisson, Cornellyson, Cornellysson, Cornelyson, Cornelysson
Cornelisoun	Cornelisoun, Cornelisoune
Cornelium	Cornelium, Cornellium
Cornelius	Cornelius, Cornellius
Corneliuson	Corneliuson, Corneliusson
Cornellus	Cornellus, Cornelus
Cornelo	Cornelo
Cornelson	Cornelson
Corneman	Corneman, Cornman
Cornenel	Cornenel, Cornenelle
Corner	Corner, Cornour, Cornur
Cornera	Cornera
Cornesch	Cornesch, Cornesche
Cornesh	Cornesh, Cornessh, Cornis, Cornisch, Cornische, Cornise, Cornish, Cornishe, Cornysch, Cornysche, Cornysh, Cornyshe, Cornyssh, Cornysshe
Corneson	Corneson, Cornesson, Cornison
Cornet	Cornet
Cornew	Cornew, Cornewe
Cornewail	Cornewail, Cornewaill, Cornewayl
Cornewailes	Cornewailes, Cornewailles
Corneweil	Corneweil, Corneweyll
Cornewik	Cornewik, Cornewyke
Cornich	Cornich, Cornik, Cornych, Cornyche, Cornyk
Corniden	Corniden
Cornies	Cornies
Cornock	Cornock, Cornok, Cornoke, Cournok, Cournoke
Cornodus	Cornodus
Cornotes	Cornotes
Cornton	Cornton
Cornubie	Cornubie
Cornubii	Cornubii
Cornubis	Cornubis
Coro	Coro, Corow, Corro, Corrow
Coron	Coron, Corone
Coronaunc	Coronaunc, Coronaunce
Corond	Corond
Coroner	Coroner, Coronere
Corota	Corota, Corrotta
Coroun	Coroun
Corowner	Corowner
Corp	Corp, Corpe
Corpel	Corpel, Corpell
Corpus	Corpus
Corsand	Corsand
Corsela	Corsela
Corselar	Corselar, Corsellar
Corselei	Corselei, Corseley
Corser	Corser
Corset	Corset
Corseta	Corseta, Corsetta
Corso	Corso
Corson	Corson, Courson
Corsten	Corsten, Corstene
Cort	Cort, Corte, Court, Courte, Courtt, Courtte
Cortbad	Cortbad
Cortbard	Cortbard
Cortenaken	Cortenaken, Courtenaken
Cortenakin	Cortenakin, Cortenakyn
Corterik	Corterik, Corteryk, Cortrik
Corterok	Corterok, Corteroke, Cortrock, Cortrocke, Cortrok
Cortes	Cortes, Courtes, Courttes
Corthalf	Corthalf, Corthalff
Cortis	Cortis
Cortnakin	Cortnakin, Cortnakyn, Courtnakin, Courtnakyn
Corton	Corton
Cortswar	Cortswar, Cortsware
Cortwil	Cortwil, Cortwylle
Corus	Corus
Corv	Corv, Corve
Corvar	Corvar, Corvare
Corver	Corver
Corving	Corving, Corvyng
Cos	Cos, Cosch, Cosche, Cose, Coss, Cosse
Cosado	Cosado
Cosanag	Cosanag, Cossanage
Cosard	Cosard, Cossard, Cossardde
Cosart	Cosart
Cosbi	Cosbi, Cosby
Coschet	Coschet, Coschett
Cosefeld	Cosefeld, Cossefeld
Cosel	Cosel, Cosselle
Cosen	Cosen, Cosin, Coson, Cossen, Cossin, Cosson, Cosyn, Cosyne
Cosent	Cosent
Coser	Coser, Cosser
Cosert	Cosert, Cossert
Coseworth	Coseworth, Cosseworth, Coswarth, Coswarthe
Cosfeld	Cosfeld
Cosh	Cosh, Coshe, Cosshe
Cosham	Cosham
Cosianc	Cosianc, Cossyance
Cosich	Cosich, Cosyche
Cosimus	Cosimus
Cosingson	Cosingson, Cosyngson
Coslin	Coslin, Coslyn
Cosm	Cosm, Cosme
Cosma	Cosma, Cossma
Cosmam	Cosmam
Cosmas	Cosmas
Cosnei	Cosnei, Cosney
Cosnew	Cosnew, Cosnewe
Cosowait	Cosowait, Cosowaite
Cosowartes	Cosowartes
Cosowarth	Cosowarth
Cosoworth	Cosoworth
Cossworth	Cossworth, Cosworth, Cosworthe
Cost	Cost, Coste, Kost
Costa	Costa
Costan	Costan
Costanc	Costanc, Costance
Costans	Costans
Costantin	Costantin, Costantyn, Costantyne
Costantinapoli	Costantinapoli, Costantinapoly, Costantynapoly
Costantino	Costantino, Costantyno
Costantinobl	Costantinobl, Costantynnoble
Costantinopl	Costantinopl, Costantynople
Costantinopoli	Costantinopoli, Costantynopoly
Costard	Costard, Costarde
Costerd	Costerd
Costeworth	Costeworth
Costin	Costin, Costyn, Costyne
Costiner	Costiner, Costyner
Costinson	Costinson, Costynson, Costynsson
Costr	Costr, Costre
Costrel	Costrel, Costrell, Costrelle
Coswart	Coswart, Coswarte
Coswonoth	Coswonoth, Coswonothe
Cot	Cot, Cote, Cott, Cotte
Cotard	Cotard, Cotarde
Cotbard	Cotbard
Cotcot	Cotcot, Cotcott
Coteford	Coteford, Cotteford
Cotek	Cotek, Cotekke
Cotel	Cotel, Cottel, Cottelle
Coteler	Coteler, Cotelere
Cotelins	Cotelins, Cottelins
Coten	Coten, Coton, Cotton, Cottun, Cotun
Cotenea	Cotenea
Coterel	Coterel, Coterell, Coterelle, Cotral, Cotrel, Cotrell, Cotterell, Cottrall, Cottrell
Coterl	Coterl, Coterle
Cotes	Cotes, Cottes
Cotesbrok	Cotesbrok, Cotesbroke, Cottesbrok, Cottesbroke
Cotevil	Cotevil, Coteville
Cotez	Cotez, Cottez
Cotie	Cotie, Cottye
Cotik	Cotik, Cottik, Cottyk, Cottyke, Cotyk, Cotyke
Cotil	Cotil, Cotyle, Cotyll
Cotiler	Cotiler, Cotiller
Coting	Coting
Cotingham	Cotingham, Cotyngham
Cotis	Cotis, Cotys
Cotisbrok	Cotisbrok, Cotisbroke, Cottisbroke, Cotysbrok
Cotismor	Cotismor, Cotismore, Cottysmore, Cotysmor, Cotysmore
Cotlar	Cotlar, Cottlar
Cotoismor	Cotoismor, Cottoysmor
Cotoun	Cotoun, Cottoun
Cotson	Cotson
Cotworth	Cotworth
Couch	Couch, Couche, Cowch, Cowche
Couhil	Couhil, Couhylle
Coulard	Coulard
Coulcleugh	Coulcleugh
Coulclough	Coulclough
Coult	Coult
Coumb	Coumb
Coumbes	Coumbes
Coumel	Coumel, Coummell
Coun	Coun, Coune
Counc	Counc
Cound	Cound
Counstabil	Counstabil, Counstabille
Counstabul	Counstabul, Counstabulle
Count	Count, Counte, Cownt, Cownte
Counta	Counta
Countbergh	Countbergh, Countberghe
Counteman	Counteman, Countman
Counter	Counter, Countter
Counterin	Counterin, Counteryn
Countermaster	Countermaster
Countes	Countes
Counti	Counti, Countie
Countis	Countis, Countys
Coupar	Coupar
Couper	Couper, Coupere, Kewer
Cour	Cour, Coure
Courdelier	Courdelier
Courdelies	Courdelies, Courdelyes
Courl	Courl, Courle
Courst	Courst, Courste
Courteis	Courteis, Courteys, Courteyse
Courteler	Courteler
Courtin	Courtin, Courtyn
Courtiner	Courtiner, Courtyner
Courtman	Courtman
Courtnaken	Courtnaken
Courtson	Courtson
Courtwel	Courtwel, Courtwelle
Courtwin	Courtwin
Courz	Courz
Cousefeld	Cousefeld
Cousfeld	Cousfeld, Cousfelde
Cousham	Cousham
Cousin	Cousin
Couward	Couward, Couwarde
Couxton	Couxton
Cov	Cov, Cove
Covehith	Covehith, Covehithe, Covehythe
Covelens	Covelens
Covelins	Covelins, Covelyns
Coven	Coven
Covena	Covena
Covenaie	Covenaie, Covenaye
Covenant	Covenant, Covenante
Covenaunt	Covenaunt, Covenaunte
Covenei	Covenei, Coveney
Covent	Covent, Covente
Coventr	Coventr, Coventre
Coventrie	Coventrie
Covenunt	Covenunt
Coverant	Coverant
Coveras	Coveras
Coverer	Coverer
Covering	Covering, Coveryng
Coverlei	Coverlei, Coverley
Coveroveas	Coveroveas, Coverovis, Covoroveas
Covert	Covert
Covertin	Covertin, Covertyn
Covi	Covi, Covy
Covinant	Covinant
Covinaunt	Covinaunt
Covintr	Covintr, Covintre, Covyntre
Covolens	Covolens
Covolet	Covolet
Covorobas	Covorobas
Cow	Cow, Cowe
Cowail	Cowail, Cowayll
Cowalio	Cowalio
Coward	Coward, Cowerd, Cowred
Cowbridg	Cowbridg, Cowbridge
Cowd	Cowd, Cowde
Cowefot	Cowefot, Cowefote
Cowen	Cowen
Cower	Cower, Cowr, Cowre
Cowes	Cowes
Cowesfeld	Cowesfeld
Cowfot	Cowfot, Cowfote
Cowins	Cowins
Cowis	Cowis, Cowys
Cowlard	Cowlard, Cowlerd
Cowles	Cowles
Cowling	Cowling, Cowlynge
Cowna	Cowna
Cowpar	Cowpar
Cowper	Cowper, Cowpere
Cowpland	Cowpland
Cowplond	Cowplond
Cowrado	Cowrado
Cowrs	Cowrs, Cowrse
Cowrt	Cowrt, Cowrte
Cowsert	Cowsert
Cowtnei	Cowtnei, Cowtney
Coxes	Coxes
Coxk	Coxk, Coxke
Crab	Crab, Crabbe
Crabber	Crabber, Craber
Crac	Crac, Crace
Cracero	Cracero
Craco	Craco
Cracow	Cracow, Cracowe, Crakoe
Craddok	Craddok, Cradock, Cradocke, Cradok, Cradoke
Cradelei	Cradelei, Cradeley
Cradlei	Cradlei, Cradley
Cradrok	Cradrok
Craenvel	Craenvel, Craenvell
Craers	Craers
Craf	Craf
Crafft	Crafft, Craft, Crafte
Craford	Craford, Craforde
Crafto	Crafto
Crafton	Crafton
Crag	Crag, Crage, Cragge
Crai	Crai, Cray, Krai, Kray
Craie	Craie, Craye
Craiel	Craiel, Crayell
Craier	Craier, Crayer
Craig	Craig, Crayge
Crail	Crail, Craylle
Crain	Crain, Crayne, Krain, Krayne
Craina	Craina, Crayna
Crainbrough	Crainbrough, Cranebrough
Crainefeld	Crainefeld, Crainefelld, Cranefeld
Craineli	Craineli, Craynely
Crainewai	Crainewai, Crayneway
Crainfeild	Crainfeild, Crainfeilde, Cranefild, Cranefyld
Crainfeld	Crainfeld
Crainlei	Crainlei, Craynley
Crainling	Crainling, Craynlynge
Crait	Crait, Crayt
Craiwai	Craiwai, Crayway
Crakavia	Crakavia
Crakeman	Crakeman
Crakenthorp	Crakenthorp
Crako	Crako
Crakov	Crakov
Crakow	Crakow, Crakowe
Cral	Cral, Crall
Cralam	Cralam, Cralame
Cralman	Cralman
Cramborogh	Cramborogh, Cramboroghe
Cramborough	Cramborough
Crambrek	Crambrek, Crambreke
Crambrough	Crambrough, Crambroughe
Cran	Cran, Crane
Cranard	Cranard
Cranborough	Cranborough
Cranborowth	Cranborowth, Cranborowthe
Cranbourgh	Cranbourgh, Cranbourghe
Cranbrok	Cranbrok, Cranbroke
Cranbrough	Cranbrough
Cranburgh	Cranburgh
Cranburn	Cranburn, Cranburne
Cranc	Cranc, Crance, Crank, Cranke
Craneborugh	Craneborugh
Cranebrogh	Cranebrogh
Cranebrok	Cranebrok, Cranebroke
Craneburgh	Craneburgh
Cranelei	Cranelei, Craneley
Craneli	Craneli, Cranely
Cranesbie	Cranesbie
Cranesfild	Cranesfild, Cranesfyld
Craneven	Craneven
Cranevin	Cranevin, Cranevyn
Cranewel	Cranewel, Cranewell
Cranewen	Cranewen
Cranewin	Cranewin, Cranewyn
Cranfeild	Cranfeild, Cranfeilde
Cranfeld	Cranfeld
Crangour	Crangour
Crankard	Crankard
Cranl	Cranl, Cranle
Cranleg	Cranleg, Cranlege
Cranlei	Cranlei, Cranley
Cranleie	Cranleie, Cranleye, Cranlie, Cranlye
Crant	Crant, Crante
Cranvei	Cranvei, Cranvey
Cranvel	Cranvel, Cranvell, Cranvelle
Cranven	Cranven, Cranvene
Cranvin	Cranvin, Cranvyn, Cranvyne
Cranwai	Cranwai, Cranway
Cranwaie	Cranwaie, Cranwaye
Cranwei	Cranwei, Cranwey
Cranwel	Cranwel, Cranwell, Cranwelle
Cranwen	Cranwen
Cranwi	Cranwi, Cranwie, Cranwy, Cranwye
Cranwin	Cranwin, Cranwyn
Crapald	Crapald, Crapalde
Crapet	Crapet
Crapul	Crapul, Crapull
Cras	Cras, Crase, Crasse
Crasentin	Crasentin, Crasentyn
Crases	Crases
Crasi	Crasi, Crassy
Crasmar	Crasmar
Craswel	Craswel, Craswelle
Crathorn	Crathorn, Crathorne
Crauinlei	Crauinlei, Crauynley
Craulei	Craulei, Crauley, Crawlei, Crawley
Craunch	Craunch, Craunche
Craungour	Craungour
Craus	Craus, Crause, Cros, Crose, Crosse
Crav	Crav, Crave
Craves	Craves
Cravin	Cravin, Cravyn
Craviner	Craviner, Cravyner
Cravisan	Cravisan, Cravissan
Craw	Craw, Crawe
Crawford	Crawford
Craxston	Craxston, Craxstone
Cread	Cread, Creade, Cred, Credd, Crede
Creak	Creak, Creake, Creek, Creeke, Cric, Crick, Cricke, Crik, Crike, Cryce, Cryke
Creakeman	Creakeman
Creako	Creako
Creal	Creal, Crealle
Creat	Creat, Create, Curt, Curte, Curtte
Crecher	Crecher, Crekar
Creck	Creck, Crek, Creke
Crees	Crees
Crei	Crei, Crey
Creimin	Creimin, Creymin
Creket	Creket, Crekette
Crekman	Crekman
Crel	Crel, Crele
Crem	Crem, Creme
Cremar	Cremar, Cremor, Cremour
Cremelford	Cremelford
Cremer	Cremer, Kremer
Cremilford	Cremilford
Creminer	Creminer, Cremyner
Cremoi	Cremoi, Cremoy
Cremon	Cremon
Crempin	Crempin, Crempyn
Crempton	Crempton
Crenlei	Crenlei, Crenley
Crep	Crep, Crepe
Crepaie	Crepaie, Crepaye
Crepeg	Crepeg, Crepege
Crepenel	Crepenel, Crepenell
Crepis	Crepis, Creppys
Creptow	Creptow
Cres	Cres, Crese, Cresse, Kers, Kerse
Cresac	Cresac, Cressac
Cresak	Cresak, Cressak, Cressake
Cresal	Cresal, Cressale
Crescot	Crescot, Crescott
Cresei	Cresei, Cressey
Cresens	Cresens, Cressens
Cresentin	Cresentin, Cressentyn
Cresewel	Cresewel, Cresewelle, Cressewelle
Creseweler	Creseweler, Cresseweller
Cresi	Cresi, Cressy
Cresie	Cresie, Cressie
Cresin	Cresin, Cressyn, Cristen, Crysten
Cresingham	Cresingham, Cresyngham
Cresnor	Cresnor, Cresnour
Cresp	Cresp, Crespe
Cresswell	Cresswell, Creswel, Creswell, Creswelle
Crest	Crest
Cresteon	Cresteon
Cresteson	Cresteson
Crestner	Crestner
Crestofar	Crestofar
Cret	Cret, Crete, Crett, Crette
Cretel	Cretel, Cretell
Creter	Creter
Crevan	Crevan
Crevebrok	Crevebrok, Crevebroke
Crevedon	Crevedon
Crever	Crever
Crewbeck	Crewbeck
Crewbick	Crewbick
Crewel	Crewel, Crewelle
Crewen	Crewen
Crewer	Crewer
Crewes	Crewes, Crews, Crewse
Crewles	Crewles
Crewseman	Crewseman
Crewsing	Crewsing, Crewsyng, Crusing, Crusyng
Crewsman	Crewsman
Criard	Criard
Criaunt	Criaunt, Cryaunt
Crib	Crib, Cribbe
Crichard	Crichard
Crier	Crier, Cryer
Criet	Criet, Criete
Crimes	Crimes
Crimp	Crimp, Crimpe, Crymp, Crympe, Krimp, Krymp
Crimpein	Crimpein, Crympeyn
Crimpin	Crimpin, Crympyn
Crinion	Crinion, Crynyon
Crip	Crip, Cripe, Crippe, Crype
Cripes	Cripes, Crippes
Cripps	Cripps, Crips, Crypps, Cryps
Cris	Cris, Crisse
Crisa	Crisa, Cryssa
Crisak	Crisak, Crissak, Crissake
Crisman	Crisman
Crisp	Crisp, Crispe, Cryspe
Crispes	Crispes
Crispin	Crispin, Crispyn, Cryspin
Crispo	Crispo
Crist	Crist, Criste, Cryst
Cristeani	Cristeani
Cristeano	Cristeano, Cristino, Crysteano, Kristeano
Cristeanson	Cristeanson, Cristeansson
Cristemas	Cristemas, Cristemasse, Crystemas, Crystemasse
Cristemes	Cristemes, Cristemesse
Cristern	Cristern, Crystern
Cristiana	Cristiana
Cristiani	Cristiani
Cristina	Cristina
Cristioni	Cristioni
Cristman	Cristman
Cristmas	Cristmas, Cristmasse, Crystmas
Cristmes	Cristmes, Cristmesse
Cristover	Cristover, Crystover
Cristriam	Cristriam
Criswel	Criswel, Crysswelle
Crivesot	Crivesot, Crivesote
Croch	Croch, Croche
Crockhai	Crockhai, Crockhay
Croden	Croden
Croed	Croed, Croede
Croft	Croft, Crofte
Croftes	Croftes
Crofton	Crofton
Croger	Croger
Croidon	Croidon, Croydon
Croie	Croie, Croye
Croier	Croier, Croyer
Croit	Croit, Croyte
Croiton	Croiton, Croyton
Crokaie	Crokaie
Crokbaker	Crokbaker
Crokedon	Crokedon
Crokei	Crokei, Crokey
Crokenbrow	Crokenbrow, Crokenbrowe
Croker	Croker, Crokker
Crokin	Crokin, Crokyn
Crol	Crol, Croll
Crolai	Crolai, Crolay
Crolo	Crolo
Crom	Crom, Crome
Cromena	Cromena
Cromer	Cromer, Cromere
Cromholt	Cromholt
Cromhow	Cromhow, Cromhowe, Crommhowe
Cromow	Cromow, Cromowe
Cromp	Cromp
Crompton	Crompton
Cromwel	Cromwel, Cromwell
Cron	Cron, Crone
Croner	Croner
Croning	Croning, Cronyng
Cronok	Cronok
Cronuk	Cronuk
Crop	Crop, Croppe
Cropa	Cropa
Crophero	Crophero
Crosbi	Crosbi, Crosby
Crosbolt	Crosbolt
Crosebel	Crosebel, Crosebelle
Croset	Croset, Crosset
Crosfeld	Crosfeld
Crosfild	Crosfild
Crosi	Crosi, Crossy
Crosland	Crosland
Croslei	Croslei, Crosley
Crot	Crot, Crote
Crothok	Crothok
Crotow	Crotow, Crottow
Crouch	Crouch, Crouche
Croucher	Croucher
Croul	Croul, Croule
Crous	Crous, Crouse
Crovas	Crovas, Crovasse
Crow	Crow, Crowe, Kurow, Kurowe
Crowch	Crowch, Crowche
Crowcher	Crowcher
Crowden	Crowden, Crowdon
Crowel	Crowel, Crowell, Crowelle
Crowemer	Crowemer
Crowinkil	Crowinkil, Crowynkylle
Crowl	Crowl, Crowle, Crowlle
Crowland	Crowland, Crowlande
Crowlei	Crowlei, Crowley
Crowmer	Crowmer
Crown	Crown, Crowne
Crowning	Crowning, Crownyng
Crows	Crows, Crowse, Crowsse
Crowseman	Crowseman
Croxel	Croxel, Croxele
Croxston	Croxston, Croxton
Crp	Crp, Crpe
Crub	Crub, Crubbe
Cruc	Cruc, Cruce
Cruces	Cruces
Cruch	Cruch, Cruche
Crucis	Crucis
Crud	Crud, Crude
Cruddeworth	Cruddeworth, Crudeworth
Cruden	Cruden, Crudene
Crudenar	Crudenar
Cruie	Cruie, Cruye
Cruieng	Cruieng, Cruyeng
Cruier	Cruier, Cruyer
Cruis	Cruis
Crul	Crul, Crule, Crull, Crulle
Crulei	Crulei, Cruley
Crum	Crum, Crume
Crumling	Crumling, Crumlinge
Cruner	Cruner, Crunere
Crus	Crus, Cruse
Cruselman	Cruselman
Crusl	Crusl, Crusle
Crusman	Crusman
Crust	Crust
Cruw	Cruw, Cruwe
Crux	Crux
Crwes	Crwes, Crwese
Cubit	Cubit, Cubytt
Cublar	Cublar, Cublare
Cucaro	Cucaro, Cukaro
Cuchas	Cuchas
Cuck	Cuck, Cucke, Cuk, Cuke
Cuderlinck	Cuderlinck, Cuderlincke
Cueter	Cueter
Cueveler	Cueveler
Cuevelier	Cuevelier
Cuken	Cuken
Cukerel	Cukerel, Cukerell
Cukerwel	Cukerwel, Cukerwell
Cukfeld	Cukfeld
Cul	Cul, Cule, Cull, Culle
Cula	Cula, Culla, Kula
Culam	Culam, Cullam
Culan	Culan, Culen, Cullan, Cullen, Cullene
Culein	Culein, Culleyn
Culeson	Culeson, Culesson
Culhal	Culhal, Culhale
Culi	Culi, Cully
Culimer	Culimer, Cullimer
Culis	Culis
Cullumbynes	Cullumbynes, Culumbines
Cullverwell	Cullverwell, Culverwel, Culverwell
Culmelei	Culmelei, Culmeley
Culmer	Culmer
Cult	Cult
Culteles	Culteles, Cultelles
Cultellus	Cultellus, Cultelus
Culter	Culter
Culton	Culton
Culvel	Culvel, Culvell
Culver	Culver
Culvercok	Culvercok
Cumber	Cumber
Cumberford	Cumberford
Cunam	Cunam
Cunda	Cunda
Cuneo	Cuneo
Cuneson	Cuneson
Cuniver	Cuniver, Cunyver
Cunrad	Cunrad, Cunrade
Cunrado	Cunrado
Cunright	Cunright, Cunryght
Cunrin	Cunrin, Cunryn
Cunstaunc	Cunstaunc, Cunstaunce
Cup	Cup
Cupbold	Cupbold, Cupbolde
Cupelow	Cupelow, Cuppelowe
Cupido	Cupido
Cupidus	Cupidus
Cur	Cur, Cure, Ker, Kere, Kerre, Kir, Kyr, Kyrre, Quer, Quere
Curado	Curado, Currado
Curant	Curant, Currant
Curasor	Curasor, Curasore
Curat	Curat
Curauns	Curauns, Currauns
Curaunt	Curaunt, Curraunt, Curraunte
Curbano	Curbano
Curben	Curben, Currbene
Curen	Curen, Curren
Curf	Curf, Curfe
Curfew	Curfew, Curfewe, Curffew, Curfu, Curfue
Curfo	Curfo
Curi	Curi, Curry
Curin	Curin, Curryn, Curyn
Curk	Curk, Curke, Kerk, Kerke, Kirk, Kirke, Kyrk, Kyrke
Curl	Curl, Curle, Curlle
Curlew	Curlew, Curlewe
Curling	Curling, Curlyng
Curnok	Curnok
Curso	Curso, Cursso
Cursola	Cursola
Curson	Curson, Kersten
Cursua	Cursua
Cursula	Cursula
Curtain	Curtain, Curtayn, Curtayne, Curten, Kirton, Kyrton
Curtei	Curtei, Curtey
Curtein	Curtein
Curteis	Curteis, Curteys
Curtel	Curtel, Curtell
Curtemer	Curtemer, Curtemere
Curtenaken	Curtenaken
Curterik	Curterik, Curteryk, Curtrick, Curtrik, Curtryk
Curterok	Curterok, Curtrok, Curtroke, Curtrokke
Curtes	Curtes
Curthal	Curthal, Curthalle
Curthalf	Curthalf, Curthalff
Curtin	Curtin, Curtyn
Curtis	Curtis
Curtisan	Curtisan, Curtysane
Curtnaken	Curtnaken
Curtrikes	Curtrikes
Curturis	Curturis, Curturys
Curtwin	Curtwin
Curwin	Curwin, Curwyn
Cus	Cus, Cusse, Kus, Kusse
Cusan	Cusan, Cussane
Cusant	Cusant
Cusard	Cusard
Cuselman	Cuselman
Cusimis	Cusimis
Cusin	Cusin, Cussyn
Cusoworth	Cusoworth, Cusoworthe
Cusp	Cusp, Cuspe
Cust	Cust, Custe
Custadus	Custadus
Custanc	Custanc, Custance
Custans	Custans
Custaunc	Custaunc, Custaunce
Custauno	Custauno
Custinson	Custinson, Custynson
Custrow	Custrow, Custrowe
Custuma	Custuma
Cut	Cut, Cutte, Ket, Kett, Kette
Cutanc	Cutanc, Cuttance
Cutaris	Cutaris, Cutarys
Cutaunc	Cutaunc, Cuttaunce
Cutbard	Cutbard
Cutbart	Cutbart, Cuttbartt
Cutbeard	Cutbeard, Cuttbeard
Cutbeart	Cutbeart
Cutbert	Cutbert, Cutbertt
Cutberti	Cutberti
Cutberto	Cutberto
Cutbort	Cutbort
Cutel	Cutel, Cutell, Cuttelle
Cuteler	Cuteler, Cutteler
Cutellus	Cutellus, Cutelus, Cuttellus
Cutelons	Cutelons, Cuttelons
Cuter	Cuter, Cutter
Cuteri	Cuteri, Cutery
Cutevila	Cutevila, Cuttevilla
Cuthbart	Cuthbart, Cuthbarte
Cuthbarto	Cuthbarto
Cuthbert	Cuthbert
Cuthberto	Cuthberto
Cuthbertus	Cuthbertus
Cutheberto	Cutheberto
Cuti	Cuti, Cutty
Cutil	Cutil, Cuttill
Cutl	Cutl, Cuttle
Cutler	Cutler, Cutlere
Cutrik	Cutrik, Cutrike
Cutrison	Cutrison, Cutrisson
Cuvelens	Cuvelens
Cuxton	Cuxton
Cwtbert	Cwtbert
Da	Da
Dabania	Dabania
Dabelon	Dabelon
Daberon	Daberon
Dabervil	Dabervil, Dabervile
Dabi	Dabi, Daby
Dabies	Dabies, Dabyes
Dablon	Dablon, Dablone
Dablow	Dablow, Dablowe
Dabnei	Dabnei, Dabney
Dabran	Dabran
Dabrion	Dabrion
Dabrun	Dabrun, Dabrune
Dac	Dac, Dace
Dacet	Dacet, Dacete
Dadenia	Dadenia, Dadenya
Dadi	Dadi, Dady
Daes	Daes, Daesse
Daffiso	Daffiso, Dafiso
Daffoy	Daffoy, Dafoi
Dafort	Dafort, Dafortt
Dagberd	Dagberd
Dager	Dager
Dagern	Dagern
Dages	Dages, Dagges
Dagia	Dagia
Dagincourt	Dagincourt
Daglas	Daglas
Dagnaga	Dagnaga
Dago	Dago
Dagorn	Dagorn, Dagorne
Dagvil	Dagvil, Dagvile
Dai	Dai, Day, Die, Dye
Daial	Daial, Dayale
Daico	Daico
Daie	Daie
Daiemo	Daiemo, Dayemo
Daies	Daies, Dayes
Daikar	Daikar, Daykar
Dail	Dail, Dayle
Dailer	Dailer, Dayler
Dainastr	Dainastr, Daynastre
Daincher	Daincher
Daineel	Daineel, Dayneell
Daineshir	Daineshir, Dainsher, Dayneshyre, Daynshere
Daio	Daio, Dayo
Daiolo	Daiolo
Dakers	Dakers
Dal	Dal, Dale, Dall, Dalle
Dalamar	Dalamar
Dalamego	Dalamego
Dalameson	Dalameson
Dalans	Dalans, Dallans
Dalas	Dalas
Dalawithel	Dalawithel, Dalawythell
Dalbaggno	Dalbaggno, Dalbagno
Dalbark	Dalbark, Dalbarke
Dalber	Dalber
Dalberk	Dalberk, Dalberke
Dalbi	Dalbi, Dalby
Dalcon	Dalcon
Daldanio	Daldanio
Daldanus	Daldanus
Daldrebi	Daldrebi, Daldreby
Dalegon	Dalegon
Dalehai	Dalehai, Dalehay
Daler	Daler, Daller
Daleri	Daleri, Dalery
Dalgad	Dalgad, Dalgade
Dalgado	Dalgado
Dalgai	Dalgai, Dalgay
Dali	Dali, Daly
Dallus	Dallus, Dalus
Dalmain	Dalmain, Dalmayn, Dalmayne
Dalman	Dalman
Dalmas	Dalmas
Dalow	Dalow, Dalowe
Dals	Dals
Dalsa	Dalsa
Dalsac	Dalsac, Dalsace
Dalsala	Dalsala
Dalsat	Dalsat
Dalston	Dalston
Dalton	Dalton, Daulton, Dawlton
Dalza	Dalza
Dalzat	Dalzat, Dalzate
Dalzata	Dalzata
Dalzato	Dalzato
Dam	Dam, Dame, Damme
Damadon	Damadon
Damadrusa	Damadrusa, Damadrussa
Damaltee	Damaltee
Daman	Daman, Damon
Damano	Damano
Damanon	Damanon
Damas	Damas, Damasse
Damasc	Damasc, Damask, Damaske
Damasceno	Damasceno
Damasco	Damasco
Damasen	Damasen, Damason, Damasson
Damaster	Damaster
Dambek	Dambek
Damean	Damean
Dameano	Dameano
Dameon	Dameon
Damer	Damer
Dameron	Dameron
Damerow	Damerow, Damerowe
Damerson	Damerson
Dames	Dames
Dameson	Dameson, Damesson
Damez	Damez
Damian	Damian, Damiane, Damien, Damyan, Damyane, Damyen
Damiano	Damiano, Damyano
Damingo	Damingo, Damyngo
Damino	Damino
Damio	Damio, Damyo
Damion	Damion, Damyon
Damiral	Damiral, Damirall
Damirel	Damirel, Damirell
Damis	Damis, Damys
Damison	Damison, Damyson
Damoces	Damoces
Damodon	Damodon
Damorow	Damorow, Damorowe
Damort	Damort
Damport	Damport, Damporte
Dampson	Dampson
Damson	Damson, Damsson
Damus	Damus
Damusco	Damusco
Dan	Dan, Dane, Danne
Dana	Dana
Danado	Danado, Donado
Danao	Danao
Danbek	Danbek, Danbeke
Danbergh	Danbergh
Danbi	Danbi, Danbie, Danby
Danbul	Danbul, Danbulle
Dancar	Dancar
Dancard	Dancard
Dancardeson	Dancardeson, Dancardesson
Dancardson	Dancardson, Dancardsson
Dancart	Dancart, Dancarte
Dancaster	Dancaster, Dancastr, Dancastre
Dancel	Dancel, Dancelle
Dancer	Dancer
Danchart	Danchart
Danckardes	Danckardes
Danckars	Danckars
Danckarson	Danckarson
Danckerd	Danckerd, Danckerde, Dankard, Dankerd
Danckerdes	Danckerdes, Dankerdes
Danckers	Danckers, Dankers
Danckes	Danckes
Danclin	Danclin
Dand	Dand, Dande
Danda	Danda
Dandal	Dandal, Dandale
Dandalo	Dandalo
Dandelei	Dandelei, Dandeley
Dandelion	Dandelion
Dandelo	Dandelo
Danderek	Danderek, Dandereke, Danderik
Dandeson	Dandeson, Dandison, Dandyson
Dandi	Dandi, Dandy
Dandulo	Dandulo
Danea	Danea
Danen	Danen, Danenne
Daneo	Daneo
Dangladas	Dangladas, Dangladase
Dani	Dani, Dany
Danial	Danial, Danyall
Danialo	Danialo, Danyallo
Danian	Danian, Danyan
Daniasca	Daniasca, Danyasca
Daniastro	Daniastro, Danyastro
Danicher	Danicher
Danie	Danie, Danye
Daniel	Daniel, Daniele, Daniell, Danielle, Danyel, Danyele, Danyell, Danyelle
Danieleson	Danieleson, Danyellesson
Danieli	Danieli, Danielli, Danyelli
Danielis	Danielis, Daniellis, Danyelis, Danyellis
Daniello	Daniello, Danielo, Danyello, Danyelo
Danielson	Danielson, Danyelson, Danyelsson
Danies	Danies, Danyes
Daniil	Daniil, Danyille
Danikard	Danikard, Danykard
Danio	Danio, Danyo
Daniola	Daniola
Daniral	Daniral, Danirall
Daniroson	Daniroson, Danyroson
Danishier	Danishier
Danitz	Danitz, Danytz
Dank	Dank, Danke
Dankar	Dankar
Dankardeson	Dankardeson, Dankardesson
Danker	Danker
Dankerddesson	Dankerddesson, Dankerdeson
Dankerdson	Dankerdson
Dankerson	Dankerson
Dankert	Dankert
Dankertes	Dankertes
Danki	Danki, Danky
Dankin	Dankin, Dankyn
Dankirk	Dankirk
Dannrall	Dannrall, Danral
Dano	Dano
Danond	Danond
Danows	Danows
Danport	Danport
Danquard	Danquard
Danrich	Danrich
Dans	Dans, Danse
Dansaie	Dansaie, Dansaye
Dansalvos	Dansalvos
Danshier	Danshier, Danshyer
Dansk	Dansk, Danske, Dansske
Dansur	Dansur, Dansurre
Dant	Dant
Danteci	Danteci, Dantecy
Dantesei	Dantesei, Dantesey
Danton	Danton
Dantr	Dantr, Dantre
Danvers	Danvers
Danzer	Danzer
Dapanian	Dapanian
Daper	Daper, Dapere, Dapper
Dapour	Dapour
Dar	Dar, Darr, Darre
Daran	Daran, Dawron
Daras	Daras
Darasch	Darasch, Darassch
Darb	Darb, Darbe
Darbelis	Darbelis, Darbelys
Darbeto	Darbeto
Darbie	Darbie, Darbye
Darbolancia	Darbolancia
Darbolaunch	Darbolaunch
Darches	Darches
Darci	Darci, Darcy
Darcie	Darcie, Darcye
Dard	Dard, Darde
Dardeleis	Dardeleis, Dardeleys
Dardeles	Dardeles
Dardes	Dardes
Dardis	Dardis, Dardys
Dardo	Dardo
Darel	Darel, Darell, Darelle
Dares	Dares
Daresmond	Daresmond
Dareta	Dareta
Dargas	Dargas, Dargasse
Dargest	Dargest
Dari	Dari, Dary
Darien	Darien, Daryen
Daries	Daries
Darieta	Darieta
Daringman	Daringman, Daryngman
Dario	Dario
Daris	Daris, Darys
Darismend	Darismend, Darismende
Dark	Dark, Darke
Darkmeer	Darkmeer
Darlei	Darlei, Darley
Darling	Darling, Darlyng
Darmoch	Darmoch
Darnal	Darnal, Darnall, Darnel, Darnell
Darnav	Darnav, Darnave
Darneald	Darneald
Darnialdo	Darnialdo, Darnyaldo
Darnor	Darnor, Darnore
Darodos	Darodos, Darrodos
Darsac	Darsac
Darsemend	Darsemend, Darsemende
Darsh	Darsh, Darshe
Darsher	Darsher
Darsis	Darsis, Darsys
Dart	Dart
Dartford	Dartford, Dartforde
Darti	Darti, Dartie, Darty, Dartye
Dartiberatf	Dartiberatf, Dartiberatfe
Dartmouth	Dartmouth
Darvascaie	Darvascaie, Darvascaye
Darvestain	Darvestain, Darvestayn
Das	Das, Dase, Dasse
Dasei	Dasei, Dassey
Dask	Dask, Daske
Daso	Daso, Dasso
Dasomvil	Dasomvil, Dassomvile
Daspetero	Daspetero
Daspolet	Daspolet
Dasto	Dasto
Dat	Dat, Date
Datie	Datie, Datye
Datigo	Datigo
Datil	Datil, Datill, Dattill
Datul	Datul, Datule
Daubenei	Daubenei, Daubeney
Daubervil	Daubervil, Daubervile, Dauberville
Daum	Daum, Daumme
Daun	Daun
Daunc	Daunc, Daunce, Daunk, Daunke
Dauncei	Dauncei, Dauncey, Dawncei, Dawncey
Dauncer	Dauncer, Daunser, Daunsor, Dawncer
Daunci	Daunci, Dauncy, Dawnci, Dawncy
Daunckars	Daunckars
Dauncl	Dauncl, Dauncle
Daunclis	Daunclis, Daunclise
Dauner	Dauner, Daunger, Doner, Donner
Daunes	Daunes
Daunkars	Daunkars, Dawnckers
Daunsaie	Daunsaie, Daunsaye
Daunsei	Daunsei, Daunsey, Dawnsei, Dawnsey
Daunsi	Daunsi, Daunsie, Daunsy, Daunsye, Dawnseie, Dawnseye, Dawnsi, Dawnsie, Dawnsy
Daunt	Daunt, Daunte
Dauntcei	Dauntcei, Dauntcey
Daunteci	Daunteci, Dauntecy, Dawnteci, Dawntecy
Dauntesei	Dauntesei, Dauntesey, Dawnntesey, Dawntesei, Dawntesey
Dauntesi	Dauntesi, Dauntesie, Dauntesy, Daunttesye, Dawntesie, Dawntesye
Dauntisei	Dauntisei, Dauntysey, Dawntisei, Dawntysey
Dauntsei	Dauntsei, Dauntsey, Dawntsei, Dawntsey
Dauntsi	Dauntsi, Dauntsie, Dauntsy, Dauntsye, Dawntsi, Dawntsy
Dauson	Dauson, Dausson, Douson, Dowson
Dav	Dav, Dave
Davea	Davea
Davel	Davel, Davelle
Davenant	Davenant
Davenaunt	Davenaunt
Davenet	Davenet, Davenett
Davenport	Davenport, Davenporte
Davenson	Davenson
Daventr	Daventr, Daventre
Daveron	Daveron
Davers	Davers, Daverse
Davi	Davi, Davy
David	David, Davide, Davyd, Davyde
Davidii	Davidii
Davidio	Davidio
Davido	Davido
Davidson	Davidson, Davydson
Davie	Davie, Davye
Davies	Davies, Davyes
Davinaunt	Davinaunt, Davynaunt
Davint	Davint
Davis	Davis, Davys
Davison	Davison, Davyson
Davith	Davith
Davnsher	Davnsher
Daw	Daw, Dawe
Dawain	Dawain, Dawayn
Dawan	Dawan
Dawang	Dawang, Dawange
Dawbenei	Dawbenei, Dawbeney
Dawbeni	Dawbeni, Dawbeny
Dawbnei	Dawbnei, Dawbney
Dawbnie	Dawbnie, Dawbnye
Dawbrei	Dawbrei, Dawbrey
Dawdres	Dawdres
Dawen	Dawen
Dawes	Dawes, Daws, Dawse
Dawez	Dawez
Dawght	Dawght, Dawt, Dawte, Dawtte
Dawham	Dawham
Dawik	Dawik, Dawyk
Dawin	Dawin, Dawyn
Dawis	Dawis
Dawk	Dawk, Dawke
Dawkens	Dawkens
Dawkes	Dawkes
Dawkins	Dawkins, Dawkyns
Dawkis	Dawkis, Dawkys
Dawlond	Dawlond
Dawndesei	Dawndesei, Dawndesey
Dawnial	Dawnial, Dawniall
Dawnik	Dawnik, Dawnyk
Dawnrich	Dawnrich, Dawnryche
Dawntesea	Dawntesea
Dawson	Dawson
Dawteset	Dawteset, Dawtesett
Dawth	Dawth
Dawton	Dawton
Dawtri	Dawtri, Dawtry
Dax	Dax
De	De, Deie, Deye, Di, Dy
Deago	Deago, Digo, Dygo
Deak	Deak, Deake, Deik, Dek, Deke, Dekk, Deyke, Dic, Dice, Dick, Dicke, Dik, Dike, Dyce, Dyck, Dycke, Dyk, Dyke
Deal	Deal, Deale, Deall, Deel, Deele, Dil, Dylle
Deam	Deam, Dim
Deampop	Deampop, Deampope
Dean	Dean, Deane, Deawn, Deen, Deene, Dign, Din, Dygne, Dyn, Dyne
Deanus	Deanus
Dear	Dear, Deare, Deer, Dier, Dyer
Deareman	Deareman, Dearman, Deerman
Deart	Deart, Dearte, Dert, Durt, Durte
Deas	Deas, Deis
Deavinshir	Deavinshir, Deavynshire
Deb	Deb, Debe
Debasorto	Debasorto, Debassorto
Debauns	Debauns, Debaunse
Debbis	Debbis, Debis
Debeion	Debeion, Debeyon
Debek	Debek
Debel	Debel, Debelle
Debia	Debia
Debing	Debing, Debyng
Deblon	Deblon
Debnam	Debnam
Debrei	Debrei, Debrey
Dec	Dec, Deck, Decke
Decanis	Decanis, Decanys
Decebitoris	Decebitoris
Decembar	Decembar
December	December
Decembis	Decembis
Decembitoris	Decembitoris
Decembr	Decembr, Decembre, Decembur, Disember, Dyssember
Decembris	Decembris, Desembris
Deceps	Deceps
Dechfild	Dechfild, Dechfylde
Deci	Deci
Decimo	Decimo
Declof	Declof, Decloff
Deco	Deco
Decondo	Decondo
Decumia	Decumia
Ded	Ded, Dede
Dedan	Dedan, Dedane
Dedeker	Dedeker, Dedekker
Dedeler	Dedeler
Deder	Deder
Dederen	Dederen
Dederic	Dederic, Dederik, Dederike, Dederyk
Dederici	Dederici
Dederico	Dederico
Dedericson	Dedericson, Dedericsson, Dederikson, Dederiksson, Dederykson, Dederyksson
Dederikes	Dederikes
Dederikeson	Dederikeson, Dederikesson, Dederikison, Dederikisson, Dederikysson
Dedicot	Dedicot, Dedicote, Dedicott, Dedycot, Dedycott
Dedin	Dedin, Dedyn
Dedirico	Dedirico
Dedo	Dedo
Dedrik	Dedrik, Dedryk
Dedrikson	Dedrikson, Dedriksson, Dedryksson
Deego	Deego, Deigo
Defan	Defan, Deffane
Defek	Defek
Defer	Defer, Deferre, Deffer, Deffore, Defor, Difer, Differe
Defet	Defet, Deffet
Deffit	Deffit, Defit
Defford	Defford, Deford
Deflin	Deflin, Deflyne
Defort	Defort
Deft	Deft
Degamardes	Degamardes
Degat	Degat
Degeling	Degeling, Degelyng
Degenough	Degenough
Deginemarenes	Deginemarenes, Degynemarenes
Dego	Dego
Degomel	Degomel, Degomelle
Degon	Degon, Degone
Degonis	Degonis
Degor	Degor, Degore
Degorie	Degorie, Degorye
Degorio	Degorio
Degoritsa	Degoritsa
Degorno	Degorno
Degremond	Degremond
Dehald	Dehald, Dehalld
Dei	Dei, Dey
Deies	Deies, Deyes, Dies, Diese, Dyes
Deikun	Deikun, Deykun
Dein	Dein, Deyn, Deyne
Deiner	Deiner, Deyner, Diner, Dyner
Deins	Deins, Denes, Dennes, Deyns
Deinshier	Deinshier, Deynshyer
Deinshires	Deinshires, Deynshyres
Deirie	Deirie, Deirye
Deison	Deison, Deyson
Dekehof	Dekehof
Dekeling	Dekeling, Dekelyng, Dikeling, Dikelyng, Dykelyng
Deken	Deken, Dekene, Dekun
Dekenson	Dekenson, Dikenson, Dikinson, Dikynson, Dykenson, Dykynson
Dekhough	Dekhough
Dekin	Dekin, Dekyn
Dekinson	Dekinson, Dekynson
Dekir	Dekir, Dekyr
Deknam	Deknam
Dekon	Dekon
Del	Del, Dele, Delle
Delabal	Delabal
Delaborda	Delaborda
Delamek	Delamek, Delameke
Deland	Deland
Delans	Delans
Delar	Delar, Delare, Deler
Delarabal	Delarabal, Delaraballe
Delarasabal	Delarasabal, Delarasaballe
Delarasaval	Delarasaval, Delarasavalle
Delaraver	Delaraver, Delaravere
Delasam	Delasam, Delasame
Delavair	Delavair
Delbef	Delbef, Delbefe, Delbeff, Delbeffe
Delbeffo	Delbeffo, Delbefo
Delbek	Delbek, Delbeke
Delbief	Delbief, Delbif, Delbyef, Delbyf, Delbyffe
Deldam	Deldam
Delebrandino	Delebrandino
Delemar	Delemar, Delemare
Delereo	Delereo
Delerich	Delerich, Deleriche
Deles	Deles, Delles
Delf	Delf, Delfe, Delff, Delffe
Delfian	Delfian, Delfyan
Deli	Deli, Dely
Delin	Delin, Dellyn
Deliot	Deliot, Delyot
Delivano	Delivano
Dellskoo	Dellskoo, Delskoo
Delman	Delman
Deloe	Deloe
Delos	Delos
Delpai	Delpai, Delpay
Delpog	Delpog, Delpoge
Delpoi	Delpoi, Delpoy
Delsak	Delsak
Delsko	Delsko
Delskow	Delskow
Delum	Delum, Delume
Delvaileo	Delvaileo, Delvaleo, Delvayleo
Delval	Delval, Delvale
Delvala	Delvala
Delvalo	Delvalo
Delvest	Delvest
Delvis	Delvis, Delvys
Delwin	Delwin, Delwyn
Delwina	Delwina, Delwyna
Demain	Demain, Demayne
Demans	Demans
Demanson	Demanson, Demansson
Demat	Demat, Demate
Demer	Demer
Demesketa	Demesketa, Demesketta
Demetes	Demetes, Demettes
Demiando	Demiando, Demyando
Demie	Demie, Demye
Demingo	Demingo
Demis	Demis, Demys, Domas
Demiter	Demiter, Demitter, Demyter
Demitrio	Demitrio, Demytrio
Demitro	Demitro
Demmok	Demmok, Demock, Demok
Demond	Demond
Demor	Demor, Demore
Demorga	Demorga
Demound	Demound
Den	Den, Dene, Denne
Denado	Denado
Denalia	Denalia
Denam	Denam, Dennam
Denant	Denant
Denard	Denard
Denaunt	Denaunt, Denaunte
Denbie	Denbie
Denbold	Denbold
Denbow	Denbow, Denbowe
Dench	Dench, Denche
Dencher	Dencher, Denchere
Dendarika	Dendarika, Dendaryka
Denderek	Denderek, Dendereke, Denderich, Denderick, Denderik, Dennderych
Denderica	Denderica, Denderika
Denea	Denea, Denia, Denya
Deneis	Deneis, Deneys
Denel	Denel, Denell
Denesher	Denesher, Deneshere
Deneson	Deneson, Denison, Denyson, Denysson
Denestro	Denestro
Denever	Denever
Dengenis	Dengenis, Dengenyse
Denham	Denham
Deni	Deni, Denie, Denni, Denny, Dennye, Deny, Denye
Deniastr	Deniastr, Deniastre
Deniastro	Deniastro, Denyastro
Deniat	Deniat, Denyate
Denick	Denick, Denicke
Denier	Denier, Denyer
Denis	Denis, Denisch, Denise, Denisse, Dennis, Dennise, Dennys, Denys, Denysch, Denyse, Denysse
Deniseo	Deniseo, Denisio, Denyseo
Denkin	Denkin, Denkyn
Denmark	Denmark, Denmarke
Dennosio	Dennosio, Denosio
Denor	Denor
Denphus	Denphus
Denrick	Denrick
Denscher	Denscher, Denschir, Denschire, Denser, Densher, Denshere, Densherre, Denshir, Denshire, Denshyre
Denscherch	Denscherch, Denscherche
Denschers	Denschers, Denshers, Denshirs, Denshyrs
Denseir	Denseir, Densseyr
Densh	Densh, Denshe
Densheier	Densheier, Densheyer
Densheres	Densheres
Denshieres	Denshieres, Denshyeres
Denshires	Denshires, Denshyres
Densier	Densier, Densir, Denssyer, Densyre
Dent	Dent, Dente
Dentelion	Dentelion, Dentelyon
Dentever	Dentever
Dentiver	Dentiver, Dentyver
Denton	Denton
Dentori	Dentori, Dentory
Dentutes	Dentutes
Denwout	Denwout, Denwoute
Denzinas	Denzinas
Deo	Deo
Deodemei	Deodemei, Deodemey
Deodonei	Deodonei, Deodoney
Deogaw	Deogaw, Deogawe
Deonicii	Deonicii
Deonicio	Deonicio
Deonisii	Deonisii
Deonisio	Deonisio, Deonissio
Deoreamker	Deoreamker
Deorgs	Deorgs
Deourt	Deourt
Dep	Dep, Depe
Depford	Depford
Depictis	Depictis, Depyctis
Depla	Depla
Deputes	Deputes
Deputis	Deputis
Deputus	Deputus
Der	Der, Dere, Dir, Dire, Dr
Derac	Derac, Derace
Deracaort	Deracaort, Deracaorte
Deragho	Deragho
Deram	Deram, Derram
Derant	Derant, Derrant
Derat	Derat, Derate
Deraunt	Deraunt, Derauntt, Derraunt
Derb	Derb
Derbenga	Derbenga
Derbeto	Derbeto
Derbi	Derbi, Derbie, Derby, Durbi, Durby
Derbina	Derbina, Derbyna, Durbina, Durbyna
Derbinga	Derbinga
Derbino	Derbino
Derbold	Derbold
Derdaria	Derdaria
Derdroit	Derdroit
Derebeto	Derebeto
Dereck	Dereck, Derecke, Derrecke, Dierik, Diric, Dirick, Diricke, Dirik, Dirike, Diryck, Diryk, Diryke, Dyrick, Dyrike, Dyrryk, Dyryck, Dyrycke, Dyryk, Dyryke
Dereckson	Dereckson, Derreckson
Derecop	Derecop
Dereham	Dereham
Derei	Derei, Derey
Derek	Derek, Dereke, Deric, Derick, Dericke, Derik, Derike, Derreke, Derrick, Derryke, Deryck, Derycke, Deryk, Deryke
Derekson	Derekson, Derickson, Dericson, Dericsson, Derikson, Deriksone, Deriksson, Derrickson, Derryckson, Derrykson, Deryckson, Derykson, Deryksson
Derel	Derel, Derol, Deroll, Derrell
Dereman	Dereman
Derest	Derest
Deret	Deret, Derett
Derford	Derford
Derham	Derham, Dirham, Dyrham
Deri	Deri, Dery
Deriaga	Deriaga
Dericasoli	Dericasoli, Derycasoly
Derici	Derici
Derickes	Derickes, Deryckes
Derickeson	Derickeson
Derico	Derico, Deriko, Deryco
Derifat	Derifat, Derifatt
Derigo	Derigo
Derikeson	Derikeson, Derikesone, Derikesson, Derikison, Derykkesson
Dering	Dering, Deringe
Deris	Deris, Derys, Dris, Drys
Derishaldo	Derishaldo, Deryshaldo
Derk	Derk, Derke, Dirk
Derlin	Derlin, Derlyn
Derling	Derling, Derlyng
Derlington	Derlington, Derlyngton
Dermal	Dermal, Dermale, Durmal, Durmall
Derman	Derman
Dermiger	Dermiger
Dermin	Dermin, Dermyn
Dermond	Dermond, Durmond
Derneford	Derneford
Dernei	Dernei, Derney
Dernekirk	Dernekirk
Deron	Deron, Derone
Deront	Deront, Derront
Derp	Derp
Derpend	Derpend
Derscoh	Derscoh, Derscow
Dersee	Dersee
Derskow	Derskow, Derskowe
Dersto	Dersto
Derteforth	Derteforth
Dertemouth	Dertemouth
Dertford	Dertford, Dertforde
Derti	Derti, Derty
Dertmouth	Dertmouth
Dervina	Dervina, Dervyna
Derwent	Derwent
Derwind	Derwind, Derwynd
Des	Des, Dese, Desse
Desail	Desail, Desayle
Desaka	Desaka, Desakka
Desam	Desam, Desame
Desan	Desan
Desand	Desand, Dessand
Desanda	Desanda
Desbrough	Desbrough, Desbroughe, Disbrough
Deschein	Deschein, Descheyn
Deseith	Deseith
Desembir	Desembir, Desembyr
Desement	Desement, Dessement
Desemia	Desemia, Desemya
Deset	Deset, Dessett
Desford	Desford, Desforde
Desgorean	Desgorean
Desimo	Desimo, Dessimo
Desina	Desina
Deskel	Deskel, Deskell
Deskew	Deskew, Deskewe
Despani	Despani, Despanny
Despinai	Despinai, Despynay
Despiron	Despiron
Desplauces	Desplauces
Despoie	Despoie, Despoye
Destelo	Destelo
Desto	Desto
Destoita	Destoita, Destoyta
Destonoi	Destonoi, Destonoy
Destorga	Destorga
Destrac	Destrac, Destrace
Destrak	Destrak, Destrake
Deteres	Deteres
Detes	Detes, Detesse, Dits, Ditse, Dytse
Detford	Detford
Dethei	Dethei, Dethey
Dethik	Dethik, Dethyk
Detlof	Detlof, Detloff
Detlon	Detlon
Detmer	Detmer, Detmere
Deton	Deton, Detton
Deuneas	Deuneas
Deus	Deus
Deux	Deux, Dew, Dewe, Dieu, Do, Doo
Deuxplantes	Deuxplantes
Dev	Dev, Deve
Deva	Deva
Deval	Deval, Devalle
Develand	Develand
Develin	Develin, Develyn
Deven	Deven, Devon
Devenant	Devenant
Devenaunt	Devenaunt
Devenisch	Devenisch, Devenish, Devenysch, Devenysche, Devenysshe, Devonis
Devensher	Devensher, Devenshere
Deventer	Deventer
Dever	Dever
Deveros	Deveros, Deverose
Devesher	Devesher, Deveshere, Deveshir, Deveshyre
Devet	Devet
Deveta	Deveta
Deviago	Deviago, Devyago
Devik	Devik, Devyk
Devil	Devil, Deville, Devylle
Deving	Deving
Devinsheir	Devinsheir, Devynsheyre
Devinshier	Devinshier, Devynshyer
Devinshir	Devinshir, Devynshire
Devit	Devit, Devite
Devo	Devo
Devoier	Devoier, Devoyer
Devonie	Devonie
Devons	Devons
Devonsher	Devonsher, Devonshere, Devonshir, Devonshire
Devorat	Devorat
Devser	Devser
Devsh	Devsh, Devshe
Dewar	Dewar
Deward	Deward
Dewch	Dewch, Dewche
Dewcheman	Dewcheman
Dewdoso	Dewdoso
Dewei	Dewei, Dewey, Dieux
Dewenas	Dewenas
Dewerwina	Dewerwina, Dewerwyna
Dewes	Dewes, Dews, Dewse
Dewesto	Dewesto
Dewgar	Dewgar
Dewgarden	Dewgarden
Dewgo	Dewgo
Dewi	Dewi, Dewie, Dewy, Dewye
Dewis	Dewis, Dewys
Dewk	Dewk, Dewke
Dewn	Dewn, Dewne, Doon, Doonne
Dewntesei	Dewntesei, Dewntesey
Dewrand	Dewrand, Dewrande
Dewranda	Dewranda
Dewrango	Dewrango
Dewrant	Dewrant
Dewring	Dewring, Dewryng
Dewsam	Dewsam, Dewsame
Dewst	Dewst
Dewsto	Dewsto
Dewval	Dewval, Dewvale
Dext	Dext, Dexte
Dexter	Dexter
Dez	Dez, Deze
Diacr	Diacr, Diacre, Dyacre
Diager	Diager
Diakos	Diakos
Dial	Dial, Diall, Dyale, Dyalle
Diala	Diala, Dyala
Diamant	Diamant, Dyamant, Dyamante
Diamond	Diamond, Dimond, Dyamond, Dymond
Diar	Diar, Dyar
Diard	Diard, Dyarde
Dias	Dias, Diez, Dyas, Dyez
Diat	Diat, Diet, Diot, Diott, Dyat, Dyatt, Dyet, Dyot, Dyotte
Dib	Dib, Dibe
Dibson	Dibson, Dybsson
Dicar	Dicar, Dicare
Dicardorso	Dicardorso, Dicardorsso
Dichart	Dichart, Dychart
Dichefeld	Dichefeld, Dichefelde, Dicheffeld, Dychefeld, Dychefelde
Dichefild	Dichefild, Dichefyld, Dichefylde
Dicherd	Dicherd
Diches	Diches
Dichfeld	Dichfeld
Dichfild	Dichfild, Dichfylde
Dicist	Dicist, Dyciste
Dickes	Dickes, Dix, Dixe, Dyx, Dyxe
Dickhof	Dickhof, Dickhoff, Dikhof, Dyckhoff, Dykhoff
Dickson	Dickson, Dikson, Dixon, Dixson, Dyxson
Diclif	Diclif, Dicliff
Dico	Dico, Dyco
Dicof	Dicof, Dicoff, Dycoff, Dycoffe
Dicot	Dicot
Dictot	Dictot, Dictote
Didmar	Didmar
Dido	Dido, Dydo
Diego	Diego
Diegon	Diegon, Diegone
Dielft	Dielft
Diena	Diena, Dyena
Diep	Diep, Dieppe, Dip, Dipe
Dieus	Dieus, Dus, Dusch, Dusche, Dush, Dushe
Difeld	Difeld, Diffeld
Difet	Difet, Diffet
Diffor	Diffor, Difor
Dig	Dig, Dyge
Digbi	Digbi, Digby, Dygby
Diger	Diger
Digero	Digero
Dighton	Dighton, Diten, Diton, Ditten, Ditton, Dyghton, Dytten, Dytton
Digland	Digland, Dygland
Digon	Digon, Digone, Dygon
Digonis	Digonis
Digor	Digor, Digore
Diiala	Diiala, Diyala
Dikelin	Dikelin, Dikelyn, Dykelyn
Dikeman	Dikeman, Dykeman
Dikes	Dikes
Dikis	Dikis, Dykys
Dikison	Dikison
Dikmanton	Dikmanton, Dykmanton
Dikonson	Dikonson, Dykonson
Dila	Dila, Dilla
Dilbark	Dilbark, Dilbarke
Dilcok	Dilcok, Dylcok
Diligendo	Diligendo
Dilk	Dilk, Dilke, Dylk, Dylke
Dilkinber	Dilkinber, Dylkynber
Dilkis	Dilkis, Dilkys
Dimelton	Dimelton, Dymelton
Dimetr	Dimetr, Dymetr, Dymetre
Dimetrio	Dimetrio, Dymetrio
Dimilton	Dimilton, Dymylton
Dimitr	Dimitr, Dimitre, Dymytr
Dimitrio	Dimitrio, Dymytrio
Dimitro	Dimitro, Dymytro
Dimmocke	Dimmocke, Dimock, Dimocke, Dymmock, Dymock, Dymocke
Dimok	Dimok, Dymmok, Dymmoke, Dymok, Dymoke
Dinat	Dinat
Dincher	Dincher
Dinck	Dinck, Dincke
Ding	Ding, Dinge
Dingel	Dingel, Dingell
Dingk	Dingk
Dinglang	Dinglang, Dynglange
Dino	Dino, Dyno
Dinschiar	Dinschiar, Dynschyar
Dinsher	Dinsher, Dynshere
Diodes	Diodes
Dioni	Dioni
Dionicio	Dionicio, Dyonicio
Dionis	Dionis
Dionisi	Dionisi, Dyonisi
Dionisia	Dionisia
Dionisie	Dionisie, Dionisii, Dyonisii
Dionisio	Dionisio, Dyonisio
Dionizia	Dionizia
Dirbeis	Dirbeis
Dirckson	Dirckson
Direck	Direck, Dirreck, Dourich, Douriche, Drick, Drik, Dryk
Direk	Direk
Direkson	Direkson
Dirici	Dirici
Diricii	Diricii
Dirickson	Dirickson, Diryckson, Dyrickson, Dyryckson
Dirico	Dirico, Diriko, Dyryco
Diricson	Diricson, Dirikson, Dirycson, Dirykson, Dyricson, Dyrikson, Dyrykson
Dirie	Dirie, Dirye
Dirikes	Dirikes, Dirykes
Dirikeson	Dirikeson, Dirykeson, Dyrykeson, Dyrykesson
Diring	Diring, Diryng
Diron	Diron, Dyron
Dirop	Dirop, Dyrop
Dis	Dis, Dise, Disse, Dys, Dyse, Dysse
Disborn	Disborn, Disborne, Disburn, Disburne
Disboro	Disboro
Disbright	Disbright
Disbrith	Disbrith, Disbryth
Disbrogh	Disbrogh
Discaria	Discaria
Discartis	Discartis
Discembris	Discembris
Dischefeld	Dischefeld, Dischefelde
Discoreko	Discoreko
Discorisaga	Discorisaga, Discorysaga
Disdrema	Disdrema
Disdremia	Disdremia
Disdrenia	Disdrenia, Disdrenya
Disgorean	Disgorean, Disgorian, Disgoryan
Disk	Disk, Dysk, Dyske
Disnei	Disnei, Disney
Dispalato	Dispalato, Dyspalato
Displantes	Displantes
Disrenia	Disrenia
Dist	Dist, Diste, Dyst, Dyste
Distret	Distret, Distrett
Diswav	Diswav, Diswave
Dit	Dit, Ditt, Dytt
Ditclef	Ditclef, Ditcleff
Ditclof	Ditclof, Ditcloff
Diter	Diter, Ditter, Ditur, Dytter
Dites	Dites, Dyttes
Ditlof	Ditlof, Dytlof
Ditmar	Ditmar, Ditmer, Ditmere, Dittmar, Dittmer, Dytmer
Ditons	Ditons, Dyttons
Diven	Diven, Dyven
Diverso	Diverso, Dyverso
Divito	Divito, Dyvito
Dixi	Dixi
Dixsi	Dixsi
Doait	Doait, Doayte
Dobbeler	Dobbeler, Dobeler, Dobler, Doblere
Dobberin	Dobberin, Dobberyn, Doberin
Dobbes	Dobbes, Dobes
Dobbett	Dobbett, Dobet, Dobett
Dobbis	Dobbis, Dobbys, Dobis
Dobelet	Dobelet, Dobelett, Doblet
Dobil	Dobil, Dobill, Dobyll
Dobildai	Dobildai, Dobilday, Dobylday
Dobisa	Dobisa, Dobyssa
Dobl	Dobl, Doble
Doblam	Doblam, Doblame
Doblart	Doblart, Doblarte
Doblato	Doblato
Doblim	Doblim, Doblyme
Doblin	Doblin, Doblyn
Doblon	Doblon
Doblow	Doblow, Doblowe
Dobson	Dobson
Doch	Doch, Doche, Dok, Doke
Docheman	Docheman
Docher	Docher
Dockenson	Dockenson
Docket	Docket, Dockett
Docking	Docking, Dockyng
Doclower	Doclower
Doctor	Doctor, Doctore
Dod	Dod, Dodd, Dodde, Dode
Dodal	Dodal, Dodall
Doddyng	Doddyng, Doding
Dodenal	Dodenal, Dodenale
Dodenhal	Dodenhal, Dodenhale
Doderico	Doderico
Doderson	Doderson
Dodeson	Dodeson, Dodesson
Dodg	Dodg, Dodge
Dodin	Dodin, Dodyn
Dodinhal	Dodinhal, Dodynhale
Dodo	Dodo
Doe	Doe
Doel	Doel, Doell
Doewra	Doewra, Dora
Dof	Dof, Doff
Doffylde	Doffylde, Dofild
Doffyn	Doffyn, Dofin
Dog	Dog, Doge, Dogg, Dogge
Dogald	Dogald
Dogan	Dogan, Dogon, Dogone
Dogard	Dogard, Doggard
Dogat	Dogat, Dogate, Doget, Dogett, Dogette, Dogget, Doggett
Dogen	Dogen, Dogene
Dogens	Dogens
Doger	Doger, Dogger, Doggere
Doges	Doges
Dogonis	Dogonis
Doid	Doid, Doyd
Doies	Doies, Doyes
Doiet	Doiet, Doyet, Doyett
Doion	Doion, Doyon
Dois	Dois, Doys
Doit	Doit, Doyt, Doyte
Dokart	Dokart
Dokegareo	Dokegareo
Doken	Doken, Dokon
Dokes	Dokes
Doket	Doket, Dokete, Dokett, Dokette
Doking	Doking, Dokking, Dokkyng, Dokkynge, Dokyng
Doklon	Doklon
Dokmanton	Dokmanton
Dokrel	Dokrel, Dokrell
Dol	Dol, Dole
Dolam	Dolam, Dollame
Doland	Doland, Duland, Dulland
Dolar	Dolar, Doler
Dolbeta	Dolbeta
Dolemar	Dolemar, Dolemare
Doleta	Doleta, Doletta
Dolez	Dolez
Dolf	Dolf
Dolffyn	Dolffyn, Dolffyne, Dolfin, Dolfine, Dolfyn
Dolfinbi	Dolfinbi, Dolfinbie, Dolfynby, Dolfynbye
Dolfo	Dolfo
Doli	Doli, Doly
Dolian	Dolian, Dollyan
Doliard	Doliard, Doliarde, Dolyard
Doliart	Doliart, Dolyarte
Dolibari	Dolibari, Dolibary, Dolybary
Dolin	Dolin, Dolyn
Doling	Doling, Dolling, Dollyng
Dolinges	Dolinges, Dollynges
Dolion	Dolion, Dolyon
Dolis	Dolis, Dolys
Dollon	Dollon, Dolon
Dollwyn	Dollwyn, Dollwyne, Dolwin, Dolwine, Dolwyn, Dolwyne
Dolman	Dolman
Dolond	Dolond
Doloreto	Doloreto, Doloretto
Dolphen	Dolphen, Dolphin, Dolphine, Dolphyn, Dolphyne
Dolpin	Dolpin
Dolpinbi	Dolpinbi, Dolpynby
Dolsaa	Dolsaa
Dolvin	Dolvin, Dolvyn, Dolvyne
Dolw	Dolw
Domageo	Domageo
Domagio	Domagio
Domal	Domal, Domall, Domalle
Domalio	Domalio
Domengo	Domengo
Domers	Domers
Domest	Domest, Domeste
Dominego	Dominego, Domynego
Domineko	Domineko, Domyneko
Domingi	Domingi, Domyngi
Domingo	Domingo, Dommyngo, Domyngo
Domingonis	Domingonis
Domingus	Domingus, Domyngus
Domini	Domini
Dominic	Dominic, Dominice, Dominick, Domynicke, Domynyck
Dominici	Dominici
Dominico	Dominico, Dominiko, Domynyko
Dominicum	Dominicum
Dominicus	Dominicus
Dominik	Dominik, Domynyk, Domynyke
Dominink	Dominink, Domynynke
Domink	Domink, Domynke
Domino	Domino
Domitri	Domitri, Domytri
Domk	Domk, Domke
Domn	Domn, Domne
Domno	Domno
Doms	Doms
Domson	Domson, Domsson
Don	Don, Done, Donne
Donabi	Donabi, Donaby
Donad	Donad, Donade
Donai	Donai, Donay
Donako	Donako
Donal	Donal, Donall, Donalle
Donallo	Donallo, Donalo
Donao	Donao
Donarti	Donarti, Donarty
Donas	Donas, Donase
Donat	Donat, Donate, Donatt, Donatte
Donata	Donata
Donath	Donath, Donathe
Donati	Donati, Donaty
Donato	Donato
Donatus	Donatus
Donbar	Donbar
Doncastr	Doncastr, Doncastre
Donck	Donck, Doncke, Donk, Donke
Dondara	Dondara
Donderig	Donderig, Donderige
Donea	Donea
Doneata	Doneata
Doneham	Doneham
Donel	Donel, Donele, Donnell
Donet	Donet, Donett
Donevil	Donevil, Donevile, Donvil, Donvile
Donham	Donham
Doni	Doni, Donny
Doniat	Doniat, Donyate
Doniati	Doniati, Donyaty
Doning	Doning, Donnyng
Donington	Donington, Donyngton
Donis	Donis, Donys
Doniswel	Doniswel, Donyswelle
Donivil	Donivil, Donivile, Donyville, Donyvylle
Donkardeson	Donkardeson, Donkardesson
Donker	Donker
Donkerk	Donkerk, Donkirk, Donkyrk
Donkin	Donkin
Donkot	Donkot
Donlee	Donlee
Donor	Donor
Donorentes	Donorentes
Donquer	Donquer
Donr	Donr, Donre
Donrich	Donrich, Donriche
Donsberi	Donsberi, Donsbery
Donsion	Donsion, Donson
Donston	Donston, Donstone
Donstona	Donstona
Donstono	Donstono
Donton	Donton
Donwic	Donwic
Donwich	Donwich, Donwyche
Dood	Dood, Doode, Dooid
Dool	Dool, Doole
Door	Door, Doore, Dor, Dore, Dorr, Dorre
Doorn	Doorn, Doorne, Dorn, Dorne
Dorac	Dorac, Dorace
Dorag	Dorag, Dorage
Doram	Doram
Dorand	Dorand
Dorando	Dorando
Dorant	Dorant
Dorask	Dorask
Dorath	Dorath, Dorathe
Dorchestr	Dorchestr, Dorchestre
Dord	Dord
Dordaido	Dordaido, Dordaydo
Dordith	Dordith, Dordyth
Dordonea	Dordonea, Dordonia, Dordonya
Dordonio	Dordonio, Dordonyo
Dordracht	Dordracht
Dordraght	Dordraght
Dordraith	Dordraith, Dordrayth
Dordreight	Dordreight, Dordreyght
Dordreit	Dordreit, Dordreyt, Dordreyte
Dordright	Dordright, Dordryght
Dordrith	Dordrith, Dordryth
Dorel	Dorel, Dorell
Doremal	Doremal, Doremall
Dorens	Dorens, Dorrens
Doreo	Doreo, Dorio, Dorreo
Dorethia	Dorethia
Dorgeis	Dorgeis, Dorgeys
Dorgel	Dorgel, Dorgell
Dorges	Dorges
Dorget	Dorget, Dorgett
Dorham	Dorham
Dorhem	Dorhem
Dorias	Dorias
Dories	Dories
Doring	Doring, Doryng
Doris	Doris, Dorys
Dorito	Dorito
Dork	Dork, Dorke
Dormachia	Dormachia
Dormal	Dormal, Dormale, Dormall, Dormalle, Dormel, Dormell
Dorman	Dorman
Dormar	Dormar, Dormare
Dormash	Dormash, Dormasshe
Dormecho	Dormecho
Dormer	Dormer, Dormere
Dormes	Dormes
Dormian	Dormian, Dormion, Dormyan, Dormyon
Dormio	Dormio
Dormis	Dormis, Dormys
Dormoie	Dormoie, Dormoye
Dormow	Dormow, Dormowe
Dornal	Dornal, Dornall, Dornalle
Dornax	Dornax
Dorneada	Dorneada
Dorneana	Dorneana
Dornebek	Dornebek
Dornek	Dornek, Dorneke, Dornik, Dornyk, Dornyke
Dornekes	Dornekes
Dorner	Dorner
Dornex	Dornex, Dornexe
Dornickes	Dornickes, Dorniks, Dornix, Dornixe, Dornyckes, Dornyks, Dornyx, Dornyxe
Dornikes	Dornikes, Dornykes, Dornykkes
Dornikis	Dornikis, Dornykis, Dornykys
Dornixs	Dornixs
Dornux	Dornux
Doroth	Doroth, Dorothe
Dorothea	Dorothea
Dorow	Dorow
Dorp	Dorp
Dorpin	Dorpin, Dorpyn
Dorset	Dorset
Dort	Dort, Dorte, Dortt, Dortte
Dorth	Dorth, Dorthe
Dorton	Dorton
Dos	Dos, Dose
Dosarga	Dosarga
Dosen	Dosen, Doson
Doseper	Doseper
Doshar	Doshar, Dosher, Dosshare, Dossher
Doshew	Doshew, Doshewe
Dot	Dot, Dote
Dotaso	Dotaso, Dotasso
Dotei	Dotei, Dotey
Dotel	Dotel, Dotelle
Doubble	Doubble, Doubl, Double, Dubl, Duble, Dubul, Dubull
Doubeler	Doubeler, Doubeller, Dowbeler
Doubledai	Doubledai, Doubleday
Doubler	Doubler
Doublet	Doublet
Doubul	Doubul, Dowbl, Dowble
Douch	Douch, Douche
Doughtie	Doughtie, Doughtye
Dougoswel	Dougoswel, Dougoswelle
Douker	Douker
Douland	Douland, Dowland
Doulas	Doulas
Doum	Doum, Doume
Doun	Doun, Doune
Dounas	Dounas
Douncan	Douncan
Dounes	Dounes, Downes, Downs, Downse
Dounham	Dounham
Douning	Douning, Dounyng, Downing, Downyng
Dounston	Dounston
Dount	Dount, Downt
Dounton	Dounton, Downton
Dounwhich	Dounwhich, Dounwich, Dounwych
Douseper	Douseper
Douv	Douv, Douve
Dov	Dov, Dove
Doven	Doven
Dover	Dover, Dovere, Doverre
Doveriam	Doveriam, Doverriam
Dovertsan	Dovertsan
Dovir	Dovir, Dovyr
Dovonsher	Dovonsher, Dovonshere
Dovor	Dovor, Dovorr
Dovoria	Dovoria, Dovorria
Dovoriam	Dovoriam, Dovorriam
Dovorie	Dovorie, Dovorrie
Dow	Dow, Dowe
Dowai	Dowai, Doway
Dowaie	Dowaie, Dowaye
Dowan	Dowan
Dowar	Dowar
Dowberi	Dowberi, Dowbery
Dowd	Dowd, Dowde
Dowdo	Dowdo
Dowdoni	Dowdoni
Dowel	Dowel, Dowelle
Doweleierd	Doweleierd, Doweleyerd
Dower	Dower, Dowr, Dowre
Dowerson	Dowerson
Doweson	Doweson, Dowesone
Dowet	Dowet
Dowffin	Dowffin, Dowfin
Dowg	Dowg, Dowge, Dowgh
Dowgan	Dowgan
Dowght	Dowght, Dowt, Dowte
Dowghti	Dowghti, Dowghty, Dowtee, Dowti, Dowtty, Dowty
Dowghtis	Dowghtis, Dowghtys
Dowl	Dowl, Dowle
Dowlei	Dowlei, Dowley
Dowleiard	Dowleiard, Dowleyard
Dowlerd	Dowlerd
Dowlet	Dowlet
Dowlond	Dowlond
Dowlwin	Dowlwin, Dowlwyn
Dowman	Dowman
Down	Down, Downe
Downck	Downck
Downer	Downer
Downie	Downie, Downye
Downis	Downis
Downk	Downk, Downke
Downson	Downson
Dowranda	Dowranda
Dowren	Dowren
Dowring	Dowring, Dowryng
Dows	Dows, Dowse
Dowseket	Dowseket
Dowset	Dowset
Dowsfeld	Dowsfeld
Dowsfild	Dowsfild, Dowsfyld
Dowst	Dowst, Dowste
Dowterter	Dowterter
Dra	Dra
Draco	Draco
Dracot	Dracot, Dracott
Dracotes	Dracotes, Dracottes
Dragel	Dragel
Drager	Drager
Drago	Drago
Dragon	Dragon
Draicot	Draicot, Draycott
Draicotes	Draicotes, Draycotes, Draycottes
Draier	Draier, Drayer
Draiton	Draiton, Drayton
Drak	Drak, Drake
Drakes	Drakes
Dral	Dral, Drale, Drall
Dranar	Dranar
Draner	Draner
Dranghow	Dranghow, Dranghowe
Drank	Drank, Dranke
Dranton	Dranton
Drapar	Drapar
Draper	Draper
Drapour	Drapour
Drarei	Drarei, Drarey
Drarterea	Drarterea
Draton	Draton, Draughton
Dravar	Dravar
Draver	Draver
Draw	Draw, Drawe
Drawgh	Drawgh, Drawghe
Drawho	Drawho
Drax	Drax
Dream	Dream
Drebel	Drebel, Drebell, Drebul, Drebull
Drecheveton	Drecheveton
Dred	Dred
Drefeld	Drefeld
Dreivar	Dreivar, Dreyvar
Drel	Drel, Drele, Drell
Dreles	Dreles, Drelles
Drelft	Drelft, Drelfte
Drelst	Drelst, Drelste
Dremar	Dremar
Dremer	Dremer
Dreo	Dreo
Drep	Drep, Drepe
Dres	Dres, Drese
Dreugon	Dreugon, Dreugone
Drev	Drev, Dreve
Drever	Drever
Drew	Drew, Drewe
Drewal	Drewal, Drewall
Drewes	Drewes, Drews
Drewgon	Drewgon, Drewgone
Drewri	Drewri, Drewrie, Drewry, Drewrye
Dri	Dri, Dry
Dribar	Dribar, Drybar
Drickes	Drickes, Dryckes
Driclough	Driclough, Dryclough
Driclowgh	Driclowgh, Dryclowgh
Dridaria	Dridaria
Drier	Drier, Dryer
Drifaston	Drifaston, Dryfaston
Drifer	Drifer, Dryffer
Dright	Dright, Dryght
Dril	Dril, Drille, Drylle
Drin	Drin, Dryn
Drinck	Drinck, Drynck
Drincop	Drincop, Dryncopp
Dringclogh	Dringclogh, Dryngclogh
Dringclough	Dringclough, Dryngclough
Drinkalewt	Drinkalewt, Drinkallewte
Drinkelow	Drinkelow, Drynkelow
Drinkwin	Drinkwin, Drynkwyn
Driraw	Driraw, Dryrawe
Drisindrer	Drisindrer, Drissyndrerr
Drit	Drit, Dritt
Drivar	Drivar, Dryvar, Dryvare
Drivaso	Drivaso, Dryvaso
Driver	Driver, Drivir, Dryver, Dryvere, Dryvyr
Driveseo	Driveseo, Dryveseo
Drivesto	Drivesto, Dryvesto
Drivestrong	Drivestrong
Drivosto	Drivosto, Dryvosto
Driwar	Driwar, Dryware
Driwer	Driwer, Drywer
Drobil	Drobil, Drobille, Drobylle
Drodes	Drodes
Drogon	Drogon, Drogone
Droie	Droie, Droye
Droier	Droier, Droyer
Droit	Droit, Droite, Droyt
Drolshagin	Drolshagin, Drolshagyn
Dron	Dron, Drone
Dronk	Dronk, Dronke
Drop	Drop, Drope
Droris	Droris, Drorys
Drosapha	Drosapha
Drot	Drot, Drott, Drut
Drov	Drov, Drove
Drowel	Drowel, Drowelle
Drowsdon	Drowsdon
Drowver	Drowver
Druer	Druer
Drueri	Drueri, Druery
Druesto	Druesto
Druet	Druet
Drugo	Drugo
Drugon	Drugon, Drugone
Druin	Druin, Druyn
Druk	Druk
Drulsaghen	Drulsaghen, Drulshaghen
Drulshagin	Drulshagin, Drulshagyn
Drurie	Drurie, Drurye
Drusa	Drusa, Drussa
Drust	Drust, Druste
Duar	Duar
Dubas	Dubas
Dubasort	Dubasort
Dubbers	Dubbers, Dubers
Dubbey	Dubbey, Dubei
Dubby	Dubby, Dubi
Dubelet	Dubelet, Dubelett
Dubet	Dubet
Dubman	Dubman
Ducan	Ducan, Ducon, Ducone, Dukon
Ducarong	Ducarong, Ducarronge
Ducat	Ducat, Ducatt, Duccat, Duccatt, Duckat, Duckate
Duceket	Duceket
Duch	Duch, Duche
Duchain	Duchain, Duchayne
Duchano	Duchano
Duchart	Duchart
Duck	Duck, Ducke, Duk, Duke
Ducker	Ducker
Duckes	Duckes
Ducket	Ducket, Duckett, Duckit, Duckitt, Duckytt
Duco	Duco
Duderson	Duderson
Dudo	Dudo
Duelso	Duelso
Duf	Duf, Duff
Dufeld	Dufeld, Duffeld
Duffild	Duffild, Duffyld, Dufild
Dufflye	Dufflye, Duflie
Duffold	Duffold, Dufold
Dufford	Dufford, Duford
Dufor	Dufor, Dufore
Dufort	Dufort
Dugard	Dugard
Dugaw	Dugaw, Dugawe
Dugerden	Dugerden
Duglas	Duglas
Dugma	Dugma
Dugmanton	Dugmanton
Dukan	Dukan
Dukar	Dukar
Dukein	Dukein, Dukeyne
Duker	Duker
Duket	Duket, Dukett, Dukket
Dukling	Dukling, Duklyng
Dukmanton	Dukmanton
Dul	Dul, Dulle
Dulant	Dulant, Dulante
Dulcein	Dulcein, Dulceyne
Dulceino	Dulceino, Dulceyno
Dulceneo	Dulceneo
Dulcenie	Dulcenie, Dulcenye
Dulcenio	Dulcenio, Dulcenyo, Dulcineo, Dulsenio, Dulsenyo
Dulceno	Dulceno
Dulchenio	Dulchenio, Dulchenyo
Dulcinio	Dulcinio
Dulcomo	Dulcomo
Dulin	Dulin, Dulyn
Dulman	Dulman
Dulph	Dulph, Dulphe
Dulting	Dulting, Dultyng
Dumal	Dumal, Dummall
Dun	Dun, Dune, Dunne
Dunburgh	Dunburgh
Duncar	Duncar
Duncomb	Duncomb, Duncombe
Dundars	Dundars, Dundarse
Dunderidg	Dunderidg, Dunderydge
Dunderig	Dunderig, Dunderige, Dunderyge, Dundrig, Dundrige
Dunderigo	Dunderigo
Dundrich	Dundrich, Dundriche, Dundryche
Dunham	Dunham
Dunk	Dunk, Dunke
Dunker	Dunker
Dunkerk	Dunkerk
Dunket	Dunket, Dunkett
Dunkirk	Dunkirk, Dunkirke, Dunkyrk, Dunkyrke
Dunman	Dunman
Dunok	Dunok
Dunrich	Dunrich, Dunriche, Dunryche
Dunstan	Dunstan, Dunston, Dunstone
Dunstano	Dunstano
Dunstapl	Dunstapl, Dunstaple
Dunsted	Dunsted
Dunsthorp	Dunsthorp, Dunsthorpe
Dunstonio	Dunstonio
Dunstono	Dunstono
Dunton	Dunton
Dunwich	Dunwich, Dunwiche, Dunwych, Dunwyche
Duodeci	Duodeci
Duodecimo	Duodecimo
Duodo	Duodo
Dupansel	Dupansel, Dupanselle
Dupart	Dupart, Duparte
Duperi	Duperi, Dupery
Duperier	Duperier
Duplei	Duplei, Dupley
Dupon	Dupon, Dupone
Dupraie	Dupraie, Dupraye
Duprim	Duprim, Dupryme
Durac	Durac, Durace
Duram	Duram, Durram
Durand	Durand, Durande
Duranda	Duranda
Durandal	Durandal, Durandall
Durando	Durando
Duranko	Duranko
Duransa	Duransa
Durant	Durant, Durrant
Duras	Duras, Durase
Durasin	Durasin, Durasyn
Duraso	Duraso
Durauns	Durauns
Duraunt	Duraunt
Duraz	Duraz, Duraze
Durburth	Durburth
Durdonio	Durdonio
Durdragh	Durdragh
Durdraght	Durdraght
Durdragth	Durdragth
Durdraight	Durdraight, Durdreight, Durdreyght
Durdraugh	Durdraugh
Durdraught	Durdraught
Durdreght	Durdreght
Durdret	Durdret
Durdright	Durdright, Durdryght
Durea	Durea
Durefort	Durefort
Duren	Duren
Durens	Durens
Durges	Durges
Durham	Durham
During	During, Duryng
Duris	Duris, Durris
Durisa	Durisa, Durissa
Durlat	Durlat
Durmer	Durmer
Durn	Durn, Durne
Durnas	Durnas, Durnase
Dusbrigh	Dusbrigh
Dusbright	Dusbright
Dusbrik	Dusbrik, Dusbryk, Dushebrek, Dushebrik, Dushebryk
Dusbrith	Dusbrith, Dusbryth
Dusbrough	Dusbrough
Dusbrugh	Dusbrugh, Dushebrugh, Dushebrughe
Dusbruk	Dusbruk
Duschar	Duschar
Duscheborn	Duscheborn, Dusheburn, Dusheburne
Dusen	Dusen
Dushano	Dushano
Dusheborough	Dusheborough
Dushebrig	Dushebrig, Dushebrige
Dusher	Dusher, Dussher
Dust	Dust, Duste
Dut	Dut
Dutartur	Dutartur
Dutlof	Dutlof, Dutloffe
Duton	Duton, Dutton
Dutot	Dutot, Dutotte
Duts	Duts, Dutse
Duval	Duval, Duvale, Duvall
Duvinham	Duvinham
Duxfeld	Duxfeld
Duzand	Duzand
Dwal	Dwal, Dwale
Dward	Dward
Dwart	Dwart, Dwarte
Dwenas	Dwenas
Dweneas	Dweneas
Dwin	Dwin, Dwyn
Dwk	Dwk, Dwke
Dwneson	Dwneson
Dwor	Dwor, Dwore
E159	E159
Eardiswick	Eardiswick, Eardiswicke
Earith	Earith, Earythe, Writh, Wryth
Earn	Earn, Earne, Ern, Erne, Roun, Roune
Earth	Earth, Eirth, Eyrth, Eyrthe
Eas	Eas, Eaws, Ies, Is, Ise, Jesse, Yse
Eason	Eason
East	East
Easterling	Easterling, Easturling
Eastgat	Eastgat
Easton	Easton
Eastrich	Eastrich, Eastriche
Eaton	Eaton, Eeton, Eiton, Eten, Eton, Etone, Etton, Etun, Eyton
Eaues	Eaues, Eaus, Owes
Eauo	Eauo
Ebart	Ebart
Ebert	Ebert, Ebertt
Eboracensibus	Eboracensibus
Eborardo	Eborardo
Eborum	Eborum
Ebout	Ebout, Eboute
Ebral	Ebral, Ebralle
Ebrand	Ebrand
Ebrilia	Ebrilia, Ebrylya
Eburlei	Eburlei, Eburley
Eburton	Eburton
Ecbord	Ecbord
Ecclesia	Ecclesia, Eclesia
Ecclestone	Ecclestone, Ecleston
Echo	Echo
Eck	Eck, Ecke, Ek, Eke
Eckmark	Eckmark, Eckmarke, Ecmark, Ecmarke
Ecksted	Ecksted, Eksted, Ekstede, Exsted
Eclos	Eclos
Eco	Eco
Ecod	Ecod
Ecof	Ecof, Ecoff
Ecot	Ecot
Ectebek	Ectebek
Ectoner	Ectoner
Ector	Ector, Ectore
Ectoris	Ectoris
Ectour	Ectour
Ecusem	Ecusem
Ed	Ed, Ede
Edam	Edam
Edavis	Edavis
Eddmundo	Eddmundo, Edmundo
Edelkent	Edelkent
Eden	Eden, Idan, Idon
Ederich	Ederich, Ederiche, Ederych, Ederyche, Edrich, Edriche, Edrych, Edryche
Edewar	Edewar
Edg	Edg, Edge
Edgar	Edgar, Edgare, Edgarr, Edgarre
Edgard	Edgard, Edgarde
Edgardes	Edgardes
Edgardo	Edgardo
Edgardton	Edgardton
Edgaro	Edgaro, Edgarro
Edgart	Edgart, Edgartt
Edgecom	Edgecom, Edgecome
Edgert	Edgert, Edgertt
Edgor	Edgor, Edgore, Edgour
Edi	Edi, Edy
Edighman	Edighman
Edilkent	Edilkent, Edilkente, Edylkent
Edilkind	Edilkind, Edilkynd, Edilkynde, Edylkynd
Edilkint	Edilkint, Edilkynt, Edylkynt
Edilson	Edilson
Edin	Edin, Edyn
Edinburgh	Edinburgh
Edington	Edington, Edyngton
Edis	Edis, Edys
Edlin	Edlin, Edlyn, Edlyne
Edm	Edm
Edmond	Edmond, Edmonde, Edmund, Edmunde
Edmondes	Edmondes
Edmondeson	Edmondeson, Edmondesson
Edmondi	Edmondi
Edmondis	Edmondis
Edmondo	Edmondo
Edmondson	Edmondson
Edmonston	Edmonston
Edmound	Edmound, Edmounde
Edmoundo	Edmoundo
Edmu	Edmu
Edmun	Edmun
Edmundes	Edmundes
Edmundi	Edmundi
Edmundus	Edmundus
Edolf	Edolf, Edolfe
Edon	Edon, Edone
Edrom	Edrom, Edrome
Edrop	Edrop, Edropp
Edsaw	Edsaw, Edsawe
Edwa	Edwa
Edward	Edward, Edwarde
Edwardes	Edwardes
Edwardi	Edwardi, Edwardy
Edwardis	Edwardis, Edwardus, Edwardys
Edwardo	Edwardo
Edwardson	Edwardson
Eendov	Eendov, Eendove, Endov, Endove
Eewdi	Eewdi, Eewdy, Ewdie, Ewdye
Efalim	Efalim, Effalyme
Efamat	Efamat, Effamate
Eferus	Eferus, Efferus
Efflame	Efflame, Eflam
Effleer	Effleer, Efleer
Efflender	Efflender, Eflender
Effler	Effler, Efler, Iffler, Ifflor, Ifler, Iflor, Yffler
Efflier	Efflier, Eflier
Effois	Effois, Effoys, Effoyse, Efois
Efforret	Efforret, Eforet
Effoyes	Effoyes, Efoies
Efframices	Efframices, Eframices
Effron	Effron, Efron, Efrone
Effryn	Effryn, Efrin
Eg	Eg, Ege, Egge
Egar	Egar, Egare, Egarre, Eggar, Egr, Egre
Egard	Egard, Egarde, Eggard
Egardes	Egardes, Egerdes, Eggardes, Eggerdes
Egardeson	Egardeson, Eggardesson
Egardo	Egardo, Eggardo
Egars	Egars, Egers, Eggars, Eggers
Egart	Egart, Eggart
Egbardson	Egbardson
Egbartson	Egbartson
Egberd	Egberd, Egburd, Egburde
Egberson	Egberson
Egbert	Egbert
Egberto	Egberto
Egbertson	Egbertson
Egbrith	Egbrith, Egbryth
Egcomb	Egcomb, Egcombe
Egebard	Egebard, Egebarde
Egebardo	Egebardo, Eggebardo
Egebart	Egebart
Egeberson	Egeberson, Eggeberson
Egeberto	Egeberto
Egebolit	Egebolit, Egebolyt
Egedii	Egedii
Egedio	Egedio
Egelant	Egelant
Egeles	Egeles, Egelles
Egelin	Egelin, Egelyn, Eggelyn
Egelis	Egelis, Egelys
Egemond	Egemond, Eggemond
Eger	Eger, Egger
Egeron	Egeron
Egert	Egert, Egertt
Egerton	Egerton, Egertone, Eggerton
Egeson	Egeson, Eggesson
Egewar	Egewar, Eggeware
Egglesfeld	Egglesfeld, Eglesfeld
Eghen	Eghen
Egia	Egia, Egya
Egid	Egid
Egideo	Egideo
Egidii	Egidii
Egidio	Egidio
Egidius	Egidius
Egil	Egil
Egilston	Egilston
Egin	Egin, Egyne
Egl	Egl, Egle
Egland	Egland
Eglemour	Eglemour, Eglemoure
Egles	Egles
Eglington	Eglington, Eglyngton
Eglinton	Eglinton, Eglynton
Eglis	Eglis, Eglys
Egliston	Egliston
Egman	Egman
Egmond	Egmond
Eidden	Eidden, Eiden, Iden
Eie	Eie, Eye
Eieth	Eieth, Eyethe
Eiffler	Eiffler, Eifler
Eifflier	Eifflier, Eiflier
Eik	Eik, Eyke
Eikin	Eikin, Eykyn
Eiland	Eiland, Eyland
Eilandi	Eilandi, Eylandi
Eileot	Eileot, Eyleott
Eiling	Eiling, Eylyng
Eilond	Eilond, Eylond
Eineiser	Eineiser, Eyneyser
Eines	Eines, Eins, Eynes, Eynnes, Eynns
Eir	Eir, Eire, Eyr, Eyre
Eireth	Eireth, Eyreth
Eirik	Eirik, Eyrik, Eyryk
Eiris	Eiris, Eyris
Eisee	Eisee, Eysee
Eison	Eison, Eysson
Eistredg	Eistredg, Eystredge
Eith	Eith, Eythe
Eivains	Eivains, Eyvayns
Ekenei	Ekenei, Ekeney
Ekeni	Ekeni, Ekeny
Ekes	Ekes, Ekkes
Ekhof	Ekhof, Ekhoff
Ekholt	Ekholt, Ekholte
Ekhorn	Ekhorn
Ekim	Ekim, Ekyme
Ekinbrok	Ekinbrok, Ekynbrok, Ekynbroke
Ekinei	Ekinei, Ekyney
Ekingbrok	Ekingbrok, Ekyngbrok
Eklei	Eklei, Ekleie, Ekley, Ekleye
Ekuven	Ekuven
El	El, Ele, Elle
Elam	Elam, Elham, Ellam
Eland	Eland, Elande
Elar	Elar
Elardo	Elardo
Elars	Elars, Elarse, Ellars, Ellarse
Elbardson	Elbardson, Elbardsson
Elbot	Elbot, Elbott
Elbotes	Elbotes, Elbottes
Elburt	Elburt, Elburte
Elcock	Elcock
Elder	Elder
Elderbek	Elderbek
Elderik	Elderik
Eldernes	Eldernes
Elders	Elders
Elderthorp	Elderthorp, Elderthorpe
Elderton	Elderton
Elecher	Elecher
Elein	Elein, Ellein
Eleison	Eleison, Eleyson
Elen	Elen, Elene, Ellen, Ellene
Elena	Elena
Eleneson	Eleneson, Elenesson
Elenson	Elenson
Eleot	Eleot
Eler	Eler
Elerol	Elerol, Eleroll
Elers	Elers, Ellers
Elerton	Elerton, Ellerton
Elertson	Elertson
Eles	Eles, Elles
Elesabitha	Elesabitha, Ellesabitha
Elesia	Elesia
Elesmor	Elesmor
Elest	Elest, Eleste
Eleverik	Eleverik, Elleverik
Elewis	Elewis, Elewys, Elis, Ellis, Ellys, Elys, Elyse, Elysse
Elezabeth	Elezabeth
Elf	Elf, Elff
Elford	Elford, Elforde
Elft	Elft
Elgor	Elgor
Eli	Eli, Ely
Elia	Elia, Elya
Elianora	Elianora
Eliard	Eliard, Elyarde
Eliardo	Eliardo, Elyardo
Elias	Elias, Elyas
Eliat	Eliat, Eliate, Eliatt, Elliatt, Elyate, Elyatt
Elic	Elic, Elice, Elyce
Elicio	Elicio, Ellicio
Elie	Elie, Eligh, Elighe, Elye
Elies	Elies, Elyes
Elieson	Elieson, Elyesson
Eliet	Eliet, Eliot, Eliote, Eliott, Eliotte, Elliet, Elliot, Elliott, Ellyot, Ellyott, Elyot, Elyote, Elyott, Elyotte
Eligar	Eligar
Eliisio	Eliisio, Elliissio
Elik	Elik, Elyk
Elin	Elin, Ellin, Elline, Ellyn, Elyn, Elyne
Eling	Eling, Elyng, Elynge
Elington	Elington, Elyngton
Elinor	Elinor, Elynor
Elio	Elio
Elionora	Elionora
Elisabel	Elisabel
Elisabet	Elisabet
Elisabeth	Elisabeth, Elisabethe, Ellisabeth, Elysabeth, Elysabethe
Elisabetha	Elisabetha, Ellisabetha
Elisdik	Elisdik, Elysdyk
Elisei	Elisei, Elysei
Eliseo	Eliseo, Elisio, Elissio, Ellissio, Elysio
Elisie	Elisie, Elisii
Elisobeth	Elisobeth, Elysobeth
Elisobetha	Elisobetha
Elison	Elison, Elisson, Ellison, Elysson
Eliwot	Eliwot, Elywot
Elizabet	Elizabet
Elizabeth	Elizabeth, Elizabethe, Ellyzabethe, Elyzabeth
Elizabetha	Elizabetha, Ellizabetha, Elyzabetha
Elizabetho	Elizabetho
Elizio	Elizio
Elizo	Elizo
Elk	Elk, Elke
Elkein	Elkein, Elkeyn
Elkin	Elkin, Elkyn, Elkyne
Elkins	Elkins, Elkyns
Elklei	Elklei, Elkley
Ellsmere	Ellsmere, Elsmer
Ellussio	Ellussio, Elusio
Elm	Elm
Elmer	Elmer
Elmerson	Elmerson, Elmersson
Elmes	Elmes
Elmeston	Elmeston, Elmestone
Elmiston	Elmiston, Elmystone
Elmond	Elmond
Elois	Elois, Eloys
Elrington	Elrington, Elryngton
Elsabeth	Elsabeth
Elsei	Elsei, Elsey
Elsik	Elsik, Elsike, Elsikk, Elsyk, Elsyke
Elsilk	Elsilk, Elsilke
Elsing	Elsing, Elsyng
Elsobert	Elsobert
Elson	Elson
Elst	Elst, Elste
Elten	Elten, Elton
Eltherthorp	Eltherthorp, Eltherthorpe
Eltington	Eltington, Eltyngton
Elun	Elun, Elune
Elvan	Elvan
Elvar	Elvar
Elven	Elven
Elvin	Elvin, Elvyn
Elvis	Elvis, Elvys
Elwar	Elwar
Elwik	Elwik, Elwyke
Elwin	Elwin, Elwyn
Elwis	Elwis, Elwys
Elwod	Elwod
Elwold	Elwold
Elwot	Elwot, Elwote
Em	Em, Eme, Emme, Oem
Ema	Ema, Emma, Emmot, Emot
Eman	Eman, Emane, Isman
Emanuel	Emanuel, Emanuell, Emanuelle
Emanuello	Emanuello, Emanuelo
Emasabel	Emasabel, Emasabelle
Embeto	Embeto, Imbeto, Ymbeto
Embregal	Embregal, Embregale
Embres	Embres
Embrick	Embrick, Embricke
Embrickes	Embrickes
Embright	Embright
Embringhal	Embringhal, Embrynghale
Embris	Embris
Embrok	Embrok, Embroke
Embros	Embros, Embrose
Emego	Emego
Emelei	Emelei, Emeley
Emelet	Emelet, Emelette
Emeli	Emeli, Emely
Emelin	Emelin, Emelyn
Emer	Emer, Emere
Emerbergh	Emerbergh
Emerel	Emerel, Emerell
Emeri	Emeri, Emery
Emerik	Emerik, Emeryk, Emeryke
Emerling	Emerling, Emerlyng
Emernew	Emernew, Emernewe
Emersham	Emersham
Emerson	Emerson
Emerton	Emerton
Emes	Emes
Emilrik	Emilrik, Emylryke
Emingo	Emingo, Emyngo
Emiprol	Emiprol, Emiprole
Emkin	Emkin, Emkyn
Emlei	Emlei, Emley
Emling	Emling, Emlyng
Emo	Emo
Emon	Emon, Emone
Emond	Emond
Emondeson	Emondeson, Emondesson
Emondi	Emondi
Emonson	Emonson
Emp	Emp, Empe
Emperour	Emperour
Empil	Empil, Empille, Empl, Emple
Empk	Empk, Empke
Empouch	Empouch
Emprowr	Emprowr, Emprowre
Empt	Empt, Empte
Emrick	Emrick
Emsel	Emsel, Emselle
Emson	Emson
Emtheo	Emtheo
En	En
Enawd	Enawd
Enawdi	Enawdi
Enawdo	Enawdo
Enbrightson	Enbrightson, Enbryghtson
Encheta	Encheta
End	End, Ende
Endelei	Endelei, Endeley
Enderbi	Enderbi, Enderby
Enderica	Enderica
Endraka	Endraka
Eneg	Eneg, Enege
Enego	Enego, Ennego
Enegonis	Enegonis
Enegosa	Enegosa
Enekes	Enekes
Enemer	Enemer
Eneo	Eneo
Enerl	Enerl, Enerle
Enfeld	Enfeld, Enffeld
Engelbert	Engelbert
Engelbregth	Engelbregth
Engelbrigh	Engelbrigh
Engelbright	Engelbright
Engelbrigth	Engelbrigth
Engelkin	Engelkin, Engelkyn
Enghebright	Enghebright, Enghebryght
Engil	Engil, Engill, Engille, Engyle, Engyll, Engylle
Engilbright	Engilbright, Engylbright
Enginas	Enginas, Engynas
Engl	Engl, Engle, Ingal, Ingall, Ingel, Ingell, Ingil, Ingill, Ingl, Ingle, Ingul, Ingull, Ingyll, Ingylle, Yngalle, Yngell, Ynggalle, Yngill, Yngille, Yngle
England	England
Engleberd	Engleberd
Englei	Englei, Engley
Engleis	Engleis, Engleys
Englesh	Englesh, Engleshe
Englis	Englis, Englisch, English, Englishe, Englissh, Englisshe, Englys, Englysch, Englysh, Englyshe, Englyssh, Englysshe, Inglesh, Inglis, Ynglyse
Englisheman	Englisheman, Englysheman
Englishman	Englishman, Englisshman
Englizia	Englizia
Englond	Englond, Inglond
Enigo	Enigo, Enygo
Enkil	Enkil, Enkylle
Enns	Enns, Ens
Eno	Eno
Ensed	Ensed
Ensmes	Ensmes
Entered	Entered
Enterson	Enterson
Enteson	Enteson, Entesson, Entison, Entysson
Entri	Entri, Entry
Entries	Entries
Entweshul	Entweshul, Entweshull
Entwit	Entwit
Eo	Eo
Eodem	Eodem
Eon	Eon, Eone, Ian, Iun, Jan, Jane, June, Yane
Eoon	Eoon, Eoone
Epensketh	Epensketh, Epinscketh, Epinsketh, Eppensketh, Eppynsketh, Epynscketh, Epynsketh
Epinesketh	Epinesketh, Epynesketh
Eping	Eping, Epping, Eppinge, Eppyng, Eppynge
Epinket	Epinket, Eppynket
Epins	Epins, Epyns
Epinsceht	Epinsceht, Eppinsceht
Epinsceth	Epinsceth, Epynsceth
Epinskech	Epinskech, Epynskech
Epinskith	Epinskith, Epinskyth
Equendo	Equendo
Er	Er, Ere, Wr
Erard	Erard
Erasimo	Erasimo
Erasimus	Erasimus, Erasymus
Erasmi	Erasmi
Erasmo	Erasmo
Erasmus	Erasmus
Erazmo	Erazmo
Erbarbon	Erbarbon
Erbond	Erbond
Erbotson	Erbotson
Erchebaldo	Erchebaldo
Ercoles	Ercoles
Erdeswick	Erdeswick, Erdeswicke
Ereberik	Ereberik
Eren	Eren, Ren, Rene, Renne, Uren, Wren, Wrene
Erenson	Erenson
Erets	Erets, Erettse
Eretsa	Eretsa, Erettsa
Eretsi	Eretsi, Erettsy
Eretso	Eretso
Eretson	Eretson, Erettson
Eretzo	Eretzo
Erew	Erew
Ergaiston	Ergaiston
Ergaston	Ergaston
Ergeston	Ergeston
Eri	Eri, Ery
Erich	Erich, Erik, Eryk
Erilo	Erilo
Erimbergh	Erimbergh, Erymbergh
Erist	Erist
Eritag	Eritag, Erytage
Erith	Erith, Erithe, Eryth, Erythe
Eritso	Eritso, Erytso
Erizo	Erizo, Eryzo
Erkenwald	Erkenwald
Erl	Erl, Erle, Irl, Yrle
Erlas	Erlas
Erlen	Erlen
Erlkirk	Erlkirk, Erlkirke
Erlow	Erlow
Ermain	Ermain
Erman	Erman, Roumen
Ermit	Ermit, Ermyt
Ermith	Ermith, Ermyth
Ermoth	Ermoth, Ermothe, Ermouth
Ermuth	Ermuth
Ernebergh	Ernebergh
Ernemeuth	Ernemeuth
Ernemoth	Ernemoth, Ernemouth, Ernemouthe
Ernesetel	Ernesetel, Ernesetelle
Ernest	Ernest
Ernson	Ernson
Erop	Erop, Eroppe, Rop, Rope
Erot	Erot, Errott
Erotsa	Erotsa
Erpingsketh	Erpingsketh, Erpyngsketh
Erteman	Erteman, Ertman
Ertemer	Ertemer
Ertmer	Ertmer
Eru	Eru
Erv	Erv
Erwiliam	Erwiliam, Erwilliam, Irwiliam, Irwilliam, Irwillyam, Irwylliam
Es	Es, Esse
Esbresch	Esbresch, Esbresche, Esbresh, Esbreshe
Escam	Escam, Escame
Escarsewga	Escarsewga
Eschevins	Eschevins
Escot	Escot, Eskot, Eskote, Eskott, Eskotte
Esebek	Esebek
Esen	Esen
Eser	Eser
Esex	Esex, Essex, Essexe
Esexie	Esexie, Essexie
Eshal	Eshal, Eshall
Esik	Esik, Esikk, Esyk
Esilton	Esilton, Esylton
Esington	Esington, Essington, Essyngton, Esyngton
Eskin	Eskin, Eskyn
Esmond	Esmond
Eson	Eson, Esson
Espain	Espain, Espayne
Espin	Espin, Esspyne
Est	Est, Este
Estas	Estas
Estaw	Estaw
Estefeld	Estefeld
Estegat	Estegat, Estegate
Esteler	Esteler
Estend	Estend, Estende
Estereg	Estereg, Esterege, Estrig, Estrige
Esteresaga	Esteresaga
Esterling	Esterling, Esterlyng
Estern	Estern
Esterso	Esterso
Estevenes	Estevenes
Estevila	Estevila, Estevilla
Estfeld	Estfeld, Estfelde, Estffeld
Estgarston	Estgarston
Estgaston	Estgaston, Estgastone
Estgat	Estgat, Estgate, Estgatt
Estham	Estham
Estibaris	Estibaris, Estibarrys
Estich	Estich, Estiche
Estinguis	Estinguis, Estynguys
Estirfild	Estirfild
Estivins	Estivins, Estyvyns
Estmast	Estmast
Estmer	Estmer, Estmere
Esto	Esto
Estoft	Estoft, Esttoft
Eston	Eston, Estone
Estor	Estor
Estost	Estost, Estoste
Estot	Estot, Estote
Estov	Estov
Estovelo	Estovelo
Estovila	Estovila, Estovilla
Estovillo	Estovillo, Estovilo
Estredg	Estredg, Estredge
Estredie	Estredie, Estredye
Estreg	Estreg, Estrege
Estreie	Estreie, Estreye
Estreis	Estreis, Estreys
Estrich	Estrich, Estriche
Estridg	Estridg, Estridge
Estrop	Estrop, Estroppe
Estwik	Estwik, Estwyk, Estwyke
Estwod	Estwod, Estwode
Estwood	Estwood
Esuar	Esuar, Esuare
Eswster	Eswster
Et	Et, Ewet
Eter	Eter, Etter, Itur
Etes	Etes, Ettes
Ethecal	Ethecal, Ethecall
Ethingham	Ethingham, Ethyngham
Ethington	Ethington, Ethyngton
Etian	Etian
Etington	Etington, Etyngton
Etinton	Etinton, Etynton
Etmar	Etmar
Eto	Eto
Etursaria	Etursaria
Eturserea	Eturserea
Etwel	Etwel, Etwelle
Eudes	Eudes, Ewdes
Eupol	Eupol, Eupole
Eustac	Eustac, Eustace
Eustachio	Eustachio
Eustacio	Eustacio
Eustas	Eustas, Ewstas
Ev	Ev, Eve
Eval	Eval, Evall
Evan	Evan, Evane, Evon, Evone
Evand	Evand, Evande
Evang	Evang
Evangela	Evangela
Evangelesta	Evangelesta
Evangelgrand	Evangelgrand
Evangelist	Evangelist, Evangeliste, Evangelyst
Evangelista	Evangelista, Evangelysta
Evangelisto	Evangelisto, Evangelysto
Evangest	Evangest
Evanglist	Evanglist, Evangliste
Evani	Evani
Evanis	Evanis
Evano	Evano
Evans	Evans
Evanson	Evanson
Evar	Evar
Evard	Evard
Evarson	Evarson
Evart	Evart
Evarth	Evarth, Evarthe
Evarto	Evarto
Evas	Evas
Evaungelist	Evaungelist
Evaungelista	Evaungelista
Evel	Evel, Evell
Even	Even
Evening	Evening, Evenyng
Evenot	Evenot
Evens	Evens
Evenson	Evenson
Ever	Ever, Evour
Evera	Evera
Everad	Everad, Everade, Everrade
Everado	Everado
Everard	Everard, Everarde, Evererd, Everrard
Everardeson	Everardeson, Everardesson
Everardi	Everardi
Everardo	Everardo
Everardson	Everardson, Everardsone, Everardsson
Everardsoun	Everardsoun
Everat	Everat
Everbold	Everbold
Everd	Everd, Everde, Evered
Everdai	Everdai, Everday
Everdaison	Everdaison, Everdaisson, Everdaysson
Everdeson	Everdeson, Everdesson
Everdik	Everdik, Everdyk
Everdon	Everdon, Everdone
Everdson	Everdson
Everel	Everel, Everell
Evererdo	Evererdo
Everert	Everert, Evererte
Everet	Everet, Everete
Evergon	Evergon
Everidai	Everidai, Everyday
Everidaieson	Everidaieson, Everydayessone
Everidaison	Everidaison, Everydaysson
Everlei	Everlei, Everley
Everson	Everson
Everston	Everston
Eversward	Eversward, Everswerd
Evert	Evert, Everte
Everton	Everton
Evertson	Evertson, Everttson
Everwin	Everwin, Everwyn
Evesham	Evesham
Evias	Evias, Evyas
Evido	Evido
Evin	Evin, Evyn
Eving	Eving, Evyng
Evingar	Evingar, Evyngar
Evingehousen	Evingehousen, Evyngehousen
Evinger	Evinger
Evingham	Evingham
Evinghous	Evinghous, Evinghouse
Evinghousen	Evinghousen, Evynghousen
Evington	Evington
Evirdon	Evirdon, Evyrdon
Evo	Evo
Evobrun	Evobrun
Evod	Evod
Evold	Evold, Evolde
Evonet	Evonet, Evonett
Evonis	Evonis
Evonson	Evonson
Evortson	Evortson
Evot	Evot, Evott
Evsias	Evsias
Evut	Evut, Evutt
Ew	Ew, Ewe, Iew, Oew, Yew, Yewe
Ewadson	Ewadson
Ewain	Ewain, Ewayn
Ewains	Ewains, Ewayns
Ewaldson	Ewaldson
Ewali	Ewali, Ewaly
Ewan	Ewan, Ewane, Ewen
Ewanis	Ewanis
Eward	Eward
Ewardi	Ewardi
Ewart	Ewart, Ewert
Ewd	Ewd, Ewde, Ood, Oode
Ewdo	Ewdo
Ewdon	Ewdon
Ewein	Ewein, Eweyn, Ihon, Jhon
Eweins	Eweins, Eweyns, Naes
Eweli	Eweli, Ewelly
Ewens	Ewens
Ewerart	Ewerart
Ewerd	Ewerd
Ewin	Ewin, Ewyn
Ewingar	Ewingar
Ewis	Ewis, Ewys
Ewnes	Ewnes
Ewod	Ewod, Ewodd, Ewode
Ewold	Ewold, Ewolde
Ewoles	Ewoles, Ewolles
Ewolt	Ewolt
Ewood	Ewood, Ewoode
Ewot	Ewot, Ewote
Ewotson	Ewotson
Ewould	Ewould
Ewrion	Ewrion, Ewryon
Ewstac	Ewstac, Ewstace
Ewster	Ewster
Ewstes	Ewstes
Exceter	Exceter
Exetur	Exetur
Exning	Exning, Exnyng
Exonie	Exonie
Ezizo	Ezizo
Faas	Faas
Faba	Faba
Fabean	Fabean
Fabian	Fabian, Fabyan
Fabiano	Fabiano, Fabyano
Fabin	Fabin, Fabyne
Fabion	Fabion, Fabyon
Fac	Fac, Face
Faca	Faca
Facet	Facet, Facett
Facio	Facio
Factor	Factor, Factore
Factour	Factour
Facundis	Facundis
Fades	Fades
Fafel	Fafel, Faffell
Faga	Faga
Fages	Fages, Fagges
Faget	Faget, Fagett
Fagiet	Fagiet
Fagudo	Fagudo
Fai	Fai, Fay
Faiana	Faiana, Fayana
Faie	Faie, Faye
Failer	Failer, Faler, Faller, Fayler
Failia	Failia, Faylia, Fayllya, Faylya
Failing	Failing
Faint	Faint, Faynt
Fair	Fair, Faire, Fayr
Fairedai	Fairedai, Fayreday
Fairefeld	Fairefeld, Fayrefeld
Fairei	Fairei, Fayrey
Fairested	Fairested, Fayrestede
Fairhod	Fairhod, Fairhode
Fairi	Fairi, Fairie, Fayrie, Fayry, Fayrye, Feri, Ferry
Fairman	Fairman, Fayrman
Fairsted	Fairsted, Fayrsted
Fait	Fait, Faite, Fayt, Feight
Faitegrev	Faitegrev, Faytegreve
Faith	Faith, Faythe
Fakenet	Fakenet
Fakin	Fakin, Fakyn
Fakrel	Fakrel, Fakrelle
Fal	Fal, Fale
Falafeild	Falafeild, Fallafeilde
Falais	Falais, Fallays
Falan	Falan, Fallan, Folun, Folune
Faland	Faland, Falland
Falar	Falar, Fallar
Falcard	Falcard
Falco	Falco
Faldafer	Faldafer, Faldaffer
Falding	Falding
Falefild	Falefild
Faleron	Faleron, Falleron
Faleroni	Faleroni, Falerony
Faleroun	Faleroun, Falleroun
Falham	Falham
Fali	Fali, Falie, Faly
Falia	Falia, Fallia, Falya
Falier	Falier, Fallier
Falinis	Falinis, Falynys
Falio	Falio
Falis	Falis, Fallys
Falk	Falk, Falke, Faulk, Faulke
Falkar	Falkar
Falken	Falken, Faucon, Fawcon, Fawkon
Falker	Falker
Falkes	Falkes, Fawkes, Fawx
Falkin	Falkin, Falkyn
Fallofan	Fallofan, Falofan
Fallofeld	Fallofeld, Falofeld, Faloffelld
Fallofield	Fallofield, Falofield
Fallofild	Fallofild, Fallofyld, Faloffylld, Falofild, Falofyld
Fallon	Fallon, Falon
Fallow	Fallow, Falow
Fallowefeld	Fallowefeld, Falowefeld
Fallowfeld	Fallowfeld, Fallowfelde, Falowfeld
Fallowfild	Fallowfild, Falowfild
Fallx	Fallx, Falx
Falmer	Falmer
Falmouth	Falmouth
Falston	Falston, Falstone
Faltes	Faltes
Fama	Fama
Famagost	Famagost, Famagoste
Famark	Famark
Famels	Famels
Fameson	Fameson, Famesson
Famiano	Famiano
Famulam	Famulam
Fan	Fan, Fane
Fana	Fana
Fanando	Fanando
Fanderlei	Fanderlei, Fanderley
Fandofel	Fandofel, Fandofell
Faner	Faner
Fanian	Fanian
Faniana	Faniana, Fanyana
Faniano	Faniano
Fanie	Fanie, Fannye
Fanimaven	Fanimaven, Fanymaven
Fanina	Fanina, Fanyna
Faning	Faning, Fannyng, Fanyng
Fanion	Fanion
Fank	Fank
Fano	Fano
Fanseid	Fanseid, Fanseyd
Fant	Fant, Fante
Fantin	Fantin, Fantyn
Fantino	Fantino, Fantyno
Faques	Faques, Fox, Foxe
Far	Far, Fare, Phar, Phare
Farago	Farago
Faragon	Faragon
Faranger	Faranger
Faraon	Faraon
Farar	Farar, Farrar
Faras	Faras
Farbot	Farbot, Farbote
Farbras	Farbras, Farbrasse
Fard	Fard
Farei	Farei, Farey
Farelei	Farelei, Fareley
Farent	Farent, Farente, Ferant, Ferante
Farentin	Farentin, Farentyn, Farentyne
Farentines	Farentines, Farentynes
Fares	Fares, Feres, Ferres
Fargas	Fargas
Fari	Fari, Farie, Fary, Farye
Faringdon	Faringdon, Faryngdon
Farlei	Farlei, Farley
Farlow	Farlow, Farlowe
Farman	Farman, Farmin
Farmelei	Farmelei, Farmeley
Farmer	Farmer, Pharmer
Farmond	Farmond
Farnam	Farnam
Farnand	Farnand, Farnande
Farnandes	Farnandes
Farnandi	Farnandi
Farnando	Farnando
Farnandus	Farnandus
Farnel	Farnel, Farnell
Farowel	Farowel, Farowell
Farwel	Farwel, Farwell
Farwod	Farwod
Fas	Fas, Fase, Fasse
Fasei	Fasei, Fasey
Faseron	Faseron, Fasseron
Fasmer	Fasmer
Fasner	Fasner, Fassner
Fasol	Fasol, Fasole
Fast	Fast, Faste
Fastelaven	Fastelaven, Fastelavene
Fastelawin	Fastelawin, Fastelawyn
Fasterson	Fasterson, Fastersson
Fastolf	Fastolf
Fastrideson	Fastrideson, Fastrydesson
Fat	Fat, Fatt
Faton	Faton
Fatr	Fatr, Fatre
Faucomberg	Faucomberg, Faucomberge
Faucomborough	Faucomborough
Faucombrig	Faucombrig, Faucombrige
Fauconer	Fauconer, Faukoner, Fawconer, Fawkoner
Faukener	Faukener
Fauker	Fauker, Foker, Folker
Faukes	Faukes, Fokes, Folkes
Faun	Faun, Faune, Fawn, Fawne
Faunelei	Faunelei, Fauneley
Faunt	Faunt, Faunte, Fawnt
Fauntrabi	Fauntrabi
Faut	Faut, Faute, Fawt, Fawte
Fautles	Fautles, Fawtles
Fauton	Fauton
Fav	Fav, Fave
Fava	Fava
Favean	Favean
Faver	Faver, Favor, Favour
Faveresham	Faveresham
Faversham	Faversham
Favian	Favian, Favyan
Favie	Favie, Favye
Favo	Favo
Faw	Faw
Fawel	Fawel, Fawelle, Fowel, Fowele, Fowell, Fowelle
Fawes	Fawes
Fawkenam	Fawkenam
Fawkener	Fawkener
Fawkin	Fawkin, Fawkyn
Fawkner	Fawkner, Fawknor
Fawl	Fawl, Fawle, Fawlle
Fawlkener	Fawlkener
Fawning	Fawning, Fawnynge
Fawns	Fawns, Fawnse
Fawr	Fawr, Fawre, For, Fore
Fawtes	Fawtes
Fawtis	Fawtis, Fawtys
Fe	Fe
Feb	Feb
Febbruarii	Febbruarii, Februarii
Feberton	Feberton
Febrewari	Febrewari, Febrewary, Febrwari, Febrwary
Febriges	Febriges, Febrigges
Februar	Februar
Februari	Februari, February
Feburarii	Feburarii
Fechet	Fechet, Fechette
Feckham	Feckham
Fecon	Fecon
Fed	Fed, Fede
Fedel	Fedel, Fedell
Fedeler	Fedeler
Federego	Federego, Fedrego
Federici	Federici
Federick	Federick, Federicke, Federik, Fedrick
Federido	Federido, Federydo
Federig	Federig, Federige
Federigo	Federigo, Federrigo, Federygo, Fedrigo, Fedrygo
Federston	Federston, Fedirston, Fedyrston
Fedor	Fedor
Fedrickson	Fedrickson, Fedrikson
Fedrix	Fedrix
Fee	Fee, Feie
Feet	Feet, Fit, Fyt, Fyte
Fefars	Fefars
Fefers	Fefers
Feguro	Feguro
Feherbard	Feherbard
Fei	Fei, Fey
Feiern	Feiern, Feyerne
Feies	Feies, Feyes, Fies, Fyes
Feighter	Feighter, Feyghter
Feild	Feild, Feilde, Feylde, Fild, Filde, Fylde
Feildman	Feildman
Fein	Fein, Feyn
Feirefeld	Feirefeld, Feyrefeld
Feis	Feis, Feyse
Feisant	Feisant, Feysant
Feison	Feison, Feyson
Feiterson	Feiterson, Feytersson
Fek	Fek, Feke, Fick, Ficke, Fik, Fikke, Fycke, Fyk, Fyke
Fekenham	Fekenham
Feker	Feker
Fekham	Fekham
Fel	Fel, Fell
Felaw	Felaw, Felawe
Feld	Feld, Felde, Felld
Feldeman	Feldeman, Feldman
Felder	Felder
Feldewik	Feldewik, Feldewyke
Felding	Felding, Feldyng, Feldynge
Feler	Feler, Feller
Felic	Felic, Felice
Felip	Felip, Felipp, Filip, Filippe, Phelip, Phelipp, Phelippe, Phelyp
Felis	Felis, Felys
Felix	Felix
Feliz	Feliz, Felyze
Fellow	Fellow, Felow, Felowe
Felman	Felman
Felon	Felon
Felsham	Felsham
Felt	Felt
Feltewel	Feltewel, Feltewelle
Felthoven	Felthoven
Feltwel	Feltwel, Feltwelle
Feltwik	Feltwik, Feltwyk
Femar	Femar
Femer	Femer
Fen	Fen, Fene, Fenne
Fenbol	Fenbol, Fenbole
Fenbot	Fenbot, Fenbote
Fenei	Fenei, Feney
Fenel	Fenel, Fenelle, Fennelle
Fener	Fener, Fenr, Fenre
Fenes	Fenes, Fennes, Fens
Fenescales	Fenescales
Fenet	Fenet, Fenett
Feneux	Feneux
Fenien	Fenien, Fenyen
Fenis	Fenis, Fenys
Fenistals	Fenistals, Fenystalls, Fenystals
Fenkel	Fenkel, Fenkell
Fenkhil	Fenkhil, Fenkhille
Fenrother	Fenrother
Fenton	Fenton
Feodra	Feodra
Feonix	Feonix, Feonyxe
Fer	Fer, Fere, Ferr, Ferre, Fr, Fre
Fera	Fera, Ferra
Ferad	Ferad, Ferrade
Ferand	Ferand
Ferandes	Ferandes
Ferandis	Ferandis, Ferandus
Ferando	Ferando, Ferrando
Ferantin	Ferantin, Ferantyn, Ferantyne
Ferar	Ferar, Ferrar, Ferrare
Ferara	Ferara, Ferrara
Feraria	Feraria, Ferraria, Firaria, Firraria
Feraris	Feraris, Ferrarys
Feraunt	Feraunt
Ferberek	Ferberek, Ferbereke
Ferbrough	Ferbrough
Ferc	Ferc, Ferce
Ferching	Ferching
Ferdel	Ferdel, Ferdell
Ferderigo	Ferderigo, Ferderygo
Ferdesa	Ferdesa
Ferdinando	Ferdinando
Ferebi	Ferebi, Fereby
Fereines	Fereines, Fereynes
Fereman	Fereman
Ferena	Ferena, Ferrena
Ferentin	Ferentin, Ferentine, Ferentyn, Ferentyne
Ferentines	Ferentines, Ferentynes
Fereo	Fereo, Ferreo
Ferer	Ferer, Ferere, Ferrer
Ferero	Ferero, Ferrero
Ferges	Ferges
Fergous	Fergous
Feribi	Feribi, Feriby
Ferichandes	Ferichandes
Ferier	Ferier, Feryer
Ferigo	Ferigo, Frigo
Feriman	Feriman, Feryman, Freeman
Ferin	Ferin, Feryn
Ferina	Ferina
Ferinfap	Ferinfap, Ferynfapp
Fering	Fering
Feris	Feris, Ferris, Ferrys, Ferys
Feritewd	Feritewd, Ferytewd
Ferlei	Ferlei, Ferley, Firlei, Firley, Furlei, Furley, Fyrley
Ferlop	Ferlop
Ferm	Ferm, Ferme, Firm, Fyrme
Ferman	Ferman
Fermar	Fermar, Fermer, Fermour
Fermarison	Fermarison, Fermarysson
Fermelei	Fermelei, Fermeley
Fermi	Fermi, Fermy
Fermin	Fermin, Fermyn, Firmin, Firmyn, Fyrmin, Fyrmyn
Ferming	Ferming, Fermyng
Fermo	Fermo
Fermond	Fermond, Furmond, Furmonde
Fern	Fern, Ferne
Ferna	Ferna, Forena, Forrena
Fernam	Fernam, Fernham
Fernand	Fernand, Fernande
Fernandes	Fernandes
Fernandi	Fernandi
Fernandis	Fernandis, Firnandis, Firnandys, Furnandus, Fyrnandys
Fernando	Fernando, Firnando
Fernandus	Fernandus, Firnandus
Fernanus	Fernanus
Fernariis	Fernariis, Firnariis, Fyrnariis
Fernaundi	Fernaundi
Fernaundo	Fernaundo
Fernaundum	Fernaundum
Fernaundus	Fernaundus
Fernclei	Fernclei, Ferncley
Fernei	Fernei, Ferney
Fernel	Fernel, Fernell
Fernelei	Fernelei, Ferneley, Fernneley
Ferneson	Ferneson, Fernesson
Fernlei	Fernlei, Fernley
Fernli	Fernli, Fernly
Fero	Fero, Ferro
Feron	Feron, Ferone, Ferron
Ferot	Ferot
Ferour	Ferour, Ferrour, Frer, Frere
Fers	Fers, Fors, Forse, Fres, Frese, Fresse
Ferson	Ferson
Ferstenow	Ferstenow, Ferstenowe
Ferthing	Ferthing, Ferthyng
Fertles	Fertles
Fertson	Fertson
Fervek	Fervek
Fervin	Fervin
Ferwod	Ferwod
Fes	Fes
Fesant	Fesant, Fessant
Fesaunt	Fesaunt, Fesaunte, Fessaunt, Phesaunt
Feskeri	Feskeri, Feskery
Fesnant	Fesnant, Fesnantte
Fest	Fest, Feste
Festenbergh	Festenbergh
Festo	Festo
Feston	Feston
Festona	Festona
Fet	Fet, Fett
Fetcher	Fetcher
Feteplac	Feteplac, Feteplace
FetezHerbed	FetezHerbed
Fetherigo	Fetherigo
Fetherston	Fetherston, Fethirston, Fethirstone, Fethyrston
Fethian	Fethian
Fetipac	Fetipac, Fetipace
Fetiplac	Fetiplac, Fetiplace
Fetplac	Fetplac, Fetplace
FetzHerberd	FetzHerberd
Fevar	Fevar
Fevars	Fevars
Fevean	Fevean
Feveis	Feveis, Feveys
Fever	Fever, Fevere
Feverer	Feverer, Feverrer
Feveresham	Feveresham, Feveressham
Feverie	Feverie, Feverye
Feverier	Feverier, Feveryer
Fevers	Fevers
Feversham	Feversham
Fevir	Fevir
Fevirel	Fevirel, Fevyrell
Fevirsham	Fevirsham
Fevniano	Fevniano, Fevnyano
Fewater	Fewater
Fewer	Fewer
Fewlesang	Fewlesang
Fewten	Fewten
Fewtie	Fewtie, Fewtye
Fezakerlei	Fezakerlei, Fezakerley
Fiaker	Fiaker
Fial	Fial, Fyale
Fialo	Fialo, Fyalo
Fian	Fian, Fyan
Fiand	Fiand
Fiart	Fiart, Fyart
Fica	Fica, Fyca
Fichar	Fichar, Fichare
Fichin	Fichin, Fychyne
FichRobert	FichRobert
Fidel	Fidel, Fidell, Fydell
Fideler	Fideler
Fideli	Fideli
Fiel	Fiel, Fyelle, Phil
Fierling	Fierling, Fierlyng
Fietus	Fietus
Fig	Fig, Fygg
Figen	Figen
Figherberd	Figherberd, Fygherberd
Fight	Fight
Fighter	Fighter, Fyghter
Fignea	Fignea, Fygnea
Fika	Fika, Fyka
Fikeri	Fikeri, Fikery
Filbi	Filbi, Filby
Fildewik	Fildewik, Fildewyke
Filding	Filding, Fildyng, Fildynge, Fyldyng
Filer	Filer, Fyler
Filinis	Filinis, Filynys
Filipes	Filipes, Fillipes, Philipes, Philippes, Phillipes, Phillippes
Filipeson	Filipeson, Fylyppesson, Philipeson, Philippesson
Filips	Filips, Phelipes, Phelippes, Phellipes, Philipps, Philips, Phillipps, Phillips
Fillongeley	Fillongeley, Filongelei, Filongeley
Fillongley	Fillongley, Filonglei
Filster	Filster, Fylster
Fimar	Fimar
Fin	Fin, Fyn, Fyne, Fynne
Finafild	Finafild, Fynafild
Finar	Finar, Fynar
Finard	Finard, Fynard
Finch	Finch, Fintch, Fynch, Fynche, Fyntche
Fincham	Fincham, Fyncham
Finck	Finck, Fincke, Fink, Fynk, Fynke
Finckel	Finckel, Finkel, Finkil, Fynckell, Fynkell, Fynkelle, Fynkile, Fynkyll, Fynkylle
Finclad	Finclad, Fynclad
Finei	Finei, Fyney
Finel	Finel, Fynnell
Finer	Finer, Fyner
Finers	Finers, Fyners
Fines	Fines, Fynes, Fynnes
Fineux	Fineux, Fyneux, Fynneux
Finger	Finger, Fynger
Finkelet	Finkelet, Finkelot, Fynkelett, Fynkelote
Finkes	Finkes, Fynkes
Finknest	Finknest, Fynknest
Finson	Finson, Fynson
Finwal	Finwal, Fynwall
Fiol	Fiol, Fiole
Fipes	Fipes, Fippes, Fyppes
Fips	Fips, Fyps
Firebras	Firebras, Fyrebras
Firerei	Firerei, Fyrerey
Firmini	Firmini
Firmino	Firmino
Firod	Firod, Firode, Fyrod
Fisburn	Fisburn, Fishborn, Fishborne, Fisheborn, Fisheborne, Fisheburn, Fisheburne, Fissheborne, Fysburne, Fysheborne
Fisch	Fisch, Fish, Fishe, Fissh, Fisshe, Fysche, Fysh, Fyshe, Fyssh, Fysshe
Fischar	Fischar, Fisschar, Fyschar
Fischer	Fischer, Fishar, Fishare, Fisher, Fisshar, Fisshare, Fissher, Fisshere, Fyscher, Fyshare, Fysher, Fysscher, Fysshar, Fysshare, Fyssher, Phisher, Phissher, Physher
Fiscoper	Fiscoper, Fyscopere
Fiscount	Fiscount, Fyscounte
Fishman	Fishman, Fyshman
Fishmonger	Fishmonger, Fysshmonger
Fisk	Fisk, Fiske, Fyske
Fisker	Fisker, Fysker
Fist	Fist, Fyst
Fister	Fister
Fistidecauk	Fistidecauk, Fistidecauke
Fiston	Fiston, Fyston
Fith	Fith, Fithe
FithIames	FithIames, FithJames
FithIamis	FithIamis, FythJamys
Fithian	Fithian
FithRobert	FithRobert
FithWiliam	FithWiliam, FithWilliam
FitIames	FitIames, FitJames
FitIamis	FitIamis, FitJamys
FitWiliams	FitWiliams, FytWilliams
Fitz	Fitz
FitzAndrew	FitzAndrew, FitzAndrewe
FitzeIames	FitzeIames, FytzeJames
FitzHarberd	FitzHarberd
FitzHarbert	FitzHarbert
FitzHerbard	FitzHerbard, FitzHerberd, Fitzherberd, FytzHerberd
FitzHerbert	FitzHerbert, FytzHerbert
FitzIameson	FitzIameson, FitzJamesson
FitzIamez	FitzIamez, FitzJamez
FitzIohan	FitzIohan, FytzJohan
FitzIohn	FitzIohn, FitzJohn
FitzMin	FitzMin, FitzMyn
FitzReri	FitzReri, FytzRery
FitzRichardes	FitzRichardes
FitzRobert	FitzRobert, FytzRobert
FitzRoberto	FitzRoberto
FitzSimoundes	FitzSimoundes, FitzSymoundes
FitzWiliam	FitzWiliam, FitzWilliam
FitzWiliams	FitzWiliams, FitzWilliams, FytzWilliams
Fiv	Fiv, Fyve
Fix	Fix, Fixe
FizRichard	FizRichard
Fl	Fl, Fle
Flack	Flack, Flacke, Flak, Flake
Flamack	Flamack
Flamak	Flamak, Flamake
Flamanck	Flamanck, Flamank, Flamanke
Flameck	Flameck, Flamecke
Flamick	Flamick, Flamicke
Flamingham	Flamingham, Flamyngham
Flamish	Flamish, Flamyshe
Flammock	Flammock, Flamock, Flamocke, Flamok, Flamoke
Flan	Flan, Flanne
Flanders	Flanders
Flandria	Flandria
Flandrie	Flandrie
Flanean	Flanean
Flast	Flast, Flaste
Flaunders	Flaunders, Flaundres
Flaundria	Flaundria
Flaundrie	Flaundrie
Flaundris	Flaundris
Fleccher	Fleccher, Flecher, Fletcher
Flecton	Flecton
Fleet	Fleet, Fleete
Fleg	Fleg, Flege, Flegge
Flei	Flei, Fley
Fleins	Fleins, Fleyns
Flemaunt	Flemaunt
Flemeing	Flemeing, Flemeyng, Fleming, Flemmyng, Flemmynge, Flemyng, Flemynge
Flemer	Flemer
Flemingo	Flemingo, Flemyngo
Flemisch	Flemisch, Flemish, Flemishe, Flemisshe, Flemmish, Flemmmysshe, Flemmysh, Flemmyshe, Flemmysshe, Flemysch, Flemysche, Flemysh, Flemyshe, Flemyssh, Flemysshe
Fleschewer	Fleschewer, Fleshewer, Flesschewer, Flesshewer, Flesshhewer
Flesor	Flesor, Flesore
Flet	Flet, Flete, Flett, Flette
Fleth	Fleth, Flethe
Fletin	Fletin, Fletyn
Fletman	Fletman
Flevenson	Flevenson, Flevensson
Flewes	Flewes
Flexbi	Flexbi, Flexby
Flexemer	Flexemer
Flexhewer	Flexhewer
Flexmer	Flexmer, Flexmere
Flexwis	Flexwis, Flexwyse
Fliee	Fliee, Flyee
Flier	Flier, Flyer
Fligher	Fligher, Flygher
Flink	Flink, Flynk
Flint	Flint, Flynt
Flisching	Flisching, Flishing, Flisschyng, Flisshing, Flisshyng, Flisshynge, Flyshing, Flysshing, Flysshingge, Flysshyng
Flish	Flish, Flysh
Flising	Flising, Flissing, Flissyng, Flyssyng
Fllo	Fllo, Flo, Floe, Flow, Flowe
Floccher	Floccher, Flocher
Flod	Flod, Flodde, Flode
Floie	Floie, Floye
Flois	Flois, Floys
Flokton	Flokton
Flood	Flood, Flud, Fludde, Flude
Flor	Flor, Flore
Floranc	Floranc, Florance
Florans	Florans, Florens, Florrens
Floraunc	Floraunc, Floraunce
Florauns	Florauns
Florea	Florea
Florean	Florean, Florian, Floryan
Florei	Florei, Florey
Floren	Floren
Florenc	Florenc, Florence
Florencia	Florencia
Florencio	Florencio
Florenson	Florenson, Florensson
Florentin	Florentin, Florentyne
Flores	Flores
Floreson	Floreson, Floresson, Florison, Florisson, Florresson, Florysson
Floret	Floret
Flori	Flori, Florie, Flory, Florye
Floric	Floric, Florice
Florin	Florin, Floryn
Floris	Floris, Florys
Flos	Flos
Flosheng	Flosheng
Floshing	Floshing, Floshyng
Floskin	Floskin, Floskyn
Flot	Flot, Flote
Flouer	Flouer
Flough	Flough, Floughe
Flour	Flour, Floure, Flower
Flourenc	Flourenc, Flourence
Floureson	Floureson, Flouresson
Flowar	Flowar
Flowerdelis	Flowerdelis, Flowerdelyse
Flowers	Flowers
Flowes	Flowes
Flowr	Flowr, Flowre
Flowrens	Flowrens
Flowsching	Flowsching, Flowschyng
Flowschingen	Flowschingen, Flowschyngen
Flugh	Flugh, Flughe
Fluk	Fluk, Fluke
Flusher	Flusher, Flussher
Flushin	Flushin, Flushyne
Flushing	Flushing, Flushinge, Flushyng, Flusshing, Flusshyng
Flusing	Flusing, Flusyng
Fo	Fo
Fob	Fob, Fobbe
Fobben	Fobben, Foben
Fobbos	Fobbos, Fobos
Fobbyng	Fobbyng, Fobbynge, Fobing
Foch	Foch, Foche, Fok, Foke
Focher	Focher, Fochere
Focrel	Focrel, Focrelle
Fod	Fod, Fodde, Fode
Fodragal	Fodragal, Fodragall
Fodringai	Fodringai, Fodringay
Foel	Foel, Foell, Foelle
Foeth	Foeth, Foethe
Fofan	Fofan
Fog	Fog, Foge
Fogas	Fogas
Fogilt	Fogilt, Fogilte
Foi	Foi, Foie, Foy, Foye
Foia	Foia, Foya
Foient	Foient, Foyent
Foies	Foies, Foyes
Foiet	Foiet, Foyett
Foight	Foight, Foit, Foitt, Foyt, Foyte, Foytt, Foytte
Foil	Foil, Foile, Foill, Foille, Foyle, Foylle
Foint	Foint, Foyntte
Fois	Fois, Foys, Foysse
Foitz	Foitz
Fokand	Fokand
Foket	Foket, Fokett
Foklin	Foklin, Foklyn
Fol	Fol, Fole, Foll, Folle
Folcard	Folcard
Fold	Fold, Folde
Folei	Folei, Foley
Foler	Foler
Folet	Folet, Folett
Folia	Folia
Foliat	Foliat, Foliate, Folliat, Follyat, Folyat, Folyatt
Folie	Folie, Folye
Folier	Folier
Foliet	Foliet
Folil	Folil, Folill
Folin	Folin, Folyn
Folio	Folio
Foliot	Foliot, Foliott, Foliotte, Folliott
Folk	Folk, Folke
Folkar	Folkar
Folkat	Folkat
Folkerston	Folkerston
Folkeson	Folkeson, Folkesson
Foloin	Foloin, Foloyn
Folonia	Folonia, Folonya
Folowfild	Folowfild, Folowfilde, Folowfyld, Folowfylde
Folson	Folson
Folv	Folv, Folve
Folvil	Folvil, Folvyll
Fomeler	Fomeler, Fomeller
Fonc	Fonc, Fonce, Fonk
Fonciano	Fonciano
Fondemars	Fondemars
Fondling	Fondling, Fondlyng
Fondrabi	Fondrabi, Fondraby
Fons	Fons, Fonse
Fonsco	Fonsco
Fonser	Fonser
Fonso	Fonso, Phonso
Font	Font, Fonte
Fontaign	Fontaign, Fontaigne
Fontain	Fontain, Fontayn
Fontana	Fontana
Fontarabia	Fontarabia, Fonterabia, Fontrabia, Fontrabya
Fontarin	Fontarin, Fontaryne
Fonterabi	Fonterabi, Fonteraby
Fonteravea	Fonteravea
Fontien	Fontien
Fool	Fool, Foole
Foolkes	Foolkes
Foolmer	Foolmer
Foop	Foop
Foord	Foord, Foorde
Foos	Foos
Foot	Foot
Fop	Fop, Fope, Fopp, Foppe, Phop, Phope, Phoppe
Fopes	Fopes, Foppes
Fopeson	Fopeson, Foppesson
Fopewer	Fopewer, Foppewer
Fopkinson	Fopkinson, Fopkynson
Fopman	Fopman, Phopman
Fopon	Fopon, Foppon
Fopson	Fopson, Phopson
Forago	Forago
Forbler	Forbler
Forborow	Forborow, Forborowe
Forc	Forc, Force
Forcei	Forcei, Forcey
Forcer	Forcer
Forchea	Forchea
Forcheo	Forcheo
Forcie	Forcie, Forcye
Ford	Ford, Forde, Fourd, Fourde
Fordagh	Fordagh
Fordeman	Fordeman
Forein	Forein, Forn, Forne, Forreyn
Foreman	Foreman, Formon
Forera	Forera
Forerad	Forerad, Forerade
Forero	Forero
Fores	Fores
Forest	Forest, Foreste, Forrest
Forester	Forester, Forestere
Foresto	Foresto
Foret	Foret, Fort, Forte
Foreward	Foreward, Forward, Forwarde
Forfet	Forfet, Forffet
Forfu	Forfu
Forges	Forges
Forie	Forie, Forye
Forlier	Forlier
Forlokes	Forlokes
Forlokhurst	Forlokhurst
Form	Form, Forme
Formado	Formado
Formaie	Formaie, Formaye
Forman	Forman
Formas	Formas, Formasse
Formed	Formed, Formede
Formeden	Formeden
Formedon	Formedon
Former	Former
Formestranx	Formestranx, Formestranxe
Formin	Formin, Formyn
Formond	Formond, Formonde
Formos	Formos, Formose
Fornadeson	Fornadeson, Fornadesson
Fornand	Fornand, Fornande
Fornandes	Fornandes
Fornandi	Fornandi
Fornando	Fornando
Fornandum	Fornandum
Fornandus	Fornandus
Fornar	Fornar, Fornare
Fornari	Fornari, Fornary
Fornario	Fornario, Fornaryo
Fornaundum	Fornaundum
Fornebi	Fornebi, Forneby
Forneis	Forneis, Forneys
Forner	Forner, Fourner
Fornet	Fornet, Fornett
Forpeson	Forpeson, Forpesson
Forplac	Forplac, Forplace
Forsat	Forsat
Forsenar	Forsenar
Forsnar	Forsnar
Forsted	Forsted
Forster	Forster
Forsterson	Forsterson
Forstret	Forstret
Fortbras	Fortbras, Fortbrase
Forten	Forten, Fortene, Fortun, Fortune
Forter	Forter
Forterer	Forterer
Forth	Forth, Forthe
Forther	Forther
Forthevold	Forthevold
Fortier	Fortier, Fortyer
Fortiles	Fortiles
Fortin	Fortin, Fortyn
Fortini	Fortini
Fortonai	Fortonai, Fortonay
Fortson	Fortson
Fortster	Fortster
Fortuna	Fortuna
Fortuni	Fortuni, Fortunii
Fortunio	Fortunio
Fortuno	Fortuno
Fortz	Fortz
Forvan	Forvan, Forvane
Forwark	Forwark, Forwarke, Forwerk
Fos	Fos, Fose, Foss, Fosse
Fosar	Fosar, Fossarre
Foscari	Foscari, Foscary
Foscarien	Foscarien, Foscarin, Foscaryn
Foscarion	Foscarion
Fosculo	Fosculo
Fosk	Fosk, Foske
Foskarin	Foskarin, Foskaryn, Foskaryne
Foskarino	Foskarino
Fosken	Fosken
Fosker	Fosker, Foskere
Foskerin	Foskerin, Foskeryne
Foskin	Foskin, Foskyn
Foso	Foso, Fosso
Fostardson	Fostardson
Fostarien	Fostarien
Foster	Foster, Fostere
Fosterd	Fosterd
Foswel	Foswel, Foswell
Fot	Fot, Fote, Fotte
Foterel	Foterel, Foterelle
Fother	Fother
Fotherin	Fotherin
Fothern	Fothern, Fotherne
Fotriel	Fotriel, Fotrielle
Fouch	Fouch, Fouche
Foucher	Foucher, Fouchere
Fouk	Fouk, Fouke, Fowk, Fowke
Fouken	Fouken
Foul	Foul, Foule, Foull, Foulle, Fowl, Fowle, Fowll, Fowlle
Fouler	Fouler, Foulere, Fowlar, Fowler
Foulik	Foulik, Foulyk
Foulk	Foulk, Foulke
Foun	Foun
Founc	Founc, Founce
Founs	Founs, Founse, Fowns, Fownse
Founso	Founso
Fount	Fount, Founte, Fountte, Fownt
Fountain	Fountain, Fountaine, Fountayn, Fountayne, Founten, Fowntain, Fowntaine, Fowntayn, Fowntayne
Fountaines	Fountaines, Fountaynes
Fountein	Fountein, Founteyn
Founterabi	Founterabi, Founteraby, Fountrabi, Fountraby
Founterabie	Founterabie, Founterabye
Fourbour	Fourbour, Furbour
Fourei	Fourei, Fourrey
Fournant	Fournant
Fous	Fous, Fouse
Fouwei	Fouwei, Fouwey, Fowei, Fowey
Foux	Foux, Fouxe, Fow, Fowe
Fover	Fover
Foverer	Foverer
Fovers	Fovers
Fowar	Fowar
Foward	Foward
Fowcalt	Fowcalt
Fowcher	Fowcher
Fowd	Fowd, Fowde
Foweler	Foweler, Foweller
Fowght	Fowght, Fowt, Fowte
Fowi	Fowi, Fowie, Fowy, Fowye
Fowis	Fowis, Fowys
Fowlie	Fowlie
Fowlk	Fowlk, Fowlke
Fowlkes	Fowlkes
Fown	Fown, Fowne
Fownceberie	Fownceberie, Fownceberye
Foxal	Foxal, Foxall, Foxalle
Foxelei	Foxelei, Foxeley
Foxlei	Foxlei, Foxley
Foxs	Foxs, Foxse
Fra	Fra
Frabet	Frabet, Frabett
Frack	Frack, Fracke
Fracomberg	Fracomberg, Fracomberge
Fradola	Fradola
Frai	Frai, Fray, Fri, Frie, Fry, Frye
Fraibot	Fraibot, Fraybotte
Fraie	Fraie, Fraye
Frain	Frain, Frayn
Frainces	Frainces
Fraisel	Fraisel, Frayselle
Fral	Fral, Fralle
Frales	Frales
Fram	Fram, Frame
Fran	Fran
Franc	Franc, France, Franck, Francke, Frank, Franke
Franca	Franca
Francam	Francam, Francame
Franceis	Franceis, Franceys
Franceman	Franceman
Frances	Frances
Franchie	Franchie
Francie	Francie
Francio	Francio
Francis	Francis, Francisse, Francys
Francisca	Francisca
Francisci	Francisci, Francisi, Francissi
Francisco	Francisco, Francissco, Francysco
Franciscum	Franciscum
Franciscus	Franciscus
Franckham	Franckham
Franckland	Franckland, Frankland, Franklande
Francklen	Francklen
Franckman	Franckman, Frankman, Frankmun
Franco	Franco, Franko
Francom	Francom, Frankham, Frankhame
Francomberg	Francomberg, Francomberge
Francomberi	Francomberi, Francombery
Franford	Franford
Frankeford	Frankeford
Frankelein	Frankelein, Frankeleyn, Frankeleyne
Frankelin	Frankelin, Frankelyn
Frankenberch	Frankenberch
Frankens	Frankens
Frankenson	Frankenson
Frankes	Frankes
Frankish	Frankish, Frankisshe, Frankyshe, Frankyssh
Franklin	Franklin, Franklyn
Frankling	Frankling, Franklinge, Franklyng
Franklond	Franklond
Frankson	Frankson, Franksson
Frans	Frans, Franse
Franseis	Franseis, Franseys
Franses	Franses
Fransis	Fransis, Franssys, Fransys
Fransisco	Fransisco
Fransk	Fransk
Fransois	Fransois, Fransoys
Franson	Franson
Fraring	Fraring, Fraringe, Frarring, Fraryng, Frarynge
Frasel	Frasel, Fraselle
Fraser	Fraser
Frast	Frast, Fraste
Frating	Frating, Fratyng
Frato	Frato
Fratr	Fratr, Fratre
Fraulecot	Fraulecot, Fraulecott
Fraunc	Fraunc, Fraunce, Fraunck, Frauncke, Fraunk, Fraunke
Fraunceis	Fraunceis, Fraunceys, Fraunseis, Fraunseys
Fraunces	Fraunces, Frauncesse, Fraunses
Frauncez	Frauncez
Fraunch	Fraunch, Fraunche
Frauncie	Frauncie
Frauncis	Frauncis, Frauncys
Frauncisci	Frauncisci
Frauncisco	Frauncisco
Fraunciscus	Fraunciscus
Fraunco	Fraunco
Fraunkelein	Fraunkelein, Fraunkeleyn
Fraunklin	Fraunklin, Fraunklyn
Frauns	Frauns
Fraunsa	Fraunsa
Fraunso	Fraunso
Fraunsois	Fraunsois, Fraunsoys
Fraunson	Fraunson, Fraunsson
Frawdri	Frawdri
Frawelen	Frawelen, Frawellen
Frawen	Frawen
Frawino	Frawino
Frawlen	Frawlen
Freak	Freak, Fric, Frice, Frich, Frick, Frik, Frike, Fryce, Fryche, Fryck, Fryk, Fryke
Frebald	Frebald, Frebalde
Frebarn	Frebarn, Frebarne
Frebaron	Frebaron
Frebern	Frebern, Freberne
Frebon	Frebon, Frebone
Freborn	Freborn, Freborne
Frebriges	Frebriges, Frebrigges
Frebron	Frebron, Frebrone
Frebruari	Frebruari, Frebruary
Frebus	Frebus
Frecelt	Frecelt
Frederego	Frederego, Fredrego
Frederic	Frederic, Frederick, Fredericke, Frederik, Frederike, Frederyck, Frederyk, Frederyke, Fredrick, Fredrik, Fredrike, Fredryck, Fredrycke, Fredryk, Fredryke
Frederico	Frederico, Frederiko
Fredericson	Fredericson, Frederikson, Frederiksson, Frederykson, Fredrikson, Fredriksson, Fredrykson
Frederigo	Frederigo, Fredrigo
Fredland	Fredland, Fredlande
Fredreig	Fredreig
Fredrikeson	Fredrikeson, Fredrykeson
Fredring	Fredring
Fredsham	Fredsham
Freer	Freer, Freere, Frior, Fryor
Freerson	Freerson, Freersson
Frees	Frees, Freese, Freis, Freise, Friz, Frize, Fryze
Freind	Freind, Frind, Frynde
Freith	Freith, Freyth
Freland	Freland
Frelov	Frelov, Frelove
Freman	Freman
Fremano	Fremano
Fremant	Fremant
Freming	Freming, Fremyng
Fremingham	Fremingham, Fremyngham
Fremond	Fremond, Fremonde
French	French, Frenche
Frencheman	Frencheman
Frenchman	Frenchman
Frend	Frend, Frende
Freneow	Freneow, Freneowe
Frensch	Frensch, Frensh, Frenssh, Frensshe
Frenship	Frenship
Frent	Frent
Frerigo	Frerigo
Frerik	Frerik
Frerikson	Frerikson, Frerykson
Frers	Frers
Frescabal	Frescabal, Frescaballe
Frescabald	Frescabald, Frescabalde
Frescarin	Frescarin
Fresch	Fresch, Fresche, Fresh, Fressch, Fressche, Fresshe
Freschpond	Freschpond, Freshpond, Freshponde, Frespond, Fresshpond
Frescobald	Frescobald, Frescobalde
Fresen	Fresen
Fresier	Fresier
Freson	Freson, Fresone, Fresson
Freston	Freston
Fret	Fret, Frete
Freth	Freth, Frethe
Fretheland	Fretheland, Frethelande
Fretherik	Fretherik, Fretheryk
Fretherikson	Fretherikson
Frewes	Frewes, Frews
Friar	Friar, Frier, Fryar, Fryer
Fribon	Fribon, Fribone
Fridai	Fridai, Friday, Fryday
Fridaugh	Fridaugh
Friderik	Friderik, Friderike, Frideryk
Fries	Fries, Friese, Fryes
Frigon	Frigon, Frigone
Fringat	Fringat, Fryngat
Frinit	Frinit, Frinyt
Friream	Friream, Fryream
Fris	Fris, Frise, Frish, Frisse, Fryse, Frysh, Frysse
Friscabal	Friscabal, Friscaballe
Friscabald	Friscabald, Friscabalde, Friscobald, Friscobalde, Friscoballde, Fryscobalde
Friscaban	Friscaban
Friscobaldi	Friscobaldi, Friscobaldy
Friscobaldo	Friscobaldo, Fryscobaldo
Friscobold	Friscobold, Friscobolde
Friscombald	Friscombald, Friscombalde
Friscombaldi	Friscombaldi
Friscombaldo	Friscombaldo
Friseson	Friseson, Frisesson
Frisik	Frisik, Frysyk
Frisil	Frisil, Frissyll
Friskar	Friskar, Friskare
Frist	Frist
Friston	Friston
Frites	Frites, Frittes
Frith	Frith
Fritis	Fritis, Frytis
Fritnight	Fritnight, Frytnyght
Froack	Froack
Frod	Frod, Frode
Frodendal	Frodendal, Frodendale, Frodendalle
Froderik	Froderik, Froderyk
Frodindal	Frodindal, Frodindale, Frodyndale
Frodner	Frodner
Frodrigo	Frodrigo
Frodrikson	Frodrikson, Frodrykson
Frodur	Frodur, Frodure
Frogenhal	Frogenhal, Frogenhale
Frogmorton	Frogmorton
Frohock	Frohock
Frohok	Frohok, Frohoke
Froich	Froich, Froiche
Frok	Frok, Froke
Frokeringen	Frokeringen
From	From, Frome, Fromme
Froman	Froman
Frombert	Frombert
Frombold	Frombold, Frombolde, Fromebold
Fromboth	Fromboth
Fromedal	Fromedal, Fromedalle
Fromes	Fromes
Fromlod	Fromlod
Fromond	Fromond, Fromonde
Fromong	Fromong, Fromonge
Frook	Frook, Frooke
Frorenc	Frorenc, Frorence
Frorst	Frorst, Frorste
Frosberow	Frosberow
Frosch	Frosch, Frosche, Frosh, Frossch, Frossh, Frosshe
Froskil	Froskil, Froskill
Froso	Froso
Frost	Frost, Froste
Frowder	Frowder
Frowik	Frowik, Frowike, Frowyk, Frowyke
Frowin	Frowin, Frowyn
Frowino	Frowino, Frowyno
Frowlik	Frowlik, Frowlyk
Frunis	Frunis, Frunys
Frunt	Frunt
Frusher	Frusher, Frussher
Fuckarin	Fuckarin, Fuckaryne
Fucket	Fucket
Fuget	Fuget, Fugett
Fuk	Fuk, Fuke
Fukat	Fukat, Fukatt
Ful	Ful, Full, Fulle
Fular	Fular, Fuler, Fullar, Fuller, Fullor, Fulor
Fulborn	Fulborn, Fulborne, Fulbourn, Fulbourne, Fulburn, Fulburne
Fulcamp	Fulcamp
Fulcar	Fulcar, Fulcur
Fulero	Fulero, Fullero
Fulgeam	Fulgeam
Fulgeham	Fulgeham
Fulham	Fulham
Fuliam	Fuliam, Fuliame, Fulliam
Fulk	Fulk, Fulke
Fulkar	Fulkar
Fulkard	Fulkard
Fulkardson	Fulkardson
Fulkemer	Fulkemer
Fulkemor	Fulkemor, Fulkemore
Fulkener	Fulkener
Fulkers	Fulkers
Fulkin	Fulkin
Fulkmer	Fulkmer, Fulkmor, Fulkmore
Fullmer	Fullmer, Fulmer
Fullon	Fullon, Fulon
Fulmar	Fulmar
Fulmol	Fulmol, Fulmole, Fulmoll, Fulmolle
Fulmot	Fulmot, Fulmote
Fulpount	Fulpount, Fulpounte
Fulsica	Fulsica
Fulston	Fulston, Fulstone
Fulwood	Fulwood
Funaco	Funaco
Funian	Funian, Funyane
Funk	Funk, Funke
Funso	Funso
Funt	Funt, Funtte
Funtein	Funtein, Funteyn
Furarius	Furarius
Furbiour	Furbiour
Furean	Furean, Fureane
Furei	Furei, Furrey
Furen	Furen
Furgon	Furgon, Furgone
Furian	Furian, Furyan
Furie	Furie, Furrye
Furien	Furien, Furyen
Furier	Furier, Furrier
Furio	Furio
Furlong	Furlong
Furmadon	Furmadon
Furment	Furment
Furnai	Furnai, Furnay
Furnandi	Furnandi
Furnar	Furnar, Furnare, Furner
Furnari	Furnari
Furnariis	Furnariis
Furnario	Furnario
Furnaris	Furnaris
Furnarius	Furnarius
Furneo	Furneo
Furnerius	Furnerius
Furneux	Furneux
Furno	Furno
Furst	Furst
Furstret	Furstret, Furstrete
Furton	Furton
Fus	Fus, Fuse
Fusan	Fusan
Fuscaren	Fuscaren
Fuscarie	Fuscarie
Fuscarien	Fuscarien, Fuskarien, Fuskerin, Fuskrin, Fuskrine
Fuscarin	Fuscarin, Fuscarine, Fuscaryn, Fuscaryne, Fuskarin, Fuskarine, Fuskaryn, Fuskaryne
Fuscarini	Fuscarini
Fuscarion	Fuscarion
Fuscerin	Fuscerin, Fusceryne
Fuscorin	Fuscorin
Fusculo	Fusculo
Fusher	Fusher
Fusi	Fusi, Fussy
Fuskalo	Fuskalo
Fuskarino	Fuskarino, Fuskaryno
Ga	Ga
Gabelar	Gabelar
Gabeler	Gabeler
Gabelon	Gabelon, Gabelone
Gaber	Gaber, Gabere
Gabera	Gabera
Gaberad	Gaberad
Gaberd	Gaberd
Gaberel	Gaberel, Gaberelle
Gaberia	Gaberia
Gabian	Gabian, Gabion
Gabiano	Gabiano
Gabilon	Gabilon, Gabilone
Gabiola	Gabiola
Gabitus	Gabitus
Gabot	Gabot, Gabote, Gabott
Gabrel	Gabrel, Gabrell, Gabrelle, Gabril, Gabrill
Gabreli	Gabreli
Gabriel	Gabriel, Gabriele, Gabriell, Gabrielle, Gabryell, Gabryelle
Gabrieles	Gabrieles
Gabrieli	Gabrieli, Gabrielli
Gabrielis	Gabrielis, Gabriellis
Gabriello	Gabriello, Gabrielo
Gabriellus	Gabriellus, Gabrielus
Gabright	Gabright
Gad	Gad, Gadd, Gadde
Gadalop	Gadalop, Gadalope
Gadalopo	Gadalopo
Gadburie	Gadburie, Gadburye
Gadek	Gadek, Gadeke
Gadelop	Gadelop, Gadelope
Gader	Gader, Gadere
Gades	Gades
Gadfrai	Gadfrai, Gadfray
Gadok	Gadok
Gadwin	Gadwin, Gadwyne
Gaetsoun	Gaetsoun, Gaetsoune
Gafa	Gafa
Gafardeson	Gafardeson, Gaffardesson
Gafford	Gafford, Gaford
Gafridi	Gafridi
Gag	Gag, Gage
Gagin	Gagin, Gagine
Gaham	Gaham
Gahers	Gahers
Gai	Gai, Gay
Gaia	Gaia, Gaya
Gaiagus	Gaiagus, Gayagus
Gaich	Gaich, Gayche
Gaidekin	Gaidekin, Gaydekyn
Gaiderica	Gaiderica
Gaidon	Gaidon, Gaydon
Gaie	Gaie, Gaye
Gaieler	Gaieler, Gayeler
Gaier	Gaier, Gayer
Gaieto	Gaieto, Gayeto
Gaifeld	Gaifeld, Gayfeld, Gayfelde
Gaiferd	Gaiferd, Gayferd, Giferd, Gifferd, Gifford, Gifforde, Giford, Gyfford, Gyfforde
Gaifild	Gaifild, Gayffylde, Gayfild, Gayfylde
Gaifold	Gaifold
Gaiger	Gaiger, Gayger
Gailard	Gailard, Gaylard
Gailardo	Gailardo, Gaylardo
Gailic	Gailic, Galeac, Galeace, Gaylic
Gaiman	Gaiman, Gayman
Gaimond	Gaimond, Gaymond
Gainch	Gainch, Gaynche
Gainchpol	Gainchpol, Gainchpole
Gaindes	Gaindes, Gayndes
Gaines	Gaines, Gaynes
Gainesh	Gainesh, Gayneshe
Gainford	Gainford, Gaynforde
Gainispol	Gainispol, Gaynispoll
Gainsa	Gainsa, Gaynsa
Gainsch	Gainsch, Gainsh, Gaynsche, Gaynshe
Gainsie	Gainsie, Gaynsye
Gainspol	Gainspol, Gaynspoll
Gainst	Gainst, Gaynste
Gaion	Gaion, Gayon
Gais	Gais, Gays
Gaisair	Gaisair, Gaisour, Gaysayr, Gaysour
Gaisar	Gaisar
Gaiseir	Gaiseir, Gayseyr
Gaiser	Gaiser, Gayser
Gaisier	Gaisier, Gaysier, Gaysyer
Gaisild	Gaisild, Gaysyld, Gaysylde
Gaislei	Gaislei, Gaisley
Gaister	Gaister, Gayster
Gaiton	Gaiton, Gatin, Gayton
Gaiusa	Gaiusa, Gayusa
Gaivot	Gaivot, Gayvot
Gal	Gal, Gale, Galle
Galafr	Galafr, Galafre
Galand	Galand, Galland
Galano	Galano, Gallano
Galant	Galant, Gallant
Galarata	Galarata
Galard	Galard
Galarin	Galarin, Galaryn
Galathea	Galathea
Galaunt	Galaunt
Galawaie	Galawaie, Galawaye
Galdames	Galdames
Galdamo	Galdamo
Galdamus	Galdamus
Galdanus	Galdanus
Galdeman	Galdeman
Galdena	Galdena
Galdmes	Galdmes
Galeaceo	Galeaceo
Galeaco	Galeaco
Galean	Galean, Galen, Gallen
Galeardeto	Galeardeto, Galeardetto
Galeas	Galeas
Galegal	Galegal
Galego	Galego
Galeguns	Galeguns
Galein	Galein, Galeyn, Galleyn, Galleyne
Galenson	Galenson
Galentin	Galentin, Gallentyn
Galeo	Galeo, Galleo
Galerard	Galerard
Gales	Gales, Galles
Galet	Galet, Galett, Gallett
Galeto	Galeto, Galetto
Galffrid	Galffrid, Galfrid, Galfryd
Galffrido	Galffrido, Galfrido, Galfrydo, Gallfrido, Galphrido
Galfridgo	Galfridgo
Galfridi	Galfridi, Galfridy
Galfridum	Galfridum
Galga	Galga
Galganc	Galganc, Galgance
Galganet	Galganet, Galganot, Galganote
Galgenet	Galgenet, Galgenette
Gali	Gali, Gally
Galiaco	Galiaco
Galiani	Galiani, Galyani
Galiar	Galiar
Galiard	Galiard, Galiarde, Galliard, Gallyard, Galyard, Galyarde
Galiardeto	Galiardeto, Galiardetto
Galiardo	Galiardo
Galiardot	Galiardot, Galiardotte
Galiat	Galiat, Galyat
Galica	Galica, Gallica
Galicia	Galicia
Galick	Galick, Galicke, Gallicke
Galico	Galico
Galie	Galie, Gallie
Galik	Galik, Gallyk
Galiman	Galiman, Galyman
Galin	Galin, Gallyn, Galyn, Galyne
Galina	Galina
Galins	Galins
Galion	Galion, Galione, Galyon
Galiot	Galiot, Galiote, Galiott, Galliot, Gallyot, Galyot
Galioto	Galioto, Galiotto
Galis	Galis, Gallys, Galys
Galison	Galison, Gallison
Galit	Galit, Galyt
Galkehorn	Galkehorn, Galkehorne
Gallo	Gallo, Galo
Galm	Galm, Galme, Gom, Gome
Galman	Galman
Galmian	Galmian
Galmon	Galmon
Galoch	Galoch, Galoche
Galoin	Galoin, Galoyne
Galond	Galond
Galopin	Galopin, Galopyn
Galow	Galow, Galowe
Galphero	Galphero
Galphredo	Galphredo
Galsedo	Galsedo
Galt	Galt
Galter	Galter
Galteri	Galteri
Galterus	Galterus
Galthrop	Galthrop, Galthrope
Galtier	Galtier
Galtrot	Galtrot, Galtrott
Galvan	Galvan
Galvano	Galvano
Galvanus	Galvanus
Galven	Galven
Galwei	Galwei, Galwey
Gam	Gam, Gamb, Gambe, Game, Gamme
Gamag	Gamag, Gamage, Gammage
Gamardes	Gamardes
Gamba	Gamba
Gambelot	Gambelot, Gambelott
Gambo	Gambo
Gamboa	Gamboa
Gamch	Gamch, Gamche
Gamel	Gamel, Gamele
Gamelin	Gamelin, Gamelyn
Gameret	Gameret
Games	Games
Gamon	Gamon
Gamst	Gamst
Gamus	Gamus
Gan	Gan, Ganne
Ganardi	Ganardi
Ganbot	Ganbot, Ganbott
Ganch	Ganch, Ganche, Gantch, Gantche
Gancher	Gancher
Ganci	Ganci, Gancy
Gandres	Gandres
Gandulpho	Gandulpho
Ganer	Ganer
Ganers	Ganers
Ganesh	Ganesh, Ganesshe
Ganet	Ganet
Gangat	Gangat, Gangate
Gangel	Gangel, Gangell
Gangelhold	Gangelhold, Gangelholde
Ganich	Ganich, Ganiche
Ganispol	Ganispol, Ganyspoll
Gano	Gano
Ganoer	Ganoer
Ganr	Ganr, Ganre
Gans	Gans
Gansam	Gansam, Gansham
Ganscel	Ganscel, Ganscelle
Gansh	Gansh, Ganshe
Gansman	Gansman
Ganspel	Ganspel, Ganspele, Ganspell
Ganspol	Ganspol, Ganspole, Ganspoll, Ganspolle
Ganst	Ganst
Gant	Gant
Gantel	Gantel, Gantell
Gapion	Gapion
Gar	Gar, Gare, Garr, Garre
Gara	Gara, Garra
Garad	Garad, Garade, Garrad, Garrade
Garades	Garades, Garrades
Garado	Garado, Garrado
Garadson	Garadson, Garradson
Garal	Garal, Garralle
Garald	Garald, Garrald
Garand	Garand, Garrande
Garanda	Garanda
Garandes	Garandes, Garrandes
Garans	Garans
Garar	Garar, Garrar
Garard	Garard, Gararde, Garrard, Garrarde
Garardes	Garardes, Garrardes
Garardeson	Garardeson, Garrardesson
Garardi	Garardi, Garrardi
Garardo	Garardo, Garrardo
Garardson	Garardson, Garrardson
Gararedi	Gararedi
Gararson	Gararson, Garrarson
Garart	Garart, Garartt
Garasio	Garasio
Garat	Garat, Garatt, Garrat, Garratt
Garatson	Garatson, Garratson
Garaunt	Garaunt, Garaunte
Garawei	Garawei, Garawey
Garbald	Garbald
Garband	Garband
Garbitso	Garbitso
Garbond	Garbond
Garboval	Garboval, Garbovale
Garbrand	Garbrand, Garbrande
Garbrandi	Garbrandi
Garbrantson	Garbrantson
Garbrond	Garbrond
Garc	Garc, Garce
Garcea	Garcea, Garcia, Garsea
Garceo	Garceo, Garsio, Garsyo
Garcera	Garcera
Garci	Garci, Garcy, Garsi, Garsie, Garsy, Garsye
Garciano	Garciano
Garcio	Garcio
Garcion	Garcion
Gard	Gard, Garde, Guard
Garda	Garda
Gardalupa	Gardalupa
Gardelop	Gardelop
Gardelupa	Gardelupa
Garden	Garden, Gardene, Gardon, Guardon
Gardenal	Gardenal, Gardenall
Gardenar	Gardenar, Gardenare, Gardener, Gardenner, Gardoner
Garderich	Garderich, Garderiche
Gardiener	Gardiener, Gardyener
Gardin	Gardin, Gardine, Gardyn, Gardyne
Gardinar	Gardinar, Gardynar
Gardiner	Gardiner, Gardnar, Gardnare, Gardner, Gardnor, Gardyner, Gardynner
Gardinet	Gardinet
Gardino	Gardino
Gardo	Gardo
Gardock	Gardock
Gardosa	Gardosa
Gardot	Gardot, Gardotte
Garebrond	Garebrond, Garrebrond, Garrebronde
Garedson	Garedson, Garedsson
Garegana	Garegana
Garei	Garei, Garrey
Garein	Garein, Gareyn
Garel	Garel, Garelle
Garela	Garela, Garella
Garen	Garen, Garren
Garenda	Garenda
Gareni	Gareni
Garens	Garens
Garerd	Garerd, Garrerd, Garrerde
Gares	Gares
Garet	Garet, Garete, Garett, Garret, Garrete, Garrett
Garetano	Garetano
Garetes	Garetes, Garrettes
Gareto	Gareto, Garretto
Garetson	Garetson, Garettson, Garretson, Garrettson
Garevar	Garevar, Garevare
Garew	Garew, Garrew
Garfeld	Garfeld
Garffyld	Garffyld, Garfild
Garfold	Garfold
Garg	Garg, Garge
Gargam	Gargam
Gargara	Gargara
Gargel	Gargel, Gargelle
Gargen	Gargen
Gargrav	Gargrav, Gargrave
Gari	Gari, Garry, Gary
Garia	Garia, Garria
Gariad	Gariad, Garyad
Garibald	Garibald, Garibalde, Garybalde
Garibot	Garibot, Garybott
Garin	Garin, Garrin, Garyn, Garyne
Garinio	Garinio
Garins	Garins, Garryns, Garyns
Gariola	Gariola
Garison	Garison, Garyson
Garlako	Garlako
Garland	Garland
Garlandson	Garlandson
Garleson	Garleson
Garlik	Garlik, Garlyk
Garling	Garling, Garlinge
Garlof	Garlof, Garloff
Garlok	Garlok
Garlond	Garlond
Garman	Garman, Garmon
Garmano	Garmano
Garmenson	Garmenson
Garmes	Garmes
Garmis	Garmis, Garmys
Garmonson	Garmonson
Garn	Garn
Garnam	Garnam
Garnar	Garnar, Garner
Garnason	Garnason
Garneca	Garneca
Garneka	Garneka, Garnica
Garnes	Garnes, Garns
Garnesea	Garnesea
Garnesei	Garnesei, Garnesey
Garnesh	Garnesh, Garneshe, Garnis, Garnish, Garnishe, Garnys, Garnyshe
Garnesher	Garnesher, Garneshere
Garnet	Garnet
Garneto	Garneto
Garnon	Garnon
Garnoun	Garnoun
Garnson	Garnson
Garo	Garo
Garofol	Garofol, Garofole
Garola	Garola, Garolla
Garold	Garold, Garrold
Garolo	Garolo
Garoun	Garoun
Garow	Garow, Garrow, Grow, Growe
Gars	Gars, Garse, Garsse, Guares
Garsden	Garsden
Garsei	Garsei, Garsey
Garsia	Garsia, Garsya
Garsian	Garsian, Garsiane
Garsiarnoldo	Garsiarnoldo, Garsyarnoldo
Garsimus	Garsimus, Garsymus
Garsiot	Garsiot, Garsyot, Garsyott
Garson	Garson, Garsone, Garsson
Garst	Garst
Garstang	Garstang, Garstange
Garsum	Garsum
Gart	Gart, Guart
Gartar	Gartar
Garteset	Garteset
Garteson	Garteson
Garth	Garth, Garthe
Garthered	Garthered
Garthorp	Garthorp
Garti	Garti, Garty
Garton	Garton
Gartrud	Gartrud, Gartrude
Gartson	Gartson, Gartsone
Garvei	Garvei, Garvey
Garver	Garver
Garves	Garves
Garvesio	Garvesio
Garwai	Garwai, Garway, Garwei, Garwey
Garwaie	Garwaie, Garwaye
Gas	Gas, Gase, Gasse
Gasai	Gasai, Gassay
Gasarnon	Gasarnon, Gassarnon
Gascoign	Gascoign, Gascoigne, Gascoin, Gascoygne, Gascoyn, Gascoyne
Gascon	Gascon
Gascong	Gascong, Gasconge
Gasconia	Gasconia
Gasconie	Gasconie
Gasconii	Gasconii
Gascoun	Gascoun
Gasegil	Gasegil, Gasegill, Gasegyll, Gasegylle
Gaseler	Gaseler, Gasseler
Gasian	Gasian, Gasyan
Gasias	Gasias, Gassyas
Gasier	Gasier, Gasyer
Gasil	Gasil, Gasylle
Gasiop	Gasiop, Gassyop
Gask	Gask, Gaske
Gaskal	Gaskal, Gaskall
Gaskin	Gaskin, Gaskyn
Gaskon	Gaskon
Gaskonie	Gaskonie
Gaslei	Gaslei, Gasley
Gasmor	Gasmor, Gassmore
Gaso	Gaso, Gasso
Gaspar	Gaspar, Gasper, Gaspere
Gaspario	Gaspario
Gasparo	Gasparo
Gasperi	Gasperi
Gasperis	Gasperis
Gaspero	Gaspero
Gaspol	Gaspol, Gaspole
Gasque	Gasque
Gastehous	Gastehous
Gasthorp	Gasthorp, Gastorp
Gasthows	Gasthows
Gasti	Gasti
Gastigarivia	Gastigarivia
Gastinega	Gastinega
Gastler	Gastler
Gastman	Gastman
Gaston	Gaston
Gastrich	Gastrich
Gat	Gat, Gate, Gatt
Gataila	Gataila, Gatailla
Gatal	Gatal, Gatall
Gatar	Gatar, Gatare
Gatberth	Gatberth
Gatei	Gatei, Gatey
Gateri	Gateri, Gatery
Gateria	Gateria
Gates	Gates
Gatiiet	Gatiiet, Gatyyett
Gato	Gato, Gatto
Gatward	Gatward
Gauck	Gauck
Gaudeck	Gaudeck
Gaufei	Gaufei, Gaufey
Gaulffrido	Gaulffrido, Gaulfrido
Gaunag	Gaunag, Gaunage
Gaunc	Gaunc, Gaunce
Gaunch	Gaunch, Gaunche, Gawnch, Gawnche
Gaundeerus	Gaundeerus
Gaunderel	Gaunderel, Gaunderell
Gaung	Gaung, Gaunge
Gauns	Gauns, Gaunse
Gaunsi	Gaunsi, Gaunsy
Gaunsman	Gaunsman
Gaunt	Gaunt, Gaunte, Gauntte, Gawnt, Gawnte
Gausa	Gausa
Gausham	Gausham
Gautron	Gautron
Gavallo	Gavallo, Gavalo
Gavansa	Gavansa
Gavelan	Gavelan, Gavelane
Gaveria	Gaveria
Gavet	Gavet, Gavett, Govet, Govot, Govotte
Gavi	Gavi, Gavy
Gavilan	Gavilan, Gavylan
Gavisens	Gavisens, Gavysens
Gavit	Gavit, Gavytt
Gavot	Gavot, Gavott, Gavotte
Gawan	Gawan
Gawand	Gawand
Gawanus	Gawanus
Gaward	Gaward, Gawarde
Gawart	Gawart
Gawei	Gawei, Gawey
Gawen	Gawen
Gawer	Gawer, Gor, Gore, Gorre
Gawerd	Gawerd
Gawet	Gawet
Gawin	Gawin, Gawyn
Gawino	Gawino
Gawl	Gawl, Gawle
Gawlet	Gawlet, Gawlett, Gawllett
Gawli	Gawli, Gawly
Gawn	Gawn, Gawne
Gawnsham	Gawnsham
Gawot	Gawot, Gawott
Gawoto	Gawoto
Gawrica	Gawrica
Gawris	Gawris
Gawrit	Gawrit, Gawritte
Gawrs	Gawrs, Gors, Gorse
Gaws	Gaws, Gawse
Gawsam	Gawsam
Gawsher	Gawsher
Gawsi	Gawsi, Gawsy
Gawson	Gawson
Gawtier	Gawtier
Gawtow	Gawtow
Gazo	Gazo
Ge	Ge, Gie, Gui, Guie, Guy, Guye, Gye
Gea	Gea, Gi, Gy
Gean	Gean, Geane, Gin, Gyn, Gyne
Gebbie	Gebbie, Gebie
Gebbyns	Gebbyns, Gebins
Gebelin	Gebelin, Gebelyne
Gebert	Gebert, Gebertte
Gebon	Gebon
Gebons	Gebons
Gebouns	Gebouns
Gedard	Gedard
Geddyng	Geddyng, Geding
Gedenei	Gedenei, Gedeney
Gedens	Gedens
Gedg	Gedg, Gedge
Gedhok	Gedhok, Gedhoke
Gedins	Gedins, Gedyns
Gedis	Gedis, Gedys
Gednei	Gednei, Gedney
Geduk	Geduk, Geduke
Gef	Gef, Geffe
Gefera	Gefera, Geffera
Geferei	Geferei, Gefferey, Geffr, Geffre, Gefr
Geferi	Geferi, Geffery
Geferson	Geferson, Gefferson
Geffray	Geffray, Geffry, Gefrai, Gefri
Geffrey	Geffrey, Gefrei
Geffreye	Geffreye, Gefreie, Goffrye, Gofrie
Geffrido	Geffrido, Gefrido
Geffrion	Geffrion, Gefrion
Geffron	Geffron, Gefron
Geffyn	Geffyn, Gefin
Geg	Geg, Gege, Gegge
Gegarie	Gegarie
Geifin	Geifin, Geyffyn
Geifri	Geifri, Geyffry
Geig	Geig, Geigg
Geimaker	Geimaker, Geymaker
Geines	Geines, Gewenes, Gewenese, Geynes
Geinesa	Geinesa, Geynessa
Geinin	Geinin, Geynyn
Geis	Geis, Geyse
Geisar	Geisar, Geysar
Geiser	Geiser, Geyser
Geisham	Geisham
Geiton	Geiton, Geyton
Gel	Gel, Gelle
Gelais	Gelais, Gelaise
Gelak	Gelak, Gellak
Gelam	Gelam, Gelame
Geland	Geland
Gelbark	Gelbark, Gelbarke
Gelbart	Gelbart
Geld	Geld, Gelde
Gelda	Gelda
Geldars	Geldars
Gelder	Gelder, Geldr, Geldre
Gelderman	Gelderman
Geldern	Geldern, Gelderne
Gelders	Gelders
Geldo	Geldo
Gelebrand	Gelebrand
Gelena	Gelena
Gelet	Gelet
Geli	Geli, Gely
Gelian	Gelian, Gelyan
Gelibrand	Gelibrand
Gelifat	Gelifat, Gelyfat
Gelimaker	Gelimaker
Gelin	Gelin, Gelyn
Geling	Geling, Gelinge, Gelyng
Gelingham	Gelingham, Gelyngham
Gelinson	Gelinson, Gelynson
Gelio	Gelio, Gelyo, Gilio, Gylyo
Gelis	Gelis, Gellis, Gelys
Gelkeches	Gelkeches
Gelker	Gelker
Gelkerk	Gelkerk, Gelkerke, Gelkirk, Gelkirke, Gelkyrk, Gelkyrke
Gelko	Gelko
Gelkork	Gelkork, Gelkorke
Gelman	Gelman
Geloemis	Geloemis
Gelons	Gelons
Gelow	Gelow, Gelowe
Gemarik	Gemarik
Gemeing	Gemeing, Gemeyng
Gemes	Gemes
Geming	Geming, Gemynge
Gemis	Gemis
Gen	Gen, Gene, Genne
Genar	Genar
Genens	Genens, Gennens
Geneport	Geneport, Genneport
Genes	Genes, Genese
Genesa	Genesa
Genesia	Genesia
Genet	Genet
Genevis	Genevis, Genevise
Geneviso	Geneviso
Genig	Genig, Genige
Genin	Genin, Gennyn, Genyn
Genins	Genins, Gennyns, Genyns
Genis	Genis, Genise, Genys, Genyse
Geniwood	Geniwood, Genywoode
Genot	Genot
Gens	Gens
Gensh	Gensh, Genshe
Genstower	Genstower
Gent	Gent, Gente
Gentel	Gentel
Gentero	Gentero
Gentes	Gentes
Genti	Genti
Gentil	Gentil, Gentile, Gentill, Gentille, Genttille, Gentyl, Gentyle, Gentyll, Gentylle
Gentis	Gentis, Gentisch, Gentische, Gentish, Gentishe, Gentissh, Gentisshe, Gentysch, Gentysh, Gentyshe, Gentysshe
Geo	Geo
Geoffrey	Geoffrey, Geofrei
Geogrio	Geogrio
Geor	Geor
Georg	Georg, George
Georgei	Georgei
Georgeii	Georgeii
Georgeo	Georgeo, Georgio, Giorgio
Georges	Georges
Georgeson	Georgeson, Georgesson
Georgeus	Georgeus
Georgi	Georgi
Georgie	Georgie, Georgii
Georgium	Georgium
Georgius	Georgius
Georgson	Georgson, Georgsson
Georgus	Georgus
Georn	Georn
Georson	Georson, Georsson
Ger	Ger, Gere, Gerr, Gerre, Gir, Gr, Gre, Guer, Guerre, Gyr
Gera	Gera, Gerot, Gerra, Gerrot
Gerad	Gerad, Gerrad, Gerrade
Geradeson	Geradeson, Geradesson
Geral	Geral, Geralle
Gerald	Gerald, Geralde, Gerralde
Geraldi	Geraldi
Geraldo	Geraldo
Geramer	Geramer, Gerramer
Geramson	Geramson
Gerand	Gerand, Gerrand
Gerard	Gerard, Gerarde, Gerrard, Gerrarde
Gerardeson	Gerardeson, Gerardesson, Gerardison, Gerardisson, Gerrardesson, Gerrardisson
Gerardeswif	Gerardeswif, Gerardeswyfe
Gerardi	Gerardi, Gerardy, Gerrardi
Gerardin	Gerardin, Gerardyne
Gerardo	Gerardo, Gerrardo
Gerardson	Gerardson, Gerardsson, Gerrardson, Gerrardsson
Gerardus	Gerardus, Gerrardus
Gerasco	Gerasco, Gerrasco
Geraso	Geraso
Geraund	Geraund
Geraunt	Geraunt
Gerbr	Gerbr
Gerbrai	Gerbrai, Gerbray
Gerbrand	Gerbrand, Gerbrande
Gerbrandeson	Gerbrandeson, Gerbrandesson
Gerbrond	Gerbrond
Gerdeler	Gerdeler, Girdeler, Girdler, Gurdeler, Gyrdeler, Gyrdler
Gerdener	Gerdener
Gerdeson	Gerdeson, Gerdesson
Gerdo	Gerdo, Girdo, Gyrdo
Gereband	Gereband
Gerebrai	Gerebrai, Gerebray
Gerebrando	Gerebrando
Gered	Gered, Gerede
Gereffrido	Gereffrido, Gerefrido
Gerei	Gerei, Gerrey
Gereins	Gereins, Gereyns
Gerel	Gerel, Gerelle
Gerelof	Gerelof, Gereloffe
Gerem	Gerem, Gerom, Gerome, Gerrome
Geremia	Geremia
Geremio	Geremio
Gerens	Gerens, Gerrens
Gereo	Gereo, Gerreo
Gererd	Gererd, Gerrerd
Gererdo	Gererdo
Geret	Geret, Gerret
Gereteson	Gereteson, Gerrettesson
Geretrud	Geretrud
Geretson	Geretson, Gerretson
Gerewin	Gerewin, Gerewyn, Geron, Geronn
Gerexton	Gerexton
Gerfford	Gerfford, Gerford
Gerhardo	Gerhardo
Geri	Geri, Gerry, Gery
Gerik	Gerik, Geryk
Gerin	Gerin, Gerryn, Geryn
Gering	Gering, Geryng
Geringes	Geringes, Gerynges
Geris	Geris, Gerys
Gerken	Gerken
Gerkin	Gerkin
Gerlandeson	Gerlandeson, Gerlandesson
Gerlekes	Gerlekes
Gerler	Gerler
Gerlik	Gerlik, Gerlyk
Gerlof	Gerlof, Gerloff
Gerlofeson	Gerlofeson, Gerloffesson
Germain	Germain, Germayn, Germayne
German	German
Germani	Germani, Germany
Germanio	Germanio
Germano	Germano
Germen	Germen, Germin, Germyn
Gern	Gern, Gerne
Gernes	Gernes, Gurnes
Gernet	Gernet
Gernon	Gernon
Gernsei	Gernsei, Gernsey
Gero	Gero, Gerro
Gerob	Gerob, Gerobe
Gerof	Gerof, Geroff
Gerola	Gerola
Gerold	Gerold
Gerolimo	Gerolimo, Gerolymo
Gerond	Gerond, Gerrond
Geronimi	Geronimi
Geronimo	Geronimo
Geros	Geros, Gerose
Geroso	Geroso
Geroun	Geroun, Gerroun
Gerson	Gerson, Gersson
Gert	Gert, Guert, Gurt
Gertrud	Gertrud, Gertrude
Gertson	Gertson, Gerttson
Gervaci	Gervaci, Gervacy
Gervacio	Gervacio
Gervais	Gervais, Gervays
Gervas	Gervas
Gervasei	Gervasei
Gervasii	Gervasii
Gervasio	Gervasio
Gervasius	Gervasius
Gerveis	Gerveis, Gerveise, Gerveys
Gerves	Gerves
Gervesio	Gervesio
Gervez	Gervez
Gervies	Gervies
Gervis	Gervis, Gervise, Gervys, Gervyse
Gerwin	Gerwin, Gerwyn
Gerwino	Gerwino, Gerwyno
Ges	Ges, Gese, Gesse
Geseiling	Geseiling, Geseylyng
Geseking	Geseking, Gesekyng
Gesel	Gesel, Gesselle
Geseling	Geseling, Geselyng
Gesen	Gesen, Gessen
Geser	Geser, Gesher, Geshere
Geset	Geset, Gessett, Goset, Gosset, Gossett
Gesigan	Gesigan
Gesling	Gesling, Geslyng
Geson	Geson, Gesson
Gesori	Gesori, Gessory
Gesours	Gesours
Gest	Gest
Gesteman	Gesteman
Gestketon	Gestketon
Gestman	Gestman
Geswel	Geswel, Geswelle
Getar	Getar, Geter, Gettare, Getter
Getard	Getard
Getari	Getari, Getary, Gettary
Getaria	Getaria
Getarie	Getarie
Geteria	Geteria
Getfeld	Getfeld, Getffeld
Gethins	Gethins, Gethyns
Getinges	Getinges, Gettyngges
Getins	Getins, Gettyns
Getour	Getour, Gettour
Getvil	Getvil, Getvile
Gevens	Gevens
Gharardi	Gharardi
Gharet	Gharet, Gharett, Grot, Grote, Grotte, Grut, Grute
Ghebert	Ghebert, Gibert, Gybert
Ghens	Ghens
Gheorgio	Gheorgio
Ghera	Ghera, Gherra, Guera
Gherant	Gherant
Gherard	Gherard
Gherardeson	Gherardeson, Gherardesson
Gherardi	Gherardi
Gherardo	Gherardo
Gherbrant	Gherbrant
Gherbrantson	Gherbrantson
Gherens	Gherens
Gherins	Gherins
Gherntson	Gherntson
Ghis	Ghis, Ghise, Gis, Gise, Gisse, Gisz, Gys, Gyse, Gysse, Gysz
Gholoman	Gholoman
Ghues	Ghues, Goos, Goose
Ghunes	Ghunes, Ghunnes
Ghunter	Ghunter, Gunter
Gian	Gian, Gyan
Gianson	Gianson, Gyanson
Gib	Gib, Gyb, Gybbe
Gibbes	Gibbes, Gibes, Gybbes, Gybes
Gibbin	Gibbin, Gibin
Gibbins	Gibbins, Gibbyns, Gibins, Gybbins, Gybyns
Gibbis	Gibbis, Gibis, Gybbis, Gybbys
Gibbone	Gibbone, Gibon, Gibone, Gybon
Gibbons	Gibbons, Gibons, Gybbons, Gybons
Gibilorsa	Gibilorsa
Gibkin	Gibkin, Gybkyne
Gibson	Gibson, Gibsson, Gybson, Gybsone
Gicat	Gicat, Gicate
Gichard	Gichard
Gidon	Gidon, Gidone, Guidon, Guidone, Guydone
Gieffray	Gieffray, Giefrai
Giel	Giel, Gyell
Giellmon	Giellmon, Gielmon
Giens	Giens, Gyens
Gierg	Gierg, Gierge
Giesling	Giesling, Gieslinge
Gif	Gif, Gyff
Gifard	Gifard, Gyffard
Giferson	Giferson, Gifferson
Giffon	Giffon, Gifon
Gifforson	Gifforson, Giforson
Gigenet	Gigenet
Giges	Giges, Gigges, Gyges, Gygges
Giget	Giget
Giggis	Giggis, Gigis, Gygys
Gignis	Gignis, Gygnys
Gil	Gil, Gile, Gill, Gille, Gyle, Gyll, Gylle
Gilam	Gilam, Gillam, Gillame, Guilam, Guillam, Guyllam, Gyllam
Gilan	Gilan, Gillan, Gillone, Gilon, Gylon
Gilanson	Gilanson
Gilard	Gilard, Gyllarde
Gilarin	Gilarin, Gillaryn
Gilaum	Gilaum, Gillaum, Guilaum, Guillaum
Gilbard	Gilbard, Gilberd, Gylbard, Gylberd
Gilbart	Gilbart, Gylbart
Gilberson	Gilberson
Gilbert	Gilbert, Gilberte, Gylbert, Gylberte
Gilberti	Gilberti, Gylberti
Gilberto	Gilberto, Guilberto, Gylberto
Gilbertson	Gilbertson
Gilbik	Gilbik, Gilbyke
Gilbrandeson	Gilbrandeson, Gilbrandesson
Gild	Gild, Gyld
Gildeford	Gildeford, Gyldeforde
Gildemaister	Gildemaister
Gildeman	Gildeman, Gyldeman
Gildemeister	Gildemeister, Gildemeyster
Gilder	Gilder, Gildr, Gildre, Gylder, Gyldre
Gilderman	Gilderman, Gildrman
Gilders	Gilders, Gylders
Gilei	Gilei, Gylley
Gilelm	Gilelm, Gillelme
Gilelmi	Gilelmi, Gillelmi, Guilelmi, Guillelmi
Gilelmo	Gilelmo, Gillelmo, Guilelmo, Guillelmo, Guyllelmo
Gilem	Gilem, Gilleme
Gileman	Gileman, Gyleman
Gilemin	Gilemin, Guilemin, Guyllemyn, Gylemyn
Gilemot	Gilemot
Gilen	Gilen, Gillen
Gileraie	Gileraie, Gilleraye
Gilerson	Gilerson, Gylerson
Giles	Giles, Gilles, Gyles, Gylles
Gileson	Gileson, Gilesson, Gillesson, Gyleson, Gylesone, Gylesson
Gileston	Gileston, Gyleston
Gilet	Gilet, Gilett, Gillet, Gillett, Gyllett
Gilford	Gilford, Gilforde, Guilford, Guylford, Gylford
Gilgor	Gilgor, Gilgore
Gilham	Gilham, Gylham
Giliam	Giliam, Gilliam, Gillyam, Guiliam, Guilliam, Guylyam, Gylliam
Giliman	Giliman, Gilyman
Gilimor	Gilimor, Gillimore
Giling	Giling, Gillyng, Gyllyng, Gyllynge, Gylyng
Gilingam	Gilingam, Gillingam
Gilingham	Gilingham, Gillingham, Gyllingham, Gyllyngham
Gilinson	Gilinson, Gyllynson
Gilion	Gilion, Gylyon
Giliot	Giliot, Gilliott
Gilis	Gilis, Gillis, Gilys, Gylis, Gyllis, Gylys
Gilison	Gilison, Gilisson, Gillisson, Gylysson
Gilker	Gilker
Gilkirk	Gilkirk, Gylkyrke
Gilkson	Gilkson
Gillmemott	Gillmemott, Gilmemot
Gillorye	Gillorye, Gilorie
Gillot	Gillot, Gillott, Gilot, Gyllot, Gyllott, Gylot
Gillz	Gillz, Gils, Gilz, Gylls
Gilman	Gilman, Guillman, Guilman, Gylman
Gilmani	Gilmani
Gilmester	Gilmester
Gilmet	Gilmet, Gylmet
Gilmin	Gilmin, Gilmyn, Gylmyn
Gilmister	Gilmister, Gylmyster
Gilort	Gilort
Gilotis	Gilotis, Gylottys
Gilow	Gilow, Gylowe
Gilson	Gilson, Gilsone, Gylson
Gimark	Gimark, Gymark
Gimart	Gimart, Gymart
Gimbart	Gimbart, Gymbart
Giming	Giming, Gymmyng
Gimot	Gimot, Gymot
Ginea	Ginea, Gynnea
Giner	Giner, Gynere
Gines	Gines, Gynnes
Ginis	Ginis, Gynise, Gynys, Gynyse
Gino	Gino, Gyno
Ginolet	Ginolet, Gynolet
Ginot	Ginot, Gynot
Gion	Gion, Gione, Gyon, Gyone
Giot	Giot, Gyot
Gipewici	Gipewici, Gippewici
Gipewico	Gipewico, Gippewico
Gipwico	Gipwico
Girad	Girad, Gyrade
Gird	Gird, Girde
Girdlar	Girdlar, Girdlare
Girkat	Girkat, Gyrkat
Girlins	Girlins, Girlyns
Girtes	Girtes, Gyrtes
Girwhit	Girwhit, Gyrwhite
Girwin	Girwin, Girwyn
Gisbart	Gisbart, Gysbart
Gisbert	Gisbert
Gisberto	Gisberto
Gisborn	Gisborn, Gisborne
Gisbrandeson	Gisbrandeson, Gisbrandesson
Gisbreght	Gisbreght
Gisbrick	Gisbrick, Gisbricke
Gisbrigh	Gisbrigh, Gysbrygh
Gisbright	Gisbright, Gisbryght, Gisebright, Guisbright, Gysbright, Gysbryght
Gisbrightson	Gisbrightson, Gisbrightsson, Gysbrightson, Gysbryghtson, Gysbryghtsson
Gisbrigth	Gisbrigth, Gisebrigth, Gissebrigth
Gisbrigthson	Gisbrigthson, Gyssbrigthsson
Gisbrinck	Gisbrinck, Gysbrincke
Gisbritson	Gisbritson, Gisbritsson
Giscow	Giscow, Giscowe
Giseberd	Giseberd
Gisegham	Gisegham, Gysegham, Gyssegham
Giseghein	Giseghein, Gysegheyn
Gisel	Gisel, Gysele
Giselei	Giselei, Giseley
Giselin	Giselin, Giselyn, Gislin, Gislyn, Gyselyn, Gyselyne, Gysselyn
Giseling	Giseling, Gisseling, Gyselyng, Gysselyng
Giser	Giser, Gisser
Gisie	Gisie, Gyssye
Gisil	Gisil, Gissill
Giskow	Giskow, Gyskowe
Gislei	Gislei, Gisley
Gisling	Gisling, Gislyng, Gyslyng
Gison	Gison, Gisson, Gyson
Gisorsi	Gisorsi, Gysorsy
Gisoun	Gisoun
Gisours	Gisours, Gysours
Gisteman	Gisteman
Gistman	Gistman
Giszghein	Giszghein, Gyszgheyn
Gitar	Gitar, Gytar
Gitaria	Gitaria, Gyttaria
Gitens	Gitens, Gyttens
Giteri	Giteri, Gitteri
Gitins	Gitins, Gittyns, Gyttins, Gyttyns
Gitons	Gitons, Gittons, Gyttons
Gitora	Gitora, Gittora
Giulico	Giulico
Giuliconis	Giuliconis
Givers	Givers, Gyvers
Giz	Giz, Gize, Gyze
Glad	Glad, Glade
Gladi	Gladi
Gladman	Gladman
Glado	Glado
Gladra	Gladra
Glaf	Glaf
Glainvel	Glainvel
Glalius	Glalius, Glalyus
Glamvil	Glamvil, Glamvile, Glamvill, Glamville
Glando	Glando
Glas	Glas, Glasse
Glaseier	Glaseier, Glaseyer
Glasemaker	Glasemaker
Glasiar	Glasiar, Glasiare, Glasier, Glassiar, Glassier, Glasyar, Glasyare, Glasyer
Glaumvil	Glaumvil, Glaumvile
Glaver	Glaver
Glavering	Glavering
Glaves	Glaves
Glebetes	Glebetes, Glebettes
Gled	Gled, Glede
Glein	Glein, Gleyn
Gleison	Gleison
Glemesford	Glemesford
Glenaunt	Glenaunt
Glenffordes	Glenffordes, Glenfordes
Glensfordes	Glensfordes, Glenssfordes
Glensforthes	Glensforthes
Gles	Gles
Gletcher	Gletcher
Glew	Glew, Glewe
Glewart	Glewart
Glewm	Glewm, Glewme
Glewmis	Glewmis, Glewmys
Gli	Gli, Gly
Glich	Glich, Gliche
Glin	Glin, Glyn
Glincarn	Glincarn, Glyncarn, Glyncarne
Glingcarn	Glingcarn, Glyngcarne
Glinkerd	Glinkerd, Glynkerd
Glinson	Glinson, Glynson
Glis	Glis, Glyse
Glo	Glo
Glocester	Glocester
Glocestr	Glocestr, Glocestre
Glod	Glod, Glode
Gloda	Gloda
Glogus	Glogus
Glois	Glois, Gloys, Gloyse
Glos	Glos, Glose, Glosse
Gloucestr	Gloucestr, Gloucestre
Gloucestrie	Gloucestrie
Glover	Glover
Gloves	Gloves
Glowdo	Glowdo
Glud	Glud, Glude
Gludi	Gludi, Gludy
Gluduk	Gluduk, Gluduke
Glums	Glums
Glusier	Glusier
Go	Go, Gogh
Goal	Goal, Goale
Goanreg	Goanreg, Goanrege
Goarco	Goarco
Goart	Goart, Goarte
Goates	Goates, Goattes
Gobbesson	Gobbesson, Gobeson, Gobesson
Gobel	Gobel, Gobell
Gobelino	Gobelino, Gobellino
Goben	Goben
Gobenei	Gobenei, Gobeney
Gobert	Gobert
Gobet	Gobet, Gobett
Gobi	Gobi, Goby
Gobin	Gobin, Gobyn
Gobrand	Gobrand
Goceri	Goceri, Gocery, Goseri, Gosery, Gosserry, Gossery
Goch	Goch, Goche
Gochea	Gochea
Gocheni	Gocheni, Gocheny
Gocher	Gocher
Gochoni	Gochoni, Gochony
Gocogea	Gocogea
God	God, Godd, Godde, Gode
Godal	Godal, Godale, Goddale
Godard	Godard, Godarde, Goddard
Godardo	Godardo
Godart	Godart
Godberad	Godberad, Godberade
Godbert	Godbert
Godberto	Godberto
Godbriam	Godbriam, Godbryam
Godbrian	Godbrian
Goddere	Goddere, Goder
Goddescalk	Goddescalk, Goddescalke, Godescalk, Godescalke
Goddesknyght	Goddesknyght, Godesknight, Godesknyght
Goddeson	Goddeson, Goddesson, Godeson, Godesson
Goddesrade	Goddesrade, Godesrad
Goddiscalke	Goddiscalke, Godiscalk, Godiskalk, Godiskalke, Godyscalk, Godyscalke, Godyskalke
Goddishalffe	Goddishalffe, Godishalf
Goddiskneght	Goddiskneght, Goddysknyt, Godiskneght, Godisknit
Godeberad	Godeberad, Godeberade
Godefalaw	Godefalaw, Godefalawe
Godeffriday	Godeffriday, Godefridai
Godeffrido	Godeffrido, Godefrido
Godefrai	Godefrai, Godefray
Godefrei	Godefrei, Godefrey
Godefrend	Godefrend
Godehals	Godehals
Godekin	Godekin, Godekyn
Godel	Godel, Godewal, Godewale, Godewel, Godewelle, Godewil, Godewill, Godewille, Godewyll
Godelak	Godelak, Godelake
Godeland	Godeland
Godeman	Godeman
Godemanson	Godemanson, Godemansson
Goderd	Goderd
Goderech	Goderech, Goderich, Goderiche, Goderik, Goderike, Goderyk, Goderyke
Goderig	Goderig, Goderygge
Godesburgh	Godesburgh
Godescalco	Godescalco
Godesot	Godesot, Godesotte
Godeston	Godeston
Godet	Godet
Godewin	Godewin, Godewyn, Godin, Godyn, Godyne
Godfardo	Godfardo
Godfardson	Godfardson
Godferi	Godferi, Godfery
Godfero	Godfero
Godffray	Godffray, Godffreye, Godfrai, Godfray, Godfreie, Godfreye, Godfri, Godfry
Godffrey	Godffrey, Godfrei, Godfrey, Godphrei, Godphrey
Godffrido	Godffrido, Godfrido, Godfrydo, Godphrido
Godffroy	Godffroy, Godfroi
Godfr	Godfr
Godfraie	Godfraie, Godfraye
Godfraison	Godfraison, Godfrayson
Godfreison	Godfreison, Godfreyson
Godfrew	Godfrew
Godfridi	Godfridi
Godfridum	Godfridum
Godi	Godi, Godie, Gody, Godye
Godier	Godier, Godyere
Godil	Godil, Godyll
Goding	Goding, Godyng, Godynge
Godken	Godken
Godkenson	Godkenson, Godkensson
Godkin	Godkin, Godkyn, Godkyne
Godlad	Godlad
Godland	Godland
Godman	Godman
Godmaneson	Godmaneson, Godmannesson, Godmanson, Godmansson
Godneston	Godneston
Godnis	Godnis, Godnys
Godphredo	Godphredo
Godpriant	Godpriant
Godrick	Godrick, Godrik, Godrike, Godryke
Gods	Gods
Godsalvus	Godsalvus
Godscak	Godscak
Godscalk	Godscalk, Godscalke
Godsel	Godsel, Godsell
Godson	Godson
Godwil	Godwil, Godwille
Godwin	Godwin, Godwyn, Godwyne
Godwino	Godwino, Godwyno
Goearso	Goearso
Goer	Goer
Goeta	Goeta, Gota, Gotta
Gof	Gof, Goff, Goffe
Gofair	Gofair, Gofaire, Gofayr, Goffair, Goffaire
Gofard	Gofard, Goffard
Gofardeson	Gofardeson, Goffardesson
Gofardson	Gofardson, Goffardsson
Gofen	Gofen, Goffen
Gofeton	Gofeton, Goffeton
Goffordesson	Goffordesson, Gofordeson
Gofr	Gofr, Gofre
Gofton	Gofton
Gog	Gog, Goge
Gogee	Gogee
Gogeshal	Gogeshal, Goggeshale, Goggeshall
Goget	Goget
Gogin	Gogin, Gogyn
Gohalt	Gohalt
Gohaneth	Gohaneth
Goiarzo	Goiarzo
Goices	Goices, Goyces
Goicocia	Goicocia, Goycocya
Goicum	Goicum, Goycum
Goidekin	Goidekin, Goydekyn
Goidekinson	Goidekinson, Goydekynsson
Goie	Goie, Gois, Goye, Goys, Goyse
Goier	Goier, Goyer
Goieri	Goieri, Goyeri
Goifer	Goifer, Goyfer
Goik	Goik, Goyke
Goiken	Goiken, Goyken
Goikin	Goikin, Goykyn
Goil	Goil, Goylle
Goin	Goin, Goyn
Goines	Goines, Goynes
Goit	Goit, Goyte
Goiver	Goiver, Goyver
Gol	Gol, Gole
Gola	Gola
Golar	Golar
Golb	Golb, Gollb
Gold	Gold, Golde
Goldaker	Goldaker
Goldanis	Goldanis, Goldanys
Goldbeter	Goldbeter
Goldebeter	Goldebeter
Goldelaw	Goldelaw, Goldelawe
Goldeman	Goldeman, Goldman
Goldeori	Goldeori, Goldeory
Golder	Golder
Goldering	Goldering, Golderyng, Golderynge, Goldring, Goldrynge
Goldesborugh	Goldesborugh
Goldesburgh	Goldesburgh
Goldesimth	Goldesimth, Goldesymth
Goldesmith	Goldesmith, Goldesmyth, Goldsmith, Goldsmithe, Goldsmyth, Goldsmythe
Goldeston	Goldeston, Goldston
Goldewel	Goldewel, Goldewell, Goldewelle
Goldhak	Goldhak, Goldhake
Goldham	Goldham
Golding	Golding, Goldyng
Goldingter	Goldingter, Goldyngter
Goldington	Goldington, Goldyngton
Goldis	Goldis
Goldisburgh	Goldisburgh
Goldwel	Goldwel, Goldwell, Goldwelle
Golefer	Golefer
Golei	Golei, Golley
Goleost	Goleost, Golleoste
Goles	Goles
Golhant	Golhant
Golien	Golien, Golyene
Golik	Golik, Golyke
Golis	Golis, Golys
Golisstano	Golisstano, Golistano
Golofer	Golofer, Goloffere
Golofir	Golofir
Golofor	Golofor
Golon	Golon
Golongas	Golongas
Golson	Golson
Golstoie	Golstoie, Golstoye
Golterio	Golterio
Gomer	Gomer, Gommer
Gomerenus	Gomerenus
Gomero	Gomero
Gomers	Gomers
Gomersee	Gomersee
Gomes	Gomes, Gommes
Gomford	Gomford, Gomforde
Gomia	Gomia, Gomya
Gomiris	Gomiris, Gomyrys
Gomis	Gomis, Gomys
Gompert	Gompert
Gomus	Gomus
Gon	Gon, Gonne
Gonarzo	Gonarzo
Gondelow	Gondelow
Gondilow	Gondilow, Gondilowe, Gondylowe
Gondolo	Gondolo
Gonel	Gonel, Gonelle
Goner	Goner, Gonner
Gones	Gones
Goni	Goni, Gony
Gonis	Gonis, Gonys
Gons	Gons
Gonsales	Gonsales, Gonsalles
Gonsalii	Gonsalii
Gonsalio	Gonsalio
Gonsallo	Gonsallo, Gonsalo
Gonsallus	Gonsallus, Gonsalus
Gonsalv	Gonsalv
Gonsalves	Gonsalves
Gonsalvi	Gonsalvi
Gonsalvis	Gonsalvis
Gonsalvo	Gonsalvo
Gonsalvos	Gonsalvos
Gonsalvus	Gonsalvus
Gonsavus	Gonsavus
Gonso	Gonso
Gonsolvo	Gonsolvo
Gonson	Gonson
Gonsoves	Gonsoves
Gonspol	Gonspol, Gonspole
Gonston	Gonston, Gonstone
Gonton	Gonton
Goo	Goo, Gu, Gue
Gooch	Gooch, Gooche
Good	Good, Goode
Goodbin	Goodbin, Goodbyn
Goodbrian	Goodbrian
Goodburgh	Goodburgh
Goodeborow	Goodeborow, Goodeborowe
Goodehind	Goodehind, Goodehynde
Goodehond	Goodehond
Goodeier	Goodeier, Goodeyere
Goodemanson	Goodemanson, Goodemansson, Goodmaneson, Goodmannesson, Goodmanson
Gooderich	Gooderich, Gooderiche, Gooderick, Gooderik, Gooderyk, Goodrik, Goodryk, Goodryke
Goodes	Goodes
Goodewen	Goodewen, Goodewene
Goodewil	Goodewil, Goodewill
Goodewin	Goodewin, Goodewyn
Goodfraie	Goodfraie, Goodfraye
Goodfrei	Goodfrei, Goodfrey
Goodgrac	Goodgrac, Goodgrace
Goodhand	Goodhand
Goodhans	Goodhans
Goodhok	Goodhok, Goodhoke
Goodier	Goodier, Goodjere, Goodyere
Goodil	Goodil, Goodylle
Goodin	Goodin, Goodyn, Goodyne
Gooding	Gooding, Goodyng
Goodlack	Goodlack, Goodlacke, Goodluk
Goodlad	Goodlad, Goodladd, Goodladde, Goodlade
Goodland	Goodland, Goodlande
Goodlik	Goodlik, Goodlyk
Goodlok	Goodlok
Goodmaker	Goodmaker
Goodman	Goodman
Goodmeston	Goodmeston
Goodnes	Goodnes
Goodneston	Goodneston, Goodnestone
Goodnis	Goodnis, Goodnys
Goodnot	Goodnot, Goodnote
Goodrich	Goodrich, Goodriche, Goodryche
Goodrikes	Goodrikes
Goodscalk	Goodscalk, Goodscalke, Goodskalk, Goodskalke
Goodschalk	Goodschalk
Goodson	Goodson, Goodsson
Goodw	Goodw
Goodwei	Goodwei, Goodwey
Goodwen	Goodwen
Goodwi	Goodwi, Goodwy
Goodwil	Goodwil, Goodwile, Goodwylle
Goodwin	Goodwin, Goodwine, Goodwyn, Goodwyne
Goodwl	Goodwl, Goodwll
Goof	Goof
Googing	Googing, Googyng
Gool	Gool
Goold	Goold, Goolde, Gould, Goulde
Gooldes	Gooldes
Gooldwel	Gooldwel, Gooldwell
Goor	Goor, Goore
Goordon	Goordon
Goost	Goost
Gootes	Gootes, Goottes
Goowdwin	Goowdwin, Goowdwyn
Goowind	Goowind, Goowynd
Gophei	Gophei, Gophey
Gora	Gora
Gorbrai	Gorbrai, Gorbray
Gordam	Gordam, Gordame
Gordan	Gordan, Gorden, Gordewain, Gordewayn, Gordon
Gordin	Gordin, Gordyn
Goreilers	Goreilers, Goreylers
Goreta	Goreta, Goretta
Goreto	Goreto
Gorg	Gorg, Gorge
Gorgon	Gorgon
Goricea	Goricea
Goriel	Goriel, Gorriele
Gorik	Gorik
Goriler	Goriler
Goring	Goring, Goryng
Goris	Goris, Gorys
Gorison	Gorison, Goryson
Goritsea	Goritsea
Gork	Gork
Gorm	Gorm, Gorme
Gorman	Gorman
Gormel	Gormel, Gormelle
Gorn	Gorn, Gorne
Gornard	Gornard
Gornei	Gornei, Gorney
Gornes	Gornes
Gorola	Gorola
Gort	Gort
Gorton	Gorton
Gorundo	Gorundo
Gorver	Gorver
Gos	Gos, Gose, Goss, Gosse
Gosa	Gosa, Gossa
Gosberd	Gosberd
Gosbi	Gosbi, Gosby
Goscal	Goscal
Goscalco	Goscalco
Goscalk	Goscalk, Goscalke
Gosee	Gosee, Gosie, Gossye
Gosefeld	Gosefeld
Gosel	Gosel, Gossell
Goseler	Goseler, Gosseler
Goselin	Goselin, Goselyn, Gosselin, Gosseline, Gosselyn, Gosselyne
Goseling	Goseling, Goselyng
Gosen	Gosen, Gosin, Goson, Gossen, Gossin, Gosson, Gossune, Gossyn, Gosun, Gosyn
Gosenal	Gosenal, Gosenalle
Goseni	Goseni, Gosseny
Gosenio	Gosenio
Goser	Goser, Gossere
Goserei	Goserei, Gosserey
Goseren	Goseren, Gosseren
Goseric	Goseric, Gosseric
Goserie	Goserie, Gosserie, Gosserye
Goserin	Goserin, Gosserin
Gosern	Gosern, Gossern
Goseta	Goseta, Gosetta, Gosseta, Gossetta
Gosewino	Gosewino
Gosfeldes	Gosfeldes
Goshaunt	Goshaunt
Goshen	Goshen, Goshon, Gosshen, Gosshon
Goshier	Goshier, Gosshyer
Gosinson	Gosinson, Gossinson, Gossinsson
Gosip	Gosip, Gossypp
Gosling	Gosling, Goslyng, Goslynge
Gosmer	Gosmer
Gosnal	Gosnal, Gosnall
Gosnaw	Gosnaw, Gosnawe
Gosnow	Gosnow, Gosnowe
Gosolanus	Gosolanus
Gosorie	Gosorie, Gossorie
Gosota	Gosota, Gossota
Gosrie	Gosrie, Gossrye
Gossueta	Gossueta, Gossuetta, Gosueta, Gosweta
Gosswelle	Gosswelle, Goswel, Goswelle
Gost	Gost, Goste
Gostelin	Gostelin, Gostelyn
Gostewik	Gostewik
Gostlin	Gostlin, Gostlyn
Goston	Goston
Gostwik	Gostwik
Gosuald	Gosuald, Gosualde
Goswin	Goswin, Goswyn
Goswino	Goswino, Goswyno
Gosworth	Gosworth, Gosworthe
Got	Got, Gote
Gotenes	Gotenes
Goter	Goter
Gotes	Gotes, Gotese, Gottes
Gotesei	Gotesei, Gotesey
Gotez	Gotez
Gotfori	Gotfori, Gotfory
Gothneta	Gothneta
Gotier	Gotier, Gotyere
Gotig	Gotig, Gottyge
Gotinges	Gotinges, Gottynges, Gotynges
Gotins	Gotins, Gotyns
Gotkin	Gotkin, Gotkyn, Gottkyn
Gotland	Gotland
Gotsei	Gotsei, Gottsey
Gotson	Gotson
Goucel	Goucel
Gouch	Gouch, Gouche, Gowch, Gowche
Gouchoni	Gouchoni, Gouchony
Gough	Gough, Goughe
Goumford	Goumford, Goumforde
Goumport	Goumport, Goumporte
Goun	Goun, Goune
Gouner	Gouner
Gounsal	Gounsal, Gounsalle
Gounsalo	Gounsalo
Gounsalus	Gounsalus
Gounsalvo	Gounsalvo
Gounsalvus	Gounsalvus
Gounsilianus	Gounsilianus, Gounsylyanus
Gounson	Gounson
Gounter	Gounter
Gourgon	Gourgon
Gous	Gous, Gouse
Gousel	Gousel, Gousell, Gouselle
Gouston	Gouston, Goustone
Gouter	Gouter
Gouth	Gouth, Gouthe
Goutoner	Goutoner
Gouverd	Gouverd
Gov	Gov, Gove
Govart	Govart, Govartt
Govela	Govela
Goven	Goven
Gover	Gover
Goverd	Goverd
Govereson	Govereson
Govers	Govers
Goverser	Goverser
Goverson	Goverson
Govert	Govert, Goverte
Govertes	Govertes
Goverteson	Goverteson
Goverto	Goverto
Govertson	Govertson
Govion	Govion, Govyon
Govsham	Govsham
Gow	Gow, Gowe
Goward	Goward
Gowart	Gowart
Gowcer	Gowcer
Gowdwin	Gowdwin, Gowdwine
Gowel	Gowel, Gowell, Gowelle
Gowen	Gowen
Gower	Gower, Gowere, Gowher, Gowr, Gowre
Gowert	Gowert
Gowfers	Gowfers, Gowffers
Gowg	Gowg, Gowge, Gowgh, Gowghe
Gowghton	Gowghton
Gowin	Gowin, Gowyn
Gowl	Gowl, Gowle
Gowles	Gowles
Gowndet	Gowndet
Gowrdon	Gowrdon
Gowree	Gowree
Gows	Gows, Gowsse
Gowsel	Gowsel, Gowsell, Gowselle
Gowster	Gowster, Gowstere
Gowter	Gowter
Grab	Grab, Grabe
Grabelok	Grabelok, Grabeloke
Grabrow	Grabrow, Grabrowe
Grac	Grac, Grace
Gracean	Gracean, Graceane
Gracia	Gracia
Gracian	Gracian
Graciano	Graciano
Gracie	Gracie
Graciet	Graciet
Gradeneco	Gradeneco
Grado	Grado
Grael	Grael, Graell
Grafford	Grafford, Graford
Graft	Graft, Grafte
Grafton	Grafton
Grag	Grag, Gragge
Grai	Grai, Gray, Greie, Greye, Grie, Grye
Graie	Graie, Graye
Graier	Graier, Grayer
Grail	Grail, Grayll
Grain	Grain, Grayn, Grayne, Grein, Greyne
Grair	Grair, Grayr
Gral	Gral, Gralle
Gram	Gram, Grame
Gramald	Gramald
Gramond	Gramond
Gramsen	Gramsen
Gran	Gran, Grane
Granail	Granail, Granaylle
Grand	Grand, Grande
Granda	Granda
Grandemer	Grandemer
Grandil	Grandil, Grandylle
Grandiner	Grandiner
Grando	Grando, Gurando
Grandulph	Grandulph, Grandulphe
Grandulpho	Grandulpho
Granesden	Granesden
Grang	Grang, Grange
Granger	Granger
Granges	Granges
Graningborough	Graningborough, Granyngborough
Granshap	Granshap, Granshape
Gransin	Gransin, Gransyne
Granso	Granso
Grant	Grant, Grante
Granteam	Granteam
Grantham	Grantham
Grantoft	Grantoft, Granttoft
Grantsden	Grantsden
Grarow	Grarow, Grarowe
Gras	Gras, Grase, Grasse
Grasham	Grasham
Grasian	Grasian, Grasyan
Grasin	Grasin, Grasyn
Grat	Grat, Grate
Grateneg	Grateneg, Gratenege
Gratenego	Gratenego
Grato	Grato
Graunc	Graunc
Graund	Graund, Graunde
Graung	Graung, Graunge
Graunger	Graunger
Graunt	Graunt, Graunte, Grawnt, Grawnte
Grauntam	Grauntam, Grauntham
Grauntoft	Grauntoft, Graunttoft
Grav	Grav, Grave
Grava	Grava
Gravel	Gravel, Gravell, Gravelle
Gravelok	Gravelok
Gravenar	Gravenar
Gravenbrough	Gravenbrough
Gravener	Gravener
Gravenor	Gravenor
Graver	Graver
Gravered	Gravered
Gravernas	Gravernas
Graverod	Graverod, Graverud
Graves	Graves
Gravesend	Gravesend, Gravesende
Graviel	Graviel, Gravyelle
Gravisend	Gravisend, Gravisende, Gravysende
Gravishend	Gravishend, Gravishende
Gravisond	Gravisond, Gravysond
Gravner	Gravner
Graw	Graw, Grawe
Grawel	Grawel, Grawell
Grawlak	Grawlak, Grawlake
Grawnger	Grawnger
Grea	Grea
Grean	Grean, Greane, Green, Greene
Grebald	Grebald, Grebalde
Grebar	Grebar, Grebare
Grebber	Grebber, Greber
Greco	Greco
Greden	Greden
Greder	Greder
Greferot	Greferot
Greffith	Greffith, Greffyth, Grefith
Greffrey	Greffrey, Grefrei
Greffrote	Greffrote, Grefrot
Greg	Greg, Gregge
Grego	Grego
Gregoni	Gregoni, Gregony
Gregor	Gregor, Gregore
Gregori	Gregori, Gregorii, Gregorry, Gregory
Gregorie	Gregorie, Gregorye
Gregorio	Gregorio, Grigorio
Gregorius	Gregorius
Grei	Grei, Grey
Greihond	Greihond, Greyhonde
Greil	Greil, Greyle
Greinwai	Greinwai, Greynway
Greira	Greira, Greyra
Grek	Grek, Greke
Grem	Grem
Gremald	Gremald, Gremalde
Gremaldis	Gremaldis
Gremaldo	Gremaldo
Gremaldus	Gremaldus
Greman	Greman, Gremane
Gremard	Gremard
Gremes	Gremes
Gremet	Gremet, Gremett
Gremisbi	Gremisbi, Gremysby
Gremiti	Gremiti, Gremytty
Gremold	Gremold, Gremolde
Gremoldes	Gremoldes
Gremoldo	Gremoldo
Gremoldus	Gremoldus
Gremon	Gremon, Gremone
Gremond	Gremond
Gren	Gren, Grene, Grenne
Grend	Grend, Grende
Grendel	Grendel, Grendelle
Grenden	Grenden, Grendene
Grendener	Grendener
Grenehil	Grenehil, Grenehill
Grenehith	Grenehith, Grenehithe, Grenehyth, Grenehythe
Grenehold	Grenehold, Greneholde
Grenehorst	Grenehorst
Grenel	Grenel, Grenell
Grener	Grener
Grenested	Grenested
Grenestret	Grenestret, Grenestrete
Grenetrei	Grenetrei, Grenetrey
Grenewai	Grenewai, Greneway
Grenewaie	Grenewaie, Grenewaye
Grenewei	Grenewei, Grenewey, Gron, Grone
Grenewold	Grenewold
Grenewolt	Grenewolt
Grenlef	Grenlef, Grenleffe
Grenow	Grenow, Grenowe
Grensted	Grensted, Grenstede
Grent	Grent, Grentte
Grenvei	Grenvei, Grenvey
Grenwai	Grenwai, Grenway
Grenwaie	Grenwaie, Grenwaye
Grenwei	Grenwei, Grenwey
Greo	Greo
Greon	Greon, Greone
Greoneo	Greoneo
Grepingstrow	Grepingstrow, Grepyngstrowe
Gres	Gres, Grese, Gresse
Gresam	Gresam, Gresham, Greshame, Gressam, Gressham
Gresbi	Gresbi, Gresby
Greseham	Greseham, Gresseham
Gresel	Gresel, Gresselle
Gresent	Gresent, Gressent
Gresh	Gresh
Gresi	Gresi, Gresy
Gresin	Gresin, Gressyn
Gresling	Gresling, Greslinge
Greso	Greso
Greston	Greston, Grestone
Greswel	Greswel, Greswell
Gret	Gret, Grete, Grett
Gretbek	Gretbek
Gretfford	Gretfford, Gretford
Greti	Greti
Greting	Greting, Gretyng
Gretso	Gretso
Gretson	Gretson, Gretsson
Grev	Grev, Greve
Grevei	Grevei, Grevey
Grevel	Grevel, Grevell, Grevelle
Grever	Grever
Greverad	Greverad, Greverade, Greverod, Greverud
Greverard	Greverard
Grevered	Grevered
Greves	Greves
Grevil	Grevil, Grevill, Greville
Grevis	Grevis, Grevys
Greviston	Greviston
Grevli	Grevli, Grevly
Grewel	Grewel, Grewelle
Grewl	Grewl, Grewle
Grewter	Grewter
Grickhil	Grickhil, Grickhill
Grifath	Grifath, Griffath
Grifen	Grifen, Griffen
Grifes	Grifes, Griffes
Griffin	Griffin, Griffyn, Grifin, Gryffin, Gryffyn
Griffith	Griffith, Griffithe, Griffyth, Grifith, Grifithe, Gryffith, Gryffyth, Gryffythe
Griffitz	Griffitz, Grifitz, Gryffitz
Griffoun	Griffoun, Grifoun
Grifildo	Grifildo, Gryffyldo
Grifo	Grifo, Gryffo
Grifon	Grifon, Gryffon
Grifrad	Grifrad, Gryffrade
Grifton	Grifton, Gryfton
Grig	Grig, Grigg, Grigge, Gryg, Grygg
Griges	Griges, Grygges
Grigham	Grigham
Grighil	Grighil, Gryghylle
Grigor	Grigor
Grigori	Grigori
Gril	Gril, Grill, Grille, Grylle
Grila	Grila, Grylla
Grillo	Grillo, Grilo
Grim	Grim, Grime, Gryme
Grimald	Grimald
Grimaldo	Grimaldo
Grimbal	Grimbal, Grimballe, Grimbel, Grimbelle, Grimbl, Grimble, Grymball, Grymbell, Grymbelle, Grymble
Grimbald	Grimbald, Grymbald, Grymbalde
Grimbaldo	Grimbaldo, Grymbaldo
Grimbold	Grimbold, Grymbold, Grymbolde
Grimel	Grimel, Grymell
Grimes	Grimes, Grymes
Grimesbi	Grimesbi, Grymesby, Grymmesby
Grimeto	Grimeto, Grimetto
Grimisbi	Grimisbi, Grymmysby
Grimner	Grimner, Grymner
Grimoldes	Grimoldes
Grimond	Grimond, Grymond
Grimsbi	Grimsbi, Grymsby
Grimston	Grimston, Grimstone
Grinberk	Grinberk
Grindel	Grindel, Gryndelle
Grindener	Grindener, Gryndener
Grineston	Grineston, Grinestone
Gring	Gring, Gryng
Gringeham	Gringeham, Gryngeham
Gringham	Gringham, Gryngham
Grinhingham	Grinhingham, Grynhingham
Griningham	Griningham, Grynnyngham
Grinsted	Grinsted
Grip	Grip, Gripe, Grype
Gripen	Gripen, Grippen
Gripingstraw	Gripingstraw, Grippyngstraw, Grippyngstrawe
Gripinstraw	Gripinstraw, Gryppynstraw
Gris	Gris, Grise, Gryse
Grisaw	Grisaw, Grysawe
Grisbi	Grisbi, Grisbie, Grisby, Grisbye, Grysby, Grysbye
Grisbright	Grisbright, Grisbryght
Grisel	Grisel, Grisell
Griser	Griser
Grisham	Grisham
Grisil	Grisil, Grisill
Grislin	Grislin, Grisline
Grisling	Grisling, Gryslyng
Griso	Griso, Griszo, Gryso
Grisonel	Grisonel, Grissonel
Grispo	Grispo
Griston	Griston, Gristone, Grystone
Griteford	Griteford, Gritteford
Gritford	Gritford, Gritforde, Grytford
Griverad	Griverad, Gryverad, Gryverade
Griverard	Griverard, Gryverard
Grob	Grob, Grobbe, Grobe
Groc	Groc, Groce
Grod	Grod, Grode
Groden	Groden
Grodens	Grodens
Grofiloi	Grofiloi, Grofyloy
Grofman	Grofman
Grofta	Grofta
Groin	Groin, Groyne
Grokman	Grokman
Grom	Grom, Grome
Groman	Groman
Grombald	Grombald
Gromel	Gromel, Gromell
Gromet	Gromet, Gromett
Gromger	Gromger
Gromier	Gromier, Gromyer
Gromow	Gromow, Gromowe
Grond	Grond, Gronde
Gronefeld	Gronefeld
Gronehow	Gronehow, Gronehowe
Grono	Grono, Grownow, Grownowe
Gront	Gront, Grontt
Gros	Gros, Grose, Grosse
Grosling	Grosling, Groslyng
Grosman	Grosman
Grostiaga	Grostiaga
Grostiago	Grostiago
Groten	Groten
Grotenbrok	Grotenbrok, Grotenbroke
Groter	Groter
Grothales	Grothales, Grothalles
Grotheir	Grotheir, Grotheyr
Grotkow	Grotkow, Grotkowe
Grotsezo	Grotsezo
Ground	Ground, Grounde
Grout	Grout
Grov	Grov, Grove
Grover	Grover
Groves	Groves
Grovet	Grovet
Growel	Growel, Growell, Growelle
Grower	Grower
Growet	Growet, Growett
Growt	Growt, Growte, Growtt
Growter	Growter
Growth	Growth, Growthe
Grub	Grub, Grubb, Grubbe
Gruel	Gruel, Gruell
Gruffith	Gruffith, Grufith
Gruffitht	Gruffitht, Grufitht
Grugel	Grugel, Grugelle
Grul	Grul, Grulle
Grumbald	Grumbald, Grumbalde
Grustiaga	Grustiaga
Gruter	Gruter, Grutter
Gualcrot	Gualcrot, Gualcrote
Guald	Guald, Gualde
Guaras	Guaras, Guarras
Guaris	Guaris
Guaros	Guaros
Guarus	Guarus
Guashson	Guashson
Guboril	Guboril, Guborille
Gudborough	Gudborough
Guderd	Guderd
Guderia	Guderia
Gudie	Gudie
Gudlad	Gudlad
Gudlood	Gudlood
Gudman	Gudman
Gudmanson	Gudmanson
Gudwen	Gudwen
Gudwin	Gudwin, Gudwyn, Gudwyne
Guech	Guech, Gueche
Guedo	Guedo
Gueri	Gueri, Guerry
Guevos	Guevos
Gufaunt	Gufaunt
Gugil	Gugil, Gugyll
Guginas	Guginas, Gugynas
Guia	Guia, Guya
Guibigo	Guibigo, Guybygo
Guibons	Guibons, Guybons
Guichardim	Guichardim, Guychardyme
Guichardin	Guichardin, Guichardyn, Guychardin, Guychardine
Guicherd	Guicherd, Guycherd
Guicherden	Guicherden, Guycherden
Guideson	Guideson, Guydesson
Guido	Guido, Guydo, Gwido, Gwydo
Guidonem	Guidonem
Guidoni	Guidoni
Guidonis	Guidonis, Guydonis
Guidot	Guidot, Guidote, Guidott, Guydot, Guydote, Guydott
Guifold	Guifold
Guigerdin	Guigerdin
Guigerdon	Guigerdon
Guiliamo	Guiliamo, Guilliamo
Guilonson	Guilonson, Guyllonson
Guilor	Guilor, Guylor
Guin	Guin, Guyn
Guinado	Guinado, Guynado
Guinea	Guinea, Guynea
Guinech	Guinech, Guyneche
Guinei	Guinei, Guyney
Guinelet	Guinelet, Guynelette
Guines	Guines, Guynes, Guynnes
Guinet	Guinet, Guynett
Guinis	Guinis, Guynys
Guinolet	Guinolet, Guynollett
Guinolo	Guinolo, Guynollo
Guinsalo	Guinsalo
Guiolo	Guiolo
Guion	Guion, Guyon
Guiposcoe	Guiposcoe, Guipuscoe
Guipucoe	Guipucoe
Guirando	Guirando, Guyrando
Guis	Guis, Guys, Guyse
Gul	Gul, Gule
Gulam	Gulam, Gullam
Guldford	Guldford
Guleck	Guleck, Gulleck
Guleie	Guleie, Gulleye
Gulet	Gulet
Gulk	Gulk
Gulsal	Gulsal
Gulsalvi	Gulsalvi
Gulsalvo	Gulsalvo
Guluk	Guluk
Guman	Guman
Gumanc	Gumanc, Gummance
Gumant	Gumant, Gummant
Gumaunt	Gumaunt, Gummaunt
Gumbant	Gumbant
Gumes	Gumes, Gummes
Gumis	Gumis, Gummis, Gummys, Gumys
Gumpert	Gumpert
Gun	Gun, Gune
Gunar	Gunar, Guner, Gunnar
Gunart	Gunart, Gunnart
Guncel	Guncel, Guncell, Gunsal, Gunsale, Gunsall
Gund	Gund, Gunde
Gundaker	Gundaker
Gundelo	Gundelo
Gundelolo	Gundelolo
Gundilo	Gundilo, Gundylo
Gundilow	Gundilow, Gundylow
Gundolo	Gundolo
Gunei	Gunei, Gunney
Guni	Guni, Gunny
Guning	Guning, Gunynge
Gunis	Gunis, Gunnys
Gunisalo	Gunisalo
Gunisalus	Gunisalus
Gunisalvo	Gunisalvo
Gunisalvus	Gunisalvus
Gunport	Gunport, Gunporte
Gunpoter	Gunpoter, Gunpotter
Gunsail	Gunsail, Gunsaill
Gunsales	Gunsales
Gunsalianus	Gunsalianus
Gunsallo	Gunsallo, Gunsalo
Gunsalus	Gunsalus
Gunsalves	Gunsalves
Gunsalvi	Gunsalvi
Gunsalvis	Gunsalvis, Gunsalvys
Gunsalvo	Gunsalvo
Gunsalvos	Gunsalvos
Gunsalvus	Gunsalvus
Gunsalws	Gunsalws
Gunsavo	Gunsavo
Gunsavus	Gunsavus
Gunsil	Gunsil, Gunsill
Gunsiliano	Gunsiliano
Gunsiliavus	Gunsiliavus
Gunson	Gunson
Gunston	Gunston, Gunstone
Guphei	Guphei, Guphey
Guphi	Guphi, Guphy
Gures	Gures
Guri	Guri, Gury
Gurian	Gurian, Guryan
Gurlei	Gurlei, Gurley
Gurnard	Gurnard
Gurneie	Gurneie, Gurneye
Gusalvus	Gusalvus
Gusard	Gusard, Gussard
Gusbi	Gusbi, Gusby
Gusel	Gusel, Gusele
Gushot	Gushot
Gust	Gust, Guste
Gut	Gut, Gutt
Gutaris	Gutaris, Guttarys
Gutenis	Gutenis, Gutenys
Guter	Guter, Gutter, Gutture, Gutur
Guteres	Guteres, Guters, Gutteres, Gutters
Guteria	Guteria, Gutterya
Guteris	Guteris, Gutteris, Gutterys
Guterus	Guterus, Gutterus
Gutiers	Gutiers
Guting	Guting, Gutting, Guttyng
Gutinges	Gutinges, Guttinges, Guttynges
Gutturis	Gutturis, Gutturys, Guturis
Gwaldrot	Gwaldrot
Gwaras	Gwaras, Gwarras
Gwardin	Gwardin
Gwares	Gwares
Gwaris	Gwaris
Gwarwin	Gwarwin, Gwarwyn
Gweneg	Gweneg, Gwenege
Gwenis	Gwenis, Gwenise, Gwenyse
Gwer	Gwer, Gwere, Gwir, Gwyre
Gwerdo	Gwerdo
Gwiam	Gwiam, Gwyam
Gwichardin	Gwichardin, Gwychardin, Gwychardyn, Gwychardyne
Gwicherden	Gwicherden
Gwicherdin	Gwicherdin, Gwicherdine
Gwid	Gwid, Gwyde
Gwidon	Gwidon, Gwidone, Gwydone
Gwidonis	Gwidonis
Gwidot	Gwidot, Gwidott, Gwydot
Gwie	Gwie, Gwye
Gwilam	Gwilam, Gwillam, Gwyllam
Gwilelmo	Gwilelmo, Gwillelmo
Gwillmo	Gwillmo, Gwilmo
Gwin	Gwin, Gwyn
Gwines	Gwines, Gwynes, Gwynese
Gwinis	Gwinis, Gwynise, Gwynys
Gwn	Gwn
Ha	Ha
Habakok	Habakok
Habard	Habard
Habart	Habart
Habing	Habing, Habynge
Habingdon	Habingdon, Habyngdon
Habington	Habington, Habyngton
Habirdashar	Habirdashar, Habirdasshar
Habl	Habl, Hable
Habraham	Habraham
Habram	Habram
Haburo	Haburo, Haburro
Hacche	Hacche, Hach, Hache
Hachet	Hachet
Hachil	Hachil, Hachylle
Hack	Hack, Hacke, Hak, Hake
Hackat	Hackat
Hacker	Hacker
Hackerfield	Hackerfield, Hackerfielde
Hacket	Hacket, Hackett
Hacklet	Hacklet, Hacklett, Haklet, Haklett
Hackstil	Hackstil, Hackstill
Hacstil	Hacstil, Hacstill
Had	Had, Hadde
Hadak	Hadak, Haddake
Hadam	Hadam, Haddam
Hadarton	Hadarton
Haddele	Haddele, Hadel, Hadl, Hadle
Haddeley	Haddeley, Hadelei
Hadden	Hadden, Haden, Haidon, Haydon
Haddesson	Haddesson, Hadeson
Haddham	Haddham, Hadham
Haddisson	Haddisson, Hadison
Haddley	Haddley, Hadlei, Hadley
Haddock	Haddock, Haddocke, Haddok, Haddoke, Hadock, Hadocke, Hadok, Hadoke, Hadokk
Haddon	Haddon, Hadon
Hadebon	Hadebon, Hadebone
Hadekin	Hadekin, Hadekyn
Hadeler	Hadeler
Hadeltak	Hadeltak, Hadeltake
Haderman	Haderman
Hadstok	Hadstok
Hadtrowd	Hadtrowd, Hadtrowde
Hae	Hae, Hei, Hey
Haeces	Haeces
Haes	Haes
Haetes	Haetes
Haft	Haft
Hafter	Hafter
Hag	Hag, Hage, Hagge
Hagas	Hagas, Haggas
Hagat	Hagat, Haggat, Haggatt
Hageis	Hageis
Hagen	Hagen
Hager	Hager
Hages	Hages, Hagesse
Haggys	Haggys, Hagis
Hagheman	Hagheman
Haghen	Haghen
Haghton	Haghton
Hagin	Hagin, Hagyn
Hagl	Hagl, Hagle
Haglond	Haglond, Haglonde
Hagon	Hagon
Hagour	Hagour, Hagur
Hai	Hai, Hay
Haibi	Haibi, Hayby
Haiborn	Haiborn, Haibourn, Hayborn, Haybourne
Haibrough	Haibrough, Haybrough
Haiburn	Haiburn, Hayburne, Heiborn, Heyborn
Haidok	Haidok, Haydok
Haie	Haie, Haye
Haier	Haier, Haiere, Hayer
Haies	Haies, Hayes
Haifild	Haifild, Hayffyld, Hayfyld
Haiford	Haiford, Hayford
Haig	Haig, Hayge
Haiges	Haiges, Hayges, Higes, Higges
Haikes	Haikes, Hakes, Haykes
Haikeson	Haikeson, Haykesson
Haikin	Haikin, Haykyn
Hail	Hail, Haile, Hayle, Hayll, Haylle
Hailes	Hailes, Hailles, Hales, Hayles
Haili	Haili, Haily
Hailstret	Hailstret, Haylstrete
Hailwaf	Hailwaf, Hailwif, Haylwafe, Haylwyff
Hailwater	Hailwater, Halewater, Hallewater, Haylwater
Haim	Haim, Hayme
Haiman	Haiman, Hayman
Haimer	Haimer, Haymer
Haimond	Haimond, Haymond, Haymonde
Haimound	Haimound, Haymound
Hain	Hain, Hayn, Hayne, Henei, Henney
Haincokes	Haincokes
Haines	Haines, Hains, Hanes, Hannes, Haynes, Hayns
Haineson	Haineson, Haynesson
Hainmanson	Hainmanson, Haynmansson
Haino	Haino, Hayno
Hainson	Hainson, Haneson, Hanesson, Haynsson
Hair	Hair, Haire, Hayre
Hais	Hais, Hays, Hayse, Haysse
Haisand	Haisand, Haysand
Haisant	Haisant, Haysant
Haisaund	Haisaund
Haisers	Haisers
Haister	Haister, Hayster
Haisters	Haisters, Haysters
Haiton	Haiton, Haten, Hayton
Haiwaird	Haiwaird, Haywaird
Haiward	Haiward, Hayward, Haywarde, Heiward, Heyward, Heywarde
Haiwardin	Haiwardin, Haywardyn
Haiwood	Haiwood, Haywood
Haiwoord	Haiwoord, Haywoorde
Haiword	Haiword, Hayword
Hakeman	Hakeman
Hakenai	Hakenai, Hakenay
Hakenei	Hakenei, Hakeney
Haker	Haker, Hakker
Haket	Haket
Hakin	Hakin, Hakyn
Haklard	Haklard, Haklarde
Hal	Hal, Hale, Hall, Halle
Halagrov	Halagrov, Hallagrove
Halans	Halans
Halat	Halat, Halate
Hald	Hald, Halde
Halden	Halden
Haldon	Haldon
Haleck	Haleck, Hallecke
Haler	Haler, Haller
Halet	Halet, Hallett
Halford	Halford
Halhed	Halhed, Halhede
Halibrond	Halibrond
Haliburton	Haliburton
Halidai	Halidai, Haliday, Halyday
Halidaie	Halidaie, Halidaye
Halie	Halie, Hallie, Holi, Holly, Holy
Haling	Haling, Hallyng
Halingberi	Halingberi, Halyngbery
Halingberie	Halingberie, Halingburi, Halingbury, Halyngbury
Halingbur	Halingbur, Hallingbure, Halyngbur, Halyngbure
Halington	Halington, Halyngton
Halis	Halis, Halys
Halison	Halison
Haliwater	Haliwater, Halywater
Hallocke	Hallocke, Halock
Halman	Halman
Halmburi	Halmburi, Halmbury
Halmer	Halmer
Halmon	Halmon
Halom	Halom
Halond	Halond
Halowtr	Halowtr, Halowtre
Hals	Hals, Halsse
Halsa	Halsa, Halssa
Halsed	Halsed, Halsede
Halsket	Halsket
Halsten	Halsten
Halston	Halston, Halstone, Haulston
Halstow	Halstow, Halstowe
Ham	Ham, Hamb, Hambe, Hame, Hamme
Hamar	Hamar
Hambergh	Hambergh, Hamberghe, Hamburg, Hamburgh
Hamberow	Hamberow, Hamberowe
Hambranson	Hambranson
Hambrogh	Hambrogh
Hambrough	Hambrough
Hambrugh	Hambrugh
Hamburght	Hamburght
Hamcetes	Hamcetes
Hamcit	Hamcit, Hamcyt
Hamcot	Hamcot
Hamcotes	Hamcotes, Hamcottes, Hamkotes, Hamkottes
Hamel	Hamel, Hamele, Hamell, Hamelle
Hamelin	Hamelin, Hamelyn
Hamen	Hamen, Hamon, Hamone
Hament	Hament
Hamer	Hamer, Hammer, Hammere
Hamersham	Hamersham
Hamersket	Hamersket, Hamerskett
Hamerson	Hamerson
Hames	Hames, Hammes
Hamet	Hamet, Hammet, Hammett
Hameto	Hameto
Hamford	Hamford
Haming	Haming, Hamyng
Hamlet	Hamlet
Hamleto	Hamleto
Hamlin	Hamlin, Hamlyn
Hamling	Hamling, Hamlyng
Hamlotes	Hamlotes, Hamlottes
Hammond	Hammond, Hamond, Hamonde
Hamnel	Hamnel, Hamnell
Hamnet	Hamnet, Hamnette
Hamneto	Hamneto, Hamnetto
Hamondo	Hamondo
Hamonis	Hamonis
Hamound	Hamound, Hamounde
Hamour	Hamour
Hamper	Hamper
Hampst	Hampst, Hampste
Hampsted	Hampsted
Hampton	Hampton, Hamptone
Hamserdam	Hamserdam, Hamserdame
Hamsher	Hamsher, Hamshir, Hamshyre
Hamshier	Hamshier, Hamshyere
Hamster	Hamster
Hamton	Hamton, Hamtun
Hamulrong	Hamulrong
Han	Han, Hane, Hon, Hone
Hana	Hana
Hanacr	Hanacr, Hanacre
Hanai	Hanai, Hanay
Hanburi	Hanburi, Hanburie, Hanbury, Hanburye
Hanc	Hanc, Hance, Hanck, Hank, Hanke
Hanceford	Hanceford
Hancerd	Hancerd, Hancerde, Hansard
Hancock	Hancock, Hancok, Hancoke
Hancokes	Hancokes
Hancon	Hancon
Handam	Handam
Handcok	Handcok, Handcoke
Handes	Handes
Handewarp	Handewarp, Handewarpe
Handfford	Handfford, Handford, Handforde
Handis	Handis, Handish, Handishe, Handys
Handskomaker	Handskomaker
Handson	Handson
Hanefeld	Hanefeld
Hanek	Hanek, Haneke
Hanfford	Hanfford, Hanfforde, Hanford
Hanger	Hanger
Hangin	Hangin, Hangyn
Hango	Hango
Hanham	Hanham
Haniet	Haniet, Hanyett
Haning	Haning, Hanyng
Hanipol	Hanipol, Hanypole
Haniskin	Haniskin, Hanyskyn
Haniton	Haniton, Hannyton
Hanker	Hanker
Hankesworth	Hankesworth
Hankin	Hankin, Hankyn
Hankinbergh	Hankinbergh, Hankynbergh
Hankino	Hankino
Hankisworth	Hankisworth
Hankok	Hankok
Hanl	Hanl, Hanle
Hanlei	Hanlei, Hanley
Hannover	Hannover, Hanover
Hannovers	Hannovers, Hanovers
Hanns	Hanns, Hans, Hanse, Hansse
Hanpol	Hanpol, Hanpole
Hanri	Hanri, Hanry
Hansal	Hansal, Hansalle, Hansel, Hansell
Hanscam	Hanscam
Hanscan	Hanscan, Hanscane
Hanscaun	Hanscaun
Hanscom	Hanscom, Hanscomb, Hanscombe, Hanscome, Hanskam, Hanskame
Hansea	Hansea
Hanselt	Hanselt, Hanselte
Hanses	Hanses
Hanset	Hanset
Hansford	Hansford
Hansil	Hansil, Hanssyll
Hansin	Hansin, Hansyn
Hanskan	Hanskan
Hansom	Hansom, Hansome
Hanson	Hanson
Hanstam	Hanstam
Hansted	Hansted, Hanstede
Hanswick	Hanswick, Hanswicke, Hanswik, Hanswike, Hanswyck, Hanswycke, Hanswyke
Hant	Hant, Hante
Hantlow	Hantlow
Hapeford	Hapeford, Happeford
Hapesford	Hapesford, Happesford
Hapeson	Hapeson, Happeson
Hapford	Hapford, Happford
Hapsford	Hapsford
Har	Har, Hare, Harre
Harai	Harai, Harray
Haraldo	Haraldo
Haram	Haram
Haraw	Haraw
Harbard	Harbard, Harbarde, Harberd
Harbel	Harbel, Harbell
Harben	Harben, Harbene
Harberdes	Harberdes
Harbert	Harbert
Harbeson	Harbeson
Harbie	Harbie, Harbye
Harbot	Harbot, Harbote
Harbrough	Harbrough
Harch	Harch, Harche
Hard	Hard, Hardough, Hardoughe
Hardan	Hardan, Hardane, Hardon
Hardar	Hardar
Hardben	Hardben, Hardbene, Hardbon, Hardbone
Hardbras	Hardbras
Hardeben	Hardeben, Hardebene
Hardebon	Hardebon
Hardebotel	Hardebotel, Hardebottell
Hardeckenak	Hardeckenak, Hardeckenake
Hardeckenock	Hardeckenock, Hardeckenocke
Hardeckenok	Hardeckenok, Hardeckenoke
Hardein	Hardein, Hardeyne
Hardekin	Hardekin, Hardekyn
Hardeknock	Hardeknock, Hardeknocke
Hardel	Hardel
Hardeman	Hardeman, Hardman
Hardenbargh	Hardenbargh, Hardenbarghe
Hardenrot	Hardenrot, Hardenrote
Harder	Harder
Harderod	Harderod, Harderode, Hardrad, Hardrade
Harderot	Harderot, Harderote
Hardes	Hardes
Hardeson	Hardeson, Hardesson, Hardison
Hardewek	Hardewek, Hardeweke, Hardewik, Hardewyk
Hardhed	Hardhed
Hardi	Hardi, Hardie, Hardy, Hardye
Hardicknow	Hardicknow, Hardicknowe
Hardik	Hardik, Hardyk
Hardiknock	Hardiknock
Harding	Harding, Hardinge, Hardyng, Hardynge
Hardingbergh	Hardingbergh, Hardyngbergh
Hardinges	Hardinges, Hardynges
Hardit	Hardit, Hardyt
Hardkin	Hardkin, Hardkyn
Hardrod	Hardrod, Hardrode
Hardrot	Hardrot, Hardrote, Hardrott, Hardrotte
Hardson	Hardson
Hardwardman	Hardwardman
Hardwarman	Hardwarman
Hardwek	Hardwek, Hardweke, Hardwick, Hardwik, Hardwyke
Hardwel	Hardwel, Hardwell, Hardwelle
Hareflet	Hareflet, Hareflete
Hareflew	Hareflew, Hareflewe
Hareis	Hareis, Harreys
Harel	Harel, Haril, Harille, Harrell, Harrelle
Harelebek	Harelebek
Harendales	Harendales, Harrendales
Harengai	Harengai, Harengay
Harengei	Harengei, Harengey
Hareot	Hareot, Harreot
Harepol	Harepol
Hares	Hares, Harres
Haresbeck	Haresbeck, Haresbek, Haresbeke, Harisbek, Harisbeke, Harresbek, Harysbek, Harysbeke, Herisbek, Herysbek
Hareson	Hareson, Haresson, Harreson, Harresson
Harestegni	Harestegni, Harestegny
Harevel	Harevel, Harevelle
Harewich	Harewich, Harewyche
Harewood	Harewood
Harfard	Harfard, Harfford, Harford
Harffordes	Harffordes, Harfordes
Harflet	Harflet, Harflete
Harflew	Harflew, Harflewe
Harforth	Harforth
Hargad	Hargad
Hargat	Hargat, Hargate, Hargot, Hargott
Hargh	Hargh, Harghe
Harghen	Harghen, Harghenne
Hargrav	Hargrav, Hargrave
Hari	Hari, Harie, Harri, Harrie, Harry, Harrye, Hary, Harye
Hariat	Hariat, Hariet, Hariett, Hariot, Hariott, Harriot, Harriott, Harryat, Harryot, Harryott, Haryat, Haryot, Haryott
Haridam	Haridam, Harydam
Haries	Haries, Harries, Harryes
Harieson	Harieson, Hariesson, Harrieson, Harriesson, Harryesson
Haring	Haring
Haringei	Haringei, Haryngey
Haringeie	Haringeie, Haringeye, Haryngeye
Haringtolf	Haringtolf, Haryngtolff
Haringtolt	Haringtolt, Haryngtolt
Harington	Harington, Harryngton, Haryngton, Haryngtone
Haris	Haris, Harris, Harrys, Harys
Harison	Harison, Harisson, Harrison, Harrisson, Harryson, Harrysson, Haryson, Harysson
Haristegni	Haristegni, Harystegny
Harivel	Harivel, Harivell, Haryvelle
Hark	Hark, Harke
Harkes	Harkes
Harkin	Harkin
Harkland	Harkland
Harkson	Harkson
Harl	Harl, Harle
Harlam	Harlam, Harlame
Harlat	Harlat, Harlet
Harlebek	Harlebek, Harlebeke
Harleham	Harleham
Harlei	Harlei, Harley
Harlewes	Harlewes
Harlex	Harlex
Harling	Harling, Harlyng
Harlock	Harlock, Harlocke
Harlom	Harlom, Harlome
Harlow	Harlow, Harlowe
Harlowes	Harlowes
Harm	Harm
Harma	Harma
Harman	Harman, Harmane, Harmen, Harmin, Harmon
Harmani	Harmani
Harmanno	Harmanno, Harmano
Harmans	Harmans
Harmanson	Harmanson, Harmansson, Harmonson
Harmar	Harmar, Harmare
Harmes	Harmes
Harmeson	Harmeson, Harmesson
Harmews	Harmews
Harmis	Harmis, Harmys
Harmond	Harmond
Harmoni	Harmoni
Harmonis	Harmonis
Harmono	Harmono
Harmour	Harmour
Harmson	Harmson
Harnad	Harnad, Harnadde
Harnedon	Harnedon
Harnesdales	Harnesdales, Harnesdalles, Harnesdells, Harnesdels
Harnesmaker	Harnesmaker
Harneston	Harneston
Harngei	Harngei, Harngey
Harni	Harni, Harny
Harningman	Harningman, Harnyngman
Harnisdales	Harnisdales, Harnisdalles
Haro	Haro
Harockson	Harockson, Harrockson, Horockson, Horrockson
Harogh	Harogh, Haroghe
Harold	Harold, Harrold, Harrolde, Herald
Haroldo	Haroldo
Harom	Harom
Haron	Haron, Harron
Harough	Harough
Harouth	Harouth
Harow	Harow, Harowe, Harrow, Harrowe, Herow, Herrowe
Harpar	Harpar
Harpelei	Harpelei, Harpeley
Harper	Harper, Harpour
Harpes	Harpes
Harpesfeld	Harpesfeld, Harppesfeld
Harpesford	Harpesford
Harpham	Harpham
Harpin	Harpin, Harpyn
Harpisfeld	Harpisfeld, Harppisfeld, Harpysfeld
Harpisfild	Harpisfild, Harppisfild, Harppisfilld, Harpysfild, Harpysfilde, Harpysfylde
Harpl	Harpl, Harple
Harplei	Harplei, Harpley
Harposon	Harposon
Harpsfeld	Harpsfeld
Harpsfild	Harpsfild, Harpsfylde
Harpus	Harpus
Hars	Hars, Harse, Harsse
Harsbek	Harsbek, Harsbeke
Harsborow	Harsborow, Harsborowe
Harscot	Harscot, Harscott
Harsnap	Harsnap, Harsnape
Harsold	Harsold
Harson	Harson, Harsten, Harsun
Harspek	Harspek, Harspeke
Harst	Harst
Hart	Hart, Harte, Hartt
Hartcashel	Hartcashel, Hartcashell
Harten	Harten
Harterman	Harterman
Hartes	Hartes
Hartewel	Hartewel, Hartewelle
Hartewik	Hartewik, Hartewyk
Hartex	Hartex, Hartexe
Hartfeld	Hartfeld, Hartfelld
Hartford	Hartford, Hartforde
Hartfordes	Hartfordes
Harthil	Harthil, Harthille, Harthylle, Hartthill
Harthow	Harthow, Harthowe
Harthrop	Harthrop, Harthrope
Hartie	Hartie
Hartik	Hartik, Hartyk, Hartyke
Hartilbi	Hartilbi, Hartilby
Hartilpol	Hartilpol, Hartylpole
Hartis	Hartis, Hartys
Hartison	Hartison, Hartisson
Hartix	Hartix
Hartk	Hartk, Hartke
Hartok	Hartok, Hartoke
Hartrig	Hartrig
Hartson	Hartson
Hartwel	Hartwel, Hartwelle
Harungei	Harungei, Harungey
Harv	Harv, Harve
Harvai	Harvai, Harvay, Harvei, Harvey
Harvard	Harvard
Harvel	Harvel, Harvelle
Harveli	Harveli, Harvelli
Harvello	Harvello, Harvelo
Harven	Harven
Harveno	Harveno
Harvest	Harvest, Harveste
Harvi	Harvi, Harvie, Harvy, Harvye
Harvis	Harvis, Harvys
Harw	Harw, Harwe
Harwar	Harwar, Harware
Harward	Harward, Harwarde
Harwel	Harwel, Harwelle
Harwich	Harwich, Harwiche, Harwych
Harwod	Harwod, Harwodd, Harwode
Harwood	Harwood
Has	Has, Hase, Hasse, Haz, Haze
Hasalfot	Hasalfot, Hasalfott
Hasard	Hasard, Hassard
Hasbaro	Hasbaro, Hasbarro
Hasbarough	Hasbarough, Hasbarrough
Hasbarow	Hasbarow, Hasbarrow, Hasbarrowe, Hasberoe, Hasberow, Hasberowe, Hasboro, Hasborough, Hasboroughe, Hasborow, Hasborowe, Hasborrough, Hasborrowe
Hasbek	Hasbek
Hasbero	Hasbero
Hasbie	Hasbie, Hasbye
Hasborougsh	Hasborougsh
Hasborowes	Hasborowes
Hasborowgh	Hasborowgh, Hasborowghe
Hasborugh	Hasborugh
Hasbrogh	Hasbrogh, Hasbroghe
Hasbroght	Hasbroght
Hasbrok	Hasbrok, Hasbroke
Hasbrough	Hasbrough, Hasbrow, Hasbrowe
Hasbrowgh	Hasbrowgh
Hasbrugh	Hasbrugh
Hasburg	Hasburg, Hasburgh
Hasburght	Hasburght
Hasburugh	Hasburugh
Hasch	Hasch, Hasche
Haseban	Haseban, Hasebane
Hasebek	Hasebek
Hasebie	Hasebie
Haseborough	Haseborough
Hasel	Hasel, Hasele, Hasell, Hassell
Haselbi	Haselbi, Haselby
Haselburgh	Haselburgh, Hasselburgh
Haselden	Haselden
Haseldeson	Haseldeson, Hasseldesson
Haseldson	Haseldson, Hasseldson
Haselei	Haselei, Haseley
Haselfolt	Haselfolt, Haselfolte
Haselfoot	Haselfoot, Haselfoote
Haselfot	Haselfot, Haselfote
Haselie	Haselie, Haselye
Haselman	Haselman, Hasselman
Haselson	Haselson, Hasselson
Haselton	Haselton
Haselwod	Haselwod, Hasselwod
Haselwood	Haselwood, Haselwoode
Hasen	Hasen, Hassen
Haserd	Haserd
Haset	Haset
Hasewardebi	Hasewardebi, Hasewardeby
Hasil	Hasil, Hassille
Hasilden	Hasilden
Hasilfot	Hasilfot, Hasilfote
Hasilrig	Hasilrig, Hasilryg, Hasylryg
Hasilsei	Hasilsei, Hasilsey
Hasilwod	Hasilwod, Hassyllwod
Haskert	Haskert
Haskham	Haskham
Haskin	Haskin, Haskkyn
Haslee	Haslee
Haslei	Haslei, Hasley
Haslin	Haslin, Haslyn
Hasmoch	Hasmoch, Hasmoche
Hasmot	Hasmot, Hassmote
Hasner	Hasner, Hassner
Hasob	Hasob, Hassobe
Hasolie	Hasolie, Hasolye
Hason	Hason, Hasson
Hasord	Hasord
Hasperowght	Hasperowght
Hast	Hast
Hasteler	Hasteler
Hastelin	Hastelin, Hastelyn
Hasterbargh	Hasterbargh, Hasterbarghe
Hasterbarogh	Hasterbarogh
Hasterbergh	Hasterbergh
Hasterboroug	Hasterboroug
Hasterborough	Hasterborough
Hasterbrok	Hasterbrok, Hasterbroke
Hasters	Hasters
Hasting	Hasting, Hastyng
Hastinges	Hastinges, Hastynges
Hastings	Hastings, Hastyngs
Hastman	Hastman
Haston	Haston
Hastred	Hastred, Hastrede
Hastri	Hastri, Hastry
Hatclif	Hatclif, Hatclyf
Hateclif	Hateclif, Hatteclyffe
Hatefeld	Hatefeld, Hattefelde
Hatel	Hatel, Hatell
Hatemaker	Hatemaker, Hattemaker
Hater	Hater, Hatter, Hattere, Hatterre
Hates	Hates, Hattes
Hatfeld	Hatfeld, Hatfelde, Hatffeld
Hatfelt	Hatfelt
Hatfild	Hatfild, Hatfyld
Hath	Hath, Hathe
Hatheler	Hatheler
Hathelin	Hathelin, Hathelyn
Hatheltak	Hatheltak
Hather	Hather
Hatherl	Hatherl, Hatherle
Hatherlei	Hatherlei, Hatherley
Hathil	Hathil, Hathyll
Hathiltak	Hathiltak, Hathyltak
Hathwai	Hathwai, Hathway
Hatiltak	Hatiltak
Hatis	Hatis, Hattys
Hatiswel	Hatiswel, Hattyswelle
Hatmaker	Hatmaker, Hattmaker
Hatr	Hatr, Hatre
Hatren	Hatren, Hattren
Hatron	Hatron
Hatroner	Hatroner, Hattroner
Hatrow	Hatrow, Hatrowe
Hatrown	Hatrown, Hatrowne
Haugh	Haugh, Haughe, Haw, Hawe
Haught	Haught, Haut, Haute, Hawt, Hawte, Hawtt, Hawtte
Haugin	Haugin, Haugyn
Hauki	Hauki, Hauky
Haukin	Haukin, Haukyn
Haukins	Haukins, Haukyns, Hawkins, Hawkyns
Haul	Haul, Haule, Hawl, Hawle, Hawll, Hawlle
Haulskin	Haulskin, Haulskyn
Haumer	Haumer, Haumere
Haunch	Haunch, Haunche
Haunscam	Haunscam, Haunscame
Haunskam	Haunskam, Haunskame
Haunson	Haunson
Haunstam	Haunstam
Haunswik	Haunswik, Haunswike, Haunswyke
Haupelei	Haupelei, Haupeley
Hauri	Hauri, Whori, Whorry, Whory
Haurom	Haurom, Haurome, Oram, Orame
Haus	Haus, Hause, Hous, House
Hausi	Hausi, Hausy
Hausten	Hausten, Howeston
Hauster	Hauster, Haustere, Haustr, Haustre, Howster, Howstr, Howstre
Hausterbargh	Hausterbargh, Hausterbarghe
Haustred	Haustred, Haustrede
Haustreght	Haustreght, Haustret, Haustrett, Howstret, Howstrette
Haustreight	Haustreight
Haustretes	Haustretes, Haustrettes
Haustus	Haustus
Hauswick	Hauswick, Hauswicke, Hauswik, Hauswike
Hauswickel	Hauswickel
Havarman	Havarman
Havart	Havart
Havelin	Havelin, Havelyn
Havelok	Havelok
Haven	Haven
Havenow	Havenow, Havenowe
Haver	Haver, Hevar
Havering	Havering, Haveryng
Havidaunc	Havidaunc, Havydaunce
Havik	Havik, Havyk
Havilond	Havilond, Havylond
Havin	Havin, Havyn
Havins	Havins, Havyns
Havlei	Havlei, Havley
Hawais	Hawais, Haways
Hawand	Hawand
Haward	Haward, Hawarde, Haword
Hawbrigth	Hawbrigth
Hawden	Hawden
Hawdersbeser	Hawdersbeser
Hawemaistr	Hawemaistr, Hawemaistre
Hawert	Hawert
Hawes	Hawes, Haws, Hawse
Hawez	Hawez
Hawghton	Hawghton, Hawten, Hawton, Houghton
Hawie	Hawie
Hawin	Hawin, Hawyn
Hawing	Hawing, Hawyng
Hawis	Hawis, Hawys
Hawk	Hawk, Hawke
Hawkens	Hawkens
Hawker	Hawker
Hawkes	Hawkes
Hawkesworth	Hawkesworth
Hawkin	Hawkin, Hawkyn
Hawkinbergh	Hawkinbergh, Hawkynbergh
Hawking	Hawking, Hawkynge
Hawles	Hawles
Hawlet	Hawlet, Hawllet
Hawli	Hawli, Hawly
Hawlin	Hawlin, Hawlyn
Hawmeistr	Hawmeistr, Hawmeistre
Hawnt	Hawnt, Hawnte
Hawod	Hawod, Hawode
Hawood	Hawood
Hawsegni	Hawsegni, Hawsegny
Hawsei	Hawsei, Hawsey
Hawsel	Hawsel, Hawselle
Hawson	Hawson
Hawsten	Hawsten, Hawston
Hawster	Hawster, Hawstr, Hawstre
Hawtaker	Hawtaker
Hawthorn	Hawthorn, Hawthorne
Haxei	Haxei, Haxey
Haxton	Haxton
He	He
Healing	Healing, Healyng, Heling, Helling, Helyng, Helynge
Heardson	Heardson
Heath	Heath, Heathe, Hith, Hithe, Hyth, Hythe
Heaton	Heaton
Heb	Heb, Hebbe
Hebart	Hebart
Hebertes	Hebertes
Hebris	Hebris
Heburn	Heburn, Heburne
Hechcok	Hechcok, Hechcoke
Hechecok	Hechecok
Hecklet	Hecklet
Hecok	Hecok
Hector	Hector, Hectore
Hed	Hed, Hede, Heed, Hid, Hidde, Hide, Hyde
Hedbon	Hedbon, Hedbone
Hedg	Hedg, Hedge
Heding	Heding, Hedyng
Hedington	Hedington, Hedyngton
Hedmaker	Hedmaker
Hedmulen	Hedmulen
Hedon	Hedon
Heer	Heer, Heere, Houwier, Houwyer
Heft	Heft
Heg	Heg, Hege, Hegge, Hegh, Heghe
Hegeman	Hegeman, Heggeman
Heges	Heges, Hegges
Heggyns	Heggyns, Hegins
Hegil	Hegil, Hegyle, Hegylle
Hegis	Hegis
Hegons	Hegons
Hegscotes	Hegscotes, Hegscottes
Hegwold	Hegwold
Heibard	Heibard
Heibi	Heibi, Heyby
Heibrok	Heibrok, Heybrok
Heic	Heic, Heik, Heyc, Heyk, Heyke
Heiden	Heiden, Heidon, Heyden, Heydon
Heier	Heier, Heyer
Heies	Heies, Heis, Heyes, Heys, Heyse
Heig	Heig, Heige, Heyge, Heygge
Heightons	Heightons, Heyghtons
Heikeson	Heikeson, Heikesson, Heikison, Heykeson, Heykesson, Heykysson
Heikis	Heikis, Heykys
Heikson	Heikson, Heykson, Heyksson
Heilb	Heilb, Heylbe
Heilen	Heilen, Heylen
Heilin	Heilin, Heylyn
Heiling	Heiling, Heylyng
Heiman	Heiman, Heyman
Heimer	Heimer, Heymer
Heimeson	Heimeson, Heymesson
Heimour	Heimour, Heymour
Hein	Hein, Heine, Heyn, Heyne
Heindeman	Heindeman, Heyndeman, Hindman
Heindrik	Heindrik, Heindrike
Heinebrigth	Heinebrigth, Heynebriggth
Heineman	Heineman, Heinman, Heyneman, Heynemann, Heynman, Heynneman
Heinemano	Heinemano, Heynemano
Heines	Heines, Heins, Heynes, Heyns
Heineson	Heineson, Heyneson, Heynesson
Heinik	Heinik, Heinnyke
Heinis	Heinis, Heynys
Heinmanson	Heinmanson, Heynmansson
Heinow	Heinow, Heynow
Heinrick	Heinrick
Heinrico	Heinrico
Heinson	Heinson, Heinsson, Heynson, Heynsson
Heip	Heip, Heype
Heireson	Heireson
Heiriot	Heiriot, Heyryott
Heiron	Heiron, Heyron
Heisaund	Heisaund, Heysaund
Heisaunt	Heisaunt, Heysaunt
Heison	Heison, Heyson
Heistar	Heistar, Heystar
Heister	Heister, Heyster
Heit	Heit, Heyt
Heith	Heith, Heyth, Heythe
Heiton	Heiton, Heyton
Heivelond	Heivelond, Heyvelond
Heiwern	Heiwern, Heywern
Hek	Hek, Heke, Hick, Hicke, Hik, Hyk, Hykk
Hekinfeld	Hekinfeld, Hekynfeld
Hekison	Hekison, Hekysson
Hel	Hel, Hele, Helle
Helal	Helal, Helalle
Helard	Helard, Hellard
Helbert	Helbert
Helbolt	Helbolt
Held	Held, Helde
Helden	Helden
Heldensal	Heldensal, Heldensall
Heldernes	Heldernes
Heldin	Heldin, Heldyn
Helding	Helding, Heldyng
Heldnow	Heldnow
Heldr	Heldr, Heldre
Heldren	Heldren
Helegei	Helegei, Helegey
Helei	Helei, Heley
Helena	Helena
Helft	Helft
Heliard	Heliard, Helyard
Helie	Helie, Hellie, Helye
Heligh	Heligh, Helighe
Helight	Helight, Helyght
Helin	Helin, Helyn
Helior	Helior
Heliot	Heliot
Helirek	Helirek, Hellirek
Helken	Helken
Helkin	Helkin, Helkyn
Helking	Helking
Helkins	Helkins, Helkyns
Hellot	Hellot, Helot, Helught
Hellowe	Hellowe, Helow, Helowe, Hillowe, Hilow
Hellwise	Hellwise, Helwis, Helwys
Helmich	Helmich, Helmych
Helmis	Helmis, Helmys
Help	Help, Helpe
Helselson	Helselson, Helselsson
Helstal	Helstal, Helstalle
Helt	Helt, Helte
Helton	Helton
Helugh	Helugh
Heluz	Heluz
Helvi	Helvi, Helvy
Helw	Helw, Helwe
Helwin	Helwin, Helwyn
Helworth	Helworth
Hembrik	Hembrik, Hembrike
Hemelrik	Hemelrik
Hemenk	Hemenk, Hemenke
Hemink	Hemink, Heminke
Hemling	Hemling
Hemp	Hemp
Hempl	Hempl, Hemple
Hemrick	Hemrick, Hemricke
Hen	Hen
Henach	Henach, Hennach
Henag	Henag, Henage
Henaud	Henaud, Henaude, Hennaud
Henauth	Henauth
Henawd	Henawd, Henawde
Henc	Henc, Hence
Hend	Hend, Hende
Henderik	Henderik, Hendrik, Hendryk
Henderson	Henderson
Hendi	Hendi, Hendy
Hendik	Hendik
Hendlei	Hendlei, Hendley
Hendon	Hendon
Hendr	Hendr, Hendre
Hendrikes	Hendrikes
Hendrikson	Hendrikson, Hendrykson
Heneaud	Heneaud
Heneg	Heneg, Henege
Heneger	Heneger
Heneges	Heneges
Henego	Henego, Hennego
Henegoes	Henegoes, Henegos, Hennegose
Henegois	Henegois, Henegoys
Henek	Henek, Henik, Hennek, Hennyk, Hennyke
Henenton	Henenton
Henerel	Henerel, Henerelle
Henes	Henes
Heneveres	Heneveres, Henevers, Hennevers
Heng	Heng, Henge
Hengram	Hengram, Hengrame
Henigo	Henigo
Heniing	Heniing, Henyyng
Hening	Hening, Hennyng, Hennynge, Henyng, Henynge
Heninges	Heninges, Hennynges
Henl	Henl, Henle
Henlai	Henlai, Henlay, Henlei, Henley
Hennoveres	Hennoveres, Hennovers, Hennovors, Henoveres, Henovers, Henovors
Henogos	Henogos
Henoud	Henoud
Henoudes	Henoudes
Henow	Henow, Henowe
Henowd	Henowd, Henowde
Henr	Henr, Henre
Henrekeson	Henrekeson, Henrekesson, Henrickeson, Henryckeson
Henrekson	Henrekson, Henrickson, Henricson, Henricsson, Henrikson, Henriksone, Henriksson, Henryckson, Henrykson, Henryksone, Henryksson
Henreson	Henreson, Henresson, Henrison, Henrisone, Henrisson, Henryson, Henrysson
Henri	Henri, Henrie, Henry, Henrye
Henric	Henric, Henrice, Henrich, Henrick, Henricke, Henrik, Henrike, Henryc, Henryck, Henrycke, Henryk, Henryke
Henrici	Henrici, Henrycy
Henrickes	Henrickes, Henricks
Henrico	Henrico, Henryco
Henricum	Henricum
Henricus	Henricus
Henrieson	Henrieson, Henriesson, Henryesson
Henrikes	Henrikes, Henrykes
Henrikeson	Henrikeson, Henrikesson, Henrikkesson, Henrykeson, Henrykesson
Hens	Hens, Hense
Hensil	Hensil, Hensill
Henskin	Henskin, Henskyn
Henteson	Henteson, Hentesson
Hentson	Hentson
Henwin	Henwin, Henwyn
Henwod	Henwod, Henwode
Henzina	Henzina
Hep	Hep, Hepe
Her	Her, Here, Herre, Hur, Hurre
Herasmus	Herasmus
Heraud	Heraud, Heraude
Herba	Herba
Herbard	Herbard, Herbarde, Herberd, Herberde
Herbaud	Herbaud, Herbaude, Herbawd
Herbowd	Herbowd
Herbrok	Herbrok, Herbroke
Herbrough	Herbrough
Herd	Herd, Hird, Hyrd
Herdes	Herdes
Herdeson	Herdeson
Herdiknok	Herdiknok, Herdyknok
Herdin	Herdin, Herdyne
Herdman	Herdman
Herdon	Herdon
Herdson	Herdson, Hurdson
Herebaud	Herebaud, Herebaude
Herebawd	Herebawd, Herebawde
Hereberd	Hereberd
Hereford	Hereford, Herreford
Herefordes	Herefordes, Herrefordes
Herefordez	Herefordez
Heregoin	Heregoin, Heregoyne
Herekin	Herekin, Herekyn
Heremerson	Heremerson
Herenden	Herenden
Herenson	Herenson, Herensson
Heres	Heres, Herres
Heresie	Heresie
Hereson	Hereson, Herresson
Hereward	Hereward
Herewek	Herewek
Herfford	Herfford, Herford
Herffordes	Herffordes, Herfordes, Herrfordes
Herfordez	Herfordez
Heri	Heri, Herry, Hery
Heriard	Heriard, Heryard
Herieson	Herieson, Herriesson
Heriet	Heriet
Herigand	Herigand, Herygande
Hering	Hering, Herryng, Heryng, Herynge
Heringeie	Heringeie, Heringeye
Heringeson	Heringeson, Heringesson
Heringow	Heringow, Heryngowe
Heringtoft	Heringtoft, Heryngtoft
Heringtolft	Heringtolft, Heryngtolfft
Herington	Herington, Herryngton
Herion	Herion, Heryon
Heriot	Heriot, Heriott, Heriotte, Herriot, Herriott, Herryot, Herryott, Heryot, Heryott, Heryotte
Heris	Heris, Herris, Herrys, Herys
Heriso	Heriso
Herison	Herison, Herryson, Herrysson
Heritag	Heritag, Herytage
Herizo	Herizo
Herk	Herk, Herke
Herkens	Herkens
Herkin	Herkin, Herkyn
Herl	Herl, Herle
Herlam	Herlam
Herlest	Herlest
Herlewin	Herlewin, Herlewyn
Herm	Herm, Herme
Herman	Herman, Hermon
Hermaneson	Hermaneson, Hermannesson, Hermanson, Hermansone, Hermansson
Hermani	Hermani, Hermanni
Hermanno	Hermanno, Hermano
Hermans	Hermans, Hermons, Herrmons
Hermelin	Hermelin, Hermelyn
Hermer	Hermer
Hermerskot	Hermerskot, Hermerskott
Hermonis	Hermonis
Hern	Hern, Herne
Hernando	Hernando
Hernemouth	Hernemouth
Hernemowth	Hernemowth
Hernesmaker	Hernesmaker
Herni	Herni, Herny
Hernot	Hernot, Hernott
Herod	Herod
Herogin	Herogin, Herogyn
Heron	Heron
Heronimus	Heronimus
Herper	Herper
Hersbek	Hersbek
Hersfeld	Hersfeld
Herslough	Herslough
Herst	Herst, Herste, Hurst, Hurste
Hert	Hert, Herte, Hertt, Hertte, Hurt
Hertbi	Hertbi, Hertby
Hertbon	Hertbon
Herteges	Herteges
Hertelee	Hertelee
Hertelei	Hertelei, Herteley
Herter	Herter
Hertes	Hertes
Hertewel	Hertewel, Hertewell
Hertewik	Hertewik, Hertewyk
Hertffordes	Hertffordes, Hertfordes
Hertford	Hertford
Hertger	Hertger
Hertik	Hertik, Hertyk
Hertis	Hertis, Hertys
Hertishorn	Hertishorn, Herttyshorne
Hertison	Hertison
Hertlei	Hertlei, Hertley
Hertok	Hertok
Hertson	Hertson, Hertsson
Hertwel	Hertwel, Hertwelle
Hertwik	Hertwik
Hervei	Hervei, Hervey
Hervest	Hervest, Herveste
Hervi	Hervi, Hervie, Hervy
Herward	Herward, Herwarde
Herwi	Herwi, Herwy
Herwich	Herwich, Herwiche, Herwych, Herwyche
Hes	Hes, Hese
Hesden	Hesden, Hewesden
Hesel	Hesel, Hesell, Hessell
Hesh	Hesh, Hessh
Hesigham	Hesigham
Hesilbak	Hesilbak
Hesildon	Hesildon
Hesilson	Hesilson, Hessilson
Hesio	Hesio, Hessio
Hesis	Hesis, Hessis
Hest	Hest, Heste
Hester	Hester, Hestor
Hesterbak	Hesterbak, Hesterbake
Hesterboro	Hesterboro, Hesterborow
Hesterbrough	Hesterbrough, Hesterbroughe
Hesterbrugh	Hesterbrugh
Hestin	Hestin, Hestyn
Hesting	Hesting, Hestyng
Het	Het, Hete
Heten	Heten
Heth	Heth, Hethe
Hethen	Hethen
Hetherington	Hetherington, Hetheryngton
Heti	Heti, Hety
Hetis	Hetis, Hetys
Heton	Heton, Hetton
Hetron	Hetron
Heugh	Heugh, Heughe, Hew, Hewe, Hoo, Hu, Hugh, Hughe
Heughson	Heughson
Heugonis	Heugonis, Hewgonis, Hugonis
Heum	Heum, Heume, Hum, Hume
Heus	Heus
Heuson	Heuson, Hewson, Hewsson, Huison, Huson, Husson, Huysson
Hev	Hev, Heve
Heved	Heved
Heverod	Heverod
Hevert	Hevert
Hevet	Hevet, Hevett
Hevin	Hevin, Hevyn
Heward	Heward
Hewat	Hewat
Hewbright	Hewbright, Hewbryght, Hubright, Hubryght
Hewbris	Hewbris
Hewel	Hewel, Hewell, Hewelle
Hewer	Hewer, Hewr, Hewre
Hewes	Hewes, Hews, Hewse, Hughes
Heweson	Heweson, Hewesson, Histen, Hysten
Hewet	Hewet, Hewete, Hewett
Hewez	Hewez
Hewget	Hewget, Hewgett
Hewghebright	Hewghebright, Hewghebryght
Hewgo	Hewgo, Hugo
Hewgon	Hewgon, Hewgone
Hewin	Hewin, Hewyn
Hewis	Hewis
Hewit	Hewit, Hewitt
Hewl	Hewl, Hewlle
Hewlet	Hewlet
Hewlin	Hewlin, Hewlyn, Hulin, Hulyn
Hewst	Hewst
Hewstar	Hewstar
Hewster	Hewster
Hewton	Hewton, Hewtone, Huten, Huton, Hutten, Hutton, Huttun, Hutun
Hiasch	Hiasch, Hiasche, Hiash, Hyasch, Hyasche, Hyassh, Hyasshe
Hiat	Hiat, Hyate
Hiberden	Hiberden, Hyberden
Hibernia	Hibernia
Hibernie	Hibernie, Hybernie
Hibes	Hibes, Hybbes
Hicchcok	Hicchcok, Hichcok
Hicford	Hicford, Hickford, Hyckford
Hich	Hich, Hyche
Hichecok	Hichecok, Hichecoke, Hitchecock, Hitchecok, Hychecok
Hichen	Hichen
Hichinson	Hichinson, Hychynson
Hickat	Hickat, Hyckat
Hickeford	Hickeford
Hickeman	Hickeman
Hickes	Hickes, Hix, Hyx
Hickis	Hickis, Hickys
Hickman	Hickman, Hicman, Hikman, Hyckman, Hykman
Hickson	Hickson, Hicsten, Hicstene, Hikson, Hiksten, Hikstene, Hixson, Hixsten
Hideman	Hideman, Hydeman
Hidington	Hidington
Hidman	Hidman
Hidson	Hidson
Hieg	Hieg, Hiege, Hig, Hygge
Hieronimo	Hieronimo
Hiested	Hiested, Hyestede
Higham	Higham, Hygham
Highbro	Highbro
Highlord	Highlord
Higinden	Higinden, Hygynden
Higins	Higins, Hyggyns, Hygyns
Higons	Higons, Hygons
Hihasch	Hihasch
Hikhugheson	Hikhugheson, Hikhughesson
Hikilman	Hikilman, Hikylman
Hil	Hil, Hill, Hille, Hyll, Hylle
Hilard	Hilard, Hilierd, Hillard, Hillierd, Hylarde
Hilarii	Hilarii, Hillarii
Hilario	Hilario, Hillario
Hilbart	Hilbart
Hilbrand	Hilbrand, Hylbrand
Hilbrandes	Hilbrandes
Hilbrando	Hilbrando
Hilbrant	Hilbrant
Hilbranto	Hilbranto
Hild	Hild, Hylde
Hildegard	Hildegard
Hilden	Hilden, Hylden
Hildernes	Hildernes, Hildernese, Hilderns, Hildrnes, Hyldernes, Hylderns
Hildernis	Hildernis
Hilders	Hilders, Hildres, Hylders, Hyldres
Hildon	Hildon, Hyldon
Hildrens	Hildrens, Hildrons, Hilldrens, Hyldrens, Hyldrons
Hildreus	Hildreus, Hyldreus
Hildrn	Hildrn, Hildrne
Hildros	Hildros, Hyldros
Hildrous	Hildrous, Hyldrous
Hilebrand	Hilebrand, Hillebrand
Hilei	Hilei, Hyley
Hiler	Hiler, Hiller
Hilerd	Hilerd, Hillerd
Hileros	Hileros, Hyleros
Hiles	Hiles, Hilles, Hylles
Hili	Hili, Hilie, Hillie, Hilly, Hyllye
Hiliard	Hiliard, Hillyard
Hilibrand	Hilibrand, Hillibrand, Hillybrand, Hyllibrand
Hilibrant	Hilibrant, Hillibrant
Hilibrond	Hilibrond, Hillibrond
Hiliman	Hiliman, Hyllyman
Hilingbrand	Hilingbrand, Hillingbrand
Hilkan	Hilkan, Hilken, Hylken
Hilkin	Hilkin, Hilkyn, Hylkyn
Hills	Hills, Hils
Hillton	Hillton, Hilton, Hylton
Hilman	Hilman, Hylman
Hilson	Hilson, Hylson
Himerhof	Himerhof, Hymerhof
Hin	Hin, Hyne, Hynne
Hinago	Hinago, Hynago
Hinbergar	Hinbergar, Hynbergare
Hinchekin	Hinchekin, Hinchekyn
Hinck	Hinck, Hink, Hyncke, Hynke
Hinckilman	Hinckilman, Hinkilman, Hinkylman, Hynckylman, Hynkilman, Hynkylman
Hinckstenberi	Hinckstenberi, Hinckstenbery
Hincstenberi	Hincstenberi, Hincstenbery, Hyncstenbery
Hind	Hind, Hinde, Hynd, Hynde
Hindernes	Hindernes
Hindiman	Hindiman, Hyndyman
Hingekin	Hingekin, Hingekyn
Hingstenberi	Hingstenberi, Hyngstenbery
Hinigo	Hinigo, Hynygo
Hinkeles	Hinkeles, Hynkelles
Hinkelman	Hinkelman, Hynkelman
Hinton	Hinton, Hynton
Hirera	Hirera, Hyrrera
Hirgoin	Hirgoin, Hirgoyne
Hirigoin	Hirigoin, Hirigoyn
Hirleter	Hirleter, Hyrleter
Hiron	Hiron, Hyron
His	His, Hise
Hisbolt	Hisbolt, Hisbolte
Hisow	Hisow, Hissow
Hisp	Hisp
Hispain	Hispain, Hispayne
Hispan	Hispan, Hispane
Hispania	Hispania, Hispannia
Hispanie	Hispanie, Hyspanie
Histed	Histed, Hystede
Histrean	Histrean
Hitfeld	Hitfeld, Hitfelde
Hixer	Hixer
Ho	Ho
Hoav	Hoav, Hoave
Hob	Hob, Hobbe
Hobard	Hobard, Hobbard, Hoberd, Hoberde
Hobardson	Hobardson, Hobardsson
Hobbelott	Hobbelott, Hobelot, Hobelott
Hobbert	Hobbert, Hobert
Hobbesson	Hobbesson, Hobeson
Hobbey	Hobbey, Hobei
Hobbi	Hobbi, Hobbye, Hobi, Hobie, Hoby, Hobye
Hobbys	Hobbys, Hobis
Hobbz	Hobbz, Hobs, Hobz
Hobel	Hobel, Hobell
Hobelet	Hobelet, Hobelett
Hoben	Hoben
Hoberght	Hoberght
Hoberthorn	Hoberthorn
Hobes	Hobes
Hobin	Hobin, Hobyn
Hobrigh	Hobrigh, Hobryghe
Hobson	Hobson
Hobultho	Hobultho
Hobulthorn	Hobulthorn
Hobwel	Hobwel, Hobwell
Hoch	Hoch, Hoche, Hock, Hocke, Hok, Hoke
Hochekins	Hochekins, Hochekyns
Hochen	Hochen
Hochenson	Hochenson
Hochin	Hochin, Hochyn
Hochkins	Hochkins, Hochkyns
Hochon	Hochon, Hochone
Hochons	Hochons
Hochstetar	Hochstetar
Hockman	Hockman
Hod	Hod, Hode
Hoddesdon	Hoddesdon, Hoddesdone, Hodesdon
Hodemaker	Hodemaker
Hodeson	Hodeson, Hodesson
Hodg	Hodg, Hodge
Hodgekins	Hodgekins, Hodgekyns
Hodgeson	Hodgeson
Hodgkins	Hodgkins, Hodgkyns
Hodgskins	Hodgskins, Hodgskyns
Hodgson	Hodgson
Hodi	Hodi, Hody
Hodiam	Hodiam
Hoding	Hoding, Hodyng
Hodkin	Hodkin, Hodkyn
Hodkins	Hodkins, Hodkyns
Hodlam	Hodlam
Hodson	Hodson
Hof	Hof, Hofe, Hoff, Hoffe
Hofates	Hofates, Hoffattes
Hofed	Hofed, Hofede
Hofestaed	Hofestaed, Hoffestaede
Hoffman	Hoffman, Hofman
Hoffre	Hoffre, Hofr
Hoffstede	Hoffstede, Hofsted, Hofstede
Hofstad	Hofstad, Hofstade
Hofstat	Hofstat, Hofstatte
Hoft	Hoft
Hoftman	Hoftman
Hog	Hog, Hoge, Hogge
Hogan	Hogan, Hoggan
Hogar	Hogar
Hogard	Hogard
Hogas	Hogas, Hogase
Hogdkens	Hogdkens
Hogdkins	Hogdkins, Hogdkyns
Hogekin	Hogekin, Hogekyn
Hogekins	Hogekins, Hogekyns
Hogeson	Hogeson, Hogesson, Hoggeson, Hoggesson
Hogesteter	Hogesteter, Hoggesteter
Hoggun	Hoggun, Hogon, Hogone, Hogun
Hoghestetar	Hoghestetar
Hoghkins	Hoghkins, Hoghkyns, Hogkins, Hogkyns
Hoghmestr	Hoghmestr, Hoghmestre
Hoghstetar	Hoghstetar
Hoghstetir	Hoghstetir, Hoghstettir
Hoght	Hoght, Hot, Hote
Hogines	Hogines, Hogynes
Hogins	Hogins, Hogyns
Hogis	Hogis, Hogys
Hogison	Hogison, Hogisson
Hognal	Hognal, Hognalle
Hogo	Hogo
Hogonis	Hogonis
Hogoun	Hogoun
Hogshon	Hogshon, Hogson
Hogstater	Hogstater
Hogstetar	Hogstetar, Hogsteter, Hogstetter
Hogston	Hogston, Hogstone
Hoibert	Hoibert, Hoybert
Hoie	Hoie, Hois, Hoye, Hoys
Hoier	Hoier, Hoyer
Hoigh	Hoigh, Hoighe, Hoyghe
Hoiman	Hoiman, Hoyman, Hoymanne
Hoin	Hoin, Hoyne
Hoio	Hoio, Hoyo
Hoister	Hoister
Hoitan	Hoitan, Hoiton, Hoytan, Hoyton
Hokar	Hokar, Hokare
Hoker	Hoker
Hoking	Hoking, Hokkyng, Hokyng, Hokynge
Hoklond	Hoklond
Hol	Hol, Hole, Holle
Holand	Holand, Holande, Holland, Hollande
Holander	Holander, Hollander
Holandes	Holandes, Hollandes
Holandi	Holandi, Holandie, Hollandie
Holandia	Holandia, Hollandia
Holandr	Holandr, Holandre
Holant	Holant, Hollant
Holantes	Holantes, Hollantes
Holar	Holar, Holer, Hollar, Holler
Holat	Holat, Holate
Holaundes	Holaundes, Hollaundes
Holbech	Holbech, Holbek, Holbeke
Holbeck	Holbeck, Holbecke
Holbem	Holbem, Holbeme
Holbi	Holbi, Holby
Holborn	Holborn, Holborne, Holbourn, Holbourne
Holbrok	Holbrok, Holbroke
Hold	Hold, Holde
Holdelond	Holdelond
Holdem	Holdem
Holden	Holden
Holder	Holder
Holderie	Holderie, Holderye
Holdern	Holdern, Holderne
Holdernes	Holdernes, Holderness, Holdernesse
Holderst	Holderst
Holdfot	Holdfot, Holdfote
Holdhul	Holdhul, Holdhulle
Holdin	Holdin, Holdyn
Holdland	Holdland
Holdrons	Holdrons
Holdworth	Holdworth
Holeland	Holeland, Holleland
Holender	Holender, Hollender
Holert	Holert
Holes	Holes, Holles
Holet	Holet
Holf	Holf
Holford	Holford
Holfot	Holfot, Holfote
Holft	Holft, Holfte
Holgil	Holgil, Holgylle
Holgrav	Holgrav, Holgrave
Holgrim	Holgrim, Holgrime, Holgryme
Holibrand	Holibrand, Holibrande, Holybrand
Holidai	Holidai, Holyday
Holigast	Holigast
Holigost	Holigost, Holigoste, Holygost
Holiland	Holiland, Holliland
Holiman	Holiman, Hollyman
Holingweath	Holingweath, Hollyngweathe
Holingworth	Holingworth, Holyngworth
Holins	Holins, Holyns
Holis	Holis, Hollis, Hollys, Holys
Holisbush	Holisbush, Hollisbushe
Holisman	Holisman, Hollisman
Holison	Holison, Hollyson, Holyson
Holk	Holk, Holke
Holkew	Holkew, Holkewe
Holkin	Holkin
Hollmer	Hollmer, Holmer
Hollmes	Hollmes, Holmes, Homes
Hollond	Hollond, Hollonde, Holond, Holonde
Hollonder	Hollonder, Holonder
Holm	Holm, Holme
Holman	Holman
Holmehech	Holmehech, Holmeheche
Holmeheg	Holmeheg, Holmehege, Holmehegge
Holmez	Holmez
Holmin	Holmin, Holmyn
Holmis	Holmis, Holmys
Holms	Holms
Holn	Holn, Holne
Holondie	Holondie
Holowater	Holowater
Holsbush	Holsbush, Holsbushe
Holschenmaker	Holschenmaker
Holskeret	Holskeret
Holson	Holson
Holstok	Holstok, Holstoke
Holt	Holt, Holte, Hoult
Holthorp	Holthorp, Holthorpe
Holton	Holton, Houlten
Holtwai	Holtwai, Holtway
Holugh	Holugh
Holwai	Holwai, Holway
Holwatir	Holwatir, Holwatyr
Holwel	Holwel, Holwell, Holwelle
Hom	Hom, Homb, Hombe, Home
Homan	Homan
Homberston	Homberston
Hombli	Hombli, Homblie, Hombly
Homelei	Homelei, Homeley
Homeleie	Homeleie, Homeleye, Homeli, Homelie, Homely
Homeln	Homeln
Homer	Homer
Homfrido	Homfrido
Homlei	Homlei, Homley
Hommode	Hommode, Homod
Homo	Homo
Homobon	Homobon, Homobone
Homwod	Homwod
Hond	Hond, Honde
Hondermark	Hondermark, Hondermarke
Honef	Honef, Honefe
Honero	Honero
Hongaria	Hongaria
Hongero	Hongero
Hongirbegh	Hongirbegh
Honie	Honie, Honye
Honifeld	Honifeld, Honyfeld
Honigrie	Honigrie, Honigrye
Honiman	Honiman, Honimon, Honyman, Honymon
Honing	Honing, Honnyng
Honor	Honor, Honour, Honoure
Hont	Hont
Honting	Honting
Hontlow	Hontlow
Hontrit	Hontrit
Honur	Honur, Honure
Hood	Hood, Hoode
Hoof	Hoof, Hoofe
Hoog	Hoog, Hooge
Hook	Hook, Hooke
Hoolandes	Hoolandes, Hoollandes
Hoolk	Hoolk, Hoolke
Hoon	Hoon
Hoopkins	Hoopkins, Hoopkyns
Hoor	Hoor
Hoorwood	Hoorwood
Hoot	Hoot
Hop	Hop, Hope, Hoppe
Hopar	Hopar
Hopeman	Hopeman
Hopencan	Hopencan
Hoper	Hoper, Hopper
Hophons	Hophons
Hopi	Hopi, Hoppy
Hopin	Hopin, Hoppyn
Hopkin	Hopkin, Hopkyn
Hopkines	Hopkines, Hopkynes, Hopkynnes
Hopkins	Hopkins, Hopkyns
Hoplies	Hoplies
Hopman	Hopman
Hoppton	Hoppton, Hoptan, Hopton
Hopson	Hopson
Hopster	Hopster
Hor	Hor, Hore
Horbi	Horbi, Horby
Horekin	Horekin, Horekyn
Horel	Horel, Horelle, Horrelle
Horen	Horen, Horren
Horengon	Horengon
Horewod	Horewod, Horewode, Horwod
Horie	Horie, Horrie, Horsie, Horsye
Horing	Horing, Horyng
Horkesl	Horkesl, Horkesle
Horkisl	Horkisl, Horkisle
Horkland	Horkland
Horlandin	Horlandin, Horlandyn
Horlock	Horlock, Horlocke, Horlok, Horloke
Horlockeson	Horlockeson
Hormanson	Hormanson
Hormed	Hormed, Hormede
Hormer	Hormer
Horn	Horn, Horne, Hornne
Hornclif	Hornclif, Hornclyff
Horncut	Horncut
Hornebal	Hornebal, Hornebale
Hornebi	Hornebi, Horneby
Horneclif	Horneclif, Horneclyff
Hornel	Hornel, Hornell
Horneman	Horneman
Hornemed	Hornemed, Hornemede
Hornemedo	Hornemedo
Horner	Horner, Hornner
Hornes	Hornes, Horns, Hornse
Hornesdales	Hornesdales
Hornesie	Hornesie
Horold	Horold, Horolde
Horont	Horont
Hors	Hors, Horse, Horsse
Horselei	Horselei, Horseley
Horsemer	Horsemer, Horsemere
Horsepol	Horsepol, Horsepole
Horsewel	Horsewel, Horsewell
Horsher	Horsher
Horslei	Horslei, Horsley
Horslie	Horslie
Horsman	Horsman
Horst	Horst
Horter	Horter
Hortis	Hortis
Horton	Horton
Hortson	Hortson
Horwood	Horwood, Horwoode
Hos	Hos, Hose, Hosse
Hosaher	Hosaher
Hosard	Hosard, Hossard, Hosward
Hosbard	Hosbard, Hosbarde
Hosborn	Hosborn, Hosborne
Hosburgh	Hosburgh
Hosei	Hosei, Hosey
Hoseier	Hoseier, Hoseyer
Hosel	Hosel, Hosele
Hoselman	Hoselman
Hosen	Hosen
Hosener	Hosener
Hosiar	Hosiar, Hosiare, Hosier, Hossiare, Hossyare, Hosyar, Hosyare, Hosyer, Hosyere
Hoskin	Hoskin, Hoskyn
Hoskines	Hoskines, Hoskynes, Hoskynnes
Hospital	Hospital
Host	Host, Hoste
Hostat	Hostat, Hostate
Hosteman	Hosteman
Hostenthorp	Hostenthorp
Hosterberch	Hosterberch, Hosterberche, Hosterborch
Hostman	Hostman
Hoston	Hoston
Hostr	Hostr, Hostre
Hoten	Hoten, Hothon
Hotenhosier	Hotenhosier
Hotes	Hotes
Hotho	Hotho
Hoton	Hoton, Hotton
Houbert	Houbert
Houbertin	Houbertin, Houbertyn
Houchon	Houchon, Howchon
Houel	Houel, Houelle, Hul, Hull, Hulle
Hough	Hough, Houghe
Houghman	Houghman, Howman
Houghnow	Houghnow, Houghnowe
Houghstetar	Houghstetar
Hought	Hought, Hout, Houte, Howt, Howte
Houl	Houl, Houle
Houlderst	Houlderst
Houlisman	Houlisman, Houllisman
Houmfrei	Houmfrei, Houmfrey
Houming	Houming
Houmond	Houmond
Houn	Houn, Houne
Hound	Hound, Hounde, Hownd
Hounden	Hounden
Houndesbi	Houndesbi, Houndesby
Houndfflete	Houndfflete, Houndflet
Hounflew	Hounflew, Hounflewe
Houngr	Houngr, Houngre
Hounrado	Hounrado
Hounsbi	Hounsbi, Hounsby
Hount	Hount, Hounte
Hountelow	Hountelow
Hounthirst	Hounthirst
Hountlow	Hountlow, Hountlowe
Hourst	Hourst
Housdown	Housdown, Housdowne
Housman	Housman
Houson	Houson, Howsen, Howson
Houstr	Houstr, Houstre
Houstrei	Houstrei, Houstrey
Houting	Houting, Houttinge
Houton	Houton, Howghton, Howton
Houv	Houv, Houve
Houzton	Houzton
Hov	Hov, Hove
Hovan	Hovan, Hoven
Hovel	Hovel, Hovelle
Hoveman	Hoveman
Hover	Hover
Hoverman	Hoverman
Hovestat	Hovestat, Hovestate
Hovin	Hovin, Hovyn
Hovir	Hovir
Hovman	Hovman
How	How, Howe
Howard	Howard
Howardes	Howardes
Howbi	Howbi, Howbie, Howby
Howbright	Howbright
Howbrok	Howbrok, Howbroke
Howchea	Howchea
Howd	Howd, Howde
Howden	Howden
Howdens	Howdens
Howeart	Howeart
Howek	Howek, Howeke
Howel	Howel, Howell, Howelle
Howen	Howen
Howenson	Howenson
Howensten	Howensten
Hower	Hower
Howes	Howes, Hows, Howse
Howet	Howet, Howett
Howford	Howford
Howgard	Howgard
Howgat	Howgat, Howgate
Howgens	Howgens
Howgh	Howgh, Howghe
Howghes	Howghes, Howghese
Howgonow	Howgonow
Howhenow	Howhenow
Howholt	Howholt
Howis	Howis, Howys
Howit	Howit, Howitt
Howk	Howk, Howkke
Howl	Howl, Howle, Howll, Howlle
Howlak	Howlak, Howlake
Howlet	Howlet, Howlett
Howmaie	Howmaie, Howmaye
Howmanson	Howmanson
Howmestr	Howmestr, Howmestre
Howncelow	Howncelow
Hownesbi	Hownesbi, Hownesby
Hownsler	Hownsler
Hownson	Hownson
Howold	Howold
Howrie	Howrie, Howrye
Howsank	Howsank
Howscheld	Howscheld
Howsdown	Howsdown, Howsdowne
Howsman	Howsman
Howsowet	Howsowet
Howst	Howst
Howstar	Howstar
Howtapl	Howtapl, Howtaple
Howting	Howting, Howtinge, Howttyng, Howttynge, Howtyng, Howtynge
Howtman	Howtman
Howtred	Howtred
Hub	Hub, Hubb, Hubbe
Hubag	Hubag, Hubage
Huband	Huband
Hubard	Hubard, Hubbard, Hubbarde, Hubberd, Huberd
Hubart	Hubart
Hubbelthorn	Hubbelthorn, Hubelthorn
Hubbert	Hubbert, Hubert, Huberte, Hubertt
Hubberto	Hubberto, Huberto
Hubbestone	Hubbestone, Hubeston
Hubbethorne	Hubbethorne, Hubethorn
Hubblethorne	Hubblethorne, Hubbulthorne, Hublethorn, Hubulthorn
Hubbthorne	Hubbthorne, Hubthorn
Hubeag	Hubeag, Hubeage
Hubeagn	Hubeagn, Hubeagne
Huber	Huber
Huberdeson	Huberdeson, Huberdesson
Huberthorn	Huberthorn
Huberti	Huberti
Hubertin	Hubertin, Hubertyn
Hubertino	Hubertino
Hubertson	Hubertson
Hubiag	Hubiag, Hubyage
Hubiagn	Hubiagn, Hubiagne
Hubreigh	Hubreigh, Hubreygh
Hubret	Hubret
Hubrig	Hubrig, Hubrigge
Hubrightson	Hubrightson
Hubris	Hubris
Hucche	Hucche, Huch
Hucchin	Hucchin, Hucchyn, Huchin, Huchyn
Huchon	Huchon
Huchons	Huchons
Hucket	Hucket
Hucking	Hucking
Huddesdon	Huddesdon, Hudesdon
Huddyngton	Huddyngton, Hudington
Hudson	Hudson, Hudsone
Huegheson	Huegheson, Hueghesson, Hugeson, Hugesson, Huggesson
Huesden	Huesden
Hueson	Hueson, Huesson
Huet	Huet, Huett
Hug	Hug
Hugans	Hugans
Hugard	Hugard
Hugbright	Hugbright, Hughbright, Hughbryght
Hugdkins	Hugdkins, Hugdkyns
Hugehos	Hugehos, Hugehose
Hugelin	Hugelin, Hugelyn
Hugelino	Hugelino, Hugelyno
Hughard	Hughard
Hugheson	Hugheson, Hughesone, Hughesson
Hughet	Hughet, Hughett
Hughin	Hughin, Hughyn
Hughlin	Hughlin, Hughlyn
Hughlot	Hughlot, Hughlott
Hughson	Hughson, Hughsone, Hughsson, Hughssone, Hugson
Hugnon	Hugnon, Hugnone
Hugon	Hugon, Hugone
Hugonem	Hugonem
Hugoni	Hugoni
Hugoshoni	Hugoshoni, Hugoshony
Hugoson	Hugoson, Hugosson
Hugot	Hugot
Hui	Hui, Huy
Huich	Huich, Huyche
Huion	Huion, Huyon
Huk	Huk, Huke
Huking	Huking, Hukking
Hukins	Hukins, Hukyns
Hulbreg	Hulbreg, Hulbrege, Hulbrig, Hulbrige, Hulbrigge, Hulbryge
Hulbridg	Hulbridg, Hulbridge, Hulbrydge
Hulbuch	Hulbuch, Hulbuche
Hulbush	Hulbush, Hulbushe
Hulesbush	Hulesbush, Hulisbusch, Hullesbushe, Hullisbusche
Hulesman	Hulesman, Hullesman
Huli	Huli, Hully
Huling	Huling, Hullyng
Hulisbrush	Hulisbrush, Hullisbrushe
Hulisbush	Hulisbush, Hullisbushe
Hulishbush	Hulishbush, Hullishbushe
Hulisman	Hulisman, Hullisman
Hulk	Hulk, Hulke
Hulm	Hulm, Hulme
Hulpman	Hulpman
Huls	Huls, Hulse
Hulsbush	Hulsbush, Hulsbushe
Hulselow	Hulselow, Hulselowe
Hulst	Hulst, Hulste
Hulster	Hulster
Hulstok	Hulstok, Hulstoke
Hulston	Hulston
Humard	Humard
Humberston	Humberston
Humbert	Humbert
Humberto	Humberto
Humelie	Humelie
Humferi	Humferi, Humfery, Humffery
Humffray	Humffray, Humfrai, Humfray, Humfreie, Humfreye, Humfri, Humfrie, Humfry, Humfrye, Humphri, Humphrie, Humphry, Humphrye
Humffrey	Humffrey, Humfrei, Humfrey, Humphrei, Humphrey
Humffrido	Humffrido, Humfrido, Humfrydo, Humphrido
Humflet	Humflet, Humflete
Humfredo	Humfredo
Humfreo	Humfreo
Humfridi	Humfridi
Humilita	Humilita, Humylita
Humpton	Humpton
Hun	Hun, Hune
Hunesdon	Hunesdon, Hunnesdon
Hunflet	Hunflet, Hunflett
Hungari	Hungari
Hungaria	Hungaria
Hungaro	Hungaro
Hungat	Hungat, Hungate
Hungerebergh	Hungerebergh
Hungerford	Hungerford
Hungeri	Hungeri, Hungery
Hungero	Hungero
Hungirford	Hungirford
Hunigat	Hunigat, Hunigate
Huning	Huning, Hunnyng
Hunsel	Hunsel, Hunsell
Hunslew	Hunslew, Hunslewe
Hunston	Hunston
Hunswick	Hunswick, Hunswicke, Hunswik, Hunswike
Hunt	Hunt, Hunte, Huntt, Huntte
Hunteflet	Hunteflet, Hunteflete
Huntelbi	Huntelbi, Huntelby
Huntelo	Huntelo
Huntelow	Huntelow, Huntelowe
Hunteman	Hunteman, Huntman
Hunter	Hunter
Hunthirst	Hunthirst
Huntingden	Huntingden, Huntyngdene
Huntingdon	Huntingdon, Huntyngdon
Huntingffilde	Huntingffilde, Huntingffyld, Huntingfild
Huntlo	Huntlo, Huntlow, Huntlowe
Huntloo	Huntloo
Hup	Hup, Hupe
Hurei	Hurei, Hurrey
Hurelebush	Hurelebush, Hurelebushe
Hurelie	Hurelie
Hurer	Hurer, Hurrer
Hurflench	Hurflench
Huri	Huri, Hurie, Hurrie, Hurry
Hurin	Hurin
Hurlbush	Hurlbush, Hurlbushe
Hurlebush	Hurlebush, Hurlebushe
Hurlock	Hurlock, Hurlocke, Hurlok, Hurloke
Hurlond	Hurlond
Hursen	Hursen, Hurson
Hursther	Hursther
Hurtewater	Hurtewater
Hurton	Hurton
Hurtwater	Hurtwater
Hus	Hus, Huse, Husse
Husard	Husard
Huscard	Huscard, Huscarde
Huscomb	Huscomb, Huscombe
Husden	Husden
Husdom	Husdom
Husei	Husei, Husey, Hussey
Huseman	Huseman
Huser	Huser, Husser
Huset	Huset
Hushbush	Hushbush, Husshbushe
Hushen	Hushen
Husher	Husher, Hushere, Hussher
Hushier	Hushier, Husshier, Husshiere
Husi	Husi, Hussy
Husier	Husier, Hussier
Husk	Husk, Huske
Husken	Husken
Husker	Husker
Huskin	Huskin, Huskyn
Huster	Huster, Hustere, Hustr, Hustre
Hustman	Hustman
Hutals	Hutals
Hutin	Hutin, Huttyn
Hutoft	Hutoft, Huttoft
Hutost	Hutost, Huttost
Huwthson	Huwthson
Huxl	Huxl, Huxle
Huxlei	Huxlei, Huxley
Hward	Hward
Hwer	Hwer
Hweson	Hweson, Hwesone
Hwet	Hwet, Hwete, Hwett
Hwghson	Hwghson
Hwlebush	Hwlebush, Hwlebushe
Hws	Hws, Hwse
Hwson	Hwson
Hwton	Hwton, Hwtton
Ia	Ia, Ja
Iac	Iac, Iack, Iak, Jac, Jack, Jak, Jake, Jakk, Jakke, Yake
Iacano	Iacano, Jacano
Iackeman	Iackeman, Jackeman
Iackes	Iackes, Iacques, Jackes, Jacques
Iackman	Iackman, Iakman, Jackman, Jakman, Yakman
Iackson	Iackson, Iacson, Iakson, Jackson, Jacksone, Jacson, Jakson
Iacmes	Iacmes, Jacmes
Iaco	Iaco, Jaco
Iacob	Iacob, Iakob, Jacob, Jacobbe, Jacobe, Jakob
Iacoba	Iacoba, Jacoba
Iacobes	Iacobes, Jacobes
Iacobesknight	Iacobesknight, Jacobesknyght
Iacobeson	Iacobeson, Iacobison, Jacobbesson, Jacobeson, Jacobesson, Jacobison, Jacobisson, Jacobysson
Iacobi	Iacobi, Iacobie, Jacobbi, Jacobi, Jacobie, Jacoby
Iacobin	Iacobin, Jacobyn
Iacobo	Iacobo, Jacobbo, Jacobo
Iacobos	Iacobos, Jacobos
Iacobs	Iacobs, Iacobz, Jacobs, Jacobz
Iacobson	Iacobson, Jacobson, Jacobsone, Jacobsson
Iacobum	Iacobum, Jacobum
Iacobus	Iacobus, Jacobus
Iacolimo	Iacolimo, Jacolimo
Iacolin	Iacolin, Jacolin, Jacolyne
Iacom	Iacom, Jacom, Jacome
Iacoma	Iacoma, Jacoma
Iacomard	Iacomard, Jacomard
Iacomb	Iacomb, Jacomb, Jacombe
Iacomel	Iacomel, Jacomel
Iacomet	Iacomet, Jacomett
Iacomi	Iacomi, Jacomi
Iacomin	Iacomin, Jacomyn
Iacomo	Iacomo, Jacomo
Iacomot	Iacomot, Jacomot
Iacomus	Iacomus, Jacomus
Iaconden	Iaconden, Jaconden
Iaconio	Iaconio, Jaconyo
Iacop	Iacop, Jacop
Iacotin	Iacotin, Jacotyn
Iacub	Iacub, Jacub
Iacues	Iacues, Jacues
Iadra	Iadra, Jadra
Iaemes	Iaemes, Iaimes, Ieimes, Jaemes, Jaimes, Jaymes, Jeimes
Iager	Iager, Yager
Iago	Iago, Jago
Iagr	Iagr, Yagre
Iahn	Iahn, Jahn
Iai	Iai, Jay
Iaicob	Iaicob, Jaycob
Iaicobson	Iaicobson, Jaycobson
Iaido	Iaido, Jaydo
Iaie	Iaie, Jaye
Iaimis	Iaimis, Jaymis, Jaymys
Iaims	Iaims, Iames, James, Jayms, Yames
Iaineis	Iaineis, Jayneys
Iaines	Iaines, Ianes, Janes, Jaynes, Yanes
Iaka	Iaka, Yaka
Iakalm	Iakalm, Jakalme
Iakaria	Iakaria, Jakaria
Iakeie	Iakeie, Jakeye
Iakemart	Iakemart, Jakemart
Iakemin	Iakemin, Jakemyn
Iakenet	Iakenet, Jakenet
Iakerie	Iakerie, Jakerie
Iakes	Iakes, Jakes
Iaket	Iaket, Jaket, Jakett, Jakette
Iakis	Iakis, Jakys
Iakmin	Iakmin, Jakmyn
Iala	Iala, Yala
Ialeri	Ialeri, Jallery
Ialina	Ialina, Jalina, Jalyna
Iam	Iam, Jame
Iambon	Iambon, Jambone
Iameskneght	Iameskneght, Jameskneght
Iameskneight	Iameskneight, Jameskneyght
Iameson	Iameson, Jameson, Jamesson
Iamez	Iamez, Jamez
Iamies	Iamies, Jamyes
Iamiis	Iamiis, Jamyis
Iamis	Iamis, Jamis, Jamys, Yamys
Iamison	Iamison, Jamysson
Iams	Iams, Jams
Iamuarii	Iamuarii, Jamuarii
Iamus	Iamus, Jamus
Iamz	Iamz, Ihames, Jamz, Jhames
Ianaurii	Ianaurii, Janaurii
Ianecot	Ianecot, Janecot, Janecott
Ianeson	Ianeson, Janesson
Ianeto	Ianeto, Janetto
Ianever	Ianever, Janever
Ianicot	Ianicot, Janicot, Janicote, Janycot, Janycote, Janycott, Janycotte
Ianiet	Ianiet, Janiet
Ianin	Ianin, Janyn, Janyne
Ianina	Ianina, Janina, Janyna, Yanyna
Ianinet	Ianinet, Janynet
Ianins	Ianins, Janyns
Ianiot	Ianiot, Janiot
Ianis	Ianis, Jannys, Janys, Yanys
Ianiver	Ianiver, Janyver
Iankin	Iankin, Jankyn
Iano	Iano, Jano
Ianoso	Ianoso, Janoso
Ianot	Ianot, Janot
Ians	Ians, Ianz, Jans, Janz, Yans
Ianson	Ianson, Janson, Yanson
Ianstapler	Ianstapler, Janstapler
Iant	Iant, Jant
Iantan	Iantan, Jantane
Ianua	Ianua, Janua
Ianuar	Ianuar, Januar
Ianuari	Ianuari, Januari, January
Ianuarii	Ianuarii, Januarii
Ianuens	Ianuens, Januense
Ianuensibus	Ianuensibus, Januensibus
Ianus	Ianus, Jannus, Janus, Yanus
Ianuzo	Ianuzo, Januzo
Iaqua	Iaqua, Jaqua
Iaques	Iaques, Jaques
Iaquin	Iaquin, Jaquyne
Iar	Iar, Jar, Jare, Yar, Yare
Iara	Iara, Jara
Iarald	Iarald, Jarald, Jaralde, Jaralld, Jarrald, Jarralde, Jarralld
Iaralt	Iaralt, Jarralt
Iaram	Iaram, Jaram, Jarram
Iaranguren	Iaranguren, Yaranguren
Iarard	Iarard, Jarrard
Iarardo	Iarardo, Jarardo, Jarrardo
Iararld	Iararld, Jararld
Iarat	Iarat, Jarat, Jaratt, Jarrat
Iarato	Iarato, Jarrato, Jarratto
Iarbier	Iarbier, Jarbyer
Iardin	Iardin, Jardyn
Iardold	Iardold, Jarrdold
Iaret	Iaret, Jaret, Jarret, Jarrett
Iareto	Iareto, Jarretto
Iarford	Iarford, Yarfford, Yarfforde, Yarford, Yarforde
Iaris	Iaris, Jaris
Iarlos	Iarlos, Jarlos
Iarman	Iarman, Iarmin, Jarman, Jarmyn
Iarmisio	Iarmisio, Jarmisio
Iarmouth	Iarmouth, Yarmouth
Iaro	Iaro, Jaro
Iarold	Iarold, Jarold, Jarrold, Jarrolde
Iarom	Iarom, Ierom, Jerom, Jerome, Jerrome, Yarom
Iaromomi	Iaromomi, Jaromomi
Iarow	Iarow, Jarowe
Iarta	Iarta, Yarta
Iarum	Iarum, Yarum
Iarvas	Iarvas, Jarvas
Iarvasii	Iarvasii, Jarvasii
Iarves	Iarves, Jarves
Iarvies	Iarvies, Jarvies
Iarvis	Iarvis, Jarvis, Jarvys
Iarwis	Iarwis, Jarwys
Iasabel	Iasabel, Jasabelle
Iaselin	Iaselin, Jasselyn
Iasier	Iasier, Jasyer
Iaskin	Iaskin, Jaskyn
Iaslis	Iaslis, Jaslis
Iaspar	Iaspar, Iasper, Jaspar, Jasper, Jaspere
Iasparo	Iasparo, Jasparo
Iaspera	Iaspera, Jaspera
Iasperi	Iasperi, Jasperi
Iaspero	Iaspero, Jaspero
Iasperson	Iasperson, Jasperson
Iaspert	Iaspert, Jaspert
Iaspiro	Iaspiro, Jaspiro
Iat	Iat, Yate
Iates	Iates, Yates
Iatis	Iatis, Yatys
Iatk	Iatk, Yatke
Iatman	Iatman, Yatman
Iaves	Iaves, Javes
Iavis	Iavis, Javys
Iaw	Iaw, Yawe
Iawl	Iawl, Yawle
Iawler	Iawler, Jawler
Iawleri	Iawleri, Jawlery
Iawold	Iawold, Jawolde
Iawri	Iawri, Jawry
Iawson	Iawson, Yawson
Ibar	Ibar, Ybarre
Ibel	Ibel, Ybell
Ibera	Ibera, Ybera, Yberra
Ibot	Ibot
Ich	Ich, Iche
Icomeci	Icomeci, Ycomecy
Icop	Icop, Ycope
Icut	Icut
Id	Id, Ide, Yde
Ida	Ida
Idac	Idac
Idel	Idel, Idelle, Ydell
Idem	Idem
Ideman	Ideman, Ydeman
Ideson	Ideson, Idesson
Iding	Iding, Ydyng
Idman	Idman
Idoman	Idoman, Ydoman
Idrich	Idrich, Ydryche
Iea	Iea, Jea
Ieames	Ieames, Ieams, Ieims, Jeames, Jeams, Jeyms
Ieamis	Ieamis, Jeamis
Iean	Iean, Jean, Jeane
Ieawregi	Ieawregi, Jeawregy
Ieb	Ieb, Jebe
Iebes	Iebes, Jebbes, Jebes
Iecok	Iecok, Jecok
Ied	Ied, Yede
Iefard	Iefard, Jeffard
Iefarson	Iefarson, Jeffarson
Iefenson	Iefenson, Jeffensson
Iefera	Iefera, Jeffera
Ieferei	Ieferei, Jefferey
Ieferi	Ieferi, Jefferi, Jeffery
Ieferson	Ieferson, Jefferson
Iefin	Iefin, Jeffyn
Iefrai	Iefrai, Iefreie, Iefri, Jeffray, Jeffreye, Jeffry
Iefraie	Iefraie, Jeffraye
Iefrei	Iefrei, Jeffrey
Iefreison	Iefreison, Jeffreyson
Ieimis	Ieimis, Jeymis
Iekeber	Iekeber, Jekeber
Iekil	Iekil, Yekylle
Iekis	Iekis, Jekys
Iel	Iel, Il, Yele, Yell, Yelle, Ylle
Ielderwhil	Ielderwhil, Yelderwhyle
Ielebrand	Ielebrand, Jelebrand
Ielekin	Ielekin, Jelekyn
Ielen	Ielen, Yellen
Ielentin	Ielentin, Jelentyn
Ielian	Ielian, Jelian, Jeliane, Jelyan
Ieliano	Ieliano, Jeliano, Jelyano
Ielifax	Ielifax, Jelyfax
Ielin	Ielin, Yellyn, Yellyne, Yelyn
Ielingham	Ielingham, Jellingham, Jellyngham
Ielis	Ielis, Jelys
Ielison	Ielison, Jelison
Ielot	Ielot, Jelot
Ielson	Ielson, Jelson
Ielum	Ielum, Yelum
Ieman	Ieman, Yeman
Iemanson	Iemanson, Yemanson
Iemelian	Iemelian, Jemelian
Iemes	Iemes, Iemez, Jemes, Jemez
Iemeson	Iemeson, Jemesson
Iemew	Iemew, Jemewe
Iemis	Iemis, Jemis, Jemys
Iemot	Iemot, Jemmott
Iems	Iems, Jems
Ien	Ien, In, Jene, Yene
Ienans	Ienans, Ienens, Jenens, Jennans, Jennens
Ienar	Ienar, Iener, Jenar, Jener
Ienei	Ienei, Jenney
Ienek	Ienek, Jeneke
Ienes	Ienes, Jenesse, Jennes, Yenes
Ienet	Ienet, Jenet, Jenete, Jenett, Jenette, Jennet, Jennett
Ieneto	Ieneto, Jenetto
Ienever	Ienever, Jenever
Ienglisheman	Ienglisheman, Yenglisheman
Iengo	Iengo, Yengo
Ieni	Ieni, Jeny
Ienicot	Ienicot, Jenycot
Ienier	Ienier, Jenyer
Ienies	Ienies, Jenyes
Ienighow	Ienighow, Jenighowe
Ienin	Ienin, Jennyn, Jenyn, Jenyne
Ienines	Ienines, Ienins, Jenins, Jennins, Jennynes, Jennyns, Jenyns
Iening	Iening, Jennyng, Jenyng
Ieninges	Ieninges, Jennynges, Jenynges
Ienings	Ienings, Jennyngs
Ienis	Ienis, Jennys
Ienkens	Ienkens, Jenkens
Ienkes	Ienkes, Jenkes
Ienkin	Ienkin, Jenkyn
Ienkins	Ienkins, Jenkyns
Ienkis	Ienkis, Jenkys
Ienl	Ienl, Yenle
Ieno	Ieno, Jeno
Ient	Ient, Yent
Ienta	Ienta, Jenta
Ientes	Ientes, Jenttes
Ientil	Ientil, Jentille, Jentyle, Jentyll, Jentylle
Ieo	Ieo, Jeo
Ieog	Ieog, Jeoge
Ieoman	Ieoman, Yeoman
Ieorg	Ieorg, Jeorg, Jeorge
Ieorgeo	Ieorgeo, Jeorgeo
Ieork	Ieork, Yeork, Yeorke
Ieral	Ieral, Jerall
Ierald	Ierald, Jerald, Jeralde, Jerrald, Jerralde
Ieraldo	Ieraldo, Jeraldo
Ieram	Ieram, Jeram, Jerame
Ierard	Ierard, Jerrard, Jerrarde
Ierbeer	Ierbeer, Ierbier, Jerbeer, Jerbier, Jerbyer
Ierber	Ierber, Jerber, Jerbere
Ierd	Ierd, Yerde
Ierdelei	Ierdelei, Yerdeley
Ierdeson	Ierdeson, Yerdesson
Ierdl	Ierdl, Yerdle
Ieremias	Ieremias, Jeremias, Jeremyas
Ieren	Ieren, Jeren
Ierford	Ierford, Yerfford, Yerford, Yerforde
Ierforth	Ierforth, Yerforth
Ieri	Ieri, Jerry, Jery
Ierickeson	Ierickeson, Jerickeson
Ierim	Ierim, Jerym
Ierimo	Ierimo, Jerymo
Ierins	Ierins, Jeryns
Iermain	Iermain, Jermayn, Jermayne
Ierman	Ierman, Jerman
Iermani	Iermani, Jermani
Iermano	Iermano, Jermano
Iermin	Iermin, Jermyn
Iermoth	Iermoth, Iermouth, Yermoth, Yermouth, Yermouthe
Iern	Iern, Yerne
Iernemouth	Iernemouth, Yernemouth, Yernemouthe
Ierold	Ierold, Jerrold, Jerrolde
Ierolim	Ierolim, Jerolym
Ierolimi	Ierolimi, Jerolimi
Ierolimo	Ierolimo, Jerolimo, Jerolymo
Ierolini	Ierolini, Jerolini
Ierolomo	Ierolomo, Jerolomo
Ieromias	Ieromias, Jeromias, Jeromyas
Ieromin	Ieromin, Jeromyn
Ierominus	Ierominus, Jerominus
Ieromo	Ieromo, Jeromo
Ieronimi	Ieronimi, Jeronimi
Ieronimo	Ieronimo, Ieronomo, Jeronimo, Jeronomo, Jeronymo
Ieronimum	Ieronimum, Jeronimum
Ieronimus	Ieronimus, Jeronimus, Jeronymus
Ieronomi	Ieronomi, Jeronomi
Ieropin	Ieropin, Jeropyn
Ieros	Ieros, Jeros
Ieroum	Ieroum, Jeroume
Iersei	Iersei, Jersey, Jerssey
Ierson	Ierson, Jerson
Ierusalemitani	Ierusalemitani, Jerusalemitani
Ierutrud	Ierutrud, Jerutrude
Iervas	Iervas, Jervas
Ierveis	Ierveis, Jerveis
Ierves	Ierves, Jerves, Yerves
Iervins	Iervins, Jervyns
Iervis	Iervis, Jervis, Jervise, Jervys
Iervois	Iervois, Jervoys
Ierwin	Ierwin, Jerwyn
Iesard	Iesard, Jesarde
Ieshcolo	Ieshcolo, Jeshcolo
Ieskin	Ieskin, Jeskyn
Ieskow	Ieskow, Jeskowe
Ieslin	Ieslin, Jeslyn, Jesslyn, Yeslyn
Ieson	Ieson, Jesson, Yesson
Iesop	Iesop, Jesop
Iesoph	Iesoph, Jesoph
Iespar	Iespar, Jespar
Iesper	Iesper, Jesper
Iespero	Iespero, Jespero
Iesus	Iesus, Jesus
Ieter	Ieter, Jeter, Jetter
Ietor	Ietor, Jettor
Ieugat	Ieugat, Jeugat
Ievan	Ievan, Yevan
Ievanis	Ievanis, Yevanis
Ievans	Ievans, Yevans
Ievecok	Ievecok, Jevecok
Ievonis	Ievonis, Yevonis
Iewel	Iewel, Jewell
Iewet	Iewet, Jewet
Iewgo	Iewgo, Iugo, Jewgo, Jugo
Iewin	Iewin, Jewyn
Iewl	Iewl, Iuel, Juell, Yewle
If	If, Ife
Ifeld	Ifeld, Iffeld
Ifeler	Ifeler, Iffeler
Ifen	Ifen, Yffen
Ifflander	Ifflander, Iflander
Ifflender	Ifflender, Iflender
Ifleer	Ifleer, Yffleer
Ifoie	Ifoie, Ifoye
Igelbi	Igelbi, Ygelby
Ihemes	Ihemes, Jhemes
Ihems	Ihems, Jhems
Iherem	Iherem, Jherem
Ihesu	Ihesu, Jhesu
Ihesus	Ihesus, Jhesus
Ihois	Ihois, Jhoyse
Ihonis	Ihonis, Jhonys
Ihonson	Ihonson, Iohnson, Jhonson, Johnson, Johnsone, Johnsson
Ihonsot	Ihonsot, Jhonsote
Ihoson	Ihoson, Iooson, Jhosson, Joosson
Iiges	Iiges, Jygges
Iil	Iil, Jille
Iilingham	Iilingham, Jyllyngham
Iilson	Iilson, Jillsone
Iipeswich	Iipeswich, Jippeswich
Ik	Ik, Yk
Ikelington	Ikelington, Ikelyngton
Ikin	Ikin, Ikyn
Ilangrand	Ilangrand, Ilangrande
Ilard	Ilard, Illard
Ilario	Ilario, Illario
Ilbek	Ilbek, Ylbek
Ilbrand	Ilbrand, Ylbrand
Ilbrandi	Ilbrandi
Ilbrando	Ilbrando, Ylbrando
Ilcom	Ilcom, Ilcomb, Ilcome, Ylcomb
Ilda	Ilda
Ildernes	Ildernes
Iledon	Iledon, Illedon
Ilidon	Ilidon, Illidon
Ilman	Ilman, Ylman
Ilom	Ilom, Ilome, Ylom, Ylome
Ilur	Ilur
Iman	Iman, Yman
Imanson	Imanson, Ymanson, Ymansson
Imari	Imari, Imary, Ymari, Ymary
Imbar	Imbar, Ymbar
Imbelot	Imbelot, Ymbelot
Imber	Imber, Ymber
Imbright	Imbright
Imehof	Imehof, Imehoff, Imehoffe
Imhof	Imhof, Imhoff, Imhoffe, Ymhoff, Ymhoffe
Iminghous	Iminghous, Ymynghous
Iminghows	Iminghows, Ymmynghows, Ymynghows
Imperial	Imperial, Imperiall, Imperyall, Ymperiall
Imperlinges	Imperlinges, Imperlynges, Ymperlinges
Imperlingis	Imperlingis, Imperlyngis
Inbold	Inbold
Inbreght	Inbreght
Inbright	Inbright
Incoldo	Incoldo
Ind	Ind, Inde, Ynde
Inda	Inda
Indaneot	Indaneot, Indaneott
Indaniet	Indaniet, Indanyett
Indanita	Indanita, Indanyta
Indea	Indea, India, Yndea
Indeglaie	Indeglaie, Indeglaye
Indehag	Indehag, Indehage
Indehof	Indehof, Indehoff
Indek	Indek, Indeke
Indemofio	Indemofio
Inderika	Inderika
Inderland	Inderland
Indes	Indes
Ineck	Ineck, Innecke
Inego	Inego
Inel	Inel, Inelle
Inenk	Inenk, Innenke
Ines	Ines, Ynes
Ineson	Ineson, Ynesson
Inet	Inet, Inete
Inffler	Inffler, Infler
Ing	Ing, Inge, Yng, Ynge
Ingam	Ingam, Yngam
Ingar	Ingar, Yngar
Ingbert	Ingbert, Yngbert
Ingein	Ingein, Ingeyne
Ingelbert	Ingelbert
Ingelbi	Ingelbi, Ingulbi, Ingulby, Yngelby, Yngulby
Ingelbr	Ingelbr, Ingelbre
Ingelbrecht	Ingelbrecht
Ingelbright	Ingelbright, Ingelbryght, Ingulbright, Yngelbright, Yngulbright
Ingeling	Ingeling, Ingelyng
Ingelisch	Ingelisch, Inglish, Inglishe, Inglisshe, Inglyshe, Ynglishe, Ynglysh, Ynglyshe, Ynglysshe
Ingen	Ingen
Ingeram	Ingeram
Ingeson	Ingeson, Ingesson
Ingham	Ingham, Yngham
Inghram	Inghram
Ingilbert	Ingilbert, Yngilbert
Ingilbi	Ingilbi, Ingilby, Ingylby
Ingilbr	Ingilbr, Ingylbr
Ingilbreiht	Ingilbreiht, Yngilbreyht
Ingilbright	Ingilbright, Ingylbright
Ingilraum	Ingilraum, Ingilraume
Ingish	Ingish, Yngysshe
Ingishman	Ingishman, Ingyshman
Ingland	Ingland, Yngland
Ingleberd	Ingleberd
Inglebert	Inglebert
Ingledam	Ingledam
Inglegrav	Inglegrav, Inglegrave
Ingleson	Ingleson, Yngleson
Inglet	Inglet, Inglett
Ingletson	Ingletson
Inglich	Inglich, Ynglyche
Inglik	Inglik, Inglyke
Inglisheman	Inglisheman, Ynglisheman
Inglishman	Inglishman, Ynglishman
Inglot	Inglot
Ingnoreta	Ingnoreta, Yngnoretta
Ingo	Ingo
Ingold	Ingold
Ingow	Ingow, Ingowe
Ingra	Ingra
Ingram	Ingram, Yngram
Ingrav	Ingrav, Ingrave
Inhof	Inhof, Ynhof
Iniel	Iniel, Inyelle
Inigo	Inigo, Innygo, Inygo
Inkel	Inkel, Inkil, Inkill, Ynkell
Inkhous	Inkhous
Inmam	Inmam, Ynmam
Inman	Inman
Innocent	Innocent, Inocent
Inntyny	Inntyny, Intini
Inres	Inres, Jnrese
Inring	Inring, Ynryng
Inseno	Inseno
Insul	Insul, Insule
Insula	Insula
Interlined	Interlined
Inthehof	Inthehof, Inthehoff
Intheof	Intheof, Intheoffe
Io	Io, Ioh, Jo, Joh, Yo
Ioachim	Ioachim, Joachim, Joachym
Ioackim	Ioackim, Joackim
Ioan	Ioan, Joan, Joane, Joanne, Yoanne
Ioanes	Ioanes, Iohnes, Iones, Joanes, Joannes, Johnes, Jones
Iob	Iob, Job, Jobe
Iobs	Iobs, Jobs
Iobson	Iobson, Jobson
Ioc	Ioc, Iok, Joce, Joke, Yoke
Ioces	Ioces, Joces
Ioceson	Ioceson, Ioseson, Jocesson, Josesson
Iochim	Iochim, Jochym, Jochyme
Iocob	Iocob, Jocob, Jocobe
Iocobi	Iocobi, Jocobi
Iocobson	Iocobson, Jocobson
Ioconden	Ioconden, Joconden
Iodoco	Iodoco, Jodoco
Ioes	Ioes, Joes
Iofon	Iofon, Joffon
Iofrei	Iofrei, Joffrey
Iog	Iog, Yog, Yogge
Iogham	Iogham, Yogham
Ioha	Ioha, Joha
Ioham	Ioham, Yoham
Iohan	Iohan, Iohon, Johan, Johane, Johann, Johanne, Johon, Yohanne
Iohana	Iohana, Johana, Johanna
Iohanem	Iohanem, Johannem
Iohanes	Iohanes, Iohans, Johannes, Johans
Iohanesdoughter	Iohanesdoughter, Johannesdoughter
Iohanesknight	Iohanesknight, Johannesknyght
Iohaneson	Iohaneson, Johanesson
Iohanet	Iohanet, Johannet
Iohanhans	Iohanhans, Johanhans
Iohani	Iohani, Johanni
Iohania	Iohania, Johania
Iohanis	Iohanis, Iohannis, Johanis, Johannis, Johannnis, Johannys, Johanys
Iohanison	Iohanison, Johanisson, Johanysson
Iohanisoun	Iohanisoun, Johanyssoun
Iohano	Iohano, Johanno
Iohansknight	Iohansknight, Johanssknyght
Iohanson	Iohanson, Johannson, Johanson, Johansone, Johansson, Johanssone
Iohanwif	Iohanwif, Johanwif
Ioheham	Ioheham, Yoheham
Iohenson	Iohenson, Johenson
Iohn	Iohn, John, Johne, Johnne
Iohneson	Iohneson, Ioneson, Johneson, Jonesson
Iohnis	Iohnis, Johnnis, Johnys
Iohns	Iohns, Johns
Iohnsoun	Iohnsoun, Johnsoune
Iohnston	Iohnston, Johnston
Iohonis	Iohonis, Johonys
Iohonson	Iohonson, Johonson
Iohums	Iohums, Johums
Ioi	Ioi, Joy
Ioia	Ioia, Joya
Ioic	Ioic, Joice, Joyce
Ioiceson	Ioiceson, Joiceson
Ioie	Ioie, Iois, Jois, Joise, Joisse, Joye, Joys, Joyse, Joysse
Ioies	Ioies, Joies, Joyes
Ioiest	Ioiest, Joyest
Ioiez	Ioiez, Joiez, Joyez
Ioin	Ioin, Joyne
Ioiner	Ioiner, Ioinor, Ioinour, Joyner, Joynor, Joynour
Ioinerswif	Ioinerswif, Joynerswiff
Ioint	Ioint, Joynt, Joynte
Ioiri	Ioiri, Joyry
Ioisc	Ioisc, Joysce
Ioish	Ioish, Joyshe
Ioison	Ioison, Ioisun, Joisson, Joissun, Joyson, Joysson
Ioist	Ioist, Joist, Joyst, Joyste
Ioket	Ioket, Joket
Iol	Iol, Yole
Ioland	Ioland, Joland, Jolande, Yoland
Iolant	Iolant, Yollant
Iolet	Iolet, Jolet, Jollet
Ioli	Ioli, Iolie, Joly, Yolie
Iolif	Iolif, Jolyff
Iolifack	Iolifack, Jolyfacke
Iolifaik	Iolifaik, Jolifayk, Jolyfayk, Jolyfayke
Iolifak	Iolifak, Jolifak, Jolyfak, Jolyfake, Jolyfakk, Jolyfakke
Iolifat	Iolifat, Jolyfatt
Iolifax	Iolifax, Jolifax, Jolyfax
Iolifet	Iolifet, Jolyfet
Iolins	Iolins, Jolyns
Iolisack	Iolisack, Iolisak, Jolisack, Jolysak
Ioman	Ioman, Yoman
Ion	Ion, Jon, Yon
Ionas	Ionas, Jonas
Ionck	Ionck, Jonck
Ionco	Ionco, Yonco
Iondeson	Iondeson, Yondesson
Ionet	Ionet, Jonet, Jonett
Ioneto	Ioneto, Joneto, Jonetto
Iong	Iong, Jonge, Yong, Yonge
Iongham	Iongham, Yongham
Iongher	Iongher, Yongher
Iongr	Iongr, Yongre
Ionigo	Ionigo, Jonygo
Ionin	Ionin, Jonyn, Jonyne
Ionis	Ionis, Jonis, Jonys
Ionison	Ionison, Jonisson
Ionkar	Ionkar, Yonkar
Ionker	Ionker, Yonker
Ionson	Ionson, Jonson
Ioo	Ioo, Yoo
Ioob	Ioob, Joob
Iood	Iood, Jood
Ioonis	Ioonis, Joonys
Ioorson	Ioorson, Joorson
Ioos	Ioos, Joos
Iop	Iop, Jope
Iopheth	Iopheth, Jopheth
Iopson	Iopson, Jopson
Iorck	Iorck, Iork, Yorcke, York, Yorke
Iord	Iord, Jorde
Iordain	Iordain, Jordayne
Iordan	Iordan, Iorden, Iordon, Jordan, Jordane, Jorden, Jordon
Iordano	Iordano, Jordano
Iordin	Iordin, Jordyn
Iores	Iores, Iors, Jores, Jorse
Ioreson	Ioreson, Joresson
Iorest	Iorest, Jorest
Iorford	Iorford, Jorford
Iorg	Iorg, Jorg, Jorge
Iorgeo	Iorgeo, Jorgeo
Iories	Iories, Joryes
Ioris	Ioris, Jorys
Iorison	Iorison, Jorisson
Iorn	Iorn, Yorne
Iornin	Iornin, Jornyn
Iorsam	Iorsam, Jorsam
Iorus	Iorus, Jorus
Ios	Ios, Jos, Jose, Josse, Yos
Ioseli	Ioseli, Jossely
Ioselin	Ioselin, Josselyn, Josselyne
Iosep	Iosep, Josep
Ioseph	Ioseph, Joseph, Josephe
Iosepho	Iosepho, Josepho
Ioses	Ioses, Joses
Iosis	Iosis, Josys
Ioslin	Ioslin, Joslyn, Josslyn
Ioson	Ioson, Joson, Josson
Iosoph	Iosoph, Josoph
Iot	Iot, Yote
Iou	Iou, You
Iougal	Iougal, Yougall
Iougam	Iougam, Yougam
Iougat	Iougat, Yougat
Iougham	Iougham, Yougham, Youghham
Ioughum	Ioughum, Youghum
Iounckar	Iounckar, Younckare
Iounder	Iounder, Jounder
Iounes	Iounes, Jounes
Ioung	Ioung, Young, Younge
Ioungham	Ioungham, Youngham
Ioungkar	Ioungkar, Youngkar
Iounker	Iounker, Younker
Iourdain	Iourdain, Jourdain
Ioven	Ioven, Joven
Iowesol	Iowesol, Jowesole
Iowgham	Iowgham, Yowgham
Iowghan	Iowghan, Yowghan
Iowham	Iowham, Yowham
Iowleri	Iowleri, Jowlery
Iowold	Iowold, Yowold
Iowrd	Iowrd, Jowrde
Ioz	Ioz, Joze
Iozangmen	Iozangmen, Yozangmen
Iozeph	Iozeph, Jozeph, Jozephe
Iozephi	Iozephi, Jozephi
Iperinges	Iperinges, Yperinges
Iperling	Iperling, Yperling, Yperlinge, Yperlyng
Iperlinges	Iperlinges, Iperllinges, Iperlynges, Yperlinges, Yperlynges, Yperlyngges
Iperlings	Iperlings, Yperlings
Ipeswel	Ipeswel, Ippeswelle
Ipeswich	Ipeswich, Ippeswiche
Ipewich	Ipewich, Yppewych
Ipiswich	Ipiswich, Ipiswiche
Ipocras	Ipocras, Ypocras, Ypocrasse
Ipoliti	Ipoliti
Ipolito	Ipolito
Ipres	Ipres, Ypres
Ipsal	Ipsal, Ipsalle
Ipsales	Ipsales, Ypsalles
Ipsewich	Ipsewich, Ipsewyche
Ipswel	Ipswel, Ipswelle, Ypswelle
Ipswich	Ipswich, Ipswiche
Ipuringes	Ipuringes, Ypuringes
Ipurli	Ipurli
Ipurlinges	Ipurlinges, Ypurlynges
Irael	Irael, Yraell
Irech	Irech, Ireche
Iremonger	Iremonger
Iremuter	Iremuter
Iresh	Iresh, Yresh
Irewin	Irewin, Irewyn
Iris	Iris, Irisse, Irys
Irish	Irish, Irishe, Irissh, Irisshe, Irysh, Iryshe, Iryssh, Yryshe
Irland	Irland, Irlande
Irlibrand	Irlibrand, Irlybrand
Irlond	Irlond, Roulond, Yrlond
Irondon	Irondon
Ironmonger	Ironmonger, Yronmonger
Irop	Irop, Irope
Irwilam	Irwilam, Irwyllam
Isaac	Isaac, Ysaac
Isaak	Isaak, Isaake, Isack, Ysaak
Isabel	Isabel, Isabell
Isabela	Isabela, Isabella, Issabella, Ysabella, Yssabella
Isak	Isak, Isake
Isam	Isam, Isame, Isham, Ishame, Issham
Isar	Isar, Isarre
Isarholt	Isarholt
Isati	Isati
Isbar	Isbar, Isbare, Isbarre, Ysbar
Isbara	Isbara
Isbarnd	Isbarnd
Isbart	Isbart
Isbel	Isbel, Ysbell
Isberd	Isberd, Isberde
Isbert	Isbert
Isbirod	Isbirod, Ysbyrod
Isboldson	Isboldson, Isboldsson
Isbolt	Isbolt, Isbolte
Isbord	Isbord, Isborde
Isborn	Isborn, Isborne, Isburn, Isburne, Ysborne
Isbrand	Isbrand, Isbrande, Ysbrand, Ysbrande
Isbrandeson	Isbrandeson, Isbrandesson, Isbrandison, Isbrandisson
Isbrando	Isbrando
Isbrandson	Isbrandson
Isbrant	Isbrant, Ysbrant
Isbrantson	Isbrantson, Ysbrantson
Isbraund	Isbraund
Isbright	Isbright
Isbrond	Isbrond, Ysbrond
Isbrord	Isbrord
Isbund	Isbund
Isbut	Isbut
Iscamp	Iscamp, Yscamp
Isebolt	Isebolt, Ysebolt
Isebran	Isebran
Isebrand	Isebrand, Issebrand
Isebrandeson	Isebrandeson, Isebrandesson
Isebrant	Isebrant, Ysebrant
Isebright	Isebright, Issebright
Isebrond	Isebrond
Isebrondson	Isebrondson, Issebrondson
Iseham	Iseham
Iselfot	Iselfot, Yselfote
Isenardo	Isenardo, Ysenardo
Iser	Iser, Yser
Iserhed	Iserhed, Yserhede
Iserholt	Iserholt, Iserholtt, Isserholte, Yserholt, Ysserholt, Ysserholte
Iserie	Iserie
Iserinholt	Iserinholt, Iserynholt
Isermonger	Isermonger
Isernehed	Isernehed, Ysernehed
Isik	Isik, Isyk
Isin	Isin, Isyn, Ysyn
Isinasch	Isinasch, Isynasch
Isingham	Isingham, Issyngham, Isyngham
Isinghams	Isinghams
Isir	Isir
Isirholt	Isirholt
Isit	Isit, Ysyt
Islam	Islam, Yslam
Islandia	Islandia
Isler	Isler, Ysler
Ismai	Ismai, Ismay
Ison	Ison, Isone
Isor	Isor, Isore
Isori	Isori, Isorie, Isory, Isorye, Ysorye
Isp	Isp, Ispe
Ispain	Ispain, Ispayne
Ispania	Ispania, Ispannia
Ispanie	Ispanie, Ispannie
Isplingrad	Isplingrad, Isplyngrade, Ysplyngrade
Israholt	Israholt, Israholte
Isuar	Isuar, Isuare
Isuard	Isuard, Ysuard
Isuardo	Isuardo
Iswart	Iswart
Iswin	Iswin, Iswyn, Yswyne
Itald	Itald, Italde
Italia	Italia, Ytalia
Italie	Italie
Item	Item
Iter	Iter
Iterum	Iterum, Yterum
Itswort	Itswort, Ytswort
Iu	Iu, Ju
Iubert	Iubert, Jubert
Iud	Iud, Judd, Judde, Jude
Iudeo	Iudeo, Judeo
Iudex	Iudex, Judex
Iugam	Iugam, Jugam
Iugart	Iugart, Yuggart
Iugat	Iugat, Iugot, Jugat, Jugate, Jugott, Yuggat
Iuget	Iuget, Juget, Jugett
Iugis	Iugis, Jugys
Iuin	Iuin, Juyn
Iul	Iul, Jul, Jule, Jull
Iulaen	Iulaen, Jullaen
Iulean	Iulean, Iulian, Julean, Julian, Juliane, Julyan
Iuleani	Iuleani, Juleani
Iuleano	Iuleano, Juleano
Iuleo	Iuleo, Iulio, Juleo, Julio, Julyo
Iulet	Iulet, Julet
Iuli	Iuli, Iulii, Julii, Jullii, July
Iulia	Iulia, Julia
Iuliana	Iuliana, Juliana
Iuliani	Iuliani, Juliani
Iuliano	Iuliano, Juliano, Julyano
Iulianus	Iulianus, Julianus
Iuni	Iuni, Iunii, Junii, Juny
Iunior	Iunior, Junior
Iunioris	Iunioris, Junioris
Iunka	Iunka, Junka
Iunker	Iunker, Junker, Yunker
Iurat	Iurat, Jurat, Juratt
Iurato	Iurato, Jurato
Iurdan	Iurdan, Iurden, Iurdon, Jurdan, Jurdane, Jurden, Jurdon
Iurdani	Iurdani, Jurdani
Iures	Iures, Jures
Iust	Iust, Juste
Iustenean	Iustenean, Justenean
Iusteneano	Iusteneano, Justeneano
Iustenian	Iustenian, Justenyan
Iusteniano	Iusteniano, Justenyano
Iustianian	Iustianian, Justianian
Iustiano	Iustiano, Justiano
Iustic	Iustic, Justice, Justyce
Iustin	Iustin, Justyn
Iustina	Iustina, Justina
Iustinean	Iustinean, Iustinian, Justinean, Justinian, Justinyan, Justynean, Justynian, Justynyan
Iustiniano	Iustiniano, Justiniano, Justynyano
Iustow	Iustow, Justow
Iustus	Iustus, Justus
Iuxson	Iuxson, Juxson
Iv	Iv, Ive, Yve
Ivan	Ivan, Yvan
Ivaneus	Ivaneus, Yvaneus
Ivanus	Ivanus, Yvanus
Ivata	Ivata, Ivatta
Ivatma	Ivatma
Ivea	Ivea, Yvea
Iver	Iver
Ivera	Ivera, Iverra, Yvera
Iveta	Iveta, Yveta
Ivi	Ivi, Ivie, Ivye, Yvi, Yvy
Ivo	Ivo, Yvo
Ivon	Ivon, Ivone, Yvon, Yvone
Ivonis	Ivonis, Yvonis
Ivori	Ivori, Ivory
Ivot	Ivot, Yvot
Iwandeson	Iwandeson, Ywandesson
Iwd	Iwd, Jwd
Iwlie	Iwlie, Jwlye
Iwstiniano	Iwstiniano, Jwstiniano
Kaccher	Kaccher, Kacher
Kadis	Kadis, Kadys
Kaian	Kaian, Kaiane, Kayane
Kaient	Kaient
Kaies	Kaies, Kayes
Kailewai	Kailewai, Kailwai, Kayleway, Kaylway
Kailewei	Kailewei, Kailewey, Kaylewey
Kailwei	Kailwei, Kailwey, Kaylwey
Kainis	Kainis, Kaynys
Kaiser	Kaiser, Kayser
Kaisier	Kaisier, Kaysier
Kaitn	Kaitn, Kaytne
Kaiton	Kaiton, Katan, Kayton
Kakewek	Kakewek
Kalawei	Kalawei, Kalawey
Kalemares	Kalemares
Kaleto	Kaleto, Kaletto
Kalmer	Kalmer
Kamerago	Kamerago
Kanc	Kanc, Kance, Kank
Kancie	Kancie
Karadour	Karadour, Karradour
Karchen	Karchen
Kargano	Kargano
Karker	Karker
Karver	Karver
Karvil	Karvil, Karvile
Kasado	Kasado, Kassado
Kasel	Kasel, Kassel
Kasteven	Kasteven, Kastevene
Katanie	Katanie, Katanye
Katapesaro	Katapesaro
Katherin	Katherin, Katheryn, Katheryne
Katherina	Katherina
Katorena	Katorena
Kavalkanc	Kavalkanc
Kavelcant	Kavelcant
Ke	Ke, Keie, Keye, Kie, Kye
Keal	Keal, Keale, Keall, Kealle, Keel, Keele, Keil, Keile, Keille, Keyle, Keyll, Keylle, Kil, Kille, Kylle
Keanington	Keanington, Keanyngton
Kebel	Kebel, Kebell, Kebul, Kebull, Kebulle
Kebil	Kebil, Kebill, Kebille, Kebyll, Kebylle
Kebit	Kebit, Kebyt
Kebus	Kebus
Kechin	Kechin, Kechyn
Kedermister	Kedermister, Kedermyster
Kedweli	Kedweli, Kedwelly
Keeler	Keeler, Keiler, Keyler, Kieler, Kilar, Kyllar
Kegel	Kegel, Kegell
Kei	Kei, Key
Keiard	Keiard, Keyard
Keies	Keies, Keyes
Keighelie	Keighelie, Keighelye
Keight	Keight, Keyght
Keightlei	Keightlei, Keightley, Keyghtley
Keightli	Keightli, Keightly
Keikson	Keikson, Keykson
Keilei	Keilei, Keyley
Keiles	Keiles, Keylles
Keilwei	Keilwei, Keylwey
Keilwet	Keilwet, Keylwett
Keim	Keim, Keyme, Kiem, Kim, Kyem, Kyme
Kein	Kein, Keyne
Keines	Keines, Keynes
Keis	Keis, Keys
Keiso	Keiso, Keysso
Keit	Keit, Keyt
Kekes	Kekes
Kekin	Kekin, Kekyn, Kichen, Kychen
Kekirman	Kekirman
Kel	Kel, Kele, Kelle
Kelar	Kelar, Keler, Kellar, Keller, Kelor
Kelck	Kelck, Kelcke, Kelk, Kelke
Kelder	Kelder
Keldergrai	Keldergrai, Keldergray
Kelefet	Kelefet, Kellefett
Kelen	Kelen, Kellen
Kelet	Kelet, Kelett, Kellet, Kellett
Keli	Keli, Kelie, Kelly, Kellye
Kelik	Kelik, Kellik, Kellyk
Keling	Keling, Kelyng
Kelinghousen	Kelinghousen, Kellynghousen
Kelinghousin	Kelinghousin, Kelynghousyn
Kelker	Kelker
Kelkew	Kelkew, Kelkewe
Kelkirk	Kelkirk
Kelko	Kelko
Kelmer	Kelmer
Kelmescot	Kelmescot, Kelmescotte
Kelton	Kelton
Kem	Kem, Keme
Kemes	Kemes
Kemp	Kemp, Kempe, Kempp, Kemppe
Kempson	Kempson
Ken	Ken, Kene, Kenne
Kenal	Kenal, Kenalle
Kench	Kench, Kenche
Kencl	Kencl, Kencle, Kenkal, Kenkall, Kenkil, Kenkill
Kendal	Kendal, Kendale, Kendalle
Kendales	Kendales, Kendalles
Kendar	Kendar, Kender
Kendrselei	Kendrselei, Kendrseley
Kenenden	Kenenden, Kenendon
Kenenton	Kenenton
Kener	Kener, Kenner
Kenet	Kenet, Kenett, Kennet
Keni	Keni, Kenny, Keny
Kenidon	Kenidon, Kenydon
Kenidonk	Kenidonk, Kenydonk
Kenin	Kenin, Kennyn
Keninckton	Keninckton, Kennynckton
Keninden	Keninden, Kenynden
Keningden	Keningden, Keningdon, Kennyngdon, Kenyngden, Kenyngdon
Keningeton	Keningeton, Kenyngeton
Keningten	Keningten, Kenington, Kennington, Kennyngton, Kenyngten, Kenyngton
Keninton	Keninton, Kenynton
Kenkeler	Kenkeler
Kenlendon	Kenlendon
Kennot	Kennot, Kenot
Kenrikson	Kenrikson
Kensal	Kensal, Kensale
Kenseler	Kenseler
Kenstock	Kenstock, Kenstocke
Kent	Kent, Kente, Kentte
Kentil	Kentil, Kentill
Kentish	Kentish, Kentyshe
Kenwelmarsh	Kenwelmarsh, Kenwelmarshe
Kenwin	Kenwin
Kep	Kep, Kepe
Kerbi	Kerbi, Kerby
Kerbrigth	Kerbrigth
Kerdeo	Kerdeo
Kerens	Kerens
Kererier	Kererier, Kereryer
Kerider	Kerider
Kerie	Kerie, Kerye, Kiri, Kirie, Kirry, Kyrye
Keright	Keright, Keryght
Kerin	Kerin
Kerkbi	Kerkbi, Kerkby, Kirckbi, Kirckby, Kirkbi, Kirkbie, Kirkby, Kyrkby, Kyrkbye
Kerkebi	Kerkebi, Kerkeby, Kirkebi, Kirkeby, Kyrkeby
Kerketon	Kerketon
Keros	Keros
Kerpenter	Kerpenter
Kerseboem	Kerseboem
Kertelei	Kertelei, Kerteley, Kirtelei, Kyrteley
Kerver	Kerver, Kervere
Kervil	Kervil, Kervile, Kervyle
Kerving	Kerving, Kervyng
Kesar	Kesar, Kesor, Kesore
Keseda	Keseda, Kesseda
Kesel	Kesel, Kesele, Kessel, Kessell, Kesselle
Keseler	Keseler
Kesemar	Kesemar, Kesemare
Kesemark	Kesemark
Kesemart	Kesemart
Kesh	Kesh, Keshe
Kesio	Kesio
Keso	Keso, Kesow, Kesso, Kessowe
Kestel	Kestel, Kestelle
Kesteman	Kesteman
Kesten	Kesten
Kesteven	Kesteven, Kestevene
Kestman	Kestman
Keston	Keston
Kestovar	Kestovar
Ketel	Ketel, Ketil, Ketille, Ketl, Ketle, Kettell, Kettelle, Kettle, Kettyll, Ketylle
Keteler	Keteler
Keteman	Keteman
Keterich	Keterich, Keteriche
Keterig	Keterig, Keteryge
Keterina	Keterina
Ketering	Ketering, Keteryng
Kething	Kething
Ketilbi	Ketilbi, Ketylby
Ketilhod	Ketilhod, Ketylhode
Ketilholt	Ketilholt, Ketilholte, Kettilholte
Ketin	Ketin, Ketyn
Ketman	Ketman, Kettman
Keton	Keton, Ketton
Ketor	Ketor, Kettor
Ketwei	Ketwei, Ketwey
Ketwik	Ketwik, Ketwyke
Keuting	Keuting, Keutyng
Kev	Kev
Keval	Keval, Kevall, Kevalle, Kevel, Kevell
Kevalet	Kevalet
Kever	Kever
Keverkin	Keverkin, Keverkyn
Kevestol	Kevestol, Kevestolle
Kevit	Kevit, Kevyt
Kid	Kid, Kyd
Kidbal	Kidbal, Kydball
Kiddermester	Kiddermester, Kidermester
Kiddermister	Kiddermister, Kiddermyster, Kidermister, Kidermyster, Kyddermyster, Kydermyster
Kidenot	Kidenot, Kidnot, Kydenot
Kidermist	Kidermist, Kyddermyst
Kidermistr	Kidermistr, Kydermystre
Kidman	Kidman, Kydman
Kidnei	Kidnei, Kydney
Kidson	Kidson, Kydson
Kidval	Kidval, Kidvale
Kieo	Kieo, Kyeo
Kighlei	Kighlei, Kighley, Kiglei, Kyghley, Kygley
Kighleie	Kighleie, Kighli, Kighlie, Kyghleye, Kyghly, Kyghlye
Kightei	Kightei, Kyghtey
Kightel	Kightel, Kightele, Kyghtele
Kightelie	Kightelie, Kightli, Kightlie, Kightly, Kightlye
Kightlei	Kightlei, Kightley, Kyghtley
Kigtlei	Kigtlei, Kyggtley
Kiightlei	Kiightlei, Kyightley
Kikbi	Kikbi, Kykby
Kilbeck	Kilbeck, Kylbeck
Kilbef	Kilbef, Kylbeff, Kylbeffe
Kild	Kild, Kyld, Kylde
Kildermans	Kildermans, Kyldermans
Kilderton	Kilderton, Kylderton
Kilemer	Kilemer, Kyllemer
Kiler	Kiler, Kyller
Kilik	Kilik, Killik, Killyk, Kyllyk
Kiling	Kiling, Kyling
Kilinghousen	Kilinghousen, Kilinghowsen, Killinghousen, Killynghowsen, Kyllinghousen, Kyllynghousen, Kyllynghowsen
Kilinghowson	Kilinghowson, Kyllynghowson
Kilinghuson	Kilinghuson, Killynghuson
Kilingmersh	Kilingmersh, Kyllingmerssh, Kyllyngmerssh
Kilingworth	Kilingworth, Kyllyngworth
Kilk	Kilk, Kylke
Killome	Killome, Kilom
Kilmer	Kilmer, Kilmere, Kylmer
Kilow	Kilow, Kyllowe
Kilson	Kilson, Kylson
Kilton	Kilton, Kylton
Kimbel	Kimbel, Kymbell, Kymbelle
Kimbil	Kimbil, Kymbille, Kymbylle
Kimpton	Kimpton, Kympton
Kimvel	Kimvel, Kymvelle
Kimwelmarsh	Kimwelmarsh, Kymwelmarshe
Kin	Kin, Kyne
Kincl	Kincl, Kincle, Kinkel, Kinkil, Kinkill, Kyncle, Kynkell
Kincles	Kincles, Kyncles
Kind	Kind, Kynd
Kindal	Kindal, Kindall
Kindar	Kindar, Kindr, Kyndar, Kyndare
Kindarslei	Kindarslei, Kinderslei, Kindersley, Kyndarsley, Kyndersley
Kindarsli	Kindarsli, Kindersleie, Kindersleye, Kindersli, Kinderslie, Kindersly, Kinderslye, Kyndarsly, Kyndersleye, Kyndersly
Kinder	Kinder, Kynder
Kinderselei	Kinderselei, Kynderseley
Kindersl	Kindersl, Kindersle
Kindgrav	Kindgrav, Kyndgrave
Kinearslei	Kinearslei, Kynearsley
Kinel	Kinel, Kynell
Kinerslei	Kinerslei, Kinersley
Kines	Kines, Kynes
King	King, Kinge, Kyng, Kynge, Kyngge
Kingesdon	Kingesdon, Kyngesdon
Kingesnoth	Kingesnoth, Kyngesnoth, Kynggesnoth, Kynggesnothe
Kingeson	Kingeson, Kyngesson
Kingeston	Kingeston, Kyngeston
Kingham	Kingham, Kyngham
Kingis	Kingis
Kingisnod	Kingisnod, Kingisnode
Kinglei	Kinglei, Kyngley
Kingswar	Kingswar, Kyngsware
Kington	Kington, Kyngton
Kinil	Kinil, Kynyll
Kinington	Kinington, Kynington, Kynnyngton, Kynyngton
Kinken	Kinken
Kins	Kins, Kyns
Kinsis	Kinsis, Kynsise
Kintala	Kintala, Kintalla
Kintanadoin	Kintanadoin, Kyntanadoyne
Kintela	Kintela, Kyntela
Kinto	Kinto, Kynto
Kinton	Kinton, Kynton
Kinwelmarsh	Kinwelmarsh, Kynwelmarshe
Kiping	Kiping, Kippyng, Kippynge, Kyppyng
Kirfot	Kirfot, Kirfote
Kirhov	Kirhov, Kirhove
Kirkeb	Kirkeb, Kirkebe
Kirkebie	Kirkebie, Kirkebye, Kyrkebye
Kirkeham	Kirkeham
Kirkehof	Kirkehof, Kirkehoff, Kyrkehoff
Kirkehow	Kirkehow, Kirkehowe
Kirkelei	Kirkelei, Kirkeley, Kyrkeley
Kirkeof	Kirkeof, Kirkof, Kirkoff, Kyrkeoff, Kyrkoff
Kirketon	Kirketon, Kyrketon
Kirkew	Kirkew, Kirkewe
Kirkham	Kirkham, Kyrkham
Kirkhof	Kirkhof, Kyrkhoff
Kirkhoght	Kirkhoght
Kirkhord	Kirkhord, Kyrkhord
Kirkhous	Kirkhous
Kirkhows	Kirkhows, Kyrkhowse
Kirklei	Kirklei, Kyrkley
Kirkow	Kirkow, Kyrkowe
Kirmer	Kirmer, Kyrmer
Kirstaw	Kirstaw, Kirstawe
Kirsten	Kirsten, Kirston, Kyrsten, Kyrston
Kirth	Kirth, Kyrthe
Kirtlei	Kirtlei, Kyrtley
Kis	Kis, Kys
Kishow	Kishow, Kiso, Kisow, Kyshowe, Kyso, Kysso, Kyssowe
Kising	Kising, Kysyng
Kismart	Kismart
Kist	Kist, Kyst
Kistemaker	Kistemaker, Kistmaker, Kystemaker, Kystmaker
Kiston	Kiston, Kyston
Kit	Kit, Kite, Kyt, Kytt, Kytte
Kitermoster	Kitermoster, Kytermoster
Kits	Kits, Kytts
Kitson	Kitson, Kytson, Kyttson
Kitvild	Kitvild, Kytvyld
Kiv	Kiv, Kyve
Kival	Kival, Kyvall, Kyvalle
Kiver	Kiver, Kyver
Kix	Kix, Kyxe
Kn	Kn, Kne
Knap	Knap, Knape, Nap, Nape
Knapard	Knapard, Knappard
Knapekin	Knapekin, Knapekyn
Knapert	Knapert, Knappert
Knapet	Knapet, Knappet, Knappett
Knapkin	Knapkin
Knapton	Knapton
Kneisworth	Kneisworth, Kneysworth
Kneith	Kneith, Kneyth, Knith, Knyth
Kneitkin	Kneitkin, Kneytkyn
Knel	Knel, Knelle
Kneseworth	Kneseworth
Knethkin	Knethkin, Knethkyn
Knevil	Knevil, Knevyle
Knif	Knif, Knyffe, Neif, Neyf, Neyff
Knifs	Knifs, Knyfs
Knigh	Knigh, Knygh, Nigh
Knighit	Knighit
Knighkin	Knighkin, Knyghkyn
Knighlei	Knighlei, Knyghley
Knight	Knight, Knyght, Knyghte, Night
Knightkin	Knightkin, Knyghtkyn
Knightlei	Knightlei, Knyghtley
Knigth	Knigth, Knygth, Knygthe
Knigtkin	Knigtkin, Knygtkyn
Knil	Knil, Knyle, Knyll, Knylle, Naiel, Nayell, Neal, Neale, Neall, Neel, Neele, Neell, Neil, Neille
Kniper	Kniper, Knyper, Knypere
Knit	Knit, Knyt
Knithlei	Knithlei, Knythley
Knitht	Knitht, Knytht
Knitok	Knitok, Knytoke
Kniton	Kniton, Knyton
Knives	Knives, Knyves
Knoft	Knoft
Knog	Knog
Knoger	Knoger
Knokil	Knokil, Knokylle
Knoles	Knoles, Knolles, Knowles, Knowlles
Knolis	Knolis, Knollis, Knollys, Knolys
Knop	Knop, Knope
Knopet	Knopet, Knoppet
Knot	Knot, Knott, Knotte, Not, Note, Nott, Notte
Knotesford	Knotesford, Knottesford
Knotford	Knotford
Knoting	Knoting, Knotting, Knottyng, Knottynge, Knotyng
Knotinges	Knotinges, Knottynges
Knovil	Knovil, Knovile, Knoville, Knovyle
Knowlis	Knowlis, Knowlys
Knowst	Knowst, Knowste
Koinrin	Koinrin, Koynryn
Koit	Koit, Koyte
Koiver	Koiver, Koyver
Kol	Kol, Kole
Kolk	Kolk, Kolke
Komis	Komis, Komys
Koning	Koning, Konyng
Kopin	Kopin
Koreis	Koreis, Koreys
Kortum	Kortum, Kortume
Koteso	Koteso
Kovelins	Kovelins, Kovelyns
Krim	Krim, Krime
Krineson	Krineson, Kryneson
Kuleis	Kuleis, Kuleys
Kulingburgh	Kulingburgh, Kullingburgh
Kuonibergh	Kuonibergh, Kuonybergh
L1	L1
L2	L2
La	La, Logh
Lab	Lab, Labe
Labai	Labai, Labay
Labaie	Labaie, Labaye
Labbye	Labbye, Labie, Labye
Label	Label, Labelle
Labi	Labi, Laby
Laboiand	Laboiand, Laboyand
Laborda	Laborda
Laboreta	Laboreta, Laboretta
Labrada	Labrada
Lacar	Lacar, Lacare
Lacastr	Lacastr, Lacastre
Laceing	Laceing
Laceraga	Laceraga
Lach	Lach, Lache
Lachat	Lachat
Laci	Laci, Lacy, Lasi, Lasy, Loseie, Loseye
Lack	Lack, Lacke, Lak, Lake, Lakke
Lacon	Lacon, Lochan
Lacona	Lacona
Lacorona	Lacorona
Lacosta	Lacosta
Lacriaunt	Lacriaunt, Lacriaunte
Lacus	Lacus
Lad	Lad, Ladde, Lade
Ladburgh	Ladburgh
Ladi	Ladi, Lady
Laegat	Laegat
Laer	Laer, Laere, Ler, Lere, Leur, Leure, Lir, Lire, Lur, Lure, Lyre
Lafert	Lafert, Laferte
Laffrane	Laffrane, Lafran
Lafin	Lafin, Lafyne
Lafrank	Lafrank, Lafranke
Lag	Lag, Lage, Lagh, Laghe
Lagadak	Lagadak
Lagando	Lagando
Lagarda	Lagarda
Lagat	Lagat, Logat, Logatte
Lagdon	Lagdon
Lagea	Lagea
Lagedon	Lagedon
Lagena	Lagena
Lagero	Lagero
Laght	Laght
Lago	Lago
Lagor	Lagor, Lagore
Lagus	Lagus
Lahai	Lahai, Lahay
Lahoie	Lahoie, Lahoye
Lai	Lai, Lay, Lie, Ligh, Lighe, Lye, Lygh, Lyghe
Laid	Laid, Layde
Laie	Laie, Laye
Laien	Laien, Layen, Leien, Leyen
Laier	Laier, Layer
Laies	Laies, Layes
Laifild	Laifild, Layfild
Laikai	Laikai, Laykay
Laikin	Laikin, Laykyn
Laileet	Laileet, Layleet
Lailers	Lailers, Laylers
Lailet	Lailet, Laylett
Lain	Lain, Layn, Layne
Lainer	Lainer, Laner, Layner
Laines	Laines, Laynes
Laioi	Laioi, Layoy
Lair	Lair, Laire, Layre
Laison	Laison, Laysson
Laiston	Laiston, Layston
Laiten	Laiten, Laiton, Laten, Latene, Layten, Layton, Leighton, Leyghton
Laithebur	Laithebur
Laius	Laius, Layus
Lakanina	Lakanina, Lakanyna
Laken	Laken
Lakener	Lakener
Lakesa	Lakesa
Laketa	Laketa
Laketo	Laketo, Laketto
Laketu	Laketu
Lakin	Lakin, Lakyn, Lakyne
Lal	Lal, Lalle
Lala	Lala
Laler	Laler, Lalere
Lali	Lali, Laly
Lalow	Lalow
Lam	Lam, Lamb, Lambe, Lame, Lamme
Laman	Laman, Lamane
Lamans	Lamans
Lamar	Lamar, Lamare
Lamas	Lamas
Lambar	Lambar, Lambr, Lambre
Lambard	Lambard, Lambarde, Lamberd, Lamberde
Lambardeson	Lambardeson, Lambardesson
Lambardo	Lambardo
Lambardson	Lambardson
Lambart	Lambart, Lambarte, Lambbart
Lambarto	Lambarto
Lambartson	Lambartson
Lambbert	Lambbert, Lambert, Lamberte, Lambertt, Lambrt, Lamebert
Lamberdo	Lamberdo
Lamberdson	Lamberdson
Lambertesknight	Lambertesknight, Lambertesknyght
Lamberti	Lamberti, Lamberty
Lambertisdowghter	Lambertisdowghter
Lambertkneght	Lambertkneght
Lamberto	Lamberto
Lamberton	Lamberton
Lamberts	Lamberts
Lambertson	Lambertson, Lambertsson
Lambeson	Lambeson, Lambesson
Lambet	Lambet
Lambi	Lambi, Lambie, Lamby
Lambkin	Lambkin, Lambkyn
Lambkins	Lambkins, Lambkyns
Lamborn	Lamborn, Lamborne
Lamborow	Lamborow, Lamborowe
Lambortson	Lambortson, Lambortsson
Lambourn	Lambourn, Lambourne
Lambrecht	Lambrecht
Lambreght	Lambreght, Lambrit
Lambrigh	Lambrigh, Lambrygh
Lambrighson	Lambrighson
Lambright	Lambright, Lambryght
Lambrightson	Lambrightson, Lambrightsson, Lambryghtson
Lambrikson	Lambrikson
Lambritson	Lambritson, Lambritsson
Lambrok	Lambrok, Lambroke
Lambrorow	Lambrorow, Lambrorowe
Lambson	Lambson, Lameson, Lamson
Lamego	Lamego
Lamel	Lamel, Lamell
Lamelin	Lamelin, Lamelyn
Lamen	Lamen, Lamene
Lameo	Lameo
Lamer	Lamer
Lamerd	Lamerd
Lamerson	Lamerson
Lamert	Lamert
Lami	Lami, Lamy
Lamie	Lamie, Lamye
Laminion	Laminion, Lamynyon
Lamis	Lamis, Lamys
Lamkin	Lamkin, Lamkyn
Lamkins	Lamkins, Lamkyns
Lamons	Lamons
Lamor	Lamor, Lamore
Lamord	Lamord
Lamp	Lamp, Lampe
Lampet	Lampet
Lampkin	Lampkin, Lampkyn
Lamport	Lamport
Lampright	Lampright
Lampsta	Lampsta
Lamswer	Lamswer
Lan	Lan, Lane, Lanne
Lana	Lana
Lanag	Lanag, Lanage
Lanali	Lanali, Lanaly
Lanam	Lanam, Laname
Lanas	Lanas
Lancasak	Lancasak, Lancassak
Lancaster	Lancaster
Lancastr	Lancastr, Lancastre
Lancastrie	Lancastrie
Lancelet	Lancelet
Lancelot	Lancelot, Lansilot, Lansilote
Lanceloti	Lanceloti, Lanseloti
Lancerma	Lancerma
Lancestrie	Lancestrie
Lancha	Lancha
Land	Land, Lande
Landa	Landa
Landal	Landal, Landale
Landaus	Landaus
Landaverda	Landaverda
Landavero	Landavero
Landen	Landen, Landon
Lander	Lander
Landernew	Landernew
Landers	Landers
Landesbergh	Landesbergh
Landesdal	Landesdal, Landesdale
Landeto	Landeto
Lando	Lando
Landrez	Landrez
Landus	Landus
Laneford	Laneford
Lanel	Lanel, Lanele, Lanelle
Lanentar	Lanentar, Lannentar
Lang	Lang, Lange, Langh, Langhe
Langag	Langag, Langage
Langain	Langain, Langaine, Langayne
Langal	Langal, Langall, Langl, Langle
Langar	Langar
Langard	Langard
Langbain	Langbain, Langbayn
Langban	Langban, Langben, Langbene
Langboro	Langboro
Langbrok	Langbrok, Langbroke
Langbruk	Langbruk
Langcaster	Langcaster
Langdon	Langdon
Langeben	Langeben
Langebrok	Langebrok, Langebroke
Langedon	Langedon
Langefeld	Langefeld
Langeford	Langeford
Langeknif	Langeknif, Langeknyff
Langel	Langel, Langele
Langelei	Langelei, Langeley
Langemas	Langemas, Langemase
Langerich	Langerich
Langerman	Langerman, Langherman
Langewith	Langewith, Langewyth
Langfeld	Langfeld
Langford	Langford
Langfuser	Langfuser
Langham	Langham
Langhard	Langhard, Langharde
Langhaw	Langhaw, Langhawe
Langil	Langil, Langyll
Langirman	Langirman
Langknif	Langknif, Langknyfe, Langknyff
Langlad	Langlad, Langlade
Langlei	Langlei, Langley
Langles	Langles, Langlese
Langman	Langman
Langnel	Langnel, Langnell
Langrak	Langrak, Langrake
Langram	Langram
Langran	Langran
Langrand	Langrand, Langrande
Langreg	Langreg, Langregge
Langton	Langton
Langwil	Langwil, Langwill
Langwith	Langwith, Langwyth
Lanhergi	Lanhergi, Lanhergy
Lani	Lani, Lany
Lanien	Lanien, Lanyen
Lanington	Lanington, Lanyngton
Laninton	Laninton, Lanynton
Lanis	Lanis, Lanys
Lank	Lank, Lanke
Lanketh	Lanketh, Lankethe
Lankniv	Lankniv, Lanknyve
Lano	Lano
Lanoie	Lanoie, Lanoye
Lanrak	Lanrak, Lanrake
Lanri	Lanri
Lans	Lans
Lanselot	Lanselot
Lant	Lant, Lante
Lantaria	Lantaria, Lantarya
Lantegrev	Lantegrev, Lantegreve
Lantermaker	Lantermaker
Lanternmaker	Lanternmaker
Laon	Laon
Lapag	Lapag, Lapage, Lappage
Lapedak	Lapedak, Lapedake
Lapedrisa	Lapedrisa, Lapedrysa
Laplas	Laplas, Laplase
Lapomer	Lapomer, Lapomere
Lapomerie	Lapomerie, Lapomerye
Lapount	Lapount, Lapounte
Laquia	Laquia
Lar	Lar, Lare, Larr, Larre
Lara	Lara, Larra
Laragora	Laragora
Laraida	Laraida
Larana	Larana
Laranaga	Laranaga
Laranc	Laranc, Larance
Laranda	Laranda
Larando	Larando
Larandot	Larandot, Larandote
Laranga	Laranga
Larans	Larans, Laranse, Larrans
Larar	Larar, Larare
Larat	Larat, Larate, Laratt
Laraunc	Laraunc, Laraunce
Laravea	Laravea
Larca	Larca, Larka
Larcarius	Larcarius
Larch	Larch
Larcher	Larcher
Larcheter	Larcheter
Larchin	Larchin, Larchyn
Larck	Larck, Larcke, Lark, Larke
Larco	Larco
Lard	Lard, Larde
Lardener	Lardener
Larder	Larder
Lardg	Lardg, Lardge
Lardi	Lardi, Lardy
Lardiner	Lardiner, Lardyner, Lardynere
Lardson	Lardson
Larea	Larea, Lorea
Lareaga	Lareaga
Laredo	Laredo
Lareina	Lareina, Lareyna
Larenc	Larenc, Larence
Larencia	Larencia
Larenega	Larenega
Lareno	Lareno
Larens	Larens, Larrens
Larensa	Larensa
Larenteria	Larenteria
Lares	Lares
Lareta	Lareta, Laretta
Lareth	Lareth
Lareto	Lareto, Larretto
Larew	Larew
Larg	Larg, Large
Largant	Largant
Larger	Larger
Larges	Larges
Largon	Largon
Laria	Laria
Larie	Larie, Larye
Larin	Larin, Laryn
Larivas	Larivas, Laryvas
Larkar	Larkar, Larkare
Larken	Larken
Larma	Larma
Larmer	Larmer
Larmewr	Larmewr, Larmewre
Larmita	Larmita, Larmyta, Larmytta
Laro	Laro
Larogo	Larogo
Laroina	Laroina, Laroyna
Larok	Larok
Laronda	Laronda
Laroneo	Laroneo, Laronio
Laroni	Laroni, Larony
Laronia	Laronia
Larontaria	Larontaria
Larosa	Larosa, Larossa
Larta	Larta
Lartega	Lartega
Lartgn	Lartgn, Lartgne
Lartik	Lartik, Lartyke
Lartur	Lartur
Las	Las, Lase, Lasse
Lasa	Lasa, Lassa
Lasacka	Lasacka
Lasamis	Lasamis, Lasamys
Lasar	Lasar, Lasare, Lasur, Lasure, Losher, Lossher
Lasaraga	Lasaraga, Lasarraga
Lasaro	Lasaro
Lasavala	Lasavala
Lasawceri	Lasawceri, Lasawcery
Lasboris	Lasboris, Lasborys
Lascana	Lascana
Laschald	Laschald, Laschalde, Lashald, Lashalde, Lasshalde
Lascola	Lascola
Lasenbie	Lasenbie
Laser	Laser, Lazar, Lazer
Lasera	Lasera, Laserra, Lazera
Laserago	Laserago, Lasserago
Laserik	Laserik
Lasert	Lasert, Laserte
Laserva	Laserva
Lasesar	Lasesar
Lash	Lash, Lasshe
Lashola	Lashola
Lasing	Lasing, Lasyng
Laskano	Laskano
Lasket	Lasket
Laso	Laso, Lasso
Lasola	Lasola, Lassola
Lasom	Lasom, Lasome
Lason	Lason, Lasson
Lasonbie	Lasonbie
Laster	Laster
Lastna	Lastna
Lastola	Lastola
Laston	Laston
Lat	Lat, Late, Latt, Lot, Lote, Lott, Lotte
Latadew	Latadew, Latadewe
Latalia	Latalia
Latega	Latega
Latener	Latener
Latero	Latero
Latham	Latham, Lathom
Lathum	Lathum
Lathusen	Lathusen, Lothusen, Lothuson
Lathuson	Lathuson
Latiker	Latiker
Latimer	Latimer, Latymer
Laton	Laton
Lator	Lator, Latore
Latour	Latour, Latoure
Latours	Latours
Latport	Latport
Latr	Latr, Latre
Latro	Latro
Latud	Latud
Laubers	Laubers
Laucelot	Laucelot
Lauda	Lauda
Laudas	Laudas
Laudaverda	Laudaverda
Laudaverdo	Laudaverdo
Laudo	Laudo
Lauerana	Lauerana
Lauerencio	Lauerencio
Laueson	Laueson, Lauesone, Lausen, Lauson, Lausson
Laugham	Laugham
Laughton	Laughton, Lawton
Laun	Laun, Laune, Lawn, Lawne
Launaw	Launaw, Launawe
Launcelet	Launcelet, Lawncelet
Launcelin	Launcelin, Launcelyn
Launcellot	Launcellot, Launcellott, Launcellotte, Launcelot, Launcelott, Lawncelot, Lawncelott
Launceloti	Launceloti, Launcelotti
Laund	Laund, Launde
Laundar	Laundar, Launder, Laundr, Laundre, Lawnder
Laundes	Laundes
Laundres	Laundres, Lawndres
Launei	Launei, Launey
Launs	Launs
Launselet	Launselet
Launslet	Launslet
Launson	Launson, Lawnson, Lawnsson
Laur	Laur, Laure, Lawr, Lawre, Lor, Lore, Lorr
Lauranc	Lauranc, Laurance
Laurans	Laurans
Lauraunc	Lauraunc, Lauraunce
Lauren	Lauren, Lawren, Lowren
Laurenc	Laurenc, Laurence, Lawrenc, Lawrence
Laurenceson	Laurenceson, Laurencesson
Laurenceus	Laurenceus
Laurencii	Laurencii, Lawrencii
Laurencio	Laurencio, Lawrencio
Laurencium	Laurencium
Laurencius	Laurencius
Laurenco	Laurenco
Laurens	Laurens, Laurense, Laurons, Lawrans, Lawranse, Lawrens, Lawrense, Lorans, Lorens
Laurensii	Laurensii
Laurensio	Laurensio, Lawrentio
Laurenso	Laurenso
Laurenson	Laurenson, Laurensson, Lorenson
Laurent	Laurent, Laurente
Laurentino	Laurentino
Laures	Laures, Loures, Lowres
Lauret	Lauret, Laurette, Lawret
Laureto	Laureto, Lauretto, Loreto, Loretto
Laureton	Laureton
Laurin	Laurin, Lauryn
Lauronc	Lauronc, Lauronce
Laus	Laus, Lause, Lawes, Laws, Lawse
Lauset	Lauset
Lausoun	Lausoun
Lausta	Lausta
Laut	Laut, Laute
Lauwson	Lauwson
Lav	Lav, Lave
Lava	Lava
Lavalon	Lavalon, Lavalone
Lavand	Lavand
Lavandr	Lavandr, Lavandre
Lavarand	Lavarand
Lavars	Lavars
Lavas	Lavas
Lavashen	Lavashen, Lavashene
Lavenaunt	Lavenaunt
Lavera	Lavera
Laveram	Laveram, Laverame
Laverances	Laverances
Laverd	Laverd, Laverde
Lavereton	Lavereton
Laverok	Laverok
Laveshen	Laveshen
Laviala	Laviala, Lavyala
Lavington	Lavington, Lavyngton
Lavreo	Lavreo
Law	Law, Lawe
Lawd	Lawd, Lawde
Lawden	Lawden, Lawdon
Lawdin	Lawdin, Lawdyn
Lawers	Lawers
Laweson	Laweson
Lawesoun	Lawesoun, Lawesoune
Laweswel	Laweswel, Laweswell
Lawgham	Lawgham
Lawghing	Lawghing, Lawghinge
Lawing	Lawing, Lawynge
Lawlei	Lawlei, Lawley
Lawra	Lawra
Lawranc	Lawranc, Lawrance, Loranc, Lorance
Lawraunc	Lawraunc, Lawraunce
Lawrawbo	Lawrawbo
Lawrawri	Lawrawri, Lawrawry
Lawrea	Lawrea, Loria
Lawrencz	Lawrencz
Lawrendes	Lawrendes
Lawrenis	Lawrenis, Lawrenys
Lawreson	Lawreson, Lawrison, Lawryson
Lawris	Lawris
Lawsom	Lawsom, Lawssom
Lawson	Lawson, Lawsone, Lawsson, Lawssone, Lawssun, Lawsun
Lawsoon	Lawsoon
Lawsoun	Lawsoun, Lawsoune
Lawsown	Lawsown
Lawston	Lawston
Lawzar	Lawzar
Lawzon	Lawzon
Laxston	Laxston, Laxstone, Laxton
Lazara	Lazara, Lazarra
Lazaro	Lazaro
Lazarus	Lazarus
Lazero	Lazero
Le	Le
Leak	Leak, Leake, Leek, Leeke, Leic, Leik, Leike, Leyke, Lic, Lik, Like, Lyce
Leana	Leana, Lena
Leand	Leand, Leande, Lind, Lynd, Lynde
Leanord	Leanord
Lear	Lear, Leare, Leer, Leere, Lier, Lyer, Lyere
Leardo	Leardo
Leason	Leason, Leweson
Leb	Leb, Lebe
Lebari	Lebari, Lebary
Lebert	Lebert
Lebo	Lebo
Lecaver	Lecaver, Lecavere
Leccheford	Leccheford, Lecheford
Lecchesforde	Lecchesforde, Lechesford
Leceler	Leceler, Leceller
Leceo	Leceo, Leseo, Lesseo
Lech	Lech, Leche, Lek, Leke, Lekke
Lecheven	Lecheven
Lecol	Lecol, Lecoll
Lecoteli	Lecoteli, Lecotelli
Lecotrok	Lecotrok, Lecotroke
Lecourt	Lecourt, Lecourte
Lecowrt	Lecowrt
Lecula	Lecula
Led	Led, Lede
Ledar	Ledar, Leder
Ledeman	Ledeman
Ledenib	Ledenib, Ledenybe
Lederel	Lederel, Lederell
Ledes	Ledes
Ledg	Ledg, Ledge
Ledget	Ledget
Ledis	Ledis, Ledys
Ledo	Ledo
Ledred	Ledred
Lee	Lee, Leie, Leigh, Leighe, Leye, Leygh, Leyghe
Leed	Leed, Leede, Lid, Lyde
Leedes	Leedes
Lees	Lees
Lefard	Lefard, Leffard, Lefford, Leford
Lefaunt	Lefaunt, Leffaunt
Lefender	Lefender, Leffender
Lefeng	Lefeng, Leffeng
Lefever	Lefever, Leffever
Lefranko	Lefranko
Leg	Leg, Lege, Legge, Legh, Leghe
Legadek	Legadek, Legadeke
Legado	Legado
Legalie	Legalie
Legalow	Legalow, Legalowe
Legalt	Legalt
Legar	Legar
Legaris	Legaris, Legarys
Legat	Legat, Legate, Legatt, Legatte, Leggat, Leggate, Leggatt
Legent	Legent, Legente
Leger	Leger, Legere
Legerd	Legerd, Legerde
Leges	Leges, Legges
Leget	Leget, Legete, Legett, Legget, Leggett
Leghtfot	Leghtfot, Leghtfote
Leghton	Leghton, Legton
Legier	Legier, Legiere, Legir
Legionum	Legionum
Legnot	Legnot
Lego	Lego
Legom	Legom
Legonet	Legonet
Legrav	Legrav, Legrave
Lei	Lei, Ley
Leicestr	Leicestr, Leycestre
Leicetr	Leicetr, Leycetre
Leicon	Leicon, Leycon
Leicroft	Leicroft, Leycroft, Leycrofte
Leigher	Leigher, Leygher
Leight	Leight
Leightfot	Leightfot, Leyghtfote, Leyghtfott
Leiicsie	Leiicsie, Leyicsye
Leikin	Leikin, Leykyn
Leilers	Leilers, Leylers
Lein	Lein, Leyn, Leyne, Leynne, Lien, Lin, Line, Lioun, Lyen, Lyn, Lyne, Lynne, Lyoun
Leines	Leines, Leynes
Leipag	Leipag, Leypage
Leis	Leis, Leys
Leison	Leison, Leisson, Leyson, Leysson
Leisond	Leisond, Leysonde
Leist	Leist, Leyst
Leister	Leister, Lister, Listor, Lyster, Lystor
Leistof	Leistof, Leystof
Leistoft	Leistoft, Leystoft, Leystofte
Leith	Leith, Leythe, Lith, Lithe, Lythe
Leiton	Leiton, Leitton, Leyton
Lekel	Lekel, Lekele
Leken	Leken
Lekenfeld	Lekenfeld
Lekes	Lekes, Lex
Leket	Leket
Lekin	Lekin, Lekyn
Lekinfeld	Lekinfeld, Lekynfeld
Lekton	Lekton
Lel	Lel, Lele
Lem	Lem, Leme, Lemme
Lemagois	Lemagois
Lemagos	Lemagos, Lemagose
Leman	Leman, Lemane, Lemman, Lieman
Lemanum	Lemanum
Lembl	Lembl, Lemble
Lemeck	Lemeck
Lemegos	Lemegos
Lemegowis	Lemegowis, Lemegowys
Lemen	Lemen
Lemer	Lemer
Lemin	Lemin, Lemyn
Leming	Leming, Lemyng
Leminghous	Leminghous, Lemynghous
Lemington	Lemington, Lemyngton
Lemis	Lemis, Lemys
Lemk	Lemk, Lemke
Lemkee	Lemkee
Lemon	Lemon
Lemond	Lemond
Lemotener	Lemotener
Lempet	Lempet
Lempit	Lempit, Lempite, Lempytt
Lemport	Lemport, Lemporte
Lems	Lems
Lemst	Lemst, Lemste
Lemus	Lemus
Len	Len, Lene, Lenn, Lenne
Lenar	Lenar, Lenare, Lener
Lenard	Lenard, Lenerd, Leonard, Leonarde
Lenardo	Lenardo
Lenardson	Lenardson
Lenarnd	Lenarnd
Lenarum	Lenarum, Lennarum
Lenc	Lenc, Lence
Lench	Lench, Lenche
Lenden	Lenden
Lender	Lender, Lendr, Lendre
Lendw	Lendw, Lendwe
Leneman	Leneman
Lenen	Lenen, Lenon
Lenew	Lenew, Lenewe, Lennewe
Lenfan	Lenfan
Leng	Leng, Lenge
Lenger	Lenger
Lengham	Lengham
Lenhargi	Lenhargi, Lenhargy
Leningeston	Leningeston, Lenyngeston
Lenio	Lenio, Lennio, Lineo, Lyneo
Lenkerson	Lenkerson
Leno	Leno, Lenow
Lenord	Lenord, Lenorde
Lens	Lens, Lense
Lent	Lent, Lente
Lenton	Lenton
Lentr	Lentr, Lentre
Lenzton	Lenzton
Leo	Leo
Leon	Leon, Leone
Leona	Leona
Leonardes	Leonardes
Leonardi	Leonardi
Leonardo	Leonardo
Leonardson	Leonardson
Leonardus	Leonardus
Leondson	Leondson
Leonel	Leonel, Leonell
Leonello	Leonello, Leonelo
Leonellus	Leonellus, Leonelus
Leonerd	Leonerd
Leonerson	Leonerson
Leones	Leones
Leonis	Leonis, Leonys
Leonus	Leonus
Leora	Leora
Leowes	Leowes
Lepania	Lepania
Lepardo	Lepardo
Lepenc	Lepenc, Lepence
Lepens	Lepens
Leperd	Leperd, Leperde
Lepip	Lepip, Lepype
Leplar	Leplar
Lepo	Lepo
Lepot	Lepot, Leppott
Lequet	Lequet
Lequeto	Lequeto
Lercano	Lercano
Leri	Leri, Lerry
Lerigort	Lerigort, Lerigorte
Lerma	Lerma
Lermaie	Lermaie, Lermaye
Lermeie	Lermeie, Lermeye
Lero	Lero
Les	Les, Lese, Lesse
Lesa	Lesa
Lesar	Lesar, Lesare, Leser, Lesser
Lesard	Lesard, Lessard
Lesbarn	Lesbarn
Lesbeie	Lesbeie, Lesbeye
Lesbern	Lesbern, Lesberne
Lesbourn	Lesbourn, Lesbourne
Lescaro	Lescaro
Lesclus	Lesclus, Lescluse
Lescudie	Lescudie, Lescudye
Lesebern	Lesebern
Lesecan	Lesecan
Lesei	Lesei, Lesey, Lessey
Lesel	Lesel, Lesell
Lesen	Lesen, Lesene, Lesin, Lessyne
Leseven	Leseven, Lesheven, Lesseven
Lesever	Lesever
Lesewod	Lesewod, Lesewode
Leshaw	Leshaw, Leshawe
Lesina	Lesina, Lesyna
Lesio	Lesio, Lessio, Lesyo, Licio
Lesis	Lesis
Leskana	Leskana
Leskeino	Leskeino, Leskeyno
Leslan	Leslan, Leslane
Lesna	Lesna
Leso	Leso, Lesso
Leson	Leson
Lesoten	Lesoten
Lespicer	Lespicer
Lesporon	Lesporon
Lest	Lest, Leste
Lestina	Lestina
Leswel	Leswel, Leswell
Let	Let, Lete, Lett, Lette
Letawsenei	Letawsenei, Letawseney
Leteman	Leteman, Letteman
Leten	Leten, Letten, Lughton
Leterson	Leterson
Leth	Leth, Lethe
Letham	Letham
Lethen	Lethen
Lethertawer	Lethertawer
Letic	Letic
Letil	Letil, Letile
Letin	Letin, Letyn
Letis	Letis
Leto	Leto
Leton	Leton, Letton, Liton, Litton, Lyton, Lytton
Letrer	Letrer, Letrere
Leuc	Leuc, Leuce, Leuk, Leuke, Luc, Luce
Leuden	Leuden, Lewden
Leura	Leura, Lura
Leus	Leus, Leuse, Lus, Luse
Lev	Lev, Leve
Levan	Levan
Levanto	Levanto
Levard	Levard, Levarde, Leverd, Leverde
Levas	Levas
Leveano	Leveano
Leveck	Leveck, Levek, Leveke
Levedia	Levedia, Levedya
Levein	Levein, Leveyn
Leven	Leven, Levene
Levendal	Levendal, Levendale
Lever	Lever
Leverden	Leverden
Leveredson	Leveredson
Leverson	Leverson
Leves	Leves
Levesec	Levesec
Leveson	Leveson, Levison
Levesque	Levesque
Levet	Levet
Levi	Levi, Levy
Levie	Levie, Levye
Levil	Levil, Leville
Levin	Levin, Levyn, Levyne
Levinardo	Levinardo, Levynnardo
Leving	Leving, Levinge, Levyng, Levynge
Levino	Levino
Levinson	Levinson, Levynsson
Levir	Levir, Levyr
Levis	Levis, Levys
Levodia	Levodia, Levodya
Lew	Lew, Lewe, Loo, Lu
Leward	Leward
Lewardison	Lewardison, Lewardisson
Lewbeck	Lewbeck, Lewbecke, Lewbek, Lubbeke, Lubeck, Lubecke, Lubek, Lubeke
Lewder	Lewder, Luder
Lewdevico	Lewdevico
Lewdovico	Lewdovico, Ludovico
Lewdowico	Lewdowico, Ludowico
Lewdro	Lewdro
Leweis	Leweis, Leweys
Lewel	Lewel
Lewelin	Lewelin, Lewellyn, Lewelyn
Lewen	Lewen, Lun, Lune
Lewenson	Lewenson
Leweret	Leweret, Lewerett
Lewes	Lewes, Lews, Lewse, Loues
Lewez	Lewez, Lez, Leze
Lewger	Lewger
Lewgham	Lewgham
Lewian	Lewian, Lewyan
Lewicio	Lewicio
Lewies	Lewies, Lewyes
Lewin	Lewin, Lewyn, Lewyne
Lewins	Lewins
Lewis	Lewis, Lewise, Lewisse, Lewys, Lewyse, Luis, Luys
Lewison	Lewison
Lewistoft	Lewistoft, Lewystofte
Lewkner	Lewkner, Lewknor
Lewman	Lewman, Luman, Lumen
Lewnoth	Lewnoth
Lewson	Lewson, Lucian, Lucyan, Luson, Lutian
Lewst	Lewst, Lewste
Lewton	Lewton, Luton
Lewtrip	Lewtrip, Lewtripe
Lexis	Lexis
Lezard	Lezard
Lezeo	Lezeo
Liak	Liak, Lyak
Lialton	Lialton, Lyalton
Liam	Liam, Lyam
Lian	Lian, Lyan
Liando	Liando, Lyando
Lianus	Lianus, Lyanus
Liar	Liar
Lias	Lias, Lyas
Lib	Lib, Lybb
Libano	Libano
Libard	Libard, Liberd, Lyberd, Lyberde
Libeck	Libeck, Lybeck
Liber	Liber, Lyber
Liberal	Liberal, Liberel, Lyberalle, Lyberelle
Libert	Libert, Lybert
Libow	Libow, Lybowe
Libro	Libro, Lybro
Licchefeld	Licchefeld, Liccheffelde, Lichefeld, Lychefeld, Lychefelde
Licencia	Licencia
Lich	Lich, Liche, Lyche
Licham	Licham
Lichefeild	Lichefeild, Lychefeild
Liciter	Liciter, Lyciter
Licona	Licona, Lycona
Lidbal	Lidbal, Lydball
Lideerd	Lideerd, Lydeerd
Lidington	Lidington, Lydington
Lieflander	Lieflander
Lieg	Lieg, Liege
Liel	Liel, Liele, Lil, Lile, Lille, Lyell, Lyle, Lyll, Lylle
Lifard	Lifard, Lyfard
Liffing	Liffing, Lifing, Lyffyng
Lifica	Lifica, Lyffyca
Lifin	Lifin, Lyffyn
Ligeos	Ligeos
Liges	Liges, Ligges, Lygges
Light	Light, Lyght
Lightbeker	Lightbeker, Lyghtbeker
Lightbequer	Lightbequer, Lyghtbequer
Lightefot	Lightefot, Lightefote
Lightelei	Lightelei, Lighteley
Lightfoet	Lightfoet
Lightfoot	Lightfoot, Lightfoote, Lightfoott, Lyghtfoote
Lightfot	Lightfot, Lightfote, Lightfotte, Lyghtffot, Lyghtffote, Lyghtfote, Lyghtfott
Lightharnes	Lightharnes, Lyghtharnes
Lighthernes	Lighthernes
Lightholder	Lightholder, Lyghtholder
Lightli	Lightli, Lightly
Lightsfot	Lightsfot, Lightsfott
Ligina	Ligina
Ligth	Ligth, Lygth
Liguria	Liguria
Lihghtbequer	Lihghtbequer, Lihtbequer, Lyhghtbequer, Lyhtbequer
Liinchach	Liinchach, Lyynchache
Likin	Likin, Likyn, Lykyn
Likinfeld	Likinfeld, Lykynfeld
Lila	Lila, Lyla
Lilandal	Lilandal, Lylandale
Lilard	Lilard, Lillard
Lilbour	Lilbour
Lilbourn	Lilbourn, Lilbourne
Lilei	Lilei, Lylley
Lilgrav	Lilgrav, Lilgrave, Lillgrave, Lylgrave
Lili	Lili, Lilie, Lillie, Lilly, Lillye, Lylly, Lyllye, Lyly
Lillo	Lillo, Lilo, Lilow, Lyllo, Lyllow
Liloo	Liloo, Lylloo
Lima	Lima, Lyma
Liman	Liman, Lyman
Limarum	Limarum, Lymarum
Limbar	Limbar, Lymbar
Limbart	Limbart, Lymbart
Limbin	Limbin, Lymbyn
Limegos	Limegos, Lymegos
Liming	Liming, Lymmyng
Limington	Limington, Lymmyngton, Lymyngton
Limner	Limner, Lymner
Limost	Limost, Lymost
Limoth	Limoth, Lymothe
Limpet	Limpet, Lympet, Lympett
Limpis	Limpis, Lympis
Limpit	Limpit, Lympytt
Limpo	Limpo, Lympo
Limport	Limport, Lymport
Limpot	Limpot, Lympott
Limsei	Limsei, Lymsey
Linal	Linal, Lynalle
Linam	Linam, Lynam
Linares	Linares, Lynares
Linaris	Linaris, Lynaris
Linbright	Linbright, Lynbright
Linch	Linch, Lynche
Linchefeld	Linchefeld, Lynchefeld
Linchelad	Linchelad, Lynchelade
Lincoln	Lincoln, Lincolne, Lyncoln, Lyncolne
Lincolnia	Lincolnia
Lindeman	Lindeman, Lindman, Lyndeman, Lyndman
Linder	Linder, Lynder
Lindern	Lindern
Lindesai	Lindesai, Lyndesay
Lindesei	Lindesei, Lindesey, Lyndesey
Lindeseie	Lindeseie, Lyndeseye
Lindford	Lindford
Lindi	Lindi, Lyndy
Lindo	Lindo, Lyndo
Lindsei	Lindsei, Lyndsey
Linebet	Linebet
Lineham	Lineham, Lyneham
Linei	Linei, Liney, Lyney
Linekin	Linekin, Lynnekyn
Linel	Linel, Lynelle
Linemought	Linemought, Lynnemought
Lines	Lines, Lynes
Linet	Linet, Lynet
Ling	Ling, Linge, Lyng, Lynge
Lingad	Lingad, Lyngad
Lingard	Lingard, Lyngard, Lyngarde
Lingat	Lingat, Lingatt, Lingatte, Lyngatt, Lyngatte, Lynggat
Lingel	Lingel, Lingelle
Lingen	Lingen, Lyngen
Lingenhow	Lingenhow, Lyngenhowe
Linham	Linham, Lynham
Lini	Lini, Lyny
Link	Link, Lynke
Linkin	Linkin, Lynkyn
Linmouth	Linmouth, Lynmouth
Linow	Linow, Lynnowe
Lins	Lins, Lyns
Linscrow	Linscrow, Lynscrow
Linsei	Linsei, Lynsey
Lint	Lint, Lynt
Linter	Linter, Lynter
Lintford	Lintford, Lyntford
Linton	Linton, Lynton
Linvik	Linvik, Lynvyk
Lioken	Lioken
Lion	Lion, Lione, Lyon, Lyone
Lionel	Lionel, Lionell, Lionil, Lyonel, Lyonell, Lyonelle, Lyonille
Lionello	Lionello, Lionelo, Lyonello
Liones	Liones
Lionis	Lionis, Lyonis
Lions	Lions, Lyons
Lionus	Lionus, Lyonus
Lipelei	Lipelei, Lyppeley
Lipet	Lipet
Liping	Liping, Lippyng, Lyppyng, Lyppynge, Lypyng
Lipinges	Lipinges, Lyppynges
Lipins	Lipins, Lippins
Liplei	Liplei, Lypley
Lirablo	Lirablo
Lirka	Lirka, Lyrka
Lirpin	Lirpin, Lirpyn, Lurpin, Lurpyn, Lyrpyn
Lis	Lis, Lyse
Lisagn	Lisagn, Lyssagne
Lisamort	Lisamort, Lysamort
Lisaundr	Lisaundr, Lysaundre
Lisbeth	Lisbeth, Lysbeth, Lysbethe
Lisca	Lisca
Lisebet	Lisebet, Lysebette
Liser	Liser, Lyser
Liseweik	Liseweik, Liseweyk
Lishoborn	Lishoborn, Lishoborne
Lisholdo	Lisholdo, Lysholdo
Lisl	Lisl, Lisle
Lismer	Lismer, Lysmer
Lisn	Lisn, Lissne, Lyssne
Lisondo	Lisondo, Lyssondo
List	List, Lyst
Lit	Lit, Lite, Litte
Litel	Litel, Lytell
Litelbaker	Litelbaker
Litelcot	Litelcot, Littelcote
Liteler	Liteler, Lytteler
Litelprov	Litelprov, Lytelprove
Litelslogh	Litelslogh, Lytelslogh
Litelton	Litelton, Littelton, Lytelton, Lyttelton
Litfot	Litfot, Lytfote
Lithal	Lithal, Lithall
Lithfot	Lithfot, Lythfote
Litholder	Litholder
Litil	Litil, Lytill
Litilton	Litilton, Littilton, Litylton, Lytilton, Lyttilton, Lytylton
Litken	Litken, Lytken
Litkin	Litkin
Litlei	Litlei, Litley
Litler	Litler, Lytler, Lyttler
Litleton	Litleton, Lyttleton
Litlier	Litlier
Litstarn	Litstarn, Lytstarne
Litulprov	Litulprov, Litulprove
Livano	Livano, Lyvano
Liven	Liven, Lyven
Liver	Liver, Lyver
Liviana	Liviana, Lyviana
Living	Living, Livinge
Livo	Livo
Lizard	Lizard
Lloide	Lloide, Loid
Lo	Lo, Loe, Low, Lowe
Lob	Lob, Lobbe
Lobbes	Lobbes, Lobes
Lobbone	Lobbone, Lobon
Lobbyn	Lobbyn, Lobin, Lobyn
Lobel	Lobel, Lobell, Lobelle
Lobelt	Lobelt
Lobian	Lobian, Lobyan
Locarnam	Locarnam
Lock	Lock, Locke, Lok, Loke, Lokk, Lokke
Lockenbergh	Lockenbergh
Lockes	Lockes
Locket	Locket
Lockington	Lockington, Lockyngton
Locles	Locles, Loclese
Locomber	Locomber
Lod	Lod, Lode
Loddyngton	Loddyngton, Lodington, Lodyngton, Luddington, Luddyngton, Ludington, Ludyngton
Lodek	Lodek, Lodeke, Lodick, Lodicke, Lodik, Lodike, Lodyke, Lowdik, Lowdike
Lodekin	Lodekin, Lodekyn
Lodeman	Lodeman
Lodemeter	Lodemeter
Loderman	Loderman
Lodewici	Lodewici
Lodewico	Lodewico, Lodewyco
Lodewik	Lodewik, Lodewike, Lodewyk, Lodewyke
Lodewikeson	Lodewikeson, Lodewykesson
Lodg	Lodg, Lodge
Lodinghous	Lodinghous, Lodynghous
Lodlow	Lodlow
Lodman	Lodman
Lodmeter	Lodmeter
Lodomak	Lodomak, Lodomake
Lodovico	Lodovico
Lodow	Lodow
Lodowici	Lodowici, Lodowyci, Lowdowici
Lodowick	Lodowick, Lodowicke, Lodowyck
Lodowico	Lodowico, Lodowyco
Lodowicum	Lodowicum
Lodowik	Lodowik, Lodowike, Lodowyk
Lodowikson	Lodowikson, Lodowyksson
Lodrie	Lodrie, Lodrye
Lodrin	Lodrin, Lodryn
Lodrino	Lodrino, Lodryno
Loduck	Loduck
Lodulpho	Lodulpho
Lodwici	Lodwici
Lodwick	Lodwick, Lodwicke, Lodwik, Lodwike, Lodwyck, Lodwyk, Lodwyke
Lodwico	Lodwico, Lodwyco
Loemis	Loemis
Loes	Loes, Loese, Lowes, Lows, Lowse
Lof	Lof, Lofe, Loff, Loffe
Loftehous	Loftehous
Log	Log, Loge, Logge
Loga	Loga
Logan	Logan
Logas	Logas
Logen	Logen
Logeston	Logeston
Loggys	Loggys, Logis, Logys
Logo	Logo
Logosier	Logosier, Logosyer
Logster	Logster
Logston	Logston
Lohenik	Lohenik, Lohennyk
Loi	Loi, Loy
Loic	Loic, Loyce
Loick	Loick, Loik, Loyke
Loie	Loie, Loye
Loilers	Loilers, Loylers
Loin	Loin, Loyn
Loinar	Loinar, Loynar
Loines	Loines, Loynes
Loio	Loio, Loyo
Lois	Lois, Lowus, Lowwus, Loys, Loyse
Loiset	Loiset, Loyset, Loysset
Lokembark	Lokembark, Lokembarke
Loken	Loken, Loquean
Loker	Loker
Lokerm	Lokerm, Lokerme
Lokier	Lokier, Lokyer
Lokin	Lokin, Lokyn
Loking	Loking
Lokington	Lokington, Lokyngton
Lokinton	Lokinton, Lokynton
Loksmith	Loksmith, Loksmyth
Lokton	Lokton
Lol	Lol, Lole, Lolle
Lolham	Lolham
Loli	Loli, Loly
Lom	Lom, Lomb, Lombe, Lomme
Lomalin	Lomalin, Lomalyn
Loman	Loman
Lomba	Lomba
Lombard	Lombard
Lombardin	Lombardin, Lombardyne
Lombek	Lombek, Lombeke
Lomberdea	Lomberdea
Lombert	Lombert
Lombo	Lombo
Lomelin	Lomelin, Lomelyn, Lomelyne
Lomelino	Lomelino
Lomer	Lomer, Lommer
Lomeston	Lomeston, Lomestone
Lomilin	Lomilin, Lomolin, Lomolyn, Lomylyn
Lominie	Lominie, Lomynye
Lomlin	Lomlin, Lomlyn, Lomlyne
Lomnei	Lomnei, Lomney
Lomner	Lomner, Lomnour
Lompalim	Lompalim
Lon	Lon, Lone
Lonard	Lonard
Londai	Londai, Londay
Londeman	Londeman
Londmeter	Londmeter
London	London, Lundon
Lonebind	Lonebind, Lonebynd
Lonedal	Lonedal, Lonedall
Lonei	Lonei, Loney, Lownei, Lowney
Loneie	Loneie, Loneye
Loner	Loner, Lowknor
Lones	Lones, Lownes
Lonez	Lonez
Long	Long, Longe, Longge, Longh, Longhe
Longa	Longa
Longballok	Longballok, Longbalok
Longban	Longban, Longbane
Longbem	Longbem, Longbeme
Longdon	Longdon
Longeberd	Longeberd
Longebon	Longebon
Longeknif	Longeknif, Longeknyf
Longestret	Longestret
Longet	Longet, Longett
Longeus	Longeus
Longmaid	Longmaid, Longmayde
Longmed	Longmed, Longmede
Longo	Longo
Longshewd	Longshewd, Longshewde
Loning	Loning, Lonyng
Lonis	Lonis, Lonys
Loob	Loob, Loobe
Lood	Lood, Loode, Lud, Lude
Loodwico	Loodwico, Loodwyco, Ludwico, Ludwyco
Loom	Loom
Loon	Loon
Loop	Loop, Loope
Lop	Lop, Lope, Lopp, Loppe
Lopa	Lopa
Lopam	Lopam, Loppam
Lopealn	Lopealn
Lopean	Lopean, Lopian, Lopyan
Loper	Loper, Lopere
Lopes	Lopes
Lopha	Lopha
Lopham	Lopham
Lopi	Lopi
Lopies	Lopies, Lopyes
Lopirs	Lopirs
Lopis	Lopis, Lopys
Loplam	Loplam
Lopo	Lopo, Loppo
Loppus	Loppus, Lopus
Lopran	Lopran, Loprane
Loquendo	Loquendo
Loquew	Loquew
Lorain	Lorain, Lorayn
Lorca	Lorca
Lorcher	Lorcher, Lorchere
Lord	Lord, Lorde, Lourd, Lourde
Lordea	Lordea
Lorei	Lorei, Lorey
Loreta	Loreta, Loretta
Lori	Lori, Lory
Loriaca	Loriaca
Loriaga	Loriaga
Lorica	Lorica, Loryca
Loridan	Loridan, Lorydan
Lorimordson	Lorimordson
Lorinaca	Lorinaca
Lorinaga	Lorinaga
Lorineca	Lorineca
Loritsobal	Loritsobal, Lorytsoballe
Lorken	Lorken
Lorkin	Lorkin, Lorkyn
Lormeta	Lormeta, Lormetta
Lormorter	Lormorter
Loro	Loro
Loronia	Loronia, Loronya
Lorter	Lorter
Los	Los, Lose, Losse
Losa	Losa
Losaunt	Losaunt
Losei	Losei, Losey
Losent	Losent, Lossent
Loser	Loser, Losser, Lossere
Loset	Loset, Losett, Losset, Lossett
Loseworn	Loseworn, Losseworne
Loshart	Loshart, Losshart, Lossharte
Loshert	Loshert, Losshert
Loshort	Loshort, Losshort
Losiriaga	Losiriaga
Loson	Loson, Losson, Lowson
Losot	Losot
Lospart	Lospart
Lost	Lost
Lotekin	Lotekin, Lotekyn
Loteler	Loteler, Lotteler
Loterel	Loterel, Loterell, Lotrel, Lottrell, Lowterel, Lowterell
Lotheughson	Lotheughson
Lothewekeson	Lothewekeson
Lothews	Lothews
Lothughson	Lothughson
Lothuri	Lothuri, Lothury
Lotid	Lotid, Lotyd
Lotidero	Lotidero
Lotidew	Lotidew, Lotydew
Lotin	Lotin, Lotyn
Lotis	Lotis, Lotys
Louch	Louch, Louche
Loudovico	Loudovico
Loudrus	Loudrus
Louel	Louel, Louell, Lul, Lule, Lulle
Louez	Louez
Lought	Lought, Loughte
Loughton	Loughton, Louton
Loumner	Loumner
Loun	Loun, Loune
Lound	Lound, Lounde
Loundres	Loundres
Lount	Lount
Louresal	Louresal, Louresall
Louth	Louth, Louthe
Loutr	Loutr, Loutre
Louzton	Louzton
Lov	Lov, Love
Lovein	Lovein, Loveyn
Loveis	Loveis
Lovel	Lovel, Lovele, Lovell, Lovelle
Lovelac	Lovelac, Lovelace
Lovelak	Lovelak, Lovelake
Lovelas	Lovelas
Lovelok	Lovelok, Loveloke
Loven	Loven, Lovene
Loverd	Loverd
Loverdo	Loverdo
Loves	Loves
Lovet	Lovet
Lovies	Lovies
Loving	Loving, Lovyng
Lovis	Lovis, Lovys
Lovo	Lovo
Lowbek	Lowbek, Lowbeke
Lowdal	Lowdal, Lowdale
Lowdam	Lowdam
Lowdevico	Lowdevico
Lowed	Lowed
Lowel	Lowel, Lowell, Lowelle
Lowelei	Lowelei, Loweley
Lowen	Lowen
Lower	Lower
Lowerson	Lowerson
Loweson	Loweson, Lowesson
Lowgh	Lowgh, Lowghe
Lowich	Lowich, Lowiche
Lowico	Lowico
Lowie	Lowie, Lowye
Lowis	Lowis, Lowys
Lowkes	Lowkes
Lownd	Lownd, Lownde
Lownet	Lownet, Lownette
Lowpis	Lowpis, Lowpys
Lowrn	Lowrn
Lowth	Lowth, Lowthe
Lowzon	Lowzon, Lowzone
Lub	Lub, Lubb, Lubbe, Lube
Lubberd	Lubberd, Luberd
Lubean	Lubean, Lubian, Lubyan
Lubert	Lubert
Luberti	Luberti
Luberto	Luberto
Lubick	Lubick, Lubik, Lubike, Lubyck, Lubyk, Lubyke
Lubin	Lubin, Lubyn
Lublar	Lublar
Lubler	Lubler
Lubrandeson	Lubrandeson, Lubrandesson
Lubright	Lubright
Lubsaunt	Lubsaunt
Luca	Luca, Lucca, Luka
Lucam	Lucam
Lucan	Lucan, Luken, Lukene
Lucar	Lucar, Lucare
Lucarson	Lucarson
Lucas	Lucas
Lucason	Lucason
Lucat	Lucat
Lucean	Lucean
Lucebet	Lucebet, Lucebett
Lucee	Lucee, Luceie, Luceye, Luci, Lucie, Lucy, Lucye
Lucei	Lucei, Lucey
Lucekin	Lucekin, Lucekyn
Lucelet	Lucelet
Lucen	Lucen, Lucene
Lucena	Lucena
Lucenen	Lucenen
Lucera	Lucera, Lucerra
Lucia	Lucia
Lucianno	Lucianno, Luciano, Lucyano
Lucianus	Lucianus
Lucina	Lucina
Lucino	Lucino
Luciriaga	Luciriaga
Lucis	Lucis, Lucys
Luck	Luck, Lucke, Luk, Luke, Lukk
Luco	Luco, Luko
Lucor	Lucor
Lucot	Lucot
Lucr	Lucr, Lucre, Luker, Lukr, Lukre
Lucra	Lucra
Lucrian	Lucrian
Lucro	Lucro
Lucum	Lucum
Luddekyn	Luddekyn, Ludekin, Ludekyn
Ludderstarff	Ludderstarff, Luderstarf
Ludek	Ludek, Ludeke, Ludik, Ludyk
Ludekineson	Ludekineson, Ludekynesson
Luderin	Luderin, Luderyn, Ludorin, Ludoryn, Ludrin, Ludryn, Ludryne
Luders	Luders
Ludford	Ludford
Ludian	Ludian, Ludyan
Ludiwico	Ludiwico
Ludkin	Ludkin, Ludkyn
Ludkinson	Ludkinson, Ludkinsson, Ludkynson, Ludkynsson
Ludlow	Ludlow, Ludlowe
Ludman	Ludman
Ludolf	Ludolf, Ludolff
Ludolfeson	Ludolfeson, Ludolffesson
Ludolffson	Ludolffson, Ludolfson
Ludolson	Ludolson
Ludrigo	Ludrigo
Ludwik	Ludwik, Ludwyke
Ludwikeson	Ludwikeson, Ludwykesson
Luelen	Luelen, Luellen
Luen	Luen
Luester	Luester
Luf	Luf, Luff, Luffe
Lufard	Lufard
Luferiago	Luferiago
Luffkyn	Luffkyn, Lufkin
Luffo	Luffo, Lufo, Lupho
Lufort	Lufort
Lug	Lug, Lugg
Lughburgh	Lughburgh
Lught	Lught, Lut, Lute
Lugster	Lugster
Luiando	Luiando, Luyando
Luikes	Luikes, Luykes
Lukas	Lukas
Lukat	Lukat
Lukedolfson	Lukedolfson
Lukener	Lukener
Lukerk	Lukerk, Lukerke
Lukerman	Lukerman
Lukern	Lukern
Lukes	Lukes, Lukkes
Lukeson	Lukeson
Luket	Luket, Lukett
Luki	Luki, Luky
Lukin	Lukin, Lukyn
Lukins	Lukins, Lukyns
Lukis	Lukis, Lukys
Lukmer	Lukmer
Lukner	Lukner
Lukrei	Lukrei, Lukrey
Lulai	Lulai, Lullay
Luli	Luli, Lully, Luly
Lumb	Lumb, Lumbe
Lumbaker	Lumbaker
Lumbard	Lumbard, Lumbarde, Lumberd, Lumberde
Lumbardi	Lumbardi, Lumbardie, Lumbardy
Lumbardia	Lumbardia
Lumbardo	Lumbardo
Lumberdi	Lumberdi, Lumberdy
Lumelin	Lumelin, Lumelyn
Lumlin	Lumlin, Lumlyn
Lunen	Lunen
Lunes	Lunes
Luneson	Luneson, Lunesson
Lunez	Lunez
Lung	Lung
Luning	Luning, Lunyng
Lunis	Lunis, Lunys
Lunt	Lunt, Lunte
Lup	Lup, Lupe
Lupa	Lupa
Lupin	Lupin, Lupyn, Lupyne
Luping	Luping, Lupinge, Lupyng, Lupynge
Lupit	Lupit, Luppit
Lupo	Lupo
Luprai	Luprai, Lupray
Lupsal	Lupsal, Lupsall
Lupsat	Lupsat, Lupsate
Lupsato	Lupsato
Lupum	Lupum
Lurdan	Lurdan
Lurgis	Lurgis
Lurion	Lurion
Lurkeson	Lurkeson
Lusard	Lusard
Lusaun	Lusaun
Lusbon	Lusbon
Lusborn	Lusborn, Lushebourn, Lussborne
Luschebon	Luschebon
Luscusa	Luscusa
Lusdan	Lusdan
Lusera	Lusera, Luserra
Luserna	Luserna
Lushbon	Lushbon, Lusshbone
Lushebon	Lushebon, Lusshebon
Lusher	Lusher, Lussher
Lusiano	Lusiano
Lusin	Lusin, Lusyn, Lusyne
Lusondo	Lusondo
Lusoun	Lusoun
Lustmak	Lustmak, Lustmake
Lutar	Lutar, Lutare
Lutekin	Lutekin, Lutekyn
Lutes	Lutes
Lutken	Lutken
Lutkin	Lutkin, Lutkine, Lutkyn, Luttkine, Luttkyn
Lutkino	Lutkino
Lutkins	Lutkins, Lutkyns
Lutler	Lutler, Luttler
Luzard	Luzard
Luzton	Luzton
Lwc	Lwc, Lwce
Lwdovico	Lwdovico
Lwdowici	Lwdowici
Lwdowico	Lwdowico
Lwino	Lwino
Lws	Lws, Lwse
Ma	Ma, Mogh
Maarconovo	Maarconovo, Marconovo
Mabersen	Mabersen
Mabesin	Mabesin, Mabesine
Mabil	Mabil, Mabill
Mabison	Mabison, Mabyson
Mabuson	Mabuson
Mac	Mac, Mace, Mack, Macke
Macchinge	Macchinge, Macchyng, Maching, Machyng
Maceit	Maceit, Maceyte
Macer	Macer
Macero	Macero
Macerosa	Macerosa
Macewt	Macewt, Macewte
Machado	Machado
Macham	Macham
Machano	Machano
Machei	Machei, Machey, Match, Matche
Machen	Machen
Machiavel	Machiavel, Machiavell
Machin	Machin, Machyn
Machingo	Machingo, Machyngo
Machino	Machino
Machival	Machival, Machivalle
Macho	Macho
Machon	Machon
Machoun	Machoun
Macin	Macin, Macyn, Makin, Makine, Makyn, Makyne
Mackaris	Mackaris
Mackehil	Mackehil, Mackehille, Makhel, Makhele
Mackewhet	Mackewhet
Macko	Macko
Macok	Macok
Macstok	Macstok, Macstoke
Mad	Mad, Made
Madam	Madam, Madame
Madaria	Madaria
Madariaga	Madariaga
Madbrok	Madbrok, Madbroke
Madcariaga	Madcariaga
Maden	Maden, Maiden, Mayden
Madensa	Madensa, Madenssa
Mader	Mader
Madera	Madera
Madereaga	Madereaga
Maderiaga	Maderiaga
Maderigo	Maderigo
Maderin	Maderin, Maderyn
Madg	Madg, Madge
Madi	Madi, Mady
Madia	Madia, Madya
Madie	Madie, Madye
Madlein	Madlein, Madleyn
Madock	Madock
Madoun	Madoun
Madow	Madow, Madowe
Madr	Madr, Madre
Madrago	Madrago
Madrang	Madrang
Madreux	Madreux
Madriaga	Madriaga, Madryaga
Madriago	Madriago, Madryago
Madrik	Madrik
Madrin	Madrin, Madryne
Madros	Madros, Madrose
Madrusa	Madrusa, Madrussa
Maelin	Maelin, Melean, Melin, Melyne
Maester	Maester, Mester
Mafeo	Mafeo
Maffio	Maffio, Mafio
Mafie	Mafie
Mafrid	Mafrid, Mafride
Mag	Mag, Mage, Magh, Maghe
Magadoil	Magadoil, Magadoile
Magans	Magans
Magat	Magat
Magdalen	Magdalen, Magdalene
Magdalena	Magdalena
Magdalin	Magdalin, Magdalyn
Magdelin	Magdelin, Magdelyn
Magerman	Magerman
Maghel	Maghel, Maghell
Maghelin	Maghelin, Maghelyn
Maghterson	Maghterson
Magiag	Magiag, Magiage
Magier	Magier
Magister	Magister
Maglavit	Maglavit, Maglavite
Maglisa	Maglisa, Maglissa
Maglorius	Maglorius
Magn	Magn, Magne, Man, Mane, Mann, Manne
Magna	Magna
Magni	Magni
Magno	Magno
Magnos	Magnos
Magnus	Magnus
Mago	Mago
Magodor	Magodor
Magos	Magos, Magose
Magriaga	Magriaga
Magro	Magro
Maguls	Maguls, Magulse
Mahalt	Mahalt
Mahewt	Mahewt
Mahii	Mahii
Mai	Mai, May, Mei, Mey, Migh, Mighe
Maiac	Maiac, Mayac
Maiak	Maiak, Mayak, Mayake
Maiana	Maiana, Majana
Maic	Maic, Maice
Maici	Maici, Maicy
Maidalen	Maidalen, Maydalen
Maidebergh	Maidebergh, Maideborgh, Maydebergh, Maydeborgh
Maidelen	Maidelen, Maydelen
Maidenhed	Maidenhed, Maidenhede, Maydenhed, Maydenhede
Maideston	Maideston, Maidestone, Maidston, Maidstone, Maydeston, Maydestone, Maydstone
Maie	Maie, Maii, Maye
Maieierd	Maieierd, Mayeyerd
Maien	Maien, Mayen
Maieneierd	Maieneierd, Mayeneyerd
Maienerd	Maienerd, Maienird, Mayenerd, Mayenyrd
Maienierd	Maienierd, Mayenyerd
Maieot	Maieot, Mayeott
Maier	Maier, Mayer, Mayere
Maierd	Maierd, Mayerd
Maies	Maies, Mayes
Maiet	Maiet, Mayett
Maiew	Maiew, Mayewe, Mew, Mewe, Mu
Maiger	Maiger
Maihew	Maihew, Mayhew, Mayhewe
Maihw	Maihw, Mayhwe
Maikes	Maikes, Maykes
Maikin	Maikin, Maykyn
Mail	Mail, Maile, Mayle
Mailard	Mailard, Malerd, Mallerde, Maylard, Maylarde
Maileson	Maileson
Mailiard	Mailiard, Mailliard
Mailir	Mailir, Mailor, Maler, Mallere, Maylor, Meler, Meller
Mailmaker	Mailmaker, Maylmaker
Mailord	Mailord, Maylord
Maimond	Maimond, Maymond, Maymonde
Main	Main, Maine, Mayn, Mayne
Mainar	Mainar, Maynar
Mainard	Mainard, Mainarde, Mainerd, Manerd, Maynard, Maynarde, Maynerd, Maynerde, Maynnerd
Mainardeson	Mainardeson, Maynardesson
Mainardo	Mainardo, Maynardo
Mainardson	Mainardson, Mainerdson, Maynardson, Maynerdson
Maineflet	Maineflet, Mayneflete
Maineiard	Maineiard, Mayneyard
Maineierd	Maineierd, Maneierd, Maneyerd, Mayneyerd
Mainel	Mainel, Maynel, Maynell
Mainer	Mainer, Maner, Manner, Mannere, Mayner
Mainerdeson	Mainerdeson, Maynerdesson
Mainerdi	Mainerdi, Maynerdi
Mainershaghen	Mainershaghen, Maynershaghen
Maines	Maines, Maynes
Mainew	Mainew, Manew, Manewe, Maynew, Maynewe
Maining	Maining, Maynyng
Mainord	Mainord, Maynord
Maio	Maio, Mayo
Maior	Maior, Mayor, Mayore, Mear, Mearre, Meer, Meir, Meire, Meyr, Meyre, Miour, Mir, Mire, Myre
Maiot	Maiot, Mayot, Mayote, Mayott, Mayotte
Mair	Mair, Maire, Mayr, Mayre, Mer, Mere, Merre
Maireion	Maireion, Marian, Marion, Marione, Marryan, Marryon, Maryan, Maryon, Mayreyon
Mais	Mais, Maise, Mays
Maisenaw	Maisenaw, Maysennawe
Maiser	Maiser, Mayser
Maisier	Maisier, Maysier
Maison	Maison, Maisson, Mayson, Maysson
Maister	Maister, Mayster
Maisterdin	Maisterdin, Maysterdyn
Maistr	Maistr, Maistre, Meister
Maistres	Maistres, Maystres
Maithew	Maithew, Maythew
Maiwet	Maiwet, Maywet
Maizer	Maizer, Mayzer
Makarel	Makarel, Makarell
Makasado	Makasado
Makeler	Makeler
Makelin	Makelin, Makelyn
Makelini	Makelini
Makenham	Makenham
Makerel	Makerel, Makerell, Makerelle
Makerman	Makerman
Makesin	Makesin, Makesyn
Makesoie	Makesoie, Makesoye
Makestok	Makestok
Makharies	Makharies, Makharyes
Makiles	Makiles, Makylles
Maklen	Maklen
Mako	Mako
Makrel	Makrel, Makrell, Makrelle
Makstok	Makstok, Makstoke
Mal	Mal, Male, Mall, Malle
Mala	Mala
Malapart	Malapart
Malapero	Malapero
Malar	Malar, Malare, Mulr, Mulre
Malard	Malard
Malari	Malari, Malary
Malars	Malars, Malarse, Melors
Malberi	Malberi, Malbery
Malberie	Malberie
Malborn	Malborn, Malborne
Malbrain	Malbrain, Malbrayn
Maldegan	Maldegan
Maldegham	Maldegham
Malden	Malden
Malder	Malder
Maldingham	Maldingham, Maldyngham
Maldon	Maldon
Malebek	Malebek
Maleines	Maleines, Maleynes
Maleman	Maleman
Malemocho	Malemocho
Malen	Malen, Molon, Molone
Malenger	Malenger
Malepas	Malepas, Malpas, Malpase, Malpasse
Maleper	Maleper
Malepero	Malepero
Maleri	Maleri, Mallery
Malerie	Malerie, Mallerie, Mallerye
Males	Males, Malles
Maleshot	Maleshot, Maleshote
Malet	Malet, Malett, Mallet, Mallett
Maleumbr	Maleumbr, Maleumbre
Malewenda	Malewenda
Malfait	Malfait, Malfayt
Malfed	Malfed, Malfede
Malfei	Malfei, Malfey
Malfet	Malfet
Malghen	Malghen
Maliard	Maliard, Maliarde, Mallyard, Malyard
Maliardo	Maliardo
Malic	Malic, Malice, Malik, Mallik, Malyk
Malica	Malica
Malierd	Malierd
Malifaunt	Malifaunt
Malin	Malin, Malyn, Malyne
Maling	Maling, Malling, Mallyng, Mallynge
Malins	Malins, Mallyns, Malyns
Maliper	Maliper
Malipero	Malipero, Malypero
Malisio	Malisio
Malison	Malison
Malkit	Malkit, Malkyt
Mallore	Mallore, Malor, Malore
Mallorie	Mallorie, Mallorye, Malorie, Malorye
Mallory	Mallory, Malori, Malory
Mallow	Mallow, Malow, Malowe
Malmased	Malmased, Malmasede
Malmaseda	Malmaseda
Malmazeda	Malmazeda
Malmesei	Malmesei, Malmesey
Malmeseie	Malmeseie, Malmeseye
Malmeseii	Malmeseii
Malmeseis	Malmeseis, Malmeseys
Malmesi	Malmesi, Malmesie, Malmesy, Malmesye
Malmesies	Malmesies
Malnor	Malnor, Malnore
Malo	Malo, Mollo, Molo
Malombr	Malombr, Malombre
Malon	Malon, Malone
Maloni	Maloni
Maloo	Maloo
Malorei	Malorei, Malorey
Malos	Malos
Malot	Malot, Malotte
Malpent	Malpent, Malpente
Malreth	Malreth, Malrethe
Malsei	Malsei, Malsey
Malsi	Malsi, Malsy
Malsot	Malsot
Malt	Malt, Malte, Maltt, Maltte
Maltbi	Maltbi, Maltbie, Maltby, Maltbye
Maltebi	Maltebi, Malteby
Malter	Malter
Malvarie	Malvarie, Malvarye
Malvasera	Malvasera
Malvenda	Malvenda
Malvendo	Malvendo
Malveri	Malveri, Malvery
Malverin	Malverin, Malveryn
Malvern	Malvern, Malverne
Malves	Malves, Malvese
Malveseda	Malveseda
Malvesei	Malvesei, Malvesey, Malvessey
Malveseie	Malveseie, Malveseye, Malvesseye
Malveseis	Malveseis, Malveseys
Malvesi	Malvesi, Malvesie, Malvesy, Malvesye
Mam	Mam, Mame
Mamariko	Mamariko, Mamaryko
Mamerd	Mamerd
Mamesei	Mamesei, Mamesey
Mamilie	Mamilie, Mamillie
Manaird	Manaird, Manayrd
Manalas	Manalas
Manaleo	Manaleo
Mananton	Mananton
Manard	Manard, Manierd, Manyerd
Manari	Manari, Manary
Manaria	Manaria
Manaunt	Manaunt
Mancam	Mancam
Mancathan	Mancathan
Manchaca	Manchaca
Manchaco	Manchaco
Mancho	Mancho
Mancio	Mancio
Manco	Manco, Manko
Mandago	Mandago
Mandaro	Mandaro
Mandaw	Mandaw
Mandbrok	Mandbrok
Mandefeld	Mandefeld
Mandeio	Mandeio, Mandeyo
Mander	Mander
Mandera	Mandera
Manders	Manders
Mandevil	Mandevil, Mandevile
Mandfild	Mandfild, Mandfilde
Mandir	Mandir
Mandkek	Mandkek
Mandras	Mandras, Mandrase
Mandwil	Mandwil, Mandwyle
Manefrido	Manefrido
Manekin	Manekin, Manekyn
Manel	Manel, Manelle, Mannell
Manelei	Manelei, Maneley, Mannelley
Manelfich	Manelfich, Manelfiche
Manelio	Manelio
Manello	Manello, Manelo
Maneo	Maneo
Maneri	Maneri, Manery
Maneron	Maneron, Manerone
Maners	Maners
Manesfeld	Manesfeld, Mannesfelde
Manewel	Manewel, Mannewelle
Manfeld	Manfeld, Manfelde, Manffellde
Manffyld	Manffyld, Manfild
Manfredo	Manfredo
Manfrido	Manfrido
Mangado	Mangado
Mangados	Mangados
Mangal	Mangal, Mangalle
Manger	Manger
Mangfeld	Mangfeld
Mangil	Mangil, Mangile, Mangille
Mangthethaven	Mangthethaven
Manham	Manham
Manian	Manian, Manyan
Maniel	Maniel, Maniell
Manier	Manier, Mannier
Manifold	Manifold, Manyfold
Manig	Manig, Manige
Maniken	Maniken
Manikin	Manikin, Manykyne
Manin	Manin, Manyn
Maning	Maning, Mannyng, Manyng
Manio	Manio, Manyo
Manis	Manis, Manys
Manitr	Manitr, Manytre
Mankan	Mankan
Mankiswel	Mankiswel, Mankyswell
Manl	Manl, Manle
Manlo	Manlo
Mannose	Mannose, Manos, Manose
Mano	Mano
Manol	Manol, Manole, Manolle
Manola	Manola
Manoleo	Manoleo
Manoli	Manoli, Manoly
Manolii	Manolii
Manolio	Manolio
Manolo	Manolo
Manonia	Manonia
Manori	Manori, Manory
Manot	Manot, Manote
Mansa	Mansa
Mansei	Mansei, Mansey
Manseld	Manseld
Manseno	Manseno
Manser	Manser
Mansfeld	Mansfeld, Mansfelde
Manskin	Manskin, Manskyn
Manson	Manson, Mansson
Mansut	Mansut, Mansute
Mant	Mant, Mante
Mantaw	Mantaw, Manttaw
Mantea	Mantea
Mantel	Mantel, Mantell, Mantelle
Manten	Manten
Mantes	Mantes
Manthorp	Manthorp, Manthorpp
Manuel	Manuel, Manuele, Manuell, Manuelle
Manuelis	Manuelis, Manuellis
Manuello	Manuello, Manuelo
Manwel	Manwel, Manwelle
Manzen	Manzen
Map	Map, Mapp
Mapertuc	Mapertuc, Mapertuce
Mapertus	Mapertus, Mapertuse
Mapes	Mapes
Maps	Maps
Mar	Mar, Mare, Marr, Marre
Mar1530	Mar1530
Mara	Mara
Maragon	Maragon, Maragone
Maral	Maral, Marralle, Meral, Meril, Merill, Merralle
Maran	Maran, Marane
Maranda	Maranda, Miranda, Myranda
Marando	Marando
Marano	Marano
Maranus	Maranus
Maraof	Maraof, Marraof
Marasana	Marasana
Maratzei	Maratzei, Maratzey
Marbena	Marbena
Marberi	Marberi, Marbery
Marbur	Marbur, Marbure
Marburi	Marburi, Marburie, Marbury, Marburye
Marc	Marc, Marce, Mark, Marke
Marcab	Marcab, Marcabe
Marcabie	Marcabie
Marcadel	Marcadel, Marcadell, Markadel, Markadell
Marcadie	Marcadie, Marcadye
Marcado	Marcado
Marcanovo	Marcanovo
Marcant	Marcant, Marcante
Marcat	Marcat, Marcate
Marcaunt	Marcaunt, Markaunt
Marcel	Marcel, Marcell, Marcelle
Marceli	Marceli, Marcelli
Marcelio	Marcelio, Marcellio
Marcelis	Marcelis, Marcellis, Marcellys
Marcello	Marcello, Marcelo
Marcellum	Marcellum, Marcelum
Marcellus	Marcellus, Marcelus
Marcels	Marcels
Marcelson	Marcelson
March	March, Marche
Marchal	Marchal, Marchale, Marchall, Marchalle, Marchel, Marchell
Marcham	Marcham
Marchand	Marchand
Marchant	Marchant, Marchante
Marchaund	Marchaund, Marchaunde
Marchaunt	Marchaunt, Marchaunte, Marchauntt
Marcheford	Marcheford, Marcheforde
Marcheson	Marcheson, Markeson
Marchford	Marchford, Marchforde
Marchial	Marchial, Marchiall
Marchii	Marchii
Marchio	Marchio, Markio
Marcho	Marcho
Marchson	Marchson
Marci	Marci, Marcii, Marcy, Marsi, Marsie, Marssye, Marsy, Marsye
Marciel	Marciel, Marciell, Marcyell
Marco	Marco, Marko
Marcof	Marcof, Marcoff
Marcopelo	Marcopelo
Marcopil	Marcopil, Marcopile
Marcopilo	Marcopilo
Marcopl	Marcopl, Marcople, Marcopple
Marcopolo	Marcopolo
Marcum	Marcum
Marcus	Marcus, Markus
Mardal	Mardal, Mardale
Mardaran	Mardaran
Marecok	Marecok
Maregon	Maregon
Marei	Marei, Marrey
Mareis	Mareis, Mareys
Maren	Maren, Marren
Marener	Marener
Mares	Mares, Marres
Maret	Maret, Marette, Marret
Marflet	Marflet, Marflete
Margan	Margan
Margar	Margar
Margaree	Margaree
Margaret	Margaret, Margarete, Margarett
Margareta	Margareta
Margareti	Margareti, Margarety
Margaria	Margaria
Margat	Margat, Margate
Margeot	Margeot
Margeret	Margeret
Margereta	Margereta
Margeria	Margeria
Margerie	Margerie, Margerye
Margerin	Margerin, Margeryn
Marget	Marget, Margett
Margh	Margh, Marghe
Margit	Margit, Margyt
Margot	Margot, Margott
Margret	Margret, Margrete, Margrett
Marhad	Marhad, Marhade
Marhew	Marhew
Marhewgh	Marhewgh
Marholis	Marholis, Marhollis
Marhow	Marhow
Mari	Mari, Marry, Mary
Maria	Maria, Marya
Mariago	Mariago
Mariani	Mariani
Mariano	Mariano
Marianson	Marianson
Maribot	Maribot, Maribote
Maricot	Maricot
Maridelie	Maridelie, Maridelye
Marie	Marie, Marye, Moree
Marieknigh	Marieknigh, Marieknygh
Marieknight	Marieknight, Marieknyght, Maryeknyght
Marier	Marier, Maryer
Marieta	Marieta
Marif	Marif, Maryff
Mariis	Mariis
Marik	Marik, Maryk
Marikneght	Marikneght, Mariknit, Mariknyt, Marykneght, Maryknyt
Marikneight	Marikneight, Marykneight, Marykneyght
Marikneth	Marikneth, Marykneth
Mariknigh	Mariknigh, Mariknygh, Maryknigh
Mariknight	Mariknight, Mariknyght, Maryknyght
Marin	Marin, Marine, Maryn, Maryne
Marina	Marina
Mariner	Mariner, Maryner
Marinero	Marinero
Marines	Marines, Marins, Marynes, Maryns
Marinet	Marinet, Marynet
Maring	Maring, Maryng, Mering, Merring, Meryng
Maringo	Maringo
Marini	Marini, Maryni
Marinis	Marinis, Marynis
Marinno	Marinno, Marino, Maryno
Marinson	Marinson, Marynson
Marinus	Marinus, Marynus
Mario	Mario
Mariona	Mariona
Marioni	Marioni
Mariot	Mariot, Mariott, Maryot, Maryott, Meriot, Meriott
Maris	Maris, Marise, Marys, Merish, Merisshe
Marisaier	Marisaier, Marysaier
Marisal	Marisal, Marrisalle
Mariscal	Mariscal, Mariscall
Marisino	Marisino
Marison	Marison
Maristan	Maristan
Marit	Marit, Marytt
Marizino	Marizino
Markana	Markana
Markasan	Markasan, Markesan, Markesane
Markasin	Markasin, Markasyne
Markat	Markat, Markate, Markatte, Market, Markett, Markette
Markattz	Markattz, Markatz
Markedel	Markedel, Markedell
Markel	Markel, Markele
Markeland	Markeland
Markena	Markena
Markenbek	Markenbek
Markes	Markes, Marques
Markewich	Markewich
Markin	Markin, Markyn
Markina	Markina, Markyna
Markinbek	Markinbek
Markis	Markis, Markys
Markisan	Markisan, Markysane
Markneght	Markneght
Marknei	Marknei, Markney
Markonovo	Markonovo
Markos	Markos
Markwark	Markwark
Markwart	Markwart
Marland	Marland
Marlar	Marlar, Marlare, Marler, Marlor, Marlour
Marledon	Marledon
Marlei	Marlei, Marley
Marlie	Marlie
Marlin	Marlin, Marlyn
Marlion	Marlion
Marlond	Marlond
Marlound	Marlound, Marlounde
Marlow	Marlow, Marlowe
Marmaduco	Marmaduco
Marmarigo	Marmarigo
Marmes	Marmes
Marmin	Marmin, Marmyn
Marnes	Marnes
Marock	Marock, Marrocke, Meroch, Meroche
Marof	Marof, Marrof, Marroff
Marog	Marog, Maroge
Marok	Marok, Maroke, Marrok
Maron	Maron, Marone
Maroni	Maroni, Marony
Maroos	Maroos, Maroose
Maror	Maror
Maros	Maros, Marose, Marosse, Marows, Marros, Marrows
Marosin	Marosin
Marotik	Marotik, Marrotyk
Marotsie	Marotsie, Marotsye
Marotz	Marotz, Marotze
Marouf	Marouf, Marouff
Marous	Marous, Marouse
Marovas	Marovas
Marow	Marow, Marowe, Mawro
Marowegh	Marowegh
Marowel	Marowel, Marowell
Marpenc	Marpenc, Marpence
Marruff	Marruff, Maruf, Marufe, Maruff
Mars	Mars, Marse, Marsse
Marsan	Marsan, Marsane, Marsen, Marsene, Marson
Marsch	Marsch, Marsche, Marsh, Marshe, Marsshe
Marschal	Marschal, Marschall, Marschalle, Marsel, Marsell, Marshal, Marshall, Marshalle, Marshel, Marshelle, Marsshall
Marseil	Marseil, Marseylle
Marsein	Marsein, Marseyn
Marsello	Marsello, Marselo
Marser	Marser, Marsser
Marsham	Marsham
Marshant	Marshant, Marshante
Marsiel	Marsiel, Marssielle
Marsingham	Marsingham, Marsyngham
Marsk	Marsk
Marskal	Marskal, Marskall
Marslet	Marslet, Marslett
Marssuello	Marssuello, Marsuello, Marsuelo
Marstal	Marstal, Marstall
Marston	Marston, Marstone
Marswel	Marswel, Marswelle
Marswello	Marswello, Marswelo
Mart	Mart, Marte
Martain	Martain, Martayn
Martal	Martal, Martale
Martedo	Martedo
Martein	Martein, Marteyn, Marteyne
Martel	Martel, Martell, Martelle
Martello	Martello, Martelo
Marten	Marten, Martene, Martin, Martine, Marton, Marttyn, Martyn, Martyne
Martenbek	Martenbek
Martens	Martens
Martenson	Martenson, Martinson, Martinsson, Martynson, Martynsson
Marteot	Marteot, Marteott
Marter	Marter
Martes	Martes
Marteson	Marteson, Martesson, Martison, Martyson
Martet	Martet, Martett
Martha	Martha
Martheo	Martheo
Marthini	Marthini
Marthins	Marthins, Marthyns
Marthson	Marthson
Marti	Marti, Martie, Martii, Marty
Martiago	Martiago
Martic	Martic, Martice, Martich, Martyche
Marticot	Marticot, Marticote, Marticott, Martycot, Martycote
Martinbek	Martinbek
Martines	Martines, Martins, Martynes, Martyns
Martineson	Martineson, Martynnesson
Martinet	Martinet, Martynet
Martini	Martini, Martyni
Martinis	Martinis, Martynis, Martynys
Martinkneght	Martinkneght
Martinknight	Martinknight, Martinknyght, Martynknyght
Martino	Martino, Martyno
Martinskneight	Martinskneight, Martynskneyght
Martinum	Martinum
Martinus	Martinus, Martynus
Martinvil	Martinvil, Martynvyle
Martis	Martis
Martras	Martras
Martson	Martson
Marvel	Marvel, Marvelle
Marvin	Marvin, Marvyn
Marvino	Marvino
Marw	Marw, Marwe
Mas	Mas, Mase, Masse
Masa	Masa, Masia, Massa
Masako	Masako
Masal	Masal, Massalle
Masam	Masam, Masham, Massam, Massham
Masan	Masan, Massane
Masar	Masar, Masare
Masarach	Masarach, Masarache, Massarach, Massarache
Masaracheo	Masaracheo
Masarachio	Masarachio
Masarago	Masarago
Masari	Masari, Masary
Masarosa	Masarosa, Massarosa
Masaunt	Masaunt, Massaunte
Mascal	Mascal, Mascall, Mascalle, Maskal, Maskall
Maschot	Maschot
Masci	Masci, Mascy, Masie, Massie, Massye
Masculo	Masculo
Masea	Masea
Maseal	Maseal, Maseall, Masseall
Masei	Masei, Massey
Maseik	Maseik, Maseyk
Masek	Masek, Maseke
Masel	Masel, Masell, Massell, Masselle, Mushel, Mushele, Musshell
Maselin	Maselin, Maselyn, Masselyn
Maser	Maser, Masere, Masser, Mazer
Maserach	Maserach, Masserach, Masserache
Maserachio	Maserachio
Maseras	Maseras
Maserbi	Maserbi, Maserby
Maserel	Maserel, Maserell
Maseresa	Maseresa, Masseresa
Maserfeld	Maserfeld
Maseri	Maseri, Masery
Maserosa	Maserosa
Maset	Maset, Masset, Massett, Massette
Masevi	Masevi, Masevy
Mash	Mash, Mashe, Masshe
Mashot	Mashot, Masshote
Masi	Masi, Massi, Massy
Masick	Masick, Masik, Masycke, Masyk, Masyke
Masidonio	Masidonio, Massydonyo
Masiel	Masiel, Masiell, Massielle
Masier	Masier, Massier, Masyer
Masieri	Masieri, Masiery
Masin	Masin, Masyn
Masinberd	Masinberd, Massynberd
Masingberd	Masingberd, Massingberd, Massingberde, Massyngberd
Masingham	Masingham, Massingham, Massyngham
Masinham	Masinham, Massynham
Masio	Masio
Masion	Masion, Masyon
Maskendorp	Maskendorp, Maskendorpe
Masket	Masket, Maskett
Maso	Maso, Masso
Masom	Masom, Massome
Mason	Mason, Masson
Masorach	Masorach, Massorache
Masot	Masot, Massott
Masoun	Masoun, Masoune
Masrian	Masrian
Massue	Massue, Masue
Massuelo	Massuelo, Masuelo
Mast	Mast, Maste
Master	Master, Mastur
Masterson	Masterson
Mastler	Mastler
Mastmaker	Mastmaker
Maston	Maston
Masuri	Masuri, Masury
Masurian	Masurian
Maswick	Maswick, Maswicke
Mat	Mat, Mate, Matt
Matadel	Matadel, Matadell
Matalin	Matalin, Mattalyn
Matanei	Matanei, Mataney
Matei	Matei, Matey
Mateison	Mateison, Mateyson
Matelein	Matelein, Matteleyn
Matelen	Matelen, Mattelen
Mateliano	Mateliano
Matelin	Matelin, Matelyn, Mattelyn
Matelo	Matelo
Matelow	Matelow, Mattelow
Matenei	Matenei, Mateney
Mateni	Mateni, Mateny
Mateo	Mateo
Mater	Mater
Materan	Materan
Materin	Materin, Materyn
Maternews	Maternews
Mates	Mates, Mattes
Mateson	Mateson, Matteson, Mattesson
Math	Math, Mathe
Mathea	Mathea
Mathee	Mathee, Mathi, Mathie
Mathei	Mathei, Mathey, Matthei
Matheii	Matheii
Matheo	Matheo, Mattheo
Matheoson	Matheoson
Mathes	Mathes, Mathis, Mathys
Matheson	Matheson, Mattheson, Matthesson
Mathet	Mathet, Mathete
Matheus	Matheus
Matheuson	Matheuson
Mathew	Mathew, Mathewe, Mathiew, Matthew
Mathewison	Mathewison, Mathewysson, Mathison, Mathisson, Mathyson
Mathews	Mathews
Mathewson	Mathewson, Mathewsson, Matthewson
Mathia	Mathia
Mathias	Mathias
Mathin	Mathin, Mathyn
Mathio	Mathio
Matholo	Matholo
Mathu	Mathu
Mathunson	Mathunson, Mathunsson
Mathuson	Mathuson
Matic	Matic, Matice, Matyce
Maticon	Maticon
Matilda	Matilda
Matilian	Matilian
Matin	Matin, Mattyn, Matyn
Matingham	Matingham, Mattingham
Matinson	Matinson, Mattynson
Matio	Matio, Mattio
Matis	Matis, Matise, Matisse, Mattis, Mattise, Mattys, Mattyse, Matys, Matyse, Matyss, Matysse
Matisen	Matisen, Mattysen
Matiso	Matiso
Matison	Matison, Matisson, Mattison, Mattisson, Mattyson, Mattysson, Matyson, Matysson
Matlin	Matlin, Matlyn
Matlow	Matlow, Matlowe
Mato	Mato
Matock	Matock, Matocke, Mattocke
Matok	Matok, Mattok, Mattoke
Matras	Matras, Matrasse
Matrego	Matrego
Matrik	Matrik, Matryk
Matro	Matro
Matroano	Matroano
Matrot	Matrot, Matrote
Matselir	Matselir, Mattsellir
Matson	Matson, Mattson, Motson
Matston	Matston
Matulian	Matulian
Matulino	Matulino
Maturinio	Maturinio
Maturino	Maturino
Matwik	Matwik
Maucam	Maucam
Maudelein	Maudelein, Maudeleyn, Mawdelein, Mawdeleyn
Maudelen	Maudelen, Maudelene, Mawdelen, Mawdelene
Maudelin	Maudelin, Maudelyn, Mawdelin, Mawdelyn
Maudlein	Maudlein, Maudleyn
Maudlin	Maudlin
Maugh	Maugh, Maughe, Mauw, Mauwe, Maw, Mawe, Mawh, Mawhe
Maughton	Maughton, Moughton
Mauld	Mauld, Maulde
Maulden	Maulden
Maulson	Maulson
Maun	Maun, Maune, Mawn
Maunch	Maunch, Maunche
Maund	Maund, Maunde
Maundel	Maundel, Maundele
Maundevil	Maundevil, Maundevyle
Maundfild	Maundfild, Maundfilde, Maundfyld
Mauneli	Mauneli, Maunelly
Maunfeld	Maunfeld
Maunin	Maunin, Maunyn
Maunold	Maunold
Maunond	Maunond
Maunsel	Maunsel, Maunsell, Mawnsel, Mawnsell
Maunselot	Maunselot
Maunshaw	Maunshaw, Maunshawe
Maunso	Maunso
Maunt	Maunt, Maunte, Mauntt
Maunth	Maunth, Maunthe
Maur	Maur, Maure, Mawer, Mawr, Mawre, Moar, Moare, Mor, More, Morewei, Morewey, Morre, Mour, Moure, Mowr, Mowre
Mauracen	Mauracen
Mauren	Mauren, Moren
Maures	Maures, Mors, Morse, Mours
Mauricii	Mauricii
Mauricio	Mauricio
Maurico	Maurico, Morico
Mauris	Mauris, Maurys, Mawris, Mawrys, Mawryse, Moris, Morise, Morish, Morishe, Morris, Morrys, Morys, Moryse, Morysh, Morysse
Mauro	Mauro, Moro
Mauvareis	Mauvareis, Mauvareys
Mavel	Mavel, Mavelle
Mavenda	Mavenda
Maverei	Maverei, Maverey
Maverins	Maverins, Maveryns
Maves	Maves
Mavetson	Mavetson
Mawai	Mawai, Maway
Mawdlei	Mawdlei, Mawdley
Mawdlein	Mawdlein, Mawdleyn
Mawepertes	Mawepertes
Mawhewet	Mawhewet, Mawhewett
Mawner	Mawner
Mawportus	Mawportus
Maws	Maws, Mawse
Mawson	Mawson
Maxencio	Maxencio
Maximiano	Maximiano
Maximiliano	Maximiliano
Mazarachio	Mazarachio
Mazareco	Mazareco
Mazeracheo	Mazeracheo
Mazerachio	Mazerachio
Mazers	Mazers
Mazi	Mazi
Mazier	Mazier
Me	Me, Mi, My
Meac	Meac, Meace, Meek, Meeke, Meik
Meadman	Meadman
Mean	Mean, Meane, Mein, Meyne, Min, Myn, Myne, Mynne
Meani	Meani, Meany, Menie, Menye
Meano	Meano
Meav	Meav, Meave
Meawtes	Meawtes, Metes, Mettes
Mecena	Mecena
Mech	Mech, Meche, Mek, Meke
Mecheak	Mecheak
Mechel	Mechel, Mechell
Mechelborn	Mechelborn, Mechelborne
Mechinghous	Mechinghous, Mechynghous
Mechinghows	Mechinghows, Mechynghows
Meclinghous	Meclinghous, Meclynghous
Meclinghows	Meclinghows, Meclynghows
Meclinhous	Meclinhous, Meclynhous
Med	Med, Mede
Meda	Meda
Medcailf	Medcailf
Medcalf	Medcalf, Medcalfe
Medcaulf	Medcaulf, Medcaulfe
Meddeley	Meddeley, Medelei, Medeley
Meddelmore	Meddelmore, Medelmor, Medelmore
Meddelton	Meddelton, Medelton
Meddeltun	Meddeltun, Medeltun, Medillton, Medilton, Medylton
Meddle	Meddle, Medl
Meddley	Meddley, Medlei, Medley
Meddleye	Meddleye, Medleie
Medeman	Medeman
Meden	Meden
Medena	Medena
Medenhed	Medenhed
Medesham	Medesham
Medew	Medew, Medewe, Medewei, Medewey
Medewal	Medewal, Medewalle
Medianis	Medianis
Mediano	Mediano, Medyano
Medico	Medico, Medyco
Medicroft	Medicroft, Medicrofte
Medie	Medie, Medye
Medilb	Medilb, Medylb
Medilburgh	Medilburgh, Medylburgh
Medilmor	Medilmor, Medilmore, Medylmore
Medin	Medin, Medyn
Medinhed	Medinhed, Medynhed
Medinwel	Medinwel, Medynwelle
Mediolanensi	Mediolanensi
Mediolanensibus	Mediolanensibus
Mediolanensis	Mediolanensis
Mediolano	Mediolano
Medlan	Medlan, Medlane
Medlemor	Medlemor, Medlemore
Medleton	Medleton
Medow	Medow, Medowe
Medriaga	Medriaga
Medso	Medso
Medton	Medton, Medtone
Medua	Medua
Medula	Medula, Medulla
Medw	Medw, Medwe
Medwal	Medwal, Medwalle
Medwei	Medwei, Medwey
Meg	Meg, Megge
Meger	Meger, Megere, Megr, Megre
Meges	Meges, Megges
Meghel	Meghel, Meghell
Meghen	Meghen
Meghes	Meghes
Megod	Megod, Megode
Megs	Megs
Mehel	Mehel, Mehell
Meibrough	Meibrough
Meidebergh	Meidebergh, Meydebergh
Meienard	Meienard, Menard, Meyenard, Minard, Mynard
Meier	Meier, Meyer, Mier, Myer
Meighbrough	Meighbrough
Meighen	Meighen, Meyghen
Meighito	Meighito
Meikin	Meikin, Meikyn, Meykyn
Meilk	Meilk, Meylke
Meineger	Meineger, Meyneger
Meinerd	Meinerd, Meynerd
Meinfrot	Meinfrot, Meynfrote
Meinil	Meinil, Meynyll, Minel, Mynell, Mynelle, Mynnelle
Meinkin	Meinkin, Meynkyn
Meins	Meins, Meyns, Minns, Mins, Myns, Mynse
Meisinger	Meisinger, Meysinger
Meison	Meison, Meisson, Mison
Mekelburgh	Mekelburgh
Mekelin	Mekelin, Mekelyn
Meken	Meken, Mekene
Mekin	Mekin, Mekyn
Meking	Meking, Mekkingg
Mel	Mel
Mela	Mela
Meladin	Meladin, Meladyn
Meladio	Meladio
Melado	Melado
Melam	Melam, Mellam, Melom, Melum
Melan	Melan, Melane, Mellan, Mellon, Melon, Melone
Melar	Melar, Mellar
Melash	Melash, Melasshe
Melbard	Melbard
Melbart	Melbart
Melbourn	Melbourn, Melbourne, Melburn, Melburne
Melchan	Melchan
Melcher	Melcher, Melchere, Melchor, Melchore
Melchi	Melchi
Melchio	Melchio
Melchior	Melchior
Melchiour	Melchiour, Melichior
Melcori	Melcori, Melcory
Melder	Melder
Meldnal	Meldnal, Meldnall, Meldnalle
Melebia	Melebia, Melebya
Meledio	Meledio, Melidio
Melein	Melein, Melleyn
Meleman	Meleman, Melman
Melen	Melen, Mellen
Melenes	Melenes, Mellenes
Melereth	Melereth, Mellereth
Meles	Meles, Melles
Melet	Melet, Melete, Melette, Melut
Melevia	Melevia
Melewa	Melewa
Melhal	Melhal, Melhale, Melhalle
Melhowsen	Melhowsen, Melhowson, Mellhowson
Melian	Melian, Melyan
Meling	Meling, Mellyng
Melinghous	Melinghous
Melington	Melington, Mellyngton
Melins	Melins
Melion	Melion, Melyon
Melis	Melis, Melish, Melishe, Mellishe, Mellys, Melys, Melysh
Melison	Melison, Mellysson
Melkesop	Melkesop, Melkesope
Mellonis	Mellonis, Melonis
Mellowa	Mellowa, Melowa
Melmerbi	Melmerbi, Melmerby
Meloda	Meloda
Melodio	Melodio
Melodis	Melodis, Melodise, Melodish
Melodiso	Melodiso
Melodius	Melodius
Melodo	Melodo
Melona	Melona
Melonezo	Melonezo
Melonia	Melonia, Melonya
Meloz	Meloz, Meloze
Melred	Melred
Melreth	Melreth, Melrethe
Melsham	Melsham
Melstano	Melstano
Meltin	Meltin
Melton	Melton
Melven	Melven
Melveque	Melveque
Melvern	Melvern
Memo	Memo
Memsan	Memsan, Memsane
Men	Men
Mena	Mena, Mina, Myna
Menac	Menac
Menald	Menald, Menalde
Menalton	Menalton
Menawd	Menawd
Menchaca	Menchaca, Menchaka
Menchaga	Menchaga
Menchaio	Menchaio
Menchaw	Menchaw
Mendai	Mendai, Menday
Mendara	Mendara
Mendaro	Mendaro
Mendea	Mendea
Menden	Menden
Mendes	Mendes
Mendeta	Mendeta
Mendham	Mendham
Mendieta	Mendieta
Mendin	Mendin, Mendine, Mendyne
Mending	Mending, Mendyng
Mendis	Mendis, Mendus, Mendys
Mendiz	Mendiz
Mendos	Mendos, Mendose
Mendosa	Mendosa
Meneaka	Meneaka
Meneger	Meneger
Menegior	Menegior, Menegyor
Menegod	Menegod, Menegode
Meneo	Meneo
Menerd	Menerd, Menerde
Menershaghen	Menershaghen
Menet	Menet, Menett, Menette, Mennet, Mennett
Menetelo	Menetelo
Menews	Menews
Meng	Meng, Menge
Mengeak	Mengeak, Mengeake
Mengel	Mengel, Mengelle, Mengil, Mengille, Mengylle
Menger	Menger
Mengoat	Mengoat
Meni	Meni, Meny
Menigo	Menigo
Menik	Menik, Menyk
Menin	Menin, Menyn
Meniohan	Meniohan, Menjohan
Menit	Menit, Menyt, Menytt
Menotel	Menotel, Menotele
Menrik	Menrik, Menryk
Mens	Mens, Mense
Mensa	Mensa
Mensel	Mensel, Mensell
Mensk	Mensk
Menso	Menso
Mentil	Mentil
Menton	Menton
Mentono	Mentono
Mentown	Mentown, Mentowne
Meos	Meos
Mera	Mera
Merack	Merack, Meracke
Meram	Meram, Moram
Meran	Meran
Meranda	Meranda
Merando	Merando
Merant	Merant
Merbitri	Merbitri, Merbitry
Merburi	Merburi, Merbury
Merc	Merc, Merce, Merch, Merche, Merk, Merke
Mercanovo	Mercanovo
Mercel	Mercel, Mercell, Mersal, Mershal, Mershall, Mershalle, Merssalle, Mersshalle
Merceles	Merceles, Mercelles
Mercer	Mercer, Mercere
Merchal	Merchal, Merchalle
Merchant	Merchant, Merchante
Merchaunt	Merchaunt, Merchauntte
Mercheman	Mercheman
Merchford	Merchford
Mercii	Mercii, Mersi, Mersie, Mersy
Mercopl	Mercopl, Mercopple
Merdeson	Merdeson, Merdesson
Mereck	Mereck, Merecke
Meredath	Meredath
Meredeth	Meredeth, Meredethe, Meredith, Meredithe, Meredyth, Meredythe, Merideth, Meridethe, Meridith, Meridyth, Merydyth, Merydythe
Meredi	Meredi
Mereka	Mereka
Merel	Merel, Merell, Merelle, Merrell, Murel, Murelle
Merenda	Merenda
Merenshed	Merenshed
Meret	Meret, Merett
Merew	Merew
Merffyn	Merffyn, Merfin
Merflet	Merflet, Merflett
Mergaret	Mergaret, Mergarete, Mergeret, Mergret, Mergrete
Mergareta	Mergareta
Mergat	Mergat, Mergate
Meri	Meri, Merry, Mery
Meriat	Meriat, Meriatt
Merick	Merick, Mericke, Merik, Merike, Meryck, Merycke, Meryk, Meryke
Mericroft	Mericroft, Merycroft
Meridal	Meridal, Meridall
Merie	Merie, Merrye, Merye
Merifal	Merifal, Meryfall
Merinshed	Merinshed, Merynshed
Merished	Merished, Merisshed
Merisin	Merisin, Meryssin
Meriskal	Meriskal, Meriskall
Merit	Merit
Merival	Merival, Merivale, Meryvale, Meryvall
Merkena	Merkena
Merkenbek	Merkenbek
Merker	Merker
Merkerna	Merkerna
Merkes	Merkes
Merkin	Merkin, Merkyn
Merkinbek	Merkinbek, Merkynbeke
Merkins	Merkins, Merkyns
Merl	Merl, Merle, Merlle
Merland	Merland, Merlande
Merlar	Merlar, Merlare, Merler, Merlor, Merlour
Merlaw	Merlaw, Merlawe
Merlin	Merlin, Merlyn
Merling	Merling
Merlion	Merlion, Merlyon
Merlod	Merlod
Merlond	Merlond, Merlonde
Merlow	Merlow, Merlowe
Mero	Mero, Merow, Merrowe
Mers	Mers, Merse, Mersse
Mersadonia	Mersadonia, Mersadonya
Mersch	Mersch, Mersche, Mersh, Mershe, Merssh, Mersshe
Mersham	Mersham
Mershed	Mershed, Mersshed
Mersk	Mersk
Merskal	Merskal, Merskall
Merskat	Merskat, Merskatt
Merson	Merson
Merster	Merster
Merswel	Merswel, Merswell
Merswello	Merswello, Merswelo
Mertel	Mertel, Mertelle
Merten	Merten, Merton
Mertenbek	Mertenbek
Mertens	Mertens
Mertenson	Mertenson, Mertinson, Mertynson
Merth	Merth, Merthe, Mirth, Mirthe, Myrth, Myrthe
Mertin	Mertin, Mertyn
Mertini	Mertini
Mertino	Mertino
Mertinus	Mertinus
Mertson	Mertson
Merula	Merula
Merveil	Merveil, Merveille, Merveylle
Mervel	Mervel, Mervell, Mervelle
Merven	Merven
Mervin	Mervin, Mervyn
Merw	Merw, Merwe
Merweil	Merweil, Merweylle
Mes	Mes, Mese, Messe
Mesa	Mesa
Mesag	Mesag, Mesage
Mesaga	Mesaga, Messaga
Mesai	Mesai, Messay, Meus, Meuse, Meusse, Mus, Muse
Mesan	Mesan, Mesane
Mesana	Mesana, Messana
Mesanaw	Mesanaw, Mesanawe, Mesenaw, Messenawe
Mesanger	Mesanger, Messanger
Mesarach	Mesarach, Messarache
Mesarag	Mesarag, Messarage
Mesega	Mesega, Messega
Meselin	Meselin, Messelyn
Mesem	Mesem, Messem
Mesen	Mesen, Messen
Mesena	Mesena, Messena
Mesendal	Mesendal, Mesendall
Mesenensis	Mesenensis, Messenensis
Mesenger	Mesenger, Messenger
Meseo	Meseo
Mesheron	Mesheron
Mesiel	Mesiel, Mesyell
Mesin	Mesin, Messyn, Messyne, Mesyn
Mesina	Mesina, Messyna
Mesinaw	Mesinaw, Mesinawe
Mesingal	Mesingal, Mesyngall
Mesinger	Mesinger, Messinger, Messynger
Mesketa	Mesketa
Meso	Meso
Meson	Meson
Mesonaw	Mesonaw, Mesonawe
Mesot	Mesot, Mesott
Mestron	Mestron
Met	Met, Mete, Mett, Mette
Metbourn	Metbourn, Mettbourne
Metcalf	Metcalf, Metcalfe
Meteberd	Meteberd, Metteberd
Metelar	Metelar, Metellar
Metelin	Metelin, Metelyn
Metenet	Metenet, Metenett
Methen	Methen, Methin, Methyn
Metheo	Metheo
Methewold	Methewold
Methewson	Methewson
Methwold	Methwold, Methwolde
Metimes	Metimes, Metymes
Metingberd	Metingberd, Mettyngberd
Metlin	Metlin, Metlyn
Meton	Meton, Metton, Miton, Mitton, Mytton
Metoson	Metoson
Metr	Metr, Metre
Metrik	Metrik, Metryk
Metro	Metro
Metron	Metron
Metsa	Metsa
Metsaga	Metsaga
Meuger	Meuger
Meusem	Meusem
Meusen	Meusen, Meuson, Meusson, Mewson, Mewsson
Meux	Meux
Meuxson	Meuxson, Meuxsone, Meuxsson
Mewer	Mewer, Mewr, Mewre
Mewes	Mewes, Mews, Mewse
Meweson	Meweson, Mewesson, Misen, Missene
Mewger	Mewger
Mewgr	Mewgr, Mewgre
Mewis	Mewis, Mewys
Mewl	Mewl, Mewle
Mewtas	Mewtas
Mewtel	Mewtel, Mewtelle, Mutel, Mutele, Mutell, Mutelle
Mewtes	Mewtes
Micael	Micael, Micaele, Micaell, Micaelle
Micaew	Micaew, Micaewe, Mycaew
Micahel	Micahel, Micahelle
Micakel	Micakel
Mical	Mical, Micale
Micalin	Micalin, Micalyn
Micena	Micena
Mich	Mich, Miche, Mych, Myche
Michae	Michae
Michael	Michael, Michaele, Michaell, Michaelle, Mychaele, Mychaell, Mychaelle
Michaelem	Michaelem
Michaeli	Michaeli
Michaelis	Michaelis, Michaellis, Mychaelis
Michaello	Michaello, Michaelo
Michaelmas	Michaelmas
Michaelson	Michaelson, Michelson, Michelsson, Mychaelson, Mychelson, Mychelsson
Michaew	Michaew, Michaewe
Michahel	Michahel, Michahell
Michal	Michal, Michall, Michil, Michill, Mitchel, Mytchell
Michaw	Michaw, Michawe
Michel	Michel, Michele, Michell, Michelle, Mychel, Mychele, Mychell, Mychelle
Micheles	Micheles, Michelles, Mychelles
Micheleto	Micheleto, Micheletto
Michelis	Michelis, Michellis
Michello	Michello, Michelo
Michels	Michels
Micheo	Micheo
Michiel	Michiel, Michiell, Miciel, Miciell
Michin	Michin, Michyn
Mickes	Mickes, Myckes
Miclinghous	Miclinghous, Myclynghous
Micolie	Micolie, Mycolye
Microw	Microw, Mycrowe
Mid	Mid, Midd
Mida	Mida, Myda
Middelborgh	Middelborgh, Middelburgh, Middilburgh, Midelborgh, Midelburgh, Midilborgh, Midilburgh, Myddelburgh, Myddilburgh, Mydylborgh
Middelborough	Middelborough, Midelborough
Middelborowgh	Middelborowgh, Midelborowgh
Middelburgheodem	Middelburgheodem, Midelburgheodem
Middellmore	Middellmore, Middelmor, Middelmore, Midelmor, Midelmore, Myddelmore, Mydellmore, Mydelmor, Mydelmore
Middelton	Middelton, Midelton, Myddelton, Mydelton
Midderhill	Midderhill, Miderhil
Middilmor	Middilmor, Middilmore, Middylmore, Midillmore, Midilmor, Midilmore, Midylmore, Myddilmore, Mydylmor, Mydylmore
Middilton	Middilton, Middylton, Midillton, Midilton, Myddilton, Myddylton, Mydilton
Middlemore	Middlemore, Midlemor, Midlemore
Midelbourgh	Midelbourgh
Midelbrough	Midelbrough
Midfist	Midfist, Midfyst
Midleton	Midleton, Mydleton
Midnal	Midnal, Midnalle
Midwal	Midwal, Mydwall
Mielen	Mielen, Millone, Milon, Milone, Myellene, Mylone
Mifaunt	Mifaunt, Myfaunt
Migael	Migael, Migaell
Migerin	Migerin, Migeryn, Migeryne
Migeron	Migeron, Migerone
Mighael	Mighael, Mighaele, Mighaell
Mighal	Mighal, Mighel, Mighele, Mighell, Mighelle, Myghell, Myghelle, Myghhell
Migheles	Migheles, Mighelles, Myghelles
Mighelison	Mighelison
Mighells	Mighells, Mighels
Mighellson	Mighellson, Mighelson, Mighelsson, Myghellson, Myghelson
Mighelo	Mighelo
Migonet	Migonet, Migonette
Migrav	Migrav, Migrave, Mygrave
Mihel	Mihel, Mihell, Mihelle, Myhell, Myhelle
Miheles	Miheles, Myhelles
Mihellson	Mihellson, Mihelson, Myhelson
Mihil	Mihil, Mihille, Myhyll
Mikeo	Mikeo, Mykeo
Miket	Miket, Myket
Mil	Mil, Mile, Mill, Mille, Mylle
Mila	Mila, Myla
Milain	Milain, Millayne, Myllayn
Milali	Milali, Mylaly
Milan	Milan, Millan, Mylane
Milar	Milar, Millar, Myllar
Milborn	Milborn, Milborne
Milbourn	Milbourn, Milbourne, Mylbourne
Mild	Mild, Myld
Mildenal	Mildenal, Mildenall, Myldenall, Myldenalle
Mildiman	Mildiman, Mylldiman
Mildnal	Mildnal, Mildnall, Mildnalle, Myldnall, Myldnalle
Mildred	Mildred, Mildrede
Milemestr	Milemestr, Millemestre
Milen	Milen, Milene, Millen, Millene, Mylen, Mylene, Myllen, Myllene
Milenbek	Milenbek, Millenbek, Millenbekke
Mileo	Mileo, Milio, Myleo
Miler	Miler, Milir, Miller, Millir, Myler, Myller
Milered	Milered, Millered
Milers	Milers, Milirs, Millers, Millirs, Myllers
Miles	Miles, Milles, Myles, Mylles
Mileson	Mileson, Milesson
Milet	Milet, Milett, Millet, Millett, Myllett
Milford	Milford
Milhal	Milhal, Milhall, Milhalle, Mylhale
Milhaw	Milhaw, Milhawe
Milhous	Milhous, Milhouse
Milie	Milie, Myllye
Milin	Milin, Myllyn, Myllyne
Milington	Milington, Millington
Milis	Milis, Millis, Millys, Milys, Mylis, Myllys
Milites	Milites
Militis	Militis, Milytys
Milkesep	Milkesep, Mylkesepp
Milkesop	Milkesop, Milksop
Millner	Millner, Milner, Mylner
Millorne	Millorne, Milorn
Mills	Mills, Mils, Mylls
Miln	Miln, Mylne
Milnal	Milnal, Milnalle, Mylnall
Milo	Milo, Mylo
Milodio	Milodio
Milones	Milones
Miloni	Miloni
Milonis	Milonis
Milpas	Milpas
Milred	Milred, Milrede, Mylred, Mylrede
Milreth	Milreth
Milton	Milton, Mylton
Milward	Milward
Milwiles	Milwiles, Milwilles
Mim	Mim, Myme
Mimew	Mimew, Mimewe
Mimow	Mimow, Mymmow, Mymmowe
Minardo	Minardo
Minaris	Minaris, Mynarys
Minars	Minars, Mynars
Minc	Minc, Mynce
Mincolo	Mincolo
Minden	Minden, Mindon, Mynden, Myndene, Myndon
Minder	Minder, Mynder
Mindes	Mindes, Myndes
Mindg	Mindg, Mindge, Myndge
Mindgo	Mindgo
Mindin	Mindin, Myndyn
Mineo	Mineo, Myneo
Miner	Miner, Minor, Myner, Mynor
Mineros	Mineros, Myneros
Miners	Miners, Minnors, Minores, Minors, Myners, Mynores, Mynors
Minershaghen	Minershaghen, Mynershaghen
Minerson	Minerson, Mynerson
Mines	Mines, Mynnes
Minet	Minet, Minett, Mynet, Mynett, Mynnet, Mynnett
Minew	Minew, Minewe, Mynew, Mynewe
Ming	Ming, Minge, Mynge
Mingal	Mingal, Myngalle
Mingelet	Mingelet, Myngelet
Mingeleto	Mingeleto, Myngeletto
Mingenin	Mingenin, Mingenyn, Myngenyn
Mingenon	Mingenon
Minger	Minger, Mynger
Minges	Minges
Minget	Minget, Mynget
Mingo	Mingo, Myngo
Mingot	Mingot, Myngot
Mingsolas	Mingsolas, Myngsolas
Mingus	Mingus, Myngus
Minher	Minher, Mynhere
Minianin	Minianin, Minjanyn
Minien	Minien, Mynnyen
Minion	Minion, Mynyon
Minis	Minis, Minys, Mynis, Mynys
Ministr	Ministr, Minystre
Minker	Minker
Minot	Minot, Mynot
Minours	Minours, Mynours
Minser	Minser, Mynser
Minshaca	Minshaca, Mynshaca
Minshul	Minshul, Mynshulle
Minspl	Minspl, Mynsple
Minst	Minst, Mynst
Minstars	Minstars, Mynstars, Mynstarse
Minster	Minster, Minstr, Minstre, Mynster, Mynstre
Minsteris	Minsteris, Minstris, Minstrys, Mynsterys, Mynstrys
Minsters	Minsters, Minstres, Mynsters, Mynstres
Minter	Minter, Mynter
Mintes	Mintes, Myntes
Minus	Minus, Mynus
Miran	Miran
Mirand	Mirand, Mirande, Myrand
Mirando	Mirando
Miras	Miras, Myras
Miro	Miro, Mirow, Myro, Myrowe
Mirobia	Mirobia
Miron	Miron, Myron
Miros	Miros, Myros
Mirsin	Mirsin, Myrsyn
Mis	Mis, Mise, Misse, Mys, Myse
Misan	Misan, Mysane
Misarach	Misarach, Missarache
Misena	Misena, Myssena
Miset	Miset, Misett, Missette, Mysett
Mishel	Mishel, Mishell
Miskin	Miskin, Myskyn
Misot	Misot, Misote, Misott, Misotte, Missotte, Mysot, Mysott, Myssot, Myssott
Misoto	Misoto
Mister	Mister, Mistor, Myster, Mystore
Misterik	Misterik, Misteryk
Misteris	Misteris, Mysteris
Misters	Misters, Mistres, Mysters, Mystres
Misterton	Misterton
Misting	Misting, Mistyng
Miston	Miston, Myston
Mitar	Mitar, Mittar, Myttar
Mitchels	Mitchels
Mitelus	Mitelus, Mittellus
Miten	Miten, Mitten
Miter	Miter, Mitter, Mytere, Mytter
Mitr	Mitr, Mitre, Mytre
Mitrio	Mitrio
Mitro	Mitro, Mytro
Mitron	Mitron, Mytron
Mo	Mo, Mow, Mowe
Moch	Moch, Moche, Mock
Mocher	Mocher
Mocking	Mocking, Mockyng
Mockloo	Mockloo
Mod	Mod, Mode
Modac	Modac, Moddace
Modaso	Modaso
Modato	Modato
Modei	Modei, Modey
Moden	Moden
Modesto	Modesto
Modi	Modi, Modie, Mody, Modye
Modic	Modic
Modilborow	Modilborow, Modylborow
Modin	Modin, Modyn
Modir	Modir
Modis	Modis, Modys
Modlei	Modlei, Modley
Modo	Modo
Modranes	Modranes
Moer	Moer, Mower, Mowerr, Mowwer
Mofio	Mofio
Mogareta	Mogareta
Mogein	Mogein, Mogeyn
Mogel	Mogel, Mogell
Moger	Moger
Moges	Moges
Moghlin	Moghlin, Moghlyn
Mogin	Mogin, Mogyn
Mogon	Mogon
Mogorin	Mogorin, Mogoryn
Mogot	Mogot
Moi	Moi, Moy
Moiar	Moiar, Moir, Moyar, Moyare, Moyr, Moyre
Moie	Moie, Mois, Moise, Moye, Moys, Moyse, Moysse
Moier	Moier, Moyer, Moyere
Moies	Moies, Moyes
Moieton	Moieton, Moyetone
Moign	Moign, Moin, Moygne, Moyn, Moyne
Moil	Moil, Moyle
Moiler	Moiler, Moyller
Moina	Moina, Moyna
Moines	Moines, Moins, Moynes, Moyns
Moining	Moining, Moynyng
Moininges	Moininges, Moyninges, Moynynges
Moior	Moior, Moyor
Moirel	Moirel, Moirell
Moises	Moises, Moyses
Moison	Moison, Moyson
Moit	Moit, Moite
Moiton	Moiton, Moyton
Mokelow	Mokelow
Mokilman	Mokilman
Moklow	Moklow
Mokwis	Mokwis, Mokwyse
Mol	Mol, Mole, Molle
Molacheo	Molacheo
Molaldo	Molaldo
Molam	Molam
Molangr	Molangr, Molangre
Molantan	Molantan, Molantane
Molard	Molard, Mollard
Mold	Mold, Molde
Molden	Molden
Moldenhor	Moldenhor, Moldenhore
Moldenhow	Moldenhow, Moldenhowe
Moldenhoward	Moldenhoward, Moldenhowarde
Moldenhower	Moldenhower
Moldik	Moldik, Moldike, Moldyk, Moldyke
Molein	Molein, Moleyn, Moleyne, Molleyn
Molen	Molen, Mollen
Molenbais	Molenbais, Molenbays
Molenbeck	Molenbeck, Molenbek, Mollenbeck, Mollenbeke
Molener	Molener
Molens	Molens
Moler	Moler, Moller, Molr, Molre, Mowler
Molet	Molet, Mollet, Mollett
Molida	Molida
Molim	Molim, Molym
Molin	Molin, Mollyn, Molyn, Molyne
Molinbeck	Molinbeck, Mollynbeck
Moliner	Moliner, Molyner
Molines	Molines, Molynes
Molinour	Molinour, Molynour
Molis	Molis, Mollys
Molito	Molito
Molner	Molner
Molorie	Molorie, Molorye
Molrei	Molrei, Molrey
Molslei	Molslei, Molsley
Molson	Molson
Moltes	Moltes
Molton	Molton
Moltson	Moltson
Mom	Mom, Mome
Mombrai	Mombrai, Mombray
Momer	Momer, Mommer
Momfrai	Momfrai, Momfray, Momfreie, Momfreye
Momfraie	Momfraie, Momfraye
Momish	Momish
Mommothe	Mommothe, Momoth
Mompl	Mompl, Momple
Momson	Momson
Momswad	Momswad, Momswade
Mon	Mon, Mone, Monne
Monach	Monach, Monache
Monald	Monald, Monalde
Monaldo	Monaldo
Monamaco	Monamaco
Monand	Monand
Monard	Monard
Monauld	Monauld
Moncelo	Moncelo
Monch	Monch, Monche
Monchaca	Monchaca, Monchaka
Monchaco	Monchaco
Monchak	Monchak, Monchake
Monchea	Monchea, Monchia
Monck	Monck
Monckehirst	Monckehirst
Monckehoft	Monckehoft, Monckhoft
Monckhirst	Monckhirst
Moncobert	Moncobert
Moncot	Moncot, Moncote
Mond	Mond, Monde
Mondai	Mondai, Monday
Mondak	Mondak, Mondake
Mondes	Mondes
Mondger	Mondger
Mondi	Mondi, Mondie, Mondy
Mondix	Mondix, Mondixe
Moneer	Moneer, Monier, Monyer
Monegino	Monegino, Monegyno
Monei	Monei, Money, Monney
Moneie	Moneie, Moneye
Monel	Monel, Monelle
Monelei	Monelei, Monelley
Moner	Moner
Mones	Mones, Monnes
Moneson	Moneson, Monesson
Monet	Monet, Monett, Monnett
Monetal	Monetal, Monetall
Monetcuco	Monetcuco
Monetelo	Monetelo
Moneux	Moneux
Monfraie	Monfraie, Monfraye
Mong	Mong, Monge
Mongar	Mongar
Mongareta	Mongareta
Mongea	Mongea
Mongeham	Mongeham
Mongenet	Mongenet
Mongenin	Mongenin, Mongenyn
Monger	Monger, Mongger
Mongham	Mongham
Mongk	Mongk
Mongona	Mongona
Mongoos	Mongoos
Monham	Monham
Moni	Moni, Mony
Moniman	Moniman, Monnyman
Monin	Monin, Monyn
Moniner	Moniner
Moning	Moning, Monnyng, Monyng, Monynge
Moninges	Moninges, Monnynges
Monington	Monington, Monnyngton, Monyngton
Monioie	Monioie, Monyoye
Moniouns	Moniouns, Monyouns
Monis	Monis, Monys
Monk	Monk, Monke, Munck, Muncke
Monkehirst	Monkehirst
Monlion	Monlion, Monlione
Monmoth	Monmoth, Monmothe, Monmouth, Monmouthe
Monnox	Monnox, Monox
Monock	Monock, Monocke
Mononino	Mononino, Mononyno
Mons	Mons
Monsegur	Monsegur, Monsegure
Monsenego	Monsenego
Monsenigo	Monsenigo, Monsenygo
Monshaw	Monshaw, Monshawe
Monsherst	Monsherst, Monsherste
Monslow	Monslow
Monstr	Monstr, Monstre
Monstram	Monstram
Monsuger	Monsuger
Mont	Mont, Monte
Montabel	Montabel, Montabele
Montabron	Montabron
Montabroun	Montabroun
Montacuco	Montacuco
Montain	Montain, Montayne
Montan	Montan, Montane
Montana	Montana
Montaseno	Montaseno
Montclar	Montclar, Montclare, Montcler, Montclere
Monteclaro	Monteclaro
Montecuco	Montecuco, Montecuko
Montecuk	Montecuk, Montecuke
Montenegra	Montenegra
Montenegro	Montenegro
Montener	Montener
Montenigro	Montenigro, Montenygro
Montepegelo	Montepegelo
Monter	Monter
Monterigo	Monterigo, Monterygo
Montero	Montero
Montes	Montes
Monthalt	Monthalt
Montinegra	Montinegra, Montynegra
Montinigro	Montinigro
Montnegro	Montnegro
Montneigr	Montneigr, Montneygre
Montrego	Montrego
Montrico	Montrico, Montriko
Monus	Monus
Moodi	Moodi, Moody
Moor	Moor, Moore
Mooris	Mooris
Moors	Moors
Moptid	Moptid, Moptide, Moptyde
Moracen	Moracen
Morach	Morach, Morache
Moraie	Moraie, Moraye
Moralis	Moralis, Moralys
Moran	Moran, Morane
Morando	Morando
Morano	Morano
Morant	Morant, Morantt
Morantd	Morantd
Morar	Morar, Morare
Morari	Morari, Morary
Morarie	Morarie, Morarye
Morarii	Morarii
Morario	Morario
Moraro	Moraro
Moras	Moras, Morase, Muras, Murras
Morasa	Morasa, Morassa
Morasan	Morasan, Morizon
Morasin	Morasin, Morasine, Morasyn, Morasyne
Moratsie	Moratsie, Moratsye
Moraunson	Moraunson, Moraunsone
Moraunt	Moraunt, Morraunte
Morazin	Morazin, Morazine, Morazyn
Morban	Morban
Morbi	Morbi, Morby
Morbian	Morbian, Morbyan
Morc	Morc, Morce
Morcok	Morcok, Morkok
Mordaunson	Mordaunson
Mordek	Mordek
Morden	Morden, Mordon
Mordin	Mordin
Mording	Mording, Mordinge, Mordyng, Mordynge
Mordok	Mordok
Morea	Morea
Morebek	Morebek
Morec	Morec, Morece, Moric, Morice, Morik, Moryk, Moryke
Morecalf	Morecalf, Morecalff
Morefaul	Morefaul, Morefaule, Morefawl, Morefawle
Morefauls	Morefauls
Morefeld	Morefeld
Morei	Morei, Morey
Moreis	Moreis, Moreys, Mories, Morries
Morel	Morel, Morell, Morelle, Morrell, Morrelle
Moreles	Moreles
Moreo	Moreo, Morioe, Moryoe
Morepok	Morepok, Morepoke
Mores	Mores, Morres
Moresin	Moresin, Moresyn, Moresyne
Moreson	Moreson, Morison, Morreson, Morrison, Morryson, Moryson
Morested	Morested, Morestede
Moret	Moret
Moreta	Moreta, Moretta
Moreto	Moreto, Moretto
Moreton	Moreton
Moreturf	Moreturf, Moreturffe
Morewik	Morewik
Morffyne	Morffyne, Morfin
Morfo	Morfo
Morgan	Morgan, Morgen
Mori	Mori, Morie, Morry, Mory, Morye
Morian	Morian, Morion, Moryan, Moryane
Moriat	Moriat, Moriatt, Morriatt
Moricium	Moricium
Moriel	Moriel, Moryelle
Morien	Morien, Morin, Morine, Morryn, Moryen, Moryn, Moryne
Morieno	Morieno
Morif	Morif, Moriffe, Morryffe, Moryfe, Moryffe
Morifal	Morifal, Morifalle
Moring	Moring, Moryng
Morino	Morino
Morinola	Morinola
Morinus	Morinus
Morir	Morir, Morire
Moriscal	Moriscal, Moriscall
Morisen	Morisen, Morysen
Moriseno	Moriseno
Morisin	Morisin, Morisyn, Morisyne, Morrysyn, Morysyn
Morisino	Morisino, Morysino
Morisono	Morisono
Morito	Morito, Moryto
Morlai	Morlai, Morlay, Morleie, Morleye, Morli, Morlie, Morly, Morlye
Morland	Morland
Morlar	Morlar, Morler
Morlei	Morlei, Morley
Morles	Morles
Morlin	Morlin, Morlyn
Morling	Morling, Morlyng
Morlok	Morlok
Morlond	Morlond
Morman	Morman
Morn	Morn, Morne
Morneta	Morneta, Mornetta
Moroni	Moroni, Morony
Morono	Morono
Moroph	Moroph, Morophe
Morosie	Morosie, Morosye
Morosin	Morosin, Morosyn, Morosyne
Morowes	Morowes, Morows, Morrowes
Morsen	Morsen
Morsenigo	Morsenigo
Mort	Mort, Morte
Mortal	Mortal, Mortalle
Mortar	Mortar, Morter
Mortato	Mortato
Mortein	Mortein, Morteyn
Mortel	Mortel, Mortell
Morteman	Morteman, Mortman
Mortemer	Mortemer
Morten	Morten, Mortene, Morton
Mortimer	Mortimer, Mortymer, Mortymere
Mortmer	Mortmer
Mortrigo	Mortrigo
Morvan	Morvan
Morvaunt	Morvaunt
Morvel	Morvel, Morvele, Morvell, Morvelle, Morvil, Morvile, Morville, Morvyle, Morvylle
Morveta	Morveta, Morvetta
Mos	Mos, Mose, Mosse
Mosaik	Mosaik, Mosayke
Mosak	Mosak, Mosake
Mosco	Mosco
Moshalin	Moshalin, Mosshalyn
Mosheron	Mosheron, Mossheron
Mosiar	Mosiar, Mosyar
Mosier	Mosier, Mosyer
Moskenthrop	Moskenthrop, Moskenthrope
Mosketa	Mosketa
Moskilman	Moskilman
Moslei	Moslei, Mosley
Mosli	Mosli, Moslie, Mosly
Mostepha	Mostepha
Moster	Moster
Mot	Mot, Mote, Mott, Motte
Mota	Mota
Motam	Motam
Moteler	Moteler
Motelin	Motelin, Motelyne
Motelo	Motelo
Motener	Motener, Mottener
Moteneto	Moteneto, Motenetto
Moter	Moter
Moterlos	Moterlos, Moterlose
Motes	Motes, Mottes
Mothel	Mothel, Mothell
Motilianio	Motilianio
Motin	Motin, Motyn
Motman	Motman
Moton	Moton
Motoun	Motoun
Motriga	Motriga, Motryga
Moubrai	Moubrai, Moubray
Mouchana	Mouchana
Mouchasa	Mouchasa
Moughan	Moughan
Moumffrey	Moumffrey, Moumfrei, Moumfrey
Moumoch	Moumoch, Moumoche
Moun	Moun
Mounbello	Mounbello, Mounbelo
Mounc	Mounc, Mounce, Mounck
Mouncel	Mouncel, Mouncele
Mouncelo	Mouncelo
Mounch	Mounch, Mounche
Mouncok	Mouncok, Mouncoke
Mouncut	Mouncut, Mouncute
Mound	Mound, Mounde
Mounel	Mounel, Mounelle
Mounferant	Mounferant
Mounferaunt	Mounferaunt
Mounford	Mounford
Mounforth	Mounforth
Mounfrai	Mounfrai, Mounfray
Mounfrei	Mounfrei, Mounfrey
Moungeham	Moungeham
Mounger	Mounger, Mownger
Moungham	Moungham
Moungton	Moungton
Moungumbr	Moungumbr, Moungumbre
Mouns	Mouns
Mounser	Mounser
Mounshaa	Mounshaa
Mounshaw	Mounshaw, Mounshawe
Mounslo	Mounslo, Mounslow, Mounslowe, Mownslo, Mownsloe, Mownslow, Mownslowe
Mounson	Mounson
Mount	Mount, Mounte
Mountclar	Mountclar, Mountclare
Mountebek	Mountebek
Mountenak	Mountenak, Mountenake
Mountenaken	Mountenaken
Mountenaker	Mountenaker
Mountenegro	Mountenegro
Mountenei	Mountenei, Mounteney, Mounton
Mountenigro	Mountenigro
Mounter	Mounter
Mountero	Mountero
Mounteros	Mounteros, Mounterose
Mountesein	Mountesein, Mounteseyn
Mountevar	Mountevar
Mountevelet	Mountevelet
Mounthaw	Mounthaw, Mounthawe
Mountioi	Mountioi, Mountjoy, Mountyoy
Mountioie	Mountioie, Mountyoye
Mountnei	Mountnei, Mountney, Mowntnei, Mowntney
Mountnigro	Mountnigro, Mountnygro
Mounto	Mounto
Mountris	Mountris, Mountrys
Mous	Mous, Mouse
Mouselei	Mouselei, Mouseley
Mouskin	Mouskin, Mouskyn
Moutalin	Moutalin, Moutalyne
Mouter	Mouter
Mouth	Mouth, Mouthe
Movel	Movel
Mowar	Mowar, Moware
Mowbel	Mowbel, Mowbele
Mowbrai	Mowbrai, Mowbray
Mowdi	Mowdi, Mowdie, Mowdy
Mowen	Mowen
Mowes	Mowes, Mows, Mowse, Mowws
Mowet	Mowet, Mowett
Mowger	Mowger
Mowiar	Mowiar, Mowyar, Mowyare
Mowier	Mowier, Mowir, Mowyer, Mowyr
Mowik	Mowik, Mowyk
Mowngar	Mowngar
Mownthari	Mownthari, Mownthary
Mowton	Mowton
Much	Much, Muche
Mucho	Mucho
Muck	Muck, Muk
Mucklo	Mucklo
Muckloo	Muckloo, Mukloo
Muclow	Muclow
Mudberd	Mudberd
Muden	Muden
Mudg	Mudg, Mudge
Muet	Muet
Muffine	Muffine, Muffyn, Mufin
Muget	Muget
Muic	Muic, Muyce
Muklei	Muklei, Mukley
Muklow	Muklow
Mul	Mul, Mule, Mulle
Mulam	Mulam, Mullam
Mulan	Mulan, Mulen, Mullan, Mullen
Mulbeck	Mulbeck
Mulbon	Mulbon
Mulem	Mulem, Mullem, Mullom, Mulom
Muler	Muler, Muller
Mulet	Mulet, Mulett, Mullet
Mulfford	Mulfford, Mulford
Muliard	Muliard, Mulyard
Mulier	Mulier
Mulim	Mulim, Mullym, Mulym
Mulin	Mulin, Mullyn, Mulyn
Muliner	Muliner, Mulliner
Mulkin	Mulkin, Mulkyn
Mulner	Mulner
Mulso	Mulso
Mult	Mult, Multe
Multon	Multon, Multone
Mumfreie	Mumfreie, Mumfreye
Mun	Mun, Mune, Munne
Muncel	Muncel, Muncell
Mund	Mund, Munde
Mundago	Mundago
Mundak	Mundak, Mundake
Mundaka	Mundaka
Mundato	Mundato
Mundi	Mundi, Mundy
Mundo	Mundo
Mundot	Mundot, Mundote
Munel	Munel, Munelle
Muner	Muner
Munes	Munes, Munnes
Munet	Munet, Munett
Mungam	Mungam
Mungehan	Mungehan
Munholt	Munholt
Munshaw	Munshaw, Munshawe
Munstr	Munstr, Munstre
Muntei	Muntei, Muntey
Munton	Munton
Mur	Mur, Mure
Mura	Mura, Murra
Murario	Murario
Murei	Murei, Murrey
Murler	Murler
Murnslie	Murnslie
Murta	Murta
Musak	Musak, Musake
Muscadel	Muscadel, Muscadell
Muscadells	Muscadells, Muscadels
Muscamp	Muscamp
Muscardon	Muscardon
Muschamp	Muschamp, Muschampe
Muschaump	Muschaump
Musco	Musco
Muscolo	Muscolo
Musel	Musel, Musell, Mussell, Musselle
Muselin	Muselin, Musselyn
Muser	Muser
Mushelin	Mushelin, Musshelyn
Musheron	Musheron, Mussheron
Musherum	Musherum, Mussherum
Mushier	Mushier
Mushlin	Mushlin, Musshlyn
Mushorn	Mushorn, Musshorn
Mushron	Mushron, Musshron, Musshrone
Musin	Musin, Musyn
Musk	Musk
Muskard	Muskard
Muskardon	Muskardon
Muskelman	Muskelman
Musket	Musket, Muskett
Musketa	Musketa
Muskilman	Muskilman, Muskylman
Muskilwik	Muskilwik, Muskilwyk
Musko	Musko
Muso	Muso, Musso
Mustard	Mustard, Mustarde
Mustardon	Mustardon
Musting	Musting
Muston	Muston
Mut	Mut, Mute
Muth	Muth, Muthe
Muto	Muto
Mutreco	Mutreco, Muttreco
Naan	Naan, Non, None, Nonne
Naas	Naas
Naceri	Naceri
Nacothan	Nacothan
Nadal	Nadal, Nadale, Nadall, Nadalle
Nadales	Nadales
Nadali	Nadali
Nadalo	Nadalo
Nadin	Nadin, Nadyn
Nado	Nado
Nadon	Nadon, Nadone
Nagag	Nagag, Nagage
Nagalar	Nagalar, Nagaler, Nagallare
Nagel	Nagel
Naghel	Naghel, Naghell
Naght	Naght, Nat, Nate, Natte
Nagler	Nagler
Naibour	Naibour, Naybour
Naie	Naie, Naye
Naier	Naier, Nayer
Naikin	Naikin, Naykyn
Nail	Nail, Nayle, Nayll
Naiman	Naiman, Nayman
Nair	Nair, Nayre
Naitson	Naitson, Naytson, Naytsson
Nak	Nak, Nake
Nal	Nal, Nale, Nall, Nalle
Nalden	Nalden
Naldewik	Naldewik, Naldewyk, Naldewyke
Naldwik	Naldwik, Naldwyk
Naler	Naler, Naller
Nales	Nales, Nalles
Nali	Nali, Nalli
Nalo	Nalo
Nam	Nam, Name
Names	Names
Namin	Namin, Namyn
Namkinson	Namkinson, Namkynsson
Nan	Nan, Nane, Nanne
Nand	Nand, Nande
Nandin	Nandin, Nandyn
Naneson	Naneson, Nannesson
Nanfan	Nanfan
Nanfeld	Nanfeld
Nanier	Nanier, Nanyer
Naning	Naning, Nannyng, Nanyng
Naningo	Naningo
Naningson	Naningson, Nannyngsson, Nanyngson
Nankel	Nankel, Nankelle
Nankeli	Nankeli, Nankelly
Nankili	Nankili, Nankilly, Nankylly
Nanskeli	Nanskeli, Nanskelly
Nanskili	Nanskili, Nanskilly
Nant	Nant, Nante
Napales	Napales, Napalles
Napelo	Napelo
Napes	Napes
Napil	Napil, Napl, Naple, Napul, Napull, Napyll
Naples	Naples, Naplles
Napol	Napol, Napole
Napoli	Napoli, Napoly
Napolin	Napolin, Napolyne
Napolo	Napolo
Napolon	Napolon, Napolone
Napueles	Napueles, Napuelles
Napules	Napules, Napulles
Nar	Nar, Narre
Nara	Nara
Naracia	Naracia, Narracia
Naranca	Naranca
Narank	Narank, Naranke, Narrank, Narranke
Narb	Narb, Narbe
Narborgh	Narborgh
Nard	Nard, Narde
Nardo	Nardo
Narent	Narent, Narente, Narrente
Narenta	Narenta
Narento	Narento, Narrento
Narhampton	Narhampton
Narman	Narman
Narnan	Narnan, Narnane
Narnanee	Narnanee
Naroie	Naroie, Naroye
Narona	Narona
Naroni	Naroni, Narony
Naronia	Naronia
Nas	Nas, Nase, Nasse
Nasacho	Nasacho
Nasbie	Nasbie, Nasbye
Nasboie	Nasboie, Nasboye
Nash	Nash, Nashe, Nasshe
Nasitza	Nasitza
Nason	Nason
Natalis	Natalis
Nater	Nater
Nato	Nato
Naton	Naton
Naucathan	Naucathan, Nawcathan
Nauchaton	Nauchaton
Nauden	Nauden, Naudon, Nawden
Naudik	Naudik, Naudyk
Naudin	Naudin, Naudyn
Naught	Naught, Nawt, Nawte
Naunt	Naunt, Naunte, Nauntt, Nawnt
Nauntes	Nauntes
Nautson	Nautson
Navaner	Navaner
Navara	Navara
Navarn	Navarn, Navarne
Navereto	Navereto
Navi	Navi, Navy
Navo	Navo
Naw	Naw, Nawe
Nawd	Nawd, Nawde
Nawdin	Nawdin, Nawdyn
Nawein	Nawein, Naweyn
Nawel	Nawel, Nawelle, Nowel, Nowele, Nowell, Nowelle
Nawger	Nawger, Nawgour, Nawgoure
Nawnin	Nawnin, Nawnyn
Nawntinot	Nawntinot
Nawtes	Nawtes
Nawthan	Nawthan, Nawthin
Nawther	Nawther
Nawtin	Nawtin, Nawtyn
Nawton	Nawton
Nean	Nean, Nin, Nynne
Neavomar	Neavomar, Neavomare
Nebel	Nebel, Nebell
Neblow	Neblow, Neblowe
Nebour	Nebour
Nebower	Nebower, Nebowere
Nec	Nec, Nece, Neck, Necke
Nechil	Nechil, Nechill, Nechille
Neckar	Neckar, Neckare
Necker	Necker, Neker, Nekker
Neclie	Neclie, Neclye
Necton	Necton
Nedam	Nedam
Nedeham	Nedeham
Nederman	Nederman
Nedham	Nedham, Nedum
Neew	Neew, Neewe, Ni
Nef	Nef, Neff, Neffe
Negeie	Negeie, Negeye
Negler	Negler
Negman	Negman
Negr	Negr, Negre
Negro	Negro, Nigro, Nygro
Negron	Negron, Negrone
Negropont	Negropont, Negroponte
Negropount	Negropount, Negropounte
Negroun	Negroun
Neiman	Neiman, Neyman, Nieman, Nyeman
Neimar	Neimar, Neymare
Neindank	Neindank, Neyndank, Neyndanke
Neinthang	Neinthang, Neynthange
Neinthank	Neinthank, Neynthank
Neison	Neison, Neyson, Nison, Nyson
Neist	Neist, Neyste
Neisted	Neisted, Neystede
Neitson	Neitson, Neytson
Nek	Nek, Neke, Nekke, Nic, Nich, Niche, Nick, Nicke, Nik, Nike, Nycch, Nycche, Nyce, Nyche, Nyck, Nycke, Nyk, Nyke
Nekar	Nekar, Nekare
Nekesia	Nekesia, Nekesya
Neking	Neking
Nekir	Nekir, Nekkir
Nekolo	Nekolo
Nel	Nel, Nele, Nell, Nelle
Nelbow	Nelbow
Neler	Neler
Neleson	Neleson, Nelleson
Nelif	Nelif
Nelis	Nelis, Nelys
Nelm	Nelm, Nelme
Nelman	Nelman
Nelsing	Nelsing
Nelson	Nelson, Nelsson
Nelton	Nelton
Nemo	Nemo
Nen	Nen, Nene
Nenested	Nenested, Nenestede
Nengar	Nengar
Neno	Neno
Ner	Ner
Neras	Neras, Nerase
Nero	Nero
Nerop	Nerop, Neroppe
Nertison	Nertison, Nertyson
Nerwis	Nerwis
Nes	Nes, Nese, Nesse
Neselo	Neselo
Nesing	Nesing
Neso	Neso, Nesso
Nesolo	Nesolo
Nestal	Nestal, Nestall
Netelton	Netelton, Nettelton
Nethercot	Nethercot, Nethercote, Nethercott
Nethergol	Nethergol, Nethergolle
Netherhof	Netherhof, Netherhoffe
Nethirhof	Nethirhof
Netillton	Netillton, Netilton, Nettilton, Nettylton
Netingham	Netingham
Netleton	Netleton, Nettleton
Neto	Neto, Netto
Neuark	Neuark
Neukirk	Neukirk, Neukyrk
Neuman	Neuman, Neweman, Newman, Newmon, Numan
Neunton	Neunton, Newnton
Neuport	Neuport, Neweport, Newport, Newporte
Neus	Neus, Neuse, Neusse, Nus, Nuse, Nush, Nushe
Neuslo	Neuslo
Neustad	Neustad
Neusted	Neusted, Neustede, Newsted
Neuton	Neuton, Newten, Newton, Newtone, Newtten
Neutson	Neutson, Newtson
Neuwith	Neuwith, Neuwythe
Nev	Nev, Neve
Neval	Neval, Nevalle
Nevel	Nevel, Nevell, Nevelle
Neveles	Neveles, Nevelles
Never	Never
Nevil	Nevil, Nevile, Nevill, Neville, Nevylle
Nevington	Nevington, Nevyngton
Nevir	Nevir, Nevyr
Nevis	Nevis, Nevys
New	New, Newe
Newark	Newark, Newarke
Newberie	Newberie, Newberye
Newborn	Newborn, Newborne
Newc	Newc, Newce
Newcastel	Newcastel, Newcastele, Newcastell, Newcastelle
Newcastr	Newcastr, Newcastre
Newchurch	Newchurch, Newchurche
Newcomb	Newcomb, Newcombe
Newcon	Newcon, Newcone
Newcust	Newcust
Newehith	Newehith, Newehithe
Newel	Newel, Newell, Newelle
Neweland	Neweland
Neweles	Neweles, Newelles
Newenden	Newenden
Newenham	Newenham
Newenthort	Newenthort
Newenton	Newenton
Newerk	Newerk
Newes	Newes
Newestod	Newestod, Newestode
Newhight	Newhight
Newhith	Newhith, Newhithe, Newhyth, Newhythe
Newhiv	Newhiv, Newhyve
Newi	Newi, Newy
Newin	Newin
Newington	Newington, Newyngton
Newinton	Newinton, Newynton
Newis	Newis, Newise
Newkerman	Newkerman
Newland	Newland, Newlande, Newllande
Newlond	Newlond
Newmar	Newmar, Newmare
News	News, Newse, Newsse
Newsham	Newsham
Newson	Newson, Nuson
Nez	Nez
Nezelo	Nezelo
Nezenbeck	Nezenbeck
Nia	Nia, Nya
Niandeser	Niandeser, Nyandeser
Niara	Niara, Nyara
Niborugh	Niborugh, Nyborugh
Nibough	Nibough, Nybough
Nibrugh	Nibrugh, Nibrughe, Nybrugh
Nibur	Nibur, Nybur
Niburgh	Niburgh
Nicasio	Nicasio
Nicaso	Nicaso
Niccholao	Niccholao, Nicholao, Nichollao, Nicolao
Nichald	Nichald, Nichalde
Nichas	Nichas
Nichel	Nichel, Nichele, Nichelle, Nichil, Nichille, Nichylle
Nichelason	Nichelason, Nychelasson
Nicheles	Nicheles, Nichelles
Nichelo	Nichelo
Nichiles	Nichiles, Nichilles, Nichylles, Nychilles, Nychylles
Nichilson	Nichilson, Nichylson
Nichlas	Nichlas, Niclas, Nyclas
Nichlos	Nichlos
Nichoes	Nichoes
Nichol	Nichol, Nichole, Nicholl, Nicholle, Nycholl
Nicholad	Nicholad, Nicholade
Nicholai	Nicholai
Nicholaii	Nicholaii
Nicholas	Nicholas, Nichollas, Nicolas, Nycholas, Nycolas, Nycollas
Nicholason	Nicholason, Nicholasson, Nicolason, Nicolasson, Nycholasson
Nicholaum	Nicholaum
Nicholaus	Nicholaus, Nycholaus
Nicholes	Nicholes, Nicholles, Nycholles
Nicholin	Nicholin, Nicholyn
Nicholls	Nicholls, Nichols, Nicolls, Nicols, Nycolls, Nycols
Nichollson	Nichollson, Nicholson, Nycholson
Nicholo	Nicholo, Nicolo
Nichololai	Nichololai
Nicholosa	Nicholosa
Nichosia	Nichosia
Nichtingal	Nichtingal, Nichtyngale
Nickthron	Nickthron, Nickthrone
Niclis	Niclis, Nyclys
Niclolas	Niclolas, Nyclolas
Nicol	Nicol, Nicole, Nicoll, Nicolle, Nycoll, Nycolle
Nicola	Nicola
Nicolai	Nicolai
Nicoles	Nicoles, Nicolles, Nycolles
Nicolson	Nicolson, Nycolson
Nicosia	Nicosia
Niderholt	Niderholt, Niderholtt
Nidon	Nidon, Nydon
Niendank	Niendank, Nyendank
Niested	Niested, Nyested
Nifadog	Nifadog, Nyffadogge
Nifeles	Nifeles, Nyfelles
Niffulle	Niffulle, Nifl, Niful, Nyfle, Nyfulle
Niffulles	Niffulles, Nifules, Nifulles, Nyfulles
Nigeli	Nigeli
Nigenburch	Nigenburch
Niger	Niger
Nighenborch	Nighenborch
Nightburgh	Nightburgh, Nyghtburgh
Nightengal	Nightengal, Nightingal, Nightingale, Nightingalle, Nightyngale, Nitingal, Nityngalle, Nyghtengale, Nyghtingale, Nyghtingalle, Nyghtyngale, Nytyngale, Nytyngalle
Nightinghal	Nightinghal, Nyghtynghale
Nigillo	Nigillo, Nigilo
Nigr	Nigr, Nigre
Nigra	Nigra
Nigron	Nigron, Nigrone, Nygrone
Niket	Niket
Niland	Niland, Nyland
Nilcom	Nilcom, Nilcome
Nillors	Nillors, Nilors
Nilman	Nilman, Nylman
Nilson	Nilson
Niman	Niman, Nyman
Nimegen	Nimegen, Nymegen
Nimeghen	Nimeghen, Nymeghen
Ning	Ning, Nynge
Ninkirk	Ninkirk, Nynkyrke
Ninon	Ninon, Nynon
Ninsted	Ninsted, Nynsted
Niperfel	Niperfel, Niperfelle, Nyperfelle
Niperfeld	Niperfeld, Nyperfeld, Nyperfelde
Niperfeldes	Niperfeldes
Niperfeldis	Niperfeldis, Niperfeldys
Niperfeles	Niperfeles, Nyperfelles
Niperfild	Niperfild, Nyperfild, Nyperfyld
Niperling	Niperling
Niperveld	Niperveld, Nyperveld
Nipervil	Nipervil, Nyperville
Nis	Nis, Nyse
Niven	Niven, Nyven
Nivil	Nivil, Nyvylle
Nixon	Nixon, Nyxon
No	No
Nob	Nob, Nobe
Nobbely	Nobbely, Nobeli
Nobea	Nobea
Nobil	Nobil, Nobile, Nobill, Nobylle
Nobilet	Nobilet, Nobilett
Nobl	Nobl, Noble, Nobul, Nobule
Noblekin	Noblekin, Noblekyn
Nobles	Nobles
Nobleson	Nobleson, Noblesone
Noblet	Noblet
Nobs	Nobs
Noch	Noch, Noche, Nock, Nocke, Nok, Noke
Nochero	Nochero
Nod	Nod, Node
Nodin	Nodin, Nodyn, Nodyne
Noel	Noel, Noell, Noelle
Noers	Noers, Nores, Norres, Nors
Noffre	Noffre, Nofr, Nofre
Noffy	Noffy, Nofi
Nogera	Nogera, Nogerra
Noi	Noi, Noy
Noie	Noie, Noye
Noiel	Noiel, Noyell
Noier	Noier, Noyer
Noighel	Noighel, Noyghell
Noikinson	Noikinson, Noykynson
Noior	Noior, Noyor
Noitson	Noitson, Noitsson, Noytson
Noiuns	Noiuns, Noyuns
Nol	Nol, Nole, Nolle
Noldson	Noldson
Nolet	Nolet, Nolett
Noliar	Noliar
Nolier	Nolier
Nolik	Nolik, Nollyk
Nolison	Nolison, Nollisson
Nolk	Nolk, Nolke
Nollons	Nollons, Nolons
Nolman	Nolman
Noltes	Noltes
Noltson	Noltson
Nomanson	Nomanson
Nomeo	Nomeo
Nompa	Nompa
Nona	Nona
Nonas	Nonas
Nonelai	Nonelai, Nonelay
Nonelei	Nonelei, Noneley
Noneleie	Noneleie, Noneleye
Nones	Nones, Nons
Noni	Noni, Nony
Nonilai	Nonilai, Nonylay
Nonin	Nonin, Nonnyn
Noning	Noning, Nonnyng, Nonynge
Nonis	Nonis, Nonys
Nono	Nono
Nonos	Nonos
Nonsie	Nonsie, Nonsye
Nonus	Nonus
Nopi	Nopi, Noppy
Nopol	Nopol, Nopole
Nor	Nor, Nore, Norre
Norania	Norania
Norbarn	Norbarn, Norbarne
Norberi	Norberi, Norbery
Norbern	Norbern, Norberne
Norborgh	Norborgh, Norburgh
Norborough	Norborough, Norborow
Norborugh	Norborugh
Norbour	Norbour
Norden	Norden, Nordon
Norderin	Norderin
Nordern	Nordern
Nordet	Nordet
Nordin	Nordin, Nordyn
Nordorn	Nordorn, Nordorne
Nordren	Nordren
Nordrins	Nordrins, Nordryns
Norebin	Norebin, Norebyn
Norei	Norei, Norrey
Noreis	Noreis, Nories, Noryes
Norel	Norel, Norell, Norelle
Norewais	Norewais, Noreways
Norf	Norf, Norff
Norffolcie	Norffolcie, Norfolcie
Norfok	Norfok, Norfoke, Norfolk, Norfolke
Norfolch	Norfolch, Norfolche
Norhampton	Norhampton
Nori	Nori, Norie, Norii, Norij, Norry, Norrye, Nory, Norye
Noris	Noris, Norrys, Norys
Norland	Norland, Norlande
Norlond	Norlond
Norlong	Norlong, Norlonge
Norman	Norman
Normand	Normand, Normande
Normandi	Normandi, Normandie, Normandy, Normandye
Normandia	Normandia
Normandiam	Normandiam
Normanie	Normanie, Normannie
Normasters	Normasters
Noronia	Noronia
Nort	Nort
Nortburi	Nortburi
Nortfolch	Nortfolch, Nortfolche
North	North, Northe
Northampton	Northampton
Northan	Northan, Northen, Northenn, Northin, Northon, Northyn
Northeflet	Northeflet, Northeflete, Northflet, Northflete
Northehous	Northehous
Northens	Northens
Norther	Norther
Northeran	Northeran, Northeren
Northeres	Northeres
Northerin	Northerin, Northeryn
Northern	Northern, Northerne
Northerons	Northerons
Northetoft	Northetoft, Northtoft
Northf	Northf, Northff
Northffolke	Northffolke, Northfolk, Northfolke
Northfo	Northfo
Northfolch	Northfolch, Northfolche
Northfolkie	Northfolkie
Northirn	Northirn
Northlang	Northlang, Northlange
Northlep	Northlep
Northmanton	Northmanton
Northoft	Northoft
Northous	Northous, Northouse
Northows	Northows
Northren	Northren, Northron
Northton	Northton
Northwei	Northwei, Northwey
Northwic	Northwic
Northwich	Northwich, Northwiche, Northwych, Northwyche
Northwod	Northwod, Northwode
Norton	Norton, Nortone
Nortwich	Nortwich, Nortwych
Norverns	Norverns
Norwai	Norwai, Norway
Norwaie	Norwaie
Norwei	Norwei, Norwey
Norwether	Norwether
Norwic	Norwic
Norwich	Norwich, Norwiche, Norwych, Norwyche
Norwod	Norwod, Norwode
Nos	Nos, Nose
Nosa	Nosa
Noseson	Noseson, Nosesson
Noso	Noso
Noson	Noson
Notar	Notar, Nottar
Notebron	Notebron
Notebroun	Notebroun, Nottebroun
Notin	Notin, Notyn
Notingham	Notingham, Nottingham, Notyngham
Notman	Notman, Nottman
Notredam	Notredam
Noulecco	Noulecco, Nouleco
Noundiex	Noundiex
Nounelei	Nounelei, Nouneley
Nov	Nov, Nove, November, Novembr, Novembre
Nova	Nova
Novas	Novas
Novea	Novea, Novia
Novel	Novel, Novele, Novell, Novelle
Novello	Novello, Novelo
Novembers	Novembers
Novembir	Novembir, Novembyr
Novembris	Novembris
Noven	Noven
Novenham	Novenham
Nover	Nover, Novere
Novi	Novi
Novies	Novies
Novo	Novo
Novum	Novum
Now	Now, Nowe
Nowa	Nowa
Nowello	Nowello, Nowelo
Nowemb	Nowemb
Nowieton	Nowieton, Nowyetone
Nowns	Nowns
Nownus	Nownus
Nows	Nows, Nowse
Nowtison	Nowtison, Nowtysson
Nuberi	Nuberi, Nubery
Nuc	Nuc, Nuce
Nulk	Nulk, Nulke
Nunc	Nunc, Nunce
Nunciada	Nunciada
Nunciat	Nunciat
Nundi	Nundi, Nundy
Nundien	Nundien
Nunelei	Nunelei, Nunneley
Nuntbroun	Nuntbroun
Nut	Nut, Nute
Nutbroun	Nutbroun, Nutbroune
Nutbrown	Nutbrown
Nutbrun	Nutbrun, Nutbrune
Nuter	Nuter, Nutter
Nutingham	Nutingham, Nuttingham
Nutkin	Nutkin, Nutkyn
Oa	Oa
Ob	Ob, Obe
Obard	Obard, Obarde
Obbresett	Obbresett, Obreset
Obel	Obel, Obele, Obell, Obelle, Obl, Oble, Obul
Oberd	Oberd
Oberset	Oberset, Obersett, Obersette
Obert	Obert
Obertin	Obertin, Obertyn, Obertyne
Oberto	Oberto
Obilia	Obilia
Obin	Obin, Obyn
Obres	Obres, Obresse
Obriach	Obriach
Obright	Obright, Obryght
Oc	Oc
Occor	Occor, Ocor
Ochander	Ochander
Ochandr	Ochandr, Ochandre
Ochaundr	Ochaundr, Ochaundre
Ochea	Ochea
Ocheam	Ocheam
Ochee	Ochee
Ochei	Ochei
Ochendr	Ochendr, Ochendre
Ocheo	Ocheo, Ochio
Ocherend	Ocherend
Ocherenda	Ocherenda
Ocheus	Ocheus
Ochia	Ochia
Ocho	Ocho, Ochoe
Ochoa	Ochoa
Ochod	Ochod, Ochode
Ochoea	Ochoea
Ochoeo	Ochoeo
Ochova	Ochova
Ock	Ock
Oct	Oct
Octavi	Octavi
Octavo	Octavo
Octo	Octo
Octobar	Octobar
October	October
Octobir	Octobir, Octobyr
Octobis	Octobis
Octobr	Octobr, Octobre
Octobris	Octobris
Odam	Odam, Odame
Oddeshole	Oddeshole, Odeshol
Odebi	Odebi, Odeby
Odegar	Odegar
Odelem	Odelem
Odewin	Odewin, Odewyn
Odi	Odi, Odie, Ody, Odye
Odiam	Odiam, Odyam
Odian	Odian
Odiern	Odiern, Odierne
Odiham	Odiham, Odyham
Odilson	Odilson
Odin	Odin, Odyn
Odindal	Odindal, Odindale, Odyndale
Odiv	Odiv, Odyve
Odners	Odners
Odolfeson	Odolfeson, Odolfesson, Odolffeson
Odolfson	Odolfson
Odolpho	Odolpho
Odom	Odom
Odorno	Odorno
Odulfeson	Odulfeson, Odulffeson
Odulfo	Odulfo
Odulfson	Odulfson
Odulpho	Odulpho
Oerbo	Oerbo
Oet	Oet, Oett
Ofamath	Ofamath, Offamath
Ofelden	Ofelden, Offelden, Offeldene
Ofelei	Ofelei, Offeley
Ofenc	Ofenc, Offence
Ofer	Ofer, Offer
Oferden	Oferden, Offerden
Offler	Offler, Ofler
Offley	Offley, Oflei, Ofley
Offleye	Offleye, Ofleie
Offre	Offre, Ofr
Offreden	Offreden, Ofreden
Offreman	Offreman, Ofreman
Offrey	Offrey, Ofrei
Offyter	Offyter, Ofiter
Ofman	Ofman
Ofstad	Ofstad, Ofstade
Oft	Oft, Ofte
Ogan	Ogan
Ogart	Ogart, Ogarte, Ogartte
Ogas	Ogas, Ogasse
Ogerus	Ogerus
Ogier	Ogier
Ognart	Ognart, Ognarte
Oguendo	Oguendo
Ohio	Ohio
Oiancas	Oiancas, Oyancas
Oiangorea	Oiangorea, Oyangorrea
Oiangvit	Oiangvit, Oiangvite
Oiangwit	Oiangwit, Oiangwyt
Oiarsaval	Oiarsaval, Oyarsavalle
Oie	Oie, Oye
Oieancas	Oieancas, Oyeancas
Oieon	Oieon, Oyeon
Oiger	Oiger, Oyger
Oinions	Oinions, Oynnyons
Oisin	Oisin, Oysyn
Oistredg	Oistredg, Oystredg, Oystredge
Oitson	Oitson, Oytsson
Ok	Ok, Oke, Okei, Okey, Okke
Okam	Okam
Okeherst	Okeherst, Okeherste
Okehirst	Okehirst, Okehirste
Okendo	Okendo
Oker	Oker
Okerford	Okerford
Okering	Okering, Okeryng
Okers	Okers
Okerson	Okerson
Oki	Oki, Oky
Oking	Oking, Okynge
Okirford	Okirford, Okyrford
Okon	Okon
Ol	Ol, Ole, Urel, Urelle
Olachea	Olachea
Olandson	Olandson, Ollandson
Olant	Olant, Olante
Olarta	Olarta
Olartes	Olartes
Olaunt	Olaunt, Olaunte
Olavo	Olavo
Olburie	Olburie, Olburye
Old	Old, Olde
Oldcastel	Oldcastel, Oldcastelle
Oldecorn	Oldecorn, Oldecorne
Oldehof	Oldehof, Oldehoffe
Oldekirk	Oldekirk, Oldekyrk, Oldekyrke
Oldenbus	Oldenbus, Oldenbush, Oldenbushe
Olderson	Olderson
Olderwik	Olderwik, Olderwyke
Oldewik	Oldewik, Oldewyk
Oldhal	Oldhal, Oldhale
Oldham	Oldham
Oldhof	Oldhof, Oldhoffe
Oldhuf	Oldhuf
Oldhurst	Oldhurst
Oldiern	Oldiern, Oldierne
Oldman	Oldman
Oldrams	Oldrams
Oldring	Oldring, Oldryng
Oldrones	Oldrones
Oldronis	Oldronis
Oldrons	Oldrons
Oldwik	Oldwik, Oldwyk
Olehof	Olehof, Olehoff
Olerd	Olerd
Olerdson	Olerdson
Olerea	Olerea
Olerons	Olerons, Ollerons
Olerson	Olerson
Oleso	Oleso, Olesso
Olezon	Olezon
Olhof	Olhof
Olia	Olia, Olya
Olif	Olif, Oliff, Ollyffe, Olyf, Olyff
Oliferni	Oliferni, Olifferny
Olis	Olis, Olyse
Oliston	Oliston, Olyston
Oliv	Oliv, Olyve
Oliva	Oliva, Olyva
Olivar	Olivar, Olyvar
Olivaunt	Olivaunt, Olyvaunt
Oliver	Oliver, Olivere, Ollyver, Olyver, Olyvere
Olivera	Olivera
Olivereson	Olivereson, Olyveresson
Oliveri	Oliveri
Olivero	Olivero, Olyvero
Oliverson	Oliverson, Olyversson
Olker	Olker
Ollon	Ollon, Olon
Olm	Olm, Olme
Olmer	Olmer
Olmu	Olmu
Olnei	Olnei, Olney
Olneie	Olneie, Olneye
Olof	Olof, Oloff
Olofson	Olofson
Olp	Olp, Olpp
Olrons	Olrons
Olston	Olston
Oltcran	Oltcran, Oltcrane, Oltecran
Oltham	Oltham
Oltramer	Oltramer
Olun	Olun, Olune
Oluson	Oluson
Olviver	Olviver, Olvyver
Om	Om, Ome
Omer	Omer
Omers	Omers
Omeston	Omeston
Ometon	Ometon
Omira	Omira
Omited	Omited, Omitted
Omond	Omond
Omston	Omston
On	On, One
Onandus	Onandus
Onc	Onc, Once
Onehand	Onehand, Onehande
Onei	Onei, Oney
Onelei	Onelei, Oneley
Onfeld	Onfeld
Onginas	Onginas, Ongynas
Ongl	Ongl, Ongle
Onglei	Onglei, Ongley
Ongules	Ongules, Ongulles
Onhand	Onhand, Onhande
Onhond	Onhond, Onhonde
Onies	Onies, Onyes
Onlee	Onlee, Onli, Only
Onlei	Onlei, Onley
Onoffre	Onoffre, Onofr
Onound	Onound
Ons	Ons, Onse, Onz
Onton	Onton
Onurt	Onurt
Openhain	Openhain, Openhayn
Opiciis	Opiciis
Opicius	Opicius
Opocius	Opocius
Orabil	Orabil, Orabill, Orabyll
Orabl	Orabl, Orable
Orad	Orad, Orrade
Orag	Orag, Orage
Oragon	Oragon
Orang	Orang, Orange
Oras	Oras, Orras
Orbel	Orbel, Orbell
Orbis	Orbis
Orbo	Orbo
Orchard	Orchard, Orcharde
Orchart	Orchart
Ordenaie	Ordenaie, Ordinaie
Ordenea	Ordenea
Ordeson	Ordeson, Ordesson, Ordison, Ordysson
Ordewaie	Ordewaie, Ordewaye, Ordwaie, Ordwaye
Ordonea	Ordonea, Ordonia, Ordonya
Ordoneo	Ordoneo, Ordonio
Ordono	Ordono
Ordwai	Ordwai, Ordway
Orea	Orea, Ria, Rya
Oreal	Oreal, Orreal, Riel, Riell, Ril, Rile
Oreart	Oreart, Orearte
Orecheta	Orecheta
Orefur	Orefur
Orelo	Orelo
Oren	Oren, Orrun, Orun
Orena	Orena
Orend	Orend, Orende
Orendg	Orendg, Orendge
Oreng	Oreng, Orenge, Oring, Orynge
Orengis	Orengis, Orrengis
Orens	Orens
Orenson	Orenson
Orent	Orent
Oreta	Oreta, Orretta, Rieta, Rietta, Ryeta
Orewel	Orewel, Orewell, Orewelle
Orfever	Orfever, Orfevere
Orfur	Orfur
Org	Org, Orge
Organ	Organ
Organmaker	Organmaker
Orgar	Orgar
Orger	Orger
Orgolio	Orgolio, Orgollio
Orgonio	Orgonio
Orian	Orian
Oriant	Oriant, Oryant
Orien	Orien, Orryen, Oryen
Oriendo	Oriendo
Oriens	Oriens
Orient	Orient
Oril	Oril, Orille
Orin	Orin, Orine
Orinson	Orinson, Orynson
Orinum	Orinum
Orion	Orion
Oriondo	Oriondo, Oriundo, Oryondo, Oryundo
Oris	Oris, Orys
Orit	Orit
Oriver	Oriver, Oryvere
Orivera	Orivera
Orkenei	Orkenei, Orkeney
Orkes	Orkes
Orkesa	Orkesa
Orketsa	Orketsa
Orkil	Orkil, Orkylle
Orl	Orl, Orle, Orlle
Orleans	Orleans
Orleaunc	Orleaunc, Orleaunce
Orleaund	Orleaund, Orleaunde
Orlianc	Orlianc, Orliance
Orliaunc	Orliaunc, Orliaunce, Orlyaunce
Orlow	Orlow, Orlowe
Ormachia	Ormachia
Ormaig	Ormaig, Ormayge
Ormer	Ormer
Ormeset	Ormeset, Ormesett
Ormeseton	Ormeseton
Ormeshaw	Ormeshaw, Ormeshawe
Ormeston	Ormeston, Ormestone, Ormston
Ormestrong	Ormestrong
Ormied	Ormied, Ormyed
Ormiston	Ormiston, Ormyston
Ormond	Ormond, Ormonde
Ormstrong	Ormstrong
Ormudo	Ormudo
Orniarto	Orniarto, Ornyarto
Oroeta	Oroeta
Oron	Oron, Orron
Orong	Orong, Oronge
Oronis	Oronis
Orota	Orota, Orotta
Orp	Orp, Orpe
Orqueso	Orqueso
Orrwn	Orrwn, Orwn
Orsanson	Orsanson
Orscot	Orscot, Orscote
Ort	Ort, Orte
Ortanio	Ortanio
Orteago	Orteago
Orteis	Orteis, Orteys
Ortelab	Ortelab, Ortelabe
Orteleb	Orteleb, Ortelebe
Ortelef	Ortelef, Orteleff
Orters	Orters, Ortters
Ortes	Ortes, Orttes
Orteson	Orteson, Ortesson, Ortison, Ortisson, Ortysson
Ortfforde	Ortfforde, Ortford
Ortheago	Ortheago
Orthonio	Orthonio
Ortic	Ortic, Ortyce
Ortino	Ortino
Ortis	Ortis, Ortise, Ortys, Ortyse
Ortmai	Ortmai, Ortmay
Ortman	Ortman
Orto	Orto
Orton	Orton
Ortoneo	Ortoneo, Ortonio, Ortonyo, Orttonio
Ortonium	Ortonium
Ortono	Ortono
Ortoson	Ortoson, Orttoson
Ortson	Ortson, Orttson
Orvei	Orvei, Orvey
Orvena	Orvena
Orwai	Orwai, Orway
Orwel	Orwel, Orwell, Orwelle
Os	Os, Ose, Osse
Osa	Osa
Osan	Osan
Osand	Osand, Osande
Osbarn	Osbarn, Osbarne
Osbarnes	Osbarnes
Osbern	Osbern, Osberne, Osbourn, Osbourne, Osburn, Osburne
Osberous	Osberous
Osborn	Osborn, Osborne
Osborough	Osborough
Osborugh	Osborugh
Osborughes	Osborughes
Osbourgh	Osbourgh
Osbright	Osbright
Osburgh	Osburgh
Osdal	Osdal, Osdall
Osee	Osee, Oseie, Oseye
Osegard	Osegard
Osei	Osei, Osey, Ossei
Osello	Osello, Oselo, Osselo
Osembridg	Osembridg, Osembridge
Osembridges	Osembridges, Osembrydges
Osenbeck	Osenbeck, Osenbecke
Osenbreges	Osenbreges, Osenbruges, Ossenbreges
Osenbrig	Osenbrig, Osenbrigge
Osenbriges	Osenbriges, Osenbrigges, Osenbryges, Osenbrygges, Ossenbriges, Ossenbrigges
Osenbriggis	Osenbriggis, Osenbrigis
Osenbrugh	Osenbrugh
Osenburg	Osenburg, Osenburgh
Osenburgs	Osenburgs
Oser	Oser
Osero	Osero, Ossero
Oset	Oset
Osgar	Osgar
Osgard	Osgard, Osgarde
Osgod	Osgod, Osgode
Osgood	Osgood
Osi	Osi, Osy
Osies	Osies
Osiis	Osiis
Osimbruges	Osimbruges, Osymbruges, Osymbrugges
Osinbrei	Osinbrei, Osynbrey
Osinbriges	Osinbriges, Osinbrigges, Osynbriges, Osynbrigges, Osynbryges, Osynbrygges
Osinbrighes	Osinbrighes, Osynbrighes
Osinbrigis	Osinbrigis
Osinbris	Osinbris, Osynbris, Osynbrys
Osinbrug	Osinbrug, Ossynbrug
Osinbruges	Osinbruges, Osinbrugges, Ossynbruges, Ossynbrugges, Osynbruges, Osynbrugges
Osinbrughes	Osinbrughes, Osynbrughes
Osinburgh	Osinburgh, Osynburgh
Osingborough	Osingborough, Ossyngborough
Osingbriges	Osingbriges, Osingbrigges
Osingbruges	Osingbruges, Osingbrugges, Osyngbruges, Osyngbrugges
Osis	Osis, Osys
Ositer	Ositer, Ossyter
Ositha	Ositha
Ositho	Ositho
Oslei	Oslei, Osley
Osmendes	Osmendes, Ossmendes
Osmond	Osmond, Osmonde
Oso	Oso, Osso
Osolph	Osolph, Ossolph
Osoph	Osoph, Ossophe
Osow	Osow, Osowe
Ossunbriges	Ossunbriges, Ossunbrigges, Osunbriges
Ossunbruges	Ossunbruges, Osunbruges
Ost	Ost, Oste
Ostehuson	Ostehuson
Osten	Osten
Ostenbrough	Ostenbrough
Ostend	Ostend, Ostende
Osterbek	Osterbek
Osterbrig	Osterbrig, Osterbrige
Osterd	Osterd, Ostred
Osterich	Osterich, Osteriche, Osterik, Osterych, Osteryche, Osteryk
Osteright	Osteright
Ostinck	Ostinck, Ostynck
Ostra	Ostra
Ostrech	Ostrech, Ostreche, Ostrick
Ostredg	Ostredg, Ostredge
Ostri	Ostri, Ostry
Ostrich	Ostrich, Ostriche, Ostryche
Ostridg	Ostridg, Ostrydge
Ostrught	Ostrught
Osumbriges	Osumbriges, Osumbrigges, Osumbryges
Oswai	Oswai, Osway
Oswaie	Oswaie, Oswaye
Oswald	Oswald
Oswaldo	Oswaldo
Oswardbi	Oswardbi, Oswardby
Oswold	Oswold
Ot	Ot, Ote, Ott, Otte
Otatsa	Otatsa
Otel	Otel, Ottele, Owtel, Owtell
Otelee	Otelee, Oteleie, Ottelee, Otteleye
Otelei	Otelei, Oteley, Otteley
Otenes	Otenes, Ottenes
Oter	Oter, Otr, Otter, Ottre
Otero	Otero, Ottero
Otes	Otes
Oteson	Oteson, Otteson, Ottesone, Ottesson
Otewel	Otewel, Otewele, Otewelle
Otewik	Otewik, Otewyke
Otin	Otin, Ottyn
Otis	Otis, Otys
Otkarson	Otkarson, Otkarsson
Otlei	Otlei, Otley
Otnal	Otnal, Otnall, Otnalle, Ottnall
Otnard	Otnard
Oto	Oto, Otto, Owto
Oton	Oton, Otone, Owten, Owton
Otrento	Otrento
Otshewi	Otshewi
Otson	Otson
Ottwell	Ottwell, Otwel, Otwell, Otwelle
Otwello	Otwello, Otwelo
Oubergen	Oubergen
Oud	Oud, Oude
Oudenburgh	Oudenburgh
Oudwaie	Oudwaie
Ougham	Ougham
Oughtfeld	Oughtfeld
Oughtright	Oughtright
Ouglei	Ouglei, Ougley
Ouino	Ouino
Ouldehal	Ouldehal, Ouldehale
Oulehal	Oulehal, Oulehale
Oumfrei	Oumfrei, Oumfrey
Ounc	Ounc, Ounce, Ownc, Ownce
Ounch	Ounch, Ounche
Ounelei	Ounelei, Ouneley
Ouns	Ouns, Ounse, Ounsse, Ounz, Ounze
Ountent	Ountent
Our	Our
Ouro	Ouro
Ousbright	Ousbright
Oustin	Oustin, Oustyn
Oustrigh	Oustrigh
Oustright	Oustright
Out	Out, Oute, Owt, Owte
Outasch	Outasch, Outasche, Outash
Outeasch	Outeasch, Outeasche
Outenard	Outenard, Outenarde
Outeneles	Outeneles
Outer	Outer, Outr, Outre
Outerson	Outerson, Outersson
Outesem	Outesem
Outfild	Outfild
Outhger	Outhger
Outmer	Outmer
Outnal	Outnal, Outnall
Outnard	Outnard
Outreaga	Outreaga
Outreight	Outreight, Outreyght
Outremarin	Outremarin
Outreson	Outreson, Outresson
Outrich	Outrich
Outright	Outright, Outryght
Ova	Ova
Ovelei	Ovelei, Oveley
Oven	Oven
Over	Over, Overe, Overei, Overey
Overai	Overai, Overay
Overbagh	Overbagh
Overbaugh	Overbaugh
Overbaught	Overbaught
Overbot	Overbot
Overcamp	Overcamp, Overcampe, Overkamp, Overkampe, Ovircamp, Ovyrcamp
Overgh	Overgh
Overlei	Overlei, Overley
Overman	Overman
Overser	Overser
Overset	Overset, Oversett
Overson	Overson
Overstekin	Overstekin, Overstekyn
Overtin	Overtin, Overtyn
Overton	Overton
Overwar	Overwar, Overware, Overwarr
Overwin	Overwin, Overwyn
Ovino	Ovino
Oviver	Oviver, Ovyver
Ovor	Ovor
Owain	Owain
Owb	Owb, Owbe
Owbert	Owbert
Owbriset	Owbriset, Owbrisette
Owcertiaga	Owcertiaga
Owdelaw	Owdelaw, Owdelawe
Owdelow	Owdelow, Owdelowe
Owdinet	Owdinet
Owein	Owein, Oweyn
Oweino	Oweino, Oweyno
Owel	Owel, Owell
Owen	Owen, Owun
Owenard	Owenard
Owenei	Owenei, Oweney
Oweno	Oweno, Owinno, Owino, Owyno
Ower	Ower
Owet	Owet
Owg	Owg, Owge
Owgaw	Owgaw, Owgawe
Owigo	Owigo
Owin	Owin, Owyn
Owinec	Owinec, Owinece
Owis	Owis
Owl	Owl, Owlle
Ownec	Ownec, Ownece
Owner	Owner
Owns	Owns, Ownse, Ownsse
Ownslow	Ownslow
Owrset	Owrset, Owrsett
Owset	Owset
Owtash	Owtash, Owtasshe
Owtelaw	Owtelaw, Owtelawe
Owtenal	Owtenal, Owtenall
Owtenard	Owtenard
Owtenash	Owtenash, Owtenashe
Owtenes	Owtenes
Owthwait	Owthwait, Owthwayte
Owtlaw	Owtlaw, Owtlawe
Owtnal	Owtnal, Owtnall, Owtnel, Owtnell
Owtnar	Owtnar, Owtner
Owtnard	Owtnard
Owtotei	Owtotei, Owtotey
Owtr	Owtr, Owtre, Owtur
Owtret	Owtret
Owtrid	Owtrid, Owtryd
Owtright	Owtright
Owunc	Owunc, Owunce
Oxbreg	Oxbreg, Oxbrege, Oxbrig, Oxbryge
Oxenbrig	Oxenbrig, Oxenbrigge, Oxinbrig, Oxinbrige
Oxnei	Oxnei, Oxney
Oxonie	Oxonie
Oxtatur	Oxtatur
Oxton	Oxton
Ozenbreges	Ozenbreges
Ozenbriges	Ozenbriges, Ozenbrigges
Ozier	Ozier
Pa	Pa
Pabaveson	Pabaveson
Pac	Pac, Pace, Pack, Packe, Pak, Pake, Pakke
Pacfeld	Pacfeld
Pach	Pach, Pache, Patch, Patche
Pacheo	Pacheo
Paci	Paci, Pacy
Pacie	Pacie, Pacye
Packer	Packer
Packet	Packet
Packewod	Packewod, Packewode
Packington	Packington, Packyngton
Pacwod	Pacwod, Pacwode, Pakwod, Pakwode
Paddesley	Paddesley, Padeslei
Paddisley	Paddisley, Padislei
Padg	Padg, Padge
Padget	Padget, Pagit, Pagytt
Padington	Padington, Padyngton
Padisl	Padisl, Padisle
Padrier	Padrier, Padrir, Padrire, Padryer
Padua	Padua
Paes	Paes, Paesse, Pais, Paise, Pays, Payse
Pag	Pag, Page, Pagge
Pagal	Pagal, Pagalle
Pagamil	Pagamil, Pagamille
Pagamila	Pagamila, Pagamilla
Pagan	Pagan, Pagane
Paganel	Paganel, Paganell
Paganela	Paganela, Paganella
Paganello	Paganello, Paganelo
Pagat	Pagat
Pageant	Pageant
Pagel	Pagel, Pagelle
Pageon	Pageon
Paget	Paget, Pagett, Paggett
Paghengton	Paghengton
Paghington	Paghington, Paghyngton
Paghinton	Paghinton
Pagiet	Pagiet, Pagiett
Pagington	Pagington, Pagyngton
Paginton	Paginton
Pagna	Pagna
Pago	Pago
Pagon	Pagon
Pagot	Pagot
Pai	Pai, Pay
Paian	Paian, Payan
Paic	Paic, Paice, Payce
Paidg	Paidg, Paidge
Paie	Paie, Paye
Paies	Paies, Payes
Paiesters	Paiesters, Payesters
Paiez	Paiez, Payez, Peis, Peys, Piz, Pyz
Paig	Paig, Paige, Payge
Pailiard	Pailiard
Pailmaker	Pailmaker, Paylmaker
Pain	Pain, Paine, Payn, Payne
Painard	Painard, Paynard
Painel	Painel, Paynell, Paynelle
Paintar	Paintar, Painter, Payntare, Paynter
Painton	Painton, Paynton
Paintour	Paintour, Payntour
Paitin	Paitin, Paytyn
Paiton	Paiton, Payton
Paiva	Paiva, Payva
Pakedew	Pakedew, Pakkedewe
Pakedow	Pakedow, Pakkedow
Pakefeld	Pakefeld
Paker	Paker, Pakker
Pakes	Pakes, Pakkes
Paket	Paket, Pakket
Pakhous	Pakhous, Pakhousse
Pakington	Pakington, Pakyngton, Pakyngtone
Pakinton	Pakinton
Pal	Pal, Pale, Pall, Palle
Palac	Palac, Palace
Palaciis	Palaciis
Palacio	Palacio
Palacius	Palacius
Palagrena	Palagrena
Palamant	Palamant, Pallamant
Palament	Palament
Palamon	Palamon
Palamont	Palamont
Palamota	Palamota, Pallamota
Palamoto	Palamoto
Palarma	Palarma
Palasio	Palasio
Palasis	Palasis, Palasys
Palastrel	Palastrel, Palastrell
Palasubue	Palasubue
Palat	Palat, Palatt
Palaunt	Palaunt, Palaunte
Paldavi	Paldavi, Paldavy
Palden	Palden
Palei	Palei, Palley
Palemon	Palemon
Palencia	Palencia
Palenti	Palenti
Palento	Palento
Palerma	Palerma
Palermo	Palermo
Palerno	Palerno
Pales	Pales, Palles
Palestrel	Palestrel, Palestrell
Palet	Palet, Palett
Palfot	Palfot, Palfote
Palgrav	Palgrav, Palgrave
Pali	Pali, Palie, Palli, Pallie, Pallye, Pawli, Pawlie, Pawly
Paliard	Paliard, Palliard, Palyard
Paling	Paling, Palyng
Pallmer	Pallmer, Palmer, Palmere, Pomerei, Pomerey
Pallo	Pallo, Palo
Palls	Palls, Pals
Palm	Palm, Palme, Pom, Pome
Palma	Palma
Palman	Palman
Palmar	Palmar
Palmekin	Palmekin, Palmekyn
Palmelei	Palmelei, Palmeley
Palmers	Palmers
Palnei	Palnei, Palney
Palsen	Palsen, Palson
Palton	Palton
Palumber	Palumber
Paluto	Paluto
Palveir	Palveir
Pam	Pam, Pame
Pameon	Pameon
Pampelona	Pampelona
Pampiliona	Pampiliona, Pampylyona
Pan	Pan, Pane, Panne
Pancas	Pancas, Pancase
Pancoun	Pancoun
Pancrac	Pancrac, Pancrace
Pancras	Pancras, Pancrase
Pancrason	Pancrason, Pancrasson
Pando	Pando
Pandolffi	Pandolffi, Pandolfi
Pandolphus	Pandolphus
Pandulpho	Pandulpho
Panes	Panes, Pannes
Panet	Panet, Pannet, Pannett
Pangrat	Pangrat, Pangrate
Panhous	Panhous, Panhouse
Panhows	Panhows, Panhowse, Panhowsse
Pania	Pania, Panya
Panie	Panie, Panye
Paniel	Paniel, Panyell
Panis	Panis
Pank	Pank, Panke
Pankok	Pankok, Pankoke
Pankret	Pankret
Pannows	Pannows, Panows
Panns	Panns, Pans
Pansan	Pansan, Panson, Pansone, Panssone
Pansano	Pansano
Pansant	Pansant
Pantab	Pantab
Pantalega	Pantalega
Pantaleon	Pantaleon
Pantales	Pantales
Pantalew	Pantalew, Pantalewe
Pantaliano	Pantaliano
Pantalion	Pantalion, Pantalione, Pantalyone
Pantan	Pantan
Pantean	Pantean
Pantelian	Pantelian
Panteliano	Panteliano
Pantelin	Pantelin, Pantelyn
Pantelion	Pantelion, Pantelione, Pantelyon, Pantelyone
Pantenian	Pantenian, Pantenyan
Panter	Panter
Panthaleon	Panthaleon, Panthaleone
Pantheleon	Pantheleon
Panthelion	Panthelion, Panthelyon
Pantilion	Pantilion, Pantillione
Pantsatich	Pantsatich, Pantsatiche
Pap	Pap, Pape
Papelei	Papelei, Papeley, Pappeley
Papen	Papen, Pappen
Paper	Paper, Papere
Papes	Papes, Pappes
Papetr	Papetr, Papetre
Papia	Papia
Papilwik	Papilwik, Papilwyke
Papingod	Papingod, Papyngode
Paplai	Paplai, Paplay
Paplei	Paplei, Papley
Paps	Paps
Papulwik	Papulwik, Papulwyk
Papworth	Papworth, Papworthe
Par	Par, Pare, Parre
Paracena	Paracena
Paradic	Paradic, Paradice
Paradis	Paradis, Paradys
Paradiso	Paradiso
Paradon	Paradon
Parag	Parag, Parage
Parager	Parager
Parant	Parant, Parent, Parente
Parapona	Parapona
Parapopino	Parapopino, Parrapopyno
Parat	Parat, Paret, Parett, Parot, Parott, Parrat, Parret, Parrett, Parrot, Parrott
Parazin	Parazin, Parazyn
Parbaie	Parbaie, Parbaye
Parceval	Parceval, Parcevale
Parch	Parch, Parche
Parchard	Parchard, Parcharde
Parchemener	Parchemener
Parchemin	Parchemin, Parchemyn
Parchmin	Parchmin, Parchmyn, Parchmyne
Pardo	Pardo
Pardon	Pardon
Pardrio	Pardrio
Parekerol	Parekerol, Parekerole
Paren	Paren
Parens	Parens, Parense
Parer	Parer, Parrer
Parerbai	Parerbai, Parerbay
Pares	Pares, Parres, Pears
Pareus	Pareus
Parfent	Parfent
Parfflyt	Parfflyt, Parflit
Parga	Parga
Parger	Parger
Parget	Parget
Pargeter	Pargeter
Pargetor	Pargetor
Pargetour	Pargetour
Pargitor	Pargitor
Pargrowt	Pargrowt
Paric	Paric, Parice, Paryce
Paries	Paries
Parin	Parin, Paryn
Paris	Paris, Parise, Parris, Parrise, Parrys, Parryse, Parys, Paryse, Peris, Perris, Perrys, Perys
Parisch	Parisch, Parysch, Perrus, Perus, Prus, Pruse
Pariseo	Pariseo, Parisio
Parish	Parish, Parishe, Paryshe, Paryssh
Parisiensis	Parisiensis
Parivin	Parivin, Paryvyn
Park	Park, Parke
Parkar	Parkar
Parken	Parken
Parkentin	Parkentin
Parker	Parker, Parkere
Parkin	Parkin, Parkyn
Parkinton	Parkinton, Parkynton
Parlamota	Parlamota
Parlebi	Parlebi, Parleby
Parlemota	Parlemota
Parles	Parles
Parmatier	Parmatier
Parmetier	Parmetier
Parmetur	Parmetur, Parmiter, Parmitter, Parmyter, Parmytter
Parminter	Parminter, Parmynter
Parnel	Parnel, Parnele, Parnell, Parnelle
Paron	Paron
Parow	Parow, Parrow
Parphie	Parphie, Parphye
Parpoint	Parpoint, Parpoynt
Pars	Pars, Parse
Parselow	Parselow, Parselowe
Parsens	Parsens, Parsons
Parson	Parson, Parsone
Parteges	Parteges
Partei	Partei, Partey
Parth	Parth, Parthe
Partigis	Partigis
Partigues	Partigues
Partous	Partous
Partrech	Partrech, Partrich, Partriche, Partrych, Partryche
Partredg	Partredg, Partredge
Partridg	Partridg, Partridge, Partrydge
Paruk	Paruk, Peruk, Peruke, Pruc, Pruce
Parv	Parv
Parva	Parva
Parvo	Parvo
Parvus	Parvus
Pas	Pas, Pase, Pass, Passe
Pasa	Pasa, Passa
Pasag	Pasag, Pasage, Passage
Pasagi	Pasagi, Passagy
Pasagio	Pasagio, Passagio
Pasai	Pasai, Passay
Pasan	Pasan, Passane
Pasana	Pasana
Pasano	Pasano, Passano
Pasaro	Pasaro
Pasca	Pasca
Pascal	Pascal, Pascale, Pascall, Pascalle
Pascalego	Pascalego
Pascaligo	Pascaligo
Pascalin	Pascalin, Pascalyn, Pascalyne
Pascalino	Pascalino
Pascallo	Pascallo, Pascalo
Pascaval	Pascaval, Pascavale
Pascelego	Pascelego
Pasch	Pasch, Pasche, Pask, Paske
Paschal	Paschal, Paschall, Pashal, Passhall
Paschalego	Paschalego
Paschelew	Paschelew, Passchelew
Pasci	Pasci, Pascy
Pasco	Pasco
Pascoe	Pascoe
Pascua	Pascua
Pascual	Pascual, Pascuale, Pascuall, Pascualle
Pascualig	Pascualig
Pascualin	Pascualin, Pascualyn
Pascualis	Pascualis
Pascuallo	Pascuallo, Pascualo
Pasegual	Pasegual, Pasegualle
Pasei	Pasei, Passey
Paselard	Paselard, Passelard
Paselew	Paselew, Pashelew, Passelewe, Passhelew, Passhelewe
Paselow	Paselow, Passelowe
Pasemer	Pasemer, Passemer, Passemere
Pasemor	Pasemor, Passemore
Paseras	Paseras, Passeras
Pases	Pases, Passes
Pasewar	Pasewar, Passeware
Pash	Pash, Pashe
Pashelei	Pashelei, Passheley
Pasi	Pasi, Passy
Pasie	Pasie, Passie, Passye
Pasinbergh	Pasinbergh, Passynbergh
Pasio	Pasio, Passio
Paskal	Paskal, Paskall
Paskaleg	Paskaleg, Paskalege
Paskalego	Paskalego
Pasken	Pasken
Paskes	Paskes
Paskin	Paskin, Paskyn
Paslo	Paslo, Paslow, Paslowe
Pasmer	Pasmer
Paso	Paso, Passo
Pason	Pason, Passon
Pasqual	Pasqual, Pasquale, Pasquil, Pasquile
Pasqualego	Pasqualego
Pasqualigo	Pasqualigo
Pasquelin	Pasquelin, Pasquelyn
Pasquet	Pasquet
Pasquies	Pasquies, Pasquyes
Passus	Passus, Pasus
Past	Past, Paste
Pastai	Pastai, Pastay
Pastail	Pastail, Pastaylle
Pastei	Pastei, Pastey
Paster	Paster, Pastor
Pasteril	Pasteril, Pasterille
Pasterwik	Pasterwik, Pasterwyk
Paston	Paston
Pastorel	Pastorel, Pastorell
Pastorew	Pastorew, Pastorewe
Pastorwich	Pastorwich, Pastorwiche, Pastorwik
Pastour	Pastour
Pastow	Pastow, Pastowe
Pastrevico	Pastrevico, Pastrovico
Pastrovichio	Pastrovichio
Pastrovino	Pastrovino
Pastrowichio	Pastrowichio
Pat	Pat, Pate, Patte
Pateman	Pateman, Putman
Patemer	Patemer, Pattemer
Patemor	Patemor, Patemore
Paten	Paten, Patten
Patener	Patener, Pattener
Patenmakar	Patenmakar
Patenmaker	Patenmaker
Patens	Patens
Patenson	Patenson, Pattenson
Paterik	Paterik, Pateryk
Paterio	Paterio
Paternoster	Paternoster
Paternostermaker	Paternostermaker
Paters	Paters, Peturs
Paterson	Paterson
Pates	Pates, Pattes
Pateslei	Pateslei, Pattesley
Pathea	Pathea
Pati	Pati
Patie	Patie, Patye
Patin	Patin, Patyn, Patyne
Patina	Patina
Patinar	Patinar
Patiner	Patiner
Patinmaker	Patinmaker, Patynmaker
Patinson	Patinson, Patinsone, Patynson
Patis	Patis, Patys
Patman	Patman
Patrac	Patrac, Patrace
Patras	Patras, Patrase
Patriark	Patriark, Patriarke, Patryarke
Patric	Patric, Patrik, Patrike, Patryk, Patryke, Pattryke
Patricii	Patricii
Patricio	Patricio
Patrick	Patrick, Patryck, Patrycke, Pattrycke
Patrickes	Patrickes
Patries	Patries
Patrikes	Patrikes, Pattrikes
Patris	Patris, Patrise
Patron	Patron, Patrone
Paul	Paul, Paule, Paull, Paulle, Pawl, Pawle, Pawll, Pawlle, Pol, Pole, Poll, Polle
Paula	Paula
Paulegilis	Paulegilis
Paulei	Paulei, Pauley, Pawlei, Pawley
Paules	Paules, Paulles, Poles, Polles
Paulesham	Paulesham
Pauleson	Pauleson, Paulesson, Pawleson, Pawlesson
Pauli	Pauli, Paulli
Paulis	Paulis, Paulys
Paullo	Paullo, Paulo
Paulls	Paulls, Pauls
Paullum	Paullum, Paulum
Paulman	Paulman, Pawlman
Paulmer	Paulmer, Pawllmer, Pawlmer
Paulot	Paulot
Paulson	Paulson
Paulus	Paulus, Pawllus, Pawlus
Paunson	Paunson, Paunsone
Paup	Paup, Paupe
Pauson	Pauson
Pauv	Pauv, Pauve
Pav	Pav, Pave
Pava	Pava
Pavedo	Pavedo
Paveles	Paveles, Pavelles
Paveot	Paveot
Paver	Paver
Pavero	Pavero
Pavi	Pavi, Pavy
Pavic	Pavic, Pavice
Pavie	Pavie, Pavye
Pavier	Pavier, Pavyer
Paviot	Paviot, Pavyott
Pavis	Pavis
Pavoid	Pavoid, Pavoide
Pavoit	Pavoit
Paw	Paw, Pawe
Paweles	Paweles, Pawelles
Pawleis	Pawleis, Pawleys
Pawles	Pawles, Pawlles
Pawlin	Pawlin
Pawlis	Pawlis
Pawlo	Pawlo
Pawlot	Pawlot
Pawm	Pawm, Pawme
Pawn	Pawn, Pawne
Pax	Pax, Paxe
Paxel	Paxel, Paxelle
Paxelin	Paxelin, Paxelyn
Paxer	Paxer
Paxsal	Paxsal, Paxsalle
Paxton	Paxton
Pe	Pe, Peie
Pear	Pear, Peare
Peares	Peares, Peeres, Peers, Peerse, Piers, Pyers, Pyerse
Peasa	Peasa, Peassa
Pec	Pec, Pecche, Pece, Pech, Peche
Peca	Peca
Pecaleg	Pecaleg
Pecard	Pecard
Pechard	Pechard
Pecheford	Pecheford
Pechelo	Pechelo
Pecheo	Pecheo
Pechford	Pechford
Pecket	Pecket
Peckham	Peckham
Pecock	Pecock, Pecok, Pecoke
Ped	Ped, Pedde, Pet, Pete, Pett, Pette
Pedad	Pedad
Pedaitz	Pedaitz
Pedelei	Pedelei, Pedeley
Pedil	Pedil, Pedill, Pedyll
Pedot	Pedot, Pedote
Peerson	Peerson, Peirson, Peirsson, Pierson, Piersson, Pierssone, Pyersson
Peet	Peet, Peete, Pit, Pitt, Pitte, Pyt, Pytte
Peg	Peg, Pegge
Pegaro	Pegaro, Pegarro
Pegeo	Pegeo
Pegeon	Pegeon, Pegeone
Peghen	Peghen
Pegion	Pegion, Pigeon, Pigeone, Pigion, Pygeon, Pygyon
Pegot	Pegot
Pegram	Pegram
Pegrem	Pegrem, Pegrim, Pegryme
Pegrin	Pegrin, Pegrine
Pehen	Pehen
Pehon	Pehon
Pei	Pei, Pey
Peik	Peik, Pek, Peke, Pekke, Peyk, Pic, Pick, Pik, Pike, Pyce, Pycke, Pyk, Pyke
Peinter	Peinter, Peynter, Pinter
Peintour	Peintour, Peyntour
Peires	Peires, Peirs, Pers, Perse, Peyres, Peyrs
Peirn	Peirn, Peyrn
Peisaro	Peisaro, Peysaro
Peiser	Peiser, Peyser
Peiter	Peiter, Peyter
Peitirfeld	Peitirfeld, Peytirffeld
Peito	Peito, Peyto
Peiton	Peiton, Peyton
Peizero	Peizero, Peyzero
Pekbrig	Pekbrig, Pekbrygge
Pekenam	Pekenam
Peker	Peker, Pekker
Pekering	Pekering, Pekeringe, Pekeryng
Peket	Peket, Poket
Pekin	Pekin, Pekyn, Picon, Pycon
Pekok	Pekok
Pel	Pel, Pele, Pelle
Pelagrino	Pelagrino, Pellagrino
Pelagus	Pelagus
Pelam	Pelam, Pelham, Pellam
Pelarie	Pelarie, Pellarie, Pellorye, Pelorie
Pelat	Pelat
Pelaw	Pelaw, Pellawe
Pelch	Pelch, Pelche
Peleat	Peleat, Pelleat
Pelegrim	Pelegrim, Pelegrym
Pelegrin	Pelegrin, Pelegryn, Pellegryne
Pelegro	Pelegro, Peligro, Pellygro
Pelek	Pelek, Pelik, Pellek, Pellyke
Peler	Peler
Pelerin	Pelerin, Pelleryn
Peles	Peles, Pelles
Peleson	Peleson, Pelleson
Pelet	Pelet, Pellet, Pellett
Peleter	Peleter, Pelleter
Peletr	Peletr, Pelletre
Pelgrim	Pelgrim, Pelgrym
Pelgrot	Pelgrot, Pelgrote
Pelican	Pelican, Pellican, Pellicane, Pellycan, Pellycane, Pelycan
Pelino	Pelino, Pellino, Pellyno
Pelinot	Pelinot, Pelynot
Peliono	Peliono, Pelliono
Pellman	Pellman, Pelman
Pellorin	Pellorin, Pelorin
Pellsaunt	Pellsaunt, Pelsaunt
Pelmaker	Pelmaker
Pelowis	Pelowis, Pelowys
Pelsant	Pelsant
Pelter	Pelter
Peltez	Peltez
Peltier	Peltier, Peltyer
Peltis	Peltis
Peltz	Peltz
Pemberton	Pemberton
Pemeron	Pemeron
Pemerond	Pemerond
Pemerton	Pemerton
Pemsac	Pemsac, Pemsace
Pemsei	Pemsei, Pemsey
Pen	Pen, Pene, Penne
Penacio	Penacio
Penato	Penato
Penaw	Penaw, Penawe
Penbrok	Penbrok, Penbroke
Pencal	Pencal, Penncale
Pencost	Pencost, Pencoste
Pend	Pend
Pender	Pender
Pendred	Pendred
Pendrith	Pendrith
Penedo	Penedo
Peneis	Peneis, Peneys
Penel	Penel, Penell, Penelle, Penil, Penyll
Penerk	Penerk, Pennerke
Penes	Penes
Penesio	Penesio
Penew	Penew, Penewe, Pennew
Pengelio	Pengelio
Penhurst	Penhurst
Peni	Peni, Peny
Penicost	Penicost
Penifather	Penifather, Penyfather
Penifether	Penifether, Penyfether
Pening	Pening, Pennyng
Penington	Penington, Pennyngton, Penyngton
Peniro	Peniro, Penyro
Penis	Penis, Penys
Penisas	Penisas
Penitens	Penitens, Penitense
Penithorn	Penithorn, Penythorne
Penmark	Penmark, Penmarke
Pennorth	Pennorth, Penorth
Pennow	Pennow, Pennowe, Penow
Pennowne	Pennowne, Penown
Penodo	Penodo
Penon	Penon
Penos	Penos, Penose
Penreth	Penreth, Penrethe, Penrith, Penryth, Penrythe
Penros	Penros, Penrose, Penrowes, Penrows, Penrowse
Penrow	Penrow, Penrowe
Penrowc	Penrowc, Penrowce
Pens	Pens
Pensan	Pensan, Pensane
Pensano	Pensano
Penselen	Penselen, Pensellen
Penserd	Penserd
Penshurst	Penshurst, Penshurste
Penson	Penson
Pensour	Pensour
Pensurno	Pensurno
Pent	Pent, Pente
Pentadour	Pentadour
Pentcost	Pentcost
Penteag	Penteag
Pentecost	Pentecost, Penticost, Penticoste, Pentycost
Penticest	Penticest
Pentilio	Pentilio
Pento	Pento
Pentrith	Pentrith
Penudo	Penudo
Penult	Penult
Penultimo	Penultimo
Peorto	Peorto, Porto
Pep	Pep, Pepe
Peper	Peper, Pepere, Pepper
Peperlok	Peperlok
Pepersack	Pepersack, Pepersacke
Pepil	Pepil, Pepill, Pepl, Peple
Pepir	Pepir, Peppir, Pepyr
Pepor	Pepor
Pepwel	Pepwel, Pepwell
Per	Per, Pere, Pir, Pirr, Pr, Pre, Pur, Purre
Pera	Pera
Peragrino	Peragrino
Peram	Peram
Peran	Peran, Perane, Peren, Perewin, Perewyn, Prun, Prune
Peraris	Peraris, Perrarys
Perart	Perart
Peras	Peras
Peraso	Peraso, Perasso
Perat	Perat, Perate
Peraud	Peraud
Peravie	Peravie
Perawder	Perawder
Perbaie	Perbaie, Perbaye
Perc	Perc, Perce, Perk, Perke
Percei	Percei, Percey
Perceval	Perceval, Percevale, Percevall, Percevalle
Perch	Perch, Perche
Perchar	Perchar
Perchard	Perchard
Percher	Percher
Percherd	Percherd, Percherde
Perci	Perci, Percy
Percie	Percie, Percye
Percis	Percis, Percys
Percival	Percival, Percivale, Percivall, Percivalle, Percyvale, Percyvall, Percyvalle
Percivallo	Percivallo, Percivalo, Percyvallo, Percyvalo, Persivallo, Persivalo
Perd	Perd
Perdea	Perdea
Perdew	Perdew, Perdewe, Purdew
Perdicinio	Perdicinio
Perdito	Perdito, Perdyto
Perdocio	Perdocio
Perdul	Perdul, Perdule
Perec	Perec, Perece
Pereda	Pereda
Peregr	Peregr, Peregre
Peregri	Peregri
Peregrin	Peregrin
Peregrini	Peregrini, Peregriny
Pereis	Pereis, Pereys, Preis, Preise, Preys, Preyse
Perek	Perek, Perich, Periche, Perrek, Pric, Price, Prick, Prik, Pryck, Pryk, Prykke
Pereman	Pereman
Perepoint	Perepoint, Perepointe
Perepount	Perepount, Perepounte, Perpount, Perpounte, Perpountte
Perera	Perera, Perrera
Pereral	Pereral, Perrerale
Perers	Perers
Peres	Peres, Perez, Perres
Pereson	Pereson, Peresson, Perison, Perisson, Perrisson, Perysson, Peryssone
Peresoun	Peresoun, Peressoun
Peret	Peret, Perett, Poret, Porett, Porette, Pret, Prete, Prot, Protte, Prut, Prute
Peretis	Peretis, Perettis
Perewik	Perewik, Perewyk
Perflet	Perflet
Pergamo	Pergamo
Pergem	Pergem
Pergen	Pergen, Purgon, Purgone
Pergent	Pergent
Perger	Perger
Pergow	Pergow, Pergowe
Peri	Peri, Perri, Perry, Pery
Periat	Periat, Periatt
Peric	Peric, Perice, Perik, Perike
Perica	Perica
Perico	Perico
Peridan	Peridan, Peridane, Perydane, Preden
Perie	Perie, Perye, Piri, Pirie, Pirri, Pirry, Pyrry, Pyrrye, Pyry
Perieson	Perieson, Periesson
Periman	Periman, Peryman
Perin	Perin, Perryn, Peryn, Peryne, Prin, Prine
Perina	Perina
Perinaud	Perinaud, Perynaud
Pering	Pering, Perryng, Perrynge
Peringal	Peringal, Peryngale
Peringhal	Peringhal, Perynghale
Perinin	Perinin, Perynyn
Perisot	Perisot, Perisote
Perith	Perith, Peryth
Peritis	Peritis, Perytis
Perken	Perken
Perkhausen	Perkhausen
Perkin	Perkin, Perkyn
Perkines	Perkines, Perkins, Perkynes, Perkyns
Perkok	Perkok
Perl	Perl, Perle
Perlabrac	Perlabrac, Perlabrace
Perleburgh	Perleburgh
Perlingbergh	Perlingbergh, Perlyngbergh
Permael	Permael, Permaelle
Permai	Permai, Permay
Permar	Permar
Permates	Permates, Permattes
Permentar	Permentar, Permenter
Permentario	Permentario
Permested	Permested
Permetur	Permetur, Permiter, Permytter
Perminter	Perminter, Permynter, Permyntter
Pernanton	Pernanton
Pernardo	Pernardo
Pernaton	Pernaton
Pernauton	Pernauton, Pernawton
Perndos	Perndos
Pernel	Pernel, Pernell
Pernello	Pernello, Pernelo
Pernis	Pernis, Pernys
Pernton	Pernton
Pero	Pero, Perot, Perote, Perott, Perow, Perowe, Perro, Perrote, Perrott, Pro, PRO
Perod	Perod, Prud, Prudde, Prude
Perodris	Perodris
Perol	Perol, Perole
Peron	Peron, Perone
Peronetis	Peronetis, Peronettys
Peros	Peros, Perosse
Perotis	Perotis, Perottis, Perrottys
Peroton	Peroton
Perpoient	Perpoient, Perpoyent
Perpoint	Perpoint, Perpointe, Perpointte, Perpoynt, Perpoynte, Perpoyntt, Perpoyntte
Perpointer	Perpointer, Perpointter, Perpoynter
Persei	Persei, Persey
Perselei	Perselei, Perseley
Perseval	Perseval, Persevale, Persevall, Persevalle
Persevel	Persevel, Persevell
Persi	Persi, Persie, Persy, Persye
Persival	Persival, Persivale, Persivall, Persivalle, Perssyvale, Persyvale, Persyvall, Persyvalle
Person	Person, Persson
Persons	Persons
Perswal	Perswal, Perswall, Perswalle
Pert	Pert, Pertt
Perti	Perti, Pertie, Perty
Pertigis	Pertigis
Pertisher	Pertisher, Pertyssher
Pertoges	Pertoges
Pertok	Pertok
Perum	Perum
Peruta	Peruta
Peruto	Peruto
Pervaie	Pervaie, Pervaye
Pervain	Pervain
Pervaunt	Pervaunt
Perveis	Perveis, Perveys
Pervesin	Pervesin, Pervesyn
Pervil	Pervil, Perville
Pervin	Pervin, Pervyn
Pervis	Pervis, Pervys
Perwik	Perwik, Perwyke
Pes	Pes, Pese
Pesag	Pesag, Pesage
Pesago	Pesago
Pesagr	Pesagr, Pesagre
Pesana	Pesana
Pesancia	Pesancia
Pesano	Pesano
Pesaro	Pesaro
Pescod	Pescod, Pescodde
Pesemaker	Pesemaker
Pesero	Pesero
Pesiar	Pesiar, Pesyar
Pesmark	Pesmark, Pesmarke
Peson	Peson, Pesson
Pesulo	Pesulo
Peta	Peta, Pita, Pytta
Petala	Petala, Petalla
Petani	Petani, Petany
Petar	Petar, Petr, Petre, Pettr
Petarson	Petarson, Pettarson
Petchford	Petchford
Petel	Petel, Pettell
Petenent	Petenent
Peter	Peter, Petere, Petter, Pieter
Peterclain	Peterclain, Peterclayn
Petereson	Petereson, Peteresson
Peterfeld	Peterfeld, Peterffeld
Peteri	Peteri
Petermaies	Petermaies, Petermayes
Peterman	Peterman, Pieterman
Petero	Petero
Peters	Peters, Petters
Petersalmanson	Petersalmanson
Petersbi	Petersbi, Petersby
Peterson	Peterson, Petersone, Petersson, Peterssone, Petterson, Pieterson
Petes	Petes, Pettes, Putz
Petewa	Petewa
Peteworth	Peteworth, Petteworth
Petford	Petford
Peti	Peti, Petit, Petite, Pettit, Pettitt, Petty, Pettyte, Pety, Petyt, Petyte, Petytt, Petytte
Peticlerk	Peticlerk, Peticlerke
Petid	Petid, Petyd, Petyde
Petigo	Petigo, Petygo
Petilman	Petilman
Petin	Petin, Pettyne, Petyne
Petipas	Petipas
Petir	Petir, Petyr
Petirfeld	Petirfeld, Petirfelde, Petirffeld
Petirs	Petirs, Petres
Petirson	Petirson, Petirsson, Petrson, Petyrson, Petyrsson
Petman	Petman, Pettman
Peto	Peto, Petto
Petol	Petol, Pettol
Petot	Petot, Petote
Petow	Petow, Petowe, Potow, Pottowe
Petreman	Petreman
Petresen	Petresen
Petreson	Petreson, Petresone, Petresson, Petrison, Petrisson
Petri	Petri, Petrie, Petry, Petrye
Petrianus	Petrianus, Petryanus
Petris	Petris, Petrys
Petro	Petro
Petronila	Petronila, Petronilla
Petrono	Petrono
Petroso	Petroso
Petrum	Petrum
Petrus	Petrus
Pettur	Pettur, Petur
Pettworth	Pettworth, Petworth
Petua	Petua
Petures	Petures
Peturson	Peturson
Petwin	Petwin, Petwyn
Pevei	Pevei, Pevey
Pever	Pever
Peverel	Peverel, Peverell, Peverelle
Pevers	Pevers
Pevtil	Pevtil, Pevtill
Pewan	Pewan
Pewen	Pewen, Pewene
Pewti	Pewti, Pewty
Pexsal	Pexsal, Pexsalle
Pezaro	Pezaro
Pezero	Pezero
Phaniana	Phaniana
Phaniano	Phaniano
Pharago	Pharago
Phawes	Phawes
Pheberd	Pheberd, Pheberde
Pheenix	Pheenix
Phelep	Phelep, Phellep, Phellepe
Phelepes	Phelepes, Phellepes, Phelleppes
Pheleps	Pheleps, Phellepps, Phelleps
Phelepson	Phelepson, Phellepson
Phelic	Phelic, Phelice
Phelie	Phelie, Phellye, Philie, Phillye
Phelipi	Phelipi, Phelippi, Philipi, Philippi, Philippy, Phillippi
Phelipo	Phelipo, Phelippo, Phelyppo, Philipo, Philippo, Phillipo, Phillippo, Phylippo
Phelipon	Phelipon, Phelippon, Philipon, Philippon
Phelips	Phelips, Phellips
Phelis	Phelis, Phelys
Phenex	Phenex, Phenexe
Phenis	Phenis, Phenys
Phenix	Phenix, Phenixe, Phenyx, Phenyxe
Pheonix	Pheonix, Pheonyx
Pherichard	Pherichard
Phesher	Phesher
Phickow	Phickow, Phickowe
Philberd	Philberd
Philepes	Philepes, Phillepes, Phylleppes
Philepson	Philepson, Phillepson
Phileta	Phileta
Philibordo	Philibordo
Philip	Philip, Philipp, Philippe, Phillip, Phillipe, Phillipp, Phillyp, Philyp, Phylipp, Phylippe, Phyllyp, Phyllype, Phylyp, Phylyppe
Philipho	Philipho
Philipis	Philipis, Philippis
Philipot	Philipot, Philippot, Philippott
Philippsson	Philippsson, Philipson, Phillippson, Phillipson
Philippus	Philippus, Philipus
Philopeson	Philopeson, Philoppesson
Philpot	Philpot, Philpott, Phylpot
Phipis	Phipis, Phippis, Phyppys
Phopen	Phopen, Phoppen
Phopkin	Phopkin, Phopkyn
Phrederick	Phrederick, Phrederik, Phrederyk
Phrederigo	Phrederigo
Piamont	Piamont, Pyamonte
Pian	Pian, Pyane
Piar	Piar
Picard	Picard, Picarde, Pycard
Picardi	Picardi, Picardie, Picardy, Pycardye
Picas	Picas, Pycas, Pycase
Picat	Picat, Pycatte
Piccher	Piccher, Picher, Pyccher, Pycher
Picering	Picering, Pycering
Pichard	Pichard, Picharde, Pycchard, Pychard, Pycharde
Pichemano	Pichemano, Pychemano
Picherd	Picherd, Pikard, Pycherd, Pykard, Pykkarde
Pichout	Pichout, Pychoutt
Pickaring	Pickaring, Pyckaryng
Pickering	Pickering, Pickeringe, Pikaring, Pikring, Pykaryng
Pickman	Pickman, Pikeman, Pyckman, Pykeman
Pickton	Pickton, Picton, Pikton, Pyckton, Pycton, Pykton
Picot	Picot, Pikot, Pycot, Pycote, Pycotte, Pykot, Pykotte
Picwod	Picwod, Picwode
Pid	Pid, Pyde
Pidg	Pidg, Pidge
Pidgeon	Pidgeon
Pidmil	Pidmil, Pidmyle, Pydmyle, Pydmylle
Pidsei	Pidsei, Pydsey
Pie	Pie, Pye
Piedat	Piedat, Pyedatt
Pier	Pier, Pierre
Piera	Piera, Pira, Pyera, Pyra
Pierc	Pierc, Pierce
Pieres	Pieres
Piereson	Piereson, Pieresson
Pierter	Pierter
Pietatis	Pietatis
Pietro	Pietro
Pifano	Pifano, Pyffano
Pifel	Pifel, Piffell
Pig	Pig, Pigge, Pygge
Pigat	Pigat
Pigeburn	Pigeburn, Piggeburne
Pigen	Pigen, Pygene
Pigeo	Pigeo, Pygeo
Pigeonis	Pigeonis
Piget	Piget, Pygett
Pigit	Pigit, Pygyt
Pigo	Pigo, Pygo
Pigol	Pigol, Pygole
Pigot	Pigot, Pigott, Pygot, Pygote, Pygott, Pygotte
Pigrem	Pigrem, Pygreme
Pigrim	Pigrim
Pihilip	Pihilip, Pyhyllip
Pikborn	Pikborn, Pikburn, Pikeburn, Pykborne, Pykburne, Pykeburne
Pikcamilo	Pikcamilo, Pykcamyllo
Pikeham	Pikeham, Pykeham
Pikekus	Pikekus, Pykekuse
Pikenam	Pikenam, Pykenam
Pikenham	Pikenham, Pykenham
Pikering	Pikering, Pikeringe, Pikeryng, Pykering, Pykeryng, Pykerynge
Pikes	Pikes, Pykes
Piket	Piket, Pyket
Pikinham	Pikinham, Pikynham
Pikmar	Pikmar, Pykmar
Pikorn	Pikorn, Pykkorne
Pikwel	Pikwel, Pykwelle
Pil	Pil, Pile, Pill, Pyle
Pilar	Pilar, Pillar
Pilari	Pilari, Pyllary
Pilarie	Pilarie, Pyllarye
Pilat	Pilat, Pylat
Pilato	Pilato
Pilborn	Pilborn, Pilborne, Pilbourn, Pilbourne
Pilch	Pilch, Pilche, Pylch, Pylche
Pilchemak	Pilchemak, Pilchemake
Pilchmaker	Pilchmaker
Pilea	Pilea, Pylea
Pileget	Pileget, Pillegett
Pilegram	Pilegram, Pillegrame
Pilei	Pilei, Pillei
Pileman	Pileman, Pyleman
Pilerie	Pilerie, Pillerie
Piles	Piles, Pilles
Pileson	Pileson, Pillesson
Pilfer	Pilfer, Pilffere
Pilgrim	Pilgrim, Pilgrime, Pilgrym, Pilgryme, Pylgrym
Pilgrin	Pilgrin, Pilgrine, Pylgryn
Pilia	Pilia
Pilio	Pilio
Pilo	Pilo
Pilond	Pilond, Pilonde, Pylond, Pylonde
Pilot	Pilot, Pilote, Pylote, Pylott
Piloto	Piloto, Pyloto
Pilten	Pilten
Pimberton	Pimberton, Pymberton
Pimer	Pimer, Pymer
Pimond	Pimond, Pymond
Pimp	Pimp, Pympe
Pin	Pin, Pyn, Pyne, Pynne
Pina	Pina, Pyna
Pinago	Pinago, Pynago
Pinal	Pinal, Pinale, Pynall
Pinar	Pinar, Pynnar
Pinchard	Pinchard, Pynchard
Pincheon	Pincheon, Pyncheon
Pinchester	Pinchester, Pynchester
Pinchon	Pinchon, Pynchon
Pind	Pind, Pynde
Pinder	Pinder, Pynder
Pined	Pined, Pynede
Pinedo	Pinedo, Pynedo
Pinel	Pinel, Pinell, Pynel, Pynell, Pynelle, Pynnelle
Pineman	Pineman, Pyneman
Piner	Piner, Pyner, Pynner, Pynnere
Pinet	Pinet, Pynet, Pynete
Pinew	Pinew, Pynew
Pinex	Pinex, Pynnex
Ping	Ping, Pyng, Pynge
Pingeston	Pingeston
Pingswin	Pingswin, Pyngswyn
Pinhar	Pinhar, Pynhar
Pinhorn	Pinhorn, Pynhorn
Pini	Pini, Pyny
Piniado	Piniado
Pinington	Pinington, Pynnyngton
Pink	Pink, Pynk
Pinkard	Pinkard, Pinkerd, Pynkard, Pynkerde
Pino	Pino, Pinow, Pynno, Pynnow, Pyno
Pinock	Pinock, Pynnock
Pinodo	Pinodo, Pynodo
Pinok	Pinok, Pynnok
Pinon	Pinon, Pynon
Pinour	Pinour, Pynnour
Pinsa	Pinsa, Pynsa
Pinsard	Pinsard, Pynsard
Pinso	Pinso, Pynso
Pinson	Pinson, Pynson
Pint	Pint, Pynte
Pinto	Pinto, Pynto
Pintolio	Pintolio
Pinxsten	Pinxsten, Pynxsten
Pinxstin	Pinxstin, Pynxstyn
Pio	Pio, Pyo
Pionet	Pionet, Pyonett
Pip	Pip, Pipe, Pype, Pyppe
Pipard	Pipard
Piper	Piper, Pyper
Pipigal	Pipigal, Pypygale
Pipin	Pipin, Pippyn
Pipwel	Pipwel, Pipwell
Pirago	Pirago
Pirei	Pirei, Pirrey
Pires	Pires, Pyres
Pireson	Pireson, Piresson
Piria	Piria
Piriman	Piriman, Pyryman
Piron	Piron, Pyrone
Pirota	Pirota, Pyrota
Pirton	Pirton, Pyrton
Pirwal	Pirwal, Pirwalle, Pirwel, Pirwelle
Pirwei	Pirwei, Pyrwey
Pirwin	Pirwin, Pirwyn
Pis	Pis, Pise, Pisse, Pus, Pusse, Pys, Pyse
Pisa	Pisa
Pisago	Pisago, Pysago
Pisaman	Pisaman, Pysamane
Pisan	Pisan, Pysane
Pisanda	Pisanda, Pyssanda
Pisano	Pisano, Pysano
Pisanum	Pisanum
Piscalis	Piscalis, Piscalys
Piscariis	Piscariis
Piscaris	Piscaris
Piscator	Piscator, Piscatore
Piscenar	Piscenar, Piscenare
Pischoun	Pischoun, Pisschoun
Piseber	Piseber, Pisseber
Pisei	Pisei, Pyssey
Pisen	Pisen, Pison, Pyssen, Pysson
Piser	Piser
Pisford	Pisford, Pisforde, Pysford
Pishion	Pishion, Pisshion
Pisot	Pisot, Pyssott
Pissulo	Pissulo, Pisulo
Piteman	Piteman, Pitman, Pytman
Piters	Piters
Pitesei	Pitesei, Pittesey
Pitkin	Pitkin, Pitkyn
Pitkins	Pitkins, Pitkyns
Pitlesden	Pitlesden
Pitlingal	Pitlingal, Pitlingale
Pitok	Pitok, Pittok
Pitsei	Pitsei, Pytsey
Pl	Pl, Ple, Pul
Pla	Pla, Plogh
Plaa	Plaa
Plac	Plac, Place, Plak
Placena	Placena
Placencia	Placencia, Placencya
Placent	Placent, Placente
Placentia	Placentia
Placker	Placker
Plagmer	Plagmer
Plaiard	Plaiard, Playard
Plaier	Plaier
Plais	Plais, Playse
Plaker	Plaker, Plakker
Plamlei	Plamlei, Plamley
Plan	Plan, Plane
Planckenei	Planckenei, Planckeney, Plankenei, Plankeney
Plancknei	Plancknei, Planckney
Plancnei	Plancnei, Plancney
Plank	Plank, Planke
Planknei	Planknei, Plankney
Plano	Plano
Plant	Plant, Plante
Plantagenet	Plantagenet
Plantaginet	Plantaginet, Plantagynet
Plantein	Plantein, Planteyne
Plas	Plas, Plase
Plasea	Plasea
Plasencia	Plasencia
Plaskar	Plaskar
Plast	Plast
Plaster	Plaster
Plat	Plat, Plate, Platt
Platea	Platea
Platon	Platon
Plaunckenei	Plaunckenei, Plaunckeney
Plauncknei	Plauncknei, Plaunckney
Plavismo	Plavismo
Pleat	Pleat
Plecker	Plecker
Pleges	Pleges
Plem	Plem, Plemme
Plembin	Plembin, Plembyn
Plemblei	Plemblei, Plembley
Plemoth	Plemoth
Plen	Plen
Plent	Plent, Plente
Plesaunc	Plesaunc, Plesaunce
Plesaunz	Plesaunz
Plescow	Plescow, Plescowe
Plesentin	Plesentin, Plesentyne
Plet	Plet
Pleting	Pleting, Pletyng
Plevis	Plevis
Plewter	Plewter
Plimblei	Plimblei, Plymbley
Plimelei	Plimelei, Plymeley
Plimlai	Plimlai, Plymlay
Plimlei	Plimlei, Plymley
Plimmouth	Plimmouth, Plimoth, Plimouth, Plymmoth, Plymmothe, Plymmouth, Plymmouthe
Plimouthiam	Plimouthiam, Plymmouthiam
Plimowth	Plimowth, Plymmowthe, Plymowthe
Plimplei	Plimplei, Plympley
Ploch	Ploch, Plok, Ploke
Ploiard	Ploiard, Ployard
Ploie	Ploie, Ploye
Ploier	Ploier, Ployer
Ploies	Ploies, Ployes
Ploinis	Ploinis, Ploynys
Ploisoe	Ploisoe, Ploysoe
Plom	Plom, Plomb, Plombe, Plome, Plomme
Plomer	Plomer
Plomhop	Plomhop, Plomhope
Plomlai	Plomlai, Plomlay
Plomlei	Plomlei, Plomley
Plomoth	Plomoth
Plomouth	Plomouth
Plomstr	Plomstr, Plomstre
Plotes	Plotes, Plottes
Plough	Plough, Ploughe, Plow, Plowe
Ploughman	Ploughman
Ploum	Ploum, Ploume
Plov	Plov, Plove
Plover	Plover
Plovero	Plovero
Plower	Plower
Plowers	Plowers
Plowgh	Plowgh, Plowghe
Pluces	Pluces
Plugh	Plugh
Plum	Plum, Plumb, Plume
Plumber	Plumber
Plumehoft	Plumehoft, Plumehofte
Plumer	Plumer, Plummer, Plummere
Plumoth	Plumoth, Plumouth
Plumpton	Plumpton
Plumtoft	Plumtoft, Plumtofte
Plus	Plus
Pluscard	Pluscard
Pluter	Pluter
Po	Po
Pobl	Pobl, Poble
Poch	Poch, Poche, Pock, Pocke, Pok, Poke
Pocheo	Pocheo, Pochio
Pocopart	Pocopart, Pocoparte
Pod	Pod, Pode
Podder	Podder, Poder
Podeham	Podeham
Podel	Podel, Podelle
Podeo	Podeo
Poderham	Poderham
Podesei	Podesei, Podesey
Podg	Podg, Podge
Podil	Podil, Podylle
Podio	Podio
Poela	Poela, Pola
Poet	Poet, Poete
Poetes	Poetes, Potes, Pottes
Poeto	Poeto
Pog	Pog, Poge
Pogeo	Pogeo
Pogier	Pogier
Pogio	Pogio
Pogon	Pogon
Poidg	Poidg, Poidge
Poie	Poie, Pois, Poye, Poys
Poientes	Poientes, Poyentes
Poientz	Poientz, Poyentz
Poigio	Poigio
Poilie	Poilie, Poylye
Poin	Poin, Poyne
Poines	Poines, Poynes
Poinez	Poinez, Poynez
Point	Point, Poynt, Poynte
Pointel	Pointel, Pointell, Poyntell, Poyntelle
Pointer	Pointer, Poynter
Pointes	Pointes, Poynttes
Pointeson	Pointeson, Pointesson
Pointmaker	Pointmaker, Poyntmaker
Pointwin	Pointwin, Poyntwyn
Pointz	Pointz, Poyntz
Poio	Poio, Poyo
Poiselard	Poiselard, Poysselard
Poiser	Poiser, Poyser
Poish	Poish, Poysshe
Poitevin	Poitevin, Poytevyn
Poiteving	Poiteving, Poytevyng
Pokapart	Pokapart
Polano	Polano
Polard	Polard, Pollard, Pollarde
Polat	Polat, Pollat
Pold	Pold
Poldavi	Poldavi, Poldavy
Poldavid	Poldavid
Poldirman	Poldirman, Poldreman
Polein	Polein, Poleyn
Polen	Polen, Pollen
Polento	Polento
Poler	Poler, Poller
Polerman	Polerman
Polesa	Polesa, Pollesa
Poleson	Poleson
Polet	Polet, Polett, Polette, Pollet, Pollett
Polevin	Polevin, Polevyn
Polflet	Polflet, Polflete
Poli	Poli, Polie, Pollie, Poly
Polician	Polician, Polison, Pollician, Pollisson
Polidorus	Polidorus
Polin	Polin, Polyn
Polis	Polis, Pollis, Polys
Polisa	Polisa
Polistr	Polistr, Polistre
Poliver	Poliver, Pollyver, Polyver
Polk	Polk
Pollnow	Pollnow, Polnow
Pollo	Pollo, Polo
Pollogh	Pollogh, Pologh
Pollonii	Pollonii, Polonii
Polman	Polman
Polmanek	Polmanek, Polmaneke
Polonio	Polonio, Polonyo
Polson	Polson
Polsted	Polsted
Polstid	Polstid
Polter	Polter, Poulter
Polunl	Polunl, Polunle
Pomefeld	Pomefeld, Pomefelde
Pomerais	Pomerais
Pomerar	Pomerar, Pomerare
Pomeri	Pomeri, Pomery
Pomerie	Pomerie, Pomerye
Pomfret	Pomfret, Pomfrete
Pomiliato	Pomiliato
Pomoliato	Pomoliato
Pon	Pon, Pone
Ponado	Ponado
Ponchon	Ponchon
Pondenda	Pondenda
Pondeodour	Pondeodour
Ponder	Ponder
Ponderam	Ponderam
Pondfred	Pondfred
Pondg	Pondg, Pondge
Pondhodour	Pondhodour
Pondhodur	Pondhodur
Pondhodurn	Pondhodurn
Poninges	Poninges, Ponynges
Ponk	Ponk, Ponke
Ponrith	Ponrith, Ponryth
Pons	Pons
Ponsard	Ponsard
Ponsburi	Ponsburi, Ponsbury
Ponsel	Ponsel, Ponsell, Ponselle, Ponsul, Ponsull, Ponsulle
Ponset	Ponset
Ponsola	Ponsola
Ponson	Ponson
Pont	Pont, Ponte
Pontadour	Pontadour, Pontodour
Pontega	Pontega
Pontegea	Pontegea
Ponteka	Ponteka, Pontica
Pontesburi	Pontesburi, Pontesbury
Pontflam	Pontflam
Pontif	Pontif, Pontiff, Pontyf, Pontyff
Pontik	Pontik, Pontyk
Pontinetr	Pontinetr, Pontynetr
Pontisbur	Pontisbur, Pontisbure
Pontisburi	Pontisburi, Pontisbury, Pontysbury
Pontremelo	Pontremelo
Ponus	Ponus
Pool	Pool, Poole, Poolle, Poul, Poule, Poull, Poulle
Pooles	Pooles, Poules, Poulles
Poonsul	Poonsul, Poonsulle
Poop	Poop, Poope
Poor	Poor, Poore
Poori	Poori, Poory, Puri, Pury
Poorteman	Poorteman
Poorto	Poorto
Pootes	Pootes
Pop	Pop, Pope, Popp, Poppe
Popard	Popard, Poppard
Popei	Popei, Popey, Poppey
Popelei	Popelei, Popeley
Poper	Poper, Popper
Popeson	Popeson, Popesson, Poppesson, Poppessone
Popham	Popham, Poppham
Popie	Popie
Popin	Popin, Popyn
Popins	Popins
Popinson	Popinson, Poppynson
Poplei	Poplei, Popley
Poplet	Poplet
Poplot	Poplot
Popr	Popr, Popre
Popson	Popson
Por	Por, Pore, Porre
Porat	Porat, Porate, Prat, Prate, Pratt, Pratte
Poravis	Poravis
Porch	Porch, Porche
Poregr	Poregr, Poregre
Poreman	Poreman
Pores	Pores, Porres
Porg	Porg, Porge
Porgront	Porgront, Porgrontt
Porgrowt	Porgrowt
Pori	Pori, Porie, Pory, Porye
Porin	Porin, Poryn
Poris	Poris, Porys
Poro	Poro
Porogh	Porogh
Porot	Porot, Porott
Porpoint	Porpoint, Porpoynt
Porpson	Porpson
Porsena	Porsena
Port	Port, Porte, Portt, Portte
Porta	Porta
Portaer	Portaer
Portagaleta	Portagaleta, Portagaletta
Portagus	Portagus
Portal	Portal, Portalle
Portar	Portar, Portare, Porter, Portter
Portavener	Portavener
Portcoleis	Portcoleis, Portcoleys
Portegalet	Portegalet, Portegalett, Portigalet, Portigalett, Portygalet
Portegues	Portegues
Porteman	Porteman, Portman
Portenet	Portenet
Portigal	Portigal, Portygal, Portygale
Portinal	Portinal, Portynale
Portinar	Portinar, Portinare, Portynare
Portinari	Portinari, Portynary
Portinarie	Portinarie, Portinarye
Portinarius	Portinarius
Portingal	Portingal, Portingale, Portingall, Portingalle, Porttingale, Portyngal, Portyngale, Portyngall, Portyngalle
Portingalia	Portingalia
Portiniar	Portiniar, Portiniare
Portir	Portir, Portyr
Portismouth	Portismouth
Portnar	Portnar, Portnare
Portogalet	Portogalet, Portogalett, Portogalette
Portour	Portour
Ports	Ports, Portsse
Portu	Portu
Portugal	Portugal, Portugale, Portugalle
Portugalia	Portugalia
Portugaliam	Portugaliam
Portugalie	Portugalie, Portugallie
Portuges	Portuges
Portugil	Portugil
Portulato	Portulato
Portum	Portum
Portunal	Portunal, Portunale
Portunar	Portunar, Portunare
Portunari	Portunari, Portunary
Portwin	Portwin, Portwyn
Porvit	Porvit, Porvytt
Pos	Pos, Pose, Posse
Posago	Posago
Posbon	Posbon
Posco	Posco
Posek	Posek, Poseke
Posiar	Posiar, Posyar
Posier	Posier
Posiour	Posiour, Posyour
Post	Post
Postes	Postes
Postil	Postil, Postill
Postura	Postura
Pot	Pot, Pott, Potte
Potar	Potar, Poter, Pottar, Pottare, Potter, Potterr
Potecari	Potecari, Potecary
Poters	Poters, Poturs
Poterwil	Poterwil, Poterwill
Potflet	Potflet, Potflete
Pothil	Pothil, Pothille
Pothof	Pothof, Pothoff
Poti	Poti, Poty
Potilbargh	Potilbargh, Pottilbarghe
Potin	Potin, Potyn
Potir	Potir, Pottir
Potit	Potit, Pottit
Potkins	Potkins, Potkyns
Potr	Potr
Potra	Potra
Potrai	Potrai, Potray
Potrei	Potrei, Potrey
Pou	Pou
Pouchen	Pouchen
Pouderham	Pouderham
Pouer	Pouer
Poug	Poug, Pouge
Pouk	Pouk, Pouke
Poulan	Poulan, Poulane, Pulan, Pullan, Pullon, Pulon
Poulei	Poulei, Pouley
Poulesbi	Poulesbi, Poulesby
Pouleson	Pouleson, Poulesson, Poullesson, Puleson, Pulleson
Poulet	Poulet
Pouli	Pouli, Poulli
Poulis	Poulis, Poulys
Poullo	Poullo, Poulo
Poulman	Poulman
Poulson	Poulson
Poulsted	Poulsted, Powlsted
Pouncel	Pouncel, Pouncell, Pounsal, Pounsall, Pounsel, Pounsell, Pounsul, Pounsull, Powncel, Powncell, Pownsal, Pownsall, Pownsel, Pownsell
Pouncet	Pouncet, Pouncett, Pounset
Pound	Pound, Pounde, Pownd, Pownde, Pownnde
Poundeodour	Poundeodour
Pounfract	Pounfract
Pounfrait	Pounfrait, Pounfrayt
Pouns	Pouns, Pounse
Pounsol	Pounsol, Pounsoll
Pounsola	Pounsola
Pounson	Pounson
Pount	Pount, Pounte, Pountt, Pownt, Pownte
Pountadour	Pountadour
Pounter	Pounter
Pountesberi	Pountesberi, Pountesbery
Pountesburi	Pountesburi, Pountesbury
Pountfret	Pountfret
Pountisburi	Pountisburi, Pountisbury
Pourgront	Pourgront, Pourgrontt
Poutrai	Poutrai, Poutray
Poverei	Poverei, Poverey
Poverel	Poverel, Poverell
Poveri	Poveri, Povery
Poverio	Poverio
Povero	Povero
Povi	Povi, Povie, Povy, Povye
Povler	Povler
Povo	Povo
Pow	Pow, Powe
Powar	Powar, Poware
Powchemaker	Powchemaker
Powcheo	Powcheo
Powchi	Powchi, Powchy
Powchmaker	Powchmaker
Powder	Powder
Powdram	Powdram
Powel	Powel, Powele, Powell, Powelle
Poweles	Poweles, Powelles
Power	Power
Powes	Powes
Powid	Powid, Powyd
Powis	Powis, Powys
Powk	Powk, Powke
Powl	Powl, Powle, Powll, Powlle
Powlegilis	Powlegilis, Powlegilys
Powlei	Powlei, Powlley
Powles	Powles, Powlles
Powleson	Powleson, Powlesson
Powlis	Powlis, Powlys
Powllo	Powllo, Powlo
Powlman	Powlman
Powlster	Powlster
Powlten	Powlten
Powlter	Powlter
Pown	Pown, Powne
Powncet	Powncet, Powncett
Powndedour	Powndedour, Powndedoure
Pownesel	Pownesel, Pownesell
Powno	Powno, Pownow, Pownowe
Pownta	Pownta
Powsil	Powsil, Powsylle
Powtrei	Powtrei, Powtrey
Pra	Pra
Prag	Prag, Prage
Praga	Praga
Prancato	Prancato
Prang	Prang, Prange
Prangac	Prangac
Prangat	Prangat, Prangate
Prangato	Prangato
Prarank	Prarank
Prater	Prater
Prav	Prav
Pravio	Pravio
Praw	Praw, Prawe
Precii	Precii
Precii13s	Precii13s
Precious	Precious
Predinlx	Predinlx
Predo	Predo
Predown	Predown, Predowne
Preg	Preg, Pregge
Prego	Prego
Preii	Preii
Prelio	Prelio
Prem	Prem, Preme
Prementorie	Prementorie, Prementorye
Premer	Premer, Premere
Premerend	Premerend, Premerende
Prensant	Prensant
Prensaund	Prensaund, Prensaunde
Prentis	Prentis, Prentise, Prentys
Prentos	Prentos, Prentose
Preparat	Preparat, Preparate
Pres	Pres, Presse
Presa	Presa
Presan	Presan, Presane
Presena	Presena, Pressena
Presing	Presing, Pressing, Pressyng
Presink	Presink, Presynk
Presious	Presious
Presona	Presona, Pressona
Prest	Prest, Preste
Prestatum	Prestatum
Prester	Prester
Presterton	Presterton
Prestes	Prestes
Presties	Presties
Presto	Presto
Preston	Preston, Prestone
Prestowes	Prestowes
Prestus	Prestus
Prestwind	Prestwind
Prestwod	Prestwod, Prestwode
Preterinet	Preterinet, Preterrinet
Preto	Preto
Prevel	Prevel, Prevelle
Previl	Previl, Preville
Prevot	Prevot, Prevote
Prew	Prew
Prewdan	Prewdan
Prewdhom	Prewdhom, Prewdhome
Prewes	Prewes, Prouz
Prewis	Prewis
Prewringes	Prewringes, Prewrynges
Prialo	Prialo
Prides	Prides, Pryddes
Priel	Priel, Prielle, Pril, Pryll
Prier	Prier, Prior, Pryor
Priest	Priest, Prist, Priste, Pryst, Pryste
Prig	Prig, Prigg, Prigge, Prygg, Prygge
Prigh	Prigh
Prikman	Prikman, Prykman
Priknes	Priknes, Pryknes
Prim	Prim, Prime, Pryme
Primentorio	Primentorio
Primerend	Primerend, Primerende
Primeros	Primeros, Prymerosse
Primo	Primo
Primos	Primos, Prymos
Primot	Primot, Prymott
Princ	Princ, Prince, Prynce
Princevail	Princevail, Princevaylle
Prins	Prins, Prinse
Prinsen	Prinsen, Prinson, Prynsen, Prynson
Priol	Priol, Priole, Priolle, Pryole, Pryolle
Priolo	Priolo
Priour	Priour, Pryour
Priowr	Priowr
Pris	Pris, Prise, Pryse
Prisa	Prisa, Prysa
Prisan	Prisan
Prisar	Prisar, Prysar
Prisie	Prisie, Prissye
Prisk	Prisk
Priv	Priv, Pryve
Privet	Privet, Pryvett
Proctour	Proctour
Prod	Prod, Prode
Prodehom	Prodehom, Prodehome
Prodhom	Prodhom, Prodhomme
Prodocuno	Prodocuno
Prodosimo	Prodosimo
Produch	Produch, Produche
Promentari	Promentari
Promentorie	Promentorie, Promentorye
Promentorio	Promentorio
Promontorie	Promontorie, Promontorye
Promontorio	Promontorio
Promotari	Promotari, Promotary
Prong	Prong, Pronge
Prop	Prop, Prope
Propar	Propar, Proper, Propper
Propes	Propes, Proppes
Prophet	Prophet, Prophete
Propson	Propson
Proud	Proud, Proude, Prowd, Prowde
Proun	Proun, Proune
Prounez	Prounez
Prout	Prout, Proute, Prowt, Prowte
Prov	Prov, Prove
Provan	Provan
Provenc	Provenc, Provence
Provens	Provens
Proverio	Proverio
Provest	Provest
Provo	Provo
Provos	Provos
Provost	Provost, Provoste
Provot	Provot, Provote, Provott
Provotrai	Provotrai, Provotray
Prow	Prow, Prowe
Prowes	Prowes, Prows
Prowet	Prowet, Prowett
Prowez	Prowez
Prucewerk	Prucewerk
Prucia	Prucia
Pruciam	Pruciam
Prucie	Prucie, Prusie, Prussie
Prudanc	Prudanc, Prudance
Prudom	Prudom, Prudome
Pruis	Pruis, Pruys
Pruson	Pruson
Puaves	Puaves
Publa	Publa
Puch	Puch, Puche
Puchin	Puchin, Puchyn
Puchom	Puchom, Puchome
Pudsei	Pudsei, Pudsey
Puen	Puen, Puenne, Pwen, Pwenne
Pues	Pues
Puesevaunt	Puesevaunt
Pugelet	Pugelet
Pugio	Pugio
Pugon	Pugon, Pugone
Puham	Puham
Pui	Pui, Puy
Puienet	Puienet, Puyenett
Puin	Puin, Puyne
Puis	Puis, Puys
Pukham	Pukham
Pulborn	Pulborn, Pulborne, Pulbourn, Pulbourne
Puleie	Puleie, Pulleye
Pulein	Pulein, Pulleyn
Pulen	Pulen, Pullen
Pulet	Pulet, Pullett, Pullot, Pulot
Pulhow	Pulhow
Pulison	Pulison, Pullison
Pulkehow	Pulkehow, Pulkehowe, Pulkhow
Pullman	Pullman, Pulman
Pullmer	Pullmer, Pulmer
Pullogh	Pullogh, Pulogh
Pullour	Pullour, Pulour
Pullter	Pullter, Pulter, Pultere
Pulpreght	Pulpreght
Puls	Puls, Pulse
Pulson	Pulson
Pultei	Pultei, Pultey
Pultier	Pultier
Pultman	Pultman
Pumfret	Pumfret, Pumfrete
Punchon	Punchon, Punchone
Punder	Punder
Puni	Puni, Puny
Punsel	Punsel, Punsell
Punsola	Punsola
Punt	Punt
Pupard	Pupard, Puppard
Puplet	Puplet, Puplett
Purchas	Purchas
Purches	Purches
Purdaunc	Purdaunc, Purdaunce
Purei	Purei, Purrey
Purfet	Purfet
Purfot	Purfot, Purfote, Purfott, Purfotte, Purfut, Purfute
Purgrov	Purgrov, Purgrove
Purik	Purik, Puryk
Puriman	Puriman, Puryman
Puringes	Puringes, Purynges
Purkins	Purkins, Purkyns
Puroi	Puroi, Purroy
Purpel	Purpel, Purpelle
Pursel	Pursel, Pursell, Purselle
Pursevaunt	Pursevaunt, Pursevaunte
Purslai	Purslai, Purslay
Purslaie	Purslaie, Purslaye
Pursler	Pursler
Purslot	Purslot, Purslott
Purslow	Purslow, Purslowe
Pursol	Pursol, Pursolle
Pursut	Pursut, Pursute
Puruk	Puruk, Puruke
Purvei	Purvei, Purvey
Purver	Purver
Purvier	Purvier, Purviour, Purvyer
Pusago	Pusago
Puschat	Puschat, Puschatt
Puscua	Puscua
Puselo	Puselo
Pusen	Pusen
Pushel	Pushel
Pusheon	Pusheon, Pussheon
Pusillo	Pusillo, Pusilo
Put	Put, Pute
Putain	Putain, Puttayn, Puttayne
Putehof	Putehof, Puttehof, Puttehoff
Puteholf	Puteholf, Putteholf
Puten	Puten, Putten
Puthof	Puthof, Putthof
Puthom	Puthom, Puthome
Putnam	Putnam
Puxs	Puxs
Qinburgh	Qinburgh, Qynburgh
Qu	Qu
Quad	Quad, Quade
Quadenos	Quadenos, Quadenose
Quadinow	Quadinow, Quadinowe
Quadkich	Quadkich, Quadkych
Quadnos	Quadnos, Quadnose
Quadquis	Quadquis, Quadquys
Quadring	Quadring, Quadryng
Quaimis	Quaimis, Quaymys
Quakenbergh	Quakenbergh
Qual	Qual, Quale
Quamis	Quamis, Quamys
Quarasi	Quarasi, Quarasy
Quarasie	Quarasie, Quarasye
Quaratic	Quaratic, Quaratice, Quaratyce
Quardin	Quardin
Quaretic	Quaretic, Quaretice
Quarles	Quarles
Quart	Quart, Quarte
Quartano	Quartano
Quarter	Quarter
Quartern	Quartern, Quarterne
Quarti	Quarti
Quartin	Quartin, Quartine
Quartiso	Quartiso
Quarto	Quarto, Qwarto
Quarton	Quarton, Quartton
Quartran	Quartran, Quartrane
Quartron	Quartron
Quatel	Quatel, Quatelle
Quatermaines	Quatermaines, Quatermains, Quatermaynes, Quatermayns
Quatik	Quatik, Quatike, Quatyk, Quatyke
Quatok	Quatok, Quattok
Quaves	Quaves
Quedas	Quedas
Quedit	Quedit, Quedite
Quedito	Quedito
Quedo	Quedo
Queint	Queint, Queynt, Queynte
Quekerel	Quekerel, Quekerelle
Quekeril	Quekeril, Quekerylle
Quelan	Quelan, Quelane
Quelar	Quelar, Queler, Quellar, Queller
Quelico	Quelico
Quelwater	Quelwater
Quemus	Quemus
Quenburgh	Quenburgh
Queneborough	Queneborough, Queneborow, Queneborowe
Queneburgh	Queneburgh
Queni	Queni, Queny
Quent	Quent, Quente
Quequerin	Quequerin, Quequerine
Querer	Querer
Querin	Querin, Queryn, Queryne
Quert	Quert, Quertte
Querta	Querta
Ques	Ques
Quest	Quest, Queste
Questanbrough	Questanbrough
Questelak	Questelak, Questelake, Qwestelak, Qwestelake
Questenbargh	Questenbargh, Qwestenbargh
Questenbergh	Questenbergh, Questenburgh, Qwestenbergh
Questenberi	Questenberi, Questenbery
Questenberith	Questenberith
Questenborgh	Questenborgh
Questenborough	Questenborough
Questenborugh	Questenborugh
Questenbrough	Questenbrough
Questenbur	Questenbur, Questenbure
Questenburi	Questenburi, Questenbury
Questenlak	Questenlak, Questenlake
Questinber	Questinber, Questinbere, Questinbur, Questinbure, Questynbure
Questinbergh	Questinbergh, Questinburgh, Questynbergh, Questynburgh
Questinberie	Questinberie, Questinburi, Questynbury
Questinborough	Questinborough, Questynborough
Questinborugh	Questinborugh, Questinbrugh, Questynbrugh
Questinbourgh	Questinbourgh, Questinbourghe
Questinbowrgh	Questinbowrgh, Questinbowrghe
Questinbrogh	Questinbrogh, Questynbrogh
Questinbrough	Questinbrough, Questynbrough
Questingbergh	Questingbergh, Questyngbergh
Questlaken	Questlaken
Questonbrough	Questonbrough
Questonbrugh	Questonbrugh
Quevers	Quevers
Quevis	Quevis, Quevys
Quevolet	Quevolet
Quexo	Quexo
Quib	Quib
Quich	Quich
Quichardin	Quichardin
Quickeslei	Quickeslei, Quyckesley
Quickrel	Quickrel, Quickrelle
Quiddington	Quiddington, Quidington
Quideo	Quideo, Quydeo
Quidrel	Quidrel, Quydrell
Quient	Quient
Quik	Quik, Quyk
Quikbourn	Quikbourn, Quykbourne
Quikerel	Quikerel, Quykerelle
Quikislei	Quikislei, Quykisley, Quykkisley, Quykkysley
Quikrel	Quikrel, Quykrelle
Quina	Quina, Quyna
Quinbergh	Quinbergh, Quinborgh, Quinburgh, Quynbergh, Quynborgh, Quynburgh
Quinei	Quinei, Quyney
Quinet	Quinet, Quynet
Quini	Quini, Quyny
Quinibrough	Quinibrough
Quinolo	Quinolo
Quint	Quint, Quinte, Quintt, Quynt, Quynte
Quintain	Quintain, Quyntayn
Quintano	Quintano
Quinten	Quinten, Quynten, Qwinten
Quinter	Quinter, Quyntter
Quintin	Quintin, Quintyn, Quintyne, Quyntine, Quyntyn, Quyntyne
Quintino	Quintino, Quyntino
Quinto	Quinto, Quynto
Quinton	Quinton, Quynton
Quintrel	Quintrel, Quintrell
Quionolo	Quionolo
Quirini	Quirini, Quyryny
Quirino	Quirino, Quyryno
Quirni	Quirni, Quyrny
Quirnk	Quirnk, Quirnke
Quistinburgh	Quistinburgh, Quystynburgh
Quit	Quit, Quyt
Quitecost	Quitecost, Quytecoste
Quitheo	Quitheo
Quitr	Quitr, Quitre
Quivalet	Quivalet, Quyvalet
Quixlei	Quixlei, Quyxley
Quocok	Quocok, Quocoke
Qwatin	Qwatin, Qwatyn
Qwekerel	Qwekerel, Qwekerelle, Qwekerol, Qwekerolle
Qweler	Qweler, Qweller
Qwelewater	Qwelewater, Qwellewater
Qwem	Qwem
Qwen	Qwen, Qwene
Qwines	Qwines, Qwynes
Rab	Rab, Rabe
Rabat	Rabat, Rabate, Rabatte
Rabata	Rabata, Rabatta
Rabbet	Rabbet, Rabet
Rabel	Rabel, Rabell
Rabeo	Rabeo
Rabesta	Rabesta
Rabia	Rabia
Rabiano	Rabiano
Rabinga	Rabinga, Rabynga
Rabink	Rabink, Rabynke
Rabonsa	Rabonsa
Racheburgh	Racheburgh
Racheford	Racheford, Racheforde
Rad	Rad, Rade
Rada	Rada
Radclif	Radclif, Radcliff, Radclyf, Radclyffe
Raddewell	Raddewell, Raddewelle, Radewel, Radewell, Radewelle
Raddulpho	Raddulpho, Radulfo, Radullpho, Radulpho
Radekin	Radekin, Radekyn
Rader	Rader
Raderego	Raderego
Raderegus	Raderegus
Radico	Radico
Radish	Radish, Radisshe
Radkin	Radkin, Radkyn
Rado	Rado
Radolph	Radolph, Radolphe
Radolpho	Radolpho
Radon	Radon
Radulfi	Radulfi
Radulp	Radulp
Radulph	Radulph, Radulphe
Radulphi	Radulphi
Radulphum	Radulphum
Radwel	Radwel, Radwell, Radwelle
Raf	Raf, Rafe, Raff, Raffe, Raph, Raphe
Rafael	Rafael, Raffael, Raphael, Raphaele, Raphaell, Raphaelle
Rafel	Rafel, Raffelle, Raphel, Raphele, Raphell, Raphelle
Rafenes	Rafenes
Rag	Rag, Rage, Ragg
Ragasin	Ragasin, Ragason, Ragasyn, Ragosan, Ragosin, Ragosine, Ragoson, Ragosyn, Raguson
Ragat	Ragat
Ragazon	Ragazon, Ragazone
Raget	Raget, Ragget
Raginaldi	Raginaldi
Raginaldo	Raginaldo
Raginoldo	Raginoldo
Ragl	Ragl, Ragle
Ragnald	Ragnald
Ragnaldi	Ragnaldi
Ragnaldo	Ragnaldo
Ragnel	Ragnel, Ragnell
Ragnold	Ragnold, Ragnolde
Rago	Rago
Ragochin	Ragochin, Ragochine
Ragolet	Ragolet
Ragosa	Ragosa
Ragosaie	Ragosaie, Ragosaye
Ragosen	Ragosen, Ragosenne
Ragosie	Ragosie, Ragossye
Ragosun	Ragosun, Ragosune
Ragozen	Ragozen, Ragozin, Ragozyn
Ragusa	Ragusa
Ragusen	Ragusen
Ragusoun	Ragusoun, Ragusoune
Raguzin	Raguzin, Raguzine
Raguzino	Raguzino
Rai	Rai, Ray
Raidon	Raidon
Raie	Raie, Raye
Raier	Raier, Rayer, Reier, Reyer
Raierd	Raierd
Raies	Raies, Rayes
Raif	Raif, Rayffe
Raig	Raig, Rayge
Raignaldo	Raignaldo
Raignold	Raignold
Raiham	Raiham, Rayham
Rail	Rail, Rayle, Reil, Reyl
Raimaker	Raimaker, Raymaker
Raiman	Raiman, Raimon, Rayman, Raymon
Raimes	Raimes, Raymes
Raimis	Raimis, Raymys
Raimond	Raimond, Raymond, Raymonde
Raimondo	Raimondo, Raymondo
Raimont	Raimont, Raymont
Raimound	Raimound, Raymound
Raimount	Raimount, Raymount
Rain	Rain, Raine, Rayne, Reign, Rein, Reyn, Reyne
Rainald	Rainald, Raynald
Rainaldes	Rainaldes, Raynaldes
Rainaldo	Rainaldo, Raynaldo, Reinaldo, Reynaldo
Rainam	Rainam, Raynam
Rainard	Rainard, Rainerd, Raynard
Rainbow	Rainbow, Raynbowe
Rainea	Rainea, Raynea
Raineham	Raineham, Rainham, Rayneham, Raynham
Raineld	Raineld, Rayneld
Raineold	Raineold, Rayneolde
Rainer	Rainer, Rayner, Raynere, Reigner
Raineri	Raineri, Raynery
Rainers	Rainers, Rayners
Raines	Raines, Rains, Raynes, Rayns, Reignes, Reines, Reins, Reynes, Reyns
Rainesbrough	Rainesbrough, Raynesbrough
Rainewik	Rainewik, Raynewik
Rainez	Rainez, Raynez
Rainish	Rainish, Raynysh, Raynyshe
Rainkin	Rainkin, Raynkyn
Rainold	Rainold, Raynold, Raynolde, Reignold, Reignolde
Rainoldes	Rainoldes, Rainolds, Raynoldes, Raynolds
Rainoldo	Rainoldo, Raynoldo
Rainwel	Rainwel, Raynwell
Raison	Raison, Rayson
Raiugin	Raiugin, Rayugine
Raivis	Raivis, Rayvis
Rakenthorp	Rakenthorp
Ral	Ral, Ralle
Raleis	Raleis, Raleys
Ralerka	Ralerka
Ralf	Ralf, Ralfe
Rali	Rali, Ralli, Rally
Ralph	Ralph, Ralphe
Ram	Ram, Rame, Ramme
Ramano	Ramano
Ramazo	Ramazo
Rambel	Rambel, Rambell
Ramborow	Ramborow, Ramborowe
Rambridg	Rambridg, Rambridge
Rambrow	Rambrow, Rambrowe
Ramburgh	Ramburgh
Ramer	Ramer, Ramere
Rameredg	Rameredg, Rammeredge
Rames	Rames
Ramesdon	Ramesdon
Ramesei	Ramesei, Ramesey
Ramez	Ramez
Rami	Rami, Ramy
Ramidg	Ramidg, Ramidge
Ramis	Ramis, Ramys
Ramon	Ramon
Ramond	Ramond
Ramondi	Ramondi
Ramondo	Ramondo
Ramos	Ramos
Rampton	Rampton
Ramredg	Ramredg, Ramredge
Ramset	Ramset
Ramson	Ramson
Ramus	Ramus
Ran	Ran, Rane, Ranne
Rana	Rana
Ranaldo	Ranaldo
Rand	Rand, Rande
Randa	Randa
Randal	Randal, Randall, Randalle, Randel, Randele, Randell, Randelle, Randol, Randoll
Randallo	Randallo, Randalo
Randerson	Randerson
Randes	Randes
Randi	Randi
Randil	Randil, Randill, Randille, Randyll, Randylle
Rando	Rando
Randolf	Randolf, Randolfe, Randolff, Randolffe
Randolis	Randolis, Randollis
Randolph	Randolph
Randulfo	Randulfo, Randulpho
Randulph	Randulph
Ranega	Ranega
Rang	Rang, Range
Rango	Rango
Rangor	Rangor, Rangore
Ranie	Ranie
Ranish	Ranish, Ranishe, Ranysh, Ranyshe
Rank	Rank, Ranke
Rankin	Rankin, Rankyn, Rankyne
Ranking	Ranking, Rankynge
Rankon	Rankon
Ranold	Ranold, Ranolde
Ranoldes	Ranoldes
Ranoldo	Ranoldo
Rans	Rans, Ranse
Ransei	Ransei, Ransey
Ranso	Ranso
Ranst	Ranst, Ranste
Ranswal	Ranswal, Ranswall
Rantari	Rantari
Rantaria	Rantaria
Ranulph	Ranulph, Ranulphe
Rapalo	Rapalo
Raparatso	Raparatso
Raparatzo	Raparatzo
Raperatso	Raperatso
Raphaeli	Raphaeli
Raphaello	Raphaello, Raphaelo
Raphahel	Raphahel, Raphahelle
Rapislei	Rapislei, Rapisley
Raps	Raps, Rapse
Rapslei	Rapslei, Rapsley
Ras	Ras, Rasch, Rase, Rash, Rassch, Rassche, Rasse, Rasshe
Rasamo	Rasamo
Rasard	Rasard
Rasareno	Rasareno
Rasaval	Rasaval, Rasavalle, Rassaval, Rassavale
Rasborugh	Rasborugh
Rascard	Rascard
Rasel	Rasel, Rasselle
Rasemus	Rasemus, Rassemus
Raser	Raser
Raset	Raset, Rasset, Rassett
Rashal	Rashal, Rasshalle
Rasher	Rasher, Rassher
Rasiimus	Rasiimus, Rasyimus
Rasimus	Rasimus, Rasymus
Rasin	Rasin, Rasyn
Rasm	Rasm, Rasme
Rasmenda	Rasmenda
Rasmus	Rasmus, Rassmus
Rason	Rason, Rasone
Rasour	Rasour, Rocer
Rasplei	Rasplei, Raspley
Rast	Rast, Raste
Raster	Raster
Rasterdam	Rasterdam
Raston	Raston
Rastrick	Rastrick
Rasureaga	Rasureaga
Rat	Rat, Rate, Ratte
Rata	Rata
Ratain	Ratain, Ratayne
Ratclif	Ratclif, Ratclyff, Ratclyffe
Ratea	Ratea
Ratebi	Ratebi, Rateby
Rateclif	Rateclif, Rateclyffe
Ratesa	Ratesa
Ratesburgh	Ratesburgh, Rattesburgh
Rateso	Rateso, Ratteso
Ratesoo	Ratesoo, Rattesoo
Rath	Rath, Rathe, Wrath, Wrathe
Ratha	Ratha
Ratho	Ratho
Ratin	Ratin, Rattyn
Rating	Rating, Ratyng
Ratingdon	Ratingdon, Ratyngdon
Ratisborow	Ratisborow, Rattisborowe
Ratkin	Ratkin, Ratkyn
Ratlei	Ratlei, Ratley
Ratsei	Ratsei, Ratsey
Ratso	Ratso
Rauf	Rauf, Raufe, Rauff, Rauffe
Raufson	Raufson
Raughter	Raughter
Raulens	Raulens, Rawlens
Raulet	Raulet, Rawlet
Raulettz	Raulettz, Rauletz
Raulf	Raulf, Raulfe
Raulin	Raulin, Raulyn, Rawlin, Rawlyn
Raulins	Raulins, Raulyns, Rawlins, Rawlyns
Raulinson	Raulinson, Raulynson
Raumshed	Raumshed, Raumshede
Raund	Raund, Raunde
Raundol	Raundol, Raundoll
Raunelo	Raunelo
Rauns	Rauns, Raunsse
Raunsom	Raunsom
Raunson	Raunson
Raur	Raur, Raure, Rawer, Rawr, Rawre, Ror, Rore
Rauson	Rauson, Rausson
Rav	Rav, Rave
Rava	Rava
Ravaning	Ravaning, Ravanyng
Ravea	Ravea
Ravel	Ravel, Ravelle
Raven	Raven, Ravene
Ravena	Ravena, Ravenna
Ravenan	Ravenan
Ravener	Ravener
Ravening	Ravening, Ravenyng
Ravens	Ravens, Ravense
Ravenser	Ravenser, Ravensere
Ravo	Ravo
Raw	Raw, Rawe, Wraw, Wrawe
Rawelet	Rawelet
Rawening	Rawening, Rawenyng, Rawenynge
Rawesterus	Rawesterus
Rawin	Rawin, Rawyn
Rawl	Rawl, Rawle
Rawlai	Rawlai, Rawlay
Rawlei	Rawlei, Rawley
Rawlen	Rawlen
Rawlif	Rawlif, Rawlyff
Rawlinges	Rawlinges, Rawlynges
Rawri	Rawri, Rawry
Rawson	Rawson, Rawsson
Re	Re, Rouhei, Rouhey
Rea	Rea, Reaw, Reawe, Ree, Reie, Reye, Ri, Rie, Ry, Rye
Read	Read, Reade, Red, Redd, Rede, Wred, Wrede
Reader	Reader
Reaga	Reaga
Ream	Ream, Reame, Rim, Ryme, Wrim
Reason	Reason
Reat	Reat, Reate, Rit, Ryte, Writ, Write, Wryte
Reb	Reb, Rebe
Rebadow	Rebadow
Reband	Reband, Rebande
Rebard	Rebard
Rebat	Rebat, Rebatte
Rebelo	Rebelo
Rebera	Rebera
Rebidavi	Rebidavi, Rebydavy
Rebonso	Rebonso
Rebousa	Rebousa
Rebouza	Rebouza
Rebungo	Rebungo
Rebusa	Rebusa, Rebussa
Rec	Rec, Rece, Rech, Reche, Reck, Recke, Rewc, Rewce, Wrek
Recardi	Recardi
Recha	Recha
Rechaka	Rechaka
Rechard	Rechard, Recharde, Richard, Richarde, Richerd, Rychard, Rycharde, Rycherd, Rycherde
Rechardes	Rechardes, Richardes, Rychardes
Rechega	Rechega, Richega
Recherd	Recherd, Rickard
Rechert	Rechert
Rechford	Rechford
Rechiaga	Rechiaga
Recorda	Recorda
Recourt	Recourt, Recourte
Redam	Redam, Ridam, Ridham, Rydam, Rydham
Redberd	Redberd
Redbrest	Redbrest
Redbrig	Redbrig, Redbrige
Redclif	Redclif, Redclyf
Redder	Redder, Reder
Redeburi	Redeburi, Redebury
Redeclif	Redeclif, Redecliff
Redehod	Redehod, Redehode
Redekerk	Redekerk
Redekirk	Redekirk, Redekyrk
Redeknap	Redeknap, Redeknape, Redeknapp, Redeknappe
Redeknop	Redeknop
Redeman	Redeman
Rederego	Rederego
Redereth	Redereth, Rederith, Rederithe
Rederigo	Rederigo
Rederigus	Rederigus
Redhod	Redhod, Redhode
Redhood	Redhood, Redhoode
Redi	Redi, Redie, Redy, Redye
Reding	Reding, Redyng
Redington	Redington, Redyngton
Redisdal	Redisdal, Redisdale
Redknap	Redknap, Redknape, Redknapp, Redknappe
Redlak	Redlak, Redlake
Redli	Redli, Redly
Redman	Redman
Redmer	Redmer
Redo	Redo
Redon	Redon, Ridan, Ridon, Rydon
Redrigo	Redrigo, Ridrigo
Redrigus	Redrigus, Redrygus
Redrish	Redrish, Redryshe
Redrus	Redrus
Reed	Reed, Reede, Rid, Ried, Riede, Ryde
Reef	Reef
Reela	Reela
Reem	Reem, Reeme
Reep	Reep
Rees	Rees, Reese, Reis, Reys, Reyse
Reffibia	Reffibia, Refibia
Reffyns	Reffyns, Refins
Refugrato	Refugrato
Reg	Reg, Rege
Rega	Rega
Regal	Regal, Regall, Regalle, Rigal, Rigalle, Rygall
Regalis	Regalis
Regat	Regat, Regate
Regelei	Regelei, Regeley
Regham	Regham
Regina	Regina
Reginald	Reginald, Reginalde
Reginaldi	Reginaldi, Reginaldy
Reginaldo	Reginaldo
Reginaldum	Reginaldum
Reginoldo	Reginoldo
Regkin	Regkin, Regkyn
Regnald	Regnald
Regnaldi	Regnaldi
Regnaldo	Regnaldo
Regnaud	Regnaud
Regner	Regner
Regnes	Regnes
Regnewel	Regnewel, Regnewell
Regni	Regni
Regnold	Regnold, Regnolde
Rego	Rego, Rewgo
Regos	Regos, Regosse
Regro	Regro
Regulis	Regulis
Regus	Regus
Rei	Rei, Rey
Reibred	Reibred, Reybred
Reida	Reida
Reidon	Reidon, Reydon
Reiemarus	Reiemarus, Reyemarus
Reierson	Reierson, Reyerson
Reies	Reies, Reyes
Reig	Reig, Reyge, Rig, Rigg, Rigge, Rygge, Wrig, Wrigge
Reigat	Reigat, Reygate, Rigat, Rigate, Rygate
Reignat	Reignat, Reygnat
Reigni	Reigni
Reigo	Reigo, Reygo
Reigward	Reigward, Reygward
Reiham	Reiham
Reikin	Reikin, Reykyn, Rikin, Rikkyn
Reilof	Reilof, Reyloff
Reimer	Reimer, Reymer, Reymere, Rimer, Rymer
Reimin	Reimin, Reymyne
Reimon	Reimon, Reymon
Reimond	Reimond, Reymond
Reimondo	Reimondo, Reymondo
Reimonet	Reimonet, Reymonet
Reimound	Reimound, Remound, Reymound, Reymounde
Reims	Reims, Reyms
Reimundo	Reimundo, Reymundo
Reina	Reina, Reyna
Reinald	Reinald, Reynald, Reynalde
Reinaldeson	Reinaldeson, Reynaldesson
Reinaldi	Reinaldi, Reynaldi
Reinar	Reinar, Reiner, Reynar, Reyner, Riner, Ryner
Reinard	Reinard, Reinerd, Reynard, Reynerd
Reinbogh	Reinbogh, Reynbogh
Reinbrand	Reinbrand, Reynbrande
Reinbrandeson	Reinbrandeson, Reinbrandesson
Reinea	Reinea, Reynea
Reinebergh	Reinebergh, Reineburgh, Reynebergh, Reyneburghe
Reinebrandeson	Reinebrandeson, Reynebrandesson
Reineham	Reineham, Reinham, Reyneham, Reynham, Reynhame
Reinekin	Reinekin, Reynekyn
Reinereson	Reinereson, Reyneresson
Reiners	Reiners, Reyners
Reinerson	Reinerson, Reynerson, Reynersson
Reinesch	Reinesch, Reynesche
Reinewel	Reinewel, Reinwel, Reynewell, Reynewelle, Reynwell, Reynwelle
Reinez	Reinez, Reynez
Reingham	Reingham, Reyngham
Reinis	Reinis, Reynys
Reinish	Reinish, Reynishe, Reynysh, Reynyshe, Reynyssh, Reynysshe
Reinkin	Reinkin, Reynkyn
Reino	Reino, Reno, Renow, Renowe, Reyno
Reinod	Reinod, Reynode
Reinold	Reinold, Reinolde, Reynold, Reynolde
Reinoldes	Reinoldes, Reynoldes
Reinoldeson	Reinoldeson, Reynoldesson
Reinoldis	Reinoldis, Reynoldis
Reinoldo	Reinoldo, Reynoldo
Reinoldson	Reinoldson, Reynoldson
Reinsthorp	Reinsthorp, Reynsthorp
Reinwik	Reinwik, Reynwyk
Reinz	Reinz, Reynz
Reising	Reising, Reysyng
Reison	Reison, Reyson
Reiswik	Reiswik, Reyswyke
Rek	Rek, Reke, Rekke, Ric, Rice, Rick, Ricke, Rik, Rike, Ryce, Ryck, Rycke, Ryk, Ryke, Rykke
Rekaver	Rekaver, Rekavere
Rekeling	Rekeling
Reken	Reken
Rekewin	Rekewin, Rekewyn
Rel	Rel, Rele
Relad	Relad, Relade
Reli	Reli, Relly
Religion	Religion, Religione
Rem	Rem, Reme
Remai	Remai, Remay
Reman	Reman, Remane
Remar	Remar, Remer, Remere, Remor, Remore
Rembrand	Rembrand
Rembrandeson	Rembrandeson, Rembrandesson
Rembrandson	Rembrandson, Rembrandsson
Rembrond	Rembrond
Remcous	Remcous
Remedis	Remedis
Remenanteson	Remenanteson, Remenantesson
Remenet	Remenet
Remeo	Remeo
Remerand	Remerand
Remerandeson	Remerandeson, Remerandesson
Remeraunt	Remeraunt
Remers	Remers
Remersal	Remersal, Remersale
Remerstock	Remerstock, Remerstocke
Remerton	Remerton
Remew	Remew
Remezio	Remezio
Remi	Remi, Remy
Remier	Remier
Remington	Remington, Remyngton
Remis	Remis, Remise, Remys, Remyse
Remisled	Remisled, Remysled
Remnei	Remnei, Remney
Remon	Remon
Remond	Remond
Remondo	Remondo
Remonet	Remonet, Remonett
Remons	Remons
Remundo	Remundo
Remus	Remus
Renam	Renam
Renard	Renard
Renardo	Renardo
Renarson	Renarson
Rencer	Rencer
Rencia	Rencia
Rendal	Rendal, Rendall
Renderie	Renderie, Rendri, Rendrie, Rendry
Renderson	Renderson
Rendr	Rendr, Rendre
Rendrei	Rendrei, Rendrey
Renega	Renega
Renegent	Renegent
Renek	Renek, Rennek
Rener	Rener
Reneris	Reneris, Renerys
Renet	Renet, Renett
Rengham	Rengham
Reni	Reni, Renie, Renye
Renier	Renier, Renyer
Renimot	Renimot
Renir	Renir, Renyre
Renis	Renis, Renish, Renishe, Renys, Renyshe
Renison	Renison, Renyson
Renken	Renken
Renkin	Renkin, Renkyn
Renl	Renl, Renle
Renmot	Renmot
Rennolde	Rennolde, Renold, Renolde
Renof	Renof, Renoff
Renoldes	Renoldes
Renoldson	Renoldson
Renschaw	Renschaw, Renschawe
Renscow	Renscow, Renscowe
Renson	Renson
Rentarea	Rentarea
Rentaria	Rentaria, Renteria
Renten	Renten, Renton
Rentera	Rentera
Renteri	Renteri, Rentery
Renterian	Renterian
Renterie	Renterie, Renterye, Rentrie, Rentrye
Renterta	Renterta
Rentin	Rentin, Rentyne
Rentir	Rentir, Rentire
Rentorea	Rentorea
Rentr	Rentr, Rentre
Renwik	Renwik, Renwyk
Reola	Reola
Reorn	Reorn, Reorne
Rep	Rep, Repe
Repalo	Repalo
Reparatsoo	Reparatsoo
Reparazo	Reparazo
Reparin	Reparin, Reparryn
Repcl	Repcl, Repcle
Repelin	Repelin, Repelyn
Repenhal	Repenhal, Repenhale
Reper	Reper
Repingam	Repingam
Repington	Repington, Repyngton
Repkin	Repkin, Repkyn
Repnour	Repnour
Rerdi	Rerdi, Rerdy
Rerisbi	Rerisbi, Rerysby
Res	Res, Rese, Resse
Resaval	Resaval, Resavale, Ressavale
Resavallo	Resavallo, Resavalo
Resebi	Resebi, Reseby
Resega	Resega
Reseval	Reseval, Resevale
Reshel	Reshel, Resshelle, Rishal, Risshal
Reshevin	Reshevin
Reson	Reson
Rest	Rest, Reste
Restik	Restik, Restyk
Reston	Reston
Restow	Restow, Restowe
Restrik	Restrik, Restryk, Restryke
Resubia	Resubia
Reta	Reta
Retaso	Retaso
Retiv	Retiv, Retive
Reto	Reto
Retorto	Retorto
Rev	Rev, Reve
Revchin	Revchin, Revchyn
Revea	Revea
Revechin	Revechin, Revechyn
Revel	Revel, Revell, Revelle, Revil, Revill, Reville, Revyll, Revylle
Reveland	Reveland
Revelasca	Revelasca
Revelasco	Revelasco
Rever	Rever, Revor, Revore, River, Ryver, Ryvere
Revera	Revera, Rivera, Ryvera
Reveri	Reveri, Revery
Reverie	Reverie, Reverye
Revero	Revero, Rivero, Ryvero
Reveront	Reveront
Revers	Revers, Rivars, Riveres, Rivers, Ryvars, Ryveres, Ryvers
Revestal	Revestal, Revestalle
Revestoo	Revestoo
Revestow	Revestow, Revestowe
Revet	Revet, Revett
Revington	Revington, Revyngton, Rivington, Ryvyngton
Revis	Revis, Revys
Revochen	Revochen
Revochin	Revochin, Revochine, Revochyn, Revochyne
Revochino	Revochino
Revochun	Revochun
Revowchin	Revowchin
Rew	Rew, Rewe, Roo, Roux, Rue, Wroo
Reward	Reward
Rewbi	Rewbi, Rewby
Rewden	Rewden
Rewelnick	Rewelnick, Rewelnycke
Rewes	Rewes
Rewold	Rewold
Rews	Rews, Rewse
Rewt	Rewt
Rewter	Rewter
Riaga	Riaga, Ryaga
Rial	Rial, Riale, Riall, Rialle, Ryale, Ryall, Ryalle
Riar	Riar, Ryar
Riat	Riat, Ryatte
Riba	Riba
Ribard	Ribard, Rybard, Rybarde
Ribebright	Ribebright
Riberel	Riberel, Ryberelle
Ribero	Ribero, Rybero
Ribetew	Ribetew
Ribos	Ribos, Rybos
Ricar	Ricar
Ricard	Ricard, Ricarde, Rycarde
Ricardes	Ricardes
Ricardeson	Ricardeson, Ricardesson, Rycardeson
Ricardi	Ricardi
Ricardo	Ricardo, Rycardo
RicardoWad	RicardoWad, RicardoWade
Ricardson	Ricardson
Ricardum	Ricardum
Ricardus	Ricardus
Ricche	Ricche, Rich, Riche, Rycche, Rych, Ryche
Riceval	Riceval, Rycevalle
Richardeson	Richardeson, Richardesson, Rychardesson
Richardi	Richardi, Richardy, Rychardi
Richardlei	Richardlei, Richardley
Richardo	Richardo
Richardson	Richardson, Richardsone, Rychardson, Rychardsson
Richardus	Richardus
Richarson	Richarson, Rycharsson
Richart	Richart, Rychart
Richeford	Richeford, Rycchefford, Rycheford
Richelei	Richelei, Richeley
Richeman	Richeman
Richemond	Richemond, Rychemond
Richeo	Richeo
Richer	Richer, Rycher, Rychere
Richerdes	Richerdes, Rycherdes
Richers	Richers, Rychers
Richerson	Richerson
Richeson	Richeson, Richesson
Richeval	Richeval, Richevale
Richevaleta	Richevaleta
Richford	Richford
Richlei	Richlei, Rychley
Richmond	Richmond, Rychmond
Richthorn	Richthorn, Richthorne
Richwis	Richwis, Richwys
Rickat	Rickat, Rickatt
Rickel	Rickel, Rikl, Rikle, Ryckell, Wrikil, Wrikill
Rickeman	Rickeman
Ricker	Ricker, Rycker
Rickes	Rickes, Ryckes
Rickethorn	Rickethorn, Rickethorne
Rickeward	Rickeward, Rickewarde
Rickewod	Rickewod, Rickewode
Rickeworth	Rickeworth
Rickman	Rickman, Ricman, Rikman, Ryckman, Rykman
Ricksman	Ricksman, Rixeman, Rixman, Rycksman, Ryxman
Rickson	Rickson, Ryckson
Rickthorn	Rickthorn, Rickthorne, Ricthorn, Ricthorne, Rikthorn, Ryckthorn, Ryckthorne, Rycthorne, Rykthorn, Rykthorne
Rickthron	Rickthron
Rickwad	Rickwad, Ryckwade
Rickward	Rickward, Rickwarde, Ricward, Rikward, Rikwarde, Ryckward, Ryckwarde, Rycward
Riclet	Riclet, Ryclette
Ricord	Ricord, Ricorde
Ricroft	Ricroft
Ricubus	Ricubus, Rycubus
Ricwardes	Ricwardes
Ricwart	Ricwart, Rycwart
Ricwind	Ricwind, Rycwind
Ridar	Ridar, Rydar
Ridel	Ridel, Ridele, Rydelle
Ridelak	Ridelak, Ridelake, Rydelake
Ridelei	Ridelei, Rideley, Ryddeley
Rideler	Rideler, Rydeler
Rider	Rider, Rydder, Ryder
Riderds	Riderds, Ryderds
Riders	Riders, Ryders
Ridesdal	Ridesdal, Rydesdale
Riding	Riding, Ryding
Ridingo	Ridingo, Rydyngo
Ridlak	Ridlak, Ridlake, Rydlake
Ridlei	Ridlei, Ridley, Ryddley, Rydley
Ridring	Ridring, Rydryng
Ridsdal	Ridsdal, Ridsdale
Riebergh	Riebergh, Ryebergh
Rier	Rier, Ryer, Ryere
Rierson	Rierson
Riertson	Riertson, Ryertson
Riewen	Riewen, Ryewen
Rifival	Rifival, Ryfyvale
Rifles	Rifles, Ryffles
Rigard	Rigard, Rygarde
Rigbi	Rigbi, Rigbie, Rigby
Rigdon	Rigdon, Rygdon
Rigelei	Rigelei, Rigeley
Rigen	Rigen, Rigon, Rigone, Rygene, Rygon, Rygone
Riges	Riges, Rigges, Rygges
Rigewai	Rigewai, Rigeway
Righard	Righard, Ryghard
Righlei	Righlei, Righley
Right	Right, Ryght, Wright, Wrighte, Wryght, Wryghte
Rightstern	Rightstern, Rightsterne, Ryghtstern
Rightwis	Rightwis, Ryghtwys
Riginaldi	Riginaldi
Rigman	Rigman
Rigo	Rigo, Rygo
Rigthorn	Rigthorn, Rigthorne
Rigward	Rigward, Rygward
Riker	Riker, Ryker, Rykker
Rikes	Rikes, Rykes
Rikhil	Rikhil, Rykhille
Rikis	Rikis, Rykis, Rykys
Rikmans	Rikmans
Rikqwin	Rikqwin, Rykqwyn
Rikster	Rikster
Rikwin	Rikwin, Rikwyn, Riquin, Rykwyn, Ryquyn
Rikworth	Rikworth
Rimonia	Rimonia, Rimonya
Rin	Rin, Rine, Ryn, Ryne
Rina	Rina, Ryna
Rinck	Rinck, Rink, Rynck, Rynk
Rineleder	Rineleder, Ryneleder
Rineris	Rineris, Rynerys
Rines	Rines, Rynes
Ring	Ring, Ringe, Ryng, Rynge
Ringardson	Ringardson
Ringarson	Ringarson
Ringbel	Ringbel, Ryngbell, Ryngbelle
Ringelei	Ringelei, Ringeley
Ringelond	Ringelond, Ringelonde
Ringfeld	Ringfeld, Ryngffeld
Ringfold	Ringfold, Ryngfold
Ringhand	Ringhand, Rynghand
Ringland	Ringland, Ringlande, Ryngland, Rynglande
Ringlond	Ringlond, Rynglond, Rynglonde
Ringman	Ringman, Ryngman
Ringold	Ringold, Ryngold
Ringult	Ringult, Ryngult
Rinis	Rinis, Rynys
Rinish	Rinish, Rinishe
Rinkin	Rinkin, Rynkyn
Rinsecow	Rinsecow, Rynsecow
Riola	Riola, Ryola
Riolet	Riolet, Riolett
Riot	Riot, Ryote
Ripen	Ripen, Rypen
Riping	Riping, Rypynge
Ripland	Ripland, Rippland
Ripond	Ripond, Rypond
Rippwythe	Rippwythe, Ripwith
Risa	Risa, Rissa
Risbi	Risbi, Rysby
Risbourn	Risbourn, Risbourne
Riscow	Riscow, Riscowe
Risel	Risel, Rissell, Risselle, Rysell, Rysselle
Riseles	Riseles, Risselles, Rysselles
Riseval	Riseval, Ryssevale
Risher	Risher, Rysher
Risil	Risil, Ryssyll, Ryssylle
Risiles	Risiles, Ryssylles
Rising	Rising, Rysyng
Risman	Risman
Rist	Rist
Rither	Rither, Ryther
Ritso	Ritso, Rytso
Ritsoo	Ritsoo, Rytsoo
Rittzo	Rittzo, Ritzo
Ritzal	Ritzal, Ritzall
Rivan	Rivan, Riven, Ryvan, Ryven
Rivarol	Rivarol, Rivarole
Rivas	Rivas, Ryvas
Rivel	Rivel, Rivell, Ryvell, Ryvelle
Riveld	Riveld, Ryvelde
Rives	Rives, Ryves
Rivet	Rivet, Ryvet, Ryvett
Rizoe	Rizoe
Roan	Roan, Roane, Roen, Roene
Roand	Roand
Roano	Roano
Roant	Roant
Rob	Rob, Robe
Roba	Roba
Robar	Robar
Robard	Robard, Robarde, Roberd
Robardes	Robardes
Robardeti	Robardeti
Robardison	Robardison, Robardysson
Robarrt	Robarrt, Robart, Robarte, Robartt, Robartte, Robbart, Robbartt
Robartes	Robartes
Robarti	Robarti
Robarto	Robarto
Robartson	Robartson
Robat	Robat
Robbyns	Robbyns, Robins, Robyns
Robel	Robel, Robell
Robelard	Robelard
Roben	Roben
Robenet	Robenet
Robens	Robens
Robenson	Robenson
Rober	Rober
Roberdes	Roberdes
Roberi	Roberi
Robero	Robero
Robert	Robert, Roberte, Robertt
Robertes	Robertes, Roberttes
Roberti	Roberti, Robertti
Robertis	Robertis, Robertys
Roberto	Roberto, Robertto
Roberts	Roberts
Robertson	Robertson
Robertum	Robertum
Robertus	Robertus
Robes	Robes
Robet	Robet, Robett
Robie	Robie
Robin	Robin, Robine, Robyn
Robines	Robines, Robynes
Robineson	Robineson, Robynesson
Robinet	Robinet, Robynet, Robynett
Robing	Robing, Robyng
Robinson	Robinson, Robinsson, Robynson, Robynsson
Robkin	Robkin, Robkyn
Roblan	Roblan
Robles	Robles
Robod	Robod, Robode
Robolanchio	Robolanchio
Robolet	Robolet
Robonet	Robonet, Robonett
Roboral	Roboral, Roboralle
Robos	Robos, Robose
Robous	Robous
Robright	Robright
Robson	Robson, Robsson
Robsoun	Robsoun, Robsoune
Roburdes	Roburdes
Roc	Roc, Roce, Roch, Roche, Rock, Rocke, Rok, Roke
Roca	Roca, Rocha, Roka
Rocheford	Rocheford
Rochel	Rochel, Rochell, Rochelle
Rochester	Rochester
Rochestir	Rochestir, Rochestyr
Rochestr	Rochestr, Rochestre
Rockei	Rockei, Rockey
Rocker	Rocker, Roker
Rocket	Rocket, Rockett
Rocking	Rocking, Rockyng
Rocob	Rocob, Rocobe
Rocow	Rocow, Roko
Rocus	Rocus
Rodam	Rodam, Rodom, Rodum
Rodbi	Rodbi, Rodby
Rodecar	Rodecar
Rodeco	Rodeco
Rodekin	Rodekin, Rodekyn
Rodekirk	Rodekirk, Rodekirke
Rodemaker	Rodemaker, Rodmaker
Rodeman	Rodeman, Rodman
Rodembrough	Rodembrough
Roden	Roden, Rowdon
Rodenberch	Rodenberch
Rodenbergh	Rodenbergh
Rodenbrough	Rodenbrough, Rodenbroughe
Rodengbrough	Rodengbrough
Rodenkerk	Rodenkerk, Rodenkerke
Roder	Roder
Roderego	Roderego, Rodrego
Roderegos	Roderegos
Roderegus	Roderegus
Rodergalverus	Rodergalverus
Roderici	Roderici
Roderiges	Roderiges
Roderigi	Roderigi, Rodrigi
Roderigo	Roderigo
Roderigos	Roderigos, Rodrigos
Roderigus	Roderigus, Roderygus, Rodregus, Rodrigus, Rodrygus
Roderik	Roderik
Roders	Roders
Roderson	Roderson, Rodersson
Rodes	Rodes, Rowdes
Rodier	Rodier, Rodyer
Roding	Roding, Rodyng
Rodinkerk	Rodinkerk, Rodinkirk, Rodynkerk, Rodynkyrk
Rodioto	Rodioto, Rodyotto
Rodis	Rodis, Rodys
Rodkins	Rodkins, Rodkyns
Rodo	Rodo
Rodolf	Rodolf, Rodolfe
Rodorigo	Rodorigo
Rodregenus	Rodregenus
Rodrig	Rodrig, Rodrige
Rodriges	Rodriges
Rodrigo	Rodrigo, Rodrygo
Rodrigon	Rodrigon
Rodringes	Rodringes
Roer	Roer
Roet	Roet
Rof	Rof, Roffe
Rofens	Rofens, Roffens
Roffiea	Roffiea, Rofiea
Roffom	Roffom, Rofom
Roffyn	Roffyn, Rofin
Rog	Rog
Rogar	Rogar
Rogars	Rogars
Rogason	Rogason
Rogelei	Rogelei, Rogeley
Rogemal	Rogemal, Rogemall
Roger	Roger, Rogere, Rogger
Rogeri	Rogeri, Rogery, Roggeri
Rogero	Rogero, Roggero
Rogers	Rogers, Rogerse, Roggers
Rogerson	Rogerson, Rogersson
Rogerti	Rogerti
Rogerum	Rogerum
Rogerus	Rogerus
Roginthorp	Roginthorp, Rogynthorp
Rogo	Rogo
Rogosa	Rogosa, Rogossa
Rogoson	Rogoson
Rogres	Rogres
Rogus	Rogus
Roi	Roi, Roy
Roia	Roia, Roya
Roideken	Roideken, Roydeken
Roidon	Roidon, Roydon
Roie	Roie, Rois, Roise, Roye, Roys, Royse
Roiear	Roiear, Royear
Roies	Roies, Royes
Roign	Roign, Roin, Roygne, Royne
Roil	Roil, Roile
Roiles	Roiles, Roylles
Roiner	Roiner, Royner
Roio	Roio, Royo
Roist	Roist
Rokaie	Rokaie, Rokaye
Rokavaren	Rokavaren
Rokbi	Rokbi, Rokby
Rokebi	Rokebi, Rokebie, Rokeby, Rokebye
Rokens	Rokens
Rokerson	Rokerson
Rokes	Rokes
Rokesbi	Rokesbi, Rokesby
Roket	Roket, Rokett
Rokler	Rokler
Roknogh	Roknogh
Rokus	Rokus
Rol	Rol, Role, Roll, Rolle
Rola	Rola
Roland	Roland, Rolande, Rowland, Rowlande, Rowlland
Rolandeson	Rolandeson, Rollandesson, Rowlandeson, Rowlandesson
Rolandi	Rolandi, Rowlandi
Rolando	Rolando, Rowlando
Rolaundo	Rolaundo, Rollaundo
Rolaw	Rolaw, Rolawe
Rolbard	Rolbard
Rolef	Rolef, Rolif, Roluf, Rolyf, Rowlef, Rowlefe, Rowleff, Rowleffe
Rolenet	Rolenet
Roler	Roler, Roller
Rolerdes	Rolerdes
Roles	Roles, Rolles, Rowles, Rowlles
Roleslei	Roleslei, Rollesley
Roleson	Roleson, Rollessone
Rolet	Rolet, Rowlet, Rowlett
Rolf	Rolf, Rolfe, Rolff
Rolin	Rolin, Rolyn
Roling	Roling, Rollyng
Rolins	Rolins, Rolyns
Rolislei	Rolislei, Rollisley, Rollysley
Rolmiswerd	Rolmiswerd, Rolmyswerd
Rolof	Rolof, Roloff
Rolond	Rolond, Rowlond, Rowlonde
Rolondo	Rolondo
Roma	Roma
Romaien	Romaien, Romayen
Romain	Romain, Romaine, Romayn, Romayne
Roman	Roman, Romane, Romen, Romene, Romenei, Romeney, Rowman
Romania	Romania, Romanya
Romano	Romano
Romans	Romans
Romantes	Romantes, Romanttes
Romar	Romar, Romer, Romere, Romerei, Romerey
Romaso	Romaso
Rombald	Rombald
Rombaldison	Rombaldison, Rombaldysson
Rombaldo	Rombaldo
Rombler	Rombler
Rombold	Rombold, Rombolde
Romboldo	Romboldo
Rombolt	Rombolt
Romebold	Romebold
Romebould	Romebould
Romel	Romel, Romell
Romeler	Romeler
Romenant	Romenant
Romeni	Romeni, Romenie, Romeny, Romenye
Romenia	Romenia, Romenya
Romeo	Romeo
Romeris	Romeris
Romero	Romero
Romersal	Romersal, Romersale
Romerswal	Romerswal, Romerswale
Romeswal	Romeswal, Romeswale
Romi	Romi, Romy
Romin	Romin, Romyn
Romison	Romison, Romyson
Romland	Romland
Romnei	Romnei, Romney
Romni	Romni, Romny
Romond	Romond
Romoro	Romoro
Romport	Romport
Romson	Romson
Romuldo	Romuldo
Ron	Ron, Rone
Rona	Rona
Ronan	Ronan
Rondel	Rondel, Rondelle
Rondhurst	Rondhurst
Rondlet	Rondlet
Ronebek	Ronebek
Roneketl	Roneketl, Roneketle, Rowneketl, Rowneketle
Roneth	Roneth
Rong	Rong, Ronge
Ronga	Ronga
Ronia	Ronia, Ronya
Ronion	Ronion, Ronyon
Ronsolo	Ronsolo
Rood	Rood, Roode
Rook	Rook, Rooke
Rool	Rool, Roole, Roul, Roule, Ruel, Ruell
Rooms	Rooms
Roon	Roon, Roone
Roond	Roond
Roop	Roop, Roope
Roos	Roos, Roose, Roues
Root	Root, Roote
Rooth	Rooth
Roper	Roper
Ropers	Ropers
Ropkin	Ropkin, Ropkyn
Ropkop	Ropkop, Ropkope
Rorea	Rorea
Ros	Ros, Rose, Rosse
Rosa	Rosa
Rosai	Rosai, Rosay, Rowes, Rows, Rowse, Rowsse
Rosaie	Rosaie, Rossaye
Rosco	Rosco
Roscolo	Roscolo
Rosea	Rosea
Rosecrans	Rosecrans, Rosecranse
Rosedorp	Rosedorp
Rosekard	Rosekard
Rosekin	Rosekin, Rosekyn, Rossekyn
Roselin	Roselin, Rosselyn
Rosen	Rosen, Rossen
Rosenbergh	Rosenbergh
Rosendal	Rosendal, Rosendale, Rosendall, Rossendale
Rosenek	Rosenek
Rosenever	Rosenever
Rosentr	Rosentr, Rosentre
Rosentreder	Rosentreder, Rossentreder
Rosentrie	Rosentrie
Rosethorp	Rosethorp
Rosewatr	Rosewatr, Rosewatre
Rosicraunc	Rosicraunc, Rosicraunce
Rosicrauns	Rosicrauns
Rosier	Rosier, Rossyer
Rosilion	Rosilion
Rosin	Rosin, Rossyn, Rosyn
Rosk	Rosk, Roske
Roslei	Roslei, Rossley
Rosmilion	Rosmilion, Rosmylyon
Roso	Roso, Rosso
Rosobek	Rosobek
Roson	Roson
Rost	Rost, Roste
Rostanhor	Rostanhor
Rosten	Rosten
Rostic	Rostic, Rostice
Rostmer	Rostmer
Rostok	Rostok
Rot	Rot, Rote, Rott, Rotte
Rota	Rota, Rotta
Rotard	Rotard
Roteco	Roteco
Rotei	Rotei, Rottey
Roteman	Roteman
Roter	Roter, Rotter
Roterdam	Roterdam, Rotterdam
Roterigus	Roterigus
Roth	Roth, Rothe
Rothel	Rothel, Rothell, Rothewel, Rothewelle
Rothemago	Rothemago
Rotheregonis	Rotheregonis
Rotherhith	Rotherhith, Rotherhythe
Rotherici	Rotherici
Rotherigo	Rotherigo
Rotherigos	Rotherigos
Rotherigus	Rotherigus
Rotherogonis	Rotherogonis
Rothew	Rothew, Rothewe
Rothinghom	Rothinghom, Rothynghom
Rothomag	Rothomag, Rothomage
Rothomago	Rothomago
Rothriges	Rothriges
Rothwel	Rothwel, Rothwelle
Roti	Roti, Roty
Roting	Roting, Rotingh, Rottyng, Rotyng, Rotyngh
Rotirdam	Rotirdam, Rotyrdam
Rotman	Rotman
Rotomago	Rotomago
Rotsoi	Rotsoi, Rottsoy
Rotumbagh	Rotumbagh
Rotumbaugh	Rotumbaugh
Rotz	Rotz
Rouchester	Rouchester
Rouchestr	Rouchestr, Rouchestre
Rouehed	Rouehed, Rouehede
Rouf	Rouf, Roufe
Roug	Roug, Rouge
Rough	Rough, Ruf, Ruff, Ruffe
Roughewaner	Roughewaner
Rouhai	Rouhai, Rouhay, Wrigh
Rouhed	Rouhed, Rouhede
Rouk	Rouk, Rouke
Roulai	Roulai, Roulay
Rouland	Rouland, Roulande, Ruland
Roulandeson	Roulandeson, Roulandesson
Roulandi	Roulandi
Roulando	Roulando
Roules	Roules
Roulet	Roulet
Roulin	Roulin, Roulyn
Roulof	Roulof, Rouloff
Roulondo	Roulondo
Roulondson	Roulondson
Rouloner	Rouloner
Rounc	Rounc, Rounce
Round	Round, Rounde
Roundel	Roundel, Roundell
Roundketl	Roundketl, Roundketle
Rounhai	Rounhai, Rounhay
Rounslowes	Rounslowes
Rounswal	Rounswal, Rounswale
Rounth	Rounth
Rounthwait	Rounthwait, Rounthwayte
Rous	Rous, Rouse
Rousandal	Rousandal, Rousandall
Rousel	Rousel, Rousell
Rousewis	Rousewis, Rousewys
Rouso	Rouso, Rousso
Roust	Roust
Routerea	Routerea
Routh	Routh, Routhe
Routiko	Routiko
Rov	Rov, Rove
Rovar	Rovar, Rover, Rovere
Roveler	Roveler
Roven	Roven
Roveri	Roveri, Rovery
Rovers	Rovers
Rovescol	Rovescol, Rovescole
Rovian	Rovian, Rovyan
Rovor	Rovor
Rowaunt	Rowaunt, Rowaunte
Rowbant	Rowbant
Rowbei	Rowbei, Rowbey
Rowcasis	Rowcasis
Rowcestr	Rowcestr, Rowcestre
Rowch	Rowch
Rowchester	Rowchester
Rowei	Rowei, Rowey
Rowel	Rowel, Rowell, Rowelle
Rowenhough	Rowenhough
Rowg	Rowg, Rowge
Rowghwan	Rowghwan
Rowhed	Rowhed, Rowt
Rowis	Rowis, Rowys
Rowk	Rowk, Rowke
Rowl	Rowl, Rowle
Rowlaie	Rowlaie, Rowlaye
Rowlan	Rowlan
Rowlandson	Rowlandson
Rowlandum	Rowlandum
Rowlei	Rowlei, Rowley
Rowlerd	Rowlerd
Rowli	Rowli, Rowly
Rowlif	Rowlif, Rowlyff
Rowlin	Rowlin, Rowlyn
Rowling	Rowling, Rowlyng
Rowlinson	Rowlinson, Rowlynson
Rowlof	Rowlof, Rowloff
Rowlot	Rowlot, Rowlotte
Rowndel	Rowndel, Rowndell
Rownesloes	Rownesloes, Rowneslowes, Rownslowes
Rownseval	Rownseval, Rownsevale
Rowraso	Rowraso, Rowrasso
Rowrok	Rowrok, Rowroke
Rowsel	Rowsel, Rowselle, Rowsselle
Rowsendal	Rowsendal, Rowsendall
Rowsloes	Rowsloes, Rowslowes
Rowsloues	Rowsloues
Rowther	Rowther
Rozendel	Rozendel, Rozendell
Rozes	Rozes
Ruber	Ruber
Ruberd	Ruberd, Ruberde
Rubero	Rubero
Rubiano	Rubiano
Rubin	Rubin, Rubyn
Rubright	Rubright, Rubryght
Rucabeca	Rucabeca
Ruck	Ruck, Ruk, Ruke
Rucket	Rucket, Ruckett
Rucko	Rucko
Rud	Rud, Rudd, Rudde, Rude
Rudbi	Rudbi, Rudby
Rudder	Rudder, Ruder
Ruddok	Ruddok, Rudok
Rudker	Rudker
Rudlei	Rudlei, Rudley
Rudr	Rudr
Rudrikes	Rudrikes
Rudringer	Rudringer
Rudston	Rudston, Rudstone
Rufen	Rufen, Ruffen
Rufet	Rufet, Ruffet
Ruffins	Ruffins, Rufins
Ruffler	Ruffler, Rufler
Rufflet	Rufflet, Rufflett, Ruflet
Rufford	Rufford, Ruford
Ruffyn	Ruffyn, Rufin
Rug	Rug, Rugg, Rugge
Rugbie	Rugbie, Rugbye
Ruglei	Ruglei, Rugley
Rui	Rui, Ruy
Ruidon	Ruidon, Ruydon
Ruis	Ruis, Ruys
Rukbie	Rukbie, Rukbye
Rukin	Rukin, Rukyn
Rum	Rum, Rume
Rumbald	Rumbald
Rumbaldeson	Rumbaldeson, Rumbaldesson
Rumbaldo	Rumbaldo
Rumbold	Rumbold
Rumboldeson	Rumboldeson, Rumboldesson
Rumboldo	Rumboldo
Rumboltson	Rumboltson
Rumei	Rumei, Rumey
Rumer	Rumer
Rumeswal	Rumeswal, Rumeswale
Rumisland	Rumisland, Rummysland
Rumnei	Rumnei, Rumney
Rumneie	Rumneie, Rumneye
Runard	Runard
Runbridg	Runbridg, Runbridge
Runddes	Runddes, Rundes
Rundel	Rundel, Rundell
Rundulph	Rundulph
Runselowes	Runselowes
Runsi	Runsi, Runssy
Rupelow	Rupelow, Ruppelowe
Rus	Rus, Rusch, Ruse, Rush, Russch, Russe, Russhe
Rusa	Rusa, Russa
Rusan	Rusan, Russan, Russane
Rusandal	Rusandal, Russandall
Ruscaldo	Ruscaldo
Rusco	Rusco
Ruscolo	Ruscolo
Rusel	Rusel, Rusell, Russele, Russell, Russelle
Rusela	Rusela, Russella
Ruselei	Ruselei, Russeley
Rusels	Rusels
Rusemer	Rusemer, Russemer
Rusendal	Rusendal, Rusendall
Rusenthorp	Rusenthorp, Russenthorp, Russenthorppe
Rusew	Rusew, Russewe
Rushden	Rushden
Rushel	Rushel, Rushelle
Rushelai	Rushelai, Russhelay
Rusher	Rusher, Russher
Rusheton	Rusheton, Russheton
Rushilion	Rushilion, Russhilion
Rusho	Rusho, Russho
Rusi	Rusi, Russy
Rusiles	Rusiles, Russylles
Rusiliam	Rusiliam, Russiliam
Rusilian	Rusilian, Russylyan
Rusilio	Rusilio, Russilio
Rusilion	Rusilion, Russilion, Russillion, Russylion, Russyllion, Russylyon
Rusin	Rusin, Russyne
Rusingthorp	Rusingthorp, Russyngthorp
Rusinthorp	Rusinthorp, Russinthorp, Russynthorp, Russynthorppe
Rusk	Rusk, Ruske
Ruskei	Ruskei, Ruskey
Ruskot	Ruskot
Ruslet	Ruslet, Russlet
Rusli	Rusli, Rusly
Ruslin	Ruslin, Ruslyn
Ruso	Ruso, Rusow, Russo, Russowe
Rust	Rust, Ruste
Rusta	Rusta
Ruster	Ruster
Rustic	Rustic, Rustice
Rustico	Rustico
Rustigo	Rustigo
Ruston	Ruston
Ruswik	Ruswik, Ruswyk
Rut	Rut, Rutt, Rutte, Wrot
Rutar	Rutar
Ruter	Ruter, Rutter
Rutera	Rutera
Ruterdam	Ruterdam, Ruterdame
Ruterson	Ruterson, Rutersson
Ruthbie	Ruthbie, Ruthbye
Rutin	Rutin, Rutyn
Ruting	Ruting, Ruttyng, Ruttynge, Rutyng, Rutynge
Rutko	Rutko, Rutkow, Rutkowe
Rutso	Rutso
Sa	Sa, Sha
Saa	Saa, Shaa
Saas	Saas
Sab	Sab, Sabb, Sabbe
Saba	Saba
Sabaat	Sabaat, Sabat, Sabate
Sabada	Sabada
Sabahot	Sabahot, Sabahott
Sabai	Sabai, Sabay
Sabaker	Sabaker
Sabalaga	Sabalaga
Sabalea	Sabalea, Sabbalea
Saballo	Saballo, Sabalo
Sabaot	Sabaot, Sabaott
Sabaoth	Sabaoth
Sabasa	Sabasa, Sabassa
Sabastian	Sabastian
Sabastiani	Sabastiani
Sabata	Sabata
Sabato	Sabato
Sabestiano	Sabestiano
Sabhot	Sabhot, Sabhott
Sabiie	Sabiie, Sabiye
Sabil	Sabil, Sabill, Sabyll
Sabin	Sabin, Sabyn
Sabis	Sabis, Sabys
Sabistian	Sabistian
Sabl	Sabl, Sable, Sabul
Sables	Sables
Sabot	Sabot, Sabott, Sabotte
Sabres	Sabres
Sabulon	Sabulon
Sac	Sac, Sacce, Sack, Sacke, Sak, Sake, Sakke
Saca	Saca
Sacarega	Sacarega
Sacasco	Sacasco
Sachel	Sachel, Sachell, Sachelle
Sachi	Sachi, Sachy, Sackeie, Sackeye
Sachin	Sachin
Sachionis	Sachionis
Sacomano	Sacomano
Sacor	Sacor
Sacr	Sacr, Sacre
Sacri	Sacri, Sacry, Sakri, Sakry
Sacro	Sacro
Saddeler	Saddeler, Saddelere, Sadeler
Sader	Sader
Sadio	Sadio
Sadler	Sadler
Safford	Safford, Saford
Saffr	Saffr, Safr
Saffron	Saffron, Safron
Sag	Sag, Sage
Sagabra	Sagabra
Sagabrea	Sagabrea
Sagabria	Sagabria
Sagaraga	Sagaraga
Sagareia	Sagareia, Sagareya
Sagast	Sagast, Sagaste
Sagentes	Sagentes
Sagero	Sagero
Sagir	Sagir, Sugr, Sugre
Sago	Sago
Sagr	Sagr, Sagre
Sagra	Sagra
Sagrea	Sagrea
Sai	Sai, Say, Shai, Shay
Saiar	Saiar, Saiare, Sayar, Sayare
Saias	Saias, Sayas
Saie	Saie, Saye
Saier	Saier, Sayer
Saies	Saies, Sayes
Saifrensh	Saifrensh, Sayfrensh
Saiis	Saiis, Sayis
Saik	Saik
Sail	Sail, Saile, Schail, Schaylle, Shail, Shaille, Shayle
Sailes	Sailes, Sales, Salles, Sayles
Sailon	Sailon, Saylon
Saiman	Saiman, Sayman
Saimpier	Saimpier, Saympier
Sain	Sain, Sayne, Senei, Seney
Sainct	Sainct, Saincte
Sainpier	Sainpier, Saynpiere
Saint	Saint, Sainte, Saynt, Sayntt
Saintaviti	Saintaviti, Sayntaviti
Sainten	Sainten, Saynten
Saintert	Saintert
Saintiago	Saintiago, Saintjago
Saintin	Saintin, Sayntine
Saintino	Saintino, Sayntino
Saintiroion	Saintiroion, Sayntiroyon
Saintman	Saintman, Sayntman
Saintpeir	Saintpeir, Saintpeire, Sayntpeir
Saintpir	Saintpir, Saintpire
Sainturion	Sainturion, Saynturion, Saynturione, Saynturyon
Sairo	Sairo, Sayro
Sais	Sais, Says
Saistei	Saistei, Saystey
Saiver	Saiver, Sayver
Sakamano	Sakamano, Sakkamano
Sakar	Sakar
Sakarega	Sakarega
Sakeman	Sakeman
Sakeson	Sakeson, Sakkesson
Sakevil	Sakevil, Sakevile
Sakfeld	Sakfeld
Sakin	Sakin, Sakyn
Sakman	Sakman, Sockman
Sakvil	Sakvil, Sakvyle
Sal	Sal, Sale, Salle
Sala	Sala, Salla
Salabin	Salabin, Salabyn
Salac	Salac, Salace
Salacina	Salacina
Salais	Salais, Salays
Salaman	Salaman, Salamane, Salamon, Salamone, Salomon, Salomone
Salamancha	Salamancha
Salamancho	Salamancho
Salamanco	Salamanco
Salamank	Salamank, Salamanke
Salamanka	Salamanka
Salamanko	Salamanko
Salamond	Salamond
Salan	Salan, Salane
Salar	Salar, Sallar, Sallore, Salor
Salarin	Salarin, Salaryne
Salarn	Salarn, Salarne
Salarna	Salarna
Salarnai	Salarnai, Salarnay
Salarno	Salarno
Salarnos	Salarnos
Salarns	Salarns, Sallarns
Salars	Salars, Sallars
Salasar	Salasar
Salat	Salat, Salate
Salaveko	Salaveko
Salaver	Salaver
Salavin	Salavin, Salavyn
Salazar	Salazar
Salber	Salber, Salbere
Salcag	Salcag, Salcage
Salcedo	Salcedo
Salcero	Salcero
Salcheo	Salcheo
Salcot	Salcot, Salcote, Salcott
Sald	Sald, Salde
Salda	Salda, Schalda
Saldever	Saldever
Saldiler	Saldiler
Salditor	Salditor, Salditore
Saldo	Saldo
Saldon	Saldon, Saldone
Saldonio	Saldonio
Saldrea	Saldrea
Saleburi	Saleburi, Salebury
Saleis	Saleis, Saleys
Salemer	Salemer, Salemere
Salemier	Salemier
Salenac	Salenac, Salenace
Salenas	Salenas
Salenes	Salenes
Salens	Salens
Salerd	Salerd, Sallerd
Salerna	Salerna
Salerno	Salerno
Salesburi	Salesburi, Salesbury
Saleser	Saleser
Salet	Salet
Salever	Salever
Salewei	Salewei, Salewey, Sol, Sole, Solle
Saleweie	Saleweie, Saleweye
Salezar	Salezar
Salford	Salford, Salforde
Salgero	Salgero
Salia	Salia
Salich	Salich, Salyche
Saliero	Saliero
Salim	Salim, Salym
Salimer	Salimer, Salymer
Salin	Salin, Salyne
Saling	Saling, Salynge
Salinger	Salinger, Salynger
Salingham	Salingham, Salyngham
Salinis	Salinis, Salynys
Salion	Salion, Salyon, Salyone
Salis	Salis
Salisberi	Salisberi, Salysbery
Salisberie	Salisberie, Salisburi, Salisburie, Salisbury, Salysbury, Salysburye
Salita	Salita, Salyta
Salkeld	Salkeld
Sallmon	Sallmon, Salman, Salmon, Salmone, Shamon
Sallo	Sallo, Salo
Salloc	Salloc, Saloc
Sallowe	Sallowe, Salow, Salowe
Salm	Salm, Salme, Som, Some, Somme
Salmar	Salmar, Salmor, Salmore
Salmel	Salmel
Salmer	Salmer, Salmere
Salmin	Salmin, Salmyn
Salmond	Salmond
Salmonis	Salmonis
Salogh	Salogh
Salom	Salom, Salome
Salomanko	Salomanko
Salomark	Salomark, Salomarke
Salop	Salop
Salsa	Salsa
Salsedo	Salsedo
Saltash	Saltash, Saltasshe
Saltcot	Saltcot
Salter	Salter
Salterman	Salterman
Salteswik	Salteswik
Saltewich	Saltewich
Saltflet	Saltflet, Saltflete
Salton	Salton
Saltonstal	Saltonstal, Saltonstall, Saltonstalle
Saltpeter	Saltpeter
Saltwel	Saltwel, Saltwell
Saltwich	Saltwich, Saltwiche
Salusbur	Salusbur
Salusburi	Salusburi, Salusbury
Salv	Salv, Salve
Salva	Salva
Salvador	Salvador, Salvadore
Salvadores	Salvadores
Salvag	Salvag, Salvage
Salvagea	Salvagea
Salvagio	Salvagio
Salvago	Salvago
Salvaigo	Salvaigo, Salvaygo, Salvego, Salveigo, Salveygo
Salvain	Salvain, Salvayn
Salvan	Salvan, Salvane, Salven
Salvano	Salvano
Salvans	Salvans, Salvansse
Salvanus	Salvanus
Salvato	Salvato
Salvator	Salvator, Salvatore
Salvatoris	Salvatoris
Salvatour	Salvatour
Salveg	Salveg, Salvege
Salveus	Salveus
Salviad	Salviad, Salvyade
Salviat	Salviat, Salviate, Salvyat, Salvyate
Salviatis	Salviatis
Salvigo	Salvigo
Salvinet	Salvinet
Salvo	Salvo
Salvount	Salvount
Salvus	Salvus
Salwag	Salwag, Salwage
Salzedo	Salzedo
Sam	Sam, Same
Samaia	Samaia, Samaya
Samaie	Samaie, Samaye
Samandra	Samandra
Samano	Samano
Samara	Samara
Samarepa	Samarepa
Samason	Samason
Samatea	Samatea
Sambag	Sambag, Sambage
Sambitoris	Sambitoris
Sambr	Sambr, Sambre
Samel	Samel
Samelei	Samelei, Sameley
Samer	Samer
Samerlen	Samerlen
Samerling	Samerling, Samerlynge
Samerter	Samerter
Samerton	Samerton
Sames	Sames
Sameson	Sameson
Samford	Samford, Samforde
Samian	Samian, Samyan
Samkin	Samkin, Samkyn, Samkyne
Samon	Samon
Samond	Samond
Samondes	Samondes
Samotheo	Samotheo
Samotheow	Samotheow
Sampeler	Sampeler
Samper	Samper
Sampford	Sampford
Sampler	Sampler
Sampson	Sampson, Sampsone
Sampsonis	Sampsonis
Sampton	Sampton
Samsis	Samsis, Samsys
Samson	Samson, Samsone
Samuel	Samuel, Samuell, Samuelle
Samwel	Samwel, Samwelle
San	San, Sane
Sana	Sana
Sanal	Sanal, Sanale
Sanarepa	Sanarepa
Sanbistoris	Sanbistoris, Sanbystoris
Sanc	Sanc, Sance, Sanck
Sanceburgh	Sanceburgh
Sancerch	Sancerch, Sancerche, Sanserc, Sanserce
Sanch	Sanch, Sanche, Sanchei
Sanchea	Sanchea
Sancheo	Sancheo, Sanchio
Sancheodores	Sancheodores
Sancher	Sancher
Sanches	Sanches
Sancheum	Sancheum
Sancheus	Sancheus
Sanchez	Sanchez
Sanchi	Sanchi
Sanchionis	Sanchionis
Sanchis	Sanchis, Sanchus, Sanchys
Sancho	Sancho
Sanci	Sanci, Sancy
Sancio	Sancio
Sanckes	Sanckes, Sankes
Sanckin	Sanckin, Sanckyn, Sankin, Sankyn
Sanco	Sanco
Sanct	Sanct, Sancte
Sancta	Sancta
Sanctavanus	Sanctavanus
Sancti	Sancti
Sanctin	Sanctin
Sanctino	Sanctino
Sancto	Sancto
Sanctus	Sanctus
Sand	Sand, Sande
Sandai	Sandai, Sanday
Sandaker	Sandaker
Sandal	Sandal, Sandall
Sandar	Sandar
Sandares	Sandares
Sandars	Sandars
Sandebeken	Sandebeken
Sandeflet	Sandeflet, Sandeflete
Sandeford	Sandeford
Sandel	Sandel, Sandell
Sander	Sander, Sandr, Sandre
Sanderes	Sanderes, Sanders, Sandres, Sandrs
Sandericum	Sandericum
Sanderis	Sanderis
Sanderson	Sanderson, Sandersson
Sandes	Sandes
Sandew	Sandew
Sandewhich	Sandewhich
Sandewich	Sandewich, Sandewiche, Sandewych, Sandewyche
Sandewici	Sandewici
Sandewico	Sandewico
Sandewicum	Sandewicum
Sandflet	Sandflet, Sandflete
Sandford	Sandford
Sandie	Sandie, Sandye
Sandis	Sandis, Sandys
Sandiwicum	Sandiwicum
Sandman	Sandman
Sandow	Sandow, Sandowe
Sandreson	Sandreson, Sandresson
Sandrico	Sandrico
Sandrin	Sandrin, Sandryn
Sandro	Sandro
Sandwich	Sandwich, Sandwiche, Sandwych, Sandwyche
Sandwico	Sandwico
Sandwicum	Sandwicum
Sanekin	Sanekin, Sanekyn
Sanello	Sanello, Sanelo
Sanes	Sanes
Sanfinko	Sanfinko, Sanfynko
Sanford	Sanford, Sanforde
Sang	Sang, Sange
Sangar	Sangar
Sanget	Sanget
Sanghteleven	Sanghteleven
Sanglond	Sanglond
Sangman	Sangman
Sangronis	Sangronis, Sangronys
Sangronius	Sangronius
Sanguenet	Sanguenet
Sanguinet	Sanguinet, Sanguynett
Sangureis	Sangureis
Saniano	Saniano
Sano	Sano, Shonow, Shonowe
Sanoch	Sanoch, Sanoche
Sanod	Sanod, Sanode
Sanoie	Sanoie, Sanoye
Sans	Sans, Sanse, Sanz
Sanseot	Sanseot
Sansin	Sansin, Sansine
Sanso	Sanso
Sansor	Sansor
Sant	Sant, Sante
Santandera	Santandera
Santandr	Santandr, Santandre
Santen	Santen
Santeni	Santeni
Santibanes	Santibanes
Santin	Santin, Santyn
Santini	Santini
Santino	Santino
Santman	Santman
Santper	Santper, Santpere
Santz	Santz
Sap	Sap, Sapp, Sappe, Schap, Schapp
Sapa	Sapa
Sapcot	Sapcot, Sapcote
Sapecot	Sapecot, Sappecote
Sapeson	Sapeson, Sappesson
Sapien	Sapien
Sar	Sar, Sare, Sarr, Sarre
Saraga	Saraga, Sarraga
Sarai	Sarai, Sarray
Sarak	Sarak, Sarake
Sarasin	Sarasin, Sarasyne
Saraso	Saraso, Sarasso
Sarast	Sarast, Saraste
Sarasto	Sarasto, Sarrasto
Saratan	Saratan, Saratane
Sarbeck	Sarbeck
Sarborn	Sarborn, Sarborne
Sarbres	Sarbres
Sarcha	Sarcha
Sarcie	Sarcie, Sarcye
Sard	Sard, Sarde
Sarden	Sarden
Sardie	Sardie, Sardye
Sareaster	Sareaster
Sarei	Sarei, Sarey
Sarenbrough	Sarenbrough
Sares	Sares, Sarres, Sceres, Sers, Serse
Saresaga	Saresaga, Saressaga
Saresin	Saresin, Saresyn
Sarest	Sarest, Sareste
Sargaunt	Sargaunt
Sargeaunt	Sargeaunt
Sargent	Sargent, Sergeant
Sargo	Sargo
Sariaunt	Sariaunt
Saris	Saris, Sarys, Sceris, Scerys, Seris, Serise, Serrys, Serys, Seryse
Saritan	Saritan, Saritane
Sarkei	Sarkei, Sarkey
Sarlerno	Sarlerno
Sarlow	Sarlow, Sarlowe
Sarnasaban	Sarnasaban
Sarno	Sarno
Saro	Saro, Sarro
Sarocha	Sarocha
Sarochea	Sarochea
Sarp	Sarp, Sarpe, Scharp, Scharpe, Sharp, Sharpe, Sharpp, Sharppe
Sarpler	Sarpler
Sars	Sars, Sarse
Sarsa	Sarsa
Sart	Sart, Shart, Sharte, Shartt
Sarta	Sarta
Sartain	Sartain, Sartayn
Sartar	Sartar
Sartour	Sartour
Sartwich	Sartwich, Sartwiche
Sarum	Sarum
Sarv	Sarv, Sarve
Sarva	Sarva
Sarvais	Sarvais, Sarvays
Sarvas	Sarvas, Sharvas
Sarveis	Sarveis, Sarveys
Sarves	Sarves
Sarvis	Sarvis
Sarvois	Sarvois, Sarvoys
Sas	Sas, Sasse
Sasa	Sasa, Sassa
Sasado	Sasado
Sasars	Sasars
Sasbut	Sasbut
Saselo	Saselo
Sasenhouson	Sasenhouson, Sasonhousen, Sasonhouson, Sasonhowsen, Sasonhowsin, Sassenhousson, Sassonhousen, Sassonhouson, Sassonhowsen, Sassonhowssen, Sassonhowsyn
Sasenhuison	Sasenhuison, Sassenhuysson
Sasenhusen	Sasenhusen, Sassenhusen
Sasento	Sasento
Sasers	Sasers, Sasors
Sasert	Sasert
Sasinhowsin	Sasinhowsin, Sasinhowson, Sassynhowson, Sassynhowsyn
Sasiol	Sasiol, Sasyole
Saso	Saso, Sasso
Sason	Sason, Sasson
Sasonhosen	Sasonhosen, Sassonhossen
Sassweto	Sassweto, Sasweto
Sast	Sast, Saste
Sastalco	Sastalco
Sasti	Sasti, Sastie, Sasty, Sastye
Sastin	Sastin, Sastine, Sastyne
Saswal	Saswal, Saswale
Sat	Sat, Sate, Shat
Sataben	Sataben
Saten	Saten, Satin, Satten, Sattyn
Satenlei	Satenlei, Sattenley
Saterdai	Saterdai, Saterday
Saterl	Saterl, Saterle, Satterle
Saterlei	Saterlei, Saterley, Satterley
Saterli	Saterli, Saterlie, Saterly, Saterlye, Satterly
Satero	Satero
Satorlei	Satorlei, Sattorley
Satturlay	Satturlay, Saturlai
Saturdai	Saturdai, Saturday
Saturlei	Saturlei, Saturley
Saudirs	Saudirs, Saudyrs
Saul	Saul, Saule, Sawl, Sawle
Sauli	Sauli, Sauly, Sawli, Sawlie, Sawly, Sawlye
Saumel	Saumel, Saumell
Saumford	Saumford
Saumson	Saumson
Saunceo	Saunceo, Sauncio
Saunces	Saunces
Saunch	Saunch, Saunche, Sawnch, Sawnche
Sauncheo	Sauncheo, Saunchio, Sawnchio
Saunches	Saunches, Sawnches
Sauncheus	Sauncheus, Sawncheus
Saunchi	Saunchi, Saunchii
Saunchino	Saunchino
Saunchis	Saunchis
Saunchius	Saunchius
Sauncho	Sauncho
Sauncie	Sauncie
Sauncteago	Sauncteago
Sauncti	Sauncti
Saund	Saund, Saunde, Sawnd
Saundars	Saundars, Saunderes, Saunders, Saundirs, Saundors, Saundres, Saundyrs, Sawnders, Sawndirs, Sawndyrs
Saunder	Saunder, Saundr, Saundre, Saundur, Sawnder
Saunderson	Saunderson, Saundersson, Sawnderson
Saundes	Saundes
Saundewich	Saundewich, Saundewych
Saundir	Saundir, Saundire
Saundreson	Saundreson, Saundresson
Saundris	Saundris, Saundrys
Saundro	Saundro
Saunger	Saunger
Sauns	Sauns, Saunz, Saunze
Saunsho	Saunsho
Saunt	Saunt
Sauntin	Sauntin
Sauntino	Sauntino
Sauteron	Sauteron
Sauvag	Sauvag, Sauvage
Sav	Sav, Save, Shav, Shave
Sava	Sava
Savag	Savag, Savage
Savak	Savak, Savake
Saval	Saval, Savale, Savil, Savyll
Savala	Savala, Savalla
Savalaga	Savalaga
Savalea	Savalea
Savallo	Savallo, Savalo
Savant	Savant
Savari	Savari, Savary
Savato	Savato
Savegal	Savegal, Savegale
Savel	Savel, Savell
Saveler	Saveler, Saveller, Shovalar
Savello	Savello, Savelo
Savenok	Savenok
Saveour	Saveour, Saviour
Saver	Saver, Savere
Saverie	Saverie, Saverye
Savern	Savern
Savi	Savi, Savy
Savier	Savier
Savinion	Savinion, Savynyon
Savo	Savo
Savogal	Savogal, Savogale
Savoi	Savoi, Savoy
Savoie	Savoie, Savoye
Savolews	Savolews
Savorei	Savorei, Savorey
Saw	Saw, Sawe, Shaw, Shawe
Saward	Saward, Soward
Sawein	Sawein, Saweyn
Sawenches	Sawenches
Sawer	Sawer, Schor, Schore, Shawr, Shawre, Sor, Sore
Sawerd	Sawerd
Sawiar	Sawiar, Sawyar
Sawier	Sawier, Sawyer
Sawiil	Sawiil, Sawiyll
Sawilada	Sawilada, Sawillada
Sawin	Sawin, Sawyn
Sawkes	Sawkes
Sawkin	Sawkin, Sawkyn
Sawlerno	Sawlerno
Sawmper	Sawmper
Sawndares	Sawndares
Sawndrin	Sawndrin, Sawndryne
Sawnton	Sawnton
Saws	Saws, Sawse
Sawsti	Sawsti, Sawsty
Sawstrow	Sawstrow, Sawstrowe
Sawt	Sawt, Sawte, Shaught
Sawthorens	Sawthorens
Sawtin	Sawtin, Sawtyne
Sawvil	Sawvil, Sawvile
Sax	Sax, Saxe
Saxbi	Saxbi, Saxbie, Saxby, Saxbye, Saxsbi, Saxsby
Saxc	Saxc, Saxce
Saxcei	Saxcei, Saxcey
Saxci	Saxci, Saxcie, Saxcy, Saxeie, Saxeye, Saxi, Saxie, Saxy
Saxebi	Saxebi, Saxeby
Saxecei	Saxecei, Saxecey
Saxei	Saxei, Saxey
Saxen	Saxen, Saxson
Saxenfeld	Saxenfeld, Saxenfelde
Saxhei	Saxhei, Saxhey
Saxonie	Saxonie
Saxseie	Saxseie, Saxseye
Saxsonia	Saxsonia
Saxtin	Saxtin, Saxtyn
Saxto	Saxto
Saxton	Saxton
Sbara	Sbara, Sbarra
Scab	Scab, Scabe, Skab, Skabe
Scabisbergh	Scabisbergh
Scaccon	Scaccon, Scacon, Scakkon, Scakon
Scacer	Scacer
Scackeon	Scackeon
Scaf	Scaf, Scafe, Scaffe, Skaf, Skaffe
Scaford	Scaford
Scaght	Scaght, Scat, Scate, Scatte, Skat, Skate
Scaina	Scaina, Scayna
Scak	Scak, Scake, Skak, Skake
Scakesbi	Scakesbi, Scakesby
Scal	Scal, Scalle
Scala	Scala
Scalak	Scalak, Scallak
Scalant	Scalant
Scalanto	Scalanto
Scalaunch	Scalaunch
Scalco	Scalco
Scaldar	Scaldar
Scalder	Scalder, Skalder
Scalemaker	Scalemaker
Scales	Scales, Scalles
Scalik	Scalik
Scalio	Scalio
Scalis	Scalis, Scallys, Skalis, Skallys
Scalk	Scalk, Scalke, Skalk, Skalke
Scalpart	Scalpart
Scalsted	Scalsted, Scalstede
Scalstreat	Scalstreat, Scalstreate
Scalstret	Scalstret
Scalton	Scalton
Scanalor	Scanalor
Scandi	Scandi, Scandy
Scantelin	Scantelin, Scantelyn
Scantelon	Scantelon, Skantelon
Scantilbi	Scantilbi, Scantylby
Scantilon	Scantilon, Skantilon, Skantylon
Scap	Scap, Scape
Scapardon	Scapardon
Scapeheughson	Scapeheughson, Scapeheughsson, Scapeheugson, Scapehughson, Scapehugson
Scapeheuson	Scapeheuson, Scapehewson, Scapehuson
Scapehewghson	Scapehewghson
Scapeia	Scapeia
Scapelard	Scapelard
Scaper	Scaper
Scaperdon	Scaperdon
Scapeshod	Scapeshod, Scapeshode
Scaphuson	Scaphuson
Scapishod	Scapishod
Scaramuska	Scaramuska
Scarborgh	Scarborgh, Scarburgh
Scardeborgh	Scardeborgh, Scardeburgh
Scardena	Scardena
Scardenburgh	Scardenburgh
Scardon	Scardon
Scarel	Scarel, Scarelle
Scarl	Scarl, Scarle
Scarlak	Scarlak, Scarlake, Skarlack
Scarlea	Scarlea
Scarlet	Scarlet, Scarlett, Skarlet, Skarlett
Scarpenbergh	Scarpenbergh
Scarpenbourgh	Scarpenbourgh
Scarpent	Scarpent
Scarpinbergh	Scarpinbergh, Scarpynbergh
Scarpingbergh	Scarpingbergh, Scarpyngbergh
Scarqueik	Scarqueik, Scarqueyk
Scars	Scars, Scarse
Scarto	Scarto
Scaser	Scaser, Skaser
Scasins	Scasins, Scasyns
Scath	Scath, Scathe
Scatopolo	Scatopolo
Scavington	Scavington, Scavyngton
Scawehot	Scawehot
Scawght	Scawght, Skawght
Scawhot	Scawhot
Scea	Scea
Sceling	Sceling, Scellyng
Scenturion	Scenturion, Scenturyon
Scerl	Scerl, Scerle, Searl, Searle, Searlle, Serl, Serle, Serlle, Sherl, Sherle, Sherll, Sherlle, Shurl, Shurll
Schad	Schad, Schadde, Shad, Shadde
Schaddeworth	Schaddeworth, Schadeworth
Schadworth	Schadworth
Schafft	Schafft, Schaft, Shafft, Shaft, Shafte
Schahar	Schahar
Schaigth	Schaigth, Schaygth
Schalingford	Schalingford, Schalyngford
Schampthop	Schampthop
Schancho	Schancho
Schapeshed	Schapeshed
Schapeshod	Schapeshod, Schapeshode
Scharenford	Scharenford
Schares	Schares, Shares
Scharpenbourgh	Scharpenbourgh
Scharping	Scharping, Scharpyng, Sharping, Sharpyng
Schatel	Schatel, Schatelle
Schatelin	Schatelin
Schaung	Schaung, Schaunge
Scheatis	Scheatis, Sheatis, Sheatys
Sched	Sched, Schede
Schefeld	Schefeld, Scheffeld, Scheffelde
Schel	Schel, Schelle, Scial, Sciall, Shel, Shell, Shelle, Sl, Sle, Sul, Sule
Scheldon	Scheldon, Sheldon
Scheling	Scheling, Schellyng, Seling, Selling, Selyng, Sheling, Shelling, Shellyng
Schelt	Schelt, Schelte
Schelton	Schelton, Shelton
Schenbroug	Schenbroug
Schengbrough	Schengbrough
Schepei	Schepei, Schepey
Scheper	Scheper, Scheppere, Sipr, Sipre
Scherebourn	Scherebourn
Scherel	Scherel, Scherelle, Shirel, Shirelle
Scheringbek	Scheringbek, Scheryngbek
Scheringham	Scheringham, Scheryngham
Scherwind	Scherwind, Scherwynd, Schirwind, Schirwynd, Sherwind, Sherwynd, Shirwind, Shirwynd, Shirwynde, Shyrwynd
Scherwod	Scherwod, Sherwod, Sherwodd, Sherwode, Shirwod, Shyrwode
Schetemaker	Schetemaker
Schethar	Schethar, Schethare
Schethemaker	Schethemaker
Schether	Schether, Shethar
Scheverel	Scheverel, Scheverell
Schewhowson	Schewhowson, Schewhowsson
Schigorei	Schigorei, Schigorey
Schilford	Schilford, Schilforde
Schingei	Schingei, Schyngey
Schinkil	Schinkil, Schynkyll, Sinkil, Synkyll
Schip	Schip, Schypp, Ship
Schiper	Schiper, Schippere, Shiper, Shipper, Shippere, Shypper, Siper
Schipton	Schipton, Shipton, Shypton
Schirborn	Schirborn, Schirborne, Shirborn, Shirborne
Schirbourn	Schirbourn, Schirbourne, Sherborn, Sherborne, Shirbourn, Shirbourne, Shyrbourne
Schirwin	Schirwin, Schirwyn, Shirwin, Shirwyn, Shyrwyn
Schithing	Schithing, Schithyng
Schoa	Schoa
Scholardson	Scholardson
Scholt	Scholt, Sholt, Solt
Schomaker	Schomaker, Shomaker, Showemaker, Showmaker
Schonebagh	Schonebagh, Shonebagh
Schoo	Schoo, Shew, Shewe, Shu
Schorham	Schorham
Schort	Schort, Schortt, Shorrt, Short, Shorte, Shortt, Shortte
Schorter	Schorter, Shorter
Schoten	Schoten
Schotinbakar	Schotinbakar, Schottinbakar, Schottinbakare
Schoton	Schoton
Schowt	Schowt
Schreder	Schreder, Shredder, Shreder
Schrel	Schrel, Schrell
Schrewder	Schrewder, Shrewder
Schrother	Schrother
Schrowder	Schrowder, Shrowder
Schrub	Schrub, Schrubbe, Shrub, Shrubb, Shrubbe
Schult	Schult, Shult, Shulte, Sult
Schurhat	Schurhat, Schurhatt
Sciatis	Sciatis
Scinek	Scinek, Scinnek
Sciner	Sciner, Scynner, Siner, Sinour, Syner, Synner, Synnour
Sciping	Sciping, Scipping
Sclani	Sclani, Sclany
Sclanie	Sclanie, Sclanye
Scleus	Scleus, Scleuse, Skleus, Skleuse
Scliting	Scliting, Sclytyng
Sclokekin	Sclokekin, Sclokekyn
Sclokin	Sclokin, Sclokkyn
Sclot	Sclot, Sclott
Sclotken	Sclotken
Sclotkin	Sclotkin, Sclotkyn
Scluc	Scluc, Scluce
Sclus	Sclus, Scluse, Sklus, Sklusse
Sco	Sco
Scobard	Scobard
Scochin	Scochin, Scochyn
Scocia	Scocia
Scociam	Scociam
Scocie	Scocie
Scoef	Scoef, Scoeff, Scof, Scofe
Scoit	Scoit, Scoyte
Scokman	Scokman
Scol	Scol, Scole, Scoll, Scolle
Scolant	Scolant
Scolt	Scolt, Scolte
Scomakar	Scomakar
Scomaker	Scomaker
Scomer	Scomer, Scommer
Scon	Scon, Scone, Skon, Skone
Sconborough	Sconborough
Sconborugh	Sconborugh
Sconbrogh	Sconbrogh
Sconburgh	Sconburgh
Sconebergh	Sconebergh
Sconeborow	Sconeborow, Sconeborowe
Sconebright	Sconebright
Sconehow	Sconehow
Sconeman	Sconeman
Sconetop	Sconetop, Sconetoppe, Skonetop, Skonetoppe
Sconis	Sconis, Sconys
Scontetop	Scontetop
Scontop	Scontop, Scontoppe
Scop	Scop, Scope, Scopp
Scopehewson	Scopehewson, Scopehuson
Scopenhewer	Scopenhewer
Scor	Scor, Scorre
Scordich	Scordich, Scordiche
Scores	Scores
Scoris	Scoris, Scorrys
Scorman	Scorman
Scorta	Scorta
Scot	Scot, Scote, Scott, Scotte, Skot, Skote, Skott, Skotte
Scotcheman	Scotcheman
Scotchman	Scotchman
Scoteler	Scoteler, Scotelere
Scoter	Scoter, Scotere, Squeter, Squetere
Scoteri	Scoteri, Scotery, Squeteri, Squetery
Scoterie	Scoterie, Scoterye, Squeterie, Squeterye
Scotero	Scotero, Squetero
Scoth	Scoth
Scotico	Scotico
Scotil	Scotil, Scotyll
Scotishman	Scotishman
Scotland	Scotland
Scoton	Scoton, Skoton, Skotton
Scotorum	Scotorum
Scoult	Scoult, Scoulte
Scoun	Scoun, Scoune, Skein, Skeyn, Skeyne, Skoun, Skoune
Scountop	Scountop, Scountoppe, Skountop, Skountoppe
Scout	Scout, Scoute
Scov	Scov, Scove
Scovel	Scovel, Scovell, Scovil, Scovyll
Scovo	Scovo
Scow	Scow, Scowe
Scowlt	Scowlt
Scrac	Scrac, Scrace
Scraces	Scraces
Scraiingham	Scraiingham, Scraingham, Scraiyngham, Scrayngham, Skraingham, Skrayngham
Scramer	Scramer
Scraninc	Scraninc, Scranynce
Scravinc	Scravinc, Scravynce
Scravins	Scravins, Scravyns
Screder	Screder, Skreder
Screven	Screven, Screvene, Screvin, Screvyn, Scrivan, Scryvan, Skreven, Skriven, Skryven
Scriba	Scriba
Scritan	Scritan, Scritane
Scriven	Scriven, Scryven
Scriver	Scriver, Scryver, Skriver, Skryver
Scrivin	Scrivin, Scryvyn, Skrivin, Skryvyn
Scrob	Scrob
Scropa	Scropa
Scrother	Scrother
Scrudder	Scrudder, Scruder
Sculdr	Sculdr, Sculdre
Scult	Scult, Sculte, Skult, Skulte
Scurlok	Scurlok
Scut	Scut, Sket, Skete, Skett, Skut, Skutt
Scuteri	Scuteri, Scutery
Scututh	Scututh
Se	Se
Sea	Sea, See, Si, Sy
Seabright	Seabright, Siebright
Seais	Seais, Seays, Sees, Shes, Shesse
Sealco	Sealco
Sean	Sean
Sebast	Sebast
Sebastean	Sebastean
Sebastian	Sebastian, Sebastion, Sebastyan
Sebastiani	Sebastiani
Sebastiano	Sebastiano
Sebastianus	Sebastianus
Sebatena	Sebatena
Sebelita	Sebelita
Sebelso	Sebelso
Seben	Seben
Sebenia	Sebenia, Sebenya
Sebenico	Sebenico, Sebenyco
Sebert	Sebert
Seberti	Seberti
Sebestiano	Sebestiano
Sebil	Sebil, Sebyl
Sebrand	Sebrand
Sebrigh	Sebrigh, Sebryghe
Sebright	Sebright, Sebryght
Sebrigth	Sebrigth
Sebrit	Sebrit, Sebrite
Sechinbrough	Sechinbrough, Sechynbroughe
Secondo	Secondo, Secundo
Sed	Sed, Sede, Shed, Shedde, Shede
Seda	Seda
Sedens	Sedens, Sedense
Sediham	Sediham, Sedyham
Sedins	Sedins, Sedynse
Sedling	Sedling, Sedlynge
Seecha	Seecha
Seegrav	Seegrav, Seegrave
Seeigher	Seeigher, Seeygher, Segar, Seger, Sigar, Sigor, Sigour, Sygar, Sygor, Sygore, Sygour
Sefet	Sefet, Sefete
Sefolonia	Sefolonia, Sefolonya
Segal	Segal, Segale
Segard	Segard
Segaro	Segaro
Segars	Segars
Segarson	Segarson
Segeaunt	Segeaunt
Segeland	Segeland, Segheland, Seghelande
Segera	Segera
Segers	Segers
Segeswik	Segeswik, Segeswyk
Segew	Segew, Segewe
Segford	Segford
Segir	Segir, Segire, Segyr
Segirson	Segirson, Segirsson
Sego	Sego
Segor	Segor
Segora	Segora
Segour	Segour
Segovia	Segovia
Segr	Segr, Segre
Segrein	Segrein, Segreyne
Segrem	Segrem
Segreson	Segreson, Segresson
Segrim	Segrim, Segrym, Segryme
Segur	Segur
Segura	Segura
Sei	Sei, Sey, Shea
Seiano	Seiano, Seyano
Seiar	Seiar
Seiboth	Seiboth, Seybothe
Seies	Seies, Seyes
Seiger	Seiger, Seyger, Siger
Seight	Seight, Seyght
Seignour	Seignour
Seigrim	Seigrim, Seygrym, Seygryme
Seilstorn	Seilstorn, Seylstorne
Seiman	Seiman, Seyman
Seimer	Seimer, Seymer
Seimo	Seimo, Seymo
Seimor	Seimor, Seymor
Seimour	Seimour, Seymour
Sein	Sein, Seyn
Seincern	Seincern, Seyncerne
Seinclow	Seinclow, Seynclowe
Seinct	Seinct, Seincte
Seincteago	Seincteago
Seinctper	Seinctper, Seinctpere
Seindorp	Seindorp, Seyndorp
Seineowr	Seineowr, Seyneowre
Seingermain	Seingermain, Seyngermayn
Seingurlas	Seingurlas, Seyngurlas
Seinhov	Seinhov, Seynhove
SeinIohan	SeinIohan, SeynJohan
Seinleo	Seinleo, Seynleo
Seint	Seint, Seinte, Seintte, Seynt, Seynte, Seyntt
Seintavas	Seintavas, Seyntavase
Seintbetor	Seintbetor, Seyntbettore
Seintbitori	Seintbitori, Seyntbittory
Seintbutoris	Seintbutoris, Seyntbutorys
Seintebetori	Seintebetori, Seyntebettory
Seintes	Seintes
Seintez	Seintez, Seyntez
Seintfoi	Seintfoi, Seyntfoy
Seintgarmain	Seintgarmain, Seyntgarmayn
Seintgenes	Seintgenes
Seintgermain	Seintgermain, Seyntgermayn
Seinthorp	Seinthorp, Seynthorp
Seintiermain	Seintiermain, Seyntjermayn
Seintlegar	Seintlegar, Seyntlegar
Seintlow	Seintlow, Seyntlowe
Seintmitro	Seintmitro, Seyntmytro
Seintobetori	Seintobetori, Seyntobetory
Seintos	Seintos, Seintose
Seintpier	Seintpier, Seyntpier
Seintrud	Seintrud, Seintrude
Seintz	Seintz, Seyntz
Seir	Seir, Shor, Shore, Shorre, Sier, Syer
Seisnerus	Seisnerus, Seysnerus
Seistorn	Seistorn, Seystorn
Seivero	Seivero
Sek	Sek, Seke, Shek, Shekke
Sekal	Sekal, Sekale, Shekil, Shekylle
Sekenton	Sekenton
Sekevil	Sekevil, Sekevile
Sekewil	Sekewil, Sekewylle
Sekinton	Sekinton, Sekynton
Sekirstein	Sekirstein, Sekirsteyn, Sekyrsteyn
Sel	Sel, Sele, Selle
Sela	Sela
Selam	Selam, Selim, Sellam, Selym
Selan	Selan, Selane, Sellon, Selon
Seland	Seland
Selander	Selander
Selandes	Selandes
Selandia	Selandia
Selandie	Selandie
Selandr	Selandr, Selandre
Selar	Selar, Seler, Seller
Selas	Selas, Shelis, Shelys
Selaunder	Selaunder
Selbei	Selbei, Selbey
Selbi	Selbi, Selbie, Selby, Selbye
Seld	Seld, Sheld, Shelde
Selebrit	Selebrit
Selei	Selei, Seley, Selley
Selen	Selen, Sellen
Selender	Selender
Selendr	Selendr, Selendre
Selenger	Selenger
Seleok	Seleok
Selerer	Selerer
Selerno	Selerno, Sellerno
Seletour	Seletour
Seleveld	Seleveld
Self	Self
Selfild	Selfild
Selgrav	Selgrav, Selgrave
Selhof	Selhof, Selhoff, Selhoffe
Selibrand	Selibrand, Selibrande
Selic	Selic, Selice, Selik, Selyk
Seliman	Seliman
Selin	Selin, Selyn
Selinger	Selinger, Selynger
Selington	Selington, Sellyngton
Selis	Selis, Sellys
Selita	Selita
Selivant	Selivant, Sellivant, Sellyvant
Selkeston	Selkeston, Selkestone
Sellman	Sellman, Selman
Sello	Sello, Selo
Selm	Selm, Selme
Selos	Selos, Selose
Selot	Selot
Sels	Sels, Selse
Seltir	Seltir, Seltyr
Selvan	Selvan
Selvant	Selvant
Selvester	Selvester
Selwan	Selwan
Sem	Sem, Seme
Semaio	Semaio, Semayo
Semalo	Semalo
Seman	Seman
Semanc	Semanc, Semance
Semani	Semani, Semanni
Semanno	Semanno, Semano
Semat	Semat, Semate
Sembatoris	Sembatoris
Sembeto	Sembeto
Semei	Semei, Semey
Semelhok	Semelhok, Semelhoke
Semelso	Semelso
Semenes	Semenes
Semer	Semer
Semergod	Semergod
Semewaie	Semewaie, Semewaye
Seminel	Seminel, Semynell, Semynelle
Seminis	Seminis, Semynys
Semiot	Semiot, Semyot
Semoie	Semoie, Semoye
Semon	Semon
Semond	Semond
Semondes	Semondes
Semonis	Semonis
Semonon	Semonon
Semonson	Semonson
Semoreis	Semoreis, Semoreys
Semper	Semper
Sempier	Sempier
Senabers	Senabers
Senaga	Senaga, Sennaga
Senai	Senai, Senay
Senar	Senar, Senare
Senaugh	Senaugh
Senbot	Senbot, Senbote
Senches	Senches
Sencho	Sencho
Sencial	Sencial, Senciall, Sencyall
Sencl	Sencl, Sencle
Sender	Sender
Sendi	Sendi, Sendy
Sendorp	Sendorp
Sendraco	Sendraco
Senea	Senea
Senecl	Senecl, Senecle, Senekl, Senekle
Senekel	Senekel, Senekele, Senicl, Senycle
Sener	Sener, Senere
Senescal	Senescal, Senescall, Senescalle, Seneschal, Seneschalle
Seneshal	Seneshal, Seneshall, Seneshalle
Senesher	Senesher
Seneslak	Seneslak, Seneslake
Senger	Senger
Senia	Senia, Senya
Seniasco	Seniasco, Senyasco, Sineasco, Syneasco
Senicholo	Senicholo, Sennycholo
Senio	Senio
Senior	Senior, Seniore
Seniowr	Seniowr, Senyowre
Senis	Senis, Senys
Senos	Senos
Senseal	Senseal, Sensealle
Senserc	Senserc, Senserce
Sension	Sension, Senson
Senstock	Senstock, Senstocke
Sentbrasio	Sentbrasio
Sentdevers	Sentdevers
Sentdonis	Sentdonis, Sentdonys
Senteaga	Senteaga
Senteago	Senteago
Senteler	Senteler
Senterion	Senterion
Senthcor	Senthcor, Senthcore
Sentiaga	Sentiaga
Sentil	Sentil, Sentl, Sentle, Sentyll, Sentylle
Sentinii	Sentinii
Sentino	Sentino
Sentman	Sentman
Sentmitreo	Sentmitreo, Sentmytreo
Sentureon	Sentureon
Sep	Sep
Sepalato	Sepalato
Separs	Separs
Seper	Seper, Sepere, Shepar
Sepick	Sepick, Sepyck
Sepriel	Sepriel, Seprielle, Sepryelle
Sept	Sept
Septem	Septem
Septemb	Septemb
Septembar	Septembar
September	September
Septemberis	Septemberis
Septembis	Septembis
Septembr	Septembr
Septembris	Septembris
Septimo	Septimo, Septymo
Sepulvera	Sepulvera
Sera	Sera, Serra
Serages	Serages
Serago	Serago, Serrago
Seragos	Seragos, Seragose
Serai	Serai, Serray
Seraiel	Seraiel, Serraiel, Serrayell
Serail	Serail, Serraill, Serrayll, Serraylle
Seran	Seran
Serando	Serando
Serastee	Serastee
Serastin	Serastin, Serastyne
Serastori	Serastori, Serrastori
Serato	Serato
Serauns	Serauns, Seraunse
Serbabil	Serbabil, Serbabile
Serbi	Serbi, Serby
Serbiler	Serbiler, Serbyler
Serbo	Serbo
Sercher	Sercher, Sirchr, Syrchr
Serei	Serei, Serrey
Serekson	Serekson
Serel	Serel, Serell, Serol, Seroll, Sherel, Sherell, Sherelle
Seren	Seren
Serent	Serent, Serente
Sereo	Sereo
Seres	Seres
Seresie	Seresie
Sereso	Sereso
Serester	Serester
Seretan	Seretan, Seretane
Serffys	Serffys, Serfis
Sergaunt	Sergaunt, Sergaunte
Sergeaunt	Sergeaunt, Sergeaunte, Sergeauntte
Sergiaunt	Sergiaunt
Seri	Seri, Sheri, Shery
Serian	Serian, Seryane
Seriant	Seriant
Seriaunt	Seriaunt, Serjaunte
Seric	Seric, Serice, Serich, Serik, Serych, Seryche, Seryk
Serickes	Serickes, Seryckes
Serie	Serie, Serye, Shiri, Shyry
Serieant	Serieant, Serjeant
Serikes	Serikes, Serykese
Seril	Seril, Seryll, Serylle
Serina	Serina, Seryna
Serines	Serines, Serynes
Seringbrough	Seringbrough, Seringbroughe
Seristari	Seristari, Seristary
Seristori	Seristori, Seristory, Serystory
Seritain	Seritain, Serytayn
Serles	Serles
Sermarten	Sermarten
Sermartin	Sermartin, Sermartyn
Sermartins	Sermartins, Sermartyns, Sirmartins, Sirmartyns
Sermerco	Sermerco
Serna	Serna
Serno	Serno
Sero	Sero, Serow, Serro, Serrowe, Sherow
Serois	Serois, Seroys
Serok	Serok, Seroke
Seron	Seron, Serron
Serp	Serp, Serpe, Sherp
Serpent	Serpent
Serploo	Serploo
Serpot	Serpot
Sersa	Sersa
Sert	Sert, Serte
Sertander	Sertander
Sertod	Sertod, Sertode
Sertour	Sertour
Serturo	Serturo
Serutz	Serutz
Serv	Serv, Serve
Serva	Serva
Servais	Servais, Servays
Servalis	Servalis
Servans	Servans
Servas	Servas
Serveo	Serveo
Serveris	Serveris
Serves	Serves
Servia	Servia
Serviaunt	Serviaunt
Servis	Servis, Servys
Servo	Servo
Servois	Servois, Servoys
Servos	Servos
Servosa	Servosa
Sesa	Sesa, Sessa
Sesak	Sesak, Sessak
Sesar	Sesar, Sesare
Sesaro	Sesaro
Sesars	Sesars, Sesarse
Sesauns	Sesauns, Sessauns
Sescalco	Sescalco
Sesenak	Sesenak
Sesil	Sesil, Sesyle
Sesin	Sesin, Sesyne
Sesina	Sesina, Sesyna
Sesio	Sesio
Sesmont	Sesmont
Sesola	Sesola
Seson	Seson, Sesson
Sesona	Sesona
Sesoniga	Sesoniga, Sessoniga, Sessonyga
Sesonigo	Sesonigo, Sessonygo
Sesons	Sesons, Sessons
Sesto	Sesto
Set	Set, Sett, Sette
Setefot	Setefot, Settefote
Setenlei	Setenlei, Settenley
Setereleie	Setereleie, Settereleye
Seterlei	Seterlei, Setterley
Setevil	Setevil, Setevile
Setevot	Setevot, Settevote
Seth	Seth, Sethe, Sheth, Shethe
Sethen	Sethen
Sethingbrough	Sethingbrough, Sethyngbroughe
Seto	Seto, Setto
Seval	Seval, Sevalle
Sevan	Sevan
Sevard	Sevard
Sevari	Sevari, Sevary
Sevart	Sevart
Seveiro	Seveiro, Seveyro
Sevek	Sevek, Sevik
Seven	Seven
Sevenak	Sevenak, Sevenake
Sevenek	Sevenek
Sevenester	Sevenester
Sevenew	Sevenew
Sevenico	Sevenico
Sevenik	Sevenik, Sevenyk
Sevenok	Sevenok, Sevenoke, Sevinok, Sevynnoke
Sevenokes	Sevenokes
Seveok	Seveok
Sever	Sever
Severain	Severain, Severayn
Severan	Severan, Severane
Severea	Severea
Severed	Severed
Severeo	Severeo
Severikson	Severikson, Severiksson
Severin	Severin, Severyn, Severyne
Severing	Severing
Severn	Severn
Severs	Severs
Severson	Severson
Severt	Severt
Severtson	Severtson
Seves	Seves
Sevestres	Sevestres
Sevil	Sevil, Sevyle
Sevol	Sevol, Sevole, Sevolle
Sevonok	Sevonok
Sevoreo	Sevoreo
Sevorich	Sevorich, Sevoriche
Sew	Sew, Sewe
Sewal	Sewal, Sewale, Sewall, Sewalle, Sewhal, Sewhale
Sewar	Sewar, Seware
Seward	Seward, Sewarde, Sheward
Sewart	Sewart
Sewas	Sewas, Sewase
Sewdro	Sewdro
Sewel	Sewel, Sewell
Sewen	Sewen, Sion, Son, Sone, Sun, Sune, Syon
Sewenbergh	Sewenbergh
Sewer	Sewer, Shewer
Sewerson	Sewerson
Sewgovia	Sewgovia, Sewgovya
Sewhar	Sewhar, Sewhare
Sewhows	Sewhows
Sewic	Sewic, Sewice, Sewich, Sewiche, Sewych
Sewik	Sewik, Sewike, Sewyk, Sewyke
Sewis	Sewis, Sewish, Sewishe, Sewissh, Sewisshe, Sewys, Sewysh, Sewyshe, Sewyssh, Sewysshe, Shewisch, Shewische, Shewish, Shewissh, Shewysh, Shewysshe
Sewister	Sewister, Sewyster
Sewl	Sewl, Sewle, Shewl, Shewle
Sewster	Sewster
Sewter	Sewter, Souter, Suter
Sewton	Sewton, Suton, Sutton, Suttone, Suttun, Sutun
Sexmond	Sexmond
Sext	Sext, Sexte
Sexten	Sexten, Sexton
Sexti	Sexti, Sextie, Sextye
Sextin	Sextin, Sextyn
Sexto	Sexto
Sextor	Sextor
Sezar	Sezar
Sh	Sh
Shadworth	Shadworth
Shafti	Shafti, Shafty
Shagas	Shagas
Shaied	Shaied, Shayed, Shid, Shyde
Shaka	Shaka
Shakelfot	Shakelfot
Shakellton	Shakellton, Shakelton
Shakerlei	Shakerlei, Shakerley
Shakilton	Shakilton
Shakleton	Shakleton
Shalantew	Shalantew, Shalantewe
Shalar	Shalar, Shallar
Shalb	Shalb, Shalbe
Shaldo	Shaldo
Shalew	Shalew, Shallewe
Shallowe	Shallowe, Shalow, Shalowe
Shalmot	Shalmot, Shalmote
Shamard	Shamard
Shamp	Shamp, Shampe
Shampina	Shampina, Shampyna
Shanches	Shanches
Shardos	Shardos
Sharlet	Sharlet, Sharlett, Sharlot
Sharpenburgh	Sharpenburgh
Sharplai	Sharplai, Sharplay
Sharplei	Sharplei, Sharpley
Sharplet	Sharplet, Sharplett
Sharploth	Sharploth, Sharplothe
Sharplow	Sharplow, Sharplowe
Shatebel	Shatebel
Shatelin	Shatelin, Shatelyn
Shatis	Shatis
Shaufer	Shaufer
Shawel	Shawel
Shawelar	Shawelar, Shawellar
Shawes	Shawes
Shawlei	Shawlei, Shawley
Shawrag	Shawrag, Shawrage
Sheaf	Sheaf
Shearman	Shearman
Shef	Shef, Shefe, Sheffe
Shefeld	Shefeld, Sheffeld, Sheffelde
Sheffley	Sheffley, Sheflei
Sheinard	Sheinard, Sheynard, Sinard, Synard
Shelai	Shelai, Shellay
Shelberi	Shelberi, Shelbery
Shelder	Shelder
Shelei	Shelei, Shelley
Shelford	Shelford
Sheliet	Sheliet, Shellyet
Shelmor	Shelmor, Shelmore
Shelt	Shelt
Shelward	Shelward
Shelwing	Shelwing, Shelwyng
Shenard	Shenard
Shenoie	Shenoie, Shenoye
Shenok	Shenok
Shenton	Shenton
Shepard	Shepard, Sheperd, Sheppard
Shepenfeld	Shepenfeld
Shepensted	Shepensted
Shephod	Shephod
Shepster	Shepster
Sherbourn	Sherbourn, Sherbourne
Sheref	Sheref, Shereffe
Sheregrinder	Sheregrinder, Sheregrynder
Shereman	Shereman
Sherenbrough	Sherenbrough
Sherer	Sherer
Sheret	Sheret, Sherette
Sherewod	Sherewod, Sherewodde
Sherewood	Sherewood, Sherewoode, Sherrewoode
Sherewud	Sherewud, Sherewudde
Shergrinder	Shergrinder, Shergrynder
Sherif	Sherif, Sherife, Sheriffe
Sherington	Sherington, Sherryngton, Sheryngton
Sherinton	Sherinton, Sherynton
Sheris	Sheris, Sherys
Sherlei	Sherlei, Sherley, Shirlei, Shirley
Sherleie	Sherleie, Sherleye
Sherlock	Sherlock, Sherlocke
Sherman	Sherman, Shirman, Shyrman
Shernbrough	Shernbrough
Sherom	Sherom, Sherrome
Sherping	Sherping, Sherpyng
Sherploth	Sherploth
Shertrod	Shertrod, Shertrode
Sherwood	Sherwood, Sherwoode
Shetar	Shetar
Shetegam	Shetegam
Shetford	Shetford
Shethemaker	Shethemaker
Shether	Shether
Shev	Shev, Sheve
Shevaler	Shevaler
Sheveler	Sheveler
Shevelerd	Shevelerd
Shewemaker	Shewemaker
Shewhowson	Shewhowson
Shewing	Shewing, Shewyng
Shewshoweson	Shewshoweson
Shewshowson	Shewshowson
Shewt	Shewt, Shewte
Shiingilton	Shiingilton, Shyingilton
Shilberie	Shilberie, Shilberye
Shild	Shild
Shiling	Shiling, Shilling, Shillyng
Shilingford	Shilingford, Shillingford
Shilwin	Shilwin, Shylwyn
Shinard	Shinard, Shynard
Shingilton	Shingilton, Shyngilton, Shyngylton, Singilton, Syngilton, Syngylton
Shingleton	Shingleton, Singleton, Singulton, Syngulton
Shipar	Shipar, Shippar
Shipard	Shipard, Shippard, Shyppard
Shipeman	Shipeman, Shippeman
Shipham	Shipham
Shipinson	Shipinson
Shipleger	Shipleger
Shipman	Shipman, Shippman
Shipster	Shipster, Shypster
Shirborgh	Shirborgh
Shireif	Shireif, Shireife
Shiret	Shiret, Shyrett
Shiringham	Shiringham, Shyryngham
Shirington	Shirington
Shirkil	Shirkil, Shirkill
Shirow	Shirow, Shirowe
Shitok	Shitok, Shittokke
Shiv	Shiv, Shyve
Shivoter	Shivoter, Shyvoter
Shoberi	Shoberi, Shobery
Shoet	Shoet, Shoett
Shoften	Shoften
Shoie	Shoie, Shoye
Shoir	Shoir, Shoyr
Shoison	Shoison, Shoyson
Shoket	Shoket, Shokette
Shol	Shol, Shole, Soul, Soule, Sowl, Sowle
Sholdewel	Sholdewel, Sholdewelle
Sholdham	Sholdham
Sholdwel	Sholdwel, Sholdwelle
Sholier	Sholier, Sholyer
Sholio	Sholio, Shollio
Shomakar	Shomakar
Shoman	Shoman, Soman
Shon	Shon, Shone
Shopcop	Shopcop
Shopman	Shopman
Shopscop	Shopscop
Shopstop	Shopstop, Shopstoppe
Shoreham	Shoreham, Shorham
Shoreman	Shoreman
Shorer	Shorer
Shores	Shores, Sores
Shorffman	Shorffman, Shorfman
Shorles	Shorles
Shorlock	Shorlock
Shorn	Shorn, Shorne
Shortford	Shortford
Shorth	Shorth, Shorthe
Shortson	Shortson
Shos	Shos, Shose
Shosin	Shosin, Shosyn
Shot	Shot, Shote, Shott, Sot, Sote, Sotte
Shotar	Shotar, Sowter
Shoten	Shoten, Shoton, Shotten, Shotton
Shotenbakar	Shotenbakar, Shottenbakar
Shotenbaker	Shotenbaker, Shottenbaker
Shotin	Shotin
Shotinba	Shotinba
Shotinbakar	Shotinbakar, Shottinbakar, Shotynbakar
Shotinbaker	Shotinbaker, Shotynbaker
Shotinbeker	Shotinbeker, Shotynbeker
Shotingbaker	Shotingbaker, Shotyngbaker
Shotkin	Shotkin, Shottkyn
Shotonbaker	Shotonbaker
Shougborough	Shougborough
Shovelar	Shovelar
Shoventr	Shoventr, Shoventre
Showaler	Showaler, Showaller
Showbak	Showbak
Shower	Shower
Showerk	Showerk
Showeshowson	Showeshowson, Showshowsen, Showshowson
Showhowson	Showhowson
Showrt	Showrt, Showrte
Showshon	Showshon
Shradder	Shradder, Shrader
Shred	Shred, Shredde
Shreif	Shreif, Shreife
Shrev	Shrev, Shreve
Shrew	Shrew, Shrewe
Shrif	Shrif, Shryff
Shrod	Shrod, Shrode
Shroder	Shroder
Shroffman	Shroffman, Shrofman
Shrog	Shrog, Shroge, Shrogge
Shrok	Shrok, Shroke
Shruges	Shruges, Shrugges
Shugborn	Shugborn
Shugborow	Shugborow, Shugborowe
Shugborwgh	Shugborwgh
Shugburgh	Shugburgh
Shukborough	Shukborough, Shukborow, Shukborowe, Shukburow, Shukburowe
Shukburgh	Shukburgh
Shukburght	Shukburght
Shukling	Shukling, Sucling, Suclyng, Sukling, Suklyng
Shulder	Shulder
Shulock	Shulock
Shurdo	Shurdo
Shurlock	Shurlock
Shus	Shus
Shut	Shut, Shutt, Shutte, Sut, Sute
Shutenbaker	Shutenbaker, Shuttenbaker
Shutford	Shutford
Shutin	Shutin, Shuttin
Shutinbaker	Shutinbaker, Shuttinbaker, Shuttynbaker
Shwaler	Shwaler, Shwaller
Sialea	Sialea, Syalea
Sianis	Sianis, Syanys
Sibano	Sibano, Sybano
Sibar	Sibar, Sybar
Sibaran	Sibaran, Sybaran
Sibbesson	Sibbesson, Sibeson, Sybbesson
Sibeis	Sibeis
Siber	Siber, Syber
Sibergh	Sibergh, Sybergh
Sibers	Sibers, Sybbers
Sibert	Sibert, Sybert
Sibil	Sibil, Sibille
Sibila	Sibila, Sibilla
Sibilia	Sibilia, Sybilia
Sibot	Sibot, Sybot
Siboteson	Siboteson, Sibottesson, Sybotesson, Sybottesson
Sibotison	Sibotison, Sibottisson, Sybottysson
Sibotson	Sibotson, Sibotsson, Sybotson, Sybotsson
Sibranc	Sibranc, Sibrance
Sibrand	Sibrand, Sybrand
Sibright	Sibright, Sybright, Sybryght
Sibrondeson	Sibrondeson, Sybrondesson
Sibrough	Sibrough
Sibsei	Sibsei, Sybsey
Sibson	Sibson, Sybbsson, Sybson, Sybsson
Sibutson	Sibutson
Sic	Sic, Sik, Syke
Sicester	Sicester
Sichthem	Sichthem
Sichthen	Sichthen
Sidenbrough	Sidenbrough
Sidenei	Sidenei, Sydeney
Sider	Sider
Siderig	Siderig, Siderige
Sidnam	Sidnam, Sydnam
Sidnei	Sidnei, Sidney, Sydney
Sidow	Sidow, Sidowe
Sifrido	Sifrido, Syffrido
Sigal	Sigal, Sigall, Sygall
Sigara	Sigara, Sygarra
Sight	Sight, Syght
Sighten	Sighten, Sighton, Syghten, Syghton
Sightin	Sightin, Syghtyn
Sightur	Sightur, Syghtur
Sigin	Sigin, Sygyn
Sigismundo	Sigismundo
Signet	Signet, Signett
Signorel	Signorel, Signorell
Signoreles	Signoreles, Signorelles
Signorelis	Signorelis, Signorellis, Signorellys
Sigrim	Sigrim, Sigrym, Sygrym, Sygryme
Sigthen	Sigthen, Sigthon, Sygthon
Sikil	Sikil, Sykkylle
Silbi	Silbi, Silby, Sylby
Sileaco	Sileaco
Silestr	Silestr, Sylestre
Silevant	Silevant, Sillevant
Siliaco	Siliaco
Siliband	Siliband, Silyband
Silibant	Silibant, Silybant, Sylybant
Silibaunt	Silibaunt, Sylybaunt
Siliman	Siliman, Syllyman
Silinson	Silinson, Silynson, Sylynson
Silis	Silis, Silys
Silivant	Silivant, Sillivant, Syllivant
Silivaunt	Silivaunt, Syllyvaunt, Syllyvaunte, Sylyvaunt
Silkeston	Silkeston, Silkston, Sylkeston, Sylkston
Silkham	Silkham, Sylkham
Sillvan	Sillvan, Silvan
Sillvano	Sillvano, Silvano, Sylvano
Silmon	Silmon, Sylmon
Silof	Silof, Syloff
Silston	Silston, Silstone, Sylstone
Silver	Silver, Sylver
Silverbergh	Silverbergh, Sylverbergh
Silverton	Silverton, Sylverton, Sylvertone
Silvester	Silvester, Silvestr, Silvestre, Sylvester, Sylvestre
Silvestri	Silvestri, Sylvestri
Silvestro	Silvestro, Sylvestro
Silwei	Silwei, Sylwey
Sim	Sim, Syme, Symme
Simaie	Simaie, Simmaye
Simbal	Simbal, Symbale, Symball, Symballe
Simbaul	Simbaul, Symbaule
Simean	Simean
Simenel	Simenel, Symenelle
Simeon	Simeon, Symeone
Simes	Simes, Symmes
Simeson	Simeson, Symmesson
Similo	Similo
Simkin	Simkin, Symkyn
Simkins	Simkins, Symkyns
Simling	Simling, Symling, Symlyng
Simo	Simo, Symo
Simoio	Simoio, Symoyo
Simon	Simon, Simone, Symon, Symone
Simond	Simond, Simonde, Symond, Symonde
Simondes	Simondes, Symondes
Simondeson	Simondeson, Simondesson, Symondeson, Symondesone, Symondesson
Simondis	Simondis, Symondis
Simondisdoughter	Simondisdoughter, Symondisdoughter
Simondison	Simondison, Simondisson, Symondisson
Simondo	Simondo
Simondsdoughter	Simondsdoughter, Symondsdoughter
Simondson	Simondson, Simondsson, Symondson, Symondsson
Simondus	Simondus, Symondus
Simonel	Simonel, Symonelle
Simonez	Simonez, Symonez
Simonio	Simonio
Simonis	Simonis, Simonys, Symonis
Simonoes	Simonoes, Symonoes
Simons	Simons, Symons
Simonson	Simonson, Symonson, Symonsson
Simors	Simors, Symors
Simoundo	Simoundo
Simoundson	Simoundson, Symoundson
Simour	Simour, Symour
Simours	Simours, Symours
Simpson	Simpson, Sympson
Simson	Simson, Simsone, Symson, Symsson
Simth	Simth, Symth
Simundo	Simundo
Sinai	Sinai, Synnay
Sinckes	Sinckes, Synckes
Sinder	Sinder, Synder
Sindorp	Sindorp, Syndorp
Sineth	Sineth, Syneth
Sinew	Sinew, Synewe
Singano	Singano, Syngano
Singer	Singer, Synger
Sinin	Sinin, Synyn
Sinsier	Sinsier, Synsier
Sintfie	Sintfie, Syntffye
Sintpro	Sintpro
Sinxson	Sinxson, Synxson
Siolo	Siolo, Sollo, Solo
Siperes	Siperes, Syperes
Siperis	Siperis, Syperys
Sipers	Sipers, Sypers
Siperus	Siperus, Syperus
Sipirs	Sipirs, Sipres, Sypirs, Sypres
Sipnam	Sipnam
Sipolato	Sipolato
Sipolo	Sipolo, Sypollo
Sipreano	Sipreano, Sypreano
Siprian	Siprian
Sipriano	Sipriano, Sipryano
Sipriel	Sipriel, Siprielle
Sipris	Sipris, Siprys, Sypris, Syprys
Sipro	Sipro
Sireck	Sireck, Syrecke
Sired	Sired, Syred
Sirel	Sirel, Sirell
Sirenbark	Sirenbark, Syrenbarke
Sirenbergh	Sirenbergh, Syrenbergh
Sirenberk	Sirenberk, Sirenberke
Sirenboro	Sirenboro, Sirenborow, Syrenboro, Syrenborow
Sirenbrough	Sirenbrough, Syrenbrough
Sirenbrouh	Sirenbrouh, Syrenbrouh
Sirenbrowgh	Sirenbrowgh, Syrenbrowghe
Sires	Sires, Sirese
Siric	Siric, Sirice, Sirick, Syrice, Syrycke
Sirikes	Sirikes, Syrikes, Syrykes
Sironbergh	Sironbergh, Syronbergh
Sirples	Sirples, Syrples
Sirsabulin	Sirsabulin, Sirsabulyn
Sisack	Sisack, Sissack
Sisak	Sisak, Syssak
Sisembr	Sisembr, Sysembr
Sisewel	Sisewel, Sisewelle, Sysewelle
Sisik	Sisik
Sisimbr	Sisimbr, Sysymbr
Sisneros	Sisneros, Sisnoros
Sisnerus	Sisnerus, Sysnerus
Sispial	Sispial, Sispyall
Sisters	Sisters, Systers
Sisto	Sisto
Siswel	Siswel, Siswelle, Syswelle
Sita	Sita, Syta
Sitea	Sitea
Sith	Sith, Sythe
Sithen	Sithen, Sithin, Sithon, Sythen, Sython
Sithens	Sithens
Sithons	Sithons
Sithtin	Sithtin
Sithton	Sithton
Sitz	Sitz, Sitze
Siunders	Siunders, Syunders
Sivard	Sivard, Siverd, Syvard, Syverd
Sivering	Sivering, Syvering
Sivers	Sivers, Syvers
Sivert	Sivert, Syvert
Sivian	Sivian, Syvyan
Sivnaison	Sivnaison, Syvnaysson
Sivold	Sivold, Syvolde
Siward	Siward, Syward
SK	SK, Sk
Skad	Skad, Skade
Skader	Skader
Skain	Skain, Skayne
Skakilfot	Skakilfot, Skakylfot
Skalmot	Skalmot
Skalpar	Skalpar
Skampion	Skampion
Skantiloun	Skantiloun, Skantyloun
Skaples	Skaples
Skarbrough	Skarbrough
Skargil	Skargil, Skargill
Skarlo	Skarlo
Skarmer	Skarmer
Skarp	Skarp, Skarpe
Skaterar	Skaterar, Skaterare
Skatherbeck	Skatherbeck, Skatherbecke
Skatherbock	Skatherbock, Skatherbocke
Skavener	Skavener
Skeas	Skeas, Skeasse
Skebek	Skebek
Skeda	Skeda
Skedmach	Skedmach, Skedmache
Skegel	Skegel, Skegell
Skei	Skei, Skey
Skeina	Skeina, Skeyna
Skeinard	Skeinard, Skeynard
Skeiner	Skeiner, Skeynner, Skienar, Skiner, Skinner, Skyenar, Skyner, Skynner
Skel	Skel, Skele, Skell, Skelle, Skul, Skulle
Skelbrok	Skelbrok, Skelbroke
Skeldar	Skeldar
Skeles	Skeles, Skelles
Skelescut	Skelescut, Skelescute
Skelf	Skelf
Skeling	Skeling, Skelling, Skellyng, Skelyng
Skelis	Skelis, Skellys
Skelk	Skelk, Skelke
Skelman	Skelman
Skelton	Skelton
Skelwarder	Skelwarder
Skemelk	Skemelk
Skenar	Skenar, Skennar
Skenard	Skenard
Skencl	Skencl, Skencle
Skener	Skener, Skenner, Skinir, Skinor, Skynir, Skynor
Skenewold	Skenewold
Skening	Skening, Skenyng
Skenkel	Skenkel, Skenkell
Skep	Skep, Skepe
Skeper	Skeper, Skepper
Skepil	Skepil, Skepill
Skerdo	Skerdo
Skeres	Skeres, Skirs, Skores, Skyrs
Skergil	Skergil, Skergylle
Skerkei	Skerkei, Skerkey
Skerl	Skerl, Skerle
Skermer	Skermer, Skermere, Skirmer, Skyrmer
Skernebek	Skernebek
Skesel	Skesel, Skesell
Sketer	Sketer
Sketh	Sketh
Skevelin	Skevelin, Skevelyn
Skevening	Skevening, Skevenyng
Skevington	Skevington, Skevyngton
Skevinton	Skevinton, Skevynton
Skew	Skew, Skewe
Skezes	Skezes
Ski	Ski, Sky
Skidmor	Skidmor, Skidmore
Skieres	Skieres
Skiers	Skiers
Skiiner	Skiiner, Skyynner
Skil	Skil, Skill, Skille, Skyll, Skylle
Skilbeck	Skilbeck, Skilbecke
Skiling	Skiling, Skilling, Skillyng
Skiliwart	Skiliwart, Skyllywart
Skilman	Skilman, Skylman
Skilton	Skilton, Skylton
Skilvart	Skilvart
Skilvert	Skilvert, Skylvert
Skilward	Skilward, Skylward
Skimer	Skimer, Skymer
Skin	Skin, Skyne, Skynn
Skinar	Skinar, Skynar, Skynnar, Skynnare
Skincel	Skincel, Skyncell
Skinckel	Skinckel, Skinckl, Skinckle, Skincl, Skincle, Skinkel, Skinkil, Skinkill, Skinkille, Skinkl, Skinkle, Skinkyll, Skynckelle, Skyncle, Skynkell, Skynkelle, Skynkill, Skynkille, Skynkle, Skynkyll, Skynkylle
Skines	Skines, Skynes
Skingk	Skingk, Skyngke
Skingkl	Skingkl, Skyngkle
Skinikl	Skinikl, Skynykle
Skinil	Skinil, Skynyll, Skynylle
Skink	Skink, Skynk, Skynke
Skinkebier	Skinkebier, Skynkebier
Skinkin	Skinkin, Skynkyn
Skinking	Skinking, Skynkyng
Skip	Skip
Skipar	Skipar, Skyppar
Skiper	Skiper, Skipper, Skyper, Skypper
Skirbi	Skirbi, Skyrby
Skires	Skires, Skyres
Skirweth	Skirweth, Skirwith, Skyrweth, Skyrwith, Skyrwyth
Skiterburn	Skiterburn, Skitterburn
Skith	Skith, Skithe
Skivingoton	Skivingoton, Skyvyngoton
Skiwing	Skiwing, Skywyng
Sklavon	Sklavon
Sklews	Sklews, Sklewse
Skobi	Skobi, Skoby
Skoen	Skoen, Skoene
Skomaker	Skomaker
Skons	Skons
Skontop	Skontop, Skontoppe
Skopham	Skopham, Skophom
Skorow	Skorow
Skorwater	Skorwater
Skoteri	Skoteri, Skotery
Skotish	Skotish, Skottyshe
Skouns	Skouns
Skras	Skras, Skrase
Skravington	Skravington
Skreker	Skreker
Skrever	Skrever
Skrewder	Skrewder
Skrie	Skrie, Squerie, Squerye
Skrinket	Skrinket, Skrynket
Skun	Skun, Skunne
Slabard	Slabard
Slackmed	Slackmed
Slaghow	Slaghow, Slaghowe
Slainhop	Slainhop, Slainhope, Slaynhop, Slaynhope
Slainthehop	Slainthehop, Slaynthehope
Slan	Slan, Slane
Slanbrok	Slanbrok, Slanbroke
Sland	Sland
Slanei	Slanei, Slaney
Slani	Slani, Slany
Slanie	Slanie, Slanye
Slap	Slap, Slape
Slater	Slater, Slatter
Slatour	Slatour
Slaven	Slaven
Slaver	Slaver
Slavonia	Slavonia, Slavonya
Slawen	Slawen
Sleckling	Sleckling, Slecklyng
Sled	Sled, Slede
Slederman	Slederman
Slee	Slee, Sli, Slie, Sly, Slye
Slefford	Slefford, Sleford
Slegel	Slegel, Slegell
Sleghter	Sleghter, Slewter
Sleighter	Sleighter, Sleyghter
Sleiman	Sleiman, Sleyman
Sleinhop	Sleinhop, Sleynhop
Sleither	Sleither, Sleyther
Slek	Slek, Sleke
Sleman	Sleman
Slenhop	Slenhop, Slenhope, Slenhopp
Slevin	Slevin, Slevyn
Slew	Slew, Slewe
Slewis	Slewis
Slews	Slews, Slewse
Slidderman	Slidderman, Sliderman, Slyderman
Sligh	Sligh, Slygh
Slik	Slik, Slyke
Slingland	Slingland, Slyngland
Slinton	Slinton, Slynton
Slipo	Slipo, Slypo
Slitero	Slitero
Sloderman	Sloderman
Slog	Slog, Slogg
Slohow	Slohow, Slohowe
Slokin	Slokin, Slokyn
Slolei	Slolei, Sloley
Slonis	Slonis, Slonys
Slopkin	Slopkin, Slopkyn
Slorie	Slorie, Slorye
Slotemaker	Slotemaker
Sloter	Sloter
Slotken	Slotken, Slottken
Slotkin	Slotkin, Slotkyn, Slotkyne, Slottkyn, Slottkyne
Slowt	Slowt, Slowte
Slowter	Slowter
Sluc	Sluc, Sluce
Slug	Slug, Slugg, Slugge
Slugburn	Slugburn, Slugburne
Slus	Slus, Sluse
Sluter	Sluter
Sm	Sm, Sum, Summe
Smak	Smak, Smake
Smal	Smal, Smale, Small, Smalle
Smallpic	Smallpic, Smalpic
Smalvid	Smalvid, Smalvyd
Smalwod	Smalwod, Smalwode
Smedik	Smedik, Smedike
Smeding	Smeding, Smedyng
Smei	Smei, Smey
Smeith	Smeith, Smeyth, Smith, Smithe, Smyth, Smythe
Smeithman	Smeithman, Smeythman, Smithman, Smythman
Smerberd	Smerberd
Smert	Smert, Smerte
Smeth	Smeth, Smethe
Smethecot	Smethecot
Smethecotes	Smethecotes
Smething	Smething, Smethyng
Smeting	Smeting, Smettyng, Smetyng
Smight	Smight, Smyght
Smit	Smit, Smyt, Smytt
Smithfeld	Smithfeld, Smythfeld, Smythfelde
Smithken	Smithken, Smythken
Smithson	Smithson, Smythson
Smitht	Smitht, Smytht
Smitin	Smitin, Smytyn
Smiting	Smiting, Smyting, Smytting, Smyttyng, Smytyng
Smitken	Smitken, Smytken
Smitkin	Smitkin, Smytkyn, Smyttkyn
Smitman	Smitman, Smytman
Smok	Smok, Smoke
Smolt	Smolt, Smolte
Smoltson	Smoltson
Smotheman	Smotheman
Snaileham	Snaileham, Snayleham
Snaith	Snaith, Snayth
Snap	Snap, Snape, Snapp, Snappe
Snapil	Snapil, Snapill, Snapille
Snapl	Snapl, Snaple, Snapul, Snapule, Snapull, Snapulle
Snaw	Snaw, Snawe
Snawden	Snawden, Snawdon
Snawer	Snawer, Snower
Snecket	Snecket
Snecop	Snecop
Snee	Snee
Sneith	Sneith, Sneyth, Sneythe
Snel	Snel, Snell, Snelle
Sneling	Sneling, Snelling, Snellyng
Snepel	Snepel, Snepelle, Snepl, Sneple, Snepple
Snepul	Snepul, Snepule, Snepull, Snepulle
Sner	Sner, Snere
Snicop	Snicop, Snycopp
Snicoper	Snicoper, Snycoper
Sniper	Sniper, Snyper
Snipston	Snipston, Snypston
Snital	Snital, Snytall
Snitul	Snitul, Snytull
Snod	Snod, Snode
Snoden	Snoden, Snodon, Snowden, Snowdon
Snodenham	Snodenham
Snodland	Snodland
Snodlond	Snodlond
Snodnam	Snodnam
Snok	Snok, Snoke
Snopes	Snopes
Snos	Snos, Snose
Snoth	Snoth, Snothe
Snow	Snow, Snowe
Soan	Soan
Soarto	Soarto
Sobelso	Sobelso
Sobenek	Sobenek
Sobeta	Sobeta
Sobson	Sobson
Sockarin	Sockarin, Sockaryne
Sockat	Sockat
Sockmed	Sockmed, Sockmede
Soco	Soco
Sod	Sod, Sode
Sodelin	Sodelin, Sodelyn
Sodeling	Sodeling, Sodelyng
Soden	Soden, Sodon, Sowdon
Soderman	Soderman
Sodin	Sodin, Sodyn
Sodoloso	Sodoloso
Soferina	Soferina
Sofolonia	Sofolonia, Sofolonya
Soft	Soft
Sogabea	Sogabea
Sogar	Sogar
Sogat	Sogat, Sogate
Sogerson	Sogerson
Sogi	Sogi, Sogy
Sogobea	Sogobea
Soiborow	Soiborow, Soyborowe
Soier	Soier, Soyer
Soies	Soies, Soyes
Soinel	Soinel, Soynel
Soinet	Soinet, Soynet
Soinewk	Soinewk, Soynewk
Soint	Soint, Soynt
Sois	Sois, Soys
Soiso	Soiso, Soyso
Soison	Soison, Soyson
Soitelol	Soitelol, Soytelole
Sokarin	Sokarin, Sokarine, Sokaryn
Sokeling	Sokeling, Sokelyng
Soker	Soker
Soket	Soket
Sokling	Sokling, Soklyng
Sola	Sola
Solac	Solac, Solace
Solar	Solar, Solare, Soler
Solarna	Solarna
Solas	Solas
Solber	Solber, Solbere
Solbero	Solbero
Solei	Solei, Soley
Solernai	Solernai, Solernay
Solerton	Solerton
Solertson	Solertson
Soleta	Soleta
Soli	Soli, Soly
Soliar	Soliar, Solyar
Solier	Solier, Sollier, Sollyer, Solyer
Soligo	Soligo
Soliman	Soliman
Solinus	Solinus
Solio	Solio
Solis	Solis, Solyse
Solk	Solk, Solke
Solof	Solof, Solofe
Solohagn	Solohagn, Solohagne
Solola	Solola
Solonia	Solonia
Soloza	Soloza
Solrea	Solrea
Soltewich	Soltewich, Soltewiche
Soltman	Soltman
Soltwich	Soltwich, Soltwiche, Soltwyche, Soultwich, Soultwiche
Soltwichis	Soltwichis, Soltwychis
Solwat	Solwat
Soma	Soma, Somma
Somago	Somago
Somaio	Somaio, Somayo
Somar	Somar, Somare
Somean	Somean
Somefer	Somefer, Somefere
Somelso	Somelso
Somer	Somer, Somere, Somerei, Somerey, Sommer
Somerbi	Somerbi, Somerby
Somereson	Somereson, Someresson
Somerfeld	Somerfeld
Somergod	Somergod, Somergodde
Someri	Someri, Somery
Somers	Somers, Somerse
Somersei	Somersei, Somersey
Somerset	Somerset, Somersete
Somerton	Somerton
Somervil	Somervil, Somervile, Somervyle
Somvil	Somvil, Somvile, Somville, Somvyle
Sona	Sona
Sonard	Sonard
Sond	Sond, Sonde
Sondai	Sondai, Sonday
Sondars	Sondars
Sonder	Sonder
Sonders	Sonders
Sondevil	Sondevil, Sondevile
Sondon	Sondon
Sondria	Sondria
Sondwich	Sondwich, Sondwyche
Sonerson	Sonerson
Soneson	Soneson, Sonesson
Songam	Songam
Songar	Songar
Songer	Songer
Sonia	Sonia, Sonya
Sonig	Sonig, Sonnyge
Soning	Soning, Sonnyng, Sonnynge, Sonyng
Soningwel	Soningwel, Sonyngwell
Sonor	Sonor
Sonoso	Sonoso
Sonsia	Sonsia
Sonson	Sonson
Sontman	Sontman
Sonwel	Sonwel, Sonwelle
Soock	Soock, Soocke
Sooming	Sooming, Soomynge
Soon	Soon
Soonia	Soonia, Soonya
Sooning	Sooning, Soonnyng, Soonynge
Soopar	Soopar
Sooper	Sooper, Super
Sooro	Sooro
Soot	Soot, Soote, Sootte
Sop	Sop, Sopp, Soppe
Sopando	Sopando
Sopar	Sopar
Sopard	Sopard
Sopeland	Sopeland
Soper	Soper
Sophia	Sophia
Sopiver	Sopiver, Sopyver
Sopon	Sopon, Soppon
Sopson	Sopson
Soptina	Soptina
Sorac	Sorac, Sorrace
Soranc	Soranc, Sorance
Sorans	Sorans, Sorens
Soraunc	Soraunc, Soraunce
Sorauns	Sorauns, Soraunse
Soredogh	Soredogh
Soregew	Soregew, Soregewe
Sorenbrough	Sorenbrough
Sorevil	Sorevil, Sorevyl
Sorgheles	Sorgheles
Sorhot	Sorhot, Sorhote
Soriaga	Soriaga
Sorie	Sorie, Sorye
Sorlarno	Sorlarno
Sorlerna	Sorlerna
Sorlerno	Sorlerno
Sornkam	Sornkam
Sornos	Sornos, Sornose
Sornosa	Sornosa
Sornoso	Sornoso
Soro	Soro
Sorobak	Sorobak
Sorobi	Sorobi, Soroby
Sorpes	Sorpes
Sorsano	Sorsano
Sortier	Sortier
Sorw	Sorw, Sorwe
Sos	Sos, Sosse
Sosa	Sosa, Sowsa
Sosena	Sosena, Sosenna, Sosina, Sossena, Sossina, Sosyna
Sosia	Sosia
Sosino	Sosino, Sosyno
Soso	Soso
Sosoie	Sosoie, Sosoye
Sosona	Sosona
Sosonaga	Sosonaga
Sosonega	Sosonega
Sotacogo	Sotacogo
Sotard	Sotard, Soterd
Sotekin	Sotekin, Sotekyn
Soterea	Soterea
Soteson	Soteson, Sotesson, Sotison, Sotisson, Sottesson
Soth	Soth
Sothecot	Sothecot, Sothecott
Sotherei	Sotherei, Sotherey
Sotherick	Sotherick, Sotheryck
Sotherman	Sotherman, Sutherman
Sothern	Sothern, Sotherne, Southern, Southerne, Suthern
Sothernes	Sothernes
Sothers	Sothers
Sothewark	Sothewark, Sothewarke, Suthwark, Suthwarke
Sothewel	Sothewel, Sothewell
Sothewod	Sothewod, Sothewode, Suthewod, Suthwod
Sothework	Sothework, Sotheworke
Sothick	Sothick
Sothwod	Sothwod, Sothwode
Sotiato	Sotiato
Soto	Soto, Sotto
Souchin	Souchin
Soucour	Soucour
Soudan	Soudan, Souden
Sougar	Sougar, Suger
Souger	Souger
Soulerno	Soulerno
Soulter	Soulter, Soultter
Soum	Soum, Soumme
Sound	Sound, Sounde
Sounder	Sounder, Soundr, Soundre
Soundroun	Soundroun
Sounlan	Sounlan, Sounlane
Sount	Sount
Sourecow	Sourecow
Sous	Sous, Souse
Sousa	Sousa, Souza
Sousex	Sousex, Soussex
South	South, Southe
Southam	Southam
Southampton	Southampton
Southamptonia	Southamptonia
Southamptoniam	Southamptoniam
Southamptonie	Southamptonie
Southamton	Southamton
Southbeaneflet	Southbeaneflet, Southbeaneflete
Southclif	Southclif
Southcot	Southcot, Southcote, Southcott, Southcotte
Southel	Southel, Southell
Southelin	Southelin, Southelyn
Southerman	Southerman
Southetherman	Southetherman
Southewark	Southewark, Southewarke
Southewerk	Southewerk
Southewik	Southewik, Southewyk, Southewyke
Southewod	Southewod, Southewode
Southick	Southick
Southlands	Southlands
Southman	Southman
Southold	Southold
Southsex	Southsex
Southwald	Southwald
Southwark	Southwark
Southwerk	Southwerk, Southwerke
Southwich	Southwich
Southwick	Southwick, Southwicke, Southwik, Southwyk, Southwyke
Southwod	Southwod, Southwode
Southwold	Southwold, Southwolde
Soverain	Soverain, Soveraine
Soveraunc	Soveraunc, Soveraunce
Sovereson	Sovereson
Sovering	Sovering
Sovern	Sovern, Soverne
Soverton	Soverton
Sovinas	Sovinas
Sow	Sow, Sowe
Sowar	Sowar
Sowaso	Sowaso, Sowasso
Sowger	Sowger
Sowiso	Sowiso, Sowisso
Sowlin	Sowlin, Sowlyn
Sowltwich	Sowltwich
Sowndelin	Sowndelin, Sowndelyn
Sowngad	Sowngad
Sownlam	Sownlam
Sowster	Sowster
Sowt	Sowt, Sowte, Sowtte
Sowthaick	Sowthaick
Sowthal	Sowthal
Sowthank	Sowthank, Sowthanke
Sowthark	Sowthark
Sowthbeck	Sowthbeck, Sowthbek, Sowthbeke
Sowthcot	Sowthcot, Sowthcote, Sowthcott
Sowthecot	Sowthecot, Sowthecote, Sowthecott
Sowtherman	Sowtherman
Sowthewark	Sowthewark, Sowthewarke, Sowthwark, Sowthwarke
Sowthewerk	Sowthewerk, Sowthewerke
Sowthewik	Sowthewik, Sowthewyk
Sowthick	Sowthick, Sowthik
Sowthland	Sowthland
Sowthorn	Sowthorn, Sowthorne
Sowthrik	Sowthrik, Sowthryke
Sowthron	Sowthron, Sowthrone
Sowthwel	Sowthwel, Sowthwell
Sowthwik	Sowthwik, Sowthwike, Sowthwyke
Sowthwod	Sowthwod, Sowthwode
Sowthwood	Sowthwood, Sowthwoode
Sowtwich	Sowtwich, Sowtwiche, Sowtwyche
Sowvieta	Sowvieta
Sozina	Sozina
Sp	Sp, SP, Spe
Spacheford	Spacheford
Spachford	Spachford
Spackes	Spackes
Spad	Spad, Spadd, Spade
Spadard	Spadard
Spadero	Spadero
Spading	Spading, Spadyng
Spaign	Spaign, Spaigne, Spain, Spayn, Spayne
Spainalo	Spainalo, Spaynalo
Spainard	Spainard, Spaynard
Spainesch	Spainesch, Spaynesch
Spainesh	Spainesh, Spayneshe, Spaynesshe
Spaingnard	Spaingnard, Spayngnard
Spaini	Spaini, Spayny
Spainia	Spainia, Spaynya
Spainiard	Spainiard, Spaynyarde
Spainisch	Spainisch, Spainish, Spaynishe, Spaynysche, Spaynysh, Spaynyshe, Spaynysshe
Spaino	Spaino, Spayno
Spakerck	Spakerck
Spakerik	Spakerik
Spakman	Spakman
Spakrik	Spakrik, Spakryk
Spal	Spal, Spalle
Spalatin	Spalatin
Spalato	Spalato
Spalcheford	Spalcheford, Spalcheforde
Spalding	Spalding, Spaldyng
Span	Span, Spane
Spanard	Spanard
Spanbi	Spanbi, Spanby
Spanchford	Spanchford
Spando	Spando, Spandoe
Spanel	Spanel, Spanell
Spanes	Spanes
Spang	Spang, Spange
Spanir	Spanir, Spanyr, Sponr, Sponre
Spanis	Spanis, Spanish, Spanishe, Spannysh, Spannyshe, Spanys, Spanysh, Spanyshe, Spanysshe
Spank	Spank, Spanke
Spar	Spar, Spare, Sparr, Sparre
Sparchefeld	Sparchefeld
Sparcheferd	Sparcheferd
Sparchefford	Sparchefford, Sparcheford
Sparchford	Sparchford
Sparck	Sparck, Spark, Sparke
Sparford	Sparford, Sparforde
Spargheford	Spargheford, Spargheforde
Sparham	Sparham
Spari	Spari, Sparry, Spary
Sparing	Sparing, Sparrynge
Sparling	Sparling, Sparlyng
Sparn	Sparn, Sparne
Sparough	Sparough
Sparow	Sparow, Sparowe
Speader	Speader
Speart	Speart, Spert, Sperte
Sped	Sped, Spede
Spedel	Spedel, Spedelle
Spegel	Spegel, Spegell
Spegil	Spegil, Spegill, Spegyll
Speinala	Speinala, Speynala
Spek	Spek, Speke, Spekke
Spekeling	Spekeling, Spekelyng
Spekil	Spekil, Spekill
Spel	Spel, Spelle
Spelato	Spelato
Spelin	Spelin, Spellyn
Spelker	Spelker
Spellowe	Spellowe, Spelow
Spen	Spen
Spenal	Spenal, Spenale, Spenall, Spenalle, Spenel, Spenele, Spenell, Spenelle
Spenc	Spenc, Spence
Spencer	Spencer, Spenser
Spenceris	Spenceris
Spendar	Spendar, Spender, Spendere, Spendr, Spennder
Spenden	Spenden
Spendir	Spendir, Spendyr
Spendola	Spendola, Spindola, Spyndola
Spengel	Spengel, Spengell
Spenil	Spenil, Spenylle, Spinel, Spinell, Spinelle, Spinil, Spinnell, Spinnelle, Spinol, Spinoll, Spynel, Spynele, Spynell, Spynelle, Spynnele, Spynnell, Spynnelle, Spynnyll, Spynole
Spenila	Spenila
Spening	Spening, Spennyng, Spenynge
Spenisch	Spenisch, Spenysche
Spenola	Spenola
Spens	Spens, Spense
Spensard	Spensard
Spent	Spent, Spente
Spenula	Spenula, Spinela, Spinella, Spinula, Spynella
Spera	Spera
Sperandam	Sperandam
Speraunc	Speraunc, Speraunce
Spereman	Spereman, Sperman
Sperham	Sperham
Sperhank	Sperhank, Sperhanke
Spering	Spering, Speringe, Sperryng, Speryng, Sperynge, Spreing, Spreyng, Spring, Springe, Spryng, Sprynge
Sperit	Sperit, Sperite
Sperling	Sperling, Sperlyng
Spermen	Spermen
Speron	Speron, Sperone
Sperons	Sperons
Speshen	Speshen
Speteling	Speteling, Spetelyng
Spic	Spic, Spice, Spik, Spike, Spyce, Spyke
Spicer	Spicer, Spycer
Spier	Spier, Spyer
Spignet	Spignet
Spigot	Spigot, Spigott, Spigotte, Spygot, Spygott
Spiier	Spiier, Spiyer
Spiker	Spiker, Spyker, Spykere
Spikholt	Spikholt
Spila	Spila, Spilla
Spilbarough	Spilbarough
Spileman	Spileman, Spilleman, Spyleman
Spilholt	Spilholt
Spilkan	Spilkan
Spilkar	Spilkar
Spilker	Spilker, Spylker
Spillman	Spillman, Spilman, Spylman
Spilmaker	Spilmaker, Spylmaker
Spin	Spin, Spyne
Spina	Spina, Spyna
Spinal	Spinal, Spinale, Spinall, Spinalle, Spynal, Spynall, Spynalle
Spinala	Spinala
Spiner	Spiner, Spynner
Spingel	Spingel, Spingil, Spyngele, Spyngell, Spyngill, Spyngille, Spyngyll
Spinges	Spinges, Spynges
Spinilai	Spinilai, Spinilay
Spinla	Spinla, Spynla
Spinlai	Spinlai, Spynlay
Spinola	Spinola, Spynola
Spinopr	Spinopr, Spinopre
Spinos	Spinos, Spynos
Spinosa	Spinosa, Spynosa
Spinoso	Spinoso, Spynoso
Spir	Spir, Spur, Spurr, Spyre
Spirbal	Spirbal, Spirballe, Spyrballe
Spirbow	Spirbow
Spiring	Spiring, Spyring
Spirit	Spirit, Spirite
Spiritus	Spiritus
Spis	Spis, Spyse
Spiser	Spiser, Spyser
Spisholt	Spisholt
Spit	Spit, Spyte
Spita	Spita, Spytta
Spitling	Spitling, Spytlyng
Spitsa	Spitsa, Spytsa
Splen	Splen, Splene
Spo	Spo
Spob	Spob, Spobe
Spod	Spod, Spode
Spoddille	Spoddille, Spodel, Spodelle, Spodil, Spodille, Spodylle
Spoddle	Spoddle, Spodl, Spodle
Spok	Spok, Spoke
Spolato	Spolato
Spolc	Spolc, Spolce
Spon	Spon, Spone
Spondel	Spondel, Spondelle, Spondl, Spondle
Spondon	Spondon
Sponel	Sponel, Sponelle
Sponer	Sponer
Spontisberi	Spontisberi, Spontysbery
Spoo	Spoo
Spor	Spor, Spore, Sporr
Sporel	Sporel
Sporer	Sporer
Sporiar	Sporiar, Sporiare
Sporier	Sporier, Sporiour, Sporyer, Sporyour
Spork	Spork, Sporke
Sporkin	Sporkin, Sporkyn
Sporow	Sporow
Sportkin	Sportkin, Sportkyn
Spoteling	Spoteling, Spotelyng
Spoten	Spoten
Spoter	Spoter, Spotter
Spotil	Spotil, Spottille, Spotylle
Spoulc	Spoulc, Spoulce
Spoulie	Spoulie
Spoun	Spoun, Spoune
Spregeholt	Spregeholt
Spregiholt	Spregiholt
Spregilholt	Spregilholt
Spreknes	Spreknes
Sprem	Sprem, Spreme
Sprens	Sprens, Sprense
Spret	Spret, Sprete, Sprette
Spreuc	Spreuc, Spreuce, Sprewc, Sprewce
Spreus	Spreus
Sprewes	Sprewes, Sprews
Sprewis	Sprewis
Sprewt	Sprewt, Sprewte
Spright	Spright, Sprightte
Sprikenes	Sprikenes, Sprykenes
Sprikman	Sprikman, Sprykman
Spriknes	Spriknes, Spryknes
Springer	Springer, Sprynger
Springham	Springham, Spryngham
Springhorn	Springhorn, Sprynghorn, Sprynghorne
Springl	Springl, Springle
Sprinkil	Sprinkil, Sprinkill, Sprinkyll
Sprit	Sprit, Sprite, Spryt, Sprytt
Spriver	Spriver
Sprong	Sprong
Sprot	Sprot, Sprote, Sprott, Sprotte
Sprotlei	Sprotlei, Sprotley
Sprover	Sprover
Sprow	Sprow, Sprowe
Spruc	Spruc, Spruce
Sprucia	Sprucia
Sprucie	Sprucie
Spruis	Spruis, Spruyse
Sprus	Sprus, Spruse
Spruser	Spruser, Sprusser
Spuddell	Spuddell, Spuddelle, Spudel, Spudele, Spudell
Spuddelo	Spuddelo, Spudelo
Spuddle	Spuddle, Spudl, Spudle
Spurier	Spurier, Spurryer
Spurli	Spurli, Spurly
Spurn	Spurn, Spurne
Spurnel	Spurnel, Spurnell
Spurver	Spurver
Squartafigo	Squartafigo
Squarthifego	Squarthifego, Squarthyfego
Squartifego	Squartifego, Squartyfego
Squartifigo	Squartifigo
Squeer	Squeer, Sqwir, Sqwire
Squerel	Squerel, Squerell
Squertifego	Squertifego, Squertyfego
Squertifigo	Squertifigo, Squertyfygo
Squiard	Squiard, Squyard, Squyarde
Squid	Squid, Squide
Squier	Squier, Squyer, Sqwier
Squiertifego	Squiertifego, Squyertyfego
Squirel	Squirel, Squyrell, Squyrelle, Sqwirel, Sqwyrell
Squirtafigo	Squirtafigo, Squirtifigo, Squyrtifigo, Squyrtyfygo
Squirtefigo	Squirtefigo, Squyrtefygo
Squirtifego	Squirtifego, Squyrtifego, Squyrtyfego
Squiter	Squiter, Squitere, Squyter, Squytere
Squiteri	Squiteri, Squitery, Squytery
Squiterie	Squiterie, Squiterye, Squyterye
Squitero	Squitero
Squteri	Squteri, Squtery
Squterie	Squterie, Squterye
Sqwirtifil	Sqwirtifil, Sqwyrtyfylle
Srier	Srier
Sroul	Sroul, Sroulle
St	St, Ste, Streat, Streate
Staas	Staas
Stabrig	Stabrig, Stabrige
Staburgh	Staburgh
Stac	Stac, Stace
Stacee	Stacee
Stachen	Stachen
Stachesden	Stachesden
Stachisden	Stachisden, Stachisdene
Staci	Staci, Stacy
Stacie	Stacie, Stacye
Stacin	Stacin, Stacyn
Stacinet	Stacinet, Stacynet
Stacinot	Stacinot, Stacynot
Stacio	Stacio
Stacion	Stacion, Stacyon
Stadard	Stadard, Stadarde, Staddard, Stoderd
Stadart	Stadart, Staddart
Stadrart	Stadrart
Staferton	Staferton, Stafferton
Stafford	Stafford, Staford
Stag	Stag, Stagge
Staginbri	Staginbri, Staginbry
Stagnet	Stagnet
Stai	Stai, Stay
Staibr	Staibr, Staybre
Staic	Staic, Staice, Stayce
Staie	Staie, Staye
Staier	Staier, Stayer
Staies	Staies, Stayes
Stail	Stail, Staylle
Stain	Stain, Stayne
Stainback	Stainback, Staynback
Stainbaugh	Stainbaugh, Staynbaugh
Stainebaugh	Stainebaugh, Staynebaugh
Staino	Staino, Stayno
Staio	Staio, Stayo
Stairs	Stairs, Stairse
Stais	Stais, Staise
Staison	Staison, Staysson
Stakelhowsen	Stakelhowsen, Stakelhowson
Stakilhousen	Stakilhousen
Stakilhuson	Stakilhuson, Stakylhuson
Stakinbrough	Stakinbrough, Stakynbrough
Stal	Stal, Stale, Stalle
Stala	Stala, Stalla
Stalam	Stalam
Stalbrok	Stalbrok, Stalbroke
Stalham	Stalham
Stalin	Stalin, Stalyn
Stalker	Stalker
Stalworth	Stalworth
Stamati	Stamati, Stamaty
Stambridg	Stambridg
Stambrig	Stambrig, Stambrige
Stamelard	Stamelard
Stamer	Stamer
Stamerard	Stamerard
Stamford	Stamford, Stamforde
Stamiland	Stamiland, Stamyland
Staml	Staml, Stamle
Stamland	Stamland
Stamp	Stamp, Stampe
Stampfford	Stampfford, Stampford
Stamphord	Stamphord, Stamphorde
Stan	Stan, Stane
Stanard	Stanard, Stannard
Stanback	Stanback, Stanbacke
Stanbak	Stanbak, Stanbake
Stanbaugh	Stanbaugh
Stanbi	Stanbi, Stanby
Stanbridg	Stanbridg, Stanbridge
Stanburi	Stanburi, Stanbury
Stanchelof	Stanchelof
Stancio	Stancio
Stancoun	Stancoun
Standard	Standard, Standerd
Standason	Standason
Standbridg	Standbridg, Standbridge
Standen	Standen, Standene
Standfast	Standfast
Standish	Standish, Standishe
Staneo	Staneo
Stanerl	Stanerl, Stanerle
Stanerlee	Stanerlee
Stanes	Stanes
Stanesbi	Stanesbi, Stanesby
Stanfast	Stanfast
Stanfeld	Stanfeld, Stanffeld
Stanfford	Stanfford, Stanford
Stang	Stang, Stange
Stanghengthorp	Stanghengthorp, Stanghengthorpe
Stangnet	Stangnet
Stanhous	Stanhous
Stanie	Stanie, Stanye
Staniland	Staniland, Stanniland, Stanyland, Stanylande
Stanio	Stanio
Stanisbi	Stanisbi, Stanysby
Stankon	Stankon
Stanl	Stanl, Stanle
Stanlei	Stanlei, Stanley
Stanmer	Stanmer
Stano	Stano
Stans	Stans
Stansfeld	Stansfeld
Stanson	Stanson
Stanton	Stanton
Stanwel	Stanwel, Stanwell
Stap	Stap, Stappe
Stapard	Stapard, Stappard
Stapelt	Stapelt, Stapelte
Staper	Staper, Stapir
Stapil	Stapil, Stapill, Stapille
Stapilford	Stapilford, Stapilforde
Stapilton	Stapilton
Stapl	Stapl, Staple
Staples	Staples
Stapord	Stapord, Stappord
Staprest	Staprest, Stapreste
Staptil	Staptil, Staptyle
Stapulford	Stapulford, Stapulforde
Stapulhil	Stapulhil, Stapulhyll
Stapulson	Stapulson
Stapult	Stapult, Stapulte
Stapulton	Stapulton
Star	Star, Stare, Starr, Starre
Starburght	Starburght
Starchford	Starchford
Starckin	Starckin, Starckyne
Stardal	Stardal, Stardalle
Stark	Stark, Starke
Starkai	Starkai, Starkay
Starkaie	Starkaie, Starkaye
Starkei	Starkei, Starkey
Starkeie	Starkeie, Starkeye, Starki, Starkie, Starky, Starkye
Starkeman	Starkeman, Starkman
Starkenber	Starkenber, Starkenbere
Starkenberi	Starkenberi, Starkenbery
Starkenberie	Starkenberie, Starkenberye, Starkenburi, Starkenbury
Starkenbrough	Starkenbrough
Starkenburgh	Starkenburgh
Starkinber	Starkinber, Starkynber
Starman	Starman
Starn	Starn, Starne
Startman	Startman
Stas	Stas, Stase
Stasard	Stasard, Stasarde
Stasi	Stasi, Stassy
Stasie	Stasie, Stasye
Stasun	Stasun
Stat	Stat, State
Stata	Stata
Stath	Stath, Stathe
Statham	Statham, Stathum
Stathem	Stathem
Stathen	Stathen
Stathin	Stathin
Stathom	Stathom, Stathome
Stato	Stato
Staumland	Staumland
Staunalie	Staunalie, Staunalye
Stauncoun	Stauncoun
Staunden	Staunden, Staundon
Staundoun	Staundoun
Staunesfeld	Staunesfeld
Staunisfeld	Staunisfeld, Staunysfeld
Staunsfeld	Staunsfeld
Staunsoun	Staunsoun
Staunton	Staunton, Stawnton
Stavelei	Stavelei, Staveley
Staverlee	Staverlee
Staverlei	Staverlei, Staverley
Staverton	Staverton
Stawlei	Stawlei, Stawley
Stawt	Stawt, Stawte
Stawton	Stawton
Stean	Stean
Stechemer	Stechemer
Stechemerch	Stechemerch, Stechemerche
Stechemersh	Stechemersh, Stechemershe
Sted	Sted, Stede
Stedman	Stedman
Steel	Steel, Steele, Steell, Stil, Stile, Still, Stille, Style, Styll, Stylle
Steer	Steer
Stefan	Stefan, Steffan
Stefano	Stefano, Steffano
Stefans	Stefans, Steffans, Stephans
Stegal	Stegal, Stegale
Steghen	Steghen
Steghin	Steghin
Stehen	Stehen
Steie	Steie, Steye
Steigh	Steigh, Steygh
Steight	Steight, Steyght
Stein	Stein, Steyn, Steyne
Steinbergh	Steinbergh, Steynbergh
Steiner	Steiner, Steyner
Steinewik	Steinewik, Steynewyke
Steinwei	Steinwei, Steynwey
Steinwik	Steinwik, Steynwyk
Stekelbot	Stekelbot, Stekelbote
Steko	Steko
Stel	Stel, Stele, Stell, Stelle
Stela	Stela, Stella
Steleerd	Steleerd
Steleierd	Steleierd, Steleyerd, Stileierd, Stileyerd, Styleyerd
Steling	Steling
Stemp	Stemp, Stempe
Stempilson	Stempilson, Stempilsson
Sten	Sten, Stene, Stenewei, Stenewey
Stenback	Stenback, Stenbak
Stenburgh	Stenburgh
Stenc	Stenc, Stence
Stencoun	Stencoun
Stendal	Stendal, Stendel, Stendell
Stenebergh	Stenebergh
Stenehef	Stenehef, Stenehefe
Stenehof	Stenehof, Stenehofe, Stenehoff, Stenehoffe
Steneveld	Steneveld, Stenevelde
Steneweigh	Steneweigh, Steneweyghe
Steneweik	Steneweik, Steneweyk
Stenewik	Stenewik, Stenewyk, Stenewyke
Steneworth	Steneworth
Stenhof	Stenhof
Stennorth	Stennorth, Stenorth
Stenof	Stenof, Stenoff
Stenord	Stenord
Stent	Stent
Stenwegh	Stenwegh
Stenwei	Stenwei, Stenwey
Stenwik	Stenwik, Stenwyk, Stenwyke
Stenwoch	Stenwoch, Stenwoche
Stepano	Stepano
Steph	Steph
Stephan	Stephan, Stephane
Stephani	Stephani
Stephanis	Stephanis, Stephanus, Stephanys
Stephano	Stephano
Stephanson	Stephanson, Stephansson
Stephelson	Stephelson
Stephen	Stephen, Steven, Stevene
Stephenardo	Stephenardo
Stephenes	Stephenes
Stephenhart	Stephenhart
Stephenhurt	Stephenhurt
Stephenis	Stephenis
Stephens	Stephens, Stevens
Stephenson	Stephenson, Stephensson, Stevenson
Stephin	Stephin, Stephyn
Stephins	Stephins, Stephyns
Stephinson	Stephinson, Stephynson
Steping	Steping, Stepyng, Stepynge
Stepken	Stepken
Stepkin	Stepkin, Stepkyn
Ster	Ster, Stere, Sterr, Sterre, Stur, Sture
Sterbank	Sterbank
Sterbolt	Sterbolt
Sterdoil	Sterdoil
Sterebolt	Sterebolt
Sterelei	Sterelei, Stereley
Stereman	Stereman, Sterman
Sterep	Sterep, Strip
Steresman	Steresman
Steri	Steri, Stery
Sterk	Sterk, Sterke
Sterkei	Sterkei, Sterkey
Sterkenberie	Sterkenberie, Sterkenburi, Sterkenbury
Sterkenbrie	Sterkenbrie
Sterkenburgh	Sterkenburgh
Sterki	Sterki, Sterkie, Sterky, Sterkye
Sterkinber	Sterkinber, Sterkinbere, Sterkynbere
Sterlei	Sterlei, Sterley, Sturlei, Sturley
Sterling	Sterling, Sterlyng
Sterlukin	Sterlukin, Sterlukyn
Stern	Stern, Sterne, Sturn, Sturne
Sternbergh	Sternbergh, Sternburgh
Sternborugh	Sternborugh
Sternebolt	Sternebolt
Sterneborough	Sterneborough, Sterneborow, Sterneborowe
Sterneburgh	Sterneburgh
Sterning	Sterning, Sternyng
Stersman	Stersman
Stert	Stert, Stertt
Stethmersh	Stethmersh, Stethmerssh
Stevan	Stevan
Stevant	Stevant
Stevenes	Stevenes
Stevenis	Stevenis, Stevenys
Stevil	Stevil, Stevile
Stevin	Stevin, Stevyn
Stevins	Stevins, Stevyns
Stevinson	Stevinson, Stevinsson, Stevynsson
Stevis	Stevis, Stevys
Steward	Steward, Stuard
Steweard	Steweard
Stewen	Stewen
Stewens	Stewens
Stewes	Stewes, Stews, Stewse
Stezus	Stezus
Sthathom	Sthathom
Stheo	Stheo
Sthepano	Sthepano
Sthephano	Sthephano
Sthephens	Sthephens
Sthevenes	Sthevenes
Sthevins	Sthevins, Sthevyns
Sthi	Sthi
Stiata	Stiata, Styata
Stiberd	Stiberd, Styberd
Stiblow	Stiblow, Stiblowe
Stich	Stich, Styche
Sticheborn	Sticheborn, Stichebourn, Stichebourne, Stychebourne
Stichemerch	Stichemerch, Stychemerch
Stichemersch	Stichemersch, Stichemersh, Stycchemershe, Stychemershe, Stychemerssh
Stichmerch	Stichmerch, Stychmerch
Stichmersch	Stichmersch, Stichmersh, Stycchmershe, Stychmersch, Stychmershe
Sticin	Sticin, Sticyn
Stickling	Stickling, Sticklyng
Sticlebrough	Sticlebrough
Stifelin	Stifelin, Stiffelyn
Stifing	Stifing, Stifynge
Stight	Stight, Styght
Stik	Stik, Styke
Stikt	Stikt, Stykte
Stileman	Stileman, Styleman
Stiler	Stiler, Styler
Stilman	Stilman, Stylman
Stinc	Stinc, Stink, Stync, Stynke
Stincamp	Stincamp, Styncamp
Stindal	Stindal, Styndal
Stinero	Stinero
Stint	Stint, Stinte, Stynt, Stynte
Stinton	Stinton, Stynton
Stiper	Stiper, Stipper, Styper, Stypper
Stipon	Stipon, Stypon
Stirkher	Stirkher, Styrkher
Stirkson	Stirkson, Styrkson
Stirop	Stirop, Stiropp, Stiroppe, Stirrop, Styrop, Styropp, Styroppe
Stisted	Stisted, Stistede, Stysted
Stitchen	Stitchen
Stitisch	Stitisch, Stitish, Stitishe, Stitisshe, Stitysshe, Stytisch, Stytysch
Stivar	Stivar, Styvare
Stiward	Stiward, Styward
Stiwerd	Stiwerd, Stywerd
Sto	Sto, Stow, Stowe
Stob	Stob, Stobbe
Stobler	Stobler
Stocfisch	Stocfisch, Stokfisch, Stokfyssch
Stocheham	Stocheham
Stochiem	Stochiem
Stochien	Stochien
Stock	Stock, Stocke, Stok, Stoke, Stokke
Stockar	Stockar, Stockare
Stockard	Stockard
Stockbridg	Stockbridg, Stockbridge, Stockbrydge, Stokbridg, Stokbridge
Stockbrig	Stockbrig, Stockbrige, Stockebrig, Stockebrige
Stockemead	Stockemead, Stockmead
Stockemed	Stockemed
Stocker	Stocker
Stockewud	Stockewud, Stockewudde, Stockewude
Stockfeld	Stockfeld
Stockfish	Stockfish, Stockfishe, Stokffish, Stokffishe, Stokffysh, Stokffyshe, Stokffyssh, Stokffysshe, Stokfish, Stokfishe, Stokfissh, Stokfisshe, Stokfyshe, Stokfyssh, Stokfysshe, Stokkfisshe
Stockmaiad	Stockmaiad, Stockmayad
Stockmaid	Stockmaid, Stockmayd
Stockmed	Stockmed, Stockmede, Stocmed, Stokmed, Stokmede
Stockwood	Stockwood, Stocwood, Stokwood, Stokwoode
Stocow	Stocow
Stocwad	Stocwad
Stocwud	Stocwud, Stokwod
Stod	Stod, Stode
Stodard	Stodard
Stodart	Stodart, Stoddart
Stoddert	Stoddert, Stodert
Stodekow	Stodekow, Stodekowe
Stodevil	Stodevil, Stodevyle
Stodham	Stodham
Stodmed	Stodmed, Stodmede
Stof	Stof, Stoff
Stofel	Stofel, Stofell
Stog	Stog, Stoge
Stogel	Stogel, Stogell
Stoghton	Stoghton
Stogi	Stogi, Stogy
Stogie	Stogie, Stogye
Stoia	Stoia, Stoya
Stoil	Stoil, Stoile
Stokam	Stokam, Stokeham
Stokar	Stokar, Stokare, Stokkar, Stokkare
Stokborough	Stokborough
Stokbrondes	Stokbrondes
Stokchiem	Stokchiem
Stokd	Stokd, Stokde
Stokdal	Stokdal, Stokdale
Stokdi	Stokdi, Stokdy
Stokdon	Stokdon
Stokebridg	Stokebridg, Stokebridge
Stokebrig	Stokebrig, Stokebrige
Stokebrigt	Stokebrigt, Stokebrygt
Stokedal	Stokedal, Stokedale, Stokedalle
Stokefeld	Stokefeld, Stokefelde
Stokeffishe	Stokeffishe, Stokeffyshe, Stokeffysshe, Stokefish, Stokefishe, Stokefysshe
Stokefisch	Stokefisch, Stokefysche
Stokehil	Stokehil, Stokehill, Stokehille
Stokei	Stokei, Stokey
Stokeman	Stokeman
Stokemead	Stokemead
Stokemed	Stokemed, Stokemede
Stoken	Stoken, Stokken
Stokenburi	Stokenburi, Stokenbury
Stoker	Stoker, Stokker
Stokes	Stokes
Stokeslee	Stokeslee
Stokeslei	Stokeslei, Stokesley
Stokewod	Stokewod, Stokewode, Stokkewode
Stokham	Stokham
Stokinbur	Stokinbur, Stokynbur
Stokis	Stokis, Stokys
Stokisl	Stokisl, Stokisle
Stokislee	Stokislee
Stokland	Stokland
Stokman	Stokman
Stokpisc	Stokpisc, Stokpisce
Stokpiscis	Stokpiscis
Stokton	Stokton
Stokwel	Stokwel, Stokwell
Stol	Stol, Stole, Stolle
Stolard	Stolard, Stollard
Stold	Stold
Stoldo	Stoldo
Stolffo	Stolffo, Stolfo
Stolk	Stolk, Stolke
Stolt	Stolt, Stolte, Stowlt, Stowlte
Stoltefot	Stoltefot, Stoltefote
Stolteman	Stolteman
Stoltevoet	Stoltevoet
Stom	Stom, Stome
Stomat	Stomat, Stomate
Stomato	Stomato
Stomel	Stomel, Stomell, Stomelle
Stomil	Stomil, Stomylle
Ston	Ston, Stone, Stun, Stunne
Stonard	Stonard, Stonerd
Stonbourn	Stonbourn, Stonbourne
Stonburgh	Stonburgh
Stondar	Stondar
Stondr	Stondr, Stondre
Stonebarow	Stonebarow, Stonebarowe
Stoner	Stoner
Stonesliper	Stonesliper, Stoneslyper
Stonestret	Stonestret, Stonestrete
Stonewei	Stonewei, Stonewey
Stonger	Stonger
Stonham	Stonham
Stonor	Stonor, Stonour
Stonot	Stonot
Stons	Stons
Stonsiaul	Stonsiaul, Stonsyaule
Stoon	Stoon, Stoone
Stoor	Stoor, Stoore, Stour, Stoure
Stoowel	Stoowel, Stoowell
Stop	Stop, Stope, Stopp
Stopard	Stopard, Stoppard
Stophel	Stophel, Stophell
Stophelt	Stophelt
Stopington	Stopington, Stopyngton
Stopkin	Stopkin
Stor	Stor, Store
Stora	Stora
Stord	Stord, Storde
Storei	Storei, Storey
Storgeon	Storgeon
Stori	Stori, Storie, Story, Storye
Storioun	Storioun
Stork	Stork, Storke
Storkenburgh	Storkenburgh
Storkesa	Storkesa
Storkinber	Storkinber, Storkynbere
Storlat	Storlat, Storlate
Storm	Storm, Storme
Stormesworth	Stormesworth
Stormeworth	Stormeworth
Storn	Storn, Storne
Storner	Storner, Stornere
Stort	Stort, Storte
Storwagen	Storwagen
Stot	Stot, Stote, Stott, Stotte
Stotar	Stotar, Stoter, Stotor, Stotore, Stotter
Stotard	Stotard
Stotesburi	Stotesburi, Stotesburry
Stotesing	Stotesing, Stotesyng
Stotin	Stotin
Stoton	Stoton, Stotton, Stoughton
Stotovel	Stotovel, Stotovelle, Stotovil, Stotovile
Stotover	Stotover
Stout	Stout, Stoute
Stovenbergh	Stovenbergh
Stoves	Stoves
Stoward	Stoward
Stowel	Stowel, Stowell
Stowenbergh	Stowenbergh
Stower	Stower
Stowes	Stowes
Stowt	Stowt
Straberi	Straberi, Strabery
Strac	Strac, Strace
Strach	Strach, Strache
Strachie	Strachie
Stracie	Stracie, Stracye
Strad	Strad, Strade
Stradeo	Stradeo
Stradio	Stradio
Strag	Strag, Strage
Strail	Strail, Strayle
Straingham	Straingham, Strayngham
Strainsham	Strainsham, Straynsham
Strait	Strait, Straite, Strayt, Straytte
Stral	Stral, Strale, Strall, Strul, Strule
Stralen	Stralen
Strang	Strang
Strangweis	Strangweis, Strangweys
Strangwis	Strangwis, Strangwisch, Strangwish, Strangwys, Strangwysh
Stras	Stras
Strat	Strat, Strate, Stratt
Strata	Strata
Stratford	Stratford
Strather	Strather, Strother
Strato	Strato
Straton	Straton, Stratton
Straulin	Straulin, Straulyn, Strawlin, Strawlyn
Straus	Straus
Stravern	Stravern, Straverne
Strawberi	Strawberi, Strawbery
Strawes	Strawes
Strawesborough	Strawesborough
Strawl	Strawl, Strawle
Strawnton	Strawnton
Streckland	Streckland
Stred	Stred, Strede
Streif	Streif, Streife
Streinsham	Streinsham, Streynsham
Streit	Streit, Streite, Streitt
Streitham	Streitham, Streytham
Streiton	Streiton, Streytton
Strelbi	Strelbi, Strelby
Streng	Streng, Strenge
Streniger	Streniger
Streso	Streso
Stret	Stret, Strete, Strett
Stretea	Stretea
Streten	Streten
Stretken	Stretken
Stretkin	Stretkin, Stretkyn
Stretman	Stretman
Streton	Streton, Stretton
Streus	Streus, Streuse
Streven	Streven
Strevern	Strevern, Streverne
Strew	Strew, Strewe, Strue
Strewes	Strewes, Strews, Strewse, Strewsse
Strickland	Strickland, Strikeland, Strikland, Strycklande, Strykeland
Strictus	Strictus
Strid	Strid, Stryde
Strik	Strik, Strike, Stryke
Striklond	Striklond, Stryklond
String	String, Stryng, Strynge
Striop	Striop, Stryoppe
Strito	Strito, Stryto
Striver	Striver, Stryver
Strivern	Strivern
Strob	Strob, Strobe
Stroc	Stroc, Stroce, Stroch, Stroche, Strok, Stroke
Strochin	Strochin, Strochyn
Strod	Strod, Strode
Stroden	Stroden
Stroder	Stroder
Strois	Strois, Stroys
Strokesa	Strokesa
Strol	Strol, Stroll
Strong	Strong, Stronge
Strophian	Strophian, Strophyan
Strosis	Strosis
Strot	Strot
Strotes	Strotes, Strottes
Strotkin	Strotkin, Strotkynne
Stroton	Stroton, Strotton
Strotour	Strotour
Strount	Strount, Strounte
Strous	Strous, Strouse, Strus, Struse, Strusse
Strov	Strov, Strove
Strovand	Strovand, Strovande
Strow	Strow, Strowe
Strowd	Strowd, Strowde
Strowes	Strowes, Strows, Strowse, Strowsse
Strowin	Strowin, Strowyn
Strowsar	Strowsar
Strowser	Strowser
Strowven	Strowven
Struc	Struc, Struce
Strud	Strud, Strude
Strulens	Strulens
Struns	Struns, Strunse
Struvernos	Struvernos
Struving	Struving, Struvynge
Struw	Struw, Struwe
Strux	Strux
Stub	Stub, Stubbe
Stubbes	Stubbes, Stubes
Stubeleta	Stubeleta
Stubli	Stubli, Stubly
Stud	Stud, Studde
Studard	Studard, Studerd
Studdert	Studdert, Studert
Studlei	Studlei, Studley
Studvil	Studvil, Studvyle
Stulfo	Stulfo, Stulpho
Stult	Stult, Stulte
Stultwitch	Stultwitch, Stultwitche
Stumbel	Stumbel, Stumbell
Stumel	Stumel, Stumell
Stup	Stup, Stupe, Stuppe
Stuping	Stuping, Stupyng
Sturbut	Sturbut, Sturbutte
Sturgeaw	Sturgeaw, Sturgeawe
Sturgens	Sturgens
Sturgeon	Sturgeon, Sturgeone, Sturgion, Sturgyon
Sturgeons	Sturgeons
Sturges	Sturges
Sturi	Sturi, Sturie, Stury, Sturye
Sturion	Sturion, Sturyon
Sturisago	Sturisago
Sturlado	Sturlado
Sturm	Sturm, Sturme
Sturmi	Sturmi, Sturmy
Sturmin	Sturmin, Sturmyn
Sturnel	Sturnel, Sturnell
Sturtebig	Sturtebig, Sturtebyg
Sturtwaie	Sturtwaie, Sturtwaye
Sturtwal	Sturtwal, Sturtwall, Sturtwalle
Sturtwan	Sturtwan
Stut	Stut, Stutt, Stutte
Stutofer	Stutofer
Stward	Stward
Suario	Suario
Suarius	Suarius
Suart	Suart
Suartcop	Suartcop, Suartcopp
Suas	Suas, Suase
Suasa	Suasa, Suassa
Suashon	Suashon
Suaso	Suaso, Suasso, Swaso, Swasso
Subelso	Subelso
Subenik	Subenik, Subenyk
Subeta	Subeta
Subeto	Subeto
Subieta	Subieta, Subyetta
Suborn	Suborn, Suborne
Subsidium	Subsidium
Sucat	Sucat, Sucate
Sucato	Sucato
Such	Such, Suche
Suchten	Suchten, Suchton
Suckarein	Suckarein, Suckareyne
Suckarin	Suckarin, Suckarine, Suckaryn, Suckaryne
Suckeffild	Suckeffild, Suckefild
Suckeri	Suckeri, Suckery
Suckrei	Suckrei, Suckrey
Suclor	Suclor
Sud	Sud, Sude
Sudberi	Sudberi, Sudbery
Sudbur	Sudbur, Sudbure
Sudburi	Sudburi, Sudbury
Sudderman	Sudderman, Suderman
Sudeler	Sudeler
Sudnam	Sudnam
Suei	Suei, Suey
Sueldiaga	Sueldiaga
Suelerno	Suelerno
Suet	Suet
Sueto	Sueto, Suetto
Suf	Suf, Suff
Suffolcie	Suffolcie, Sufolcie
Sugdon	Sugdon
Sugo	Sugo
Suhar	Suhar, Suharre
Suhari	Suhari, Suharry
Suiih	Suiih, Suyyhe
Suinedrith	Suinedrith, Suynedryth
Suirbin	Suirbin, Suirbyn
Suitherson	Suitherson, Suythersson
Sukarin	Sukarin, Sukaryn
Suklei	Suklei, Sukley
Sulen	Sulen, Sullen, Sullon, Sulon
Sulham	Sulham
Sullwitche	Sullwitche, Sulwich, Sulwitch
Sulteman	Sulteman, Sultman
Sultwec	Sultwec
Sultwich	Sultwich, Sultwiche, Sultwitch, Sultwitche, Sultwych, Sultwyche
Sultwichis	Sultwichis, Sultwychis
Sultwicis	Sultwicis
Sultwick	Sultwick, Sultwicke
Sultwith	Sultwith, Sultwyth
Suma	Suma, Summa
Sumado	Sumado, Summado
Sumaia	Sumaia, Summaya
Sumaio	Sumaio, Sumayo
Sumaraga	Sumaraga
Sumbr	Sumbr, Sumbre
Sumer	Sumer, Summer
Suming	Suming, Sumyng
Sumpcion	Sumpcion
Sumpton	Sumpton
Sund	Sund
Sundai	Sundai, Sunday
Sundenhurst	Sundenhurst
Sunder	Sunder
Suning	Suning, Sunnyng, Sunnynge, Sunyng
Suot	Suot, Suote
Supranc	Supranc, Suprance
Suranc	Suranc, Surance
Surans	Surans
Suraso	Suraso, Surasso
Suraunc	Suraunc, Suraunce
Surauns	Surauns, Suraunse
Surbaron	Surbaron
Surbis	Surbis
Surbot	Surbot, Surbott, Surbut, Surbutt
Surcolas	Surcolas
Surdival	Surdival, Surdyvale
Surean	Surean, Surin, Suryne
Surei	Surei, Surrey
Sureica	Sureica, Surreica
Sureman	Sureman
Surenden	Surenden
Surg	Surg, Surge
Surgeon	Surgeon, Surgion
Surgin	Surgin, Surgyn
Suri	Suri, Surie, Surry
Surian	Surian, Suryane
Suribis	Suribis, Surybys
Surid	Surid, Suryde
Surinden	Surinden, Surindon, Surynden, Suryndene, Suryndone
Surins	Surins, Suryns
Surla	Surla
Surleo	Surleo
Surleon	Surleon, Surleone
Surlerno	Surlerno
Surmin	Surmin, Surmyn
Surnbis	Surnbis, Surnbys
Surnes	Surnes, Surrnesse
Surnota	Surnota
Sursenago	Sursenago
Survano	Survano
Surweder	Surweder
Susak	Susak
Susam	Susam
Susetr	Susetr, Sussetre
Susex	Susex, Sussex
Susin	Susin, Susyne
Susk	Susk, Suske
Suso	Suso
Suterlei	Suterlei, Sutterley
Sutham	Sutham
Suthampton	Suthampton
Suthamptonia	Suthamptonia
Sutheber	Sutheber
Suthelin	Suthelin, Suthelyn
Suthewik	Suthewik, Suthewyk
Suthfolk	Suthfolk, Suthfolke
Suthford	Suthford
Suthin	Suthin
Suthrei	Suthrei, Suthrey
Suthsex	Suthsex
Suthwelman	Suthwelman
Suthwik	Suthwik, Suthwyk, Suthwyke
Suthwold	Suthwold, Suthwolde
Suthwood	Suthwood
Sutl	Sutl, Sutle
Sutright	Sutright
Suveri	Suveri, Suvery
Suverman	Suverman
Suwelman	Suwelman
Swadik	Swadik
Swaf	Swaf, Swaff
Swag	Swag, Swage
Swago	Swago
Swaiman	Swaiman, Swayman
Swain	Swain, Swayn, Swayne
Swal	Swal, Swalle
Swalam	Swalam
Swalein	Swalein, Swaleyn
Swalen	Swalen
Swalin	Swalin, Swallyn
Swalinborugh	Swalinborugh, Swalynborugh
Swalinburgh	Swalinburgh, Swalynburgh
Swaling	Swaling, Swalyng
Swalingborugh	Swalingborugh, Swalyngborugh
Swalingburgh	Swalingburgh, Swalyngburgh
Swalingeborough	Swalingeborough, Swallyngeborough
Swallow	Swallow, Swalow
Swan	Swan, Swane, Swann, Swanne
Swanborowgh	Swanborowgh
Swank	Swank, Swanke
Swanston	Swanston
Swanten	Swanten, Swanton
Swantr	Swantr, Swantre
Swara	Swara, Swarra
Swarfeild	Swarfeild
Swarfeld	Swarfeld, Swarffeld
Swars	Swars, Swarse
Swarsafigo	Swarsafigo
Swart	Swart, Swarte
Swartecow	Swartecow
Swartehaver	Swartehaver
Swartfeld	Swartfeld
Swarthaver	Swarthaver
Swarthever	Swarthever
Swarto	Swarto, Swartow, Swartto, Swarttow
Swartop	Swartop, Swartopp, Swarttope
Swas	Swas, Swase
Swaver	Swaver
Swebenborow	Swebenborow
Sweder	Sweder
Swegar	Swegar, Sweger, Swegur, Swigar
Swegars	Swegars
Swego	Swego
Swekin	Swekin, Swekyn
Swelso	Swelso
Swenbark	Swenbark, Swenbarke
Swepestak	Swepestak, Swepestake
Swepston	Swepston, Swepstone
Swer	Swer, Swere
Swerd	Swerd, Swerde
Swerdesei	Swerdesei, Swerdesey
Swet	Swet, Swete
Swetelof	Swetelof, Sweteloffe
Swetelov	Swetelov, Swetelove
Swetelow	Swetelow, Swetelowe, Swettelowe
Sweteman	Sweteman
Swethen	Swethen
Swether	Swether
Swethers	Swethers
Swethir	Swethir
Sweting	Sweting, Swetyng, Swetynge
Swetkin	Swetkin, Swettkyn
Swetlov	Swetlov, Swetlove
Swetlow	Swetlow, Swetlowe
Swi	Swi, Swy
Swickart	Swickart, Swickert, Swickerte, Swyckart, Swyckert
Swicker	Swicker, Swycker
Swickerd	Swickerd, Swickerde
Swicket	Swicket, Swickot, Swickott
Swid	Swid, Swyde
Swidrigh	Swidrigh, Swydrighe
Swidright	Swidright, Swydright, Swydryght
Swier	Swier, Swyer
Swig	Swig, Swyge
Swiger	Swiger, Swyger
Swigers	Swigers
Swigo	Swigo, Swygo
Swikert	Swikert, Swykert
Swilt	Swilt
Swin	Swin, Swine, Swyn, Swyne, Swynne
Swinam	Swinam, Swynnam
Swinard	Swinard, Swynard
Swinckfeld	Swinckfeld
Swindereth	Swindereth, Swinderith, Swyndereth, Swynderith
Swindrigh	Swindrigh, Swyndryghe
Swindright	Swindright, Swyndright, Swyndryght
Swinederith	Swinederith, Swinedrith, Swinedryth, Swinedrythe, Swynederith, Swynedrithe, Swynedryth, Swynedrythe
Swineham	Swineham, Swinham, Swynham, Swynneham
Swineshed	Swineshed, Swyneshed, Swynneshed
Swinet	Swinet, Swynet
Swinig	Swinig, Swynyge
Swinight	Swinight
Swinis	Swinis, Swynys
Swink	Swink, Swynk
Swinright	Swinright
Swither	Swither, Swyther
Swoleaga	Swoleaga
Swolt	Swolt
Sword	Sword
Swot	Swot, Swote
Ta	Ta
Tab	Tab, Tabe
Tabard	Tabard, Tabarde, Tabbard, Tabbarde
Tabart	Tabart
Taber	Taber, Tabor
Taberd	Taberd
Tabert	Tabert
Tabot	Tabot
Tabour	Tabour
Tacelet	Tacelet
Tach	Tach, Tache
Tack	Tack, Tacke, Tak, Take, Takk, Takke
Tackfeld	Tackfeld, Takfeld
Tacom	Tacom, Tacome
Tacon	Tacon, Tacone
Tadea	Tadea
Tadeo	Tadeo
Tadingson	Tadingson
Tadlo	Tadlo, Tadlow, Tadlowe
Tadmerar	Tadmerar
Taiapetr	Taiapetr, Tayapetre
Tail	Tail, Taille
Tailer	Tailer, Taillor, Taillour, Tailloure, Tailor, Tailour, Tayler, Tayllour, Taylor, Taylore, Taylour, Tayloure
Tailes	Tailes, Tales
Taileser	Taileser, Tayleser
Tailfer	Tailfer
Tailior	Tailior, Tailiour, Taillior, Tailliour
Tailis	Tailis, Taylys
Taimon	Taimon, Taymon
Taiopero	Taiopero, Tayopero
Taior	Taior, Tayore, Tier, Tyer
Taiper	Taiper, Tayper
Taipero	Taipero, Taypero
Taisel	Taisel, Tayselle, Tesel, Tesselle
Taket	Taket
Takon	Takon
Talag	Talag, Talage
Talan	Talan
Talani	Talani
Talant	Talant
Talard	Talard, Tallarde
Talarg	Talarg, Talarge
Talaunt	Talaunt
Talbat	Talbat
Talbot	Talbot, Talbote, Talbott, Talbotte
Talburgh	Talburgh
Talefr	Talefr, Talefre
Talek	Talek, Tallek
Talemie	Talemie, Tallemie
Talent	Talent
Talenti	Talenti
Talentin	Talentin, Talentyn
Talepin	Talepin, Talepyne
Talet	Talet, Tallet
Talgot	Talgot
Talibur	Talibur, Tallybure, Talybure
Talihek	Talihek, Tallyheke
Talik	Talik, Tallik
Talin	Talin, Talyn
Taliner	Taliner, Talyner
Talis	Talis, Talys
Tallony	Tallony, Taloni
Tallowe	Tallowe, Talow
Talman	Talman
Talo	Talo
Talor	Talor, Talour
Talpin	Talpin, Talpyn
Talton	Talton
Taltort	Taltort, Taltorte
Talwet	Talwet
Talwin	Talwin, Talwyn
Talworth	Talworth
Tam	Tam, Tame
Tamber	Tamber
Tameworth	Tameworth
Tamil	Tamil, Tamylle
Tamis	Tamis, Tamise, Tamyse
Tamiso	Tamiso
Tamoner	Tamoner, Tamonere
Tamworth	Tamworth
Tan	Tan, Tane, Tanne
Tanal	Tanal, Tanale, Tannale, Tannalle
Tanali	Tanali, Tannaly
Tanar	Tanar, Tannar, Tonger
Tancard	Tancard
Tanckie	Tanckie, Tanckye
Taner	Taner, Tanner
Tang	Tang, Tange
Tangei	Tangei, Tangey
Tanger	Tanger
Tangi	Tangi
Tani	Tani, Tanny
Taniken	Taniken, Tanyken
Taniso	Taniso
Tank	Tank
Tankard	Tankard, Tankarde
Tanquard	Tanquard
Tant	Tant, Tante
Tanuso	Tanuso
Taperow	Taperow, Tapperowe
Tar	Tar, Tare, Tarre
Tara	Tara, Tarra, Tera, Terra
Tarabot	Tarabot, Tarrabote
Tarabota	Tarabota, Tarrabota
Taraboto	Taraboto, Tarraboto
Tardif	Tardif, Tardyff
Tardo	Tardo
Tarewein	Tarewein, Tareweyn
Tari	Tari, Tarry
Tarkington	Tarkington, Tarkyngton
Tarkinton	Tarkinton, Tarkynton
Tartar	Tartar, Tartur, Tarture
Tartes	Tartes
Tartus	Tartus
Tas	Tas, Tasse
Tasard	Tasard, Tassard
Tasborgh	Tasborgh, Taseborgh, Taseburgh, Tasseborgh, Tasseburgh
Tasborough	Tasborough
Tasborugh	Tasborugh
Tasborught	Tasborught
Tasburgh	Tasburgh
Tasco	Tasco
Taseborw	Taseborw, Tasseborw
Tasel	Tasel, Tassell, Tasselle
Tasenet	Tasenet
Taset	Taset, Tasset
Tasin	Tasin, Tasyne
Tasinot	Tasinot, Tassynot, Tasynotte
Taskar	Taskar, Tasker
Taslaf	Taslaf, Taslaffe
Tasmot	Tasmot, Tasmote
Tasor	Tasor, Tassore
Tast	Tast, Taste
Taster	Taster
Tat	Tat, Tate, Tatt
Tatersal	Tatersal
Tatershal	Tatershal, Tatershall
Taton	Taton, Tatton
Tatworth	Tatworth, Tatworthe
Taulbot	Taulbot, Taulbotte
Taunt	Taunt, Taunte
Taunton	Taunton
Tav	Tav, Tave
Tavern	Tavern, Taverne
Taverner	Taverner
Tavernis	Tavernis
Tawbut	Tawbut
Tawier	Tawier, Tawyer
Tawin	Tawin, Tawyn
Tawni	Tawni, Tawny
Tawsign	Tawsign, Tawsigne
Tawton	Tawton
Tax	Tax, Taxe
Taxel	Taxel, Taxelle
Teawk	Teawk, Teawke, Tic, Tice, Tik, Tyce, Tyk
Teb	Teb, Tebb, Tebbe, Tebe
Tebands	Tebands
Tebawd	Tebawd, Tebawde
Tebotson	Tebotson
Teca	Teca
Tedero	Tedero
Tedinman	Tedinman, Tedynman
Tedis	Tedis, Tedys
Tedlet	Tedlet, Tedlett
Tee	Tee, Ti
Teg	Teg, Tegge
Tei	Tei, Tey
Teiling	Teiling, Teylyng
Teinter	Teinter, Teintr, Teynter, Teyntre
Teinton	Teinton, Teynton
Tekel	Tekel, Tekell
Teken	Teken
Tekil	Tekil, Tekill, Tekyll
Tel	Tel, Tele, Telle
Telech	Telech, Telleche
Telet	Telet, Tellet
Teleten	Teleten
Teleton	Teleton
Teli	Teli, Tely
Telight	Telight, Telyght
Teliour	Teliour, Telyour
Telisk	Telisk, Telliske
Telit	Telit, Telite
Tellsko	Tellsko, Telsko
Telskew	Telskew, Telskewe
Telskow	Telskow, Telskowe
Temeos	Temeos
Temeot	Temeot
Temes	Temes, Temmes
Temonier	Temonier
Tempal	Tempal, Tempalle, Tempel, Tempell, Templ, Temple
Tempast	Tempast
Temperan	Temperan, Temperane
Tempest	Tempest
Tempier	Tempier
Templar	Templar, Templare
Ten	Ten, Tenn
Tenaci	Tenaci, Tenacy
Tenacr	Tenacr, Tenacre, Tennacre
Tenand	Tenand, Tennand
Tenant	Tenant, Tennant
Tenbank	Tenbank, Tenbanke
Tendal	Tendal, Tendale
Tendrit	Tendrit, Tendrite
Tenego	Tenego
Tenelil	Tenelil
Teneosa	Teneosa
Teng	Teng, Tenge
Tenger	Tenger
Tenis	Tenis, Tenys
Tenosa	Tenosa
Tens	Tens
Tensoi	Tensoi, Tensoy
Tenson	Tenson
Tenster	Tenster
Tentenat	Tentenat, Tentenate
Teoder	Teoder
Teodero	Teodero
Teodor	Teodor, Teodore
Teodoro	Teodoro
Ter	Ter, Tere, Terre, Tir, Tirre, Tr, Trao, Tre, Tur, Turr, Turre, Tyre
Terbrough	Terbrough
Tercii	Tercii
Tercio	Tercio
Terciodecimo	Terciodecimo
Terendal	Terendal
Terer	Terer, Terrer
Tererus	Tererus
Tergo	Tergo, Tergow, Tergowe, Turgo
Terhof	Terhof, Terhoffe
Teri	Teri, Terry, Tery
Teriolus	Teriolus
Terith	Terith
Terk	Terk, Terke, Turc, Turce, Turk, Turke
Terling	Terling, Terlyng
Termino	Termino
Termins	Termins
Termio	Termio
Ternigora	Ternigora, Ternygora
Tero	Tero, Terro
Ters	Ters, Tres
Tersio	Tersio, Terssyo
Terter	Terter, Tertur, Terture
Tertio	Tertio
Tesbern	Tesbern
Tesdal	Tesdal, Tesdale
Tesher	Tesher
Teshier	Teshier
Teskow	Teskow
Test	Test, Teste
Testa	Testa
Testar	Testar
Testo	Testo
Tetehil	Tetehil, Tetehylle
Tetelet	Tetelet, Tetelett
Tetew	Tetew, Tettewe
Tetforth	Tetforth
Tetican	Tetican
Tetisworth	Tetisworth, Tetysworth
Tetz	Tetz, Tetze
Teures	Teures
Teus	Teus
Teut	Teut, Teute
Teven	Teven
Teveresham	Teveresham
Tevers	Tevers
Teversham	Teversham
Tevi	Tevi, Tevie, Tevy, Tevye
Tevis	Tevis, Tevys
Tewak	Tewak
Tewersl	Tewersl, Tewersle
Tewisdai	Tewisdai, Tewysday
Tews	Tews, Tewse
Tewson	Tewson
Th	Th, The
Thachar	Thachar
Thacher	Thacher
Thack	Thack
Thaker	Thaker, Thakker
Thatchar	Thatchar
Themis	Themis
Thems	Thems
Theobald	Theobald
Theobaldo	Theobaldo
Theoder	Theoder
Theodocio	Theodocio
Theodoris	Theodoris, Theodorys
Theodoro	Theodoro
Theolosa	Theolosa
Therl	Therl, Therle
Therston	Therston, Thurston, Thurstone
Thetford	Thetford
Thevesham	Thevesham
Thewisdai	Thewisdai, Thewysday
Thimbelbi	Thimbelbi, Thymbelby
Thimon	Thimon, Thymon
Thing	Thing, Thyng
Thirdehalfot	Thirdehalfot, Thirdehalfote
Thirkeld	Thirkeld, Thyrkeld
Thirkelt	Thirkelt, Thirkilt, Thirkylt, Thyrkelt
Thirkil	Thirkil, Thirkill, Thirkille, Thirkylle, Thurkel, Thurkell, Thyrkyll, Thyrkylle
Thirkild	Thirkild, Thyrkyld
Thistelwaight	Thistelwaight
Tho	Tho
Thob	Thob, Thobbe
Thodero	Thodero
Thoild	Thoild, Thoyld
Tholoso	Tholoso
Thom	Thom, Thome
Thoma	Thoma
Thomado	Thomado
Thomam	Thomam
Thoman	Thoman
Thomars	Thomars
Thomas	Thomas
Thomasin	Thomasin, Thomasine, Thomasyn, Thomasyne
Thomasio	Thomasio
Thomaso	Thomaso
Thomason	Thomason, Thomasson
Thomazo	Thomazo
Thomeleson	Thomeleson
Thomers	Thomers
Thomes	Thomes
Thomeson	Thomeson, Thomesson
Thomlinson	Thomlinson, Thomlynson
Thompson	Thompson, Tompson, Tompsone
Thomson	Thomson, Thomsson, Tomson
Thon	Thon, Thonne
Thonado	Thonado
Thondrich	Thondrich, Thondriche
Thonis	Thonis, Thonys
Thonison	Thonison, Thonysson
Thonk	Thonk, Thonnk
Thor	Thor
Thorel	Thorel, Thorell
Thorhasolen	Thorhasolen
Thorin	Thorin, Thorryn
Thorkemortwn	Thorkemortwn, Thorkemortwne
Thorkin	Thorkin, Thorkyn
Thorlock	Thorlock, Thorlocke
Thormesbi	Thormesbi, Thormesby
Thorn	Thorn, Thorne, Thornne
Thornden	Thornden, Thorndon, Thornedon
Thornebori	Thornebori, Thornebory
Thornehil	Thornehil, Thornehill, Thornehille, Thornehyll, Thornehylle
Thornei	Thornei, Thorney
Thornel	Thornel, Thornell, Thornelle, Thornul, Thornull
Thorneton	Thorneton, Thornton
Thornewerk	Thornewerk, Thornewerke
Thornhil	Thornhil, Thornhill, Thornhyll, Thornhylle
Thornik	Thornik, Thornyk
Thornlei	Thornlei, Thornley
Thorow	Thorow, Thorowe
Thorp	Thorp, Thorpe, Thorppe
Thorpehight	Thorpehight
Thorphith	Thorphith
Thorpirlei	Thorpirlei, Thorpirley
Thorsl	Thorsl, Thorsle
Thorslei	Thorslei, Thorsley
Thow	Thow, Thowe
Thowel	Thowel, Thowell
Thowrsdai	Thowrsdai, Thowrsday
Threl	Threl, Threle
Threphen	Threphen
Thridhalffote	Thridhalffote, Thridhalfot, Thridhalfote
Thrilkild	Thrilkild, Thrilkyld
Thrilkilt	Thrilkilt, Thrilkylt, Thrylkylt
Throdgmarton	Throdgmarton
Throgemerton	Throgemerton
Throgmarten	Throgmarten, Throgmarton
Throgmerton	Throgmerton
Throgmorton	Throgmorton
Thrognorton	Thrognorton
Throneborough	Throneborough
Throughgood	Throughgood
Throunbl	Throunbl, Throunble
Thrust	Thrust, Thruste
Thruston	Thruston
Thum	Thum, Thumme
Thunstel	Thunstel, Thunstell
Thurgood	Thurgood, Thurgoode
Thuris	Thuris
Thurland	Thurland
Thurok	Thurok, Thurrok
Thursl	Thursl, Thursle
Thurslei	Thurslei, Thursley
Thurson	Thurson, Thursone
Thuston	Thuston, Thustone
Thwait	Thwait, Thwaite, Thwayte
Thwaites	Thwaites, Thwaytes
Thwates	Thwates
Tibal	Tibal, Tyballe
Tibalt	Tibalt
Tibault	Tibault
Tibir	Tibir, Tybir
Tibot	Tibot, Tibott, Tybot
Tichbourn	Tichbourn, Ticheborn, Tichebourn, Tichebourne, Ticheburn, Titcheburn, Tycheborne, Tychebourne, Tycheburne, Tytcheburne
Tichemerch	Tichemerch, Tichemerche, Tychemerch, Tychemerche
Tichemersh	Tichemersh, Tichemerssh, Tychemerssh
Tichrower	Tichrower
Tickat	Tickat, Tyckat
Ticken	Ticken
Tictoe	Tictoe
Tid	Tid, Tyd
Tidcot	Tidcot, Tidcote
Tiddur	Tiddur, Tidur
Tidekin	Tidekin, Tydekyn
Tideman	Tideman, Tidemann, Tydeman
Tidemani	Tidemani, Tidemanni
Tidemanno	Tidemanno, Tidemano, Tydemanno
Tider	Tider, Tydder
Tidkin	Tidkin, Tidkyn
Tidman	Tidman, Tidmann, Tydman
Tidmani	Tidmani
Tidmanno	Tidmanno, Tidmano, Tydmano
Tidmanson	Tidmanson
Tidnei	Tidnei, Tydney
Tie	Tie, Tye
Tiels	Tiels
Tieplo	Tieplo
Tiepolo	Tiepolo, Tipolo, Typolo
Tierman	Tierman, Tyerman
Tiers	Tiers, Tierse
Tif	Tif, Tiv, Tyf, Tyve
Tifen	Tifen, Tyffen
Tiford	Tiford, Tyfford
Tiger	Tiger, Tygger
Tigo	Tigo, Tygo
Tikehil	Tikehil, Tikehille, Tykehille
Tikel	Tikel, Tykell, Tykelle
Tikenos	Tikenos, Tykenose
Tikes	Tikes, Tykes
Tikhil	Tikhil, Tikhille, Tykhill, Tykhille
Tikil	Tikil, Tykill, Tykkylle, Tykyll, Tykylle
Til	Til, Tile, Till, Tille, Tyle, Tyll, Tylle
Tilag	Tilag, Tillage
Tilar	Tilar, Tiler, Tiller, Tylar, Tyler, Tylere, Tyllar, Tyller
Tilard	Tilard, Tillarde, Tylarde
Tilarin	Tilarin, Tylaryne
Tilberi	Tilberi, Tilbery
Tilburi	Tilburi, Tilbury, Tylbury
Tilee	Tilee, Tyllee
Tilehows	Tilehows
Tileman	Tileman, Tilleman, Tylleman
Tiles	Tiles, Tilles, Tylles
Tilet	Tilet, Tillet
Tilez	Tilez, Tillez, Tyllez
Tilford	Tilford, Tylford
Tilhows	Tilhows
Tili	Tili, Tilly, Tylly
Tiling	Tiling, Tylyng
Tilis	Tilis, Tyllys
Tillman	Tillman, Tilman, Tilmon, Tyllman, Tylman, Tylmon
Tillura	Tillura, Tilura
Tilmano	Tilmano
Tilmanson	Tilmanson, Tilmansson, Tylmanson
Tilmowth	Tilmowth, Tilmowthe
Tilnei	Tilnei, Tilney, Tylney
Tilneie	Tilneie, Tylneye
Tilour	Tilour, Tylour
Tilson	Tilson, Tylson
Tilt	Tilt, Tylte
Tim	Tim, Timb, Timn, Tym, Tymbe, Tyme, Tymme, Tymne
Timan	Timan, Timon, Tyman, Tymon
Timans	Timans, Tymans
Timaran	Timaran, Tymaran
Timas	Timas, Tymas
Timbanck	Timbanck, Tymbanck, Tymbancke
Timbank	Timbank, Tymbank, Tymbanke
Timbarman	Timbarman, Tymbarman
Timbax	Timbax, Tymbaxe
Timbel	Timbel, Tymbell
Timberman	Timberman, Timbirman, Timbreman, Timbrman, Tymberman, Tymbirman, Tymbreman, Tymbrman, Tymbyrman
Timbraman	Timbraman, Tymbraman
Timeos	Timeos
Timeot	Timeot, Tymeott
Times	Times
Timit	Timit, Tymit
Timlainck	Timlainck, Tymlainck
Timoes	Timoes
Timond	Timond, Tymond
Timonia	Timonia, Tymonia
Timowth	Timowth, Timowthe
Timson	Timson, Tymson
Tin	Tin, Tyn, Tyne, Tynne
Tinback	Tinback, Tynback
Tinbak	Tinbak, Tynbake
Tinbanck	Tinbanck, Tynbanck, Tynbancke
Tinbank	Tinbank, Tynbank, Tynbanke
Tinbart	Tinbart, Tynbart
Tindal	Tindal, Tindale, Tyndale, Tyndall, Tyndalle
Tineaw	Tineaw, Tyneaw
Tiner	Tiner, Tyner
Tines	Tines, Tynes, Tynnes
Tinews	Tinews, Tynews
Ting	Ting, Tyng
Tingbank	Tingbank, Tyngbank
Tinlei	Tinlei, Tynley
Tinmouth	Tinmouth, Tynmouthe
Tinos	Tinos, Tynnos
Tinot	Tinot, Tynott
Tins	Tins, Tyns
Tinsel	Tinsel, Tynsell
Tinsen	Tinsen, Tinson, Tynsen, Tynson
Tinsin	Tinsin, Tynsin, Tynsyn
Tinsper	Tinsper, Tinspur, Tynspere, Tynspure
Tinto	Tinto, Tynto
Tiopl	Tiopl, Tiople
Tipelo	Tipelo, Typelo
Tipit	Tipit, Typytt
Tiplo	Tiplo, Typlo
Tipol	Tipol, Typole
Tipot	Tipot, Typott
Tipsheth	Tipsheth, Typsheth
Tiptoft	Tiptoft, Typtoft, Typtofte
Tiptow	Tiptow, Tiptowe
Tirad	Tirad, Tyrade
Tiramio	Tiramio
Tiramo	Tiramo, Tirramo, Tyramo
Tirant	Tirant, Trunt, Trunte, Tyrant
Tirard	Tirard, Tyrard
Tirart	Tirart, Tyrart
Tirat	Tirat, Tiratt, Tyrat, Tyrrat
Tiraunc	Tiraunc, Tyraunce
Tirei	Tirei, Tirrey
Tirel	Tirel, Tirrell, Tyrrell, Tyrrelle
Tirer	Tirer, Tyrer
Tiri	Tiri, Tirie, Tirrie, Tirry, Tyrry, Tyrye
Tiril	Tiril, Turel, Turell, Turelle, Tyryll
Tirlington	Tirlington, Tyrlyngton
Tirmount	Tirmount
Tiroet	Tiroet
Tirol	Tirol, Tyroll
Tirot	Tirot, Tyrott
Tirwit	Tirwit, Tirwyt, Turwit, Turwyt, Tyrwytt
Tis	Tis, Tise, Tys, Tyse, Tysse
Tisard	Tisard, Tyssard
Tiser	Tiser
Tisin	Tisin, Tissin
Tiskin	Tiskin, Tiskyn
Tison	Tison, Tyson, Tysson
Tisot	Tisot, Tissot
Tit	Tit, Tyte
Tites	Tites, Tytes
Tith	Tith, Tythe
Titil	Titil, Titille
Titisworth	Titisworth, Tytysworth, Tytysworthe
Titlei	Titlei, Tytley
Titling	Titling, Titlyng
Titmer	Titmer
Titmersch	Titmersch, Titmersh
Tito	Tito
Titolmo	Titolmo
Titu	Titu
Titz	Titz
Tivison	Tivison, Tyvyson
TNA	TNA
Toalea	Toalea
Tobi	Tobi, Toby
Tobler	Tobler
Tobringer	Tobringer, Tobrynger
Tocfeld	Tocfeld
Toch	Toch, Toche, Tok, Toke
Tod	Tod, Todd, Todde, Tode
Todeo	Todeo
Todero	Todero
Todman	Todman
Tofeld	Tofeld, Toffelde
Tofter	Tofter
Togat	Togat
Toger	Toger
Togie	Togie, Togye
Toifeld	Toifeld, Toyfeld
Toiniis	Toiniis, Toyniis
Toit	Toit, Toyte
Toitegan	Toitegan, Toytegan
Token	Token, Tokin, Tokyn
Toker	Toker
Tokesburi	Tokesburi, Tokkesburry
Tokevil	Tokevil, Tokevile
Tokvil	Tokvil, Tokvyle
Tol	Tol, Tole, Toll, Tolle
Tola	Tola, Tolla
Tolacr	Tolacr, Tolacre
Tolai	Tolai, Tollay
Tolaia	Tolaia, Tolaya
Tolarg	Tolarg, Tolarge, Tollarge, Towlarg, Towlarge
Tolas	Tolas, Towlus
Tolei	Tolei, Toley, Tolley
Tolerg	Tolerg, Tollerge
Toles	Toles
Tolfot	Tolfot, Tolfote
Toli	Toli, Tolly, Toly
Tolio	Tolio, Tollio
Tolis	Tolis, Tollis
Tolkin	Tolkin, Tolkyn
Tollois	Tollois, Tolois
Tollos	Tollos, Tolos, Tolose
Tollosa	Tollosa, Tolosa
Tolloso	Tolloso, Toloso
Tollouse	Tollouse, Tolous
Tollowes	Tollowes, Tollows, Tolowes, Tolows
Tollowis	Tollowis, Tolowis
Toln	Toln, Tolne
Tolner	Tolner, Tolnere
Toloft	Toloft, Tolofte
Toloseie	Toloseie, Toloseye
Tolph	Tolph, Tolphe
Tolsen	Tolsen, Tolson
Tolten	Tolten, Toulton
Tomas	Tomas
Tomaso	Tomaso
Tomason	Tomason, Tomasson
Tomers	Tomers
Tomeso	Tomeso
Tomeson	Tomeson, Tomesson, Tomison, Tomysson
Tomios	Tomios, Tomyos
Tomlin	Tomlin, Tomlyn
Tomlinson	Tomlinson, Tomlynson
Tomworth	Tomworth
Ton	Ton
Tonam	Tonam, Toname
Tonder	Tonder
Tonelero	Tonelero
Tonero	Tonero, Tonnero
Tonew	Tonew, Tonnew
Tong	Tong
Tongar	Tongar
Tongoren	Tongoren
Tonies	Tonies, Tonyes
Tonis	Tonis, Tonys, Tonyse
Tonison	Tonison, Tonyson, Tonysson
Tonius	Tonius, Tonyus
Tonker	Tonker
Tonkison	Tonkison, Tonkisson
Tonsei	Tonsei, Tonsey
Tonso	Tonso
Tonson	Tonson
Too	Too, Tooe, Tugh
Took	Took, Tooke
Tooli	Tooli, Tooly
Top	Top, Tope
Topclif	Topclif, Topclyff
Topsal	Topsal, Topsalle
Topsham	Topsham
Toquard	Toquard
Tor	Tor, Tore, Torre
Tora	Tora
Toran	Toran
Tordecelis	Tordecelis
Torel	Torel, Torell
Toremo	Toremo
Torg	Torg, Torge
Torhorslo	Torhorslo
Toridas	Toridas, Torridas
Torin	Torin, Torryn, Toryn
Tork	Tork, Torke
Torkengestun	Torkengestun
Torkington	Torkington, Torkyngton
Torkintin	Torkintin, Torkyntyne
Torkinton	Torkinton, Torkynton
Tornar	Tornar
Tornei	Tornei, Torney
Tornel	Tornel, Tornele
Tornello	Tornello, Tornelo
Torner	Torner, Tornour
Tororslo	Tororslo
Torpurlei	Torpurlei, Torpurley
Torsaie	Torsaie, Torsaye
Torsei	Torsei, Torsey
Torsi	Torsi, Torsie, Torsy, Torsye
Torsoe	Torsoe
Tort	Tort
Tortington	Tortington, Tortyngton
Tos	Tos, Tose
Tosel	Tosel, Tosselle
Tosez	Tosez
Tosi	Tosi, Tosy
Toso	Toso
Toson	Toson
Tostford	Tostford
Tostoes	Tostoes
Tot	Tot, Tote
Totehil	Totehil, Totehill, Totehille, Totehylle, Tottehille
Totevil	Totevil, Totevile
Tothil	Tothil, Tothill, Tothille
Totil	Totil, Totille, Totylle
Totin	Totin, Totyn
Toting	Toting, Totyng, Totynge
Totirsal	Totirsal, Totirsale
Toto	Toto, Totto
Touch	Touch, Touche
Touker	Touker
Touncen	Touncen, Touncene, Touncenne
Tounesend	Tounesend, Townesend, Townesende, Townessende
Tour	Tour, Toure, Tourr
Touref	Touref, Toureff
Toures	Toures, Tours
Tournbul	Tournbul, Tournbull, Turnbul, Turnbull, Turnebul, Turnebull, Turnebulle
Tournebon	Tournebon, Turnebon, Turnebone
Tourner	Tourner, Turnar, Turnare, Turner, Turnor, Turnour, Turnur
Tousains	Tousains, Toussayns
Tousaunc	Tousaunc, Tousaunce
Toutes	Toutes
Tovaleo	Tovaleo
Tovalino	Tovalino, Tovalyno
Toven	Toven
Tovi	Tovi, Tovy
Tovis	Tovis
Tow	Tow, Towe
Towal	Towal, Towalle, Towel, Towell
Towalio	Towalio, Towallio
Towars	Towars
Tower	Tower, Towr, Towre
Toweson	Toweson
Toweston	Toweston
Towk	Towk, Towke
Towl	Towl, Towle
Towlar	Towlar
Towles	Towles
Towlos	Towlos, Towlose
Towloz	Towloz, Towloze
Town	Town, Towne
Towncev	Towncev, Townceve
Towneshend	Towneshend
Townisend	Townisend, Townysend
Towres	Towres
Towson	Towson
Towtar	Towtar
TQ	TQ
Trabesand	Trabesand
Traci	Traci, Tracy
Traco	Traco
Tracolo	Tracolo
Tradokes	Tradokes
Trafford	Trafford, Traford
Trago	Trago
Tragor	Tragor, Tragore
Tragura	Tragura
Trahi	Trahi, Trahy
Traho	Traho
Trahor	Trahor, Trahore
Trahorslo	Trahorslo
Traico	Traico, Trayco
Traiford	Traiford, Trayford
Traifto	Traifto
Trainel	Trainel, Traynell
Trait	Trait, Trayt, Treight
Tram	Tram, Trame
Tran	Tran, Trane
Transedam	Transedam
Transem	Transem
Transferrum	Transferrum, Transferum
Transir	Transir, Transire
Trap	Trap, Trapp
Tras	Tras, Trase
Traslot	Traslot, Traslott
Trasto	Trasto
Traunt	Traunt, Traunte
Trav	Trav, Trave
Travalis	Travalis, Travalys
Travas	Travas
Traver	Traver
Travers	Travers
Traves	Traves
Travez	Travez
Travis	Travis, Travise, Travys
Trawes	Trawes
Trawt	Trawt
Trebara	Trebara
Trebarow	Trebarow, Trebarrowe
Trebesaund	Trebesaund, Trebesaunde
Trebosand	Trebosand
Trecesimo	Trecesimo, Trecessimo
Trechaunt	Trechaunt, Treshaunt
Tredin	Tredin, Tredyn
Tredwai	Tredwai, Tredway
Treer	Treer, Treor
Treest	Treest
Treffillon	Treffillon, Trefilon
Treford	Treford
Tregaran	Tregaran, Treguran
Tregel	Tregel, Tregell, Tregul, Tregulle
Treger	Treger
Tregeram	Tregeram
Tregeran	Tregeran
Tregeroun	Tregeroun
Tregil	Tregil, Tregill, Tregyll
Trego	Trego, Tregow, Tregowe
Tregoler	Tregoler
Tregonow	Tregonow, Tregonowe
Tregor	Tregor
Tregoran	Tregoran
Tregorein	Tregorein, Tregoreyn
Tregoun	Tregoun
Tregura	Tregura
Treguram	Treguram
Treholt	Treholt
Trehoven	Trehoven
Treigh	Treigh, Treygh
Treigod	Treigod, Treygode
Treiler	Treiler
Treit	Treit, Treytte, Tright
Trellwant	Trellwant, Trelwant
Tremail	Tremail, Tremayle
Tremeno	Tremeno
Tremenour	Tremenour
Tremer	Tremer, Tremmer
Tremonia	Tremonia
Trenchaunt	Trenchaunt
Trenchier	Trenchier
Trend	Trend, Trende
Trendal	Trendal, Trendalle, Trendel, Trendelle
Trendlei	Trendlei, Trendley
Trenit	Trenit, Trenite, Trenyte
Trenlo	Trenlo
Treno	Treno
Trensaunt	Trensaunt, Trenshaunt
Trent	Trent, Trente
Treolan	Treolan
Trep	Trep, Trepe, Trepp, Treppe
Trepeland	Trepeland
Trepesan	Trepesan, Trepesane
Trepesound	Trepesound
Trepetow	Trepetow, Trepetowe
Treph	Treph, Trephe
Trephan	Trephan
Treror	Treror
Trerosan	Trerosan, Trerosane
Tresa	Tresa, Tressa
Tresak	Tresak, Tressak
Tresaval	Tresaval, Tressavalle
Tresawl	Tresawl, Tresawle
Tresecimo	Tresecimo, Tressecimo
Treselian	Treselian, Treselyan
Tresh	Tresh
Treshan	Treshan, Tresshan
Tresilian	Tresilian
Tresimo	Tresimo, Tressymo
Tresnor	Tresnor
Tresola	Tresola
Tresolas	Tresolas, Tressolas
Tresoven	Tresoven
Trest	Trest, Treste
Tresto	Tresto
Tret	Tret, Trete
Treten	Treten, Tretten
Treting	Treting, Tretting
Tretsam	Tretsam
Treushet	Treushet
Trevaso	Trevaso
Trevener	Trevener, Trevenner
Trevenerd	Trevenerd, Trevennerd
Trevesan	Trevesan, Trevesane
Trevesando	Trevesando
Trevesham	Trevesham
Trevilion	Trevilion, Trevylyon
Trevisan	Trevisan, Trevysan
Trevisian	Trevisian, Trevisyan
Treviso	Treviso, Trevyso
Trew	Trew, Trewe, True
Treward	Treward
Trewdon	Trewdon, Truden
Trewenard	Trewenard, Trewennard
Trewener	Trewener, Trewenner
Trewenerd	Trewenerd, Trewennerd
Trewergi	Trewergi, Trewergy
Trewinard	Trewinard, Trewynard, Trewynnard
Trewinenard	Trewinenard, Trewynenard
Trewiner	Trewiner, Trewyner
Trewlof	Trewlof, Trewloff
Trewlov	Trewlov, Trewlove
Trewman	Trewman
Triadang	Triadang, Tryadang
Tribz	Tribz
Trices	Trices, Tricess
Tricescimo	Tricescimo
Tricesimo	Tricesimo, Tricessimo, Trisesimo
Trico	Trico
Tridhalfot	Tridhalfot, Tridhalfote
Trier	Trier, Tryer
Trig	Trig, Trigge
Trigel	Trigel, Trygell
Trigo	Trigo
Trigus	Trigus
Trihest	Trihest, Tryheste
Tril	Tril, Trill
Trim	Trim, Tryme, Trymme
Trimenor	Trimenor, Trymenor
Trimer	Trimer, Trymmer
Trimlei	Trimlei, Trymley
Trimon	Trimon, Trymon
Trimont	Trimont
Trimpington	Trimpington, Trympington
Trimwar	Trimwar, Trymware
Trinckl	Trinckl, Trinckle
Trinit	Trinit, Trinite, Trynite, Trynyte
Trinitas	Trinitas
Trinitat	Trinitat, Trinitate, Trynytate
Trinitatis	Trinitatis
Triniti	Triniti, Trinity, Trynyty
Trinitie	Trinitie
Trinkcop	Trinkcop, Trynkcop
Triopan	Triopan
Trip	Trip, Tripe, Tripp, Trippe, Tryp, Trype, Trypp, Tryppe
Triper	Triper, Tripper
Tripland	Tripland, Trypland
Triplard	Triplard, Tryplard
Triplin	Triplin, Tryplyn
Tris	Tris, Tryse
Trisan	Trisan, Trysan
Trisar	Trisar
Triser	Triser, Tryser
Trisher	Trisher, Tryssher
Trisor	Trisor, Trysor
Trisos	Trisos, Tryssos
Tristam	Tristam
Tristani	Tristani
Tristiano	Tristiano
Triston	Triston, Tristone, Trystone
Tristram	Tristram, Trystram
Tristramo	Tristramo, Trystramo
Tristran	Tristran, Tristrane
Tristraun	Tristraun, Tristraune
Tristriam	Tristriam
Trit	Trit, Trite, Tritt, Tritte, Tryt, Tryte
Trith	Trith, Trithe
Trivisan	Trivisan
Trob	Trob, Trobbe
Trobel	Trobel, Trobell
Trobilfeld	Trobilfeld, Trobylffeld
Troblefeld	Troblefeld
Troblevil	Troblevil, Troblevyle
Troden	Troden
Trogeno	Trogeno
Trogoner	Trogoner
Trohold	Trohold, Troholde
Trohoven	Trohoven
Troi	Troi, Troy
Troie	Troie, Troye
Troies	Troies
Troilo	Troilo, Troylo
Troiloin	Troiloin, Troyloyn
Troin	Troin, Troyne
Troit	Troit, Troyt, Troyte
Troita	Troita, Troyta
Trokler	Trokler
Trollop	Trollop, Trollope, Trolop, Trolope
Tromi	Tromi, Tromy
Trompeton	Trompeton
Tron	Tron, Trone
Tronckel	Tronckel, Tronckell
Tronion	Tronion, Tronyon
Tronk	Tronk, Tronke
Tronker	Tronker
Trono	Trono
Tronopies	Tronopies
Trop	Trop, Trope
Tropoter	Tropoter, Troppoter
Tros	Tros, Trose
Troser	Troser
Trost	Trost, Troste
Trot	Trot, Trote, Trott, Trotte
Trota	Trota
Trotar	Trotar, Trottar
Troter	Troter, Trotter
Trotes	Trotes, Trottes
Troton	Troton, Trotton
Trotrom	Trotrom
Trough	Trough
Trouler	Trouler
Trounei	Trounei, Trouney
Trount	Trount, Trounte
Trovet	Trovet
Trovo	Trovo
Trow	Trow, Trowe
Trowan	Trowan
Trowel	Trowel, Trowell
Trowik	Trowik
Trowit	Trowit, Trowytt
Trud	Trud, Trude
Trudener	Trudener
Truero	Truero
Trumbl	Trumbl, Trumble
Trumper	Trumper
Trumpet	Trumpet, Trumpett
Trumpeter	Trumpeter
Trumpeto	Trumpeto, Trumpetto
Trumpeton	Trumpeton
Trumpington	Trumpington, Trumpyngton
Trunk	Trunk, Trunke
Trusel	Trusel, Trusselle
Trushin	Trushin, Trushon, Truson, Trusshone, Trusshyn
Trusket	Trusket, Truskett
Trust	Trust
Trustes	Trustes
Truston	Truston
Trwinerd	Trwinerd, Trwynerde
Trwlov	Trwlov, Trwlove
Tuak	Tuak, Tuake
Tual	Tual, Tuale, Tualle
Tuart	Tuart, Tuarte
Tubard	Tubard
Tubbes	Tubbes, Tubes
Tuck	Tuck, Tucke
Tuckar	Tuckar, Tuckare, Tucker
Tuckfeld	Tuckfeld, Tuckffeld, Tukfeld
Tuder	Tuder, Tudere
Tudors	Tudors
Tuenos	Tuenos
Tueson	Tueson, Tuesson, Tuson
Tuger	Tuger
Tuk	Tuk, Tuke
Tuker	Tuker
Tukes	Tukes, Tukkes
Tukil	Tukil, Tukkylle
Tul	Tul, Tull, Tulle
Tularg	Tularg, Tularge
Tulei	Tulei, Tulley
Tulian	Tulian
Tulpin	Tulpin, Tulpyn
Tulten	Tulten
Tulter	Tulter
Tumbelow	Tumbelow
Tumbil	Tumbil, Tumbylle
Tunas	Tunas
Tunbrig	Tunbrig, Tunbrige, Tunbrigge
Tuneos	Tuneos
Tunes	Tunes
Tungar	Tungar
Tungl	Tungl, Tungle
Tunis	Tunis, Tunys
Tuper	Tuper, Tupper
Turaboto	Turaboto, Turraboto
Turanie	Turanie, Turanye
Turbervil	Turbervil, Turbervile
Turbevil	Turbevil, Turbevyle
Turbilvil	Turbilvil, Turbilvyle, Turbilvylle
Turbut	Turbut, Turbutt
Turco	Turco, Turko
Turei	Turei, Turrey
Turen	Turen
Turesara	Turesara
Turfhop	Turfhop, Turfhope, Turfop, Turfoppe
Turgat	Turgat, Turgate
Turin	Turin
Turis	Turis, Turrys, Turys
Turkai	Turkai, Turkay
Turkei	Turkei, Turkey
Turkeie	Turkeie, Turkeye
Turkil	Turkil, Turkyll
Turlin	Turlin, Turlyne
Turmebul	Turmebul, Turmebulle
Turmel	Turmel, Turmelle
Turmen	Turmen
Turn	Turn, Turne
Turnai	Turnai, Turnay
Turnebil	Turnebil, Turnebill
Turnei	Turnei, Turney, Turngei, Turngey
Turneie	Turneie, Turneye, Turni, Turny
Turnein	Turnein, Turneyn
Turnel	Turnel, Turnell
Turnin	Turnin, Turnyn
Turpin	Turpin, Turpyn
Turquei	Turquei, Turquey
Tusagat	Tusagat, Tusagatte
Tusain	Tusain, Tussayne
Tusak	Tusak, Tusake
Tusan	Tusan, Tusane
Tusar	Tusar
Tuscades	Tuscades
Tuscadis	Tuscadis, Tuscadys
Tuscadus	Tuscadus
Tuscanus	Tuscanus
Tusent	Tusent, Tussent
Tushan	Tushan, Tusshan
Tusk	Tusk
Tut	Tut, Tute, Tutt, Tutte
Tutfeld	Tutfeld
Tutir	Tutir, Tutyr
Tutor	Tutor
Tutsam	Tutsam
Tutsham	Tutsham
Tutsin	Tutsin, Tutsyn
Tuvach	Tuvach, Tuvache
Tuvak	Tuvak
Tuval	Tuval, Tuvale
Tuweson	Tuweson, Tuwesson
Tw	Tw, Twe
Twain	Twain, Twayn
Twaites	Twaites, Twaytes
Twat	Twat
Tweg	Tweg, Twegge
Twekel	Twekel, Twekell
Twesel	Twesel, Twesell
Twickin	Twickin, Twickyn
Twid	Twid, Twyd, Twyde
Twiford	Twiford, Twyfford, Twyford, Twyforde
Twig	Twig, Twige, Twigg, Twigge, Twyg, Twyge, Twygg, Twygge
Twigh	Twigh, Twygh
Twikil	Twikil, Twykill
Twili	Twili, Twilie, Twilli, Twillie, Twilly, Twillye, Twylly, Twyllye, Twyly
Twin	Twin, Twyn, Twyne, Twynne
Twinbergh	Twinbergh, Twynbergh
Twintes	Twintes
Twis	Twis, Twys
Twisond	Twisond, Twysonde
Twit	Twit, Twitt, Twytt
Twitington	Twitington, Twittington
Ubild	Ubild, Ubilde
Ubriach	Ubriach, Ubriache
Udal	Udal, Udale, Udall
Uderer	Uderer
Ugal	Ugal, Ugalle
Ugard	Ugard, Ugarde
Ugas	Ugas, Ugase
Ugual	Ugual, Ugualle
Uirel	Uirel, Uyrelle
Ukrel	Ukrel, Ukrelle
Ulardison	Ulardison, Ullardisson
Ulbrandeson	Ulbrandeson, Ulbrandesson
Ulbrandson	Ulbrandson
Ulbright	Ulbright
Ulcer	Ulcer
Ulerico	Ulerico
Ulf	Ulf, Ulfe
Uliona	Uliona, Ulyona
Ulm	Ulm, Ulme
Uln	Uln, Ulne
Ulp	Ulp, Ulpe
Ulrik	Ulrik, Ulrike
Ulsbi	Ulsbi, Ulsby
Ulsbie	Ulsbie, Ulsbye
Ulslier	Ulslier, Ulslyer
Ulso	Ulso
Ulsom	Ulsom, Ulsome, Ulsum
Ulson	Ulson
Ulter	Ulter
Ultimo	Ultimo, Ultymo
Umelong	Umelong, Ummelonge
Umfrai	Umfrai, Umfray, Umphrie
Umfrei	Umfrei, Umfrey
Umfrido	Umfrido, Umphrido
Umphlei	Umphlei, Umphley
Umpton	Umpton, Umptone
Un	Un
Unc	Unc, Unce, Unnce
Unceta	Unceta, Unseta, Unssetta
Uncl	Uncl, Uncle
Uncton	Uncton
Undara	Undara, Undarra
Undecima	Undecima
Undecimo	Undecimo
Undercroft	Undercroft, Undercrofte, Undurcroft
Underhel	Underhel, Underhell
Underhil	Underhil, Underhill
Underlinden	Underlinden, Underlynden
Underwil	Underwil, Underwyle
Underwod	Underwod, Underwode
Underwood	Underwood, Underwoode
Undes	Undes
Undesimo	Undesimo
Undis	Undis, Undys
Uner	Uner
Ungaria	Ungaria
Ungener	Ungener
Ungeria	Ungeria
Ungil	Ungil, Ungille, Ungl, Ungle
Unglai	Unglai, Unglay
Unglei	Unglei, Ungley
Unicorn	Unicorn, Unicorne, Unycorne
Unis	Unis, Unys
Unisan	Unisan, Unysan
Unno	Unno, Uno
Untnal	Untnal, Untnall
Unton	Unton
Untour	Untour
Untright	Untright
Unwerd	Unwerd
Upatenen	Upatenen
Upcher	Upcher, Upchere
Upchurch	Upchurch, Upchurche
Uperfeld	Uperfeld, Upperfeld
Upetenon	Upetenon, Uppetenon
Uphavering	Uphavering
Upinfeld	Upinfeld, Uppynfeld
Upinford	Upinford, Uppynford
Upnor	Upnor, Upnore
Upreild	Upreild, Upreyld
Upsher	Upsher, Upshere, Upshor, Upshore
Upton	Upton
Ura	Ura
Urb	Urb, Urbe
Urban	Urban
Urbani	Urbani
Urbano	Urbano
Urbena	Urbena
Urduno	Urduno
Urdwaie	Urdwaie
Urebar	Urebar, Urebarre
Urendg	Urendg, Urendge
Ureng	Ureng, Urenge
Ureta	Ureta, Uretta
Uribar	Uribar, Uribare
Uribari	Uribari, Uribary
Uriundo	Uriundo
Urkesa	Urkesa, Urkessa
Urkeshow	Urkeshow
Urmeston	Urmeston, Urmestone
Urmiston	Urmiston, Urmystone
Urs	Urs, Urse
Ursato	Ursato
Ursena	Ursena
Ursin	Ursin, Ursyn
Urso	Urso
Ursoo	Ursoo
Ursula	Ursula
Urswek	Urswek, Ursweke, Urswik, Urswyk
Urta	Urta
Urtao	Urtao
Urtega	Urtega
Urterin	Urterin, Urteryn
Urtes	Urtes
Urteta	Urteta
Urtic	Urtic, Urtice
Urtis	Urtis, Urtys, Urtyse
Us	Us, Usse
Uschar	Uschar, Uschare
Uscher	Uscher, Ushar, Usher, Usshar, Usshare, Ussher
Usebaunt	Usebaunt, Ussebaunt
Usewait	Usewait, Usewaite
Usin	Usin, Usyne
Usow	Usow, Usowe
Ustend	Ustend, Ustende
Usus	Usus
Uteneles	Uteneles
Uter	Uter, Utter
Utnal	Utnal, Utnall, Utnalle
Utnard	Utnard
Utrich	Utrich, Utriche
Utright	Utright, Utryght
Utrikes	Utrikes, Utrykes
Utrit	Utrit
Utrith	Utrith, Utrithe
Uusher	Uusher
Uwtnal	Uwtnal, Uwtnall
Uxlei	Uxlei, Uxley
Va	Va
Vaas	Vaas, Vos, Vosse
Vaca	Vaca, Vacca
Vacat	Vacat
Vacche	Vacche, Vach, Vache
Vaches	Vaches
Vacue	Vacue
Vadalet	Vadalet
Vadalit	Vadalit
Vadalt	Vadalt
Vadelet	Vadelet
Vadelit	Vadelit
Vadin	Vadin
Vadlet	Vadlet
Vag	Vag, Vage, Vagh, Vaghe
Vaget	Vaget
Vagham	Vagham
Vaghan	Vaghan
Vai	Vai, Vay
Vaieris	Vaieris, Vayerys
Vaighan	Vaighan, Vayghan
Vailer	Vailer, Vayler
Vain	Vain, Vayne, Vein, Veyn
Vaines	Vaines, Vanes, Vanese, Vaynes
Vainis	Vainis, Vaynis
Vair	Vair, Vayr, Verei, Verrey
Vak	Vak, Vake
Vakew	Vakew
Vakino	Vakino, Vakyno
Vakn	Vakn, Vakne
Val	Val, Vale, Vall, Valle
Valac	Valac, Vallac
Valain	Valain, Valayn
Valak	Valak, Vallake
Valanc	Valanc, Valance
Valand	Valand, Valande
Valans	Valans
Valantin	Valantin, Valantyne
Valantino	Valantino, Valantyno
Valantinus	Valantinus
Valares	Valares, Valaress, Valaresse
Valareso	Valareso
Valaris	Valaris, Valarise, Valoris
Valarisa	Valarisa, Valarysa
Valariso	Valariso, Valaryso
Valaunc	Valaunc, Valaunce
Valdalt	Valdalt
Valdeled	Valdeled, Valdelede
Valdelt	Valdelt
Valdeves	Valdeves, Valdevesse
Valdolie	Valdolie, Valdolye
Valeadoleth	Valeadoleth, Valeadolethe
Valean	Valean
Valedego	Valedego
Valedeled	Valedeled, Valedelede
Valedelet	Valedelet, Valedelett
Valedeleth	Valedeleth
Valedelit	Valedelit, Valedelitt
Valedelt	Valedelt, Valedeltt
Valedeves	Valedeves, Valedevese
Valedoled	Valedoled, Valedolede
Valedolet	Valedolet, Valedolete, Valedolett
Valedoleth	Valedoleth, Valedolethe
Valedolit	Valedolit, Valledolit
Valedovesa	Valedovesa, Valedovessa
Valedulit	Valedulit, Valedulite
Valena	Valena
Valenc	Valenc, Valence
Valendin	Valendin, Valendyne
Valendo	Valendo
Valens	Valens, Valense
Valent	Valent
Valentin	Valentin, Valentyn, Valentyne, Vallentyne
Valentino	Valentino, Valentyno
Valentinus	Valentinus
Valequesta	Valequesta
Valer	Valer, Valere
Valera	Valera
Valerec	Valerec, Valerece, Valeric, Valerice
Valeres	Valeres, Valeresse
Valereso	Valereso, Valeresso
Valerian	Valerian, Valeryan
Valerin	Valerin, Valeryne
Valerion	Valerion, Valeryon
Valeris	Valeris, Valerise, Valeryse, Vallerys
Valeriso	Valeriso, Valeryso
Valeron	Valeron, Valleron
Valerus	Valerus
Vales	Vales
Valeses	Valeses
Valesilia	Valesilia
Valesio	Valesio
Valet	Valet, Valette, Vallet
Validolet	Validolet, Valydolete
Valisila	Valisila, Valissilla, Vallisilla
Valisilia	Valisilia
Valk	Valk, Valke, Vawc, Vawce
Vallo	Vallo, Valo
Valodolith	Valodolith, Valodolithe
Valon	Valon, Valone
Valquesto	Valquesto
Valraven	Valraven
Valsola	Valsola
Valur	Valur, Valure
Vampag	Vampag, Vampage
Van	Van
Vanc	Vanc, Vance
Vand	Vand, Vande
Vander	Vander
Vaner	Vaner, Vannere
Vanesan	Vanesan, Vanesane
Vangelor	Vangelor
Vanito	Vanito
Vanker	Vanker
Vanno	Vanno, Vano
Vanria	Vanria
Vans	Vans, Vanse
Vansard	Vansard, Vanssard
Vant	Vant, Vantt
Vanton	Vanton
Vanus	Vanus, Vanuse
Var	Var, Vare
Vara	Vara, Varra
Varai	Varai, Varray
Varaie	Varaie, Varraye, Voraie, Voraye
Varana	Varana
Varbeck	Varbeck
Vardar	Vardar
Varder	Varder
Vardesa	Vardesa, Vardessa
Vardin	Vardin, Vardyne
Vardowes	Vardowes
Varei	Varei, Varrey
Varel	Varel, Varell, Varrell, Varrelle
Varesdein	Varesdein, Varesdeyn
Varesdin	Varesdin, Varesdyn
Varesdina	Varesdina
Varesema	Varesema
Vargier	Vargier
Varhil	Varhil, Varhill
Vari	Vari, Varry, Vary
Varia	Varia, Veria, Verria
Varie	Varie, Varrie
Varieta	Varieta, Varietta
Varindos	Varindos, Varyndos
Varing	Varing, Varinge, Varyng
Variter	Variter, Varyter
Varken	Varken
Varlet	Varlet, Varlett
Varman	Varman
Varnai	Varnai, Varnay
Varnam	Varnam
Varnas	Varnas, Varnasse
Varner	Varner
Vars	Vars, Varse
Varsaie	Varsaie, Varsaye
Varseie	Varseie, Varseye
Varsina	Varsina
Varsith	Varsith
Varstod	Varstod
Varsur	Varsur, Varsure
Vartenhof	Vartenhof
Varus	Varus
Varwaret	Varwaret, Varwarret
Vas	Vas, Vase, Vasse
Vasag	Vasag, Vassage
Vasaldo	Vasaldo, Vassaldo
Vasallo	Vasallo, Vasalo
Vasca	Vasca
Vaschild	Vaschild, Vaschilde
Vasco	Vasco
Vascoburgh	Vascoburgh
Vascoign	Vascoign, Vascoigne
Vasconie	Vasconie, Vassconie
Vascus	Vascus, Vaskus
Vasees	Vasees, Vassees
Vasela	Vasela
Vasem	Vasem, Vaseme
Vaseri	Vaseri, Vasery
Vasilio	Vasilio
Vask	Vask, Vasque
Vaskes	Vaskes
Vasko	Vasko
Vasmer	Vasmer
Vasner	Vasner
Vasour	Vasour, Vassour
Vasqua	Vasqua
Vasques	Vasques
Vasquo	Vasquo
Vasqus	Vasqus
Vassur	Vassur, Vassure, Vasur
Vaster	Vaster
Vastian	Vastian
Vastina	Vastina, Vastyna
Vastold	Vastold
Vasuer	Vasuer
Vasust	Vasust, Vasuste
Vatas	Vatas, Vatase
Vatasi	Vatasi, Vatassy
Vataso	Vataso
Vatel	Vatel, Vatelle
Vaucquer	Vaucquer
Vaugh	Vaugh, Vaughe, Vaw, Vawe, Vough, Voughe
Vaugham	Vaugham
Vaughan	Vaughan, Vaughn
Vaught	Vaught, Vought
Vauhn	Vauhn
Vaul	Vaul, Vaulle
Vaunc	Vaunc, Vaunce
Vaur	Vaur
Vaux	Vaux
Vauxer	Vauxer
Vavaser	Vavaser, Vavasor, Vavasour
Vavastr	Vavastr, Vavastre
Vavisar	Vavisar
Vawgham	Vawgham
Vawghan	Vawghan, Vawghon
Vawker	Vawker
Vaws	Vaws, Vawse
Ve	Ve, Vi
Veck	Veck
Vecter	Vecter
Vedi	Vedi, Vedy
Vedo	Vedo
Veer	Veer, Veere
Vega	Vega
Vegea	Vegea
Vegh	Vegh, Veghe
Vegil	Vegil, Vegill
Vego	Vego
Veienal	Veienal, Veyenall
Veigh	Veigh, Veighe
Veight	Veight
Veil	Veil, Veill
Veillo	Veillo, Veilo
Veimont	Veimont, Veymont
Veimount	Veimount, Veymount
Veinierd	Veinierd, Veynyerd
Veis	Veis, Veys
Veisenak	Veisenak, Veysenake
Veisi	Veisi, Veysy
Veisuro	Veisuro
Vek	Vek, Veke, Vic, Vice, Vick, Vicke, Vik, Vike, Vyce, Vyke
Vel	Vel, Vele, Vell, Velle
Veladego	Veladego
Velam	Velam
Velan	Velan, Velane, Velen, Velon
Velano	Velano
Velansa	Velansa
Velar	Velar, Velare, Veler
Veld	Veld, Velde
Velder	Velder
Velders	Velders
Veldewik	Veldewik, Veldewyk
Velegas	Velegas
Velemont	Velemont, Velemonte
Velerado	Velerado
Velers	Velers
Veles	Veles
Veleux	Veleux, Vello, Vellow, Velo, Velow, Velowe
Velex	Velex
Velhoven	Velhoven
Velier	Velier, Velyer
Velinson	Velinson, Velynson
Velio	Velio
Velis	Velis, Velys
Velman	Velman
Velmo	Velmo
Veloo	Veloo
Veloux	Veloux
Velox	Velox
Velsar	Velsar
Velsek	Velsek, Velseke
Velser	Velser
Velthoven	Velthoven
Velus	Velus
Velusa	Velusa
Velvo	Velvo
Vemer	Vemer
Ven	Ven, Vene
Venables	Venables
Venawei	Venawei, Venawey
Vencencia	Vencencia
Vencent	Vencent
Vencentia	Vencentia
Vencento	Vencento
Vencoon	Vencoon
Vendesew	Vendesew
Venea	Venea
Venecia	Venecia
Venecie	Venecie
Venel	Venel, Venelle
Veneno	Veneno
Vener	Vener, Venere
Veneron	Veneron
Venerown	Venerown, Venerowne
Venes	Venes, Vennes
Venesia	Venesia
Venesie	Venesie
Veneta	Veneta
Venetia	Venetia
Venghea	Venghea
Veniard	Veniard, Venyard, Viniard, Vynnyard, Vynyard
Veniaw	Veniaw, Venyawe
Venic	Venic, Venice, Venyce
Venices	Venices
Venicia	Venicia, Venisa, Venisia, Venissa, Venysia
Venician	Venician
Venicie	Venicie
Venier	Venier, Venyer
Venierd	Venierd, Venyerd, Vinierd, Vynnyerd, Vynnyerde, Vynyerd
Venir	Venir
Venis	Venis, Venise, Venish, Venishe, Vennis, Vennys, Venys, Venyse
Venisea	Venisea
Venisiam	Venisiam
Venisian	Venisian, Venysian
Venisie	Venisie
Venita	Venita, Venyta
Venleo	Venleo
Venoch	Venoch, Venoche
Venold	Venold, Venolde
Venosa	Venosa
Venour	Venour
Venous	Venous, Venus
Vensent	Vensent
Venton	Venton
Ventur	Ventur, Venture
Ventura	Ventura
Veo	Veo
Veogas	Veogas, Veogasse
Ver	Ver, Vere
Vera	Vera, Verra
Verbano	Verbano
Verbart	Verbart
Verbek	Verbek, Verbekke
Verborow	Verborow, Verborowe
Verbrak	Verbrak, Verbrake
Verbrugh	Verbrugh
Vercelis	Vercelis, Vercellys
Verco	Verco
Verd	Verd, Verde
Verdebowt	Verdebowt, Verdebowte
Verden	Verden
Verder	Verder
Verdera	Verdera
Verderer	Verderer
Verdes	Verdes, Verdesse
Verdesa	Verdesa, Verdessa
Verdis	Verdis, Verdisse
Verdon	Verdon, Verdone
Verdono	Verdono
Verdos	Verdos, Verdose
Verdous	Verdous, Verdouse
Verdrera	Verdrera
Vereo	Vereo
Veres	Veres
Verevetira	Verevetira, Verevetyra
Verg	Verg, Verge
Verga	Verga
Vergances	Vergances
Vergar	Vergar, Vergare, Verger
Vergara	Vergara
Vergeant	Vergeant
Vergena	Vergena
Verges	Verges
Vergest	Vergest, Vergeste
Vergi	Vergi, Vergy
Vergin	Vergin, Vergyn
Vergoin	Vergoin, Vergoyn
Vergon	Vergon, Vergone
Verhov	Verhov, Verhove
Verhoven	Verhoven
Verhovin	Verhovin, Verhovyn
Veri	Veri, Verry
Verick	Verick, Verryck, Veryck
Verie	Verie, Verye
Verig	Verig, Verigge
Verioic	Verioic, Verioyce
Veris	Veris, Verise
Verisdina	Verisdina
Verk	Verk, Verke
Verlei	Verlei, Verley
Verlet	Verlet
Verling	Verling
Verlow	Verlow, Verlowe
Verman	Verman
Vermeda	Vermeda
Vermedon	Vermedon
Vermeie	Vermeie, Vermeye
Vermel	Vermel, Vermell
Vermeo	Vermeo
Vermer	Vermer, Vermere
Vermew	Vermew, Vermewe
Vermis	Vermis, Vermyse
Vermoie	Vermoie, Vermoye
Vermond	Vermond
Vern	Vern, Verne
Vernai	Vernai, Vernay
Vernam	Vernam
Vernando	Vernando
Vernandus	Vernandus
Vernas	Vernas, Vernasse
Vernei	Vernei, Verney
Verneon	Verneon
Verner	Verner
Vernewen	Vernewen
Vernewi	Vernewi, Vernewy
Vernito	Vernito
Vernoi	Vernoi, Vernoy
Vernon	Vernon
Vero	Vero
Veroket	Veroket
Veron	Veron
Verona	Verona
Veronica	Veronica
Versaie	Versaie, Versaye
Verseca	Verseca
Versee	Versee, Versi, Versy
Versei	Versei, Versey
Verselaca	Verselaca
Versena	Versena
Verson	Verson
Versor	Versor
Verst	Verst
Vert	Vert, Verte
Vertadon	Vertadon
Vertendono	Vertendono
Verus	Verus
Ves	Ves, Vesse
Vescont	Vescont, Vescunt
Vescount	Vescount, Vescounte
Vescu	Vescu
Vesel	Vesel, Vessell, Vesselle
Vesen	Vesen, Vessen
Vesial	Vesial, Vesyalle, Wesial, Wesyalle
Vesio	Vesio
Vesona	Vesona
Vestondan	Vestondan
Vet	Vet, Vete, Vette
Vetaula	Vetaula, Vetaulla
Vetelaso	Vetelaso, Vetelasso
Veteluso	Veteluso, Vetelusso
Veting	Veting, Vettyng
Vetsen	Vetsen
Vetu	Vetu
Vetzato	Vetzato
Vew	Vew, Vewe
Via	Via, Vya
Viacava	Viacava
Viaga	Viaga
Vian	Vian, Vyane
Viana	Viana, Vyana
Viano	Viano, Vyano
Vianot	Vianot, Vyanott
Viart	Viart, Vyart
Viaund	Viaund, Vyaunde
Vibald	Vibald, Vybalde
Vibel	Vibel, Vibell
Vicecimo	Vicecimo
Vicencio	Vicencio
Vicent	Vicent, Vycent
Vicescimo	Vicescimo
Vicesi	Vicesi
Vicesimo	Vicesimo, Vicessimo, Vicessymo
Vicesino	Vicesino
Viciosa	Viciosa
Vicioso	Vicioso
Vico	Vico
Vicount	Vicount, Vicounte
Victaia	Victaia
Victon	Victon
Victor	Victor, Victore
Victori	Victori, Victory, Vyctory
Victoria	Victoria, Vyctoria, Vyctorya
Victoris	Victoris
Victour	Victour
Victu	Victu
Vid	Vid, Vyde
Vidal	Vidal, Vidale, Vidalle, Vydale
Vides	Vides, Vydes
Vidieu	Vidieu, Vydyeu
Vido	Vido, Vydo
Vidua	Vidua
Viel	Viel, Viele, Viell, Vielle, Vil, Vile, Ville, Vyelle, Vyle, Vyll
Viero	Viero, Viro, Vyero, Vyro
Viga	Viga
Vigars	Vigars, Vigors, Vygars
Vigelius	Vigelius
Vigo	Vigo
Vigour	Vigour
Vikari	Vikari, Vykary
Viker	Viker, Vyker
Vila	Vila, Villa, Vylla
Vilalous	Vilalous, Villalouse
Vilan	Vilan, Vilane, Villane, Vilon, Vylan, Vylane, Vyllane, Vyllon
Vilano	Vilano, Villano
Vilanova	Vilanova, Villanova
Vilarado	Vilarado, Villarado
Vilars	Vilars, Villars
Vilata	Vilata, Vyllata
Vilbo	Vilbo, Vylbo
Vild	Vild, Vylde
Vilenaw	Vilenaw, Vylenawe
Vilerado	Vilerado, Villerado
Vilers	Vilers, Vylers
Viles	Viles, Vyles
Vilet	Vilet, Vyllet
Vilion	Vilion, Vilyon
Viliosa	Viliosa
Vilis	Vilis, Vylis, Vylys
Villorado	Villorado, Vilorado, Vyllorado
Vilosa	Vilosa
Vimont	Vimont, Vymont
Vimount	Vimount, Vymount
Vina	Vina
Vinacesi	Vinacesi, Vinacesy
Vinaldo	Vinaldo
Vinar	Vinar
Vinard	Vinard, Vineard, Vynard, Vyneard
Vinart	Vinart, Vynart
Vinaw	Vinaw, Vynaw
Vinceint	Vinceint, Vynceyntt
Vincenc	Vincenc, Vincence, Vyncence
Vincencia	Vincencia
Vincencii	Vincencii, Vyncencii
Vincencio	Vincencio, Vincentio, Vyncencio
Vincencius	Vincencius
Vincenco	Vincenco
Vinceno	Vinceno
Vincens	Vincens
Vincensium	Vincensium
Vincenso	Vincenso
Vincent	Vincent, Vincente, Vyncent
Vincenti	Vincenti, Vincentii, Vyncenti, Vyncenty
Vincentia	Vincentia
Vincentis	Vincentis, Vincentius, Vyncentis
Vincento	Vincento
Vincentson	Vincentson, Vyncentson
Vincentz	Vincentz, Vyncentz
Vincernt	Vincernt, Vyncerntt
Vincet	Vincet
Vinceznt	Vinceznt, Vyncezntt
Vincheger	Vincheger, Vyncheger
Vinck	Vinck, Vincke, Vink, Vyncke, Vynk, Vynke
Vinclet	Vinclet
Vinder	Vinder, Vindr, Vindre
Vinea	Vinea, Vynea
Vinebon	Vinebon
Vinent	Vinent, Vynent
Viner	Viner, Vyner
Vinerd	Vinerd, Vynerd
Vinerman	Vinerman
Vines	Vines, Vynes
Vineto	Vineto
Vinger	Vinger, Vynger
Vingert	Vingert
Vingort	Vingort
Vinhan	Vinhan, Vynhan
Viniet	Viniet
Vino	Vino, Vyno
Vinola	Vinola, Vinolla
Vinpins	Vinpins, Vynpyns
Vins	Vins, Vynse
Vinsencii	Vinsencii
Vinsencio	Vinsencio
Vinsent	Vinsent, Vinsente, Vynsent, Vynsente
Vinsentson	Vinsentson, Vynsentson
Vinterin	Vinterin, Vintorin, Vynteryn, Vyntoryne
Vinthorp	Vinthorp, Vynthorp, Vynthorpp
Vinthorpt	Vinthorpt, Vynthorpt
Vintmil	Vintmil, Vyntmyle
Vintner	Vintner, Vyntner
Vinton	Vinton
Vinzet	Vinzet, Vynzet
Vinznt	Vinznt, Vynznt
Vioie	Vioie, Vyoye
Vioilet	Vioilet
Viol	Viol, Viole
Viola	Viola, Vyola
Violes	Violes, Violesse
Violeson	Violeson, Violesson
Violet	Violet, Violete, Violett, Violette, Vyolet, Vyolett
Violona	Violona
Violor	Violor
Violosa	Violosa
Viomont	Viomont, Vyomont
Vionela	Vionela, Vyonela
Vionola	Vionola, Vionolla, Vyonola
Vipel	Vipel, Vipell, Vypelle
Viper	Viper, Vyper
Viprimen	Viprimen
Vireago	Vireago
Virgel	Virgel, Vyrgelle
Virli	Virli, Virly
Viron	Viron, Vyron
Virton	Virton
Vis	Vis, Vise, Vyse
Visak	Visak
Viscardo	Viscardo
Viscesimo	Viscesimo
Viscount	Viscount, Viscounte, Vyscounte
Viscountaw	Viscountaw, Viscountawe
Visecimo	Visecimo, Vissecimo
Visemor	Visemor, Visemore
Viser	Viser, Visor, Vysor
Viset	Viset, Vyset
Visher	Visher, Vissher
Visina	Visina, Vissina
Visinger	Visinger
Visiosa	Visiosa
Visk	Visk, Viske, Vysk, Vyske
Visker	Visker
Vit	Vit, Vite, Vytt
Vitang	Vitang, Vitange
Vitemil	Vitemil, Vytemylle
Vith	Vith
Viton	Viton, Vitton
Vitz	Vitz, Vitze
Vitzato	Vitzato
Viv	Viv
Vival	Vival, Vyvalle
Vivald	Vivald, Vivalde, Vyvald, Vyvalde
Vivaldes	Vivaldes, Vyvaldes
Vivaldis	Vivaldis, Vivaldus, Vyvaldis
Vivarinan	Vivarinan
Vivat	Vivat, Vyvat
Vivauld	Vivauld, Vivaulde, Vyvauld
Vivauldes	Vivauldes
Viven	Viven, Vyven
Vivent	Vivent, Vyvent
Viver	Viver, Vyver
Vivild	Vivild, Vyvylde
Vivold	Vivold, Vivolde, Vivollde, Vyvold, Vyvolde
Vivoldes	Vivoldes, Vyvoldes
Vivoldis	Vivoldis, Vivoldus, Vyvoldis, Vyvoldus
Vix	Vix
Vixsel	Vixsel, Vixsell
Vleiens	Vleiens, Vleyens
Vleins	Vleins, Vleyns
Vlising	Vlising, Vlissyng
Voc	Voc, Voce
Vocar	Vocar
Vocas	Vocas, Vocase
Vocato	Vocato
Vocatour	Vocatour
Vocklin	Vocklin, Vocklyn
Voganer	Voganer
Vogel	Vogel, Vogell
Vogeler	Vogeler
Vogelin	Vogelin, Vogelyn
Vogil	Vogil, Vogill
Voglen	Voglen
Vogler	Vogler
Voie	Voie, Voye
Voigh	Voigh
Voit	Voit, Voyt, Voyte
Voiter	Voiter, Voyter
Voker	Voker
Voket	Voket, Vokett
Volantin	Volantin, Volantyn, Volantyne
Volder	Volder, Voldere, Voldr
Volgardes	Volgardes
Volhart	Volhart
Volmer	Volmer
Volon	Volon, Volone
Volter	Volter
Vong	Vong, Vonge
Vons	Vons, Vonse
Vora	Vora
Vorceler	Vorceler
Vormai	Vormai, Vormay
Vormer	Vormer, Vormere
Vorosden	Vorosden, Vorosdene
Vorshal	Vorshal, Vorshall
Vortero	Vortero
Vorwerk	Vorwerk
Vot	Vot, Vote
Voter	Voter
Votier	Votier, Votyer
Votr	Votr, Votre
Voubl	Voubl, Vouble
Vouch	Vouch, Vouche
Voughnar	Voughnar, Voughnare
Vouglar	Vouglar
Voules	Voules
Vourd	Vourd, Vourde
Vowder	Vowder
Vowel	Vowel, Vowell
Vowt	Vowt, Vowte
Vowter	Vowter
Vrada	Vrada
Vriat	Vriat, Vriatt
Vrom	Vrom, Vrome
Vulterson	Vulterson
Wa	Wa
Waas	Waas, Was, Wase, Wasse
Wabison	Wabison
Wabler	Wabler
Wacker	Wacker
Wacom	Wacom
Wacon	Wacon
Wad	Wad, Wadde, Wade, Wod, Wodde, Wode
Wadcup	Wadcup
Wadder	Wadder, Wader
Waddessey	Waddessey, Wadesei, Wadesey
Waddington	Waddington, Waddyngton, Wadington, Wadyngton
Wadeleie	Wadeleie, Wadeleye
Waden	Waden
Wadenisworth	Wadenisworth, Wadenysworth
Wadeseie	Wadeseie, Wadeseye
Wadeslei	Wadeslei, Wadesley
Wadham	Wadham, Wodam, Woddam
Wadingsworth	Wadingsworth, Wadyngsworth
Wadman	Wadman
Wadnesworth	Wadnesworth
Wadsei	Wadsei, Wadsey
Waford	Waford
Wafter	Wafter
Wagen	Wagen
Wager	Wager
Wagescomb	Wagescomb, Waggescomb, Waggescombe
Waghman	Waghman
Waghter	Waghter
Waghterson	Waghterson, Waghtersson
Wagstaf	Wagstaf, Wagstaff
Wai	Wai, Waiigh, Way, Wayigh, Whi, Whigh, Whighe, Why, Whygh
Waid	Waid, Waydde
Waie	Waie, Waye
Waienman	Waienman, Wayenman
Waiet	Waiet, Wayete, Wayett, Whiet, Whyet
Waiferd	Waiferd, Wayfferd
Waigh	Waigh, Waighe, Waih, Waygh, Wayh, Wei, Weigh, Wey, Weyghe
Waight	Waight, Wait, Waite, Wayght, Wayt, Wayte, Weight, Weyght
Waigth	Waigth, Waygth
Wailond	Wailond, Waylond
Waimot	Waimot, Waymot
Waimouth	Waimouth, Waymouth
Waimowth	Waimowth, Waymowthe
Wainant	Wainant, Waynant
Wainbergh	Wainbergh, Waynbergh
Waineflet	Waineflet, Wainflet, Waynefflete, Wayneflet, Waynfflet, Waynfflete, Waynflet, Waynflete
Waineham	Waineham, Wayneham
Waineman	Waineman, Wayneman
Wainer	Wainer, Waner, Wanner, Wayner
Waineta	Waineta, Wayneta
Wainfford	Wainfford, Wainford, Waynfford, Waynford
Wainsceth	Wainsceth
Wainsket	Wainsket
Wainsketh	Wainsketh
Waird	Waird, Wairde
Waiters	Waiters, Wayters
Waith	Waith, Waithe
Waitlan	Waitlan, Waytlan
Waiwik	Waiwik, Waywike
Wakargank	Wakargank, Wakarganke
Wakei	Wakei, Wakey
Wakel	Wakel, Wakele
Wakelei	Wakelei, Wakeley
Wakelen	Wakelen
Wakelin	Wakelin, Wakelyn
Waken	Waken
Wakendal	Wakendal, Wakendale
Wakenthorp	Wakenthorp, Wakenthorpe
Waker	Waker
Wakering	Wakering, Wakeryng
Wakfeld	Wakfeld
Wakkons	Wakkons, Wakons
Waklein	Waklein, Wakleyn
Waklen	Waklen
Waklin	Waklin, Waklyn
Wakling	Wakling, Waklyng
Wal	Wal, Wale, Wall, Walle
Walak	Walak, Wallake
Walar	Walar, Wallar
Walb	Walb
Walbersewek	Walbersewek
Walberswik	Walberswik, Walberswyk, Walberswyke
Walborth	Walborth
Walbourswik	Walbourswik, Walbourswyk, Walbourswyke
Walbreswik	Walbreswik, Walbreswyke
Walbright	Walbright
Walch	Walch, Walche
Walcok	Walcok
Walcot	Walcot, Walcote
Waldegrav	Waldegrav, Waldegrave
Waldeham	Waldeham
Waldeken	Waldeken
Walden	Walden, Waldene, Waldon
Waldern	Waldern, Walderne
Waldif	Waldif, Waldiff, Waldyf
Walding	Walding, Waldyng
Waldren	Waldren
Waleckeson	Waleckeson, Walleckeson
Waleden	Waleden, Walleden
Waledoun	Waledoun
Walefal	Walefal, Wallefall
Walei	Walei, Waley, Wallei, Walley
Waleintin	Waleintin, Waleyntyn
Waleis	Waleis, Waleys, Walleys
Walen	Walen, Wallen
Waler	Waler, Waller, Wallere
Waleres	Waleres, Waleresse
Walert	Walert
Wales	Wales, Walles
Walesbi	Walesbi, Walesby
Waleson	Waleson, Walesson, Wallesson
Walet	Walet
Waleter	Waleter
Waleworth	Waleworth, Walleworth
Walexson	Walexson, Wallexson
Walez	Walez
Walfam	Walfam
Walgrav	Walgrav, Walgrave
Wali	Wali, Walie, Walli, Wallie
Walices	Walices, Wallices
Walik	Walik, Wallyk, Walyk
Walin	Walin, Walyn
Waling	Waling, Wallyng
Waliro	Waliro
Walis	Walis, Wallis, Wallys, Walys
Walison	Walison, Walisson, Wallison, Wallyson
Walk	Walk, Walke
Walkaden	Walkaden, Walkeden
Walkadin	Walkadin, Walkadine
Walkar	Walkar
Walkarden	Walkarden
Walkden	Walkden
Walkelin	Walkelin, Walkelyn
Walkemer	Walkemer
Walkemil	Walkemil, Walkemyll
Walken	Walken
Walkenden	Walkenden, Walkendene
Walkendin	Walkendin, Walkendine
Walker	Walker, Wallker
Walkesin	Walkesin, Walkesyn
Walkier	Walkier
Walkin	Walkin, Walkyn
Walkington	Walkington, Walkyngton
Walkins	Walkins, Walkyns
Walkot	Walkot, Walkote
Wallman	Wallman, Walman
Wallo	Wallo, Walo
Wallope	Wallope, Walop
Wallson	Wallson, Walsin, Walsine, Walson, Walsson
Walmer	Walmer, Walmere
Walnot	Walnot
Walrad	Walrad, Walrade
Walram	Walram
Walraven	Walraven
Walravonshir	Walravonshir, Walravonshire
Walrik	Walrik, Walryk
Walrof	Walrof, Walroffe
Walron	Walron
Walsch	Walsch, Walsche, Walsh, Walshe, Walssh, Walsshe
Walshaw	Walshaw, Walshawe
Walsheman	Walsheman, Walssheman
Walsheworth	Walsheworth
Walshman	Walshman, Walsshman
Walsingham	Walsingham, Walsyngham
Walsinham	Walsinham, Walsynham
Walskart	Walskart
Walskot	Walskot, Walskott
Walskrat	Walskrat, Walskrate
Walt	Walt
Waltar	Waltar, Walter, Waltere, Waltter, Waulter
Walteri	Walteri, Waltery, Waulteri
Walterie	Walterie, Walterye
Waltero	Waltero, Waultero
Walters	Walters, Waulters
Walterskot	Walterskot
Walterson	Walterson, Waltersson, Waulterson
Walterum	Walterum, Waltirum
Walteskort	Walteskort
Waltham	Waltham
Waltir	Waltir, Waltyr
Waltiri	Waltiri, Waultirii
Waltiro	Waltiro
Walton	Walton, Waulton
Waltson	Waltson
Walut	Walut, Walute, Waulet, Waulett
Walwen	Walwen
Walwich	Walwich, Walwiche
Walwin	Walwin, Walwyn
Walworth	Walworth
Wambie	Wambie
Wambil	Wambil, Wambylle
Wamil	Wamil, Wammyll, Wammylle
Wamstech	Wamstech
Wan	Wan, Wanne
Wand	Wand, Wande
Wander	Wander, Wondr
Wandershil	Wandershil, Wandershill
Wanderstret	Wanderstret
Wandesford	Wandesford, Wandesforde, Wandisford, Wandisforde
Wandiford	Wandiford, Wandyfford
Wandison	Wandison, Wandisson
Wandop	Wandop, Wandoppe
Wanekin	Wanekin, Wannekyn
Wanes	Wanes, Wannes
Wanesford	Wanesford, Wannesford
Wanesworth	Wanesworth, Wannesworth
Wanford	Wanford
Wang	Wang
Wanger	Wanger
Wangfford	Wangfford, Wangford
Wangraf	Wangraf, Wangraffe
Wanhow	Wanhow
Wank	Wank, Wanke
Wankford	Wankford
Wanscor	Wanscor, Wanscore
Wanseford	Wanseford
Want	Want
Wantful	Wantful, Wantfull
Wantin	Wantin
Wantofil	Wantofil, Wantofyll
Wanton	Wanton
Wapam	Wapam, Wappam
Wapham	Wapham
Waplod	Waplod, Waplode
War	War, Ware, Warr, Warre
Wara	Wara, Warra
Warat	Warat, Warrat
Warbilton	Warbilton
Warbulton	Warbulton
Warcop	Warcop, Warcope, Warcopp, Warcoppe, Warcup, Warcupe, Warcupp, Warcuppe, Warkop, Warkopp
Warcopi	Warcopi, Warcoppi
Ward	Ward, Warde, Woerd
Wardal	Wardal, Wardale, Wardall, Wardalle
Wardas	Wardas
Wardehous	Wardehous, Wardehouse
Wardel	Wardel, Wardele, Wardell, Wardelle
Warden	Warden, Wardon
Wardin	Wardin, Wardyn
Wardington	Wardington, Wardyngton
Wardrop	Wardrop, Wardrope
Warebek	Warebek, Warebeke
Warei	Warei, Warey
Warein	Warein, Wareyn, Wareyne
Wareing	Wareing, Wareyng, Waring, Waringe, Warryng, Waryng, Wearing, Wearinge, Wering, Weringe, Werrynge, Weryng, Werynge
Waren	Waren, Warene, Warren, Warrene
Warendorp	Warendorp
Warener	Warener, Warrener
Warenthorp	Warenthorp, Warenthorpe, Warenthorpp
Wareso	Wareso, Waresso
Wareson	Wareson
Warewik	Warewik, Warrewyk
Warfeld	Warfeld, Warfelde, Warfelld
Warfield	Warfield
Warfild	Warfild, Warfilde, Warfyld
Warfold	Warfold, Warfolde
Warger	Warger
Wargham	Wargham
Wariel	Wariel, Wariele
Waril	Waril, Warille, Weral, Werall, Weralle, Werel, Werelle
Warin	Warin, Warryn, Waryn
Warindorp	Warindorp
Wariner	Wariner
Warinson	Warinson, Warynsson
Warinthorp	Warinthorp, Warinthorpe, Warinthorpp, Warinthorppe, Warynthorp, Warynthorpe, Warynthorppe
Wark	Wark, Warke
Warkham	Warkham
Warleman	Warleman
Warm	Warm, Warme
Warman	Warman
Warmarman	Warmarman
Warmenton	Warmenton, Warminton, Warmynton
Warmington	Warmington, Warmyngton
Warmot	Warmot, Warmote
Warmouth	Warmouth, Warmouthe
Warneck	Warneck, Warnecke, Warnek, Warneke
Warneckei	Warneckei, Warneckey
Warneckein	Warneckein, Warneckeyn
Warnekei	Warnekei, Warnekey
Warneken	Warneken
Warnekin	Warnekin, Warnekyn
Warner	Warner, Warnere, Warnour, Warnoure, Warnr, Warnre, Worner
Warnes	Warnes
Warnick	Warnick, Warnik
Warot	Warot, Warrott
Warplington	Warplington, Warplyngton
Wart	Wart, Warte
Wartee	Wartee
Warter	Warter
Warterbergh	Warterbergh
Warto	Warto
Warton	Warton, Wharton
Warvin	Warvin
Warwick	Warwick, Warwicke, Warwik, Warwike, Warwyk
Warwolf	Warwolf, Warwolff
Wasch	Wasch, Wassch
Wasco	Wasco
Wascus	Wascus
Wasenbergh	Wasenbergh, Wassenbergh
Wash	Wash, Wassh
Washborn	Washborn, Washeburn, Wasshborne, Wassheburne
Washer	Washer, Wassher, Wassur, Wassure, Wasur
Washington	Washington, Wasshyngton
Washinton	Washinton, Wasshynton
Wasil	Wasil, Wasill
Wasinbergh	Wasinbergh, Wassynbergh
Wask	Wask, Waske
Wason	Wason
Wastelen	Wastelen
Wastelin	Wastelin, Wastelyn
Waster	Waster
Wat	Wat, Watt, Watte
Wateford	Wateford, Watteford
Water	Water, Watter, Waughter
Waterfal	Waterfal, Waterfale
Waterford	Waterford
Waterland	Waterland, Waterlande
Waterlond	Waterlond, Waterlonde
Waterman	Waterman
Waters	Waters
Waterson	Waterson, Watersson, Waughterson, Waughtersson, Woughterson, Woughtersson
Waterton	Waterton
Wates	Wates, Wattes
Watford	Watford
Wathen	Wathen
Watier	Watier, Watyer
Watir	Watir, Watyr
Watirscot	Watirscot
Watirson	Watirson
Watis	Watis, Wattis, Wattys
Watison	Watison, Wattysson
Watkin	Watkin, Watkyn
Watkins	Watkins, Watkyns, Wattkyns
Watlington	Watlington, Watlyngton, Watlyngtone
Waton	Waton, Watton
Watson	Watson, Wattson
Watsoun	Watsoun, Watsoune
Waulkeden	Waulkeden
Waulker	Waulker
Wauteri	Wauteri
Wauterson	Wauterson, Wautersson
Wavel	Wavel, Wavell
Waver	Waver
Waversoi	Waversoi, Waversoy
Waweman	Waweman
Wawton	Wawton
Wdal	Wdal, Wdalle
We	We, Wee, Weie, Weye, Wi, Wie, Wy, Wye
Web	Web, Webb, Webbe, Webe
Webbekyn	Webbekyn, Webekin
Webber	Webber, Weber
Webbikyn	Webbikyn, Webikin
Webkin	Webkin, Webkyn
Webstar	Webstar
Webster	Webster
Wed	Wed
Wedal	Wedal, Wedalle
Wedard	Wedard, Wedarde
Wedeling	Wedeling, Wedelyng
Wederik	Wederik
Weding	Weding, Wedyng
Wedinghous	Wedinghous, Wedynghous
Wedington	Wedington, Wedyngton
Wedir	Wedir
Wednisdai	Wednisdai, Wednysday
Wedon	Wedon
Wedort	Wedort
Wedoun	Wedoun
Wedwel	Wedwel, Wedwell
Weeb	Weeb, Weebe
Wegar	Wegar, Wegare
Wegars	Wegars
Weger	Weger, Wigar, Wigarre, Wygar, Wygarre
Wegerson	Wegerson
Wegh	Wegh, Weghe
Weghen	Weghen
Weght	Weght, Weghte, Wet, Wete, Whet, Whete, Whetewei, Whetewey
Wehit	Wehit, Wehyt
Weiard	Weiard, Weyarde
Weibek	Weibek, Weybek
Weibergh	Weibergh, Weybergh
Weid	Weid, Weyde
Weidens	Weidens, Weydens
Weidnard	Weidnard, Weydnard
Weier	Weier, Weyer
Weifeier	Weifeier, Weyfeyer
Weigar	Weigar, Weygar, Wiger, Wigger, Wyger, Wygger
Weigth	Weigth, Weygth
Weikel	Weikel, Weykell
Weil	Weil, Weyle
Weiland	Weiland, Weyland
Weilond	Weilond, Weylond
Weimoth	Weimoth, Weymoth, Weymothe
Weimowth	Weimowth, Weymowthe
Weinbergh	Weinbergh, Weynbergh
Weindens	Weindens, Weyndens
Weineman	Weineman, Weyneman
Weiner	Weiner, Weyner
Weinet	Weinet, Weynet
Weisinger	Weisinger, Weysinger
Weison	Weison, Weysone, Wison, Wisson, Wysson
Weit	Weit, Weyte, Wheit, Wheite, Whight, Whyght, Wight, Wyght
Weitehed	Weitehed, Weytehed, Whitehed, Whytehed, Whytehede
Weith	Weith, Weyth, Weythe, Whith, Whyth
Weiwik	Weiwik, Weywyk
Wek	Wek, Weke, Wick, Wik, Wike, Wyck, Wyk, Wyke
Wekard	Wekard
Wekes	Wekes
Wel	Wel, Wele, Well, Welle
Welbeck	Welbeck, Welbecke, Welbek, Welbeke, Wellbek
Welborn	Welborn, Welborne, Welbourn, Welbourne, Welburn, Welburne
Welch	Welch, Welche, Welsh, Welshe, Welsshe
Weld	Weld, Welde
Welden	Welden, Weldon, Wellden
Welecom	Welecom, Welecome
Welei	Welei, Welley, Whalei, Whalley
Welen	Welen, Wellen
Weler	Weler, Weller, Whelar, Wheler
Weles	Weles, Welles
Welesdon	Welesdon, Wellesdon
Weleworth	Weleworth, Welleworth
Welez	Welez, Wellez
Welfar	Welfar, Welfare
Welforth	Welforth
Weli	Weli, Welly, Wely
Weliam	Weliam, Welliam, Wellyam
Welin	Welin, Welyn
Weling	Weling, Wellyng
Welingbergh	Welingbergh, Welyngbergh
Welinghof	Welinghof, Welynghof
Welinow	Welinow, Welynowe
Welis	Welis, Wellis, Wellys, Welys
Welk	Welk, Welke
Wellshere	Wellshere, Welser, Welsher
Wellwin	Wellwin, Welwin
Wellz	Wellz, Welz
Welsar	Welsar
Welsdon	Welsdon, Welsdone
Welshot	Welshot, Welshote
Welsolsei	Welsolsei, Welsolsey
Welson	Welson
Weltden	Weltden, Weltdon
Welth	Welth, Welthe
Welton	Welton
Wembel	Wembel, Wemmbelle
Wembil	Wembil, Wembyll, Wembylle
Wemel	Wemel, Wemmelle
Wemeling	Wemeling, Wemelyng
Wemil	Wemil, Wemmylle
Wenaunt	Wenaunt
Wend	Wend, Wende
Wendal	Wendal, Wendalle
Wender	Wender
Wendi	Wendi, Wendy
Wendon	Wendon
Wenebank	Wenebank, Wenebanke
Wenebergh	Wenebergh
Weneman	Weneman, Wenman, Wenneman
Wenergan	Wenergan
Wenerton	Wenerton
Wenford	Wenford
Wenik	Wenik, Wennyke
Wening	Wening, Wennyng
Wenk	Wenk
Wennok	Wennok, Wenok
Wenslow	Wenslow, Wenslowe
Wenst	Wenst, Wenste
Wenston	Wenston
Went	Went, Wente, Wentt, Wentte
Wenteford	Wenteford
Wentering	Wentering, Wenteryng
Wentfford	Wentfford, Wentford
Wentfort	Wentfort
Wentforth	Wentforth, Wentforthe
Wenthorp	Wenthorp
Wentsor	Wentsor
Wentworth	Wentworth, Wentworthe
Wepener	Wepener, Weppener
Wer	Wer, Were, Wir, Wyre
Werd	Werd, Werde, Word, Worde
Werden	Werden
Werdera	Werdera, Werderra
Werdin	Werdin, Werdyn
Weri	Weri, Wery, Wheri, Whery
Werington	Werington, Weryngton
Werkeman	Werkeman
Werkin	Werkin, Werkyn, Werkyne
Werkinges	Werkinges, Werkynges
Werlei	Werlei, Werley, Worlei, Worley, Wurlei, Wurley
Werleman	Werleman, Wherleman
Wermarman	Wermarman, Wormarman
Werner	Werner
Werok	Werok, Werrokk
Wert	Wert, Werte
Werterbergh	Werterbergh
Werv	Werv, Werve
Werwarman	Werwarman
Wes	Wes
Wescot	Wescot, Wescotte
Weseil	Weseil, Wesseill
Wesel	Wesel, Wesele, Wesell, Weselle, Wessele, Wessell, Wesselle
Weselo	Weselo
Weselow	Weselow, Wesselowe
Weselson	Weselson, Wesselsson
Wesenbeck	Wesenbeck, Wesenbek, Wesenbeke
Wesens	Wesens
Wesil	Wesil, Wesill, Wesille, Wessille, Wessylle, Wesyll, Wesylle
Wesinbeck	Wesinbeck, Wesynbeck
Weslo	Weslo
Wesondbeck	Wesondbeck
West	West, Weste
Westarn	Westarn, Westarne, Western, Westerne, Westorn, Westorne, Westurn
Westbi	Westbi, Westby
Westburi	Westburi, Westbury
Westcabl	Westcabl, Westcable
Westclif	Westclif, Westcliff, Westclyff
Westeclif	Westeclif, Westeclyff, Westeclyffe
Wested	Wested, Westede
Westelow	Westelow, Westelowe
Westend	Westend, Westende
Westenscow	Westenscow, Westenscowe
Wester	Wester
Westeren	Westeren, Westren, Westron, Whesteren
Westerfeld	Westerfeld, Westerfelld
Westerfild	Westerfild
Westerford	Westerford
Westerhold	Westerhold
Westerholt	Westerholt, Westerholte
Westernes	Westernes, Westerns
Westerones	Westerones
Westeval	Westeval, Westevale
Westfal	Westfal, Westfale, Westfalle, Westfel, Westfelle
Westfalin	Westfalin, Westfalyn
Westfeld	Westfeld
Westgat	Westgat, Westgate
Westget	Westget
Westham	Westham
Westimer	Westimer
Westirholt	Westirholt
Westlaw	Westlaw
Westmonasterium	Westmonasterium
Westmor	Westmor, Westmore
Weston	Weston, Westone
Westonscow	Westonscow, Westonscowe
Westoren	Westoren
Westorgrenested	Westorgrenested, Westorgrenestede
Westorns	Westorns
Westow	Westow
Westran	Westran
Westrans	Westrans
Westrons	Westrons
Westscow	Westscow, Westscowe
Westval	Westval, Westvale, Westvalle
Westvalin	Westvalin, Westvalyn
Westwal	Westwal, Westwale
Westwod	Westwod, Westwode
Westwood	Westwood, Westwoode
Weten	Weten, Wetten
Weter	Weter
Weth	Weth, Wethe
Wethei	Wethei, Wethey
Wether	Wether, Whether, Whethir, Whethyr
Wetheral	Wetheral, Wetherall
Wetherard	Wetherard
Wetherisfeld	Wetherisfeld, Wetherisfelde, Wetherysfeld, Whetherisfeld
Wetherpol	Wetherpol, Wetherpole
Wethers	Wethers
Wetherton	Wetherton
Wethi	Wethi, Wethie, Wethy, Wethye
Wethil	Wethil, Wethill
Wethin	Wethin
Wethipol	Wethipol, Wethipoll, Wethypoll
Wethipoul	Wethipoul, Wethipoulle
Wethir	Wethir
Wethow	Wethow
Wethresfeld	Wethresfeld
Wetinard	Wetinard, Wetynard
Wetinbek	Wetinbek, Wetynbek
Weting	Weting, Wetyng
Wetrisfeld	Wetrisfeld, Wetrysfeld
Wever	Wever, Wevere
Wewik	Wewik, Wewike
Whal	Whal, Whall, Whalle
Whaler	Whaler, Whaller
Whaplod	Whaplod, Whaplode
Wharf	Wharf
Whatman	Whatman
Whaton	Whaton, Whatton
Whehil	Whehil, Whehille
Wheight	Wheight
Wheith	Wheith, Wheithe
Whelemaker	Whelemaker
Whelmington	Whelmington, Whelmyngton
When	When, Whene
Whetacr	Whetacr, Whetacre
Whetbrok	Whetbrok, Whetbroke
Wheteacr	Wheteacr, Wheteacre
Whetecroft	Whetecroft
Whetehil	Whetehil, Whetehill, Whetehille, Whetehyll, Whetehylle
Whetel	Whetel, Whetele, Whetell, Whetelle, Whetil, Whetill, Whettelle, Whetyll, Whetylle
Whetelei	Whetelei, Wheteley
Whetelok	Whetelok
Whetenbek	Whetenbek, Whetenbeke
Whetenbergh	Whetenbergh
Whetfild	Whetfild
Whethed	Whethed
Whethel	Whethel, Whethell, Whethelle, Whethul, Whethulle
Whetherslain	Whetherslain, Whetherslayn
Whethil	Whethil, Whethill, Whethille, Whethyll, Whethylle
Whethod	Whethod, Whetthod
Whetinbergh	Whetinbergh, Whetynbergh
Whetington	Whetington, Whetyngton
Whetinstal	Whetinstal, Whetynstalle
Whetlei	Whetlei, Whetley
Wheton	Wheton
Whetwei	Whetwei, Whetwey
Which	Which, Whiche, Whyche, Wich, Wiche, Wycch, Wycche, Wych, Wyche
Whightstard	Whightstard
Whigt	Whigt
Whiherling	Whiherling, Whiherlyng, Whyherlyng
Whihorling	Whihorling, Whyhorlyng
Whiler	Whiler, Whiller
Whilons	Whilons
Whinandeson	Whinandeson, Whynandesson
Whip	Whip, Whipe
Whipefeld	Whipefeld, Whipefelde, Wipefeld, Wipefelde
Whipek	Whipek, Whippek
Whipekin	Whipekin, Whyppekyn
Whipfeld	Whipfeld, Whipfelde, Wipfeld, Wipfelde, Wypfeld, Wypfelde
Whipfold	Whipfold
Whipkin	Whipkin, Whipkyn, Whypkyn
Whipsild	Whipsild, Whypsylde
Whisewiler	Whisewiler, Whisewiller, Whissewiller
Whiskins	Whiskins, Whiskyns
Whiso	Whiso, Whyso, Wiso, Wisow, Wissowe
Whistow	Whistow
Whiswheler	Whiswheler, Whyswheler, Wiswheler, Wyswheler
Whit	Whit, White, Whitt, Whitte, Whyt, Whyte, Whytt, Whytte, Wiht, Wit, Witt, Witte, Wyht, Wyt, Wyte, Wytt, Wytte
Whitbel	Whitbel, Whitbelle
Whitbi	Whitbi, Whytby
Whitborough	Whitborough
Whitbred	Whitbred, Whitbrede, Whytbred
Whitbrok	Whitbrok, Whitbroke
Whitbrook	Whitbrook, Whitbrooke
Whitchirch	Whitchirch, Whitchirche
Whitchurch	Whitchurch, Whitchurche, Whytchurche
Whitclif	Whitclif, Whitclyfe
Whitebred	Whitebred, Whytebrede
Whitebrok	Whitebrok, Whitebroke
Whitebrook	Whitebrook, Whitebrooke
Whitechurch	Whitechurch, Whitechurche
Whitehod	Whitehod, Whitehode
Whitehood	Whitehood
Whitelok	Whitelok
Whitelowk	Whitelowk, Whitelowke
Whites	Whites
Whitescapil	Whitescapil, Whytescapill
Whiteson	Whiteson, Whitesson, Witeson, Wittesson
Whitetop	Whitetop, Whytetop, Whytetopp
Whitewel	Whitewel, Whitewell, Whitewelle, Whytewell, Whytewelle, Whyttewell, Witewel, Wytewell
Whitfeld	Whitfeld, Whytfeld, Witfeld
Whitffyld	Whitffyld, Whitfild, Whitfyld
Whitfot	Whitfot, Whitfote
Whithed	Whithed, Whithede, Whythed, Whythedd, Whythedde, Whythede, Withed, Wythed
Whitheed	Whitheed
Whither	Whither, Wither, Wyther
Whithie	Whithie, Whythye
Whithipol	Whithipol, Whithipolle, Whythypole
Whithod	Whithod, Whithode
Whithofd	Whithofd
Whithoved	Whithoved
Whitilberi	Whitilberi, Whitylbery
Whitinbek	Whitinbek, Whittinbek, Whitynbeke, Witenbek, Wytenbek
Whiting	Whiting, Whityng, Whytyng
Whitingham	Whitingham, Whittingham, Whittyngham, Whityngham, Whytyngham, Witingham, Wittingham, Wittyngham, Wyttingham
Whitingoun	Whitingoun, Whittyngoun
Whitington	Whitington, Whittington, Whityngton, Whytington, Whytyngton, Witington, Wytyngton
Whitinstal	Whitinstal, Whitynstalle
Whitlock	Whitlock, Whitlok, Whitloke, Whytlock, Whytlocke, Whytlok
Whitman	Whitman
Whitmer	Whitmer, Whitmere, Whitmor, Whitmore, Whytmore, Witmor, Wytmore
Whitnei	Whitnei, Whitney
Whiton	Whiton, Whyton, Witon, Witton, Wyton
Whitsho	Whitsho, Whytsho
Whitsild	Whitsild, Whytsylde
Whitstart	Whitstart, Whytstart
Whitwai	Whitwai, Whitway
Whitwei	Whitwei, Whitwey
Whitwel	Whitwel, Whitwell, Whytwell
Whoard	Whoard
Whorm	Whorm, Whorme
Whotel	Whotel, Whotele
Wiard	Wiard, Wyard, Wyarde
Wiarson	Wiarson, Wyarson
Wiat	Wiat, Wiatt, Wyat, Wyate, Wyatt
Wibarn	Wibarn, Wybarne
Wibern	Wibern, Wybern
Wibrand	Wibrand, Wybrand
Wibrandeson	Wibrandeson, Wybrandesson
Wibrandison	Wibrandison, Wybrandyson
Wibrond	Wibrond, Wybrond
Wicam	Wicam, Wikam, Wycam, Wykam
Wichipol	Wichipol, Wichipole
Wickedie	Wickedie, Wickedye
Wickedin	Wickedin, Wickedyn
Wicken	Wicken
Wickert	Wickert, Wyckert
Wickward	Wickward
Wid	Wid
Widburi	Widburi, Wydbury
Widdecombe	Widdecombe, Widecomb, Wyddecombe, Wydecombe
Widden	Widden, Widen
Widdik	Widdik, Widik
Widecoumb	Widecoumb, Wydecoumbe
Wider	Wider, Wyder
Widerik	Widerik
Widford	Widford
Widilburs	Widilburs, Wydilburse
Widilbusk	Widilbusk, Wydylbuske
Widington	Widington
Widmel	Widmel, Widmell
Widmol	Widmol, Widmoll
Widnel	Widnel, Widnell, Wydnell
Wiel	Wiel, Wiele, Wiell, Wil, Wile, Will, Wille, Wyle, Wylle
Wielomson	Wielomson, Wilamson, Wilhamson, Wiliameson, Willamson, Willhamson, Williamesson, Willyamesson, Wyellomson, Wyllamson, Wyllyamesson
Wien	Wien, Win, Wyen, Wyn, Wyne, Wynne
Wier	Wier, Wiere, Wyer
Wiercop	Wiercop, Wiercoppe
Wies	Wies, Wyes
Wiet	Wiet, Wyet, Wyett
Wifard	Wifard, Wyfard
Wifeman	Wifeman
Wifeton	Wifeton, Wyfeton
Wiflet	Wiflet, Wyflete
Wifold	Wifold, Wyffold, Wyfold, Wyfolde
Wiford	Wiford, Wyford
Wifring	Wifring, Wyfring, Wyfrynge
Wig	Wig, Wigge, Wyg, Wygg, Wygge
Wigam	Wigam
Wigard	Wigard
Wigardeson	Wigardeson, Wygardesson
Wigardson	Wigardson, Wygardson
Wigars	Wigars, Wygars
Wigarson	Wigarson, Wygarson
Wigen	Wigen, Wigon, Wygen
Wigers	Wigers, Wygers, Wyggers
Wigerson	Wigerson, Wyggerson, Wyggersson
Wiges	Wiges, Wygges
Wiggins	Wiggins, Wigins
Wighard	Wighard, Wyghard
Wightman	Wightman, Wyghtman
Wigin	Wigin, Wygyn
Wigmer	Wigmer, Wigmere, Wigmor, Wyggmore, Wygmer, Wygmere, Wygmore
Wignal	Wignal, Wygnall
Wignel	Wignel, Wygnell
Wigston	Wigston, Wigstone, Wygston, Wygstone
Wigth	Wigth, Wygth, Wygthe
Wikard	Wikard, Wykard
Wikargam	Wikargam
Wiked	Wiked, Wykked, Wykkede
Wiken	Wiken, Wyken
Wikerson	Wikerson, Wykersson
Wikes	Wikes, Wykes
Wikhurst	Wikhurst, Wykhurst
Wiking	Wiking, Wikyng, Wikynge, Wyking, Wykinge, Wykyng, Wykynge
Wikis	Wikis, Wikys, Wykys
Wikman	Wikman
Wikwik	Wikwik, Wykwyke
Wilai	Wilai, Willay
Wilam	Wilam, Wyllam
Wilams	Wilams, Willams
Wilap	Wilap, Willape
Wilard	Wilard, Willard, Willarde
Wilas	Wilas, Willas
Wilaston	Wilaston, Wylaston, Wyllaston
Wilat	Wilat, Wyllat
Wilb	Wilb
Wilbek	Wilbek, Wylbek
Wilberd	Wilberd, Wilberde
Wilberdson	Wilberdson
Wilbert	Wilbert
Wilbertison	Wilbertison, Wilbertisson
Wilbertson	Wilbertson
Wilbord	Wilbord, Wylbord
Wilbordson	Wilbordson
Wilbort	Wilbort, Wylborte
Wilborteson	Wilborteson, Wilbortesson
Wilbortson	Wilbortson, Wilbortsson
Wilbrandeson	Wilbrandeson, Wilbrandesson
Wilbrant	Wilbrant
Wilbrard	Wilbrard
Wilbright	Wilbright
Wilbrord	Wilbrord
Wilburchen	Wilburchen
Wilchier	Wilchier, Wylchier
Wilckes	Wilckes, Wilkes, Willckes, Wylckes, Wylkes
Wilcock	Wilcock, Wilcok, Wilcokke, Willcock, Willcok, Wylcok
Wilcockes	Wilcockes, Wilcokes, Wilcokkes, Wilkokes, Willcokes, Wylcockes, Wylcokes, Wylkokes, Wyllcokes
Wilcox	Wilcox, Wilcoxe, Wilkockes, Wilkox, Wilkoxe, Wylcox, Wylkockes, Wylkox
Wild	Wild, Wilde, Wyld, Wylde
Wildank	Wildank, Wildanke, Wyldank, Wyldanke
Wildaunk	Wildaunk, Wyldaunke
Wilden	Wilden, Wylden, Wyldene
Wilder	Wilder, Wylder
Wildes	Wildes, Wyldes
Wilebi	Wilebi, Willeby, Wylleby
Wilebordeson	Wilebordeson, Willebordeson
Wilecok	Wilecok, Willecok
Wileden	Wileden, Willeden
Wileford	Wileford, Willeford
Wilei	Wilei, Willey, Wylley
Wileie	Wileie, Willeye
Wilekin	Wilekin, Willekyn, Wyllekyn
Wilel	Wilel, Willel
Wilellmo	Wilellmo, Wilelmo, Willellmo, Willelmo, Wyllelmo
Wilelm	Wilelm, Willelm
Wilelmeson	Wilelmeson, Willelmesson
Wilelmi	Wilelmi, Willellmi, Willelmi, Wyllelmi
Wilelmum	Wilelmum, Willelmum
Wilelmus	Wilelmus, Willelmus
Wilemas	Wilemas, Willemas
Wilemi	Wilemi, Willemi
Wilemo	Wilemo, Willemo
Wilen	Wilen, Willen
Wilerikeson	Wilerikeson, Willerikesson
Wiles	Wiles, Willes, Wylles
Wilesden	Wilesden, Willesden
Wilesdon	Wilesdon, Willesdon
Wileskin	Wileskin, Willesskyn
Wileson	Wileson
Wilet	Wilet, Willett, Wyllett
Wilfard	Wilfard, Wilfford, Wilfforde, Wilford, Wilforde, Willfford, Willford, Willforde, Wylfford, Wylford, Wylforde, Wyllford, Wyllforde
Wilforson	Wilforson, Wylforson
Wilforth	Wilforth
Wilfrid	Wilfrid, Willfrid
Wilhat	Wilhat, Wilhatt
Wilhelmo	Wilhelmo
Wilholt	Wilholt
Wilhous	Wilhous, Wilhouse
Wili	Wili, Wilie, Willi, Willie, Willy, Willye, Wylly, Wyllye
Wilial	Wilial, Willyall
Wiliam	Wiliam, William, Williame, Willyam, Willyame, Wylliam, Wyllyam, Wyllyame
Wiliambrodson	Wiliambrodson, Williambrodson
Wiliamison	Wiliamison, Willyamysson
Wiliamot	Wiliamot, Willyammote
Wiliams	Wiliams, Williams, Willyams, Wylliams
Wiliamson	Wiliamson, Wiliamsson, Williamson, Williamsone, Williamsson, Willyamson, Willyamsson, Wyliamson, Wylliamson, Wyllyamson
Wiliamsoun	Wiliamsoun, Williamsoune
Wiliat	Wiliat, Williat, Willyat
Wilib	Wilib, Willibe
Wilibord	Wilibord, Willyborde
Wilibrod	Wilibrod, Willibrod, Willybrod
Wilibrond	Wilibrond, Willibrond
Wiliburchen	Wiliburchen, Williburchen
Wilimson	Wilimson, Willymson
Wilin	Wilin, Wyllyn
Wiling	Wiling, Willinge, Willyng
Wilingam	Wilingam, Willingam
Wilingham	Wilingham, Willingham, Willyngham
Wilinghoft	Wilinghoft, Willinghoft
Wilington	Wilington, Willyngton, Wyllyngton
Wiliot	Wiliot, Williot, Willyot
Wilis	Wilis, Willis, Wyllis, Wyllys
Wilisdon	Wilisdon, Willisdon
Wilisin	Wilisin, Willysine
Wiliston	Wiliston, Wyllyston
Wilit	Wilit, Willitt
Wilk	Wilk, Wilke
Wilkenson	Wilkenson
Wilkeson	Wilkeson
Wilkin	Wilkin, Wilkyn, Wylkyn
Wilkineson	Wilkineson, Wilkynnesson
Wilkingham	Wilkingham
Wilkins	Wilkins, Wilkyns, Wylkyns
Wilkinson	Wilkinson, Wilkynson, Wylkynson
Wilkis	Wilkis, Wilkys
Wilkoc	Wilkoc, Wilkock, Wilkocke, Wilkok, Wylkoc, Wylkock
Willmhowe	Willmhowe, Wilmhow
Willmot	Willmot, Wilmot, Wilmott, Wilmotte, Wylmot, Wylmote, Wylmott
Willott	Willott, Willotte, Wilot
Willowes	Willowes, Wilowes
Willson	Willson, Wilsin, Wilsine, Wilson, Wilsone, Wilsson, Wyllson, Wylson, Wylsson
Willsoune	Willsoune, Wilsoun, Wilsoune
Willughby	Willughby, Wilughbi, Wilughby, Wylughby
Willzone	Willzone, Wilzon
Wilmer	Wilmer
Wilmerson	Wilmerson
Wiln	Wiln, Wilne, Wylne
Wilnam	Wilnam, Wyllnam
Wilowbi	Wilowbi, Wyllowby
Wilpound	Wilpound, Wylpound
Wilron	Wilron, Wilrone
Wils	Wils
Wilscher	Wilscher, Wilser, Wilsher, Wilshir, Wilshire, Wylschere, Wylshere, Wylshire
Wilsdon	Wilsdon, Wylsdone
Wilsedon	Wilsedon, Wylsedon
Wilsford	Wilsford
Wilsonis	Wilsonis, Wilsonys
Wilton	Wilton, Wyllton, Wylton
Wiltshir	Wiltshir
Wilug	Wilug, Wylug
Wiman	Wiman, Wyman
Wimard	Wimard, Wymard
Wimark	Wimark, Wimarke, Wymark, Wymarke
Wimber	Wimber, Wymber
Wimbie	Wimbie, Wymbie, Wymbye
Wimerk	Wimerk, Wymerke
Wimold	Wimold, Wymold
Wimond	Wimond, Wymond, Wymonde
Wimont	Wimont, Wymont
Wimork	Wimork, Wymork
Winal	Winal, Winale, Winall, Winalle, Winel, Winell, Wynall, Wynalle
Winald	Winald, Wynald
Winaldo	Winaldo, Wynaldo
Winallo	Winallo, Winalo, Wynallo
Winam	Winam, Wynam, Wynnam
Winand	Winand, Wynand
Winandeson	Winandeson, Wynandesson
Winando	Winando, Wynando
Winant	Winant, Wynant
Winart	Winart, Wynart
Winat	Winat, Wynatt
Winaundo	Winaundo, Wynaundo
Winaunt	Winaunt, Wynaunt
Winaw	Winaw, Wynawe
Winbargh	Winbargh, Wynbargh
Winbergh	Winbergh, Winebergh, Wynbergh, Wynnebergh
Winbi	Winbi, Winbie, Winby, Wynbie, Wynby, Wynbye
Winbush	Winbush, Wynbushe
Wincel	Wincel, Wincele
Winceler	Winceler, Winciler, Wincyler, Wynceler
Wincelir	Wincelir, Wyncelyr
Wincestr	Wincestr, Wyncestre
Wincestria	Wincestria, Wyncestria
Wincestrie	Wincestrie, Wyncestrie
Winch	Winch
Winchecomb	Winchecomb, Wynchecomb, Wynchecombe
Winchels	Winchels, Winchelse, Wynchelse, Wynchelsse
Winchelsee	Winchelsee, Winchelseie, Wynchelseye
Winchelsei	Winchelsei, Winchelsey, Wynchelsey
Winchelsie	Winchelsie, Wynchelsie
Winchelt	Winchelt, Wynchelt
Winchestr	Winchestr, Winchestre, Wynchestre
Winchestrie	Winchestrie, Wynchestrie
Winchils	Winchils, Wynchylse
Wincholt	Wincholt, Wyncholt
Winck	Winck, Wink, Wynck, Wynk, Wynke
Winckens	Winckens
Wincler	Wincler, Wyncler
Wincop	Wincop, Wyncopp
Wind	Wind, Wynd, Wynde
Windal	Windal, Windel, Wyndalle, Wyndel, Wyndell
Windam	Windam, Windham, Wyndam, Wyndham
Windank	Windank, Wyndanke
Windar	Windar, Winder, Windor, Windr, Wyndar, Wynder, Wyndorr
Windebak	Windebak, Wyndebak
Windehosen	Windehosen, Wyndehosen
Windeout	Windeout, Windout, Wyndeoute, Wyndout, Wyndoute
Windes	Windes, Wyndes
Windesor	Windesor, Wyndesor, Wyndesore
Windi	Windi, Wyndy
Windought	Windought, Wyndought
Windougth	Windougth, Wyndougth
Windouth	Windouth, Wyndouth
Windover	Windover, Wyndover
Windower	Windower, Wyndower
Windowt	Windowt, Wyndowt, Wyndowte
Windwod	Windwod, Wyndwod
Winebank	Winebank, Wynebank
Wineham	Wineham, Wynneham
Wineholt	Wineholt
Winerk	Winerk, Wynnerke
Wines	Wines, Wynes, Wynnes
Winesler	Winesler, Wynnesler
Winez	Winez, Wynnez
Winfeld	Winfeld, Wynfeld
Winflet	Winflet, Wynflett
Winfrido	Winfrido
Wing	Wing, Wyng
Wingar	Wingar, Wyngar
Wingat	Wingat, Wingate, Wingatt, Wyngate, Wyngatt
Wingen	Wingen, Wyngen, Wyngene
Winger	Winger, Wynger
Wingfild	Wingfild, Wyngffild
Winham	Winham, Wynham
Winiard	Winiard, Wynyard
Winkel	Winkel, Winkil, Winkylle, Wynkel, Wynkele, Wynkell, Wynkyl, Wynkyll, Wynkylle
Winkelman	Winkelman, Wynkelman
Winken	Winken, Wynken
Winkin	Winkin, Winkyn, Wynkin, Wynkyn
Winklow	Winklow, Wynklow
Winknei	Winknei, Wynkney
Winkop	Winkop, Wynkopp
Winold	Winold, Wynold
Winsden	Winsden
Winseler	Winseler, Wynseler
Winsencii	Winsencii
Winsent	Winsent
Winslak	Winslak, Wynslake
Winsler	Winsler, Wynsler, Wynssler
Winslor	Winslor, Wynslor
Winsloue	Winsloue
Winslow	Winslow, Wynnslow
Winson	Winson, Wynson
Winstanlei	Winstanlei, Winstanley, Wynstanley
Winstanli	Winstanli, Winstanly
Winsted	Winsted, Winstede, Wynsted
Winster	Winster, Wynster
Winston	Winston, Winstone, Wynston, Wynstone
Wint	Wint, Wynt, Wynte
Wintenberw	Wintenberw, Wyntenberwe
Wintenei	Wintenei, Winton, Wynteney
Winter	Winter, Wintr, Wynter, Wyntre
Winterbek	Winterbek, Wintirbek, Wynterbek, Wynterbeke
Winterfeld	Winterfeld, Wynterfeld
Winters	Winters, Wynters
Winthorp	Winthorp, Wynthorp
Winthrop	Winthrop, Wynthrop, Wynthrope
Wintonie	Wintonie, Wyntonie
Wintovel	Wintovel, Wyntovell
Wintrop	Wintrop, Wintroppe, Wyntrop, Wyntrope
Winwod	Winwod, Wynwod
Wiolet	Wiolet, Wyolett
Wiot	Wiot, Wyot, Wyott, Wyotte
Wipefild	Wipefild, Wipefilde
Wiper	Wiper
Wipfild	Wipfild, Wipfilde
Wipheld	Wipheld, Wypheld
Wipsel	Wipsel, Wipsell, Wipselle
Wipseld	Wipseld, Wipselde
Wiral	Wiral, Wiralle, Wirrall, Woral, Woralle, Wyrralle
Wiriot	Wiriot, Wyryot
Wirland	Wirland, Worland
Wis	Wis, Wise, Wiss, Wisse, Wys, Wyse, Wysse
Wisagai	Wisagai, Wyssagay
Wisak	Wisak
Wiscard	Wiscard, Wyscard
Wisdom	Wisdom, Wisdome, Wysdom
Wisebech	Wisebech, Wysebech, Wysebeche
Wisedom	Wisedom, Wisedome, Wysedome
Wisel	Wisel, Wyssell
Wiselow	Wiselow, Wysellow
Wiseman	Wiseman
Wiser	Wiser
Wises	Wises, Wisses, Wysses
Wiseson	Wiseson, Wisseson, Wissesson, Wyssesson
Wisewheler	Wisewheler, Wyssewheler
Wisez	Wisez, Wissez
Wisham	Wisham
Wisher	Wisher, Wissher
Wisis	Wisis, Wissis, Wyssys
Wisk	Wisk, Wysk
Wiskot	Wiskot, Wyskott
Wist	Wist, Wyste
Wistani	Wistani
Wistano	Wistano
Wisted	Wisted
Wistern	Wistern, Wysterne
Wisterns	Wisterns, Wysterns
Wistow	Wistow, Wistowe
Witeclerk	Witeclerk
Witefild	Witefild
Witekin	Witekin, Wyttekyn
Witelburi	Witelburi, Wittelbury
Witenburgh	Witenburgh, Wytenburgh
Witer	Witer, Wytter
With	With, Withe, Wyth, Wythe
Witham	Witham, Wytham
Withat	Withat
Withei	Withei, Wythey
Withepol	Withepol, Withepolle
Witherdon	Witherdon, Wytherdon
Witherpel	Witherpel, Wytherpell
Withers	Withers, Wythers
Withes	Withes, Wythes
Withger	Withger, Wythger
Withi	Withi, Withie, Withy, Wythie, Wythy, Wythye
Withial	Withial, Wythyall
Withick	Withick, Withik, Wythyck, Wythyk
Withingham	Withingham, Withyngham, Wythyngham
Withipol	Withipol, Withipolle, Withypolle
Withir	Withir, Withr, Withre, Wythir, Wythre
Withis	Withis, Wythis, Wythys
Withit	Withit, Wythyte
Witholt	Witholt, Witholte, Wytholt
Witi	Witi, Wytty
Witilburi	Witilburi, Wyttylbury
Witingam	Witingam, Wyttyngam
Witkin	Witkin, Witkyn
Witlee	Witlee, Wytlee
Witson	Witson, Witsson, Wytson, Wytsson, Wyttson
Wivald	Wivald, Wivalde, Wyvalde, Wyvallde
Wivar	Wivar, Wyvar
Wivenho	Wivenho, Wyvenho
Wivin	Wivin, Wyvyn
Wivoldes	Wivoldes
Wix	Wix, Wyx
Wixer	Wixer, Wyxer
Wixston	Wixston, Wyxstone
Wlfard	Wlfard
Wlfrano	Wlfrano
Wlp	Wlp, Wlpe
Wo	Wo
Woades	Woades
Woadlock	Woadlock, Wodelac, Wodelace
Wobank	Wobank, Wobanke
Wobd	Wobd
Wobortson	Wobortson
Wocking	Wocking, Wockyng, Wockynge
Wodard	Wodard, Wodarde
Wodbourn	Wodbourn, Wodbourne
Wodbrig	Wodbrig, Wodbryg, Wodbrygge
Wodbrug	Wodbrug, Wodbruge
Wodcok	Wodcok, Wodcoke
Woddeward	Woddeward, Wodeward, Wodewarde
Woddy	Woddy, Wodi
Wodecok	Wodecok, Wodecoke
Wodeford	Wodeford
Wodehous	Wodehous, Wodehouse
Wodehows	Wodehows, Wodehowse
Wodekoc	Wodekoc
Wodeland	Wodeland, Wodelande
Wodeles	Wodeles
Wodelez	Wodelez
Wodelond	Wodelond, Wodelonde
Woder	Woder
Woderof	Woderof, Woderofe, Woderoff
Woderov	Woderov, Woderove
Wodestok	Wodestok, Wodestoke
Wodhal	Wodhal, Wodhalle
Wodhous	Wodhous, Wodhouse, Wodhoush
Wodhows	Wodhows
Wodkok	Wodkok
Wodlas	Wodlas
Wodlef	Wodlef, Wodleffe
Wodles	Wodles
Wodlock	Wodlock, Wodlok
Wodlond	Wodlond, Wodlonde
Wodman	Wodman
Wodows	Wodows
Wodr	Wodr
Wodrof	Wodrof, Wodrofe, Wodroff, Wodroffe, Wuddrof, Wuddrofe, Wuddroff, Wudrof, Wudrofe, Wudroff, Wudroffe
Wodslei	Wodslei, Wodsley
Wodstok	Wodstok, Wodstoke
Wodward	Wodward, Wodwarde
Wogan	Wogan
Woider	Woider
Woien	Woien, Woyen
Woit	Woit, Woyte
Woking	Woking, Wokkyng, Wokkyngg
Wolborn	Wolborn, Wolborne, Wolbornne
Wolbranson	Wolbranson
Wolcockes	Wolcockes
Wolcok	Wolcok
Wold	Wold, Wolde
Wolden	Wolden
Wolei	Wolei, Wolley
Woler	Woler, Woller
Wolers	Wolers, Wollers
Wolerson	Wolerson, Wollerson
Wolf	Wolf, Wolfe, Wolff, Wolffe, Wollfe, Wollffe, Woolf, Woolfe, Wulf, Wulfe, Wullf
Wolfai	Wolfai, Wolfay
Wolfal	Wolfal, Wolfall
Wolfard	Wolfard, Wolfarde
Wolfardeson	Wolfardeson, Wolfardesson
Wolfardi	Wolfardi
Wolfardo	Wolfardo
Wolfeson	Wolfeson, Wolfesson
Wolfford	Wolfford, Wolford
Wolfin	Wolfin, Wolfyn
Wolfrano	Wolfrano
Wolfson	Wolfson
Wolhers	Wolhers
Wolis	Wolis, Wollys
Wolkos	Wolkos, Wolkose
Wollman	Wollman, Wolman
Wollwich	Wollwich, Wolwich, Wolwiche, Wolwych, Wolwyche
Wolmer	Wolmer
Wolmerston	Wolmerston
Wolslei	Wolslei, Wolsley
Wolson	Wolson
Wolstano	Wolstano
Wolston	Wolston
Wolter	Wolter, Woulter
Wolters	Wolters
Wolterson	Wolterson, Woltersson, Woulterson, Woultersson
Wolton	Wolton
Wolverston	Wolverston, Wolverstone
Wolverstond	Wolverstond
Wolverton	Wolverton
Wolveson	Wolveson, Wolvesson
Woman	Woman
Womerk	Womerk, Womerke
Wonder	Wonder
Wondir	Wondir
Wonebank	Wonebank, Wonebanke
Woo	Woo
Wood	Wood, Woodde, Woode
Woodal	Woodal, Woodall
Woodbrig	Woodbrig, Woodbrige
Woodcock	Woodcock, Woodcok, Woodcoke
Wooddy	Wooddy, Woodi, Woody
Woodecok	Woodecok
Woodehous	Woodehous, Woodehouse
Wooden	Wooden
Wooder	Wooder
Wooderof	Wooderof, Woodrof, Woodrofe, Woodroff, Woodroffe
Woodes	Woodes
Woodhows	Woodhows, Woodhowse
Woodlef	Woodlef, Woodleff
Woodlock	Woodlock, Woodlocke
Woodman	Woodman
Woodro	Woodro
Woodros	Woodros, Woodrose
Woodward	Woodward
Wooleridg	Wooleridg, Woolleridge, Woollridge, Woolridg
Woolman	Woolman
Woolsei	Woolsei, Woolsey
Woolston	Woolston
Woorland	Woorland
Wooten	Wooten, Wooton, Wuten, Wuton, Wutten
Worcestr	Worcestr, Worcestre
Worcop	Worcop, Worcoppe
Worghram	Worghram
Woring	Woring
Working	Working, Workyng
Worm	Worm, Worme
Wormal	Wormal, Wormale, Wormall
Wormerman	Wormerman
Wormes	Wormes, Wormese
Wormistr	Wormistr, Wormystre
Worowod	Worowod
Worsel	Worsel, Worsele, Worsl, Worsle
Worselei	Worselei, Worseley
Worseter	Worseter, Worsetter
Worshop	Worshop
Worskin	Worskin, Worskyn
Worslei	Worslei, Worsley
Worsted	Worsted, Worstede
Worstend	Worstend, Worstende
Worter	Worter
Worth	Worth
Worthi	Worthi
Worthington	Worthington, Worthyngton
Worting	Worting, Wortyng
Wortis	Wortis, Wortys
Wostin	Wostin, Wostyn
Wot	Wot, Wote
Wotel	Wotel, Wottell
Woterson	Woterson, Wotterson, Wowterson, Wowtersone
Wother	Wother
Woton	Woton, Wotton, Wottone
Wough	Wough
Woulf	Woulf, Woulfe
Woursman	Woursman
Wout	Wout
Wouter	Wouter, Woutr, Woutre
Wouterson	Wouterson, Woutersson
Wow	Wow, Wowe
Wowter	Wowter
Woxei	Woxei, Woxey
Wragrav	Wragrav, Wragrave
Wrak	Wrak, Wrake
Wraper	Wraper, Wrapper
Wrawton	Wrawton
Wraxel	Wraxel, Wraxelle
Wreth	Wreth, Wrethe
Wringhen	Wringhen, Wrynghen
Writel	Writel, Writell
Writen	Writen, Written
Writsa	Writsa, Wrytsa
Writsai	Writsai, Writsay, Wrytsay
Writsaie	Writsaie, Writsaye, Writtsaye, Wrytsaye, Wryttsaye
Writsal	Writsal, Writtsall, Wrytsall, Wrytsalle, Wryttsalle
Writsei	Writsei, Wrytsey, Wryttsey
Writseie	Writseie, Writsi, Wryttseye, Wryttsy
Writson	Writson, Wrytson
Wroth	Wroth, Wrothe
Wrought	Wrought
Wudderoffe	Wudderoffe, Wuderof
Wuddruf	Wuddruf, Wuddruff, Wudruf
Wuf	Wuf, Wuff
Wulbeck	Wulbeck, Wulbecke
Wulfanno	Wulfanno, Wulfano
Wulfard	Wulfard, Wulford
Wulfes	Wulfes
Wulffranno	Wulffranno, Wulffrano, Wulfranno, Wulfrano
Wulfran	Wulfran
Wulman	Wulman
Wulmer	Wulmer, Wulmere
Wulser	Wulser
Wulskart	Wulskart
Wulstano	Wulstano
Wulston	Wulston, Wulstone
Wulverston	Wulverston, Wulverstone
Wurler	Wurler
Wustin	Wustin, Wustyne
Zacar	Zacar
Zacari	Zacari, Zacary
Zacaria	Zacaria
Zacarie	Zacarie
Zacario	Zacario
Zacharia	Zacharia
Zachario	Zachario
Zachieria	Zachieria
Zakari	Zakari, Zakary
Zakaria	Zakaria, Zukaria
Zalernas	Zalernas
Zalernes	Zalernes
Zametraga	Zametraga
Zar	Zar
Zarkins	Zarkins, Zarkyns
Zaunceo	Zaunceo
Zeland	Zeland, Zelande
Zelander	Zelander
Zelandia	Zelandia
Zelandiam	Zelandiam
Zelandie	Zelandie
Zelison	Zelison
Zerikcee	Zerikcee
Zeta	Zeta
Zodo	Zodo
Zona	Zona
Zot	Zot, Zote
Zousa	Zousa, Zoussa
Zozina	Zozina
